persona,game,world,cause_of_death,jump_count,coins_collected,avg_vx,progress_ratio,route,enemies_killed,bricks_destroyed,elapsed_time
experienced,bomberman,4,Bomb,2,0,19.6,0.182,"[(48.0, 48.0), (62.9, 51.7), (77.9, 51.7), (92.8, 51.7), (107.7, 51.7), (122.7, 51.7), (137.6, 51.7), (158.1, 51.7), (174.9, 55.5), (174.9, 70.4), (173.1, 85.3), (180.5, 105.9), (184.3, 115.2), (184.3, 115.2), (184.3, 115.2), (184.3, 115.2), (184.3, 115.2), (184.3, 115.2), (184.3, 115.2), (184.3, 115.2), (184.3, 115.2), (184.3, 115.2), (184.3, 115.2), (184.3, 115.2), (184.3, 115.2), (184.3, 115.2), (184.3, 115.2), (184.3, 115.2), (184.3, 115.2), (184.3, 115.2), (184.3, 115.2), (184.3, 115.2), (191.7, 115.2), (206.7, 115.2), (212.3, 115.2), (212.3, 115.2), (212.3, 115.2), (212.3, 115.2), (212.3, 115.2), (212.3, 115.2), (212.3, 115.2), (212.3, 115.2), (212.3, 115.2), (212.3, 115.2), (212.3, 115.2), (212.3, 115.2), (212.3, 115.2), (212.3, 115.2), (212.3, 115.2), (212.3, 115.2), (212.3, 115.2), (212.3, 115.2), (212.3, 115.2), (212.3, 115.2), (212.3, 115.2), (212.3, 115.2), (212.3, 115.2), (212.3, 115.2), (212.3, 115.2), (212.3, 115.2), (212.3, 115.2)]",0,1,8.0
experienced,bomberman,4,Stuck,0,0,46.78,0.545,"[(48.0, 48.0), (62.9, 48.0), (77.9, 48.0), (92.8, 48.0), (107.7, 48.0), (122.7, 48.0), (137.6, 48.0), (152.5, 48.0), (167.5, 48.0), (182.4, 48.0), (197.3, 48.0), (212.3, 48.0), (227.2, 48.0), (242.1, 48.0), (257.1, 48.0), (272.0, 48.0), (286.9, 48.0), (301.9, 48.0), (316.8, 48.0), (331.7, 44.3), (346.7, 44.3), (361.6, 44.3), (376.5, 44.3), (391.5, 44.3), (406.4, 44.3), (421.3, 44.3), (436.3, 44.3), (436.3, 44.3), (436.3, 44.3), (436.3, 44.3), (436.3, 44.3), (436.3, 44.3), (436.3, 44.3), (436.3, 44.3), (436.3, 44.3), (436.3, 44.3), (436.3, 44.3), (436.3, 44.3), (436.3, 44.3), (436.3, 44.3), (436.3, 44.3), (436.3, 44.3), (436.3, 44.3), (436.3, 44.3), (436.3, 44.3), (436.3, 44.3), (436.3, 44.3), (436.3, 44.3), (436.3, 44.3), (436.3, 44.3), (436.3, 44.3), (436.3, 44.3), (436.3, 44.3), (436.3, 44.3), (436.3, 44.3), (436.3, 44.3), (436.3, 44.3), (436.3, 44.3), (436.3, 44.3), (436.3, 44.3), (436.3, 44.3), (436.3, 44.3), (436.3, 44.3)]",0,0,8.3
experienced,bomberman,4,Bomb,77,0,32.2,0.864,"[(48.0, 48.0), (59.2, 51.7), (74.1, 44.3), (89.1, 44.3), (104.0, 44.3), (118.9, 44.3), (133.9, 44.3), (148.8, 44.3), (163.7, 44.3), (178.7, 44.3), (193.6, 44.3), (208.5, 44.3), (223.5, 44.3), (238.4, 44.3), (253.3, 44.3), (268.3, 44.3), (283.2, 44.3), (298.1, 44.3), (313.1, 44.3), (328.0, 44.3), (342.9, 44.3), (357.9, 44.3), (372.8, 44.3), (387.7, 44.3), (402.7, 44.3), (417.6, 44.3), (432.5, 44.3), (436.3, 44.3), (436.3, 44.3), (436.3, 44.3), (436.3, 44.3), (436.3, 53.6), (436.3, 68.5), (436.3, 83.5), (436.3, 98.4), (436.3, 113.3), (436.3, 128.3), (436.3, 143.2), (436.3, 158.1), (436.3, 173.1), (436.3, 188.0), (436.3, 202.9), (436.3, 217.9), (436.3, 225.3), (436.3, 225.3), (436.3, 225.3), (436.3, 225.3), (436.3, 225.3), (436.3, 225.3), (436.3, 225.3), (436.3, 225.3), (436.3, 225.3), (436.3, 225.3), (436.3, 225.3), (436.3, 225.3), (436.3, 225.3), (436.3, 225.3), (436.3, 225.3), (436.3, 225.3), (436.3, 225.3), (436.3, 225.3), (436.3, 214.1), (436.3, 217.9), (436.3, 225.3), (436.3, 232.8), (436.3, 240.3), (436.3, 247.7), (436.3, 255.2), (434.4, 255.2), (434.4, 255.2), (434.4, 255.2), (434.4, 255.2), (434.4, 255.2), (434.4, 255.2), (434.4, 255.2), (434.4, 255.2), (434.4, 255.2), (434.4, 255.2), (434.4, 255.2), (434.4, 255.2), (434.4, 255.2), (434.4, 255.2), (434.4, 255.2), (434.4, 255.2), (434.4, 255.2), (434.4, 255.2), (434.4, 255.2), (434.4, 255.2), (434.4, 255.2), (434.4, 255.2), (434.4, 255.2)]",0,0,12.0
experienced,bomberman,4,Stuck,0,0,0.0,0.0,"[(48.0, 48.0), (48.0, 48.0), (48.0, 48.0), (48.0, 48.0), (48.0, 48.0), (48.0, 48.0), (48.0, 48.0), (48.0, 48.0), (48.0, 48.0), (48.0, 48.0), (48.0, 48.0), (48.0, 48.0), (48.0, 48.0), (48.0, 48.0), (48.0, 48.0), (48.0, 48.0), (48.0, 48.0), (48.0, 48.0), (48.0, 48.0), (48.0, 48.0), (48.0, 48.0), (48.0, 48.0), (48.0, 48.0), (48.0, 48.0), (48.0, 48.0), (48.0, 48.0), (48.0, 48.0), (48.0, 48.0), (48.0, 48.0), (48.0, 48.0), (48.0, 48.0), (48.0, 48.0), (48.0, 48.0), (48.0, 48.0), (48.0, 48.0), (48.0, 48.0), (48.0, 48.0), (48.0, 48.0)]",0,0,5.0
experienced,bomberman,4,Bomb,1,0,15.63,0.182,"[(48.0, 48.0), (62.9, 51.7), (77.9, 51.7), (92.8, 51.7), (107.7, 51.7), (122.7, 51.7), (137.6, 51.7), (158.1, 51.7), (174.9, 55.5), (180.5, 64.8), (180.5, 62.9), (180.5, 61.1), (180.5, 64.8), (180.5, 62.9), (180.5, 61.1), (180.5, 64.8), (180.5, 62.9), (180.5, 61.1), (180.5, 64.8), (180.5, 62.9), (180.5, 61.1), (180.5, 64.8), (180.5, 62.9), (180.5, 61.1), (180.5, 64.8), (180.5, 62.9), (180.5, 61.1), (180.5, 64.8), (180.5, 62.9), (180.5, 61.1), (180.5, 64.8), (180.5, 62.9), (180.5, 61.1), (180.5, 64.8), (180.5, 62.9), (180.5, 61.1), (180.5, 64.8), (180.5, 62.9), (180.5, 61.1), (180.5, 64.8), (180.5, 62.9), (180.5, 61.1), (180.5, 64.8), (180.5, 62.9), (180.5, 61.1), (180.5, 64.8), (180.5, 62.9), (180.5, 61.1), (180.5, 64.8), (180.5, 62.9), (180.5, 61.1), (180.5, 64.8), (180.5, 62.9), (180.5, 61.1), (180.5, 64.8), (180.5, 62.9), (180.5, 61.1), (180.5, 64.8), (180.5, 62.9), (180.5, 61.1), (180.5, 64.8)]",0,0,8.0
experienced,bomberman,4,Bomb,1,0,0.0,0.0,"[(48.0, 48.0), (48.0, 44.3), (48.0, 44.3), (48.0, 44.3), (48.0, 44.3), (48.0, 44.3), (48.0, 44.3), (48.0, 44.3), (48.0, 44.3), (48.0, 44.3), (48.0, 44.3), (48.0, 44.3), (48.0, 44.3), (48.0, 44.3), (48.0, 44.3), (48.0, 44.3), (48.0, 44.3), (48.0, 44.3), (48.0, 44.3), (48.0, 44.3), (48.0, 44.3), (48.0, 44.3), (48.0, 44.3), (48.0, 44.3), (48.0, 44.3), (48.0, 44.3), (48.0, 44.3), (48.0, 44.3), (48.0, 44.3), (48.0, 48.0), (48.0, 62.9)]",0,0,4.0
experienced,bomberman,4,Bomb,1,0,-0.93,0.0,"[(48.0, 48.0), (44.3, 44.3), (44.3, 44.3), (44.3, 44.3), (44.3, 44.3), (44.3, 44.3), (44.3, 44.3), (44.3, 44.3), (44.3, 44.3), (44.3, 44.3), (44.3, 44.3), (44.3, 44.3), (44.3, 44.3), (44.3, 44.3), (44.3, 44.3), (44.3, 44.3), (44.3, 44.3), (44.3, 44.3), (44.3, 44.3), (44.3, 44.3), (44.3, 44.3), (44.3, 44.3), (44.3, 44.3), (44.3, 44.3), (44.3, 44.3), (44.3, 44.3), (44.3, 44.3), (44.3, 44.3), (44.3, 44.3), (44.3, 44.3), (44.3, 44.3)]",0,0,4.0
experienced,bomberman,4,Stuck,1,0,-0.39,0.0,"[(48.0, 48.0), (44.3, 62.9), (44.3, 77.9), (44.3, 92.8), (44.3, 107.7), (44.3, 122.7), (44.3, 137.6), (44.3, 152.5), (44.3, 167.5), (44.3, 182.4), (44.3, 197.3), (44.3, 212.3), (44.3, 227.2), (44.3, 242.1), (44.3, 257.1), (44.3, 272.0), (44.3, 286.9), (44.3, 301.9), (44.3, 316.8), (44.3, 331.7), (44.3, 346.7), (44.3, 361.6), (44.3, 372.8), (44.3, 372.8), (44.3, 372.8), (44.3, 372.8), (44.3, 372.8), (44.3, 372.8), (44.3, 372.8), (44.3, 372.8), (44.3, 372.8), (44.3, 372.8), (44.3, 372.8), (44.3, 372.8), (44.3, 372.8), (44.3, 372.8), (44.3, 372.8), (44.3, 372.8), (44.3, 372.8), (44.3, 372.8), (44.3, 372.8), (44.3, 372.8), (44.3, 372.8), (44.3, 372.8), (44.3, 372.8), (44.3, 372.8), (44.3, 372.8), (44.3, 372.8), (44.3, 372.8), (44.3, 372.8), (44.3, 372.8), (44.3, 372.8), (44.3, 372.8), (44.3, 372.8), (44.3, 372.8), (44.3, 372.8), (44.3, 372.8), (44.3, 372.8), (44.3, 372.8), (44.3, 372.8), (44.3, 372.8), (44.3, 372.8), (44.3, 372.8), (44.3, 372.8), (44.3, 372.8), (44.3, 372.8), (44.3, 372.8), (44.3, 372.8), (44.3, 372.8), (44.3, 372.8), (44.3, 372.8), (44.3, 372.8)]",0,0,9.47
experienced,bomberman,4,Bomb,1,0,-0.47,0.0,"[(48.0, 48.0), (46.1, 44.3), (46.1, 44.3), (46.1, 44.3), (46.1, 44.3), (46.1, 44.3), (46.1, 44.3), (46.1, 44.3), (46.1, 44.3), (46.1, 44.3), (46.1, 44.3), (46.1, 44.3), (46.1, 44.3), (46.1, 44.3), (46.1, 44.3), (46.1, 44.3), (46.1, 44.3), (46.1, 44.3), (46.1, 44.3), (46.1, 44.3), (46.1, 44.3), (46.1, 44.3), (46.1, 44.3), (46.1, 44.3), (46.1, 44.3), (46.1, 44.3), (46.1, 44.3), (46.1, 44.3), (46.1, 44.3), (46.1, 44.3), (46.1, 44.3)]",0,0,4.0
experienced,bomberman,4,Stuck,0,0,-0.75,0.0,"[(48.0, 48.0), (44.3, 44.3), (44.3, 44.3), (44.3, 44.3), (44.3, 44.3), (44.3, 44.3), (44.3, 44.3), (44.3, 44.3), (44.3, 44.3), (44.3, 44.3), (44.3, 44.3), (44.3, 44.3), (44.3, 44.3), (44.3, 44.3), (44.3, 44.3), (44.3, 44.3), (44.3, 44.3), (44.3, 44.3), (44.3, 44.3), (44.3, 44.3), (44.3, 44.3), (44.3, 44.3), (44.3, 44.3), (44.3, 44.3), (44.3, 44.3), (44.3, 44.3), (44.3, 44.3), (44.3, 44.3), (44.3, 44.3), (44.3, 44.3), (44.3, 44.3), (44.3, 44.3), (44.3, 44.3), (44.3, 44.3), (44.3, 44.3), (44.3, 44.3), (44.3, 44.3), (44.3, 44.3)]",0,0,5.0
experienced,bomberman,4,Bomb,77,0,32.2,0.864,"[(48.0, 48.0), (59.2, 51.7), (74.1, 44.3), (89.1, 44.3), (104.0, 44.3), (118.9, 44.3), (133.9, 44.3), (148.8, 44.3), (163.7, 44.3), (178.7, 44.3), (193.6, 44.3), (208.5, 44.3), (223.5, 44.3), (238.4, 44.3), (253.3, 44.3), (268.3, 44.3), (283.2, 44.3), (298.1, 44.3), (313.1, 44.3), (328.0, 44.3), (342.9, 44.3), (357.9, 44.3), (372.8, 44.3), (387.7, 44.3), (402.7, 44.3), (417.6, 44.3), (432.5, 44.3), (436.3, 44.3), (436.3, 44.3), (436.3, 44.3), (436.3, 44.3), (436.3, 53.6), (436.3, 68.5), (436.3, 83.5), (436.3, 98.4), (436.3, 113.3), (436.3, 128.3), (436.3, 143.2), (436.3, 158.1), (436.3, 173.1), (436.3, 188.0), (436.3, 202.9), (436.3, 217.9), (436.3, 225.3), (436.3, 225.3), (436.3, 225.3), (436.3, 225.3), (436.3, 225.3), (436.3, 225.3), (436.3, 225.3), (436.3, 225.3), (436.3, 225.3), (436.3, 225.3), (436.3, 225.3), (436.3, 225.3), (436.3, 225.3), (436.3, 225.3), (436.3, 225.3), (436.3, 225.3), (436.3, 225.3), (436.3, 225.3), (436.3, 214.1), (436.3, 217.9), (436.3, 225.3), (436.3, 232.8), (436.3, 240.3), (436.3, 247.7), (436.3, 255.2), (434.4, 255.2), (434.4, 255.2), (434.4, 255.2), (434.4, 255.2), (434.4, 255.2), (434.4, 255.2), (434.4, 255.2), (434.4, 255.2), (434.4, 255.2), (434.4, 255.2), (434.4, 255.2), (434.4, 255.2), (434.4, 255.2), (434.4, 255.2), (434.4, 255.2), (434.4, 255.2), (434.4, 255.2), (434.4, 255.2), (434.4, 255.2), (434.4, 255.2), (434.4, 255.2), (434.4, 255.2), (434.4, 255.2)]",0,0,12.0
experienced,bomberman,4,Stuck,0,0,46.78,0.545,"[(48.0, 48.0), (62.9, 48.0), (77.9, 48.0), (92.8, 48.0), (107.7, 48.0), (122.7, 48.0), (137.6, 48.0), (152.5, 48.0), (167.5, 48.0), (182.4, 48.0), (197.3, 48.0), (212.3, 48.0), (227.2, 48.0), (242.1, 48.0), (257.1, 48.0), (272.0, 48.0), (286.9, 48.0), (301.9, 48.0), (316.8, 48.0), (331.7, 44.3), (346.7, 44.3), (361.6, 44.3), (376.5, 44.3), (391.5, 44.3), (406.4, 44.3), (421.3, 44.3), (436.3, 44.3), (436.3, 44.3), (436.3, 44.3), (436.3, 44.3), (436.3, 44.3), (436.3, 44.3), (436.3, 44.3), (436.3, 44.3), (436.3, 44.3), (436.3, 44.3), (436.3, 44.3), (436.3, 44.3), (436.3, 44.3), (436.3, 44.3), (436.3, 44.3), (436.3, 44.3), (436.3, 44.3), (436.3, 44.3), (436.3, 44.3), (436.3, 44.3), (436.3, 44.3), (436.3, 44.3), (436.3, 44.3), (436.3, 44.3), (436.3, 44.3), (436.3, 44.3), (436.3, 44.3), (436.3, 44.3), (436.3, 44.3), (436.3, 44.3), (436.3, 44.3), (436.3, 44.3), (436.3, 44.3), (436.3, 44.3), (436.3, 44.3), (436.3, 44.3), (436.3, 44.3)]",0,0,8.3
experienced,bomberman,4,Bomb,2,0,19.6,0.182,"[(48.0, 48.0), (62.9, 51.7), (77.9, 51.7), (92.8, 51.7), (107.7, 51.7), (122.7, 51.7), (137.6, 51.7), (158.1, 51.7), (174.9, 55.5), (174.9, 70.4), (173.1, 85.3), (180.5, 105.9), (184.3, 115.2), (184.3, 115.2), (184.3, 115.2), (184.3, 115.2), (184.3, 115.2), (184.3, 115.2), (184.3, 115.2), (184.3, 115.2), (184.3, 115.2), (184.3, 115.2), (184.3, 115.2), (184.3, 115.2), (184.3, 115.2), (184.3, 115.2), (184.3, 115.2), (184.3, 115.2), (184.3, 115.2), (184.3, 115.2), (184.3, 115.2), (184.3, 115.2), (191.7, 115.2), (206.7, 115.2), (212.3, 115.2), (212.3, 115.2), (212.3, 115.2), (212.3, 115.2), (212.3, 115.2), (212.3, 115.2), (212.3, 115.2), (212.3, 115.2), (212.3, 115.2), (212.3, 115.2), (212.3, 115.2), (212.3, 115.2), (212.3, 115.2), (212.3, 115.2), (212.3, 115.2), (212.3, 115.2), (212.3, 115.2), (212.3, 115.2), (212.3, 115.2), (212.3, 115.2), (212.3, 115.2), (212.3, 115.2), (212.3, 115.2), (212.3, 115.2), (212.3, 115.2), (212.3, 115.2), (212.3, 115.2)]",0,1,8.0
experienced,bomberman,4,Bomb,1,0,15.63,0.182,"[(48.0, 48.0), (62.9, 51.7), (77.9, 51.7), (92.8, 51.7), (107.7, 51.7), (122.7, 51.7), (137.6, 51.7), (158.1, 51.7), (174.9, 55.5), (180.5, 64.8), (180.5, 62.9), (180.5, 61.1), (180.5, 64.8), (180.5, 62.9), (180.5, 61.1), (180.5, 64.8), (180.5, 62.9), (180.5, 61.1), (180.5, 64.8), (180.5, 62.9), (180.5, 61.1), (180.5, 64.8), (180.5, 62.9), (180.5, 61.1), (180.5, 64.8), (180.5, 62.9), (180.5, 61.1), (180.5, 64.8), (180.5, 62.9), (180.5, 61.1), (180.5, 64.8), (180.5, 62.9), (180.5, 61.1), (180.5, 64.8), (180.5, 62.9), (180.5, 61.1), (180.5, 64.8), (180.5, 62.9), (180.5, 61.1), (180.5, 64.8), (180.5, 62.9), (180.5, 61.1), (180.5, 64.8), (180.5, 62.9), (180.5, 61.1), (180.5, 64.8), (180.5, 62.9), (180.5, 61.1), (180.5, 64.8), (180.5, 62.9), (180.5, 61.1), (180.5, 64.8), (180.5, 62.9), (180.5, 61.1), (180.5, 64.8), (180.5, 62.9), (180.5, 61.1), (180.5, 64.8), (180.5, 62.9), (180.5, 61.1), (180.5, 64.8)]",0,0,8.0
experienced,bomberman,4,Stuck,1,0,-0.39,0.0,"[(48.0, 48.0), (44.3, 62.9), (44.3, 77.9), (44.3, 92.8), (44.3, 107.7), (44.3, 122.7), (44.3, 137.6), (44.3, 152.5), (44.3, 167.5), (44.3, 182.4), (44.3, 197.3), (44.3, 212.3), (44.3, 227.2), (44.3, 242.1), (44.3, 257.1), (44.3, 272.0), (44.3, 286.9), (44.3, 301.9), (44.3, 316.8), (44.3, 331.7), (44.3, 346.7), (44.3, 361.6), (44.3, 372.8), (44.3, 372.8), (44.3, 372.8), (44.3, 372.8), (44.3, 372.8), (44.3, 372.8), (44.3, 372.8), (44.3, 372.8), (44.3, 372.8), (44.3, 372.8), (44.3, 372.8), (44.3, 372.8), (44.3, 372.8), (44.3, 372.8), (44.3, 372.8), (44.3, 372.8), (44.3, 372.8), (44.3, 372.8), (44.3, 372.8), (44.3, 372.8), (44.3, 372.8), (44.3, 372.8), (44.3, 372.8), (44.3, 372.8), (44.3, 372.8), (44.3, 372.8), (44.3, 372.8), (44.3, 372.8), (44.3, 372.8), (44.3, 372.8), (44.3, 372.8), (44.3, 372.8), (44.3, 372.8), (44.3, 372.8), (44.3, 372.8), (44.3, 372.8), (44.3, 372.8), (44.3, 372.8), (44.3, 372.8), (44.3, 372.8), (44.3, 372.8), (44.3, 372.8), (44.3, 372.8), (44.3, 372.8), (44.3, 372.8), (44.3, 372.8), (44.3, 372.8), (44.3, 372.8), (44.3, 372.8), (44.3, 372.8)]",0,0,9.47
experienced,bomberman,4,Stuck,0,0,-0.75,0.0,"[(48.0, 48.0), (44.3, 44.3), (44.3, 44.3), (44.3, 44.3), (44.3, 44.3), (44.3, 44.3), (44.3, 44.3), (44.3, 44.3), (44.3, 44.3), (44.3, 44.3), (44.3, 44.3), (44.3, 44.3), (44.3, 44.3), (44.3, 44.3), (44.3, 44.3), (44.3, 44.3), (44.3, 44.3), (44.3, 44.3), (44.3, 44.3), (44.3, 44.3), (44.3, 44.3), (44.3, 44.3), (44.3, 44.3), (44.3, 44.3), (44.3, 44.3), (44.3, 44.3), (44.3, 44.3), (44.3, 44.3), (44.3, 44.3), (44.3, 44.3), (44.3, 44.3), (44.3, 44.3), (44.3, 44.3), (44.3, 44.3), (44.3, 44.3), (44.3, 44.3), (44.3, 44.3), (44.3, 44.3)]",0,0,5.0
experienced,bomberman,4,Bomb,2,0,48.53,0.545,"[(48.0, 48.0), (62.9, 48.0), (77.9, 48.0), (92.8, 48.0), (107.7, 48.0), (122.7, 48.0), (137.6, 48.0), (152.5, 48.0), (167.5, 48.0), (182.4, 48.0), (197.3, 48.0), (212.3, 48.0), (227.2, 48.0), (242.1, 48.0), (257.1, 48.0), (272.0, 48.0), (286.9, 48.0), (301.9, 48.0), (316.8, 48.0), (331.7, 48.0), (346.7, 48.0), (361.6, 48.0), (376.5, 48.0), (391.5, 48.0), (406.4, 48.0), (421.3, 48.0), (436.3, 48.0), (436.3, 48.0), (436.3, 48.0), (436.3, 48.0), (436.3, 48.0), (436.3, 48.0), (436.3, 48.0), (436.3, 48.0), (436.3, 48.0), (436.3, 48.0), (436.3, 48.0), (436.3, 48.0), (436.3, 48.0), (436.3, 48.0), (436.3, 48.0), (436.3, 48.0), (436.3, 48.0), (436.3, 48.0), (436.3, 48.0), (436.3, 48.0), (436.3, 48.0), (436.3, 48.0), (436.3, 48.0), (436.3, 48.0), (436.3, 48.0), (436.3, 48.0), (436.3, 48.0), (436.3, 48.0), (436.3, 48.0), (436.3, 48.0), (436.3, 48.0), (436.3, 48.0), (436.3, 48.0), (436.3, 48.0), (436.3, 48.0)]",0,0,8.0
experienced,bomberman,4,Stuck,1,0,34.31,0.727,"[(48.0, 48.0), (59.2, 44.3), (74.1, 44.3), (89.1, 44.3), (104.0, 44.3), (118.9, 44.3), (133.9, 44.3), (148.8, 44.3), (163.7, 44.3), (178.7, 44.3), (193.6, 44.3), (208.5, 44.3), (223.5, 44.3), (238.4, 44.3), (253.3, 44.3), (268.3, 44.3), (283.2, 44.3), (298.1, 44.3), (313.1, 44.3), (328.0, 44.3), (342.9, 44.3), (357.9, 44.3), (372.8, 44.3), (387.7, 44.3), (402.7, 44.3), (417.6, 44.3), (432.5, 57.3), (436.3, 72.3), (436.3, 87.2), (436.3, 102.1), (436.3, 117.1), (428.8, 132.0), (428.8, 146.9), (428.8, 169.3), (417.6, 180.5), (402.7, 173.1), (380.3, 173.1), (365.3, 163.7), (365.3, 160.0), (365.3, 160.0), (365.3, 160.0), (365.3, 160.0), (365.3, 160.0), (365.3, 160.0), (365.3, 160.0), (365.3, 160.0), (365.3, 160.0), (365.3, 160.0), (365.3, 160.0), (365.3, 160.0), (365.3, 160.0), (365.3, 160.0), (365.3, 160.0), (365.3, 160.0), (365.3, 160.0), (365.3, 160.0), (365.3, 160.0), (365.3, 160.0), (365.3, 160.0), (365.3, 160.0), (365.3, 160.0), (365.3, 160.0), (365.3, 160.0), (365.3, 160.0), (365.3, 160.0), (365.3, 160.0), (365.3, 160.0), (365.3, 160.0), (365.3, 160.0), (365.3, 160.0), (365.3, 160.0), (365.3, 160.0)]",0,0,9.47
experienced,bomberman,4,Bomb,27,0,6.89,0.0,"[(48.0, 48.0), (51.7, 62.9), (51.7, 77.9), (51.7, 98.4), (55.5, 113.3), (64.8, 109.6), (64.8, 111.5), (62.9, 109.6), (64.8, 109.6), (64.8, 111.5), (62.9, 109.6), (64.8, 109.6), (64.8, 111.5), (62.9, 109.6), (53.6, 115.2), (46.1, 130.1), (51.7, 145.1), (51.7, 167.5), (61.1, 180.5), (76.0, 173.1), (96.5, 173.1), (111.5, 169.3), (115.2, 154.4), (115.2, 141.3), (115.2, 141.3), (115.2, 141.3), (115.2, 141.3), (115.2, 141.3), (115.2, 141.3), (115.2, 141.3), (115.2, 141.3), (109.6, 163.7), (111.5, 148.8), (111.5, 141.3), (111.5, 141.3), (111.5, 141.3), (111.5, 141.3), (111.5, 141.3), (111.5, 141.3), (111.5, 141.3), (109.6, 141.3), (109.6, 141.3), (109.6, 141.3), (109.6, 141.3), (109.6, 141.3), (109.6, 141.3), (109.6, 141.3), (109.6, 141.3), (109.6, 141.3), (109.6, 141.3), (109.6, 141.3), (109.6, 141.3), (109.6, 141.3), (109.6, 141.3), (109.6, 141.3), (109.6, 141.3), (109.6, 141.3), (109.6, 145.1), (109.6, 145.1), (109.6, 145.1), (109.6, 145.1), (109.6, 145.1)]",0,1,8.13
experienced,bomberman,4,Stuck,0,0,-0.75,0.0,"[(48.0, 48.0), (44.3, 48.0), (44.3, 48.0), (44.3, 48.0), (44.3, 48.0), (44.3, 48.0), (44.3, 48.0), (44.3, 48.0), (44.3, 48.0), (44.3, 48.0), (44.3, 48.0), (44.3, 48.0), (44.3, 48.0), (44.3, 48.0), (44.3, 48.0), (44.3, 48.0), (44.3, 48.0), (44.3, 48.0), (44.3, 48.0), (44.3, 48.0), (44.3, 48.0), (44.3, 48.0), (44.3, 48.0), (44.3, 48.0), (44.3, 48.0), (44.3, 48.0), (44.3, 48.0), (44.3, 48.0), (44.3, 48.0), (44.3, 48.0), (44.3, 48.0), (44.3, 48.0), (44.3, 48.0), (44.3, 48.0), (44.3, 48.0), (44.3, 48.0), (44.3, 48.0), (44.3, 48.0)]",0,0,5.0
experienced,bomberman,4,Bomb,77,0,32.2,0.864,"[(48.0, 48.0), (59.2, 51.7), (74.1, 44.3), (89.1, 44.3), (104.0, 44.3), (118.9, 44.3), (133.9, 44.3), (148.8, 44.3), (163.7, 44.3), (178.7, 44.3), (193.6, 44.3), (208.5, 44.3), (223.5, 44.3), (238.4, 44.3), (253.3, 44.3), (268.3, 44.3), (283.2, 44.3), (298.1, 44.3), (313.1, 44.3), (328.0, 44.3), (342.9, 44.3), (357.9, 44.3), (372.8, 44.3), (387.7, 44.3), (402.7, 44.3), (417.6, 44.3), (432.5, 44.3), (436.3, 44.3), (436.3, 44.3), (436.3, 44.3), (436.3, 44.3), (436.3, 53.6), (436.3, 68.5), (436.3, 83.5), (436.3, 98.4), (436.3, 113.3), (436.3, 128.3), (436.3, 143.2), (436.3, 158.1), (436.3, 173.1), (436.3, 188.0), (436.3, 202.9), (436.3, 217.9), (436.3, 225.3), (436.3, 225.3), (436.3, 225.3), (436.3, 225.3), (436.3, 225.3), (436.3, 225.3), (436.3, 225.3), (436.3, 225.3), (436.3, 225.3), (436.3, 225.3), (436.3, 225.3), (436.3, 225.3), (436.3, 225.3), (436.3, 225.3), (436.3, 225.3), (436.3, 225.3), (436.3, 225.3), (436.3, 225.3), (436.3, 214.1), (436.3, 217.9), (436.3, 225.3), (436.3, 232.8), (436.3, 240.3), (436.3, 247.7), (436.3, 255.2), (434.4, 255.2), (434.4, 255.2), (434.4, 255.2), (434.4, 255.2), (434.4, 255.2), (434.4, 255.2), (434.4, 255.2), (434.4, 255.2), (434.4, 255.2), (434.4, 255.2), (434.4, 255.2), (434.4, 255.2), (434.4, 255.2), (434.4, 255.2), (434.4, 255.2), (434.4, 255.2), (434.4, 255.2), (434.4, 255.2), (434.4, 255.2), (434.4, 255.2), (434.4, 255.2), (434.4, 255.2), (434.4, 255.2)]",0,0,12.0
experienced,bomberman,4,Stuck,1,0,34.31,0.727,"[(48.0, 48.0), (59.2, 44.3), (74.1, 44.3), (89.1, 44.3), (104.0, 44.3), (118.9, 44.3), (133.9, 44.3), (148.8, 44.3), (163.7, 44.3), (178.7, 44.3), (193.6, 44.3), (208.5, 44.3), (223.5, 44.3), (238.4, 44.3), (253.3, 44.3), (268.3, 44.3), (283.2, 44.3), (298.1, 44.3), (313.1, 44.3), (328.0, 44.3), (342.9, 44.3), (357.9, 44.3), (372.8, 44.3), (387.7, 44.3), (402.7, 44.3), (417.6, 44.3), (432.5, 57.3), (436.3, 72.3), (436.3, 87.2), (436.3, 102.1), (436.3, 117.1), (428.8, 132.0), (428.8, 146.9), (428.8, 169.3), (417.6, 180.5), (402.7, 173.1), (380.3, 173.1), (365.3, 163.7), (365.3, 160.0), (365.3, 160.0), (365.3, 160.0), (365.3, 160.0), (365.3, 160.0), (365.3, 160.0), (365.3, 160.0), (365.3, 160.0), (365.3, 160.0), (365.3, 160.0), (365.3, 160.0), (365.3, 160.0), (365.3, 160.0), (365.3, 160.0), (365.3, 160.0), (365.3, 160.0), (365.3, 160.0), (365.3, 160.0), (365.3, 160.0), (365.3, 160.0), (365.3, 160.0), (365.3, 160.0), (365.3, 160.0), (365.3, 160.0), (365.3, 160.0), (365.3, 160.0), (365.3, 160.0), (365.3, 160.0), (365.3, 160.0), (365.3, 160.0), (365.3, 160.0), (365.3, 160.0), (365.3, 160.0), (365.3, 160.0)]",0,0,9.47
experienced,bomberman,4,Bomb,2,0,48.53,0.545,"[(48.0, 48.0), (62.9, 48.0), (77.9, 48.0), (92.8, 48.0), (107.7, 48.0), (122.7, 48.0), (137.6, 48.0), (152.5, 48.0), (167.5, 48.0), (182.4, 48.0), (197.3, 48.0), (212.3, 48.0), (227.2, 48.0), (242.1, 48.0), (257.1, 48.0), (272.0, 48.0), (286.9, 48.0), (301.9, 48.0), (316.8, 48.0), (331.7, 48.0), (346.7, 48.0), (361.6, 48.0), (376.5, 48.0), (391.5, 48.0), (406.4, 48.0), (421.3, 48.0), (436.3, 48.0), (436.3, 48.0), (436.3, 48.0), (436.3, 48.0), (436.3, 48.0), (436.3, 48.0), (436.3, 48.0), (436.3, 48.0), (436.3, 48.0), (436.3, 48.0), (436.3, 48.0), (436.3, 48.0), (436.3, 48.0), (436.3, 48.0), (436.3, 48.0), (436.3, 48.0), (436.3, 48.0), (436.3, 48.0), (436.3, 48.0), (436.3, 48.0), (436.3, 48.0), (436.3, 48.0), (436.3, 48.0), (436.3, 48.0), (436.3, 48.0), (436.3, 48.0), (436.3, 48.0), (436.3, 48.0), (436.3, 48.0), (436.3, 48.0), (436.3, 48.0), (436.3, 48.0), (436.3, 48.0), (436.3, 48.0), (436.3, 48.0)]",0,0,8.0
experienced,bomberman,4,Stuck,0,0,46.78,0.545,"[(48.0, 48.0), (62.9, 48.0), (77.9, 48.0), (92.8, 48.0), (107.7, 48.0), (122.7, 48.0), (137.6, 48.0), (152.5, 48.0), (167.5, 48.0), (182.4, 48.0), (197.3, 48.0), (212.3, 48.0), (227.2, 48.0), (242.1, 48.0), (257.1, 48.0), (272.0, 48.0), (286.9, 48.0), (301.9, 48.0), (316.8, 48.0), (331.7, 44.3), (346.7, 44.3), (361.6, 44.3), (376.5, 44.3), (391.5, 44.3), (406.4, 44.3), (421.3, 44.3), (436.3, 44.3), (436.3, 44.3), (436.3, 44.3), (436.3, 44.3), (436.3, 44.3), (436.3, 44.3), (436.3, 44.3), (436.3, 44.3), (436.3, 44.3), (436.3, 44.3), (436.3, 44.3), (436.3, 44.3), (436.3, 44.3), (436.3, 44.3), (436.3, 44.3), (436.3, 44.3), (436.3, 44.3), (436.3, 44.3), (436.3, 44.3), (436.3, 44.3), (436.3, 44.3), (436.3, 44.3), (436.3, 44.3), (436.3, 44.3), (436.3, 44.3), (436.3, 44.3), (436.3, 44.3), (436.3, 44.3), (436.3, 44.3), (436.3, 44.3), (436.3, 44.3), (436.3, 44.3), (436.3, 44.3), (436.3, 44.3), (436.3, 44.3), (436.3, 44.3), (436.3, 44.3)]",0,0,8.3
experienced,bomberman,4,Bomb,2,0,19.6,0.182,"[(48.0, 48.0), (62.9, 51.7), (77.9, 51.7), (92.8, 51.7), (107.7, 51.7), (122.7, 51.7), (137.6, 51.7), (158.1, 51.7), (174.9, 55.5), (174.9, 70.4), (173.1, 85.3), (180.5, 105.9), (184.3, 115.2), (184.3, 115.2), (184.3, 115.2), (184.3, 115.2), (184.3, 115.2), (184.3, 115.2), (184.3, 115.2), (184.3, 115.2), (184.3, 115.2), (184.3, 115.2), (184.3, 115.2), (184.3, 115.2), (184.3, 115.2), (184.3, 115.2), (184.3, 115.2), (184.3, 115.2), (184.3, 115.2), (184.3, 115.2), (184.3, 115.2), (184.3, 115.2), (191.7, 115.2), (206.7, 115.2), (212.3, 115.2), (212.3, 115.2), (212.3, 115.2), (212.3, 115.2), (212.3, 115.2), (212.3, 115.2), (212.3, 115.2), (212.3, 115.2), (212.3, 115.2), (212.3, 115.2), (212.3, 115.2), (212.3, 115.2), (212.3, 115.2), (212.3, 115.2), (212.3, 115.2), (212.3, 115.2), (212.3, 115.2), (212.3, 115.2), (212.3, 115.2), (212.3, 115.2), (212.3, 115.2), (212.3, 115.2), (212.3, 115.2), (212.3, 115.2), (212.3, 115.2), (212.3, 115.2), (212.3, 115.2)]",0,1,8.0
experienced,bomberman,4,Bomb,1,0,15.63,0.182,"[(48.0, 48.0), (62.9, 51.7), (77.9, 51.7), (92.8, 51.7), (107.7, 51.7), (122.7, 51.7), (137.6, 51.7), (158.1, 51.7), (174.9, 55.5), (180.5, 64.8), (180.5, 62.9), (180.5, 61.1), (180.5, 64.8), (180.5, 62.9), (180.5, 61.1), (180.5, 64.8), (180.5, 62.9), (180.5, 61.1), (180.5, 64.8), (180.5, 62.9), (180.5, 61.1), (180.5, 64.8), (180.5, 62.9), (180.5, 61.1), (180.5, 64.8), (180.5, 62.9), (180.5, 61.1), (180.5, 64.8), (180.5, 62.9), (180.5, 61.1), (180.5, 64.8), (180.5, 62.9), (180.5, 61.1), (180.5, 64.8), (180.5, 62.9), (180.5, 61.1), (180.5, 64.8), (180.5, 62.9), (180.5, 61.1), (180.5, 64.8), (180.5, 62.9), (180.5, 61.1), (180.5, 64.8), (180.5, 62.9), (180.5, 61.1), (180.5, 64.8), (180.5, 62.9), (180.5, 61.1), (180.5, 64.8), (180.5, 62.9), (180.5, 61.1), (180.5, 64.8), (180.5, 62.9), (180.5, 61.1), (180.5, 64.8), (180.5, 62.9), (180.5, 61.1), (180.5, 64.8), (180.5, 62.9), (180.5, 61.1), (180.5, 64.8)]",0,0,8.0
experienced,bomberman,4,Stuck,0,0,-0.75,0.0,"[(48.0, 48.0), (44.3, 62.9), (44.3, 77.9), (44.3, 92.8), (44.3, 107.7), (44.3, 122.7), (44.3, 137.6), (44.3, 152.5), (44.3, 167.5), (44.3, 182.4), (44.3, 197.3), (44.3, 212.3), (44.3, 216.0), (44.3, 216.0), (44.3, 216.0), (44.3, 216.0), (44.3, 216.0), (44.3, 216.0), (44.3, 216.0), (44.3, 216.0), (44.3, 216.0), (44.3, 216.0), (44.3, 216.0), (44.3, 216.0), (44.3, 216.0), (44.3, 216.0), (44.3, 216.0), (44.3, 216.0), (44.3, 216.0), (44.3, 216.0), (44.3, 216.0), (44.3, 216.0), (44.3, 216.0), (44.3, 216.0), (44.3, 216.0), (44.3, 216.0), (44.3, 216.0), (44.3, 216.0)]",0,0,5.0
experienced,bomberman,4,Bomb,1,0,-0.93,0.0,"[(48.0, 48.0), (44.3, 44.3), (44.3, 44.3), (44.3, 44.3), (44.3, 44.3), (44.3, 44.3), (44.3, 44.3), (44.3, 44.3), (44.3, 44.3), (44.3, 44.3), (44.3, 44.3), (44.3, 44.3), (44.3, 44.3), (44.3, 44.3), (44.3, 44.3), (44.3, 44.3), (44.3, 44.3), (44.3, 44.3), (44.3, 44.3), (44.3, 44.3), (44.3, 44.3), (44.3, 44.3), (44.3, 44.3), (44.3, 44.3), (44.3, 44.3), (44.3, 44.3), (44.3, 44.3), (44.3, 44.3), (44.3, 44.3), (44.3, 44.3), (44.3, 44.3)]",0,0,4.0
experienced,bomberman,4,Stuck,2,0,34.31,0.727,"[(48.0, 48.0), (59.2, 44.3), (74.1, 44.3), (89.1, 44.3), (104.0, 44.3), (118.9, 44.3), (133.9, 44.3), (148.8, 44.3), (163.7, 44.3), (178.7, 44.3), (193.6, 44.3), (208.5, 44.3), (223.5, 44.3), (238.4, 44.3), (253.3, 44.3), (268.3, 44.3), (283.2, 44.3), (298.1, 44.3), (313.1, 44.3), (328.0, 44.3), (342.9, 44.3), (357.9, 44.3), (372.8, 44.3), (387.7, 44.3), (402.7, 44.3), (417.6, 44.3), (432.5, 57.3), (436.3, 72.3), (436.3, 87.2), (436.3, 102.1), (436.3, 117.1), (428.8, 132.0), (428.8, 146.9), (428.8, 169.3), (417.6, 180.5), (402.7, 173.1), (380.3, 173.1), (365.3, 163.7), (365.3, 160.0), (365.3, 160.0), (365.3, 160.0), (365.3, 160.0), (365.3, 160.0), (365.3, 160.0), (365.3, 160.0), (365.3, 160.0), (365.3, 160.0), (365.3, 160.0), (365.3, 160.0), (365.3, 160.0), (365.3, 160.0), (365.3, 160.0), (365.3, 160.0), (365.3, 160.0), (365.3, 160.0), (365.3, 160.0), (365.3, 160.0), (365.3, 160.0), (365.3, 160.0), (365.3, 160.0), (365.3, 160.0), (365.3, 160.0), (365.3, 160.0), (365.3, 160.0), (365.3, 160.0), (365.3, 160.0), (365.3, 160.0), (365.3, 160.0), (365.3, 160.0), (365.3, 160.0), (365.3, 160.0), (365.3, 160.0)]",0,0,9.47
experienced,bomberman,4,Bomb,1,0,-0.47,0.0,"[(48.0, 48.0), (51.7, 62.9), (51.7, 77.9), (44.3, 92.8), (51.7, 107.7), (64.8, 115.2), (64.8, 111.5), (62.9, 109.6), (64.8, 109.6), (64.8, 111.5), (62.9, 109.6), (64.8, 109.6), (49.9, 118.9), (49.9, 133.9), (51.7, 148.8), (51.7, 171.2), (64.8, 174.9), (62.9, 173.1), (64.8, 173.1), (64.8, 174.9), (62.9, 173.1), (64.8, 173.1), (64.8, 174.9), (62.9, 173.1), (64.8, 173.1), (64.8, 174.9), (62.9, 173.1), (64.8, 173.1), (64.8, 174.9), (62.9, 173.1), (64.8, 173.1), (64.8, 173.1), (53.6, 173.1), (44.3, 184.3), (44.3, 184.3), (44.3, 184.3), (44.3, 184.3), (44.3, 184.3), (44.3, 184.3), (44.3, 184.3), (44.3, 184.3), (44.3, 184.3), (44.3, 184.3), (44.3, 184.3), (44.3, 184.3), (44.3, 184.3), (44.3, 184.3), (44.3, 184.3), (44.3, 184.3), (44.3, 184.3), (44.3, 184.3), (44.3, 184.3), (44.3, 184.3), (44.3, 184.3), (44.3, 184.3), (44.3, 184.3), (44.3, 184.3), (44.3, 184.3), (44.3, 184.3), (44.3, 184.3), (44.3, 184.3)]",0,0,8.0
experienced,bomberman,4,Bomb,77,0,32.2,0.864,"[(48.0, 48.0), (59.2, 51.7), (74.1, 44.3), (89.1, 44.3), (104.0, 44.3), (118.9, 44.3), (133.9, 44.3), (148.8, 44.3), (163.7, 44.3), (178.7, 44.3), (193.6, 44.3), (208.5, 44.3), (223.5, 44.3), (238.4, 44.3), (253.3, 44.3), (268.3, 44.3), (283.2, 44.3), (298.1, 44.3), (313.1, 44.3), (328.0, 44.3), (342.9, 44.3), (357.9, 44.3), (372.8, 44.3), (387.7, 44.3), (402.7, 44.3), (417.6, 44.3), (432.5, 44.3), (436.3, 44.3), (436.3, 44.3), (436.3, 44.3), (436.3, 44.3), (436.3, 53.6), (436.3, 68.5), (436.3, 83.5), (436.3, 98.4), (436.3, 113.3), (436.3, 128.3), (436.3, 143.2), (436.3, 158.1), (436.3, 173.1), (436.3, 188.0), (436.3, 202.9), (436.3, 217.9), (436.3, 225.3), (436.3, 225.3), (436.3, 225.3), (436.3, 225.3), (436.3, 225.3), (436.3, 225.3), (436.3, 225.3), (436.3, 225.3), (436.3, 225.3), (436.3, 225.3), (436.3, 225.3), (436.3, 225.3), (436.3, 225.3), (436.3, 225.3), (436.3, 225.3), (436.3, 225.3), (436.3, 225.3), (436.3, 225.3), (436.3, 214.1), (436.3, 217.9), (436.3, 225.3), (436.3, 232.8), (436.3, 240.3), (436.3, 247.7), (436.3, 255.2), (434.4, 255.2), (434.4, 255.2), (434.4, 255.2), (434.4, 255.2), (434.4, 255.2), (434.4, 255.2), (434.4, 255.2), (434.4, 255.2), (434.4, 255.2), (434.4, 255.2), (434.4, 255.2), (434.4, 255.2), (434.4, 255.2), (434.4, 255.2), (434.4, 255.2), (434.4, 255.2), (434.4, 255.2), (434.4, 255.2), (434.4, 255.2), (434.4, 255.2), (434.4, 255.2), (434.4, 255.2), (434.4, 255.2)]",0,0,12.0
experienced,bomberman,4,Stuck,2,0,34.31,0.727,"[(48.0, 48.0), (59.2, 44.3), (74.1, 44.3), (89.1, 44.3), (104.0, 44.3), (118.9, 44.3), (133.9, 44.3), (148.8, 44.3), (163.7, 44.3), (178.7, 44.3), (193.6, 44.3), (208.5, 44.3), (223.5, 44.3), (238.4, 44.3), (253.3, 44.3), (268.3, 44.3), (283.2, 44.3), (298.1, 44.3), (313.1, 44.3), (328.0, 44.3), (342.9, 44.3), (357.9, 44.3), (372.8, 44.3), (387.7, 44.3), (402.7, 44.3), (417.6, 44.3), (432.5, 57.3), (436.3, 72.3), (436.3, 87.2), (436.3, 102.1), (436.3, 117.1), (428.8, 132.0), (428.8, 146.9), (428.8, 169.3), (417.6, 180.5), (402.7, 173.1), (380.3, 173.1), (365.3, 163.7), (365.3, 160.0), (365.3, 160.0), (365.3, 160.0), (365.3, 160.0), (365.3, 160.0), (365.3, 160.0), (365.3, 160.0), (365.3, 160.0), (365.3, 160.0), (365.3, 160.0), (365.3, 160.0), (365.3, 160.0), (365.3, 160.0), (365.3, 160.0), (365.3, 160.0), (365.3, 160.0), (365.3, 160.0), (365.3, 160.0), (365.3, 160.0), (365.3, 160.0), (365.3, 160.0), (365.3, 160.0), (365.3, 160.0), (365.3, 160.0), (365.3, 160.0), (365.3, 160.0), (365.3, 160.0), (365.3, 160.0), (365.3, 160.0), (365.3, 160.0), (365.3, 160.0), (365.3, 160.0), (365.3, 160.0), (365.3, 160.0)]",0,0,9.47
experienced,bomberman,4,Stuck,1,0,34.31,0.727,"[(48.0, 48.0), (59.2, 44.3), (74.1, 44.3), (89.1, 44.3), (104.0, 44.3), (118.9, 44.3), (133.9, 44.3), (148.8, 44.3), (163.7, 44.3), (178.7, 44.3), (193.6, 44.3), (208.5, 44.3), (223.5, 44.3), (238.4, 44.3), (253.3, 44.3), (268.3, 44.3), (283.2, 44.3), (298.1, 44.3), (313.1, 44.3), (328.0, 44.3), (342.9, 44.3), (357.9, 44.3), (372.8, 44.3), (387.7, 44.3), (402.7, 44.3), (417.6, 44.3), (432.5, 57.3), (436.3, 72.3), (436.3, 87.2), (436.3, 102.1), (436.3, 117.1), (428.8, 132.0), (428.8, 146.9), (428.8, 169.3), (417.6, 180.5), (402.7, 173.1), (380.3, 173.1), (365.3, 163.7), (365.3, 160.0), (365.3, 160.0), (365.3, 160.0), (365.3, 160.0), (365.3, 160.0), (365.3, 160.0), (365.3, 160.0), (365.3, 160.0), (365.3, 160.0), (365.3, 160.0), (365.3, 160.0), (365.3, 160.0), (365.3, 160.0), (365.3, 160.0), (365.3, 160.0), (365.3, 160.0), (365.3, 160.0), (365.3, 160.0), (365.3, 160.0), (365.3, 160.0), (365.3, 160.0), (365.3, 160.0), (365.3, 160.0), (365.3, 160.0), (365.3, 160.0), (365.3, 160.0), (365.3, 160.0), (365.3, 160.0), (365.3, 160.0), (365.3, 160.0), (365.3, 160.0), (365.3, 160.0), (365.3, 160.0), (365.3, 160.0)]",0,0,9.47
experienced,bomberman,4,Bomb,2,0,48.53,0.545,"[(48.0, 48.0), (62.9, 48.0), (77.9, 48.0), (92.8, 48.0), (107.7, 48.0), (122.7, 48.0), (137.6, 48.0), (152.5, 48.0), (167.5, 48.0), (182.4, 48.0), (197.3, 48.0), (212.3, 48.0), (227.2, 48.0), (242.1, 48.0), (257.1, 48.0), (272.0, 48.0), (286.9, 48.0), (301.9, 48.0), (316.8, 48.0), (331.7, 48.0), (346.7, 48.0), (361.6, 48.0), (376.5, 48.0), (391.5, 48.0), (406.4, 48.0), (421.3, 48.0), (436.3, 48.0), (436.3, 48.0), (436.3, 48.0), (436.3, 48.0), (436.3, 48.0), (436.3, 48.0), (436.3, 48.0), (436.3, 48.0), (436.3, 48.0), (436.3, 48.0), (436.3, 48.0), (436.3, 48.0), (436.3, 48.0), (436.3, 48.0), (436.3, 48.0), (436.3, 48.0), (436.3, 48.0), (436.3, 48.0), (436.3, 48.0), (436.3, 48.0), (436.3, 48.0), (436.3, 48.0), (436.3, 48.0), (436.3, 48.0), (436.3, 48.0), (436.3, 48.0), (436.3, 48.0), (436.3, 48.0), (436.3, 48.0), (436.3, 48.0), (436.3, 48.0), (436.3, 48.0), (436.3, 48.0), (436.3, 48.0), (436.3, 48.0)]",0,0,8.0
experienced,bomberman,4,Stuck,0,0,46.78,0.545,"[(48.0, 48.0), (62.9, 48.0), (77.9, 48.0), (92.8, 48.0), (107.7, 48.0), (122.7, 48.0), (137.6, 48.0), (152.5, 48.0), (167.5, 48.0), (182.4, 48.0), (197.3, 48.0), (212.3, 48.0), (227.2, 48.0), (242.1, 48.0), (257.1, 48.0), (272.0, 48.0), (286.9, 48.0), (301.9, 48.0), (316.8, 48.0), (331.7, 44.3), (346.7, 44.3), (361.6, 44.3), (376.5, 44.3), (391.5, 44.3), (406.4, 44.3), (421.3, 44.3), (436.3, 44.3), (436.3, 44.3), (436.3, 44.3), (436.3, 44.3), (436.3, 44.3), (436.3, 44.3), (436.3, 44.3), (436.3, 44.3), (436.3, 44.3), (436.3, 44.3), (436.3, 44.3), (436.3, 44.3), (436.3, 44.3), (436.3, 44.3), (436.3, 44.3), (436.3, 44.3), (436.3, 44.3), (436.3, 44.3), (436.3, 44.3), (436.3, 44.3), (436.3, 44.3), (436.3, 44.3), (436.3, 44.3), (436.3, 44.3), (436.3, 44.3), (436.3, 44.3), (436.3, 44.3), (436.3, 44.3), (436.3, 44.3), (436.3, 44.3), (436.3, 44.3), (436.3, 44.3), (436.3, 44.3), (436.3, 44.3), (436.3, 44.3), (436.3, 44.3), (436.3, 44.3)]",0,0,8.3
experienced,bomberman,4,Bomb,2,0,19.6,0.182,"[(48.0, 48.0), (62.9, 51.7), (77.9, 51.7), (92.8, 51.7), (107.7, 51.7), (122.7, 51.7), (137.6, 51.7), (158.1, 51.7), (174.9, 55.5), (174.9, 70.4), (173.1, 85.3), (180.5, 105.9), (184.3, 115.2), (184.3, 115.2), (184.3, 115.2), (184.3, 115.2), (184.3, 115.2), (184.3, 115.2), (184.3, 115.2), (184.3, 115.2), (184.3, 115.2), (184.3, 115.2), (184.3, 115.2), (184.3, 115.2), (184.3, 115.2), (184.3, 115.2), (184.3, 115.2), (184.3, 115.2), (184.3, 115.2), (184.3, 115.2), (184.3, 115.2), (184.3, 115.2), (191.7, 115.2), (206.7, 115.2), (212.3, 115.2), (212.3, 115.2), (212.3, 115.2), (212.3, 115.2), (212.3, 115.2), (212.3, 115.2), (212.3, 115.2), (212.3, 115.2), (212.3, 115.2), (212.3, 115.2), (212.3, 115.2), (212.3, 115.2), (212.3, 115.2), (212.3, 115.2), (212.3, 115.2), (212.3, 115.2), (212.3, 115.2), (212.3, 115.2), (212.3, 115.2), (212.3, 115.2), (212.3, 115.2), (212.3, 115.2), (212.3, 115.2), (212.3, 115.2), (212.3, 115.2), (212.3, 115.2), (212.3, 115.2)]",0,1,8.0
experienced,bomberman,4,Bomb,8,0,31.57,0.864,"[(48.0, 48.0), (59.2, 44.3), (74.1, 44.3), (89.1, 44.3), (104.0, 44.3), (118.9, 44.3), (133.9, 44.3), (148.8, 44.3), (163.7, 44.3), (178.7, 44.3), (193.6, 44.3), (208.5, 44.3), (223.5, 44.3), (238.4, 44.3), (253.3, 44.3), (268.3, 44.3), (283.2, 44.3), (298.1, 44.3), (313.1, 44.3), (328.0, 44.3), (342.9, 44.3), (357.9, 44.3), (372.8, 44.3), (387.7, 44.3), (402.7, 44.3), (417.6, 44.3), (432.5, 44.3), (436.3, 44.3), (436.3, 44.3), (436.3, 44.3), (436.3, 44.3), (436.3, 46.1), (436.3, 46.1), (436.3, 55.5), (436.3, 70.4), (436.3, 85.3), (436.3, 100.3), (436.3, 115.2), (436.3, 130.1), (436.3, 145.1), (436.3, 160.0), (436.3, 174.9), (436.3, 182.4), (436.3, 182.4), (436.3, 182.4), (436.3, 182.4), (436.3, 182.4), (436.3, 182.4), (436.3, 182.4), (436.3, 182.4), (436.3, 182.4), (436.3, 182.4), (436.3, 182.4), (436.3, 182.4), (436.3, 182.4), (436.3, 182.4), (436.3, 182.4), (436.3, 182.4), (436.3, 182.4), (436.3, 182.4), (436.3, 182.4), (436.3, 174.9), (436.3, 174.9), (436.3, 182.4), (436.3, 193.6), (436.3, 193.6), (436.3, 201.1), (436.3, 201.1), (436.3, 201.1), (436.3, 201.1), (436.3, 208.5), (436.3, 223.5), (436.3, 238.4), (436.3, 253.3), (436.3, 257.1), (436.3, 257.1), (436.3, 257.1), (436.3, 257.1), (436.3, 257.1), (436.3, 257.1), (436.3, 257.1), (436.3, 257.1), (436.3, 257.1), (436.3, 257.1), (436.3, 257.1), (436.3, 257.1), (436.3, 257.1), (436.3, 257.1), (436.3, 257.1), (436.3, 257.1), (436.3, 257.1), (436.3, 242.1), (436.3, 227.2)]",0,0,12.3
experienced,bomberman,4,Stuck,0,0,0.0,0.0,"[(48.0, 48.0), (48.0, 48.0), (48.0, 48.0), (48.0, 48.0), (48.0, 48.0), (48.0, 48.0), (48.0, 48.0), (48.0, 48.0), (48.0, 48.0), (48.0, 48.0), (48.0, 48.0), (48.0, 48.0), (48.0, 48.0), (48.0, 48.0), (48.0, 48.0), (48.0, 48.0), (48.0, 48.0), (48.0, 48.0), (48.0, 48.0), (48.0, 48.0), (48.0, 48.0), (48.0, 48.0), (48.0, 48.0), (48.0, 48.0), (48.0, 48.0), (48.0, 48.0), (48.0, 48.0), (48.0, 48.0), (48.0, 48.0), (48.0, 48.0), (48.0, 48.0), (48.0, 48.0), (48.0, 48.0), (48.0, 48.0), (48.0, 48.0), (48.0, 48.0), (48.0, 48.0), (48.0, 48.0)]",0,0,5.0
experienced,bomberman,4,Bomb,34,0,31.73,0.773,"[(48.0, 48.0), (59.2, 46.1), (74.1, 44.3), (89.1, 44.3), (104.0, 44.3), (118.9, 44.3), (133.9, 44.3), (148.8, 44.3), (163.7, 44.3), (178.7, 44.3), (193.6, 44.3), (208.5, 44.3), (223.5, 44.3), (238.4, 44.3), (253.3, 44.3), (268.3, 44.3), (283.2, 44.3), (298.1, 44.3), (313.1, 44.3), (328.0, 44.3), (342.9, 44.3), (357.9, 44.3), (372.8, 44.3), (387.7, 44.3), (402.7, 44.3), (417.6, 44.3), (432.5, 44.3), (436.3, 44.3), (436.3, 44.3), (436.3, 44.3), (436.3, 44.3), (436.3, 46.1), (436.3, 46.1), (436.3, 46.1), (436.3, 46.1), (436.3, 59.2), (436.3, 74.1), (436.3, 89.1), (436.3, 104.0), (436.3, 118.9), (436.3, 133.9), (436.3, 148.8), (436.3, 163.7), (436.3, 174.9), (436.3, 174.9), (436.3, 174.9), (436.3, 174.9), (436.3, 174.9), (436.3, 174.9), (436.3, 174.9), (436.3, 174.9), (436.3, 174.9), (436.3, 174.9), (436.3, 174.9), (436.3, 174.9), (436.3, 174.9), (436.3, 174.9), (436.3, 174.9), (436.3, 174.9), (436.3, 174.9), (436.3, 174.9), (436.3, 167.5), (436.3, 171.2), (436.3, 178.7), (436.3, 182.4), (436.3, 193.6), (436.3, 193.6), (436.3, 193.6), (436.3, 193.6), (436.3, 193.6), (436.3, 193.6), (436.3, 193.6), (436.3, 193.6), (436.3, 193.6), (436.3, 193.6), (436.3, 193.6), (436.3, 193.6), (436.3, 193.6), (436.3, 193.6), (436.3, 193.6), (436.3, 193.6), (436.3, 193.6), (428.8, 189.9), (428.8, 193.6), (428.8, 191.7), (428.8, 189.9), (428.8, 193.6), (428.8, 191.7), (428.8, 189.9), (428.8, 193.6), (428.8, 191.7)]",0,0,12.0
experienced,bomberman,4,Stuck,1,0,34.31,0.727,"[(48.0, 48.0), (59.2, 44.3), (74.1, 44.3), (89.1, 44.3), (104.0, 44.3), (118.9, 44.3), (133.9, 44.3), (148.8, 44.3), (163.7, 44.3), (178.7, 44.3), (193.6, 44.3), (208.5, 44.3), (223.5, 44.3), (238.4, 44.3), (253.3, 44.3), (268.3, 44.3), (283.2, 44.3), (298.1, 44.3), (313.1, 44.3), (328.0, 44.3), (342.9, 44.3), (357.9, 44.3), (372.8, 44.3), (387.7, 44.3), (402.7, 44.3), (417.6, 44.3), (432.5, 57.3), (436.3, 72.3), (436.3, 87.2), (436.3, 102.1), (436.3, 117.1), (428.8, 132.0), (428.8, 146.9), (428.8, 169.3), (417.6, 180.5), (402.7, 173.1), (380.3, 173.1), (365.3, 163.7), (365.3, 160.0), (365.3, 160.0), (365.3, 160.0), (365.3, 160.0), (365.3, 160.0), (365.3, 160.0), (365.3, 160.0), (365.3, 160.0), (365.3, 160.0), (365.3, 160.0), (365.3, 160.0), (365.3, 160.0), (365.3, 160.0), (365.3, 160.0), (365.3, 160.0), (365.3, 160.0), (365.3, 160.0), (365.3, 160.0), (365.3, 160.0), (365.3, 160.0), (365.3, 160.0), (365.3, 160.0), (365.3, 160.0), (365.3, 160.0), (365.3, 160.0), (365.3, 160.0), (365.3, 160.0), (365.3, 160.0), (365.3, 160.0), (365.3, 160.0), (365.3, 160.0), (365.3, 160.0), (365.3, 160.0), (365.3, 160.0)]",0,0,9.47
experienced,bomberman,4,Bomb,8,0,31.57,0.864,"[(48.0, 48.0), (59.2, 44.3), (74.1, 44.3), (89.1, 44.3), (104.0, 44.3), (118.9, 44.3), (133.9, 44.3), (148.8, 44.3), (163.7, 44.3), (178.7, 44.3), (193.6, 44.3), (208.5, 44.3), (223.5, 44.3), (238.4, 44.3), (253.3, 44.3), (268.3, 44.3), (283.2, 44.3), (298.1, 44.3), (313.1, 44.3), (328.0, 44.3), (342.9, 44.3), (357.9, 44.3), (372.8, 44.3), (387.7, 44.3), (402.7, 44.3), (417.6, 44.3), (432.5, 44.3), (436.3, 44.3), (436.3, 44.3), (436.3, 44.3), (436.3, 44.3), (436.3, 46.1), (436.3, 46.1), (436.3, 55.5), (436.3, 70.4), (436.3, 85.3), (436.3, 100.3), (436.3, 115.2), (436.3, 130.1), (436.3, 145.1), (436.3, 160.0), (436.3, 174.9), (436.3, 182.4), (436.3, 182.4), (436.3, 182.4), (436.3, 182.4), (436.3, 182.4), (436.3, 182.4), (436.3, 182.4), (436.3, 182.4), (436.3, 182.4), (436.3, 182.4), (436.3, 182.4), (436.3, 182.4), (436.3, 182.4), (436.3, 182.4), (436.3, 182.4), (436.3, 182.4), (436.3, 182.4), (436.3, 182.4), (436.3, 182.4), (436.3, 174.9), (436.3, 174.9), (436.3, 182.4), (436.3, 193.6), (436.3, 193.6), (436.3, 201.1), (436.3, 201.1), (436.3, 201.1), (436.3, 201.1), (436.3, 208.5), (436.3, 223.5), (436.3, 238.4), (436.3, 253.3), (436.3, 257.1), (436.3, 257.1), (436.3, 257.1), (436.3, 257.1), (436.3, 257.1), (436.3, 257.1), (436.3, 257.1), (436.3, 257.1), (436.3, 257.1), (436.3, 257.1), (436.3, 257.1), (436.3, 257.1), (436.3, 257.1), (436.3, 257.1), (436.3, 257.1), (436.3, 257.1), (436.3, 257.1), (436.3, 242.1), (436.3, 227.2)]",0,0,12.3
experienced,bomberman,4,Bomb,77,0,32.2,0.864,"[(48.0, 48.0), (59.2, 51.7), (74.1, 44.3), (89.1, 44.3), (104.0, 44.3), (118.9, 44.3), (133.9, 44.3), (148.8, 44.3), (163.7, 44.3), (178.7, 44.3), (193.6, 44.3), (208.5, 44.3), (223.5, 44.3), (238.4, 44.3), (253.3, 44.3), (268.3, 44.3), (283.2, 44.3), (298.1, 44.3), (313.1, 44.3), (328.0, 44.3), (342.9, 44.3), (357.9, 44.3), (372.8, 44.3), (387.7, 44.3), (402.7, 44.3), (417.6, 44.3), (432.5, 44.3), (436.3, 44.3), (436.3, 44.3), (436.3, 44.3), (436.3, 44.3), (436.3, 53.6), (436.3, 68.5), (436.3, 83.5), (436.3, 98.4), (436.3, 113.3), (436.3, 128.3), (436.3, 143.2), (436.3, 158.1), (436.3, 173.1), (436.3, 188.0), (436.3, 202.9), (436.3, 217.9), (436.3, 225.3), (436.3, 225.3), (436.3, 225.3), (436.3, 225.3), (436.3, 225.3), (436.3, 225.3), (436.3, 225.3), (436.3, 225.3), (436.3, 225.3), (436.3, 225.3), (436.3, 225.3), (436.3, 225.3), (436.3, 225.3), (436.3, 225.3), (436.3, 225.3), (436.3, 225.3), (436.3, 225.3), (436.3, 225.3), (436.3, 214.1), (436.3, 217.9), (436.3, 225.3), (436.3, 232.8), (436.3, 240.3), (436.3, 247.7), (436.3, 255.2), (434.4, 255.2), (434.4, 255.2), (434.4, 255.2), (434.4, 255.2), (434.4, 255.2), (434.4, 255.2), (434.4, 255.2), (434.4, 255.2), (434.4, 255.2), (434.4, 255.2), (434.4, 255.2), (434.4, 255.2), (434.4, 255.2), (434.4, 255.2), (434.4, 255.2), (434.4, 255.2), (434.4, 255.2), (434.4, 255.2), (434.4, 255.2), (434.4, 255.2), (434.4, 255.2), (434.4, 255.2), (434.4, 255.2)]",0,0,12.0
experienced,bomberman,4,Bomb,34,0,31.73,0.773,"[(48.0, 48.0), (59.2, 46.1), (74.1, 44.3), (89.1, 44.3), (104.0, 44.3), (118.9, 44.3), (133.9, 44.3), (148.8, 44.3), (163.7, 44.3), (178.7, 44.3), (193.6, 44.3), (208.5, 44.3), (223.5, 44.3), (238.4, 44.3), (253.3, 44.3), (268.3, 44.3), (283.2, 44.3), (298.1, 44.3), (313.1, 44.3), (328.0, 44.3), (342.9, 44.3), (357.9, 44.3), (372.8, 44.3), (387.7, 44.3), (402.7, 44.3), (417.6, 44.3), (432.5, 44.3), (436.3, 44.3), (436.3, 44.3), (436.3, 44.3), (436.3, 44.3), (436.3, 46.1), (436.3, 46.1), (436.3, 46.1), (436.3, 46.1), (436.3, 59.2), (436.3, 74.1), (436.3, 89.1), (436.3, 104.0), (436.3, 118.9), (436.3, 133.9), (436.3, 148.8), (436.3, 163.7), (436.3, 174.9), (436.3, 174.9), (436.3, 174.9), (436.3, 174.9), (436.3, 174.9), (436.3, 174.9), (436.3, 174.9), (436.3, 174.9), (436.3, 174.9), (436.3, 174.9), (436.3, 174.9), (436.3, 174.9), (436.3, 174.9), (436.3, 174.9), (436.3, 174.9), (436.3, 174.9), (436.3, 174.9), (436.3, 174.9), (436.3, 167.5), (436.3, 171.2), (436.3, 178.7), (436.3, 182.4), (436.3, 193.6), (436.3, 193.6), (436.3, 193.6), (436.3, 193.6), (436.3, 193.6), (436.3, 193.6), (436.3, 193.6), (436.3, 193.6), (436.3, 193.6), (436.3, 193.6), (436.3, 193.6), (436.3, 193.6), (436.3, 193.6), (436.3, 193.6), (436.3, 193.6), (436.3, 193.6), (436.3, 193.6), (428.8, 189.9), (428.8, 193.6), (428.8, 191.7), (428.8, 189.9), (428.8, 193.6), (428.8, 191.7), (428.8, 189.9), (428.8, 193.6), (428.8, 191.7)]",0,0,12.0
experienced,bomberman,4,Stuck,1,0,34.31,0.727,"[(48.0, 48.0), (59.2, 44.3), (74.1, 44.3), (89.1, 44.3), (104.0, 44.3), (118.9, 44.3), (133.9, 44.3), (148.8, 44.3), (163.7, 44.3), (178.7, 44.3), (193.6, 44.3), (208.5, 44.3), (223.5, 44.3), (238.4, 44.3), (253.3, 44.3), (268.3, 44.3), (283.2, 44.3), (298.1, 44.3), (313.1, 44.3), (328.0, 44.3), (342.9, 44.3), (357.9, 44.3), (372.8, 44.3), (387.7, 44.3), (402.7, 44.3), (417.6, 44.3), (432.5, 57.3), (436.3, 72.3), (436.3, 87.2), (436.3, 102.1), (436.3, 117.1), (428.8, 132.0), (428.8, 146.9), (428.8, 169.3), (417.6, 180.5), (402.7, 173.1), (380.3, 173.1), (365.3, 163.7), (365.3, 160.0), (365.3, 160.0), (365.3, 160.0), (365.3, 160.0), (365.3, 160.0), (365.3, 160.0), (365.3, 160.0), (365.3, 160.0), (365.3, 160.0), (365.3, 160.0), (365.3, 160.0), (365.3, 160.0), (365.3, 160.0), (365.3, 160.0), (365.3, 160.0), (365.3, 160.0), (365.3, 160.0), (365.3, 160.0), (365.3, 160.0), (365.3, 160.0), (365.3, 160.0), (365.3, 160.0), (365.3, 160.0), (365.3, 160.0), (365.3, 160.0), (365.3, 160.0), (365.3, 160.0), (365.3, 160.0), (365.3, 160.0), (365.3, 160.0), (365.3, 160.0), (365.3, 160.0), (365.3, 160.0), (365.3, 160.0)]",0,0,9.47
experienced,bomberman,4,Stuck,1,0,34.31,0.727,"[(48.0, 48.0), (59.2, 44.3), (74.1, 44.3), (89.1, 44.3), (104.0, 44.3), (118.9, 44.3), (133.9, 44.3), (148.8, 44.3), (163.7, 44.3), (178.7, 44.3), (193.6, 44.3), (208.5, 44.3), (223.5, 44.3), (238.4, 44.3), (253.3, 44.3), (268.3, 44.3), (283.2, 44.3), (298.1, 44.3), (313.1, 44.3), (328.0, 44.3), (342.9, 44.3), (357.9, 44.3), (372.8, 44.3), (387.7, 44.3), (402.7, 44.3), (417.6, 44.3), (432.5, 57.3), (436.3, 72.3), (436.3, 87.2), (436.3, 102.1), (436.3, 117.1), (428.8, 132.0), (428.8, 146.9), (428.8, 169.3), (417.6, 180.5), (402.7, 173.1), (380.3, 173.1), (365.3, 163.7), (365.3, 160.0), (365.3, 160.0), (365.3, 160.0), (365.3, 160.0), (365.3, 160.0), (365.3, 160.0), (365.3, 160.0), (365.3, 160.0), (365.3, 160.0), (365.3, 160.0), (365.3, 160.0), (365.3, 160.0), (365.3, 160.0), (365.3, 160.0), (365.3, 160.0), (365.3, 160.0), (365.3, 160.0), (365.3, 160.0), (365.3, 160.0), (365.3, 160.0), (365.3, 160.0), (365.3, 160.0), (365.3, 160.0), (365.3, 160.0), (365.3, 160.0), (365.3, 160.0), (365.3, 160.0), (365.3, 160.0), (365.3, 160.0), (365.3, 160.0), (365.3, 160.0), (365.3, 160.0), (365.3, 160.0), (365.3, 160.0)]",0,0,9.47
experienced,bomberman,4,Stuck,2,0,34.31,0.727,"[(48.0, 48.0), (59.2, 44.3), (74.1, 44.3), (89.1, 44.3), (104.0, 44.3), (118.9, 44.3), (133.9, 44.3), (148.8, 44.3), (163.7, 44.3), (178.7, 44.3), (193.6, 44.3), (208.5, 44.3), (223.5, 44.3), (238.4, 44.3), (253.3, 44.3), (268.3, 44.3), (283.2, 44.3), (298.1, 44.3), (313.1, 44.3), (328.0, 44.3), (342.9, 44.3), (357.9, 44.3), (372.8, 44.3), (387.7, 44.3), (402.7, 44.3), (417.6, 44.3), (432.5, 57.3), (436.3, 72.3), (436.3, 87.2), (436.3, 102.1), (436.3, 117.1), (428.8, 132.0), (428.8, 146.9), (428.8, 169.3), (417.6, 180.5), (402.7, 173.1), (380.3, 173.1), (365.3, 163.7), (365.3, 160.0), (365.3, 160.0), (365.3, 160.0), (365.3, 160.0), (365.3, 160.0), (365.3, 160.0), (365.3, 160.0), (365.3, 160.0), (365.3, 160.0), (365.3, 160.0), (365.3, 160.0), (365.3, 160.0), (365.3, 160.0), (365.3, 160.0), (365.3, 160.0), (365.3, 160.0), (365.3, 160.0), (365.3, 160.0), (365.3, 160.0), (365.3, 160.0), (365.3, 160.0), (365.3, 160.0), (365.3, 160.0), (365.3, 160.0), (365.3, 160.0), (365.3, 160.0), (365.3, 160.0), (365.3, 160.0), (365.3, 160.0), (365.3, 160.0), (365.3, 160.0), (365.3, 160.0), (365.3, 160.0), (365.3, 160.0)]",0,0,9.47
experienced,bomberman,4,Stuck,0,0,-0.75,0.0,"[(48.0, 48.0), (44.3, 62.9), (44.3, 77.9), (44.3, 92.8), (44.3, 107.7), (44.3, 122.7), (44.3, 137.6), (44.3, 152.5), (44.3, 160.0), (44.3, 160.0), (44.3, 160.0), (44.3, 160.0), (44.3, 160.0), (44.3, 160.0), (44.3, 160.0), (44.3, 160.0), (44.3, 160.0), (44.3, 160.0), (44.3, 160.0), (44.3, 160.0), (44.3, 160.0), (44.3, 160.0), (44.3, 160.0), (44.3, 160.0), (44.3, 160.0), (44.3, 160.0), (44.3, 160.0), (44.3, 160.0), (44.3, 160.0), (44.3, 160.0), (44.3, 160.0), (44.3, 160.0), (44.3, 160.0), (44.3, 160.0), (44.3, 160.0), (44.3, 160.0), (44.3, 160.0), (44.3, 160.0)]",0,0,5.0
experienced,bomberman,4,Timeout,114,0,6.47,0.818,"[(48.0, 48.0), (62.9, 44.3), (77.9, 44.3), (92.8, 44.3), (107.7, 44.3), (122.7, 44.3), (137.6, 44.3), (152.5, 44.3), (167.5, 44.3), (182.4, 44.3), (197.3, 44.3), (212.3, 44.3), (227.2, 44.3), (242.1, 44.3), (257.1, 44.3), (272.0, 44.3), (286.9, 44.3), (301.9, 44.3), (316.8, 44.3), (331.7, 44.3), (346.7, 44.3), (361.6, 44.3), (376.5, 44.3), (391.5, 44.3), (406.4, 44.3), (421.3, 48.0), (436.3, 61.1), (436.3, 76.0), (436.3, 90.9), (436.3, 105.9), (436.3, 120.8), (436.3, 135.7), (436.3, 150.7), (436.3, 165.6), (436.3, 180.5), (436.3, 195.5), (436.3, 210.4), (436.3, 225.3), (436.3, 225.3), (436.3, 225.3), (436.3, 225.3), (436.3, 225.3), (436.3, 225.3), (436.3, 225.3), (436.3, 225.3), (436.3, 225.3), (436.3, 225.3), (436.3, 225.3), (436.3, 225.3), (436.3, 225.3), (436.3, 225.3), (436.3, 225.3), (436.3, 225.3), (436.3, 225.3), (436.3, 225.3), (436.3, 225.3), (436.3, 225.3), (436.3, 225.3), (436.3, 225.3), (436.3, 225.3), (436.3, 225.3), (436.3, 210.4), (436.3, 195.5), (436.3, 180.5), (436.3, 165.6), (436.3, 150.7), (436.3, 135.7), (436.3, 120.8), (436.3, 105.9), (436.3, 94.7), (436.3, 94.7), (436.3, 94.7), (436.3, 94.7), (436.3, 94.7), (436.3, 94.7), (436.3, 94.7), (436.3, 94.7), (436.3, 94.7), (436.3, 94.7), (436.3, 94.7), (436.3, 94.7), (436.3, 94.7), (436.3, 94.7), (436.3, 94.7), (436.3, 94.7), (436.3, 94.7), (436.3, 94.7), (436.3, 94.7), (436.3, 94.7), (436.3, 94.7), (436.3, 94.7), (436.3, 109.6), (436.3, 124.5), (436.3, 139.5), (436.3, 154.4), (436.3, 169.3), (436.3, 184.3), (436.3, 199.2), (436.3, 214.1), (436.3, 225.3), (436.3, 225.3), (436.3, 225.3), (436.3, 225.3), (436.3, 225.3), (436.3, 225.3), (436.3, 225.3), (436.3, 225.3), (436.3, 225.3), (436.3, 225.3), (436.3, 225.3), (436.3, 225.3), (436.3, 225.3), (436.3, 225.3), (436.3, 225.3), (436.3, 225.3), (436.3, 225.3), (436.3, 225.3), (436.3, 225.3), (436.3, 225.3), (436.3, 225.3), (436.3, 225.3), (436.3, 210.4), (436.3, 195.5), (436.3, 180.5), (436.3, 165.6), (436.3, 150.7), (436.3, 135.7), (436.3, 120.8), (436.3, 105.9), (436.3, 94.7), (436.3, 94.7), (436.3, 94.7), (436.3, 94.7), (436.3, 94.7), (436.3, 94.7), (436.3, 94.7), (436.3, 94.7), (436.3, 94.7), (436.3, 94.7), (436.3, 94.7), (436.3, 94.7), (436.3, 94.7), (436.3, 94.7), (436.3, 94.7), (436.3, 94.7), (436.3, 94.7), (436.3, 94.7), (436.3, 94.7), (436.3, 94.7), (436.3, 94.7), (436.3, 94.7), (436.3, 109.6), (436.3, 124.5), (436.3, 139.5), (436.3, 154.4), (436.3, 169.3), (436.3, 184.3), (436.3, 199.2), (436.3, 214.1), (436.3, 225.3), (436.3, 225.3), (436.3, 225.3), (436.3, 225.3), (436.3, 225.3), (436.3, 225.3), (436.3, 225.3), (436.3, 225.3), (436.3, 225.3), (436.3, 225.3), (436.3, 225.3), (436.3, 225.3), (436.3, 225.3), (436.3, 225.3), (436.3, 225.3), (436.3, 225.3), (436.3, 225.3), (436.3, 225.3), (436.3, 225.3), (436.3, 225.3), (436.3, 225.3), (436.3, 225.3), (436.3, 210.4), (436.3, 195.5), (436.3, 180.5), (436.3, 165.6), (436.3, 150.7), (436.3, 135.7), (436.3, 120.8), (436.3, 105.9), (436.3, 94.7), (436.3, 94.7), (436.3, 94.7), (436.3, 94.7), (436.3, 94.7), (436.3, 94.7), (436.3, 94.7), (436.3, 94.7), (436.3, 94.7), (436.3, 94.7), (436.3, 94.7), (436.3, 94.7), (436.3, 94.7), (436.3, 94.7), (436.3, 94.7), (436.3, 94.7), (436.3, 94.7), (436.3, 94.7), (436.3, 94.7), (436.3, 94.7), (436.3, 94.7), (436.3, 94.7), (436.3, 109.6), (436.3, 124.5), (436.3, 139.5), (436.3, 154.4), (436.3, 169.3), (436.3, 184.3), (436.3, 199.2), (436.3, 214.1), (436.3, 225.3), (436.3, 225.3), (436.3, 225.3), (436.3, 225.3), (436.3, 225.3), (436.3, 225.3), (436.3, 225.3), (436.3, 225.3), (436.3, 225.3), (436.3, 225.3), (436.3, 225.3), (436.3, 225.3), (436.3, 225.3), (436.3, 225.3), (436.3, 225.3), (436.3, 225.3), (436.3, 225.3), (436.3, 225.3), (436.3, 225.3), (436.3, 225.3), (436.3, 225.3), (436.3, 225.3), (436.3, 210.4), (436.3, 195.5), (436.3, 180.5), (436.3, 165.6), (436.3, 150.7), (436.3, 135.7), (436.3, 120.8), (436.3, 105.9), (436.3, 94.7), (436.3, 94.7), (436.3, 94.7), (436.3, 94.7), (436.3, 94.7), (436.3, 94.7), (436.3, 94.7), (436.3, 94.7), (436.3, 94.7), (436.3, 94.7), (436.3, 94.7), (436.3, 94.7), (436.3, 94.7), (436.3, 94.7), (436.3, 94.7), (436.3, 94.7), (436.3, 94.7), (436.3, 94.7), (436.3, 94.7), (436.3, 94.7), (436.3, 94.7), (436.3, 94.7), (436.3, 109.6), (436.3, 124.5), (436.3, 139.5), (436.3, 154.4), (436.3, 169.3), (436.3, 184.3), (436.3, 199.2), (436.3, 214.1), (436.3, 225.3), (436.3, 225.3), (436.3, 225.3), (436.3, 225.3), (436.3, 225.3), (436.3, 225.3), (436.3, 225.3), (436.3, 225.3), (436.3, 225.3), (436.3, 225.3), (436.3, 225.3), (436.3, 225.3), (436.3, 225.3), (436.3, 225.3), (436.3, 225.3), (436.3, 225.3), (436.3, 225.3), (436.3, 225.3), (436.3, 225.3), (436.3, 225.3), (436.3, 225.3), (436.3, 225.3), (436.3, 210.4), (436.3, 195.5), (436.3, 180.5), (436.3, 165.6), (436.3, 150.7), (436.3, 135.7), (436.3, 120.8), (436.3, 105.9), (436.3, 94.7), (436.3, 94.7), (436.3, 94.7), (436.3, 94.7), (436.3, 94.7), (436.3, 94.7), (436.3, 94.7), (436.3, 94.7), (436.3, 94.7), (436.3, 94.7), (436.3, 94.7), (436.3, 94.7), (436.3, 94.7), (436.3, 94.7), (436.3, 94.7), (436.3, 94.7), (436.3, 94.7), (436.3, 94.7), (436.3, 94.7), (436.3, 94.7), (436.3, 94.7), (436.3, 94.7), (436.3, 109.6), (436.3, 124.5), (436.3, 139.5), (436.3, 154.4), (436.3, 169.3), (436.3, 184.3), (436.3, 199.2), (436.3, 214.1), (436.3, 225.3), (436.3, 225.3), (436.3, 225.3), (436.3, 225.3), (436.3, 225.3), (436.3, 225.3), (436.3, 225.3), (436.3, 225.3), (436.3, 225.3), (436.3, 225.3), (436.3, 225.3), (436.3, 225.3), (436.3, 225.3), (436.3, 225.3), (436.3, 225.3), (436.3, 225.3), (436.3, 225.3), (436.3, 225.3), (436.3, 225.3), (436.3, 225.3), (436.3, 225.3), (436.3, 225.3), (436.3, 210.4), (436.3, 195.5), (436.3, 180.5), (436.3, 165.6), (436.3, 150.7), (436.3, 135.7), (436.3, 120.8), (436.3, 105.9), (436.3, 94.7), (436.3, 94.7), (436.3, 94.7), (436.3, 94.7), (436.3, 94.7), (436.3, 94.7), (436.3, 94.7), (436.3, 94.7), (436.3, 94.7), (436.3, 94.7), (436.3, 94.7), (436.3, 94.7), (436.3, 94.7), (436.3, 94.7), (436.3, 94.7), (436.3, 94.7), (436.3, 94.7), (436.3, 94.7), (436.3, 94.7), (436.3, 94.7), (436.3, 94.7), (436.3, 94.7), (436.3, 109.6), (436.3, 124.5), (436.3, 139.5), (436.3, 154.4), (436.3, 169.3), (436.3, 184.3), (436.3, 199.2), (436.3, 214.1), (436.3, 225.3), (436.3, 225.3), (436.3, 225.3), (436.3, 225.3), (436.3, 225.3), (436.3, 225.3), (436.3, 225.3), (436.3, 225.3), (436.3, 225.3), (436.3, 225.3), (436.3, 225.3), (436.3, 225.3), (436.3, 225.3), (436.3, 225.3), (436.3, 225.3), (436.3, 225.3), (436.3, 225.3), (436.3, 225.3), (436.3, 225.3), (436.3, 225.3), (436.3, 225.3), (436.3, 225.3), (436.3, 210.4), (436.3, 195.5), (436.3, 180.5), (436.3, 165.6), (436.3, 150.7), (436.3, 135.7), (436.3, 120.8), (436.3, 105.9), (436.3, 94.7), (436.3, 94.7), (436.3, 94.7), (436.3, 94.7), (436.3, 94.7), (436.3, 94.7), (436.3, 94.7), (436.3, 94.7), (436.3, 94.7), (436.3, 94.7), (436.3, 94.7), (436.3, 94.7), (436.3, 94.7), (436.3, 94.7), (436.3, 94.7), (436.3, 94.7), (436.3, 94.7), (436.3, 94.7), (436.3, 94.7), (436.3, 94.7), (436.3, 94.7), (436.3, 94.7)]",0,0,60.0
experienced,bomberman,4,Bomb,16,0,0.93,0.0,"[(48.0, 48.0), (51.7, 62.9), (51.7, 77.9), (51.7, 98.4), (55.5, 113.3), (70.4, 109.6), (83.5, 109.6), (83.5, 109.6), (83.5, 109.6), (83.5, 109.6), (83.5, 109.6), (83.5, 109.6), (83.5, 109.6), (83.5, 109.6), (83.5, 109.6), (83.5, 109.6), (83.5, 109.6), (83.5, 109.6), (83.5, 109.6), (83.5, 109.6), (83.5, 109.6), (83.5, 109.6), (83.5, 109.6), (83.5, 109.6), (83.5, 109.6), (83.5, 109.6), (83.5, 109.6), (83.5, 109.6), (83.5, 109.6), (83.5, 109.6), (83.5, 109.6), (83.5, 109.6), (83.5, 109.6), (83.5, 109.6), (83.5, 109.6), (83.5, 109.6), (83.5, 109.6), (77.9, 109.6), (62.9, 109.6), (48.0, 109.6), (44.3, 105.9), (44.3, 105.9), (44.3, 105.9), (44.3, 105.9), (44.3, 105.9), (44.3, 105.9), (44.3, 105.9), (44.3, 105.9), (44.3, 113.3), (44.3, 113.3), (44.3, 113.3), (44.3, 113.3), (44.3, 113.3), (44.3, 120.8), (44.3, 120.8), (44.3, 120.8), (44.3, 124.5), (44.3, 128.3), (44.3, 128.3), (44.3, 128.3), (44.3, 128.3)]",0,1,8.05
experienced,bomberman,4,Bomb,1,0,48.53,0.591,"[(48.0, 48.0), (59.2, 44.3), (74.1, 44.3), (89.1, 44.3), (104.0, 44.3), (118.9, 44.3), (133.9, 44.3), (148.8, 44.3), (163.7, 44.3), (178.7, 44.3), (193.6, 44.3), (208.5, 44.3), (223.5, 44.3), (238.4, 44.3), (253.3, 44.3), (268.3, 44.3), (283.2, 44.3), (298.1, 44.3), (313.1, 44.3), (328.0, 44.3), (342.9, 44.3), (357.9, 44.3), (372.8, 44.3), (387.7, 44.3), (402.7, 44.3), (417.6, 44.3), (432.5, 44.3), (436.3, 44.3), (436.3, 44.3), (436.3, 44.3), (436.3, 44.3), (436.3, 44.3), (436.3, 44.3), (436.3, 44.3), (436.3, 44.3), (436.3, 44.3), (436.3, 44.3), (436.3, 46.1), (436.3, 61.1), (436.3, 64.8), (436.3, 64.8), (436.3, 64.8), (436.3, 64.8), (436.3, 64.8), (436.3, 64.8), (436.3, 64.8), (436.3, 64.8), (436.3, 64.8), (436.3, 64.8), (436.3, 64.8), (436.3, 64.8), (436.3, 64.8), (436.3, 64.8), (436.3, 64.8), (436.3, 64.8), (436.3, 64.8), (436.3, 64.8), (436.3, 64.8), (436.3, 64.8), (436.3, 64.8), (436.3, 64.8)]",0,0,8.0
experienced,bomberman,4,Bomb,77,0,32.2,0.864,"[(48.0, 48.0), (59.2, 51.7), (74.1, 44.3), (89.1, 44.3), (104.0, 44.3), (118.9, 44.3), (133.9, 44.3), (148.8, 44.3), (163.7, 44.3), (178.7, 44.3), (193.6, 44.3), (208.5, 44.3), (223.5, 44.3), (238.4, 44.3), (253.3, 44.3), (268.3, 44.3), (283.2, 44.3), (298.1, 44.3), (313.1, 44.3), (328.0, 44.3), (342.9, 44.3), (357.9, 44.3), (372.8, 44.3), (387.7, 44.3), (402.7, 44.3), (417.6, 44.3), (432.5, 44.3), (436.3, 44.3), (436.3, 44.3), (436.3, 44.3), (436.3, 44.3), (436.3, 53.6), (436.3, 68.5), (436.3, 83.5), (436.3, 98.4), (436.3, 113.3), (436.3, 128.3), (436.3, 143.2), (436.3, 158.1), (436.3, 173.1), (436.3, 188.0), (436.3, 202.9), (436.3, 217.9), (436.3, 225.3), (436.3, 225.3), (436.3, 225.3), (436.3, 225.3), (436.3, 225.3), (436.3, 225.3), (436.3, 225.3), (436.3, 225.3), (436.3, 225.3), (436.3, 225.3), (436.3, 225.3), (436.3, 225.3), (436.3, 225.3), (436.3, 225.3), (436.3, 225.3), (436.3, 225.3), (436.3, 225.3), (436.3, 225.3), (436.3, 214.1), (436.3, 217.9), (436.3, 225.3), (436.3, 232.8), (436.3, 240.3), (436.3, 247.7), (436.3, 255.2), (434.4, 255.2), (434.4, 255.2), (434.4, 255.2), (434.4, 255.2), (434.4, 255.2), (434.4, 255.2), (434.4, 255.2), (434.4, 255.2), (434.4, 255.2), (434.4, 255.2), (434.4, 255.2), (434.4, 255.2), (434.4, 255.2), (434.4, 255.2), (434.4, 255.2), (434.4, 255.2), (434.4, 255.2), (434.4, 255.2), (434.4, 255.2), (434.4, 255.2), (434.4, 255.2), (434.4, 255.2), (434.4, 255.2)]",0,0,12.0
experienced,bomberman,4,Bomb,8,0,31.57,0.864,"[(48.0, 48.0), (59.2, 44.3), (74.1, 44.3), (89.1, 44.3), (104.0, 44.3), (118.9, 44.3), (133.9, 44.3), (148.8, 44.3), (163.7, 44.3), (178.7, 44.3), (193.6, 44.3), (208.5, 44.3), (223.5, 44.3), (238.4, 44.3), (253.3, 44.3), (268.3, 44.3), (283.2, 44.3), (298.1, 44.3), (313.1, 44.3), (328.0, 44.3), (342.9, 44.3), (357.9, 44.3), (372.8, 44.3), (387.7, 44.3), (402.7, 44.3), (417.6, 44.3), (432.5, 44.3), (436.3, 44.3), (436.3, 44.3), (436.3, 44.3), (436.3, 44.3), (436.3, 46.1), (436.3, 46.1), (436.3, 55.5), (436.3, 70.4), (436.3, 85.3), (436.3, 100.3), (436.3, 115.2), (436.3, 130.1), (436.3, 145.1), (436.3, 160.0), (436.3, 174.9), (436.3, 182.4), (436.3, 182.4), (436.3, 182.4), (436.3, 182.4), (436.3, 182.4), (436.3, 182.4), (436.3, 182.4), (436.3, 182.4), (436.3, 182.4), (436.3, 182.4), (436.3, 182.4), (436.3, 182.4), (436.3, 182.4), (436.3, 182.4), (436.3, 182.4), (436.3, 182.4), (436.3, 182.4), (436.3, 182.4), (436.3, 182.4), (436.3, 174.9), (436.3, 174.9), (436.3, 182.4), (436.3, 193.6), (436.3, 193.6), (436.3, 201.1), (436.3, 201.1), (436.3, 201.1), (436.3, 201.1), (436.3, 208.5), (436.3, 223.5), (436.3, 238.4), (436.3, 253.3), (436.3, 257.1), (436.3, 257.1), (436.3, 257.1), (436.3, 257.1), (436.3, 257.1), (436.3, 257.1), (436.3, 257.1), (436.3, 257.1), (436.3, 257.1), (436.3, 257.1), (436.3, 257.1), (436.3, 257.1), (436.3, 257.1), (436.3, 257.1), (436.3, 257.1), (436.3, 257.1), (436.3, 257.1), (436.3, 242.1), (436.3, 227.2)]",0,0,12.3
experienced,bomberman,4,Timeout,114,0,6.47,0.818,"[(48.0, 48.0), (62.9, 44.3), (77.9, 44.3), (92.8, 44.3), (107.7, 44.3), (122.7, 44.3), (137.6, 44.3), (152.5, 44.3), (167.5, 44.3), (182.4, 44.3), (197.3, 44.3), (212.3, 44.3), (227.2, 44.3), (242.1, 44.3), (257.1, 44.3), (272.0, 44.3), (286.9, 44.3), (301.9, 44.3), (316.8, 44.3), (331.7, 44.3), (346.7, 44.3), (361.6, 44.3), (376.5, 44.3), (391.5, 44.3), (406.4, 44.3), (421.3, 48.0), (436.3, 61.1), (436.3, 76.0), (436.3, 90.9), (436.3, 105.9), (436.3, 120.8), (436.3, 135.7), (436.3, 150.7), (436.3, 165.6), (436.3, 180.5), (436.3, 195.5), (436.3, 210.4), (436.3, 225.3), (436.3, 225.3), (436.3, 225.3), (436.3, 225.3), (436.3, 225.3), (436.3, 225.3), (436.3, 225.3), (436.3, 225.3), (436.3, 225.3), (436.3, 225.3), (436.3, 225.3), (436.3, 225.3), (436.3, 225.3), (436.3, 225.3), (436.3, 225.3), (436.3, 225.3), (436.3, 225.3), (436.3, 225.3), (436.3, 225.3), (436.3, 225.3), (436.3, 225.3), (436.3, 225.3), (436.3, 225.3), (436.3, 225.3), (436.3, 210.4), (436.3, 195.5), (436.3, 180.5), (436.3, 165.6), (436.3, 150.7), (436.3, 135.7), (436.3, 120.8), (436.3, 105.9), (436.3, 94.7), (436.3, 94.7), (436.3, 94.7), (436.3, 94.7), (436.3, 94.7), (436.3, 94.7), (436.3, 94.7), (436.3, 94.7), (436.3, 94.7), (436.3, 94.7), (436.3, 94.7), (436.3, 94.7), (436.3, 94.7), (436.3, 94.7), (436.3, 94.7), (436.3, 94.7), (436.3, 94.7), (436.3, 94.7), (436.3, 94.7), (436.3, 94.7), (436.3, 94.7), (436.3, 94.7), (436.3, 109.6), (436.3, 124.5), (436.3, 139.5), (436.3, 154.4), (436.3, 169.3), (436.3, 184.3), (436.3, 199.2), (436.3, 214.1), (436.3, 225.3), (436.3, 225.3), (436.3, 225.3), (436.3, 225.3), (436.3, 225.3), (436.3, 225.3), (436.3, 225.3), (436.3, 225.3), (436.3, 225.3), (436.3, 225.3), (436.3, 225.3), (436.3, 225.3), (436.3, 225.3), (436.3, 225.3), (436.3, 225.3), (436.3, 225.3), (436.3, 225.3), (436.3, 225.3), (436.3, 225.3), (436.3, 225.3), (436.3, 225.3), (436.3, 225.3), (436.3, 210.4), (436.3, 195.5), (436.3, 180.5), (436.3, 165.6), (436.3, 150.7), (436.3, 135.7), (436.3, 120.8), (436.3, 105.9), (436.3, 94.7), (436.3, 94.7), (436.3, 94.7), (436.3, 94.7), (436.3, 94.7), (436.3, 94.7), (436.3, 94.7), (436.3, 94.7), (436.3, 94.7), (436.3, 94.7), (436.3, 94.7), (436.3, 94.7), (436.3, 94.7), (436.3, 94.7), (436.3, 94.7), (436.3, 94.7), (436.3, 94.7), (436.3, 94.7), (436.3, 94.7), (436.3, 94.7), (436.3, 94.7), (436.3, 94.7), (436.3, 109.6), (436.3, 124.5), (436.3, 139.5), (436.3, 154.4), (436.3, 169.3), (436.3, 184.3), (436.3, 199.2), (436.3, 214.1), (436.3, 225.3), (436.3, 225.3), (436.3, 225.3), (436.3, 225.3), (436.3, 225.3), (436.3, 225.3), (436.3, 225.3), (436.3, 225.3), (436.3, 225.3), (436.3, 225.3), (436.3, 225.3), (436.3, 225.3), (436.3, 225.3), (436.3, 225.3), (436.3, 225.3), (436.3, 225.3), (436.3, 225.3), (436.3, 225.3), (436.3, 225.3), (436.3, 225.3), (436.3, 225.3), (436.3, 225.3), (436.3, 210.4), (436.3, 195.5), (436.3, 180.5), (436.3, 165.6), (436.3, 150.7), (436.3, 135.7), (436.3, 120.8), (436.3, 105.9), (436.3, 94.7), (436.3, 94.7), (436.3, 94.7), (436.3, 94.7), (436.3, 94.7), (436.3, 94.7), (436.3, 94.7), (436.3, 94.7), (436.3, 94.7), (436.3, 94.7), (436.3, 94.7), (436.3, 94.7), (436.3, 94.7), (436.3, 94.7), (436.3, 94.7), (436.3, 94.7), (436.3, 94.7), (436.3, 94.7), (436.3, 94.7), (436.3, 94.7), (436.3, 94.7), (436.3, 94.7), (436.3, 109.6), (436.3, 124.5), (436.3, 139.5), (436.3, 154.4), (436.3, 169.3), (436.3, 184.3), (436.3, 199.2), (436.3, 214.1), (436.3, 225.3), (436.3, 225.3), (436.3, 225.3), (436.3, 225.3), (436.3, 225.3), (436.3, 225.3), (436.3, 225.3), (436.3, 225.3), (436.3, 225.3), (436.3, 225.3), (436.3, 225.3), (436.3, 225.3), (436.3, 225.3), (436.3, 225.3), (436.3, 225.3), (436.3, 225.3), (436.3, 225.3), (436.3, 225.3), (436.3, 225.3), (436.3, 225.3), (436.3, 225.3), (436.3, 225.3), (436.3, 210.4), (436.3, 195.5), (436.3, 180.5), (436.3, 165.6), (436.3, 150.7), (436.3, 135.7), (436.3, 120.8), (436.3, 105.9), (436.3, 94.7), (436.3, 94.7), (436.3, 94.7), (436.3, 94.7), (436.3, 94.7), (436.3, 94.7), (436.3, 94.7), (436.3, 94.7), (436.3, 94.7), (436.3, 94.7), (436.3, 94.7), (436.3, 94.7), (436.3, 94.7), (436.3, 94.7), (436.3, 94.7), (436.3, 94.7), (436.3, 94.7), (436.3, 94.7), (436.3, 94.7), (436.3, 94.7), (436.3, 94.7), (436.3, 94.7), (436.3, 109.6), (436.3, 124.5), (436.3, 139.5), (436.3, 154.4), (436.3, 169.3), (436.3, 184.3), (436.3, 199.2), (436.3, 214.1), (436.3, 225.3), (436.3, 225.3), (436.3, 225.3), (436.3, 225.3), (436.3, 225.3), (436.3, 225.3), (436.3, 225.3), (436.3, 225.3), (436.3, 225.3), (436.3, 225.3), (436.3, 225.3), (436.3, 225.3), (436.3, 225.3), (436.3, 225.3), (436.3, 225.3), (436.3, 225.3), (436.3, 225.3), (436.3, 225.3), (436.3, 225.3), (436.3, 225.3), (436.3, 225.3), (436.3, 225.3), (436.3, 210.4), (436.3, 195.5), (436.3, 180.5), (436.3, 165.6), (436.3, 150.7), (436.3, 135.7), (436.3, 120.8), (436.3, 105.9), (436.3, 94.7), (436.3, 94.7), (436.3, 94.7), (436.3, 94.7), (436.3, 94.7), (436.3, 94.7), (436.3, 94.7), (436.3, 94.7), (436.3, 94.7), (436.3, 94.7), (436.3, 94.7), (436.3, 94.7), (436.3, 94.7), (436.3, 94.7), (436.3, 94.7), (436.3, 94.7), (436.3, 94.7), (436.3, 94.7), (436.3, 94.7), (436.3, 94.7), (436.3, 94.7), (436.3, 94.7), (436.3, 109.6), (436.3, 124.5), (436.3, 139.5), (436.3, 154.4), (436.3, 169.3), (436.3, 184.3), (436.3, 199.2), (436.3, 214.1), (436.3, 225.3), (436.3, 225.3), (436.3, 225.3), (436.3, 225.3), (436.3, 225.3), (436.3, 225.3), (436.3, 225.3), (436.3, 225.3), (436.3, 225.3), (436.3, 225.3), (436.3, 225.3), (436.3, 225.3), (436.3, 225.3), (436.3, 225.3), (436.3, 225.3), (436.3, 225.3), (436.3, 225.3), (436.3, 225.3), (436.3, 225.3), (436.3, 225.3), (436.3, 225.3), (436.3, 225.3), (436.3, 210.4), (436.3, 195.5), (436.3, 180.5), (436.3, 165.6), (436.3, 150.7), (436.3, 135.7), (436.3, 120.8), (436.3, 105.9), (436.3, 94.7), (436.3, 94.7), (436.3, 94.7), (436.3, 94.7), (436.3, 94.7), (436.3, 94.7), (436.3, 94.7), (436.3, 94.7), (436.3, 94.7), (436.3, 94.7), (436.3, 94.7), (436.3, 94.7), (436.3, 94.7), (436.3, 94.7), (436.3, 94.7), (436.3, 94.7), (436.3, 94.7), (436.3, 94.7), (436.3, 94.7), (436.3, 94.7), (436.3, 94.7), (436.3, 94.7), (436.3, 109.6), (436.3, 124.5), (436.3, 139.5), (436.3, 154.4), (436.3, 169.3), (436.3, 184.3), (436.3, 199.2), (436.3, 214.1), (436.3, 225.3), (436.3, 225.3), (436.3, 225.3), (436.3, 225.3), (436.3, 225.3), (436.3, 225.3), (436.3, 225.3), (436.3, 225.3), (436.3, 225.3), (436.3, 225.3), (436.3, 225.3), (436.3, 225.3), (436.3, 225.3), (436.3, 225.3), (436.3, 225.3), (436.3, 225.3), (436.3, 225.3), (436.3, 225.3), (436.3, 225.3), (436.3, 225.3), (436.3, 225.3), (436.3, 225.3), (436.3, 210.4), (436.3, 195.5), (436.3, 180.5), (436.3, 165.6), (436.3, 150.7), (436.3, 135.7), (436.3, 120.8), (436.3, 105.9), (436.3, 94.7), (436.3, 94.7), (436.3, 94.7), (436.3, 94.7), (436.3, 94.7), (436.3, 94.7), (436.3, 94.7), (436.3, 94.7), (436.3, 94.7), (436.3, 94.7), (436.3, 94.7), (436.3, 94.7), (436.3, 94.7), (436.3, 94.7), (436.3, 94.7), (436.3, 94.7), (436.3, 94.7), (436.3, 94.7), (436.3, 94.7), (436.3, 94.7), (436.3, 94.7), (436.3, 94.7)]",0,0,60.0
experienced,bomberman,4,Bomb,34,0,31.73,0.773,"[(48.0, 48.0), (59.2, 46.1), (74.1, 44.3), (89.1, 44.3), (104.0, 44.3), (118.9, 44.3), (133.9, 44.3), (148.8, 44.3), (163.7, 44.3), (178.7, 44.3), (193.6, 44.3), (208.5, 44.3), (223.5, 44.3), (238.4, 44.3), (253.3, 44.3), (268.3, 44.3), (283.2, 44.3), (298.1, 44.3), (313.1, 44.3), (328.0, 44.3), (342.9, 44.3), (357.9, 44.3), (372.8, 44.3), (387.7, 44.3), (402.7, 44.3), (417.6, 44.3), (432.5, 44.3), (436.3, 44.3), (436.3, 44.3), (436.3, 44.3), (436.3, 44.3), (436.3, 46.1), (436.3, 46.1), (436.3, 46.1), (436.3, 46.1), (436.3, 59.2), (436.3, 74.1), (436.3, 89.1), (436.3, 104.0), (436.3, 118.9), (436.3, 133.9), (436.3, 148.8), (436.3, 163.7), (436.3, 174.9), (436.3, 174.9), (436.3, 174.9), (436.3, 174.9), (436.3, 174.9), (436.3, 174.9), (436.3, 174.9), (436.3, 174.9), (436.3, 174.9), (436.3, 174.9), (436.3, 174.9), (436.3, 174.9), (436.3, 174.9), (436.3, 174.9), (436.3, 174.9), (436.3, 174.9), (436.3, 174.9), (436.3, 174.9), (436.3, 167.5), (436.3, 171.2), (436.3, 178.7), (436.3, 182.4), (436.3, 193.6), (436.3, 193.6), (436.3, 193.6), (436.3, 193.6), (436.3, 193.6), (436.3, 193.6), (436.3, 193.6), (436.3, 193.6), (436.3, 193.6), (436.3, 193.6), (436.3, 193.6), (436.3, 193.6), (436.3, 193.6), (436.3, 193.6), (436.3, 193.6), (436.3, 193.6), (436.3, 193.6), (428.8, 189.9), (428.8, 193.6), (428.8, 191.7), (428.8, 189.9), (428.8, 193.6), (428.8, 191.7), (428.8, 189.9), (428.8, 193.6), (428.8, 191.7)]",0,0,12.0
experienced,bomberman,4,Stuck,2,0,34.31,0.727,"[(48.0, 48.0), (59.2, 44.3), (74.1, 44.3), (89.1, 44.3), (104.0, 44.3), (118.9, 44.3), (133.9, 44.3), (148.8, 44.3), (163.7, 44.3), (178.7, 44.3), (193.6, 44.3), (208.5, 44.3), (223.5, 44.3), (238.4, 44.3), (253.3, 44.3), (268.3, 44.3), (283.2, 44.3), (298.1, 44.3), (313.1, 44.3), (328.0, 44.3), (342.9, 44.3), (357.9, 44.3), (372.8, 44.3), (387.7, 44.3), (402.7, 44.3), (417.6, 44.3), (432.5, 57.3), (436.3, 72.3), (436.3, 87.2), (436.3, 102.1), (436.3, 117.1), (428.8, 132.0), (428.8, 146.9), (428.8, 169.3), (417.6, 180.5), (402.7, 173.1), (380.3, 173.1), (365.3, 163.7), (365.3, 160.0), (365.3, 160.0), (365.3, 160.0), (365.3, 160.0), (365.3, 160.0), (365.3, 160.0), (365.3, 160.0), (365.3, 160.0), (365.3, 160.0), (365.3, 160.0), (365.3, 160.0), (365.3, 160.0), (365.3, 160.0), (365.3, 160.0), (365.3, 160.0), (365.3, 160.0), (365.3, 160.0), (365.3, 160.0), (365.3, 160.0), (365.3, 160.0), (365.3, 160.0), (365.3, 160.0), (365.3, 160.0), (365.3, 160.0), (365.3, 160.0), (365.3, 160.0), (365.3, 160.0), (365.3, 160.0), (365.3, 160.0), (365.3, 160.0), (365.3, 160.0), (365.3, 160.0), (365.3, 160.0), (365.3, 160.0)]",0,0,9.47
experienced,bomberman,4,Stuck,1,0,34.31,0.727,"[(48.0, 48.0), (59.2, 44.3), (74.1, 44.3), (89.1, 44.3), (104.0, 44.3), (118.9, 44.3), (133.9, 44.3), (148.8, 44.3), (163.7, 44.3), (178.7, 44.3), (193.6, 44.3), (208.5, 44.3), (223.5, 44.3), (238.4, 44.3), (253.3, 44.3), (268.3, 44.3), (283.2, 44.3), (298.1, 44.3), (313.1, 44.3), (328.0, 44.3), (342.9, 44.3), (357.9, 44.3), (372.8, 44.3), (387.7, 44.3), (402.7, 44.3), (417.6, 44.3), (432.5, 57.3), (436.3, 72.3), (436.3, 87.2), (436.3, 102.1), (436.3, 117.1), (428.8, 132.0), (428.8, 146.9), (428.8, 169.3), (417.6, 180.5), (402.7, 173.1), (380.3, 173.1), (365.3, 163.7), (365.3, 160.0), (365.3, 160.0), (365.3, 160.0), (365.3, 160.0), (365.3, 160.0), (365.3, 160.0), (365.3, 160.0), (365.3, 160.0), (365.3, 160.0), (365.3, 160.0), (365.3, 160.0), (365.3, 160.0), (365.3, 160.0), (365.3, 160.0), (365.3, 160.0), (365.3, 160.0), (365.3, 160.0), (365.3, 160.0), (365.3, 160.0), (365.3, 160.0), (365.3, 160.0), (365.3, 160.0), (365.3, 160.0), (365.3, 160.0), (365.3, 160.0), (365.3, 160.0), (365.3, 160.0), (365.3, 160.0), (365.3, 160.0), (365.3, 160.0), (365.3, 160.0), (365.3, 160.0), (365.3, 160.0), (365.3, 160.0)]",0,0,9.47
experienced,bomberman,4,Bomb,2,0,7.0,0.045,"[(48.0, 48.0), (59.2, 44.3), (74.1, 44.3), (76.0, 44.3), (76.0, 44.3), (76.0, 44.3), (76.0, 44.3), (76.0, 44.3), (76.0, 44.3), (76.0, 44.3), (76.0, 44.3), (76.0, 44.3), (76.0, 44.3), (76.0, 44.3), (76.0, 44.3), (76.0, 44.3), (76.0, 44.3), (76.0, 44.3), (76.0, 44.3), (76.0, 44.3), (76.0, 44.3), (76.0, 44.3), (76.0, 44.3), (76.0, 44.3), (76.0, 44.3), (76.0, 44.3), (76.0, 44.3), (76.0, 44.3), (76.0, 44.3), (76.0, 44.3), (76.0, 44.3)]",0,0,4.0
experienced,bomberman,4,Stuck,3,0,24.1,0.818,"[(48.0, 48.0), (44.3, 62.9), (44.3, 77.9), (44.3, 92.8), (44.3, 107.7), (44.3, 122.7), (44.3, 137.6), (44.3, 152.5), (44.3, 160.0), (44.3, 145.1), (44.3, 130.1), (44.3, 115.2), (44.3, 100.3), (46.1, 85.3), (51.7, 66.7), (53.6, 49.9), (68.5, 44.3), (83.5, 44.3), (98.4, 44.3), (113.3, 44.3), (128.3, 44.3), (143.2, 44.3), (158.1, 44.3), (173.1, 44.3), (188.0, 44.3), (202.9, 44.3), (217.9, 44.3), (232.8, 44.3), (247.7, 44.3), (262.7, 44.3), (277.6, 44.3), (292.5, 44.3), (307.5, 44.3), (322.4, 44.3), (337.3, 44.3), (352.3, 44.3), (367.2, 44.3), (382.1, 44.3), (397.1, 44.3), (412.0, 44.3), (426.9, 51.7), (436.3, 66.7), (436.3, 81.6), (436.3, 96.5), (436.3, 111.5), (436.3, 126.4), (436.3, 141.3), (436.3, 156.3), (436.3, 171.2), (436.3, 182.4), (436.3, 182.4), (436.3, 182.4), (436.3, 182.4), (436.3, 182.4), (436.3, 182.4), (436.3, 182.4), (436.3, 182.4), (436.3, 182.4), (436.3, 182.4), (436.3, 182.4), (436.3, 182.4), (436.3, 182.4), (436.3, 182.4), (436.3, 182.4), (436.3, 182.4), (436.3, 182.4), (436.3, 182.4), (436.3, 182.4), (430.7, 189.9), (428.8, 204.8), (428.8, 227.2), (423.2, 242.1), (408.3, 236.5), (397.1, 236.5), (397.1, 236.5), (397.1, 236.5), (397.1, 236.5), (397.1, 236.5), (397.1, 236.5), (397.1, 236.5), (397.1, 236.5), (397.1, 236.5), (397.1, 236.5), (397.1, 236.5), (397.1, 236.5), (397.1, 236.5), (397.1, 236.5), (397.1, 236.5), (397.1, 236.5), (397.1, 236.5), (397.1, 236.5), (397.1, 236.5), (397.1, 236.5), (397.1, 236.5), (397.1, 236.5), (397.1, 236.5), (397.1, 236.5), (397.1, 236.5), (397.1, 236.5), (397.1, 236.5), (397.1, 236.5), (397.1, 236.5), (397.1, 236.5), (397.1, 236.5), (397.1, 236.5), (397.1, 236.5), (397.1, 236.5), (397.1, 236.5), (397.1, 236.5)]",0,0,14.48
experienced,bomberman,4,Bomb,52,0,4.51,0.0,"[(48.0, 48.0), (51.7, 62.9), (51.7, 77.9), (51.7, 98.4), (55.5, 113.3), (64.8, 109.6), (64.8, 111.5), (62.9, 109.6), (64.8, 109.6), (64.8, 111.5), (62.9, 109.6), (64.8, 109.6), (64.8, 111.5), (62.9, 109.6), (64.8, 109.6), (64.8, 111.5), (62.9, 109.6), (64.8, 109.6), (64.8, 111.5), (62.9, 109.6), (64.8, 109.6), (64.8, 111.5), (62.9, 109.6), (64.8, 109.6), (55.5, 115.2), (44.3, 128.3), (51.7, 143.2), (51.7, 165.6), (59.2, 180.5), (74.1, 173.1), (94.7, 173.1), (107.7, 173.1), (115.2, 158.1), (115.2, 143.2), (115.2, 141.3), (115.2, 141.3), (115.2, 141.3), (115.2, 141.3), (115.2, 141.3), (115.2, 141.3), (115.2, 141.3), (115.2, 141.3), (115.2, 141.3), (115.2, 141.3), (115.2, 141.3), (115.2, 141.3), (115.2, 141.3), (115.2, 141.3), (115.2, 141.3), (115.2, 141.3), (115.2, 141.3), (115.2, 141.3), (115.2, 141.3), (115.2, 141.3), (115.2, 141.3), (115.2, 141.3), (115.2, 141.3), (115.2, 141.3), (115.2, 141.3), (115.2, 141.3), (115.2, 141.3), (113.3, 141.3), (109.6, 141.3), (109.6, 141.3), (115.2, 141.3), (109.6, 141.3), (109.6, 141.3), (109.6, 141.3), (109.6, 141.3), (109.6, 141.3), (109.6, 141.3), (109.6, 141.3), (109.6, 141.3), (109.6, 141.3), (109.6, 145.1), (109.6, 145.1), (109.6, 145.1), (109.6, 145.1), (109.6, 154.4), (109.6, 150.7), (109.6, 152.5), (109.6, 154.4), (109.6, 161.9), (109.6, 163.7), (109.6, 160.0), (109.6, 161.9), (109.6, 163.7), (109.6, 160.0), (109.6, 161.9), (109.6, 163.7), (109.6, 160.0)]",0,1,12.0
experienced,bomberman,4,Bomb,6,0,31.73,0.773,"[(48.0, 48.0), (59.2, 44.3), (74.1, 44.3), (89.1, 44.3), (104.0, 44.3), (118.9, 44.3), (133.9, 44.3), (148.8, 44.3), (163.7, 44.3), (178.7, 44.3), (193.6, 44.3), (208.5, 44.3), (223.5, 44.3), (238.4, 44.3), (253.3, 44.3), (268.3, 44.3), (283.2, 44.3), (298.1, 44.3), (313.1, 44.3), (328.0, 44.3), (342.9, 44.3), (357.9, 44.3), (372.8, 44.3), (387.7, 44.3), (402.7, 44.3), (417.6, 44.3), (432.5, 44.3), (436.3, 44.3), (436.3, 44.3), (436.3, 44.3), (436.3, 44.3), (436.3, 44.3), (436.3, 44.3), (436.3, 44.3), (436.3, 44.3), (436.3, 44.3), (436.3, 44.3), (436.3, 44.3), (436.3, 44.3), (436.3, 44.3), (436.3, 44.3), (436.3, 44.3), (436.3, 44.3), (436.3, 44.3), (436.3, 44.3), (436.3, 59.2), (430.7, 74.1), (428.8, 92.8), (436.3, 109.6), (436.3, 124.5), (436.3, 139.5), (436.3, 154.4), (436.3, 169.3), (436.3, 184.3), (436.3, 184.3), (436.3, 184.3), (436.3, 184.3), (436.3, 184.3), (436.3, 184.3), (436.3, 184.3), (436.3, 184.3), (436.3, 173.1), (436.3, 176.8), (436.3, 180.5), (436.3, 184.3), (436.3, 191.7), (436.3, 191.7), (436.3, 191.7), (436.3, 191.7), (436.3, 191.7), (434.4, 191.7), (434.4, 191.7), (434.4, 191.7), (434.4, 191.7), (434.4, 191.7), (434.4, 191.7), (434.4, 191.7), (434.4, 191.7), (434.4, 191.7), (434.4, 191.7), (434.4, 191.7), (434.4, 191.7), (434.4, 191.7), (434.4, 191.7), (434.4, 191.7), (428.8, 191.7), (428.8, 189.9), (428.8, 193.6), (428.8, 191.7), (428.8, 189.9), (428.8, 193.6)]",0,0,12.0
experienced,bomberman,4,Bomb,8,0,31.57,0.864,"[(48.0, 48.0), (59.2, 44.3), (74.1, 44.3), (89.1, 44.3), (104.0, 44.3), (118.9, 44.3), (133.9, 44.3), (148.8, 44.3), (163.7, 44.3), (178.7, 44.3), (193.6, 44.3), (208.5, 44.3), (223.5, 44.3), (238.4, 44.3), (253.3, 44.3), (268.3, 44.3), (283.2, 44.3), (298.1, 44.3), (313.1, 44.3), (328.0, 44.3), (342.9, 44.3), (357.9, 44.3), (372.8, 44.3), (387.7, 44.3), (402.7, 44.3), (417.6, 44.3), (432.5, 44.3), (436.3, 44.3), (436.3, 44.3), (436.3, 44.3), (436.3, 44.3), (436.3, 46.1), (436.3, 46.1), (436.3, 55.5), (436.3, 70.4), (436.3, 85.3), (436.3, 100.3), (436.3, 115.2), (436.3, 130.1), (436.3, 145.1), (436.3, 160.0), (436.3, 174.9), (436.3, 182.4), (436.3, 182.4), (436.3, 182.4), (436.3, 182.4), (436.3, 182.4), (436.3, 182.4), (436.3, 182.4), (436.3, 182.4), (436.3, 182.4), (436.3, 182.4), (436.3, 182.4), (436.3, 182.4), (436.3, 182.4), (436.3, 182.4), (436.3, 182.4), (436.3, 182.4), (436.3, 182.4), (436.3, 182.4), (436.3, 182.4), (436.3, 174.9), (436.3, 174.9), (436.3, 182.4), (436.3, 193.6), (436.3, 193.6), (436.3, 201.1), (436.3, 201.1), (436.3, 201.1), (436.3, 201.1), (436.3, 208.5), (436.3, 223.5), (436.3, 238.4), (436.3, 253.3), (436.3, 257.1), (436.3, 257.1), (436.3, 257.1), (436.3, 257.1), (436.3, 257.1), (436.3, 257.1), (436.3, 257.1), (436.3, 257.1), (436.3, 257.1), (436.3, 257.1), (436.3, 257.1), (436.3, 257.1), (436.3, 257.1), (436.3, 257.1), (436.3, 257.1), (436.3, 257.1), (436.3, 257.1), (436.3, 242.1), (436.3, 227.2)]",0,0,12.3
experienced,bomberman,4,Bomb,77,0,32.2,0.864,"[(48.0, 48.0), (59.2, 51.7), (74.1, 44.3), (89.1, 44.3), (104.0, 44.3), (118.9, 44.3), (133.9, 44.3), (148.8, 44.3), (163.7, 44.3), (178.7, 44.3), (193.6, 44.3), (208.5, 44.3), (223.5, 44.3), (238.4, 44.3), (253.3, 44.3), (268.3, 44.3), (283.2, 44.3), (298.1, 44.3), (313.1, 44.3), (328.0, 44.3), (342.9, 44.3), (357.9, 44.3), (372.8, 44.3), (387.7, 44.3), (402.7, 44.3), (417.6, 44.3), (432.5, 44.3), (436.3, 44.3), (436.3, 44.3), (436.3, 44.3), (436.3, 44.3), (436.3, 53.6), (436.3, 68.5), (436.3, 83.5), (436.3, 98.4), (436.3, 113.3), (436.3, 128.3), (436.3, 143.2), (436.3, 158.1), (436.3, 173.1), (436.3, 188.0), (436.3, 202.9), (436.3, 217.9), (436.3, 225.3), (436.3, 225.3), (436.3, 225.3), (436.3, 225.3), (436.3, 225.3), (436.3, 225.3), (436.3, 225.3), (436.3, 225.3), (436.3, 225.3), (436.3, 225.3), (436.3, 225.3), (436.3, 225.3), (436.3, 225.3), (436.3, 225.3), (436.3, 225.3), (436.3, 225.3), (436.3, 225.3), (436.3, 225.3), (436.3, 214.1), (436.3, 217.9), (436.3, 225.3), (436.3, 232.8), (436.3, 240.3), (436.3, 247.7), (436.3, 255.2), (434.4, 255.2), (434.4, 255.2), (434.4, 255.2), (434.4, 255.2), (434.4, 255.2), (434.4, 255.2), (434.4, 255.2), (434.4, 255.2), (434.4, 255.2), (434.4, 255.2), (434.4, 255.2), (434.4, 255.2), (434.4, 255.2), (434.4, 255.2), (434.4, 255.2), (434.4, 255.2), (434.4, 255.2), (434.4, 255.2), (434.4, 255.2), (434.4, 255.2), (434.4, 255.2), (434.4, 255.2), (434.4, 255.2)]",0,0,12.0
experienced,bomberman,4,Stuck,3,0,24.1,0.818,"[(48.0, 48.0), (44.3, 62.9), (44.3, 77.9), (44.3, 92.8), (44.3, 107.7), (44.3, 122.7), (44.3, 137.6), (44.3, 152.5), (44.3, 160.0), (44.3, 145.1), (44.3, 130.1), (44.3, 115.2), (44.3, 100.3), (46.1, 85.3), (51.7, 66.7), (53.6, 49.9), (68.5, 44.3), (83.5, 44.3), (98.4, 44.3), (113.3, 44.3), (128.3, 44.3), (143.2, 44.3), (158.1, 44.3), (173.1, 44.3), (188.0, 44.3), (202.9, 44.3), (217.9, 44.3), (232.8, 44.3), (247.7, 44.3), (262.7, 44.3), (277.6, 44.3), (292.5, 44.3), (307.5, 44.3), (322.4, 44.3), (337.3, 44.3), (352.3, 44.3), (367.2, 44.3), (382.1, 44.3), (397.1, 44.3), (412.0, 44.3), (426.9, 51.7), (436.3, 66.7), (436.3, 81.6), (436.3, 96.5), (436.3, 111.5), (436.3, 126.4), (436.3, 141.3), (436.3, 156.3), (436.3, 171.2), (436.3, 182.4), (436.3, 182.4), (436.3, 182.4), (436.3, 182.4), (436.3, 182.4), (436.3, 182.4), (436.3, 182.4), (436.3, 182.4), (436.3, 182.4), (436.3, 182.4), (436.3, 182.4), (436.3, 182.4), (436.3, 182.4), (436.3, 182.4), (436.3, 182.4), (436.3, 182.4), (436.3, 182.4), (436.3, 182.4), (436.3, 182.4), (430.7, 189.9), (428.8, 204.8), (428.8, 227.2), (423.2, 242.1), (408.3, 236.5), (397.1, 236.5), (397.1, 236.5), (397.1, 236.5), (397.1, 236.5), (397.1, 236.5), (397.1, 236.5), (397.1, 236.5), (397.1, 236.5), (397.1, 236.5), (397.1, 236.5), (397.1, 236.5), (397.1, 236.5), (397.1, 236.5), (397.1, 236.5), (397.1, 236.5), (397.1, 236.5), (397.1, 236.5), (397.1, 236.5), (397.1, 236.5), (397.1, 236.5), (397.1, 236.5), (397.1, 236.5), (397.1, 236.5), (397.1, 236.5), (397.1, 236.5), (397.1, 236.5), (397.1, 236.5), (397.1, 236.5), (397.1, 236.5), (397.1, 236.5), (397.1, 236.5), (397.1, 236.5), (397.1, 236.5), (397.1, 236.5), (397.1, 236.5), (397.1, 236.5)]",0,0,14.48
experienced,bomberman,4,Timeout,114,0,6.47,0.818,"[(48.0, 48.0), (62.9, 44.3), (77.9, 44.3), (92.8, 44.3), (107.7, 44.3), (122.7, 44.3), (137.6, 44.3), (152.5, 44.3), (167.5, 44.3), (182.4, 44.3), (197.3, 44.3), (212.3, 44.3), (227.2, 44.3), (242.1, 44.3), (257.1, 44.3), (272.0, 44.3), (286.9, 44.3), (301.9, 44.3), (316.8, 44.3), (331.7, 44.3), (346.7, 44.3), (361.6, 44.3), (376.5, 44.3), (391.5, 44.3), (406.4, 44.3), (421.3, 48.0), (436.3, 61.1), (436.3, 76.0), (436.3, 90.9), (436.3, 105.9), (436.3, 120.8), (436.3, 135.7), (436.3, 150.7), (436.3, 165.6), (436.3, 180.5), (436.3, 195.5), (436.3, 210.4), (436.3, 225.3), (436.3, 225.3), (436.3, 225.3), (436.3, 225.3), (436.3, 225.3), (436.3, 225.3), (436.3, 225.3), (436.3, 225.3), (436.3, 225.3), (436.3, 225.3), (436.3, 225.3), (436.3, 225.3), (436.3, 225.3), (436.3, 225.3), (436.3, 225.3), (436.3, 225.3), (436.3, 225.3), (436.3, 225.3), (436.3, 225.3), (436.3, 225.3), (436.3, 225.3), (436.3, 225.3), (436.3, 225.3), (436.3, 225.3), (436.3, 210.4), (436.3, 195.5), (436.3, 180.5), (436.3, 165.6), (436.3, 150.7), (436.3, 135.7), (436.3, 120.8), (436.3, 105.9), (436.3, 94.7), (436.3, 94.7), (436.3, 94.7), (436.3, 94.7), (436.3, 94.7), (436.3, 94.7), (436.3, 94.7), (436.3, 94.7), (436.3, 94.7), (436.3, 94.7), (436.3, 94.7), (436.3, 94.7), (436.3, 94.7), (436.3, 94.7), (436.3, 94.7), (436.3, 94.7), (436.3, 94.7), (436.3, 94.7), (436.3, 94.7), (436.3, 94.7), (436.3, 94.7), (436.3, 94.7), (436.3, 109.6), (436.3, 124.5), (436.3, 139.5), (436.3, 154.4), (436.3, 169.3), (436.3, 184.3), (436.3, 199.2), (436.3, 214.1), (436.3, 225.3), (436.3, 225.3), (436.3, 225.3), (436.3, 225.3), (436.3, 225.3), (436.3, 225.3), (436.3, 225.3), (436.3, 225.3), (436.3, 225.3), (436.3, 225.3), (436.3, 225.3), (436.3, 225.3), (436.3, 225.3), (436.3, 225.3), (436.3, 225.3), (436.3, 225.3), (436.3, 225.3), (436.3, 225.3), (436.3, 225.3), (436.3, 225.3), (436.3, 225.3), (436.3, 225.3), (436.3, 210.4), (436.3, 195.5), (436.3, 180.5), (436.3, 165.6), (436.3, 150.7), (436.3, 135.7), (436.3, 120.8), (436.3, 105.9), (436.3, 94.7), (436.3, 94.7), (436.3, 94.7), (436.3, 94.7), (436.3, 94.7), (436.3, 94.7), (436.3, 94.7), (436.3, 94.7), (436.3, 94.7), (436.3, 94.7), (436.3, 94.7), (436.3, 94.7), (436.3, 94.7), (436.3, 94.7), (436.3, 94.7), (436.3, 94.7), (436.3, 94.7), (436.3, 94.7), (436.3, 94.7), (436.3, 94.7), (436.3, 94.7), (436.3, 94.7), (436.3, 109.6), (436.3, 124.5), (436.3, 139.5), (436.3, 154.4), (436.3, 169.3), (436.3, 184.3), (436.3, 199.2), (436.3, 214.1), (436.3, 225.3), (436.3, 225.3), (436.3, 225.3), (436.3, 225.3), (436.3, 225.3), (436.3, 225.3), (436.3, 225.3), (436.3, 225.3), (436.3, 225.3), (436.3, 225.3), (436.3, 225.3), (436.3, 225.3), (436.3, 225.3), (436.3, 225.3), (436.3, 225.3), (436.3, 225.3), (436.3, 225.3), (436.3, 225.3), (436.3, 225.3), (436.3, 225.3), (436.3, 225.3), (436.3, 225.3), (436.3, 210.4), (436.3, 195.5), (436.3, 180.5), (436.3, 165.6), (436.3, 150.7), (436.3, 135.7), (436.3, 120.8), (436.3, 105.9), (436.3, 94.7), (436.3, 94.7), (436.3, 94.7), (436.3, 94.7), (436.3, 94.7), (436.3, 94.7), (436.3, 94.7), (436.3, 94.7), (436.3, 94.7), (436.3, 94.7), (436.3, 94.7), (436.3, 94.7), (436.3, 94.7), (436.3, 94.7), (436.3, 94.7), (436.3, 94.7), (436.3, 94.7), (436.3, 94.7), (436.3, 94.7), (436.3, 94.7), (436.3, 94.7), (436.3, 94.7), (436.3, 109.6), (436.3, 124.5), (436.3, 139.5), (436.3, 154.4), (436.3, 169.3), (436.3, 184.3), (436.3, 199.2), (436.3, 214.1), (436.3, 225.3), (436.3, 225.3), (436.3, 225.3), (436.3, 225.3), (436.3, 225.3), (436.3, 225.3), (436.3, 225.3), (436.3, 225.3), (436.3, 225.3), (436.3, 225.3), (436.3, 225.3), (436.3, 225.3), (436.3, 225.3), (436.3, 225.3), (436.3, 225.3), (436.3, 225.3), (436.3, 225.3), (436.3, 225.3), (436.3, 225.3), (436.3, 225.3), (436.3, 225.3), (436.3, 225.3), (436.3, 210.4), (436.3, 195.5), (436.3, 180.5), (436.3, 165.6), (436.3, 150.7), (436.3, 135.7), (436.3, 120.8), (436.3, 105.9), (436.3, 94.7), (436.3, 94.7), (436.3, 94.7), (436.3, 94.7), (436.3, 94.7), (436.3, 94.7), (436.3, 94.7), (436.3, 94.7), (436.3, 94.7), (436.3, 94.7), (436.3, 94.7), (436.3, 94.7), (436.3, 94.7), (436.3, 94.7), (436.3, 94.7), (436.3, 94.7), (436.3, 94.7), (436.3, 94.7), (436.3, 94.7), (436.3, 94.7), (436.3, 94.7), (436.3, 94.7), (436.3, 109.6), (436.3, 124.5), (436.3, 139.5), (436.3, 154.4), (436.3, 169.3), (436.3, 184.3), (436.3, 199.2), (436.3, 214.1), (436.3, 225.3), (436.3, 225.3), (436.3, 225.3), (436.3, 225.3), (436.3, 225.3), (436.3, 225.3), (436.3, 225.3), (436.3, 225.3), (436.3, 225.3), (436.3, 225.3), (436.3, 225.3), (436.3, 225.3), (436.3, 225.3), (436.3, 225.3), (436.3, 225.3), (436.3, 225.3), (436.3, 225.3), (436.3, 225.3), (436.3, 225.3), (436.3, 225.3), (436.3, 225.3), (436.3, 225.3), (436.3, 210.4), (436.3, 195.5), (436.3, 180.5), (436.3, 165.6), (436.3, 150.7), (436.3, 135.7), (436.3, 120.8), (436.3, 105.9), (436.3, 94.7), (436.3, 94.7), (436.3, 94.7), (436.3, 94.7), (436.3, 94.7), (436.3, 94.7), (436.3, 94.7), (436.3, 94.7), (436.3, 94.7), (436.3, 94.7), (436.3, 94.7), (436.3, 94.7), (436.3, 94.7), (436.3, 94.7), (436.3, 94.7), (436.3, 94.7), (436.3, 94.7), (436.3, 94.7), (436.3, 94.7), (436.3, 94.7), (436.3, 94.7), (436.3, 94.7), (436.3, 109.6), (436.3, 124.5), (436.3, 139.5), (436.3, 154.4), (436.3, 169.3), (436.3, 184.3), (436.3, 199.2), (436.3, 214.1), (436.3, 225.3), (436.3, 225.3), (436.3, 225.3), (436.3, 225.3), (436.3, 225.3), (436.3, 225.3), (436.3, 225.3), (436.3, 225.3), (436.3, 225.3), (436.3, 225.3), (436.3, 225.3), (436.3, 225.3), (436.3, 225.3), (436.3, 225.3), (436.3, 225.3), (436.3, 225.3), (436.3, 225.3), (436.3, 225.3), (436.3, 225.3), (436.3, 225.3), (436.3, 225.3), (436.3, 225.3), (436.3, 210.4), (436.3, 195.5), (436.3, 180.5), (436.3, 165.6), (436.3, 150.7), (436.3, 135.7), (436.3, 120.8), (436.3, 105.9), (436.3, 94.7), (436.3, 94.7), (436.3, 94.7), (436.3, 94.7), (436.3, 94.7), (436.3, 94.7), (436.3, 94.7), (436.3, 94.7), (436.3, 94.7), (436.3, 94.7), (436.3, 94.7), (436.3, 94.7), (436.3, 94.7), (436.3, 94.7), (436.3, 94.7), (436.3, 94.7), (436.3, 94.7), (436.3, 94.7), (436.3, 94.7), (436.3, 94.7), (436.3, 94.7), (436.3, 94.7), (436.3, 109.6), (436.3, 124.5), (436.3, 139.5), (436.3, 154.4), (436.3, 169.3), (436.3, 184.3), (436.3, 199.2), (436.3, 214.1), (436.3, 225.3), (436.3, 225.3), (436.3, 225.3), (436.3, 225.3), (436.3, 225.3), (436.3, 225.3), (436.3, 225.3), (436.3, 225.3), (436.3, 225.3), (436.3, 225.3), (436.3, 225.3), (436.3, 225.3), (436.3, 225.3), (436.3, 225.3), (436.3, 225.3), (436.3, 225.3), (436.3, 225.3), (436.3, 225.3), (436.3, 225.3), (436.3, 225.3), (436.3, 225.3), (436.3, 225.3), (436.3, 210.4), (436.3, 195.5), (436.3, 180.5), (436.3, 165.6), (436.3, 150.7), (436.3, 135.7), (436.3, 120.8), (436.3, 105.9), (436.3, 94.7), (436.3, 94.7), (436.3, 94.7), (436.3, 94.7), (436.3, 94.7), (436.3, 94.7), (436.3, 94.7), (436.3, 94.7), (436.3, 94.7), (436.3, 94.7), (436.3, 94.7), (436.3, 94.7), (436.3, 94.7), (436.3, 94.7), (436.3, 94.7), (436.3, 94.7), (436.3, 94.7), (436.3, 94.7), (436.3, 94.7), (436.3, 94.7), (436.3, 94.7), (436.3, 94.7)]",0,0,60.0
experienced,bomberman,4,Bomb,6,0,31.73,0.773,"[(48.0, 48.0), (59.2, 44.3), (74.1, 44.3), (89.1, 44.3), (104.0, 44.3), (118.9, 44.3), (133.9, 44.3), (148.8, 44.3), (163.7, 44.3), (178.7, 44.3), (193.6, 44.3), (208.5, 44.3), (223.5, 44.3), (238.4, 44.3), (253.3, 44.3), (268.3, 44.3), (283.2, 44.3), (298.1, 44.3), (313.1, 44.3), (328.0, 44.3), (342.9, 44.3), (357.9, 44.3), (372.8, 44.3), (387.7, 44.3), (402.7, 44.3), (417.6, 44.3), (432.5, 44.3), (436.3, 44.3), (436.3, 44.3), (436.3, 44.3), (436.3, 44.3), (436.3, 44.3), (436.3, 44.3), (436.3, 44.3), (436.3, 44.3), (436.3, 44.3), (436.3, 44.3), (436.3, 44.3), (436.3, 44.3), (436.3, 44.3), (436.3, 44.3), (436.3, 44.3), (436.3, 44.3), (436.3, 44.3), (436.3, 44.3), (436.3, 59.2), (430.7, 74.1), (428.8, 92.8), (436.3, 109.6), (436.3, 124.5), (436.3, 139.5), (436.3, 154.4), (436.3, 169.3), (436.3, 184.3), (436.3, 184.3), (436.3, 184.3), (436.3, 184.3), (436.3, 184.3), (436.3, 184.3), (436.3, 184.3), (436.3, 184.3), (436.3, 173.1), (436.3, 176.8), (436.3, 180.5), (436.3, 184.3), (436.3, 191.7), (436.3, 191.7), (436.3, 191.7), (436.3, 191.7), (436.3, 191.7), (434.4, 191.7), (434.4, 191.7), (434.4, 191.7), (434.4, 191.7), (434.4, 191.7), (434.4, 191.7), (434.4, 191.7), (434.4, 191.7), (434.4, 191.7), (434.4, 191.7), (434.4, 191.7), (434.4, 191.7), (434.4, 191.7), (434.4, 191.7), (434.4, 191.7), (428.8, 191.7), (428.8, 189.9), (428.8, 193.6), (428.8, 191.7), (428.8, 189.9), (428.8, 193.6)]",0,0,12.0
experienced,bomberman,4,Bomb,34,0,31.73,0.773,"[(48.0, 48.0), (59.2, 46.1), (74.1, 44.3), (89.1, 44.3), (104.0, 44.3), (118.9, 44.3), (133.9, 44.3), (148.8, 44.3), (163.7, 44.3), (178.7, 44.3), (193.6, 44.3), (208.5, 44.3), (223.5, 44.3), (238.4, 44.3), (253.3, 44.3), (268.3, 44.3), (283.2, 44.3), (298.1, 44.3), (313.1, 44.3), (328.0, 44.3), (342.9, 44.3), (357.9, 44.3), (372.8, 44.3), (387.7, 44.3), (402.7, 44.3), (417.6, 44.3), (432.5, 44.3), (436.3, 44.3), (436.3, 44.3), (436.3, 44.3), (436.3, 44.3), (436.3, 46.1), (436.3, 46.1), (436.3, 46.1), (436.3, 46.1), (436.3, 59.2), (436.3, 74.1), (436.3, 89.1), (436.3, 104.0), (436.3, 118.9), (436.3, 133.9), (436.3, 148.8), (436.3, 163.7), (436.3, 174.9), (436.3, 174.9), (436.3, 174.9), (436.3, 174.9), (436.3, 174.9), (436.3, 174.9), (436.3, 174.9), (436.3, 174.9), (436.3, 174.9), (436.3, 174.9), (436.3, 174.9), (436.3, 174.9), (436.3, 174.9), (436.3, 174.9), (436.3, 174.9), (436.3, 174.9), (436.3, 174.9), (436.3, 174.9), (436.3, 167.5), (436.3, 171.2), (436.3, 178.7), (436.3, 182.4), (436.3, 193.6), (436.3, 193.6), (436.3, 193.6), (436.3, 193.6), (436.3, 193.6), (436.3, 193.6), (436.3, 193.6), (436.3, 193.6), (436.3, 193.6), (436.3, 193.6), (436.3, 193.6), (436.3, 193.6), (436.3, 193.6), (436.3, 193.6), (436.3, 193.6), (436.3, 193.6), (436.3, 193.6), (428.8, 189.9), (428.8, 193.6), (428.8, 191.7), (428.8, 189.9), (428.8, 193.6), (428.8, 191.7), (428.8, 189.9), (428.8, 193.6), (428.8, 191.7)]",0,0,12.0
experienced,bomberman,4,Stuck,0,0,-0.75,0.0,"[(48.0, 48.0), (44.3, 62.9), (44.3, 77.9), (44.3, 92.8), (44.3, 107.7), (44.3, 122.7), (44.3, 137.6), (44.3, 152.5), (44.3, 167.5), (44.3, 182.4), (44.3, 197.3), (44.3, 212.3), (44.3, 227.2), (44.3, 230.9), (44.3, 230.9), (44.3, 230.9), (44.3, 230.9), (44.3, 230.9), (44.3, 230.9), (44.3, 230.9), (44.3, 230.9), (44.3, 230.9), (44.3, 230.9), (44.3, 230.9), (44.3, 230.9), (44.3, 230.9), (44.3, 230.9), (44.3, 230.9), (44.3, 230.9), (44.3, 230.9), (44.3, 230.9), (44.3, 230.9), (44.3, 230.9), (44.3, 230.9), (44.3, 230.9), (44.3, 230.9), (44.3, 230.9), (44.3, 230.9)]",0,0,5.0
experienced,bomberman,4,Bomb,72,0,32.2,0.864,"[(48.0, 48.0), (59.2, 46.1), (74.1, 44.3), (89.1, 44.3), (104.0, 44.3), (118.9, 44.3), (133.9, 44.3), (148.8, 44.3), (163.7, 44.3), (178.7, 44.3), (193.6, 44.3), (208.5, 44.3), (223.5, 44.3), (238.4, 44.3), (253.3, 44.3), (268.3, 44.3), (283.2, 44.3), (298.1, 44.3), (313.1, 44.3), (328.0, 44.3), (342.9, 44.3), (357.9, 44.3), (372.8, 44.3), (387.7, 44.3), (402.7, 44.3), (417.6, 44.3), (432.5, 44.3), (436.3, 44.3), (436.3, 44.3), (436.3, 44.3), (436.3, 44.3), (436.3, 46.1), (436.3, 57.3), (436.3, 72.3), (436.3, 87.2), (436.3, 102.1), (436.3, 117.1), (436.3, 132.0), (436.3, 146.9), (436.3, 161.9), (436.3, 176.8), (436.3, 191.7), (436.3, 206.7), (436.3, 221.6), (436.3, 225.3), (436.3, 225.3), (436.3, 225.3), (436.3, 225.3), (436.3, 225.3), (436.3, 225.3), (436.3, 225.3), (436.3, 225.3), (436.3, 225.3), (436.3, 225.3), (436.3, 225.3), (436.3, 225.3), (436.3, 225.3), (436.3, 225.3), (436.3, 225.3), (436.3, 225.3), (436.3, 225.3), (436.3, 214.1), (436.3, 214.1), (436.3, 221.6), (436.3, 232.8), (436.3, 236.5), (436.3, 240.3), (436.3, 247.7), (436.3, 255.2), (434.4, 255.2), (434.4, 255.2), (434.4, 255.2), (434.4, 255.2), (434.4, 255.2), (434.4, 255.2), (434.4, 255.2), (434.4, 255.2), (434.4, 255.2), (434.4, 255.2), (434.4, 255.2), (434.4, 255.2), (434.4, 255.2), (434.4, 255.2), (434.4, 255.2), (434.4, 255.2), (434.4, 255.2), (434.4, 255.2), (434.4, 255.2), (434.4, 255.2), (434.4, 255.2), (434.4, 255.2)]",0,0,12.0
experienced,bomberman,4,Bomb,11,0,31.73,0.864,"[(48.0, 48.0), (59.2, 44.3), (74.1, 44.3), (89.1, 44.3), (104.0, 44.3), (118.9, 44.3), (133.9, 44.3), (148.8, 44.3), (163.7, 44.3), (178.7, 44.3), (193.6, 44.3), (208.5, 44.3), (223.5, 44.3), (238.4, 44.3), (253.3, 44.3), (268.3, 44.3), (283.2, 44.3), (298.1, 44.3), (313.1, 44.3), (328.0, 44.3), (342.9, 44.3), (357.9, 44.3), (372.8, 44.3), (387.7, 44.3), (402.7, 44.3), (417.6, 44.3), (432.5, 44.3), (436.3, 44.3), (436.3, 44.3), (436.3, 44.3), (436.3, 44.3), (436.3, 46.1), (436.3, 46.1), (436.3, 59.2), (436.3, 74.1), (436.3, 89.1), (436.3, 104.0), (436.3, 118.9), (436.3, 133.9), (436.3, 148.8), (436.3, 163.7), (436.3, 178.7), (436.3, 193.6), (436.3, 208.5), (436.3, 223.5), (436.3, 230.9), (436.3, 230.9), (436.3, 230.9), (436.3, 230.9), (436.3, 230.9), (436.3, 230.9), (436.3, 230.9), (436.3, 230.9), (436.3, 230.9), (436.3, 230.9), (436.3, 230.9), (436.3, 230.9), (436.3, 230.9), (436.3, 230.9), (436.3, 230.9), (436.3, 230.9), (436.3, 223.5), (436.3, 227.2), (436.3, 230.9), (436.3, 238.4), (436.3, 245.9), (436.3, 249.6), (436.3, 257.1), (436.3, 257.1), (436.3, 257.1), (436.3, 257.1), (436.3, 257.1), (436.3, 257.1), (436.3, 257.1), (436.3, 257.1), (436.3, 257.1), (436.3, 257.1), (436.3, 257.1), (436.3, 257.1), (436.3, 257.1), (436.3, 257.1), (428.8, 255.2), (428.8, 253.3), (428.8, 257.1), (428.8, 255.2), (428.8, 253.3), (428.8, 257.1), (428.8, 255.2), (428.8, 253.3), (428.8, 257.1), (428.8, 255.2)]",0,0,12.0
experienced,bomberman,4,Stuck,0,0,-0.75,0.0,"[(48.0, 48.0), (44.3, 62.9), (44.3, 77.9), (44.3, 92.8), (44.3, 107.7), (44.3, 122.7), (44.3, 137.6), (44.3, 152.5), (44.3, 167.5), (44.3, 182.4), (44.3, 197.3), (44.3, 212.3), (44.3, 227.2), (44.3, 238.4), (44.3, 238.4), (44.3, 238.4), (44.3, 238.4), (44.3, 238.4), (44.3, 238.4), (44.3, 238.4), (44.3, 238.4), (44.3, 238.4), (44.3, 238.4), (44.3, 238.4), (44.3, 238.4), (44.3, 238.4), (44.3, 238.4), (44.3, 238.4), (44.3, 238.4), (44.3, 238.4), (44.3, 238.4), (44.3, 238.4), (44.3, 238.4), (44.3, 238.4), (44.3, 238.4), (44.3, 238.4), (44.3, 238.4), (44.3, 238.4)]",0,0,5.0
experienced,bomberman,4,Bomb,11,0,31.73,0.864,"[(48.0, 48.0), (59.2, 44.3), (74.1, 44.3), (89.1, 44.3), (104.0, 44.3), (118.9, 44.3), (133.9, 44.3), (148.8, 44.3), (163.7, 44.3), (178.7, 44.3), (193.6, 44.3), (208.5, 44.3), (223.5, 44.3), (238.4, 44.3), (253.3, 44.3), (268.3, 44.3), (283.2, 44.3), (298.1, 44.3), (313.1, 44.3), (328.0, 44.3), (342.9, 44.3), (357.9, 44.3), (372.8, 44.3), (387.7, 44.3), (402.7, 44.3), (417.6, 44.3), (432.5, 44.3), (436.3, 44.3), (436.3, 44.3), (436.3, 44.3), (436.3, 44.3), (436.3, 46.1), (436.3, 46.1), (436.3, 59.2), (436.3, 74.1), (436.3, 89.1), (436.3, 104.0), (436.3, 118.9), (436.3, 133.9), (436.3, 148.8), (436.3, 163.7), (436.3, 178.7), (436.3, 193.6), (436.3, 208.5), (436.3, 223.5), (436.3, 230.9), (436.3, 230.9), (436.3, 230.9), (436.3, 230.9), (436.3, 230.9), (436.3, 230.9), (436.3, 230.9), (436.3, 230.9), (436.3, 230.9), (436.3, 230.9), (436.3, 230.9), (436.3, 230.9), (436.3, 230.9), (436.3, 230.9), (436.3, 230.9), (436.3, 230.9), (436.3, 223.5), (436.3, 227.2), (436.3, 230.9), (436.3, 238.4), (436.3, 245.9), (436.3, 249.6), (436.3, 257.1), (436.3, 257.1), (436.3, 257.1), (436.3, 257.1), (436.3, 257.1), (436.3, 257.1), (436.3, 257.1), (436.3, 257.1), (436.3, 257.1), (436.3, 257.1), (436.3, 257.1), (436.3, 257.1), (436.3, 257.1), (436.3, 257.1), (428.8, 255.2), (428.8, 253.3), (428.8, 257.1), (428.8, 255.2), (428.8, 253.3), (428.8, 257.1), (428.8, 255.2), (428.8, 253.3), (428.8, 257.1), (428.8, 255.2)]",0,0,12.0
experienced,bomberman,4,Bomb,72,0,32.2,0.864,"[(48.0, 48.0), (59.2, 46.1), (74.1, 44.3), (89.1, 44.3), (104.0, 44.3), (118.9, 44.3), (133.9, 44.3), (148.8, 44.3), (163.7, 44.3), (178.7, 44.3), (193.6, 44.3), (208.5, 44.3), (223.5, 44.3), (238.4, 44.3), (253.3, 44.3), (268.3, 44.3), (283.2, 44.3), (298.1, 44.3), (313.1, 44.3), (328.0, 44.3), (342.9, 44.3), (357.9, 44.3), (372.8, 44.3), (387.7, 44.3), (402.7, 44.3), (417.6, 44.3), (432.5, 44.3), (436.3, 44.3), (436.3, 44.3), (436.3, 44.3), (436.3, 44.3), (436.3, 46.1), (436.3, 57.3), (436.3, 72.3), (436.3, 87.2), (436.3, 102.1), (436.3, 117.1), (436.3, 132.0), (436.3, 146.9), (436.3, 161.9), (436.3, 176.8), (436.3, 191.7), (436.3, 206.7), (436.3, 221.6), (436.3, 225.3), (436.3, 225.3), (436.3, 225.3), (436.3, 225.3), (436.3, 225.3), (436.3, 225.3), (436.3, 225.3), (436.3, 225.3), (436.3, 225.3), (436.3, 225.3), (436.3, 225.3), (436.3, 225.3), (436.3, 225.3), (436.3, 225.3), (436.3, 225.3), (436.3, 225.3), (436.3, 225.3), (436.3, 214.1), (436.3, 214.1), (436.3, 221.6), (436.3, 232.8), (436.3, 236.5), (436.3, 240.3), (436.3, 247.7), (436.3, 255.2), (434.4, 255.2), (434.4, 255.2), (434.4, 255.2), (434.4, 255.2), (434.4, 255.2), (434.4, 255.2), (434.4, 255.2), (434.4, 255.2), (434.4, 255.2), (434.4, 255.2), (434.4, 255.2), (434.4, 255.2), (434.4, 255.2), (434.4, 255.2), (434.4, 255.2), (434.4, 255.2), (434.4, 255.2), (434.4, 255.2), (434.4, 255.2), (434.4, 255.2), (434.4, 255.2), (434.4, 255.2)]",0,0,12.0
experienced,bomberman,4,Bomb,77,0,32.2,0.864,"[(48.0, 48.0), (59.2, 51.7), (74.1, 44.3), (89.1, 44.3), (104.0, 44.3), (118.9, 44.3), (133.9, 44.3), (148.8, 44.3), (163.7, 44.3), (178.7, 44.3), (193.6, 44.3), (208.5, 44.3), (223.5, 44.3), (238.4, 44.3), (253.3, 44.3), (268.3, 44.3), (283.2, 44.3), (298.1, 44.3), (313.1, 44.3), (328.0, 44.3), (342.9, 44.3), (357.9, 44.3), (372.8, 44.3), (387.7, 44.3), (402.7, 44.3), (417.6, 44.3), (432.5, 44.3), (436.3, 44.3), (436.3, 44.3), (436.3, 44.3), (436.3, 44.3), (436.3, 53.6), (436.3, 68.5), (436.3, 83.5), (436.3, 98.4), (436.3, 113.3), (436.3, 128.3), (436.3, 143.2), (436.3, 158.1), (436.3, 173.1), (436.3, 188.0), (436.3, 202.9), (436.3, 217.9), (436.3, 225.3), (436.3, 225.3), (436.3, 225.3), (436.3, 225.3), (436.3, 225.3), (436.3, 225.3), (436.3, 225.3), (436.3, 225.3), (436.3, 225.3), (436.3, 225.3), (436.3, 225.3), (436.3, 225.3), (436.3, 225.3), (436.3, 225.3), (436.3, 225.3), (436.3, 225.3), (436.3, 225.3), (436.3, 225.3), (436.3, 214.1), (436.3, 217.9), (436.3, 225.3), (436.3, 232.8), (436.3, 240.3), (436.3, 247.7), (436.3, 255.2), (434.4, 255.2), (434.4, 255.2), (434.4, 255.2), (434.4, 255.2), (434.4, 255.2), (434.4, 255.2), (434.4, 255.2), (434.4, 255.2), (434.4, 255.2), (434.4, 255.2), (434.4, 255.2), (434.4, 255.2), (434.4, 255.2), (434.4, 255.2), (434.4, 255.2), (434.4, 255.2), (434.4, 255.2), (434.4, 255.2), (434.4, 255.2), (434.4, 255.2), (434.4, 255.2), (434.4, 255.2), (434.4, 255.2)]",0,0,12.0
experienced,bomberman,4,Bomb,8,0,31.57,0.864,"[(48.0, 48.0), (59.2, 44.3), (74.1, 44.3), (89.1, 44.3), (104.0, 44.3), (118.9, 44.3), (133.9, 44.3), (148.8, 44.3), (163.7, 44.3), (178.7, 44.3), (193.6, 44.3), (208.5, 44.3), (223.5, 44.3), (238.4, 44.3), (253.3, 44.3), (268.3, 44.3), (283.2, 44.3), (298.1, 44.3), (313.1, 44.3), (328.0, 44.3), (342.9, 44.3), (357.9, 44.3), (372.8, 44.3), (387.7, 44.3), (402.7, 44.3), (417.6, 44.3), (432.5, 44.3), (436.3, 44.3), (436.3, 44.3), (436.3, 44.3), (436.3, 44.3), (436.3, 46.1), (436.3, 46.1), (436.3, 55.5), (436.3, 70.4), (436.3, 85.3), (436.3, 100.3), (436.3, 115.2), (436.3, 130.1), (436.3, 145.1), (436.3, 160.0), (436.3, 174.9), (436.3, 182.4), (436.3, 182.4), (436.3, 182.4), (436.3, 182.4), (436.3, 182.4), (436.3, 182.4), (436.3, 182.4), (436.3, 182.4), (436.3, 182.4), (436.3, 182.4), (436.3, 182.4), (436.3, 182.4), (436.3, 182.4), (436.3, 182.4), (436.3, 182.4), (436.3, 182.4), (436.3, 182.4), (436.3, 182.4), (436.3, 182.4), (436.3, 174.9), (436.3, 174.9), (436.3, 182.4), (436.3, 193.6), (436.3, 193.6), (436.3, 201.1), (436.3, 201.1), (436.3, 201.1), (436.3, 201.1), (436.3, 208.5), (436.3, 223.5), (436.3, 238.4), (436.3, 253.3), (436.3, 257.1), (436.3, 257.1), (436.3, 257.1), (436.3, 257.1), (436.3, 257.1), (436.3, 257.1), (436.3, 257.1), (436.3, 257.1), (436.3, 257.1), (436.3, 257.1), (436.3, 257.1), (436.3, 257.1), (436.3, 257.1), (436.3, 257.1), (436.3, 257.1), (436.3, 257.1), (436.3, 257.1), (436.3, 242.1), (436.3, 227.2)]",0,0,12.3
experienced,bomberman,4,Timeout,114,0,6.47,0.818,"[(48.0, 48.0), (62.9, 44.3), (77.9, 44.3), (92.8, 44.3), (107.7, 44.3), (122.7, 44.3), (137.6, 44.3), (152.5, 44.3), (167.5, 44.3), (182.4, 44.3), (197.3, 44.3), (212.3, 44.3), (227.2, 44.3), (242.1, 44.3), (257.1, 44.3), (272.0, 44.3), (286.9, 44.3), (301.9, 44.3), (316.8, 44.3), (331.7, 44.3), (346.7, 44.3), (361.6, 44.3), (376.5, 44.3), (391.5, 44.3), (406.4, 44.3), (421.3, 48.0), (436.3, 61.1), (436.3, 76.0), (436.3, 90.9), (436.3, 105.9), (436.3, 120.8), (436.3, 135.7), (436.3, 150.7), (436.3, 165.6), (436.3, 180.5), (436.3, 195.5), (436.3, 210.4), (436.3, 225.3), (436.3, 225.3), (436.3, 225.3), (436.3, 225.3), (436.3, 225.3), (436.3, 225.3), (436.3, 225.3), (436.3, 225.3), (436.3, 225.3), (436.3, 225.3), (436.3, 225.3), (436.3, 225.3), (436.3, 225.3), (436.3, 225.3), (436.3, 225.3), (436.3, 225.3), (436.3, 225.3), (436.3, 225.3), (436.3, 225.3), (436.3, 225.3), (436.3, 225.3), (436.3, 225.3), (436.3, 225.3), (436.3, 225.3), (436.3, 210.4), (436.3, 195.5), (436.3, 180.5), (436.3, 165.6), (436.3, 150.7), (436.3, 135.7), (436.3, 120.8), (436.3, 105.9), (436.3, 94.7), (436.3, 94.7), (436.3, 94.7), (436.3, 94.7), (436.3, 94.7), (436.3, 94.7), (436.3, 94.7), (436.3, 94.7), (436.3, 94.7), (436.3, 94.7), (436.3, 94.7), (436.3, 94.7), (436.3, 94.7), (436.3, 94.7), (436.3, 94.7), (436.3, 94.7), (436.3, 94.7), (436.3, 94.7), (436.3, 94.7), (436.3, 94.7), (436.3, 94.7), (436.3, 94.7), (436.3, 109.6), (436.3, 124.5), (436.3, 139.5), (436.3, 154.4), (436.3, 169.3), (436.3, 184.3), (436.3, 199.2), (436.3, 214.1), (436.3, 225.3), (436.3, 225.3), (436.3, 225.3), (436.3, 225.3), (436.3, 225.3), (436.3, 225.3), (436.3, 225.3), (436.3, 225.3), (436.3, 225.3), (436.3, 225.3), (436.3, 225.3), (436.3, 225.3), (436.3, 225.3), (436.3, 225.3), (436.3, 225.3), (436.3, 225.3), (436.3, 225.3), (436.3, 225.3), (436.3, 225.3), (436.3, 225.3), (436.3, 225.3), (436.3, 225.3), (436.3, 210.4), (436.3, 195.5), (436.3, 180.5), (436.3, 165.6), (436.3, 150.7), (436.3, 135.7), (436.3, 120.8), (436.3, 105.9), (436.3, 94.7), (436.3, 94.7), (436.3, 94.7), (436.3, 94.7), (436.3, 94.7), (436.3, 94.7), (436.3, 94.7), (436.3, 94.7), (436.3, 94.7), (436.3, 94.7), (436.3, 94.7), (436.3, 94.7), (436.3, 94.7), (436.3, 94.7), (436.3, 94.7), (436.3, 94.7), (436.3, 94.7), (436.3, 94.7), (436.3, 94.7), (436.3, 94.7), (436.3, 94.7), (436.3, 94.7), (436.3, 109.6), (436.3, 124.5), (436.3, 139.5), (436.3, 154.4), (436.3, 169.3), (436.3, 184.3), (436.3, 199.2), (436.3, 214.1), (436.3, 225.3), (436.3, 225.3), (436.3, 225.3), (436.3, 225.3), (436.3, 225.3), (436.3, 225.3), (436.3, 225.3), (436.3, 225.3), (436.3, 225.3), (436.3, 225.3), (436.3, 225.3), (436.3, 225.3), (436.3, 225.3), (436.3, 225.3), (436.3, 225.3), (436.3, 225.3), (436.3, 225.3), (436.3, 225.3), (436.3, 225.3), (436.3, 225.3), (436.3, 225.3), (436.3, 225.3), (436.3, 210.4), (436.3, 195.5), (436.3, 180.5), (436.3, 165.6), (436.3, 150.7), (436.3, 135.7), (436.3, 120.8), (436.3, 105.9), (436.3, 94.7), (436.3, 94.7), (436.3, 94.7), (436.3, 94.7), (436.3, 94.7), (436.3, 94.7), (436.3, 94.7), (436.3, 94.7), (436.3, 94.7), (436.3, 94.7), (436.3, 94.7), (436.3, 94.7), (436.3, 94.7), (436.3, 94.7), (436.3, 94.7), (436.3, 94.7), (436.3, 94.7), (436.3, 94.7), (436.3, 94.7), (436.3, 94.7), (436.3, 94.7), (436.3, 94.7), (436.3, 109.6), (436.3, 124.5), (436.3, 139.5), (436.3, 154.4), (436.3, 169.3), (436.3, 184.3), (436.3, 199.2), (436.3, 214.1), (436.3, 225.3), (436.3, 225.3), (436.3, 225.3), (436.3, 225.3), (436.3, 225.3), (436.3, 225.3), (436.3, 225.3), (436.3, 225.3), (436.3, 225.3), (436.3, 225.3), (436.3, 225.3), (436.3, 225.3), (436.3, 225.3), (436.3, 225.3), (436.3, 225.3), (436.3, 225.3), (436.3, 225.3), (436.3, 225.3), (436.3, 225.3), (436.3, 225.3), (436.3, 225.3), (436.3, 225.3), (436.3, 210.4), (436.3, 195.5), (436.3, 180.5), (436.3, 165.6), (436.3, 150.7), (436.3, 135.7), (436.3, 120.8), (436.3, 105.9), (436.3, 94.7), (436.3, 94.7), (436.3, 94.7), (436.3, 94.7), (436.3, 94.7), (436.3, 94.7), (436.3, 94.7), (436.3, 94.7), (436.3, 94.7), (436.3, 94.7), (436.3, 94.7), (436.3, 94.7), (436.3, 94.7), (436.3, 94.7), (436.3, 94.7), (436.3, 94.7), (436.3, 94.7), (436.3, 94.7), (436.3, 94.7), (436.3, 94.7), (436.3, 94.7), (436.3, 94.7), (436.3, 109.6), (436.3, 124.5), (436.3, 139.5), (436.3, 154.4), (436.3, 169.3), (436.3, 184.3), (436.3, 199.2), (436.3, 214.1), (436.3, 225.3), (436.3, 225.3), (436.3, 225.3), (436.3, 225.3), (436.3, 225.3), (436.3, 225.3), (436.3, 225.3), (436.3, 225.3), (436.3, 225.3), (436.3, 225.3), (436.3, 225.3), (436.3, 225.3), (436.3, 225.3), (436.3, 225.3), (436.3, 225.3), (436.3, 225.3), (436.3, 225.3), (436.3, 225.3), (436.3, 225.3), (436.3, 225.3), (436.3, 225.3), (436.3, 225.3), (436.3, 210.4), (436.3, 195.5), (436.3, 180.5), (436.3, 165.6), (436.3, 150.7), (436.3, 135.7), (436.3, 120.8), (436.3, 105.9), (436.3, 94.7), (436.3, 94.7), (436.3, 94.7), (436.3, 94.7), (436.3, 94.7), (436.3, 94.7), (436.3, 94.7), (436.3, 94.7), (436.3, 94.7), (436.3, 94.7), (436.3, 94.7), (436.3, 94.7), (436.3, 94.7), (436.3, 94.7), (436.3, 94.7), (436.3, 94.7), (436.3, 94.7), (436.3, 94.7), (436.3, 94.7), (436.3, 94.7), (436.3, 94.7), (436.3, 94.7), (436.3, 109.6), (436.3, 124.5), (436.3, 139.5), (436.3, 154.4), (436.3, 169.3), (436.3, 184.3), (436.3, 199.2), (436.3, 214.1), (436.3, 225.3), (436.3, 225.3), (436.3, 225.3), (436.3, 225.3), (436.3, 225.3), (436.3, 225.3), (436.3, 225.3), (436.3, 225.3), (436.3, 225.3), (436.3, 225.3), (436.3, 225.3), (436.3, 225.3), (436.3, 225.3), (436.3, 225.3), (436.3, 225.3), (436.3, 225.3), (436.3, 225.3), (436.3, 225.3), (436.3, 225.3), (436.3, 225.3), (436.3, 225.3), (436.3, 225.3), (436.3, 210.4), (436.3, 195.5), (436.3, 180.5), (436.3, 165.6), (436.3, 150.7), (436.3, 135.7), (436.3, 120.8), (436.3, 105.9), (436.3, 94.7), (436.3, 94.7), (436.3, 94.7), (436.3, 94.7), (436.3, 94.7), (436.3, 94.7), (436.3, 94.7), (436.3, 94.7), (436.3, 94.7), (436.3, 94.7), (436.3, 94.7), (436.3, 94.7), (436.3, 94.7), (436.3, 94.7), (436.3, 94.7), (436.3, 94.7), (436.3, 94.7), (436.3, 94.7), (436.3, 94.7), (436.3, 94.7), (436.3, 94.7), (436.3, 94.7), (436.3, 109.6), (436.3, 124.5), (436.3, 139.5), (436.3, 154.4), (436.3, 169.3), (436.3, 184.3), (436.3, 199.2), (436.3, 214.1), (436.3, 225.3), (436.3, 225.3), (436.3, 225.3), (436.3, 225.3), (436.3, 225.3), (436.3, 225.3), (436.3, 225.3), (436.3, 225.3), (436.3, 225.3), (436.3, 225.3), (436.3, 225.3), (436.3, 225.3), (436.3, 225.3), (436.3, 225.3), (436.3, 225.3), (436.3, 225.3), (436.3, 225.3), (436.3, 225.3), (436.3, 225.3), (436.3, 225.3), (436.3, 225.3), (436.3, 225.3), (436.3, 210.4), (436.3, 195.5), (436.3, 180.5), (436.3, 165.6), (436.3, 150.7), (436.3, 135.7), (436.3, 120.8), (436.3, 105.9), (436.3, 94.7), (436.3, 94.7), (436.3, 94.7), (436.3, 94.7), (436.3, 94.7), (436.3, 94.7), (436.3, 94.7), (436.3, 94.7), (436.3, 94.7), (436.3, 94.7), (436.3, 94.7), (436.3, 94.7), (436.3, 94.7), (436.3, 94.7), (436.3, 94.7), (436.3, 94.7), (436.3, 94.7), (436.3, 94.7), (436.3, 94.7), (436.3, 94.7), (436.3, 94.7), (436.3, 94.7)]",0,0,60.0
experienced,bomberman,4,Stuck,3,0,24.1,0.818,"[(48.0, 48.0), (44.3, 62.9), (44.3, 77.9), (44.3, 92.8), (44.3, 107.7), (44.3, 122.7), (44.3, 137.6), (44.3, 152.5), (44.3, 160.0), (44.3, 145.1), (44.3, 130.1), (44.3, 115.2), (44.3, 100.3), (46.1, 85.3), (51.7, 66.7), (53.6, 49.9), (68.5, 44.3), (83.5, 44.3), (98.4, 44.3), (113.3, 44.3), (128.3, 44.3), (143.2, 44.3), (158.1, 44.3), (173.1, 44.3), (188.0, 44.3), (202.9, 44.3), (217.9, 44.3), (232.8, 44.3), (247.7, 44.3), (262.7, 44.3), (277.6, 44.3), (292.5, 44.3), (307.5, 44.3), (322.4, 44.3), (337.3, 44.3), (352.3, 44.3), (367.2, 44.3), (382.1, 44.3), (397.1, 44.3), (412.0, 44.3), (426.9, 51.7), (436.3, 66.7), (436.3, 81.6), (436.3, 96.5), (436.3, 111.5), (436.3, 126.4), (436.3, 141.3), (436.3, 156.3), (436.3, 171.2), (436.3, 182.4), (436.3, 182.4), (436.3, 182.4), (436.3, 182.4), (436.3, 182.4), (436.3, 182.4), (436.3, 182.4), (436.3, 182.4), (436.3, 182.4), (436.3, 182.4), (436.3, 182.4), (436.3, 182.4), (436.3, 182.4), (436.3, 182.4), (436.3, 182.4), (436.3, 182.4), (436.3, 182.4), (436.3, 182.4), (436.3, 182.4), (430.7, 189.9), (428.8, 204.8), (428.8, 227.2), (423.2, 242.1), (408.3, 236.5), (397.1, 236.5), (397.1, 236.5), (397.1, 236.5), (397.1, 236.5), (397.1, 236.5), (397.1, 236.5), (397.1, 236.5), (397.1, 236.5), (397.1, 236.5), (397.1, 236.5), (397.1, 236.5), (397.1, 236.5), (397.1, 236.5), (397.1, 236.5), (397.1, 236.5), (397.1, 236.5), (397.1, 236.5), (397.1, 236.5), (397.1, 236.5), (397.1, 236.5), (397.1, 236.5), (397.1, 236.5), (397.1, 236.5), (397.1, 236.5), (397.1, 236.5), (397.1, 236.5), (397.1, 236.5), (397.1, 236.5), (397.1, 236.5), (397.1, 236.5), (397.1, 236.5), (397.1, 236.5), (397.1, 236.5), (397.1, 236.5), (397.1, 236.5), (397.1, 236.5)]",0,0,14.48
experienced,bomberman,4,Bomb,45,0,-0.47,0.0,"[(48.0, 48.0), (51.7, 62.9), (51.7, 77.9), (51.7, 98.4), (55.5, 113.3), (64.8, 109.6), (64.8, 111.5), (62.9, 109.6), (64.8, 109.6), (64.8, 111.5), (62.9, 109.6), (64.8, 109.6), (64.8, 111.5), (62.9, 109.6), (64.8, 109.6), (64.8, 111.5), (62.9, 109.6), (64.8, 109.6), (64.8, 111.5), (62.9, 109.6), (64.8, 109.6), (61.1, 111.5), (46.1, 122.7), (51.7, 137.6), (51.7, 156.3), (51.7, 167.5), (51.7, 167.5), (51.7, 167.5), (51.7, 167.5), (51.7, 167.5), (51.7, 167.5), (51.7, 156.3), (51.7, 152.5), (51.7, 154.4), (51.7, 152.5), (44.3, 152.5), (44.3, 152.5), (44.3, 152.5), (44.3, 152.5), (44.3, 152.5), (44.3, 152.5), (44.3, 152.5), (44.3, 152.5), (44.3, 152.5), (44.3, 163.7), (44.3, 178.7), (44.3, 193.6), (44.3, 193.6), (44.3, 193.6), (44.3, 193.6), (44.3, 193.6), (44.3, 193.6), (44.3, 193.6), (44.3, 193.6), (44.3, 193.6), (44.3, 193.6), (44.3, 193.6), (44.3, 193.6), (44.3, 193.6), (44.3, 193.6), (44.3, 193.6)]",0,0,8.0
experienced,bomberman,4,Bomb,34,0,-0.47,0.0,"[(48.0, 48.0), (51.7, 62.9), (44.3, 77.9), (44.3, 92.8), (51.7, 107.7), (64.8, 115.2), (64.8, 111.5), (62.9, 109.6), (64.8, 109.6), (64.8, 111.5), (62.9, 109.6), (48.0, 120.8), (51.7, 135.7), (51.7, 152.5), (51.7, 160.0), (51.7, 161.9), (51.7, 163.7), (51.7, 160.0), (51.7, 161.9), (51.7, 163.7), (51.7, 160.0), (51.7, 161.9), (51.7, 163.7), (51.7, 160.0), (51.7, 161.9), (51.7, 163.7), (51.7, 160.0), (51.7, 161.9), (51.7, 163.7), (51.7, 160.0), (51.7, 161.9), (44.3, 150.7), (44.3, 161.9), (44.3, 161.9), (44.3, 169.3), (44.3, 169.3), (44.3, 176.8), (44.3, 180.5), (44.3, 184.3), (44.3, 188.0), (44.3, 191.7), (44.3, 191.7), (44.3, 191.7), (44.3, 191.7), (44.3, 191.7), (44.3, 191.7), (44.3, 191.7), (44.3, 191.7), (44.3, 191.7), (44.3, 191.7), (44.3, 191.7), (44.3, 191.7), (44.3, 191.7), (44.3, 191.7), (44.3, 191.7), (44.3, 191.7), (44.3, 191.7), (44.3, 191.7), (44.3, 191.7), (44.3, 191.7), (44.3, 191.7)]",0,0,8.0
experienced,bomberman,4,Bomb,5,0,31.48,0.864,"[(48.0, 48.0), (62.9, 44.3), (77.9, 44.3), (92.8, 44.3), (107.7, 44.3), (122.7, 44.3), (137.6, 44.3), (152.5, 44.3), (167.5, 44.3), (182.4, 44.3), (197.3, 44.3), (212.3, 44.3), (227.2, 44.3), (242.1, 44.3), (257.1, 44.3), (272.0, 44.3), (286.9, 44.3), (301.9, 44.3), (316.8, 44.3), (331.7, 44.3), (346.7, 44.3), (361.6, 44.3), (376.5, 44.3), (391.5, 44.3), (406.4, 44.3), (421.3, 44.3), (436.3, 44.3), (436.3, 44.3), (436.3, 44.3), (436.3, 44.3), (436.3, 44.3), (436.3, 46.1), (436.3, 46.1), (436.3, 48.0), (436.3, 62.9), (436.3, 77.9), (436.3, 92.8), (436.3, 107.7), (436.3, 122.7), (436.3, 137.6), (436.3, 152.5), (436.3, 167.5), (436.3, 174.9), (436.3, 174.9), (436.3, 174.9), (436.3, 174.9), (436.3, 174.9), (436.3, 174.9), (436.3, 174.9), (436.3, 174.9), (436.3, 174.9), (436.3, 174.9), (436.3, 174.9), (436.3, 174.9), (436.3, 174.9), (436.3, 174.9), (436.3, 174.9), (436.3, 174.9), (436.3, 174.9), (436.3, 174.9), (436.3, 174.9), (436.3, 167.5), (436.3, 174.9), (436.3, 178.7), (436.3, 182.4), (436.3, 193.6), (436.3, 201.1), (436.3, 201.1), (436.3, 201.1), (436.3, 212.3), (436.3, 227.2), (436.3, 242.1), (436.3, 257.1), (436.3, 257.1), (436.3, 257.1), (436.3, 257.1), (436.3, 257.1), (436.3, 257.1), (436.3, 257.1), (436.3, 257.1), (436.3, 257.1), (436.3, 257.1), (436.3, 257.1), (436.3, 257.1), (436.3, 257.1), (436.3, 257.1), (436.3, 257.1), (436.3, 257.1), (436.3, 257.1), (436.3, 257.1), (436.3, 257.1), (436.3, 245.9), (436.3, 230.9)]",0,0,12.33
experienced,bomberman,4,Bomb,83,0,-0.31,0.0,"[(48.0, 48.0), (51.7, 62.9), (44.3, 77.9), (44.3, 92.8), (51.7, 107.7), (64.8, 115.2), (64.8, 111.5), (62.9, 109.6), (64.8, 109.6), (64.8, 111.5), (62.9, 109.6), (64.8, 109.6), (64.8, 111.5), (51.7, 117.1), (44.3, 132.0), (44.3, 146.9), (44.3, 161.9), (55.5, 176.8), (64.8, 174.9), (62.9, 173.1), (64.8, 173.1), (64.8, 174.9), (62.9, 173.1), (64.8, 173.1), (64.8, 174.9), (62.9, 173.1), (64.8, 173.1), (64.8, 174.9), (62.9, 173.1), (64.8, 173.1), (64.8, 174.9), (61.1, 174.9), (46.1, 186.1), (44.3, 201.1), (44.3, 208.5), (44.3, 208.5), (44.3, 208.5), (44.3, 208.5), (44.3, 208.5), (44.3, 208.5), (44.3, 208.5), (44.3, 208.5), (44.3, 216.0), (44.3, 216.0), (44.3, 216.0), (44.3, 216.0), (44.3, 216.0), (44.3, 216.0), (44.3, 216.0), (44.3, 216.0), (44.3, 216.0), (44.3, 216.0), (44.3, 216.0), (44.3, 216.0), (44.3, 216.0), (44.3, 216.0), (44.3, 216.0), (44.3, 216.0), (44.3, 216.0), (44.3, 208.5), (44.3, 208.5), (44.3, 208.5), (44.3, 216.0), (44.3, 216.0), (44.3, 216.0), (44.3, 216.0), (44.3, 216.0), (44.3, 216.0), (44.3, 216.0), (44.3, 216.0), (44.3, 216.0), (44.3, 216.0), (44.3, 223.5), (44.3, 223.5), (44.3, 223.5), (44.3, 223.5), (44.3, 223.5), (44.3, 223.5), (44.3, 223.5), (44.3, 223.5), (44.3, 223.5), (44.3, 223.5), (44.3, 223.5), (44.3, 223.5), (44.3, 223.5), (44.3, 223.5), (44.3, 223.5), (44.3, 223.5), (44.3, 223.5), (44.3, 223.5), (44.3, 223.5)]",0,0,12.0
experienced,bomberman,4,Bomb,5,0,31.48,0.864,"[(48.0, 48.0), (62.9, 44.3), (77.9, 44.3), (92.8, 44.3), (107.7, 44.3), (122.7, 44.3), (137.6, 44.3), (152.5, 44.3), (167.5, 44.3), (182.4, 44.3), (197.3, 44.3), (212.3, 44.3), (227.2, 44.3), (242.1, 44.3), (257.1, 44.3), (272.0, 44.3), (286.9, 44.3), (301.9, 44.3), (316.8, 44.3), (331.7, 44.3), (346.7, 44.3), (361.6, 44.3), (376.5, 44.3), (391.5, 44.3), (406.4, 44.3), (421.3, 44.3), (436.3, 44.3), (436.3, 44.3), (436.3, 44.3), (436.3, 44.3), (436.3, 44.3), (436.3, 46.1), (436.3, 46.1), (436.3, 48.0), (436.3, 62.9), (436.3, 77.9), (436.3, 92.8), (436.3, 107.7), (436.3, 122.7), (436.3, 137.6), (436.3, 152.5), (436.3, 167.5), (436.3, 174.9), (436.3, 174.9), (436.3, 174.9), (436.3, 174.9), (436.3, 174.9), (436.3, 174.9), (436.3, 174.9), (436.3, 174.9), (436.3, 174.9), (436.3, 174.9), (436.3, 174.9), (436.3, 174.9), (436.3, 174.9), (436.3, 174.9), (436.3, 174.9), (436.3, 174.9), (436.3, 174.9), (436.3, 174.9), (436.3, 174.9), (436.3, 167.5), (436.3, 174.9), (436.3, 178.7), (436.3, 182.4), (436.3, 193.6), (436.3, 201.1), (436.3, 201.1), (436.3, 201.1), (436.3, 212.3), (436.3, 227.2), (436.3, 242.1), (436.3, 257.1), (436.3, 257.1), (436.3, 257.1), (436.3, 257.1), (436.3, 257.1), (436.3, 257.1), (436.3, 257.1), (436.3, 257.1), (436.3, 257.1), (436.3, 257.1), (436.3, 257.1), (436.3, 257.1), (436.3, 257.1), (436.3, 257.1), (436.3, 257.1), (436.3, 257.1), (436.3, 257.1), (436.3, 257.1), (436.3, 257.1), (436.3, 245.9), (436.3, 230.9)]",0,0,12.33
experienced,bomberman,4,Bomb,8,0,31.57,0.864,"[(48.0, 48.0), (59.2, 44.3), (74.1, 44.3), (89.1, 44.3), (104.0, 44.3), (118.9, 44.3), (133.9, 44.3), (148.8, 44.3), (163.7, 44.3), (178.7, 44.3), (193.6, 44.3), (208.5, 44.3), (223.5, 44.3), (238.4, 44.3), (253.3, 44.3), (268.3, 44.3), (283.2, 44.3), (298.1, 44.3), (313.1, 44.3), (328.0, 44.3), (342.9, 44.3), (357.9, 44.3), (372.8, 44.3), (387.7, 44.3), (402.7, 44.3), (417.6, 44.3), (432.5, 44.3), (436.3, 44.3), (436.3, 44.3), (436.3, 44.3), (436.3, 44.3), (436.3, 46.1), (436.3, 46.1), (436.3, 55.5), (436.3, 70.4), (436.3, 85.3), (436.3, 100.3), (436.3, 115.2), (436.3, 130.1), (436.3, 145.1), (436.3, 160.0), (436.3, 174.9), (436.3, 182.4), (436.3, 182.4), (436.3, 182.4), (436.3, 182.4), (436.3, 182.4), (436.3, 182.4), (436.3, 182.4), (436.3, 182.4), (436.3, 182.4), (436.3, 182.4), (436.3, 182.4), (436.3, 182.4), (436.3, 182.4), (436.3, 182.4), (436.3, 182.4), (436.3, 182.4), (436.3, 182.4), (436.3, 182.4), (436.3, 182.4), (436.3, 174.9), (436.3, 174.9), (436.3, 182.4), (436.3, 193.6), (436.3, 193.6), (436.3, 201.1), (436.3, 201.1), (436.3, 201.1), (436.3, 201.1), (436.3, 208.5), (436.3, 223.5), (436.3, 238.4), (436.3, 253.3), (436.3, 257.1), (436.3, 257.1), (436.3, 257.1), (436.3, 257.1), (436.3, 257.1), (436.3, 257.1), (436.3, 257.1), (436.3, 257.1), (436.3, 257.1), (436.3, 257.1), (436.3, 257.1), (436.3, 257.1), (436.3, 257.1), (436.3, 257.1), (436.3, 257.1), (436.3, 257.1), (436.3, 257.1), (436.3, 242.1), (436.3, 227.2)]",0,0,12.3
experienced,bomberman,4,Bomb,77,0,32.2,0.864,"[(48.0, 48.0), (59.2, 51.7), (74.1, 44.3), (89.1, 44.3), (104.0, 44.3), (118.9, 44.3), (133.9, 44.3), (148.8, 44.3), (163.7, 44.3), (178.7, 44.3), (193.6, 44.3), (208.5, 44.3), (223.5, 44.3), (238.4, 44.3), (253.3, 44.3), (268.3, 44.3), (283.2, 44.3), (298.1, 44.3), (313.1, 44.3), (328.0, 44.3), (342.9, 44.3), (357.9, 44.3), (372.8, 44.3), (387.7, 44.3), (402.7, 44.3), (417.6, 44.3), (432.5, 44.3), (436.3, 44.3), (436.3, 44.3), (436.3, 44.3), (436.3, 44.3), (436.3, 53.6), (436.3, 68.5), (436.3, 83.5), (436.3, 98.4), (436.3, 113.3), (436.3, 128.3), (436.3, 143.2), (436.3, 158.1), (436.3, 173.1), (436.3, 188.0), (436.3, 202.9), (436.3, 217.9), (436.3, 225.3), (436.3, 225.3), (436.3, 225.3), (436.3, 225.3), (436.3, 225.3), (436.3, 225.3), (436.3, 225.3), (436.3, 225.3), (436.3, 225.3), (436.3, 225.3), (436.3, 225.3), (436.3, 225.3), (436.3, 225.3), (436.3, 225.3), (436.3, 225.3), (436.3, 225.3), (436.3, 225.3), (436.3, 225.3), (436.3, 214.1), (436.3, 217.9), (436.3, 225.3), (436.3, 232.8), (436.3, 240.3), (436.3, 247.7), (436.3, 255.2), (434.4, 255.2), (434.4, 255.2), (434.4, 255.2), (434.4, 255.2), (434.4, 255.2), (434.4, 255.2), (434.4, 255.2), (434.4, 255.2), (434.4, 255.2), (434.4, 255.2), (434.4, 255.2), (434.4, 255.2), (434.4, 255.2), (434.4, 255.2), (434.4, 255.2), (434.4, 255.2), (434.4, 255.2), (434.4, 255.2), (434.4, 255.2), (434.4, 255.2), (434.4, 255.2), (434.4, 255.2), (434.4, 255.2)]",0,0,12.0
experienced,bomberman,4,Bomb,72,0,32.2,0.864,"[(48.0, 48.0), (59.2, 46.1), (74.1, 44.3), (89.1, 44.3), (104.0, 44.3), (118.9, 44.3), (133.9, 44.3), (148.8, 44.3), (163.7, 44.3), (178.7, 44.3), (193.6, 44.3), (208.5, 44.3), (223.5, 44.3), (238.4, 44.3), (253.3, 44.3), (268.3, 44.3), (283.2, 44.3), (298.1, 44.3), (313.1, 44.3), (328.0, 44.3), (342.9, 44.3), (357.9, 44.3), (372.8, 44.3), (387.7, 44.3), (402.7, 44.3), (417.6, 44.3), (432.5, 44.3), (436.3, 44.3), (436.3, 44.3), (436.3, 44.3), (436.3, 44.3), (436.3, 46.1), (436.3, 57.3), (436.3, 72.3), (436.3, 87.2), (436.3, 102.1), (436.3, 117.1), (436.3, 132.0), (436.3, 146.9), (436.3, 161.9), (436.3, 176.8), (436.3, 191.7), (436.3, 206.7), (436.3, 221.6), (436.3, 225.3), (436.3, 225.3), (436.3, 225.3), (436.3, 225.3), (436.3, 225.3), (436.3, 225.3), (436.3, 225.3), (436.3, 225.3), (436.3, 225.3), (436.3, 225.3), (436.3, 225.3), (436.3, 225.3), (436.3, 225.3), (436.3, 225.3), (436.3, 225.3), (436.3, 225.3), (436.3, 225.3), (436.3, 214.1), (436.3, 214.1), (436.3, 221.6), (436.3, 232.8), (436.3, 236.5), (436.3, 240.3), (436.3, 247.7), (436.3, 255.2), (434.4, 255.2), (434.4, 255.2), (434.4, 255.2), (434.4, 255.2), (434.4, 255.2), (434.4, 255.2), (434.4, 255.2), (434.4, 255.2), (434.4, 255.2), (434.4, 255.2), (434.4, 255.2), (434.4, 255.2), (434.4, 255.2), (434.4, 255.2), (434.4, 255.2), (434.4, 255.2), (434.4, 255.2), (434.4, 255.2), (434.4, 255.2), (434.4, 255.2), (434.4, 255.2), (434.4, 255.2)]",0,0,12.0
experienced,bomberman,4,Bomb,11,0,31.73,0.864,"[(48.0, 48.0), (59.2, 44.3), (74.1, 44.3), (89.1, 44.3), (104.0, 44.3), (118.9, 44.3), (133.9, 44.3), (148.8, 44.3), (163.7, 44.3), (178.7, 44.3), (193.6, 44.3), (208.5, 44.3), (223.5, 44.3), (238.4, 44.3), (253.3, 44.3), (268.3, 44.3), (283.2, 44.3), (298.1, 44.3), (313.1, 44.3), (328.0, 44.3), (342.9, 44.3), (357.9, 44.3), (372.8, 44.3), (387.7, 44.3), (402.7, 44.3), (417.6, 44.3), (432.5, 44.3), (436.3, 44.3), (436.3, 44.3), (436.3, 44.3), (436.3, 44.3), (436.3, 46.1), (436.3, 46.1), (436.3, 59.2), (436.3, 74.1), (436.3, 89.1), (436.3, 104.0), (436.3, 118.9), (436.3, 133.9), (436.3, 148.8), (436.3, 163.7), (436.3, 178.7), (436.3, 193.6), (436.3, 208.5), (436.3, 223.5), (436.3, 230.9), (436.3, 230.9), (436.3, 230.9), (436.3, 230.9), (436.3, 230.9), (436.3, 230.9), (436.3, 230.9), (436.3, 230.9), (436.3, 230.9), (436.3, 230.9), (436.3, 230.9), (436.3, 230.9), (436.3, 230.9), (436.3, 230.9), (436.3, 230.9), (436.3, 230.9), (436.3, 223.5), (436.3, 227.2), (436.3, 230.9), (436.3, 238.4), (436.3, 245.9), (436.3, 249.6), (436.3, 257.1), (436.3, 257.1), (436.3, 257.1), (436.3, 257.1), (436.3, 257.1), (436.3, 257.1), (436.3, 257.1), (436.3, 257.1), (436.3, 257.1), (436.3, 257.1), (436.3, 257.1), (436.3, 257.1), (436.3, 257.1), (436.3, 257.1), (428.8, 255.2), (428.8, 253.3), (428.8, 257.1), (428.8, 255.2), (428.8, 253.3), (428.8, 257.1), (428.8, 255.2), (428.8, 253.3), (428.8, 257.1), (428.8, 255.2)]",0,0,12.0
experienced,bomberman,4,Stuck,3,0,24.1,0.818,"[(48.0, 48.0), (44.3, 62.9), (44.3, 77.9), (44.3, 92.8), (44.3, 107.7), (44.3, 122.7), (44.3, 137.6), (44.3, 152.5), (44.3, 160.0), (44.3, 145.1), (44.3, 130.1), (44.3, 115.2), (44.3, 100.3), (46.1, 85.3), (51.7, 66.7), (53.6, 49.9), (68.5, 44.3), (83.5, 44.3), (98.4, 44.3), (113.3, 44.3), (128.3, 44.3), (143.2, 44.3), (158.1, 44.3), (173.1, 44.3), (188.0, 44.3), (202.9, 44.3), (217.9, 44.3), (232.8, 44.3), (247.7, 44.3), (262.7, 44.3), (277.6, 44.3), (292.5, 44.3), (307.5, 44.3), (322.4, 44.3), (337.3, 44.3), (352.3, 44.3), (367.2, 44.3), (382.1, 44.3), (397.1, 44.3), (412.0, 44.3), (426.9, 51.7), (436.3, 66.7), (436.3, 81.6), (436.3, 96.5), (436.3, 111.5), (436.3, 126.4), (436.3, 141.3), (436.3, 156.3), (436.3, 171.2), (436.3, 182.4), (436.3, 182.4), (436.3, 182.4), (436.3, 182.4), (436.3, 182.4), (436.3, 182.4), (436.3, 182.4), (436.3, 182.4), (436.3, 182.4), (436.3, 182.4), (436.3, 182.4), (436.3, 182.4), (436.3, 182.4), (436.3, 182.4), (436.3, 182.4), (436.3, 182.4), (436.3, 182.4), (436.3, 182.4), (436.3, 182.4), (430.7, 189.9), (428.8, 204.8), (428.8, 227.2), (423.2, 242.1), (408.3, 236.5), (397.1, 236.5), (397.1, 236.5), (397.1, 236.5), (397.1, 236.5), (397.1, 236.5), (397.1, 236.5), (397.1, 236.5), (397.1, 236.5), (397.1, 236.5), (397.1, 236.5), (397.1, 236.5), (397.1, 236.5), (397.1, 236.5), (397.1, 236.5), (397.1, 236.5), (397.1, 236.5), (397.1, 236.5), (397.1, 236.5), (397.1, 236.5), (397.1, 236.5), (397.1, 236.5), (397.1, 236.5), (397.1, 236.5), (397.1, 236.5), (397.1, 236.5), (397.1, 236.5), (397.1, 236.5), (397.1, 236.5), (397.1, 236.5), (397.1, 236.5), (397.1, 236.5), (397.1, 236.5), (397.1, 236.5), (397.1, 236.5), (397.1, 236.5), (397.1, 236.5)]",0,0,14.48
experienced,bomberman,4,Bomb,1,0,-0.93,0.0,"[(48.0, 48.0), (44.3, 44.3), (44.3, 44.3), (44.3, 44.3), (44.3, 44.3), (44.3, 44.3), (44.3, 44.3), (44.3, 44.3), (44.3, 44.3), (44.3, 44.3), (44.3, 51.7), (44.3, 62.9), (44.3, 62.9), (44.3, 62.9), (44.3, 62.9), (44.3, 62.9), (44.3, 62.9), (44.3, 62.9), (44.3, 62.9), (44.3, 62.9), (44.3, 62.9), (44.3, 62.9), (44.3, 62.9), (44.3, 62.9), (44.3, 62.9), (44.3, 62.9), (44.3, 62.9), (44.3, 62.9), (44.3, 62.9), (44.3, 62.9), (44.3, 62.9)]",0,0,4.0
experienced,bomberman,4,Stuck,2,0,35.14,0.818,"[(48.0, 48.0), (62.9, 44.3), (77.9, 44.3), (92.8, 44.3), (107.7, 44.3), (122.7, 44.3), (137.6, 44.3), (152.5, 44.3), (167.5, 44.3), (182.4, 44.3), (197.3, 44.3), (212.3, 44.3), (227.2, 44.3), (242.1, 44.3), (257.1, 44.3), (272.0, 44.3), (286.9, 44.3), (301.9, 44.3), (316.8, 44.3), (331.7, 44.3), (346.7, 44.3), (361.6, 44.3), (376.5, 44.3), (391.5, 44.3), (406.4, 44.3), (421.3, 48.0), (436.3, 61.1), (436.3, 76.0), (436.3, 90.9), (436.3, 105.9), (436.3, 120.8), (436.3, 135.7), (436.3, 150.7), (436.3, 150.7), (436.3, 150.7), (436.3, 150.7), (436.3, 150.7), (436.3, 150.7), (436.3, 150.7), (436.3, 150.7), (436.3, 150.7), (436.3, 154.4), (436.3, 169.3), (436.3, 184.3), (436.3, 199.2), (428.8, 216.0), (436.3, 232.8), (436.3, 232.8), (436.3, 232.8), (436.3, 232.8), (436.3, 232.8), (436.3, 232.8), (436.3, 232.8), (436.3, 232.8), (436.3, 232.8), (436.3, 232.8), (436.3, 232.8), (436.3, 232.8), (436.3, 232.8), (436.3, 232.8), (436.3, 232.8), (436.3, 232.8), (436.3, 232.8), (436.3, 232.8), (436.3, 232.8), (436.3, 232.8), (436.3, 232.8), (436.3, 232.8), (436.3, 232.8), (436.3, 232.8), (436.3, 232.8), (436.3, 232.8), (436.3, 232.8), (436.3, 232.8), (436.3, 232.8), (436.3, 232.8), (436.3, 232.8), (436.3, 232.8), (436.3, 232.8), (436.3, 232.8), (436.3, 232.8), (436.3, 232.8), (436.3, 232.8)]",0,0,11.05
experienced,bomberman,4,Timeout,30,0,0.06,0.045,"[(48.0, 48.0), (59.2, 44.3), (62.9, 44.3), (62.9, 44.3), (62.9, 44.3), (48.0, 57.3), (51.7, 72.3), (49.9, 87.2), (49.9, 102.1), (59.2, 115.2), (62.9, 113.3), (62.9, 113.3), (62.9, 113.3), (62.9, 113.3), (62.9, 113.3), (62.9, 113.3), (62.9, 113.3), (62.9, 113.3), (62.9, 113.3), (62.9, 113.3), (55.5, 115.2), (44.3, 128.3), (51.7, 143.2), (51.7, 143.2), (51.7, 143.2), (51.7, 143.2), (51.7, 143.2), (51.7, 143.2), (51.7, 143.2), (51.7, 143.2), (51.7, 143.2), (44.3, 158.1), (51.7, 154.4), (44.3, 139.5), (44.3, 124.5), (44.3, 109.6), (44.3, 94.7), (44.3, 79.7), (44.3, 64.8), (44.3, 49.9), (44.3, 44.3), (44.3, 44.3), (44.3, 44.3), (44.3, 44.3), (44.3, 44.3), (44.3, 44.3), (44.3, 44.3), (44.3, 44.3), (44.3, 44.3), (44.3, 44.3), (44.3, 44.3), (44.3, 44.3), (44.3, 44.3), (44.3, 44.3), (44.3, 44.3), (44.3, 44.3), (44.3, 44.3), (44.3, 44.3), (44.3, 44.3), (44.3, 44.3), (44.3, 44.3), (44.3, 44.3), (53.6, 44.3), (64.8, 44.3), (64.8, 46.1), (64.8, 46.1), (49.9, 55.5), (49.9, 70.4), (51.7, 85.3), (51.7, 104.0), (61.1, 115.2), (64.8, 115.2), (64.8, 115.2), (64.8, 115.2), (64.8, 115.2), (64.8, 115.2), (64.8, 115.2), (64.8, 115.2), (64.8, 115.2), (64.8, 115.2), (64.8, 115.2), (57.3, 115.2), (44.3, 126.4), (51.7, 141.3), (51.7, 145.1), (51.7, 145.1), (51.7, 145.1), (51.7, 145.1), (51.7, 145.1), (51.7, 145.1), (51.7, 145.1), (51.7, 145.1), (44.3, 156.3), (51.7, 156.3), (46.1, 141.3), (44.3, 126.4), (44.3, 111.5), (44.3, 96.5), (44.3, 81.6), (44.3, 66.7), (44.3, 51.7), (44.3, 44.3), (44.3, 44.3), (44.3, 44.3), (44.3, 44.3), (44.3, 44.3), (44.3, 44.3), (44.3, 44.3), (44.3, 44.3), (44.3, 44.3), (44.3, 44.3), (44.3, 44.3), (44.3, 44.3), (44.3, 44.3), (44.3, 44.3), (44.3, 44.3), (44.3, 44.3), (44.3, 44.3), (44.3, 44.3), (44.3, 44.3), (44.3, 44.3), (44.3, 44.3), (44.3, 44.3), (51.7, 44.3), (62.9, 44.3), (62.9, 44.3), (62.9, 44.3), (51.7, 53.6), (48.0, 68.5), (51.7, 83.5), (51.7, 102.1), (59.2, 115.2), (62.9, 113.3), (62.9, 113.3), (62.9, 113.3), (62.9, 113.3), (62.9, 113.3), (62.9, 113.3), (62.9, 113.3), (62.9, 113.3), (62.9, 113.3), (62.9, 113.3), (59.2, 115.2), (44.3, 124.5), (51.7, 139.5), (51.7, 143.2), (51.7, 143.2), (51.7, 143.2), (51.7, 143.2), (51.7, 143.2), (51.7, 143.2), (51.7, 143.2), (51.7, 143.2), (44.3, 154.4), (49.9, 158.1), (48.0, 143.2), (44.3, 128.3), (44.3, 113.3), (44.3, 98.4), (44.3, 83.5), (44.3, 68.5), (44.3, 53.6), (44.3, 44.3), (44.3, 44.3), (44.3, 44.3), (44.3, 44.3), (44.3, 44.3), (44.3, 44.3), (44.3, 44.3), (44.3, 44.3), (44.3, 44.3), (44.3, 44.3), (44.3, 44.3), (44.3, 44.3), (44.3, 44.3), (44.3, 44.3), (44.3, 44.3), (44.3, 44.3), (44.3, 44.3), (44.3, 44.3), (44.3, 44.3), (44.3, 44.3), (44.3, 44.3), (44.3, 44.3), (49.9, 44.3), (64.8, 44.3), (64.8, 46.1), (64.8, 46.1), (53.6, 51.7), (46.1, 66.7), (51.7, 81.6), (51.7, 100.3), (57.3, 115.2), (64.8, 115.2), (64.8, 115.2), (64.8, 115.2), (64.8, 115.2), (64.8, 115.2), (64.8, 115.2), (64.8, 115.2), (64.8, 115.2), (64.8, 115.2), (64.8, 115.2), (61.1, 115.2), (46.1, 122.7), (51.7, 137.6), (51.7, 145.1), (51.7, 145.1), (51.7, 145.1), (51.7, 145.1), (51.7, 145.1), (51.7, 145.1), (51.7, 145.1), (51.7, 145.1), (44.3, 152.5), (48.0, 160.0), (49.9, 145.1), (44.3, 130.1), (44.3, 115.2), (44.3, 100.3), (44.3, 85.3), (44.3, 70.4), (44.3, 55.5), (44.3, 44.3), (44.3, 44.3), (44.3, 44.3), (44.3, 44.3), (44.3, 44.3), (44.3, 44.3), (44.3, 44.3), (44.3, 44.3), (44.3, 44.3), (44.3, 44.3), (44.3, 44.3), (44.3, 44.3), (44.3, 44.3), (44.3, 44.3), (44.3, 44.3), (44.3, 44.3), (44.3, 44.3), (44.3, 44.3), (44.3, 44.3), (44.3, 44.3), (44.3, 44.3), (44.3, 44.3), (48.0, 44.3), (62.9, 44.3), (62.9, 44.3), (62.9, 44.3), (55.5, 51.7), (44.3, 64.8), (51.7, 79.7), (49.9, 98.4), (55.5, 113.3), (62.9, 113.3), (62.9, 113.3), (62.9, 113.3), (62.9, 113.3), (62.9, 113.3), (62.9, 113.3), (62.9, 113.3), (62.9, 113.3), (62.9, 113.3), (62.9, 113.3), (62.9, 113.3), (48.0, 120.8), (51.7, 135.7), (51.7, 143.2), (51.7, 143.2), (51.7, 143.2), (51.7, 143.2), (51.7, 143.2), (51.7, 143.2), (51.7, 143.2), (51.7, 143.2), (46.1, 150.7), (46.1, 161.9), (51.7, 146.9), (44.3, 132.0), (44.3, 117.1), (44.3, 102.1), (44.3, 87.2), (44.3, 72.3), (44.3, 57.3), (44.3, 44.3), (44.3, 44.3), (44.3, 44.3), (44.3, 44.3), (44.3, 44.3), (44.3, 44.3), (44.3, 44.3), (44.3, 44.3), (44.3, 44.3), (44.3, 44.3), (44.3, 44.3), (44.3, 44.3), (44.3, 44.3), (44.3, 44.3), (44.3, 44.3), (44.3, 44.3), (44.3, 44.3), (44.3, 44.3), (44.3, 44.3), (44.3, 44.3), (44.3, 44.3), (44.3, 44.3), (46.1, 44.3), (61.1, 44.3), (64.8, 46.1), (64.8, 46.1), (57.3, 49.9), (44.3, 62.9), (51.7, 77.9), (48.0, 96.5), (53.6, 111.5), (64.8, 115.2), (64.8, 115.2), (64.8, 115.2), (64.8, 115.2), (64.8, 115.2), (64.8, 115.2), (64.8, 115.2), (64.8, 115.2), (64.8, 115.2), (64.8, 115.2), (64.8, 115.2), (49.9, 118.9), (49.9, 133.9), (51.7, 145.1), (51.7, 145.1), (51.7, 145.1), (51.7, 145.1), (51.7, 145.1), (51.7, 145.1), (51.7, 145.1), (51.7, 145.1), (48.0, 148.8), (44.3, 163.7), (51.7, 148.8), (44.3, 133.9), (44.3, 118.9), (44.3, 104.0), (44.3, 89.1), (44.3, 74.1), (44.3, 59.2), (44.3, 44.3), (44.3, 44.3), (44.3, 44.3), (44.3, 44.3), (44.3, 44.3), (44.3, 44.3), (44.3, 44.3), (44.3, 44.3), (44.3, 44.3), (44.3, 44.3), (44.3, 44.3), (44.3, 44.3), (44.3, 44.3), (44.3, 44.3), (44.3, 44.3), (44.3, 44.3), (44.3, 44.3), (44.3, 44.3), (44.3, 44.3), (44.3, 44.3), (44.3, 44.3), (44.3, 44.3), (44.3, 46.1), (59.2, 44.3), (62.9, 44.3), (62.9, 44.3), (59.2, 48.0), (44.3, 61.1), (51.7, 76.0), (49.9, 94.7), (51.7, 109.6), (62.9, 113.3), (62.9, 113.3), (62.9, 113.3), (62.9, 113.3), (62.9, 113.3), (62.9, 113.3), (62.9, 113.3), (62.9, 113.3), (62.9, 113.3), (62.9, 113.3), (62.9, 113.3), (51.7, 117.1), (48.0, 132.0), (51.7, 143.2), (51.7, 143.2), (51.7, 143.2), (51.7, 143.2), (51.7, 143.2), (51.7, 143.2), (51.7, 143.2), (51.7, 143.2), (49.9, 146.9), (44.3, 161.9), (51.7, 150.7), (44.3, 135.7), (44.3, 120.8), (44.3, 105.9), (44.3, 90.9), (44.3, 76.0), (44.3, 61.1), (44.3, 46.1), (44.3, 44.3), (44.3, 44.3), (44.3, 44.3), (44.3, 44.3), (44.3, 44.3), (44.3, 44.3), (44.3, 44.3), (44.3, 44.3), (44.3, 44.3), (44.3, 44.3), (44.3, 44.3), (44.3, 44.3), (44.3, 44.3), (44.3, 44.3), (44.3, 44.3), (44.3, 44.3), (44.3, 44.3), (44.3, 44.3), (44.3, 44.3), (44.3, 44.3), (44.3, 44.3), (44.3, 44.3), (57.3, 44.3), (64.8, 44.3), (64.8, 46.1), (61.1, 46.1), (46.1, 59.2), (51.7, 74.1), (51.7, 92.8), (51.7, 107.7), (64.8, 115.2), (64.8, 115.2), (64.8, 115.2), (64.8, 115.2), (64.8, 115.2), (64.8, 115.2), (64.8, 115.2), (64.8, 115.2), (64.8, 115.2), (64.8, 115.2), (64.8, 115.2), (53.6, 115.2), (46.1, 130.1), (51.7, 145.1)]",0,0,60.0
experienced,bomberman,4,Bomb,1,0,31.27,0.864,"[(48.0, 48.0), (59.2, 44.3), (74.1, 44.3), (89.1, 44.3), (104.0, 44.3), (118.9, 44.3), (133.9, 44.3), (148.8, 44.3), (163.7, 44.3), (178.7, 44.3), (193.6, 44.3), (208.5, 44.3), (223.5, 44.3), (238.4, 44.3), (253.3, 44.3), (268.3, 44.3), (283.2, 44.3), (298.1, 44.3), (313.1, 44.3), (328.0, 44.3), (342.9, 44.3), (357.9, 44.3), (372.8, 44.3), (387.7, 44.3), (402.7, 44.3), (417.6, 44.3), (432.5, 44.3), (436.3, 44.3), (436.3, 44.3), (436.3, 44.3), (436.3, 44.3), (436.3, 44.3), (436.3, 44.3), (436.3, 44.3), (436.3, 44.3), (436.3, 44.3), (436.3, 44.3), (436.3, 44.3), (436.3, 44.3), (436.3, 44.3), (436.3, 44.3), (436.3, 44.3), (436.3, 44.3), (436.3, 44.3), (436.3, 44.3), (436.3, 49.9), (436.3, 64.8), (436.3, 79.7), (436.3, 94.7), (436.3, 109.6), (436.3, 124.5), (436.3, 139.5), (436.3, 154.4), (436.3, 169.3), (436.3, 176.8), (436.3, 176.8), (436.3, 176.8), (436.3, 176.8), (436.3, 176.8), (436.3, 176.8), (436.3, 176.8), (436.3, 169.3), (436.3, 176.8), (436.3, 184.3), (436.3, 199.2), (436.3, 206.7), (436.3, 221.6), (436.3, 236.5), (436.3, 251.5), (436.3, 266.4), (436.3, 270.1), (436.3, 270.1), (436.3, 270.1), (436.3, 270.1), (436.3, 270.1), (436.3, 270.1), (436.3, 270.1), (436.3, 270.1), (436.3, 270.1), (436.3, 270.1), (436.3, 270.1), (436.3, 270.1), (436.3, 270.1), (436.3, 270.1), (436.3, 270.1), (436.3, 270.1), (436.3, 270.1), (436.3, 270.1), (436.3, 270.1), (436.3, 270.1), (436.3, 270.1), (436.3, 255.2), (436.3, 240.3), (436.3, 225.3)]",0,0,12.42
experienced,bomberman,4,Bomb,1,0,31.27,0.864,"[(48.0, 48.0), (59.2, 44.3), (74.1, 44.3), (89.1, 44.3), (104.0, 44.3), (118.9, 44.3), (133.9, 44.3), (148.8, 44.3), (163.7, 44.3), (178.7, 44.3), (193.6, 44.3), (208.5, 44.3), (223.5, 44.3), (238.4, 44.3), (253.3, 44.3), (268.3, 44.3), (283.2, 44.3), (298.1, 44.3), (313.1, 44.3), (328.0, 44.3), (342.9, 44.3), (357.9, 44.3), (372.8, 44.3), (387.7, 44.3), (402.7, 44.3), (417.6, 44.3), (432.5, 44.3), (436.3, 44.3), (436.3, 44.3), (436.3, 44.3), (436.3, 44.3), (436.3, 44.3), (436.3, 44.3), (436.3, 44.3), (436.3, 44.3), (436.3, 44.3), (436.3, 44.3), (436.3, 44.3), (436.3, 44.3), (436.3, 44.3), (436.3, 44.3), (436.3, 44.3), (436.3, 44.3), (436.3, 44.3), (436.3, 44.3), (436.3, 49.9), (436.3, 64.8), (436.3, 79.7), (436.3, 94.7), (436.3, 109.6), (436.3, 124.5), (436.3, 139.5), (436.3, 154.4), (436.3, 169.3), (436.3, 176.8), (436.3, 176.8), (436.3, 176.8), (436.3, 176.8), (436.3, 176.8), (436.3, 176.8), (436.3, 176.8), (436.3, 169.3), (436.3, 176.8), (436.3, 184.3), (436.3, 199.2), (436.3, 206.7), (436.3, 221.6), (436.3, 236.5), (436.3, 251.5), (436.3, 266.4), (436.3, 270.1), (436.3, 270.1), (436.3, 270.1), (436.3, 270.1), (436.3, 270.1), (436.3, 270.1), (436.3, 270.1), (436.3, 270.1), (436.3, 270.1), (436.3, 270.1), (436.3, 270.1), (436.3, 270.1), (436.3, 270.1), (436.3, 270.1), (436.3, 270.1), (436.3, 270.1), (436.3, 270.1), (436.3, 270.1), (436.3, 270.1), (436.3, 270.1), (436.3, 270.1), (436.3, 255.2), (436.3, 240.3), (436.3, 225.3)]",0,0,12.42
experienced,bomberman,4,Bomb,11,0,31.73,0.864,"[(48.0, 48.0), (59.2, 44.3), (74.1, 44.3), (89.1, 44.3), (104.0, 44.3), (118.9, 44.3), (133.9, 44.3), (148.8, 44.3), (163.7, 44.3), (178.7, 44.3), (193.6, 44.3), (208.5, 44.3), (223.5, 44.3), (238.4, 44.3), (253.3, 44.3), (268.3, 44.3), (283.2, 44.3), (298.1, 44.3), (313.1, 44.3), (328.0, 44.3), (342.9, 44.3), (357.9, 44.3), (372.8, 44.3), (387.7, 44.3), (402.7, 44.3), (417.6, 44.3), (432.5, 44.3), (436.3, 44.3), (436.3, 44.3), (436.3, 44.3), (436.3, 44.3), (436.3, 46.1), (436.3, 46.1), (436.3, 59.2), (436.3, 74.1), (436.3, 89.1), (436.3, 104.0), (436.3, 118.9), (436.3, 133.9), (436.3, 148.8), (436.3, 163.7), (436.3, 178.7), (436.3, 193.6), (436.3, 208.5), (436.3, 223.5), (436.3, 230.9), (436.3, 230.9), (436.3, 230.9), (436.3, 230.9), (436.3, 230.9), (436.3, 230.9), (436.3, 230.9), (436.3, 230.9), (436.3, 230.9), (436.3, 230.9), (436.3, 230.9), (436.3, 230.9), (436.3, 230.9), (436.3, 230.9), (436.3, 230.9), (436.3, 230.9), (436.3, 223.5), (436.3, 227.2), (436.3, 230.9), (436.3, 238.4), (436.3, 245.9), (436.3, 249.6), (436.3, 257.1), (436.3, 257.1), (436.3, 257.1), (436.3, 257.1), (436.3, 257.1), (436.3, 257.1), (436.3, 257.1), (436.3, 257.1), (436.3, 257.1), (436.3, 257.1), (436.3, 257.1), (436.3, 257.1), (436.3, 257.1), (436.3, 257.1), (428.8, 255.2), (428.8, 253.3), (428.8, 257.1), (428.8, 255.2), (428.8, 253.3), (428.8, 257.1), (428.8, 255.2), (428.8, 253.3), (428.8, 257.1), (428.8, 255.2)]",0,0,12.0
experienced,bomberman,4,Bomb,72,0,32.2,0.864,"[(48.0, 48.0), (59.2, 46.1), (74.1, 44.3), (89.1, 44.3), (104.0, 44.3), (118.9, 44.3), (133.9, 44.3), (148.8, 44.3), (163.7, 44.3), (178.7, 44.3), (193.6, 44.3), (208.5, 44.3), (223.5, 44.3), (238.4, 44.3), (253.3, 44.3), (268.3, 44.3), (283.2, 44.3), (298.1, 44.3), (313.1, 44.3), (328.0, 44.3), (342.9, 44.3), (357.9, 44.3), (372.8, 44.3), (387.7, 44.3), (402.7, 44.3), (417.6, 44.3), (432.5, 44.3), (436.3, 44.3), (436.3, 44.3), (436.3, 44.3), (436.3, 44.3), (436.3, 46.1), (436.3, 57.3), (436.3, 72.3), (436.3, 87.2), (436.3, 102.1), (436.3, 117.1), (436.3, 132.0), (436.3, 146.9), (436.3, 161.9), (436.3, 176.8), (436.3, 191.7), (436.3, 206.7), (436.3, 221.6), (436.3, 225.3), (436.3, 225.3), (436.3, 225.3), (436.3, 225.3), (436.3, 225.3), (436.3, 225.3), (436.3, 225.3), (436.3, 225.3), (436.3, 225.3), (436.3, 225.3), (436.3, 225.3), (436.3, 225.3), (436.3, 225.3), (436.3, 225.3), (436.3, 225.3), (436.3, 225.3), (436.3, 225.3), (436.3, 214.1), (436.3, 214.1), (436.3, 221.6), (436.3, 232.8), (436.3, 236.5), (436.3, 240.3), (436.3, 247.7), (436.3, 255.2), (434.4, 255.2), (434.4, 255.2), (434.4, 255.2), (434.4, 255.2), (434.4, 255.2), (434.4, 255.2), (434.4, 255.2), (434.4, 255.2), (434.4, 255.2), (434.4, 255.2), (434.4, 255.2), (434.4, 255.2), (434.4, 255.2), (434.4, 255.2), (434.4, 255.2), (434.4, 255.2), (434.4, 255.2), (434.4, 255.2), (434.4, 255.2), (434.4, 255.2), (434.4, 255.2), (434.4, 255.2)]",0,0,12.0
experienced,bomberman,4,Bomb,77,0,32.2,0.864,"[(48.0, 48.0), (59.2, 51.7), (74.1, 44.3), (89.1, 44.3), (104.0, 44.3), (118.9, 44.3), (133.9, 44.3), (148.8, 44.3), (163.7, 44.3), (178.7, 44.3), (193.6, 44.3), (208.5, 44.3), (223.5, 44.3), (238.4, 44.3), (253.3, 44.3), (268.3, 44.3), (283.2, 44.3), (298.1, 44.3), (313.1, 44.3), (328.0, 44.3), (342.9, 44.3), (357.9, 44.3), (372.8, 44.3), (387.7, 44.3), (402.7, 44.3), (417.6, 44.3), (432.5, 44.3), (436.3, 44.3), (436.3, 44.3), (436.3, 44.3), (436.3, 44.3), (436.3, 53.6), (436.3, 68.5), (436.3, 83.5), (436.3, 98.4), (436.3, 113.3), (436.3, 128.3), (436.3, 143.2), (436.3, 158.1), (436.3, 173.1), (436.3, 188.0), (436.3, 202.9), (436.3, 217.9), (436.3, 225.3), (436.3, 225.3), (436.3, 225.3), (436.3, 225.3), (436.3, 225.3), (436.3, 225.3), (436.3, 225.3), (436.3, 225.3), (436.3, 225.3), (436.3, 225.3), (436.3, 225.3), (436.3, 225.3), (436.3, 225.3), (436.3, 225.3), (436.3, 225.3), (436.3, 225.3), (436.3, 225.3), (436.3, 225.3), (436.3, 214.1), (436.3, 217.9), (436.3, 225.3), (436.3, 232.8), (436.3, 240.3), (436.3, 247.7), (436.3, 255.2), (434.4, 255.2), (434.4, 255.2), (434.4, 255.2), (434.4, 255.2), (434.4, 255.2), (434.4, 255.2), (434.4, 255.2), (434.4, 255.2), (434.4, 255.2), (434.4, 255.2), (434.4, 255.2), (434.4, 255.2), (434.4, 255.2), (434.4, 255.2), (434.4, 255.2), (434.4, 255.2), (434.4, 255.2), (434.4, 255.2), (434.4, 255.2), (434.4, 255.2), (434.4, 255.2), (434.4, 255.2), (434.4, 255.2)]",0,0,12.0
experienced,bomberman,4,Bomb,8,0,31.57,0.864,"[(48.0, 48.0), (59.2, 44.3), (74.1, 44.3), (89.1, 44.3), (104.0, 44.3), (118.9, 44.3), (133.9, 44.3), (148.8, 44.3), (163.7, 44.3), (178.7, 44.3), (193.6, 44.3), (208.5, 44.3), (223.5, 44.3), (238.4, 44.3), (253.3, 44.3), (268.3, 44.3), (283.2, 44.3), (298.1, 44.3), (313.1, 44.3), (328.0, 44.3), (342.9, 44.3), (357.9, 44.3), (372.8, 44.3), (387.7, 44.3), (402.7, 44.3), (417.6, 44.3), (432.5, 44.3), (436.3, 44.3), (436.3, 44.3), (436.3, 44.3), (436.3, 44.3), (436.3, 46.1), (436.3, 46.1), (436.3, 55.5), (436.3, 70.4), (436.3, 85.3), (436.3, 100.3), (436.3, 115.2), (436.3, 130.1), (436.3, 145.1), (436.3, 160.0), (436.3, 174.9), (436.3, 182.4), (436.3, 182.4), (436.3, 182.4), (436.3, 182.4), (436.3, 182.4), (436.3, 182.4), (436.3, 182.4), (436.3, 182.4), (436.3, 182.4), (436.3, 182.4), (436.3, 182.4), (436.3, 182.4), (436.3, 182.4), (436.3, 182.4), (436.3, 182.4), (436.3, 182.4), (436.3, 182.4), (436.3, 182.4), (436.3, 182.4), (436.3, 174.9), (436.3, 174.9), (436.3, 182.4), (436.3, 193.6), (436.3, 193.6), (436.3, 201.1), (436.3, 201.1), (436.3, 201.1), (436.3, 201.1), (436.3, 208.5), (436.3, 223.5), (436.3, 238.4), (436.3, 253.3), (436.3, 257.1), (436.3, 257.1), (436.3, 257.1), (436.3, 257.1), (436.3, 257.1), (436.3, 257.1), (436.3, 257.1), (436.3, 257.1), (436.3, 257.1), (436.3, 257.1), (436.3, 257.1), (436.3, 257.1), (436.3, 257.1), (436.3, 257.1), (436.3, 257.1), (436.3, 257.1), (436.3, 257.1), (436.3, 242.1), (436.3, 227.2)]",0,0,12.3
experienced,bomberman,4,Bomb,5,0,31.48,0.864,"[(48.0, 48.0), (62.9, 44.3), (77.9, 44.3), (92.8, 44.3), (107.7, 44.3), (122.7, 44.3), (137.6, 44.3), (152.5, 44.3), (167.5, 44.3), (182.4, 44.3), (197.3, 44.3), (212.3, 44.3), (227.2, 44.3), (242.1, 44.3), (257.1, 44.3), (272.0, 44.3), (286.9, 44.3), (301.9, 44.3), (316.8, 44.3), (331.7, 44.3), (346.7, 44.3), (361.6, 44.3), (376.5, 44.3), (391.5, 44.3), (406.4, 44.3), (421.3, 44.3), (436.3, 44.3), (436.3, 44.3), (436.3, 44.3), (436.3, 44.3), (436.3, 44.3), (436.3, 46.1), (436.3, 46.1), (436.3, 48.0), (436.3, 62.9), (436.3, 77.9), (436.3, 92.8), (436.3, 107.7), (436.3, 122.7), (436.3, 137.6), (436.3, 152.5), (436.3, 167.5), (436.3, 174.9), (436.3, 174.9), (436.3, 174.9), (436.3, 174.9), (436.3, 174.9), (436.3, 174.9), (436.3, 174.9), (436.3, 174.9), (436.3, 174.9), (436.3, 174.9), (436.3, 174.9), (436.3, 174.9), (436.3, 174.9), (436.3, 174.9), (436.3, 174.9), (436.3, 174.9), (436.3, 174.9), (436.3, 174.9), (436.3, 174.9), (436.3, 167.5), (436.3, 174.9), (436.3, 178.7), (436.3, 182.4), (436.3, 193.6), (436.3, 201.1), (436.3, 201.1), (436.3, 201.1), (436.3, 212.3), (436.3, 227.2), (436.3, 242.1), (436.3, 257.1), (436.3, 257.1), (436.3, 257.1), (436.3, 257.1), (436.3, 257.1), (436.3, 257.1), (436.3, 257.1), (436.3, 257.1), (436.3, 257.1), (436.3, 257.1), (436.3, 257.1), (436.3, 257.1), (436.3, 257.1), (436.3, 257.1), (436.3, 257.1), (436.3, 257.1), (436.3, 257.1), (436.3, 257.1), (436.3, 257.1), (436.3, 245.9), (436.3, 230.9)]",0,0,12.33
experienced,bomberman,4,Timeout,1,0,6.47,0.818,"[(48.0, 48.0), (59.2, 44.3), (74.1, 44.3), (89.1, 44.3), (104.0, 44.3), (118.9, 44.3), (133.9, 44.3), (148.8, 44.3), (163.7, 44.3), (178.7, 44.3), (193.6, 44.3), (208.5, 44.3), (223.5, 44.3), (238.4, 44.3), (253.3, 44.3), (268.3, 44.3), (283.2, 44.3), (298.1, 44.3), (313.1, 44.3), (328.0, 44.3), (342.9, 44.3), (357.9, 44.3), (372.8, 44.3), (387.7, 44.3), (402.7, 44.3), (417.6, 44.3), (432.5, 53.6), (436.3, 68.5), (436.3, 83.5), (436.3, 98.4), (436.3, 113.3), (436.3, 128.3), (436.3, 143.2), (436.3, 158.1), (436.3, 173.1), (436.3, 188.0), (436.3, 202.9), (436.3, 217.9), (436.3, 232.8), (436.3, 240.3), (436.3, 240.3), (436.3, 240.3), (436.3, 240.3), (436.3, 240.3), (436.3, 240.3), (436.3, 240.3), (436.3, 240.3), (436.3, 240.3), (436.3, 240.3), (436.3, 240.3), (436.3, 240.3), (436.3, 240.3), (436.3, 240.3), (436.3, 240.3), (436.3, 240.3), (436.3, 240.3), (436.3, 240.3), (436.3, 240.3), (436.3, 240.3), (436.3, 240.3), (436.3, 240.3), (436.3, 225.3), (436.3, 210.4), (430.7, 189.9), (436.3, 174.9), (436.3, 160.0), (436.3, 145.1), (436.3, 130.1), (436.3, 115.2), (436.3, 100.3), (436.3, 96.5), (436.3, 96.5), (436.3, 96.5), (436.3, 96.5), (436.3, 96.5), (436.3, 96.5), (436.3, 96.5), (436.3, 96.5), (436.3, 96.5), (436.3, 96.5), (436.3, 96.5), (436.3, 96.5), (436.3, 96.5), (436.3, 96.5), (436.3, 96.5), (436.3, 96.5), (436.3, 96.5), (436.3, 96.5), (436.3, 96.5), (436.3, 96.5), (436.3, 96.5), (436.3, 111.5), (436.3, 126.4), (436.3, 141.3), (436.3, 156.3), (436.3, 171.2), (436.3, 186.1), (436.3, 201.1), (436.3, 216.0), (436.3, 230.9), (436.3, 238.4), (436.3, 238.4), (436.3, 238.4), (436.3, 238.4), (436.3, 238.4), (436.3, 238.4), (436.3, 238.4), (436.3, 238.4), (436.3, 238.4), (436.3, 238.4), (436.3, 238.4), (436.3, 238.4), (436.3, 238.4), (436.3, 238.4), (436.3, 238.4), (436.3, 238.4), (436.3, 238.4), (436.3, 238.4), (436.3, 238.4), (436.3, 238.4), (436.3, 238.4), (436.3, 223.5), (434.4, 208.5), (432.5, 188.0), (436.3, 173.1), (436.3, 158.1), (436.3, 143.2), (436.3, 128.3), (436.3, 113.3), (436.3, 98.4), (436.3, 94.7), (436.3, 94.7), (436.3, 94.7), (436.3, 94.7), (436.3, 94.7), (436.3, 94.7), (436.3, 94.7), (436.3, 94.7), (436.3, 94.7), (436.3, 94.7), (436.3, 94.7), (436.3, 94.7), (436.3, 94.7), (436.3, 94.7), (436.3, 94.7), (436.3, 94.7), (436.3, 94.7), (436.3, 94.7), (436.3, 94.7), (436.3, 94.7), (436.3, 94.7), (436.3, 109.6), (436.3, 124.5), (436.3, 139.5), (436.3, 154.4), (436.3, 169.3), (436.3, 184.3), (436.3, 199.2), (436.3, 214.1), (436.3, 225.3), (436.3, 225.3), (436.3, 225.3), (436.3, 225.3), (436.3, 225.3), (436.3, 225.3), (436.3, 225.3), (436.3, 225.3), (436.3, 225.3), (436.3, 225.3), (436.3, 225.3), (436.3, 225.3), (436.3, 225.3), (436.3, 225.3), (436.3, 225.3), (436.3, 225.3), (436.3, 225.3), (436.3, 225.3), (436.3, 225.3), (436.3, 225.3), (436.3, 225.3), (436.3, 225.3), (436.3, 210.4), (430.7, 189.9), (436.3, 174.9), (436.3, 160.0), (436.3, 145.1), (436.3, 130.1), (436.3, 115.2), (436.3, 100.3), (436.3, 96.5), (436.3, 96.5), (436.3, 96.5), (436.3, 96.5), (436.3, 96.5), (436.3, 96.5), (436.3, 96.5), (436.3, 96.5), (436.3, 96.5), (436.3, 96.5), (436.3, 96.5), (436.3, 96.5), (436.3, 96.5), (436.3, 96.5), (436.3, 96.5), (436.3, 96.5), (436.3, 96.5), (436.3, 96.5), (436.3, 96.5), (436.3, 96.5), (436.3, 96.5), (436.3, 96.5), (436.3, 111.5), (436.3, 126.4), (436.3, 141.3), (436.3, 156.3), (436.3, 171.2), (436.3, 186.1), (436.3, 201.1), (436.3, 216.0), (436.3, 230.9), (436.3, 238.4), (436.3, 238.4), (436.3, 238.4), (436.3, 238.4), (436.3, 238.4), (436.3, 238.4), (436.3, 238.4), (436.3, 238.4), (436.3, 238.4), (436.3, 238.4), (436.3, 238.4), (436.3, 238.4), (436.3, 238.4), (436.3, 238.4), (436.3, 238.4), (436.3, 238.4), (436.3, 238.4), (436.3, 238.4), (436.3, 238.4), (436.3, 238.4), (436.3, 238.4), (436.3, 223.5), (434.4, 208.5), (432.5, 188.0), (436.3, 173.1), (436.3, 158.1), (436.3, 143.2), (436.3, 128.3), (436.3, 113.3), (436.3, 98.4), (436.3, 94.7), (436.3, 94.7), (436.3, 94.7), (436.3, 94.7), (436.3, 94.7), (436.3, 94.7), (436.3, 94.7), (436.3, 94.7), (436.3, 94.7), (436.3, 94.7), (436.3, 94.7), (436.3, 94.7), (436.3, 94.7), (436.3, 94.7), (436.3, 94.7), (436.3, 94.7), (436.3, 94.7), (436.3, 94.7), (436.3, 94.7), (436.3, 94.7), (436.3, 94.7), (436.3, 109.6), (436.3, 124.5), (436.3, 139.5), (436.3, 154.4), (436.3, 169.3), (436.3, 184.3), (436.3, 199.2), (436.3, 214.1), (436.3, 225.3), (436.3, 225.3), (436.3, 225.3), (436.3, 225.3), (436.3, 225.3), (436.3, 225.3), (436.3, 225.3), (436.3, 225.3), (436.3, 225.3), (436.3, 225.3), (436.3, 225.3), (436.3, 225.3), (436.3, 225.3), (436.3, 225.3), (436.3, 225.3), (436.3, 225.3), (436.3, 225.3), (436.3, 225.3), (436.3, 225.3), (436.3, 225.3), (436.3, 225.3), (436.3, 225.3), (436.3, 210.4), (430.7, 189.9), (436.3, 174.9), (436.3, 160.0), (436.3, 145.1), (436.3, 130.1), (436.3, 115.2), (436.3, 100.3), (436.3, 96.5), (436.3, 96.5), (436.3, 96.5), (436.3, 96.5), (436.3, 96.5), (436.3, 96.5), (436.3, 96.5), (436.3, 96.5), (436.3, 96.5), (436.3, 96.5), (436.3, 96.5), (436.3, 96.5), (436.3, 96.5), (436.3, 96.5), (436.3, 96.5), (436.3, 96.5), (436.3, 96.5), (436.3, 96.5), (436.3, 96.5), (436.3, 96.5), (436.3, 96.5), (436.3, 96.5), (436.3, 111.5), (436.3, 126.4), (436.3, 141.3), (436.3, 156.3), (436.3, 171.2), (436.3, 186.1), (436.3, 201.1), (436.3, 216.0), (436.3, 230.9), (436.3, 238.4), (436.3, 238.4), (436.3, 238.4), (436.3, 238.4), (436.3, 238.4), (436.3, 238.4), (436.3, 238.4), (436.3, 238.4), (436.3, 238.4), (436.3, 238.4), (436.3, 238.4), (436.3, 238.4), (436.3, 238.4), (436.3, 238.4), (436.3, 238.4), (436.3, 238.4), (436.3, 238.4), (436.3, 238.4), (436.3, 238.4), (436.3, 238.4), (436.3, 238.4), (436.3, 223.5), (434.4, 208.5), (432.5, 188.0), (436.3, 173.1), (436.3, 158.1), (436.3, 143.2), (436.3, 128.3), (436.3, 113.3), (436.3, 98.4), (436.3, 94.7), (436.3, 94.7), (436.3, 94.7), (436.3, 94.7), (436.3, 94.7), (436.3, 94.7), (436.3, 94.7), (436.3, 94.7), (436.3, 94.7), (436.3, 94.7), (436.3, 94.7), (436.3, 94.7), (436.3, 94.7), (436.3, 94.7), (436.3, 94.7), (436.3, 94.7), (436.3, 94.7), (436.3, 94.7), (436.3, 94.7), (436.3, 94.7), (436.3, 94.7), (436.3, 109.6), (436.3, 124.5), (436.3, 139.5), (436.3, 154.4), (436.3, 169.3), (436.3, 184.3), (436.3, 199.2), (436.3, 214.1), (436.3, 225.3), (436.3, 225.3), (436.3, 225.3), (436.3, 225.3), (436.3, 225.3), (436.3, 225.3), (436.3, 225.3), (436.3, 225.3), (436.3, 225.3), (436.3, 225.3), (436.3, 225.3), (436.3, 225.3), (436.3, 225.3), (436.3, 225.3), (436.3, 225.3), (436.3, 225.3), (436.3, 225.3), (436.3, 225.3), (436.3, 225.3), (436.3, 225.3), (436.3, 225.3), (436.3, 225.3), (436.3, 210.4), (430.7, 189.9), (436.3, 174.9), (436.3, 160.0), (436.3, 145.1), (436.3, 130.1), (436.3, 115.2), (436.3, 100.3), (436.3, 96.5), (436.3, 96.5), (436.3, 96.5), (436.3, 96.5), (436.3, 96.5), (436.3, 96.5), (436.3, 96.5), (436.3, 96.5), (436.3, 96.5), (436.3, 96.5), (436.3, 96.5), (436.3, 96.5), (436.3, 96.5), (436.3, 96.5), (436.3, 96.5), (436.3, 96.5), (436.3, 96.5), (436.3, 96.5), (436.3, 96.5), (436.3, 96.5), (436.3, 96.5), (436.3, 96.5)]",0,0,60.0
experienced,bomberman,4,Bomb,6,0,32.0,0.909,"[(48.0, 48.0), (59.2, 44.3), (74.1, 44.3), (89.1, 44.3), (104.0, 44.3), (118.9, 44.3), (133.9, 44.3), (148.8, 44.3), (163.7, 44.3), (178.7, 44.3), (193.6, 44.3), (208.5, 44.3), (223.5, 44.3), (238.4, 44.3), (253.3, 44.3), (268.3, 44.3), (283.2, 44.3), (298.1, 44.3), (313.1, 44.3), (328.0, 44.3), (342.9, 44.3), (357.9, 44.3), (372.8, 44.3), (387.7, 44.3), (402.7, 44.3), (417.6, 44.3), (432.5, 44.3), (436.3, 44.3), (436.3, 44.3), (436.3, 44.3), (436.3, 44.3), (436.3, 44.3), (436.3, 44.3), (436.3, 44.3), (436.3, 44.3), (436.3, 44.3), (436.3, 44.3), (436.3, 44.3), (436.3, 44.3), (436.3, 44.3), (436.3, 44.3), (436.3, 44.3), (436.3, 51.7), (436.3, 66.7), (436.3, 81.6), (436.3, 96.5), (436.3, 111.5), (436.3, 126.4), (436.3, 141.3), (436.3, 156.3), (436.3, 171.2), (436.3, 186.1), (436.3, 201.1), (436.3, 216.0), (436.3, 230.9), (436.3, 238.4), (436.3, 238.4), (436.3, 238.4), (436.3, 238.4), (436.3, 238.4), (436.3, 238.4), (436.3, 230.9), (436.3, 230.9), (436.3, 238.4), (436.3, 245.9), (436.3, 249.6), (436.3, 257.1), (436.3, 257.1), (436.3, 257.1), (436.3, 257.1), (436.3, 257.1), (436.3, 257.1), (436.3, 257.1), (436.3, 257.1), (436.3, 257.1), (436.3, 257.1), (436.3, 257.1), (428.8, 262.7), (428.8, 260.8), (428.8, 264.5), (428.8, 262.7), (428.8, 260.8), (428.8, 264.5), (428.8, 262.7), (428.8, 260.8), (428.8, 264.5), (428.8, 262.7), (428.8, 260.8), (428.8, 264.5), (428.8, 273.9), (434.4, 288.8)]",0,0,12.02
experienced,bomberman,4,Bomb,35,0,31.52,0.818,"[(48.0, 48.0), (62.9, 44.3), (77.9, 44.3), (92.8, 44.3), (107.7, 44.3), (122.7, 44.3), (137.6, 44.3), (152.5, 44.3), (167.5, 44.3), (182.4, 44.3), (197.3, 44.3), (212.3, 44.3), (227.2, 44.3), (242.1, 44.3), (257.1, 44.3), (272.0, 44.3), (286.9, 44.3), (301.9, 44.3), (316.8, 44.3), (331.7, 44.3), (346.7, 44.3), (361.6, 44.3), (376.5, 44.3), (391.5, 44.3), (406.4, 44.3), (421.3, 44.3), (436.3, 44.3), (436.3, 44.3), (436.3, 44.3), (436.3, 44.3), (436.3, 44.3), (436.3, 44.3), (436.3, 44.3), (436.3, 44.3), (436.3, 44.3), (436.3, 44.3), (436.3, 44.3), (436.3, 44.3), (436.3, 44.3), (436.3, 44.3), (436.3, 44.3), (436.3, 59.2), (436.3, 74.1), (436.3, 89.1), (436.3, 104.0), (436.3, 118.9), (436.3, 133.9), (436.3, 148.8), (436.3, 160.0), (436.3, 160.0), (436.3, 160.0), (436.3, 160.0), (436.3, 160.0), (436.3, 160.0), (436.3, 160.0), (436.3, 160.0), (436.3, 160.0), (436.3, 160.0), (436.3, 160.0), (436.3, 160.0), (436.3, 160.0), (436.3, 152.5), (436.3, 156.3), (436.3, 160.0), (436.3, 160.0), (436.3, 160.0), (436.3, 160.0), (436.3, 160.0), (436.3, 160.0), (436.3, 160.0), (436.3, 160.0), (436.3, 160.0), (436.3, 160.0), (436.3, 160.0), (436.3, 160.0), (436.3, 160.0), (436.3, 163.7), (436.3, 167.5), (436.3, 167.5), (436.3, 171.2), (436.3, 186.1), (436.3, 201.1), (436.3, 216.0), (436.3, 223.5), (436.3, 223.5), (436.3, 223.5), (436.3, 223.5), (436.3, 223.5), (436.3, 223.5), (436.3, 223.5), (436.3, 223.5), (436.3, 212.3), (436.3, 197.3)]",0,0,12.32
experienced,bomberman,4,Bomb,87,0,23.66,0.955,"[(48.0, 48.0), (62.9, 51.7), (77.9, 44.3), (92.8, 44.3), (107.7, 44.3), (122.7, 44.3), (137.6, 44.3), (152.5, 44.3), (167.5, 44.3), (182.4, 44.3), (197.3, 44.3), (212.3, 44.3), (227.2, 44.3), (242.1, 44.3), (257.1, 44.3), (272.0, 44.3), (286.9, 44.3), (301.9, 44.3), (316.8, 44.3), (331.7, 44.3), (346.7, 44.3), (361.6, 44.3), (376.5, 44.3), (391.5, 44.3), (406.4, 44.3), (421.3, 44.3), (436.3, 44.3), (436.3, 44.3), (436.3, 44.3), (436.3, 44.3), (436.3, 44.3), (436.3, 44.3), (436.3, 44.3), (436.3, 44.3), (436.3, 44.3), (436.3, 44.3), (436.3, 44.3), (436.3, 44.3), (436.3, 44.3), (436.3, 44.3), (436.3, 44.3), (436.3, 44.3), (436.3, 46.1), (436.3, 61.1), (436.3, 76.0), (436.3, 90.9), (436.3, 105.9), (436.3, 120.8), (436.3, 135.7), (436.3, 150.7), (436.3, 165.6), (436.3, 180.5), (436.3, 195.5), (436.3, 210.4), (436.3, 225.3), (436.3, 240.3), (436.3, 255.2), (436.3, 270.1), (436.3, 281.3), (436.3, 281.3), (436.3, 281.3), (436.3, 270.1), (436.3, 270.1), (436.3, 281.3), (436.3, 285.1), (436.3, 288.8), (436.3, 288.8), (436.3, 288.8), (436.3, 288.8), (436.3, 288.8), (436.3, 288.8), (436.3, 288.8), (436.3, 288.8), (436.3, 288.8), (436.3, 288.8), (436.3, 288.8), (436.3, 288.8), (436.3, 288.8), (436.3, 288.8), (436.3, 288.8), (434.4, 288.8), (436.3, 292.5), (436.3, 296.3), (436.3, 300.0), (421.3, 307.5), (417.6, 307.5), (417.6, 307.5), (417.6, 307.5), (402.7, 307.5), (387.7, 307.5), (384.0, 307.5), (384.0, 307.5), (384.0, 307.5), (384.0, 307.5), (387.7, 307.5), (402.7, 307.5), (425.1, 300.0), (436.3, 309.3), (436.3, 320.5), (436.3, 320.5), (436.3, 320.5), (436.3, 320.5), (436.3, 320.5), (436.3, 320.5), (436.3, 320.5), (436.3, 320.5), (436.3, 320.5), (436.3, 320.5), (436.3, 320.5), (436.3, 320.5), (436.3, 320.5), (436.3, 320.5), (436.3, 320.5), (436.3, 320.5), (436.3, 320.5), (436.3, 320.5), (436.3, 320.5), (436.3, 320.5), (436.3, 320.5), (436.3, 320.5), (436.3, 320.5)]",0,0,16.02
experienced,bomberman,4,Bomb,87,0,23.66,0.955,"[(48.0, 48.0), (62.9, 51.7), (77.9, 44.3), (92.8, 44.3), (107.7, 44.3), (122.7, 44.3), (137.6, 44.3), (152.5, 44.3), (167.5, 44.3), (182.4, 44.3), (197.3, 44.3), (212.3, 44.3), (227.2, 44.3), (242.1, 44.3), (257.1, 44.3), (272.0, 44.3), (286.9, 44.3), (301.9, 44.3), (316.8, 44.3), (331.7, 44.3), (346.7, 44.3), (361.6, 44.3), (376.5, 44.3), (391.5, 44.3), (406.4, 44.3), (421.3, 44.3), (436.3, 44.3), (436.3, 44.3), (436.3, 44.3), (436.3, 44.3), (436.3, 44.3), (436.3, 44.3), (436.3, 44.3), (436.3, 44.3), (436.3, 44.3), (436.3, 44.3), (436.3, 44.3), (436.3, 44.3), (436.3, 44.3), (436.3, 44.3), (436.3, 44.3), (436.3, 44.3), (436.3, 46.1), (436.3, 61.1), (436.3, 76.0), (436.3, 90.9), (436.3, 105.9), (436.3, 120.8), (436.3, 135.7), (436.3, 150.7), (436.3, 165.6), (436.3, 180.5), (436.3, 195.5), (436.3, 210.4), (436.3, 225.3), (436.3, 240.3), (436.3, 255.2), (436.3, 270.1), (436.3, 281.3), (436.3, 281.3), (436.3, 281.3), (436.3, 270.1), (436.3, 270.1), (436.3, 281.3), (436.3, 285.1), (436.3, 288.8), (436.3, 288.8), (436.3, 288.8), (436.3, 288.8), (436.3, 288.8), (436.3, 288.8), (436.3, 288.8), (436.3, 288.8), (436.3, 288.8), (436.3, 288.8), (436.3, 288.8), (436.3, 288.8), (436.3, 288.8), (436.3, 288.8), (436.3, 288.8), (434.4, 288.8), (436.3, 292.5), (436.3, 296.3), (436.3, 300.0), (421.3, 307.5), (417.6, 307.5), (417.6, 307.5), (417.6, 307.5), (402.7, 307.5), (387.7, 307.5), (384.0, 307.5), (384.0, 307.5), (384.0, 307.5), (384.0, 307.5), (387.7, 307.5), (402.7, 307.5), (425.1, 300.0), (436.3, 309.3), (436.3, 320.5), (436.3, 320.5), (436.3, 320.5), (436.3, 320.5), (436.3, 320.5), (436.3, 320.5), (436.3, 320.5), (436.3, 320.5), (436.3, 320.5), (436.3, 320.5), (436.3, 320.5), (436.3, 320.5), (436.3, 320.5), (436.3, 320.5), (436.3, 320.5), (436.3, 320.5), (436.3, 320.5), (436.3, 320.5), (436.3, 320.5), (436.3, 320.5), (436.3, 320.5), (436.3, 320.5), (436.3, 320.5)]",0,0,16.02
experienced,bomberman,4,Bomb,6,0,32.0,0.909,"[(48.0, 48.0), (59.2, 44.3), (74.1, 44.3), (89.1, 44.3), (104.0, 44.3), (118.9, 44.3), (133.9, 44.3), (148.8, 44.3), (163.7, 44.3), (178.7, 44.3), (193.6, 44.3), (208.5, 44.3), (223.5, 44.3), (238.4, 44.3), (253.3, 44.3), (268.3, 44.3), (283.2, 44.3), (298.1, 44.3), (313.1, 44.3), (328.0, 44.3), (342.9, 44.3), (357.9, 44.3), (372.8, 44.3), (387.7, 44.3), (402.7, 44.3), (417.6, 44.3), (432.5, 44.3), (436.3, 44.3), (436.3, 44.3), (436.3, 44.3), (436.3, 44.3), (436.3, 44.3), (436.3, 44.3), (436.3, 44.3), (436.3, 44.3), (436.3, 44.3), (436.3, 44.3), (436.3, 44.3), (436.3, 44.3), (436.3, 44.3), (436.3, 44.3), (436.3, 44.3), (436.3, 51.7), (436.3, 66.7), (436.3, 81.6), (436.3, 96.5), (436.3, 111.5), (436.3, 126.4), (436.3, 141.3), (436.3, 156.3), (436.3, 171.2), (436.3, 186.1), (436.3, 201.1), (436.3, 216.0), (436.3, 230.9), (436.3, 238.4), (436.3, 238.4), (436.3, 238.4), (436.3, 238.4), (436.3, 238.4), (436.3, 238.4), (436.3, 230.9), (436.3, 230.9), (436.3, 238.4), (436.3, 245.9), (436.3, 249.6), (436.3, 257.1), (436.3, 257.1), (436.3, 257.1), (436.3, 257.1), (436.3, 257.1), (436.3, 257.1), (436.3, 257.1), (436.3, 257.1), (436.3, 257.1), (436.3, 257.1), (436.3, 257.1), (428.8, 262.7), (428.8, 260.8), (428.8, 264.5), (428.8, 262.7), (428.8, 260.8), (428.8, 264.5), (428.8, 262.7), (428.8, 260.8), (428.8, 264.5), (428.8, 262.7), (428.8, 260.8), (428.8, 264.5), (428.8, 273.9), (434.4, 288.8)]",0,0,12.02
experienced,bomberman,4,Bomb,5,0,31.48,0.864,"[(48.0, 48.0), (62.9, 44.3), (77.9, 44.3), (92.8, 44.3), (107.7, 44.3), (122.7, 44.3), (137.6, 44.3), (152.5, 44.3), (167.5, 44.3), (182.4, 44.3), (197.3, 44.3), (212.3, 44.3), (227.2, 44.3), (242.1, 44.3), (257.1, 44.3), (272.0, 44.3), (286.9, 44.3), (301.9, 44.3), (316.8, 44.3), (331.7, 44.3), (346.7, 44.3), (361.6, 44.3), (376.5, 44.3), (391.5, 44.3), (406.4, 44.3), (421.3, 44.3), (436.3, 44.3), (436.3, 44.3), (436.3, 44.3), (436.3, 44.3), (436.3, 44.3), (436.3, 46.1), (436.3, 46.1), (436.3, 48.0), (436.3, 62.9), (436.3, 77.9), (436.3, 92.8), (436.3, 107.7), (436.3, 122.7), (436.3, 137.6), (436.3, 152.5), (436.3, 167.5), (436.3, 174.9), (436.3, 174.9), (436.3, 174.9), (436.3, 174.9), (436.3, 174.9), (436.3, 174.9), (436.3, 174.9), (436.3, 174.9), (436.3, 174.9), (436.3, 174.9), (436.3, 174.9), (436.3, 174.9), (436.3, 174.9), (436.3, 174.9), (436.3, 174.9), (436.3, 174.9), (436.3, 174.9), (436.3, 174.9), (436.3, 174.9), (436.3, 167.5), (436.3, 174.9), (436.3, 178.7), (436.3, 182.4), (436.3, 193.6), (436.3, 201.1), (436.3, 201.1), (436.3, 201.1), (436.3, 212.3), (436.3, 227.2), (436.3, 242.1), (436.3, 257.1), (436.3, 257.1), (436.3, 257.1), (436.3, 257.1), (436.3, 257.1), (436.3, 257.1), (436.3, 257.1), (436.3, 257.1), (436.3, 257.1), (436.3, 257.1), (436.3, 257.1), (436.3, 257.1), (436.3, 257.1), (436.3, 257.1), (436.3, 257.1), (436.3, 257.1), (436.3, 257.1), (436.3, 257.1), (436.3, 257.1), (436.3, 245.9), (436.3, 230.9)]",0,0,12.33
experienced,bomberman,4,Bomb,8,0,31.57,0.864,"[(48.0, 48.0), (59.2, 44.3), (74.1, 44.3), (89.1, 44.3), (104.0, 44.3), (118.9, 44.3), (133.9, 44.3), (148.8, 44.3), (163.7, 44.3), (178.7, 44.3), (193.6, 44.3), (208.5, 44.3), (223.5, 44.3), (238.4, 44.3), (253.3, 44.3), (268.3, 44.3), (283.2, 44.3), (298.1, 44.3), (313.1, 44.3), (328.0, 44.3), (342.9, 44.3), (357.9, 44.3), (372.8, 44.3), (387.7, 44.3), (402.7, 44.3), (417.6, 44.3), (432.5, 44.3), (436.3, 44.3), (436.3, 44.3), (436.3, 44.3), (436.3, 44.3), (436.3, 46.1), (436.3, 46.1), (436.3, 55.5), (436.3, 70.4), (436.3, 85.3), (436.3, 100.3), (436.3, 115.2), (436.3, 130.1), (436.3, 145.1), (436.3, 160.0), (436.3, 174.9), (436.3, 182.4), (436.3, 182.4), (436.3, 182.4), (436.3, 182.4), (436.3, 182.4), (436.3, 182.4), (436.3, 182.4), (436.3, 182.4), (436.3, 182.4), (436.3, 182.4), (436.3, 182.4), (436.3, 182.4), (436.3, 182.4), (436.3, 182.4), (436.3, 182.4), (436.3, 182.4), (436.3, 182.4), (436.3, 182.4), (436.3, 182.4), (436.3, 174.9), (436.3, 174.9), (436.3, 182.4), (436.3, 193.6), (436.3, 193.6), (436.3, 201.1), (436.3, 201.1), (436.3, 201.1), (436.3, 201.1), (436.3, 208.5), (436.3, 223.5), (436.3, 238.4), (436.3, 253.3), (436.3, 257.1), (436.3, 257.1), (436.3, 257.1), (436.3, 257.1), (436.3, 257.1), (436.3, 257.1), (436.3, 257.1), (436.3, 257.1), (436.3, 257.1), (436.3, 257.1), (436.3, 257.1), (436.3, 257.1), (436.3, 257.1), (436.3, 257.1), (436.3, 257.1), (436.3, 257.1), (436.3, 257.1), (436.3, 242.1), (436.3, 227.2)]",0,0,12.3
experienced,bomberman,4,Bomb,77,0,32.2,0.864,"[(48.0, 48.0), (59.2, 51.7), (74.1, 44.3), (89.1, 44.3), (104.0, 44.3), (118.9, 44.3), (133.9, 44.3), (148.8, 44.3), (163.7, 44.3), (178.7, 44.3), (193.6, 44.3), (208.5, 44.3), (223.5, 44.3), (238.4, 44.3), (253.3, 44.3), (268.3, 44.3), (283.2, 44.3), (298.1, 44.3), (313.1, 44.3), (328.0, 44.3), (342.9, 44.3), (357.9, 44.3), (372.8, 44.3), (387.7, 44.3), (402.7, 44.3), (417.6, 44.3), (432.5, 44.3), (436.3, 44.3), (436.3, 44.3), (436.3, 44.3), (436.3, 44.3), (436.3, 53.6), (436.3, 68.5), (436.3, 83.5), (436.3, 98.4), (436.3, 113.3), (436.3, 128.3), (436.3, 143.2), (436.3, 158.1), (436.3, 173.1), (436.3, 188.0), (436.3, 202.9), (436.3, 217.9), (436.3, 225.3), (436.3, 225.3), (436.3, 225.3), (436.3, 225.3), (436.3, 225.3), (436.3, 225.3), (436.3, 225.3), (436.3, 225.3), (436.3, 225.3), (436.3, 225.3), (436.3, 225.3), (436.3, 225.3), (436.3, 225.3), (436.3, 225.3), (436.3, 225.3), (436.3, 225.3), (436.3, 225.3), (436.3, 225.3), (436.3, 214.1), (436.3, 217.9), (436.3, 225.3), (436.3, 232.8), (436.3, 240.3), (436.3, 247.7), (436.3, 255.2), (434.4, 255.2), (434.4, 255.2), (434.4, 255.2), (434.4, 255.2), (434.4, 255.2), (434.4, 255.2), (434.4, 255.2), (434.4, 255.2), (434.4, 255.2), (434.4, 255.2), (434.4, 255.2), (434.4, 255.2), (434.4, 255.2), (434.4, 255.2), (434.4, 255.2), (434.4, 255.2), (434.4, 255.2), (434.4, 255.2), (434.4, 255.2), (434.4, 255.2), (434.4, 255.2), (434.4, 255.2), (434.4, 255.2)]",0,0,12.0
experienced,bomberman,4,Bomb,72,0,32.2,0.864,"[(48.0, 48.0), (59.2, 46.1), (74.1, 44.3), (89.1, 44.3), (104.0, 44.3), (118.9, 44.3), (133.9, 44.3), (148.8, 44.3), (163.7, 44.3), (178.7, 44.3), (193.6, 44.3), (208.5, 44.3), (223.5, 44.3), (238.4, 44.3), (253.3, 44.3), (268.3, 44.3), (283.2, 44.3), (298.1, 44.3), (313.1, 44.3), (328.0, 44.3), (342.9, 44.3), (357.9, 44.3), (372.8, 44.3), (387.7, 44.3), (402.7, 44.3), (417.6, 44.3), (432.5, 44.3), (436.3, 44.3), (436.3, 44.3), (436.3, 44.3), (436.3, 44.3), (436.3, 46.1), (436.3, 57.3), (436.3, 72.3), (436.3, 87.2), (436.3, 102.1), (436.3, 117.1), (436.3, 132.0), (436.3, 146.9), (436.3, 161.9), (436.3, 176.8), (436.3, 191.7), (436.3, 206.7), (436.3, 221.6), (436.3, 225.3), (436.3, 225.3), (436.3, 225.3), (436.3, 225.3), (436.3, 225.3), (436.3, 225.3), (436.3, 225.3), (436.3, 225.3), (436.3, 225.3), (436.3, 225.3), (436.3, 225.3), (436.3, 225.3), (436.3, 225.3), (436.3, 225.3), (436.3, 225.3), (436.3, 225.3), (436.3, 225.3), (436.3, 214.1), (436.3, 214.1), (436.3, 221.6), (436.3, 232.8), (436.3, 236.5), (436.3, 240.3), (436.3, 247.7), (436.3, 255.2), (434.4, 255.2), (434.4, 255.2), (434.4, 255.2), (434.4, 255.2), (434.4, 255.2), (434.4, 255.2), (434.4, 255.2), (434.4, 255.2), (434.4, 255.2), (434.4, 255.2), (434.4, 255.2), (434.4, 255.2), (434.4, 255.2), (434.4, 255.2), (434.4, 255.2), (434.4, 255.2), (434.4, 255.2), (434.4, 255.2), (434.4, 255.2), (434.4, 255.2), (434.4, 255.2), (434.4, 255.2)]",0,0,12.0
experienced,bomberman,4,Bomb,52,0,24.15,0.955,"[(48.0, 48.0), (62.9, 51.7), (77.9, 44.3), (92.8, 44.3), (107.7, 44.3), (122.7, 44.3), (137.6, 44.3), (152.5, 44.3), (167.5, 44.3), (182.4, 44.3), (197.3, 44.3), (212.3, 44.3), (227.2, 44.3), (242.1, 44.3), (257.1, 44.3), (272.0, 44.3), (286.9, 44.3), (301.9, 44.3), (316.8, 44.3), (331.7, 44.3), (346.7, 44.3), (361.6, 44.3), (376.5, 44.3), (391.5, 44.3), (406.4, 44.3), (421.3, 44.3), (436.3, 44.3), (436.3, 44.3), (436.3, 44.3), (436.3, 44.3), (436.3, 44.3), (436.3, 44.3), (436.3, 44.3), (436.3, 44.3), (436.3, 44.3), (436.3, 44.3), (436.3, 44.3), (436.3, 44.3), (436.3, 44.3), (436.3, 44.3), (436.3, 44.3), (436.3, 44.3), (436.3, 46.1), (436.3, 61.1), (436.3, 76.0), (436.3, 90.9), (436.3, 105.9), (436.3, 120.8), (436.3, 135.7), (436.3, 150.7), (436.3, 165.6), (436.3, 180.5), (436.3, 195.5), (436.3, 210.4), (436.3, 225.3), (436.3, 240.3), (436.3, 255.2), (436.3, 262.7), (436.3, 262.7), (436.3, 262.7), (436.3, 262.7), (436.3, 247.7), (436.3, 247.7), (436.3, 251.5), (436.3, 266.4), (436.3, 273.9), (436.3, 281.3), (436.3, 288.8), (436.3, 288.8), (436.3, 288.8), (436.3, 288.8), (436.3, 288.8), (436.3, 288.8), (436.3, 288.8), (436.3, 288.8), (436.3, 288.8), (436.3, 288.8), (436.3, 288.8), (436.3, 288.8), (434.4, 288.8), (434.4, 288.8), (434.4, 288.8), (434.4, 288.8), (434.4, 288.8), (434.4, 288.8), (434.4, 288.8), (436.3, 292.5), (436.3, 296.3), (425.1, 303.7), (410.1, 307.5), (395.2, 307.5), (384.0, 307.5), (384.0, 307.5), (384.0, 307.5), (387.7, 303.7), (402.7, 307.5), (419.5, 305.6), (434.4, 303.7), (436.3, 318.7), (436.3, 318.7), (436.3, 318.7), (436.3, 318.7), (436.3, 318.7), (436.3, 318.7), (436.3, 318.7), (436.3, 318.7), (436.3, 318.7), (436.3, 318.7), (436.3, 318.7), (436.3, 318.7), (436.3, 318.7), (436.3, 318.7), (436.3, 318.7), (436.3, 318.7), (436.3, 318.7), (436.3, 318.7), (436.3, 318.7), (436.3, 318.7), (436.3, 318.7), (436.3, 318.7), (436.3, 318.7)]",0,0,16.0
experienced,bomberman,4,Success,1,0,39.75,1.0,"[(48.0, 48.0), (62.9, 51.7), (77.9, 44.3), (92.8, 44.3), (107.7, 44.3), (122.7, 44.3), (137.6, 44.3), (152.5, 44.3), (167.5, 44.3), (182.4, 44.3), (197.3, 44.3), (212.3, 44.3), (227.2, 44.3), (242.1, 44.3), (257.1, 44.3), (272.0, 44.3), (286.9, 44.3), (301.9, 44.3), (316.8, 44.3), (331.7, 44.3), (346.7, 44.3), (361.6, 44.3), (376.5, 44.3), (391.5, 44.3), (406.4, 44.3), (421.3, 44.3), (436.3, 44.3), (436.3, 44.3), (436.3, 44.3), (436.3, 44.3), (436.3, 44.3), (436.3, 46.1), (436.3, 46.1), (436.3, 46.1), (436.3, 46.1), (436.3, 53.6), (436.3, 68.5), (436.3, 83.5), (436.3, 98.4), (436.3, 113.3), (436.3, 128.3), (436.3, 143.2), (436.3, 158.1), (436.3, 173.1), (436.3, 188.0), (436.3, 202.9), (436.3, 217.9), (436.3, 232.8), (436.3, 247.7), (436.3, 262.7), (436.3, 277.6), (436.3, 288.8), (436.3, 288.8), (436.3, 288.8), (436.3, 288.8), (436.3, 288.8), (436.3, 288.8), (436.3, 288.8), (436.3, 288.8), (436.3, 288.8), (436.3, 288.8), (436.3, 281.3), (436.3, 281.3), (436.3, 288.8), (436.3, 288.8), (436.3, 288.8), (436.3, 288.8), (436.3, 292.5), (436.3, 303.7), (436.3, 311.2), (436.3, 322.4), (436.3, 326.1), (436.3, 333.6), (436.3, 348.5)]",0,0,9.77
experienced,bomberman,4,Timeout,3,0,6.47,0.909,"[(48.0, 48.0), (62.9, 51.7), (77.9, 44.3), (92.8, 44.3), (107.7, 44.3), (122.7, 44.3), (137.6, 44.3), (152.5, 44.3), (167.5, 44.3), (182.4, 44.3), (197.3, 44.3), (212.3, 44.3), (227.2, 44.3), (242.1, 44.3), (257.1, 44.3), (272.0, 44.3), (286.9, 44.3), (301.9, 44.3), (316.8, 44.3), (331.7, 44.3), (346.7, 44.3), (361.6, 44.3), (376.5, 44.3), (391.5, 44.3), (406.4, 44.3), (421.3, 44.3), (436.3, 44.3), (436.3, 44.3), (436.3, 44.3), (436.3, 44.3), (436.3, 44.3), (436.3, 44.3), (436.3, 44.3), (436.3, 44.3), (436.3, 44.3), (436.3, 44.3), (436.3, 44.3), (436.3, 44.3), (436.3, 44.3), (436.3, 44.3), (436.3, 44.3), (436.3, 44.3), (436.3, 44.3), (436.3, 44.3), (436.3, 44.3), (436.3, 44.3), (436.3, 44.3), (436.3, 44.3), (436.3, 44.3), (436.3, 44.3), (436.3, 53.6), (436.3, 68.5), (436.3, 83.5), (436.3, 98.4), (436.3, 113.3), (436.3, 128.3), (436.3, 143.2), (436.3, 158.1), (436.3, 173.1), (436.3, 188.0), (436.3, 202.9), (436.3, 217.9), (436.3, 232.8), (436.3, 236.5), (436.3, 240.3), (436.3, 251.5), (436.3, 266.4), (436.3, 281.3), (436.3, 288.8), (436.3, 288.8), (436.3, 288.8), (436.3, 288.8), (436.3, 288.8), (436.3, 288.8), (436.3, 288.8), (436.3, 288.8), (436.3, 288.8), (436.3, 288.8), (436.3, 288.8), (436.3, 288.8), (436.3, 288.8), (436.3, 288.8), (436.3, 288.8), (436.3, 288.8), (436.3, 288.8), (436.3, 288.8), (436.3, 288.8), (436.3, 288.8), (436.3, 288.8), (436.3, 288.8), (436.3, 288.8), (436.3, 285.1), (436.3, 288.8), (436.3, 288.8), (436.3, 281.3), (436.3, 266.4), (436.3, 251.5), (436.3, 236.5), (436.3, 221.6), (436.3, 206.7), (436.3, 191.7), (436.3, 176.8), (436.3, 174.9), (436.3, 174.9), (436.3, 174.9), (436.3, 174.9), (436.3, 174.9), (436.3, 174.9), (436.3, 174.9), (436.3, 174.9), (436.3, 174.9), (436.3, 174.9), (436.3, 174.9), (436.3, 174.9), (436.3, 174.9), (436.3, 174.9), (436.3, 174.9), (436.3, 174.9), (436.3, 174.9), (436.3, 174.9), (436.3, 174.9), (436.3, 189.9), (436.3, 204.8), (436.3, 219.7), (436.3, 230.9), (436.3, 245.9), (436.3, 260.8), (436.3, 275.7), (436.3, 288.8), (436.3, 288.8), (436.3, 288.8), (436.3, 288.8), (436.3, 288.8), (436.3, 288.8), (436.3, 288.8), (436.3, 288.8), (436.3, 288.8), (436.3, 288.8), (436.3, 288.8), (436.3, 288.8), (436.3, 288.8), (436.3, 288.8), (436.3, 288.8), (436.3, 288.8), (436.3, 288.8), (436.3, 288.8), (436.3, 288.8), (436.3, 288.8), (436.3, 288.8), (436.3, 288.8), (436.3, 288.8), (436.3, 273.9), (436.3, 258.9), (436.3, 244.0), (436.3, 229.1), (436.3, 214.1), (436.3, 199.2), (436.3, 184.3), (436.3, 174.9), (436.3, 174.9), (436.3, 174.9), (436.3, 174.9), (436.3, 174.9), (436.3, 174.9), (436.3, 174.9), (436.3, 174.9), (436.3, 174.9), (436.3, 174.9), (436.3, 174.9), (436.3, 174.9), (436.3, 174.9), (436.3, 174.9), (436.3, 174.9), (436.3, 174.9), (436.3, 174.9), (436.3, 174.9), (436.3, 174.9), (436.3, 174.9), (436.3, 174.9), (436.3, 174.9), (436.3, 174.9), (436.3, 189.9), (436.3, 204.8), (436.3, 219.7), (436.3, 230.9), (436.3, 245.9), (436.3, 260.8), (436.3, 275.7), (436.3, 288.8), (436.3, 288.8), (436.3, 288.8), (436.3, 288.8), (436.3, 288.8), (436.3, 288.8), (436.3, 288.8), (436.3, 288.8), (436.3, 288.8), (436.3, 288.8), (436.3, 288.8), (436.3, 288.8), (436.3, 288.8), (436.3, 288.8), (436.3, 288.8), (436.3, 288.8), (436.3, 288.8), (436.3, 288.8), (436.3, 288.8), (436.3, 288.8), (436.3, 288.8), (436.3, 288.8), (436.3, 288.8), (436.3, 273.9), (436.3, 258.9), (436.3, 244.0), (436.3, 229.1), (436.3, 214.1), (436.3, 199.2), (436.3, 184.3), (436.3, 174.9), (436.3, 174.9), (436.3, 174.9), (436.3, 174.9), (436.3, 174.9), (436.3, 174.9), (436.3, 174.9), (436.3, 174.9), (436.3, 174.9), (436.3, 174.9), (436.3, 174.9), (436.3, 174.9), (436.3, 174.9), (436.3, 174.9), (436.3, 174.9), (436.3, 174.9), (436.3, 174.9), (436.3, 174.9), (436.3, 174.9), (436.3, 174.9), (436.3, 174.9), (436.3, 174.9), (436.3, 174.9), (436.3, 189.9), (436.3, 204.8), (436.3, 219.7), (436.3, 230.9), (436.3, 245.9), (436.3, 260.8), (436.3, 275.7), (436.3, 288.8), (436.3, 288.8), (436.3, 288.8), (436.3, 288.8), (436.3, 288.8), (436.3, 288.8), (436.3, 288.8), (436.3, 288.8), (436.3, 288.8), (436.3, 288.8), (436.3, 288.8), (436.3, 288.8), (436.3, 288.8), (436.3, 288.8), (436.3, 288.8), (436.3, 288.8), (436.3, 288.8), (436.3, 288.8), (436.3, 288.8), (436.3, 288.8), (436.3, 288.8), (436.3, 288.8), (436.3, 288.8), (436.3, 273.9), (436.3, 258.9), (436.3, 244.0), (436.3, 229.1), (436.3, 214.1), (436.3, 199.2), (436.3, 184.3), (436.3, 174.9), (436.3, 174.9), (436.3, 174.9), (436.3, 174.9), (436.3, 174.9), (436.3, 174.9), (436.3, 174.9), (436.3, 174.9), (436.3, 174.9), (436.3, 174.9), (436.3, 174.9), (436.3, 174.9), (436.3, 174.9), (436.3, 174.9), (436.3, 174.9), (436.3, 174.9), (436.3, 174.9), (436.3, 174.9), (436.3, 174.9), (436.3, 174.9), (436.3, 174.9), (436.3, 174.9), (436.3, 174.9), (436.3, 189.9), (436.3, 204.8), (436.3, 219.7), (436.3, 230.9), (436.3, 245.9), (436.3, 260.8), (436.3, 275.7), (436.3, 288.8), (436.3, 288.8), (436.3, 288.8), (436.3, 288.8), (436.3, 288.8), (436.3, 288.8), (436.3, 288.8), (436.3, 288.8), (436.3, 288.8), (436.3, 288.8), (436.3, 288.8), (436.3, 288.8), (436.3, 288.8), (436.3, 288.8), (436.3, 288.8), (436.3, 288.8), (436.3, 288.8), (436.3, 288.8), (436.3, 288.8), (436.3, 288.8), (436.3, 288.8), (436.3, 288.8), (436.3, 288.8), (436.3, 273.9), (436.3, 258.9), (436.3, 244.0), (436.3, 229.1), (436.3, 214.1), (436.3, 199.2), (436.3, 184.3), (436.3, 174.9), (436.3, 174.9), (436.3, 174.9), (436.3, 174.9), (436.3, 174.9), (436.3, 174.9), (436.3, 174.9), (436.3, 174.9), (436.3, 174.9), (436.3, 174.9), (436.3, 174.9), (436.3, 174.9), (436.3, 174.9), (436.3, 174.9), (436.3, 174.9), (436.3, 174.9), (436.3, 174.9), (436.3, 174.9), (436.3, 174.9), (436.3, 174.9), (436.3, 174.9), (436.3, 174.9), (436.3, 174.9), (436.3, 189.9), (436.3, 204.8), (436.3, 219.7), (436.3, 230.9), (436.3, 245.9), (436.3, 260.8), (436.3, 275.7), (436.3, 288.8), (436.3, 288.8), (436.3, 288.8), (436.3, 288.8), (436.3, 288.8), (436.3, 288.8), (436.3, 288.8), (436.3, 288.8), (436.3, 288.8), (436.3, 288.8), (436.3, 288.8), (436.3, 288.8), (436.3, 288.8), (436.3, 288.8), (436.3, 288.8), (436.3, 288.8), (436.3, 288.8), (436.3, 288.8), (436.3, 288.8), (436.3, 288.8), (436.3, 288.8), (436.3, 288.8), (436.3, 288.8), (436.3, 273.9), (436.3, 258.9), (436.3, 244.0), (436.3, 229.1), (436.3, 214.1), (436.3, 199.2), (436.3, 184.3), (436.3, 174.9), (436.3, 174.9), (436.3, 174.9), (436.3, 174.9), (436.3, 174.9), (436.3, 174.9), (436.3, 174.9), (436.3, 174.9), (436.3, 174.9), (436.3, 174.9), (436.3, 174.9), (436.3, 174.9), (436.3, 174.9), (436.3, 174.9), (436.3, 174.9), (436.3, 174.9), (436.3, 174.9), (436.3, 174.9), (436.3, 174.9), (436.3, 174.9), (436.3, 174.9), (436.3, 174.9), (436.3, 174.9), (436.3, 189.9), (436.3, 204.8), (436.3, 219.7), (436.3, 230.9), (436.3, 245.9), (436.3, 260.8), (436.3, 275.7), (436.3, 288.8), (436.3, 288.8), (436.3, 288.8), (436.3, 288.8), (436.3, 288.8), (436.3, 288.8), (436.3, 288.8), (436.3, 288.8), (436.3, 288.8), (436.3, 288.8), (436.3, 288.8), (436.3, 288.8), (436.3, 288.8), (436.3, 288.8), (436.3, 288.8), (436.3, 288.8), (436.3, 288.8), (436.3, 288.8), (436.3, 288.8), (436.3, 288.8), (436.3, 288.8), (436.3, 288.8), (436.3, 288.8)]",0,0,60.0
experienced,bomberman,4,Bomb,46,0,24.1,0.955,"[(48.0, 48.0), (62.9, 51.7), (77.9, 44.3), (92.8, 44.3), (107.7, 44.3), (122.7, 44.3), (137.6, 44.3), (152.5, 44.3), (167.5, 44.3), (182.4, 44.3), (197.3, 44.3), (212.3, 44.3), (227.2, 44.3), (242.1, 44.3), (257.1, 44.3), (272.0, 44.3), (286.9, 44.3), (301.9, 44.3), (316.8, 44.3), (331.7, 44.3), (346.7, 44.3), (361.6, 44.3), (376.5, 44.3), (391.5, 44.3), (406.4, 44.3), (421.3, 44.3), (436.3, 44.3), (436.3, 44.3), (436.3, 44.3), (436.3, 44.3), (436.3, 44.3), (436.3, 44.3), (436.3, 44.3), (436.3, 44.3), (436.3, 44.3), (436.3, 44.3), (436.3, 44.3), (436.3, 44.3), (436.3, 44.3), (436.3, 44.3), (436.3, 44.3), (436.3, 55.5), (436.3, 70.4), (436.3, 85.3), (436.3, 100.3), (436.3, 115.2), (436.3, 130.1), (436.3, 145.1), (436.3, 160.0), (436.3, 174.9), (436.3, 189.9), (436.3, 204.8), (436.3, 219.7), (436.3, 234.7), (436.3, 249.6), (436.3, 264.5), (436.3, 279.5), (436.3, 279.5), (436.3, 279.5), (436.3, 279.5), (436.3, 279.5), (436.3, 272.0), (436.3, 275.7), (436.3, 283.2), (436.3, 286.9), (436.3, 286.9), (436.3, 286.9), (436.3, 286.9), (436.3, 286.9), (436.3, 286.9), (436.3, 286.9), (436.3, 286.9), (436.3, 286.9), (436.3, 286.9), (436.3, 286.9), (436.3, 286.9), (436.3, 286.9), (436.3, 286.9), (436.3, 286.9), (436.3, 286.9), (436.3, 286.9), (436.3, 286.9), (436.3, 294.4), (436.3, 294.4), (430.7, 305.6), (415.7, 307.5), (415.7, 307.5), (400.8, 307.5), (382.1, 307.5), (382.1, 307.5), (382.1, 307.5), (382.1, 307.5), (382.1, 307.5), (382.1, 307.5), (389.6, 307.5), (406.4, 307.5), (426.9, 300.0), (436.3, 311.2), (436.3, 318.7), (436.3, 318.7), (436.3, 318.7), (436.3, 318.7), (436.3, 318.7), (436.3, 318.7), (436.3, 318.7), (436.3, 318.7), (436.3, 318.7), (436.3, 318.7), (436.3, 318.7), (436.3, 318.7), (436.3, 318.7), (436.3, 318.7), (436.3, 318.7), (436.3, 318.7), (436.3, 318.7), (436.3, 318.7), (436.3, 318.7), (436.3, 318.7), (436.3, 318.7), (436.3, 318.7), (436.3, 318.7)]",0,0,16.03
experienced,bomberman,4,Success,1,0,39.75,1.0,"[(48.0, 48.0), (62.9, 51.7), (77.9, 44.3), (92.8, 44.3), (107.7, 44.3), (122.7, 44.3), (137.6, 44.3), (152.5, 44.3), (167.5, 44.3), (182.4, 44.3), (197.3, 44.3), (212.3, 44.3), (227.2, 44.3), (242.1, 44.3), (257.1, 44.3), (272.0, 44.3), (286.9, 44.3), (301.9, 44.3), (316.8, 44.3), (331.7, 44.3), (346.7, 44.3), (361.6, 44.3), (376.5, 44.3), (391.5, 44.3), (406.4, 44.3), (421.3, 44.3), (436.3, 44.3), (436.3, 44.3), (436.3, 44.3), (436.3, 44.3), (436.3, 44.3), (436.3, 46.1), (436.3, 46.1), (436.3, 46.1), (436.3, 46.1), (436.3, 53.6), (436.3, 68.5), (436.3, 83.5), (436.3, 98.4), (436.3, 113.3), (436.3, 128.3), (436.3, 143.2), (436.3, 158.1), (436.3, 173.1), (436.3, 188.0), (436.3, 202.9), (436.3, 217.9), (436.3, 232.8), (436.3, 247.7), (436.3, 262.7), (436.3, 277.6), (436.3, 288.8), (436.3, 288.8), (436.3, 288.8), (436.3, 288.8), (436.3, 288.8), (436.3, 288.8), (436.3, 288.8), (436.3, 288.8), (436.3, 288.8), (436.3, 288.8), (436.3, 281.3), (436.3, 281.3), (436.3, 288.8), (436.3, 288.8), (436.3, 288.8), (436.3, 288.8), (436.3, 292.5), (436.3, 303.7), (436.3, 311.2), (436.3, 322.4), (436.3, 326.1), (436.3, 333.6), (436.3, 348.5)]",0,0,9.77
experienced,bomberman,4,Bomb,46,0,24.1,0.955,"[(48.0, 48.0), (62.9, 51.7), (77.9, 44.3), (92.8, 44.3), (107.7, 44.3), (122.7, 44.3), (137.6, 44.3), (152.5, 44.3), (167.5, 44.3), (182.4, 44.3), (197.3, 44.3), (212.3, 44.3), (227.2, 44.3), (242.1, 44.3), (257.1, 44.3), (272.0, 44.3), (286.9, 44.3), (301.9, 44.3), (316.8, 44.3), (331.7, 44.3), (346.7, 44.3), (361.6, 44.3), (376.5, 44.3), (391.5, 44.3), (406.4, 44.3), (421.3, 44.3), (436.3, 44.3), (436.3, 44.3), (436.3, 44.3), (436.3, 44.3), (436.3, 44.3), (436.3, 44.3), (436.3, 44.3), (436.3, 44.3), (436.3, 44.3), (436.3, 44.3), (436.3, 44.3), (436.3, 44.3), (436.3, 44.3), (436.3, 44.3), (436.3, 44.3), (436.3, 55.5), (436.3, 70.4), (436.3, 85.3), (436.3, 100.3), (436.3, 115.2), (436.3, 130.1), (436.3, 145.1), (436.3, 160.0), (436.3, 174.9), (436.3, 189.9), (436.3, 204.8), (436.3, 219.7), (436.3, 234.7), (436.3, 249.6), (436.3, 264.5), (436.3, 279.5), (436.3, 279.5), (436.3, 279.5), (436.3, 279.5), (436.3, 279.5), (436.3, 272.0), (436.3, 275.7), (436.3, 283.2), (436.3, 286.9), (436.3, 286.9), (436.3, 286.9), (436.3, 286.9), (436.3, 286.9), (436.3, 286.9), (436.3, 286.9), (436.3, 286.9), (436.3, 286.9), (436.3, 286.9), (436.3, 286.9), (436.3, 286.9), (436.3, 286.9), (436.3, 286.9), (436.3, 286.9), (436.3, 286.9), (436.3, 286.9), (436.3, 286.9), (436.3, 294.4), (436.3, 294.4), (430.7, 305.6), (415.7, 307.5), (415.7, 307.5), (400.8, 307.5), (382.1, 307.5), (382.1, 307.5), (382.1, 307.5), (382.1, 307.5), (382.1, 307.5), (382.1, 307.5), (389.6, 307.5), (406.4, 307.5), (426.9, 300.0), (436.3, 311.2), (436.3, 318.7), (436.3, 318.7), (436.3, 318.7), (436.3, 318.7), (436.3, 318.7), (436.3, 318.7), (436.3, 318.7), (436.3, 318.7), (436.3, 318.7), (436.3, 318.7), (436.3, 318.7), (436.3, 318.7), (436.3, 318.7), (436.3, 318.7), (436.3, 318.7), (436.3, 318.7), (436.3, 318.7), (436.3, 318.7), (436.3, 318.7), (436.3, 318.7), (436.3, 318.7), (436.3, 318.7), (436.3, 318.7)]",0,0,16.03
experienced,bomberman,4,Bomb,52,0,24.15,0.955,"[(48.0, 48.0), (62.9, 51.7), (77.9, 44.3), (92.8, 44.3), (107.7, 44.3), (122.7, 44.3), (137.6, 44.3), (152.5, 44.3), (167.5, 44.3), (182.4, 44.3), (197.3, 44.3), (212.3, 44.3), (227.2, 44.3), (242.1, 44.3), (257.1, 44.3), (272.0, 44.3), (286.9, 44.3), (301.9, 44.3), (316.8, 44.3), (331.7, 44.3), (346.7, 44.3), (361.6, 44.3), (376.5, 44.3), (391.5, 44.3), (406.4, 44.3), (421.3, 44.3), (436.3, 44.3), (436.3, 44.3), (436.3, 44.3), (436.3, 44.3), (436.3, 44.3), (436.3, 44.3), (436.3, 44.3), (436.3, 44.3), (436.3, 44.3), (436.3, 44.3), (436.3, 44.3), (436.3, 44.3), (436.3, 44.3), (436.3, 44.3), (436.3, 44.3), (436.3, 44.3), (436.3, 46.1), (436.3, 61.1), (436.3, 76.0), (436.3, 90.9), (436.3, 105.9), (436.3, 120.8), (436.3, 135.7), (436.3, 150.7), (436.3, 165.6), (436.3, 180.5), (436.3, 195.5), (436.3, 210.4), (436.3, 225.3), (436.3, 240.3), (436.3, 255.2), (436.3, 262.7), (436.3, 262.7), (436.3, 262.7), (436.3, 262.7), (436.3, 247.7), (436.3, 247.7), (436.3, 251.5), (436.3, 266.4), (436.3, 273.9), (436.3, 281.3), (436.3, 288.8), (436.3, 288.8), (436.3, 288.8), (436.3, 288.8), (436.3, 288.8), (436.3, 288.8), (436.3, 288.8), (436.3, 288.8), (436.3, 288.8), (436.3, 288.8), (436.3, 288.8), (436.3, 288.8), (434.4, 288.8), (434.4, 288.8), (434.4, 288.8), (434.4, 288.8), (434.4, 288.8), (434.4, 288.8), (434.4, 288.8), (436.3, 292.5), (436.3, 296.3), (425.1, 303.7), (410.1, 307.5), (395.2, 307.5), (384.0, 307.5), (384.0, 307.5), (384.0, 307.5), (387.7, 303.7), (402.7, 307.5), (419.5, 305.6), (434.4, 303.7), (436.3, 318.7), (436.3, 318.7), (436.3, 318.7), (436.3, 318.7), (436.3, 318.7), (436.3, 318.7), (436.3, 318.7), (436.3, 318.7), (436.3, 318.7), (436.3, 318.7), (436.3, 318.7), (436.3, 318.7), (436.3, 318.7), (436.3, 318.7), (436.3, 318.7), (436.3, 318.7), (436.3, 318.7), (436.3, 318.7), (436.3, 318.7), (436.3, 318.7), (436.3, 318.7), (436.3, 318.7), (436.3, 318.7)]",0,0,16.0
experienced,bomberman,4,Bomb,87,0,23.66,0.955,"[(48.0, 48.0), (62.9, 51.7), (77.9, 44.3), (92.8, 44.3), (107.7, 44.3), (122.7, 44.3), (137.6, 44.3), (152.5, 44.3), (167.5, 44.3), (182.4, 44.3), (197.3, 44.3), (212.3, 44.3), (227.2, 44.3), (242.1, 44.3), (257.1, 44.3), (272.0, 44.3), (286.9, 44.3), (301.9, 44.3), (316.8, 44.3), (331.7, 44.3), (346.7, 44.3), (361.6, 44.3), (376.5, 44.3), (391.5, 44.3), (406.4, 44.3), (421.3, 44.3), (436.3, 44.3), (436.3, 44.3), (436.3, 44.3), (436.3, 44.3), (436.3, 44.3), (436.3, 44.3), (436.3, 44.3), (436.3, 44.3), (436.3, 44.3), (436.3, 44.3), (436.3, 44.3), (436.3, 44.3), (436.3, 44.3), (436.3, 44.3), (436.3, 44.3), (436.3, 44.3), (436.3, 46.1), (436.3, 61.1), (436.3, 76.0), (436.3, 90.9), (436.3, 105.9), (436.3, 120.8), (436.3, 135.7), (436.3, 150.7), (436.3, 165.6), (436.3, 180.5), (436.3, 195.5), (436.3, 210.4), (436.3, 225.3), (436.3, 240.3), (436.3, 255.2), (436.3, 270.1), (436.3, 281.3), (436.3, 281.3), (436.3, 281.3), (436.3, 270.1), (436.3, 270.1), (436.3, 281.3), (436.3, 285.1), (436.3, 288.8), (436.3, 288.8), (436.3, 288.8), (436.3, 288.8), (436.3, 288.8), (436.3, 288.8), (436.3, 288.8), (436.3, 288.8), (436.3, 288.8), (436.3, 288.8), (436.3, 288.8), (436.3, 288.8), (436.3, 288.8), (436.3, 288.8), (436.3, 288.8), (434.4, 288.8), (436.3, 292.5), (436.3, 296.3), (436.3, 300.0), (421.3, 307.5), (417.6, 307.5), (417.6, 307.5), (417.6, 307.5), (402.7, 307.5), (387.7, 307.5), (384.0, 307.5), (384.0, 307.5), (384.0, 307.5), (384.0, 307.5), (387.7, 307.5), (402.7, 307.5), (425.1, 300.0), (436.3, 309.3), (436.3, 320.5), (436.3, 320.5), (436.3, 320.5), (436.3, 320.5), (436.3, 320.5), (436.3, 320.5), (436.3, 320.5), (436.3, 320.5), (436.3, 320.5), (436.3, 320.5), (436.3, 320.5), (436.3, 320.5), (436.3, 320.5), (436.3, 320.5), (436.3, 320.5), (436.3, 320.5), (436.3, 320.5), (436.3, 320.5), (436.3, 320.5), (436.3, 320.5), (436.3, 320.5), (436.3, 320.5), (436.3, 320.5)]",0,0,16.02
experienced,bomberman,4,Timeout,3,0,6.47,0.909,"[(48.0, 48.0), (62.9, 51.7), (77.9, 44.3), (92.8, 44.3), (107.7, 44.3), (122.7, 44.3), (137.6, 44.3), (152.5, 44.3), (167.5, 44.3), (182.4, 44.3), (197.3, 44.3), (212.3, 44.3), (227.2, 44.3), (242.1, 44.3), (257.1, 44.3), (272.0, 44.3), (286.9, 44.3), (301.9, 44.3), (316.8, 44.3), (331.7, 44.3), (346.7, 44.3), (361.6, 44.3), (376.5, 44.3), (391.5, 44.3), (406.4, 44.3), (421.3, 44.3), (436.3, 44.3), (436.3, 44.3), (436.3, 44.3), (436.3, 44.3), (436.3, 44.3), (436.3, 44.3), (436.3, 44.3), (436.3, 44.3), (436.3, 44.3), (436.3, 44.3), (436.3, 44.3), (436.3, 44.3), (436.3, 44.3), (436.3, 44.3), (436.3, 44.3), (436.3, 44.3), (436.3, 44.3), (436.3, 44.3), (436.3, 44.3), (436.3, 44.3), (436.3, 44.3), (436.3, 44.3), (436.3, 44.3), (436.3, 44.3), (436.3, 53.6), (436.3, 68.5), (436.3, 83.5), (436.3, 98.4), (436.3, 113.3), (436.3, 128.3), (436.3, 143.2), (436.3, 158.1), (436.3, 173.1), (436.3, 188.0), (436.3, 202.9), (436.3, 217.9), (436.3, 232.8), (436.3, 236.5), (436.3, 240.3), (436.3, 251.5), (436.3, 266.4), (436.3, 281.3), (436.3, 288.8), (436.3, 288.8), (436.3, 288.8), (436.3, 288.8), (436.3, 288.8), (436.3, 288.8), (436.3, 288.8), (436.3, 288.8), (436.3, 288.8), (436.3, 288.8), (436.3, 288.8), (436.3, 288.8), (436.3, 288.8), (436.3, 288.8), (436.3, 288.8), (436.3, 288.8), (436.3, 288.8), (436.3, 288.8), (436.3, 288.8), (436.3, 288.8), (436.3, 288.8), (436.3, 288.8), (436.3, 288.8), (436.3, 285.1), (436.3, 288.8), (436.3, 288.8), (436.3, 281.3), (436.3, 266.4), (436.3, 251.5), (436.3, 236.5), (436.3, 221.6), (436.3, 206.7), (436.3, 191.7), (436.3, 176.8), (436.3, 174.9), (436.3, 174.9), (436.3, 174.9), (436.3, 174.9), (436.3, 174.9), (436.3, 174.9), (436.3, 174.9), (436.3, 174.9), (436.3, 174.9), (436.3, 174.9), (436.3, 174.9), (436.3, 174.9), (436.3, 174.9), (436.3, 174.9), (436.3, 174.9), (436.3, 174.9), (436.3, 174.9), (436.3, 174.9), (436.3, 174.9), (436.3, 189.9), (436.3, 204.8), (436.3, 219.7), (436.3, 230.9), (436.3, 245.9), (436.3, 260.8), (436.3, 275.7), (436.3, 288.8), (436.3, 288.8), (436.3, 288.8), (436.3, 288.8), (436.3, 288.8), (436.3, 288.8), (436.3, 288.8), (436.3, 288.8), (436.3, 288.8), (436.3, 288.8), (436.3, 288.8), (436.3, 288.8), (436.3, 288.8), (436.3, 288.8), (436.3, 288.8), (436.3, 288.8), (436.3, 288.8), (436.3, 288.8), (436.3, 288.8), (436.3, 288.8), (436.3, 288.8), (436.3, 288.8), (436.3, 288.8), (436.3, 273.9), (436.3, 258.9), (436.3, 244.0), (436.3, 229.1), (436.3, 214.1), (436.3, 199.2), (436.3, 184.3), (436.3, 174.9), (436.3, 174.9), (436.3, 174.9), (436.3, 174.9), (436.3, 174.9), (436.3, 174.9), (436.3, 174.9), (436.3, 174.9), (436.3, 174.9), (436.3, 174.9), (436.3, 174.9), (436.3, 174.9), (436.3, 174.9), (436.3, 174.9), (436.3, 174.9), (436.3, 174.9), (436.3, 174.9), (436.3, 174.9), (436.3, 174.9), (436.3, 174.9), (436.3, 174.9), (436.3, 174.9), (436.3, 174.9), (436.3, 189.9), (436.3, 204.8), (436.3, 219.7), (436.3, 230.9), (436.3, 245.9), (436.3, 260.8), (436.3, 275.7), (436.3, 288.8), (436.3, 288.8), (436.3, 288.8), (436.3, 288.8), (436.3, 288.8), (436.3, 288.8), (436.3, 288.8), (436.3, 288.8), (436.3, 288.8), (436.3, 288.8), (436.3, 288.8), (436.3, 288.8), (436.3, 288.8), (436.3, 288.8), (436.3, 288.8), (436.3, 288.8), (436.3, 288.8), (436.3, 288.8), (436.3, 288.8), (436.3, 288.8), (436.3, 288.8), (436.3, 288.8), (436.3, 288.8), (436.3, 273.9), (436.3, 258.9), (436.3, 244.0), (436.3, 229.1), (436.3, 214.1), (436.3, 199.2), (436.3, 184.3), (436.3, 174.9), (436.3, 174.9), (436.3, 174.9), (436.3, 174.9), (436.3, 174.9), (436.3, 174.9), (436.3, 174.9), (436.3, 174.9), (436.3, 174.9), (436.3, 174.9), (436.3, 174.9), (436.3, 174.9), (436.3, 174.9), (436.3, 174.9), (436.3, 174.9), (436.3, 174.9), (436.3, 174.9), (436.3, 174.9), (436.3, 174.9), (436.3, 174.9), (436.3, 174.9), (436.3, 174.9), (436.3, 174.9), (436.3, 189.9), (436.3, 204.8), (436.3, 219.7), (436.3, 230.9), (436.3, 245.9), (436.3, 260.8), (436.3, 275.7), (436.3, 288.8), (436.3, 288.8), (436.3, 288.8), (436.3, 288.8), (436.3, 288.8), (436.3, 288.8), (436.3, 288.8), (436.3, 288.8), (436.3, 288.8), (436.3, 288.8), (436.3, 288.8), (436.3, 288.8), (436.3, 288.8), (436.3, 288.8), (436.3, 288.8), (436.3, 288.8), (436.3, 288.8), (436.3, 288.8), (436.3, 288.8), (436.3, 288.8), (436.3, 288.8), (436.3, 288.8), (436.3, 288.8), (436.3, 273.9), (436.3, 258.9), (436.3, 244.0), (436.3, 229.1), (436.3, 214.1), (436.3, 199.2), (436.3, 184.3), (436.3, 174.9), (436.3, 174.9), (436.3, 174.9), (436.3, 174.9), (436.3, 174.9), (436.3, 174.9), (436.3, 174.9), (436.3, 174.9), (436.3, 174.9), (436.3, 174.9), (436.3, 174.9), (436.3, 174.9), (436.3, 174.9), (436.3, 174.9), (436.3, 174.9), (436.3, 174.9), (436.3, 174.9), (436.3, 174.9), (436.3, 174.9), (436.3, 174.9), (436.3, 174.9), (436.3, 174.9), (436.3, 174.9), (436.3, 189.9), (436.3, 204.8), (436.3, 219.7), (436.3, 230.9), (436.3, 245.9), (436.3, 260.8), (436.3, 275.7), (436.3, 288.8), (436.3, 288.8), (436.3, 288.8), (436.3, 288.8), (436.3, 288.8), (436.3, 288.8), (436.3, 288.8), (436.3, 288.8), (436.3, 288.8), (436.3, 288.8), (436.3, 288.8), (436.3, 288.8), (436.3, 288.8), (436.3, 288.8), (436.3, 288.8), (436.3, 288.8), (436.3, 288.8), (436.3, 288.8), (436.3, 288.8), (436.3, 288.8), (436.3, 288.8), (436.3, 288.8), (436.3, 288.8), (436.3, 273.9), (436.3, 258.9), (436.3, 244.0), (436.3, 229.1), (436.3, 214.1), (436.3, 199.2), (436.3, 184.3), (436.3, 174.9), (436.3, 174.9), (436.3, 174.9), (436.3, 174.9), (436.3, 174.9), (436.3, 174.9), (436.3, 174.9), (436.3, 174.9), (436.3, 174.9), (436.3, 174.9), (436.3, 174.9), (436.3, 174.9), (436.3, 174.9), (436.3, 174.9), (436.3, 174.9), (436.3, 174.9), (436.3, 174.9), (436.3, 174.9), (436.3, 174.9), (436.3, 174.9), (436.3, 174.9), (436.3, 174.9), (436.3, 174.9), (436.3, 189.9), (436.3, 204.8), (436.3, 219.7), (436.3, 230.9), (436.3, 245.9), (436.3, 260.8), (436.3, 275.7), (436.3, 288.8), (436.3, 288.8), (436.3, 288.8), (436.3, 288.8), (436.3, 288.8), (436.3, 288.8), (436.3, 288.8), (436.3, 288.8), (436.3, 288.8), (436.3, 288.8), (436.3, 288.8), (436.3, 288.8), (436.3, 288.8), (436.3, 288.8), (436.3, 288.8), (436.3, 288.8), (436.3, 288.8), (436.3, 288.8), (436.3, 288.8), (436.3, 288.8), (436.3, 288.8), (436.3, 288.8), (436.3, 288.8), (436.3, 273.9), (436.3, 258.9), (436.3, 244.0), (436.3, 229.1), (436.3, 214.1), (436.3, 199.2), (436.3, 184.3), (436.3, 174.9), (436.3, 174.9), (436.3, 174.9), (436.3, 174.9), (436.3, 174.9), (436.3, 174.9), (436.3, 174.9), (436.3, 174.9), (436.3, 174.9), (436.3, 174.9), (436.3, 174.9), (436.3, 174.9), (436.3, 174.9), (436.3, 174.9), (436.3, 174.9), (436.3, 174.9), (436.3, 174.9), (436.3, 174.9), (436.3, 174.9), (436.3, 174.9), (436.3, 174.9), (436.3, 174.9), (436.3, 174.9), (436.3, 189.9), (436.3, 204.8), (436.3, 219.7), (436.3, 230.9), (436.3, 245.9), (436.3, 260.8), (436.3, 275.7), (436.3, 288.8), (436.3, 288.8), (436.3, 288.8), (436.3, 288.8), (436.3, 288.8), (436.3, 288.8), (436.3, 288.8), (436.3, 288.8), (436.3, 288.8), (436.3, 288.8), (436.3, 288.8), (436.3, 288.8), (436.3, 288.8), (436.3, 288.8), (436.3, 288.8), (436.3, 288.8), (436.3, 288.8), (436.3, 288.8), (436.3, 288.8), (436.3, 288.8), (436.3, 288.8), (436.3, 288.8), (436.3, 288.8)]",0,0,60.0
experienced,bomberman,4,Bomb,6,0,32.0,0.909,"[(48.0, 48.0), (59.2, 44.3), (74.1, 44.3), (89.1, 44.3), (104.0, 44.3), (118.9, 44.3), (133.9, 44.3), (148.8, 44.3), (163.7, 44.3), (178.7, 44.3), (193.6, 44.3), (208.5, 44.3), (223.5, 44.3), (238.4, 44.3), (253.3, 44.3), (268.3, 44.3), (283.2, 44.3), (298.1, 44.3), (313.1, 44.3), (328.0, 44.3), (342.9, 44.3), (357.9, 44.3), (372.8, 44.3), (387.7, 44.3), (402.7, 44.3), (417.6, 44.3), (432.5, 44.3), (436.3, 44.3), (436.3, 44.3), (436.3, 44.3), (436.3, 44.3), (436.3, 44.3), (436.3, 44.3), (436.3, 44.3), (436.3, 44.3), (436.3, 44.3), (436.3, 44.3), (436.3, 44.3), (436.3, 44.3), (436.3, 44.3), (436.3, 44.3), (436.3, 44.3), (436.3, 51.7), (436.3, 66.7), (436.3, 81.6), (436.3, 96.5), (436.3, 111.5), (436.3, 126.4), (436.3, 141.3), (436.3, 156.3), (436.3, 171.2), (436.3, 186.1), (436.3, 201.1), (436.3, 216.0), (436.3, 230.9), (436.3, 238.4), (436.3, 238.4), (436.3, 238.4), (436.3, 238.4), (436.3, 238.4), (436.3, 238.4), (436.3, 230.9), (436.3, 230.9), (436.3, 238.4), (436.3, 245.9), (436.3, 249.6), (436.3, 257.1), (436.3, 257.1), (436.3, 257.1), (436.3, 257.1), (436.3, 257.1), (436.3, 257.1), (436.3, 257.1), (436.3, 257.1), (436.3, 257.1), (436.3, 257.1), (436.3, 257.1), (428.8, 262.7), (428.8, 260.8), (428.8, 264.5), (428.8, 262.7), (428.8, 260.8), (428.8, 264.5), (428.8, 262.7), (428.8, 260.8), (428.8, 264.5), (428.8, 262.7), (428.8, 260.8), (428.8, 264.5), (428.8, 273.9), (434.4, 288.8)]",0,0,12.02
experienced,bomberman,4,Success,1,0,36.92,1.0,"[(48.0, 48.0), (62.9, 51.7), (77.9, 44.3), (92.8, 44.3), (107.7, 44.3), (122.7, 44.3), (137.6, 44.3), (152.5, 44.3), (167.5, 44.3), (182.4, 44.3), (197.3, 44.3), (212.3, 44.3), (227.2, 44.3), (242.1, 44.3), (257.1, 44.3), (272.0, 44.3), (286.9, 44.3), (301.9, 44.3), (316.8, 44.3), (331.7, 44.3), (346.7, 44.3), (361.6, 44.3), (376.5, 44.3), (391.5, 44.3), (406.4, 44.3), (421.3, 44.3), (436.3, 44.3), (436.3, 44.3), (436.3, 44.3), (436.3, 44.3), (436.3, 44.3), (436.3, 46.1), (436.3, 46.1), (436.3, 46.1), (436.3, 46.1), (436.3, 46.1), (436.3, 46.1), (436.3, 46.1), (436.3, 46.1), (436.3, 46.1), (436.3, 51.7), (436.3, 66.7), (436.3, 81.6), (436.3, 96.5), (436.3, 111.5), (436.3, 126.4), (436.3, 141.3), (436.3, 156.3), (436.3, 171.2), (436.3, 186.1), (436.3, 201.1), (436.3, 216.0), (436.3, 230.9), (436.3, 245.9), (436.3, 260.8), (436.3, 275.7), (436.3, 286.9), (436.3, 286.9), (436.3, 286.9), (436.3, 286.9), (436.3, 286.9), (436.3, 279.5), (436.3, 279.5), (436.3, 286.9), (436.3, 286.9), (436.3, 286.9), (436.3, 286.9), (436.3, 286.9), (436.3, 286.9), (436.3, 286.9), (436.3, 286.9), (436.3, 286.9), (436.3, 286.9), (436.3, 286.9), (436.3, 294.4), (436.3, 294.4), (436.3, 309.3), (436.3, 324.3), (436.3, 339.2)]",0,0,10.52
experienced,bomberman,4,Success,1,0,38.21,1.0,"[(48.0, 48.0), (62.9, 51.7), (77.9, 44.3), (92.8, 44.3), (107.7, 44.3), (122.7, 44.3), (137.6, 44.3), (152.5, 44.3), (167.5, 44.3), (182.4, 44.3), (197.3, 44.3), (212.3, 44.3), (227.2, 44.3), (242.1, 44.3), (257.1, 44.3), (272.0, 44.3), (286.9, 44.3), (301.9, 44.3), (316.8, 44.3), (331.7, 44.3), (346.7, 44.3), (361.6, 44.3), (376.5, 44.3), (391.5, 44.3), (406.4, 44.3), (421.3, 44.3), (436.3, 44.3), (436.3, 44.3), (436.3, 44.3), (436.3, 44.3), (436.3, 44.3), (436.3, 46.1), (436.3, 46.1), (436.3, 46.1), (436.3, 46.1), (436.3, 46.1), (436.3, 53.6), (436.3, 68.5), (436.3, 83.5), (436.3, 98.4), (436.3, 113.3), (436.3, 128.3), (436.3, 143.2), (436.3, 158.1), (436.3, 173.1), (436.3, 188.0), (436.3, 202.9), (436.3, 217.9), (436.3, 232.8), (436.3, 247.7), (436.3, 262.7), (436.3, 277.6), (436.3, 288.8), (436.3, 288.8), (436.3, 288.8), (436.3, 288.8), (436.3, 288.8), (436.3, 288.8), (436.3, 288.8), (436.3, 288.8), (436.3, 288.8), (436.3, 288.8), (436.3, 288.8), (436.3, 288.8), (436.3, 288.8), (436.3, 288.8), (436.3, 300.0), (436.3, 311.2), (434.4, 318.7), (434.4, 318.7), (434.4, 318.7), (428.8, 324.3), (428.8, 328.0), (428.8, 326.1), (428.8, 335.5)]",0,0,9.97
experienced,bomberman,4,Bomb,82,0,24.12,0.955,"[(48.0, 48.0), (62.9, 51.7), (77.9, 44.3), (92.8, 44.3), (107.7, 44.3), (122.7, 44.3), (137.6, 44.3), (152.5, 44.3), (167.5, 44.3), (182.4, 44.3), (197.3, 44.3), (212.3, 44.3), (227.2, 44.3), (242.1, 44.3), (257.1, 44.3), (272.0, 44.3), (286.9, 44.3), (301.9, 44.3), (316.8, 44.3), (331.7, 44.3), (346.7, 44.3), (361.6, 44.3), (376.5, 44.3), (391.5, 44.3), (406.4, 44.3), (421.3, 44.3), (436.3, 44.3), (436.3, 44.3), (436.3, 44.3), (436.3, 44.3), (436.3, 44.3), (436.3, 44.3), (436.3, 44.3), (436.3, 44.3), (436.3, 44.3), (436.3, 44.3), (436.3, 44.3), (436.3, 44.3), (436.3, 44.3), (436.3, 44.3), (436.3, 44.3), (436.3, 44.3), (436.3, 44.3), (436.3, 57.3), (436.3, 72.3), (436.3, 87.2), (436.3, 102.1), (436.3, 117.1), (436.3, 132.0), (436.3, 146.9), (436.3, 161.9), (436.3, 176.8), (436.3, 191.7), (436.3, 206.7), (436.3, 221.6), (436.3, 236.5), (436.3, 251.5), (436.3, 266.4), (436.3, 270.1), (436.3, 270.1), (436.3, 270.1), (436.3, 262.7), (436.3, 262.7), (436.3, 270.1), (436.3, 270.1), (436.3, 281.3), (436.3, 288.8), (436.3, 288.8), (436.3, 288.8), (436.3, 288.8), (436.3, 288.8), (436.3, 288.8), (436.3, 288.8), (436.3, 288.8), (436.3, 288.8), (436.3, 288.8), (436.3, 288.8), (436.3, 288.8), (436.3, 288.8), (436.3, 288.8), (434.4, 288.8), (434.4, 288.8), (436.3, 292.5), (436.3, 296.3), (432.5, 303.7), (417.6, 307.5), (417.6, 307.5), (417.6, 307.5), (413.9, 307.5), (398.9, 307.5), (384.0, 307.5), (384.0, 307.5), (384.0, 307.5), (384.0, 307.5), (387.7, 307.5), (402.7, 307.5), (417.6, 307.5), (432.5, 301.9), (436.3, 313.1), (436.3, 320.5), (436.3, 320.5), (436.3, 320.5), (436.3, 320.5), (436.3, 320.5), (436.3, 320.5), (436.3, 320.5), (436.3, 320.5), (436.3, 320.5), (436.3, 320.5), (436.3, 320.5), (436.3, 320.5), (436.3, 320.5), (436.3, 320.5), (436.3, 320.5), (436.3, 320.5), (436.3, 320.5), (436.3, 320.5), (436.3, 320.5), (436.3, 320.5), (436.3, 320.5), (436.3, 320.5)]",0,0,16.02
experienced,bomberman,4,Bomb,1,0,31.4,0.955,"[(48.0, 48.0), (62.9, 51.7), (77.9, 44.3), (92.8, 44.3), (107.7, 44.3), (122.7, 44.3), (137.6, 44.3), (152.5, 44.3), (167.5, 44.3), (182.4, 44.3), (197.3, 44.3), (212.3, 44.3), (227.2, 44.3), (242.1, 44.3), (257.1, 44.3), (272.0, 44.3), (286.9, 44.3), (301.9, 44.3), (316.8, 44.3), (331.7, 44.3), (346.7, 44.3), (361.6, 44.3), (376.5, 44.3), (391.5, 44.3), (406.4, 44.3), (421.3, 44.3), (436.3, 44.3), (436.3, 44.3), (436.3, 44.3), (436.3, 44.3), (436.3, 44.3), (436.3, 44.3), (436.3, 44.3), (436.3, 44.3), (436.3, 44.3), (436.3, 44.3), (436.3, 44.3), (436.3, 44.3), (436.3, 44.3), (436.3, 44.3), (436.3, 44.3), (436.3, 44.3), (436.3, 44.3), (436.3, 44.3), (436.3, 44.3), (436.3, 44.3), (436.3, 44.3), (436.3, 44.3), (436.3, 46.1), (436.3, 61.1), (436.3, 76.0), (436.3, 90.9), (436.3, 105.9), (436.3, 120.8), (436.3, 135.7), (436.3, 150.7), (436.3, 165.6), (436.3, 180.5), (436.3, 195.5), (436.3, 210.4), (436.3, 225.3), (436.3, 236.5), (436.3, 247.7), (436.3, 255.2), (436.3, 255.2), (436.3, 262.7), (436.3, 262.7), (436.3, 270.1), (436.3, 285.1), (436.3, 288.8), (436.3, 288.8), (436.3, 288.8), (436.3, 288.8), (436.3, 288.8), (436.3, 288.8), (436.3, 288.8), (436.3, 288.8), (436.3, 288.8), (436.3, 288.8), (436.3, 288.8), (436.3, 288.8), (436.3, 288.8), (436.3, 288.8), (436.3, 288.8), (436.3, 288.8), (436.3, 296.3), (436.3, 298.1), (436.3, 307.5), (436.3, 313.1), (436.3, 324.3), (436.3, 328.0), (436.3, 313.1), (436.3, 298.1)]",0,0,12.37
experienced,bomberman,4,Success,1,0,38.21,1.0,"[(48.0, 48.0), (62.9, 51.7), (77.9, 44.3), (92.8, 44.3), (107.7, 44.3), (122.7, 44.3), (137.6, 44.3), (152.5, 44.3), (167.5, 44.3), (182.4, 44.3), (197.3, 44.3), (212.3, 44.3), (227.2, 44.3), (242.1, 44.3), (257.1, 44.3), (272.0, 44.3), (286.9, 44.3), (301.9, 44.3), (316.8, 44.3), (331.7, 44.3), (346.7, 44.3), (361.6, 44.3), (376.5, 44.3), (391.5, 44.3), (406.4, 44.3), (421.3, 44.3), (436.3, 44.3), (436.3, 44.3), (436.3, 44.3), (436.3, 44.3), (436.3, 44.3), (436.3, 46.1), (436.3, 46.1), (436.3, 46.1), (436.3, 46.1), (436.3, 46.1), (436.3, 53.6), (436.3, 68.5), (436.3, 83.5), (436.3, 98.4), (436.3, 113.3), (436.3, 128.3), (436.3, 143.2), (436.3, 158.1), (436.3, 173.1), (436.3, 188.0), (436.3, 202.9), (436.3, 217.9), (436.3, 232.8), (436.3, 247.7), (436.3, 262.7), (436.3, 277.6), (436.3, 288.8), (436.3, 288.8), (436.3, 288.8), (436.3, 288.8), (436.3, 288.8), (436.3, 288.8), (436.3, 288.8), (436.3, 288.8), (436.3, 288.8), (436.3, 288.8), (436.3, 288.8), (436.3, 288.8), (436.3, 288.8), (436.3, 288.8), (436.3, 300.0), (436.3, 311.2), (434.4, 318.7), (434.4, 318.7), (434.4, 318.7), (428.8, 324.3), (428.8, 328.0), (428.8, 326.1), (428.8, 335.5)]",0,0,9.97
experienced,bomberman,4,Success,1,0,36.92,1.0,"[(48.0, 48.0), (62.9, 51.7), (77.9, 44.3), (92.8, 44.3), (107.7, 44.3), (122.7, 44.3), (137.6, 44.3), (152.5, 44.3), (167.5, 44.3), (182.4, 44.3), (197.3, 44.3), (212.3, 44.3), (227.2, 44.3), (242.1, 44.3), (257.1, 44.3), (272.0, 44.3), (286.9, 44.3), (301.9, 44.3), (316.8, 44.3), (331.7, 44.3), (346.7, 44.3), (361.6, 44.3), (376.5, 44.3), (391.5, 44.3), (406.4, 44.3), (421.3, 44.3), (436.3, 44.3), (436.3, 44.3), (436.3, 44.3), (436.3, 44.3), (436.3, 44.3), (436.3, 46.1), (436.3, 46.1), (436.3, 46.1), (436.3, 46.1), (436.3, 46.1), (436.3, 46.1), (436.3, 46.1), (436.3, 46.1), (436.3, 46.1), (436.3, 51.7), (436.3, 66.7), (436.3, 81.6), (436.3, 96.5), (436.3, 111.5), (436.3, 126.4), (436.3, 141.3), (436.3, 156.3), (436.3, 171.2), (436.3, 186.1), (436.3, 201.1), (436.3, 216.0), (436.3, 230.9), (436.3, 245.9), (436.3, 260.8), (436.3, 275.7), (436.3, 286.9), (436.3, 286.9), (436.3, 286.9), (436.3, 286.9), (436.3, 286.9), (436.3, 279.5), (436.3, 279.5), (436.3, 286.9), (436.3, 286.9), (436.3, 286.9), (436.3, 286.9), (436.3, 286.9), (436.3, 286.9), (436.3, 286.9), (436.3, 286.9), (436.3, 286.9), (436.3, 286.9), (436.3, 286.9), (436.3, 294.4), (436.3, 294.4), (436.3, 309.3), (436.3, 324.3), (436.3, 339.2)]",0,0,10.52
experienced,bomberman,4,Success,1,0,39.75,1.0,"[(48.0, 48.0), (62.9, 51.7), (77.9, 44.3), (92.8, 44.3), (107.7, 44.3), (122.7, 44.3), (137.6, 44.3), (152.5, 44.3), (167.5, 44.3), (182.4, 44.3), (197.3, 44.3), (212.3, 44.3), (227.2, 44.3), (242.1, 44.3), (257.1, 44.3), (272.0, 44.3), (286.9, 44.3), (301.9, 44.3), (316.8, 44.3), (331.7, 44.3), (346.7, 44.3), (361.6, 44.3), (376.5, 44.3), (391.5, 44.3), (406.4, 44.3), (421.3, 44.3), (436.3, 44.3), (436.3, 44.3), (436.3, 44.3), (436.3, 44.3), (436.3, 44.3), (436.3, 46.1), (436.3, 46.1), (436.3, 46.1), (436.3, 46.1), (436.3, 53.6), (436.3, 68.5), (436.3, 83.5), (436.3, 98.4), (436.3, 113.3), (436.3, 128.3), (436.3, 143.2), (436.3, 158.1), (436.3, 173.1), (436.3, 188.0), (436.3, 202.9), (436.3, 217.9), (436.3, 232.8), (436.3, 247.7), (436.3, 262.7), (436.3, 277.6), (436.3, 288.8), (436.3, 288.8), (436.3, 288.8), (436.3, 288.8), (436.3, 288.8), (436.3, 288.8), (436.3, 288.8), (436.3, 288.8), (436.3, 288.8), (436.3, 288.8), (436.3, 281.3), (436.3, 281.3), (436.3, 288.8), (436.3, 288.8), (436.3, 288.8), (436.3, 288.8), (436.3, 292.5), (436.3, 303.7), (436.3, 311.2), (436.3, 322.4), (436.3, 326.1), (436.3, 333.6), (436.3, 348.5)]",0,0,9.77
experienced,bomberman,4,Bomb,1,0,31.4,0.955,"[(48.0, 48.0), (62.9, 51.7), (77.9, 44.3), (92.8, 44.3), (107.7, 44.3), (122.7, 44.3), (137.6, 44.3), (152.5, 44.3), (167.5, 44.3), (182.4, 44.3), (197.3, 44.3), (212.3, 44.3), (227.2, 44.3), (242.1, 44.3), (257.1, 44.3), (272.0, 44.3), (286.9, 44.3), (301.9, 44.3), (316.8, 44.3), (331.7, 44.3), (346.7, 44.3), (361.6, 44.3), (376.5, 44.3), (391.5, 44.3), (406.4, 44.3), (421.3, 44.3), (436.3, 44.3), (436.3, 44.3), (436.3, 44.3), (436.3, 44.3), (436.3, 44.3), (436.3, 44.3), (436.3, 44.3), (436.3, 44.3), (436.3, 44.3), (436.3, 44.3), (436.3, 44.3), (436.3, 44.3), (436.3, 44.3), (436.3, 44.3), (436.3, 44.3), (436.3, 44.3), (436.3, 44.3), (436.3, 44.3), (436.3, 44.3), (436.3, 44.3), (436.3, 44.3), (436.3, 44.3), (436.3, 46.1), (436.3, 61.1), (436.3, 76.0), (436.3, 90.9), (436.3, 105.9), (436.3, 120.8), (436.3, 135.7), (436.3, 150.7), (436.3, 165.6), (436.3, 180.5), (436.3, 195.5), (436.3, 210.4), (436.3, 225.3), (436.3, 236.5), (436.3, 247.7), (436.3, 255.2), (436.3, 255.2), (436.3, 262.7), (436.3, 262.7), (436.3, 270.1), (436.3, 285.1), (436.3, 288.8), (436.3, 288.8), (436.3, 288.8), (436.3, 288.8), (436.3, 288.8), (436.3, 288.8), (436.3, 288.8), (436.3, 288.8), (436.3, 288.8), (436.3, 288.8), (436.3, 288.8), (436.3, 288.8), (436.3, 288.8), (436.3, 288.8), (436.3, 288.8), (436.3, 288.8), (436.3, 296.3), (436.3, 298.1), (436.3, 307.5), (436.3, 313.1), (436.3, 324.3), (436.3, 328.0), (436.3, 313.1), (436.3, 298.1)]",0,0,12.37
experienced,bomberman,4,Bomb,82,0,24.12,0.955,"[(48.0, 48.0), (62.9, 51.7), (77.9, 44.3), (92.8, 44.3), (107.7, 44.3), (122.7, 44.3), (137.6, 44.3), (152.5, 44.3), (167.5, 44.3), (182.4, 44.3), (197.3, 44.3), (212.3, 44.3), (227.2, 44.3), (242.1, 44.3), (257.1, 44.3), (272.0, 44.3), (286.9, 44.3), (301.9, 44.3), (316.8, 44.3), (331.7, 44.3), (346.7, 44.3), (361.6, 44.3), (376.5, 44.3), (391.5, 44.3), (406.4, 44.3), (421.3, 44.3), (436.3, 44.3), (436.3, 44.3), (436.3, 44.3), (436.3, 44.3), (436.3, 44.3), (436.3, 44.3), (436.3, 44.3), (436.3, 44.3), (436.3, 44.3), (436.3, 44.3), (436.3, 44.3), (436.3, 44.3), (436.3, 44.3), (436.3, 44.3), (436.3, 44.3), (436.3, 44.3), (436.3, 44.3), (436.3, 57.3), (436.3, 72.3), (436.3, 87.2), (436.3, 102.1), (436.3, 117.1), (436.3, 132.0), (436.3, 146.9), (436.3, 161.9), (436.3, 176.8), (436.3, 191.7), (436.3, 206.7), (436.3, 221.6), (436.3, 236.5), (436.3, 251.5), (436.3, 266.4), (436.3, 270.1), (436.3, 270.1), (436.3, 270.1), (436.3, 262.7), (436.3, 262.7), (436.3, 270.1), (436.3, 270.1), (436.3, 281.3), (436.3, 288.8), (436.3, 288.8), (436.3, 288.8), (436.3, 288.8), (436.3, 288.8), (436.3, 288.8), (436.3, 288.8), (436.3, 288.8), (436.3, 288.8), (436.3, 288.8), (436.3, 288.8), (436.3, 288.8), (436.3, 288.8), (436.3, 288.8), (434.4, 288.8), (434.4, 288.8), (436.3, 292.5), (436.3, 296.3), (432.5, 303.7), (417.6, 307.5), (417.6, 307.5), (417.6, 307.5), (413.9, 307.5), (398.9, 307.5), (384.0, 307.5), (384.0, 307.5), (384.0, 307.5), (384.0, 307.5), (387.7, 307.5), (402.7, 307.5), (417.6, 307.5), (432.5, 301.9), (436.3, 313.1), (436.3, 320.5), (436.3, 320.5), (436.3, 320.5), (436.3, 320.5), (436.3, 320.5), (436.3, 320.5), (436.3, 320.5), (436.3, 320.5), (436.3, 320.5), (436.3, 320.5), (436.3, 320.5), (436.3, 320.5), (436.3, 320.5), (436.3, 320.5), (436.3, 320.5), (436.3, 320.5), (436.3, 320.5), (436.3, 320.5), (436.3, 320.5), (436.3, 320.5), (436.3, 320.5), (436.3, 320.5)]",0,0,16.02
experienced,bomberman,4,Bomb,87,0,23.66,0.955,"[(48.0, 48.0), (62.9, 51.7), (77.9, 44.3), (92.8, 44.3), (107.7, 44.3), (122.7, 44.3), (137.6, 44.3), (152.5, 44.3), (167.5, 44.3), (182.4, 44.3), (197.3, 44.3), (212.3, 44.3), (227.2, 44.3), (242.1, 44.3), (257.1, 44.3), (272.0, 44.3), (286.9, 44.3), (301.9, 44.3), (316.8, 44.3), (331.7, 44.3), (346.7, 44.3), (361.6, 44.3), (376.5, 44.3), (391.5, 44.3), (406.4, 44.3), (421.3, 44.3), (436.3, 44.3), (436.3, 44.3), (436.3, 44.3), (436.3, 44.3), (436.3, 44.3), (436.3, 44.3), (436.3, 44.3), (436.3, 44.3), (436.3, 44.3), (436.3, 44.3), (436.3, 44.3), (436.3, 44.3), (436.3, 44.3), (436.3, 44.3), (436.3, 44.3), (436.3, 44.3), (436.3, 46.1), (436.3, 61.1), (436.3, 76.0), (436.3, 90.9), (436.3, 105.9), (436.3, 120.8), (436.3, 135.7), (436.3, 150.7), (436.3, 165.6), (436.3, 180.5), (436.3, 195.5), (436.3, 210.4), (436.3, 225.3), (436.3, 240.3), (436.3, 255.2), (436.3, 270.1), (436.3, 281.3), (436.3, 281.3), (436.3, 281.3), (436.3, 270.1), (436.3, 270.1), (436.3, 281.3), (436.3, 285.1), (436.3, 288.8), (436.3, 288.8), (436.3, 288.8), (436.3, 288.8), (436.3, 288.8), (436.3, 288.8), (436.3, 288.8), (436.3, 288.8), (436.3, 288.8), (436.3, 288.8), (436.3, 288.8), (436.3, 288.8), (436.3, 288.8), (436.3, 288.8), (436.3, 288.8), (434.4, 288.8), (436.3, 292.5), (436.3, 296.3), (436.3, 300.0), (421.3, 307.5), (417.6, 307.5), (417.6, 307.5), (417.6, 307.5), (402.7, 307.5), (387.7, 307.5), (384.0, 307.5), (384.0, 307.5), (384.0, 307.5), (384.0, 307.5), (387.7, 307.5), (402.7, 307.5), (425.1, 300.0), (436.3, 309.3), (436.3, 320.5), (436.3, 320.5), (436.3, 320.5), (436.3, 320.5), (436.3, 320.5), (436.3, 320.5), (436.3, 320.5), (436.3, 320.5), (436.3, 320.5), (436.3, 320.5), (436.3, 320.5), (436.3, 320.5), (436.3, 320.5), (436.3, 320.5), (436.3, 320.5), (436.3, 320.5), (436.3, 320.5), (436.3, 320.5), (436.3, 320.5), (436.3, 320.5), (436.3, 320.5), (436.3, 320.5), (436.3, 320.5)]",0,0,16.02
experienced,bomberman,4,Bomb,1,0,31.73,0.955,"[(48.0, 48.0), (62.9, 51.7), (77.9, 44.3), (92.8, 44.3), (107.7, 44.3), (122.7, 44.3), (137.6, 44.3), (152.5, 44.3), (167.5, 44.3), (182.4, 44.3), (197.3, 44.3), (212.3, 44.3), (227.2, 44.3), (242.1, 44.3), (257.1, 44.3), (272.0, 44.3), (286.9, 44.3), (301.9, 44.3), (316.8, 44.3), (331.7, 44.3), (346.7, 44.3), (361.6, 44.3), (376.5, 44.3), (391.5, 44.3), (406.4, 44.3), (421.3, 44.3), (436.3, 44.3), (436.3, 44.3), (436.3, 44.3), (436.3, 44.3), (436.3, 44.3), (436.3, 44.3), (436.3, 44.3), (436.3, 44.3), (436.3, 44.3), (436.3, 44.3), (436.3, 44.3), (436.3, 44.3), (436.3, 46.1), (436.3, 61.1), (436.3, 76.0), (436.3, 90.9), (436.3, 105.9), (436.3, 120.8), (436.3, 135.7), (436.3, 150.7), (436.3, 165.6), (436.3, 180.5), (436.3, 195.5), (436.3, 210.4), (436.3, 225.3), (436.3, 240.3), (436.3, 255.2), (436.3, 270.1), (436.3, 285.1), (436.3, 288.8), (436.3, 288.8), (436.3, 288.8), (436.3, 288.8), (436.3, 288.8), (436.3, 288.8), (436.3, 288.8), (436.3, 288.8), (436.3, 288.8), (436.3, 288.8), (436.3, 288.8), (436.3, 296.3), (436.3, 303.7), (436.3, 314.9), (434.4, 318.7), (434.4, 318.7), (434.4, 318.7), (434.4, 318.7), (434.4, 318.7), (434.4, 318.7), (434.4, 318.7), (434.4, 318.7), (434.4, 318.7), (434.4, 318.7), (434.4, 318.7), (434.4, 318.7), (434.4, 318.7), (434.4, 318.7), (434.4, 318.7), (428.8, 328.0), (428.8, 326.1), (428.8, 324.3), (428.8, 328.0), (428.8, 326.1), (428.8, 324.3), (428.8, 339.2)]",0,0,12.0
experienced,bomberman,4,Bomb,1,0,31.4,0.955,"[(48.0, 48.0), (62.9, 51.7), (77.9, 44.3), (92.8, 44.3), (107.7, 44.3), (122.7, 44.3), (137.6, 44.3), (152.5, 44.3), (167.5, 44.3), (182.4, 44.3), (197.3, 44.3), (212.3, 44.3), (227.2, 44.3), (242.1, 44.3), (257.1, 44.3), (272.0, 44.3), (286.9, 44.3), (301.9, 44.3), (316.8, 44.3), (331.7, 44.3), (346.7, 44.3), (361.6, 44.3), (376.5, 44.3), (391.5, 44.3), (406.4, 44.3), (421.3, 44.3), (436.3, 44.3), (436.3, 44.3), (436.3, 44.3), (436.3, 44.3), (436.3, 44.3), (436.3, 44.3), (436.3, 44.3), (436.3, 44.3), (436.3, 44.3), (436.3, 44.3), (436.3, 44.3), (436.3, 44.3), (436.3, 44.3), (436.3, 44.3), (436.3, 44.3), (436.3, 44.3), (436.3, 44.3), (436.3, 55.5), (436.3, 70.4), (436.3, 85.3), (436.3, 100.3), (436.3, 115.2), (436.3, 130.1), (436.3, 145.1), (436.3, 160.0), (436.3, 174.9), (436.3, 189.9), (436.3, 204.8), (436.3, 219.7), (436.3, 234.7), (436.3, 238.4), (436.3, 238.4), (436.3, 238.4), (436.3, 238.4), (436.3, 238.4), (436.3, 230.9), (436.3, 238.4), (436.3, 249.6), (436.3, 257.1), (436.3, 257.1), (436.3, 257.1), (436.3, 257.1), (436.3, 257.1), (436.3, 264.5), (436.3, 264.5), (436.3, 264.5), (436.3, 268.3), (436.3, 283.2), (436.3, 298.1), (436.3, 305.6), (436.3, 305.6), (436.3, 313.1), (436.3, 313.1), (436.3, 313.1), (436.3, 313.1), (436.3, 313.1), (436.3, 313.1), (436.3, 313.1), (436.3, 320.5), (436.3, 328.0), (436.3, 328.0), (436.3, 328.0), (436.3, 328.0), (436.3, 328.0), (436.3, 328.0), (436.3, 313.1), (436.3, 298.1)]",0,0,12.37
experienced,bomberman,4,Bomb,1,0,24.27,0.955,"[(48.0, 48.0), (62.9, 51.7), (77.9, 44.3), (92.8, 44.3), (107.7, 44.3), (122.7, 44.3), (137.6, 44.3), (152.5, 44.3), (167.5, 44.3), (182.4, 44.3), (197.3, 44.3), (212.3, 44.3), (227.2, 44.3), (242.1, 44.3), (257.1, 44.3), (272.0, 44.3), (286.9, 44.3), (301.9, 44.3), (316.8, 44.3), (331.7, 44.3), (346.7, 44.3), (361.6, 44.3), (376.5, 44.3), (391.5, 44.3), (406.4, 44.3), (421.3, 44.3), (436.3, 44.3), (436.3, 44.3), (436.3, 44.3), (436.3, 44.3), (436.3, 44.3), (436.3, 44.3), (436.3, 44.3), (436.3, 44.3), (436.3, 44.3), (436.3, 44.3), (436.3, 44.3), (436.3, 44.3), (436.3, 44.3), (436.3, 44.3), (436.3, 44.3), (436.3, 44.3), (436.3, 44.3), (436.3, 44.3), (436.3, 44.3), (436.3, 44.3), (436.3, 59.2), (436.3, 74.1), (436.3, 89.1), (436.3, 104.0), (436.3, 118.9), (436.3, 133.9), (436.3, 148.8), (436.3, 163.7), (436.3, 178.7), (436.3, 193.6), (436.3, 208.5), (436.3, 223.5), (436.3, 238.4), (436.3, 253.3), (436.3, 264.5), (436.3, 253.3), (436.3, 249.6), (436.3, 253.3), (436.3, 264.5), (436.3, 272.0), (436.3, 272.0), (436.3, 279.5), (436.3, 286.9), (436.3, 286.9), (436.3, 286.9), (436.3, 286.9), (436.3, 286.9), (436.3, 286.9), (436.3, 286.9), (436.3, 286.9), (436.3, 286.9), (436.3, 286.9), (436.3, 286.9), (436.3, 286.9), (436.3, 286.9), (436.3, 286.9), (436.3, 286.9), (436.3, 294.4), (434.4, 294.4), (423.2, 307.5), (415.7, 307.5), (415.7, 307.5), (415.7, 307.5), (404.5, 307.5), (389.6, 307.5), (382.1, 307.5), (382.1, 307.5), (382.1, 307.5), (389.6, 307.5), (404.5, 307.5), (419.5, 305.6), (434.4, 296.3), (436.3, 311.2), (436.3, 318.7), (436.3, 318.7), (436.3, 318.7), (436.3, 318.7), (436.3, 318.7), (436.3, 318.7), (436.3, 318.7), (436.3, 318.7), (436.3, 318.7), (436.3, 318.7), (436.3, 318.7), (436.3, 318.7), (436.3, 318.7), (436.3, 318.7), (436.3, 318.7), (436.3, 318.7), (436.3, 318.7), (436.3, 318.7), (436.3, 318.7), (436.3, 318.7), (436.3, 318.7), (436.3, 318.7)]",0,0,16.0
experienced,bomberman,4,Success,1,0,38.13,1.0,"[(48.0, 48.0), (62.9, 51.7), (77.9, 44.3), (92.8, 44.3), (107.7, 44.3), (122.7, 44.3), (137.6, 44.3), (152.5, 44.3), (167.5, 44.3), (182.4, 44.3), (197.3, 44.3), (212.3, 44.3), (227.2, 44.3), (242.1, 44.3), (257.1, 44.3), (272.0, 44.3), (286.9, 44.3), (301.9, 44.3), (316.8, 44.3), (331.7, 44.3), (346.7, 44.3), (361.6, 44.3), (376.5, 44.3), (391.5, 44.3), (406.4, 44.3), (421.3, 44.3), (436.3, 44.3), (436.3, 44.3), (436.3, 44.3), (436.3, 44.3), (436.3, 44.3), (436.3, 46.1), (436.3, 46.1), (436.3, 46.1), (436.3, 46.1), (436.3, 46.1), (436.3, 46.1), (436.3, 59.2), (436.3, 74.1), (436.3, 89.1), (436.3, 104.0), (436.3, 118.9), (436.3, 133.9), (436.3, 148.8), (436.3, 163.7), (436.3, 178.7), (436.3, 193.6), (436.3, 208.5), (436.3, 223.5), (436.3, 238.4), (436.3, 253.3), (436.3, 268.3), (436.3, 283.2), (436.3, 286.9), (436.3, 286.9), (436.3, 286.9), (436.3, 286.9), (436.3, 286.9), (436.3, 286.9), (436.3, 286.9), (436.3, 286.9), (436.3, 286.9), (436.3, 286.9), (436.3, 286.9), (436.3, 286.9), (436.3, 286.9), (436.3, 286.9), (436.3, 286.9), (436.3, 286.9), (436.3, 286.9), (436.3, 286.9), (436.3, 286.9), (436.3, 294.4), (436.3, 301.9), (436.3, 316.8), (436.3, 331.7), (436.3, 346.7)]",0,0,10.18
experienced,bomberman,4,Success,1,0,38.13,1.0,"[(48.0, 48.0), (62.9, 51.7), (77.9, 44.3), (92.8, 44.3), (107.7, 44.3), (122.7, 44.3), (137.6, 44.3), (152.5, 44.3), (167.5, 44.3), (182.4, 44.3), (197.3, 44.3), (212.3, 44.3), (227.2, 44.3), (242.1, 44.3), (257.1, 44.3), (272.0, 44.3), (286.9, 44.3), (301.9, 44.3), (316.8, 44.3), (331.7, 44.3), (346.7, 44.3), (361.6, 44.3), (376.5, 44.3), (391.5, 44.3), (406.4, 44.3), (421.3, 44.3), (436.3, 44.3), (436.3, 44.3), (436.3, 44.3), (436.3, 44.3), (436.3, 44.3), (436.3, 46.1), (436.3, 46.1), (436.3, 46.1), (436.3, 46.1), (436.3, 46.1), (436.3, 46.1), (436.3, 59.2), (436.3, 74.1), (436.3, 89.1), (436.3, 104.0), (436.3, 118.9), (436.3, 133.9), (436.3, 148.8), (436.3, 163.7), (436.3, 178.7), (436.3, 193.6), (436.3, 208.5), (436.3, 223.5), (436.3, 238.4), (436.3, 253.3), (436.3, 268.3), (436.3, 283.2), (436.3, 286.9), (436.3, 286.9), (436.3, 286.9), (436.3, 286.9), (436.3, 286.9), (436.3, 286.9), (436.3, 286.9), (436.3, 286.9), (436.3, 286.9), (436.3, 286.9), (436.3, 286.9), (436.3, 286.9), (436.3, 286.9), (436.3, 286.9), (436.3, 286.9), (436.3, 286.9), (436.3, 286.9), (436.3, 286.9), (436.3, 286.9), (436.3, 294.4), (436.3, 301.9), (436.3, 316.8), (436.3, 331.7), (436.3, 346.7)]",0,0,10.18
experienced,bomberman,4,Success,1,0,39.75,1.0,"[(48.0, 48.0), (62.9, 51.7), (77.9, 44.3), (92.8, 44.3), (107.7, 44.3), (122.7, 44.3), (137.6, 44.3), (152.5, 44.3), (167.5, 44.3), (182.4, 44.3), (197.3, 44.3), (212.3, 44.3), (227.2, 44.3), (242.1, 44.3), (257.1, 44.3), (272.0, 44.3), (286.9, 44.3), (301.9, 44.3), (316.8, 44.3), (331.7, 44.3), (346.7, 44.3), (361.6, 44.3), (376.5, 44.3), (391.5, 44.3), (406.4, 44.3), (421.3, 44.3), (436.3, 44.3), (436.3, 44.3), (436.3, 44.3), (436.3, 44.3), (436.3, 44.3), (436.3, 46.1), (436.3, 46.1), (436.3, 46.1), (436.3, 46.1), (436.3, 53.6), (436.3, 68.5), (436.3, 83.5), (436.3, 98.4), (436.3, 113.3), (436.3, 128.3), (436.3, 143.2), (436.3, 158.1), (436.3, 173.1), (436.3, 188.0), (436.3, 202.9), (436.3, 217.9), (436.3, 232.8), (436.3, 247.7), (436.3, 262.7), (436.3, 277.6), (436.3, 288.8), (436.3, 288.8), (436.3, 288.8), (436.3, 288.8), (436.3, 288.8), (436.3, 288.8), (436.3, 288.8), (436.3, 288.8), (436.3, 288.8), (436.3, 288.8), (436.3, 281.3), (436.3, 281.3), (436.3, 288.8), (436.3, 288.8), (436.3, 288.8), (436.3, 288.8), (436.3, 292.5), (436.3, 303.7), (436.3, 311.2), (436.3, 322.4), (436.3, 326.1), (436.3, 333.6), (436.3, 348.5)]",0,0,9.77
experienced,bomberman,4,Success,1,0,36.92,1.0,"[(48.0, 48.0), (62.9, 51.7), (77.9, 44.3), (92.8, 44.3), (107.7, 44.3), (122.7, 44.3), (137.6, 44.3), (152.5, 44.3), (167.5, 44.3), (182.4, 44.3), (197.3, 44.3), (212.3, 44.3), (227.2, 44.3), (242.1, 44.3), (257.1, 44.3), (272.0, 44.3), (286.9, 44.3), (301.9, 44.3), (316.8, 44.3), (331.7, 44.3), (346.7, 44.3), (361.6, 44.3), (376.5, 44.3), (391.5, 44.3), (406.4, 44.3), (421.3, 44.3), (436.3, 44.3), (436.3, 44.3), (436.3, 44.3), (436.3, 44.3), (436.3, 44.3), (436.3, 46.1), (436.3, 46.1), (436.3, 46.1), (436.3, 46.1), (436.3, 46.1), (436.3, 46.1), (436.3, 46.1), (436.3, 46.1), (436.3, 46.1), (436.3, 51.7), (436.3, 66.7), (436.3, 81.6), (436.3, 96.5), (436.3, 111.5), (436.3, 126.4), (436.3, 141.3), (436.3, 156.3), (436.3, 171.2), (436.3, 186.1), (436.3, 201.1), (436.3, 216.0), (436.3, 230.9), (436.3, 245.9), (436.3, 260.8), (436.3, 275.7), (436.3, 286.9), (436.3, 286.9), (436.3, 286.9), (436.3, 286.9), (436.3, 286.9), (436.3, 279.5), (436.3, 279.5), (436.3, 286.9), (436.3, 286.9), (436.3, 286.9), (436.3, 286.9), (436.3, 286.9), (436.3, 286.9), (436.3, 286.9), (436.3, 286.9), (436.3, 286.9), (436.3, 286.9), (436.3, 286.9), (436.3, 294.4), (436.3, 294.4), (436.3, 309.3), (436.3, 324.3), (436.3, 339.2)]",0,0,10.52
experienced,bomberman,4,Success,1,0,38.21,1.0,"[(48.0, 48.0), (62.9, 51.7), (77.9, 44.3), (92.8, 44.3), (107.7, 44.3), (122.7, 44.3), (137.6, 44.3), (152.5, 44.3), (167.5, 44.3), (182.4, 44.3), (197.3, 44.3), (212.3, 44.3), (227.2, 44.3), (242.1, 44.3), (257.1, 44.3), (272.0, 44.3), (286.9, 44.3), (301.9, 44.3), (316.8, 44.3), (331.7, 44.3), (346.7, 44.3), (361.6, 44.3), (376.5, 44.3), (391.5, 44.3), (406.4, 44.3), (421.3, 44.3), (436.3, 44.3), (436.3, 44.3), (436.3, 44.3), (436.3, 44.3), (436.3, 44.3), (436.3, 46.1), (436.3, 46.1), (436.3, 46.1), (436.3, 46.1), (436.3, 46.1), (436.3, 53.6), (436.3, 68.5), (436.3, 83.5), (436.3, 98.4), (436.3, 113.3), (436.3, 128.3), (436.3, 143.2), (436.3, 158.1), (436.3, 173.1), (436.3, 188.0), (436.3, 202.9), (436.3, 217.9), (436.3, 232.8), (436.3, 247.7), (436.3, 262.7), (436.3, 277.6), (436.3, 288.8), (436.3, 288.8), (436.3, 288.8), (436.3, 288.8), (436.3, 288.8), (436.3, 288.8), (436.3, 288.8), (436.3, 288.8), (436.3, 288.8), (436.3, 288.8), (436.3, 288.8), (436.3, 288.8), (436.3, 288.8), (436.3, 288.8), (436.3, 300.0), (436.3, 311.2), (434.4, 318.7), (434.4, 318.7), (434.4, 318.7), (428.8, 324.3), (428.8, 328.0), (428.8, 326.1), (428.8, 335.5)]",0,0,9.97
experienced,bomberman,4,Bomb,1,0,24.27,0.955,"[(48.0, 48.0), (62.9, 51.7), (77.9, 44.3), (92.8, 44.3), (107.7, 44.3), (122.7, 44.3), (137.6, 44.3), (152.5, 44.3), (167.5, 44.3), (182.4, 44.3), (197.3, 44.3), (212.3, 44.3), (227.2, 44.3), (242.1, 44.3), (257.1, 44.3), (272.0, 44.3), (286.9, 44.3), (301.9, 44.3), (316.8, 44.3), (331.7, 44.3), (346.7, 44.3), (361.6, 44.3), (376.5, 44.3), (391.5, 44.3), (406.4, 44.3), (421.3, 44.3), (436.3, 44.3), (436.3, 44.3), (436.3, 44.3), (436.3, 44.3), (436.3, 44.3), (436.3, 44.3), (436.3, 44.3), (436.3, 44.3), (436.3, 44.3), (436.3, 44.3), (436.3, 44.3), (436.3, 44.3), (436.3, 44.3), (436.3, 44.3), (436.3, 44.3), (436.3, 44.3), (436.3, 44.3), (436.3, 44.3), (436.3, 44.3), (436.3, 44.3), (436.3, 59.2), (436.3, 74.1), (436.3, 89.1), (436.3, 104.0), (436.3, 118.9), (436.3, 133.9), (436.3, 148.8), (436.3, 163.7), (436.3, 178.7), (436.3, 193.6), (436.3, 208.5), (436.3, 223.5), (436.3, 238.4), (436.3, 253.3), (436.3, 264.5), (436.3, 253.3), (436.3, 249.6), (436.3, 253.3), (436.3, 264.5), (436.3, 272.0), (436.3, 272.0), (436.3, 279.5), (436.3, 286.9), (436.3, 286.9), (436.3, 286.9), (436.3, 286.9), (436.3, 286.9), (436.3, 286.9), (436.3, 286.9), (436.3, 286.9), (436.3, 286.9), (436.3, 286.9), (436.3, 286.9), (436.3, 286.9), (436.3, 286.9), (436.3, 286.9), (436.3, 286.9), (436.3, 294.4), (434.4, 294.4), (423.2, 307.5), (415.7, 307.5), (415.7, 307.5), (415.7, 307.5), (404.5, 307.5), (389.6, 307.5), (382.1, 307.5), (382.1, 307.5), (382.1, 307.5), (389.6, 307.5), (404.5, 307.5), (419.5, 305.6), (434.4, 296.3), (436.3, 311.2), (436.3, 318.7), (436.3, 318.7), (436.3, 318.7), (436.3, 318.7), (436.3, 318.7), (436.3, 318.7), (436.3, 318.7), (436.3, 318.7), (436.3, 318.7), (436.3, 318.7), (436.3, 318.7), (436.3, 318.7), (436.3, 318.7), (436.3, 318.7), (436.3, 318.7), (436.3, 318.7), (436.3, 318.7), (436.3, 318.7), (436.3, 318.7), (436.3, 318.7), (436.3, 318.7), (436.3, 318.7)]",0,0,16.0
experienced,bomberman,4,Bomb,1,0,31.4,0.955,"[(48.0, 48.0), (62.9, 51.7), (77.9, 44.3), (92.8, 44.3), (107.7, 44.3), (122.7, 44.3), (137.6, 44.3), (152.5, 44.3), (167.5, 44.3), (182.4, 44.3), (197.3, 44.3), (212.3, 44.3), (227.2, 44.3), (242.1, 44.3), (257.1, 44.3), (272.0, 44.3), (286.9, 44.3), (301.9, 44.3), (316.8, 44.3), (331.7, 44.3), (346.7, 44.3), (361.6, 44.3), (376.5, 44.3), (391.5, 44.3), (406.4, 44.3), (421.3, 44.3), (436.3, 44.3), (436.3, 44.3), (436.3, 44.3), (436.3, 44.3), (436.3, 44.3), (436.3, 44.3), (436.3, 44.3), (436.3, 44.3), (436.3, 44.3), (436.3, 44.3), (436.3, 44.3), (436.3, 44.3), (436.3, 44.3), (436.3, 44.3), (436.3, 44.3), (436.3, 44.3), (436.3, 44.3), (436.3, 55.5), (436.3, 70.4), (436.3, 85.3), (436.3, 100.3), (436.3, 115.2), (436.3, 130.1), (436.3, 145.1), (436.3, 160.0), (436.3, 174.9), (436.3, 189.9), (436.3, 204.8), (436.3, 219.7), (436.3, 234.7), (436.3, 238.4), (436.3, 238.4), (436.3, 238.4), (436.3, 238.4), (436.3, 238.4), (436.3, 230.9), (436.3, 238.4), (436.3, 249.6), (436.3, 257.1), (436.3, 257.1), (436.3, 257.1), (436.3, 257.1), (436.3, 257.1), (436.3, 264.5), (436.3, 264.5), (436.3, 264.5), (436.3, 268.3), (436.3, 283.2), (436.3, 298.1), (436.3, 305.6), (436.3, 305.6), (436.3, 313.1), (436.3, 313.1), (436.3, 313.1), (436.3, 313.1), (436.3, 313.1), (436.3, 313.1), (436.3, 313.1), (436.3, 320.5), (436.3, 328.0), (436.3, 328.0), (436.3, 328.0), (436.3, 328.0), (436.3, 328.0), (436.3, 328.0), (436.3, 313.1), (436.3, 298.1)]",0,0,12.37
experienced,bomberman,4,Success,1,0,36.69,1.0,"[(48.0, 48.0), (62.9, 51.7), (77.9, 44.3), (92.8, 44.3), (107.7, 44.3), (122.7, 44.3), (137.6, 44.3), (152.5, 44.3), (167.5, 44.3), (182.4, 44.3), (197.3, 44.3), (212.3, 44.3), (227.2, 44.3), (242.1, 44.3), (257.1, 44.3), (272.0, 44.3), (286.9, 44.3), (301.9, 44.3), (316.8, 44.3), (331.7, 44.3), (346.7, 44.3), (361.6, 44.3), (376.5, 44.3), (391.5, 44.3), (406.4, 44.3), (421.3, 44.3), (436.3, 44.3), (436.3, 44.3), (436.3, 44.3), (436.3, 44.3), (436.3, 44.3), (436.3, 44.3), (436.3, 44.3), (436.3, 44.3), (436.3, 44.3), (436.3, 44.3), (436.3, 44.3), (436.3, 44.3), (436.3, 44.3), (436.3, 55.5), (436.3, 70.4), (436.3, 85.3), (436.3, 100.3), (436.3, 115.2), (436.3, 130.1), (436.3, 145.1), (436.3, 160.0), (436.3, 174.9), (436.3, 189.9), (436.3, 204.8), (436.3, 219.7), (436.3, 234.7), (436.3, 249.6), (436.3, 264.5), (436.3, 279.5), (436.3, 286.9), (436.3, 286.9), (436.3, 286.9), (436.3, 286.9), (436.3, 286.9), (436.3, 286.9), (436.3, 286.9), (436.3, 286.9), (436.3, 286.9), (436.3, 286.9), (436.3, 286.9), (436.3, 286.9), (436.3, 286.9), (436.3, 286.9), (436.3, 286.9), (436.3, 286.9), (436.3, 286.9), (436.3, 286.9), (436.3, 286.9), (436.3, 294.4), (436.3, 294.4), (436.3, 301.9), (436.3, 316.8), (436.3, 331.7), (436.3, 346.7)]",0,0,10.58
experienced,bomberman,4,Success,1,0,36.34,1.0,"[(48.0, 48.0), (62.9, 51.7), (77.9, 44.3), (92.8, 44.3), (107.7, 44.3), (122.7, 44.3), (137.6, 44.3), (152.5, 44.3), (167.5, 44.3), (182.4, 44.3), (197.3, 44.3), (212.3, 44.3), (227.2, 44.3), (242.1, 44.3), (257.1, 44.3), (272.0, 44.3), (286.9, 44.3), (301.9, 44.3), (316.8, 44.3), (331.7, 44.3), (346.7, 44.3), (361.6, 44.3), (376.5, 44.3), (391.5, 44.3), (406.4, 44.3), (421.3, 44.3), (436.3, 44.3), (436.3, 44.3), (436.3, 44.3), (436.3, 44.3), (436.3, 44.3), (436.3, 44.3), (436.3, 44.3), (436.3, 44.3), (436.3, 44.3), (436.3, 44.3), (436.3, 44.3), (436.3, 44.3), (436.3, 44.3), (436.3, 44.3), (436.3, 51.7), (436.3, 66.7), (436.3, 81.6), (436.3, 96.5), (436.3, 111.5), (436.3, 126.4), (436.3, 141.3), (436.3, 156.3), (436.3, 171.2), (436.3, 186.1), (436.3, 201.1), (436.3, 216.0), (436.3, 230.9), (436.3, 245.9), (436.3, 260.8), (436.3, 275.7), (436.3, 286.9), (436.3, 286.9), (436.3, 286.9), (436.3, 286.9), (436.3, 286.9), (436.3, 275.7), (436.3, 272.0), (436.3, 279.5), (436.3, 286.9), (436.3, 286.9), (436.3, 286.9), (436.3, 286.9), (436.3, 286.9), (436.3, 286.9), (436.3, 286.9), (436.3, 286.9), (436.3, 286.9), (436.3, 286.9), (436.3, 286.9), (436.3, 294.4), (436.3, 294.4), (436.3, 305.6), (436.3, 320.5), (436.3, 335.5), (436.3, 350.4)]",0,0,10.68
experienced,bomberman,4,Success,1,0,40.44,1.0,"[(48.0, 48.0), (62.9, 51.7), (77.9, 44.3), (92.8, 44.3), (107.7, 44.3), (122.7, 44.3), (137.6, 44.3), (152.5, 44.3), (167.5, 44.3), (182.4, 44.3), (197.3, 44.3), (212.3, 44.3), (227.2, 44.3), (242.1, 44.3), (257.1, 44.3), (272.0, 44.3), (286.9, 44.3), (301.9, 44.3), (316.8, 44.3), (331.7, 44.3), (346.7, 44.3), (361.6, 44.3), (376.5, 44.3), (391.5, 44.3), (406.4, 44.3), (421.3, 44.3), (436.3, 44.3), (436.3, 44.3), (436.3, 44.3), (436.3, 44.3), (436.3, 44.3), (436.3, 44.3), (436.3, 44.3), (436.3, 44.3), (436.3, 44.3), (436.3, 44.3), (436.3, 44.3), (436.3, 44.3), (436.3, 44.3), (436.3, 44.3), (436.3, 53.6), (436.3, 68.5), (436.3, 83.5), (436.3, 98.4), (436.3, 113.3), (436.3, 128.3), (436.3, 143.2), (436.3, 158.1), (436.3, 173.1), (436.3, 188.0), (436.3, 202.9), (436.3, 217.9), (436.3, 232.8), (436.3, 247.7), (436.3, 262.7), (436.3, 277.6), (436.3, 288.8), (436.3, 288.8), (436.3, 288.8), (436.3, 288.8), (436.3, 288.8), (436.3, 281.3), (436.3, 288.8), (436.3, 288.8), (436.3, 288.8), (436.3, 288.8), (436.3, 288.8), (436.3, 292.5), (436.3, 303.7), (436.3, 311.2), (436.3, 322.4), (436.3, 337.3), (436.3, 352.3)]",0,0,9.6
experienced,bomberman,4,Bomb,1,0,7.82,0.0,"[(48.0, 48.0), (51.7, 62.9), (51.7, 77.9), (51.7, 98.4), (55.5, 113.3), (70.4, 109.6), (83.5, 109.6), (83.5, 109.6), (83.5, 109.6), (83.5, 109.6), (83.5, 109.6), (83.5, 109.6), (83.5, 109.6), (83.5, 109.6), (83.5, 109.6), (83.5, 109.6), (83.5, 109.6), (83.5, 109.6), (83.5, 109.6), (83.5, 109.6), (83.5, 109.6), (83.5, 109.6), (83.5, 109.6), (83.5, 109.6), (83.5, 109.6), (83.5, 109.6), (83.5, 109.6), (83.5, 109.6), (83.5, 109.6), (83.5, 109.6), (83.5, 109.6), (83.5, 109.6), (74.1, 109.6), (53.6, 115.2), (49.9, 130.1), (51.7, 145.1), (51.7, 167.5), (61.1, 180.5), (76.0, 173.1), (96.5, 173.1), (111.5, 169.3), (109.6, 154.4), (109.6, 141.3), (109.6, 141.3), (109.6, 141.3), (109.6, 141.3), (109.6, 141.3), (109.6, 145.1), (109.6, 145.1), (109.6, 145.1), (109.6, 145.1), (109.6, 145.1), (109.6, 145.1), (109.6, 145.1), (109.6, 145.1), (109.6, 145.1), (109.6, 141.3), (109.6, 141.3), (109.6, 141.3), (109.6, 141.3), (109.6, 141.3)]",0,1,8.12
experienced,bomberman,4,Success,1,0,40.44,1.0,"[(48.0, 48.0), (62.9, 51.7), (77.9, 44.3), (92.8, 44.3), (107.7, 44.3), (122.7, 44.3), (137.6, 44.3), (152.5, 44.3), (167.5, 44.3), (182.4, 44.3), (197.3, 44.3), (212.3, 44.3), (227.2, 44.3), (242.1, 44.3), (257.1, 44.3), (272.0, 44.3), (286.9, 44.3), (301.9, 44.3), (316.8, 44.3), (331.7, 44.3), (346.7, 44.3), (361.6, 44.3), (376.5, 44.3), (391.5, 44.3), (406.4, 44.3), (421.3, 44.3), (436.3, 44.3), (436.3, 44.3), (436.3, 44.3), (436.3, 44.3), (436.3, 44.3), (436.3, 44.3), (436.3, 44.3), (436.3, 44.3), (436.3, 44.3), (436.3, 44.3), (436.3, 44.3), (436.3, 44.3), (436.3, 44.3), (436.3, 44.3), (436.3, 53.6), (436.3, 68.5), (436.3, 83.5), (436.3, 98.4), (436.3, 113.3), (436.3, 128.3), (436.3, 143.2), (436.3, 158.1), (436.3, 173.1), (436.3, 188.0), (436.3, 202.9), (436.3, 217.9), (436.3, 232.8), (436.3, 247.7), (436.3, 262.7), (436.3, 277.6), (436.3, 288.8), (436.3, 288.8), (436.3, 288.8), (436.3, 288.8), (436.3, 288.8), (436.3, 281.3), (436.3, 288.8), (436.3, 288.8), (436.3, 288.8), (436.3, 288.8), (436.3, 288.8), (436.3, 292.5), (436.3, 303.7), (436.3, 311.2), (436.3, 322.4), (436.3, 337.3), (436.3, 352.3)]",0,0,9.6
experienced,bomberman,4,Success,1,0,36.34,1.0,"[(48.0, 48.0), (62.9, 51.7), (77.9, 44.3), (92.8, 44.3), (107.7, 44.3), (122.7, 44.3), (137.6, 44.3), (152.5, 44.3), (167.5, 44.3), (182.4, 44.3), (197.3, 44.3), (212.3, 44.3), (227.2, 44.3), (242.1, 44.3), (257.1, 44.3), (272.0, 44.3), (286.9, 44.3), (301.9, 44.3), (316.8, 44.3), (331.7, 44.3), (346.7, 44.3), (361.6, 44.3), (376.5, 44.3), (391.5, 44.3), (406.4, 44.3), (421.3, 44.3), (436.3, 44.3), (436.3, 44.3), (436.3, 44.3), (436.3, 44.3), (436.3, 44.3), (436.3, 44.3), (436.3, 44.3), (436.3, 44.3), (436.3, 44.3), (436.3, 44.3), (436.3, 44.3), (436.3, 44.3), (436.3, 44.3), (436.3, 44.3), (436.3, 51.7), (436.3, 66.7), (436.3, 81.6), (436.3, 96.5), (436.3, 111.5), (436.3, 126.4), (436.3, 141.3), (436.3, 156.3), (436.3, 171.2), (436.3, 186.1), (436.3, 201.1), (436.3, 216.0), (436.3, 230.9), (436.3, 245.9), (436.3, 260.8), (436.3, 275.7), (436.3, 286.9), (436.3, 286.9), (436.3, 286.9), (436.3, 286.9), (436.3, 286.9), (436.3, 275.7), (436.3, 272.0), (436.3, 279.5), (436.3, 286.9), (436.3, 286.9), (436.3, 286.9), (436.3, 286.9), (436.3, 286.9), (436.3, 286.9), (436.3, 286.9), (436.3, 286.9), (436.3, 286.9), (436.3, 286.9), (436.3, 286.9), (436.3, 294.4), (436.3, 294.4), (436.3, 305.6), (436.3, 320.5), (436.3, 335.5), (436.3, 350.4)]",0,0,10.68
experienced,bomberman,4,Success,1,0,36.69,1.0,"[(48.0, 48.0), (62.9, 51.7), (77.9, 44.3), (92.8, 44.3), (107.7, 44.3), (122.7, 44.3), (137.6, 44.3), (152.5, 44.3), (167.5, 44.3), (182.4, 44.3), (197.3, 44.3), (212.3, 44.3), (227.2, 44.3), (242.1, 44.3), (257.1, 44.3), (272.0, 44.3), (286.9, 44.3), (301.9, 44.3), (316.8, 44.3), (331.7, 44.3), (346.7, 44.3), (361.6, 44.3), (376.5, 44.3), (391.5, 44.3), (406.4, 44.3), (421.3, 44.3), (436.3, 44.3), (436.3, 44.3), (436.3, 44.3), (436.3, 44.3), (436.3, 44.3), (436.3, 44.3), (436.3, 44.3), (436.3, 44.3), (436.3, 44.3), (436.3, 44.3), (436.3, 44.3), (436.3, 44.3), (436.3, 44.3), (436.3, 55.5), (436.3, 70.4), (436.3, 85.3), (436.3, 100.3), (436.3, 115.2), (436.3, 130.1), (436.3, 145.1), (436.3, 160.0), (436.3, 174.9), (436.3, 189.9), (436.3, 204.8), (436.3, 219.7), (436.3, 234.7), (436.3, 249.6), (436.3, 264.5), (436.3, 279.5), (436.3, 286.9), (436.3, 286.9), (436.3, 286.9), (436.3, 286.9), (436.3, 286.9), (436.3, 286.9), (436.3, 286.9), (436.3, 286.9), (436.3, 286.9), (436.3, 286.9), (436.3, 286.9), (436.3, 286.9), (436.3, 286.9), (436.3, 286.9), (436.3, 286.9), (436.3, 286.9), (436.3, 286.9), (436.3, 286.9), (436.3, 286.9), (436.3, 294.4), (436.3, 294.4), (436.3, 301.9), (436.3, 316.8), (436.3, 331.7), (436.3, 346.7)]",0,0,10.58
experienced,bomberman,4,Success,1,0,38.21,1.0,"[(48.0, 48.0), (62.9, 51.7), (77.9, 44.3), (92.8, 44.3), (107.7, 44.3), (122.7, 44.3), (137.6, 44.3), (152.5, 44.3), (167.5, 44.3), (182.4, 44.3), (197.3, 44.3), (212.3, 44.3), (227.2, 44.3), (242.1, 44.3), (257.1, 44.3), (272.0, 44.3), (286.9, 44.3), (301.9, 44.3), (316.8, 44.3), (331.7, 44.3), (346.7, 44.3), (361.6, 44.3), (376.5, 44.3), (391.5, 44.3), (406.4, 44.3), (421.3, 44.3), (436.3, 44.3), (436.3, 44.3), (436.3, 44.3), (436.3, 44.3), (436.3, 44.3), (436.3, 46.1), (436.3, 46.1), (436.3, 46.1), (436.3, 46.1), (436.3, 46.1), (436.3, 53.6), (436.3, 68.5), (436.3, 83.5), (436.3, 98.4), (436.3, 113.3), (436.3, 128.3), (436.3, 143.2), (436.3, 158.1), (436.3, 173.1), (436.3, 188.0), (436.3, 202.9), (436.3, 217.9), (436.3, 232.8), (436.3, 247.7), (436.3, 262.7), (436.3, 277.6), (436.3, 288.8), (436.3, 288.8), (436.3, 288.8), (436.3, 288.8), (436.3, 288.8), (436.3, 288.8), (436.3, 288.8), (436.3, 288.8), (436.3, 288.8), (436.3, 288.8), (436.3, 288.8), (436.3, 288.8), (436.3, 288.8), (436.3, 288.8), (436.3, 300.0), (436.3, 311.2), (434.4, 318.7), (434.4, 318.7), (434.4, 318.7), (428.8, 324.3), (428.8, 328.0), (428.8, 326.1), (428.8, 335.5)]",0,0,9.97
experienced,bomberman,4,Success,1,0,36.92,1.0,"[(48.0, 48.0), (62.9, 51.7), (77.9, 44.3), (92.8, 44.3), (107.7, 44.3), (122.7, 44.3), (137.6, 44.3), (152.5, 44.3), (167.5, 44.3), (182.4, 44.3), (197.3, 44.3), (212.3, 44.3), (227.2, 44.3), (242.1, 44.3), (257.1, 44.3), (272.0, 44.3), (286.9, 44.3), (301.9, 44.3), (316.8, 44.3), (331.7, 44.3), (346.7, 44.3), (361.6, 44.3), (376.5, 44.3), (391.5, 44.3), (406.4, 44.3), (421.3, 44.3), (436.3, 44.3), (436.3, 44.3), (436.3, 44.3), (436.3, 44.3), (436.3, 44.3), (436.3, 46.1), (436.3, 46.1), (436.3, 46.1), (436.3, 46.1), (436.3, 46.1), (436.3, 46.1), (436.3, 46.1), (436.3, 46.1), (436.3, 46.1), (436.3, 51.7), (436.3, 66.7), (436.3, 81.6), (436.3, 96.5), (436.3, 111.5), (436.3, 126.4), (436.3, 141.3), (436.3, 156.3), (436.3, 171.2), (436.3, 186.1), (436.3, 201.1), (436.3, 216.0), (436.3, 230.9), (436.3, 245.9), (436.3, 260.8), (436.3, 275.7), (436.3, 286.9), (436.3, 286.9), (436.3, 286.9), (436.3, 286.9), (436.3, 286.9), (436.3, 279.5), (436.3, 279.5), (436.3, 286.9), (436.3, 286.9), (436.3, 286.9), (436.3, 286.9), (436.3, 286.9), (436.3, 286.9), (436.3, 286.9), (436.3, 286.9), (436.3, 286.9), (436.3, 286.9), (436.3, 286.9), (436.3, 294.4), (436.3, 294.4), (436.3, 309.3), (436.3, 324.3), (436.3, 339.2)]",0,0,10.52
experienced,bomberman,4,Success,1,0,39.75,1.0,"[(48.0, 48.0), (62.9, 51.7), (77.9, 44.3), (92.8, 44.3), (107.7, 44.3), (122.7, 44.3), (137.6, 44.3), (152.5, 44.3), (167.5, 44.3), (182.4, 44.3), (197.3, 44.3), (212.3, 44.3), (227.2, 44.3), (242.1, 44.3), (257.1, 44.3), (272.0, 44.3), (286.9, 44.3), (301.9, 44.3), (316.8, 44.3), (331.7, 44.3), (346.7, 44.3), (361.6, 44.3), (376.5, 44.3), (391.5, 44.3), (406.4, 44.3), (421.3, 44.3), (436.3, 44.3), (436.3, 44.3), (436.3, 44.3), (436.3, 44.3), (436.3, 44.3), (436.3, 46.1), (436.3, 46.1), (436.3, 46.1), (436.3, 46.1), (436.3, 53.6), (436.3, 68.5), (436.3, 83.5), (436.3, 98.4), (436.3, 113.3), (436.3, 128.3), (436.3, 143.2), (436.3, 158.1), (436.3, 173.1), (436.3, 188.0), (436.3, 202.9), (436.3, 217.9), (436.3, 232.8), (436.3, 247.7), (436.3, 262.7), (436.3, 277.6), (436.3, 288.8), (436.3, 288.8), (436.3, 288.8), (436.3, 288.8), (436.3, 288.8), (436.3, 288.8), (436.3, 288.8), (436.3, 288.8), (436.3, 288.8), (436.3, 288.8), (436.3, 281.3), (436.3, 281.3), (436.3, 288.8), (436.3, 288.8), (436.3, 288.8), (436.3, 288.8), (436.3, 292.5), (436.3, 303.7), (436.3, 311.2), (436.3, 322.4), (436.3, 326.1), (436.3, 333.6), (436.3, 348.5)]",0,0,9.77
experienced,bomberman,4,Success,1,0,40.95,1.0,"[(48.0, 48.0), (62.9, 51.7), (77.9, 44.3), (92.8, 44.3), (107.7, 44.3), (122.7, 44.3), (137.6, 44.3), (152.5, 44.3), (167.5, 44.3), (182.4, 44.3), (197.3, 44.3), (212.3, 44.3), (227.2, 44.3), (242.1, 44.3), (257.1, 44.3), (272.0, 44.3), (286.9, 44.3), (301.9, 44.3), (316.8, 44.3), (331.7, 44.3), (346.7, 44.3), (361.6, 44.3), (376.5, 44.3), (391.5, 44.3), (406.4, 44.3), (421.3, 44.3), (436.3, 44.3), (436.3, 44.3), (436.3, 44.3), (436.3, 44.3), (436.3, 44.3), (436.3, 46.1), (436.3, 46.1), (436.3, 46.1), (436.3, 46.1), (436.3, 46.1), (436.3, 46.1), (436.3, 57.3), (436.3, 72.3), (436.3, 87.2), (436.3, 102.1), (436.3, 117.1), (436.3, 132.0), (436.3, 146.9), (436.3, 161.9), (436.3, 176.8), (436.3, 191.7), (436.3, 206.7), (436.3, 221.6), (436.3, 236.5), (436.3, 251.5), (436.3, 266.4), (436.3, 281.3), (436.3, 288.8), (436.3, 288.8), (436.3, 288.8), (436.3, 288.8), (436.3, 288.8), (436.3, 288.8), (436.3, 288.8), (436.3, 288.8), (436.3, 288.8), (436.3, 288.8), (436.3, 288.8), (436.3, 288.8), (436.3, 296.3), (436.3, 311.2), (434.4, 322.4), (428.8, 326.1), (428.8, 335.5)]",0,0,9.3
experienced,bomberman,4,Success,1,0,40.59,1.0,"[(48.0, 48.0), (62.9, 51.7), (77.9, 44.3), (92.8, 44.3), (107.7, 44.3), (122.7, 44.3), (137.6, 44.3), (152.5, 44.3), (167.5, 44.3), (182.4, 44.3), (197.3, 44.3), (212.3, 44.3), (227.2, 44.3), (242.1, 44.3), (257.1, 44.3), (272.0, 44.3), (286.9, 44.3), (301.9, 44.3), (316.8, 44.3), (331.7, 44.3), (346.7, 44.3), (361.6, 44.3), (376.5, 44.3), (391.5, 44.3), (406.4, 44.3), (421.3, 44.3), (436.3, 44.3), (436.3, 44.3), (436.3, 44.3), (436.3, 44.3), (436.3, 44.3), (436.3, 46.1), (436.3, 46.1), (436.3, 46.1), (436.3, 46.1), (436.3, 46.1), (436.3, 46.1), (436.3, 53.6), (436.3, 68.5), (436.3, 83.5), (436.3, 98.4), (436.3, 113.3), (436.3, 128.3), (436.3, 143.2), (436.3, 158.1), (436.3, 173.1), (436.3, 188.0), (436.3, 202.9), (436.3, 217.9), (436.3, 232.8), (436.3, 247.7), (436.3, 262.7), (436.3, 277.6), (436.3, 288.8), (436.3, 288.8), (436.3, 288.8), (436.3, 288.8), (436.3, 288.8), (436.3, 288.8), (436.3, 288.8), (436.3, 288.8), (436.3, 288.8), (436.3, 288.8), (436.3, 288.8), (436.3, 288.8), (436.3, 288.8), (436.3, 288.8), (436.3, 300.0), (436.3, 311.2), (436.3, 322.4), (436.3, 326.1), (436.3, 341.1)]",0,0,9.57
experienced,bomberman,4,Bomb,1,0,7.85,0.0,"[(48.0, 48.0), (51.7, 62.9), (51.7, 77.9), (51.7, 98.4), (55.5, 113.3), (70.4, 109.6), (83.5, 109.6), (83.5, 109.6), (83.5, 109.6), (83.5, 109.6), (83.5, 109.6), (83.5, 109.6), (83.5, 109.6), (83.5, 109.6), (83.5, 109.6), (83.5, 109.6), (83.5, 109.6), (83.5, 109.6), (83.5, 109.6), (83.5, 109.6), (83.5, 109.6), (83.5, 109.6), (83.5, 109.6), (83.5, 109.6), (83.5, 109.6), (83.5, 109.6), (83.5, 109.6), (83.5, 109.6), (83.5, 109.6), (83.5, 109.6), (83.5, 109.6), (83.5, 109.6), (61.1, 111.5), (46.1, 122.7), (51.7, 137.6), (51.7, 156.3), (53.6, 174.9), (68.5, 173.1), (83.5, 173.1), (104.0, 173.1), (115.2, 161.9), (109.6, 146.9), (109.6, 141.3), (109.6, 141.3), (109.6, 141.3), (109.6, 141.3), (109.6, 141.3), (109.6, 141.3), (109.6, 141.3), (109.6, 141.3), (109.6, 141.3), (109.6, 141.3), (109.6, 141.3), (109.6, 141.3), (109.6, 141.3), (109.6, 141.3), (109.6, 141.3), (109.6, 141.3), (109.6, 141.3), (109.6, 141.3), (109.6, 141.3)]",0,1,8.08
experienced,bomberman,4,Success,1,0,40.44,1.0,"[(48.0, 48.0), (62.9, 51.7), (77.9, 44.3), (92.8, 44.3), (107.7, 44.3), (122.7, 44.3), (137.6, 44.3), (152.5, 44.3), (167.5, 44.3), (182.4, 44.3), (197.3, 44.3), (212.3, 44.3), (227.2, 44.3), (242.1, 44.3), (257.1, 44.3), (272.0, 44.3), (286.9, 44.3), (301.9, 44.3), (316.8, 44.3), (331.7, 44.3), (346.7, 44.3), (361.6, 44.3), (376.5, 44.3), (391.5, 44.3), (406.4, 44.3), (421.3, 48.0), (436.3, 61.1), (436.3, 76.0), (436.3, 90.9), (436.3, 105.9), (436.3, 120.8), (436.3, 135.7), (436.3, 150.7), (436.3, 165.6), (436.3, 180.5), (436.3, 195.5), (436.3, 210.4), (436.3, 225.3), (436.3, 240.3), (436.3, 255.2), (436.3, 270.1), (436.3, 285.1), (436.3, 300.0), (436.3, 303.7), (436.3, 303.7), (436.3, 303.7), (436.3, 303.7), (436.3, 303.7), (436.3, 303.7), (436.3, 303.7), (436.3, 303.7), (436.3, 303.7), (436.3, 303.7), (436.3, 303.7), (436.3, 303.7), (436.3, 303.7), (436.3, 303.7), (436.3, 303.7), (436.3, 303.7), (436.3, 303.7), (436.3, 303.7), (436.3, 288.8), (436.3, 288.8), (436.3, 288.8), (436.3, 296.3), (436.3, 311.2), (436.3, 318.7), (430.7, 326.1), (428.8, 324.3), (428.8, 328.0), (428.8, 337.3)]",0,0,9.42
experienced,bomberman,4,Success,1,0,40.44,1.0,"[(48.0, 48.0), (62.9, 51.7), (77.9, 44.3), (92.8, 44.3), (107.7, 44.3), (122.7, 44.3), (137.6, 44.3), (152.5, 44.3), (167.5, 44.3), (182.4, 44.3), (197.3, 44.3), (212.3, 44.3), (227.2, 44.3), (242.1, 44.3), (257.1, 44.3), (272.0, 44.3), (286.9, 44.3), (301.9, 44.3), (316.8, 44.3), (331.7, 44.3), (346.7, 44.3), (361.6, 44.3), (376.5, 44.3), (391.5, 44.3), (406.4, 44.3), (421.3, 48.0), (436.3, 61.1), (436.3, 76.0), (436.3, 90.9), (436.3, 105.9), (436.3, 120.8), (436.3, 135.7), (436.3, 150.7), (436.3, 165.6), (436.3, 180.5), (436.3, 195.5), (436.3, 210.4), (436.3, 225.3), (436.3, 240.3), (436.3, 255.2), (436.3, 270.1), (436.3, 285.1), (436.3, 300.0), (436.3, 303.7), (436.3, 303.7), (436.3, 303.7), (436.3, 303.7), (436.3, 303.7), (436.3, 303.7), (436.3, 303.7), (436.3, 303.7), (436.3, 303.7), (436.3, 303.7), (436.3, 303.7), (436.3, 303.7), (436.3, 303.7), (436.3, 303.7), (436.3, 303.7), (436.3, 303.7), (436.3, 303.7), (436.3, 303.7), (436.3, 288.8), (436.3, 288.8), (436.3, 288.8), (436.3, 296.3), (436.3, 311.2), (436.3, 318.7), (430.7, 326.1), (428.8, 324.3), (428.8, 328.0), (428.8, 337.3)]",0,0,9.42
experienced,bomberman,4,Success,1,0,40.59,1.0,"[(48.0, 48.0), (62.9, 51.7), (77.9, 44.3), (92.8, 44.3), (107.7, 44.3), (122.7, 44.3), (137.6, 44.3), (152.5, 44.3), (167.5, 44.3), (182.4, 44.3), (197.3, 44.3), (212.3, 44.3), (227.2, 44.3), (242.1, 44.3), (257.1, 44.3), (272.0, 44.3), (286.9, 44.3), (301.9, 44.3), (316.8, 44.3), (331.7, 44.3), (346.7, 44.3), (361.6, 44.3), (376.5, 44.3), (391.5, 44.3), (406.4, 44.3), (421.3, 44.3), (436.3, 44.3), (436.3, 44.3), (436.3, 44.3), (436.3, 44.3), (436.3, 44.3), (436.3, 46.1), (436.3, 46.1), (436.3, 46.1), (436.3, 46.1), (436.3, 46.1), (436.3, 46.1), (436.3, 53.6), (436.3, 68.5), (436.3, 83.5), (436.3, 98.4), (436.3, 113.3), (436.3, 128.3), (436.3, 143.2), (436.3, 158.1), (436.3, 173.1), (436.3, 188.0), (436.3, 202.9), (436.3, 217.9), (436.3, 232.8), (436.3, 247.7), (436.3, 262.7), (436.3, 277.6), (436.3, 288.8), (436.3, 288.8), (436.3, 288.8), (436.3, 288.8), (436.3, 288.8), (436.3, 288.8), (436.3, 288.8), (436.3, 288.8), (436.3, 288.8), (436.3, 288.8), (436.3, 288.8), (436.3, 288.8), (436.3, 288.8), (436.3, 288.8), (436.3, 300.0), (436.3, 311.2), (436.3, 322.4), (436.3, 326.1), (436.3, 341.1)]",0,0,9.57
experienced,bomberman,4,Success,1,0,40.95,1.0,"[(48.0, 48.0), (62.9, 51.7), (77.9, 44.3), (92.8, 44.3), (107.7, 44.3), (122.7, 44.3), (137.6, 44.3), (152.5, 44.3), (167.5, 44.3), (182.4, 44.3), (197.3, 44.3), (212.3, 44.3), (227.2, 44.3), (242.1, 44.3), (257.1, 44.3), (272.0, 44.3), (286.9, 44.3), (301.9, 44.3), (316.8, 44.3), (331.7, 44.3), (346.7, 44.3), (361.6, 44.3), (376.5, 44.3), (391.5, 44.3), (406.4, 44.3), (421.3, 44.3), (436.3, 44.3), (436.3, 44.3), (436.3, 44.3), (436.3, 44.3), (436.3, 44.3), (436.3, 46.1), (436.3, 46.1), (436.3, 46.1), (436.3, 46.1), (436.3, 46.1), (436.3, 46.1), (436.3, 57.3), (436.3, 72.3), (436.3, 87.2), (436.3, 102.1), (436.3, 117.1), (436.3, 132.0), (436.3, 146.9), (436.3, 161.9), (436.3, 176.8), (436.3, 191.7), (436.3, 206.7), (436.3, 221.6), (436.3, 236.5), (436.3, 251.5), (436.3, 266.4), (436.3, 281.3), (436.3, 288.8), (436.3, 288.8), (436.3, 288.8), (436.3, 288.8), (436.3, 288.8), (436.3, 288.8), (436.3, 288.8), (436.3, 288.8), (436.3, 288.8), (436.3, 288.8), (436.3, 288.8), (436.3, 288.8), (436.3, 296.3), (436.3, 311.2), (434.4, 322.4), (428.8, 326.1), (428.8, 335.5)]",0,0,9.3
experienced,bomberman,4,Success,1,0,39.75,1.0,"[(48.0, 48.0), (62.9, 51.7), (77.9, 44.3), (92.8, 44.3), (107.7, 44.3), (122.7, 44.3), (137.6, 44.3), (152.5, 44.3), (167.5, 44.3), (182.4, 44.3), (197.3, 44.3), (212.3, 44.3), (227.2, 44.3), (242.1, 44.3), (257.1, 44.3), (272.0, 44.3), (286.9, 44.3), (301.9, 44.3), (316.8, 44.3), (331.7, 44.3), (346.7, 44.3), (361.6, 44.3), (376.5, 44.3), (391.5, 44.3), (406.4, 44.3), (421.3, 44.3), (436.3, 44.3), (436.3, 44.3), (436.3, 44.3), (436.3, 44.3), (436.3, 44.3), (436.3, 46.1), (436.3, 46.1), (436.3, 46.1), (436.3, 46.1), (436.3, 53.6), (436.3, 68.5), (436.3, 83.5), (436.3, 98.4), (436.3, 113.3), (436.3, 128.3), (436.3, 143.2), (436.3, 158.1), (436.3, 173.1), (436.3, 188.0), (436.3, 202.9), (436.3, 217.9), (436.3, 232.8), (436.3, 247.7), (436.3, 262.7), (436.3, 277.6), (436.3, 288.8), (436.3, 288.8), (436.3, 288.8), (436.3, 288.8), (436.3, 288.8), (436.3, 288.8), (436.3, 288.8), (436.3, 288.8), (436.3, 288.8), (436.3, 288.8), (436.3, 281.3), (436.3, 281.3), (436.3, 288.8), (436.3, 288.8), (436.3, 288.8), (436.3, 288.8), (436.3, 292.5), (436.3, 303.7), (436.3, 311.2), (436.3, 322.4), (436.3, 326.1), (436.3, 333.6), (436.3, 348.5)]",0,0,9.77
experienced,bomberman,4,Success,1,0,36.92,1.0,"[(48.0, 48.0), (62.9, 51.7), (77.9, 44.3), (92.8, 44.3), (107.7, 44.3), (122.7, 44.3), (137.6, 44.3), (152.5, 44.3), (167.5, 44.3), (182.4, 44.3), (197.3, 44.3), (212.3, 44.3), (227.2, 44.3), (242.1, 44.3), (257.1, 44.3), (272.0, 44.3), (286.9, 44.3), (301.9, 44.3), (316.8, 44.3), (331.7, 44.3), (346.7, 44.3), (361.6, 44.3), (376.5, 44.3), (391.5, 44.3), (406.4, 44.3), (421.3, 44.3), (436.3, 44.3), (436.3, 44.3), (436.3, 44.3), (436.3, 44.3), (436.3, 44.3), (436.3, 46.1), (436.3, 46.1), (436.3, 46.1), (436.3, 46.1), (436.3, 46.1), (436.3, 46.1), (436.3, 46.1), (436.3, 46.1), (436.3, 46.1), (436.3, 51.7), (436.3, 66.7), (436.3, 81.6), (436.3, 96.5), (436.3, 111.5), (436.3, 126.4), (436.3, 141.3), (436.3, 156.3), (436.3, 171.2), (436.3, 186.1), (436.3, 201.1), (436.3, 216.0), (436.3, 230.9), (436.3, 245.9), (436.3, 260.8), (436.3, 275.7), (436.3, 286.9), (436.3, 286.9), (436.3, 286.9), (436.3, 286.9), (436.3, 286.9), (436.3, 279.5), (436.3, 279.5), (436.3, 286.9), (436.3, 286.9), (436.3, 286.9), (436.3, 286.9), (436.3, 286.9), (436.3, 286.9), (436.3, 286.9), (436.3, 286.9), (436.3, 286.9), (436.3, 286.9), (436.3, 286.9), (436.3, 294.4), (436.3, 294.4), (436.3, 309.3), (436.3, 324.3), (436.3, 339.2)]",0,0,10.52
experienced,bomberman,4,Success,1,0,38.21,1.0,"[(48.0, 48.0), (62.9, 51.7), (77.9, 44.3), (92.8, 44.3), (107.7, 44.3), (122.7, 44.3), (137.6, 44.3), (152.5, 44.3), (167.5, 44.3), (182.4, 44.3), (197.3, 44.3), (212.3, 44.3), (227.2, 44.3), (242.1, 44.3), (257.1, 44.3), (272.0, 44.3), (286.9, 44.3), (301.9, 44.3), (316.8, 44.3), (331.7, 44.3), (346.7, 44.3), (361.6, 44.3), (376.5, 44.3), (391.5, 44.3), (406.4, 44.3), (421.3, 44.3), (436.3, 44.3), (436.3, 44.3), (436.3, 44.3), (436.3, 44.3), (436.3, 44.3), (436.3, 46.1), (436.3, 46.1), (436.3, 46.1), (436.3, 46.1), (436.3, 46.1), (436.3, 53.6), (436.3, 68.5), (436.3, 83.5), (436.3, 98.4), (436.3, 113.3), (436.3, 128.3), (436.3, 143.2), (436.3, 158.1), (436.3, 173.1), (436.3, 188.0), (436.3, 202.9), (436.3, 217.9), (436.3, 232.8), (436.3, 247.7), (436.3, 262.7), (436.3, 277.6), (436.3, 288.8), (436.3, 288.8), (436.3, 288.8), (436.3, 288.8), (436.3, 288.8), (436.3, 288.8), (436.3, 288.8), (436.3, 288.8), (436.3, 288.8), (436.3, 288.8), (436.3, 288.8), (436.3, 288.8), (436.3, 288.8), (436.3, 288.8), (436.3, 300.0), (436.3, 311.2), (434.4, 318.7), (434.4, 318.7), (434.4, 318.7), (428.8, 324.3), (428.8, 328.0), (428.8, 326.1), (428.8, 335.5)]",0,0,9.97
experienced,bomberman,4,Success,1,0,41.92,1.0,"[(48.0, 48.0), (62.9, 51.7), (77.9, 44.3), (92.8, 44.3), (107.7, 44.3), (122.7, 44.3), (137.6, 44.3), (152.5, 44.3), (167.5, 44.3), (182.4, 44.3), (197.3, 44.3), (212.3, 44.3), (227.2, 44.3), (242.1, 44.3), (257.1, 44.3), (272.0, 44.3), (286.9, 44.3), (301.9, 44.3), (316.8, 44.3), (331.7, 44.3), (346.7, 44.3), (361.6, 44.3), (376.5, 44.3), (391.5, 44.3), (406.4, 44.3), (421.3, 44.3), (436.3, 44.3), (436.3, 44.3), (436.3, 44.3), (436.3, 44.3), (436.3, 44.3), (436.3, 49.9), (436.3, 64.8), (436.3, 79.7), (436.3, 94.7), (436.3, 109.6), (436.3, 124.5), (436.3, 139.5), (436.3, 154.4), (436.3, 169.3), (436.3, 184.3), (436.3, 199.2), (436.3, 214.1), (436.3, 229.1), (436.3, 244.0), (436.3, 258.9), (436.3, 273.9), (436.3, 288.8), (436.3, 288.8), (436.3, 288.8), (436.3, 288.8), (436.3, 288.8), (436.3, 288.8), (436.3, 288.8), (436.3, 288.8), (436.3, 288.8), (436.3, 288.8), (436.3, 288.8), (436.3, 288.8), (436.3, 288.8), (436.3, 288.8), (436.3, 288.8), (436.3, 288.8), (436.3, 288.8), (436.3, 300.0), (436.3, 311.2), (436.3, 326.1), (432.5, 333.6), (428.8, 348.5)]",0,0,9.08
experienced,bomberman,4,Success,2,0,41.09,1.0,"[(48.0, 48.0), (62.9, 51.7), (77.9, 44.3), (92.8, 44.3), (107.7, 44.3), (122.7, 44.3), (137.6, 44.3), (152.5, 44.3), (167.5, 44.3), (182.4, 44.3), (197.3, 44.3), (212.3, 44.3), (227.2, 44.3), (242.1, 44.3), (257.1, 44.3), (272.0, 44.3), (286.9, 44.3), (301.9, 44.3), (316.8, 44.3), (331.7, 44.3), (346.7, 44.3), (361.6, 44.3), (376.5, 44.3), (391.5, 44.3), (406.4, 44.3), (421.3, 44.3), (436.3, 44.3), (436.3, 44.3), (436.3, 44.3), (436.3, 44.3), (436.3, 44.3), (436.3, 46.1), (436.3, 46.1), (436.3, 46.1), (436.3, 46.1), (436.3, 46.1), (436.3, 46.1), (436.3, 46.1), (436.3, 55.5), (436.3, 70.4), (436.3, 85.3), (436.3, 100.3), (436.3, 115.2), (436.3, 130.1), (436.3, 145.1), (436.3, 160.0), (436.3, 174.9), (436.3, 189.9), (436.3, 204.8), (436.3, 219.7), (436.3, 234.7), (436.3, 249.6), (436.3, 264.5), (436.3, 279.5), (436.3, 286.9), (436.3, 286.9), (436.3, 286.9), (436.3, 286.9), (436.3, 286.9), (436.3, 286.9), (436.3, 286.9), (436.3, 286.9), (436.3, 286.9), (436.3, 286.9), (436.3, 286.9), (436.3, 286.9), (436.3, 294.4), (436.3, 305.6), (436.3, 313.1), (436.3, 328.0), (436.3, 339.2)]",0,0,9.45
experienced,bomberman,4,Success,1,0,38.38,1.0,"[(48.0, 48.0), (62.9, 51.7), (77.9, 44.3), (92.8, 44.3), (107.7, 44.3), (122.7, 44.3), (137.6, 44.3), (152.5, 44.3), (167.5, 44.3), (182.4, 44.3), (197.3, 44.3), (212.3, 44.3), (227.2, 44.3), (242.1, 44.3), (257.1, 44.3), (272.0, 44.3), (286.9, 44.3), (301.9, 44.3), (316.8, 44.3), (331.7, 44.3), (346.7, 44.3), (361.6, 44.3), (376.5, 44.3), (391.5, 44.3), (406.4, 44.3), (421.3, 44.3), (436.3, 44.3), (436.3, 44.3), (436.3, 44.3), (436.3, 44.3), (436.3, 44.3), (436.3, 44.3), (436.3, 44.3), (436.3, 44.3), (436.3, 44.3), (436.3, 44.3), (436.3, 44.3), (436.3, 59.2), (436.3, 74.1), (436.3, 89.1), (436.3, 104.0), (436.3, 118.9), (436.3, 133.9), (436.3, 148.8), (436.3, 163.7), (436.3, 178.7), (436.3, 193.6), (436.3, 208.5), (436.3, 223.5), (436.3, 238.4), (436.3, 253.3), (436.3, 268.3), (436.3, 283.2), (436.3, 286.9), (436.3, 286.9), (436.3, 286.9), (436.3, 286.9), (436.3, 286.9), (436.3, 286.9), (436.3, 286.9), (436.3, 286.9), (436.3, 286.9), (436.3, 286.9), (436.3, 286.9), (436.3, 286.9), (436.3, 286.9), (436.3, 286.9), (436.3, 286.9), (436.3, 286.9), (436.3, 286.9), (436.3, 286.9), (436.3, 294.4), (436.3, 294.4), (436.3, 309.3), (436.3, 324.3), (436.3, 339.2)]",0,0,10.12
experienced,bomberman,4,Bomb,1,0,7.68,0.0,"[(48.0, 48.0), (44.3, 62.9), (51.7, 77.9), (51.7, 98.4), (55.5, 113.3), (70.4, 109.6), (83.5, 109.6), (83.5, 109.6), (83.5, 109.6), (83.5, 109.6), (83.5, 109.6), (83.5, 109.6), (83.5, 109.6), (83.5, 109.6), (83.5, 109.6), (83.5, 109.6), (83.5, 109.6), (83.5, 109.6), (83.5, 109.6), (83.5, 109.6), (83.5, 109.6), (83.5, 109.6), (83.5, 109.6), (83.5, 109.6), (83.5, 109.6), (83.5, 109.6), (83.5, 109.6), (83.5, 109.6), (83.5, 111.5), (83.5, 111.5), (83.5, 111.5), (83.5, 111.5), (83.5, 111.5), (83.5, 115.2), (83.5, 115.2), (79.7, 111.5), (64.8, 111.5), (64.8, 111.5), (64.8, 115.2), (64.8, 115.2), (64.8, 115.2), (64.8, 115.2), (49.9, 118.9), (49.9, 133.9), (51.7, 148.8), (51.7, 171.2), (64.8, 180.5), (79.7, 173.1), (100.3, 173.1), (115.2, 165.6), (109.6, 150.7), (109.6, 143.2), (109.6, 143.2), (109.6, 143.2), (109.6, 143.2), (109.6, 143.2), (109.6, 143.2), (109.6, 143.2), (109.6, 143.2), (109.6, 143.2), (109.6, 143.2), (109.6, 141.3), (109.6, 124.5)]",0,1,8.27
experienced,bomberman,4,Success,1,0,38.38,1.0,"[(48.0, 48.0), (62.9, 51.7), (77.9, 44.3), (92.8, 44.3), (107.7, 44.3), (122.7, 44.3), (137.6, 44.3), (152.5, 44.3), (167.5, 44.3), (182.4, 44.3), (197.3, 44.3), (212.3, 44.3), (227.2, 44.3), (242.1, 44.3), (257.1, 44.3), (272.0, 44.3), (286.9, 44.3), (301.9, 44.3), (316.8, 44.3), (331.7, 44.3), (346.7, 44.3), (361.6, 44.3), (376.5, 44.3), (391.5, 44.3), (406.4, 44.3), (421.3, 44.3), (436.3, 44.3), (436.3, 44.3), (436.3, 44.3), (436.3, 44.3), (436.3, 44.3), (436.3, 44.3), (436.3, 44.3), (436.3, 44.3), (436.3, 44.3), (436.3, 44.3), (436.3, 44.3), (436.3, 59.2), (436.3, 74.1), (436.3, 89.1), (436.3, 104.0), (436.3, 118.9), (436.3, 133.9), (436.3, 148.8), (436.3, 163.7), (436.3, 178.7), (436.3, 193.6), (436.3, 208.5), (436.3, 223.5), (436.3, 238.4), (436.3, 253.3), (436.3, 268.3), (436.3, 283.2), (436.3, 286.9), (436.3, 286.9), (436.3, 286.9), (436.3, 286.9), (436.3, 286.9), (436.3, 286.9), (436.3, 286.9), (436.3, 286.9), (436.3, 286.9), (436.3, 286.9), (436.3, 286.9), (436.3, 286.9), (436.3, 286.9), (436.3, 286.9), (436.3, 286.9), (436.3, 286.9), (436.3, 286.9), (436.3, 286.9), (436.3, 294.4), (436.3, 294.4), (436.3, 309.3), (436.3, 324.3), (436.3, 339.2)]",0,0,10.12
experienced,bomberman,4,Success,2,0,41.09,1.0,"[(48.0, 48.0), (62.9, 51.7), (77.9, 44.3), (92.8, 44.3), (107.7, 44.3), (122.7, 44.3), (137.6, 44.3), (152.5, 44.3), (167.5, 44.3), (182.4, 44.3), (197.3, 44.3), (212.3, 44.3), (227.2, 44.3), (242.1, 44.3), (257.1, 44.3), (272.0, 44.3), (286.9, 44.3), (301.9, 44.3), (316.8, 44.3), (331.7, 44.3), (346.7, 44.3), (361.6, 44.3), (376.5, 44.3), (391.5, 44.3), (406.4, 44.3), (421.3, 44.3), (436.3, 44.3), (436.3, 44.3), (436.3, 44.3), (436.3, 44.3), (436.3, 44.3), (436.3, 46.1), (436.3, 46.1), (436.3, 46.1), (436.3, 46.1), (436.3, 46.1), (436.3, 46.1), (436.3, 46.1), (436.3, 55.5), (436.3, 70.4), (436.3, 85.3), (436.3, 100.3), (436.3, 115.2), (436.3, 130.1), (436.3, 145.1), (436.3, 160.0), (436.3, 174.9), (436.3, 189.9), (436.3, 204.8), (436.3, 219.7), (436.3, 234.7), (436.3, 249.6), (436.3, 264.5), (436.3, 279.5), (436.3, 286.9), (436.3, 286.9), (436.3, 286.9), (436.3, 286.9), (436.3, 286.9), (436.3, 286.9), (436.3, 286.9), (436.3, 286.9), (436.3, 286.9), (436.3, 286.9), (436.3, 286.9), (436.3, 286.9), (436.3, 294.4), (436.3, 305.6), (436.3, 313.1), (436.3, 328.0), (436.3, 339.2)]",0,0,9.45
experienced,bomberman,4,Success,1,0,41.92,1.0,"[(48.0, 48.0), (62.9, 51.7), (77.9, 44.3), (92.8, 44.3), (107.7, 44.3), (122.7, 44.3), (137.6, 44.3), (152.5, 44.3), (167.5, 44.3), (182.4, 44.3), (197.3, 44.3), (212.3, 44.3), (227.2, 44.3), (242.1, 44.3), (257.1, 44.3), (272.0, 44.3), (286.9, 44.3), (301.9, 44.3), (316.8, 44.3), (331.7, 44.3), (346.7, 44.3), (361.6, 44.3), (376.5, 44.3), (391.5, 44.3), (406.4, 44.3), (421.3, 44.3), (436.3, 44.3), (436.3, 44.3), (436.3, 44.3), (436.3, 44.3), (436.3, 44.3), (436.3, 49.9), (436.3, 64.8), (436.3, 79.7), (436.3, 94.7), (436.3, 109.6), (436.3, 124.5), (436.3, 139.5), (436.3, 154.4), (436.3, 169.3), (436.3, 184.3), (436.3, 199.2), (436.3, 214.1), (436.3, 229.1), (436.3, 244.0), (436.3, 258.9), (436.3, 273.9), (436.3, 288.8), (436.3, 288.8), (436.3, 288.8), (436.3, 288.8), (436.3, 288.8), (436.3, 288.8), (436.3, 288.8), (436.3, 288.8), (436.3, 288.8), (436.3, 288.8), (436.3, 288.8), (436.3, 288.8), (436.3, 288.8), (436.3, 288.8), (436.3, 288.8), (436.3, 288.8), (436.3, 288.8), (436.3, 300.0), (436.3, 311.2), (436.3, 326.1), (432.5, 333.6), (428.8, 348.5)]",0,0,9.08
experienced,bomberman,4,Success,1,0,38.21,1.0,"[(48.0, 48.0), (62.9, 51.7), (77.9, 44.3), (92.8, 44.3), (107.7, 44.3), (122.7, 44.3), (137.6, 44.3), (152.5, 44.3), (167.5, 44.3), (182.4, 44.3), (197.3, 44.3), (212.3, 44.3), (227.2, 44.3), (242.1, 44.3), (257.1, 44.3), (272.0, 44.3), (286.9, 44.3), (301.9, 44.3), (316.8, 44.3), (331.7, 44.3), (346.7, 44.3), (361.6, 44.3), (376.5, 44.3), (391.5, 44.3), (406.4, 44.3), (421.3, 44.3), (436.3, 44.3), (436.3, 44.3), (436.3, 44.3), (436.3, 44.3), (436.3, 44.3), (436.3, 46.1), (436.3, 46.1), (436.3, 46.1), (436.3, 46.1), (436.3, 46.1), (436.3, 53.6), (436.3, 68.5), (436.3, 83.5), (436.3, 98.4), (436.3, 113.3), (436.3, 128.3), (436.3, 143.2), (436.3, 158.1), (436.3, 173.1), (436.3, 188.0), (436.3, 202.9), (436.3, 217.9), (436.3, 232.8), (436.3, 247.7), (436.3, 262.7), (436.3, 277.6), (436.3, 288.8), (436.3, 288.8), (436.3, 288.8), (436.3, 288.8), (436.3, 288.8), (436.3, 288.8), (436.3, 288.8), (436.3, 288.8), (436.3, 288.8), (436.3, 288.8), (436.3, 288.8), (436.3, 288.8), (436.3, 288.8), (436.3, 288.8), (436.3, 300.0), (436.3, 311.2), (434.4, 318.7), (434.4, 318.7), (434.4, 318.7), (428.8, 324.3), (428.8, 328.0), (428.8, 326.1), (428.8, 335.5)]",0,0,9.97
experienced,bomberman,4,Success,1,0,36.92,1.0,"[(48.0, 48.0), (62.9, 51.7), (77.9, 44.3), (92.8, 44.3), (107.7, 44.3), (122.7, 44.3), (137.6, 44.3), (152.5, 44.3), (167.5, 44.3), (182.4, 44.3), (197.3, 44.3), (212.3, 44.3), (227.2, 44.3), (242.1, 44.3), (257.1, 44.3), (272.0, 44.3), (286.9, 44.3), (301.9, 44.3), (316.8, 44.3), (331.7, 44.3), (346.7, 44.3), (361.6, 44.3), (376.5, 44.3), (391.5, 44.3), (406.4, 44.3), (421.3, 44.3), (436.3, 44.3), (436.3, 44.3), (436.3, 44.3), (436.3, 44.3), (436.3, 44.3), (436.3, 46.1), (436.3, 46.1), (436.3, 46.1), (436.3, 46.1), (436.3, 46.1), (436.3, 46.1), (436.3, 46.1), (436.3, 46.1), (436.3, 46.1), (436.3, 51.7), (436.3, 66.7), (436.3, 81.6), (436.3, 96.5), (436.3, 111.5), (436.3, 126.4), (436.3, 141.3), (436.3, 156.3), (436.3, 171.2), (436.3, 186.1), (436.3, 201.1), (436.3, 216.0), (436.3, 230.9), (436.3, 245.9), (436.3, 260.8), (436.3, 275.7), (436.3, 286.9), (436.3, 286.9), (436.3, 286.9), (436.3, 286.9), (436.3, 286.9), (436.3, 279.5), (436.3, 279.5), (436.3, 286.9), (436.3, 286.9), (436.3, 286.9), (436.3, 286.9), (436.3, 286.9), (436.3, 286.9), (436.3, 286.9), (436.3, 286.9), (436.3, 286.9), (436.3, 286.9), (436.3, 286.9), (436.3, 294.4), (436.3, 294.4), (436.3, 309.3), (436.3, 324.3), (436.3, 339.2)]",0,0,10.52
experienced,bomberman,4,Success,1,0,39.75,1.0,"[(48.0, 48.0), (62.9, 51.7), (77.9, 44.3), (92.8, 44.3), (107.7, 44.3), (122.7, 44.3), (137.6, 44.3), (152.5, 44.3), (167.5, 44.3), (182.4, 44.3), (197.3, 44.3), (212.3, 44.3), (227.2, 44.3), (242.1, 44.3), (257.1, 44.3), (272.0, 44.3), (286.9, 44.3), (301.9, 44.3), (316.8, 44.3), (331.7, 44.3), (346.7, 44.3), (361.6, 44.3), (376.5, 44.3), (391.5, 44.3), (406.4, 44.3), (421.3, 44.3), (436.3, 44.3), (436.3, 44.3), (436.3, 44.3), (436.3, 44.3), (436.3, 44.3), (436.3, 46.1), (436.3, 46.1), (436.3, 46.1), (436.3, 46.1), (436.3, 53.6), (436.3, 68.5), (436.3, 83.5), (436.3, 98.4), (436.3, 113.3), (436.3, 128.3), (436.3, 143.2), (436.3, 158.1), (436.3, 173.1), (436.3, 188.0), (436.3, 202.9), (436.3, 217.9), (436.3, 232.8), (436.3, 247.7), (436.3, 262.7), (436.3, 277.6), (436.3, 288.8), (436.3, 288.8), (436.3, 288.8), (436.3, 288.8), (436.3, 288.8), (436.3, 288.8), (436.3, 288.8), (436.3, 288.8), (436.3, 288.8), (436.3, 288.8), (436.3, 281.3), (436.3, 281.3), (436.3, 288.8), (436.3, 288.8), (436.3, 288.8), (436.3, 288.8), (436.3, 292.5), (436.3, 303.7), (436.3, 311.2), (436.3, 322.4), (436.3, 326.1), (436.3, 333.6), (436.3, 348.5)]",0,0,9.77
experienced,bomberman,4,Success,1,0,38.14,1.0,"[(48.0, 48.0), (62.9, 51.7), (77.9, 44.3), (92.8, 44.3), (107.7, 44.3), (122.7, 44.3), (137.6, 44.3), (152.5, 44.3), (167.5, 44.3), (182.4, 44.3), (197.3, 44.3), (212.3, 44.3), (227.2, 44.3), (242.1, 44.3), (257.1, 44.3), (272.0, 44.3), (286.9, 44.3), (301.9, 44.3), (316.8, 44.3), (331.7, 44.3), (346.7, 44.3), (361.6, 44.3), (376.5, 44.3), (391.5, 44.3), (406.4, 44.3), (421.3, 48.0), (436.3, 61.1), (436.3, 76.0), (436.3, 90.9), (436.3, 105.9), (436.3, 120.8), (436.3, 135.7), (436.3, 150.7), (436.3, 165.6), (436.3, 180.5), (436.3, 195.5), (436.3, 210.4), (436.3, 225.3), (436.3, 240.3), (436.3, 255.2), (436.3, 270.1), (436.3, 285.1), (436.3, 296.3), (436.3, 296.3), (436.3, 296.3), (436.3, 296.3), (436.3, 296.3), (436.3, 296.3), (436.3, 296.3), (436.3, 296.3), (436.3, 296.3), (436.3, 296.3), (436.3, 296.3), (436.3, 296.3), (436.3, 296.3), (436.3, 296.3), (436.3, 296.3), (436.3, 296.3), (436.3, 296.3), (436.3, 296.3), (436.3, 296.3), (436.3, 281.3), (436.3, 288.8), (436.3, 288.8), (436.3, 288.8), (436.3, 288.8), (436.3, 288.8), (436.3, 288.8), (436.3, 296.3), (436.3, 303.7), (436.3, 311.2), (434.4, 322.4), (428.8, 326.1), (428.8, 324.3), (428.8, 333.6)]",0,0,9.98
experienced,bomberman,4,Stuck,26,0,19.97,0.909,"[(48.0, 48.0), (62.9, 51.7), (77.9, 44.3), (92.8, 44.3), (107.7, 44.3), (122.7, 44.3), (137.6, 44.3), (152.5, 44.3), (167.5, 44.3), (182.4, 44.3), (197.3, 44.3), (212.3, 44.3), (227.2, 44.3), (242.1, 44.3), (257.1, 44.3), (272.0, 44.3), (286.9, 44.3), (301.9, 44.3), (316.8, 44.3), (331.7, 44.3), (346.7, 44.3), (361.6, 44.3), (376.5, 44.3), (391.5, 44.3), (406.4, 44.3), (421.3, 44.3), (436.3, 44.3), (436.3, 44.3), (436.3, 44.3), (436.3, 44.3), (436.3, 44.3), (436.3, 46.1), (436.3, 46.1), (436.3, 46.1), (436.3, 46.1), (436.3, 46.1), (436.3, 46.1), (436.3, 46.1), (436.3, 46.1), (436.3, 46.1), (436.3, 59.2), (436.3, 74.1), (436.3, 89.1), (436.3, 104.0), (436.3, 118.9), (436.3, 133.9), (436.3, 148.8), (436.3, 163.7), (436.3, 178.7), (436.3, 193.6), (436.3, 208.5), (436.3, 223.5), (436.3, 238.4), (436.3, 253.3), (436.3, 268.3), (436.3, 283.2), (436.3, 286.9), (436.3, 286.9), (436.3, 286.9), (436.3, 286.9), (436.3, 286.9), (436.3, 275.7), (436.3, 260.8), (436.3, 245.9), (436.3, 230.9), (436.3, 216.0), (436.3, 208.5), (436.3, 208.5), (436.3, 208.5), (436.3, 208.5), (436.3, 208.5), (436.3, 208.5), (436.3, 208.5), (436.3, 208.5), (436.3, 208.5), (436.3, 208.5), (436.3, 208.5), (436.3, 208.5), (436.3, 208.5), (436.3, 208.5), (436.3, 208.5), (436.3, 208.5), (436.3, 208.5), (436.3, 208.5), (436.3, 208.5), (436.3, 208.5), (436.3, 208.5), (436.3, 208.5), (436.3, 208.5), (436.3, 208.5), (436.3, 208.5), (428.8, 225.3), (425.1, 240.3), (410.1, 244.0), (397.1, 244.0), (397.1, 244.0), (397.1, 244.0), (397.1, 244.0), (397.1, 244.0), (397.1, 244.0), (397.1, 244.0), (397.1, 244.0), (397.1, 244.0), (397.1, 244.0), (397.1, 244.0), (397.1, 244.0), (397.1, 244.0), (397.1, 244.0), (397.1, 244.0), (397.1, 244.0), (397.1, 244.0), (397.1, 244.0), (397.1, 244.0), (397.1, 244.0), (397.1, 244.0), (397.1, 244.0), (397.1, 244.0), (397.1, 244.0), (397.1, 244.0), (397.1, 244.0), (397.1, 244.0), (397.1, 244.0), (397.1, 244.0), (397.1, 244.0), (397.1, 244.0), (397.1, 244.0), (397.1, 244.0), (397.1, 244.0), (397.1, 244.0), (397.1, 244.0), (397.1, 244.0), (397.1, 244.0)]",0,0,17.48
experienced,bomberman,4,Success,1,0,41.47,1.0,"[(48.0, 48.0), (62.9, 51.7), (77.9, 44.3), (92.8, 44.3), (107.7, 44.3), (122.7, 44.3), (137.6, 44.3), (152.5, 44.3), (167.5, 44.3), (182.4, 44.3), (197.3, 44.3), (212.3, 44.3), (227.2, 44.3), (242.1, 44.3), (257.1, 44.3), (272.0, 44.3), (286.9, 44.3), (301.9, 44.3), (316.8, 44.3), (331.7, 44.3), (346.7, 44.3), (361.6, 44.3), (376.5, 44.3), (391.5, 44.3), (406.4, 44.3), (421.3, 48.0), (436.3, 61.1), (436.3, 76.0), (436.3, 90.9), (436.3, 105.9), (436.3, 120.8), (436.3, 135.7), (436.3, 150.7), (436.3, 165.6), (436.3, 180.5), (436.3, 195.5), (436.3, 210.4), (436.3, 225.3), (436.3, 240.3), (436.3, 255.2), (436.3, 270.1), (436.3, 285.1), (436.3, 300.0), (436.3, 303.7), (436.3, 303.7), (436.3, 303.7), (436.3, 303.7), (436.3, 303.7), (436.3, 303.7), (436.3, 303.7), (436.3, 303.7), (436.3, 303.7), (436.3, 303.7), (436.3, 303.7), (436.3, 303.7), (436.3, 303.7), (436.3, 303.7), (436.3, 303.7), (436.3, 303.7), (436.3, 303.7), (436.3, 303.7), (436.3, 288.8), (436.3, 288.8), (436.3, 292.5), (436.3, 303.7), (436.3, 311.2), (436.3, 326.1), (436.3, 326.1), (434.4, 337.3)]",0,0,9.18
experienced,bomberman,4,Bomb,1,0,31.73,0.955,"[(48.0, 48.0), (62.9, 51.7), (77.9, 44.3), (92.8, 44.3), (107.7, 44.3), (122.7, 44.3), (137.6, 44.3), (152.5, 44.3), (167.5, 44.3), (182.4, 44.3), (197.3, 44.3), (212.3, 44.3), (227.2, 44.3), (242.1, 44.3), (257.1, 44.3), (272.0, 44.3), (286.9, 44.3), (301.9, 44.3), (316.8, 44.3), (331.7, 44.3), (346.7, 44.3), (361.6, 44.3), (376.5, 44.3), (391.5, 44.3), (406.4, 44.3), (421.3, 44.3), (436.3, 44.3), (436.3, 44.3), (436.3, 44.3), (436.3, 44.3), (436.3, 44.3), (436.3, 44.3), (436.3, 44.3), (436.3, 44.3), (436.3, 44.3), (436.3, 44.3), (436.3, 44.3), (436.3, 44.3), (436.3, 44.3), (436.3, 44.3), (436.3, 44.3), (436.3, 49.9), (436.3, 64.8), (436.3, 79.7), (436.3, 94.7), (436.3, 109.6), (436.3, 124.5), (436.3, 139.5), (436.3, 154.4), (436.3, 169.3), (436.3, 184.3), (436.3, 199.2), (436.3, 214.1), (436.3, 229.1), (436.3, 244.0), (436.3, 258.9), (436.3, 273.9), (436.3, 288.8), (436.3, 288.8), (436.3, 288.8), (436.3, 288.8), (436.3, 281.3), (436.3, 288.8), (436.3, 288.8), (436.3, 288.8), (436.3, 288.8), (436.3, 288.8), (436.3, 288.8), (436.3, 300.0), (436.3, 311.2), (434.4, 318.7), (434.4, 318.7), (434.4, 318.7), (434.4, 318.7), (434.4, 318.7), (434.4, 318.7), (434.4, 318.7), (434.4, 318.7), (434.4, 318.7), (434.4, 318.7), (434.4, 318.7), (434.4, 318.7), (434.4, 318.7), (434.4, 318.7), (434.4, 318.7), (434.4, 318.7), (434.4, 318.7), (434.4, 318.7), (434.4, 318.7), (434.4, 318.7), (428.8, 328.0)]",0,0,12.0
experienced,bomberman,4,Success,1,0,41.47,1.0,"[(48.0, 48.0), (62.9, 51.7), (77.9, 44.3), (92.8, 44.3), (107.7, 44.3), (122.7, 44.3), (137.6, 44.3), (152.5, 44.3), (167.5, 44.3), (182.4, 44.3), (197.3, 44.3), (212.3, 44.3), (227.2, 44.3), (242.1, 44.3), (257.1, 44.3), (272.0, 44.3), (286.9, 44.3), (301.9, 44.3), (316.8, 44.3), (331.7, 44.3), (346.7, 44.3), (361.6, 44.3), (376.5, 44.3), (391.5, 44.3), (406.4, 44.3), (421.3, 48.0), (436.3, 61.1), (436.3, 76.0), (436.3, 90.9), (436.3, 105.9), (436.3, 120.8), (436.3, 135.7), (436.3, 150.7), (436.3, 165.6), (436.3, 180.5), (436.3, 195.5), (436.3, 210.4), (436.3, 225.3), (436.3, 240.3), (436.3, 255.2), (436.3, 270.1), (436.3, 285.1), (436.3, 300.0), (436.3, 303.7), (436.3, 303.7), (436.3, 303.7), (436.3, 303.7), (436.3, 303.7), (436.3, 303.7), (436.3, 303.7), (436.3, 303.7), (436.3, 303.7), (436.3, 303.7), (436.3, 303.7), (436.3, 303.7), (436.3, 303.7), (436.3, 303.7), (436.3, 303.7), (436.3, 303.7), (436.3, 303.7), (436.3, 303.7), (436.3, 288.8), (436.3, 288.8), (436.3, 292.5), (436.3, 303.7), (436.3, 311.2), (436.3, 326.1), (436.3, 326.1), (434.4, 337.3)]",0,0,9.18
experienced,bomberman,4,Success,1,0,38.14,1.0,"[(48.0, 48.0), (62.9, 51.7), (77.9, 44.3), (92.8, 44.3), (107.7, 44.3), (122.7, 44.3), (137.6, 44.3), (152.5, 44.3), (167.5, 44.3), (182.4, 44.3), (197.3, 44.3), (212.3, 44.3), (227.2, 44.3), (242.1, 44.3), (257.1, 44.3), (272.0, 44.3), (286.9, 44.3), (301.9, 44.3), (316.8, 44.3), (331.7, 44.3), (346.7, 44.3), (361.6, 44.3), (376.5, 44.3), (391.5, 44.3), (406.4, 44.3), (421.3, 48.0), (436.3, 61.1), (436.3, 76.0), (436.3, 90.9), (436.3, 105.9), (436.3, 120.8), (436.3, 135.7), (436.3, 150.7), (436.3, 165.6), (436.3, 180.5), (436.3, 195.5), (436.3, 210.4), (436.3, 225.3), (436.3, 240.3), (436.3, 255.2), (436.3, 270.1), (436.3, 285.1), (436.3, 296.3), (436.3, 296.3), (436.3, 296.3), (436.3, 296.3), (436.3, 296.3), (436.3, 296.3), (436.3, 296.3), (436.3, 296.3), (436.3, 296.3), (436.3, 296.3), (436.3, 296.3), (436.3, 296.3), (436.3, 296.3), (436.3, 296.3), (436.3, 296.3), (436.3, 296.3), (436.3, 296.3), (436.3, 296.3), (436.3, 296.3), (436.3, 281.3), (436.3, 288.8), (436.3, 288.8), (436.3, 288.8), (436.3, 288.8), (436.3, 288.8), (436.3, 288.8), (436.3, 296.3), (436.3, 303.7), (436.3, 311.2), (434.4, 322.4), (428.8, 326.1), (428.8, 324.3), (428.8, 333.6)]",0,0,9.98
experienced,bomberman,4,Success,1,0,39.75,1.0,"[(48.0, 48.0), (62.9, 51.7), (77.9, 44.3), (92.8, 44.3), (107.7, 44.3), (122.7, 44.3), (137.6, 44.3), (152.5, 44.3), (167.5, 44.3), (182.4, 44.3), (197.3, 44.3), (212.3, 44.3), (227.2, 44.3), (242.1, 44.3), (257.1, 44.3), (272.0, 44.3), (286.9, 44.3), (301.9, 44.3), (316.8, 44.3), (331.7, 44.3), (346.7, 44.3), (361.6, 44.3), (376.5, 44.3), (391.5, 44.3), (406.4, 44.3), (421.3, 44.3), (436.3, 44.3), (436.3, 44.3), (436.3, 44.3), (436.3, 44.3), (436.3, 44.3), (436.3, 46.1), (436.3, 46.1), (436.3, 46.1), (436.3, 46.1), (436.3, 53.6), (436.3, 68.5), (436.3, 83.5), (436.3, 98.4), (436.3, 113.3), (436.3, 128.3), (436.3, 143.2), (436.3, 158.1), (436.3, 173.1), (436.3, 188.0), (436.3, 202.9), (436.3, 217.9), (436.3, 232.8), (436.3, 247.7), (436.3, 262.7), (436.3, 277.6), (436.3, 288.8), (436.3, 288.8), (436.3, 288.8), (436.3, 288.8), (436.3, 288.8), (436.3, 288.8), (436.3, 288.8), (436.3, 288.8), (436.3, 288.8), (436.3, 288.8), (436.3, 281.3), (436.3, 281.3), (436.3, 288.8), (436.3, 288.8), (436.3, 288.8), (436.3, 288.8), (436.3, 292.5), (436.3, 303.7), (436.3, 311.2), (436.3, 322.4), (436.3, 326.1), (436.3, 333.6), (436.3, 348.5)]",0,0,9.77
experienced,bomberman,4,Success,1,0,36.92,1.0,"[(48.0, 48.0), (62.9, 51.7), (77.9, 44.3), (92.8, 44.3), (107.7, 44.3), (122.7, 44.3), (137.6, 44.3), (152.5, 44.3), (167.5, 44.3), (182.4, 44.3), (197.3, 44.3), (212.3, 44.3), (227.2, 44.3), (242.1, 44.3), (257.1, 44.3), (272.0, 44.3), (286.9, 44.3), (301.9, 44.3), (316.8, 44.3), (331.7, 44.3), (346.7, 44.3), (361.6, 44.3), (376.5, 44.3), (391.5, 44.3), (406.4, 44.3), (421.3, 44.3), (436.3, 44.3), (436.3, 44.3), (436.3, 44.3), (436.3, 44.3), (436.3, 44.3), (436.3, 46.1), (436.3, 46.1), (436.3, 46.1), (436.3, 46.1), (436.3, 46.1), (436.3, 46.1), (436.3, 46.1), (436.3, 46.1), (436.3, 46.1), (436.3, 51.7), (436.3, 66.7), (436.3, 81.6), (436.3, 96.5), (436.3, 111.5), (436.3, 126.4), (436.3, 141.3), (436.3, 156.3), (436.3, 171.2), (436.3, 186.1), (436.3, 201.1), (436.3, 216.0), (436.3, 230.9), (436.3, 245.9), (436.3, 260.8), (436.3, 275.7), (436.3, 286.9), (436.3, 286.9), (436.3, 286.9), (436.3, 286.9), (436.3, 286.9), (436.3, 279.5), (436.3, 279.5), (436.3, 286.9), (436.3, 286.9), (436.3, 286.9), (436.3, 286.9), (436.3, 286.9), (436.3, 286.9), (436.3, 286.9), (436.3, 286.9), (436.3, 286.9), (436.3, 286.9), (436.3, 286.9), (436.3, 294.4), (436.3, 294.4), (436.3, 309.3), (436.3, 324.3), (436.3, 339.2)]",0,0,10.52
experienced,bomberman,4,Success,1,0,38.21,1.0,"[(48.0, 48.0), (62.9, 51.7), (77.9, 44.3), (92.8, 44.3), (107.7, 44.3), (122.7, 44.3), (137.6, 44.3), (152.5, 44.3), (167.5, 44.3), (182.4, 44.3), (197.3, 44.3), (212.3, 44.3), (227.2, 44.3), (242.1, 44.3), (257.1, 44.3), (272.0, 44.3), (286.9, 44.3), (301.9, 44.3), (316.8, 44.3), (331.7, 44.3), (346.7, 44.3), (361.6, 44.3), (376.5, 44.3), (391.5, 44.3), (406.4, 44.3), (421.3, 44.3), (436.3, 44.3), (436.3, 44.3), (436.3, 44.3), (436.3, 44.3), (436.3, 44.3), (436.3, 46.1), (436.3, 46.1), (436.3, 46.1), (436.3, 46.1), (436.3, 46.1), (436.3, 53.6), (436.3, 68.5), (436.3, 83.5), (436.3, 98.4), (436.3, 113.3), (436.3, 128.3), (436.3, 143.2), (436.3, 158.1), (436.3, 173.1), (436.3, 188.0), (436.3, 202.9), (436.3, 217.9), (436.3, 232.8), (436.3, 247.7), (436.3, 262.7), (436.3, 277.6), (436.3, 288.8), (436.3, 288.8), (436.3, 288.8), (436.3, 288.8), (436.3, 288.8), (436.3, 288.8), (436.3, 288.8), (436.3, 288.8), (436.3, 288.8), (436.3, 288.8), (436.3, 288.8), (436.3, 288.8), (436.3, 288.8), (436.3, 288.8), (436.3, 300.0), (436.3, 311.2), (434.4, 318.7), (434.4, 318.7), (434.4, 318.7), (428.8, 324.3), (428.8, 328.0), (428.8, 326.1), (428.8, 335.5)]",0,0,9.97
experienced,bomberman,4,Success,1,0,41.92,1.0,"[(48.0, 48.0), (62.9, 51.7), (77.9, 44.3), (92.8, 44.3), (107.7, 44.3), (122.7, 44.3), (137.6, 44.3), (152.5, 44.3), (167.5, 44.3), (182.4, 44.3), (197.3, 44.3), (212.3, 44.3), (227.2, 44.3), (242.1, 44.3), (257.1, 44.3), (272.0, 44.3), (286.9, 44.3), (301.9, 44.3), (316.8, 44.3), (331.7, 44.3), (346.7, 44.3), (361.6, 44.3), (376.5, 44.3), (391.5, 44.3), (406.4, 44.3), (421.3, 44.3), (436.3, 44.3), (436.3, 44.3), (436.3, 44.3), (436.3, 44.3), (436.3, 44.3), (436.3, 49.9), (436.3, 64.8), (436.3, 79.7), (436.3, 94.7), (436.3, 109.6), (436.3, 124.5), (436.3, 139.5), (436.3, 154.4), (436.3, 169.3), (436.3, 184.3), (436.3, 199.2), (436.3, 214.1), (436.3, 229.1), (436.3, 244.0), (436.3, 258.9), (436.3, 273.9), (436.3, 288.8), (436.3, 288.8), (436.3, 288.8), (436.3, 288.8), (436.3, 288.8), (436.3, 288.8), (436.3, 288.8), (436.3, 288.8), (436.3, 288.8), (436.3, 288.8), (436.3, 288.8), (436.3, 288.8), (436.3, 288.8), (436.3, 288.8), (436.3, 288.8), (436.3, 288.8), (436.3, 288.8), (436.3, 300.0), (436.3, 311.2), (436.3, 326.1), (432.5, 333.6), (428.8, 348.5)]",0,0,9.08
experienced,bomberman,4,Bomb,1,0,31.19,0.909,"[(48.0, 48.0), (62.9, 51.7), (77.9, 44.3), (92.8, 44.3), (107.7, 44.3), (122.7, 44.3), (137.6, 44.3), (152.5, 44.3), (167.5, 44.3), (182.4, 44.3), (197.3, 44.3), (212.3, 44.3), (227.2, 44.3), (242.1, 44.3), (257.1, 44.3), (272.0, 44.3), (286.9, 44.3), (301.9, 44.3), (316.8, 44.3), (331.7, 44.3), (346.7, 44.3), (361.6, 44.3), (376.5, 44.3), (391.5, 44.3), (406.4, 44.3), (421.3, 44.3), (436.3, 44.3), (436.3, 44.3), (436.3, 44.3), (436.3, 44.3), (436.3, 44.3), (436.3, 44.3), (436.3, 44.3), (436.3, 44.3), (436.3, 44.3), (436.3, 44.3), (436.3, 44.3), (436.3, 44.3), (436.3, 44.3), (436.3, 53.6), (436.3, 68.5), (436.3, 83.5), (436.3, 98.4), (436.3, 113.3), (436.3, 128.3), (436.3, 143.2), (436.3, 158.1), (436.3, 173.1), (436.3, 188.0), (436.3, 202.9), (436.3, 217.9), (436.3, 232.8), (436.3, 247.7), (436.3, 262.7), (436.3, 277.6), (436.3, 288.8), (436.3, 288.8), (436.3, 288.8), (436.3, 288.8), (436.3, 288.8), (436.3, 288.8), (436.3, 273.9), (436.3, 258.9), (436.3, 244.0), (436.3, 229.1), (436.3, 214.1), (436.3, 206.7), (436.3, 206.7), (436.3, 206.7), (436.3, 206.7), (436.3, 206.7), (436.3, 206.7), (436.3, 206.7), (436.3, 206.7), (436.3, 206.7), (436.3, 206.7), (436.3, 206.7), (436.3, 206.7), (436.3, 206.7), (436.3, 206.7), (436.3, 206.7), (436.3, 206.7), (436.3, 206.7), (436.3, 206.7), (436.3, 206.7), (436.3, 206.7), (436.3, 206.7), (436.3, 206.7), (436.3, 206.7), (436.3, 206.7), (436.3, 206.7), (436.3, 221.6), (436.3, 236.5), (436.3, 251.5)]",0,0,12.45
experienced,bomberman,4,Bomb,1,0,4.67,0.0,"[(48.0, 48.0), (51.7, 62.9), (51.7, 77.9), (51.7, 98.4), (55.5, 113.3), (64.8, 109.6), (64.8, 111.5), (62.9, 109.6), (64.8, 109.6), (64.8, 111.5), (62.9, 109.6), (64.8, 109.6), (64.8, 111.5), (62.9, 109.6), (64.8, 109.6), (64.8, 111.5), (62.9, 109.6), (64.8, 109.6), (64.8, 111.5), (62.9, 109.6), (64.8, 109.6), (64.8, 111.5), (62.9, 109.6), (64.8, 109.6), (64.8, 111.5), (62.9, 109.6), (64.8, 109.6), (64.8, 111.5), (62.9, 109.6), (64.8, 109.6), (64.8, 111.5), (64.8, 109.6), (64.8, 111.5), (62.9, 109.6), (62.9, 109.6), (62.9, 109.6), (62.9, 113.3), (62.9, 115.2), (62.9, 115.2), (48.0, 120.8), (51.7, 135.7), (51.7, 152.5), (51.7, 173.1), (66.7, 178.7), (81.6, 173.1), (102.1, 173.1), (115.2, 163.7), (115.2, 152.5), (115.2, 152.5), (115.2, 152.5), (115.2, 152.5), (115.2, 152.5), (115.2, 152.5), (115.2, 152.5), (115.2, 152.5), (115.2, 152.5), (115.2, 152.5), (115.2, 152.5), (115.2, 152.5), (115.2, 145.1), (115.2, 145.1), (113.3, 137.6), (109.6, 143.2), (109.6, 143.2), (109.6, 160.0), (111.5, 161.9), (111.5, 161.9), (111.5, 161.9), (111.5, 161.9), (109.6, 160.0), (109.6, 161.9), (109.6, 163.7), (109.6, 160.0), (109.6, 161.9), (109.6, 163.7), (109.6, 160.0), (109.6, 161.9), (109.6, 163.7), (109.6, 160.0), (109.6, 161.9), (109.6, 163.7), (109.6, 160.0), (109.6, 161.9), (109.6, 163.7), (109.6, 160.0), (109.6, 161.9), (109.6, 163.7), (109.6, 160.0), (109.6, 161.9), (109.6, 163.7), (109.6, 160.0)]",0,1,12.0
experienced,bomberman,4,Bomb,1,0,4.67,0.0,"[(48.0, 48.0), (51.7, 62.9), (51.7, 77.9), (51.7, 98.4), (55.5, 113.3), (62.9, 113.3), (62.9, 113.3), (62.9, 113.3), (62.9, 113.3), (62.9, 113.3), (62.9, 113.3), (62.9, 113.3), (62.9, 113.3), (62.9, 113.3), (62.9, 113.3), (62.9, 113.3), (62.9, 113.3), (62.9, 113.3), (62.9, 113.3), (62.9, 113.3), (62.9, 113.3), (62.9, 113.3), (62.9, 113.3), (62.9, 113.3), (62.9, 113.3), (62.9, 113.3), (62.9, 113.3), (62.9, 113.3), (62.9, 113.3), (62.9, 113.3), (62.9, 113.3), (51.7, 117.1), (48.0, 132.0), (51.7, 146.9), (51.7, 169.3), (62.9, 180.5), (77.9, 173.1), (98.4, 173.1), (113.3, 167.5), (115.2, 160.0), (115.2, 160.0), (115.2, 160.0), (115.2, 160.0), (115.2, 160.0), (115.2, 160.0), (115.2, 160.0), (115.2, 160.0), (115.2, 160.0), (115.2, 160.0), (115.2, 160.0), (115.2, 160.0), (115.2, 160.0), (115.2, 160.0), (115.2, 160.0), (115.2, 160.0), (115.2, 160.0), (115.2, 160.0), (115.2, 160.0), (115.2, 160.0), (115.2, 160.0), (115.2, 160.0), (115.2, 160.0), (115.2, 160.0), (115.2, 160.0), (115.2, 160.0), (109.6, 163.7), (109.6, 160.0), (109.6, 161.9), (109.6, 163.7), (109.6, 160.0), (109.6, 161.9), (109.6, 163.7), (109.6, 160.0), (109.6, 161.9), (109.6, 163.7), (109.6, 160.0), (109.6, 161.9), (109.6, 163.7), (109.6, 160.0), (109.6, 161.9), (109.6, 163.7), (109.6, 160.0), (109.6, 161.9), (109.6, 163.7), (109.6, 160.0), (109.6, 161.9), (109.6, 163.7), (109.6, 160.0), (109.6, 161.9), (109.6, 163.7), (109.6, 160.0)]",0,1,12.0
experienced,bomberman,4,Bomb,1,0,1.98,0.0,"[(48.0, 48.0), (51.7, 62.9), (51.7, 77.9), (51.7, 98.4), (55.5, 113.3), (64.8, 109.6), (64.8, 111.5), (62.9, 109.6), (64.8, 109.6), (64.8, 111.5), (62.9, 109.6), (64.8, 109.6), (64.8, 111.5), (62.9, 109.6), (64.8, 109.6), (64.8, 111.5), (62.9, 109.6), (64.8, 109.6), (64.8, 111.5), (62.9, 109.6), (64.8, 109.6), (64.8, 111.5), (62.9, 109.6), (64.8, 109.6), (64.8, 111.5), (62.9, 109.6), (64.8, 109.6), (64.8, 111.5), (62.9, 109.6), (64.8, 109.6), (64.8, 111.5), (62.9, 111.5), (59.2, 115.2), (44.3, 124.5), (51.7, 139.5), (51.7, 160.0), (55.5, 176.8), (70.4, 174.9), (87.2, 173.1), (105.9, 173.1), (115.2, 160.0), (115.2, 160.0), (115.2, 160.0), (115.2, 160.0), (115.2, 160.0), (115.2, 160.0), (115.2, 160.0), (115.2, 160.0), (115.2, 160.0), (115.2, 160.0), (115.2, 160.0), (115.2, 160.0), (115.2, 160.0), (115.2, 160.0), (115.2, 160.0), (115.2, 160.0), (115.2, 160.0), (115.2, 160.0), (115.2, 160.0), (115.2, 160.0), (115.2, 160.0), (109.6, 154.4), (109.6, 150.7), (111.5, 160.0), (111.5, 160.0), (111.5, 160.0), (109.6, 161.9), (109.6, 163.7), (109.6, 160.0), (109.6, 161.9), (109.6, 163.7), (109.6, 160.0), (109.6, 161.9), (109.6, 163.7), (109.6, 160.0), (109.6, 161.9), (109.6, 163.7), (109.6, 160.0), (109.6, 161.9), (109.6, 163.7), (109.6, 167.5), (109.6, 167.5), (107.7, 174.9), (92.8, 178.7), (77.9, 173.1), (62.9, 173.1), (62.9, 173.1), (62.9, 173.1), (62.9, 173.1), (62.9, 173.1), (62.9, 173.1), (62.9, 176.8), (62.9, 176.8), (62.9, 180.5), (70.4, 174.9), (81.6, 173.1), (77.9, 176.8), (77.9, 180.5), (77.9, 180.5), (77.9, 180.5), (77.9, 180.5), (77.9, 180.5), (77.9, 180.5), (77.9, 180.5), (77.9, 180.5), (77.9, 180.5), (77.9, 180.5), (77.9, 180.5), (77.9, 180.5), (77.9, 180.5), (77.9, 180.5), (77.9, 180.5), (77.9, 180.5), (77.9, 180.5), (77.9, 180.5), (77.9, 180.5), (77.9, 180.5), (77.9, 180.5), (77.9, 180.5), (77.9, 180.5), (77.9, 180.5)]",0,1,16.0
experienced,bomberman,4,Success,1,0,41.92,1.0,"[(48.0, 48.0), (62.9, 51.7), (77.9, 44.3), (92.8, 44.3), (107.7, 44.3), (122.7, 44.3), (137.6, 44.3), (152.5, 44.3), (167.5, 44.3), (182.4, 44.3), (197.3, 44.3), (212.3, 44.3), (227.2, 44.3), (242.1, 44.3), (257.1, 44.3), (272.0, 44.3), (286.9, 44.3), (301.9, 44.3), (316.8, 44.3), (331.7, 44.3), (346.7, 44.3), (361.6, 44.3), (376.5, 44.3), (391.5, 44.3), (406.4, 44.3), (421.3, 44.3), (436.3, 44.3), (436.3, 44.3), (436.3, 44.3), (436.3, 44.3), (436.3, 44.3), (436.3, 49.9), (436.3, 64.8), (436.3, 79.7), (436.3, 94.7), (436.3, 109.6), (436.3, 124.5), (436.3, 139.5), (436.3, 154.4), (436.3, 169.3), (436.3, 184.3), (436.3, 199.2), (436.3, 214.1), (436.3, 229.1), (436.3, 244.0), (436.3, 258.9), (436.3, 273.9), (436.3, 288.8), (436.3, 288.8), (436.3, 288.8), (436.3, 288.8), (436.3, 288.8), (436.3, 288.8), (436.3, 288.8), (436.3, 288.8), (436.3, 288.8), (436.3, 288.8), (436.3, 288.8), (436.3, 288.8), (436.3, 288.8), (436.3, 288.8), (436.3, 288.8), (436.3, 288.8), (436.3, 288.8), (436.3, 300.0), (436.3, 311.2), (436.3, 326.1), (432.5, 333.6), (428.8, 348.5)]",0,0,9.08
experienced,bomberman,4,Success,1,0,38.21,1.0,"[(48.0, 48.0), (62.9, 51.7), (77.9, 44.3), (92.8, 44.3), (107.7, 44.3), (122.7, 44.3), (137.6, 44.3), (152.5, 44.3), (167.5, 44.3), (182.4, 44.3), (197.3, 44.3), (212.3, 44.3), (227.2, 44.3), (242.1, 44.3), (257.1, 44.3), (272.0, 44.3), (286.9, 44.3), (301.9, 44.3), (316.8, 44.3), (331.7, 44.3), (346.7, 44.3), (361.6, 44.3), (376.5, 44.3), (391.5, 44.3), (406.4, 44.3), (421.3, 44.3), (436.3, 44.3), (436.3, 44.3), (436.3, 44.3), (436.3, 44.3), (436.3, 44.3), (436.3, 46.1), (436.3, 46.1), (436.3, 46.1), (436.3, 46.1), (436.3, 46.1), (436.3, 53.6), (436.3, 68.5), (436.3, 83.5), (436.3, 98.4), (436.3, 113.3), (436.3, 128.3), (436.3, 143.2), (436.3, 158.1), (436.3, 173.1), (436.3, 188.0), (436.3, 202.9), (436.3, 217.9), (436.3, 232.8), (436.3, 247.7), (436.3, 262.7), (436.3, 277.6), (436.3, 288.8), (436.3, 288.8), (436.3, 288.8), (436.3, 288.8), (436.3, 288.8), (436.3, 288.8), (436.3, 288.8), (436.3, 288.8), (436.3, 288.8), (436.3, 288.8), (436.3, 288.8), (436.3, 288.8), (436.3, 288.8), (436.3, 288.8), (436.3, 300.0), (436.3, 311.2), (434.4, 318.7), (434.4, 318.7), (434.4, 318.7), (428.8, 324.3), (428.8, 328.0), (428.8, 326.1), (428.8, 335.5)]",0,0,9.97
experienced,bomberman,4,Success,1,0,36.92,1.0,"[(48.0, 48.0), (62.9, 51.7), (77.9, 44.3), (92.8, 44.3), (107.7, 44.3), (122.7, 44.3), (137.6, 44.3), (152.5, 44.3), (167.5, 44.3), (182.4, 44.3), (197.3, 44.3), (212.3, 44.3), (227.2, 44.3), (242.1, 44.3), (257.1, 44.3), (272.0, 44.3), (286.9, 44.3), (301.9, 44.3), (316.8, 44.3), (331.7, 44.3), (346.7, 44.3), (361.6, 44.3), (376.5, 44.3), (391.5, 44.3), (406.4, 44.3), (421.3, 44.3), (436.3, 44.3), (436.3, 44.3), (436.3, 44.3), (436.3, 44.3), (436.3, 44.3), (436.3, 46.1), (436.3, 46.1), (436.3, 46.1), (436.3, 46.1), (436.3, 46.1), (436.3, 46.1), (436.3, 46.1), (436.3, 46.1), (436.3, 46.1), (436.3, 51.7), (436.3, 66.7), (436.3, 81.6), (436.3, 96.5), (436.3, 111.5), (436.3, 126.4), (436.3, 141.3), (436.3, 156.3), (436.3, 171.2), (436.3, 186.1), (436.3, 201.1), (436.3, 216.0), (436.3, 230.9), (436.3, 245.9), (436.3, 260.8), (436.3, 275.7), (436.3, 286.9), (436.3, 286.9), (436.3, 286.9), (436.3, 286.9), (436.3, 286.9), (436.3, 279.5), (436.3, 279.5), (436.3, 286.9), (436.3, 286.9), (436.3, 286.9), (436.3, 286.9), (436.3, 286.9), (436.3, 286.9), (436.3, 286.9), (436.3, 286.9), (436.3, 286.9), (436.3, 286.9), (436.3, 286.9), (436.3, 294.4), (436.3, 294.4), (436.3, 309.3), (436.3, 324.3), (436.3, 339.2)]",0,0,10.52
experienced,bomberman,4,Success,1,0,39.75,1.0,"[(48.0, 48.0), (62.9, 51.7), (77.9, 44.3), (92.8, 44.3), (107.7, 44.3), (122.7, 44.3), (137.6, 44.3), (152.5, 44.3), (167.5, 44.3), (182.4, 44.3), (197.3, 44.3), (212.3, 44.3), (227.2, 44.3), (242.1, 44.3), (257.1, 44.3), (272.0, 44.3), (286.9, 44.3), (301.9, 44.3), (316.8, 44.3), (331.7, 44.3), (346.7, 44.3), (361.6, 44.3), (376.5, 44.3), (391.5, 44.3), (406.4, 44.3), (421.3, 44.3), (436.3, 44.3), (436.3, 44.3), (436.3, 44.3), (436.3, 44.3), (436.3, 44.3), (436.3, 46.1), (436.3, 46.1), (436.3, 46.1), (436.3, 46.1), (436.3, 53.6), (436.3, 68.5), (436.3, 83.5), (436.3, 98.4), (436.3, 113.3), (436.3, 128.3), (436.3, 143.2), (436.3, 158.1), (436.3, 173.1), (436.3, 188.0), (436.3, 202.9), (436.3, 217.9), (436.3, 232.8), (436.3, 247.7), (436.3, 262.7), (436.3, 277.6), (436.3, 288.8), (436.3, 288.8), (436.3, 288.8), (436.3, 288.8), (436.3, 288.8), (436.3, 288.8), (436.3, 288.8), (436.3, 288.8), (436.3, 288.8), (436.3, 288.8), (436.3, 281.3), (436.3, 281.3), (436.3, 288.8), (436.3, 288.8), (436.3, 288.8), (436.3, 288.8), (436.3, 292.5), (436.3, 303.7), (436.3, 311.2), (436.3, 322.4), (436.3, 326.1), (436.3, 333.6), (436.3, 348.5)]",0,0,9.77
experienced,bomberman,4,Success,1,0,38.14,1.0,"[(48.0, 48.0), (62.9, 51.7), (77.9, 44.3), (92.8, 44.3), (107.7, 44.3), (122.7, 44.3), (137.6, 44.3), (152.5, 44.3), (167.5, 44.3), (182.4, 44.3), (197.3, 44.3), (212.3, 44.3), (227.2, 44.3), (242.1, 44.3), (257.1, 44.3), (272.0, 44.3), (286.9, 44.3), (301.9, 44.3), (316.8, 44.3), (331.7, 44.3), (346.7, 44.3), (361.6, 44.3), (376.5, 44.3), (391.5, 44.3), (406.4, 44.3), (421.3, 48.0), (436.3, 61.1), (436.3, 76.0), (436.3, 90.9), (436.3, 105.9), (436.3, 120.8), (436.3, 135.7), (436.3, 150.7), (436.3, 165.6), (436.3, 180.5), (436.3, 195.5), (436.3, 210.4), (436.3, 225.3), (436.3, 240.3), (436.3, 255.2), (436.3, 270.1), (436.3, 285.1), (436.3, 296.3), (436.3, 296.3), (436.3, 296.3), (436.3, 296.3), (436.3, 296.3), (436.3, 296.3), (436.3, 296.3), (436.3, 296.3), (436.3, 296.3), (436.3, 296.3), (436.3, 296.3), (436.3, 296.3), (436.3, 296.3), (436.3, 296.3), (436.3, 296.3), (436.3, 296.3), (436.3, 296.3), (436.3, 296.3), (436.3, 296.3), (436.3, 281.3), (436.3, 288.8), (436.3, 288.8), (436.3, 288.8), (436.3, 288.8), (436.3, 288.8), (436.3, 288.8), (436.3, 296.3), (436.3, 303.7), (436.3, 311.2), (434.4, 322.4), (428.8, 326.1), (428.8, 324.3), (428.8, 333.6)]",0,0,9.98
experienced,bomberman,4,Success,1,0,41.47,1.0,"[(48.0, 48.0), (62.9, 51.7), (77.9, 44.3), (92.8, 44.3), (107.7, 44.3), (122.7, 44.3), (137.6, 44.3), (152.5, 44.3), (167.5, 44.3), (182.4, 44.3), (197.3, 44.3), (212.3, 44.3), (227.2, 44.3), (242.1, 44.3), (257.1, 44.3), (272.0, 44.3), (286.9, 44.3), (301.9, 44.3), (316.8, 44.3), (331.7, 44.3), (346.7, 44.3), (361.6, 44.3), (376.5, 44.3), (391.5, 44.3), (406.4, 44.3), (421.3, 48.0), (436.3, 61.1), (436.3, 76.0), (436.3, 90.9), (436.3, 105.9), (436.3, 120.8), (436.3, 135.7), (436.3, 150.7), (436.3, 165.6), (436.3, 180.5), (436.3, 195.5), (436.3, 210.4), (436.3, 225.3), (436.3, 240.3), (436.3, 255.2), (436.3, 270.1), (436.3, 285.1), (436.3, 300.0), (436.3, 303.7), (436.3, 303.7), (436.3, 303.7), (436.3, 303.7), (436.3, 303.7), (436.3, 303.7), (436.3, 303.7), (436.3, 303.7), (436.3, 303.7), (436.3, 303.7), (436.3, 303.7), (436.3, 303.7), (436.3, 303.7), (436.3, 303.7), (436.3, 303.7), (436.3, 303.7), (436.3, 303.7), (436.3, 303.7), (436.3, 288.8), (436.3, 288.8), (436.3, 292.5), (436.3, 303.7), (436.3, 311.2), (436.3, 326.1), (436.3, 326.1), (434.4, 337.3)]",0,0,9.18
experienced,bomberman,4,Success,1,0,37.7,1.0,"[(48.0, 48.0), (62.9, 51.7), (77.9, 44.3), (92.8, 44.3), (107.7, 44.3), (122.7, 44.3), (137.6, 44.3), (152.5, 44.3), (167.5, 44.3), (182.4, 44.3), (197.3, 44.3), (212.3, 44.3), (227.2, 44.3), (242.1, 44.3), (257.1, 44.3), (272.0, 44.3), (286.9, 44.3), (301.9, 44.3), (316.8, 44.3), (331.7, 44.3), (346.7, 44.3), (361.6, 44.3), (376.5, 44.3), (391.5, 44.3), (406.4, 44.3), (421.3, 48.0), (436.3, 61.1), (436.3, 76.0), (436.3, 90.9), (436.3, 105.9), (436.3, 120.8), (436.3, 135.7), (436.3, 150.7), (436.3, 165.6), (436.3, 180.5), (436.3, 195.5), (436.3, 210.4), (436.3, 225.3), (436.3, 240.3), (436.3, 255.2), (436.3, 270.1), (436.3, 285.1), (436.3, 296.3), (436.3, 296.3), (436.3, 296.3), (436.3, 296.3), (436.3, 296.3), (436.3, 296.3), (436.3, 296.3), (436.3, 296.3), (436.3, 296.3), (436.3, 296.3), (436.3, 296.3), (436.3, 296.3), (436.3, 296.3), (436.3, 296.3), (436.3, 296.3), (436.3, 296.3), (436.3, 296.3), (436.3, 296.3), (436.3, 296.3), (436.3, 288.8), (436.3, 288.8), (436.3, 288.8), (436.3, 288.8), (436.3, 288.8), (436.3, 288.8), (436.3, 296.3), (436.3, 303.7), (436.3, 311.2), (436.3, 314.9), (436.3, 318.7), (436.3, 326.1), (434.4, 326.1), (428.8, 326.1), (428.8, 335.5)]",0,0,10.1
experienced,bomberman,4,Bomb,1,0,-0.78,0.0,"[(48.0, 48.0), (51.7, 62.9), (51.7, 77.9), (51.7, 98.4), (55.5, 113.3), (62.9, 113.3), (62.9, 113.3), (62.9, 113.3), (62.9, 113.3), (62.9, 113.3), (62.9, 113.3), (62.9, 113.3), (62.9, 113.3), (62.9, 113.3), (62.9, 113.3), (62.9, 113.3), (62.9, 113.3), (62.9, 113.3), (62.9, 113.3), (62.9, 113.3), (62.9, 113.3), (62.9, 113.3), (62.9, 113.3), (62.9, 113.3), (62.9, 113.3), (62.9, 113.3), (62.9, 113.3), (62.9, 113.3), (55.5, 115.2), (44.3, 128.3), (51.7, 143.2), (51.7, 165.6), (59.2, 180.5), (74.1, 173.1), (94.7, 173.1), (94.7, 173.1), (94.7, 173.1), (94.7, 173.1), (94.7, 173.1), (94.7, 173.1), (94.7, 173.1), (94.7, 173.1), (94.7, 173.1), (94.7, 173.1), (94.7, 173.1), (94.7, 173.1), (94.7, 173.1), (94.7, 173.1), (94.7, 173.1), (94.7, 173.1), (94.7, 173.1), (94.7, 173.1), (94.7, 173.1), (94.7, 173.1), (94.7, 173.1), (94.7, 173.1), (94.7, 173.1), (94.7, 173.1), (94.7, 173.1), (94.7, 173.1), (94.7, 173.1), (94.7, 176.8), (94.7, 176.8), (94.7, 176.8), (90.9, 173.1), (76.0, 176.8), (61.1, 176.8), (46.1, 188.0), (44.3, 202.9), (44.3, 206.7), (44.3, 206.7), (44.3, 206.7), (44.3, 206.7), (44.3, 206.7), (44.3, 202.9), (44.3, 199.2), (44.3, 199.2), (44.3, 199.2), (44.3, 199.2), (44.3, 199.2), (44.3, 199.2), (44.3, 199.2), (44.3, 199.2), (44.3, 199.2), (44.3, 199.2), (44.3, 191.7), (44.3, 191.7), (44.3, 191.7), (44.3, 191.7), (44.3, 191.7), (44.3, 191.7)]",0,0,12.0
experienced,bomberman,4,Bomb,1,0,31.19,0.909,"[(48.0, 48.0), (62.9, 51.7), (77.9, 44.3), (92.8, 44.3), (107.7, 44.3), (122.7, 44.3), (137.6, 44.3), (152.5, 44.3), (167.5, 44.3), (182.4, 44.3), (197.3, 44.3), (212.3, 44.3), (227.2, 44.3), (242.1, 44.3), (257.1, 44.3), (272.0, 44.3), (286.9, 44.3), (301.9, 44.3), (316.8, 44.3), (331.7, 44.3), (346.7, 44.3), (361.6, 44.3), (376.5, 44.3), (391.5, 44.3), (406.4, 44.3), (421.3, 48.0), (436.3, 61.1), (436.3, 76.0), (436.3, 90.9), (436.3, 105.9), (436.3, 120.8), (436.3, 135.7), (436.3, 150.7), (436.3, 165.6), (436.3, 180.5), (436.3, 195.5), (436.3, 210.4), (436.3, 225.3), (436.3, 240.3), (436.3, 255.2), (436.3, 270.1), (436.3, 285.1), (436.3, 288.8), (436.3, 288.8), (436.3, 288.8), (436.3, 288.8), (436.3, 288.8), (436.3, 288.8), (436.3, 288.8), (436.3, 288.8), (436.3, 288.8), (436.3, 288.8), (436.3, 288.8), (436.3, 288.8), (436.3, 288.8), (436.3, 288.8), (436.3, 288.8), (436.3, 288.8), (436.3, 288.8), (436.3, 288.8), (436.3, 288.8), (436.3, 273.9), (436.3, 258.9), (436.3, 244.0), (436.3, 229.1), (436.3, 214.1), (436.3, 206.7), (436.3, 206.7), (436.3, 206.7), (436.3, 206.7), (436.3, 206.7), (436.3, 206.7), (436.3, 206.7), (436.3, 206.7), (436.3, 206.7), (436.3, 206.7), (436.3, 206.7), (436.3, 206.7), (436.3, 206.7), (436.3, 206.7), (436.3, 206.7), (436.3, 206.7), (436.3, 206.7), (436.3, 206.7), (436.3, 206.7), (436.3, 206.7), (436.3, 206.7), (436.3, 206.7), (436.3, 206.7), (436.3, 206.7), (436.3, 206.7), (436.3, 221.6), (436.3, 236.5), (436.3, 251.5)]",0,0,12.45
experienced,bomberman,4,Bomb,1,0,31.35,0.909,"[(48.0, 48.0), (62.9, 51.7), (77.9, 44.3), (92.8, 44.3), (107.7, 44.3), (122.7, 44.3), (137.6, 44.3), (152.5, 44.3), (167.5, 44.3), (182.4, 44.3), (197.3, 44.3), (212.3, 44.3), (227.2, 44.3), (242.1, 44.3), (257.1, 44.3), (272.0, 44.3), (286.9, 44.3), (301.9, 44.3), (316.8, 44.3), (331.7, 44.3), (346.7, 44.3), (361.6, 44.3), (376.5, 44.3), (391.5, 44.3), (406.4, 44.3), (421.3, 48.0), (436.3, 61.1), (436.3, 76.0), (436.3, 90.9), (436.3, 105.9), (436.3, 120.8), (436.3, 135.7), (436.3, 150.7), (436.3, 165.6), (436.3, 180.5), (436.3, 195.5), (436.3, 210.4), (436.3, 225.3), (436.3, 240.3), (436.3, 255.2), (436.3, 270.1), (436.3, 285.1), (436.3, 288.8), (436.3, 288.8), (436.3, 288.8), (436.3, 288.8), (436.3, 288.8), (436.3, 288.8), (436.3, 288.8), (436.3, 288.8), (436.3, 288.8), (436.3, 288.8), (436.3, 288.8), (436.3, 288.8), (436.3, 288.8), (436.3, 288.8), (436.3, 288.8), (436.3, 288.8), (436.3, 288.8), (436.3, 288.8), (436.3, 288.8), (436.3, 273.9), (436.3, 258.9), (436.3, 244.0), (436.3, 229.1), (436.3, 214.1), (436.3, 214.1), (436.3, 214.1), (436.3, 214.1), (436.3, 214.1), (436.3, 214.1), (436.3, 214.1), (436.3, 214.1), (436.3, 214.1), (436.3, 214.1), (436.3, 214.1), (436.3, 214.1), (436.3, 214.1), (436.3, 214.1), (436.3, 214.1), (436.3, 214.1), (436.3, 214.1), (436.3, 214.1), (436.3, 214.1), (436.3, 214.1), (436.3, 214.1), (436.3, 214.1), (436.3, 214.1), (436.3, 214.1), (436.3, 214.1), (436.3, 214.1), (436.3, 229.1), (436.3, 244.0)]",0,0,12.38
experienced,bomberman,4,Success,1,0,37.7,1.0,"[(48.0, 48.0), (62.9, 51.7), (77.9, 44.3), (92.8, 44.3), (107.7, 44.3), (122.7, 44.3), (137.6, 44.3), (152.5, 44.3), (167.5, 44.3), (182.4, 44.3), (197.3, 44.3), (212.3, 44.3), (227.2, 44.3), (242.1, 44.3), (257.1, 44.3), (272.0, 44.3), (286.9, 44.3), (301.9, 44.3), (316.8, 44.3), (331.7, 44.3), (346.7, 44.3), (361.6, 44.3), (376.5, 44.3), (391.5, 44.3), (406.4, 44.3), (421.3, 48.0), (436.3, 61.1), (436.3, 76.0), (436.3, 90.9), (436.3, 105.9), (436.3, 120.8), (436.3, 135.7), (436.3, 150.7), (436.3, 165.6), (436.3, 180.5), (436.3, 195.5), (436.3, 210.4), (436.3, 225.3), (436.3, 240.3), (436.3, 255.2), (436.3, 270.1), (436.3, 285.1), (436.3, 296.3), (436.3, 296.3), (436.3, 296.3), (436.3, 296.3), (436.3, 296.3), (436.3, 296.3), (436.3, 296.3), (436.3, 296.3), (436.3, 296.3), (436.3, 296.3), (436.3, 296.3), (436.3, 296.3), (436.3, 296.3), (436.3, 296.3), (436.3, 296.3), (436.3, 296.3), (436.3, 296.3), (436.3, 296.3), (436.3, 296.3), (436.3, 288.8), (436.3, 288.8), (436.3, 288.8), (436.3, 288.8), (436.3, 288.8), (436.3, 288.8), (436.3, 296.3), (436.3, 303.7), (436.3, 311.2), (436.3, 314.9), (436.3, 318.7), (436.3, 326.1), (434.4, 326.1), (428.8, 326.1), (428.8, 335.5)]",0,0,10.1
experienced,bomberman,4,Success,1,0,41.47,1.0,"[(48.0, 48.0), (62.9, 51.7), (77.9, 44.3), (92.8, 44.3), (107.7, 44.3), (122.7, 44.3), (137.6, 44.3), (152.5, 44.3), (167.5, 44.3), (182.4, 44.3), (197.3, 44.3), (212.3, 44.3), (227.2, 44.3), (242.1, 44.3), (257.1, 44.3), (272.0, 44.3), (286.9, 44.3), (301.9, 44.3), (316.8, 44.3), (331.7, 44.3), (346.7, 44.3), (361.6, 44.3), (376.5, 44.3), (391.5, 44.3), (406.4, 44.3), (421.3, 48.0), (436.3, 61.1), (436.3, 76.0), (436.3, 90.9), (436.3, 105.9), (436.3, 120.8), (436.3, 135.7), (436.3, 150.7), (436.3, 165.6), (436.3, 180.5), (436.3, 195.5), (436.3, 210.4), (436.3, 225.3), (436.3, 240.3), (436.3, 255.2), (436.3, 270.1), (436.3, 285.1), (436.3, 300.0), (436.3, 303.7), (436.3, 303.7), (436.3, 303.7), (436.3, 303.7), (436.3, 303.7), (436.3, 303.7), (436.3, 303.7), (436.3, 303.7), (436.3, 303.7), (436.3, 303.7), (436.3, 303.7), (436.3, 303.7), (436.3, 303.7), (436.3, 303.7), (436.3, 303.7), (436.3, 303.7), (436.3, 303.7), (436.3, 303.7), (436.3, 288.8), (436.3, 288.8), (436.3, 292.5), (436.3, 303.7), (436.3, 311.2), (436.3, 326.1), (436.3, 326.1), (434.4, 337.3)]",0,0,9.18
experienced,bomberman,4,Success,1,0,38.14,1.0,"[(48.0, 48.0), (62.9, 51.7), (77.9, 44.3), (92.8, 44.3), (107.7, 44.3), (122.7, 44.3), (137.6, 44.3), (152.5, 44.3), (167.5, 44.3), (182.4, 44.3), (197.3, 44.3), (212.3, 44.3), (227.2, 44.3), (242.1, 44.3), (257.1, 44.3), (272.0, 44.3), (286.9, 44.3), (301.9, 44.3), (316.8, 44.3), (331.7, 44.3), (346.7, 44.3), (361.6, 44.3), (376.5, 44.3), (391.5, 44.3), (406.4, 44.3), (421.3, 48.0), (436.3, 61.1), (436.3, 76.0), (436.3, 90.9), (436.3, 105.9), (436.3, 120.8), (436.3, 135.7), (436.3, 150.7), (436.3, 165.6), (436.3, 180.5), (436.3, 195.5), (436.3, 210.4), (436.3, 225.3), (436.3, 240.3), (436.3, 255.2), (436.3, 270.1), (436.3, 285.1), (436.3, 296.3), (436.3, 296.3), (436.3, 296.3), (436.3, 296.3), (436.3, 296.3), (436.3, 296.3), (436.3, 296.3), (436.3, 296.3), (436.3, 296.3), (436.3, 296.3), (436.3, 296.3), (436.3, 296.3), (436.3, 296.3), (436.3, 296.3), (436.3, 296.3), (436.3, 296.3), (436.3, 296.3), (436.3, 296.3), (436.3, 296.3), (436.3, 281.3), (436.3, 288.8), (436.3, 288.8), (436.3, 288.8), (436.3, 288.8), (436.3, 288.8), (436.3, 288.8), (436.3, 296.3), (436.3, 303.7), (436.3, 311.2), (434.4, 322.4), (428.8, 326.1), (428.8, 324.3), (428.8, 333.6)]",0,0,9.98
experienced,bomberman,4,Success,1,0,39.75,1.0,"[(48.0, 48.0), (62.9, 51.7), (77.9, 44.3), (92.8, 44.3), (107.7, 44.3), (122.7, 44.3), (137.6, 44.3), (152.5, 44.3), (167.5, 44.3), (182.4, 44.3), (197.3, 44.3), (212.3, 44.3), (227.2, 44.3), (242.1, 44.3), (257.1, 44.3), (272.0, 44.3), (286.9, 44.3), (301.9, 44.3), (316.8, 44.3), (331.7, 44.3), (346.7, 44.3), (361.6, 44.3), (376.5, 44.3), (391.5, 44.3), (406.4, 44.3), (421.3, 44.3), (436.3, 44.3), (436.3, 44.3), (436.3, 44.3), (436.3, 44.3), (436.3, 44.3), (436.3, 46.1), (436.3, 46.1), (436.3, 46.1), (436.3, 46.1), (436.3, 53.6), (436.3, 68.5), (436.3, 83.5), (436.3, 98.4), (436.3, 113.3), (436.3, 128.3), (436.3, 143.2), (436.3, 158.1), (436.3, 173.1), (436.3, 188.0), (436.3, 202.9), (436.3, 217.9), (436.3, 232.8), (436.3, 247.7), (436.3, 262.7), (436.3, 277.6), (436.3, 288.8), (436.3, 288.8), (436.3, 288.8), (436.3, 288.8), (436.3, 288.8), (436.3, 288.8), (436.3, 288.8), (436.3, 288.8), (436.3, 288.8), (436.3, 288.8), (436.3, 281.3), (436.3, 281.3), (436.3, 288.8), (436.3, 288.8), (436.3, 288.8), (436.3, 288.8), (436.3, 292.5), (436.3, 303.7), (436.3, 311.2), (436.3, 322.4), (436.3, 326.1), (436.3, 333.6), (436.3, 348.5)]",0,0,9.77
experienced,bomberman,4,Success,1,0,36.92,1.0,"[(48.0, 48.0), (62.9, 51.7), (77.9, 44.3), (92.8, 44.3), (107.7, 44.3), (122.7, 44.3), (137.6, 44.3), (152.5, 44.3), (167.5, 44.3), (182.4, 44.3), (197.3, 44.3), (212.3, 44.3), (227.2, 44.3), (242.1, 44.3), (257.1, 44.3), (272.0, 44.3), (286.9, 44.3), (301.9, 44.3), (316.8, 44.3), (331.7, 44.3), (346.7, 44.3), (361.6, 44.3), (376.5, 44.3), (391.5, 44.3), (406.4, 44.3), (421.3, 44.3), (436.3, 44.3), (436.3, 44.3), (436.3, 44.3), (436.3, 44.3), (436.3, 44.3), (436.3, 46.1), (436.3, 46.1), (436.3, 46.1), (436.3, 46.1), (436.3, 46.1), (436.3, 46.1), (436.3, 46.1), (436.3, 46.1), (436.3, 46.1), (436.3, 51.7), (436.3, 66.7), (436.3, 81.6), (436.3, 96.5), (436.3, 111.5), (436.3, 126.4), (436.3, 141.3), (436.3, 156.3), (436.3, 171.2), (436.3, 186.1), (436.3, 201.1), (436.3, 216.0), (436.3, 230.9), (436.3, 245.9), (436.3, 260.8), (436.3, 275.7), (436.3, 286.9), (436.3, 286.9), (436.3, 286.9), (436.3, 286.9), (436.3, 286.9), (436.3, 279.5), (436.3, 279.5), (436.3, 286.9), (436.3, 286.9), (436.3, 286.9), (436.3, 286.9), (436.3, 286.9), (436.3, 286.9), (436.3, 286.9), (436.3, 286.9), (436.3, 286.9), (436.3, 286.9), (436.3, 286.9), (436.3, 294.4), (436.3, 294.4), (436.3, 309.3), (436.3, 324.3), (436.3, 339.2)]",0,0,10.52
experienced,bomberman,4,Success,1,0,38.21,1.0,"[(48.0, 48.0), (62.9, 51.7), (77.9, 44.3), (92.8, 44.3), (107.7, 44.3), (122.7, 44.3), (137.6, 44.3), (152.5, 44.3), (167.5, 44.3), (182.4, 44.3), (197.3, 44.3), (212.3, 44.3), (227.2, 44.3), (242.1, 44.3), (257.1, 44.3), (272.0, 44.3), (286.9, 44.3), (301.9, 44.3), (316.8, 44.3), (331.7, 44.3), (346.7, 44.3), (361.6, 44.3), (376.5, 44.3), (391.5, 44.3), (406.4, 44.3), (421.3, 44.3), (436.3, 44.3), (436.3, 44.3), (436.3, 44.3), (436.3, 44.3), (436.3, 44.3), (436.3, 46.1), (436.3, 46.1), (436.3, 46.1), (436.3, 46.1), (436.3, 46.1), (436.3, 53.6), (436.3, 68.5), (436.3, 83.5), (436.3, 98.4), (436.3, 113.3), (436.3, 128.3), (436.3, 143.2), (436.3, 158.1), (436.3, 173.1), (436.3, 188.0), (436.3, 202.9), (436.3, 217.9), (436.3, 232.8), (436.3, 247.7), (436.3, 262.7), (436.3, 277.6), (436.3, 288.8), (436.3, 288.8), (436.3, 288.8), (436.3, 288.8), (436.3, 288.8), (436.3, 288.8), (436.3, 288.8), (436.3, 288.8), (436.3, 288.8), (436.3, 288.8), (436.3, 288.8), (436.3, 288.8), (436.3, 288.8), (436.3, 288.8), (436.3, 300.0), (436.3, 311.2), (434.4, 318.7), (434.4, 318.7), (434.4, 318.7), (428.8, 324.3), (428.8, 328.0), (428.8, 326.1), (428.8, 335.5)]",0,0,9.97
experienced,bomberman,4,Success,1,0,38.0,1.0,"[(48.0, 48.0), (62.9, 51.7), (77.9, 44.3), (92.8, 44.3), (107.7, 44.3), (122.7, 44.3), (137.6, 44.3), (152.5, 44.3), (167.5, 44.3), (182.4, 44.3), (197.3, 44.3), (212.3, 44.3), (227.2, 44.3), (242.1, 44.3), (257.1, 44.3), (272.0, 44.3), (286.9, 44.3), (301.9, 44.3), (316.8, 44.3), (331.7, 44.3), (346.7, 44.3), (361.6, 44.3), (376.5, 44.3), (391.5, 44.3), (406.4, 44.3), (421.3, 44.3), (436.3, 44.3), (436.3, 44.3), (436.3, 44.3), (436.3, 44.3), (436.3, 44.3), (436.3, 44.3), (436.3, 44.3), (436.3, 44.3), (436.3, 44.3), (436.3, 44.3), (436.3, 44.3), (436.3, 44.3), (436.3, 44.3), (436.3, 44.3), (436.3, 44.3), (436.3, 44.3), (436.3, 48.0), (436.3, 62.9), (436.3, 77.9), (436.3, 92.8), (436.3, 107.7), (436.3, 122.7), (436.3, 137.6), (436.3, 152.5), (436.3, 167.5), (436.3, 182.4), (436.3, 197.3), (436.3, 212.3), (436.3, 227.2), (436.3, 242.1), (436.3, 257.1), (436.3, 272.0), (436.3, 286.9), (436.3, 286.9), (436.3, 286.9), (436.3, 279.5), (436.3, 286.9), (436.3, 286.9), (436.3, 286.9), (436.3, 286.9), (436.3, 286.9), (436.3, 286.9), (436.3, 286.9), (436.3, 286.9), (436.3, 286.9), (436.3, 286.9), (436.3, 294.4), (436.3, 298.1), (436.3, 313.1), (436.3, 328.0), (436.3, 342.9)]",0,0,10.22
experienced,bomberman,4,Success,1,0,22.23,1.0,"[(48.0, 48.0), (62.9, 51.7), (77.9, 44.3), (92.8, 44.3), (107.7, 44.3), (122.7, 44.3), (137.6, 44.3), (152.5, 44.3), (167.5, 44.3), (182.4, 44.3), (197.3, 44.3), (212.3, 44.3), (227.2, 44.3), (242.1, 44.3), (257.1, 44.3), (272.0, 44.3), (286.9, 44.3), (301.9, 44.3), (316.8, 44.3), (331.7, 44.3), (346.7, 44.3), (361.6, 44.3), (376.5, 44.3), (391.5, 44.3), (406.4, 44.3), (421.3, 44.3), (436.3, 44.3), (436.3, 44.3), (436.3, 44.3), (436.3, 44.3), (436.3, 44.3), (436.3, 44.3), (436.3, 44.3), (436.3, 44.3), (436.3, 44.3), (436.3, 44.3), (436.3, 51.7), (436.3, 66.7), (436.3, 81.6), (436.3, 96.5), (436.3, 111.5), (436.3, 126.4), (436.3, 141.3), (436.3, 156.3), (436.3, 171.2), (436.3, 186.1), (436.3, 201.1), (436.3, 216.0), (436.3, 230.9), (436.3, 245.9), (436.3, 260.8), (436.3, 275.7), (436.3, 286.9), (436.3, 286.9), (436.3, 286.9), (436.3, 286.9), (436.3, 286.9), (436.3, 286.9), (436.3, 286.9), (436.3, 286.9), (436.3, 286.9), (436.3, 286.9), (436.3, 286.9), (436.3, 286.9), (436.3, 286.9), (436.3, 286.9), (436.3, 286.9), (436.3, 286.9), (436.3, 286.9), (436.3, 286.9), (436.3, 286.9), (436.3, 286.9), (436.3, 286.9), (434.4, 294.4), (428.8, 294.4), (423.2, 305.6), (415.7, 307.5), (415.7, 307.5), (415.7, 307.5), (415.7, 307.5), (415.7, 307.5), (415.7, 307.5), (415.7, 307.5), (404.5, 307.5), (382.1, 307.5), (382.1, 307.5), (382.1, 307.5), (382.1, 307.5), (382.1, 307.5), (382.1, 307.5), (382.1, 307.5), (382.1, 307.5), (382.1, 307.5), (382.1, 307.5), (389.6, 307.5), (406.4, 307.5), (426.9, 307.5), (436.3, 318.7), (436.3, 318.7), (436.3, 318.7), (436.3, 318.7), (436.3, 318.7), (436.3, 318.7), (436.3, 318.7), (436.3, 318.7), (436.3, 318.7), (436.3, 318.7), (436.3, 318.7), (436.3, 318.7), (436.3, 318.7), (436.3, 318.7), (436.3, 318.7), (436.3, 318.7), (436.3, 318.7), (436.3, 318.7), (436.3, 318.7), (436.3, 318.7), (436.3, 318.7), (436.3, 318.7), (436.3, 318.7), (436.3, 318.7), (436.3, 318.7), (436.3, 318.7), (436.3, 318.7), (436.3, 314.9), (436.3, 303.7), (436.3, 314.9), (428.8, 324.3), (430.7, 339.2)]",0,1,17.13
experienced,bomberman,4,Bomb,1,0,31.19,0.909,"[(48.0, 48.0), (62.9, 51.7), (77.9, 44.3), (92.8, 44.3), (107.7, 44.3), (122.7, 44.3), (137.6, 44.3), (152.5, 44.3), (167.5, 44.3), (182.4, 44.3), (197.3, 44.3), (212.3, 44.3), (227.2, 44.3), (242.1, 44.3), (257.1, 44.3), (272.0, 44.3), (286.9, 44.3), (301.9, 44.3), (316.8, 44.3), (331.7, 44.3), (346.7, 44.3), (361.6, 44.3), (376.5, 44.3), (391.5, 44.3), (406.4, 44.3), (421.3, 48.0), (436.3, 61.1), (436.3, 76.0), (436.3, 90.9), (436.3, 105.9), (436.3, 120.8), (436.3, 135.7), (436.3, 150.7), (436.3, 165.6), (436.3, 180.5), (436.3, 195.5), (436.3, 210.4), (436.3, 225.3), (436.3, 240.3), (436.3, 255.2), (436.3, 270.1), (436.3, 285.1), (436.3, 288.8), (436.3, 288.8), (436.3, 288.8), (436.3, 288.8), (436.3, 288.8), (436.3, 288.8), (436.3, 288.8), (436.3, 288.8), (436.3, 288.8), (436.3, 288.8), (436.3, 288.8), (436.3, 288.8), (436.3, 288.8), (436.3, 288.8), (436.3, 288.8), (436.3, 288.8), (436.3, 288.8), (436.3, 288.8), (436.3, 288.8), (436.3, 273.9), (436.3, 258.9), (436.3, 244.0), (436.3, 229.1), (436.3, 214.1), (436.3, 206.7), (436.3, 206.7), (436.3, 206.7), (436.3, 206.7), (436.3, 206.7), (436.3, 206.7), (436.3, 206.7), (436.3, 206.7), (436.3, 206.7), (436.3, 206.7), (436.3, 206.7), (436.3, 206.7), (436.3, 206.7), (436.3, 206.7), (436.3, 206.7), (436.3, 206.7), (436.3, 206.7), (436.3, 206.7), (436.3, 206.7), (436.3, 206.7), (436.3, 206.7), (436.3, 206.7), (436.3, 206.7), (436.3, 206.7), (436.3, 206.7), (436.3, 221.6), (436.3, 236.5), (436.3, 251.5)]",0,0,12.45
experienced,bomberman,4,Success,1,0,42.15,1.0,"[(48.0, 48.0), (62.9, 51.7), (77.9, 44.3), (92.8, 44.3), (107.7, 44.3), (122.7, 44.3), (137.6, 44.3), (152.5, 44.3), (167.5, 44.3), (182.4, 44.3), (197.3, 44.3), (212.3, 44.3), (227.2, 44.3), (242.1, 44.3), (257.1, 44.3), (272.0, 44.3), (286.9, 44.3), (301.9, 44.3), (316.8, 44.3), (331.7, 44.3), (346.7, 44.3), (361.6, 44.3), (376.5, 44.3), (391.5, 44.3), (406.4, 44.3), (421.3, 48.0), (436.3, 61.1), (436.3, 76.0), (436.3, 90.9), (436.3, 105.9), (436.3, 120.8), (436.3, 135.7), (436.3, 150.7), (436.3, 165.6), (436.3, 180.5), (436.3, 195.5), (436.3, 210.4), (436.3, 225.3), (436.3, 240.3), (436.3, 255.2), (436.3, 270.1), (436.3, 285.1), (436.3, 300.0), (436.3, 311.2), (436.3, 311.2), (436.3, 311.2), (436.3, 311.2), (436.3, 311.2), (436.3, 311.2), (436.3, 311.2), (436.3, 311.2), (436.3, 311.2), (436.3, 311.2), (436.3, 311.2), (436.3, 311.2), (436.3, 311.2), (436.3, 311.2), (436.3, 311.2), (436.3, 311.2), (436.3, 311.2), (436.3, 311.2), (436.3, 296.3), (436.3, 288.8), (436.3, 288.8), (436.3, 296.3), (436.3, 303.7), (436.3, 311.2), (436.3, 326.1), (436.3, 341.1)]",0,0,9.17
experienced,bomberman,4,Success,1,0,22.23,1.0,"[(48.0, 48.0), (62.9, 51.7), (77.9, 44.3), (92.8, 44.3), (107.7, 44.3), (122.7, 44.3), (137.6, 44.3), (152.5, 44.3), (167.5, 44.3), (182.4, 44.3), (197.3, 44.3), (212.3, 44.3), (227.2, 44.3), (242.1, 44.3), (257.1, 44.3), (272.0, 44.3), (286.9, 44.3), (301.9, 44.3), (316.8, 44.3), (331.7, 44.3), (346.7, 44.3), (361.6, 44.3), (376.5, 44.3), (391.5, 44.3), (406.4, 44.3), (421.3, 44.3), (436.3, 44.3), (436.3, 44.3), (436.3, 44.3), (436.3, 44.3), (436.3, 44.3), (436.3, 44.3), (436.3, 44.3), (436.3, 44.3), (436.3, 44.3), (436.3, 44.3), (436.3, 51.7), (436.3, 66.7), (436.3, 81.6), (436.3, 96.5), (436.3, 111.5), (436.3, 126.4), (436.3, 141.3), (436.3, 156.3), (436.3, 171.2), (436.3, 186.1), (436.3, 201.1), (436.3, 216.0), (436.3, 230.9), (436.3, 245.9), (436.3, 260.8), (436.3, 275.7), (436.3, 286.9), (436.3, 286.9), (436.3, 286.9), (436.3, 286.9), (436.3, 286.9), (436.3, 286.9), (436.3, 286.9), (436.3, 286.9), (436.3, 286.9), (436.3, 286.9), (436.3, 286.9), (436.3, 286.9), (436.3, 286.9), (436.3, 286.9), (436.3, 286.9), (436.3, 286.9), (436.3, 286.9), (436.3, 286.9), (436.3, 286.9), (436.3, 286.9), (436.3, 286.9), (434.4, 294.4), (428.8, 294.4), (423.2, 305.6), (415.7, 307.5), (415.7, 307.5), (415.7, 307.5), (415.7, 307.5), (415.7, 307.5), (415.7, 307.5), (415.7, 307.5), (404.5, 307.5), (382.1, 307.5), (382.1, 307.5), (382.1, 307.5), (382.1, 307.5), (382.1, 307.5), (382.1, 307.5), (382.1, 307.5), (382.1, 307.5), (382.1, 307.5), (382.1, 307.5), (389.6, 307.5), (406.4, 307.5), (426.9, 307.5), (436.3, 318.7), (436.3, 318.7), (436.3, 318.7), (436.3, 318.7), (436.3, 318.7), (436.3, 318.7), (436.3, 318.7), (436.3, 318.7), (436.3, 318.7), (436.3, 318.7), (436.3, 318.7), (436.3, 318.7), (436.3, 318.7), (436.3, 318.7), (436.3, 318.7), (436.3, 318.7), (436.3, 318.7), (436.3, 318.7), (436.3, 318.7), (436.3, 318.7), (436.3, 318.7), (436.3, 318.7), (436.3, 318.7), (436.3, 318.7), (436.3, 318.7), (436.3, 318.7), (436.3, 318.7), (436.3, 314.9), (436.3, 303.7), (436.3, 314.9), (428.8, 324.3), (430.7, 339.2)]",0,1,17.13
experienced,bomberman,4,Success,1,0,42.15,1.0,"[(48.0, 48.0), (62.9, 51.7), (77.9, 44.3), (92.8, 44.3), (107.7, 44.3), (122.7, 44.3), (137.6, 44.3), (152.5, 44.3), (167.5, 44.3), (182.4, 44.3), (197.3, 44.3), (212.3, 44.3), (227.2, 44.3), (242.1, 44.3), (257.1, 44.3), (272.0, 44.3), (286.9, 44.3), (301.9, 44.3), (316.8, 44.3), (331.7, 44.3), (346.7, 44.3), (361.6, 44.3), (376.5, 44.3), (391.5, 44.3), (406.4, 44.3), (421.3, 48.0), (436.3, 61.1), (436.3, 76.0), (436.3, 90.9), (436.3, 105.9), (436.3, 120.8), (436.3, 135.7), (436.3, 150.7), (436.3, 165.6), (436.3, 180.5), (436.3, 195.5), (436.3, 210.4), (436.3, 225.3), (436.3, 240.3), (436.3, 255.2), (436.3, 270.1), (436.3, 285.1), (436.3, 300.0), (436.3, 311.2), (436.3, 311.2), (436.3, 311.2), (436.3, 311.2), (436.3, 311.2), (436.3, 311.2), (436.3, 311.2), (436.3, 311.2), (436.3, 311.2), (436.3, 311.2), (436.3, 311.2), (436.3, 311.2), (436.3, 311.2), (436.3, 311.2), (436.3, 311.2), (436.3, 311.2), (436.3, 311.2), (436.3, 311.2), (436.3, 296.3), (436.3, 288.8), (436.3, 288.8), (436.3, 296.3), (436.3, 303.7), (436.3, 311.2), (436.3, 326.1), (436.3, 341.1)]",0,0,9.17
experienced,bomberman,4,Success,1,0,38.0,1.0,"[(48.0, 48.0), (62.9, 51.7), (77.9, 44.3), (92.8, 44.3), (107.7, 44.3), (122.7, 44.3), (137.6, 44.3), (152.5, 44.3), (167.5, 44.3), (182.4, 44.3), (197.3, 44.3), (212.3, 44.3), (227.2, 44.3), (242.1, 44.3), (257.1, 44.3), (272.0, 44.3), (286.9, 44.3), (301.9, 44.3), (316.8, 44.3), (331.7, 44.3), (346.7, 44.3), (361.6, 44.3), (376.5, 44.3), (391.5, 44.3), (406.4, 44.3), (421.3, 44.3), (436.3, 44.3), (436.3, 44.3), (436.3, 44.3), (436.3, 44.3), (436.3, 44.3), (436.3, 44.3), (436.3, 44.3), (436.3, 44.3), (436.3, 44.3), (436.3, 44.3), (436.3, 44.3), (436.3, 44.3), (436.3, 44.3), (436.3, 44.3), (436.3, 44.3), (436.3, 44.3), (436.3, 48.0), (436.3, 62.9), (436.3, 77.9), (436.3, 92.8), (436.3, 107.7), (436.3, 122.7), (436.3, 137.6), (436.3, 152.5), (436.3, 167.5), (436.3, 182.4), (436.3, 197.3), (436.3, 212.3), (436.3, 227.2), (436.3, 242.1), (436.3, 257.1), (436.3, 272.0), (436.3, 286.9), (436.3, 286.9), (436.3, 286.9), (436.3, 279.5), (436.3, 286.9), (436.3, 286.9), (436.3, 286.9), (436.3, 286.9), (436.3, 286.9), (436.3, 286.9), (436.3, 286.9), (436.3, 286.9), (436.3, 286.9), (436.3, 286.9), (436.3, 294.4), (436.3, 298.1), (436.3, 313.1), (436.3, 328.0), (436.3, 342.9)]",0,0,10.22
experienced,bomberman,4,Success,1,0,38.21,1.0,"[(48.0, 48.0), (62.9, 51.7), (77.9, 44.3), (92.8, 44.3), (107.7, 44.3), (122.7, 44.3), (137.6, 44.3), (152.5, 44.3), (167.5, 44.3), (182.4, 44.3), (197.3, 44.3), (212.3, 44.3), (227.2, 44.3), (242.1, 44.3), (257.1, 44.3), (272.0, 44.3), (286.9, 44.3), (301.9, 44.3), (316.8, 44.3), (331.7, 44.3), (346.7, 44.3), (361.6, 44.3), (376.5, 44.3), (391.5, 44.3), (406.4, 44.3), (421.3, 44.3), (436.3, 44.3), (436.3, 44.3), (436.3, 44.3), (436.3, 44.3), (436.3, 44.3), (436.3, 46.1), (436.3, 46.1), (436.3, 46.1), (436.3, 46.1), (436.3, 46.1), (436.3, 53.6), (436.3, 68.5), (436.3, 83.5), (436.3, 98.4), (436.3, 113.3), (436.3, 128.3), (436.3, 143.2), (436.3, 158.1), (436.3, 173.1), (436.3, 188.0), (436.3, 202.9), (436.3, 217.9), (436.3, 232.8), (436.3, 247.7), (436.3, 262.7), (436.3, 277.6), (436.3, 288.8), (436.3, 288.8), (436.3, 288.8), (436.3, 288.8), (436.3, 288.8), (436.3, 288.8), (436.3, 288.8), (436.3, 288.8), (436.3, 288.8), (436.3, 288.8), (436.3, 288.8), (436.3, 288.8), (436.3, 288.8), (436.3, 288.8), (436.3, 300.0), (436.3, 311.2), (434.4, 318.7), (434.4, 318.7), (434.4, 318.7), (428.8, 324.3), (428.8, 328.0), (428.8, 326.1), (428.8, 335.5)]",0,0,9.97
experienced,bomberman,4,Success,1,0,36.92,1.0,"[(48.0, 48.0), (62.9, 51.7), (77.9, 44.3), (92.8, 44.3), (107.7, 44.3), (122.7, 44.3), (137.6, 44.3), (152.5, 44.3), (167.5, 44.3), (182.4, 44.3), (197.3, 44.3), (212.3, 44.3), (227.2, 44.3), (242.1, 44.3), (257.1, 44.3), (272.0, 44.3), (286.9, 44.3), (301.9, 44.3), (316.8, 44.3), (331.7, 44.3), (346.7, 44.3), (361.6, 44.3), (376.5, 44.3), (391.5, 44.3), (406.4, 44.3), (421.3, 44.3), (436.3, 44.3), (436.3, 44.3), (436.3, 44.3), (436.3, 44.3), (436.3, 44.3), (436.3, 46.1), (436.3, 46.1), (436.3, 46.1), (436.3, 46.1), (436.3, 46.1), (436.3, 46.1), (436.3, 46.1), (436.3, 46.1), (436.3, 46.1), (436.3, 51.7), (436.3, 66.7), (436.3, 81.6), (436.3, 96.5), (436.3, 111.5), (436.3, 126.4), (436.3, 141.3), (436.3, 156.3), (436.3, 171.2), (436.3, 186.1), (436.3, 201.1), (436.3, 216.0), (436.3, 230.9), (436.3, 245.9), (436.3, 260.8), (436.3, 275.7), (436.3, 286.9), (436.3, 286.9), (436.3, 286.9), (436.3, 286.9), (436.3, 286.9), (436.3, 279.5), (436.3, 279.5), (436.3, 286.9), (436.3, 286.9), (436.3, 286.9), (436.3, 286.9), (436.3, 286.9), (436.3, 286.9), (436.3, 286.9), (436.3, 286.9), (436.3, 286.9), (436.3, 286.9), (436.3, 286.9), (436.3, 294.4), (436.3, 294.4), (436.3, 309.3), (436.3, 324.3), (436.3, 339.2)]",0,0,10.52
experienced,bomberman,4,Success,1,0,39.75,1.0,"[(48.0, 48.0), (62.9, 51.7), (77.9, 44.3), (92.8, 44.3), (107.7, 44.3), (122.7, 44.3), (137.6, 44.3), (152.5, 44.3), (167.5, 44.3), (182.4, 44.3), (197.3, 44.3), (212.3, 44.3), (227.2, 44.3), (242.1, 44.3), (257.1, 44.3), (272.0, 44.3), (286.9, 44.3), (301.9, 44.3), (316.8, 44.3), (331.7, 44.3), (346.7, 44.3), (361.6, 44.3), (376.5, 44.3), (391.5, 44.3), (406.4, 44.3), (421.3, 44.3), (436.3, 44.3), (436.3, 44.3), (436.3, 44.3), (436.3, 44.3), (436.3, 44.3), (436.3, 46.1), (436.3, 46.1), (436.3, 46.1), (436.3, 46.1), (436.3, 53.6), (436.3, 68.5), (436.3, 83.5), (436.3, 98.4), (436.3, 113.3), (436.3, 128.3), (436.3, 143.2), (436.3, 158.1), (436.3, 173.1), (436.3, 188.0), (436.3, 202.9), (436.3, 217.9), (436.3, 232.8), (436.3, 247.7), (436.3, 262.7), (436.3, 277.6), (436.3, 288.8), (436.3, 288.8), (436.3, 288.8), (436.3, 288.8), (436.3, 288.8), (436.3, 288.8), (436.3, 288.8), (436.3, 288.8), (436.3, 288.8), (436.3, 288.8), (436.3, 281.3), (436.3, 281.3), (436.3, 288.8), (436.3, 288.8), (436.3, 288.8), (436.3, 288.8), (436.3, 292.5), (436.3, 303.7), (436.3, 311.2), (436.3, 322.4), (436.3, 326.1), (436.3, 333.6), (436.3, 348.5)]",0,0,9.77
experienced,bomberman,4,Success,1,0,64.0,1.0,"[(48.0, 48.0), (62.9, 51.7), (77.9, 44.3), (92.8, 44.3), (107.7, 44.3), (122.7, 44.3), (137.6, 44.3), (152.5, 44.3), (167.5, 46.1), (182.4, 44.3), (197.3, 44.3), (212.3, 44.3), (227.2, 44.3), (242.1, 44.3), (257.1, 44.3), (272.0, 44.3), (286.9, 44.3), (301.9, 44.3), (316.8, 44.3), (331.7, 44.3), (346.7, 44.3), (361.6, 44.3), (376.5, 44.3), (391.5, 44.3), (406.4, 44.3), (421.3, 48.0), (436.3, 61.1), (436.3, 76.0), (436.3, 90.9), (436.3, 105.9), (436.3, 120.8), (436.3, 135.7), (436.3, 150.7), (436.3, 165.6), (436.3, 180.5), (436.3, 195.5), (436.3, 210.4), (436.3, 225.3), (436.3, 240.3), (436.3, 255.2), (436.3, 270.1), (436.3, 285.1), (436.3, 300.0), (436.3, 314.9), (436.3, 329.9), (436.3, 344.8)]",0,0,6.07
experienced,bomberman,4,Success,1,0,39.33,1.0,"[(48.0, 48.0), (62.9, 51.7), (77.9, 44.3), (92.8, 44.3), (107.7, 44.3), (122.7, 44.3), (137.6, 44.3), (152.5, 44.3), (167.5, 44.3), (182.4, 44.3), (197.3, 44.3), (212.3, 44.3), (227.2, 44.3), (242.1, 44.3), (257.1, 44.3), (272.0, 44.3), (286.9, 44.3), (301.9, 44.3), (316.8, 44.3), (331.7, 44.3), (346.7, 44.3), (361.6, 44.3), (376.5, 44.3), (391.5, 44.3), (406.4, 44.3), (421.3, 48.0), (436.3, 61.1), (436.3, 76.0), (436.3, 90.9), (436.3, 105.9), (436.3, 120.8), (436.3, 135.7), (436.3, 150.7), (436.3, 165.6), (436.3, 180.5), (436.3, 195.5), (436.3, 210.4), (436.3, 225.3), (436.3, 240.3), (436.3, 255.2), (436.3, 270.1), (436.3, 285.1), (436.3, 296.3), (436.3, 296.3), (436.3, 296.3), (436.3, 296.3), (436.3, 296.3), (436.3, 296.3), (436.3, 296.3), (436.3, 296.3), (436.3, 296.3), (436.3, 296.3), (436.3, 296.3), (436.3, 296.3), (436.3, 296.3), (436.3, 296.3), (436.3, 296.3), (436.3, 296.3), (436.3, 296.3), (436.3, 296.3), (436.3, 296.3), (436.3, 288.8), (436.3, 288.8), (436.3, 288.8), (436.3, 288.8), (436.3, 288.8), (436.3, 288.8), (436.3, 292.5), (436.3, 300.0), (436.3, 307.5), (436.3, 314.9), (436.3, 326.1), (434.4, 341.1)]",0,0,9.68
experienced,bomberman,4,Bomb,1,0,23.82,0.909,"[(48.0, 48.0), (62.9, 51.7), (77.9, 44.3), (92.8, 44.3), (107.7, 44.3), (122.7, 44.3), (137.6, 44.3), (152.5, 44.3), (167.5, 44.3), (182.4, 44.3), (197.3, 44.3), (212.3, 44.3), (227.2, 44.3), (242.1, 44.3), (257.1, 44.3), (272.0, 44.3), (286.9, 44.3), (301.9, 44.3), (316.8, 44.3), (331.7, 44.3), (346.7, 44.3), (361.6, 44.3), (376.5, 44.3), (391.5, 44.3), (406.4, 44.3), (421.3, 44.3), (436.3, 44.3), (436.3, 44.3), (436.3, 44.3), (436.3, 44.3), (436.3, 44.3), (436.3, 44.3), (436.3, 44.3), (436.3, 44.3), (436.3, 44.3), (436.3, 44.3), (436.3, 44.3), (436.3, 44.3), (436.3, 44.3), (436.3, 44.3), (436.3, 44.3), (436.3, 44.3), (436.3, 49.9), (436.3, 64.8), (436.3, 79.7), (436.3, 94.7), (436.3, 109.6), (436.3, 124.5), (436.3, 139.5), (436.3, 154.4), (436.3, 169.3), (436.3, 184.3), (436.3, 199.2), (436.3, 214.1), (436.3, 229.1), (436.3, 244.0), (436.3, 258.9), (436.3, 273.9), (436.3, 288.8), (436.3, 288.8), (436.3, 288.8), (436.3, 273.9), (436.3, 258.9), (436.3, 244.0), (436.3, 229.1), (436.3, 214.1), (436.3, 206.7), (436.3, 206.7), (436.3, 206.7), (436.3, 206.7), (436.3, 206.7), (436.3, 206.7), (436.3, 206.7), (436.3, 206.7), (436.3, 206.7), (436.3, 206.7), (436.3, 206.7), (436.3, 206.7), (436.3, 206.7), (436.3, 206.7), (436.3, 206.7), (436.3, 206.7), (436.3, 206.7), (436.3, 206.7), (436.3, 206.7), (436.3, 206.7), (436.3, 206.7), (436.3, 206.7), (436.3, 206.7), (436.3, 206.7), (436.3, 206.7), (436.3, 221.6), (436.3, 236.5), (436.3, 236.5), (436.3, 242.1), (436.3, 257.1), (436.3, 272.0), (436.3, 286.9), (436.3, 288.8), (436.3, 288.8), (436.3, 288.8), (436.3, 288.8), (436.3, 288.8), (436.3, 288.8), (436.3, 288.8), (436.3, 288.8), (436.3, 288.8), (436.3, 288.8), (436.3, 288.8), (436.3, 288.8), (436.3, 288.8), (436.3, 288.8), (436.3, 288.8), (436.3, 288.8), (436.3, 288.8), (436.3, 288.8), (436.3, 288.8), (436.3, 288.8), (436.3, 288.8), (436.3, 288.8), (436.3, 288.8), (436.3, 273.9), (436.3, 258.9)]",0,0,16.3
experienced,bomberman,4,Success,1,0,36.92,1.0,"[(48.0, 48.0), (62.9, 51.7), (77.9, 44.3), (92.8, 44.3), (107.7, 44.3), (122.7, 44.3), (137.6, 44.3), (152.5, 44.3), (167.5, 44.3), (182.4, 44.3), (197.3, 44.3), (212.3, 44.3), (227.2, 44.3), (242.1, 44.3), (257.1, 44.3), (272.0, 44.3), (286.9, 44.3), (301.9, 44.3), (316.8, 44.3), (331.7, 44.3), (346.7, 44.3), (361.6, 44.3), (376.5, 44.3), (391.5, 44.3), (406.4, 44.3), (421.3, 44.3), (436.3, 44.3), (436.3, 44.3), (436.3, 44.3), (436.3, 44.3), (436.3, 44.3), (436.3, 46.1), (436.3, 51.7), (436.3, 66.7), (436.3, 81.6), (436.3, 96.5), (436.3, 111.5), (436.3, 126.4), (436.3, 141.3), (436.3, 156.3), (436.3, 171.2), (436.3, 186.1), (436.3, 201.1), (436.3, 216.0), (436.3, 230.9), (436.3, 245.9), (436.3, 260.8), (436.3, 275.7), (436.3, 286.9), (436.3, 286.9), (436.3, 286.9), (436.3, 286.9), (436.3, 286.9), (436.3, 286.9), (436.3, 286.9), (436.3, 286.9), (436.3, 286.9), (436.3, 286.9), (436.3, 286.9), (436.3, 286.9), (436.3, 286.9), (436.3, 286.9), (436.3, 286.9), (436.3, 286.9), (436.3, 286.9), (436.3, 286.9), (436.3, 286.9), (436.3, 286.9), (436.3, 286.9), (436.3, 286.9), (436.3, 286.9), (436.3, 286.9), (436.3, 286.9), (436.3, 290.7), (436.3, 294.4), (430.7, 294.4), (430.7, 309.3), (432.5, 324.3), (436.3, 339.2)]",0,0,10.52
