persona,game,world,cause_of_death,jump_count,coins_collected,avg_vx,progress_ratio,route,enemies_killed,bricks_destroyed,elapsed_time
speedrunner,bomberman,8,Bomb,81,0,14.09,0.278,"[(48.0, 112.0), (70.4, 109.2), (101.2, 114.8), (115.2, 123.2), (115.2, 128.8), (115.2, 126.0), (115.2, 123.2), (115.2, 128.8), (115.2, 126.0), (115.2, 123.2), (115.2, 128.8), (115.2, 126.0), (115.2, 123.2), (115.2, 128.8), (115.2, 126.0), (115.2, 123.2), (115.2, 128.8), (115.2, 126.0), (115.2, 123.2), (115.2, 128.8), (115.2, 126.0), (115.2, 123.2), (115.2, 128.8), (115.2, 126.0), (115.2, 123.2), (115.2, 128.8), (115.2, 126.0), (115.2, 123.2), (115.2, 128.8), (115.2, 126.0), (115.2, 123.2), (129.2, 109.2), (157.2, 114.8), (179.6, 123.2), (179.6, 128.8), (179.6, 126.0), (179.6, 123.2), (179.6, 128.8), (179.6, 126.0), (179.6, 123.2), (179.6, 128.8), (179.6, 126.0), (179.6, 123.2), (179.6, 128.8), (179.6, 126.0), (179.6, 123.2), (179.6, 128.8), (179.6, 126.0), (179.6, 123.2), (179.6, 128.8), (179.6, 126.0), (179.6, 123.2), (179.6, 128.8), (179.6, 128.8), (179.6, 128.8), (179.6, 128.8), (179.6, 128.8), (179.6, 128.8), (179.6, 128.8), (179.6, 128.8), (179.6, 128.8), (179.6, 128.8)]",0,0,8.15
speedrunner,bomberman,8,Stuck,0,0,1.68,0.0,"[(48.0, 112.0), (48.0, 112.0), (48.0, 112.0), (48.0, 112.0), (48.0, 112.0), (48.0, 112.0), (48.0, 112.0), (48.0, 112.0), (48.0, 112.0), (48.0, 112.0), (48.0, 112.0), (48.0, 112.0), (48.0, 112.0), (48.0, 112.0), (48.0, 112.0), (48.0, 112.0), (48.0, 112.0), (48.0, 112.0), (48.0, 112.0), (48.0, 112.0), (48.0, 112.0), (48.0, 112.0), (48.0, 112.0), (48.0, 112.0), (48.0, 112.0), (48.0, 112.0), (48.0, 112.0), (48.0, 112.0), (48.0, 112.0), (48.0, 112.0), (48.0, 112.0), (48.0, 112.0), (48.0, 112.0), (48.0, 112.0), (48.0, 112.0), (48.0, 112.0), (50.8, 112.0), (53.6, 112.0)]",0,0,5.0
speedrunner,bomberman,8,Bomb,1,0,10.5,0.333,"[(48.0, 112.0), (64.8, 109.2), (92.8, 109.2), (115.2, 98.0), (115.2, 100.8), (115.2, 95.2), (115.2, 98.0), (115.2, 100.8), (115.2, 95.2), (115.2, 98.0), (115.2, 92.4), (115.2, 89.6), (115.2, 89.6), (115.2, 89.6), (115.2, 89.6), (115.2, 89.6), (115.2, 89.6), (115.2, 89.6), (115.2, 84.0), (115.2, 84.0), (115.2, 84.0), (115.2, 84.0), (115.2, 84.0), (115.2, 78.4), (115.2, 78.4), (115.2, 78.4), (115.2, 78.4), (115.2, 78.4), (115.2, 78.4), (115.2, 78.4), (115.2, 78.4), (112.4, 78.4), (109.6, 92.4), (109.6, 86.8), (109.6, 89.6), (109.6, 92.4), (109.6, 95.2), (109.6, 98.0), (109.6, 100.8), (109.6, 95.2), (109.6, 98.0), (109.6, 100.8), (109.6, 95.2), (109.6, 98.0), (109.6, 100.8), (109.6, 95.2), (109.6, 100.8), (109.6, 100.8), (109.6, 106.4), (95.6, 114.8), (84.4, 109.2), (62.0, 109.2), (62.0, 109.2), (62.0, 109.2), (62.0, 109.2), (62.0, 109.2), (62.0, 109.2), (62.0, 109.2), (62.0, 109.2), (62.0, 109.2), (62.0, 109.2), (62.0, 112.0), (62.0, 112.0), (62.0, 112.0), (73.2, 109.2), (104.0, 109.2), (126.4, 109.2), (148.8, 109.2), (171.2, 109.2), (193.6, 109.2), (221.6, 109.2), (244.0, 100.8), (244.0, 95.2), (244.0, 89.6), (244.0, 89.6), (244.0, 89.6), (244.0, 84.0), (244.0, 78.4), (244.0, 78.4), (244.0, 78.4), (244.0, 78.4), (244.0, 78.4), (244.0, 78.4), (244.0, 78.4), (244.0, 78.4), (238.4, 78.4), (238.4, 78.4), (238.4, 78.4), (238.4, 78.4), (238.4, 78.4), (238.4, 78.4), (238.4, 78.4), (238.4, 78.4), (238.4, 78.4), (238.4, 78.4), (238.4, 78.4), (238.4, 78.4), (238.4, 78.4), (238.4, 78.4), (238.4, 78.4), (238.4, 78.4), (238.4, 78.4), (238.4, 78.4), (238.4, 81.2), (238.4, 81.2), (238.4, 81.2), (238.4, 81.2), (238.4, 89.6), (238.4, 92.4), (238.4, 86.8), (238.4, 98.0), (238.4, 100.8), (238.4, 95.2), (238.4, 98.0), (238.4, 100.8), (238.4, 95.2), (238.4, 98.0), (238.4, 100.8), (238.4, 95.2), (238.4, 98.0), (238.4, 100.8)]",0,0,16.0
speedrunner,bomberman,8,Stuck,0,0,0.0,0.0,"[(48.0, 112.0), (48.0, 112.0), (48.0, 112.0), (48.0, 112.0), (48.0, 112.0), (48.0, 112.0), (48.0, 112.0), (48.0, 112.0), (48.0, 112.0), (48.0, 112.0), (48.0, 112.0), (48.0, 112.0), (48.0, 112.0), (48.0, 112.0), (48.0, 112.0), (48.0, 112.0), (48.0, 112.0), (48.0, 112.0), (48.0, 112.0), (48.0, 112.0), (48.0, 112.0), (48.0, 112.0), (48.0, 112.0), (48.0, 112.0), (48.0, 112.0), (48.0, 112.0), (48.0, 112.0), (48.0, 112.0), (48.0, 112.0), (48.0, 112.0), (48.0, 112.0), (48.0, 112.0), (48.0, 112.0), (48.0, 112.0), (48.0, 109.2), (48.0, 109.2), (48.0, 109.2), (48.0, 109.2)]",0,0,5.0
speedrunner,bomberman,8,Bomb,31,0,14.58,0.389,"[(48.0, 112.0), (70.4, 114.8), (101.2, 114.8), (115.2, 131.6), (115.2, 142.8), (115.2, 148.4), (115.2, 156.8), (115.2, 151.2), (115.2, 162.4), (126.4, 179.2), (151.6, 179.2), (176.8, 184.8), (179.6, 190.4), (179.6, 187.6), (179.6, 193.2), (179.6, 190.4), (179.6, 187.6), (179.6, 193.2), (179.6, 190.4), (179.6, 187.6), (179.6, 193.2), (179.6, 190.4), (179.6, 187.6), (179.6, 193.2), (179.6, 190.4), (179.6, 187.6), (179.6, 193.2), (179.6, 190.4), (179.6, 187.6), (179.6, 193.2), (179.6, 198.8), (179.6, 204.4), (179.6, 196.0), (179.6, 201.6), (179.6, 198.8), (179.6, 204.4), (179.6, 204.4), (179.6, 204.4), (179.6, 204.4), (179.6, 204.4), (179.6, 204.4), (179.6, 204.4), (179.6, 210.0), (179.6, 210.0), (179.6, 210.0), (179.6, 210.0), (179.6, 210.0), (179.6, 204.4), (179.6, 204.4), (179.6, 204.4), (179.6, 204.4), (179.6, 204.4), (179.6, 196.0), (179.6, 201.6), (179.6, 198.8), (179.6, 196.0), (179.6, 193.2), (179.6, 190.4), (179.6, 187.6), (179.6, 193.2), (179.6, 190.4)]",0,0,8.07
speedrunner,bomberman,8,Bomb,1,0,0.0,0.056,"[(48.0, 112.0), (48.0, 109.2), (48.0, 109.2), (48.0, 109.2), (48.0, 109.2), (48.0, 109.2), (48.0, 109.2), (48.0, 109.2), (48.0, 109.2), (48.0, 109.2), (48.0, 109.2), (48.0, 109.2), (48.0, 109.2), (48.0, 109.2), (48.0, 109.2), (48.0, 109.2), (48.0, 109.2), (48.0, 109.2), (48.0, 109.2), (48.0, 109.2), (48.0, 120.4), (48.0, 126.0), (48.0, 126.0), (48.0, 126.0), (48.0, 126.0), (48.0, 126.0), (48.0, 126.0), (48.0, 126.0), (48.0, 126.0), (48.0, 126.0), (48.0, 126.0)]",0,0,4.0
speedrunner,bomberman,8,Bomb,1,0,-0.7,0.0,"[(48.0, 112.0), (45.2, 109.2), (45.2, 109.2), (45.2, 109.2), (45.2, 109.2), (45.2, 109.2), (45.2, 109.2), (45.2, 109.2), (45.2, 109.2), (45.2, 109.2), (45.2, 109.2), (45.2, 109.2), (45.2, 109.2), (45.2, 109.2), (45.2, 109.2), (45.2, 109.2), (45.2, 109.2), (45.2, 109.2), (45.2, 109.2), (45.2, 109.2), (45.2, 109.2), (45.2, 109.2), (45.2, 109.2), (45.2, 109.2), (45.2, 109.2), (45.2, 109.2), (45.2, 109.2), (45.2, 109.2), (45.2, 109.2), (45.2, 109.2), (45.2, 109.2)]",0,0,4.0
speedrunner,bomberman,8,Bomb,2,0,0.29,0.333,"[(48.0, 112.0), (45.2, 128.8), (45.2, 128.8), (45.2, 128.8), (45.2, 128.8), (45.2, 128.8), (45.2, 128.8), (48.0, 128.8), (48.0, 128.8), (48.0, 128.8), (48.0, 128.8), (48.0, 128.8), (48.0, 128.8), (48.0, 128.8), (48.0, 128.8), (48.0, 128.8), (48.0, 128.8), (50.8, 128.8), (45.2, 140.0), (45.2, 162.4), (45.2, 184.8), (45.2, 207.2), (45.2, 229.6), (45.2, 252.0), (45.2, 274.4), (45.2, 296.8), (45.2, 319.2), (45.2, 338.8), (45.2, 338.8), (45.2, 338.8), (45.2, 338.8), (45.2, 338.8), (45.2, 338.8), (45.2, 338.8), (45.2, 338.8), (45.2, 338.8), (45.2, 338.8), (45.2, 338.8), (45.2, 338.8), (45.2, 338.8), (45.2, 338.8), (45.2, 338.8), (45.2, 338.8), (45.2, 338.8), (45.2, 338.8), (45.2, 338.8), (45.2, 338.8), (45.2, 338.8), (45.2, 338.8), (45.2, 338.8), (45.2, 338.8), (45.2, 338.8), (45.2, 338.8), (45.2, 338.8), (45.2, 338.8), (45.2, 338.8), (45.2, 338.8), (45.2, 338.8), (45.2, 338.8), (45.2, 338.8), (45.2, 338.8), (45.2, 338.8), (45.2, 338.8), (45.2, 338.8), (45.2, 338.8), (45.2, 338.8), (45.2, 338.8), (45.2, 338.8), (45.2, 338.8), (50.8, 338.8), (50.8, 338.8), (50.8, 338.8), (50.8, 338.8), (50.8, 338.8)]",0,0,9.78
speedrunner,bomberman,8,Bomb,1,0,-0.7,0.0,"[(48.0, 112.0), (45.2, 109.2), (45.2, 109.2), (45.2, 109.2), (45.2, 109.2), (45.2, 109.2), (45.2, 109.2), (45.2, 109.2), (45.2, 109.2), (45.2, 109.2), (45.2, 109.2), (45.2, 109.2), (45.2, 109.2), (45.2, 109.2), (45.2, 109.2), (45.2, 109.2), (45.2, 109.2), (45.2, 109.2), (45.2, 109.2), (45.2, 109.2), (45.2, 109.2), (45.2, 109.2), (45.2, 109.2), (45.2, 109.2), (45.2, 109.2), (45.2, 109.2), (45.2, 109.2), (45.2, 109.2), (45.2, 109.2), (45.2, 109.2), (45.2, 109.2)]",0,0,4.0
speedrunner,bomberman,8,Stuck,0,0,-0.56,0.0,"[(48.0, 112.0), (45.2, 109.2), (45.2, 109.2), (45.2, 109.2), (45.2, 109.2), (45.2, 109.2), (45.2, 109.2), (45.2, 109.2), (45.2, 109.2), (45.2, 109.2), (45.2, 109.2), (45.2, 109.2), (45.2, 109.2), (45.2, 109.2), (45.2, 109.2), (45.2, 109.2), (45.2, 109.2), (45.2, 109.2), (45.2, 109.2), (45.2, 109.2), (45.2, 109.2), (45.2, 109.2), (45.2, 109.2), (45.2, 109.2), (45.2, 109.2), (45.2, 109.2), (45.2, 109.2), (45.2, 109.2), (45.2, 109.2), (45.2, 109.2), (45.2, 109.2), (45.2, 109.2), (45.2, 109.2), (45.2, 109.2), (45.2, 109.2), (45.2, 109.2), (45.2, 109.2), (45.2, 109.2)]",0,0,5.0
speedrunner,bomberman,8,Bomb,31,0,14.58,0.389,"[(48.0, 112.0), (70.4, 114.8), (101.2, 114.8), (115.2, 131.6), (115.2, 142.8), (115.2, 148.4), (115.2, 156.8), (115.2, 151.2), (115.2, 162.4), (126.4, 179.2), (151.6, 179.2), (176.8, 184.8), (179.6, 190.4), (179.6, 187.6), (179.6, 193.2), (179.6, 190.4), (179.6, 187.6), (179.6, 193.2), (179.6, 190.4), (179.6, 187.6), (179.6, 193.2), (179.6, 190.4), (179.6, 187.6), (179.6, 193.2), (179.6, 190.4), (179.6, 187.6), (179.6, 193.2), (179.6, 190.4), (179.6, 187.6), (179.6, 193.2), (179.6, 198.8), (179.6, 204.4), (179.6, 196.0), (179.6, 201.6), (179.6, 198.8), (179.6, 204.4), (179.6, 204.4), (179.6, 204.4), (179.6, 204.4), (179.6, 204.4), (179.6, 204.4), (179.6, 204.4), (179.6, 210.0), (179.6, 210.0), (179.6, 210.0), (179.6, 210.0), (179.6, 210.0), (179.6, 204.4), (179.6, 204.4), (179.6, 204.4), (179.6, 204.4), (179.6, 204.4), (179.6, 196.0), (179.6, 201.6), (179.6, 198.8), (179.6, 196.0), (179.6, 193.2), (179.6, 190.4), (179.6, 187.6), (179.6, 193.2), (179.6, 190.4)]",0,0,8.07
speedrunner,bomberman,8,Bomb,2,0,0.29,0.333,"[(48.0, 112.0), (45.2, 128.8), (45.2, 128.8), (45.2, 128.8), (45.2, 128.8), (45.2, 128.8), (45.2, 128.8), (48.0, 128.8), (48.0, 128.8), (48.0, 128.8), (48.0, 128.8), (48.0, 128.8), (48.0, 128.8), (48.0, 128.8), (48.0, 128.8), (48.0, 128.8), (48.0, 128.8), (50.8, 128.8), (45.2, 140.0), (45.2, 162.4), (45.2, 184.8), (45.2, 207.2), (45.2, 229.6), (45.2, 252.0), (45.2, 274.4), (45.2, 296.8), (45.2, 319.2), (45.2, 338.8), (45.2, 338.8), (45.2, 338.8), (45.2, 338.8), (45.2, 338.8), (45.2, 338.8), (45.2, 338.8), (45.2, 338.8), (45.2, 338.8), (45.2, 338.8), (45.2, 338.8), (45.2, 338.8), (45.2, 338.8), (45.2, 338.8), (45.2, 338.8), (45.2, 338.8), (45.2, 338.8), (45.2, 338.8), (45.2, 338.8), (45.2, 338.8), (45.2, 338.8), (45.2, 338.8), (45.2, 338.8), (45.2, 338.8), (45.2, 338.8), (45.2, 338.8), (45.2, 338.8), (45.2, 338.8), (45.2, 338.8), (45.2, 338.8), (45.2, 338.8), (45.2, 338.8), (45.2, 338.8), (45.2, 338.8), (45.2, 338.8), (45.2, 338.8), (45.2, 338.8), (45.2, 338.8), (45.2, 338.8), (45.2, 338.8), (45.2, 338.8), (45.2, 338.8), (50.8, 338.8), (50.8, 338.8), (50.8, 338.8), (50.8, 338.8), (50.8, 338.8)]",0,0,9.78
speedrunner,bomberman,8,Bomb,1,0,10.5,0.333,"[(48.0, 112.0), (64.8, 109.2), (92.8, 109.2), (115.2, 98.0), (115.2, 100.8), (115.2, 95.2), (115.2, 98.0), (115.2, 100.8), (115.2, 95.2), (115.2, 98.0), (115.2, 92.4), (115.2, 89.6), (115.2, 89.6), (115.2, 89.6), (115.2, 89.6), (115.2, 89.6), (115.2, 89.6), (115.2, 89.6), (115.2, 84.0), (115.2, 84.0), (115.2, 84.0), (115.2, 84.0), (115.2, 84.0), (115.2, 78.4), (115.2, 78.4), (115.2, 78.4), (115.2, 78.4), (115.2, 78.4), (115.2, 78.4), (115.2, 78.4), (115.2, 78.4), (112.4, 78.4), (109.6, 92.4), (109.6, 86.8), (109.6, 89.6), (109.6, 92.4), (109.6, 95.2), (109.6, 98.0), (109.6, 100.8), (109.6, 95.2), (109.6, 98.0), (109.6, 100.8), (109.6, 95.2), (109.6, 98.0), (109.6, 100.8), (109.6, 95.2), (109.6, 100.8), (109.6, 100.8), (109.6, 106.4), (95.6, 114.8), (84.4, 109.2), (62.0, 109.2), (62.0, 109.2), (62.0, 109.2), (62.0, 109.2), (62.0, 109.2), (62.0, 109.2), (62.0, 109.2), (62.0, 109.2), (62.0, 109.2), (62.0, 109.2), (62.0, 112.0), (62.0, 112.0), (62.0, 112.0), (73.2, 109.2), (104.0, 109.2), (126.4, 109.2), (148.8, 109.2), (171.2, 109.2), (193.6, 109.2), (221.6, 109.2), (244.0, 100.8), (244.0, 95.2), (244.0, 89.6), (244.0, 89.6), (244.0, 89.6), (244.0, 84.0), (244.0, 78.4), (244.0, 78.4), (244.0, 78.4), (244.0, 78.4), (244.0, 78.4), (244.0, 78.4), (244.0, 78.4), (244.0, 78.4), (238.4, 78.4), (238.4, 78.4), (238.4, 78.4), (238.4, 78.4), (238.4, 78.4), (238.4, 78.4), (238.4, 78.4), (238.4, 78.4), (238.4, 78.4), (238.4, 78.4), (238.4, 78.4), (238.4, 78.4), (238.4, 78.4), (238.4, 78.4), (238.4, 78.4), (238.4, 78.4), (238.4, 78.4), (238.4, 78.4), (238.4, 81.2), (238.4, 81.2), (238.4, 81.2), (238.4, 81.2), (238.4, 89.6), (238.4, 92.4), (238.4, 86.8), (238.4, 98.0), (238.4, 100.8), (238.4, 95.2), (238.4, 98.0), (238.4, 100.8), (238.4, 95.2), (238.4, 98.0), (238.4, 100.8), (238.4, 95.2), (238.4, 98.0), (238.4, 100.8)]",0,0,16.0
speedrunner,bomberman,8,Bomb,81,0,14.09,0.278,"[(48.0, 112.0), (70.4, 109.2), (101.2, 114.8), (115.2, 123.2), (115.2, 128.8), (115.2, 126.0), (115.2, 123.2), (115.2, 128.8), (115.2, 126.0), (115.2, 123.2), (115.2, 128.8), (115.2, 126.0), (115.2, 123.2), (115.2, 128.8), (115.2, 126.0), (115.2, 123.2), (115.2, 128.8), (115.2, 126.0), (115.2, 123.2), (115.2, 128.8), (115.2, 126.0), (115.2, 123.2), (115.2, 128.8), (115.2, 126.0), (115.2, 123.2), (115.2, 128.8), (115.2, 126.0), (115.2, 123.2), (115.2, 128.8), (115.2, 126.0), (115.2, 123.2), (129.2, 109.2), (157.2, 114.8), (179.6, 123.2), (179.6, 128.8), (179.6, 126.0), (179.6, 123.2), (179.6, 128.8), (179.6, 126.0), (179.6, 123.2), (179.6, 128.8), (179.6, 126.0), (179.6, 123.2), (179.6, 128.8), (179.6, 126.0), (179.6, 123.2), (179.6, 128.8), (179.6, 126.0), (179.6, 123.2), (179.6, 128.8), (179.6, 126.0), (179.6, 123.2), (179.6, 128.8), (179.6, 128.8), (179.6, 128.8), (179.6, 128.8), (179.6, 128.8), (179.6, 128.8), (179.6, 128.8), (179.6, 128.8), (179.6, 128.8), (179.6, 128.8)]",0,0,8.15
speedrunner,bomberman,8,Bomb,71,0,14.34,0.167,"[(48.0, 112.0), (70.4, 114.8), (101.2, 114.8), (115.2, 131.6), (115.2, 123.2), (115.2, 128.8), (115.2, 126.0), (115.2, 123.2), (115.2, 128.8), (115.2, 126.0), (115.2, 123.2), (115.2, 128.8), (115.2, 126.0), (115.2, 123.2), (115.2, 128.8), (115.2, 126.0), (115.2, 123.2), (115.2, 128.8), (115.2, 126.0), (115.2, 123.2), (115.2, 128.8), (115.2, 126.0), (115.2, 123.2), (115.2, 128.8), (115.2, 126.0), (115.2, 123.2), (115.2, 128.8), (115.2, 126.0), (115.2, 123.2), (115.2, 128.8), (115.2, 126.0)]",0,0,4.1
speedrunner,bomberman,8,Bomb,2,0,0.35,0.333,"[(48.0, 112.0), (45.2, 134.4), (45.2, 156.8), (45.2, 179.2), (45.2, 201.6), (45.2, 224.0), (45.2, 246.4), (45.2, 268.8), (45.2, 291.2), (45.2, 313.6), (45.2, 336.0), (45.2, 338.8), (45.2, 338.8), (45.2, 338.8), (45.2, 338.8), (45.2, 338.8), (45.2, 338.8), (45.2, 338.8), (45.2, 338.8), (45.2, 338.8), (45.2, 338.8), (45.2, 338.8), (45.2, 338.8), (45.2, 338.8), (45.2, 338.8), (45.2, 338.8), (45.2, 338.8), (45.2, 338.8), (45.2, 338.8), (45.2, 338.8), (45.2, 338.8), (48.0, 338.8), (48.0, 338.8), (48.0, 338.8), (48.0, 338.8), (50.8, 338.8), (50.8, 338.8), (50.8, 338.8), (50.8, 338.8), (50.8, 338.8), (50.8, 338.8), (50.8, 338.8), (50.8, 338.8), (50.8, 338.8), (50.8, 338.8), (50.8, 338.8), (50.8, 338.8), (50.8, 338.8), (50.8, 338.8), (50.8, 338.8), (50.8, 338.8), (50.8, 338.8), (50.8, 338.8), (50.8, 338.8), (50.8, 338.8), (50.8, 338.8), (50.8, 338.8), (50.8, 338.8), (50.8, 338.8), (50.8, 338.8), (50.8, 338.8)]",0,0,8.0
speedrunner,bomberman,8,Stuck,0,0,11.2,0.111,"[(48.0, 112.0), (70.4, 109.2), (101.2, 109.2), (115.2, 92.4), (115.2, 78.4), (115.2, 78.4), (115.2, 78.4), (115.2, 78.4), (115.2, 78.4), (115.2, 78.4), (115.2, 78.4), (115.2, 78.4), (115.2, 78.4), (115.2, 78.4), (115.2, 78.4), (115.2, 78.4), (115.2, 78.4), (115.2, 78.4), (115.2, 78.4), (115.2, 78.4), (115.2, 78.4), (115.2, 78.4), (115.2, 78.4), (115.2, 78.4), (115.2, 78.4), (115.2, 78.4), (115.2, 78.4), (115.2, 78.4), (115.2, 78.4), (115.2, 78.4), (115.2, 78.4), (115.2, 78.4), (115.2, 78.4), (115.2, 78.4), (115.2, 78.4), (115.2, 78.4), (115.2, 78.4), (115.2, 78.4), (115.2, 78.4), (115.2, 78.4)]",0,0,5.25
speedrunner,bomberman,8,Stuck,0,0,3.29,0.056,"[(48.0, 112.0), (64.8, 109.2), (64.8, 109.2), (64.8, 109.2), (64.8, 109.2), (64.8, 109.2), (64.8, 109.2), (64.8, 109.2), (64.8, 109.2), (64.8, 109.2), (64.8, 109.2), (64.8, 109.2), (64.8, 109.2), (64.8, 109.2), (64.8, 109.2), (64.8, 109.2), (64.8, 109.2), (64.8, 109.2), (64.8, 109.2), (64.8, 109.2), (64.8, 109.2), (64.8, 109.2), (64.8, 109.2), (64.8, 109.2), (64.8, 109.2), (64.8, 109.2), (64.8, 109.2), (64.8, 109.2), (64.8, 109.2), (64.8, 109.2), (64.8, 109.2), (64.8, 109.2), (64.8, 109.2), (64.8, 109.2), (64.8, 109.2), (64.8, 109.2), (64.8, 109.2), (64.8, 109.2), (64.8, 109.2)]",0,0,5.1
speedrunner,bomberman,8,Bomb,69,0,14.34,0.167,"[(48.0, 112.0), (70.4, 114.8), (101.2, 114.8), (115.2, 131.6), (115.2, 151.2), (115.2, 142.8), (115.2, 126.0), (115.2, 123.2), (115.2, 128.8), (115.2, 126.0), (115.2, 123.2), (115.2, 128.8), (115.2, 126.0), (115.2, 123.2), (115.2, 128.8), (115.2, 126.0), (115.2, 123.2), (115.2, 128.8), (115.2, 126.0), (115.2, 123.2), (115.2, 128.8), (115.2, 126.0), (115.2, 123.2), (115.2, 128.8), (115.2, 126.0), (115.2, 123.2), (115.2, 128.8), (115.2, 126.0), (115.2, 123.2), (115.2, 128.8), (115.2, 126.0)]",0,0,4.1
speedrunner,bomberman,8,Stuck,0,0,-0.55,0.056,"[(48.0, 112.0), (45.2, 128.8), (45.2, 128.8), (45.2, 128.8), (45.2, 128.8), (45.2, 128.8), (45.2, 128.8), (45.2, 128.8), (45.2, 128.8), (45.2, 128.8), (45.2, 128.8), (45.2, 128.8), (45.2, 128.8), (45.2, 128.8), (45.2, 128.8), (45.2, 128.8), (45.2, 128.8), (45.2, 128.8), (45.2, 128.8), (45.2, 128.8), (45.2, 128.8), (45.2, 128.8), (45.2, 128.8), (45.2, 128.8), (45.2, 128.8), (45.2, 128.8), (45.2, 128.8), (45.2, 128.8), (45.2, 128.8), (45.2, 128.8), (45.2, 128.8), (45.2, 128.8), (45.2, 128.8), (45.2, 128.8), (45.2, 128.8), (45.2, 128.8), (45.2, 128.8), (45.2, 128.8), (45.2, 128.8)]",0,0,5.1
speedrunner,bomberman,8,Bomb,31,0,14.58,0.389,"[(48.0, 112.0), (70.4, 114.8), (101.2, 114.8), (115.2, 131.6), (115.2, 142.8), (115.2, 148.4), (115.2, 156.8), (115.2, 151.2), (115.2, 162.4), (126.4, 179.2), (151.6, 179.2), (176.8, 184.8), (179.6, 190.4), (179.6, 187.6), (179.6, 193.2), (179.6, 190.4), (179.6, 187.6), (179.6, 193.2), (179.6, 190.4), (179.6, 187.6), (179.6, 193.2), (179.6, 190.4), (179.6, 187.6), (179.6, 193.2), (179.6, 190.4), (179.6, 187.6), (179.6, 193.2), (179.6, 190.4), (179.6, 187.6), (179.6, 193.2), (179.6, 198.8), (179.6, 204.4), (179.6, 196.0), (179.6, 201.6), (179.6, 198.8), (179.6, 204.4), (179.6, 204.4), (179.6, 204.4), (179.6, 204.4), (179.6, 204.4), (179.6, 204.4), (179.6, 204.4), (179.6, 210.0), (179.6, 210.0), (179.6, 210.0), (179.6, 210.0), (179.6, 210.0), (179.6, 204.4), (179.6, 204.4), (179.6, 204.4), (179.6, 204.4), (179.6, 204.4), (179.6, 196.0), (179.6, 201.6), (179.6, 198.8), (179.6, 196.0), (179.6, 193.2), (179.6, 190.4), (179.6, 187.6), (179.6, 193.2), (179.6, 190.4)]",0,0,8.07
speedrunner,bomberman,8,Bomb,2,0,0.35,0.333,"[(48.0, 112.0), (45.2, 134.4), (45.2, 156.8), (45.2, 179.2), (45.2, 201.6), (45.2, 224.0), (45.2, 246.4), (45.2, 268.8), (45.2, 291.2), (45.2, 313.6), (45.2, 336.0), (45.2, 338.8), (45.2, 338.8), (45.2, 338.8), (45.2, 338.8), (45.2, 338.8), (45.2, 338.8), (45.2, 338.8), (45.2, 338.8), (45.2, 338.8), (45.2, 338.8), (45.2, 338.8), (45.2, 338.8), (45.2, 338.8), (45.2, 338.8), (45.2, 338.8), (45.2, 338.8), (45.2, 338.8), (45.2, 338.8), (45.2, 338.8), (45.2, 338.8), (48.0, 338.8), (48.0, 338.8), (48.0, 338.8), (48.0, 338.8), (50.8, 338.8), (50.8, 338.8), (50.8, 338.8), (50.8, 338.8), (50.8, 338.8), (50.8, 338.8), (50.8, 338.8), (50.8, 338.8), (50.8, 338.8), (50.8, 338.8), (50.8, 338.8), (50.8, 338.8), (50.8, 338.8), (50.8, 338.8), (50.8, 338.8), (50.8, 338.8), (50.8, 338.8), (50.8, 338.8), (50.8, 338.8), (50.8, 338.8), (50.8, 338.8), (50.8, 338.8), (50.8, 338.8), (50.8, 338.8), (50.8, 338.8), (50.8, 338.8)]",0,0,8.0
speedrunner,bomberman,8,Bomb,1,0,10.5,0.333,"[(48.0, 112.0), (64.8, 109.2), (92.8, 109.2), (115.2, 98.0), (115.2, 100.8), (115.2, 95.2), (115.2, 98.0), (115.2, 100.8), (115.2, 95.2), (115.2, 98.0), (115.2, 92.4), (115.2, 89.6), (115.2, 89.6), (115.2, 89.6), (115.2, 89.6), (115.2, 89.6), (115.2, 89.6), (115.2, 89.6), (115.2, 84.0), (115.2, 84.0), (115.2, 84.0), (115.2, 84.0), (115.2, 84.0), (115.2, 78.4), (115.2, 78.4), (115.2, 78.4), (115.2, 78.4), (115.2, 78.4), (115.2, 78.4), (115.2, 78.4), (115.2, 78.4), (112.4, 78.4), (109.6, 92.4), (109.6, 86.8), (109.6, 89.6), (109.6, 92.4), (109.6, 95.2), (109.6, 98.0), (109.6, 100.8), (109.6, 95.2), (109.6, 98.0), (109.6, 100.8), (109.6, 95.2), (109.6, 98.0), (109.6, 100.8), (109.6, 95.2), (109.6, 100.8), (109.6, 100.8), (109.6, 106.4), (95.6, 114.8), (84.4, 109.2), (62.0, 109.2), (62.0, 109.2), (62.0, 109.2), (62.0, 109.2), (62.0, 109.2), (62.0, 109.2), (62.0, 109.2), (62.0, 109.2), (62.0, 109.2), (62.0, 109.2), (62.0, 112.0), (62.0, 112.0), (62.0, 112.0), (73.2, 109.2), (104.0, 109.2), (126.4, 109.2), (148.8, 109.2), (171.2, 109.2), (193.6, 109.2), (221.6, 109.2), (244.0, 100.8), (244.0, 95.2), (244.0, 89.6), (244.0, 89.6), (244.0, 89.6), (244.0, 84.0), (244.0, 78.4), (244.0, 78.4), (244.0, 78.4), (244.0, 78.4), (244.0, 78.4), (244.0, 78.4), (244.0, 78.4), (244.0, 78.4), (238.4, 78.4), (238.4, 78.4), (238.4, 78.4), (238.4, 78.4), (238.4, 78.4), (238.4, 78.4), (238.4, 78.4), (238.4, 78.4), (238.4, 78.4), (238.4, 78.4), (238.4, 78.4), (238.4, 78.4), (238.4, 78.4), (238.4, 78.4), (238.4, 78.4), (238.4, 78.4), (238.4, 78.4), (238.4, 78.4), (238.4, 81.2), (238.4, 81.2), (238.4, 81.2), (238.4, 81.2), (238.4, 89.6), (238.4, 92.4), (238.4, 86.8), (238.4, 98.0), (238.4, 100.8), (238.4, 95.2), (238.4, 98.0), (238.4, 100.8), (238.4, 95.2), (238.4, 98.0), (238.4, 100.8), (238.4, 95.2), (238.4, 98.0), (238.4, 100.8)]",0,0,16.0
speedrunner,bomberman,8,Bomb,2,0,0.29,0.333,"[(48.0, 112.0), (45.2, 128.8), (45.2, 128.8), (45.2, 128.8), (45.2, 128.8), (45.2, 128.8), (45.2, 128.8), (48.0, 128.8), (48.0, 128.8), (48.0, 128.8), (48.0, 128.8), (48.0, 128.8), (48.0, 128.8), (48.0, 128.8), (48.0, 128.8), (48.0, 128.8), (48.0, 128.8), (50.8, 128.8), (45.2, 140.0), (45.2, 162.4), (45.2, 184.8), (45.2, 207.2), (45.2, 229.6), (45.2, 252.0), (45.2, 274.4), (45.2, 296.8), (45.2, 319.2), (45.2, 338.8), (45.2, 338.8), (45.2, 338.8), (45.2, 338.8), (45.2, 338.8), (45.2, 338.8), (45.2, 338.8), (45.2, 338.8), (45.2, 338.8), (45.2, 338.8), (45.2, 338.8), (45.2, 338.8), (45.2, 338.8), (45.2, 338.8), (45.2, 338.8), (45.2, 338.8), (45.2, 338.8), (45.2, 338.8), (45.2, 338.8), (45.2, 338.8), (45.2, 338.8), (45.2, 338.8), (45.2, 338.8), (45.2, 338.8), (45.2, 338.8), (45.2, 338.8), (45.2, 338.8), (45.2, 338.8), (45.2, 338.8), (45.2, 338.8), (45.2, 338.8), (45.2, 338.8), (45.2, 338.8), (45.2, 338.8), (45.2, 338.8), (45.2, 338.8), (45.2, 338.8), (45.2, 338.8), (45.2, 338.8), (45.2, 338.8), (45.2, 338.8), (45.2, 338.8), (50.8, 338.8), (50.8, 338.8), (50.8, 338.8), (50.8, 338.8), (50.8, 338.8)]",0,0,9.78
speedrunner,bomberman,8,Bomb,1,0,3.5,0.056,"[(48.0, 112.0), (45.2, 109.2), (45.2, 109.2), (45.2, 109.2), (45.2, 109.2), (45.2, 109.2), (45.2, 109.2), (45.2, 109.2), (45.2, 109.2), (45.2, 109.2), (45.2, 109.2), (45.2, 109.2), (64.8, 109.2), (64.8, 109.2), (64.8, 109.2), (64.8, 109.2), (64.8, 109.2), (64.8, 109.2), (64.8, 109.2), (64.8, 109.2), (64.8, 109.2), (64.8, 109.2), (64.8, 109.2), (64.8, 109.2), (64.8, 109.2), (64.8, 109.2), (62.0, 109.2), (62.0, 109.2), (62.0, 109.2), (62.0, 109.2), (62.0, 109.2)]",0,0,4.0
speedrunner,bomberman,8,Bomb,1,0,21.88,1.0,"[(48.0, 112.0), (70.4, 114.8), (101.2, 114.8), (115.2, 131.6), (115.2, 159.6), (126.4, 179.2), (151.6, 179.2), (176.8, 184.8), (179.6, 207.2), (179.6, 235.2), (199.2, 243.6), (227.2, 243.6), (244.0, 257.6), (244.0, 280.0), (244.0, 302.4), (266.4, 308.0), (288.8, 308.0), (288.8, 308.0), (288.8, 308.0), (291.6, 308.0), (297.2, 308.0), (297.2, 308.0), (297.2, 308.0), (302.8, 308.0), (305.6, 308.0), (305.6, 308.0), (305.6, 308.0), (311.2, 308.0), (314.0, 308.0), (314.0, 308.0), (316.8, 308.0), (319.6, 308.0), (319.6, 308.0), (342.0, 308.0), (353.2, 308.0), (353.2, 308.0), (353.2, 308.0), (353.2, 308.0), (353.2, 308.0), (353.2, 308.0), (353.2, 308.0), (353.2, 308.0), (353.2, 308.0), (353.2, 308.0), (353.2, 308.0), (353.2, 308.0), (353.2, 308.0), (353.2, 308.0), (353.2, 308.0), (353.2, 308.0), (353.2, 308.0), (353.2, 308.0), (353.2, 308.0), (350.4, 308.0), (350.4, 308.0), (353.2, 308.0), (353.2, 308.0), (353.2, 308.0), (353.2, 308.0), (353.2, 308.0), (353.2, 308.0), (353.2, 308.0), (353.2, 308.0), (353.2, 308.0), (361.6, 308.0), (384.0, 308.0), (406.4, 308.0), (417.6, 308.0), (417.6, 308.0), (417.6, 308.0), (417.6, 308.0), (417.6, 308.0), (417.6, 308.0), (417.6, 308.0), (417.6, 308.0), (417.6, 308.0), (417.6, 308.0), (417.6, 308.0), (417.6, 308.0), (417.6, 308.0), (417.6, 308.0), (417.6, 308.0), (417.6, 308.0), (417.6, 308.0), (417.6, 308.0), (417.6, 308.0), (417.6, 308.0), (417.6, 308.0), (417.6, 308.0), (417.6, 308.0), (417.6, 308.0), (417.6, 308.0), (417.6, 308.0), (417.6, 308.0), (417.6, 308.0), (417.6, 308.0), (417.6, 308.0), (417.6, 308.0), (417.6, 308.0), (417.6, 308.0), (414.8, 308.0), (414.8, 308.0), (414.8, 308.0), (414.8, 308.0), (414.8, 308.0), (414.8, 308.0), (414.8, 308.0), (414.8, 308.0), (417.6, 308.0), (417.6, 308.0), (417.6, 308.0), (417.6, 308.0), (417.6, 308.0), (417.6, 308.0), (417.6, 308.0), (417.6, 308.0), (417.6, 308.0), (417.6, 308.0), (417.6, 308.0), (417.6, 308.0), (417.6, 308.0)]",0,0,16.0
speedrunner,bomberman,8,Bomb,61,0,14.62,0.611,"[(48.0, 112.0), (70.4, 114.8), (101.2, 114.8), (115.2, 123.2), (115.2, 128.8), (115.2, 126.0), (115.2, 123.2), (115.2, 128.8), (115.2, 126.0), (115.2, 123.2), (115.2, 128.8), (115.2, 126.0), (115.2, 123.2), (115.2, 128.8), (115.2, 126.0), (115.2, 123.2), (115.2, 128.8), (115.2, 126.0), (115.2, 123.2), (115.2, 128.8), (115.2, 126.0), (115.2, 123.2), (115.2, 128.8), (115.2, 126.0), (115.2, 123.2), (115.2, 128.8), (115.2, 126.0), (115.2, 123.2), (115.2, 128.8), (115.2, 134.4), (115.2, 142.8), (115.2, 173.6), (137.6, 179.2), (165.6, 179.2), (179.6, 187.6), (179.6, 193.2), (179.6, 190.4), (179.6, 187.6), (179.6, 193.2), (179.6, 190.4), (179.6, 187.6), (179.6, 193.2), (179.6, 190.4), (179.6, 187.6), (179.6, 193.2), (179.6, 190.4), (179.6, 196.0), (179.6, 201.6), (179.6, 207.2), (179.6, 218.4), (179.6, 235.2), (199.2, 243.6), (227.2, 243.6), (244.0, 257.6), (244.0, 254.8), (244.0, 252.0), (244.0, 257.6), (244.0, 254.8), (244.0, 252.0), (244.0, 257.6), (244.0, 254.8), (244.0, 252.0), (244.0, 257.6), (244.0, 263.2), (244.0, 268.8), (244.0, 268.8), (244.0, 274.4), (244.0, 274.4), (244.0, 274.4), (244.0, 280.0), (244.0, 282.8), (244.0, 285.6), (244.0, 280.0), (244.0, 271.6), (244.0, 266.0), (244.0, 266.0), (244.0, 254.8), (244.0, 252.0), (244.0, 257.6), (244.0, 254.8), (244.0, 252.0), (244.0, 257.6), (244.0, 254.8), (244.0, 252.0), (244.0, 257.6), (244.0, 254.8), (244.0, 252.0), (244.0, 257.6), (244.0, 254.8), (244.0, 252.0), (244.0, 257.6)]",0,0,12.07
speedrunner,bomberman,8,Bomb,9,0,11.65,0.333,"[(48.0, 112.0), (70.4, 109.2), (101.2, 109.2), (115.2, 92.4), (115.2, 78.4), (115.2, 78.4), (115.2, 78.4), (115.2, 78.4), (115.2, 78.4), (115.2, 78.4), (115.2, 78.4), (115.2, 78.4), (115.2, 78.4), (115.2, 78.4), (115.2, 78.4), (115.2, 78.4), (115.2, 78.4), (115.2, 78.4), (115.2, 78.4), (115.2, 78.4), (115.2, 78.4), (115.2, 78.4), (115.2, 78.4), (115.2, 78.4), (115.2, 78.4), (115.2, 78.4), (115.2, 78.4), (115.2, 78.4), (115.2, 78.4), (115.2, 78.4), (115.2, 78.4), (115.2, 78.4), (115.2, 78.4), (115.2, 78.4), (115.2, 78.4), (115.2, 78.4), (115.2, 78.4), (115.2, 78.4), (115.2, 78.4), (115.2, 78.4), (115.2, 78.4), (115.2, 78.4), (115.2, 89.6), (115.2, 92.4), (115.2, 95.2), (115.2, 98.0), (115.2, 100.8), (115.2, 100.8), (115.2, 100.8), (115.2, 106.4), (129.2, 109.2), (151.6, 109.2), (174.0, 109.2), (196.4, 109.2), (224.4, 109.2), (244.0, 98.0), (244.0, 78.4), (244.0, 78.4), (244.0, 78.4), (244.0, 78.4), (244.0, 78.4), (244.0, 78.4), (244.0, 78.4), (244.0, 78.4), (244.0, 78.4), (244.0, 78.4), (244.0, 78.4), (244.0, 78.4), (244.0, 78.4), (244.0, 78.4), (244.0, 78.4), (244.0, 78.4), (244.0, 78.4), (244.0, 78.4), (244.0, 78.4), (244.0, 78.4), (244.0, 78.4), (244.0, 78.4), (244.0, 78.4), (244.0, 78.4), (244.0, 78.4), (244.0, 78.4), (244.0, 78.4), (244.0, 78.4), (244.0, 78.4), (244.0, 78.4), (244.0, 78.4), (244.0, 78.4), (244.0, 78.4), (244.0, 78.4), (244.0, 78.4), (244.0, 78.4), (244.0, 78.4), (244.0, 78.4), (244.0, 78.4), (244.0, 78.4), (244.0, 78.4), (244.0, 78.4), (244.0, 78.4), (244.0, 78.4), (244.0, 78.4), (244.0, 84.0), (244.0, 100.8), (244.0, 100.8), (244.0, 100.8), (244.0, 100.8), (244.0, 100.8), (244.0, 100.8), (244.0, 100.8), (244.0, 100.8), (244.0, 100.8), (244.0, 100.8), (244.0, 100.8), (244.0, 100.8), (244.0, 100.8), (244.0, 100.8), (244.0, 100.8), (244.0, 100.8)]",0,0,15.62
speedrunner,bomberman,8,Stuck,1,0,6.21,0.111,"[(48.0, 112.0), (70.4, 109.2), (101.2, 109.2), (115.2, 92.4), (115.2, 78.4), (115.2, 78.4), (115.2, 78.4), (115.2, 78.4), (115.2, 78.4), (115.2, 78.4), (115.2, 78.4), (115.2, 78.4), (115.2, 78.4), (115.2, 78.4), (115.2, 78.4), (115.2, 78.4), (115.2, 78.4), (115.2, 78.4), (115.2, 78.4), (115.2, 78.4), (115.2, 78.4), (115.2, 78.4), (115.2, 78.4), (115.2, 78.4), (115.2, 78.4), (115.2, 78.4), (115.2, 78.4), (115.2, 78.4), (115.2, 78.4), (115.2, 78.4), (115.2, 78.4), (115.2, 78.4), (115.2, 78.4), (115.2, 78.4), (115.2, 78.4), (115.2, 78.4), (115.2, 78.4), (115.2, 78.4), (115.2, 78.4), (115.2, 78.4), (115.2, 78.4), (115.2, 78.4), (115.2, 78.4), (115.2, 78.4), (115.2, 78.4), (115.2, 78.4), (115.2, 78.4), (115.2, 78.4), (115.2, 78.4), (115.2, 78.4), (115.2, 78.4), (115.2, 78.4), (115.2, 78.4), (115.2, 78.4), (115.2, 78.4), (115.2, 78.4), (115.2, 78.4), (115.2, 78.4), (115.2, 78.4), (115.2, 78.4), (115.2, 78.4), (115.2, 78.4), (115.2, 78.4), (115.2, 78.4), (115.2, 78.4), (115.2, 78.4), (115.2, 78.4), (115.2, 78.4), (115.2, 78.4), (115.2, 78.4), (115.2, 78.4), (115.2, 78.4)]",0,0,9.47
speedrunner,bomberman,8,Bomb,1,0,-0.7,0.056,"[(48.0, 112.0), (45.2, 109.2), (45.2, 126.0), (45.2, 126.0), (45.2, 126.0), (45.2, 126.0), (45.2, 126.0), (45.2, 126.0), (45.2, 126.0), (45.2, 126.0), (45.2, 126.0), (45.2, 126.0), (45.2, 126.0), (45.2, 126.0), (45.2, 126.0), (45.2, 126.0), (45.2, 126.0), (45.2, 126.0), (45.2, 126.0), (45.2, 126.0), (45.2, 126.0), (45.2, 126.0), (45.2, 126.0), (45.2, 126.0), (45.2, 126.0), (45.2, 126.0), (45.2, 126.0), (45.2, 126.0), (45.2, 126.0), (45.2, 126.0), (45.2, 126.0)]",0,0,4.0
speedrunner,bomberman,8,Bomb,1,0,21.88,1.0,"[(48.0, 112.0), (70.4, 114.8), (101.2, 114.8), (115.2, 131.6), (115.2, 159.6), (126.4, 179.2), (151.6, 179.2), (176.8, 184.8), (179.6, 207.2), (179.6, 235.2), (199.2, 243.6), (227.2, 243.6), (244.0, 257.6), (244.0, 280.0), (244.0, 302.4), (266.4, 308.0), (288.8, 308.0), (288.8, 308.0), (288.8, 308.0), (291.6, 308.0), (297.2, 308.0), (297.2, 308.0), (297.2, 308.0), (302.8, 308.0), (305.6, 308.0), (305.6, 308.0), (305.6, 308.0), (311.2, 308.0), (314.0, 308.0), (314.0, 308.0), (316.8, 308.0), (319.6, 308.0), (319.6, 308.0), (342.0, 308.0), (353.2, 308.0), (353.2, 308.0), (353.2, 308.0), (353.2, 308.0), (353.2, 308.0), (353.2, 308.0), (353.2, 308.0), (353.2, 308.0), (353.2, 308.0), (353.2, 308.0), (353.2, 308.0), (353.2, 308.0), (353.2, 308.0), (353.2, 308.0), (353.2, 308.0), (353.2, 308.0), (353.2, 308.0), (353.2, 308.0), (353.2, 308.0), (350.4, 308.0), (350.4, 308.0), (353.2, 308.0), (353.2, 308.0), (353.2, 308.0), (353.2, 308.0), (353.2, 308.0), (353.2, 308.0), (353.2, 308.0), (353.2, 308.0), (353.2, 308.0), (361.6, 308.0), (384.0, 308.0), (406.4, 308.0), (417.6, 308.0), (417.6, 308.0), (417.6, 308.0), (417.6, 308.0), (417.6, 308.0), (417.6, 308.0), (417.6, 308.0), (417.6, 308.0), (417.6, 308.0), (417.6, 308.0), (417.6, 308.0), (417.6, 308.0), (417.6, 308.0), (417.6, 308.0), (417.6, 308.0), (417.6, 308.0), (417.6, 308.0), (417.6, 308.0), (417.6, 308.0), (417.6, 308.0), (417.6, 308.0), (417.6, 308.0), (417.6, 308.0), (417.6, 308.0), (417.6, 308.0), (417.6, 308.0), (417.6, 308.0), (417.6, 308.0), (417.6, 308.0), (417.6, 308.0), (417.6, 308.0), (417.6, 308.0), (417.6, 308.0), (414.8, 308.0), (414.8, 308.0), (414.8, 308.0), (414.8, 308.0), (414.8, 308.0), (414.8, 308.0), (414.8, 308.0), (414.8, 308.0), (417.6, 308.0), (417.6, 308.0), (417.6, 308.0), (417.6, 308.0), (417.6, 308.0), (417.6, 308.0), (417.6, 308.0), (417.6, 308.0), (417.6, 308.0), (417.6, 308.0), (417.6, 308.0), (417.6, 308.0), (417.6, 308.0)]",0,0,16.0
speedrunner,bomberman,8,Bomb,61,0,14.62,0.611,"[(48.0, 112.0), (70.4, 114.8), (101.2, 114.8), (115.2, 123.2), (115.2, 128.8), (115.2, 126.0), (115.2, 123.2), (115.2, 128.8), (115.2, 126.0), (115.2, 123.2), (115.2, 128.8), (115.2, 126.0), (115.2, 123.2), (115.2, 128.8), (115.2, 126.0), (115.2, 123.2), (115.2, 128.8), (115.2, 126.0), (115.2, 123.2), (115.2, 128.8), (115.2, 126.0), (115.2, 123.2), (115.2, 128.8), (115.2, 126.0), (115.2, 123.2), (115.2, 128.8), (115.2, 126.0), (115.2, 123.2), (115.2, 128.8), (115.2, 134.4), (115.2, 142.8), (115.2, 173.6), (137.6, 179.2), (165.6, 179.2), (179.6, 187.6), (179.6, 193.2), (179.6, 190.4), (179.6, 187.6), (179.6, 193.2), (179.6, 190.4), (179.6, 187.6), (179.6, 193.2), (179.6, 190.4), (179.6, 187.6), (179.6, 193.2), (179.6, 190.4), (179.6, 196.0), (179.6, 201.6), (179.6, 207.2), (179.6, 218.4), (179.6, 235.2), (199.2, 243.6), (227.2, 243.6), (244.0, 257.6), (244.0, 254.8), (244.0, 252.0), (244.0, 257.6), (244.0, 254.8), (244.0, 252.0), (244.0, 257.6), (244.0, 254.8), (244.0, 252.0), (244.0, 257.6), (244.0, 263.2), (244.0, 268.8), (244.0, 268.8), (244.0, 274.4), (244.0, 274.4), (244.0, 274.4), (244.0, 280.0), (244.0, 282.8), (244.0, 285.6), (244.0, 280.0), (244.0, 271.6), (244.0, 266.0), (244.0, 266.0), (244.0, 254.8), (244.0, 252.0), (244.0, 257.6), (244.0, 254.8), (244.0, 252.0), (244.0, 257.6), (244.0, 254.8), (244.0, 252.0), (244.0, 257.6), (244.0, 254.8), (244.0, 252.0), (244.0, 257.6), (244.0, 254.8), (244.0, 252.0), (244.0, 257.6)]",0,0,12.07
speedrunner,bomberman,8,Bomb,31,0,14.58,0.389,"[(48.0, 112.0), (70.4, 114.8), (101.2, 114.8), (115.2, 131.6), (115.2, 142.8), (115.2, 148.4), (115.2, 156.8), (115.2, 151.2), (115.2, 162.4), (126.4, 179.2), (151.6, 179.2), (176.8, 184.8), (179.6, 190.4), (179.6, 187.6), (179.6, 193.2), (179.6, 190.4), (179.6, 187.6), (179.6, 193.2), (179.6, 190.4), (179.6, 187.6), (179.6, 193.2), (179.6, 190.4), (179.6, 187.6), (179.6, 193.2), (179.6, 190.4), (179.6, 187.6), (179.6, 193.2), (179.6, 190.4), (179.6, 187.6), (179.6, 193.2), (179.6, 198.8), (179.6, 204.4), (179.6, 196.0), (179.6, 201.6), (179.6, 198.8), (179.6, 204.4), (179.6, 204.4), (179.6, 204.4), (179.6, 204.4), (179.6, 204.4), (179.6, 204.4), (179.6, 204.4), (179.6, 210.0), (179.6, 210.0), (179.6, 210.0), (179.6, 210.0), (179.6, 210.0), (179.6, 204.4), (179.6, 204.4), (179.6, 204.4), (179.6, 204.4), (179.6, 204.4), (179.6, 196.0), (179.6, 201.6), (179.6, 198.8), (179.6, 196.0), (179.6, 193.2), (179.6, 190.4), (179.6, 187.6), (179.6, 193.2), (179.6, 190.4)]",0,0,8.07
speedrunner,bomberman,8,Bomb,9,0,11.65,0.333,"[(48.0, 112.0), (70.4, 109.2), (101.2, 109.2), (115.2, 92.4), (115.2, 78.4), (115.2, 78.4), (115.2, 78.4), (115.2, 78.4), (115.2, 78.4), (115.2, 78.4), (115.2, 78.4), (115.2, 78.4), (115.2, 78.4), (115.2, 78.4), (115.2, 78.4), (115.2, 78.4), (115.2, 78.4), (115.2, 78.4), (115.2, 78.4), (115.2, 78.4), (115.2, 78.4), (115.2, 78.4), (115.2, 78.4), (115.2, 78.4), (115.2, 78.4), (115.2, 78.4), (115.2, 78.4), (115.2, 78.4), (115.2, 78.4), (115.2, 78.4), (115.2, 78.4), (115.2, 78.4), (115.2, 78.4), (115.2, 78.4), (115.2, 78.4), (115.2, 78.4), (115.2, 78.4), (115.2, 78.4), (115.2, 78.4), (115.2, 78.4), (115.2, 78.4), (115.2, 78.4), (115.2, 89.6), (115.2, 92.4), (115.2, 95.2), (115.2, 98.0), (115.2, 100.8), (115.2, 100.8), (115.2, 100.8), (115.2, 106.4), (129.2, 109.2), (151.6, 109.2), (174.0, 109.2), (196.4, 109.2), (224.4, 109.2), (244.0, 98.0), (244.0, 78.4), (244.0, 78.4), (244.0, 78.4), (244.0, 78.4), (244.0, 78.4), (244.0, 78.4), (244.0, 78.4), (244.0, 78.4), (244.0, 78.4), (244.0, 78.4), (244.0, 78.4), (244.0, 78.4), (244.0, 78.4), (244.0, 78.4), (244.0, 78.4), (244.0, 78.4), (244.0, 78.4), (244.0, 78.4), (244.0, 78.4), (244.0, 78.4), (244.0, 78.4), (244.0, 78.4), (244.0, 78.4), (244.0, 78.4), (244.0, 78.4), (244.0, 78.4), (244.0, 78.4), (244.0, 78.4), (244.0, 78.4), (244.0, 78.4), (244.0, 78.4), (244.0, 78.4), (244.0, 78.4), (244.0, 78.4), (244.0, 78.4), (244.0, 78.4), (244.0, 78.4), (244.0, 78.4), (244.0, 78.4), (244.0, 78.4), (244.0, 78.4), (244.0, 78.4), (244.0, 78.4), (244.0, 78.4), (244.0, 78.4), (244.0, 84.0), (244.0, 100.8), (244.0, 100.8), (244.0, 100.8), (244.0, 100.8), (244.0, 100.8), (244.0, 100.8), (244.0, 100.8), (244.0, 100.8), (244.0, 100.8), (244.0, 100.8), (244.0, 100.8), (244.0, 100.8), (244.0, 100.8), (244.0, 100.8), (244.0, 100.8), (244.0, 100.8)]",0,0,15.62
speedrunner,bomberman,8,Bomb,12,0,7.35,0.167,"[(48.0, 112.0), (70.4, 109.2), (101.2, 112.0), (115.2, 123.2), (115.2, 128.8), (115.2, 126.0), (115.2, 123.2), (115.2, 128.8), (115.2, 126.0), (115.2, 123.2), (115.2, 128.8), (115.2, 126.0), (115.2, 123.2), (115.2, 128.8), (115.2, 126.0), (115.2, 123.2), (115.2, 128.8), (115.2, 126.0), (115.2, 123.2), (115.2, 128.8), (115.2, 126.0), (115.2, 123.2), (115.2, 128.8), (115.2, 126.0), (115.2, 123.2), (115.2, 128.8), (115.2, 126.0), (115.2, 123.2), (115.2, 128.8), (115.2, 126.0), (115.2, 123.2), (115.2, 128.8), (115.2, 126.0), (115.2, 123.2), (115.2, 128.8), (115.2, 126.0), (115.2, 123.2), (115.2, 128.8), (115.2, 126.0), (115.2, 123.2), (115.2, 128.8), (115.2, 126.0), (115.2, 123.2), (115.2, 128.8), (115.2, 126.0), (115.2, 123.2), (115.2, 128.8), (115.2, 126.0), (115.2, 123.2), (115.2, 128.8), (115.2, 126.0), (115.2, 123.2), (115.2, 128.8), (115.2, 126.0), (115.2, 123.2), (115.2, 123.2), (115.2, 123.2), (115.2, 123.2), (115.2, 123.2), (115.2, 123.2), (115.2, 123.2)]",0,0,8.0
speedrunner,bomberman,8,Bomb,40,0,22.05,0.611,"[(48.0, 112.0), (70.4, 114.8), (101.2, 114.8), (115.2, 131.6), (115.2, 159.6), (126.4, 179.2), (151.6, 179.2), (176.8, 184.8), (179.6, 190.4), (179.6, 187.6), (179.6, 193.2), (179.6, 190.4), (179.6, 187.6), (179.6, 193.2), (179.6, 190.4), (179.6, 187.6), (179.6, 193.2), (179.6, 190.4), (179.6, 187.6), (179.6, 193.2), (179.6, 190.4), (179.6, 196.0), (179.6, 201.6), (179.6, 207.2), (179.6, 212.8), (179.6, 224.0), (188.0, 243.6), (210.4, 243.6), (238.4, 246.4), (244.0, 252.0), (244.0, 257.6), (244.0, 254.8), (244.0, 252.0), (244.0, 257.6), (244.0, 254.8), (244.0, 252.0), (244.0, 257.6), (244.0, 254.8), (244.0, 252.0), (244.0, 257.6), (244.0, 254.8), (244.0, 252.0), (244.0, 257.6), (244.0, 254.8), (244.0, 252.0), (244.0, 257.6), (244.0, 254.8), (244.0, 252.0), (244.0, 257.6), (244.0, 254.8), (244.0, 252.0), (244.0, 257.6), (244.0, 254.8), (244.0, 252.0), (244.0, 257.6), (244.0, 254.8), (244.0, 260.4), (244.0, 257.6), (244.0, 263.2), (244.0, 260.4), (244.0, 266.0)]",0,0,8.0
speedrunner,bomberman,8,Bomb,88,0,0.17,0.444,"[(48.0, 112.0), (64.8, 109.2), (92.8, 109.2), (115.2, 98.0), (115.2, 78.4), (115.2, 78.4), (115.2, 78.4), (115.2, 78.4), (115.2, 78.4), (115.2, 78.4), (115.2, 78.4), (115.2, 78.4), (115.2, 78.4), (115.2, 78.4), (115.2, 78.4), (115.2, 78.4), (115.2, 78.4), (115.2, 78.4), (115.2, 78.4), (115.2, 78.4), (115.2, 78.4), (115.2, 95.2), (126.4, 114.8), (148.8, 109.2), (171.2, 109.2), (171.2, 112.0), (171.2, 112.0), (171.2, 112.0), (171.2, 112.0), (171.2, 112.0), (171.2, 112.0), (171.2, 112.0), (171.2, 112.0), (171.2, 112.0), (171.2, 112.0), (171.2, 112.0), (171.2, 112.0), (171.2, 112.0), (171.2, 112.0), (171.2, 112.0), (171.2, 112.0), (171.2, 112.0), (188.0, 114.8), (193.6, 114.8), (193.6, 114.8), (193.6, 114.8), (193.6, 114.8), (193.6, 114.8), (210.4, 114.8), (238.4, 117.6), (238.4, 140.0), (238.4, 170.8), (218.8, 179.2), (190.8, 179.2), (190.8, 179.2), (190.8, 179.2), (190.8, 179.2), (190.8, 179.2), (190.8, 179.2), (190.8, 179.2), (190.8, 179.2), (190.8, 179.2), (190.8, 179.2), (190.8, 179.2), (185.2, 179.2), (174.0, 198.8), (174.0, 226.8), (162.8, 243.6), (140.4, 243.6), (112.4, 249.2), (109.6, 271.6), (109.6, 299.6), (90.0, 308.0), (59.2, 308.0), (45.2, 324.8), (45.2, 338.8), (45.2, 338.8), (45.2, 338.8), (45.2, 338.8), (45.2, 338.8), (45.2, 338.8), (45.2, 338.8), (45.2, 338.8), (45.2, 338.8), (45.2, 338.8), (45.2, 338.8), (45.2, 338.8), (45.2, 338.8), (45.2, 338.8), (45.2, 338.8), (45.2, 338.8), (45.2, 338.8), (45.2, 338.8), (45.2, 338.8), (45.2, 338.8), (45.2, 338.8), (45.2, 338.8), (45.2, 338.8), (45.2, 338.8), (45.2, 338.8), (45.2, 338.8), (45.2, 338.8), (45.2, 338.8), (45.2, 338.8), (45.2, 338.8), (45.2, 338.8), (45.2, 338.8), (45.2, 338.8), (45.2, 338.8), (45.2, 338.8), (45.2, 338.8), (45.2, 338.8), (45.2, 338.8), (45.2, 338.8), (45.2, 338.8), (45.2, 338.8), (45.2, 338.8), (45.2, 338.8), (45.2, 338.8), (45.2, 338.8), (45.2, 338.8)]",0,0,16.0
speedrunner,bomberman,8,Stuck,0,0,10.92,0.167,"[(48.0, 112.0), (70.4, 114.8), (101.2, 114.8), (115.2, 126.0), (115.2, 126.0), (115.2, 126.0), (115.2, 126.0), (115.2, 126.0), (115.2, 126.0), (115.2, 126.0), (115.2, 126.0), (115.2, 126.0), (115.2, 126.0), (115.2, 126.0), (115.2, 126.0), (115.2, 126.0), (115.2, 126.0), (115.2, 126.0), (115.2, 126.0), (115.2, 126.0), (115.2, 126.0), (115.2, 126.0), (115.2, 126.0), (115.2, 126.0), (115.2, 126.0), (115.2, 126.0), (115.2, 126.0), (115.2, 126.0), (115.2, 126.0), (115.2, 126.0), (115.2, 126.0), (115.2, 126.0), (115.2, 126.0), (115.2, 126.0), (115.2, 126.0), (115.2, 126.0), (115.2, 126.0), (115.2, 126.0), (115.2, 126.0), (115.2, 126.0), (115.2, 126.0)]",0,0,5.38
speedrunner,bomberman,8,Bomb,1,0,-0.35,0.333,"[(48.0, 112.0), (45.2, 134.4), (45.2, 156.8), (45.2, 179.2), (45.2, 201.6), (45.2, 224.0), (45.2, 246.4), (45.2, 268.8), (45.2, 291.2), (45.2, 313.6), (45.2, 336.0), (45.2, 338.8), (45.2, 338.8), (45.2, 338.8), (45.2, 338.8), (45.2, 338.8), (45.2, 338.8), (45.2, 338.8), (45.2, 338.8), (45.2, 338.8), (45.2, 338.8), (45.2, 338.8), (45.2, 338.8), (45.2, 338.8), (45.2, 338.8), (45.2, 338.8), (45.2, 338.8), (45.2, 338.8), (45.2, 338.8), (45.2, 338.8), (45.2, 338.8), (45.2, 338.8), (45.2, 338.8), (45.2, 338.8), (45.2, 338.8), (45.2, 338.8), (45.2, 338.8), (45.2, 338.8), (45.2, 338.8), (45.2, 338.8), (45.2, 336.0), (45.2, 313.6), (45.2, 291.2), (45.2, 285.6), (45.2, 285.6), (45.2, 285.6), (45.2, 285.6), (45.2, 285.6), (45.2, 285.6), (45.2, 285.6), (45.2, 285.6), (45.2, 285.6), (45.2, 285.6), (45.2, 285.6), (45.2, 285.6), (45.2, 285.6), (45.2, 308.0), (45.2, 308.0), (45.2, 308.0), (45.2, 308.0), (45.2, 308.0)]",0,0,8.0
speedrunner,bomberman,8,Bomb,1,0,30.45,0.778,"[(48.0, 112.0), (70.4, 114.8), (101.2, 114.8), (115.2, 131.6), (115.2, 159.6), (126.4, 179.2), (151.6, 179.2), (176.8, 184.8), (179.6, 207.2), (179.6, 235.2), (199.2, 243.6), (227.2, 243.6), (244.0, 257.6), (244.0, 280.0), (244.0, 302.4), (266.4, 308.0), (288.8, 308.0), (288.8, 308.0), (288.8, 308.0), (288.8, 308.0), (288.8, 308.0), (288.8, 308.0), (291.6, 308.0), (294.4, 308.0), (297.2, 308.0), (297.2, 308.0), (300.0, 308.0), (305.6, 308.0), (305.6, 308.0), (308.4, 308.0), (311.2, 308.0), (311.2, 308.0), (311.2, 308.0), (311.2, 308.0), (311.2, 308.0), (311.2, 308.0), (311.2, 308.0), (311.2, 308.0), (311.2, 308.0), (311.2, 308.0), (311.2, 308.0), (311.2, 308.0), (311.2, 308.0), (311.2, 308.0), (311.2, 308.0), (311.2, 308.0), (311.2, 308.0), (311.2, 308.0), (311.2, 308.0), (311.2, 308.0), (311.2, 308.0), (311.2, 308.0), (311.2, 308.0), (311.2, 308.0), (311.2, 308.0), (311.2, 308.0), (311.2, 308.0), (311.2, 308.0), (311.2, 308.0), (311.2, 308.0), (311.2, 308.0)]",0,0,8.0
speedrunner,bomberman,8,Bomb,1,0,21.88,1.0,"[(48.0, 112.0), (70.4, 114.8), (101.2, 114.8), (115.2, 131.6), (115.2, 159.6), (126.4, 179.2), (151.6, 179.2), (176.8, 184.8), (179.6, 207.2), (179.6, 235.2), (199.2, 243.6), (227.2, 243.6), (244.0, 257.6), (244.0, 280.0), (244.0, 302.4), (266.4, 308.0), (288.8, 308.0), (288.8, 308.0), (288.8, 308.0), (291.6, 308.0), (297.2, 308.0), (297.2, 308.0), (297.2, 308.0), (302.8, 308.0), (305.6, 308.0), (305.6, 308.0), (305.6, 308.0), (311.2, 308.0), (314.0, 308.0), (314.0, 308.0), (316.8, 308.0), (319.6, 308.0), (319.6, 308.0), (342.0, 308.0), (353.2, 308.0), (353.2, 308.0), (353.2, 308.0), (353.2, 308.0), (353.2, 308.0), (353.2, 308.0), (353.2, 308.0), (353.2, 308.0), (353.2, 308.0), (353.2, 308.0), (353.2, 308.0), (353.2, 308.0), (353.2, 308.0), (353.2, 308.0), (353.2, 308.0), (353.2, 308.0), (353.2, 308.0), (353.2, 308.0), (353.2, 308.0), (350.4, 308.0), (350.4, 308.0), (353.2, 308.0), (353.2, 308.0), (353.2, 308.0), (353.2, 308.0), (353.2, 308.0), (353.2, 308.0), (353.2, 308.0), (353.2, 308.0), (353.2, 308.0), (361.6, 308.0), (384.0, 308.0), (406.4, 308.0), (417.6, 308.0), (417.6, 308.0), (417.6, 308.0), (417.6, 308.0), (417.6, 308.0), (417.6, 308.0), (417.6, 308.0), (417.6, 308.0), (417.6, 308.0), (417.6, 308.0), (417.6, 308.0), (417.6, 308.0), (417.6, 308.0), (417.6, 308.0), (417.6, 308.0), (417.6, 308.0), (417.6, 308.0), (417.6, 308.0), (417.6, 308.0), (417.6, 308.0), (417.6, 308.0), (417.6, 308.0), (417.6, 308.0), (417.6, 308.0), (417.6, 308.0), (417.6, 308.0), (417.6, 308.0), (417.6, 308.0), (417.6, 308.0), (417.6, 308.0), (417.6, 308.0), (417.6, 308.0), (417.6, 308.0), (414.8, 308.0), (414.8, 308.0), (414.8, 308.0), (414.8, 308.0), (414.8, 308.0), (414.8, 308.0), (414.8, 308.0), (414.8, 308.0), (417.6, 308.0), (417.6, 308.0), (417.6, 308.0), (417.6, 308.0), (417.6, 308.0), (417.6, 308.0), (417.6, 308.0), (417.6, 308.0), (417.6, 308.0), (417.6, 308.0), (417.6, 308.0), (417.6, 308.0), (417.6, 308.0)]",0,0,16.0
speedrunner,bomberman,8,Bomb,1,0,30.45,0.778,"[(48.0, 112.0), (70.4, 114.8), (101.2, 114.8), (115.2, 131.6), (115.2, 159.6), (126.4, 179.2), (151.6, 179.2), (176.8, 184.8), (179.6, 207.2), (179.6, 235.2), (199.2, 243.6), (227.2, 243.6), (244.0, 257.6), (244.0, 280.0), (244.0, 302.4), (266.4, 308.0), (288.8, 308.0), (288.8, 308.0), (288.8, 308.0), (288.8, 308.0), (288.8, 308.0), (288.8, 308.0), (291.6, 308.0), (294.4, 308.0), (297.2, 308.0), (297.2, 308.0), (300.0, 308.0), (305.6, 308.0), (305.6, 308.0), (308.4, 308.0), (311.2, 308.0), (311.2, 308.0), (311.2, 308.0), (311.2, 308.0), (311.2, 308.0), (311.2, 308.0), (311.2, 308.0), (311.2, 308.0), (311.2, 308.0), (311.2, 308.0), (311.2, 308.0), (311.2, 308.0), (311.2, 308.0), (311.2, 308.0), (311.2, 308.0), (311.2, 308.0), (311.2, 308.0), (311.2, 308.0), (311.2, 308.0), (311.2, 308.0), (311.2, 308.0), (311.2, 308.0), (311.2, 308.0), (311.2, 308.0), (311.2, 308.0), (311.2, 308.0), (311.2, 308.0), (311.2, 308.0), (311.2, 308.0), (311.2, 308.0), (311.2, 308.0)]",0,0,8.0
speedrunner,bomberman,8,Bomb,40,0,22.05,0.611,"[(48.0, 112.0), (70.4, 114.8), (101.2, 114.8), (115.2, 131.6), (115.2, 159.6), (126.4, 179.2), (151.6, 179.2), (176.8, 184.8), (179.6, 190.4), (179.6, 187.6), (179.6, 193.2), (179.6, 190.4), (179.6, 187.6), (179.6, 193.2), (179.6, 190.4), (179.6, 187.6), (179.6, 193.2), (179.6, 190.4), (179.6, 187.6), (179.6, 193.2), (179.6, 190.4), (179.6, 196.0), (179.6, 201.6), (179.6, 207.2), (179.6, 212.8), (179.6, 224.0), (188.0, 243.6), (210.4, 243.6), (238.4, 246.4), (244.0, 252.0), (244.0, 257.6), (244.0, 254.8), (244.0, 252.0), (244.0, 257.6), (244.0, 254.8), (244.0, 252.0), (244.0, 257.6), (244.0, 254.8), (244.0, 252.0), (244.0, 257.6), (244.0, 254.8), (244.0, 252.0), (244.0, 257.6), (244.0, 254.8), (244.0, 252.0), (244.0, 257.6), (244.0, 254.8), (244.0, 252.0), (244.0, 257.6), (244.0, 254.8), (244.0, 252.0), (244.0, 257.6), (244.0, 254.8), (244.0, 252.0), (244.0, 257.6), (244.0, 254.8), (244.0, 260.4), (244.0, 257.6), (244.0, 263.2), (244.0, 260.4), (244.0, 266.0)]",0,0,8.0
speedrunner,bomberman,8,Bomb,61,0,14.62,0.611,"[(48.0, 112.0), (70.4, 114.8), (101.2, 114.8), (115.2, 123.2), (115.2, 128.8), (115.2, 126.0), (115.2, 123.2), (115.2, 128.8), (115.2, 126.0), (115.2, 123.2), (115.2, 128.8), (115.2, 126.0), (115.2, 123.2), (115.2, 128.8), (115.2, 126.0), (115.2, 123.2), (115.2, 128.8), (115.2, 126.0), (115.2, 123.2), (115.2, 128.8), (115.2, 126.0), (115.2, 123.2), (115.2, 128.8), (115.2, 126.0), (115.2, 123.2), (115.2, 128.8), (115.2, 126.0), (115.2, 123.2), (115.2, 128.8), (115.2, 134.4), (115.2, 142.8), (115.2, 173.6), (137.6, 179.2), (165.6, 179.2), (179.6, 187.6), (179.6, 193.2), (179.6, 190.4), (179.6, 187.6), (179.6, 193.2), (179.6, 190.4), (179.6, 187.6), (179.6, 193.2), (179.6, 190.4), (179.6, 187.6), (179.6, 193.2), (179.6, 190.4), (179.6, 196.0), (179.6, 201.6), (179.6, 207.2), (179.6, 218.4), (179.6, 235.2), (199.2, 243.6), (227.2, 243.6), (244.0, 257.6), (244.0, 254.8), (244.0, 252.0), (244.0, 257.6), (244.0, 254.8), (244.0, 252.0), (244.0, 257.6), (244.0, 254.8), (244.0, 252.0), (244.0, 257.6), (244.0, 263.2), (244.0, 268.8), (244.0, 268.8), (244.0, 274.4), (244.0, 274.4), (244.0, 274.4), (244.0, 280.0), (244.0, 282.8), (244.0, 285.6), (244.0, 280.0), (244.0, 271.6), (244.0, 266.0), (244.0, 266.0), (244.0, 254.8), (244.0, 252.0), (244.0, 257.6), (244.0, 254.8), (244.0, 252.0), (244.0, 257.6), (244.0, 254.8), (244.0, 252.0), (244.0, 257.6), (244.0, 254.8), (244.0, 252.0), (244.0, 257.6), (244.0, 254.8), (244.0, 252.0), (244.0, 257.6)]",0,0,12.07
speedrunner,bomberman,8,Bomb,6,0,45.85,1.0,"[(48.0, 112.0), (70.4, 114.8), (101.2, 114.8), (115.2, 131.6), (115.2, 159.6), (126.4, 179.2), (151.6, 179.2), (176.8, 184.8), (179.6, 207.2), (179.6, 235.2), (199.2, 243.6), (227.2, 243.6), (244.0, 257.6), (244.0, 282.8), (249.6, 308.0), (272.0, 308.0), (294.4, 308.0), (316.8, 308.0), (339.2, 308.0), (361.6, 308.0), (384.0, 308.0), (406.4, 308.0), (428.8, 308.0), (434.4, 308.0), (434.4, 308.0), (434.4, 308.0), (434.4, 308.0), (434.4, 308.0), (434.4, 308.0), (434.4, 308.0), (434.4, 308.0), (434.4, 308.0), (434.4, 308.0), (434.4, 308.0), (434.4, 308.0), (434.4, 308.0), (434.4, 308.0), (434.4, 308.0), (434.4, 308.0), (434.4, 308.0), (434.4, 308.0), (434.4, 308.0), (434.4, 308.0), (434.4, 308.0), (434.4, 308.0), (434.4, 308.0), (434.4, 308.0), (434.4, 308.0), (434.4, 308.0), (434.4, 308.0), (434.4, 308.0), (434.4, 308.0), (434.4, 308.0), (434.4, 308.0), (434.4, 308.0), (434.4, 308.0), (434.4, 308.0), (434.4, 308.0), (434.4, 308.0), (434.4, 308.0), (434.4, 308.0)]",0,0,8.0
speedrunner,bomberman,8,Bomb,1,0,40.25,0.944,"[(48.0, 112.0), (50.8, 134.4), (50.8, 165.2), (64.8, 179.2), (92.8, 179.2), (115.2, 190.4), (115.2, 212.8), (118.0, 240.8), (140.4, 243.6), (168.4, 243.6), (179.6, 263.2), (179.6, 291.2), (190.8, 308.0), (213.2, 308.0), (235.6, 308.0), (258.0, 308.0), (280.4, 308.0), (302.8, 308.0), (305.6, 308.0), (305.6, 308.0), (305.6, 308.0), (308.4, 308.0), (314.0, 308.0), (314.0, 308.0), (314.0, 308.0), (314.0, 308.0), (319.6, 308.0), (330.8, 308.0), (353.2, 308.0), (353.2, 308.0), (353.2, 308.0), (353.2, 308.0), (353.2, 308.0), (353.2, 308.0), (353.2, 308.0), (353.2, 308.0), (353.2, 308.0), (353.2, 308.0), (353.2, 308.0), (353.2, 308.0), (353.2, 308.0), (353.2, 308.0), (353.2, 308.0), (353.2, 308.0), (353.2, 308.0), (353.2, 308.0), (356.0, 308.0), (361.6, 308.0), (361.6, 308.0), (361.6, 308.0), (364.4, 308.0), (367.2, 308.0), (370.0, 308.0), (370.0, 308.0), (372.8, 308.0), (384.0, 308.0), (384.0, 308.0), (384.0, 308.0), (384.0, 308.0), (384.0, 308.0), (384.0, 308.0)]",0,0,8.0
speedrunner,bomberman,8,Bomb,2,0,35.7,0.889,"[(48.0, 112.0), (70.4, 114.8), (101.2, 114.8), (115.2, 131.6), (115.2, 159.6), (126.4, 179.2), (151.6, 179.2), (176.8, 184.8), (179.6, 207.2), (179.6, 235.2), (199.2, 243.6), (227.2, 243.6), (244.0, 257.6), (244.0, 280.0), (244.0, 302.4), (266.4, 308.0), (288.8, 308.0), (291.6, 308.0), (294.4, 308.0), (297.2, 308.0), (297.2, 308.0), (300.0, 308.0), (305.6, 308.0), (305.6, 308.0), (305.6, 308.0), (311.2, 308.0), (314.0, 308.0), (314.0, 308.0), (316.8, 308.0), (319.6, 308.0), (342.0, 308.0), (353.2, 308.0), (353.2, 308.0), (353.2, 308.0), (353.2, 308.0), (353.2, 308.0), (353.2, 308.0), (353.2, 308.0), (353.2, 308.0), (353.2, 308.0), (353.2, 308.0), (353.2, 308.0), (353.2, 308.0), (353.2, 308.0), (353.2, 308.0), (353.2, 308.0), (353.2, 308.0), (353.2, 308.0), (353.2, 308.0), (353.2, 308.0), (353.2, 308.0), (353.2, 308.0), (353.2, 308.0), (353.2, 308.0), (353.2, 308.0), (353.2, 308.0), (353.2, 308.0), (353.2, 308.0), (353.2, 308.0), (353.2, 308.0), (353.2, 308.0)]",1,0,8.0
speedrunner,bomberman,8,Success,1,0,46.42,1.0,"[(48.0, 112.0), (70.4, 114.8), (92.8, 114.8), (115.2, 114.8), (137.6, 114.8), (160.0, 114.8), (179.6, 120.4), (179.6, 142.8), (179.6, 173.6), (202.0, 179.2), (230.0, 179.2), (244.0, 196.0), (244.0, 224.0), (252.4, 243.6), (274.8, 243.6), (288.8, 243.6), (288.8, 243.6), (288.8, 243.6), (288.8, 243.6), (294.4, 243.6), (300.0, 246.4), (308.4, 268.8), (308.4, 296.8), (325.2, 308.0), (347.6, 308.0), (370.0, 308.0), (372.8, 308.0), (372.8, 308.0), (372.8, 308.0), (372.8, 308.0), (372.8, 308.0), (372.8, 308.0), (372.8, 308.0), (372.8, 308.0), (378.4, 308.0), (400.8, 308.0), (423.2, 308.0), (434.4, 308.0), (434.4, 308.0), (434.4, 308.0), (434.4, 308.0), (434.4, 308.0), (434.4, 308.0), (434.4, 308.0), (434.4, 308.0), (434.4, 308.0), (434.4, 308.0), (434.4, 308.0), (434.4, 308.0), (434.4, 308.0), (434.4, 308.0), (434.4, 308.0), (434.4, 308.0), (434.4, 308.0), (434.4, 308.0), (434.4, 308.0), (434.4, 308.0), (434.4, 308.0), (434.4, 308.0), (434.4, 308.0), (434.4, 308.0)]",2,0,8.08
speedrunner,bomberman,8,Bomb,1,0,25.9,0.889,"[(48.0, 112.0), (50.8, 134.4), (50.8, 165.2), (64.8, 179.2), (92.8, 179.2), (115.2, 190.4), (115.2, 212.8), (118.0, 240.8), (140.4, 243.6), (168.4, 243.6), (179.6, 263.2), (179.6, 285.6), (185.2, 308.0), (207.6, 308.0), (230.0, 308.0), (252.4, 308.0), (274.8, 308.0), (288.8, 308.0), (288.8, 308.0), (288.8, 308.0), (288.8, 308.0), (288.8, 308.0), (294.4, 308.0), (297.2, 308.0), (297.2, 308.0), (297.2, 308.0), (297.2, 308.0), (302.8, 308.0), (305.6, 308.0), (305.6, 308.0), (305.6, 308.0), (305.6, 308.0), (311.2, 308.0), (314.0, 308.0), (314.0, 308.0), (314.0, 308.0), (314.0, 308.0), (319.6, 308.0), (330.8, 308.0), (353.2, 308.0), (353.2, 308.0), (353.2, 308.0), (353.2, 308.0), (353.2, 308.0), (353.2, 308.0), (353.2, 308.0), (353.2, 308.0), (353.2, 308.0), (353.2, 308.0), (353.2, 308.0), (353.2, 308.0), (353.2, 308.0), (353.2, 308.0), (350.4, 308.0), (350.4, 308.0), (350.4, 308.0), (350.4, 308.0), (350.4, 308.0), (350.4, 308.0), (353.2, 308.0), (353.2, 308.0), (353.2, 308.0), (353.2, 308.0), (353.2, 308.0), (361.6, 308.0), (372.8, 308.0), (372.8, 308.0), (372.8, 308.0), (372.8, 308.0), (372.8, 308.0), (372.8, 308.0), (372.8, 308.0), (372.8, 308.0), (372.8, 308.0), (372.8, 308.0), (372.8, 308.0), (372.8, 308.0), (372.8, 308.0), (372.8, 308.0), (372.8, 308.0), (372.8, 308.0), (372.8, 308.0), (372.8, 308.0), (372.8, 308.0), (372.8, 308.0), (372.8, 308.0), (372.8, 308.0), (372.8, 308.0), (372.8, 308.0), (372.8, 308.0), (372.8, 308.0)]",0,0,12.0
speedrunner,bomberman,8,Bomb,2,0,4.2,0.056,"[(48.0, 112.0), (64.8, 114.8), (64.8, 112.0), (62.0, 114.8), (64.8, 114.8), (64.8, 112.0), (62.0, 114.8), (64.8, 114.8), (64.8, 112.0), (62.0, 114.8), (64.8, 114.8), (64.8, 112.0), (62.0, 114.8), (64.8, 114.8), (64.8, 112.0), (64.8, 112.0), (64.8, 112.0), (64.8, 112.0), (64.8, 112.0), (64.8, 112.0), (64.8, 112.0), (64.8, 112.0), (64.8, 112.0), (64.8, 112.0), (64.8, 112.0), (64.8, 112.0), (64.8, 112.0), (64.8, 112.0), (64.8, 112.0), (64.8, 112.0), (64.8, 112.0)]",0,0,4.0
speedrunner,bomberman,8,Success,1,0,46.42,1.0,"[(48.0, 112.0), (70.4, 114.8), (92.8, 114.8), (115.2, 114.8), (137.6, 114.8), (160.0, 114.8), (179.6, 120.4), (179.6, 142.8), (179.6, 173.6), (202.0, 179.2), (230.0, 179.2), (244.0, 196.0), (244.0, 224.0), (252.4, 243.6), (274.8, 243.6), (288.8, 243.6), (288.8, 243.6), (288.8, 243.6), (288.8, 243.6), (294.4, 243.6), (300.0, 246.4), (308.4, 268.8), (308.4, 296.8), (325.2, 308.0), (347.6, 308.0), (370.0, 308.0), (372.8, 308.0), (372.8, 308.0), (372.8, 308.0), (372.8, 308.0), (372.8, 308.0), (372.8, 308.0), (372.8, 308.0), (372.8, 308.0), (378.4, 308.0), (400.8, 308.0), (423.2, 308.0), (434.4, 308.0), (434.4, 308.0), (434.4, 308.0), (434.4, 308.0), (434.4, 308.0), (434.4, 308.0), (434.4, 308.0), (434.4, 308.0), (434.4, 308.0), (434.4, 308.0), (434.4, 308.0), (434.4, 308.0), (434.4, 308.0), (434.4, 308.0), (434.4, 308.0), (434.4, 308.0), (434.4, 308.0), (434.4, 308.0), (434.4, 308.0), (434.4, 308.0), (434.4, 308.0), (434.4, 308.0), (434.4, 308.0), (434.4, 308.0)]",2,0,8.08
speedrunner,bomberman,8,Bomb,2,0,35.7,0.889,"[(48.0, 112.0), (70.4, 114.8), (101.2, 114.8), (115.2, 131.6), (115.2, 159.6), (126.4, 179.2), (151.6, 179.2), (176.8, 184.8), (179.6, 207.2), (179.6, 235.2), (199.2, 243.6), (227.2, 243.6), (244.0, 257.6), (244.0, 280.0), (244.0, 302.4), (266.4, 308.0), (288.8, 308.0), (291.6, 308.0), (294.4, 308.0), (297.2, 308.0), (297.2, 308.0), (300.0, 308.0), (305.6, 308.0), (305.6, 308.0), (305.6, 308.0), (311.2, 308.0), (314.0, 308.0), (314.0, 308.0), (316.8, 308.0), (319.6, 308.0), (342.0, 308.0), (353.2, 308.0), (353.2, 308.0), (353.2, 308.0), (353.2, 308.0), (353.2, 308.0), (353.2, 308.0), (353.2, 308.0), (353.2, 308.0), (353.2, 308.0), (353.2, 308.0), (353.2, 308.0), (353.2, 308.0), (353.2, 308.0), (353.2, 308.0), (353.2, 308.0), (353.2, 308.0), (353.2, 308.0), (353.2, 308.0), (353.2, 308.0), (353.2, 308.0), (353.2, 308.0), (353.2, 308.0), (353.2, 308.0), (353.2, 308.0), (353.2, 308.0), (353.2, 308.0), (353.2, 308.0), (353.2, 308.0), (353.2, 308.0), (353.2, 308.0)]",1,0,8.0
speedrunner,bomberman,8,Bomb,1,0,21.88,1.0,"[(48.0, 112.0), (70.4, 114.8), (101.2, 114.8), (115.2, 131.6), (115.2, 159.6), (126.4, 179.2), (151.6, 179.2), (176.8, 184.8), (179.6, 207.2), (179.6, 235.2), (199.2, 243.6), (227.2, 243.6), (244.0, 257.6), (244.0, 280.0), (244.0, 302.4), (266.4, 308.0), (288.8, 308.0), (288.8, 308.0), (288.8, 308.0), (291.6, 308.0), (297.2, 308.0), (297.2, 308.0), (297.2, 308.0), (302.8, 308.0), (305.6, 308.0), (305.6, 308.0), (305.6, 308.0), (311.2, 308.0), (314.0, 308.0), (314.0, 308.0), (316.8, 308.0), (319.6, 308.0), (319.6, 308.0), (342.0, 308.0), (353.2, 308.0), (353.2, 308.0), (353.2, 308.0), (353.2, 308.0), (353.2, 308.0), (353.2, 308.0), (353.2, 308.0), (353.2, 308.0), (353.2, 308.0), (353.2, 308.0), (353.2, 308.0), (353.2, 308.0), (353.2, 308.0), (353.2, 308.0), (353.2, 308.0), (353.2, 308.0), (353.2, 308.0), (353.2, 308.0), (353.2, 308.0), (350.4, 308.0), (350.4, 308.0), (353.2, 308.0), (353.2, 308.0), (353.2, 308.0), (353.2, 308.0), (353.2, 308.0), (353.2, 308.0), (353.2, 308.0), (353.2, 308.0), (353.2, 308.0), (361.6, 308.0), (384.0, 308.0), (406.4, 308.0), (417.6, 308.0), (417.6, 308.0), (417.6, 308.0), (417.6, 308.0), (417.6, 308.0), (417.6, 308.0), (417.6, 308.0), (417.6, 308.0), (417.6, 308.0), (417.6, 308.0), (417.6, 308.0), (417.6, 308.0), (417.6, 308.0), (417.6, 308.0), (417.6, 308.0), (417.6, 308.0), (417.6, 308.0), (417.6, 308.0), (417.6, 308.0), (417.6, 308.0), (417.6, 308.0), (417.6, 308.0), (417.6, 308.0), (417.6, 308.0), (417.6, 308.0), (417.6, 308.0), (417.6, 308.0), (417.6, 308.0), (417.6, 308.0), (417.6, 308.0), (417.6, 308.0), (417.6, 308.0), (417.6, 308.0), (414.8, 308.0), (414.8, 308.0), (414.8, 308.0), (414.8, 308.0), (414.8, 308.0), (414.8, 308.0), (414.8, 308.0), (414.8, 308.0), (417.6, 308.0), (417.6, 308.0), (417.6, 308.0), (417.6, 308.0), (417.6, 308.0), (417.6, 308.0), (417.6, 308.0), (417.6, 308.0), (417.6, 308.0), (417.6, 308.0), (417.6, 308.0), (417.6, 308.0), (417.6, 308.0)]",0,0,16.0
speedrunner,bomberman,8,Bomb,1,0,25.9,0.889,"[(48.0, 112.0), (50.8, 134.4), (50.8, 165.2), (64.8, 179.2), (92.8, 179.2), (115.2, 190.4), (115.2, 212.8), (118.0, 240.8), (140.4, 243.6), (168.4, 243.6), (179.6, 263.2), (179.6, 285.6), (185.2, 308.0), (207.6, 308.0), (230.0, 308.0), (252.4, 308.0), (274.8, 308.0), (288.8, 308.0), (288.8, 308.0), (288.8, 308.0), (288.8, 308.0), (288.8, 308.0), (294.4, 308.0), (297.2, 308.0), (297.2, 308.0), (297.2, 308.0), (297.2, 308.0), (302.8, 308.0), (305.6, 308.0), (305.6, 308.0), (305.6, 308.0), (305.6, 308.0), (311.2, 308.0), (314.0, 308.0), (314.0, 308.0), (314.0, 308.0), (314.0, 308.0), (319.6, 308.0), (330.8, 308.0), (353.2, 308.0), (353.2, 308.0), (353.2, 308.0), (353.2, 308.0), (353.2, 308.0), (353.2, 308.0), (353.2, 308.0), (353.2, 308.0), (353.2, 308.0), (353.2, 308.0), (353.2, 308.0), (353.2, 308.0), (353.2, 308.0), (353.2, 308.0), (350.4, 308.0), (350.4, 308.0), (350.4, 308.0), (350.4, 308.0), (350.4, 308.0), (350.4, 308.0), (353.2, 308.0), (353.2, 308.0), (353.2, 308.0), (353.2, 308.0), (353.2, 308.0), (361.6, 308.0), (372.8, 308.0), (372.8, 308.0), (372.8, 308.0), (372.8, 308.0), (372.8, 308.0), (372.8, 308.0), (372.8, 308.0), (372.8, 308.0), (372.8, 308.0), (372.8, 308.0), (372.8, 308.0), (372.8, 308.0), (372.8, 308.0), (372.8, 308.0), (372.8, 308.0), (372.8, 308.0), (372.8, 308.0), (372.8, 308.0), (372.8, 308.0), (372.8, 308.0), (372.8, 308.0), (372.8, 308.0), (372.8, 308.0), (372.8, 308.0), (372.8, 308.0), (372.8, 308.0)]",0,0,12.0
speedrunner,bomberman,8,Success,1,0,45.38,1.0,"[(48.0, 112.0), (70.4, 114.8), (101.2, 114.8), (115.2, 131.6), (115.2, 159.6), (126.4, 179.2), (151.6, 179.2), (176.8, 184.8), (179.6, 207.2), (179.6, 235.2), (199.2, 243.6), (227.2, 243.6), (244.0, 257.6), (244.0, 282.8), (249.6, 308.0), (272.0, 308.0), (294.4, 308.0), (316.8, 308.0), (339.2, 308.0), (350.4, 308.0), (358.8, 308.0), (370.0, 308.0), (372.8, 308.0), (372.8, 308.0), (372.8, 308.0), (372.8, 308.0), (372.8, 308.0), (372.8, 308.0), (372.8, 308.0), (372.8, 308.0), (372.8, 308.0), (372.8, 308.0), (372.8, 308.0), (378.4, 308.0), (384.0, 308.0), (389.6, 308.0), (395.2, 308.0), (417.6, 308.0), (434.4, 308.0), (434.4, 308.0), (434.4, 308.0), (434.4, 308.0), (434.4, 308.0), (434.4, 308.0), (434.4, 308.0), (434.4, 308.0), (434.4, 308.0), (434.4, 308.0), (434.4, 308.0), (434.4, 308.0), (434.4, 308.0), (434.4, 308.0), (434.4, 308.0), (434.4, 308.0), (434.4, 308.0), (434.4, 308.0), (434.4, 308.0), (434.4, 308.0), (434.4, 308.0), (434.4, 308.0), (434.4, 308.0)]",2,0,8.08
speedrunner,bomberman,8,Success,1,0,47.11,1.0,"[(48.0, 112.0), (70.4, 114.8), (92.8, 114.8), (115.2, 117.6), (115.2, 140.0), (115.2, 170.8), (134.8, 179.2), (157.2, 179.2), (179.6, 187.6), (179.6, 210.0), (179.6, 238.0), (202.0, 243.6), (230.0, 243.6), (244.0, 260.4), (244.0, 288.4), (252.4, 308.0), (274.8, 308.0), (297.2, 308.0), (319.6, 308.0), (342.0, 308.0), (358.8, 308.0), (370.0, 308.0), (372.8, 308.0), (372.8, 308.0), (372.8, 308.0), (372.8, 308.0), (372.8, 308.0), (372.8, 308.0), (372.8, 308.0), (372.8, 308.0), (372.8, 308.0), (372.8, 308.0), (372.8, 308.0), (384.0, 308.0), (398.0, 308.0), (420.4, 308.0), (434.4, 308.0), (434.4, 308.0), (434.4, 308.0), (434.4, 308.0), (434.4, 308.0), (434.4, 308.0), (434.4, 308.0), (434.4, 308.0), (434.4, 308.0), (434.4, 308.0), (434.4, 308.0), (434.4, 308.0), (434.4, 308.0), (434.4, 308.0), (434.4, 308.0), (434.4, 308.0), (434.4, 308.0), (434.4, 308.0), (434.4, 308.0), (434.4, 308.0), (434.4, 308.0), (434.4, 308.0), (434.4, 308.0), (434.4, 308.0), (434.4, 308.0)]",2,0,8.08
speedrunner,bomberman,8,Success,1,0,46.42,1.0,"[(48.0, 112.0), (70.4, 114.8), (92.8, 114.8), (115.2, 114.8), (137.6, 114.8), (160.0, 114.8), (182.4, 114.8), (204.8, 114.8), (232.8, 114.8), (244.0, 134.4), (244.0, 165.2), (258.0, 179.2), (286.0, 179.2), (308.4, 190.4), (308.4, 212.8), (308.4, 240.8), (308.4, 263.2), (308.4, 291.2), (319.6, 308.0), (342.0, 308.0), (358.8, 308.0), (370.0, 308.0), (372.8, 308.0), (372.8, 308.0), (372.8, 308.0), (372.8, 308.0), (372.8, 308.0), (372.8, 308.0), (372.8, 308.0), (372.8, 308.0), (372.8, 308.0), (372.8, 308.0), (372.8, 308.0), (384.0, 308.0), (392.4, 308.0), (414.8, 308.0), (434.4, 308.0), (434.4, 308.0), (434.4, 308.0), (434.4, 308.0), (434.4, 308.0), (434.4, 308.0), (434.4, 308.0), (434.4, 308.0), (434.4, 308.0), (434.4, 308.0), (434.4, 308.0), (434.4, 308.0), (434.4, 308.0), (434.4, 308.0), (434.4, 308.0), (434.4, 308.0), (434.4, 308.0), (434.4, 308.0), (434.4, 308.0), (434.4, 308.0), (434.4, 308.0), (434.4, 308.0), (434.4, 308.0), (434.4, 308.0), (434.4, 308.0)]",2,0,8.08
speedrunner,bomberman,8,Success,1,0,47.11,1.0,"[(48.0, 112.0), (70.4, 114.8), (92.8, 114.8), (115.2, 123.2), (115.2, 145.6), (118.0, 176.4), (140.4, 179.2), (162.8, 179.2), (179.6, 193.2), (179.6, 218.4), (185.2, 243.6), (207.6, 243.6), (235.6, 243.6), (244.0, 266.0), (244.0, 294.0), (258.0, 308.0), (280.4, 308.0), (302.8, 308.0), (325.2, 308.0), (347.6, 308.0), (358.8, 308.0), (370.0, 308.0), (372.8, 308.0), (372.8, 308.0), (372.8, 308.0), (372.8, 308.0), (372.8, 308.0), (372.8, 308.0), (372.8, 308.0), (372.8, 308.0), (372.8, 308.0), (372.8, 308.0), (372.8, 308.0), (375.6, 308.0), (386.8, 308.0), (409.2, 308.0), (431.6, 308.0), (434.4, 308.0), (434.4, 308.0), (434.4, 308.0), (434.4, 308.0), (434.4, 308.0), (434.4, 308.0), (434.4, 308.0), (434.4, 308.0), (434.4, 308.0), (434.4, 308.0), (434.4, 308.0), (434.4, 308.0), (434.4, 308.0), (434.4, 308.0), (434.4, 308.0), (434.4, 308.0), (434.4, 308.0), (434.4, 308.0), (434.4, 308.0), (434.4, 308.0), (434.4, 308.0), (434.4, 308.0), (434.4, 308.0), (434.4, 308.0)]",2,0,8.08
speedrunner,bomberman,8,Bomb,1,0,35.7,0.889,"[(48.0, 112.0), (70.4, 114.8), (101.2, 114.8), (115.2, 131.6), (115.2, 159.6), (126.4, 179.2), (151.6, 179.2), (176.8, 184.8), (179.6, 207.2), (179.6, 235.2), (199.2, 243.6), (227.2, 243.6), (244.0, 257.6), (244.0, 280.0), (244.0, 302.4), (266.4, 308.0), (288.8, 308.0), (297.2, 308.0), (297.2, 308.0), (297.2, 308.0), (302.8, 308.0), (305.6, 308.0), (305.6, 308.0), (305.6, 308.0), (311.2, 308.0), (314.0, 308.0), (314.0, 308.0), (316.8, 308.0), (319.6, 308.0), (333.6, 308.0), (353.2, 308.0), (353.2, 308.0), (353.2, 308.0), (353.2, 308.0), (353.2, 308.0), (353.2, 308.0), (353.2, 308.0), (353.2, 308.0), (353.2, 308.0), (353.2, 308.0), (353.2, 308.0), (353.2, 308.0), (353.2, 308.0), (353.2, 308.0), (353.2, 308.0), (353.2, 308.0), (353.2, 308.0), (353.2, 308.0), (353.2, 308.0), (353.2, 308.0), (353.2, 308.0), (353.2, 308.0), (353.2, 308.0), (353.2, 308.0), (353.2, 308.0), (353.2, 308.0), (353.2, 308.0), (353.2, 308.0), (353.2, 308.0), (353.2, 308.0), (353.2, 308.0)]",0,0,8.0
speedrunner,bomberman,8,Bomb,3,0,23.45,1.0,"[(48.0, 112.0), (70.4, 114.8), (92.8, 114.8), (115.2, 123.2), (115.2, 145.6), (118.0, 176.4), (140.4, 179.2), (168.4, 179.2), (179.6, 198.8), (179.6, 224.0), (179.6, 224.0), (179.6, 224.0), (179.6, 224.0), (179.6, 224.0), (179.6, 224.0), (179.6, 232.4), (179.6, 232.4), (179.6, 235.2), (199.2, 243.6), (227.2, 243.6), (244.0, 249.2), (244.0, 249.2), (244.0, 257.6), (244.0, 282.8), (244.0, 288.4), (244.0, 288.4), (244.0, 288.4), (244.0, 288.4), (244.0, 288.4), (244.0, 288.4), (244.0, 288.4), (244.0, 291.2), (244.0, 291.2), (244.0, 291.2), (244.0, 291.2), (244.0, 291.2), (244.0, 291.2), (244.0, 291.2), (244.0, 291.2), (244.0, 291.2), (244.0, 291.2), (244.0, 291.2), (244.0, 291.2), (244.0, 291.2), (244.0, 291.2), (244.0, 291.2), (244.0, 291.2), (244.0, 291.2), (244.0, 291.2), (244.0, 291.2), (244.0, 291.2), (244.0, 291.2), (244.0, 291.2), (244.0, 291.2), (244.0, 291.2), (244.0, 291.2), (244.0, 291.2), (244.0, 291.2), (244.0, 302.4), (266.4, 308.0), (288.8, 308.0), (308.4, 308.0), (330.8, 308.0), (353.2, 308.0), (375.6, 308.0), (398.0, 308.0), (420.4, 308.0), (434.4, 308.0), (434.4, 308.0), (434.4, 308.0), (434.4, 308.0), (434.4, 308.0), (434.4, 308.0), (434.4, 308.0), (434.4, 308.0), (434.4, 308.0), (434.4, 308.0), (434.4, 308.0), (434.4, 308.0), (434.4, 308.0), (434.4, 308.0), (434.4, 308.0), (434.4, 308.0), (434.4, 308.0), (434.4, 308.0), (434.4, 308.0), (434.4, 308.0), (434.4, 308.0), (434.4, 308.0), (434.4, 308.0), (434.4, 308.0), (434.4, 308.0), (434.4, 308.0), (434.4, 308.0), (434.4, 308.0), (434.4, 308.0), (434.4, 308.0), (434.4, 308.0), (434.4, 308.0), (434.4, 308.0), (434.4, 308.0), (434.4, 308.0), (434.4, 308.0), (434.4, 308.0), (434.4, 308.0), (434.4, 308.0), (434.4, 308.0), (434.4, 308.0), (434.4, 308.0), (434.4, 308.0), (434.4, 308.0), (434.4, 308.0), (434.4, 308.0), (434.4, 308.0), (434.4, 308.0), (434.4, 308.0), (434.4, 308.0), (434.4, 308.0), (434.4, 308.0), (434.4, 308.0), (434.4, 308.0)]",0,0,16.0
speedrunner,bomberman,8,Success,1,0,47.11,1.0,"[(48.0, 112.0), (70.4, 114.8), (92.8, 114.8), (115.2, 123.2), (115.2, 145.6), (118.0, 176.4), (140.4, 179.2), (162.8, 179.2), (179.6, 193.2), (179.6, 218.4), (185.2, 243.6), (207.6, 243.6), (235.6, 243.6), (244.0, 266.0), (244.0, 294.0), (258.0, 308.0), (280.4, 308.0), (302.8, 308.0), (325.2, 308.0), (347.6, 308.0), (358.8, 308.0), (370.0, 308.0), (372.8, 308.0), (372.8, 308.0), (372.8, 308.0), (372.8, 308.0), (372.8, 308.0), (372.8, 308.0), (372.8, 308.0), (372.8, 308.0), (372.8, 308.0), (372.8, 308.0), (372.8, 308.0), (375.6, 308.0), (386.8, 308.0), (409.2, 308.0), (431.6, 308.0), (434.4, 308.0), (434.4, 308.0), (434.4, 308.0), (434.4, 308.0), (434.4, 308.0), (434.4, 308.0), (434.4, 308.0), (434.4, 308.0), (434.4, 308.0), (434.4, 308.0), (434.4, 308.0), (434.4, 308.0), (434.4, 308.0), (434.4, 308.0), (434.4, 308.0), (434.4, 308.0), (434.4, 308.0), (434.4, 308.0), (434.4, 308.0), (434.4, 308.0), (434.4, 308.0), (434.4, 308.0), (434.4, 308.0), (434.4, 308.0)]",2,0,8.08
speedrunner,bomberman,8,Success,1,0,46.42,1.0,"[(48.0, 112.0), (70.4, 114.8), (92.8, 114.8), (115.2, 114.8), (137.6, 114.8), (160.0, 114.8), (182.4, 114.8), (204.8, 114.8), (232.8, 114.8), (244.0, 134.4), (244.0, 165.2), (258.0, 179.2), (286.0, 179.2), (308.4, 190.4), (308.4, 212.8), (308.4, 240.8), (308.4, 263.2), (308.4, 291.2), (319.6, 308.0), (342.0, 308.0), (358.8, 308.0), (370.0, 308.0), (372.8, 308.0), (372.8, 308.0), (372.8, 308.0), (372.8, 308.0), (372.8, 308.0), (372.8, 308.0), (372.8, 308.0), (372.8, 308.0), (372.8, 308.0), (372.8, 308.0), (372.8, 308.0), (384.0, 308.0), (392.4, 308.0), (414.8, 308.0), (434.4, 308.0), (434.4, 308.0), (434.4, 308.0), (434.4, 308.0), (434.4, 308.0), (434.4, 308.0), (434.4, 308.0), (434.4, 308.0), (434.4, 308.0), (434.4, 308.0), (434.4, 308.0), (434.4, 308.0), (434.4, 308.0), (434.4, 308.0), (434.4, 308.0), (434.4, 308.0), (434.4, 308.0), (434.4, 308.0), (434.4, 308.0), (434.4, 308.0), (434.4, 308.0), (434.4, 308.0), (434.4, 308.0), (434.4, 308.0), (434.4, 308.0)]",2,0,8.08
speedrunner,bomberman,8,Success,1,0,47.11,1.0,"[(48.0, 112.0), (70.4, 114.8), (92.8, 114.8), (115.2, 117.6), (115.2, 140.0), (115.2, 170.8), (134.8, 179.2), (157.2, 179.2), (179.6, 187.6), (179.6, 210.0), (179.6, 238.0), (202.0, 243.6), (230.0, 243.6), (244.0, 260.4), (244.0, 288.4), (252.4, 308.0), (274.8, 308.0), (297.2, 308.0), (319.6, 308.0), (342.0, 308.0), (358.8, 308.0), (370.0, 308.0), (372.8, 308.0), (372.8, 308.0), (372.8, 308.0), (372.8, 308.0), (372.8, 308.0), (372.8, 308.0), (372.8, 308.0), (372.8, 308.0), (372.8, 308.0), (372.8, 308.0), (372.8, 308.0), (384.0, 308.0), (398.0, 308.0), (420.4, 308.0), (434.4, 308.0), (434.4, 308.0), (434.4, 308.0), (434.4, 308.0), (434.4, 308.0), (434.4, 308.0), (434.4, 308.0), (434.4, 308.0), (434.4, 308.0), (434.4, 308.0), (434.4, 308.0), (434.4, 308.0), (434.4, 308.0), (434.4, 308.0), (434.4, 308.0), (434.4, 308.0), (434.4, 308.0), (434.4, 308.0), (434.4, 308.0), (434.4, 308.0), (434.4, 308.0), (434.4, 308.0), (434.4, 308.0), (434.4, 308.0), (434.4, 308.0)]",2,0,8.08
speedrunner,bomberman,8,Success,1,0,45.38,1.0,"[(48.0, 112.0), (70.4, 114.8), (101.2, 114.8), (115.2, 131.6), (115.2, 159.6), (126.4, 179.2), (151.6, 179.2), (176.8, 184.8), (179.6, 207.2), (179.6, 235.2), (199.2, 243.6), (227.2, 243.6), (244.0, 257.6), (244.0, 282.8), (249.6, 308.0), (272.0, 308.0), (294.4, 308.0), (316.8, 308.0), (339.2, 308.0), (350.4, 308.0), (358.8, 308.0), (370.0, 308.0), (372.8, 308.0), (372.8, 308.0), (372.8, 308.0), (372.8, 308.0), (372.8, 308.0), (372.8, 308.0), (372.8, 308.0), (372.8, 308.0), (372.8, 308.0), (372.8, 308.0), (372.8, 308.0), (378.4, 308.0), (384.0, 308.0), (389.6, 308.0), (395.2, 308.0), (417.6, 308.0), (434.4, 308.0), (434.4, 308.0), (434.4, 308.0), (434.4, 308.0), (434.4, 308.0), (434.4, 308.0), (434.4, 308.0), (434.4, 308.0), (434.4, 308.0), (434.4, 308.0), (434.4, 308.0), (434.4, 308.0), (434.4, 308.0), (434.4, 308.0), (434.4, 308.0), (434.4, 308.0), (434.4, 308.0), (434.4, 308.0), (434.4, 308.0), (434.4, 308.0), (434.4, 308.0), (434.4, 308.0), (434.4, 308.0)]",2,0,8.08
speedrunner,bomberman,8,Bomb,1,0,47.6,1.0,"[(48.0, 112.0), (70.4, 114.8), (92.8, 114.8), (115.2, 123.2), (115.2, 145.6), (118.0, 176.4), (140.4, 179.2), (162.8, 179.2), (179.6, 193.2), (179.6, 218.4), (185.2, 243.6), (207.6, 243.6), (235.6, 243.6), (244.0, 266.0), (244.0, 294.0), (258.0, 308.0), (280.4, 308.0), (302.8, 308.0), (325.2, 308.0), (347.6, 308.0), (358.8, 308.0), (370.0, 308.0), (372.8, 308.0), (372.8, 308.0), (372.8, 308.0), (372.8, 308.0), (372.8, 308.0), (372.8, 308.0), (372.8, 308.0), (378.4, 308.0), (384.0, 308.0), (384.0, 308.0), (384.0, 308.0), (384.0, 308.0), (395.2, 308.0), (417.6, 308.0), (434.4, 308.0), (434.4, 308.0), (434.4, 308.0), (434.4, 308.0), (434.4, 308.0), (434.4, 308.0), (434.4, 308.0), (434.4, 308.0), (434.4, 308.0), (434.4, 308.0), (434.4, 308.0), (434.4, 308.0), (434.4, 308.0), (434.4, 308.0), (434.4, 308.0), (434.4, 308.0), (434.4, 308.0), (434.4, 308.0), (434.4, 308.0), (434.4, 308.0), (434.4, 308.0), (434.4, 308.0), (434.4, 308.0), (434.4, 308.0), (434.4, 308.0)]",0,0,8.0
speedrunner,bomberman,8,Bomb,1,0,29.59,1.0,"[(48.0, 112.0), (70.4, 114.8), (92.8, 114.8), (115.2, 114.8), (137.6, 114.8), (160.0, 114.8), (182.4, 114.8), (204.8, 114.8), (224.4, 114.8), (224.4, 114.8), (224.4, 114.8), (224.4, 114.8), (224.4, 114.8), (224.4, 114.8), (224.4, 114.8), (224.4, 114.8), (224.4, 114.8), (224.4, 114.8), (224.4, 114.8), (224.4, 114.8), (224.4, 114.8), (224.4, 114.8), (224.4, 114.8), (224.4, 114.8), (224.4, 114.8), (224.4, 114.8), (224.4, 114.8), (224.4, 114.8), (224.4, 114.8), (224.4, 114.8), (224.4, 114.8), (224.4, 114.8), (232.8, 114.8), (241.2, 134.4), (241.2, 156.8), (244.0, 179.2), (244.0, 201.6), (244.0, 229.6), (258.0, 243.6), (286.0, 243.6), (308.4, 254.8), (308.4, 277.2), (308.4, 299.6), (328.0, 308.0), (350.4, 308.0), (353.2, 308.0), (353.2, 308.0), (353.2, 308.0), (353.2, 308.0), (353.2, 308.0), (353.2, 308.0), (353.2, 308.0), (353.2, 308.0), (353.2, 308.0), (353.2, 308.0), (353.2, 308.0), (353.2, 308.0), (353.2, 308.0), (353.2, 308.0), (353.2, 308.0), (353.2, 308.0), (353.2, 308.0), (353.2, 308.0), (353.2, 308.0), (358.8, 308.0), (370.0, 308.0), (372.8, 308.0), (375.6, 308.0), (389.6, 308.0), (412.0, 308.0), (417.6, 308.0), (417.6, 308.0), (417.6, 308.0), (417.6, 308.0), (417.6, 308.0), (417.6, 308.0), (417.6, 308.0), (417.6, 308.0), (417.6, 308.0), (417.6, 308.0), (417.6, 308.0), (417.6, 308.0), (417.6, 308.0), (417.6, 308.0), (417.6, 308.0), (417.6, 308.0), (417.6, 308.0), (417.6, 308.0), (417.6, 308.0), (417.6, 308.0), (417.6, 308.0)]",0,0,12.02
speedrunner,bomberman,8,Success,1,0,46.42,1.0,"[(48.0, 112.0), (70.4, 114.8), (92.8, 114.8), (115.2, 114.8), (137.6, 114.8), (160.0, 114.8), (182.4, 114.8), (204.8, 114.8), (232.8, 114.8), (244.0, 134.4), (244.0, 165.2), (258.0, 179.2), (286.0, 179.2), (308.4, 190.4), (308.4, 212.8), (308.4, 240.8), (308.4, 263.2), (308.4, 291.2), (319.6, 308.0), (342.0, 308.0), (358.8, 308.0), (370.0, 308.0), (372.8, 308.0), (372.8, 308.0), (372.8, 308.0), (372.8, 308.0), (372.8, 308.0), (372.8, 308.0), (372.8, 308.0), (372.8, 308.0), (372.8, 308.0), (372.8, 308.0), (372.8, 308.0), (372.8, 308.0), (384.0, 308.0), (395.2, 308.0), (417.6, 308.0), (434.4, 308.0), (434.4, 308.0), (434.4, 308.0), (434.4, 308.0), (434.4, 308.0), (434.4, 308.0), (434.4, 308.0), (434.4, 308.0), (434.4, 308.0), (434.4, 308.0), (434.4, 308.0), (434.4, 308.0), (434.4, 308.0), (434.4, 308.0), (434.4, 308.0), (434.4, 308.0), (434.4, 308.0), (434.4, 308.0), (434.4, 308.0), (434.4, 308.0), (434.4, 308.0), (434.4, 308.0), (434.4, 308.0), (434.4, 308.0)]",2,0,8.08
speedrunner,bomberman,8,Bomb,1,0,30.8,1.0,"[(48.0, 112.0), (70.4, 114.8), (92.8, 114.8), (115.2, 114.8), (137.6, 114.8), (160.0, 114.8), (182.4, 114.8), (204.8, 114.8), (232.8, 114.8), (244.0, 134.4), (244.0, 165.2), (258.0, 179.2), (286.0, 179.2), (308.4, 190.4), (308.4, 212.8), (311.2, 240.8), (314.0, 243.6), (314.0, 243.6), (314.0, 243.6), (314.0, 243.6), (314.0, 243.6), (314.0, 243.6), (314.0, 243.6), (314.0, 243.6), (314.0, 243.6), (314.0, 243.6), (314.0, 243.6), (314.0, 243.6), (314.0, 243.6), (319.6, 243.6), (344.8, 243.6), (370.0, 252.0), (372.8, 274.4), (372.8, 302.4), (372.8, 308.0), (372.8, 308.0), (389.6, 308.0), (412.0, 308.0), (434.4, 308.0), (434.4, 308.0), (434.4, 308.0), (434.4, 308.0), (434.4, 308.0), (434.4, 308.0), (434.4, 308.0), (434.4, 308.0), (434.4, 308.0), (434.4, 308.0), (434.4, 308.0), (434.4, 308.0), (434.4, 308.0), (434.4, 308.0), (434.4, 308.0), (434.4, 308.0), (434.4, 308.0), (434.4, 308.0), (434.4, 308.0), (434.4, 308.0), (434.4, 308.0), (434.4, 308.0), (434.4, 308.0), (434.4, 308.0), (434.4, 308.0), (434.4, 308.0), (434.4, 308.0), (434.4, 308.0), (434.4, 308.0), (434.4, 308.0), (434.4, 308.0), (434.4, 308.0), (434.4, 308.0), (434.4, 308.0), (434.4, 308.0), (434.4, 308.0), (434.4, 308.0), (434.4, 308.0), (434.4, 308.0), (434.4, 308.0), (434.4, 308.0), (434.4, 308.0), (434.4, 308.0), (434.4, 308.0), (434.4, 308.0), (434.4, 308.0), (434.4, 308.0), (434.4, 308.0), (434.4, 308.0), (434.4, 308.0), (434.4, 308.0), (434.4, 308.0), (434.4, 308.0)]",1,0,12.0
speedrunner,bomberman,8,Success,1,0,46.42,1.0,"[(48.0, 112.0), (70.4, 114.8), (92.8, 114.8), (115.2, 114.8), (137.6, 114.8), (160.0, 114.8), (182.4, 114.8), (204.8, 114.8), (232.8, 114.8), (244.0, 134.4), (244.0, 165.2), (258.0, 179.2), (286.0, 179.2), (308.4, 190.4), (308.4, 212.8), (308.4, 240.8), (308.4, 263.2), (308.4, 291.2), (319.6, 308.0), (342.0, 308.0), (358.8, 308.0), (370.0, 308.0), (372.8, 308.0), (372.8, 308.0), (372.8, 308.0), (372.8, 308.0), (372.8, 308.0), (372.8, 308.0), (372.8, 308.0), (372.8, 308.0), (372.8, 308.0), (372.8, 308.0), (372.8, 308.0), (384.0, 308.0), (384.0, 308.0), (395.2, 308.0), (417.6, 308.0), (434.4, 308.0), (434.4, 308.0), (434.4, 308.0), (434.4, 308.0), (434.4, 308.0), (434.4, 308.0), (434.4, 308.0), (434.4, 308.0), (434.4, 308.0), (434.4, 308.0), (434.4, 308.0), (434.4, 308.0), (434.4, 308.0), (434.4, 308.0), (434.4, 308.0), (434.4, 308.0), (434.4, 308.0), (434.4, 308.0), (434.4, 308.0), (434.4, 308.0), (434.4, 308.0), (434.4, 308.0), (434.4, 308.0), (434.4, 308.0)]",2,0,8.08
speedrunner,bomberman,8,Success,1,0,46.42,1.0,"[(48.0, 112.0), (70.4, 114.8), (92.8, 114.8), (115.2, 114.8), (137.6, 114.8), (160.0, 114.8), (182.4, 114.8), (204.8, 114.8), (232.8, 114.8), (244.0, 134.4), (244.0, 165.2), (258.0, 179.2), (286.0, 179.2), (308.4, 190.4), (308.4, 212.8), (308.4, 240.8), (308.4, 263.2), (308.4, 291.2), (319.6, 308.0), (342.0, 308.0), (358.8, 308.0), (370.0, 308.0), (372.8, 308.0), (372.8, 308.0), (372.8, 308.0), (372.8, 308.0), (372.8, 308.0), (372.8, 308.0), (372.8, 308.0), (372.8, 308.0), (372.8, 308.0), (372.8, 308.0), (375.6, 308.0), (384.0, 308.0), (384.0, 308.0), (384.0, 308.0), (384.0, 308.0), (403.6, 308.0), (426.0, 308.0), (434.4, 308.0), (434.4, 308.0), (434.4, 308.0), (434.4, 308.0), (434.4, 308.0), (434.4, 308.0), (434.4, 308.0), (434.4, 308.0), (434.4, 308.0), (434.4, 308.0), (434.4, 308.0), (434.4, 308.0), (434.4, 308.0), (434.4, 308.0), (434.4, 308.0), (434.4, 308.0), (434.4, 308.0), (434.4, 308.0), (434.4, 308.0), (434.4, 308.0), (434.4, 308.0), (434.4, 308.0)]",2,0,8.08
speedrunner,bomberman,8,Success,1,0,46.42,1.0,"[(48.0, 112.0), (70.4, 114.8), (92.8, 114.8), (115.2, 114.8), (137.6, 114.8), (160.0, 114.8), (182.4, 114.8), (204.8, 114.8), (232.8, 114.8), (244.0, 134.4), (244.0, 165.2), (258.0, 179.2), (286.0, 179.2), (308.4, 190.4), (308.4, 212.8), (308.4, 240.8), (308.4, 263.2), (308.4, 291.2), (319.6, 308.0), (342.0, 308.0), (358.8, 308.0), (370.0, 308.0), (372.8, 308.0), (372.8, 308.0), (372.8, 308.0), (372.8, 308.0), (372.8, 308.0), (372.8, 308.0), (372.8, 308.0), (372.8, 308.0), (372.8, 308.0), (372.8, 308.0), (375.6, 308.0), (384.0, 308.0), (384.0, 308.0), (384.0, 308.0), (384.0, 308.0), (403.6, 308.0), (426.0, 308.0), (434.4, 308.0), (434.4, 308.0), (434.4, 308.0), (434.4, 308.0), (434.4, 308.0), (434.4, 308.0), (434.4, 308.0), (434.4, 308.0), (434.4, 308.0), (434.4, 308.0), (434.4, 308.0), (434.4, 308.0), (434.4, 308.0), (434.4, 308.0), (434.4, 308.0), (434.4, 308.0), (434.4, 308.0), (434.4, 308.0), (434.4, 308.0), (434.4, 308.0), (434.4, 308.0), (434.4, 308.0)]",2,0,8.08
speedrunner,bomberman,8,Success,1,0,46.42,1.0,"[(48.0, 112.0), (70.4, 114.8), (92.8, 114.8), (115.2, 114.8), (137.6, 114.8), (160.0, 114.8), (182.4, 114.8), (204.8, 114.8), (232.8, 114.8), (244.0, 134.4), (244.0, 165.2), (258.0, 179.2), (286.0, 179.2), (308.4, 190.4), (308.4, 212.8), (308.4, 240.8), (308.4, 263.2), (308.4, 291.2), (319.6, 308.0), (342.0, 308.0), (358.8, 308.0), (370.0, 308.0), (372.8, 308.0), (372.8, 308.0), (372.8, 308.0), (372.8, 308.0), (372.8, 308.0), (372.8, 308.0), (372.8, 308.0), (372.8, 308.0), (372.8, 308.0), (372.8, 308.0), (372.8, 308.0), (384.0, 308.0), (384.0, 308.0), (395.2, 308.0), (417.6, 308.0), (434.4, 308.0), (434.4, 308.0), (434.4, 308.0), (434.4, 308.0), (434.4, 308.0), (434.4, 308.0), (434.4, 308.0), (434.4, 308.0), (434.4, 308.0), (434.4, 308.0), (434.4, 308.0), (434.4, 308.0), (434.4, 308.0), (434.4, 308.0), (434.4, 308.0), (434.4, 308.0), (434.4, 308.0), (434.4, 308.0), (434.4, 308.0), (434.4, 308.0), (434.4, 308.0), (434.4, 308.0), (434.4, 308.0), (434.4, 308.0)]",2,0,8.08
speedrunner,bomberman,8,Success,1,0,46.42,1.0,"[(48.0, 112.0), (70.4, 114.8), (92.8, 114.8), (115.2, 114.8), (137.6, 114.8), (160.0, 114.8), (182.4, 114.8), (204.8, 114.8), (232.8, 114.8), (244.0, 134.4), (244.0, 165.2), (258.0, 179.2), (286.0, 179.2), (308.4, 190.4), (308.4, 212.8), (308.4, 240.8), (308.4, 263.2), (308.4, 291.2), (319.6, 308.0), (342.0, 308.0), (358.8, 308.0), (370.0, 308.0), (372.8, 308.0), (372.8, 308.0), (372.8, 308.0), (372.8, 308.0), (372.8, 308.0), (372.8, 308.0), (372.8, 308.0), (372.8, 308.0), (372.8, 308.0), (372.8, 308.0), (372.8, 308.0), (372.8, 308.0), (384.0, 308.0), (395.2, 308.0), (417.6, 308.0), (434.4, 308.0), (434.4, 308.0), (434.4, 308.0), (434.4, 308.0), (434.4, 308.0), (434.4, 308.0), (434.4, 308.0), (434.4, 308.0), (434.4, 308.0), (434.4, 308.0), (434.4, 308.0), (434.4, 308.0), (434.4, 308.0), (434.4, 308.0), (434.4, 308.0), (434.4, 308.0), (434.4, 308.0), (434.4, 308.0), (434.4, 308.0), (434.4, 308.0), (434.4, 308.0), (434.4, 308.0), (434.4, 308.0), (434.4, 308.0)]",2,0,8.08
speedrunner,bomberman,8,Success,1,0,45.38,1.0,"[(48.0, 112.0), (70.4, 114.8), (101.2, 114.8), (115.2, 131.6), (115.2, 159.6), (126.4, 179.2), (151.6, 179.2), (176.8, 184.8), (179.6, 207.2), (179.6, 235.2), (199.2, 243.6), (227.2, 243.6), (244.0, 257.6), (244.0, 282.8), (249.6, 308.0), (272.0, 308.0), (294.4, 308.0), (316.8, 308.0), (339.2, 308.0), (350.4, 308.0), (358.8, 308.0), (370.0, 308.0), (372.8, 308.0), (372.8, 308.0), (372.8, 308.0), (372.8, 308.0), (372.8, 308.0), (372.8, 308.0), (372.8, 308.0), (372.8, 308.0), (372.8, 308.0), (372.8, 308.0), (372.8, 308.0), (378.4, 308.0), (384.0, 308.0), (389.6, 308.0), (395.2, 308.0), (417.6, 308.0), (434.4, 308.0), (434.4, 308.0), (434.4, 308.0), (434.4, 308.0), (434.4, 308.0), (434.4, 308.0), (434.4, 308.0), (434.4, 308.0), (434.4, 308.0), (434.4, 308.0), (434.4, 308.0), (434.4, 308.0), (434.4, 308.0), (434.4, 308.0), (434.4, 308.0), (434.4, 308.0), (434.4, 308.0), (434.4, 308.0), (434.4, 308.0), (434.4, 308.0), (434.4, 308.0), (434.4, 308.0), (434.4, 308.0)]",2,0,8.08
speedrunner,bomberman,8,Success,1,0,46.42,1.0,"[(48.0, 112.0), (70.4, 114.8), (92.8, 114.8), (115.2, 114.8), (137.6, 114.8), (160.0, 114.8), (182.4, 114.8), (204.8, 114.8), (232.8, 114.8), (244.0, 134.4), (244.0, 165.2), (258.0, 179.2), (286.0, 179.2), (308.4, 190.4), (308.4, 212.8), (308.4, 240.8), (308.4, 263.2), (308.4, 291.2), (319.6, 308.0), (342.0, 308.0), (358.8, 308.0), (370.0, 308.0), (372.8, 308.0), (372.8, 308.0), (372.8, 308.0), (372.8, 308.0), (372.8, 308.0), (372.8, 308.0), (372.8, 308.0), (372.8, 308.0), (372.8, 308.0), (372.8, 308.0), (372.8, 308.0), (372.8, 308.0), (384.0, 308.0), (384.0, 308.0), (406.4, 308.0), (428.8, 308.0), (434.4, 308.0), (434.4, 308.0), (434.4, 308.0), (434.4, 308.0), (434.4, 308.0), (434.4, 308.0), (434.4, 308.0), (434.4, 308.0), (434.4, 308.0), (434.4, 308.0), (434.4, 308.0), (434.4, 308.0), (434.4, 308.0), (434.4, 308.0), (434.4, 308.0), (434.4, 308.0), (434.4, 308.0), (434.4, 308.0), (434.4, 308.0), (434.4, 308.0), (434.4, 308.0), (434.4, 308.0), (434.4, 308.0)]",2,0,8.08
speedrunner,bomberman,8,Success,1,0,47.11,1.0,"[(48.0, 112.0), (70.4, 114.8), (92.8, 114.8), (115.2, 123.2), (115.2, 145.6), (118.0, 176.4), (140.4, 179.2), (162.8, 179.2), (179.6, 193.2), (179.6, 218.4), (185.2, 243.6), (207.6, 243.6), (235.6, 243.6), (244.0, 266.0), (244.0, 294.0), (258.0, 308.0), (280.4, 308.0), (302.8, 308.0), (325.2, 308.0), (347.6, 308.0), (358.8, 308.0), (370.0, 308.0), (372.8, 308.0), (372.8, 308.0), (372.8, 308.0), (372.8, 308.0), (372.8, 308.0), (372.8, 308.0), (372.8, 308.0), (372.8, 308.0), (372.8, 308.0), (378.4, 308.0), (384.0, 308.0), (400.8, 308.0), (423.2, 308.0), (434.4, 308.0), (434.4, 308.0), (434.4, 308.0), (434.4, 308.0), (434.4, 308.0), (434.4, 308.0), (434.4, 308.0), (434.4, 308.0), (434.4, 308.0), (434.4, 308.0), (434.4, 308.0), (434.4, 308.0), (434.4, 308.0), (434.4, 308.0), (434.4, 308.0), (434.4, 308.0), (434.4, 308.0), (434.4, 308.0), (434.4, 308.0), (434.4, 308.0), (434.4, 308.0), (434.4, 308.0), (434.4, 308.0), (434.4, 308.0), (434.4, 308.0), (434.4, 308.0)]",2,0,8.08
speedrunner,bomberman,8,Bomb,1,0,31.03,1.0,"[(48.0, 112.0), (50.8, 134.4), (50.8, 165.2), (64.8, 179.2), (92.8, 179.2), (115.2, 190.4), (115.2, 212.8), (118.0, 240.8), (140.4, 243.6), (168.4, 243.6), (179.6, 263.2), (179.6, 285.6), (185.2, 308.0), (207.6, 308.0), (230.0, 308.0), (252.4, 308.0), (274.8, 308.0), (297.2, 308.0), (314.0, 308.0), (319.6, 308.0), (322.4, 308.0), (322.4, 308.0), (322.4, 308.0), (325.2, 308.0), (328.0, 308.0), (330.8, 308.0), (336.4, 308.0), (336.4, 308.0), (339.2, 308.0), (344.8, 308.0), (344.8, 308.0), (353.2, 308.0), (353.2, 308.0), (353.2, 308.0), (361.6, 308.0), (364.4, 308.0), (364.4, 308.0), (364.4, 308.0), (364.4, 308.0), (364.4, 308.0), (364.4, 308.0), (370.0, 308.0), (372.8, 308.0), (372.8, 308.0), (372.8, 308.0), (372.8, 308.0), (372.8, 308.0), (372.8, 308.0), (372.8, 308.0), (372.8, 308.0), (384.0, 308.0), (384.0, 308.0), (384.0, 308.0), (384.0, 308.0), (384.0, 308.0), (384.0, 308.0), (384.0, 308.0), (384.0, 308.0), (384.0, 308.0), (384.0, 308.0), (384.0, 308.0), (384.0, 308.0), (384.0, 308.0), (384.0, 308.0), (389.6, 308.0), (412.0, 308.0), (417.6, 308.0), (417.6, 308.0), (428.8, 308.0), (431.6, 308.0), (434.4, 308.0), (434.4, 308.0), (434.4, 308.0), (434.4, 308.0), (434.4, 308.0), (434.4, 308.0), (434.4, 308.0), (434.4, 308.0), (434.4, 308.0), (434.4, 308.0), (434.4, 308.0), (434.4, 308.0), (434.4, 308.0), (434.4, 308.0), (434.4, 308.0), (434.4, 308.0), (434.4, 308.0), (434.4, 308.0), (434.4, 308.0), (434.4, 308.0), (434.4, 308.0)]",1,0,12.0
speedrunner,bomberman,8,Success,1,0,46.42,1.0,"[(48.0, 112.0), (70.4, 114.8), (92.8, 114.8), (115.2, 114.8), (137.6, 114.8), (160.0, 114.8), (182.4, 114.8), (204.8, 114.8), (232.8, 114.8), (244.0, 134.4), (244.0, 165.2), (258.0, 179.2), (286.0, 179.2), (308.4, 190.4), (308.4, 212.8), (308.4, 240.8), (308.4, 263.2), (308.4, 291.2), (319.6, 308.0), (342.0, 308.0), (358.8, 308.0), (370.0, 308.0), (372.8, 308.0), (372.8, 308.0), (372.8, 308.0), (372.8, 308.0), (372.8, 308.0), (372.8, 308.0), (372.8, 308.0), (372.8, 308.0), (372.8, 308.0), (372.8, 308.0), (372.8, 308.0), (372.8, 308.0), (372.8, 308.0), (378.4, 308.0), (384.0, 308.0), (384.0, 308.0), (406.4, 308.0), (428.8, 308.0), (434.4, 308.0), (434.4, 308.0), (434.4, 308.0), (434.4, 308.0), (434.4, 308.0), (434.4, 308.0), (434.4, 308.0), (434.4, 308.0), (434.4, 308.0), (434.4, 308.0), (434.4, 308.0), (434.4, 308.0), (434.4, 308.0), (434.4, 308.0), (434.4, 308.0), (434.4, 308.0), (434.4, 308.0), (434.4, 308.0), (434.4, 308.0), (434.4, 308.0), (434.4, 308.0)]",2,0,8.08
speedrunner,bomberman,8,Success,1,0,46.42,1.0,"[(48.0, 112.0), (70.4, 114.8), (92.8, 114.8), (115.2, 123.2), (115.2, 145.6), (118.0, 176.4), (140.4, 179.2), (168.4, 179.2), (179.6, 198.8), (179.6, 226.8), (190.8, 243.6), (216.0, 243.6), (241.2, 249.2), (244.0, 271.6), (244.0, 299.6), (263.6, 308.0), (286.0, 308.0), (308.4, 308.0), (330.8, 308.0), (350.4, 308.0), (358.8, 308.0), (370.0, 308.0), (372.8, 308.0), (372.8, 308.0), (372.8, 308.0), (372.8, 308.0), (372.8, 308.0), (372.8, 308.0), (372.8, 308.0), (372.8, 308.0), (372.8, 308.0), (372.8, 308.0), (372.8, 308.0), (372.8, 308.0), (372.8, 308.0), (372.8, 308.0), (372.8, 308.0), (384.0, 308.0), (392.4, 308.0), (414.8, 308.0), (434.4, 308.0), (434.4, 308.0), (434.4, 308.0), (434.4, 308.0), (434.4, 308.0), (434.4, 308.0), (434.4, 308.0), (434.4, 308.0), (434.4, 308.0), (434.4, 308.0), (434.4, 308.0), (434.4, 308.0), (434.4, 308.0), (434.4, 308.0), (434.4, 308.0), (434.4, 308.0), (434.4, 308.0), (434.4, 308.0), (434.4, 308.0), (434.4, 308.0), (434.4, 308.0)]",2,0,8.08
speedrunner,bomberman,8,Success,1,0,46.07,1.0,"[(48.0, 112.0), (70.4, 114.8), (92.8, 114.8), (115.2, 126.0), (115.2, 148.4), (120.8, 179.2), (143.2, 179.2), (171.2, 179.2), (179.6, 201.6), (179.6, 229.6), (193.6, 243.6), (221.6, 243.6), (244.0, 252.0), (244.0, 274.4), (244.0, 302.4), (266.4, 308.0), (288.8, 308.0), (311.2, 308.0), (333.6, 308.0), (350.4, 308.0), (358.8, 308.0), (370.0, 308.0), (372.8, 308.0), (372.8, 308.0), (372.8, 308.0), (372.8, 308.0), (372.8, 308.0), (372.8, 308.0), (372.8, 308.0), (372.8, 308.0), (372.8, 308.0), (372.8, 308.0), (372.8, 308.0), (372.8, 308.0), (372.8, 308.0), (372.8, 308.0), (372.8, 308.0), (372.8, 308.0), (372.8, 308.0), (372.8, 308.0), (372.8, 308.0), (372.8, 308.0), (372.8, 308.0), (372.8, 308.0), (381.2, 308.0), (403.6, 308.0), (426.0, 308.0), (434.4, 308.0), (434.4, 308.0), (434.4, 308.0), (434.4, 308.0), (434.4, 308.0), (434.4, 308.0), (434.4, 308.0), (434.4, 308.0), (434.4, 308.0), (434.4, 308.0), (434.4, 308.0), (434.4, 308.0), (434.4, 308.0), (434.4, 308.0)]",2,0,8.08
speedrunner,bomberman,8,Success,1,0,46.07,1.0,"[(48.0, 112.0), (70.4, 114.8), (92.8, 114.8), (115.2, 126.0), (115.2, 148.4), (120.8, 179.2), (143.2, 179.2), (171.2, 179.2), (179.6, 201.6), (179.6, 229.6), (193.6, 243.6), (221.6, 243.6), (244.0, 252.0), (244.0, 274.4), (244.0, 302.4), (266.4, 308.0), (288.8, 308.0), (311.2, 308.0), (333.6, 308.0), (350.4, 308.0), (358.8, 308.0), (370.0, 308.0), (372.8, 308.0), (372.8, 308.0), (372.8, 308.0), (372.8, 308.0), (372.8, 308.0), (372.8, 308.0), (372.8, 308.0), (372.8, 308.0), (372.8, 308.0), (372.8, 308.0), (372.8, 308.0), (372.8, 308.0), (372.8, 308.0), (372.8, 308.0), (372.8, 308.0), (372.8, 308.0), (372.8, 308.0), (372.8, 308.0), (372.8, 308.0), (372.8, 308.0), (372.8, 308.0), (372.8, 308.0), (381.2, 308.0), (403.6, 308.0), (426.0, 308.0), (434.4, 308.0), (434.4, 308.0), (434.4, 308.0), (434.4, 308.0), (434.4, 308.0), (434.4, 308.0), (434.4, 308.0), (434.4, 308.0), (434.4, 308.0), (434.4, 308.0), (434.4, 308.0), (434.4, 308.0), (434.4, 308.0), (434.4, 308.0)]",2,0,8.08
speedrunner,bomberman,8,Success,1,0,46.42,1.0,"[(48.0, 112.0), (70.4, 114.8), (92.8, 114.8), (115.2, 123.2), (115.2, 145.6), (118.0, 176.4), (140.4, 179.2), (168.4, 179.2), (179.6, 198.8), (179.6, 226.8), (190.8, 243.6), (216.0, 243.6), (241.2, 249.2), (244.0, 271.6), (244.0, 299.6), (263.6, 308.0), (286.0, 308.0), (308.4, 308.0), (330.8, 308.0), (350.4, 308.0), (358.8, 308.0), (370.0, 308.0), (372.8, 308.0), (372.8, 308.0), (372.8, 308.0), (372.8, 308.0), (372.8, 308.0), (372.8, 308.0), (372.8, 308.0), (372.8, 308.0), (372.8, 308.0), (372.8, 308.0), (372.8, 308.0), (372.8, 308.0), (372.8, 308.0), (372.8, 308.0), (372.8, 308.0), (384.0, 308.0), (392.4, 308.0), (414.8, 308.0), (434.4, 308.0), (434.4, 308.0), (434.4, 308.0), (434.4, 308.0), (434.4, 308.0), (434.4, 308.0), (434.4, 308.0), (434.4, 308.0), (434.4, 308.0), (434.4, 308.0), (434.4, 308.0), (434.4, 308.0), (434.4, 308.0), (434.4, 308.0), (434.4, 308.0), (434.4, 308.0), (434.4, 308.0), (434.4, 308.0), (434.4, 308.0), (434.4, 308.0), (434.4, 308.0)]",2,0,8.08
speedrunner,bomberman,8,Success,1,0,46.42,1.0,"[(48.0, 112.0), (70.4, 114.8), (92.8, 114.8), (115.2, 114.8), (137.6, 114.8), (160.0, 114.8), (182.4, 114.8), (204.8, 114.8), (232.8, 114.8), (244.0, 134.4), (244.0, 165.2), (258.0, 179.2), (286.0, 179.2), (308.4, 190.4), (308.4, 212.8), (308.4, 240.8), (308.4, 263.2), (308.4, 291.2), (319.6, 308.0), (342.0, 308.0), (358.8, 308.0), (370.0, 308.0), (372.8, 308.0), (372.8, 308.0), (372.8, 308.0), (372.8, 308.0), (372.8, 308.0), (372.8, 308.0), (372.8, 308.0), (372.8, 308.0), (372.8, 308.0), (372.8, 308.0), (372.8, 308.0), (372.8, 308.0), (372.8, 308.0), (378.4, 308.0), (384.0, 308.0), (384.0, 308.0), (406.4, 308.0), (428.8, 308.0), (434.4, 308.0), (434.4, 308.0), (434.4, 308.0), (434.4, 308.0), (434.4, 308.0), (434.4, 308.0), (434.4, 308.0), (434.4, 308.0), (434.4, 308.0), (434.4, 308.0), (434.4, 308.0), (434.4, 308.0), (434.4, 308.0), (434.4, 308.0), (434.4, 308.0), (434.4, 308.0), (434.4, 308.0), (434.4, 308.0), (434.4, 308.0), (434.4, 308.0), (434.4, 308.0)]",2,0,8.08
speedrunner,bomberman,8,Success,1,0,47.11,1.0,"[(48.0, 112.0), (70.4, 114.8), (92.8, 114.8), (115.2, 123.2), (115.2, 145.6), (118.0, 176.4), (140.4, 179.2), (162.8, 179.2), (179.6, 193.2), (179.6, 218.4), (185.2, 243.6), (207.6, 243.6), (235.6, 243.6), (244.0, 266.0), (244.0, 294.0), (258.0, 308.0), (280.4, 308.0), (302.8, 308.0), (325.2, 308.0), (347.6, 308.0), (358.8, 308.0), (370.0, 308.0), (372.8, 308.0), (372.8, 308.0), (372.8, 308.0), (372.8, 308.0), (372.8, 308.0), (372.8, 308.0), (372.8, 308.0), (372.8, 308.0), (372.8, 308.0), (378.4, 308.0), (384.0, 308.0), (400.8, 308.0), (423.2, 308.0), (434.4, 308.0), (434.4, 308.0), (434.4, 308.0), (434.4, 308.0), (434.4, 308.0), (434.4, 308.0), (434.4, 308.0), (434.4, 308.0), (434.4, 308.0), (434.4, 308.0), (434.4, 308.0), (434.4, 308.0), (434.4, 308.0), (434.4, 308.0), (434.4, 308.0), (434.4, 308.0), (434.4, 308.0), (434.4, 308.0), (434.4, 308.0), (434.4, 308.0), (434.4, 308.0), (434.4, 308.0), (434.4, 308.0), (434.4, 308.0), (434.4, 308.0), (434.4, 308.0)]",2,0,8.08
speedrunner,bomberman,8,Bomb,1,0,39.2,0.889,"[(48.0, 112.0), (70.4, 114.8), (92.8, 114.8), (115.2, 114.8), (137.6, 114.8), (160.0, 114.8), (182.4, 114.8), (204.8, 114.8), (232.8, 114.8), (244.0, 134.4), (244.0, 165.2), (258.0, 179.2), (286.0, 179.2), (308.4, 190.4), (308.4, 212.8), (308.4, 240.8), (308.4, 263.2), (308.4, 291.2), (319.6, 308.0), (342.0, 308.0), (358.8, 308.0), (370.0, 308.0), (372.8, 308.0), (372.8, 308.0), (372.8, 308.0), (372.8, 308.0), (372.8, 308.0), (372.8, 308.0), (372.8, 308.0), (372.8, 308.0), (372.8, 308.0), (372.8, 308.0), (372.8, 308.0), (372.8, 308.0), (372.8, 308.0), (372.8, 308.0), (372.8, 308.0), (372.8, 308.0), (372.8, 308.0), (372.8, 308.0), (372.8, 308.0), (372.8, 308.0), (372.8, 308.0), (372.8, 308.0), (372.8, 308.0), (372.8, 308.0), (372.8, 308.0), (372.8, 308.0), (372.8, 308.0), (372.8, 308.0), (372.8, 308.0), (372.8, 308.0), (372.8, 308.0), (372.8, 308.0), (372.8, 308.0), (372.8, 308.0), (372.8, 308.0), (372.8, 308.0), (372.8, 308.0), (372.8, 308.0), (372.8, 308.0)]",0,0,8.0
speedrunner,bomberman,8,Success,1,0,46.42,1.0,"[(48.0, 112.0), (70.4, 114.8), (92.8, 114.8), (115.2, 114.8), (137.6, 114.8), (160.0, 114.8), (182.4, 114.8), (204.8, 114.8), (232.8, 114.8), (244.0, 134.4), (244.0, 165.2), (258.0, 179.2), (286.0, 179.2), (308.4, 190.4), (308.4, 212.8), (308.4, 240.8), (308.4, 263.2), (308.4, 291.2), (319.6, 308.0), (342.0, 308.0), (358.8, 308.0), (370.0, 308.0), (372.8, 308.0), (372.8, 308.0), (372.8, 308.0), (372.8, 308.0), (372.8, 308.0), (372.8, 308.0), (372.8, 308.0), (372.8, 308.0), (372.8, 308.0), (372.8, 308.0), (372.8, 308.0), (372.8, 308.0), (372.8, 308.0), (384.0, 308.0), (384.0, 308.0), (384.0, 308.0), (400.8, 308.0), (423.2, 308.0), (434.4, 308.0), (434.4, 308.0), (434.4, 308.0), (434.4, 308.0), (434.4, 308.0), (434.4, 308.0), (434.4, 308.0), (434.4, 308.0), (434.4, 308.0), (434.4, 308.0), (434.4, 308.0), (434.4, 308.0), (434.4, 308.0), (434.4, 308.0), (434.4, 308.0), (434.4, 308.0), (434.4, 308.0), (434.4, 308.0), (434.4, 308.0), (434.4, 308.0), (434.4, 308.0)]",2,0,8.08
speedrunner,bomberman,8,Success,1,0,47.11,1.0,"[(48.0, 112.0), (70.4, 114.8), (92.8, 114.8), (115.2, 123.2), (115.2, 145.6), (118.0, 176.4), (140.4, 179.2), (162.8, 179.2), (179.6, 193.2), (179.6, 218.4), (185.2, 243.6), (207.6, 243.6), (235.6, 243.6), (244.0, 266.0), (244.0, 294.0), (258.0, 308.0), (280.4, 308.0), (302.8, 308.0), (325.2, 308.0), (347.6, 308.0), (358.8, 308.0), (370.0, 308.0), (372.8, 308.0), (372.8, 308.0), (372.8, 308.0), (372.8, 308.0), (372.8, 308.0), (372.8, 308.0), (372.8, 308.0), (372.8, 308.0), (372.8, 308.0), (378.4, 308.0), (384.0, 308.0), (384.0, 308.0), (384.0, 308.0), (384.0, 308.0), (395.2, 308.0), (417.6, 308.0), (434.4, 308.0), (434.4, 308.0), (434.4, 308.0), (434.4, 308.0), (434.4, 308.0), (434.4, 308.0), (434.4, 308.0), (434.4, 308.0), (434.4, 308.0), (434.4, 308.0), (434.4, 308.0), (434.4, 308.0), (434.4, 308.0), (434.4, 308.0), (434.4, 308.0), (434.4, 308.0), (434.4, 308.0), (434.4, 308.0), (434.4, 308.0), (434.4, 308.0), (434.4, 308.0), (434.4, 308.0), (434.4, 308.0)]",2,0,8.08
speedrunner,bomberman,8,Success,1,0,46.42,1.0,"[(48.0, 112.0), (70.4, 114.8), (92.8, 114.8), (115.2, 123.2), (115.2, 145.6), (118.0, 176.4), (140.4, 179.2), (168.4, 179.2), (179.6, 198.8), (179.6, 226.8), (190.8, 243.6), (216.0, 243.6), (241.2, 249.2), (244.0, 271.6), (244.0, 299.6), (263.6, 308.0), (286.0, 308.0), (308.4, 308.0), (330.8, 308.0), (350.4, 308.0), (358.8, 308.0), (370.0, 308.0), (372.8, 308.0), (372.8, 308.0), (372.8, 308.0), (372.8, 308.0), (372.8, 308.0), (372.8, 308.0), (372.8, 308.0), (372.8, 308.0), (372.8, 308.0), (372.8, 308.0), (372.8, 308.0), (372.8, 308.0), (372.8, 308.0), (372.8, 308.0), (372.8, 308.0), (384.0, 308.0), (389.6, 308.0), (412.0, 308.0), (434.4, 308.0), (434.4, 308.0), (434.4, 308.0), (434.4, 308.0), (434.4, 308.0), (434.4, 308.0), (434.4, 308.0), (434.4, 308.0), (434.4, 308.0), (434.4, 308.0), (434.4, 308.0), (434.4, 308.0), (434.4, 308.0), (434.4, 308.0), (434.4, 308.0), (434.4, 308.0), (434.4, 308.0), (434.4, 308.0), (434.4, 308.0), (434.4, 308.0), (434.4, 308.0)]",2,0,8.08
speedrunner,bomberman,8,Success,1,0,47.11,1.0,"[(48.0, 112.0), (70.4, 114.8), (92.8, 114.8), (115.2, 117.6), (115.2, 140.0), (115.2, 170.8), (134.8, 179.2), (157.2, 179.2), (179.6, 187.6), (179.6, 210.0), (179.6, 238.0), (202.0, 243.6), (230.0, 243.6), (244.0, 260.4), (244.0, 288.4), (252.4, 308.0), (274.8, 308.0), (297.2, 308.0), (319.6, 308.0), (342.0, 308.0), (358.8, 308.0), (370.0, 308.0), (372.8, 308.0), (372.8, 308.0), (372.8, 308.0), (372.8, 308.0), (372.8, 308.0), (372.8, 308.0), (372.8, 308.0), (372.8, 308.0), (372.8, 308.0), (372.8, 308.0), (372.8, 308.0), (372.8, 308.0), (372.8, 308.0), (384.0, 308.0), (406.4, 308.0), (428.8, 308.0), (434.4, 308.0), (434.4, 308.0), (434.4, 308.0), (434.4, 308.0), (434.4, 308.0), (434.4, 308.0), (434.4, 308.0), (434.4, 308.0), (434.4, 308.0), (434.4, 308.0), (434.4, 308.0), (434.4, 308.0), (434.4, 308.0), (434.4, 308.0), (434.4, 308.0), (434.4, 308.0), (434.4, 308.0), (434.4, 308.0), (434.4, 308.0), (434.4, 308.0), (434.4, 308.0), (434.4, 308.0), (434.4, 308.0)]",2,0,8.08
speedrunner,bomberman,8,Success,1,0,47.11,1.0,"[(48.0, 112.0), (70.4, 114.8), (92.8, 114.8), (115.2, 123.2), (115.2, 145.6), (118.0, 176.4), (140.4, 179.2), (162.8, 179.2), (179.6, 193.2), (179.6, 218.4), (185.2, 243.6), (207.6, 243.6), (235.6, 243.6), (244.0, 266.0), (244.0, 294.0), (258.0, 308.0), (280.4, 308.0), (302.8, 308.0), (325.2, 308.0), (347.6, 308.0), (358.8, 308.0), (370.0, 308.0), (372.8, 308.0), (372.8, 308.0), (372.8, 308.0), (372.8, 308.0), (372.8, 308.0), (372.8, 308.0), (372.8, 308.0), (372.8, 308.0), (372.8, 308.0), (372.8, 308.0), (372.8, 308.0), (372.8, 308.0), (372.8, 308.0), (372.8, 308.0), (372.8, 308.0), (372.8, 308.0), (386.8, 308.0), (409.2, 308.0), (431.6, 308.0), (434.4, 308.0), (434.4, 308.0), (434.4, 308.0), (434.4, 308.0), (434.4, 308.0), (434.4, 308.0), (434.4, 308.0), (434.4, 308.0), (434.4, 308.0), (434.4, 308.0), (434.4, 308.0), (434.4, 308.0), (434.4, 308.0), (434.4, 308.0), (434.4, 308.0), (434.4, 308.0), (434.4, 308.0), (434.4, 308.0), (434.4, 308.0), (434.4, 308.0)]",2,0,8.08
speedrunner,bomberman,8,Success,1,0,47.11,1.0,"[(48.0, 112.0), (70.4, 114.8), (92.8, 114.8), (115.2, 123.2), (115.2, 145.6), (118.0, 176.4), (140.4, 179.2), (162.8, 179.2), (179.6, 193.2), (179.6, 218.4), (185.2, 243.6), (207.6, 243.6), (235.6, 243.6), (244.0, 266.0), (244.0, 294.0), (258.0, 308.0), (280.4, 308.0), (302.8, 308.0), (325.2, 308.0), (347.6, 308.0), (358.8, 308.0), (370.0, 308.0), (372.8, 308.0), (372.8, 308.0), (372.8, 308.0), (372.8, 308.0), (372.8, 308.0), (372.8, 308.0), (372.8, 308.0), (372.8, 308.0), (372.8, 308.0), (372.8, 308.0), (372.8, 308.0), (372.8, 308.0), (372.8, 308.0), (372.8, 308.0), (372.8, 308.0), (372.8, 308.0), (386.8, 308.0), (409.2, 308.0), (431.6, 308.0), (434.4, 308.0), (434.4, 308.0), (434.4, 308.0), (434.4, 308.0), (434.4, 308.0), (434.4, 308.0), (434.4, 308.0), (434.4, 308.0), (434.4, 308.0), (434.4, 308.0), (434.4, 308.0), (434.4, 308.0), (434.4, 308.0), (434.4, 308.0), (434.4, 308.0), (434.4, 308.0), (434.4, 308.0), (434.4, 308.0), (434.4, 308.0), (434.4, 308.0)]",2,0,8.08
speedrunner,bomberman,8,Success,1,0,47.11,1.0,"[(48.0, 112.0), (70.4, 114.8), (92.8, 114.8), (115.2, 117.6), (115.2, 140.0), (115.2, 170.8), (134.8, 179.2), (157.2, 179.2), (179.6, 187.6), (179.6, 210.0), (179.6, 238.0), (202.0, 243.6), (230.0, 243.6), (244.0, 260.4), (244.0, 288.4), (252.4, 308.0), (274.8, 308.0), (297.2, 308.0), (319.6, 308.0), (342.0, 308.0), (358.8, 308.0), (370.0, 308.0), (372.8, 308.0), (372.8, 308.0), (372.8, 308.0), (372.8, 308.0), (372.8, 308.0), (372.8, 308.0), (372.8, 308.0), (372.8, 308.0), (372.8, 308.0), (372.8, 308.0), (372.8, 308.0), (372.8, 308.0), (372.8, 308.0), (384.0, 308.0), (406.4, 308.0), (428.8, 308.0), (434.4, 308.0), (434.4, 308.0), (434.4, 308.0), (434.4, 308.0), (434.4, 308.0), (434.4, 308.0), (434.4, 308.0), (434.4, 308.0), (434.4, 308.0), (434.4, 308.0), (434.4, 308.0), (434.4, 308.0), (434.4, 308.0), (434.4, 308.0), (434.4, 308.0), (434.4, 308.0), (434.4, 308.0), (434.4, 308.0), (434.4, 308.0), (434.4, 308.0), (434.4, 308.0), (434.4, 308.0), (434.4, 308.0)]",2,0,8.08
speedrunner,bomberman,8,Success,1,0,46.42,1.0,"[(48.0, 112.0), (70.4, 114.8), (92.8, 114.8), (115.2, 123.2), (115.2, 145.6), (118.0, 176.4), (140.4, 179.2), (168.4, 179.2), (179.6, 198.8), (179.6, 226.8), (190.8, 243.6), (216.0, 243.6), (241.2, 249.2), (244.0, 271.6), (244.0, 299.6), (263.6, 308.0), (286.0, 308.0), (308.4, 308.0), (330.8, 308.0), (350.4, 308.0), (358.8, 308.0), (370.0, 308.0), (372.8, 308.0), (372.8, 308.0), (372.8, 308.0), (372.8, 308.0), (372.8, 308.0), (372.8, 308.0), (372.8, 308.0), (372.8, 308.0), (372.8, 308.0), (372.8, 308.0), (372.8, 308.0), (372.8, 308.0), (372.8, 308.0), (372.8, 308.0), (372.8, 308.0), (384.0, 308.0), (389.6, 308.0), (412.0, 308.0), (434.4, 308.0), (434.4, 308.0), (434.4, 308.0), (434.4, 308.0), (434.4, 308.0), (434.4, 308.0), (434.4, 308.0), (434.4, 308.0), (434.4, 308.0), (434.4, 308.0), (434.4, 308.0), (434.4, 308.0), (434.4, 308.0), (434.4, 308.0), (434.4, 308.0), (434.4, 308.0), (434.4, 308.0), (434.4, 308.0), (434.4, 308.0), (434.4, 308.0), (434.4, 308.0)]",2,0,8.08
speedrunner,bomberman,8,Success,1,0,47.11,1.0,"[(48.0, 112.0), (70.4, 114.8), (92.8, 114.8), (115.2, 123.2), (115.2, 145.6), (118.0, 176.4), (140.4, 179.2), (162.8, 179.2), (179.6, 193.2), (179.6, 218.4), (185.2, 243.6), (207.6, 243.6), (235.6, 243.6), (244.0, 266.0), (244.0, 294.0), (258.0, 308.0), (280.4, 308.0), (302.8, 308.0), (325.2, 308.0), (347.6, 308.0), (358.8, 308.0), (370.0, 308.0), (372.8, 308.0), (372.8, 308.0), (372.8, 308.0), (372.8, 308.0), (372.8, 308.0), (372.8, 308.0), (372.8, 308.0), (372.8, 308.0), (372.8, 308.0), (378.4, 308.0), (384.0, 308.0), (384.0, 308.0), (384.0, 308.0), (384.0, 308.0), (395.2, 308.0), (417.6, 308.0), (434.4, 308.0), (434.4, 308.0), (434.4, 308.0), (434.4, 308.0), (434.4, 308.0), (434.4, 308.0), (434.4, 308.0), (434.4, 308.0), (434.4, 308.0), (434.4, 308.0), (434.4, 308.0), (434.4, 308.0), (434.4, 308.0), (434.4, 308.0), (434.4, 308.0), (434.4, 308.0), (434.4, 308.0), (434.4, 308.0), (434.4, 308.0), (434.4, 308.0), (434.4, 308.0), (434.4, 308.0), (434.4, 308.0)]",2,0,8.08
speedrunner,bomberman,8,Success,1,0,46.42,1.0,"[(48.0, 112.0), (70.4, 114.8), (92.8, 114.8), (115.2, 123.2), (115.2, 145.6), (118.0, 176.4), (140.4, 179.2), (168.4, 179.2), (179.6, 198.8), (179.6, 226.8), (190.8, 243.6), (216.0, 243.6), (241.2, 249.2), (244.0, 271.6), (244.0, 299.6), (263.6, 308.0), (286.0, 308.0), (308.4, 308.0), (330.8, 308.0), (350.4, 308.0), (358.8, 308.0), (370.0, 308.0), (372.8, 308.0), (372.8, 308.0), (372.8, 308.0), (372.8, 308.0), (372.8, 308.0), (372.8, 308.0), (372.8, 308.0), (372.8, 308.0), (372.8, 308.0), (372.8, 308.0), (372.8, 308.0), (372.8, 308.0), (372.8, 308.0), (372.8, 308.0), (372.8, 308.0), (372.8, 308.0), (384.0, 308.0), (384.0, 308.0), (384.0, 308.0), (403.6, 308.0), (426.0, 308.0), (434.4, 308.0), (434.4, 308.0), (434.4, 308.0), (434.4, 308.0), (434.4, 308.0), (434.4, 308.0), (434.4, 308.0), (434.4, 308.0), (434.4, 308.0), (434.4, 308.0), (434.4, 308.0), (434.4, 308.0), (434.4, 308.0), (434.4, 308.0), (434.4, 308.0), (434.4, 308.0), (434.4, 308.0), (434.4, 308.0)]",2,0,8.08
speedrunner,bomberman,8,Success,1,0,46.07,1.0,"[(48.0, 112.0), (70.4, 114.8), (92.8, 114.8), (115.2, 114.8), (137.6, 114.8), (162.8, 114.8), (185.2, 114.8), (207.6, 114.8), (235.6, 114.8), (244.0, 137.2), (244.0, 168.0), (260.8, 179.2), (288.8, 179.2), (308.4, 193.2), (308.4, 218.4), (308.4, 243.6), (308.4, 266.0), (308.4, 294.0), (322.4, 308.0), (344.8, 308.0), (358.8, 308.0), (370.0, 308.0), (372.8, 308.0), (372.8, 308.0), (372.8, 308.0), (372.8, 308.0), (372.8, 308.0), (372.8, 308.0), (372.8, 308.0), (372.8, 308.0), (372.8, 308.0), (372.8, 308.0), (372.8, 308.0), (372.8, 308.0), (372.8, 308.0), (372.8, 308.0), (372.8, 308.0), (375.6, 308.0), (398.0, 308.0), (420.4, 308.0), (434.4, 308.0), (434.4, 308.0), (434.4, 308.0), (434.4, 308.0), (434.4, 308.0), (434.4, 308.0), (434.4, 308.0), (434.4, 308.0), (434.4, 308.0), (434.4, 308.0), (434.4, 308.0), (434.4, 308.0), (434.4, 308.0), (434.4, 308.0), (434.4, 308.0), (434.4, 308.0), (434.4, 308.0), (434.4, 308.0), (434.4, 308.0), (434.4, 308.0), (434.4, 308.0)]",2,0,8.08
speedrunner,bomberman,8,Bomb,1,0,46.2,1.0,"[(48.0, 112.0), (70.4, 114.8), (92.8, 114.8), (115.2, 114.8), (137.6, 114.8), (160.0, 114.8), (182.4, 114.8), (204.8, 114.8), (232.8, 114.8), (244.0, 134.4), (244.0, 165.2), (258.0, 179.2), (286.0, 179.2), (308.4, 190.4), (308.4, 212.8), (311.2, 240.8), (333.6, 243.6), (361.6, 243.6), (372.8, 266.0), (372.8, 294.0), (384.0, 308.0), (384.0, 308.0), (384.0, 308.0), (384.0, 308.0), (384.0, 308.0), (384.0, 308.0), (384.0, 308.0), (384.0, 308.0), (384.0, 308.0), (386.8, 308.0), (409.2, 308.0), (428.8, 308.0), (434.4, 308.0), (434.4, 308.0), (434.4, 308.0), (434.4, 308.0), (434.4, 308.0), (434.4, 308.0), (434.4, 308.0), (434.4, 308.0), (434.4, 308.0), (434.4, 308.0), (434.4, 308.0), (434.4, 308.0), (434.4, 308.0), (434.4, 308.0), (434.4, 308.0), (434.4, 308.0), (434.4, 308.0), (434.4, 308.0), (434.4, 308.0), (434.4, 308.0), (434.4, 308.0), (434.4, 308.0), (434.4, 308.0), (434.4, 308.0), (434.4, 308.0), (434.4, 308.0), (434.4, 308.0), (434.4, 308.0), (434.4, 308.0)]",0,0,8.0
speedrunner,bomberman,8,Success,1,0,45.38,1.0,"[(48.0, 112.0), (70.4, 114.8), (101.2, 114.8), (115.2, 131.6), (115.2, 159.6), (126.4, 179.2), (151.6, 179.2), (176.8, 184.8), (179.6, 207.2), (179.6, 235.2), (199.2, 243.6), (227.2, 243.6), (244.0, 257.6), (244.0, 282.8), (249.6, 308.0), (272.0, 308.0), (294.4, 308.0), (316.8, 308.0), (339.2, 308.0), (350.4, 308.0), (358.8, 308.0), (370.0, 308.0), (372.8, 308.0), (372.8, 308.0), (372.8, 308.0), (372.8, 308.0), (372.8, 308.0), (372.8, 308.0), (372.8, 308.0), (372.8, 308.0), (372.8, 308.0), (372.8, 308.0), (372.8, 308.0), (372.8, 308.0), (372.8, 308.0), (372.8, 308.0), (384.0, 308.0), (384.0, 308.0), (384.0, 308.0), (389.6, 308.0), (412.0, 308.0), (434.4, 308.0), (434.4, 308.0), (434.4, 308.0), (434.4, 308.0), (434.4, 308.0), (434.4, 308.0), (434.4, 308.0), (434.4, 308.0), (434.4, 308.0), (434.4, 308.0), (434.4, 308.0), (434.4, 308.0), (434.4, 308.0), (434.4, 308.0), (434.4, 308.0), (434.4, 308.0), (434.4, 308.0), (434.4, 308.0), (434.4, 308.0), (434.4, 308.0)]",2,0,8.08
speedrunner,bomberman,8,Bomb,1,0,45.85,1.0,"[(48.0, 112.0), (70.4, 114.8), (101.2, 114.8), (115.2, 131.6), (115.2, 159.6), (126.4, 179.2), (151.6, 179.2), (176.8, 184.8), (179.6, 207.2), (179.6, 235.2), (199.2, 243.6), (227.2, 243.6), (244.0, 257.6), (244.0, 282.8), (249.6, 308.0), (272.0, 308.0), (294.4, 308.0), (316.8, 308.0), (339.2, 308.0), (361.6, 308.0), (384.0, 308.0), (406.4, 308.0), (428.8, 308.0), (434.4, 308.0), (434.4, 308.0), (434.4, 308.0), (434.4, 308.0), (434.4, 308.0), (434.4, 308.0), (434.4, 308.0), (434.4, 308.0), (434.4, 308.0), (434.4, 308.0), (434.4, 308.0), (434.4, 308.0), (434.4, 308.0), (434.4, 308.0), (434.4, 308.0), (434.4, 308.0), (434.4, 308.0), (434.4, 308.0), (434.4, 308.0), (434.4, 308.0), (434.4, 308.0), (434.4, 308.0), (434.4, 308.0), (434.4, 308.0), (434.4, 308.0), (434.4, 308.0), (434.4, 308.0), (434.4, 308.0), (434.4, 308.0), (434.4, 308.0), (434.4, 308.0), (434.4, 308.0), (434.4, 308.0), (434.4, 308.0), (434.4, 308.0), (434.4, 308.0), (434.4, 308.0), (434.4, 308.0)]",0,0,8.0
speedrunner,bomberman,8,Bomb,1,0,46.2,1.0,"[(48.0, 112.0), (70.4, 114.8), (92.8, 114.8), (115.2, 114.8), (137.6, 114.8), (160.0, 114.8), (182.4, 114.8), (204.8, 114.8), (232.8, 114.8), (244.0, 134.4), (244.0, 165.2), (258.0, 179.2), (286.0, 179.2), (308.4, 190.4), (308.4, 212.8), (311.2, 240.8), (333.6, 243.6), (361.6, 243.6), (372.8, 266.0), (372.8, 294.0), (372.8, 308.0), (372.8, 308.0), (372.8, 308.0), (372.8, 308.0), (372.8, 308.0), (381.2, 308.0), (403.6, 308.0), (426.0, 308.0), (434.4, 308.0), (434.4, 308.0), (434.4, 308.0), (434.4, 308.0), (434.4, 308.0), (434.4, 308.0), (434.4, 308.0), (434.4, 308.0), (434.4, 308.0), (434.4, 308.0), (434.4, 308.0), (434.4, 308.0), (434.4, 308.0), (434.4, 308.0), (434.4, 308.0), (434.4, 308.0), (434.4, 308.0), (434.4, 308.0), (434.4, 308.0), (434.4, 308.0), (434.4, 308.0), (434.4, 308.0), (434.4, 308.0), (434.4, 308.0), (434.4, 308.0), (434.4, 308.0), (434.4, 308.0), (434.4, 308.0), (434.4, 308.0), (434.4, 308.0), (434.4, 308.0), (434.4, 308.0), (434.4, 308.0)]",0,0,8.0
speedrunner,bomberman,8,Success,1,0,45.38,1.0,"[(48.0, 112.0), (70.4, 114.8), (101.2, 114.8), (115.2, 131.6), (115.2, 159.6), (126.4, 179.2), (151.6, 179.2), (176.8, 184.8), (179.6, 207.2), (179.6, 235.2), (199.2, 243.6), (227.2, 243.6), (244.0, 257.6), (244.0, 282.8), (249.6, 308.0), (272.0, 308.0), (294.4, 308.0), (316.8, 308.0), (339.2, 308.0), (350.4, 308.0), (358.8, 308.0), (370.0, 308.0), (372.8, 308.0), (372.8, 308.0), (372.8, 308.0), (372.8, 308.0), (372.8, 308.0), (372.8, 308.0), (372.8, 308.0), (372.8, 308.0), (372.8, 308.0), (372.8, 308.0), (372.8, 308.0), (372.8, 308.0), (372.8, 308.0), (372.8, 308.0), (384.0, 308.0), (384.0, 308.0), (384.0, 308.0), (389.6, 308.0), (412.0, 308.0), (434.4, 308.0), (434.4, 308.0), (434.4, 308.0), (434.4, 308.0), (434.4, 308.0), (434.4, 308.0), (434.4, 308.0), (434.4, 308.0), (434.4, 308.0), (434.4, 308.0), (434.4, 308.0), (434.4, 308.0), (434.4, 308.0), (434.4, 308.0), (434.4, 308.0), (434.4, 308.0), (434.4, 308.0), (434.4, 308.0), (434.4, 308.0), (434.4, 308.0)]",2,0,8.08
speedrunner,bomberman,8,Success,1,0,46.07,1.0,"[(48.0, 112.0), (70.4, 114.8), (92.8, 114.8), (115.2, 114.8), (137.6, 114.8), (162.8, 114.8), (185.2, 114.8), (207.6, 114.8), (235.6, 114.8), (244.0, 137.2), (244.0, 168.0), (260.8, 179.2), (288.8, 179.2), (308.4, 193.2), (308.4, 218.4), (308.4, 243.6), (308.4, 266.0), (308.4, 294.0), (322.4, 308.0), (344.8, 308.0), (358.8, 308.0), (370.0, 308.0), (372.8, 308.0), (372.8, 308.0), (372.8, 308.0), (372.8, 308.0), (372.8, 308.0), (372.8, 308.0), (372.8, 308.0), (372.8, 308.0), (372.8, 308.0), (372.8, 308.0), (372.8, 308.0), (372.8, 308.0), (372.8, 308.0), (372.8, 308.0), (372.8, 308.0), (375.6, 308.0), (398.0, 308.0), (420.4, 308.0), (434.4, 308.0), (434.4, 308.0), (434.4, 308.0), (434.4, 308.0), (434.4, 308.0), (434.4, 308.0), (434.4, 308.0), (434.4, 308.0), (434.4, 308.0), (434.4, 308.0), (434.4, 308.0), (434.4, 308.0), (434.4, 308.0), (434.4, 308.0), (434.4, 308.0), (434.4, 308.0), (434.4, 308.0), (434.4, 308.0), (434.4, 308.0), (434.4, 308.0), (434.4, 308.0)]",2,0,8.08
speedrunner,bomberman,8,Success,1,0,46.42,1.0,"[(48.0, 112.0), (70.4, 114.8), (92.8, 114.8), (115.2, 123.2), (115.2, 145.6), (118.0, 176.4), (140.4, 179.2), (168.4, 179.2), (179.6, 198.8), (179.6, 226.8), (190.8, 243.6), (216.0, 243.6), (241.2, 249.2), (244.0, 271.6), (244.0, 299.6), (263.6, 308.0), (286.0, 308.0), (308.4, 308.0), (330.8, 308.0), (350.4, 308.0), (358.8, 308.0), (370.0, 308.0), (372.8, 308.0), (372.8, 308.0), (372.8, 308.0), (372.8, 308.0), (372.8, 308.0), (372.8, 308.0), (372.8, 308.0), (372.8, 308.0), (372.8, 308.0), (372.8, 308.0), (372.8, 308.0), (372.8, 308.0), (372.8, 308.0), (372.8, 308.0), (372.8, 308.0), (372.8, 308.0), (384.0, 308.0), (384.0, 308.0), (384.0, 308.0), (403.6, 308.0), (426.0, 308.0), (434.4, 308.0), (434.4, 308.0), (434.4, 308.0), (434.4, 308.0), (434.4, 308.0), (434.4, 308.0), (434.4, 308.0), (434.4, 308.0), (434.4, 308.0), (434.4, 308.0), (434.4, 308.0), (434.4, 308.0), (434.4, 308.0), (434.4, 308.0), (434.4, 308.0), (434.4, 308.0), (434.4, 308.0), (434.4, 308.0)]",2,0,8.08
speedrunner,bomberman,8,Success,1,0,47.11,1.0,"[(48.0, 112.0), (70.4, 114.8), (92.8, 114.8), (115.2, 123.2), (115.2, 145.6), (118.0, 176.4), (140.4, 179.2), (162.8, 179.2), (179.6, 193.2), (179.6, 218.4), (185.2, 243.6), (207.6, 243.6), (235.6, 243.6), (244.0, 266.0), (244.0, 294.0), (258.0, 308.0), (280.4, 308.0), (302.8, 308.0), (325.2, 308.0), (347.6, 308.0), (358.8, 308.0), (370.0, 308.0), (372.8, 308.0), (372.8, 308.0), (372.8, 308.0), (372.8, 308.0), (372.8, 308.0), (372.8, 308.0), (372.8, 308.0), (372.8, 308.0), (372.8, 308.0), (378.4, 308.0), (384.0, 308.0), (384.0, 308.0), (384.0, 308.0), (384.0, 308.0), (395.2, 308.0), (417.6, 308.0), (434.4, 308.0), (434.4, 308.0), (434.4, 308.0), (434.4, 308.0), (434.4, 308.0), (434.4, 308.0), (434.4, 308.0), (434.4, 308.0), (434.4, 308.0), (434.4, 308.0), (434.4, 308.0), (434.4, 308.0), (434.4, 308.0), (434.4, 308.0), (434.4, 308.0), (434.4, 308.0), (434.4, 308.0), (434.4, 308.0), (434.4, 308.0), (434.4, 308.0), (434.4, 308.0), (434.4, 308.0), (434.4, 308.0)]",2,0,8.08
speedrunner,bomberman,8,Bomb,1,0,47.6,1.0,"[(48.0, 112.0), (70.4, 114.8), (92.8, 114.8), (115.2, 117.6), (115.2, 140.0), (115.2, 170.8), (134.8, 179.2), (157.2, 179.2), (179.6, 187.6), (179.6, 210.0), (179.6, 238.0), (202.0, 243.6), (230.0, 243.6), (244.0, 260.4), (244.0, 288.4), (252.4, 308.0), (274.8, 308.0), (297.2, 308.0), (319.6, 308.0), (342.0, 308.0), (358.8, 308.0), (370.0, 308.0), (372.8, 308.0), (372.8, 308.0), (372.8, 308.0), (372.8, 308.0), (372.8, 308.0), (372.8, 308.0), (372.8, 308.0), (372.8, 308.0), (384.0, 308.0), (384.0, 308.0), (384.0, 308.0), (384.0, 308.0), (400.8, 308.0), (423.2, 308.0), (434.4, 308.0), (434.4, 308.0), (434.4, 308.0), (434.4, 308.0), (434.4, 308.0), (434.4, 308.0), (434.4, 308.0), (434.4, 308.0), (434.4, 308.0), (434.4, 308.0), (434.4, 308.0), (434.4, 308.0), (434.4, 308.0), (434.4, 308.0), (434.4, 308.0), (434.4, 308.0), (434.4, 308.0), (434.4, 308.0), (434.4, 308.0), (434.4, 308.0), (434.4, 308.0), (434.4, 308.0), (434.4, 308.0), (434.4, 308.0), (434.4, 308.0)]",0,0,8.0
speedrunner,bomberman,8,Success,1,0,47.11,1.0,"[(48.0, 112.0), (70.4, 114.8), (92.8, 114.8), (115.2, 123.2), (115.2, 145.6), (118.0, 176.4), (140.4, 179.2), (162.8, 179.2), (179.6, 193.2), (179.6, 218.4), (185.2, 243.6), (207.6, 243.6), (235.6, 243.6), (244.0, 266.0), (244.0, 294.0), (258.0, 308.0), (280.4, 308.0), (302.8, 308.0), (325.2, 308.0), (347.6, 308.0), (358.8, 308.0), (370.0, 308.0), (372.8, 308.0), (372.8, 308.0), (372.8, 308.0), (372.8, 308.0), (372.8, 308.0), (372.8, 308.0), (372.8, 308.0), (372.8, 308.0), (372.8, 308.0), (372.8, 308.0), (372.8, 308.0), (372.8, 308.0), (386.8, 308.0), (409.2, 308.0), (431.6, 308.0), (434.4, 308.0), (434.4, 308.0), (434.4, 308.0), (434.4, 308.0), (434.4, 308.0), (434.4, 308.0), (434.4, 308.0), (434.4, 308.0), (434.4, 308.0), (434.4, 308.0), (434.4, 308.0), (434.4, 308.0), (434.4, 308.0), (434.4, 308.0), (434.4, 308.0), (434.4, 308.0), (434.4, 308.0), (434.4, 308.0), (434.4, 308.0), (434.4, 308.0), (434.4, 308.0), (434.4, 308.0), (434.4, 308.0), (434.4, 308.0)]",2,0,8.08
speedrunner,bomberman,8,Success,1,0,46.76,1.0,"[(48.0, 112.0), (67.6, 114.8), (90.0, 114.8), (112.4, 120.4), (115.2, 142.8), (115.2, 165.2), (129.2, 179.2), (151.6, 179.2), (176.8, 184.8), (179.6, 207.2), (179.6, 235.2), (199.2, 243.6), (227.2, 243.6), (244.0, 257.6), (244.0, 282.8), (249.6, 308.0), (272.0, 308.0), (294.4, 308.0), (316.8, 308.0), (339.2, 308.0), (358.8, 308.0), (370.0, 308.0), (372.8, 308.0), (372.8, 308.0), (372.8, 308.0), (372.8, 308.0), (372.8, 308.0), (372.8, 308.0), (372.8, 308.0), (372.8, 308.0), (372.8, 308.0), (372.8, 308.0), (372.8, 308.0), (372.8, 308.0), (372.8, 308.0), (372.8, 308.0), (372.8, 308.0), (372.8, 308.0), (372.8, 308.0), (372.8, 308.0), (372.8, 308.0), (372.8, 308.0), (384.0, 308.0), (384.0, 308.0), (384.0, 308.0), (384.0, 308.0), (384.0, 308.0), (384.0, 308.0), (384.0, 308.0), (384.0, 308.0), (400.8, 308.0), (423.2, 308.0), (434.4, 308.0), (434.4, 308.0), (434.4, 308.0), (434.4, 308.0), (434.4, 308.0), (434.4, 308.0), (434.4, 308.0), (434.4, 308.0), (434.4, 308.0)]",2,0,8.08
speedrunner,bomberman,8,Success,1,0,46.42,1.0,"[(48.0, 112.0), (70.4, 114.8), (92.8, 114.8), (115.2, 123.2), (115.2, 145.6), (118.0, 176.4), (140.4, 179.2), (168.4, 179.2), (179.6, 198.8), (179.6, 226.8), (190.8, 243.6), (216.0, 243.6), (241.2, 249.2), (244.0, 271.6), (244.0, 299.6), (263.6, 308.0), (286.0, 308.0), (308.4, 308.0), (330.8, 308.0), (350.4, 308.0), (358.8, 308.0), (370.0, 308.0), (372.8, 308.0), (372.8, 308.0), (372.8, 308.0), (372.8, 308.0), (372.8, 308.0), (372.8, 308.0), (372.8, 308.0), (372.8, 308.0), (372.8, 308.0), (372.8, 308.0), (372.8, 308.0), (372.8, 308.0), (372.8, 308.0), (372.8, 308.0), (372.8, 308.0), (372.8, 308.0), (372.8, 308.0), (372.8, 308.0), (372.8, 308.0), (386.8, 308.0), (409.2, 308.0), (431.6, 308.0), (434.4, 308.0), (434.4, 308.0), (434.4, 308.0), (434.4, 308.0), (434.4, 308.0), (434.4, 308.0), (434.4, 308.0), (434.4, 308.0), (434.4, 308.0), (434.4, 308.0), (434.4, 308.0), (434.4, 308.0), (434.4, 308.0), (434.4, 308.0), (434.4, 308.0), (434.4, 308.0), (434.4, 308.0)]",2,0,8.08
speedrunner,bomberman,8,Bomb,1,0,45.85,1.0,"[(48.0, 112.0), (70.4, 114.8), (101.2, 114.8), (115.2, 131.6), (115.2, 159.6), (126.4, 179.2), (151.6, 179.2), (176.8, 184.8), (179.6, 207.2), (179.6, 235.2), (199.2, 243.6), (227.2, 243.6), (244.0, 257.6), (244.0, 282.8), (249.6, 308.0), (272.0, 308.0), (294.4, 308.0), (316.8, 308.0), (339.2, 308.0), (350.4, 308.0), (358.8, 308.0), (372.8, 308.0), (384.0, 308.0), (384.0, 308.0), (384.0, 308.0), (384.0, 308.0), (384.0, 308.0), (384.0, 308.0), (384.0, 308.0), (384.0, 308.0), (384.0, 308.0), (384.0, 308.0), (384.0, 308.0), (384.0, 308.0), (384.0, 308.0), (389.6, 308.0), (412.0, 308.0), (434.4, 308.0), (434.4, 308.0), (434.4, 308.0), (434.4, 308.0), (434.4, 308.0), (434.4, 308.0), (434.4, 308.0), (434.4, 308.0), (434.4, 308.0), (434.4, 308.0), (434.4, 308.0), (434.4, 308.0), (434.4, 308.0), (434.4, 308.0), (434.4, 308.0), (434.4, 308.0), (434.4, 308.0), (434.4, 308.0), (434.4, 308.0), (434.4, 308.0), (434.4, 308.0), (434.4, 308.0), (434.4, 308.0), (434.4, 308.0)]",0,0,8.0
speedrunner,bomberman,8,Enemy,1,0,28.09,0.611,"[(48.0, 112.0), (50.8, 134.4), (50.8, 165.2), (50.8, 165.2), (50.8, 165.2), (50.8, 165.2), (50.8, 165.2), (50.8, 165.2), (50.8, 165.2), (50.8, 165.2), (50.8, 165.2), (50.8, 165.2), (50.8, 165.2), (50.8, 165.2), (50.8, 165.2), (50.8, 165.2), (50.8, 165.2), (50.8, 165.2), (50.8, 165.2), (50.8, 165.2), (50.8, 165.2), (50.8, 165.2), (50.8, 165.2), (50.8, 165.2), (50.8, 165.2), (50.8, 165.2), (50.8, 165.2), (50.8, 165.2), (50.8, 165.2), (50.8, 165.2), (50.8, 165.2), (64.8, 179.2), (92.8, 179.2), (115.2, 190.4), (115.2, 212.8), (118.0, 240.8), (140.4, 243.6), (168.4, 243.6), (179.6, 263.2), (179.6, 291.2), (190.8, 308.0), (213.2, 308.0)]",0,0,5.48
speedrunner,bomberman,8,Success,1,0,46.42,1.0,"[(48.0, 112.0), (70.4, 114.8), (92.8, 114.8), (115.2, 123.2), (115.2, 145.6), (118.0, 176.4), (140.4, 179.2), (168.4, 179.2), (179.6, 198.8), (179.6, 226.8), (190.8, 243.6), (216.0, 243.6), (241.2, 249.2), (244.0, 271.6), (244.0, 299.6), (263.6, 308.0), (286.0, 308.0), (308.4, 308.0), (330.8, 308.0), (350.4, 308.0), (358.8, 308.0), (370.0, 308.0), (372.8, 308.0), (372.8, 308.0), (372.8, 308.0), (372.8, 308.0), (372.8, 308.0), (372.8, 308.0), (372.8, 308.0), (372.8, 308.0), (372.8, 308.0), (372.8, 308.0), (372.8, 308.0), (372.8, 308.0), (372.8, 308.0), (372.8, 308.0), (372.8, 308.0), (372.8, 308.0), (372.8, 308.0), (372.8, 308.0), (372.8, 308.0), (386.8, 308.0), (409.2, 308.0), (431.6, 308.0), (434.4, 308.0), (434.4, 308.0), (434.4, 308.0), (434.4, 308.0), (434.4, 308.0), (434.4, 308.0), (434.4, 308.0), (434.4, 308.0), (434.4, 308.0), (434.4, 308.0), (434.4, 308.0), (434.4, 308.0), (434.4, 308.0), (434.4, 308.0), (434.4, 308.0), (434.4, 308.0), (434.4, 308.0)]",2,0,8.08
speedrunner,bomberman,8,Success,1,0,46.76,1.0,"[(48.0, 112.0), (67.6, 114.8), (90.0, 114.8), (112.4, 120.4), (115.2, 142.8), (115.2, 165.2), (129.2, 179.2), (151.6, 179.2), (176.8, 184.8), (179.6, 207.2), (179.6, 235.2), (199.2, 243.6), (227.2, 243.6), (244.0, 257.6), (244.0, 282.8), (249.6, 308.0), (272.0, 308.0), (294.4, 308.0), (316.8, 308.0), (339.2, 308.0), (358.8, 308.0), (370.0, 308.0), (372.8, 308.0), (372.8, 308.0), (372.8, 308.0), (372.8, 308.0), (372.8, 308.0), (372.8, 308.0), (372.8, 308.0), (372.8, 308.0), (372.8, 308.0), (372.8, 308.0), (372.8, 308.0), (372.8, 308.0), (372.8, 308.0), (372.8, 308.0), (372.8, 308.0), (372.8, 308.0), (372.8, 308.0), (372.8, 308.0), (372.8, 308.0), (372.8, 308.0), (384.0, 308.0), (384.0, 308.0), (384.0, 308.0), (384.0, 308.0), (384.0, 308.0), (384.0, 308.0), (384.0, 308.0), (384.0, 308.0), (400.8, 308.0), (423.2, 308.0), (434.4, 308.0), (434.4, 308.0), (434.4, 308.0), (434.4, 308.0), (434.4, 308.0), (434.4, 308.0), (434.4, 308.0), (434.4, 308.0), (434.4, 308.0)]",2,0,8.08
speedrunner,bomberman,8,Success,1,0,47.11,1.0,"[(48.0, 112.0), (70.4, 114.8), (92.8, 114.8), (115.2, 123.2), (115.2, 145.6), (118.0, 176.4), (140.4, 179.2), (162.8, 179.2), (179.6, 193.2), (179.6, 218.4), (185.2, 243.6), (207.6, 243.6), (235.6, 243.6), (244.0, 266.0), (244.0, 294.0), (258.0, 308.0), (280.4, 308.0), (302.8, 308.0), (325.2, 308.0), (347.6, 308.0), (358.8, 308.0), (370.0, 308.0), (372.8, 308.0), (372.8, 308.0), (372.8, 308.0), (372.8, 308.0), (372.8, 308.0), (372.8, 308.0), (372.8, 308.0), (372.8, 308.0), (372.8, 308.0), (372.8, 308.0), (372.8, 308.0), (372.8, 308.0), (386.8, 308.0), (409.2, 308.0), (431.6, 308.0), (434.4, 308.0), (434.4, 308.0), (434.4, 308.0), (434.4, 308.0), (434.4, 308.0), (434.4, 308.0), (434.4, 308.0), (434.4, 308.0), (434.4, 308.0), (434.4, 308.0), (434.4, 308.0), (434.4, 308.0), (434.4, 308.0), (434.4, 308.0), (434.4, 308.0), (434.4, 308.0), (434.4, 308.0), (434.4, 308.0), (434.4, 308.0), (434.4, 308.0), (434.4, 308.0), (434.4, 308.0), (434.4, 308.0), (434.4, 308.0)]",2,0,8.08
speedrunner,bomberman,8,Success,1,0,47.11,1.0,"[(48.0, 112.0), (70.4, 114.8), (92.8, 114.8), (115.2, 123.2), (115.2, 145.6), (118.0, 176.4), (140.4, 179.2), (162.8, 179.2), (179.6, 193.2), (179.6, 218.4), (185.2, 243.6), (207.6, 243.6), (235.6, 243.6), (244.0, 266.0), (244.0, 294.0), (258.0, 308.0), (280.4, 308.0), (302.8, 308.0), (325.2, 308.0), (347.6, 308.0), (358.8, 308.0), (370.0, 308.0), (372.8, 308.0), (372.8, 308.0), (372.8, 308.0), (372.8, 308.0), (372.8, 308.0), (372.8, 308.0), (372.8, 308.0), (372.8, 308.0), (372.8, 308.0), (378.4, 308.0), (384.0, 308.0), (384.0, 308.0), (384.0, 308.0), (384.0, 308.0), (395.2, 308.0), (417.6, 308.0), (434.4, 308.0), (434.4, 308.0), (434.4, 308.0), (434.4, 308.0), (434.4, 308.0), (434.4, 308.0), (434.4, 308.0), (434.4, 308.0), (434.4, 308.0), (434.4, 308.0), (434.4, 308.0), (434.4, 308.0), (434.4, 308.0), (434.4, 308.0), (434.4, 308.0), (434.4, 308.0), (434.4, 308.0), (434.4, 308.0), (434.4, 308.0), (434.4, 308.0), (434.4, 308.0), (434.4, 308.0), (434.4, 308.0)]",2,0,8.08
speedrunner,bomberman,8,Success,1,0,46.42,1.0,"[(48.0, 112.0), (70.4, 114.8), (92.8, 114.8), (115.2, 123.2), (115.2, 145.6), (118.0, 176.4), (140.4, 179.2), (168.4, 179.2), (179.6, 198.8), (179.6, 226.8), (190.8, 243.6), (216.0, 243.6), (241.2, 249.2), (244.0, 271.6), (244.0, 299.6), (263.6, 308.0), (286.0, 308.0), (308.4, 308.0), (330.8, 308.0), (350.4, 308.0), (358.8, 308.0), (370.0, 308.0), (372.8, 308.0), (372.8, 308.0), (372.8, 308.0), (372.8, 308.0), (372.8, 308.0), (372.8, 308.0), (372.8, 308.0), (372.8, 308.0), (375.6, 308.0), (384.0, 308.0), (384.0, 308.0), (384.0, 308.0), (384.0, 308.0), (384.0, 308.0), (386.8, 308.0), (409.2, 308.0), (431.6, 308.0), (434.4, 308.0), (434.4, 308.0), (434.4, 308.0), (434.4, 308.0), (434.4, 308.0), (434.4, 308.0), (434.4, 308.0), (434.4, 308.0), (434.4, 308.0), (434.4, 308.0), (434.4, 308.0), (434.4, 308.0), (434.4, 308.0), (434.4, 308.0), (434.4, 308.0), (434.4, 308.0), (434.4, 308.0), (434.4, 308.0), (434.4, 308.0), (434.4, 308.0), (434.4, 308.0), (434.4, 308.0)]",2,0,8.08
speedrunner,bomberman,8,Success,1,0,46.42,1.0,"[(48.0, 112.0), (70.4, 114.8), (92.8, 114.8), (115.2, 123.2), (115.2, 145.6), (118.0, 176.4), (140.4, 179.2), (168.4, 179.2), (179.6, 198.8), (179.6, 226.8), (190.8, 243.6), (216.0, 243.6), (241.2, 249.2), (244.0, 271.6), (244.0, 299.6), (263.6, 308.0), (286.0, 308.0), (308.4, 308.0), (330.8, 308.0), (350.4, 308.0), (358.8, 308.0), (370.0, 308.0), (372.8, 308.0), (372.8, 308.0), (372.8, 308.0), (372.8, 308.0), (372.8, 308.0), (372.8, 308.0), (372.8, 308.0), (372.8, 308.0), (372.8, 308.0), (372.8, 308.0), (381.2, 308.0), (384.0, 308.0), (384.0, 308.0), (384.0, 308.0), (384.0, 308.0), (406.4, 308.0), (428.8, 308.0), (434.4, 308.0), (434.4, 308.0), (434.4, 308.0), (434.4, 308.0), (434.4, 308.0), (434.4, 308.0), (434.4, 308.0), (434.4, 308.0), (434.4, 308.0), (434.4, 308.0), (434.4, 308.0), (434.4, 308.0), (434.4, 308.0), (434.4, 308.0), (434.4, 308.0), (434.4, 308.0), (434.4, 308.0), (434.4, 308.0), (434.4, 308.0), (434.4, 308.0), (434.4, 308.0), (434.4, 308.0)]",2,0,8.08
speedrunner,bomberman,8,Success,1,0,45.38,1.0,"[(48.0, 112.0), (70.4, 114.8), (101.2, 114.8), (115.2, 131.6), (115.2, 159.6), (126.4, 179.2), (151.6, 179.2), (176.8, 184.8), (179.6, 207.2), (179.6, 235.2), (199.2, 243.6), (227.2, 243.6), (244.0, 257.6), (244.0, 282.8), (249.6, 308.0), (272.0, 308.0), (294.4, 308.0), (316.8, 308.0), (339.2, 308.0), (350.4, 308.0), (358.8, 308.0), (370.0, 308.0), (372.8, 308.0), (372.8, 308.0), (372.8, 308.0), (372.8, 308.0), (372.8, 308.0), (372.8, 308.0), (372.8, 308.0), (372.8, 308.0), (372.8, 308.0), (372.8, 308.0), (372.8, 308.0), (372.8, 308.0), (395.2, 308.0), (417.6, 308.0), (434.4, 308.0), (434.4, 308.0), (434.4, 308.0), (434.4, 308.0), (434.4, 308.0), (434.4, 308.0), (434.4, 308.0), (434.4, 308.0), (434.4, 308.0), (434.4, 308.0), (434.4, 308.0), (434.4, 308.0), (434.4, 308.0), (434.4, 308.0), (434.4, 308.0), (434.4, 308.0), (434.4, 308.0), (434.4, 308.0), (434.4, 308.0), (434.4, 308.0), (434.4, 308.0), (434.4, 308.0), (434.4, 308.0), (434.4, 308.0), (434.4, 308.0)]",2,0,8.08
speedrunner,bomberman,8,Bomb,2,0,44.1,0.944,"[(48.0, 112.0), (50.8, 134.4), (50.8, 165.2), (64.8, 179.2), (92.8, 179.2), (115.2, 190.4), (115.2, 212.8), (118.0, 240.8), (140.4, 243.6), (168.4, 243.6), (179.6, 263.2), (179.6, 291.2), (190.8, 308.0), (213.2, 308.0), (235.6, 308.0), (258.0, 308.0), (280.4, 308.0), (302.8, 308.0), (325.2, 308.0), (347.6, 308.0), (358.8, 308.0), (370.0, 308.0), (372.8, 308.0), (372.8, 308.0), (372.8, 308.0), (372.8, 308.0), (372.8, 308.0), (372.8, 308.0), (372.8, 308.0), (372.8, 308.0), (372.8, 308.0), (372.8, 308.0), (372.8, 308.0), (372.8, 308.0), (372.8, 308.0), (372.8, 308.0), (372.8, 308.0), (372.8, 308.0), (372.8, 308.0), (372.8, 308.0), (372.8, 308.0), (372.8, 308.0), (372.8, 308.0), (372.8, 308.0), (372.8, 308.0), (372.8, 308.0), (372.8, 308.0), (372.8, 308.0), (372.8, 308.0), (372.8, 308.0), (372.8, 308.0), (372.8, 308.0), (372.8, 308.0), (372.8, 308.0), (372.8, 308.0), (372.8, 308.0), (372.8, 308.0), (372.8, 308.0), (372.8, 308.0), (392.4, 308.0), (414.8, 308.0)]",0,0,8.0
speedrunner,bomberman,8,Success,1,0,46.76,1.0,"[(48.0, 112.0), (67.6, 114.8), (90.0, 114.8), (112.4, 114.8), (134.8, 114.8), (157.2, 114.8), (179.6, 114.8), (202.0, 114.8), (230.0, 114.8), (244.0, 131.6), (244.0, 154.0), (244.0, 176.4), (244.0, 198.8), (244.0, 226.8), (255.2, 243.6), (272.0, 243.6), (280.4, 243.6), (288.8, 243.6), (288.8, 243.6), (294.4, 243.6), (300.0, 246.4), (308.4, 268.8), (308.4, 296.8), (325.2, 308.0), (347.6, 308.0), (370.0, 308.0), (372.8, 308.0), (372.8, 308.0), (372.8, 308.0), (372.8, 308.0), (372.8, 308.0), (372.8, 308.0), (372.8, 308.0), (372.8, 308.0), (372.8, 308.0), (372.8, 308.0), (372.8, 308.0), (372.8, 308.0), (384.0, 308.0), (384.0, 308.0), (384.0, 308.0), (384.0, 308.0), (384.0, 308.0), (384.0, 308.0), (400.8, 308.0), (423.2, 308.0), (434.4, 308.0), (434.4, 308.0), (434.4, 308.0), (434.4, 308.0), (434.4, 308.0), (434.4, 308.0), (434.4, 308.0), (434.4, 308.0), (434.4, 308.0), (434.4, 308.0), (434.4, 308.0), (434.4, 308.0), (434.4, 308.0), (434.4, 308.0), (434.4, 308.0)]",2,0,8.08
speedrunner,bomberman,8,Success,1,0,46.76,1.0,"[(48.0, 112.0), (70.4, 114.8), (92.8, 114.8), (115.2, 117.6), (115.2, 140.0), (115.2, 170.8), (134.8, 179.2), (157.2, 179.2), (179.6, 187.6), (179.6, 210.0), (179.6, 238.0), (202.0, 243.6), (230.0, 243.6), (244.0, 260.4), (244.0, 288.4), (252.4, 308.0), (274.8, 308.0), (297.2, 308.0), (319.6, 308.0), (342.0, 308.0), (358.8, 308.0), (370.0, 308.0), (372.8, 308.0), (372.8, 308.0), (372.8, 308.0), (372.8, 308.0), (372.8, 308.0), (372.8, 308.0), (372.8, 308.0), (372.8, 308.0), (372.8, 308.0), (372.8, 308.0), (372.8, 308.0), (372.8, 308.0), (372.8, 308.0), (372.8, 308.0), (372.8, 308.0), (372.8, 308.0), (372.8, 308.0), (372.8, 308.0), (372.8, 308.0), (372.8, 308.0), (372.8, 308.0), (372.8, 308.0), (372.8, 308.0), (372.8, 308.0), (372.8, 308.0), (372.8, 308.0), (384.0, 308.0), (406.4, 308.0), (428.8, 308.0), (434.4, 308.0), (434.4, 308.0), (434.4, 308.0), (434.4, 308.0), (434.4, 308.0), (434.4, 308.0), (434.4, 308.0), (434.4, 308.0), (434.4, 308.0), (434.4, 308.0)]",2,0,8.08
speedrunner,bomberman,8,Success,1,0,46.76,1.0,"[(48.0, 112.0), (70.4, 114.8), (92.8, 114.8), (115.2, 117.6), (115.2, 140.0), (115.2, 170.8), (134.8, 179.2), (157.2, 179.2), (179.6, 187.6), (179.6, 210.0), (179.6, 238.0), (202.0, 243.6), (230.0, 243.6), (244.0, 260.4), (244.0, 288.4), (252.4, 308.0), (274.8, 308.0), (297.2, 308.0), (319.6, 308.0), (342.0, 308.0), (358.8, 308.0), (370.0, 308.0), (372.8, 308.0), (372.8, 308.0), (372.8, 308.0), (372.8, 308.0), (372.8, 308.0), (372.8, 308.0), (372.8, 308.0), (372.8, 308.0), (372.8, 308.0), (372.8, 308.0), (372.8, 308.0), (372.8, 308.0), (372.8, 308.0), (372.8, 308.0), (372.8, 308.0), (372.8, 308.0), (372.8, 308.0), (372.8, 308.0), (372.8, 308.0), (372.8, 308.0), (372.8, 308.0), (372.8, 308.0), (372.8, 308.0), (372.8, 308.0), (372.8, 308.0), (372.8, 308.0), (384.0, 308.0), (406.4, 308.0), (428.8, 308.0), (434.4, 308.0), (434.4, 308.0), (434.4, 308.0), (434.4, 308.0), (434.4, 308.0), (434.4, 308.0), (434.4, 308.0), (434.4, 308.0), (434.4, 308.0), (434.4, 308.0)]",2,0,8.08
speedrunner,bomberman,8,Success,1,0,46.76,1.0,"[(48.0, 112.0), (67.6, 114.8), (90.0, 114.8), (112.4, 114.8), (134.8, 114.8), (157.2, 114.8), (179.6, 114.8), (202.0, 114.8), (230.0, 114.8), (244.0, 131.6), (244.0, 154.0), (244.0, 176.4), (244.0, 198.8), (244.0, 226.8), (255.2, 243.6), (272.0, 243.6), (280.4, 243.6), (288.8, 243.6), (288.8, 243.6), (294.4, 243.6), (300.0, 246.4), (308.4, 268.8), (308.4, 296.8), (325.2, 308.0), (347.6, 308.0), (370.0, 308.0), (372.8, 308.0), (372.8, 308.0), (372.8, 308.0), (372.8, 308.0), (372.8, 308.0), (372.8, 308.0), (372.8, 308.0), (372.8, 308.0), (372.8, 308.0), (372.8, 308.0), (372.8, 308.0), (372.8, 308.0), (384.0, 308.0), (384.0, 308.0), (384.0, 308.0), (384.0, 308.0), (384.0, 308.0), (384.0, 308.0), (400.8, 308.0), (423.2, 308.0), (434.4, 308.0), (434.4, 308.0), (434.4, 308.0), (434.4, 308.0), (434.4, 308.0), (434.4, 308.0), (434.4, 308.0), (434.4, 308.0), (434.4, 308.0), (434.4, 308.0), (434.4, 308.0), (434.4, 308.0), (434.4, 308.0), (434.4, 308.0), (434.4, 308.0)]",2,0,8.08
speedrunner,bomberman,8,Success,1,0,45.38,1.0,"[(48.0, 112.0), (70.4, 114.8), (101.2, 114.8), (115.2, 131.6), (115.2, 159.6), (126.4, 179.2), (151.6, 179.2), (176.8, 184.8), (179.6, 207.2), (179.6, 235.2), (199.2, 243.6), (227.2, 243.6), (244.0, 257.6), (244.0, 282.8), (249.6, 308.0), (272.0, 308.0), (294.4, 308.0), (316.8, 308.0), (339.2, 308.0), (350.4, 308.0), (358.8, 308.0), (370.0, 308.0), (372.8, 308.0), (372.8, 308.0), (372.8, 308.0), (372.8, 308.0), (372.8, 308.0), (372.8, 308.0), (372.8, 308.0), (372.8, 308.0), (372.8, 308.0), (372.8, 308.0), (372.8, 308.0), (372.8, 308.0), (395.2, 308.0), (417.6, 308.0), (434.4, 308.0), (434.4, 308.0), (434.4, 308.0), (434.4, 308.0), (434.4, 308.0), (434.4, 308.0), (434.4, 308.0), (434.4, 308.0), (434.4, 308.0), (434.4, 308.0), (434.4, 308.0), (434.4, 308.0), (434.4, 308.0), (434.4, 308.0), (434.4, 308.0), (434.4, 308.0), (434.4, 308.0), (434.4, 308.0), (434.4, 308.0), (434.4, 308.0), (434.4, 308.0), (434.4, 308.0), (434.4, 308.0), (434.4, 308.0), (434.4, 308.0)]",2,0,8.08
speedrunner,bomberman,8,Success,1,0,46.42,1.0,"[(48.0, 112.0), (70.4, 114.8), (92.8, 114.8), (115.2, 123.2), (115.2, 145.6), (118.0, 176.4), (140.4, 179.2), (168.4, 179.2), (179.6, 198.8), (179.6, 226.8), (190.8, 243.6), (216.0, 243.6), (241.2, 249.2), (244.0, 271.6), (244.0, 299.6), (263.6, 308.0), (286.0, 308.0), (308.4, 308.0), (330.8, 308.0), (350.4, 308.0), (358.8, 308.0), (370.0, 308.0), (372.8, 308.0), (372.8, 308.0), (372.8, 308.0), (372.8, 308.0), (372.8, 308.0), (372.8, 308.0), (372.8, 308.0), (372.8, 308.0), (372.8, 308.0), (372.8, 308.0), (381.2, 308.0), (384.0, 308.0), (384.0, 308.0), (384.0, 308.0), (384.0, 308.0), (406.4, 308.0), (428.8, 308.0), (434.4, 308.0), (434.4, 308.0), (434.4, 308.0), (434.4, 308.0), (434.4, 308.0), (434.4, 308.0), (434.4, 308.0), (434.4, 308.0), (434.4, 308.0), (434.4, 308.0), (434.4, 308.0), (434.4, 308.0), (434.4, 308.0), (434.4, 308.0), (434.4, 308.0), (434.4, 308.0), (434.4, 308.0), (434.4, 308.0), (434.4, 308.0), (434.4, 308.0), (434.4, 308.0), (434.4, 308.0)]",2,0,8.08
speedrunner,bomberman,8,Success,1,0,46.42,1.0,"[(48.0, 112.0), (67.6, 114.8), (90.0, 114.8), (112.4, 114.8), (134.8, 114.8), (157.2, 114.8), (179.6, 117.6), (179.6, 140.0), (179.6, 170.8), (199.2, 179.2), (224.4, 179.2), (224.4, 179.2), (224.4, 179.2), (224.4, 179.2), (224.4, 179.2), (224.4, 179.2), (224.4, 179.2), (227.2, 179.2), (232.8, 179.2), (235.6, 179.2), (244.0, 190.4), (244.0, 212.8), (246.8, 240.8), (269.2, 243.6), (297.2, 243.6), (308.4, 266.0), (308.4, 294.0), (322.4, 308.0), (344.8, 308.0), (367.2, 308.0), (372.8, 308.0), (372.8, 308.0), (372.8, 308.0), (372.8, 308.0), (372.8, 308.0), (372.8, 308.0), (372.8, 308.0), (372.8, 308.0), (372.8, 308.0), (372.8, 308.0), (384.0, 308.0), (384.0, 308.0), (384.0, 308.0), (384.0, 308.0), (384.0, 308.0), (384.0, 308.0), (384.0, 308.0), (400.8, 308.0), (423.2, 308.0), (434.4, 308.0), (434.4, 308.0), (434.4, 308.0), (434.4, 308.0), (434.4, 308.0), (434.4, 308.0), (434.4, 308.0), (434.4, 308.0), (434.4, 308.0), (434.4, 308.0), (434.4, 308.0), (434.4, 308.0)]",2,0,8.08
speedrunner,bomberman,8,Success,1,0,47.11,1.0,"[(48.0, 112.0), (70.4, 114.8), (92.8, 114.8), (115.2, 123.2), (115.2, 145.6), (118.0, 176.4), (140.4, 179.2), (162.8, 179.2), (179.6, 193.2), (179.6, 218.4), (185.2, 243.6), (207.6, 243.6), (235.6, 243.6), (244.0, 266.0), (244.0, 294.0), (258.0, 308.0), (280.4, 308.0), (302.8, 308.0), (325.2, 308.0), (347.6, 308.0), (358.8, 308.0), (370.0, 308.0), (372.8, 308.0), (372.8, 308.0), (372.8, 308.0), (372.8, 308.0), (372.8, 308.0), (372.8, 308.0), (372.8, 308.0), (372.8, 308.0), (372.8, 308.0), (372.8, 308.0), (372.8, 308.0), (384.0, 308.0), (384.0, 308.0), (384.0, 308.0), (384.0, 308.0), (384.0, 308.0), (392.4, 308.0), (414.8, 308.0), (434.4, 308.0), (434.4, 308.0), (434.4, 308.0), (434.4, 308.0), (434.4, 308.0), (434.4, 308.0), (434.4, 308.0), (434.4, 308.0), (434.4, 308.0), (434.4, 308.0), (434.4, 308.0), (434.4, 308.0), (434.4, 308.0), (434.4, 308.0), (434.4, 308.0), (434.4, 308.0), (434.4, 308.0), (434.4, 308.0), (434.4, 308.0), (434.4, 308.0), (434.4, 308.0)]",2,0,8.08
speedrunner,bomberman,8,Bomb,1,0,46.2,1.0,"[(48.0, 112.0), (70.4, 114.8), (92.8, 114.8), (115.2, 114.8), (137.6, 114.8), (160.0, 114.8), (182.4, 114.8), (204.8, 114.8), (232.8, 114.8), (244.0, 134.4), (244.0, 165.2), (258.0, 179.2), (286.0, 179.2), (308.4, 190.4), (308.4, 212.8), (311.2, 240.8), (333.6, 243.6), (361.6, 243.6), (372.8, 266.0), (372.8, 294.0), (375.6, 308.0), (375.6, 308.0), (375.6, 308.0), (375.6, 308.0), (384.0, 308.0), (384.0, 308.0), (384.0, 308.0), (384.0, 308.0), (384.0, 308.0), (384.0, 308.0), (384.0, 308.0), (384.0, 308.0), (384.0, 308.0), (395.2, 308.0), (417.6, 308.0), (434.4, 308.0), (434.4, 308.0), (434.4, 308.0), (434.4, 308.0), (434.4, 308.0), (434.4, 308.0), (434.4, 308.0), (434.4, 308.0), (434.4, 308.0), (434.4, 308.0), (434.4, 308.0), (434.4, 308.0), (434.4, 308.0), (434.4, 308.0), (434.4, 308.0), (434.4, 308.0), (434.4, 308.0), (434.4, 308.0), (434.4, 308.0), (434.4, 308.0), (434.4, 308.0), (434.4, 308.0), (434.4, 308.0), (434.4, 308.0), (434.4, 308.0), (434.4, 308.0)]",0,0,8.0
speedrunner,bomberman,8,Bomb,1,0,45.85,1.0,"[(48.0, 112.0), (70.4, 109.2), (101.2, 109.2), (115.2, 128.8), (115.2, 154.0), (123.6, 179.2), (146.0, 173.6), (174.0, 182.0), (179.6, 204.4), (179.6, 232.4), (196.4, 243.6), (224.4, 243.6), (244.0, 254.8), (244.0, 277.2), (246.8, 305.2), (269.2, 308.0), (291.6, 308.0), (314.0, 308.0), (336.4, 308.0), (350.4, 308.0), (358.8, 308.0), (370.0, 308.0), (372.8, 308.0), (372.8, 308.0), (372.8, 308.0), (372.8, 308.0), (372.8, 308.0), (372.8, 308.0), (372.8, 308.0), (384.0, 308.0), (384.0, 308.0), (403.6, 308.0), (426.0, 308.0), (434.4, 308.0), (434.4, 308.0), (434.4, 308.0), (434.4, 308.0), (434.4, 308.0), (434.4, 308.0), (434.4, 308.0), (434.4, 308.0), (434.4, 308.0), (434.4, 308.0), (434.4, 308.0), (434.4, 308.0), (434.4, 308.0), (434.4, 308.0), (434.4, 308.0), (434.4, 308.0), (434.4, 308.0), (434.4, 308.0), (434.4, 308.0), (434.4, 308.0), (434.4, 308.0), (434.4, 308.0), (434.4, 308.0), (434.4, 308.0), (434.4, 308.0), (434.4, 308.0), (434.4, 308.0), (434.4, 308.0)]",0,0,8.0
speedrunner,bomberman,8,Bomb,1,0,39.2,0.889,"[(48.0, 112.0), (70.4, 114.8), (92.8, 114.8), (115.2, 123.2), (115.2, 145.6), (118.0, 176.4), (140.4, 179.2), (168.4, 179.2), (179.6, 198.8), (179.6, 226.8), (190.8, 243.6), (216.0, 243.6), (241.2, 249.2), (244.0, 271.6), (244.0, 299.6), (263.6, 308.0), (286.0, 308.0), (308.4, 308.0), (330.8, 308.0), (350.4, 308.0), (358.8, 308.0), (370.0, 308.0), (372.8, 308.0), (372.8, 308.0), (372.8, 308.0), (372.8, 308.0), (372.8, 308.0), (372.8, 308.0), (372.8, 308.0), (372.8, 308.0), (372.8, 308.0), (372.8, 308.0), (372.8, 308.0), (372.8, 308.0), (372.8, 308.0), (372.8, 308.0), (372.8, 308.0), (372.8, 308.0), (372.8, 308.0), (372.8, 308.0), (372.8, 308.0), (372.8, 308.0), (372.8, 308.0), (372.8, 308.0), (372.8, 308.0), (372.8, 308.0), (372.8, 308.0), (372.8, 308.0), (372.8, 308.0), (372.8, 308.0), (372.8, 308.0), (372.8, 308.0), (372.8, 308.0), (372.8, 308.0), (372.8, 308.0), (372.8, 308.0), (372.8, 308.0), (372.8, 308.0), (372.8, 308.0), (372.8, 308.0), (372.8, 308.0)]",0,0,8.0
speedrunner,bomberman,8,Bomb,1,0,46.9,1.0,"[(48.0, 112.0), (70.4, 114.8), (92.8, 114.8), (115.2, 123.2), (115.2, 145.6), (118.0, 176.4), (140.4, 179.2), (168.4, 179.2), (179.6, 198.8), (179.6, 226.8), (190.8, 243.6), (216.0, 243.6), (241.2, 249.2), (244.0, 271.6), (244.0, 299.6), (263.6, 308.0), (286.0, 308.0), (308.4, 308.0), (330.8, 308.0), (350.4, 308.0), (358.8, 308.0), (370.0, 308.0), (372.8, 308.0), (372.8, 308.0), (372.8, 308.0), (372.8, 308.0), (372.8, 308.0), (372.8, 308.0), (384.0, 308.0), (384.0, 308.0), (384.0, 308.0), (384.0, 308.0), (406.4, 308.0), (428.8, 308.0), (434.4, 308.0), (434.4, 308.0), (434.4, 308.0), (434.4, 308.0), (434.4, 308.0), (434.4, 308.0), (434.4, 308.0), (434.4, 308.0), (434.4, 308.0), (434.4, 308.0), (434.4, 308.0), (434.4, 308.0), (434.4, 308.0), (434.4, 308.0), (434.4, 308.0), (434.4, 308.0), (434.4, 308.0), (434.4, 308.0), (434.4, 308.0), (434.4, 308.0), (434.4, 308.0), (434.4, 308.0), (434.4, 308.0), (434.4, 308.0), (434.4, 308.0), (434.4, 308.0), (434.4, 308.0)]",0,0,8.0
speedrunner,bomberman,8,Success,1,0,47.11,1.0,"[(48.0, 112.0), (70.4, 114.8), (92.8, 114.8), (115.2, 123.2), (115.2, 145.6), (118.0, 176.4), (140.4, 179.2), (162.8, 179.2), (179.6, 193.2), (179.6, 218.4), (185.2, 243.6), (207.6, 243.6), (235.6, 243.6), (244.0, 266.0), (244.0, 294.0), (258.0, 308.0), (280.4, 308.0), (302.8, 308.0), (325.2, 308.0), (347.6, 308.0), (358.8, 308.0), (370.0, 308.0), (372.8, 308.0), (372.8, 308.0), (372.8, 308.0), (372.8, 308.0), (372.8, 308.0), (372.8, 308.0), (372.8, 308.0), (372.8, 308.0), (372.8, 308.0), (372.8, 308.0), (372.8, 308.0), (384.0, 308.0), (384.0, 308.0), (384.0, 308.0), (384.0, 308.0), (384.0, 308.0), (392.4, 308.0), (414.8, 308.0), (434.4, 308.0), (434.4, 308.0), (434.4, 308.0), (434.4, 308.0), (434.4, 308.0), (434.4, 308.0), (434.4, 308.0), (434.4, 308.0), (434.4, 308.0), (434.4, 308.0), (434.4, 308.0), (434.4, 308.0), (434.4, 308.0), (434.4, 308.0), (434.4, 308.0), (434.4, 308.0), (434.4, 308.0), (434.4, 308.0), (434.4, 308.0), (434.4, 308.0), (434.4, 308.0)]",2,0,8.08
speedrunner,bomberman,8,Success,1,0,46.42,1.0,"[(48.0, 112.0), (67.6, 114.8), (90.0, 114.8), (112.4, 114.8), (134.8, 114.8), (157.2, 114.8), (179.6, 117.6), (179.6, 140.0), (179.6, 170.8), (199.2, 179.2), (224.4, 179.2), (224.4, 179.2), (224.4, 179.2), (224.4, 179.2), (224.4, 179.2), (224.4, 179.2), (224.4, 179.2), (227.2, 179.2), (232.8, 179.2), (235.6, 179.2), (244.0, 190.4), (244.0, 212.8), (246.8, 240.8), (269.2, 243.6), (297.2, 243.6), (308.4, 266.0), (308.4, 294.0), (322.4, 308.0), (344.8, 308.0), (367.2, 308.0), (372.8, 308.0), (372.8, 308.0), (372.8, 308.0), (372.8, 308.0), (372.8, 308.0), (372.8, 308.0), (372.8, 308.0), (372.8, 308.0), (372.8, 308.0), (372.8, 308.0), (384.0, 308.0), (384.0, 308.0), (384.0, 308.0), (384.0, 308.0), (384.0, 308.0), (384.0, 308.0), (384.0, 308.0), (400.8, 308.0), (423.2, 308.0), (434.4, 308.0), (434.4, 308.0), (434.4, 308.0), (434.4, 308.0), (434.4, 308.0), (434.4, 308.0), (434.4, 308.0), (434.4, 308.0), (434.4, 308.0), (434.4, 308.0), (434.4, 308.0), (434.4, 308.0)]",2,0,8.08
speedrunner,bomberman,8,Success,1,0,46.42,1.0,"[(48.0, 112.0), (70.4, 114.8), (92.8, 114.8), (115.2, 123.2), (115.2, 145.6), (118.0, 176.4), (140.4, 179.2), (168.4, 179.2), (179.6, 198.8), (179.6, 226.8), (190.8, 243.6), (216.0, 243.6), (241.2, 249.2), (244.0, 271.6), (244.0, 299.6), (263.6, 308.0), (286.0, 308.0), (308.4, 308.0), (330.8, 308.0), (350.4, 308.0), (358.8, 308.0), (370.0, 308.0), (372.8, 308.0), (372.8, 308.0), (372.8, 308.0), (372.8, 308.0), (372.8, 308.0), (372.8, 308.0), (372.8, 308.0), (372.8, 308.0), (372.8, 308.0), (372.8, 308.0), (381.2, 308.0), (384.0, 308.0), (384.0, 308.0), (384.0, 308.0), (384.0, 308.0), (406.4, 308.0), (428.8, 308.0), (434.4, 308.0), (434.4, 308.0), (434.4, 308.0), (434.4, 308.0), (434.4, 308.0), (434.4, 308.0), (434.4, 308.0), (434.4, 308.0), (434.4, 308.0), (434.4, 308.0), (434.4, 308.0), (434.4, 308.0), (434.4, 308.0), (434.4, 308.0), (434.4, 308.0), (434.4, 308.0), (434.4, 308.0), (434.4, 308.0), (434.4, 308.0), (434.4, 308.0), (434.4, 308.0), (434.4, 308.0)]",2,0,8.08
speedrunner,bomberman,8,Success,1,0,45.38,1.0,"[(48.0, 112.0), (70.4, 114.8), (101.2, 114.8), (115.2, 131.6), (115.2, 159.6), (126.4, 179.2), (151.6, 179.2), (176.8, 184.8), (179.6, 207.2), (179.6, 235.2), (199.2, 243.6), (227.2, 243.6), (244.0, 257.6), (244.0, 282.8), (249.6, 308.0), (272.0, 308.0), (294.4, 308.0), (316.8, 308.0), (339.2, 308.0), (350.4, 308.0), (358.8, 308.0), (370.0, 308.0), (372.8, 308.0), (372.8, 308.0), (372.8, 308.0), (372.8, 308.0), (372.8, 308.0), (372.8, 308.0), (372.8, 308.0), (372.8, 308.0), (372.8, 308.0), (372.8, 308.0), (372.8, 308.0), (372.8, 308.0), (395.2, 308.0), (417.6, 308.0), (434.4, 308.0), (434.4, 308.0), (434.4, 308.0), (434.4, 308.0), (434.4, 308.0), (434.4, 308.0), (434.4, 308.0), (434.4, 308.0), (434.4, 308.0), (434.4, 308.0), (434.4, 308.0), (434.4, 308.0), (434.4, 308.0), (434.4, 308.0), (434.4, 308.0), (434.4, 308.0), (434.4, 308.0), (434.4, 308.0), (434.4, 308.0), (434.4, 308.0), (434.4, 308.0), (434.4, 308.0), (434.4, 308.0), (434.4, 308.0), (434.4, 308.0)]",2,0,8.08
speedrunner,bomberman,8,Success,1,0,46.42,1.0,"[(48.0, 112.0), (70.4, 114.8), (92.8, 114.8), (115.2, 114.8), (137.6, 114.8), (160.0, 114.8), (182.4, 114.8), (204.8, 114.8), (232.8, 114.8), (244.0, 134.4), (244.0, 165.2), (244.0, 187.6), (244.0, 210.0), (244.0, 238.0), (266.4, 243.6), (272.0, 243.6), (280.4, 243.6), (288.8, 243.6), (288.8, 243.6), (294.4, 243.6), (300.0, 246.4), (308.4, 268.8), (308.4, 296.8), (325.2, 308.0), (347.6, 308.0), (370.0, 308.0), (372.8, 308.0), (372.8, 308.0), (372.8, 308.0), (372.8, 308.0), (372.8, 308.0), (372.8, 308.0), (372.8, 308.0), (372.8, 308.0), (372.8, 308.0), (372.8, 308.0), (372.8, 308.0), (372.8, 308.0), (372.8, 308.0), (372.8, 308.0), (372.8, 308.0), (375.6, 308.0), (398.0, 308.0), (420.4, 308.0), (434.4, 308.0), (434.4, 308.0), (434.4, 308.0), (434.4, 308.0), (434.4, 308.0), (434.4, 308.0), (434.4, 308.0), (434.4, 308.0), (434.4, 308.0), (434.4, 308.0), (434.4, 308.0), (434.4, 308.0), (434.4, 308.0), (434.4, 308.0), (434.4, 308.0), (434.4, 308.0), (434.4, 308.0)]",2,0,8.08
speedrunner,bomberman,8,Success,1,0,46.42,1.0,"[(48.0, 112.0), (70.4, 114.8), (92.8, 114.8), (115.2, 114.8), (137.6, 114.8), (160.0, 114.8), (182.4, 114.8), (204.8, 114.8), (232.8, 114.8), (244.0, 134.4), (244.0, 165.2), (258.0, 179.2), (286.0, 179.2), (308.4, 190.4), (308.4, 212.8), (308.4, 240.8), (308.4, 263.2), (308.4, 291.2), (319.6, 308.0), (342.0, 308.0), (358.8, 308.0), (370.0, 308.0), (372.8, 308.0), (372.8, 308.0), (372.8, 308.0), (372.8, 308.0), (372.8, 308.0), (372.8, 308.0), (372.8, 308.0), (372.8, 308.0), (372.8, 308.0), (372.8, 308.0), (372.8, 308.0), (372.8, 308.0), (372.8, 308.0), (372.8, 308.0), (372.8, 308.0), (372.8, 308.0), (381.2, 308.0), (403.6, 308.0), (426.0, 308.0), (434.4, 308.0), (434.4, 308.0), (434.4, 308.0), (434.4, 308.0), (434.4, 308.0), (434.4, 308.0), (434.4, 308.0), (434.4, 308.0), (434.4, 308.0), (434.4, 308.0), (434.4, 308.0), (434.4, 308.0), (434.4, 308.0), (434.4, 308.0), (434.4, 308.0), (434.4, 308.0), (434.4, 308.0), (434.4, 308.0), (434.4, 308.0), (434.4, 308.0)]",2,0,8.08
speedrunner,bomberman,8,Success,1,0,47.11,1.0,"[(48.0, 112.0), (70.4, 114.8), (92.8, 114.8), (115.2, 123.2), (115.2, 145.6), (118.0, 176.4), (140.4, 179.2), (162.8, 179.2), (179.6, 193.2), (179.6, 218.4), (185.2, 243.6), (207.6, 243.6), (235.6, 243.6), (244.0, 266.0), (244.0, 294.0), (258.0, 308.0), (280.4, 308.0), (302.8, 308.0), (325.2, 308.0), (347.6, 308.0), (358.8, 308.0), (370.0, 308.0), (372.8, 308.0), (372.8, 308.0), (372.8, 308.0), (372.8, 308.0), (372.8, 308.0), (372.8, 308.0), (372.8, 308.0), (372.8, 308.0), (372.8, 308.0), (372.8, 308.0), (372.8, 308.0), (372.8, 308.0), (372.8, 308.0), (372.8, 308.0), (375.6, 308.0), (384.0, 308.0), (384.0, 308.0), (389.6, 308.0), (412.0, 308.0), (434.4, 308.0), (434.4, 308.0), (434.4, 308.0), (434.4, 308.0), (434.4, 308.0), (434.4, 308.0), (434.4, 308.0), (434.4, 308.0), (434.4, 308.0), (434.4, 308.0), (434.4, 308.0), (434.4, 308.0), (434.4, 308.0), (434.4, 308.0), (434.4, 308.0), (434.4, 308.0), (434.4, 308.0), (434.4, 308.0), (434.4, 308.0), (434.4, 308.0)]",2,0,8.08
speedrunner,bomberman,8,Success,1,0,46.42,1.0,"[(48.0, 112.0), (70.4, 114.8), (92.8, 114.8), (115.2, 114.8), (137.6, 114.8), (160.0, 114.8), (182.4, 114.8), (204.8, 114.8), (232.8, 114.8), (244.0, 134.4), (244.0, 165.2), (258.0, 179.2), (286.0, 179.2), (308.4, 190.4), (308.4, 212.8), (308.4, 240.8), (308.4, 263.2), (308.4, 291.2), (319.6, 308.0), (342.0, 308.0), (358.8, 308.0), (370.0, 308.0), (372.8, 308.0), (372.8, 308.0), (372.8, 308.0), (372.8, 308.0), (372.8, 308.0), (372.8, 308.0), (372.8, 308.0), (372.8, 308.0), (372.8, 308.0), (372.8, 308.0), (372.8, 308.0), (372.8, 308.0), (372.8, 308.0), (372.8, 308.0), (372.8, 308.0), (372.8, 308.0), (372.8, 308.0), (372.8, 308.0), (372.8, 308.0), (372.8, 308.0), (372.8, 308.0), (372.8, 308.0), (372.8, 308.0), (372.8, 308.0), (372.8, 308.0), (375.6, 308.0), (398.0, 308.0), (420.4, 308.0), (434.4, 308.0), (434.4, 308.0), (434.4, 308.0), (434.4, 308.0), (434.4, 308.0), (434.4, 308.0), (434.4, 308.0), (434.4, 308.0), (434.4, 308.0), (434.4, 308.0), (434.4, 308.0)]",2,0,8.08
speedrunner,bomberman,8,Success,1,0,46.76,1.0,"[(48.0, 112.0), (70.4, 114.8), (92.8, 114.8), (115.2, 114.8), (137.6, 114.8), (160.0, 114.8), (182.4, 114.8), (204.8, 114.8), (232.8, 114.8), (244.0, 134.4), (244.0, 159.6), (244.0, 182.0), (244.0, 204.4), (244.0, 232.4), (260.8, 243.6), (272.0, 243.6), (280.4, 243.6), (288.8, 243.6), (288.8, 243.6), (294.4, 243.6), (300.0, 246.4), (308.4, 268.8), (308.4, 296.8), (325.2, 308.0), (347.6, 308.0), (370.0, 308.0), (372.8, 308.0), (372.8, 308.0), (372.8, 308.0), (372.8, 308.0), (372.8, 308.0), (372.8, 308.0), (372.8, 308.0), (372.8, 308.0), (372.8, 308.0), (372.8, 308.0), (372.8, 308.0), (372.8, 308.0), (372.8, 308.0), (372.8, 308.0), (372.8, 308.0), (372.8, 308.0), (372.8, 308.0), (372.8, 308.0), (372.8, 308.0), (372.8, 308.0), (372.8, 308.0), (372.8, 308.0), (372.8, 308.0), (372.8, 308.0), (372.8, 308.0), (372.8, 308.0), (372.8, 308.0), (392.4, 308.0), (414.8, 308.0), (434.4, 308.0), (434.4, 308.0), (434.4, 308.0), (434.4, 308.0), (434.4, 308.0), (434.4, 308.0)]",2,0,8.08
speedrunner,bomberman,8,Success,1,0,45.38,1.0,"[(48.0, 112.0), (70.4, 114.8), (101.2, 114.8), (115.2, 131.6), (115.2, 159.6), (126.4, 179.2), (151.6, 179.2), (176.8, 184.8), (179.6, 207.2), (179.6, 235.2), (199.2, 243.6), (227.2, 243.6), (244.0, 257.6), (244.0, 282.8), (249.6, 308.0), (272.0, 308.0), (294.4, 308.0), (316.8, 308.0), (339.2, 308.0), (350.4, 308.0), (358.8, 308.0), (370.0, 308.0), (372.8, 308.0), (372.8, 308.0), (372.8, 308.0), (372.8, 308.0), (372.8, 308.0), (372.8, 308.0), (372.8, 308.0), (372.8, 308.0), (372.8, 308.0), (372.8, 308.0), (372.8, 308.0), (384.0, 308.0), (384.0, 308.0), (384.0, 308.0), (398.0, 308.0), (420.4, 308.0), (434.4, 308.0), (434.4, 308.0), (434.4, 308.0), (434.4, 308.0), (434.4, 308.0), (434.4, 308.0), (434.4, 308.0), (434.4, 308.0), (434.4, 308.0), (434.4, 308.0), (434.4, 308.0), (434.4, 308.0), (434.4, 308.0), (434.4, 308.0), (434.4, 308.0), (434.4, 308.0), (434.4, 308.0), (434.4, 308.0), (434.4, 308.0), (434.4, 308.0), (434.4, 308.0), (434.4, 308.0), (434.4, 308.0)]",2,0,8.08
speedrunner,bomberman,8,Success,1,0,45.38,1.0,"[(48.0, 112.0), (70.4, 114.8), (101.2, 114.8), (115.2, 131.6), (115.2, 159.6), (126.4, 179.2), (151.6, 179.2), (176.8, 184.8), (179.6, 207.2), (179.6, 235.2), (199.2, 243.6), (227.2, 243.6), (244.0, 257.6), (244.0, 282.8), (249.6, 308.0), (272.0, 308.0), (294.4, 308.0), (316.8, 308.0), (339.2, 308.0), (350.4, 308.0), (358.8, 308.0), (370.0, 308.0), (372.8, 308.0), (372.8, 308.0), (372.8, 308.0), (372.8, 308.0), (372.8, 308.0), (372.8, 308.0), (372.8, 308.0), (372.8, 308.0), (372.8, 308.0), (372.8, 308.0), (372.8, 308.0), (384.0, 308.0), (384.0, 308.0), (384.0, 308.0), (398.0, 308.0), (420.4, 308.0), (434.4, 308.0), (434.4, 308.0), (434.4, 308.0), (434.4, 308.0), (434.4, 308.0), (434.4, 308.0), (434.4, 308.0), (434.4, 308.0), (434.4, 308.0), (434.4, 308.0), (434.4, 308.0), (434.4, 308.0), (434.4, 308.0), (434.4, 308.0), (434.4, 308.0), (434.4, 308.0), (434.4, 308.0), (434.4, 308.0), (434.4, 308.0), (434.4, 308.0), (434.4, 308.0), (434.4, 308.0), (434.4, 308.0)]",2,0,8.08
speedrunner,bomberman,8,Success,1,0,46.76,1.0,"[(48.0, 112.0), (70.4, 114.8), (92.8, 114.8), (115.2, 114.8), (137.6, 114.8), (160.0, 114.8), (182.4, 114.8), (204.8, 114.8), (232.8, 114.8), (244.0, 134.4), (244.0, 159.6), (244.0, 182.0), (244.0, 204.4), (244.0, 232.4), (260.8, 243.6), (272.0, 243.6), (280.4, 243.6), (288.8, 243.6), (288.8, 243.6), (294.4, 243.6), (300.0, 246.4), (308.4, 268.8), (308.4, 296.8), (325.2, 308.0), (347.6, 308.0), (370.0, 308.0), (372.8, 308.0), (372.8, 308.0), (372.8, 308.0), (372.8, 308.0), (372.8, 308.0), (372.8, 308.0), (372.8, 308.0), (372.8, 308.0), (372.8, 308.0), (372.8, 308.0), (372.8, 308.0), (372.8, 308.0), (372.8, 308.0), (372.8, 308.0), (372.8, 308.0), (372.8, 308.0), (372.8, 308.0), (372.8, 308.0), (372.8, 308.0), (372.8, 308.0), (372.8, 308.0), (372.8, 308.0), (372.8, 308.0), (372.8, 308.0), (372.8, 308.0), (372.8, 308.0), (372.8, 308.0), (392.4, 308.0), (414.8, 308.0), (434.4, 308.0), (434.4, 308.0), (434.4, 308.0), (434.4, 308.0), (434.4, 308.0), (434.4, 308.0)]",2,0,8.08
speedrunner,bomberman,8,Success,1,0,46.42,1.0,"[(48.0, 112.0), (70.4, 114.8), (92.8, 114.8), (115.2, 114.8), (137.6, 114.8), (160.0, 114.8), (182.4, 114.8), (204.8, 114.8), (232.8, 114.8), (244.0, 134.4), (244.0, 165.2), (258.0, 179.2), (286.0, 179.2), (308.4, 190.4), (308.4, 212.8), (308.4, 240.8), (308.4, 263.2), (308.4, 291.2), (319.6, 308.0), (342.0, 308.0), (358.8, 308.0), (370.0, 308.0), (372.8, 308.0), (372.8, 308.0), (372.8, 308.0), (372.8, 308.0), (372.8, 308.0), (372.8, 308.0), (372.8, 308.0), (372.8, 308.0), (372.8, 308.0), (372.8, 308.0), (372.8, 308.0), (372.8, 308.0), (372.8, 308.0), (372.8, 308.0), (372.8, 308.0), (372.8, 308.0), (372.8, 308.0), (372.8, 308.0), (372.8, 308.0), (372.8, 308.0), (372.8, 308.0), (372.8, 308.0), (372.8, 308.0), (372.8, 308.0), (372.8, 308.0), (375.6, 308.0), (398.0, 308.0), (420.4, 308.0), (434.4, 308.0), (434.4, 308.0), (434.4, 308.0), (434.4, 308.0), (434.4, 308.0), (434.4, 308.0), (434.4, 308.0), (434.4, 308.0), (434.4, 308.0), (434.4, 308.0), (434.4, 308.0)]",2,0,8.08
speedrunner,bomberman,8,Success,1,0,47.11,1.0,"[(48.0, 112.0), (70.4, 114.8), (92.8, 114.8), (115.2, 123.2), (115.2, 145.6), (118.0, 176.4), (140.4, 179.2), (162.8, 179.2), (179.6, 193.2), (179.6, 218.4), (185.2, 243.6), (207.6, 243.6), (235.6, 243.6), (244.0, 266.0), (244.0, 294.0), (258.0, 308.0), (280.4, 308.0), (302.8, 308.0), (325.2, 308.0), (347.6, 308.0), (358.8, 308.0), (370.0, 308.0), (372.8, 308.0), (372.8, 308.0), (372.8, 308.0), (372.8, 308.0), (372.8, 308.0), (372.8, 308.0), (372.8, 308.0), (372.8, 308.0), (372.8, 308.0), (372.8, 308.0), (372.8, 308.0), (372.8, 308.0), (372.8, 308.0), (372.8, 308.0), (375.6, 308.0), (384.0, 308.0), (384.0, 308.0), (389.6, 308.0), (412.0, 308.0), (434.4, 308.0), (434.4, 308.0), (434.4, 308.0), (434.4, 308.0), (434.4, 308.0), (434.4, 308.0), (434.4, 308.0), (434.4, 308.0), (434.4, 308.0), (434.4, 308.0), (434.4, 308.0), (434.4, 308.0), (434.4, 308.0), (434.4, 308.0), (434.4, 308.0), (434.4, 308.0), (434.4, 308.0), (434.4, 308.0), (434.4, 308.0), (434.4, 308.0)]",2,0,8.08
speedrunner,bomberman,8,Success,1,0,46.76,1.0,"[(48.0, 112.0), (70.4, 114.8), (92.8, 114.8), (115.2, 114.8), (137.6, 114.8), (160.0, 114.8), (182.4, 114.8), (204.8, 114.8), (232.8, 114.8), (244.0, 134.4), (244.0, 165.2), (244.0, 187.6), (244.0, 210.0), (244.0, 238.0), (266.4, 243.6), (272.0, 243.6), (280.4, 243.6), (288.8, 243.6), (288.8, 243.6), (294.4, 243.6), (300.0, 246.4), (308.4, 268.8), (308.4, 296.8), (325.2, 308.0), (347.6, 308.0), (370.0, 308.0), (372.8, 308.0), (372.8, 308.0), (372.8, 308.0), (372.8, 308.0), (372.8, 308.0), (372.8, 308.0), (372.8, 308.0), (372.8, 308.0), (372.8, 308.0), (372.8, 308.0), (372.8, 308.0), (372.8, 308.0), (372.8, 308.0), (372.8, 308.0), (372.8, 308.0), (372.8, 308.0), (372.8, 308.0), (372.8, 308.0), (372.8, 308.0), (372.8, 308.0), (372.8, 308.0), (372.8, 308.0), (372.8, 308.0), (372.8, 308.0), (372.8, 308.0), (372.8, 308.0), (389.6, 308.0), (412.0, 308.0), (434.4, 308.0), (434.4, 308.0), (434.4, 308.0), (434.4, 308.0), (434.4, 308.0), (434.4, 308.0), (434.4, 308.0)]",2,0,8.08
speedrunner,bomberman,8,Success,1,0,46.42,1.0,"[(48.0, 112.0), (70.4, 114.8), (92.8, 114.8), (115.2, 114.8), (137.6, 114.8), (160.0, 114.8), (182.4, 114.8), (204.8, 114.8), (232.8, 114.8), (244.0, 134.4), (244.0, 165.2), (246.8, 179.2), (249.6, 179.2), (249.6, 179.2), (269.2, 179.2), (297.2, 179.2), (308.4, 201.6), (308.4, 229.6), (308.4, 252.0), (308.4, 274.4), (308.4, 302.4), (330.8, 308.0), (353.2, 308.0), (372.8, 308.0), (372.8, 308.0), (372.8, 308.0), (372.8, 308.0), (372.8, 308.0), (372.8, 308.0), (372.8, 308.0), (372.8, 308.0), (372.8, 308.0), (372.8, 308.0), (372.8, 308.0), (372.8, 308.0), (372.8, 308.0), (372.8, 308.0), (372.8, 308.0), (372.8, 308.0), (372.8, 308.0), (372.8, 308.0), (372.8, 308.0), (372.8, 308.0), (372.8, 308.0), (372.8, 308.0), (372.8, 308.0), (372.8, 308.0), (372.8, 308.0), (392.4, 308.0), (414.8, 308.0), (434.4, 308.0), (434.4, 308.0), (434.4, 308.0), (434.4, 308.0), (434.4, 308.0), (434.4, 308.0), (434.4, 308.0), (434.4, 308.0), (434.4, 308.0), (434.4, 308.0), (434.4, 308.0)]",2,0,8.08
speedrunner,bomberman,8,Success,2,0,47.46,1.0,"[(48.0, 112.0), (70.4, 114.8), (92.8, 114.8), (115.2, 114.8), (137.6, 114.8), (160.0, 114.8), (182.4, 114.8), (204.8, 114.8), (227.2, 114.8), (244.0, 128.8), (244.0, 154.0), (252.4, 179.2), (274.8, 179.2), (300.0, 182.0), (308.4, 204.4), (308.4, 232.4), (308.4, 254.8), (308.4, 277.2), (311.2, 305.2), (333.6, 308.0), (356.0, 308.0), (370.0, 308.0), (372.8, 308.0), (372.8, 308.0), (372.8, 308.0), (372.8, 308.0), (372.8, 308.0), (372.8, 308.0), (372.8, 308.0), (372.8, 308.0), (372.8, 308.0), (372.8, 308.0), (372.8, 308.0), (372.8, 308.0), (372.8, 308.0), (372.8, 308.0), (372.8, 308.0), (372.8, 308.0), (384.0, 308.0), (406.4, 308.0), (428.8, 308.0), (434.4, 308.0), (434.4, 308.0), (434.4, 308.0), (434.4, 308.0), (434.4, 308.0), (434.4, 308.0), (434.4, 308.0), (434.4, 308.0), (434.4, 308.0), (434.4, 308.0), (434.4, 308.0), (434.4, 308.0), (434.4, 308.0), (434.4, 308.0), (434.4, 308.0), (434.4, 308.0), (434.4, 308.0), (434.4, 308.0), (434.4, 308.0), (434.4, 308.0)]",2,0,8.08
speedrunner,bomberman,8,Success,1,0,46.42,1.0,"[(48.0, 112.0), (70.4, 114.8), (92.8, 114.8), (115.2, 123.2), (115.2, 145.6), (118.0, 176.4), (140.4, 179.2), (168.4, 179.2), (179.6, 198.8), (179.6, 226.8), (190.8, 243.6), (216.0, 243.6), (241.2, 249.2), (244.0, 271.6), (244.0, 299.6), (263.6, 308.0), (286.0, 308.0), (308.4, 308.0), (330.8, 308.0), (350.4, 308.0), (358.8, 308.0), (370.0, 308.0), (372.8, 308.0), (372.8, 308.0), (372.8, 308.0), (372.8, 308.0), (372.8, 308.0), (372.8, 308.0), (372.8, 308.0), (372.8, 308.0), (372.8, 308.0), (372.8, 308.0), (372.8, 308.0), (372.8, 308.0), (372.8, 308.0), (372.8, 308.0), (378.4, 308.0), (384.0, 308.0), (384.0, 308.0), (395.2, 308.0), (417.6, 308.0), (434.4, 308.0), (434.4, 308.0), (434.4, 308.0), (434.4, 308.0), (434.4, 308.0), (434.4, 308.0), (434.4, 308.0), (434.4, 308.0), (434.4, 308.0), (434.4, 308.0), (434.4, 308.0), (434.4, 308.0), (434.4, 308.0), (434.4, 308.0), (434.4, 308.0), (434.4, 308.0), (434.4, 308.0), (434.4, 308.0), (434.4, 308.0), (434.4, 308.0)]",2,0,8.08
speedrunner,bomberman,8,Success,1,0,45.38,1.0,"[(48.0, 112.0), (70.4, 114.8), (101.2, 114.8), (115.2, 131.6), (115.2, 159.6), (126.4, 179.2), (151.6, 179.2), (176.8, 184.8), (179.6, 207.2), (179.6, 235.2), (199.2, 243.6), (227.2, 243.6), (244.0, 257.6), (244.0, 282.8), (249.6, 308.0), (272.0, 308.0), (294.4, 308.0), (316.8, 308.0), (339.2, 308.0), (350.4, 308.0), (358.8, 308.0), (370.0, 308.0), (372.8, 308.0), (372.8, 308.0), (372.8, 308.0), (372.8, 308.0), (372.8, 308.0), (372.8, 308.0), (372.8, 308.0), (372.8, 308.0), (372.8, 308.0), (372.8, 308.0), (372.8, 308.0), (372.8, 308.0), (384.0, 308.0), (384.0, 308.0), (384.0, 308.0), (386.8, 308.0), (409.2, 308.0), (431.6, 308.0), (434.4, 308.0), (434.4, 308.0), (434.4, 308.0), (434.4, 308.0), (434.4, 308.0), (434.4, 308.0), (434.4, 308.0), (434.4, 308.0), (434.4, 308.0), (434.4, 308.0), (434.4, 308.0), (434.4, 308.0), (434.4, 308.0), (434.4, 308.0), (434.4, 308.0), (434.4, 308.0), (434.4, 308.0), (434.4, 308.0), (434.4, 308.0), (434.4, 308.0), (434.4, 308.0)]",2,0,8.08
speedrunner,bomberman,8,Success,1,0,46.42,1.0,"[(48.0, 112.0), (70.4, 114.8), (92.8, 114.8), (115.2, 114.8), (137.6, 114.8), (160.0, 114.8), (182.4, 114.8), (204.8, 114.8), (232.8, 114.8), (244.0, 134.4), (244.0, 165.2), (249.6, 179.2), (249.6, 179.2), (272.0, 179.2), (300.0, 182.0), (308.4, 204.4), (308.4, 232.4), (308.4, 254.8), (308.4, 277.2), (311.2, 305.2), (333.6, 308.0), (356.0, 308.0), (372.8, 308.0), (372.8, 308.0), (372.8, 308.0), (372.8, 308.0), (372.8, 308.0), (372.8, 308.0), (372.8, 308.0), (372.8, 308.0), (372.8, 308.0), (372.8, 308.0), (372.8, 308.0), (372.8, 308.0), (372.8, 308.0), (395.2, 308.0), (417.6, 308.0), (434.4, 308.0), (434.4, 308.0), (434.4, 308.0), (434.4, 308.0), (434.4, 308.0), (434.4, 308.0), (434.4, 308.0), (434.4, 308.0), (434.4, 308.0), (434.4, 308.0), (434.4, 308.0), (434.4, 308.0), (434.4, 308.0), (434.4, 308.0), (434.4, 308.0), (434.4, 308.0), (434.4, 308.0), (434.4, 308.0), (434.4, 308.0), (434.4, 308.0), (434.4, 308.0), (434.4, 308.0), (434.4, 308.0), (434.4, 308.0)]",2,0,8.08
