persona,game,world,cause_of_death,jump_count,coins_collected,avg_vx,progress_ratio,route,enemies_killed,bricks_destroyed,elapsed_time
speedrunner,bomberman,5,Bomb,59,0,27.09,0.75,"[(48.0, 48.0), (70.4, 50.8), (101.2, 50.8), (115.2, 67.6), (115.2, 95.6), (126.4, 115.2), (151.6, 115.2), (176.8, 120.8), (179.6, 143.2), (179.6, 171.2), (199.2, 179.6), (227.2, 179.6), (244.0, 193.6), (244.0, 218.8), (249.6, 244.0), (272.0, 244.0), (300.0, 246.8), (305.6, 269.2), (308.4, 297.2), (300.0, 314.0), (300.0, 314.0), (300.0, 314.0), (300.0, 314.0), (300.0, 314.0), (300.0, 314.0), (300.0, 314.0), (300.0, 314.0), (300.0, 314.0), (300.0, 314.0), (300.0, 314.0), (300.0, 314.0), (300.0, 314.0), (300.0, 314.0), (300.0, 314.0), (300.0, 314.0), (300.0, 314.0), (300.0, 314.0), (300.0, 319.6), (300.0, 319.6), (308.4, 342.0), (308.4, 342.0), (308.4, 347.6), (308.4, 347.6), (308.4, 353.2), (308.4, 353.2), (308.4, 353.2), (308.4, 353.2), (308.4, 353.2), (308.4, 353.2), (308.4, 353.2), (308.4, 353.2), (308.4, 353.2), (308.4, 353.2), (308.4, 353.2), (308.4, 353.2), (308.4, 353.2), (308.4, 353.2), (308.4, 353.2), (308.4, 353.2), (308.4, 353.2), (308.4, 353.2), (308.4, 353.2), (308.4, 353.2), (308.4, 353.2), (308.4, 353.2), (308.4, 353.2)]",0,1,8.68
speedrunner,bomberman,5,Stuck,0,0,56.68,0.5,"[(48.0, 48.0), (70.4, 45.2), (92.8, 45.2), (115.2, 45.2), (137.6, 45.2), (160.0, 45.2), (182.4, 45.2), (204.8, 45.2), (227.2, 45.2), (249.6, 45.2), (272.0, 45.2), (294.4, 45.2), (316.8, 45.2), (339.2, 45.2), (361.6, 45.2), (384.0, 45.2), (406.4, 45.2), (428.8, 45.2), (434.4, 45.2), (434.4, 45.2), (434.4, 45.2), (434.4, 45.2), (434.4, 45.2), (434.4, 45.2), (434.4, 45.2), (434.4, 45.2), (434.4, 45.2), (434.4, 45.2), (434.4, 45.2), (434.4, 45.2), (434.4, 45.2), (434.4, 45.2), (434.4, 45.2), (434.4, 45.2), (434.4, 45.2), (434.4, 45.2), (434.4, 45.2), (434.4, 45.2), (434.4, 45.2), (434.4, 45.2), (434.4, 45.2), (434.4, 45.2), (434.4, 45.2), (434.4, 45.2), (434.4, 45.2), (434.4, 45.2), (434.4, 45.2), (434.4, 45.2), (434.4, 45.2), (434.4, 45.2), (434.4, 45.2), (434.4, 45.2)]",0,0,6.82
speedrunner,bomberman,5,Stuck,0,0,46.0,0.5,"[(48.0, 48.0), (70.4, 45.2), (92.8, 45.2), (115.2, 45.2), (137.6, 45.2), (160.0, 45.2), (182.4, 45.2), (204.8, 45.2), (227.2, 45.2), (249.6, 45.2), (272.0, 45.2), (294.4, 45.2), (316.8, 45.2), (339.2, 45.2), (361.6, 45.2), (361.6, 45.2), (361.6, 45.2), (361.6, 45.2), (361.6, 45.2), (361.6, 45.2), (361.6, 45.2), (361.6, 45.2), (361.6, 45.2), (361.6, 45.2), (361.6, 45.2), (361.6, 45.2), (361.6, 45.2), (361.6, 45.2), (361.6, 45.2), (361.6, 45.2), (361.6, 45.2), (361.6, 45.2), (361.6, 45.2), (361.6, 45.2), (361.6, 45.2), (361.6, 45.2), (361.6, 45.2), (361.6, 45.2), (361.6, 45.2), (361.6, 45.2), (361.6, 45.2), (361.6, 45.2), (361.6, 45.2), (361.6, 45.2), (361.6, 45.2), (361.6, 45.2), (361.6, 45.2), (361.6, 45.2), (361.6, 45.2), (361.6, 45.2), (361.6, 45.2), (361.6, 45.2)]",0,0,6.82
speedrunner,bomberman,5,Bomb,6,0,-0.35,0.3,"[(48.0, 48.0), (45.2, 70.4), (45.2, 92.8), (45.2, 115.2), (45.2, 137.6), (45.2, 160.0), (45.2, 182.4), (45.2, 204.8), (45.2, 227.2), (45.2, 249.6), (45.2, 272.0), (45.2, 294.4), (45.2, 316.8), (45.2, 339.2), (45.2, 361.6), (45.2, 372.8), (45.2, 372.8), (45.2, 372.8), (45.2, 372.8), (45.2, 372.8), (45.2, 372.8), (45.2, 372.8), (45.2, 372.8), (45.2, 372.8), (45.2, 372.8), (45.2, 372.8), (45.2, 372.8), (45.2, 372.8), (45.2, 372.8), (45.2, 372.8), (45.2, 372.8), (45.2, 372.8), (45.2, 372.8), (45.2, 372.8), (45.2, 372.8), (45.2, 372.8), (45.2, 372.8), (45.2, 372.8), (45.2, 372.8), (45.2, 372.8), (45.2, 372.8), (45.2, 372.8), (45.2, 372.8), (45.2, 372.8), (45.2, 372.8), (45.2, 372.8), (45.2, 372.8), (45.2, 372.8), (45.2, 372.8), (45.2, 372.8), (45.2, 350.4), (45.2, 350.4), (45.2, 350.4), (45.2, 350.4), (45.2, 350.4), (45.2, 350.4), (45.2, 350.4), (45.2, 350.4), (45.2, 350.4), (45.2, 350.4), (45.2, 350.4)]",0,0,8.0
speedrunner,bomberman,5,Stuck,0,0,2.72,0.35,"[(48.0, 48.0), (45.2, 70.4), (45.2, 92.8), (45.2, 115.2), (45.2, 137.6), (45.2, 160.0), (45.2, 182.4), (50.8, 204.8), (45.2, 232.8), (62.0, 244.0), (62.0, 244.0), (62.0, 244.0), (62.0, 244.0), (62.0, 244.0), (62.0, 244.0), (62.0, 244.0), (62.0, 244.0), (62.0, 244.0), (62.0, 244.0), (62.0, 244.0), (62.0, 244.0), (62.0, 244.0), (62.0, 244.0), (62.0, 244.0), (62.0, 244.0), (62.0, 244.0), (62.0, 244.0), (62.0, 244.0), (62.0, 244.0), (62.0, 244.0), (62.0, 244.0), (62.0, 244.0), (62.0, 244.0), (62.0, 244.0), (62.0, 244.0), (62.0, 244.0), (62.0, 244.0), (62.0, 244.0), (62.0, 244.0), (62.0, 244.0), (62.0, 244.0), (62.0, 244.0), (62.0, 244.0), (62.0, 244.0), (62.0, 244.0), (62.0, 244.0), (62.0, 244.0)]",0,0,6.18
speedrunner,bomberman,5,Bomb,1,0,0.7,0.0,"[(48.0, 48.0), (50.8, 45.2), (50.8, 45.2), (50.8, 45.2), (50.8, 45.2), (50.8, 45.2), (50.8, 45.2), (50.8, 45.2), (50.8, 45.2), (50.8, 45.2), (50.8, 45.2), (50.8, 45.2), (50.8, 45.2), (50.8, 45.2), (50.8, 45.2), (50.8, 45.2), (50.8, 45.2), (50.8, 45.2), (50.8, 45.2), (50.8, 45.2), (50.8, 45.2), (50.8, 45.2), (50.8, 45.2), (50.8, 45.2), (50.8, 45.2), (50.8, 45.2), (50.8, 45.2), (50.8, 45.2), (50.8, 45.2), (50.8, 45.2), (50.8, 45.2)]",0,0,4.0
speedrunner,bomberman,5,Stuck,7,0,40.82,0.5,"[(48.0, 48.0), (70.4, 45.2), (92.8, 45.2), (115.2, 45.2), (137.6, 45.2), (160.0, 45.2), (182.4, 45.2), (204.8, 45.2), (227.2, 45.2), (249.6, 45.2), (272.0, 45.2), (294.4, 45.2), (316.8, 45.2), (339.2, 45.2), (361.6, 45.2), (384.0, 45.2), (406.4, 45.2), (428.8, 45.2), (434.4, 45.2), (434.4, 45.2), (434.4, 45.2), (434.4, 45.2), (434.4, 45.2), (434.4, 45.2), (434.4, 45.2), (434.4, 45.2), (434.4, 45.2), (434.4, 45.2), (434.4, 45.2), (434.4, 45.2), (434.4, 45.2), (434.4, 45.2), (434.4, 45.2), (434.4, 45.2), (434.4, 45.2), (434.4, 45.2), (434.4, 45.2), (434.4, 45.2), (434.4, 45.2), (434.4, 45.2), (434.4, 45.2), (434.4, 45.2), (434.4, 45.2), (434.4, 45.2), (434.4, 45.2), (434.4, 45.2), (434.4, 45.2), (434.4, 45.2), (434.4, 45.2), (434.4, 45.2), (434.4, 45.2), (434.4, 45.2), (434.4, 45.2), (434.4, 45.2), (434.4, 45.2), (434.4, 45.2), (434.4, 45.2), (434.4, 45.2), (434.4, 45.2), (434.4, 45.2), (434.4, 45.2), (434.4, 45.2), (434.4, 45.2), (434.4, 45.2), (434.4, 45.2), (434.4, 45.2), (434.4, 45.2), (434.4, 45.2), (434.4, 45.2), (434.4, 45.2), (434.4, 45.2), (434.4, 45.2)]",0,0,9.47
speedrunner,bomberman,5,Stuck,0,0,-0.56,0.0,"[(48.0, 48.0), (45.2, 48.0), (45.2, 48.0), (45.2, 48.0), (45.2, 48.0), (45.2, 48.0), (45.2, 48.0), (45.2, 48.0), (45.2, 48.0), (45.2, 48.0), (45.2, 48.0), (45.2, 48.0), (45.2, 48.0), (45.2, 48.0), (45.2, 48.0), (45.2, 48.0), (45.2, 48.0), (45.2, 48.0), (45.2, 48.0), (45.2, 48.0), (45.2, 48.0), (45.2, 48.0), (45.2, 48.0), (45.2, 48.0), (45.2, 48.0), (45.2, 48.0), (45.2, 48.0), (45.2, 48.0), (45.2, 48.0), (45.2, 48.0), (45.2, 48.0), (45.2, 48.0), (45.2, 48.0), (45.2, 48.0), (45.2, 48.0), (45.2, 48.0), (45.2, 48.0), (45.2, 48.0)]",0,0,5.0
speedrunner,bomberman,5,Stuck,0,0,-0.56,0.0,"[(48.0, 48.0), (45.2, 48.0), (45.2, 48.0), (45.2, 48.0), (45.2, 48.0), (45.2, 48.0), (45.2, 48.0), (45.2, 48.0), (45.2, 48.0), (45.2, 48.0), (45.2, 48.0), (45.2, 48.0), (45.2, 48.0), (45.2, 48.0), (45.2, 48.0), (45.2, 48.0), (45.2, 48.0), (45.2, 48.0), (45.2, 48.0), (45.2, 48.0), (45.2, 48.0), (45.2, 48.0), (45.2, 48.0), (45.2, 48.0), (45.2, 48.0), (45.2, 48.0), (45.2, 48.0), (45.2, 48.0), (45.2, 48.0), (45.2, 48.0), (45.2, 48.0), (45.2, 48.0), (45.2, 48.0), (45.2, 48.0), (45.2, 48.0), (45.2, 48.0), (45.2, 48.0), (45.2, 48.0)]",0,0,5.0
speedrunner,bomberman,5,Stuck,0,0,0.0,0.0,"[(48.0, 48.0), (48.0, 45.2), (48.0, 45.2), (48.0, 45.2), (48.0, 45.2), (48.0, 45.2), (48.0, 45.2), (48.0, 45.2), (48.0, 45.2), (48.0, 45.2), (48.0, 45.2), (48.0, 45.2), (48.0, 45.2), (48.0, 45.2), (48.0, 45.2), (48.0, 45.2), (48.0, 45.2), (48.0, 45.2), (48.0, 45.2), (48.0, 45.2), (48.0, 45.2), (48.0, 45.2), (48.0, 45.2), (48.0, 45.2), (48.0, 45.2), (48.0, 45.2), (48.0, 45.2), (48.0, 45.2), (48.0, 45.2), (48.0, 45.2), (48.0, 45.2), (48.0, 45.2), (48.0, 45.2), (48.0, 45.2), (48.0, 45.2), (48.0, 45.2), (48.0, 45.2), (48.0, 45.2)]",0,0,5.0
speedrunner,bomberman,5,Bomb,59,0,27.09,0.75,"[(48.0, 48.0), (70.4, 50.8), (101.2, 50.8), (115.2, 67.6), (115.2, 95.6), (126.4, 115.2), (151.6, 115.2), (176.8, 120.8), (179.6, 143.2), (179.6, 171.2), (199.2, 179.6), (227.2, 179.6), (244.0, 193.6), (244.0, 218.8), (249.6, 244.0), (272.0, 244.0), (300.0, 246.8), (305.6, 269.2), (308.4, 297.2), (300.0, 314.0), (300.0, 314.0), (300.0, 314.0), (300.0, 314.0), (300.0, 314.0), (300.0, 314.0), (300.0, 314.0), (300.0, 314.0), (300.0, 314.0), (300.0, 314.0), (300.0, 314.0), (300.0, 314.0), (300.0, 314.0), (300.0, 314.0), (300.0, 314.0), (300.0, 314.0), (300.0, 314.0), (300.0, 314.0), (300.0, 319.6), (300.0, 319.6), (308.4, 342.0), (308.4, 342.0), (308.4, 347.6), (308.4, 347.6), (308.4, 353.2), (308.4, 353.2), (308.4, 353.2), (308.4, 353.2), (308.4, 353.2), (308.4, 353.2), (308.4, 353.2), (308.4, 353.2), (308.4, 353.2), (308.4, 353.2), (308.4, 353.2), (308.4, 353.2), (308.4, 353.2), (308.4, 353.2), (308.4, 353.2), (308.4, 353.2), (308.4, 353.2), (308.4, 353.2), (308.4, 353.2), (308.4, 353.2), (308.4, 353.2), (308.4, 353.2), (308.4, 353.2)]",0,1,8.68
speedrunner,bomberman,5,Stuck,7,0,40.82,0.5,"[(48.0, 48.0), (70.4, 45.2), (92.8, 45.2), (115.2, 45.2), (137.6, 45.2), (160.0, 45.2), (182.4, 45.2), (204.8, 45.2), (227.2, 45.2), (249.6, 45.2), (272.0, 45.2), (294.4, 45.2), (316.8, 45.2), (339.2, 45.2), (361.6, 45.2), (384.0, 45.2), (406.4, 45.2), (428.8, 45.2), (434.4, 45.2), (434.4, 45.2), (434.4, 45.2), (434.4, 45.2), (434.4, 45.2), (434.4, 45.2), (434.4, 45.2), (434.4, 45.2), (434.4, 45.2), (434.4, 45.2), (434.4, 45.2), (434.4, 45.2), (434.4, 45.2), (434.4, 45.2), (434.4, 45.2), (434.4, 45.2), (434.4, 45.2), (434.4, 45.2), (434.4, 45.2), (434.4, 45.2), (434.4, 45.2), (434.4, 45.2), (434.4, 45.2), (434.4, 45.2), (434.4, 45.2), (434.4, 45.2), (434.4, 45.2), (434.4, 45.2), (434.4, 45.2), (434.4, 45.2), (434.4, 45.2), (434.4, 45.2), (434.4, 45.2), (434.4, 45.2), (434.4, 45.2), (434.4, 45.2), (434.4, 45.2), (434.4, 45.2), (434.4, 45.2), (434.4, 45.2), (434.4, 45.2), (434.4, 45.2), (434.4, 45.2), (434.4, 45.2), (434.4, 45.2), (434.4, 45.2), (434.4, 45.2), (434.4, 45.2), (434.4, 45.2), (434.4, 45.2), (434.4, 45.2), (434.4, 45.2), (434.4, 45.2), (434.4, 45.2)]",0,0,9.47
speedrunner,bomberman,5,Stuck,0,0,46.0,0.5,"[(48.0, 48.0), (70.4, 45.2), (92.8, 45.2), (115.2, 45.2), (137.6, 45.2), (160.0, 45.2), (182.4, 45.2), (204.8, 45.2), (227.2, 45.2), (249.6, 45.2), (272.0, 45.2), (294.4, 45.2), (316.8, 45.2), (339.2, 45.2), (361.6, 45.2), (361.6, 45.2), (361.6, 45.2), (361.6, 45.2), (361.6, 45.2), (361.6, 45.2), (361.6, 45.2), (361.6, 45.2), (361.6, 45.2), (361.6, 45.2), (361.6, 45.2), (361.6, 45.2), (361.6, 45.2), (361.6, 45.2), (361.6, 45.2), (361.6, 45.2), (361.6, 45.2), (361.6, 45.2), (361.6, 45.2), (361.6, 45.2), (361.6, 45.2), (361.6, 45.2), (361.6, 45.2), (361.6, 45.2), (361.6, 45.2), (361.6, 45.2), (361.6, 45.2), (361.6, 45.2), (361.6, 45.2), (361.6, 45.2), (361.6, 45.2), (361.6, 45.2), (361.6, 45.2), (361.6, 45.2), (361.6, 45.2), (361.6, 45.2), (361.6, 45.2), (361.6, 45.2)]",0,0,6.82
speedrunner,bomberman,5,Stuck,0,0,56.68,0.5,"[(48.0, 48.0), (70.4, 45.2), (92.8, 45.2), (115.2, 45.2), (137.6, 45.2), (160.0, 45.2), (182.4, 45.2), (204.8, 45.2), (227.2, 45.2), (249.6, 45.2), (272.0, 45.2), (294.4, 45.2), (316.8, 45.2), (339.2, 45.2), (361.6, 45.2), (384.0, 45.2), (406.4, 45.2), (428.8, 45.2), (434.4, 45.2), (434.4, 45.2), (434.4, 45.2), (434.4, 45.2), (434.4, 45.2), (434.4, 45.2), (434.4, 45.2), (434.4, 45.2), (434.4, 45.2), (434.4, 45.2), (434.4, 45.2), (434.4, 45.2), (434.4, 45.2), (434.4, 45.2), (434.4, 45.2), (434.4, 45.2), (434.4, 45.2), (434.4, 45.2), (434.4, 45.2), (434.4, 45.2), (434.4, 45.2), (434.4, 45.2), (434.4, 45.2), (434.4, 45.2), (434.4, 45.2), (434.4, 45.2), (434.4, 45.2), (434.4, 45.2), (434.4, 45.2), (434.4, 45.2), (434.4, 45.2), (434.4, 45.2), (434.4, 45.2), (434.4, 45.2)]",0,0,6.82
speedrunner,bomberman,5,Bomb,6,0,-0.35,0.3,"[(48.0, 48.0), (45.2, 70.4), (45.2, 92.8), (45.2, 115.2), (45.2, 137.6), (45.2, 160.0), (45.2, 182.4), (45.2, 204.8), (45.2, 227.2), (45.2, 249.6), (45.2, 272.0), (45.2, 294.4), (45.2, 316.8), (45.2, 339.2), (45.2, 361.6), (45.2, 372.8), (45.2, 372.8), (45.2, 372.8), (45.2, 372.8), (45.2, 372.8), (45.2, 372.8), (45.2, 372.8), (45.2, 372.8), (45.2, 372.8), (45.2, 372.8), (45.2, 372.8), (45.2, 372.8), (45.2, 372.8), (45.2, 372.8), (45.2, 372.8), (45.2, 372.8), (45.2, 372.8), (45.2, 372.8), (45.2, 372.8), (45.2, 372.8), (45.2, 372.8), (45.2, 372.8), (45.2, 372.8), (45.2, 372.8), (45.2, 372.8), (45.2, 372.8), (45.2, 372.8), (45.2, 372.8), (45.2, 372.8), (45.2, 372.8), (45.2, 372.8), (45.2, 372.8), (45.2, 372.8), (45.2, 372.8), (45.2, 372.8), (45.2, 350.4), (45.2, 350.4), (45.2, 350.4), (45.2, 350.4), (45.2, 350.4), (45.2, 350.4), (45.2, 350.4), (45.2, 350.4), (45.2, 350.4), (45.2, 350.4), (45.2, 350.4)]",0,0,8.0
speedrunner,bomberman,5,Stuck,0,0,2.72,0.35,"[(48.0, 48.0), (45.2, 70.4), (45.2, 92.8), (45.2, 115.2), (45.2, 137.6), (45.2, 160.0), (45.2, 182.4), (50.8, 204.8), (45.2, 232.8), (62.0, 244.0), (62.0, 244.0), (62.0, 244.0), (62.0, 244.0), (62.0, 244.0), (62.0, 244.0), (62.0, 244.0), (62.0, 244.0), (62.0, 244.0), (62.0, 244.0), (62.0, 244.0), (62.0, 244.0), (62.0, 244.0), (62.0, 244.0), (62.0, 244.0), (62.0, 244.0), (62.0, 244.0), (62.0, 244.0), (62.0, 244.0), (62.0, 244.0), (62.0, 244.0), (62.0, 244.0), (62.0, 244.0), (62.0, 244.0), (62.0, 244.0), (62.0, 244.0), (62.0, 244.0), (62.0, 244.0), (62.0, 244.0), (62.0, 244.0), (62.0, 244.0), (62.0, 244.0), (62.0, 244.0), (62.0, 244.0), (62.0, 244.0), (62.0, 244.0), (62.0, 244.0), (62.0, 244.0)]",0,0,6.18
speedrunner,bomberman,5,Stuck,0,0,0.0,0.0,"[(48.0, 48.0), (48.0, 45.2), (48.0, 45.2), (48.0, 45.2), (48.0, 45.2), (48.0, 45.2), (48.0, 45.2), (48.0, 45.2), (48.0, 45.2), (48.0, 45.2), (48.0, 45.2), (48.0, 45.2), (48.0, 45.2), (48.0, 45.2), (48.0, 45.2), (48.0, 45.2), (48.0, 45.2), (48.0, 45.2), (48.0, 45.2), (48.0, 45.2), (48.0, 45.2), (48.0, 45.2), (48.0, 45.2), (48.0, 45.2), (48.0, 45.2), (48.0, 45.2), (48.0, 45.2), (48.0, 45.2), (48.0, 45.2), (48.0, 45.2), (48.0, 45.2), (48.0, 45.2), (48.0, 45.2), (48.0, 45.2), (48.0, 45.2), (48.0, 45.2), (48.0, 45.2), (48.0, 45.2)]",0,0,5.0
speedrunner,bomberman,5,Bomb,3,0,26.35,0.5,"[(48.0, 48.0), (70.4, 48.0), (92.8, 48.0), (115.2, 48.0), (137.6, 48.0), (160.0, 48.0), (182.4, 45.2), (204.8, 45.2), (227.2, 45.2), (249.6, 45.2), (266.4, 45.2), (266.4, 45.2), (266.4, 45.2), (266.4, 45.2), (266.4, 45.2), (266.4, 45.2), (266.4, 45.2), (266.4, 45.2), (266.4, 45.2), (266.4, 45.2), (266.4, 45.2), (266.4, 45.2), (266.4, 45.2), (266.4, 45.2), (266.4, 45.2), (266.4, 45.2), (266.4, 45.2), (266.4, 45.2), (266.4, 45.2), (266.4, 45.2), (266.4, 45.2), (266.4, 45.2), (266.4, 45.2), (266.4, 45.2), (266.4, 45.2), (266.4, 45.2), (274.8, 45.2), (274.8, 45.2), (274.8, 45.2), (274.8, 45.2), (274.8, 45.2), (280.4, 45.2), (280.4, 45.2), (280.4, 45.2), (294.4, 45.2), (300.0, 45.2), (300.0, 45.2), (300.0, 45.2), (300.0, 45.2), (300.0, 45.2), (300.0, 45.2), (300.0, 45.2), (305.6, 45.2), (305.6, 45.2), (305.6, 45.2), (305.6, 45.2), (305.6, 45.2), (311.2, 45.2), (314.0, 45.2), (314.0, 45.2), (314.0, 45.2), (314.0, 45.2), (325.2, 45.2), (347.6, 45.2), (353.2, 45.2), (353.2, 45.2), (356.0, 45.2), (356.0, 45.2), (356.0, 45.2), (356.0, 45.2), (356.0, 45.2), (356.0, 45.2), (356.0, 45.2), (356.0, 45.2), (356.0, 45.2), (356.0, 45.2), (356.0, 45.2), (356.0, 45.2), (356.0, 45.2), (356.0, 45.2), (356.0, 45.2), (356.0, 45.2), (356.0, 45.2), (356.0, 45.2), (356.0, 45.2), (361.6, 45.2), (370.0, 45.2), (370.0, 45.2), (378.4, 45.2), (384.0, 45.2), (384.0, 45.2), (384.0, 45.2), (384.0, 45.2), (384.0, 45.2), (384.0, 45.2), (384.0, 45.2)]",0,0,12.75
speedrunner,bomberman,5,Bomb,1,0,0.0,0.0,"[(48.0, 48.0), (48.0, 48.0), (48.0, 48.0), (48.0, 48.0), (48.0, 48.0), (48.0, 48.0), (48.0, 48.0), (48.0, 48.0), (48.0, 48.0), (48.0, 48.0), (48.0, 48.0), (48.0, 48.0), (48.0, 48.0), (48.0, 48.0), (48.0, 48.0), (48.0, 48.0), (48.0, 48.0), (48.0, 48.0), (48.0, 48.0), (48.0, 48.0), (48.0, 48.0), (48.0, 48.0), (48.0, 48.0), (48.0, 48.0), (48.0, 48.0), (48.0, 48.0), (48.0, 48.0), (48.0, 48.0), (48.0, 48.0), (48.0, 48.0), (48.0, 48.0)]",0,0,4.0
speedrunner,bomberman,5,Bomb,2,0,35.28,0.3,"[(48.0, 48.0), (70.4, 45.2), (92.8, 45.2), (115.2, 45.2), (137.6, 45.2), (160.0, 45.2), (182.4, 45.2), (204.8, 45.2), (224.4, 50.8), (224.4, 50.8), (224.4, 50.8), (224.4, 50.8), (224.4, 50.8), (224.4, 50.8), (224.4, 50.8), (224.4, 50.8), (224.4, 50.8), (224.4, 50.8), (224.4, 50.8), (224.4, 50.8), (224.4, 50.8), (224.4, 50.8), (224.4, 50.8), (224.4, 50.8), (224.4, 50.8), (224.4, 50.8), (224.4, 50.8), (224.4, 50.8), (224.4, 50.8), (224.4, 50.8), (224.4, 50.8), (224.4, 50.8), (224.4, 50.8), (224.4, 50.8), (224.4, 50.8), (224.4, 50.8), (224.4, 50.8), (224.4, 50.8)]",0,0,5.0
speedrunner,bomberman,5,Bomb,59,0,27.09,0.75,"[(48.0, 48.0), (70.4, 50.8), (101.2, 50.8), (115.2, 67.6), (115.2, 95.6), (126.4, 115.2), (151.6, 115.2), (176.8, 120.8), (179.6, 143.2), (179.6, 171.2), (199.2, 179.6), (227.2, 179.6), (244.0, 193.6), (244.0, 218.8), (249.6, 244.0), (272.0, 244.0), (300.0, 246.8), (305.6, 269.2), (308.4, 297.2), (300.0, 314.0), (300.0, 314.0), (300.0, 314.0), (300.0, 314.0), (300.0, 314.0), (300.0, 314.0), (300.0, 314.0), (300.0, 314.0), (300.0, 314.0), (300.0, 314.0), (300.0, 314.0), (300.0, 314.0), (300.0, 314.0), (300.0, 314.0), (300.0, 314.0), (300.0, 314.0), (300.0, 314.0), (300.0, 314.0), (300.0, 319.6), (300.0, 319.6), (308.4, 342.0), (308.4, 342.0), (308.4, 347.6), (308.4, 347.6), (308.4, 353.2), (308.4, 353.2), (308.4, 353.2), (308.4, 353.2), (308.4, 353.2), (308.4, 353.2), (308.4, 353.2), (308.4, 353.2), (308.4, 353.2), (308.4, 353.2), (308.4, 353.2), (308.4, 353.2), (308.4, 353.2), (308.4, 353.2), (308.4, 353.2), (308.4, 353.2), (308.4, 353.2), (308.4, 353.2), (308.4, 353.2), (308.4, 353.2), (308.4, 353.2), (308.4, 353.2), (308.4, 353.2)]",0,1,8.68
speedrunner,bomberman,5,Bomb,3,0,26.35,0.5,"[(48.0, 48.0), (70.4, 48.0), (92.8, 48.0), (115.2, 48.0), (137.6, 48.0), (160.0, 48.0), (182.4, 45.2), (204.8, 45.2), (227.2, 45.2), (249.6, 45.2), (266.4, 45.2), (266.4, 45.2), (266.4, 45.2), (266.4, 45.2), (266.4, 45.2), (266.4, 45.2), (266.4, 45.2), (266.4, 45.2), (266.4, 45.2), (266.4, 45.2), (266.4, 45.2), (266.4, 45.2), (266.4, 45.2), (266.4, 45.2), (266.4, 45.2), (266.4, 45.2), (266.4, 45.2), (266.4, 45.2), (266.4, 45.2), (266.4, 45.2), (266.4, 45.2), (266.4, 45.2), (266.4, 45.2), (266.4, 45.2), (266.4, 45.2), (266.4, 45.2), (274.8, 45.2), (274.8, 45.2), (274.8, 45.2), (274.8, 45.2), (274.8, 45.2), (280.4, 45.2), (280.4, 45.2), (280.4, 45.2), (294.4, 45.2), (300.0, 45.2), (300.0, 45.2), (300.0, 45.2), (300.0, 45.2), (300.0, 45.2), (300.0, 45.2), (300.0, 45.2), (305.6, 45.2), (305.6, 45.2), (305.6, 45.2), (305.6, 45.2), (305.6, 45.2), (311.2, 45.2), (314.0, 45.2), (314.0, 45.2), (314.0, 45.2), (314.0, 45.2), (325.2, 45.2), (347.6, 45.2), (353.2, 45.2), (353.2, 45.2), (356.0, 45.2), (356.0, 45.2), (356.0, 45.2), (356.0, 45.2), (356.0, 45.2), (356.0, 45.2), (356.0, 45.2), (356.0, 45.2), (356.0, 45.2), (356.0, 45.2), (356.0, 45.2), (356.0, 45.2), (356.0, 45.2), (356.0, 45.2), (356.0, 45.2), (356.0, 45.2), (356.0, 45.2), (356.0, 45.2), (356.0, 45.2), (361.6, 45.2), (370.0, 45.2), (370.0, 45.2), (378.4, 45.2), (384.0, 45.2), (384.0, 45.2), (384.0, 45.2), (384.0, 45.2), (384.0, 45.2), (384.0, 45.2), (384.0, 45.2)]",0,0,12.75
speedrunner,bomberman,5,Stuck,7,0,40.82,0.5,"[(48.0, 48.0), (70.4, 45.2), (92.8, 45.2), (115.2, 45.2), (137.6, 45.2), (160.0, 45.2), (182.4, 45.2), (204.8, 45.2), (227.2, 45.2), (249.6, 45.2), (272.0, 45.2), (294.4, 45.2), (316.8, 45.2), (339.2, 45.2), (361.6, 45.2), (384.0, 45.2), (406.4, 45.2), (428.8, 45.2), (434.4, 45.2), (434.4, 45.2), (434.4, 45.2), (434.4, 45.2), (434.4, 45.2), (434.4, 45.2), (434.4, 45.2), (434.4, 45.2), (434.4, 45.2), (434.4, 45.2), (434.4, 45.2), (434.4, 45.2), (434.4, 45.2), (434.4, 45.2), (434.4, 45.2), (434.4, 45.2), (434.4, 45.2), (434.4, 45.2), (434.4, 45.2), (434.4, 45.2), (434.4, 45.2), (434.4, 45.2), (434.4, 45.2), (434.4, 45.2), (434.4, 45.2), (434.4, 45.2), (434.4, 45.2), (434.4, 45.2), (434.4, 45.2), (434.4, 45.2), (434.4, 45.2), (434.4, 45.2), (434.4, 45.2), (434.4, 45.2), (434.4, 45.2), (434.4, 45.2), (434.4, 45.2), (434.4, 45.2), (434.4, 45.2), (434.4, 45.2), (434.4, 45.2), (434.4, 45.2), (434.4, 45.2), (434.4, 45.2), (434.4, 45.2), (434.4, 45.2), (434.4, 45.2), (434.4, 45.2), (434.4, 45.2), (434.4, 45.2), (434.4, 45.2), (434.4, 45.2), (434.4, 45.2), (434.4, 45.2)]",0,0,9.47
speedrunner,bomberman,5,Stuck,0,0,56.68,0.5,"[(48.0, 48.0), (70.4, 45.2), (92.8, 45.2), (115.2, 45.2), (137.6, 45.2), (160.0, 45.2), (182.4, 45.2), (204.8, 45.2), (227.2, 45.2), (249.6, 45.2), (272.0, 45.2), (294.4, 45.2), (316.8, 45.2), (339.2, 45.2), (361.6, 45.2), (384.0, 45.2), (406.4, 45.2), (428.8, 45.2), (434.4, 45.2), (434.4, 45.2), (434.4, 45.2), (434.4, 45.2), (434.4, 45.2), (434.4, 45.2), (434.4, 45.2), (434.4, 45.2), (434.4, 45.2), (434.4, 45.2), (434.4, 45.2), (434.4, 45.2), (434.4, 45.2), (434.4, 45.2), (434.4, 45.2), (434.4, 45.2), (434.4, 45.2), (434.4, 45.2), (434.4, 45.2), (434.4, 45.2), (434.4, 45.2), (434.4, 45.2), (434.4, 45.2), (434.4, 45.2), (434.4, 45.2), (434.4, 45.2), (434.4, 45.2), (434.4, 45.2), (434.4, 45.2), (434.4, 45.2), (434.4, 45.2), (434.4, 45.2), (434.4, 45.2), (434.4, 45.2)]",0,0,6.82
speedrunner,bomberman,5,Stuck,0,0,46.0,0.5,"[(48.0, 48.0), (70.4, 45.2), (92.8, 45.2), (115.2, 45.2), (137.6, 45.2), (160.0, 45.2), (182.4, 45.2), (204.8, 45.2), (227.2, 45.2), (249.6, 45.2), (272.0, 45.2), (294.4, 45.2), (316.8, 45.2), (339.2, 45.2), (361.6, 45.2), (361.6, 45.2), (361.6, 45.2), (361.6, 45.2), (361.6, 45.2), (361.6, 45.2), (361.6, 45.2), (361.6, 45.2), (361.6, 45.2), (361.6, 45.2), (361.6, 45.2), (361.6, 45.2), (361.6, 45.2), (361.6, 45.2), (361.6, 45.2), (361.6, 45.2), (361.6, 45.2), (361.6, 45.2), (361.6, 45.2), (361.6, 45.2), (361.6, 45.2), (361.6, 45.2), (361.6, 45.2), (361.6, 45.2), (361.6, 45.2), (361.6, 45.2), (361.6, 45.2), (361.6, 45.2), (361.6, 45.2), (361.6, 45.2), (361.6, 45.2), (361.6, 45.2), (361.6, 45.2), (361.6, 45.2), (361.6, 45.2), (361.6, 45.2), (361.6, 45.2), (361.6, 45.2)]",0,0,6.82
speedrunner,bomberman,5,Bomb,6,0,-0.35,0.3,"[(48.0, 48.0), (45.2, 70.4), (45.2, 92.8), (45.2, 115.2), (45.2, 137.6), (45.2, 160.0), (45.2, 182.4), (45.2, 204.8), (45.2, 227.2), (45.2, 249.6), (45.2, 272.0), (45.2, 294.4), (45.2, 316.8), (45.2, 339.2), (45.2, 361.6), (45.2, 372.8), (45.2, 372.8), (45.2, 372.8), (45.2, 372.8), (45.2, 372.8), (45.2, 372.8), (45.2, 372.8), (45.2, 372.8), (45.2, 372.8), (45.2, 372.8), (45.2, 372.8), (45.2, 372.8), (45.2, 372.8), (45.2, 372.8), (45.2, 372.8), (45.2, 372.8), (45.2, 372.8), (45.2, 372.8), (45.2, 372.8), (45.2, 372.8), (45.2, 372.8), (45.2, 372.8), (45.2, 372.8), (45.2, 372.8), (45.2, 372.8), (45.2, 372.8), (45.2, 372.8), (45.2, 372.8), (45.2, 372.8), (45.2, 372.8), (45.2, 372.8), (45.2, 372.8), (45.2, 372.8), (45.2, 372.8), (45.2, 372.8), (45.2, 350.4), (45.2, 350.4), (45.2, 350.4), (45.2, 350.4), (45.2, 350.4), (45.2, 350.4), (45.2, 350.4), (45.2, 350.4), (45.2, 350.4), (45.2, 350.4), (45.2, 350.4)]",0,0,8.0
speedrunner,bomberman,5,Bomb,3,0,26.12,0.8,"[(48.0, 48.0), (70.4, 50.8), (101.2, 50.8), (115.2, 67.6), (115.2, 95.6), (126.4, 115.2), (151.6, 115.2), (176.8, 120.8), (179.6, 143.2), (179.6, 171.2), (199.2, 179.6), (227.2, 179.6), (244.0, 193.6), (244.0, 218.8), (249.6, 244.0), (272.0, 244.0), (300.0, 246.8), (300.0, 269.2), (308.4, 291.6), (308.4, 291.6), (308.4, 291.6), (308.4, 291.6), (308.4, 291.6), (308.4, 291.6), (308.4, 291.6), (308.4, 291.6), (308.4, 291.6), (308.4, 291.6), (308.4, 291.6), (308.4, 291.6), (308.4, 291.6), (308.4, 291.6), (308.4, 291.6), (308.4, 291.6), (308.4, 291.6), (308.4, 291.6), (308.4, 291.6), (305.6, 291.6), (305.6, 291.6), (300.0, 291.6), (300.0, 288.8), (300.0, 288.8), (300.0, 291.6), (302.8, 286.0), (302.8, 286.0), (302.8, 286.0), (302.8, 286.0), (302.8, 286.0), (302.8, 286.0), (302.8, 286.0), (302.8, 286.0), (302.8, 286.0), (302.8, 286.0), (302.8, 286.0), (302.8, 286.0), (302.8, 286.0), (302.8, 286.0), (302.8, 286.0), (302.8, 286.0), (302.8, 286.0), (302.8, 286.0), (302.8, 286.0), (302.8, 286.0), (302.8, 286.0), (302.8, 286.0), (302.8, 286.0)]",0,1,8.68
speedrunner,bomberman,5,Bomb,1,0,30.63,0.45,"[(48.0, 48.0), (70.4, 48.0), (92.8, 48.0), (115.2, 48.0), (137.6, 48.0), (160.0, 48.0), (182.4, 48.0), (204.8, 48.0), (227.2, 48.0), (249.6, 45.2), (258.0, 45.2), (266.4, 45.2), (266.4, 45.2), (266.4, 45.2), (266.4, 45.2), (269.2, 45.2), (269.2, 45.2), (269.2, 45.2), (269.2, 45.2), (272.0, 45.2), (272.0, 45.2), (272.0, 45.2), (272.0, 45.2), (272.0, 45.2), (272.0, 45.2), (280.4, 45.2), (280.4, 45.2), (280.4, 45.2), (280.4, 45.2), (283.2, 45.2), (305.6, 45.2), (322.4, 45.2), (322.4, 45.2), (322.4, 45.2), (322.4, 45.2), (322.4, 45.2), (322.4, 45.2), (322.4, 45.2), (325.2, 45.2), (325.2, 45.2), (325.2, 45.2), (325.2, 45.2), (325.2, 45.2), (325.2, 45.2), (325.2, 45.2), (325.2, 45.2), (325.2, 45.2), (325.2, 45.2), (325.2, 45.2), (325.2, 45.2), (325.2, 45.2), (325.2, 45.2), (325.2, 45.2), (325.2, 45.2), (325.2, 45.2), (325.2, 45.2), (325.2, 45.2), (325.2, 45.2), (325.2, 45.2), (325.2, 45.2), (325.2, 45.2), (325.2, 45.2), (325.2, 45.2), (325.2, 45.2), (325.2, 45.2), (325.2, 45.2), (325.2, 45.2), (325.2, 45.2)]",0,0,9.05
speedrunner,bomberman,5,Bomb,57,0,7.7,0.15,"[(48.0, 48.0), (70.4, 50.8), (92.8, 50.8), (115.2, 59.2), (109.6, 62.0), (109.6, 64.8), (112.4, 64.8), (109.6, 62.0), (109.6, 64.8), (112.4, 64.8), (109.6, 62.0), (109.6, 64.8), (112.4, 64.8), (109.6, 62.0), (109.6, 64.8), (112.4, 64.8), (109.6, 62.0), (109.6, 64.8), (112.4, 64.8), (109.6, 62.0), (109.6, 64.8), (112.4, 64.8), (109.6, 62.0), (109.6, 64.8), (112.4, 64.8), (109.6, 62.0), (109.6, 64.8), (112.4, 64.8), (109.6, 62.0), (109.6, 64.8), (112.4, 64.8), (109.6, 64.8), (112.4, 64.8), (109.6, 62.0), (109.6, 62.0), (109.6, 62.0), (109.6, 62.0), (109.6, 62.0), (109.6, 62.0), (109.6, 62.0), (109.6, 62.0), (109.6, 62.0), (109.6, 62.0), (109.6, 62.0), (109.6, 62.0), (109.6, 62.0), (109.6, 62.0), (109.6, 62.0), (109.6, 62.0), (109.6, 62.0), (109.6, 62.0), (109.6, 62.0), (109.6, 62.0), (109.6, 62.0), (109.6, 62.0), (109.6, 62.0), (109.6, 62.0), (109.6, 62.0), (109.6, 62.0), (109.6, 62.0), (109.6, 62.0)]",0,0,8.0
speedrunner,bomberman,5,Stuck,0,0,56.68,0.5,"[(48.0, 48.0), (70.4, 48.0), (92.8, 48.0), (115.2, 48.0), (137.6, 48.0), (160.0, 48.0), (182.4, 48.0), (204.8, 48.0), (227.2, 48.0), (249.6, 48.0), (272.0, 48.0), (294.4, 45.2), (316.8, 45.2), (339.2, 45.2), (361.6, 45.2), (384.0, 45.2), (406.4, 45.2), (428.8, 45.2), (434.4, 45.2), (434.4, 45.2), (434.4, 45.2), (434.4, 45.2), (434.4, 45.2), (434.4, 45.2), (434.4, 45.2), (434.4, 45.2), (434.4, 45.2), (434.4, 45.2), (434.4, 45.2), (434.4, 45.2), (434.4, 45.2), (434.4, 45.2), (434.4, 45.2), (434.4, 45.2), (434.4, 45.2), (434.4, 45.2), (434.4, 45.2), (434.4, 45.2), (434.4, 45.2), (434.4, 45.2), (434.4, 45.2), (434.4, 45.2), (434.4, 45.2), (434.4, 45.2), (434.4, 45.2), (434.4, 45.2), (434.4, 45.2), (434.4, 45.2), (434.4, 45.2), (434.4, 45.2), (434.4, 45.2), (434.4, 45.2)]",0,0,6.82
speedrunner,bomberman,5,Bomb,3,0,26.12,0.8,"[(48.0, 48.0), (70.4, 50.8), (101.2, 50.8), (115.2, 67.6), (115.2, 95.6), (126.4, 115.2), (151.6, 115.2), (176.8, 120.8), (179.6, 143.2), (179.6, 171.2), (199.2, 179.6), (227.2, 179.6), (244.0, 193.6), (244.0, 218.8), (249.6, 244.0), (272.0, 244.0), (300.0, 246.8), (300.0, 269.2), (308.4, 291.6), (308.4, 291.6), (308.4, 291.6), (308.4, 291.6), (308.4, 291.6), (308.4, 291.6), (308.4, 291.6), (308.4, 291.6), (308.4, 291.6), (308.4, 291.6), (308.4, 291.6), (308.4, 291.6), (308.4, 291.6), (308.4, 291.6), (308.4, 291.6), (308.4, 291.6), (308.4, 291.6), (308.4, 291.6), (308.4, 291.6), (305.6, 291.6), (305.6, 291.6), (300.0, 291.6), (300.0, 288.8), (300.0, 288.8), (300.0, 291.6), (302.8, 286.0), (302.8, 286.0), (302.8, 286.0), (302.8, 286.0), (302.8, 286.0), (302.8, 286.0), (302.8, 286.0), (302.8, 286.0), (302.8, 286.0), (302.8, 286.0), (302.8, 286.0), (302.8, 286.0), (302.8, 286.0), (302.8, 286.0), (302.8, 286.0), (302.8, 286.0), (302.8, 286.0), (302.8, 286.0), (302.8, 286.0), (302.8, 286.0), (302.8, 286.0), (302.8, 286.0), (302.8, 286.0)]",0,1,8.68
speedrunner,bomberman,5,Bomb,59,0,27.09,0.75,"[(48.0, 48.0), (70.4, 50.8), (101.2, 50.8), (115.2, 67.6), (115.2, 95.6), (126.4, 115.2), (151.6, 115.2), (176.8, 120.8), (179.6, 143.2), (179.6, 171.2), (199.2, 179.6), (227.2, 179.6), (244.0, 193.6), (244.0, 218.8), (249.6, 244.0), (272.0, 244.0), (300.0, 246.8), (305.6, 269.2), (308.4, 297.2), (300.0, 314.0), (300.0, 314.0), (300.0, 314.0), (300.0, 314.0), (300.0, 314.0), (300.0, 314.0), (300.0, 314.0), (300.0, 314.0), (300.0, 314.0), (300.0, 314.0), (300.0, 314.0), (300.0, 314.0), (300.0, 314.0), (300.0, 314.0), (300.0, 314.0), (300.0, 314.0), (300.0, 314.0), (300.0, 314.0), (300.0, 319.6), (300.0, 319.6), (308.4, 342.0), (308.4, 342.0), (308.4, 347.6), (308.4, 347.6), (308.4, 353.2), (308.4, 353.2), (308.4, 353.2), (308.4, 353.2), (308.4, 353.2), (308.4, 353.2), (308.4, 353.2), (308.4, 353.2), (308.4, 353.2), (308.4, 353.2), (308.4, 353.2), (308.4, 353.2), (308.4, 353.2), (308.4, 353.2), (308.4, 353.2), (308.4, 353.2), (308.4, 353.2), (308.4, 353.2), (308.4, 353.2), (308.4, 353.2), (308.4, 353.2), (308.4, 353.2), (308.4, 353.2)]",0,1,8.68
speedrunner,bomberman,5,Stuck,7,0,40.82,0.5,"[(48.0, 48.0), (70.4, 45.2), (92.8, 45.2), (115.2, 45.2), (137.6, 45.2), (160.0, 45.2), (182.4, 45.2), (204.8, 45.2), (227.2, 45.2), (249.6, 45.2), (272.0, 45.2), (294.4, 45.2), (316.8, 45.2), (339.2, 45.2), (361.6, 45.2), (384.0, 45.2), (406.4, 45.2), (428.8, 45.2), (434.4, 45.2), (434.4, 45.2), (434.4, 45.2), (434.4, 45.2), (434.4, 45.2), (434.4, 45.2), (434.4, 45.2), (434.4, 45.2), (434.4, 45.2), (434.4, 45.2), (434.4, 45.2), (434.4, 45.2), (434.4, 45.2), (434.4, 45.2), (434.4, 45.2), (434.4, 45.2), (434.4, 45.2), (434.4, 45.2), (434.4, 45.2), (434.4, 45.2), (434.4, 45.2), (434.4, 45.2), (434.4, 45.2), (434.4, 45.2), (434.4, 45.2), (434.4, 45.2), (434.4, 45.2), (434.4, 45.2), (434.4, 45.2), (434.4, 45.2), (434.4, 45.2), (434.4, 45.2), (434.4, 45.2), (434.4, 45.2), (434.4, 45.2), (434.4, 45.2), (434.4, 45.2), (434.4, 45.2), (434.4, 45.2), (434.4, 45.2), (434.4, 45.2), (434.4, 45.2), (434.4, 45.2), (434.4, 45.2), (434.4, 45.2), (434.4, 45.2), (434.4, 45.2), (434.4, 45.2), (434.4, 45.2), (434.4, 45.2), (434.4, 45.2), (434.4, 45.2), (434.4, 45.2), (434.4, 45.2)]",0,0,9.47
speedrunner,bomberman,5,Bomb,3,0,26.35,0.5,"[(48.0, 48.0), (70.4, 48.0), (92.8, 48.0), (115.2, 48.0), (137.6, 48.0), (160.0, 48.0), (182.4, 45.2), (204.8, 45.2), (227.2, 45.2), (249.6, 45.2), (266.4, 45.2), (266.4, 45.2), (266.4, 45.2), (266.4, 45.2), (266.4, 45.2), (266.4, 45.2), (266.4, 45.2), (266.4, 45.2), (266.4, 45.2), (266.4, 45.2), (266.4, 45.2), (266.4, 45.2), (266.4, 45.2), (266.4, 45.2), (266.4, 45.2), (266.4, 45.2), (266.4, 45.2), (266.4, 45.2), (266.4, 45.2), (266.4, 45.2), (266.4, 45.2), (266.4, 45.2), (266.4, 45.2), (266.4, 45.2), (266.4, 45.2), (266.4, 45.2), (274.8, 45.2), (274.8, 45.2), (274.8, 45.2), (274.8, 45.2), (274.8, 45.2), (280.4, 45.2), (280.4, 45.2), (280.4, 45.2), (294.4, 45.2), (300.0, 45.2), (300.0, 45.2), (300.0, 45.2), (300.0, 45.2), (300.0, 45.2), (300.0, 45.2), (300.0, 45.2), (305.6, 45.2), (305.6, 45.2), (305.6, 45.2), (305.6, 45.2), (305.6, 45.2), (311.2, 45.2), (314.0, 45.2), (314.0, 45.2), (314.0, 45.2), (314.0, 45.2), (325.2, 45.2), (347.6, 45.2), (353.2, 45.2), (353.2, 45.2), (356.0, 45.2), (356.0, 45.2), (356.0, 45.2), (356.0, 45.2), (356.0, 45.2), (356.0, 45.2), (356.0, 45.2), (356.0, 45.2), (356.0, 45.2), (356.0, 45.2), (356.0, 45.2), (356.0, 45.2), (356.0, 45.2), (356.0, 45.2), (356.0, 45.2), (356.0, 45.2), (356.0, 45.2), (356.0, 45.2), (356.0, 45.2), (361.6, 45.2), (370.0, 45.2), (370.0, 45.2), (378.4, 45.2), (384.0, 45.2), (384.0, 45.2), (384.0, 45.2), (384.0, 45.2), (384.0, 45.2), (384.0, 45.2), (384.0, 45.2)]",0,0,12.75
speedrunner,bomberman,5,Bomb,1,0,30.63,0.45,"[(48.0, 48.0), (70.4, 48.0), (92.8, 48.0), (115.2, 48.0), (137.6, 48.0), (160.0, 48.0), (182.4, 48.0), (204.8, 48.0), (227.2, 48.0), (249.6, 45.2), (258.0, 45.2), (266.4, 45.2), (266.4, 45.2), (266.4, 45.2), (266.4, 45.2), (269.2, 45.2), (269.2, 45.2), (269.2, 45.2), (269.2, 45.2), (272.0, 45.2), (272.0, 45.2), (272.0, 45.2), (272.0, 45.2), (272.0, 45.2), (272.0, 45.2), (280.4, 45.2), (280.4, 45.2), (280.4, 45.2), (280.4, 45.2), (283.2, 45.2), (305.6, 45.2), (322.4, 45.2), (322.4, 45.2), (322.4, 45.2), (322.4, 45.2), (322.4, 45.2), (322.4, 45.2), (322.4, 45.2), (325.2, 45.2), (325.2, 45.2), (325.2, 45.2), (325.2, 45.2), (325.2, 45.2), (325.2, 45.2), (325.2, 45.2), (325.2, 45.2), (325.2, 45.2), (325.2, 45.2), (325.2, 45.2), (325.2, 45.2), (325.2, 45.2), (325.2, 45.2), (325.2, 45.2), (325.2, 45.2), (325.2, 45.2), (325.2, 45.2), (325.2, 45.2), (325.2, 45.2), (325.2, 45.2), (325.2, 45.2), (325.2, 45.2), (325.2, 45.2), (325.2, 45.2), (325.2, 45.2), (325.2, 45.2), (325.2, 45.2), (325.2, 45.2), (325.2, 45.2)]",0,0,9.05
speedrunner,bomberman,5,Stuck,0,0,56.68,0.5,"[(48.0, 48.0), (70.4, 48.0), (92.8, 48.0), (115.2, 48.0), (137.6, 48.0), (160.0, 48.0), (182.4, 48.0), (204.8, 48.0), (227.2, 48.0), (249.6, 48.0), (272.0, 48.0), (294.4, 45.2), (316.8, 45.2), (339.2, 45.2), (361.6, 45.2), (384.0, 45.2), (406.4, 45.2), (428.8, 45.2), (434.4, 45.2), (434.4, 45.2), (434.4, 45.2), (434.4, 45.2), (434.4, 45.2), (434.4, 45.2), (434.4, 45.2), (434.4, 45.2), (434.4, 45.2), (434.4, 45.2), (434.4, 45.2), (434.4, 45.2), (434.4, 45.2), (434.4, 45.2), (434.4, 45.2), (434.4, 45.2), (434.4, 45.2), (434.4, 45.2), (434.4, 45.2), (434.4, 45.2), (434.4, 45.2), (434.4, 45.2), (434.4, 45.2), (434.4, 45.2), (434.4, 45.2), (434.4, 45.2), (434.4, 45.2), (434.4, 45.2), (434.4, 45.2), (434.4, 45.2), (434.4, 45.2), (434.4, 45.2), (434.4, 45.2), (434.4, 45.2)]",0,0,6.82
speedrunner,bomberman,5,Bomb,42,0,29.04,0.7,"[(48.0, 48.0), (70.4, 50.8), (101.2, 50.8), (115.2, 62.0), (115.2, 62.0), (115.2, 62.0), (115.2, 67.6), (115.2, 95.6), (126.4, 115.2), (151.6, 115.2), (176.8, 120.8), (179.6, 143.2), (179.6, 171.2), (199.2, 179.6), (227.2, 179.6), (244.0, 193.6), (244.0, 218.8), (249.6, 244.0), (272.0, 244.0), (300.0, 246.8), (308.4, 252.4), (308.4, 258.0), (308.4, 255.2), (308.4, 252.4), (308.4, 258.0), (308.4, 255.2), (308.4, 252.4), (308.4, 258.0), (308.4, 255.2), (308.4, 252.4), (308.4, 258.0), (308.4, 258.0), (308.4, 255.2), (308.4, 260.8), (308.4, 266.4), (308.4, 272.0), (308.4, 272.0), (308.4, 277.6), (308.4, 283.2), (308.4, 288.8), (308.4, 288.8), (308.4, 288.8), (308.4, 288.8), (308.4, 288.8), (308.4, 288.8), (308.4, 288.8), (308.4, 288.8), (308.4, 288.8), (308.4, 288.8), (308.4, 288.8), (308.4, 288.8), (308.4, 288.8), (308.4, 288.8), (308.4, 288.8), (308.4, 288.8), (308.4, 288.8), (308.4, 288.8), (308.4, 288.8), (308.4, 288.8), (308.4, 288.8), (308.4, 283.2)]",0,0,8.1
speedrunner,bomberman,5,Bomb,1,0,36.05,0.45,"[(48.0, 48.0), (70.4, 45.2), (92.8, 45.2), (115.2, 45.2), (137.6, 45.2), (160.0, 45.2), (182.4, 45.2), (204.8, 45.2), (227.2, 45.2), (249.6, 45.2), (272.0, 45.2), (294.4, 45.2), (297.2, 45.2), (297.2, 45.2), (297.2, 45.2), (297.2, 45.2), (297.2, 45.2), (297.2, 45.2), (297.2, 45.2), (297.2, 45.2), (297.2, 45.2), (297.2, 45.2), (297.2, 45.2), (297.2, 45.2), (297.2, 45.2), (297.2, 45.2), (297.2, 45.2), (297.2, 45.2), (297.2, 45.2), (297.2, 45.2), (297.2, 45.2), (305.6, 45.2), (305.6, 45.2), (314.0, 45.2), (314.0, 45.2), (322.4, 45.2), (322.4, 45.2), (322.4, 45.2), (322.4, 45.2), (322.4, 45.2), (322.4, 45.2), (322.4, 45.2), (322.4, 45.2), (322.4, 45.2), (322.4, 45.2), (322.4, 45.2), (328.0, 45.2), (328.0, 45.2), (328.0, 45.2), (328.0, 45.2), (333.6, 45.2), (333.6, 45.2), (333.6, 45.2), (333.6, 45.2), (333.6, 45.2), (333.6, 45.2), (333.6, 45.2), (336.4, 45.2), (336.4, 45.2), (336.4, 45.2), (336.4, 45.2)]",0,0,8.0
speedrunner,bomberman,5,Stuck,0,0,-0.56,0.0,"[(48.0, 48.0), (45.2, 45.2), (45.2, 45.2), (45.2, 45.2), (45.2, 45.2), (45.2, 45.2), (45.2, 45.2), (45.2, 45.2), (45.2, 45.2), (45.2, 45.2), (45.2, 45.2), (45.2, 45.2), (45.2, 45.2), (45.2, 45.2), (45.2, 45.2), (45.2, 45.2), (45.2, 45.2), (45.2, 45.2), (45.2, 45.2), (45.2, 45.2), (45.2, 45.2), (45.2, 45.2), (45.2, 45.2), (45.2, 45.2), (45.2, 45.2), (45.2, 45.2), (45.2, 45.2), (45.2, 45.2), (45.2, 45.2), (45.2, 45.2), (45.2, 45.2), (45.2, 45.2), (45.2, 45.2), (45.2, 45.2), (45.2, 45.2), (45.2, 45.2), (45.2, 45.2), (45.2, 45.2)]",0,0,5.0
speedrunner,bomberman,5,Bomb,77,0,26.12,0.75,"[(48.0, 48.0), (70.4, 50.8), (101.2, 50.8), (115.2, 67.6), (115.2, 95.6), (126.4, 115.2), (151.6, 115.2), (176.8, 120.8), (179.6, 143.2), (179.6, 171.2), (199.2, 179.6), (227.2, 179.6), (244.0, 193.6), (244.0, 218.8), (249.6, 244.0), (272.0, 244.0), (300.0, 246.8), (300.0, 269.2), (302.8, 286.0), (302.8, 286.0), (302.8, 286.0), (302.8, 286.0), (302.8, 286.0), (302.8, 286.0), (302.8, 286.0), (302.8, 286.0), (302.8, 286.0), (302.8, 286.0), (302.8, 286.0), (302.8, 286.0), (302.8, 286.0), (302.8, 286.0), (302.8, 286.0), (302.8, 286.0), (302.8, 286.0), (302.8, 286.0), (300.0, 286.0), (300.0, 288.8), (300.0, 294.4), (300.0, 288.8), (300.0, 288.8), (300.0, 288.8), (300.0, 291.6), (300.0, 286.0), (300.0, 288.8), (300.0, 291.6), (300.0, 286.0), (300.0, 288.8), (300.0, 291.6), (300.0, 286.0), (300.0, 288.8), (300.0, 291.6), (300.0, 286.0), (300.0, 288.8), (300.0, 291.6), (300.0, 286.0), (300.0, 288.8), (300.0, 291.6), (300.0, 286.0), (300.0, 288.8), (300.0, 291.6), (300.0, 286.0), (300.0, 288.8), (300.0, 291.6), (300.0, 286.0), (300.0, 288.8)]",0,1,8.68
speedrunner,bomberman,5,Bomb,3,0,26.12,0.8,"[(48.0, 48.0), (70.4, 50.8), (101.2, 50.8), (115.2, 67.6), (115.2, 95.6), (126.4, 115.2), (151.6, 115.2), (176.8, 120.8), (179.6, 143.2), (179.6, 171.2), (199.2, 179.6), (227.2, 179.6), (244.0, 193.6), (244.0, 218.8), (249.6, 244.0), (272.0, 244.0), (300.0, 246.8), (300.0, 269.2), (308.4, 291.6), (308.4, 291.6), (308.4, 291.6), (308.4, 291.6), (308.4, 291.6), (308.4, 291.6), (308.4, 291.6), (308.4, 291.6), (308.4, 291.6), (308.4, 291.6), (308.4, 291.6), (308.4, 291.6), (308.4, 291.6), (308.4, 291.6), (308.4, 291.6), (308.4, 291.6), (308.4, 291.6), (308.4, 291.6), (308.4, 291.6), (305.6, 291.6), (305.6, 291.6), (300.0, 291.6), (300.0, 288.8), (300.0, 288.8), (300.0, 291.6), (302.8, 286.0), (302.8, 286.0), (302.8, 286.0), (302.8, 286.0), (302.8, 286.0), (302.8, 286.0), (302.8, 286.0), (302.8, 286.0), (302.8, 286.0), (302.8, 286.0), (302.8, 286.0), (302.8, 286.0), (302.8, 286.0), (302.8, 286.0), (302.8, 286.0), (302.8, 286.0), (302.8, 286.0), (302.8, 286.0), (302.8, 286.0), (302.8, 286.0), (302.8, 286.0), (302.8, 286.0), (302.8, 286.0)]",0,1,8.68
speedrunner,bomberman,5,Bomb,77,0,26.12,0.75,"[(48.0, 48.0), (70.4, 50.8), (101.2, 50.8), (115.2, 67.6), (115.2, 95.6), (126.4, 115.2), (151.6, 115.2), (176.8, 120.8), (179.6, 143.2), (179.6, 171.2), (199.2, 179.6), (227.2, 179.6), (244.0, 193.6), (244.0, 218.8), (249.6, 244.0), (272.0, 244.0), (300.0, 246.8), (300.0, 269.2), (302.8, 286.0), (302.8, 286.0), (302.8, 286.0), (302.8, 286.0), (302.8, 286.0), (302.8, 286.0), (302.8, 286.0), (302.8, 286.0), (302.8, 286.0), (302.8, 286.0), (302.8, 286.0), (302.8, 286.0), (302.8, 286.0), (302.8, 286.0), (302.8, 286.0), (302.8, 286.0), (302.8, 286.0), (302.8, 286.0), (300.0, 286.0), (300.0, 288.8), (300.0, 294.4), (300.0, 288.8), (300.0, 288.8), (300.0, 288.8), (300.0, 291.6), (300.0, 286.0), (300.0, 288.8), (300.0, 291.6), (300.0, 286.0), (300.0, 288.8), (300.0, 291.6), (300.0, 286.0), (300.0, 288.8), (300.0, 291.6), (300.0, 286.0), (300.0, 288.8), (300.0, 291.6), (300.0, 286.0), (300.0, 288.8), (300.0, 291.6), (300.0, 286.0), (300.0, 288.8), (300.0, 291.6), (300.0, 286.0), (300.0, 288.8), (300.0, 291.6), (300.0, 286.0), (300.0, 288.8)]",0,1,8.68
speedrunner,bomberman,5,Bomb,59,0,27.09,0.75,"[(48.0, 48.0), (70.4, 50.8), (101.2, 50.8), (115.2, 67.6), (115.2, 95.6), (126.4, 115.2), (151.6, 115.2), (176.8, 120.8), (179.6, 143.2), (179.6, 171.2), (199.2, 179.6), (227.2, 179.6), (244.0, 193.6), (244.0, 218.8), (249.6, 244.0), (272.0, 244.0), (300.0, 246.8), (305.6, 269.2), (308.4, 297.2), (300.0, 314.0), (300.0, 314.0), (300.0, 314.0), (300.0, 314.0), (300.0, 314.0), (300.0, 314.0), (300.0, 314.0), (300.0, 314.0), (300.0, 314.0), (300.0, 314.0), (300.0, 314.0), (300.0, 314.0), (300.0, 314.0), (300.0, 314.0), (300.0, 314.0), (300.0, 314.0), (300.0, 314.0), (300.0, 314.0), (300.0, 319.6), (300.0, 319.6), (308.4, 342.0), (308.4, 342.0), (308.4, 347.6), (308.4, 347.6), (308.4, 353.2), (308.4, 353.2), (308.4, 353.2), (308.4, 353.2), (308.4, 353.2), (308.4, 353.2), (308.4, 353.2), (308.4, 353.2), (308.4, 353.2), (308.4, 353.2), (308.4, 353.2), (308.4, 353.2), (308.4, 353.2), (308.4, 353.2), (308.4, 353.2), (308.4, 353.2), (308.4, 353.2), (308.4, 353.2), (308.4, 353.2), (308.4, 353.2), (308.4, 353.2), (308.4, 353.2), (308.4, 353.2)]",0,1,8.68
speedrunner,bomberman,5,Bomb,42,0,29.04,0.7,"[(48.0, 48.0), (70.4, 50.8), (101.2, 50.8), (115.2, 62.0), (115.2, 62.0), (115.2, 62.0), (115.2, 67.6), (115.2, 95.6), (126.4, 115.2), (151.6, 115.2), (176.8, 120.8), (179.6, 143.2), (179.6, 171.2), (199.2, 179.6), (227.2, 179.6), (244.0, 193.6), (244.0, 218.8), (249.6, 244.0), (272.0, 244.0), (300.0, 246.8), (308.4, 252.4), (308.4, 258.0), (308.4, 255.2), (308.4, 252.4), (308.4, 258.0), (308.4, 255.2), (308.4, 252.4), (308.4, 258.0), (308.4, 255.2), (308.4, 252.4), (308.4, 258.0), (308.4, 258.0), (308.4, 255.2), (308.4, 260.8), (308.4, 266.4), (308.4, 272.0), (308.4, 272.0), (308.4, 277.6), (308.4, 283.2), (308.4, 288.8), (308.4, 288.8), (308.4, 288.8), (308.4, 288.8), (308.4, 288.8), (308.4, 288.8), (308.4, 288.8), (308.4, 288.8), (308.4, 288.8), (308.4, 288.8), (308.4, 288.8), (308.4, 288.8), (308.4, 288.8), (308.4, 288.8), (308.4, 288.8), (308.4, 288.8), (308.4, 288.8), (308.4, 288.8), (308.4, 288.8), (308.4, 288.8), (308.4, 288.8), (308.4, 283.2)]",0,0,8.1
speedrunner,bomberman,5,Bomb,3,0,26.35,0.5,"[(48.0, 48.0), (70.4, 48.0), (92.8, 48.0), (115.2, 48.0), (137.6, 48.0), (160.0, 48.0), (182.4, 45.2), (204.8, 45.2), (227.2, 45.2), (249.6, 45.2), (266.4, 45.2), (266.4, 45.2), (266.4, 45.2), (266.4, 45.2), (266.4, 45.2), (266.4, 45.2), (266.4, 45.2), (266.4, 45.2), (266.4, 45.2), (266.4, 45.2), (266.4, 45.2), (266.4, 45.2), (266.4, 45.2), (266.4, 45.2), (266.4, 45.2), (266.4, 45.2), (266.4, 45.2), (266.4, 45.2), (266.4, 45.2), (266.4, 45.2), (266.4, 45.2), (266.4, 45.2), (266.4, 45.2), (266.4, 45.2), (266.4, 45.2), (266.4, 45.2), (274.8, 45.2), (274.8, 45.2), (274.8, 45.2), (274.8, 45.2), (274.8, 45.2), (280.4, 45.2), (280.4, 45.2), (280.4, 45.2), (294.4, 45.2), (300.0, 45.2), (300.0, 45.2), (300.0, 45.2), (300.0, 45.2), (300.0, 45.2), (300.0, 45.2), (300.0, 45.2), (305.6, 45.2), (305.6, 45.2), (305.6, 45.2), (305.6, 45.2), (305.6, 45.2), (311.2, 45.2), (314.0, 45.2), (314.0, 45.2), (314.0, 45.2), (314.0, 45.2), (325.2, 45.2), (347.6, 45.2), (353.2, 45.2), (353.2, 45.2), (356.0, 45.2), (356.0, 45.2), (356.0, 45.2), (356.0, 45.2), (356.0, 45.2), (356.0, 45.2), (356.0, 45.2), (356.0, 45.2), (356.0, 45.2), (356.0, 45.2), (356.0, 45.2), (356.0, 45.2), (356.0, 45.2), (356.0, 45.2), (356.0, 45.2), (356.0, 45.2), (356.0, 45.2), (356.0, 45.2), (356.0, 45.2), (361.6, 45.2), (370.0, 45.2), (370.0, 45.2), (378.4, 45.2), (384.0, 45.2), (384.0, 45.2), (384.0, 45.2), (384.0, 45.2), (384.0, 45.2), (384.0, 45.2), (384.0, 45.2)]",0,0,12.75
speedrunner,bomberman,5,Stuck,7,0,40.82,0.5,"[(48.0, 48.0), (70.4, 45.2), (92.8, 45.2), (115.2, 45.2), (137.6, 45.2), (160.0, 45.2), (182.4, 45.2), (204.8, 45.2), (227.2, 45.2), (249.6, 45.2), (272.0, 45.2), (294.4, 45.2), (316.8, 45.2), (339.2, 45.2), (361.6, 45.2), (384.0, 45.2), (406.4, 45.2), (428.8, 45.2), (434.4, 45.2), (434.4, 45.2), (434.4, 45.2), (434.4, 45.2), (434.4, 45.2), (434.4, 45.2), (434.4, 45.2), (434.4, 45.2), (434.4, 45.2), (434.4, 45.2), (434.4, 45.2), (434.4, 45.2), (434.4, 45.2), (434.4, 45.2), (434.4, 45.2), (434.4, 45.2), (434.4, 45.2), (434.4, 45.2), (434.4, 45.2), (434.4, 45.2), (434.4, 45.2), (434.4, 45.2), (434.4, 45.2), (434.4, 45.2), (434.4, 45.2), (434.4, 45.2), (434.4, 45.2), (434.4, 45.2), (434.4, 45.2), (434.4, 45.2), (434.4, 45.2), (434.4, 45.2), (434.4, 45.2), (434.4, 45.2), (434.4, 45.2), (434.4, 45.2), (434.4, 45.2), (434.4, 45.2), (434.4, 45.2), (434.4, 45.2), (434.4, 45.2), (434.4, 45.2), (434.4, 45.2), (434.4, 45.2), (434.4, 45.2), (434.4, 45.2), (434.4, 45.2), (434.4, 45.2), (434.4, 45.2), (434.4, 45.2), (434.4, 45.2), (434.4, 45.2), (434.4, 45.2), (434.4, 45.2)]",0,0,9.47
speedrunner,bomberman,5,Bomb,75,0,28.57,0.7,"[(48.0, 48.0), (70.4, 50.8), (101.2, 50.8), (115.2, 67.6), (115.2, 95.6), (126.4, 115.2), (151.6, 115.2), (176.8, 120.8), (179.6, 143.2), (179.6, 171.2), (199.2, 179.6), (227.2, 179.6), (244.0, 193.6), (244.0, 218.8), (249.6, 244.0), (272.0, 238.4), (300.0, 246.8), (305.6, 269.2), (302.8, 286.0), (302.8, 286.0), (302.8, 286.0), (302.8, 286.0), (302.8, 286.0), (302.8, 286.0), (302.8, 286.0), (302.8, 286.0), (302.8, 286.0), (302.8, 286.0), (302.8, 286.0), (302.8, 286.0), (302.8, 286.0), (302.8, 286.0), (302.8, 286.0), (302.8, 286.0), (302.8, 286.0), (308.4, 286.0), (308.4, 280.4), (308.4, 280.4), (308.4, 280.4), (308.4, 274.8), (308.4, 269.2), (308.4, 269.2), (308.4, 269.2), (308.4, 269.2), (308.4, 269.2), (308.4, 263.6), (308.4, 260.8), (308.4, 266.4), (308.4, 255.2), (305.6, 258.0), (305.6, 258.0), (305.6, 258.0), (305.6, 258.0), (305.6, 258.0), (305.6, 258.0), (305.6, 258.0), (305.6, 258.0), (305.6, 258.0), (305.6, 258.0), (305.6, 258.0), (305.6, 258.0), (305.6, 258.0)]",0,0,8.13
speedrunner,bomberman,5,Bomb,2,0,25.29,0.75,"[(48.0, 48.0), (70.4, 50.8), (101.2, 50.8), (115.2, 67.6), (115.2, 95.6), (126.4, 115.2), (151.6, 115.2), (176.8, 120.8), (179.6, 143.2), (179.6, 171.2), (199.2, 179.6), (227.2, 179.6), (244.0, 193.6), (244.0, 218.8), (249.6, 244.0), (272.0, 238.4), (300.0, 246.8), (308.4, 269.2), (308.4, 291.6), (308.4, 297.2), (308.4, 297.2), (308.4, 297.2), (308.4, 297.2), (308.4, 297.2), (308.4, 297.2), (308.4, 297.2), (308.4, 297.2), (308.4, 297.2), (308.4, 297.2), (308.4, 297.2), (308.4, 297.2), (308.4, 297.2), (308.4, 297.2), (308.4, 297.2), (308.4, 297.2), (308.4, 297.2), (308.4, 297.2), (308.4, 297.2), (308.4, 297.2), (308.4, 297.2), (308.4, 297.2), (308.4, 302.8), (308.4, 302.8), (308.4, 302.8), (308.4, 302.8), (308.4, 302.8), (308.4, 297.2), (308.4, 297.2), (308.4, 297.2), (308.4, 291.6), (308.4, 286.0), (308.4, 286.0), (308.4, 286.0), (308.4, 286.0), (308.4, 286.0), (308.4, 286.0), (308.4, 286.0), (308.4, 286.0), (308.4, 286.0), (308.4, 286.0), (308.4, 286.0), (308.4, 286.0), (308.4, 286.0), (308.4, 286.0), (308.4, 286.0), (308.4, 286.0), (308.4, 286.0), (308.4, 286.0), (308.4, 286.0), (308.4, 286.0)]",0,1,9.3
speedrunner,bomberman,5,Bomb,85,0,26.71,0.7,"[(48.0, 48.0), (70.4, 50.8), (101.2, 50.8), (115.2, 67.6), (115.2, 95.6), (126.4, 115.2), (151.6, 115.2), (176.8, 120.8), (179.6, 143.2), (179.6, 171.2), (199.2, 179.6), (227.2, 179.6), (244.0, 193.6), (244.0, 218.8), (249.6, 244.0), (272.0, 244.0), (300.0, 246.8), (300.0, 269.2), (302.8, 286.0), (302.8, 286.0), (302.8, 286.0), (302.8, 286.0), (302.8, 286.0), (302.8, 286.0), (302.8, 286.0), (302.8, 286.0), (302.8, 286.0), (302.8, 286.0), (302.8, 286.0), (302.8, 286.0), (302.8, 286.0), (302.8, 286.0), (302.8, 286.0), (302.8, 286.0), (302.8, 286.0), (302.8, 286.0), (302.8, 286.0), (302.8, 286.0), (308.4, 286.0), (308.4, 286.0), (308.4, 286.0), (308.4, 286.0), (308.4, 286.0), (308.4, 286.0), (308.4, 286.0), (308.4, 286.0), (308.4, 280.4), (308.4, 280.4), (308.4, 280.4), (308.4, 269.2), (308.4, 269.2), (308.4, 269.2), (308.4, 260.8), (308.4, 258.0), (308.4, 255.2), (308.4, 252.4), (308.4, 258.0), (308.4, 255.2), (305.6, 255.2), (305.6, 255.2), (305.6, 255.2), (305.6, 255.2), (305.6, 255.2), (305.6, 255.2), (305.6, 255.2), (305.6, 255.2)]",0,0,8.7
speedrunner,bomberman,5,Stuck,1,0,21.98,0.7,"[(48.0, 48.0), (70.4, 50.8), (101.2, 50.8), (115.2, 67.6), (115.2, 95.6), (126.4, 115.2), (151.6, 115.2), (176.8, 120.8), (179.6, 143.2), (179.6, 171.2), (199.2, 179.6), (227.2, 179.6), (244.0, 193.6), (244.0, 218.8), (249.6, 244.0), (272.0, 244.0), (300.0, 246.8), (308.4, 269.2), (308.4, 291.6), (308.4, 314.0), (308.4, 336.4), (308.4, 358.8), (308.4, 372.8), (308.4, 372.8), (308.4, 372.8), (308.4, 372.8), (308.4, 372.8), (308.4, 372.8), (308.4, 372.8), (308.4, 372.8), (308.4, 372.8), (308.4, 372.8), (308.4, 372.8), (308.4, 372.8), (308.4, 372.8), (308.4, 372.8), (308.4, 372.8), (308.4, 372.8), (308.4, 372.8), (308.4, 372.8), (308.4, 372.8), (308.4, 372.8), (308.4, 372.8), (308.4, 372.8), (308.4, 372.8), (308.4, 372.8), (308.4, 372.8), (308.4, 372.8), (308.4, 372.8), (308.4, 372.8), (308.4, 372.8), (308.4, 372.8), (308.4, 372.8), (308.4, 372.8), (308.4, 372.8), (308.4, 372.8), (308.4, 372.8), (308.4, 372.8), (308.4, 372.8), (308.4, 372.8), (308.4, 372.8), (308.4, 372.8), (308.4, 372.8), (308.4, 372.8), (308.4, 372.8), (308.4, 372.8), (308.4, 372.8), (308.4, 372.8), (308.4, 372.8), (308.4, 372.8), (308.4, 372.8), (308.4, 372.8), (308.4, 372.8), (308.4, 372.8), (308.4, 372.8), (308.4, 372.8), (308.4, 372.8), (308.4, 372.8), (308.4, 372.8), (308.4, 372.8), (308.4, 372.8)]",0,0,10.7
speedrunner,bomberman,5,Bomb,3,0,26.12,0.8,"[(48.0, 48.0), (70.4, 50.8), (101.2, 50.8), (115.2, 67.6), (115.2, 95.6), (126.4, 115.2), (151.6, 115.2), (176.8, 120.8), (179.6, 143.2), (179.6, 171.2), (199.2, 179.6), (227.2, 179.6), (244.0, 193.6), (244.0, 218.8), (249.6, 244.0), (272.0, 244.0), (300.0, 246.8), (300.0, 269.2), (308.4, 291.6), (308.4, 291.6), (308.4, 291.6), (308.4, 291.6), (308.4, 291.6), (308.4, 291.6), (308.4, 291.6), (308.4, 291.6), (308.4, 291.6), (308.4, 291.6), (308.4, 291.6), (308.4, 291.6), (308.4, 291.6), (308.4, 291.6), (308.4, 291.6), (308.4, 291.6), (308.4, 291.6), (308.4, 291.6), (308.4, 291.6), (305.6, 291.6), (305.6, 291.6), (300.0, 291.6), (300.0, 288.8), (300.0, 288.8), (300.0, 291.6), (302.8, 286.0), (302.8, 286.0), (302.8, 286.0), (302.8, 286.0), (302.8, 286.0), (302.8, 286.0), (302.8, 286.0), (302.8, 286.0), (302.8, 286.0), (302.8, 286.0), (302.8, 286.0), (302.8, 286.0), (302.8, 286.0), (302.8, 286.0), (302.8, 286.0), (302.8, 286.0), (302.8, 286.0), (302.8, 286.0), (302.8, 286.0), (302.8, 286.0), (302.8, 286.0), (302.8, 286.0), (302.8, 286.0)]",0,1,8.68
speedrunner,bomberman,5,Bomb,2,0,25.29,0.75,"[(48.0, 48.0), (70.4, 50.8), (101.2, 50.8), (115.2, 67.6), (115.2, 95.6), (126.4, 115.2), (151.6, 115.2), (176.8, 120.8), (179.6, 143.2), (179.6, 171.2), (199.2, 179.6), (227.2, 179.6), (244.0, 193.6), (244.0, 218.8), (249.6, 244.0), (272.0, 238.4), (300.0, 246.8), (308.4, 269.2), (308.4, 291.6), (308.4, 297.2), (308.4, 297.2), (308.4, 297.2), (308.4, 297.2), (308.4, 297.2), (308.4, 297.2), (308.4, 297.2), (308.4, 297.2), (308.4, 297.2), (308.4, 297.2), (308.4, 297.2), (308.4, 297.2), (308.4, 297.2), (308.4, 297.2), (308.4, 297.2), (308.4, 297.2), (308.4, 297.2), (308.4, 297.2), (308.4, 297.2), (308.4, 297.2), (308.4, 297.2), (308.4, 297.2), (308.4, 302.8), (308.4, 302.8), (308.4, 302.8), (308.4, 302.8), (308.4, 302.8), (308.4, 297.2), (308.4, 297.2), (308.4, 297.2), (308.4, 291.6), (308.4, 286.0), (308.4, 286.0), (308.4, 286.0), (308.4, 286.0), (308.4, 286.0), (308.4, 286.0), (308.4, 286.0), (308.4, 286.0), (308.4, 286.0), (308.4, 286.0), (308.4, 286.0), (308.4, 286.0), (308.4, 286.0), (308.4, 286.0), (308.4, 286.0), (308.4, 286.0), (308.4, 286.0), (308.4, 286.0), (308.4, 286.0), (308.4, 286.0)]",0,1,9.3
speedrunner,bomberman,5,Bomb,59,0,27.09,0.75,"[(48.0, 48.0), (70.4, 50.8), (101.2, 50.8), (115.2, 67.6), (115.2, 95.6), (126.4, 115.2), (151.6, 115.2), (176.8, 120.8), (179.6, 143.2), (179.6, 171.2), (199.2, 179.6), (227.2, 179.6), (244.0, 193.6), (244.0, 218.8), (249.6, 244.0), (272.0, 244.0), (300.0, 246.8), (305.6, 269.2), (308.4, 297.2), (300.0, 314.0), (300.0, 314.0), (300.0, 314.0), (300.0, 314.0), (300.0, 314.0), (300.0, 314.0), (300.0, 314.0), (300.0, 314.0), (300.0, 314.0), (300.0, 314.0), (300.0, 314.0), (300.0, 314.0), (300.0, 314.0), (300.0, 314.0), (300.0, 314.0), (300.0, 314.0), (300.0, 314.0), (300.0, 314.0), (300.0, 319.6), (300.0, 319.6), (308.4, 342.0), (308.4, 342.0), (308.4, 347.6), (308.4, 347.6), (308.4, 353.2), (308.4, 353.2), (308.4, 353.2), (308.4, 353.2), (308.4, 353.2), (308.4, 353.2), (308.4, 353.2), (308.4, 353.2), (308.4, 353.2), (308.4, 353.2), (308.4, 353.2), (308.4, 353.2), (308.4, 353.2), (308.4, 353.2), (308.4, 353.2), (308.4, 353.2), (308.4, 353.2), (308.4, 353.2), (308.4, 353.2), (308.4, 353.2), (308.4, 353.2), (308.4, 353.2), (308.4, 353.2)]",0,1,8.68
speedrunner,bomberman,5,Bomb,77,0,26.12,0.75,"[(48.0, 48.0), (70.4, 50.8), (101.2, 50.8), (115.2, 67.6), (115.2, 95.6), (126.4, 115.2), (151.6, 115.2), (176.8, 120.8), (179.6, 143.2), (179.6, 171.2), (199.2, 179.6), (227.2, 179.6), (244.0, 193.6), (244.0, 218.8), (249.6, 244.0), (272.0, 244.0), (300.0, 246.8), (300.0, 269.2), (302.8, 286.0), (302.8, 286.0), (302.8, 286.0), (302.8, 286.0), (302.8, 286.0), (302.8, 286.0), (302.8, 286.0), (302.8, 286.0), (302.8, 286.0), (302.8, 286.0), (302.8, 286.0), (302.8, 286.0), (302.8, 286.0), (302.8, 286.0), (302.8, 286.0), (302.8, 286.0), (302.8, 286.0), (302.8, 286.0), (300.0, 286.0), (300.0, 288.8), (300.0, 294.4), (300.0, 288.8), (300.0, 288.8), (300.0, 288.8), (300.0, 291.6), (300.0, 286.0), (300.0, 288.8), (300.0, 291.6), (300.0, 286.0), (300.0, 288.8), (300.0, 291.6), (300.0, 286.0), (300.0, 288.8), (300.0, 291.6), (300.0, 286.0), (300.0, 288.8), (300.0, 291.6), (300.0, 286.0), (300.0, 288.8), (300.0, 291.6), (300.0, 286.0), (300.0, 288.8), (300.0, 291.6), (300.0, 286.0), (300.0, 288.8), (300.0, 291.6), (300.0, 286.0), (300.0, 288.8)]",0,1,8.68
speedrunner,bomberman,5,Stuck,1,0,21.98,0.7,"[(48.0, 48.0), (70.4, 50.8), (101.2, 50.8), (115.2, 67.6), (115.2, 95.6), (126.4, 115.2), (151.6, 115.2), (176.8, 120.8), (179.6, 143.2), (179.6, 171.2), (199.2, 179.6), (227.2, 179.6), (244.0, 193.6), (244.0, 218.8), (249.6, 244.0), (272.0, 244.0), (300.0, 246.8), (308.4, 269.2), (308.4, 291.6), (308.4, 314.0), (308.4, 336.4), (308.4, 358.8), (308.4, 372.8), (308.4, 372.8), (308.4, 372.8), (308.4, 372.8), (308.4, 372.8), (308.4, 372.8), (308.4, 372.8), (308.4, 372.8), (308.4, 372.8), (308.4, 372.8), (308.4, 372.8), (308.4, 372.8), (308.4, 372.8), (308.4, 372.8), (308.4, 372.8), (308.4, 372.8), (308.4, 372.8), (308.4, 372.8), (308.4, 372.8), (308.4, 372.8), (308.4, 372.8), (308.4, 372.8), (308.4, 372.8), (308.4, 372.8), (308.4, 372.8), (308.4, 372.8), (308.4, 372.8), (308.4, 372.8), (308.4, 372.8), (308.4, 372.8), (308.4, 372.8), (308.4, 372.8), (308.4, 372.8), (308.4, 372.8), (308.4, 372.8), (308.4, 372.8), (308.4, 372.8), (308.4, 372.8), (308.4, 372.8), (308.4, 372.8), (308.4, 372.8), (308.4, 372.8), (308.4, 372.8), (308.4, 372.8), (308.4, 372.8), (308.4, 372.8), (308.4, 372.8), (308.4, 372.8), (308.4, 372.8), (308.4, 372.8), (308.4, 372.8), (308.4, 372.8), (308.4, 372.8), (308.4, 372.8), (308.4, 372.8), (308.4, 372.8), (308.4, 372.8), (308.4, 372.8), (308.4, 372.8)]",0,0,10.7
speedrunner,bomberman,5,Bomb,85,0,26.71,0.7,"[(48.0, 48.0), (70.4, 50.8), (101.2, 50.8), (115.2, 67.6), (115.2, 95.6), (126.4, 115.2), (151.6, 115.2), (176.8, 120.8), (179.6, 143.2), (179.6, 171.2), (199.2, 179.6), (227.2, 179.6), (244.0, 193.6), (244.0, 218.8), (249.6, 244.0), (272.0, 244.0), (300.0, 246.8), (300.0, 269.2), (302.8, 286.0), (302.8, 286.0), (302.8, 286.0), (302.8, 286.0), (302.8, 286.0), (302.8, 286.0), (302.8, 286.0), (302.8, 286.0), (302.8, 286.0), (302.8, 286.0), (302.8, 286.0), (302.8, 286.0), (302.8, 286.0), (302.8, 286.0), (302.8, 286.0), (302.8, 286.0), (302.8, 286.0), (302.8, 286.0), (302.8, 286.0), (302.8, 286.0), (308.4, 286.0), (308.4, 286.0), (308.4, 286.0), (308.4, 286.0), (308.4, 286.0), (308.4, 286.0), (308.4, 286.0), (308.4, 286.0), (308.4, 280.4), (308.4, 280.4), (308.4, 280.4), (308.4, 269.2), (308.4, 269.2), (308.4, 269.2), (308.4, 260.8), (308.4, 258.0), (308.4, 255.2), (308.4, 252.4), (308.4, 258.0), (308.4, 255.2), (305.6, 255.2), (305.6, 255.2), (305.6, 255.2), (305.6, 255.2), (305.6, 255.2), (305.6, 255.2), (305.6, 255.2), (305.6, 255.2)]",0,0,8.7
speedrunner,bomberman,5,Bomb,111,0,-0.41,0.6,"[(48.0, 48.0), (70.4, 50.8), (101.2, 50.8), (115.2, 67.6), (115.2, 95.6), (126.4, 115.2), (151.6, 115.2), (176.8, 120.8), (179.6, 143.2), (179.6, 171.2), (199.2, 179.6), (227.2, 179.6), (244.0, 193.6), (238.4, 218.8), (232.8, 244.0), (221.6, 244.0), (221.6, 244.0), (221.6, 244.0), (221.6, 244.0), (221.6, 244.0), (221.6, 244.0), (221.6, 244.0), (221.6, 244.0), (221.6, 244.0), (221.6, 244.0), (221.6, 244.0), (221.6, 244.0), (221.6, 244.0), (221.6, 244.0), (221.6, 244.0), (221.6, 244.0), (221.6, 244.0), (221.6, 244.0), (221.6, 244.0), (221.6, 244.0), (221.6, 244.0), (221.6, 244.0), (221.6, 244.0), (221.6, 244.0), (221.6, 244.0), (221.6, 244.0), (221.6, 244.0), (221.6, 244.0), (221.6, 244.0), (221.6, 244.0), (210.4, 244.0), (210.4, 244.0), (210.4, 244.0), (190.8, 244.0), (174.0, 258.0), (174.0, 283.2), (165.6, 308.4), (160.0, 305.6), (160.0, 305.6), (160.0, 305.6), (160.0, 305.6), (160.0, 305.6), (160.0, 305.6), (160.0, 305.6), (160.0, 305.6), (160.0, 305.6), (160.0, 305.6), (160.0, 305.6), (160.0, 305.6), (160.0, 305.6), (160.0, 305.6), (160.0, 308.4), (160.0, 308.4), (160.0, 308.4), (160.0, 308.4), (160.0, 308.4), (160.0, 308.4), (160.0, 308.4), (160.0, 308.4), (160.0, 308.4), (160.0, 308.4), (160.0, 308.4), (160.0, 308.4), (143.2, 308.4), (115.2, 311.2), (115.2, 333.6), (115.2, 344.8), (115.2, 347.6), (101.2, 372.8), (95.6, 372.8), (95.6, 372.8), (95.6, 372.8), (95.6, 372.8), (95.6, 372.8), (95.6, 372.8), (95.6, 372.8), (95.6, 372.8), (95.6, 372.8), (95.6, 372.8), (95.6, 372.8), (95.6, 372.8), (95.6, 372.8), (95.6, 372.8), (95.6, 372.8), (95.6, 372.8), (95.6, 372.8), (95.6, 372.8), (95.6, 372.8), (95.6, 372.8), (95.6, 372.8), (95.6, 372.8), (95.6, 372.8), (95.6, 372.8), (95.6, 372.8), (84.4, 372.8), (84.4, 372.8), (84.4, 372.8), (84.4, 372.8), (62.0, 372.8), (45.2, 372.8), (45.2, 372.8), (45.2, 372.8), (45.2, 372.8), (45.2, 372.8), (45.2, 372.8), (45.2, 372.8), (45.2, 372.8), (45.2, 372.8), (45.2, 372.8), (45.2, 372.8), (45.2, 372.8), (45.2, 372.8), (45.2, 372.8), (45.2, 372.8), (45.2, 372.8), (45.2, 372.8), (45.2, 372.8), (45.2, 372.8), (45.2, 372.8), (45.2, 372.8), (45.2, 372.8), (45.2, 372.8), (45.2, 372.8), (45.2, 372.8), (45.2, 372.8), (45.2, 372.8), (45.2, 372.8), (45.2, 372.8), (45.2, 372.8), (45.2, 372.8), (45.2, 372.8), (45.2, 372.8), (45.2, 372.8), (45.2, 372.8), (45.2, 372.8), (45.2, 372.8), (45.2, 372.8), (45.2, 372.8), (45.2, 372.8), (45.2, 372.8), (45.2, 372.8)]",0,0,20.68
speedrunner,bomberman,5,Bomb,8,0,26.76,0.8,"[(48.0, 48.0), (70.4, 50.8), (101.2, 50.8), (115.2, 67.6), (115.2, 95.6), (126.4, 115.2), (151.6, 115.2), (176.8, 120.8), (179.6, 143.2), (179.6, 171.2), (199.2, 179.6), (227.2, 179.6), (244.0, 193.6), (244.0, 218.8), (249.6, 244.0), (272.0, 244.0), (300.0, 246.8), (300.0, 269.2), (308.4, 291.6), (308.4, 291.6), (308.4, 291.6), (308.4, 291.6), (308.4, 291.6), (308.4, 291.6), (308.4, 291.6), (308.4, 291.6), (308.4, 291.6), (308.4, 291.6), (308.4, 291.6), (308.4, 291.6), (308.4, 291.6), (308.4, 291.6), (308.4, 291.6), (308.4, 291.6), (308.4, 291.6), (308.4, 291.6), (308.4, 291.6), (308.4, 297.2), (308.4, 297.2), (308.4, 297.2), (308.4, 291.6), (308.4, 291.6), (308.4, 286.0), (308.4, 286.0), (308.4, 286.0), (308.4, 286.0), (308.4, 286.0), (308.4, 286.0), (308.4, 286.0), (308.4, 286.0), (308.4, 286.0), (308.4, 286.0), (308.4, 286.0), (308.4, 286.0), (308.4, 286.0), (308.4, 286.0), (308.4, 286.0), (308.4, 286.0), (308.4, 286.0), (308.4, 286.0), (308.4, 286.0), (308.4, 286.0), (308.4, 286.0), (308.4, 286.0), (308.4, 286.0), (308.4, 286.0)]",0,1,8.68
speedrunner,bomberman,5,Bomb,26,0,26.12,0.7,"[(48.0, 48.0), (70.4, 50.8), (101.2, 50.8), (115.2, 67.6), (115.2, 95.6), (126.4, 115.2), (151.6, 115.2), (176.8, 120.8), (179.6, 143.2), (179.6, 171.2), (199.2, 179.6), (227.2, 179.6), (244.0, 193.6), (244.0, 218.8), (249.6, 244.0), (272.0, 244.0), (300.0, 246.8), (305.6, 269.2), (308.4, 297.2), (308.4, 319.6), (305.6, 319.6), (305.6, 319.6), (305.6, 319.6), (305.6, 319.6), (305.6, 319.6), (305.6, 319.6), (305.6, 319.6), (305.6, 319.6), (305.6, 319.6), (305.6, 319.6), (305.6, 319.6), (305.6, 319.6), (305.6, 319.6), (305.6, 319.6), (305.6, 319.6), (305.6, 319.6), (302.8, 319.6), (302.8, 319.6), (302.8, 319.6), (300.0, 319.6), (300.0, 316.8), (300.0, 322.4), (300.0, 319.6), (300.0, 316.8), (300.0, 322.4), (300.0, 319.6), (300.0, 316.8), (300.0, 322.4), (300.0, 319.6), (300.0, 316.8), (302.8, 319.6), (302.8, 319.6), (302.8, 319.6), (302.8, 319.6), (302.8, 319.6), (302.8, 319.6), (302.8, 319.6), (302.8, 319.6), (302.8, 319.6), (302.8, 319.6), (302.8, 319.6), (302.8, 319.6), (302.8, 319.6), (302.8, 319.6), (302.8, 319.6), (302.8, 319.6)]",0,0,8.68
speedrunner,bomberman,5,Bomb,122,0,4.64,0.6,"[(48.0, 48.0), (70.4, 50.8), (101.2, 50.8), (115.2, 67.6), (115.2, 95.6), (126.4, 115.2), (151.6, 115.2), (176.8, 120.8), (179.6, 143.2), (179.6, 171.2), (199.2, 179.6), (227.2, 179.6), (244.0, 193.6), (238.4, 218.8), (232.8, 244.0), (221.6, 244.0), (221.6, 244.0), (221.6, 244.0), (221.6, 244.0), (221.6, 244.0), (221.6, 244.0), (221.6, 244.0), (221.6, 244.0), (221.6, 244.0), (221.6, 244.0), (221.6, 244.0), (221.6, 244.0), (221.6, 244.0), (221.6, 244.0), (221.6, 244.0), (221.6, 244.0), (221.6, 244.0), (221.6, 244.0), (221.6, 244.0), (221.6, 244.0), (221.6, 244.0), (221.6, 244.0), (221.6, 244.0), (221.6, 244.0), (221.6, 244.0), (221.6, 244.0), (221.6, 244.0), (221.6, 244.0), (221.6, 244.0), (221.6, 244.0), (221.6, 244.0), (221.6, 244.0), (221.6, 244.0), (210.4, 244.0), (210.4, 244.0), (210.4, 244.0), (210.4, 244.0), (204.8, 244.0), (179.6, 246.8), (174.0, 269.2), (174.0, 297.2), (160.0, 305.6), (160.0, 305.6), (160.0, 305.6), (160.0, 305.6), (160.0, 305.6), (160.0, 305.6), (160.0, 305.6), (160.0, 305.6), (160.0, 305.6), (160.0, 305.6), (160.0, 305.6), (160.0, 305.6), (160.0, 308.4), (160.0, 308.4), (160.0, 308.4), (160.0, 308.4), (160.0, 308.4), (160.0, 308.4), (160.0, 308.4), (160.0, 308.4), (160.0, 308.4), (160.0, 308.4), (160.0, 308.4), (134.8, 308.4), (109.6, 316.8), (109.6, 322.4), (109.6, 322.4), (109.6, 322.4), (109.6, 322.4), (109.6, 322.4), (109.6, 322.4), (109.6, 322.4), (109.6, 322.4), (109.6, 322.4), (109.6, 322.4), (109.6, 322.4), (109.6, 322.4), (109.6, 322.4), (109.6, 322.4), (109.6, 322.4)]",0,0,12.68
speedrunner,bomberman,5,Bomb,8,0,26.76,0.8,"[(48.0, 48.0), (70.4, 50.8), (101.2, 50.8), (115.2, 67.6), (115.2, 95.6), (126.4, 115.2), (151.6, 115.2), (176.8, 120.8), (179.6, 143.2), (179.6, 171.2), (199.2, 179.6), (227.2, 179.6), (244.0, 193.6), (244.0, 218.8), (249.6, 244.0), (272.0, 244.0), (300.0, 246.8), (300.0, 269.2), (308.4, 291.6), (308.4, 291.6), (308.4, 291.6), (308.4, 291.6), (308.4, 291.6), (308.4, 291.6), (308.4, 291.6), (308.4, 291.6), (308.4, 291.6), (308.4, 291.6), (308.4, 291.6), (308.4, 291.6), (308.4, 291.6), (308.4, 291.6), (308.4, 291.6), (308.4, 291.6), (308.4, 291.6), (308.4, 291.6), (308.4, 291.6), (308.4, 297.2), (308.4, 297.2), (308.4, 297.2), (308.4, 291.6), (308.4, 291.6), (308.4, 286.0), (308.4, 286.0), (308.4, 286.0), (308.4, 286.0), (308.4, 286.0), (308.4, 286.0), (308.4, 286.0), (308.4, 286.0), (308.4, 286.0), (308.4, 286.0), (308.4, 286.0), (308.4, 286.0), (308.4, 286.0), (308.4, 286.0), (308.4, 286.0), (308.4, 286.0), (308.4, 286.0), (308.4, 286.0), (308.4, 286.0), (308.4, 286.0), (308.4, 286.0), (308.4, 286.0), (308.4, 286.0), (308.4, 286.0)]",0,1,8.68
speedrunner,bomberman,5,Bomb,3,0,26.12,0.8,"[(48.0, 48.0), (70.4, 50.8), (101.2, 50.8), (115.2, 67.6), (115.2, 95.6), (126.4, 115.2), (151.6, 115.2), (176.8, 120.8), (179.6, 143.2), (179.6, 171.2), (199.2, 179.6), (227.2, 179.6), (244.0, 193.6), (244.0, 218.8), (249.6, 244.0), (272.0, 244.0), (300.0, 246.8), (300.0, 269.2), (308.4, 291.6), (308.4, 291.6), (308.4, 291.6), (308.4, 291.6), (308.4, 291.6), (308.4, 291.6), (308.4, 291.6), (308.4, 291.6), (308.4, 291.6), (308.4, 291.6), (308.4, 291.6), (308.4, 291.6), (308.4, 291.6), (308.4, 291.6), (308.4, 291.6), (308.4, 291.6), (308.4, 291.6), (308.4, 291.6), (308.4, 291.6), (305.6, 291.6), (305.6, 291.6), (300.0, 291.6), (300.0, 288.8), (300.0, 288.8), (300.0, 291.6), (302.8, 286.0), (302.8, 286.0), (302.8, 286.0), (302.8, 286.0), (302.8, 286.0), (302.8, 286.0), (302.8, 286.0), (302.8, 286.0), (302.8, 286.0), (302.8, 286.0), (302.8, 286.0), (302.8, 286.0), (302.8, 286.0), (302.8, 286.0), (302.8, 286.0), (302.8, 286.0), (302.8, 286.0), (302.8, 286.0), (302.8, 286.0), (302.8, 286.0), (302.8, 286.0), (302.8, 286.0), (302.8, 286.0)]",0,1,8.68
speedrunner,bomberman,5,Bomb,77,0,26.12,0.75,"[(48.0, 48.0), (70.4, 50.8), (101.2, 50.8), (115.2, 67.6), (115.2, 95.6), (126.4, 115.2), (151.6, 115.2), (176.8, 120.8), (179.6, 143.2), (179.6, 171.2), (199.2, 179.6), (227.2, 179.6), (244.0, 193.6), (244.0, 218.8), (249.6, 244.0), (272.0, 244.0), (300.0, 246.8), (300.0, 269.2), (302.8, 286.0), (302.8, 286.0), (302.8, 286.0), (302.8, 286.0), (302.8, 286.0), (302.8, 286.0), (302.8, 286.0), (302.8, 286.0), (302.8, 286.0), (302.8, 286.0), (302.8, 286.0), (302.8, 286.0), (302.8, 286.0), (302.8, 286.0), (302.8, 286.0), (302.8, 286.0), (302.8, 286.0), (302.8, 286.0), (300.0, 286.0), (300.0, 288.8), (300.0, 294.4), (300.0, 288.8), (300.0, 288.8), (300.0, 288.8), (300.0, 291.6), (300.0, 286.0), (300.0, 288.8), (300.0, 291.6), (300.0, 286.0), (300.0, 288.8), (300.0, 291.6), (300.0, 286.0), (300.0, 288.8), (300.0, 291.6), (300.0, 286.0), (300.0, 288.8), (300.0, 291.6), (300.0, 286.0), (300.0, 288.8), (300.0, 291.6), (300.0, 286.0), (300.0, 288.8), (300.0, 291.6), (300.0, 286.0), (300.0, 288.8), (300.0, 291.6), (300.0, 286.0), (300.0, 288.8)]",0,1,8.68
speedrunner,bomberman,5,Bomb,59,0,27.09,0.75,"[(48.0, 48.0), (70.4, 50.8), (101.2, 50.8), (115.2, 67.6), (115.2, 95.6), (126.4, 115.2), (151.6, 115.2), (176.8, 120.8), (179.6, 143.2), (179.6, 171.2), (199.2, 179.6), (227.2, 179.6), (244.0, 193.6), (244.0, 218.8), (249.6, 244.0), (272.0, 244.0), (300.0, 246.8), (305.6, 269.2), (308.4, 297.2), (300.0, 314.0), (300.0, 314.0), (300.0, 314.0), (300.0, 314.0), (300.0, 314.0), (300.0, 314.0), (300.0, 314.0), (300.0, 314.0), (300.0, 314.0), (300.0, 314.0), (300.0, 314.0), (300.0, 314.0), (300.0, 314.0), (300.0, 314.0), (300.0, 314.0), (300.0, 314.0), (300.0, 314.0), (300.0, 314.0), (300.0, 319.6), (300.0, 319.6), (308.4, 342.0), (308.4, 342.0), (308.4, 347.6), (308.4, 347.6), (308.4, 353.2), (308.4, 353.2), (308.4, 353.2), (308.4, 353.2), (308.4, 353.2), (308.4, 353.2), (308.4, 353.2), (308.4, 353.2), (308.4, 353.2), (308.4, 353.2), (308.4, 353.2), (308.4, 353.2), (308.4, 353.2), (308.4, 353.2), (308.4, 353.2), (308.4, 353.2), (308.4, 353.2), (308.4, 353.2), (308.4, 353.2), (308.4, 353.2), (308.4, 353.2), (308.4, 353.2), (308.4, 353.2)]",0,1,8.68
speedrunner,bomberman,5,Bomb,2,0,25.29,0.75,"[(48.0, 48.0), (70.4, 50.8), (101.2, 50.8), (115.2, 67.6), (115.2, 95.6), (126.4, 115.2), (151.6, 115.2), (176.8, 120.8), (179.6, 143.2), (179.6, 171.2), (199.2, 179.6), (227.2, 179.6), (244.0, 193.6), (244.0, 218.8), (249.6, 244.0), (272.0, 238.4), (300.0, 246.8), (308.4, 269.2), (308.4, 291.6), (308.4, 297.2), (308.4, 297.2), (308.4, 297.2), (308.4, 297.2), (308.4, 297.2), (308.4, 297.2), (308.4, 297.2), (308.4, 297.2), (308.4, 297.2), (308.4, 297.2), (308.4, 297.2), (308.4, 297.2), (308.4, 297.2), (308.4, 297.2), (308.4, 297.2), (308.4, 297.2), (308.4, 297.2), (308.4, 297.2), (308.4, 297.2), (308.4, 297.2), (308.4, 297.2), (308.4, 297.2), (308.4, 302.8), (308.4, 302.8), (308.4, 302.8), (308.4, 302.8), (308.4, 302.8), (308.4, 297.2), (308.4, 297.2), (308.4, 297.2), (308.4, 291.6), (308.4, 286.0), (308.4, 286.0), (308.4, 286.0), (308.4, 286.0), (308.4, 286.0), (308.4, 286.0), (308.4, 286.0), (308.4, 286.0), (308.4, 286.0), (308.4, 286.0), (308.4, 286.0), (308.4, 286.0), (308.4, 286.0), (308.4, 286.0), (308.4, 286.0), (308.4, 286.0), (308.4, 286.0), (308.4, 286.0), (308.4, 286.0), (308.4, 286.0)]",0,1,9.3
speedrunner,bomberman,5,Bomb,26,0,26.12,0.7,"[(48.0, 48.0), (70.4, 50.8), (101.2, 50.8), (115.2, 67.6), (115.2, 95.6), (126.4, 115.2), (151.6, 115.2), (176.8, 120.8), (179.6, 143.2), (179.6, 171.2), (199.2, 179.6), (227.2, 179.6), (244.0, 193.6), (244.0, 218.8), (249.6, 244.0), (272.0, 244.0), (300.0, 246.8), (305.6, 269.2), (308.4, 297.2), (308.4, 319.6), (305.6, 319.6), (305.6, 319.6), (305.6, 319.6), (305.6, 319.6), (305.6, 319.6), (305.6, 319.6), (305.6, 319.6), (305.6, 319.6), (305.6, 319.6), (305.6, 319.6), (305.6, 319.6), (305.6, 319.6), (305.6, 319.6), (305.6, 319.6), (305.6, 319.6), (305.6, 319.6), (302.8, 319.6), (302.8, 319.6), (302.8, 319.6), (300.0, 319.6), (300.0, 316.8), (300.0, 322.4), (300.0, 319.6), (300.0, 316.8), (300.0, 322.4), (300.0, 319.6), (300.0, 316.8), (300.0, 322.4), (300.0, 319.6), (300.0, 316.8), (302.8, 319.6), (302.8, 319.6), (302.8, 319.6), (302.8, 319.6), (302.8, 319.6), (302.8, 319.6), (302.8, 319.6), (302.8, 319.6), (302.8, 319.6), (302.8, 319.6), (302.8, 319.6), (302.8, 319.6), (302.8, 319.6), (302.8, 319.6), (302.8, 319.6), (302.8, 319.6)]",0,0,8.68
speedrunner,bomberman,5,Bomb,67,0,13.25,0.7,"[(48.0, 48.0), (70.4, 50.8), (101.2, 50.8), (115.2, 67.6), (115.2, 95.6), (126.4, 115.2), (151.6, 115.2), (176.8, 120.8), (179.6, 143.2), (179.6, 171.2), (199.2, 179.6), (227.2, 179.6), (244.0, 193.6), (238.4, 216.0), (249.6, 244.0), (272.0, 244.0), (300.0, 246.8), (300.0, 269.2), (300.0, 288.8), (300.0, 291.6), (300.0, 286.0), (300.0, 288.8), (300.0, 291.6), (300.0, 286.0), (300.0, 288.8), (300.0, 291.6), (300.0, 286.0), (300.0, 288.8), (300.0, 291.6), (300.0, 286.0), (300.0, 288.8), (300.0, 291.6), (300.0, 286.0), (300.0, 288.8), (300.0, 291.6), (300.0, 286.0), (300.0, 294.4), (288.8, 302.8), (288.8, 308.4), (288.8, 308.4), (288.8, 308.4), (288.8, 308.4), (288.8, 308.4), (274.8, 308.4), (246.8, 308.4), (238.4, 330.8), (238.4, 356.0), (238.4, 350.4), (238.4, 353.2), (238.4, 356.0), (238.4, 350.4), (238.4, 353.2), (238.4, 356.0), (238.4, 350.4), (238.4, 353.2), (238.4, 356.0), (238.4, 350.4), (238.4, 353.2), (238.4, 356.0), (238.4, 350.4), (238.4, 353.2), (238.4, 356.0), (238.4, 350.4), (238.4, 353.2), (238.4, 356.0), (238.4, 350.4), (238.4, 350.4), (238.4, 353.2), (238.4, 356.0), (238.4, 350.4), (238.4, 353.2), (238.4, 356.0), (238.4, 350.4), (238.4, 353.2), (238.4, 356.0), (238.4, 350.4), (238.4, 353.2), (238.4, 356.0), (238.4, 350.4), (238.4, 353.2), (238.4, 356.0), (238.4, 350.4), (238.4, 353.2), (238.4, 356.0), (238.4, 350.4), (238.4, 353.2), (238.4, 356.0), (238.4, 350.4), (238.4, 353.2), (238.4, 356.0), (238.4, 350.4), (238.4, 353.2), (238.4, 356.0), (238.4, 350.4), (238.4, 353.2), (238.4, 356.0)]",0,1,12.68
speedrunner,bomberman,5,Bomb,2,0,26.12,0.7,"[(48.0, 48.0), (70.4, 50.8), (101.2, 50.8), (115.2, 67.6), (115.2, 95.6), (126.4, 115.2), (151.6, 115.2), (176.8, 120.8), (179.6, 143.2), (179.6, 171.2), (199.2, 179.6), (227.2, 179.6), (244.0, 193.6), (241.2, 216.0), (246.8, 241.2), (269.2, 244.0), (297.2, 244.0), (300.0, 266.4), (300.0, 291.6), (300.0, 286.0), (300.0, 288.8), (300.0, 291.6), (300.0, 286.0), (300.0, 288.8), (300.0, 291.6), (300.0, 286.0), (300.0, 288.8), (300.0, 291.6), (300.0, 286.0), (300.0, 288.8), (300.0, 291.6), (300.0, 286.0), (300.0, 288.8), (300.0, 291.6), (300.0, 286.0), (300.0, 288.8), (300.0, 291.6), (300.0, 286.0), (300.0, 288.8), (300.0, 291.6), (300.0, 286.0), (300.0, 288.8), (300.0, 291.6), (300.0, 286.0), (300.0, 288.8), (300.0, 291.6), (300.0, 286.0), (300.0, 288.8), (300.0, 291.6), (300.0, 286.0), (300.0, 288.8), (300.0, 291.6), (300.0, 286.0), (300.0, 288.8), (300.0, 291.6), (300.0, 286.0), (300.0, 288.8), (300.0, 283.2), (300.0, 277.6), (300.0, 280.4), (300.0, 274.8), (300.0, 274.8), (300.0, 269.2), (300.0, 269.2), (300.0, 260.8), (300.0, 266.4)]",0,0,8.68
speedrunner,bomberman,5,Bomb,72,0,29.04,0.7,"[(48.0, 48.0), (70.4, 50.8), (101.2, 50.8), (115.2, 67.6), (115.2, 95.6), (126.4, 115.2), (151.6, 115.2), (176.8, 120.8), (179.6, 143.2), (179.6, 171.2), (199.2, 179.6), (227.2, 179.6), (244.0, 193.6), (244.0, 218.8), (249.6, 244.0), (272.0, 244.0), (300.0, 246.8), (300.0, 269.2), (302.8, 286.0), (302.8, 286.0), (302.8, 286.0), (302.8, 286.0), (302.8, 286.0), (302.8, 286.0), (302.8, 286.0), (302.8, 286.0), (302.8, 286.0), (302.8, 286.0), (302.8, 286.0), (302.8, 286.0), (302.8, 286.0), (308.4, 286.0), (308.4, 286.0), (308.4, 286.0), (308.4, 286.0), (308.4, 286.0), (308.4, 286.0), (308.4, 286.0), (308.4, 286.0), (308.4, 286.0), (308.4, 286.0), (308.4, 286.0), (308.4, 286.0), (308.4, 286.0), (308.4, 286.0), (308.4, 286.0), (308.4, 286.0), (308.4, 286.0), (308.4, 286.0), (308.4, 286.0), (308.4, 286.0), (308.4, 280.4), (308.4, 280.4), (308.4, 280.4), (308.4, 280.4), (308.4, 274.8), (308.4, 269.2), (308.4, 269.2), (308.4, 269.2), (308.4, 260.8), (308.4, 266.4)]",0,0,8.1
speedrunner,bomberman,5,Bomb,58,0,29.04,0.75,"[(48.0, 48.0), (70.4, 50.8), (101.2, 50.8), (115.2, 67.6), (115.2, 95.6), (126.4, 115.2), (151.6, 115.2), (176.8, 120.8), (179.6, 143.2), (179.6, 171.2), (199.2, 179.6), (227.2, 179.6), (244.0, 193.6), (244.0, 218.8), (249.6, 244.0), (272.0, 244.0), (300.0, 246.8), (308.4, 269.2), (308.4, 291.6), (308.4, 302.8), (308.4, 302.8), (308.4, 302.8), (308.4, 302.8), (308.4, 302.8), (308.4, 302.8), (308.4, 302.8), (308.4, 302.8), (308.4, 302.8), (308.4, 302.8), (308.4, 302.8), (308.4, 302.8), (308.4, 302.8), (308.4, 314.0), (308.4, 314.0), (308.4, 325.2), (308.4, 333.6), (308.4, 333.6), (308.4, 339.2), (308.4, 344.8), (308.4, 350.4), (308.4, 350.4), (308.4, 350.4), (308.4, 350.4), (308.4, 350.4), (308.4, 350.4), (308.4, 350.4), (308.4, 350.4), (308.4, 350.4), (308.4, 350.4), (308.4, 350.4), (308.4, 350.4), (308.4, 350.4), (308.4, 350.4), (308.4, 350.4), (308.4, 350.4), (308.4, 350.4), (308.4, 350.4), (308.4, 350.4), (308.4, 350.4), (308.4, 350.4), (308.4, 350.4)]",0,1,8.1
speedrunner,bomberman,5,Bomb,3,0,26.12,0.8,"[(48.0, 48.0), (70.4, 50.8), (101.2, 50.8), (115.2, 67.6), (115.2, 95.6), (126.4, 115.2), (151.6, 115.2), (176.8, 120.8), (179.6, 143.2), (179.6, 171.2), (199.2, 179.6), (227.2, 179.6), (244.0, 193.6), (244.0, 218.8), (249.6, 244.0), (272.0, 244.0), (300.0, 246.8), (300.0, 269.2), (308.4, 291.6), (308.4, 291.6), (308.4, 291.6), (308.4, 291.6), (308.4, 291.6), (308.4, 291.6), (308.4, 291.6), (308.4, 291.6), (308.4, 291.6), (308.4, 291.6), (308.4, 291.6), (308.4, 291.6), (308.4, 291.6), (308.4, 291.6), (308.4, 291.6), (308.4, 291.6), (308.4, 291.6), (308.4, 291.6), (308.4, 291.6), (305.6, 291.6), (305.6, 291.6), (300.0, 291.6), (300.0, 288.8), (300.0, 288.8), (300.0, 291.6), (302.8, 286.0), (302.8, 286.0), (302.8, 286.0), (302.8, 286.0), (302.8, 286.0), (302.8, 286.0), (302.8, 286.0), (302.8, 286.0), (302.8, 286.0), (302.8, 286.0), (302.8, 286.0), (302.8, 286.0), (302.8, 286.0), (302.8, 286.0), (302.8, 286.0), (302.8, 286.0), (302.8, 286.0), (302.8, 286.0), (302.8, 286.0), (302.8, 286.0), (302.8, 286.0), (302.8, 286.0), (302.8, 286.0)]",0,1,8.68
speedrunner,bomberman,5,Bomb,8,0,26.76,0.8,"[(48.0, 48.0), (70.4, 50.8), (101.2, 50.8), (115.2, 67.6), (115.2, 95.6), (126.4, 115.2), (151.6, 115.2), (176.8, 120.8), (179.6, 143.2), (179.6, 171.2), (199.2, 179.6), (227.2, 179.6), (244.0, 193.6), (244.0, 218.8), (249.6, 244.0), (272.0, 244.0), (300.0, 246.8), (300.0, 269.2), (308.4, 291.6), (308.4, 291.6), (308.4, 291.6), (308.4, 291.6), (308.4, 291.6), (308.4, 291.6), (308.4, 291.6), (308.4, 291.6), (308.4, 291.6), (308.4, 291.6), (308.4, 291.6), (308.4, 291.6), (308.4, 291.6), (308.4, 291.6), (308.4, 291.6), (308.4, 291.6), (308.4, 291.6), (308.4, 291.6), (308.4, 291.6), (308.4, 297.2), (308.4, 297.2), (308.4, 297.2), (308.4, 291.6), (308.4, 291.6), (308.4, 286.0), (308.4, 286.0), (308.4, 286.0), (308.4, 286.0), (308.4, 286.0), (308.4, 286.0), (308.4, 286.0), (308.4, 286.0), (308.4, 286.0), (308.4, 286.0), (308.4, 286.0), (308.4, 286.0), (308.4, 286.0), (308.4, 286.0), (308.4, 286.0), (308.4, 286.0), (308.4, 286.0), (308.4, 286.0), (308.4, 286.0), (308.4, 286.0), (308.4, 286.0), (308.4, 286.0), (308.4, 286.0), (308.4, 286.0)]",0,1,8.68
speedrunner,bomberman,5,Bomb,67,0,13.25,0.7,"[(48.0, 48.0), (70.4, 50.8), (101.2, 50.8), (115.2, 67.6), (115.2, 95.6), (126.4, 115.2), (151.6, 115.2), (176.8, 120.8), (179.6, 143.2), (179.6, 171.2), (199.2, 179.6), (227.2, 179.6), (244.0, 193.6), (238.4, 216.0), (249.6, 244.0), (272.0, 244.0), (300.0, 246.8), (300.0, 269.2), (300.0, 288.8), (300.0, 291.6), (300.0, 286.0), (300.0, 288.8), (300.0, 291.6), (300.0, 286.0), (300.0, 288.8), (300.0, 291.6), (300.0, 286.0), (300.0, 288.8), (300.0, 291.6), (300.0, 286.0), (300.0, 288.8), (300.0, 291.6), (300.0, 286.0), (300.0, 288.8), (300.0, 291.6), (300.0, 286.0), (300.0, 294.4), (288.8, 302.8), (288.8, 308.4), (288.8, 308.4), (288.8, 308.4), (288.8, 308.4), (288.8, 308.4), (274.8, 308.4), (246.8, 308.4), (238.4, 330.8), (238.4, 356.0), (238.4, 350.4), (238.4, 353.2), (238.4, 356.0), (238.4, 350.4), (238.4, 353.2), (238.4, 356.0), (238.4, 350.4), (238.4, 353.2), (238.4, 356.0), (238.4, 350.4), (238.4, 353.2), (238.4, 356.0), (238.4, 350.4), (238.4, 353.2), (238.4, 356.0), (238.4, 350.4), (238.4, 353.2), (238.4, 356.0), (238.4, 350.4), (238.4, 350.4), (238.4, 353.2), (238.4, 356.0), (238.4, 350.4), (238.4, 353.2), (238.4, 356.0), (238.4, 350.4), (238.4, 353.2), (238.4, 356.0), (238.4, 350.4), (238.4, 353.2), (238.4, 356.0), (238.4, 350.4), (238.4, 353.2), (238.4, 356.0), (238.4, 350.4), (238.4, 353.2), (238.4, 356.0), (238.4, 350.4), (238.4, 353.2), (238.4, 356.0), (238.4, 350.4), (238.4, 353.2), (238.4, 356.0), (238.4, 350.4), (238.4, 353.2), (238.4, 356.0), (238.4, 350.4), (238.4, 353.2), (238.4, 356.0)]",0,1,12.68
speedrunner,bomberman,5,Bomb,58,0,29.04,0.75,"[(48.0, 48.0), (70.4, 50.8), (101.2, 50.8), (115.2, 67.6), (115.2, 95.6), (126.4, 115.2), (151.6, 115.2), (176.8, 120.8), (179.6, 143.2), (179.6, 171.2), (199.2, 179.6), (227.2, 179.6), (244.0, 193.6), (244.0, 218.8), (249.6, 244.0), (272.0, 244.0), (300.0, 246.8), (308.4, 269.2), (308.4, 291.6), (308.4, 302.8), (308.4, 302.8), (308.4, 302.8), (308.4, 302.8), (308.4, 302.8), (308.4, 302.8), (308.4, 302.8), (308.4, 302.8), (308.4, 302.8), (308.4, 302.8), (308.4, 302.8), (308.4, 302.8), (308.4, 302.8), (308.4, 314.0), (308.4, 314.0), (308.4, 325.2), (308.4, 333.6), (308.4, 333.6), (308.4, 339.2), (308.4, 344.8), (308.4, 350.4), (308.4, 350.4), (308.4, 350.4), (308.4, 350.4), (308.4, 350.4), (308.4, 350.4), (308.4, 350.4), (308.4, 350.4), (308.4, 350.4), (308.4, 350.4), (308.4, 350.4), (308.4, 350.4), (308.4, 350.4), (308.4, 350.4), (308.4, 350.4), (308.4, 350.4), (308.4, 350.4), (308.4, 350.4), (308.4, 350.4), (308.4, 350.4), (308.4, 350.4), (308.4, 350.4)]",0,1,8.1
speedrunner,bomberman,5,Bomb,2,0,25.29,0.75,"[(48.0, 48.0), (70.4, 50.8), (101.2, 50.8), (115.2, 67.6), (115.2, 95.6), (126.4, 115.2), (151.6, 115.2), (176.8, 120.8), (179.6, 143.2), (179.6, 171.2), (199.2, 179.6), (227.2, 179.6), (244.0, 193.6), (244.0, 218.8), (249.6, 244.0), (272.0, 238.4), (300.0, 246.8), (308.4, 269.2), (308.4, 291.6), (308.4, 297.2), (308.4, 297.2), (308.4, 297.2), (308.4, 297.2), (308.4, 297.2), (308.4, 297.2), (308.4, 297.2), (308.4, 297.2), (308.4, 297.2), (308.4, 297.2), (308.4, 297.2), (308.4, 297.2), (308.4, 297.2), (308.4, 297.2), (308.4, 297.2), (308.4, 297.2), (308.4, 297.2), (308.4, 297.2), (308.4, 297.2), (308.4, 297.2), (308.4, 297.2), (308.4, 297.2), (308.4, 302.8), (308.4, 302.8), (308.4, 302.8), (308.4, 302.8), (308.4, 302.8), (308.4, 297.2), (308.4, 297.2), (308.4, 297.2), (308.4, 291.6), (308.4, 286.0), (308.4, 286.0), (308.4, 286.0), (308.4, 286.0), (308.4, 286.0), (308.4, 286.0), (308.4, 286.0), (308.4, 286.0), (308.4, 286.0), (308.4, 286.0), (308.4, 286.0), (308.4, 286.0), (308.4, 286.0), (308.4, 286.0), (308.4, 286.0), (308.4, 286.0), (308.4, 286.0), (308.4, 286.0), (308.4, 286.0), (308.4, 286.0)]",0,1,9.3
speedrunner,bomberman,5,Bomb,59,0,27.09,0.75,"[(48.0, 48.0), (70.4, 50.8), (101.2, 50.8), (115.2, 67.6), (115.2, 95.6), (126.4, 115.2), (151.6, 115.2), (176.8, 120.8), (179.6, 143.2), (179.6, 171.2), (199.2, 179.6), (227.2, 179.6), (244.0, 193.6), (244.0, 218.8), (249.6, 244.0), (272.0, 244.0), (300.0, 246.8), (305.6, 269.2), (308.4, 297.2), (300.0, 314.0), (300.0, 314.0), (300.0, 314.0), (300.0, 314.0), (300.0, 314.0), (300.0, 314.0), (300.0, 314.0), (300.0, 314.0), (300.0, 314.0), (300.0, 314.0), (300.0, 314.0), (300.0, 314.0), (300.0, 314.0), (300.0, 314.0), (300.0, 314.0), (300.0, 314.0), (300.0, 314.0), (300.0, 314.0), (300.0, 319.6), (300.0, 319.6), (308.4, 342.0), (308.4, 342.0), (308.4, 347.6), (308.4, 347.6), (308.4, 353.2), (308.4, 353.2), (308.4, 353.2), (308.4, 353.2), (308.4, 353.2), (308.4, 353.2), (308.4, 353.2), (308.4, 353.2), (308.4, 353.2), (308.4, 353.2), (308.4, 353.2), (308.4, 353.2), (308.4, 353.2), (308.4, 353.2), (308.4, 353.2), (308.4, 353.2), (308.4, 353.2), (308.4, 353.2), (308.4, 353.2), (308.4, 353.2), (308.4, 353.2), (308.4, 353.2), (308.4, 353.2)]",0,1,8.68
speedrunner,bomberman,5,Bomb,45,0,28.69,0.7,"[(48.0, 48.0), (70.4, 50.8), (101.2, 50.8), (115.2, 67.6), (115.2, 95.6), (126.4, 115.2), (151.6, 115.2), (176.8, 120.8), (179.6, 143.2), (179.6, 171.2), (199.2, 179.6), (227.2, 179.6), (244.0, 193.6), (244.0, 218.8), (249.6, 244.0), (272.0, 244.0), (300.0, 246.8), (308.4, 252.4), (308.4, 258.0), (308.4, 255.2), (308.4, 252.4), (308.4, 258.0), (308.4, 255.2), (308.4, 252.4), (308.4, 258.0), (308.4, 255.2), (308.4, 252.4), (308.4, 258.0), (308.4, 255.2), (308.4, 252.4), (308.4, 258.0), (308.4, 255.2), (308.4, 252.4), (308.4, 258.0), (308.4, 255.2), (308.4, 252.4), (308.4, 258.0), (308.4, 255.2), (308.4, 252.4), (308.4, 258.0), (308.4, 255.2), (308.4, 252.4), (308.4, 258.0), (308.4, 255.2), (308.4, 252.4), (308.4, 258.0), (308.4, 255.2), (308.4, 252.4), (308.4, 258.0), (308.4, 255.2), (308.4, 252.4), (308.4, 258.0), (308.4, 255.2), (308.4, 252.4), (308.4, 258.0), (308.4, 255.2), (308.4, 252.4), (308.4, 258.0), (305.6, 255.2), (305.6, 255.2), (305.6, 255.2)]",0,0,8.1
speedrunner,bomberman,5,Bomb,4,0,26.93,0.7,"[(48.0, 48.0), (70.4, 50.8), (101.2, 50.8), (115.2, 67.6), (115.2, 95.6), (126.4, 115.2), (151.6, 115.2), (176.8, 120.8), (179.6, 143.2), (179.6, 171.2), (199.2, 179.6), (227.2, 179.6), (244.0, 193.6), (244.0, 218.8), (249.6, 244.0), (272.0, 238.4), (300.0, 246.8), (308.4, 260.8), (308.4, 266.4), (308.4, 263.6), (308.4, 260.8), (308.4, 266.4), (308.4, 263.6), (308.4, 260.8), (308.4, 266.4), (308.4, 263.6), (308.4, 260.8), (308.4, 266.4), (308.4, 263.6), (308.4, 260.8), (308.4, 266.4), (308.4, 263.6), (308.4, 260.8), (308.4, 266.4), (308.4, 263.6), (308.4, 260.8), (308.4, 258.0), (308.4, 255.2), (308.4, 252.4), (308.4, 258.0), (308.4, 255.2), (308.4, 252.4), (308.4, 258.0), (308.4, 255.2), (308.4, 252.4), (308.4, 258.0), (308.4, 255.2), (308.4, 252.4), (308.4, 258.0), (308.4, 255.2), (308.4, 252.4), (308.4, 258.0), (308.4, 255.2), (308.4, 252.4), (308.4, 258.0), (308.4, 255.2), (308.4, 252.4), (308.4, 258.0), (308.4, 255.2), (308.4, 252.4), (308.4, 258.0), (308.4, 255.2), (308.4, 252.4), (308.4, 258.0), (308.4, 255.2), (308.4, 252.4)]",0,0,8.73
speedrunner,bomberman,5,Bomb,147,0,22.03,0.7,"[(48.0, 48.0), (70.4, 50.8), (101.2, 50.8), (115.2, 67.6), (115.2, 95.6), (126.4, 115.2), (151.6, 115.2), (176.8, 120.8), (179.6, 143.2), (179.6, 171.2), (199.2, 179.6), (227.2, 179.6), (244.0, 193.6), (244.0, 218.8), (249.6, 244.0), (272.0, 244.0), (300.0, 246.8), (300.0, 269.2), (300.0, 297.2), (286.0, 308.4), (286.0, 308.4), (286.0, 308.4), (286.0, 308.4), (286.0, 308.4), (286.0, 308.4), (286.0, 308.4), (286.0, 308.4), (286.0, 308.4), (286.0, 308.4), (286.0, 308.4), (286.0, 308.4), (286.0, 308.4), (286.0, 308.4), (286.0, 308.4), (286.0, 308.4), (286.0, 308.4), (286.0, 308.4), (286.0, 308.4), (286.0, 308.4), (286.0, 308.4), (286.0, 308.4), (286.0, 305.6), (286.0, 305.6), (286.0, 305.6), (286.0, 305.6), (286.0, 305.6), (280.4, 308.4), (274.8, 308.4), (263.6, 308.4), (249.6, 308.4), (244.0, 322.4), (244.0, 322.4), (241.2, 322.4), (241.2, 322.4), (241.2, 322.4), (241.2, 322.4), (241.2, 322.4), (241.2, 322.4), (241.2, 322.4), (241.2, 322.4), (241.2, 322.4), (244.0, 319.6)]",0,0,8.13
speedrunner,bomberman,5,Bomb,3,0,24.88,0.8,"[(48.0, 48.0), (70.4, 50.8), (101.2, 50.8), (115.2, 67.6), (115.2, 95.6), (126.4, 115.2), (151.6, 115.2), (176.8, 120.8), (179.6, 143.2), (179.6, 171.2), (199.2, 179.6), (227.2, 179.6), (244.0, 193.6), (244.0, 218.8), (249.6, 244.0), (272.0, 244.0), (300.0, 246.8), (300.0, 269.2), (308.4, 297.2), (308.4, 314.0), (308.4, 314.0), (308.4, 314.0), (308.4, 314.0), (308.4, 314.0), (308.4, 314.0), (308.4, 314.0), (308.4, 314.0), (308.4, 314.0), (308.4, 314.0), (308.4, 314.0), (308.4, 314.0), (308.4, 314.0), (308.4, 314.0), (308.4, 314.0), (308.4, 314.0), (308.4, 314.0), (308.4, 314.0), (308.4, 314.0), (308.4, 314.0), (308.4, 308.4), (308.4, 308.4), (302.8, 302.8), (302.8, 302.8), (297.2, 302.8), (297.2, 300.0), (297.2, 300.0), (291.6, 300.0), (291.6, 300.0), (291.6, 300.0), (291.6, 300.0), (291.6, 300.0), (291.6, 300.0), (297.2, 300.0), (297.2, 300.0), (297.2, 300.0), (300.0, 283.2), (300.0, 277.6), (300.0, 280.4), (300.0, 283.2), (300.0, 277.6), (300.0, 280.4), (300.0, 283.2), (302.8, 286.0), (302.8, 286.0), (302.8, 286.0), (302.8, 286.0), (302.8, 286.0), (302.8, 286.0), (302.8, 286.0)]",0,1,9.12
speedrunner,bomberman,5,Bomb,3,0,24.88,0.8,"[(48.0, 48.0), (70.4, 50.8), (101.2, 50.8), (115.2, 67.6), (115.2, 95.6), (126.4, 115.2), (151.6, 115.2), (176.8, 120.8), (179.6, 143.2), (179.6, 171.2), (199.2, 179.6), (227.2, 179.6), (244.0, 193.6), (244.0, 218.8), (249.6, 244.0), (272.0, 244.0), (300.0, 246.8), (300.0, 269.2), (308.4, 297.2), (308.4, 314.0), (308.4, 314.0), (308.4, 314.0), (308.4, 314.0), (308.4, 314.0), (308.4, 314.0), (308.4, 314.0), (308.4, 314.0), (308.4, 314.0), (308.4, 314.0), (308.4, 314.0), (308.4, 314.0), (308.4, 314.0), (308.4, 314.0), (308.4, 314.0), (308.4, 314.0), (308.4, 314.0), (308.4, 314.0), (308.4, 314.0), (308.4, 314.0), (308.4, 308.4), (308.4, 308.4), (302.8, 302.8), (302.8, 302.8), (297.2, 302.8), (297.2, 300.0), (297.2, 300.0), (291.6, 300.0), (291.6, 300.0), (291.6, 300.0), (291.6, 300.0), (291.6, 300.0), (291.6, 300.0), (297.2, 300.0), (297.2, 300.0), (297.2, 300.0), (300.0, 283.2), (300.0, 277.6), (300.0, 280.4), (300.0, 283.2), (300.0, 277.6), (300.0, 280.4), (300.0, 283.2), (302.8, 286.0), (302.8, 286.0), (302.8, 286.0), (302.8, 286.0), (302.8, 286.0), (302.8, 286.0), (302.8, 286.0)]",0,1,9.12
speedrunner,bomberman,5,Bomb,8,0,26.76,0.8,"[(48.0, 48.0), (70.4, 50.8), (101.2, 50.8), (115.2, 67.6), (115.2, 95.6), (126.4, 115.2), (151.6, 115.2), (176.8, 120.8), (179.6, 143.2), (179.6, 171.2), (199.2, 179.6), (227.2, 179.6), (244.0, 193.6), (244.0, 218.8), (249.6, 244.0), (272.0, 244.0), (300.0, 246.8), (300.0, 269.2), (308.4, 291.6), (308.4, 291.6), (308.4, 291.6), (308.4, 291.6), (308.4, 291.6), (308.4, 291.6), (308.4, 291.6), (308.4, 291.6), (308.4, 291.6), (308.4, 291.6), (308.4, 291.6), (308.4, 291.6), (308.4, 291.6), (308.4, 291.6), (308.4, 291.6), (308.4, 291.6), (308.4, 291.6), (308.4, 291.6), (308.4, 291.6), (308.4, 297.2), (308.4, 297.2), (308.4, 297.2), (308.4, 291.6), (308.4, 291.6), (308.4, 286.0), (308.4, 286.0), (308.4, 286.0), (308.4, 286.0), (308.4, 286.0), (308.4, 286.0), (308.4, 286.0), (308.4, 286.0), (308.4, 286.0), (308.4, 286.0), (308.4, 286.0), (308.4, 286.0), (308.4, 286.0), (308.4, 286.0), (308.4, 286.0), (308.4, 286.0), (308.4, 286.0), (308.4, 286.0), (308.4, 286.0), (308.4, 286.0), (308.4, 286.0), (308.4, 286.0), (308.4, 286.0), (308.4, 286.0)]",0,1,8.68
speedrunner,bomberman,5,Bomb,3,0,26.12,0.8,"[(48.0, 48.0), (70.4, 50.8), (101.2, 50.8), (115.2, 67.6), (115.2, 95.6), (126.4, 115.2), (151.6, 115.2), (176.8, 120.8), (179.6, 143.2), (179.6, 171.2), (199.2, 179.6), (227.2, 179.6), (244.0, 193.6), (244.0, 218.8), (249.6, 244.0), (272.0, 244.0), (300.0, 246.8), (300.0, 269.2), (308.4, 291.6), (308.4, 291.6), (308.4, 291.6), (308.4, 291.6), (308.4, 291.6), (308.4, 291.6), (308.4, 291.6), (308.4, 291.6), (308.4, 291.6), (308.4, 291.6), (308.4, 291.6), (308.4, 291.6), (308.4, 291.6), (308.4, 291.6), (308.4, 291.6), (308.4, 291.6), (308.4, 291.6), (308.4, 291.6), (308.4, 291.6), (305.6, 291.6), (305.6, 291.6), (300.0, 291.6), (300.0, 288.8), (300.0, 288.8), (300.0, 291.6), (302.8, 286.0), (302.8, 286.0), (302.8, 286.0), (302.8, 286.0), (302.8, 286.0), (302.8, 286.0), (302.8, 286.0), (302.8, 286.0), (302.8, 286.0), (302.8, 286.0), (302.8, 286.0), (302.8, 286.0), (302.8, 286.0), (302.8, 286.0), (302.8, 286.0), (302.8, 286.0), (302.8, 286.0), (302.8, 286.0), (302.8, 286.0), (302.8, 286.0), (302.8, 286.0), (302.8, 286.0), (302.8, 286.0)]",0,1,8.68
speedrunner,bomberman,5,Bomb,67,0,13.25,0.7,"[(48.0, 48.0), (70.4, 50.8), (101.2, 50.8), (115.2, 67.6), (115.2, 95.6), (126.4, 115.2), (151.6, 115.2), (176.8, 120.8), (179.6, 143.2), (179.6, 171.2), (199.2, 179.6), (227.2, 179.6), (244.0, 193.6), (238.4, 216.0), (249.6, 244.0), (272.0, 244.0), (300.0, 246.8), (300.0, 269.2), (300.0, 288.8), (300.0, 291.6), (300.0, 286.0), (300.0, 288.8), (300.0, 291.6), (300.0, 286.0), (300.0, 288.8), (300.0, 291.6), (300.0, 286.0), (300.0, 288.8), (300.0, 291.6), (300.0, 286.0), (300.0, 288.8), (300.0, 291.6), (300.0, 286.0), (300.0, 288.8), (300.0, 291.6), (300.0, 286.0), (300.0, 294.4), (288.8, 302.8), (288.8, 308.4), (288.8, 308.4), (288.8, 308.4), (288.8, 308.4), (288.8, 308.4), (274.8, 308.4), (246.8, 308.4), (238.4, 330.8), (238.4, 356.0), (238.4, 350.4), (238.4, 353.2), (238.4, 356.0), (238.4, 350.4), (238.4, 353.2), (238.4, 356.0), (238.4, 350.4), (238.4, 353.2), (238.4, 356.0), (238.4, 350.4), (238.4, 353.2), (238.4, 356.0), (238.4, 350.4), (238.4, 353.2), (238.4, 356.0), (238.4, 350.4), (238.4, 353.2), (238.4, 356.0), (238.4, 350.4), (238.4, 350.4), (238.4, 353.2), (238.4, 356.0), (238.4, 350.4), (238.4, 353.2), (238.4, 356.0), (238.4, 350.4), (238.4, 353.2), (238.4, 356.0), (238.4, 350.4), (238.4, 353.2), (238.4, 356.0), (238.4, 350.4), (238.4, 353.2), (238.4, 356.0), (238.4, 350.4), (238.4, 353.2), (238.4, 356.0), (238.4, 350.4), (238.4, 353.2), (238.4, 356.0), (238.4, 350.4), (238.4, 353.2), (238.4, 356.0), (238.4, 350.4), (238.4, 353.2), (238.4, 356.0), (238.4, 350.4), (238.4, 353.2), (238.4, 356.0)]",0,1,12.68
speedrunner,bomberman,5,Bomb,59,0,27.09,0.75,"[(48.0, 48.0), (70.4, 50.8), (101.2, 50.8), (115.2, 67.6), (115.2, 95.6), (126.4, 115.2), (151.6, 115.2), (176.8, 120.8), (179.6, 143.2), (179.6, 171.2), (199.2, 179.6), (227.2, 179.6), (244.0, 193.6), (244.0, 218.8), (249.6, 244.0), (272.0, 244.0), (300.0, 246.8), (305.6, 269.2), (308.4, 297.2), (300.0, 314.0), (300.0, 314.0), (300.0, 314.0), (300.0, 314.0), (300.0, 314.0), (300.0, 314.0), (300.0, 314.0), (300.0, 314.0), (300.0, 314.0), (300.0, 314.0), (300.0, 314.0), (300.0, 314.0), (300.0, 314.0), (300.0, 314.0), (300.0, 314.0), (300.0, 314.0), (300.0, 314.0), (300.0, 314.0), (300.0, 319.6), (300.0, 319.6), (308.4, 342.0), (308.4, 342.0), (308.4, 347.6), (308.4, 347.6), (308.4, 353.2), (308.4, 353.2), (308.4, 353.2), (308.4, 353.2), (308.4, 353.2), (308.4, 353.2), (308.4, 353.2), (308.4, 353.2), (308.4, 353.2), (308.4, 353.2), (308.4, 353.2), (308.4, 353.2), (308.4, 353.2), (308.4, 353.2), (308.4, 353.2), (308.4, 353.2), (308.4, 353.2), (308.4, 353.2), (308.4, 353.2), (308.4, 353.2), (308.4, 353.2), (308.4, 353.2), (308.4, 353.2)]",0,1,8.68
speedrunner,bomberman,5,Bomb,2,0,25.29,0.75,"[(48.0, 48.0), (70.4, 50.8), (101.2, 50.8), (115.2, 67.6), (115.2, 95.6), (126.4, 115.2), (151.6, 115.2), (176.8, 120.8), (179.6, 143.2), (179.6, 171.2), (199.2, 179.6), (227.2, 179.6), (244.0, 193.6), (244.0, 218.8), (249.6, 244.0), (272.0, 238.4), (300.0, 246.8), (308.4, 269.2), (308.4, 291.6), (308.4, 297.2), (308.4, 297.2), (308.4, 297.2), (308.4, 297.2), (308.4, 297.2), (308.4, 297.2), (308.4, 297.2), (308.4, 297.2), (308.4, 297.2), (308.4, 297.2), (308.4, 297.2), (308.4, 297.2), (308.4, 297.2), (308.4, 297.2), (308.4, 297.2), (308.4, 297.2), (308.4, 297.2), (308.4, 297.2), (308.4, 297.2), (308.4, 297.2), (308.4, 297.2), (308.4, 297.2), (308.4, 302.8), (308.4, 302.8), (308.4, 302.8), (308.4, 302.8), (308.4, 302.8), (308.4, 297.2), (308.4, 297.2), (308.4, 297.2), (308.4, 291.6), (308.4, 286.0), (308.4, 286.0), (308.4, 286.0), (308.4, 286.0), (308.4, 286.0), (308.4, 286.0), (308.4, 286.0), (308.4, 286.0), (308.4, 286.0), (308.4, 286.0), (308.4, 286.0), (308.4, 286.0), (308.4, 286.0), (308.4, 286.0), (308.4, 286.0), (308.4, 286.0), (308.4, 286.0), (308.4, 286.0), (308.4, 286.0), (308.4, 286.0)]",0,1,9.3
speedrunner,bomberman,5,Bomb,102,0,-0.35,0.6,"[(48.0, 48.0), (70.4, 50.8), (101.2, 50.8), (115.2, 67.6), (115.2, 95.6), (126.4, 115.2), (151.6, 115.2), (176.8, 120.8), (179.6, 143.2), (179.6, 171.2), (199.2, 179.6), (227.2, 179.6), (244.0, 193.6), (238.4, 216.0), (232.8, 244.0), (221.6, 244.0), (221.6, 244.0), (221.6, 244.0), (221.6, 244.0), (221.6, 244.0), (221.6, 244.0), (221.6, 244.0), (221.6, 244.0), (221.6, 244.0), (221.6, 244.0), (221.6, 244.0), (221.6, 244.0), (221.6, 244.0), (221.6, 244.0), (221.6, 244.0), (221.6, 244.0), (221.6, 244.0), (221.6, 244.0), (221.6, 244.0), (221.6, 244.0), (221.6, 244.0), (221.6, 244.0), (221.6, 244.0), (221.6, 244.0), (221.6, 244.0), (221.6, 244.0), (221.6, 244.0), (216.0, 244.0), (190.8, 244.0), (174.0, 258.0), (179.6, 283.2), (165.6, 308.4), (160.0, 308.4), (160.0, 308.4), (160.0, 308.4), (160.0, 308.4), (160.0, 308.4), (160.0, 308.4), (160.0, 308.4), (160.0, 308.4), (160.0, 308.4), (160.0, 308.4), (160.0, 308.4), (160.0, 308.4), (160.0, 308.4), (160.0, 308.4), (160.0, 308.4), (160.0, 308.4), (160.0, 308.4), (160.0, 308.4), (160.0, 308.4), (160.0, 308.4), (160.0, 308.4), (160.0, 308.4), (160.0, 308.4), (160.0, 308.4), (160.0, 308.4), (160.0, 308.4), (160.0, 308.4), (148.8, 308.4), (146.0, 308.4), (120.8, 308.4), (109.6, 328.0), (109.6, 356.0), (95.6, 372.8), (95.6, 372.8), (95.6, 372.8), (95.6, 372.8), (95.6, 372.8), (95.6, 372.8), (95.6, 372.8), (95.6, 372.8), (95.6, 372.8), (95.6, 372.8), (95.6, 372.8), (95.6, 372.8), (95.6, 372.8), (95.6, 372.8), (95.6, 372.8), (95.6, 372.8), (95.6, 372.8), (95.6, 372.8), (95.6, 372.8), (95.6, 372.8), (95.6, 372.8), (95.6, 372.8), (95.6, 372.8), (95.6, 372.8), (95.6, 372.8), (95.6, 372.8), (78.8, 372.8), (56.4, 372.8), (45.2, 372.8), (45.2, 372.8), (45.2, 372.8), (45.2, 372.8), (45.2, 372.8), (45.2, 372.8), (45.2, 372.8), (45.2, 372.8), (45.2, 372.8), (45.2, 372.8), (45.2, 372.8), (45.2, 372.8), (45.2, 372.8), (45.2, 372.8)]",0,0,16.1
speedrunner,bomberman,5,Bomb,3,0,25.77,0.9,"[(48.0, 48.0), (70.4, 50.8), (101.2, 50.8), (115.2, 67.6), (115.2, 95.6), (126.4, 115.2), (151.6, 115.2), (176.8, 120.8), (179.6, 143.2), (179.6, 171.2), (199.2, 179.6), (227.2, 179.6), (244.0, 193.6), (244.0, 218.8), (249.6, 244.0), (272.0, 244.0), (300.0, 246.8), (308.4, 269.2), (305.6, 297.2), (308.4, 319.6), (300.0, 342.0), (300.0, 353.2), (300.0, 353.2), (300.0, 353.2), (300.0, 353.2), (300.0, 353.2), (300.0, 353.2), (300.0, 353.2), (300.0, 353.2), (300.0, 353.2), (300.0, 353.2), (300.0, 353.2), (300.0, 353.2), (300.0, 353.2), (300.0, 353.2), (300.0, 353.2), (300.0, 353.2), (305.6, 353.2), (305.6, 353.2), (305.6, 353.2), (305.6, 353.2), (305.6, 353.2), (305.6, 353.2), (305.6, 353.2), (305.6, 353.2), (305.6, 353.2), (305.6, 353.2), (305.6, 353.2), (305.6, 353.2), (305.6, 353.2), (305.6, 353.2), (305.6, 353.2), (305.6, 353.2), (300.0, 353.2), (300.0, 353.2), (300.0, 356.0), (300.0, 350.4), (300.0, 353.2), (300.0, 356.0), (300.0, 350.4), (300.0, 353.2), (300.0, 356.0), (300.0, 350.4), (300.0, 353.2), (300.0, 356.0), (300.0, 350.4), (300.0, 353.2)]",0,1,8.8
speedrunner,bomberman,5,Bomb,141,0,2.31,0.9,"[(48.0, 48.0), (70.4, 50.8), (101.2, 50.8), (115.2, 67.6), (115.2, 95.6), (126.4, 115.2), (151.6, 115.2), (176.8, 120.8), (179.6, 143.2), (179.6, 171.2), (199.2, 179.6), (227.2, 179.6), (244.0, 193.6), (244.0, 218.8), (249.6, 244.0), (272.0, 244.0), (300.0, 246.8), (300.0, 269.2), (302.8, 286.0), (302.8, 286.0), (302.8, 286.0), (302.8, 286.0), (302.8, 286.0), (302.8, 286.0), (302.8, 286.0), (302.8, 286.0), (302.8, 286.0), (302.8, 286.0), (302.8, 286.0), (302.8, 286.0), (302.8, 286.0), (302.8, 286.0), (302.8, 286.0), (302.8, 286.0), (302.8, 286.0), (302.8, 286.0), (300.0, 286.0), (300.0, 280.4), (300.0, 283.2), (300.0, 269.2), (302.8, 258.0), (302.8, 258.0), (302.8, 258.0), (302.8, 258.0), (302.8, 258.0), (302.8, 258.0), (302.8, 258.0), (300.0, 255.2), (300.0, 252.4), (300.0, 258.0), (300.0, 255.2), (300.0, 252.4), (300.0, 258.0), (300.0, 255.2), (300.0, 252.4), (300.0, 258.0), (300.0, 255.2), (300.0, 252.4), (300.0, 252.4), (300.0, 246.8), (300.0, 246.8), (300.0, 246.8), (300.0, 246.8), (300.0, 246.8), (300.0, 246.8), (286.0, 244.0), (286.0, 244.0), (286.0, 244.0), (286.0, 244.0), (291.6, 244.0), (300.0, 260.8), (300.0, 288.8), (319.6, 305.6), (344.8, 308.4), (353.2, 308.4), (353.2, 308.4), (353.2, 308.4), (353.2, 308.4), (353.2, 308.4), (353.2, 308.4), (353.2, 308.4), (353.2, 308.4), (353.2, 308.4), (353.2, 308.4), (353.2, 308.4), (353.2, 308.4), (353.2, 308.4), (353.2, 308.4), (353.2, 308.4), (353.2, 308.4), (353.2, 308.4), (353.2, 308.4), (353.2, 308.4), (353.2, 308.4), (353.2, 308.4), (353.2, 308.4), (353.2, 308.4), (353.2, 308.4), (353.2, 308.4), (353.2, 308.4), (353.2, 308.4), (353.2, 308.4), (353.2, 308.4), (353.2, 308.4), (353.2, 308.4), (353.2, 308.4), (353.2, 308.4), (353.2, 308.4), (353.2, 308.4), (353.2, 308.4), (342.0, 308.4), (316.8, 308.4), (300.0, 316.8), (300.0, 322.4), (300.0, 319.6), (300.0, 316.8), (300.0, 322.4), (300.0, 319.6), (300.0, 316.8), (300.0, 322.4), (300.0, 319.6), (300.0, 316.8), (300.0, 322.4), (300.0, 319.6), (300.0, 316.8), (300.0, 322.4), (300.0, 319.6), (300.0, 316.8), (300.0, 322.4), (300.0, 314.0), (288.8, 302.8), (288.8, 302.8), (288.8, 302.8), (288.8, 302.8), (288.8, 302.8), (288.8, 302.8), (288.8, 302.8), (288.8, 302.8), (288.8, 302.8), (288.8, 302.8), (288.8, 302.8), (288.8, 302.8), (288.8, 302.8), (288.8, 302.8), (272.0, 308.4), (255.2, 308.4), (238.4, 322.4), (238.4, 319.6), (238.4, 316.8), (238.4, 322.4), (238.4, 319.6), (238.4, 316.8), (238.4, 322.4), (238.4, 319.6), (238.4, 316.8), (238.4, 322.4), (238.4, 319.6), (238.4, 316.8), (238.4, 322.4), (241.2, 314.0), (238.4, 302.8), (221.6, 302.8), (221.6, 302.8), (221.6, 302.8), (221.6, 302.8), (221.6, 302.8), (221.6, 302.8), (221.6, 302.8), (221.6, 302.8), (221.6, 302.8), (221.6, 302.8), (221.6, 302.8), (221.6, 302.8), (221.6, 302.8), (221.6, 302.8), (221.6, 302.8), (221.6, 302.8), (210.4, 308.4), (210.4, 308.4), (204.8, 308.4), (188.0, 308.4), (176.8, 319.6), (176.8, 319.6), (176.8, 319.6), (176.8, 319.6), (176.8, 319.6), (176.8, 319.6), (176.8, 319.6), (176.8, 319.6), (176.8, 319.6), (179.6, 314.0), (179.6, 308.4), (165.6, 308.4), (160.0, 308.4), (160.0, 308.4), (160.0, 308.4), (160.0, 308.4), (160.0, 308.4), (160.0, 308.4), (160.0, 308.4), (160.0, 308.4), (160.0, 308.4), (160.0, 308.4), (160.0, 308.4), (160.0, 308.4), (160.0, 308.4), (160.0, 308.4), (160.0, 308.4), (148.8, 308.4), (148.8, 308.4), (148.8, 308.4), (148.8, 308.4), (148.8, 308.4), (129.2, 308.4), (109.6, 316.8), (109.6, 322.4), (112.4, 319.6), (112.4, 319.6), (112.4, 319.6), (112.4, 319.6), (115.2, 316.8), (115.2, 322.4), (115.2, 319.6), (115.2, 319.6), (115.2, 319.6), (115.2, 319.6), (115.2, 319.6), (115.2, 319.6), (115.2, 319.6), (115.2, 319.6), (115.2, 319.6), (115.2, 319.6), (115.2, 319.6), (115.2, 319.6), (115.2, 319.6), (115.2, 319.6), (115.2, 319.6), (115.2, 319.6), (115.2, 319.6), (115.2, 319.6), (115.2, 319.6), (115.2, 319.6), (115.2, 319.6), (115.2, 319.6), (115.2, 319.6), (115.2, 319.6)]",0,1,32.7
speedrunner,bomberman,5,Bomb,50,0,29.04,0.7,"[(48.0, 48.0), (70.4, 50.8), (101.2, 50.8), (115.2, 67.6), (115.2, 95.6), (126.4, 115.2), (151.6, 115.2), (176.8, 120.8), (179.6, 143.2), (179.6, 171.2), (199.2, 179.6), (227.2, 179.6), (244.0, 193.6), (244.0, 218.8), (249.6, 244.0), (272.0, 244.0), (300.0, 246.8), (308.4, 269.2), (308.4, 286.0), (308.4, 286.0), (308.4, 286.0), (308.4, 286.0), (308.4, 286.0), (308.4, 286.0), (308.4, 286.0), (308.4, 286.0), (308.4, 286.0), (308.4, 286.0), (308.4, 286.0), (308.4, 286.0), (308.4, 286.0), (308.4, 286.0), (308.4, 286.0), (308.4, 286.0), (308.4, 286.0), (308.4, 286.0), (308.4, 286.0), (308.4, 286.0), (308.4, 286.0), (308.4, 286.0), (308.4, 286.0), (308.4, 286.0), (308.4, 286.0), (308.4, 286.0), (308.4, 286.0), (308.4, 286.0), (308.4, 286.0), (308.4, 286.0), (308.4, 286.0), (308.4, 286.0), (308.4, 286.0), (308.4, 286.0), (308.4, 286.0), (308.4, 280.4), (308.4, 280.4), (308.4, 274.8), (308.4, 269.2), (308.4, 269.2), (308.4, 260.8), (308.4, 258.0), (308.4, 255.2)]",0,0,8.1
speedrunner,bomberman,5,Bomb,141,0,2.31,0.9,"[(48.0, 48.0), (70.4, 50.8), (101.2, 50.8), (115.2, 67.6), (115.2, 95.6), (126.4, 115.2), (151.6, 115.2), (176.8, 120.8), (179.6, 143.2), (179.6, 171.2), (199.2, 179.6), (227.2, 179.6), (244.0, 193.6), (244.0, 218.8), (249.6, 244.0), (272.0, 244.0), (300.0, 246.8), (300.0, 269.2), (302.8, 286.0), (302.8, 286.0), (302.8, 286.0), (302.8, 286.0), (302.8, 286.0), (302.8, 286.0), (302.8, 286.0), (302.8, 286.0), (302.8, 286.0), (302.8, 286.0), (302.8, 286.0), (302.8, 286.0), (302.8, 286.0), (302.8, 286.0), (302.8, 286.0), (302.8, 286.0), (302.8, 286.0), (302.8, 286.0), (300.0, 286.0), (300.0, 280.4), (300.0, 283.2), (300.0, 269.2), (302.8, 258.0), (302.8, 258.0), (302.8, 258.0), (302.8, 258.0), (302.8, 258.0), (302.8, 258.0), (302.8, 258.0), (300.0, 255.2), (300.0, 252.4), (300.0, 258.0), (300.0, 255.2), (300.0, 252.4), (300.0, 258.0), (300.0, 255.2), (300.0, 252.4), (300.0, 258.0), (300.0, 255.2), (300.0, 252.4), (300.0, 252.4), (300.0, 246.8), (300.0, 246.8), (300.0, 246.8), (300.0, 246.8), (300.0, 246.8), (300.0, 246.8), (286.0, 244.0), (286.0, 244.0), (286.0, 244.0), (286.0, 244.0), (291.6, 244.0), (300.0, 260.8), (300.0, 288.8), (319.6, 305.6), (344.8, 308.4), (353.2, 308.4), (353.2, 308.4), (353.2, 308.4), (353.2, 308.4), (353.2, 308.4), (353.2, 308.4), (353.2, 308.4), (353.2, 308.4), (353.2, 308.4), (353.2, 308.4), (353.2, 308.4), (353.2, 308.4), (353.2, 308.4), (353.2, 308.4), (353.2, 308.4), (353.2, 308.4), (353.2, 308.4), (353.2, 308.4), (353.2, 308.4), (353.2, 308.4), (353.2, 308.4), (353.2, 308.4), (353.2, 308.4), (353.2, 308.4), (353.2, 308.4), (353.2, 308.4), (353.2, 308.4), (353.2, 308.4), (353.2, 308.4), (353.2, 308.4), (353.2, 308.4), (353.2, 308.4), (353.2, 308.4), (353.2, 308.4), (353.2, 308.4), (353.2, 308.4), (342.0, 308.4), (316.8, 308.4), (300.0, 316.8), (300.0, 322.4), (300.0, 319.6), (300.0, 316.8), (300.0, 322.4), (300.0, 319.6), (300.0, 316.8), (300.0, 322.4), (300.0, 319.6), (300.0, 316.8), (300.0, 322.4), (300.0, 319.6), (300.0, 316.8), (300.0, 322.4), (300.0, 319.6), (300.0, 316.8), (300.0, 322.4), (300.0, 314.0), (288.8, 302.8), (288.8, 302.8), (288.8, 302.8), (288.8, 302.8), (288.8, 302.8), (288.8, 302.8), (288.8, 302.8), (288.8, 302.8), (288.8, 302.8), (288.8, 302.8), (288.8, 302.8), (288.8, 302.8), (288.8, 302.8), (288.8, 302.8), (272.0, 308.4), (255.2, 308.4), (238.4, 322.4), (238.4, 319.6), (238.4, 316.8), (238.4, 322.4), (238.4, 319.6), (238.4, 316.8), (238.4, 322.4), (238.4, 319.6), (238.4, 316.8), (238.4, 322.4), (238.4, 319.6), (238.4, 316.8), (238.4, 322.4), (241.2, 314.0), (238.4, 302.8), (221.6, 302.8), (221.6, 302.8), (221.6, 302.8), (221.6, 302.8), (221.6, 302.8), (221.6, 302.8), (221.6, 302.8), (221.6, 302.8), (221.6, 302.8), (221.6, 302.8), (221.6, 302.8), (221.6, 302.8), (221.6, 302.8), (221.6, 302.8), (221.6, 302.8), (221.6, 302.8), (210.4, 308.4), (210.4, 308.4), (204.8, 308.4), (188.0, 308.4), (176.8, 319.6), (176.8, 319.6), (176.8, 319.6), (176.8, 319.6), (176.8, 319.6), (176.8, 319.6), (176.8, 319.6), (176.8, 319.6), (176.8, 319.6), (179.6, 314.0), (179.6, 308.4), (165.6, 308.4), (160.0, 308.4), (160.0, 308.4), (160.0, 308.4), (160.0, 308.4), (160.0, 308.4), (160.0, 308.4), (160.0, 308.4), (160.0, 308.4), (160.0, 308.4), (160.0, 308.4), (160.0, 308.4), (160.0, 308.4), (160.0, 308.4), (160.0, 308.4), (160.0, 308.4), (148.8, 308.4), (148.8, 308.4), (148.8, 308.4), (148.8, 308.4), (148.8, 308.4), (129.2, 308.4), (109.6, 316.8), (109.6, 322.4), (112.4, 319.6), (112.4, 319.6), (112.4, 319.6), (112.4, 319.6), (115.2, 316.8), (115.2, 322.4), (115.2, 319.6), (115.2, 319.6), (115.2, 319.6), (115.2, 319.6), (115.2, 319.6), (115.2, 319.6), (115.2, 319.6), (115.2, 319.6), (115.2, 319.6), (115.2, 319.6), (115.2, 319.6), (115.2, 319.6), (115.2, 319.6), (115.2, 319.6), (115.2, 319.6), (115.2, 319.6), (115.2, 319.6), (115.2, 319.6), (115.2, 319.6), (115.2, 319.6), (115.2, 319.6), (115.2, 319.6), (115.2, 319.6), (115.2, 319.6)]",0,1,32.7
speedrunner,bomberman,5,Bomb,3,0,25.77,0.9,"[(48.0, 48.0), (70.4, 50.8), (101.2, 50.8), (115.2, 67.6), (115.2, 95.6), (126.4, 115.2), (151.6, 115.2), (176.8, 120.8), (179.6, 143.2), (179.6, 171.2), (199.2, 179.6), (227.2, 179.6), (244.0, 193.6), (244.0, 218.8), (249.6, 244.0), (272.0, 244.0), (300.0, 246.8), (308.4, 269.2), (305.6, 297.2), (308.4, 319.6), (300.0, 342.0), (300.0, 353.2), (300.0, 353.2), (300.0, 353.2), (300.0, 353.2), (300.0, 353.2), (300.0, 353.2), (300.0, 353.2), (300.0, 353.2), (300.0, 353.2), (300.0, 353.2), (300.0, 353.2), (300.0, 353.2), (300.0, 353.2), (300.0, 353.2), (300.0, 353.2), (300.0, 353.2), (305.6, 353.2), (305.6, 353.2), (305.6, 353.2), (305.6, 353.2), (305.6, 353.2), (305.6, 353.2), (305.6, 353.2), (305.6, 353.2), (305.6, 353.2), (305.6, 353.2), (305.6, 353.2), (305.6, 353.2), (305.6, 353.2), (305.6, 353.2), (305.6, 353.2), (305.6, 353.2), (300.0, 353.2), (300.0, 353.2), (300.0, 356.0), (300.0, 350.4), (300.0, 353.2), (300.0, 356.0), (300.0, 350.4), (300.0, 353.2), (300.0, 356.0), (300.0, 350.4), (300.0, 353.2), (300.0, 356.0), (300.0, 350.4), (300.0, 353.2)]",0,1,8.8
speedrunner,bomberman,5,Bomb,3,0,26.12,0.8,"[(48.0, 48.0), (70.4, 50.8), (101.2, 50.8), (115.2, 67.6), (115.2, 95.6), (126.4, 115.2), (151.6, 115.2), (176.8, 120.8), (179.6, 143.2), (179.6, 171.2), (199.2, 179.6), (227.2, 179.6), (244.0, 193.6), (244.0, 218.8), (249.6, 244.0), (272.0, 244.0), (300.0, 246.8), (300.0, 269.2), (308.4, 291.6), (308.4, 291.6), (308.4, 291.6), (308.4, 291.6), (308.4, 291.6), (308.4, 291.6), (308.4, 291.6), (308.4, 291.6), (308.4, 291.6), (308.4, 291.6), (308.4, 291.6), (308.4, 291.6), (308.4, 291.6), (308.4, 291.6), (308.4, 291.6), (308.4, 291.6), (308.4, 291.6), (308.4, 291.6), (308.4, 291.6), (305.6, 291.6), (305.6, 291.6), (300.0, 291.6), (300.0, 288.8), (300.0, 288.8), (300.0, 291.6), (302.8, 286.0), (302.8, 286.0), (302.8, 286.0), (302.8, 286.0), (302.8, 286.0), (302.8, 286.0), (302.8, 286.0), (302.8, 286.0), (302.8, 286.0), (302.8, 286.0), (302.8, 286.0), (302.8, 286.0), (302.8, 286.0), (302.8, 286.0), (302.8, 286.0), (302.8, 286.0), (302.8, 286.0), (302.8, 286.0), (302.8, 286.0), (302.8, 286.0), (302.8, 286.0), (302.8, 286.0), (302.8, 286.0)]",0,1,8.68
speedrunner,bomberman,5,Bomb,8,0,26.76,0.8,"[(48.0, 48.0), (70.4, 50.8), (101.2, 50.8), (115.2, 67.6), (115.2, 95.6), (126.4, 115.2), (151.6, 115.2), (176.8, 120.8), (179.6, 143.2), (179.6, 171.2), (199.2, 179.6), (227.2, 179.6), (244.0, 193.6), (244.0, 218.8), (249.6, 244.0), (272.0, 244.0), (300.0, 246.8), (300.0, 269.2), (308.4, 291.6), (308.4, 291.6), (308.4, 291.6), (308.4, 291.6), (308.4, 291.6), (308.4, 291.6), (308.4, 291.6), (308.4, 291.6), (308.4, 291.6), (308.4, 291.6), (308.4, 291.6), (308.4, 291.6), (308.4, 291.6), (308.4, 291.6), (308.4, 291.6), (308.4, 291.6), (308.4, 291.6), (308.4, 291.6), (308.4, 291.6), (308.4, 297.2), (308.4, 297.2), (308.4, 297.2), (308.4, 291.6), (308.4, 291.6), (308.4, 286.0), (308.4, 286.0), (308.4, 286.0), (308.4, 286.0), (308.4, 286.0), (308.4, 286.0), (308.4, 286.0), (308.4, 286.0), (308.4, 286.0), (308.4, 286.0), (308.4, 286.0), (308.4, 286.0), (308.4, 286.0), (308.4, 286.0), (308.4, 286.0), (308.4, 286.0), (308.4, 286.0), (308.4, 286.0), (308.4, 286.0), (308.4, 286.0), (308.4, 286.0), (308.4, 286.0), (308.4, 286.0), (308.4, 286.0)]",0,1,8.68
speedrunner,bomberman,5,Bomb,3,0,24.88,0.8,"[(48.0, 48.0), (70.4, 50.8), (101.2, 50.8), (115.2, 67.6), (115.2, 95.6), (126.4, 115.2), (151.6, 115.2), (176.8, 120.8), (179.6, 143.2), (179.6, 171.2), (199.2, 179.6), (227.2, 179.6), (244.0, 193.6), (244.0, 218.8), (249.6, 244.0), (272.0, 244.0), (300.0, 246.8), (300.0, 269.2), (308.4, 297.2), (308.4, 314.0), (308.4, 314.0), (308.4, 314.0), (308.4, 314.0), (308.4, 314.0), (308.4, 314.0), (308.4, 314.0), (308.4, 314.0), (308.4, 314.0), (308.4, 314.0), (308.4, 314.0), (308.4, 314.0), (308.4, 314.0), (308.4, 314.0), (308.4, 314.0), (308.4, 314.0), (308.4, 314.0), (308.4, 314.0), (308.4, 314.0), (308.4, 314.0), (308.4, 308.4), (308.4, 308.4), (302.8, 302.8), (302.8, 302.8), (297.2, 302.8), (297.2, 300.0), (297.2, 300.0), (291.6, 300.0), (291.6, 300.0), (291.6, 300.0), (291.6, 300.0), (291.6, 300.0), (291.6, 300.0), (297.2, 300.0), (297.2, 300.0), (297.2, 300.0), (300.0, 283.2), (300.0, 277.6), (300.0, 280.4), (300.0, 283.2), (300.0, 277.6), (300.0, 280.4), (300.0, 283.2), (302.8, 286.0), (302.8, 286.0), (302.8, 286.0), (302.8, 286.0), (302.8, 286.0), (302.8, 286.0), (302.8, 286.0)]",0,1,9.12
speedrunner,bomberman,5,Bomb,67,0,13.25,0.7,"[(48.0, 48.0), (70.4, 50.8), (101.2, 50.8), (115.2, 67.6), (115.2, 95.6), (126.4, 115.2), (151.6, 115.2), (176.8, 120.8), (179.6, 143.2), (179.6, 171.2), (199.2, 179.6), (227.2, 179.6), (244.0, 193.6), (238.4, 216.0), (249.6, 244.0), (272.0, 244.0), (300.0, 246.8), (300.0, 269.2), (300.0, 288.8), (300.0, 291.6), (300.0, 286.0), (300.0, 288.8), (300.0, 291.6), (300.0, 286.0), (300.0, 288.8), (300.0, 291.6), (300.0, 286.0), (300.0, 288.8), (300.0, 291.6), (300.0, 286.0), (300.0, 288.8), (300.0, 291.6), (300.0, 286.0), (300.0, 288.8), (300.0, 291.6), (300.0, 286.0), (300.0, 294.4), (288.8, 302.8), (288.8, 308.4), (288.8, 308.4), (288.8, 308.4), (288.8, 308.4), (288.8, 308.4), (274.8, 308.4), (246.8, 308.4), (238.4, 330.8), (238.4, 356.0), (238.4, 350.4), (238.4, 353.2), (238.4, 356.0), (238.4, 350.4), (238.4, 353.2), (238.4, 356.0), (238.4, 350.4), (238.4, 353.2), (238.4, 356.0), (238.4, 350.4), (238.4, 353.2), (238.4, 356.0), (238.4, 350.4), (238.4, 353.2), (238.4, 356.0), (238.4, 350.4), (238.4, 353.2), (238.4, 356.0), (238.4, 350.4), (238.4, 350.4), (238.4, 353.2), (238.4, 356.0), (238.4, 350.4), (238.4, 353.2), (238.4, 356.0), (238.4, 350.4), (238.4, 353.2), (238.4, 356.0), (238.4, 350.4), (238.4, 353.2), (238.4, 356.0), (238.4, 350.4), (238.4, 353.2), (238.4, 356.0), (238.4, 350.4), (238.4, 353.2), (238.4, 356.0), (238.4, 350.4), (238.4, 353.2), (238.4, 356.0), (238.4, 350.4), (238.4, 353.2), (238.4, 356.0), (238.4, 350.4), (238.4, 353.2), (238.4, 356.0), (238.4, 350.4), (238.4, 353.2), (238.4, 356.0)]",0,1,12.68
speedrunner,bomberman,5,Bomb,52,0,11.79,0.6,"[(48.0, 48.0), (70.4, 50.8), (101.2, 50.8), (115.2, 67.6), (115.2, 95.6), (126.4, 115.2), (151.6, 115.2), (176.8, 120.8), (174.0, 143.2), (179.6, 171.2), (199.2, 179.6), (227.2, 179.6), (238.4, 193.6), (238.4, 218.8), (232.8, 244.0), (221.6, 244.0), (221.6, 244.0), (221.6, 244.0), (221.6, 244.0), (221.6, 244.0), (221.6, 244.0), (221.6, 244.0), (221.6, 244.0), (221.6, 244.0), (221.6, 244.0), (221.6, 244.0), (221.6, 244.0), (221.6, 244.0), (221.6, 244.0), (221.6, 244.0), (221.6, 244.0), (221.6, 244.0), (221.6, 244.0), (221.6, 244.0), (221.6, 244.0), (221.6, 244.0), (221.6, 244.0), (221.6, 244.0), (221.6, 244.0), (221.6, 244.0), (221.6, 244.0), (221.6, 244.0), (221.6, 244.0), (221.6, 244.0), (221.6, 244.0), (221.6, 244.0), (221.6, 244.0), (221.6, 244.0), (221.6, 244.0), (221.6, 244.0), (221.6, 244.0), (221.6, 244.0), (221.6, 244.0), (221.6, 244.0), (221.6, 244.0), (221.6, 244.0), (221.6, 244.0), (221.6, 244.0), (221.6, 244.0), (221.6, 244.0), (221.6, 244.0), (221.6, 244.0), (221.6, 244.0), (216.0, 244.0), (210.4, 244.0), (202.0, 244.0), (182.4, 244.0), (179.6, 266.4), (179.6, 294.4), (196.4, 308.4), (224.4, 308.4), (224.4, 308.4), (224.4, 308.4), (224.4, 308.4), (224.4, 308.4), (224.4, 308.4), (224.4, 308.4), (224.4, 308.4), (224.4, 308.4), (224.4, 308.4), (224.4, 308.4), (224.4, 308.4), (224.4, 308.4), (224.4, 308.4), (224.4, 308.4), (224.4, 308.4), (224.4, 308.4), (224.4, 308.4), (224.4, 308.4), (224.4, 308.4), (224.4, 308.4), (224.4, 308.4), (224.4, 308.4), (224.4, 308.4), (224.4, 308.4), (224.4, 308.4), (224.4, 308.4), (224.4, 308.4), (224.4, 308.4), (224.4, 308.4)]",0,0,13.3
speedrunner,bomberman,5,Bomb,151,0,17.86,0.6,"[(48.0, 48.0), (70.4, 50.8), (101.2, 50.8), (115.2, 67.6), (115.2, 95.6), (126.4, 115.2), (151.6, 115.2), (176.8, 120.8), (179.6, 143.2), (179.6, 171.2), (199.2, 179.6), (227.2, 179.6), (244.0, 193.6), (244.0, 218.8), (246.8, 241.2), (238.4, 263.6), (244.0, 291.6), (258.0, 308.4), (286.0, 300.0), (286.0, 302.8), (286.0, 302.8), (286.0, 302.8), (286.0, 302.8), (286.0, 302.8), (286.0, 302.8), (286.0, 302.8), (286.0, 302.8), (286.0, 302.8), (286.0, 302.8), (286.0, 302.8), (286.0, 302.8), (286.0, 302.8), (286.0, 302.8), (286.0, 302.8), (286.0, 302.8), (286.0, 302.8), (286.0, 302.8), (286.0, 302.8), (286.0, 302.8), (286.0, 302.8), (286.0, 302.8), (286.0, 302.8), (286.0, 302.8), (286.0, 302.8), (286.0, 302.8), (286.0, 302.8), (286.0, 302.8), (286.0, 302.8), (286.0, 302.8), (286.0, 302.8), (274.8, 308.4), (249.6, 308.4), (238.4, 328.0), (238.4, 350.4), (238.4, 353.2), (238.4, 356.0), (238.4, 350.4), (238.4, 353.2), (238.4, 356.0), (238.4, 350.4), (238.4, 353.2), (241.2, 353.2), (241.2, 353.2), (241.2, 353.2), (241.2, 353.2), (244.0, 342.0), (244.0, 344.8), (244.0, 347.6), (244.0, 342.0), (244.0, 336.4), (244.0, 336.4), (244.0, 336.4), (244.0, 336.4), (244.0, 336.4), (238.4, 353.2), (244.0, 330.8)]",0,0,10.03
speedrunner,bomberman,5,Bomb,57,0,26.12,0.75,"[(48.0, 48.0), (70.4, 50.8), (101.2, 50.8), (115.2, 67.6), (115.2, 95.6), (126.4, 115.2), (151.6, 115.2), (176.8, 120.8), (179.6, 143.2), (179.6, 171.2), (199.2, 179.6), (227.2, 179.6), (244.0, 193.6), (244.0, 218.8), (249.6, 244.0), (272.0, 244.0), (300.0, 246.8), (300.0, 269.2), (300.0, 297.2), (300.0, 297.2), (300.0, 297.2), (300.0, 297.2), (300.0, 297.2), (300.0, 297.2), (300.0, 297.2), (300.0, 297.2), (300.0, 297.2), (300.0, 297.2), (300.0, 297.2), (300.0, 297.2), (300.0, 297.2), (300.0, 297.2), (300.0, 297.2), (300.0, 297.2), (300.0, 297.2), (300.0, 297.2), (300.0, 297.2), (300.0, 291.6), (300.0, 286.0), (300.0, 288.8), (300.0, 291.6), (300.0, 286.0), (300.0, 288.8), (300.0, 283.2), (300.0, 277.6), (300.0, 252.4), (300.0, 258.0), (300.0, 255.2), (300.0, 252.4), (300.0, 258.0), (300.0, 255.2), (300.0, 252.4), (300.0, 258.0), (300.0, 255.2), (300.0, 252.4), (300.0, 258.0), (300.0, 255.2), (300.0, 252.4), (300.0, 258.0), (300.0, 255.2), (300.0, 252.4), (300.0, 258.0), (300.0, 255.2), (300.0, 252.4), (300.0, 258.0), (300.0, 255.2)]",0,1,8.68
speedrunner,bomberman,5,Bomb,3,0,2.03,0.7,"[(48.0, 48.0), (70.4, 50.8), (101.2, 50.8), (115.2, 67.6), (115.2, 95.6), (126.4, 115.2), (151.6, 115.2), (176.8, 120.8), (179.6, 143.2), (179.6, 171.2), (199.2, 179.6), (227.2, 179.6), (244.0, 193.6), (244.0, 218.8), (249.6, 244.0), (272.0, 244.0), (300.0, 246.8), (300.0, 269.2), (308.4, 297.2), (308.4, 314.0), (308.4, 314.0), (308.4, 314.0), (308.4, 314.0), (308.4, 314.0), (308.4, 314.0), (308.4, 314.0), (308.4, 314.0), (308.4, 314.0), (308.4, 314.0), (308.4, 314.0), (308.4, 314.0), (308.4, 314.0), (308.4, 314.0), (308.4, 314.0), (308.4, 314.0), (308.4, 314.0), (308.4, 314.0), (308.4, 314.0), (300.0, 308.4), (288.8, 308.4), (288.8, 308.4), (288.8, 308.4), (288.8, 308.4), (288.8, 308.4), (288.8, 308.4), (288.8, 308.4), (288.8, 308.4), (288.8, 308.4), (288.8, 308.4), (288.8, 308.4), (288.8, 308.4), (288.8, 308.4), (288.8, 308.4), (288.8, 308.4), (272.0, 308.4), (255.2, 308.4), (238.4, 322.4), (238.4, 319.6), (238.4, 316.8), (238.4, 322.4), (238.4, 319.6), (238.4, 316.8), (238.4, 322.4), (238.4, 319.6), (238.4, 316.8), (238.4, 322.4), (238.4, 319.6), (241.2, 319.6), (241.2, 319.6), (241.2, 319.6), (241.2, 319.6), (241.2, 319.6), (238.4, 319.6), (238.4, 314.0), (238.4, 314.0), (238.4, 314.0), (238.4, 314.0), (238.4, 308.4), (221.6, 308.4), (221.6, 305.6), (221.6, 305.6), (221.6, 305.6), (221.6, 305.6), (221.6, 305.6), (221.6, 305.6), (210.4, 308.4), (210.4, 308.4), (210.4, 308.4), (210.4, 308.4), (207.6, 308.4), (193.6, 308.4), (174.0, 316.8), (174.0, 322.4), (174.0, 322.4), (174.0, 322.4), (174.0, 322.4), (174.0, 322.4), (174.0, 322.4), (174.0, 322.4), (174.0, 322.4), (174.0, 322.4), (174.0, 322.4), (174.0, 322.4), (174.0, 322.4), (174.0, 322.4), (174.0, 322.4), (174.0, 322.4), (174.0, 316.8), (174.0, 316.8), (174.0, 311.2), (174.0, 311.2), (174.0, 311.2), (174.0, 311.2), (160.0, 308.4), (160.0, 308.4), (160.0, 308.4), (160.0, 308.4), (160.0, 308.4), (148.8, 308.4), (148.8, 308.4), (148.8, 308.4), (148.8, 308.4), (148.8, 308.4), (148.8, 308.4), (132.0, 308.4), (112.4, 314.0), (112.4, 319.6), (112.4, 319.6), (112.4, 319.6), (112.4, 319.6), (112.4, 319.6), (112.4, 319.6), (112.4, 319.6), (112.4, 319.6), (112.4, 319.6), (112.4, 319.6), (112.4, 319.6), (109.6, 319.6), (109.6, 314.0), (109.6, 314.0), (109.6, 314.0), (109.6, 314.0), (109.6, 314.0), (109.6, 308.4), (98.4, 308.4), (98.4, 308.4), (98.4, 308.4), (98.4, 308.4), (98.4, 308.4), (98.4, 308.4), (81.6, 308.4), (84.4, 308.4), (84.4, 308.4), (84.4, 308.4), (84.4, 308.4), (84.4, 308.4)]",0,1,20.68
speedrunner,bomberman,5,Bomb,141,0,2.31,0.9,"[(48.0, 48.0), (70.4, 50.8), (101.2, 50.8), (115.2, 67.6), (115.2, 95.6), (126.4, 115.2), (151.6, 115.2), (176.8, 120.8), (179.6, 143.2), (179.6, 171.2), (199.2, 179.6), (227.2, 179.6), (244.0, 193.6), (244.0, 218.8), (249.6, 244.0), (272.0, 244.0), (300.0, 246.8), (300.0, 269.2), (302.8, 286.0), (302.8, 286.0), (302.8, 286.0), (302.8, 286.0), (302.8, 286.0), (302.8, 286.0), (302.8, 286.0), (302.8, 286.0), (302.8, 286.0), (302.8, 286.0), (302.8, 286.0), (302.8, 286.0), (302.8, 286.0), (302.8, 286.0), (302.8, 286.0), (302.8, 286.0), (302.8, 286.0), (302.8, 286.0), (300.0, 286.0), (300.0, 280.4), (300.0, 283.2), (300.0, 269.2), (302.8, 258.0), (302.8, 258.0), (302.8, 258.0), (302.8, 258.0), (302.8, 258.0), (302.8, 258.0), (302.8, 258.0), (300.0, 255.2), (300.0, 252.4), (300.0, 258.0), (300.0, 255.2), (300.0, 252.4), (300.0, 258.0), (300.0, 255.2), (300.0, 252.4), (300.0, 258.0), (300.0, 255.2), (300.0, 252.4), (300.0, 252.4), (300.0, 246.8), (300.0, 246.8), (300.0, 246.8), (300.0, 246.8), (300.0, 246.8), (300.0, 246.8), (286.0, 244.0), (286.0, 244.0), (286.0, 244.0), (286.0, 244.0), (291.6, 244.0), (300.0, 260.8), (300.0, 288.8), (319.6, 305.6), (344.8, 308.4), (353.2, 308.4), (353.2, 308.4), (353.2, 308.4), (353.2, 308.4), (353.2, 308.4), (353.2, 308.4), (353.2, 308.4), (353.2, 308.4), (353.2, 308.4), (353.2, 308.4), (353.2, 308.4), (353.2, 308.4), (353.2, 308.4), (353.2, 308.4), (353.2, 308.4), (353.2, 308.4), (353.2, 308.4), (353.2, 308.4), (353.2, 308.4), (353.2, 308.4), (353.2, 308.4), (353.2, 308.4), (353.2, 308.4), (353.2, 308.4), (353.2, 308.4), (353.2, 308.4), (353.2, 308.4), (353.2, 308.4), (353.2, 308.4), (353.2, 308.4), (353.2, 308.4), (353.2, 308.4), (353.2, 308.4), (353.2, 308.4), (353.2, 308.4), (353.2, 308.4), (342.0, 308.4), (316.8, 308.4), (300.0, 316.8), (300.0, 322.4), (300.0, 319.6), (300.0, 316.8), (300.0, 322.4), (300.0, 319.6), (300.0, 316.8), (300.0, 322.4), (300.0, 319.6), (300.0, 316.8), (300.0, 322.4), (300.0, 319.6), (300.0, 316.8), (300.0, 322.4), (300.0, 319.6), (300.0, 316.8), (300.0, 322.4), (300.0, 314.0), (288.8, 302.8), (288.8, 302.8), (288.8, 302.8), (288.8, 302.8), (288.8, 302.8), (288.8, 302.8), (288.8, 302.8), (288.8, 302.8), (288.8, 302.8), (288.8, 302.8), (288.8, 302.8), (288.8, 302.8), (288.8, 302.8), (288.8, 302.8), (272.0, 308.4), (255.2, 308.4), (238.4, 322.4), (238.4, 319.6), (238.4, 316.8), (238.4, 322.4), (238.4, 319.6), (238.4, 316.8), (238.4, 322.4), (238.4, 319.6), (238.4, 316.8), (238.4, 322.4), (238.4, 319.6), (238.4, 316.8), (238.4, 322.4), (241.2, 314.0), (238.4, 302.8), (221.6, 302.8), (221.6, 302.8), (221.6, 302.8), (221.6, 302.8), (221.6, 302.8), (221.6, 302.8), (221.6, 302.8), (221.6, 302.8), (221.6, 302.8), (221.6, 302.8), (221.6, 302.8), (221.6, 302.8), (221.6, 302.8), (221.6, 302.8), (221.6, 302.8), (221.6, 302.8), (210.4, 308.4), (210.4, 308.4), (204.8, 308.4), (188.0, 308.4), (176.8, 319.6), (176.8, 319.6), (176.8, 319.6), (176.8, 319.6), (176.8, 319.6), (176.8, 319.6), (176.8, 319.6), (176.8, 319.6), (176.8, 319.6), (179.6, 314.0), (179.6, 308.4), (165.6, 308.4), (160.0, 308.4), (160.0, 308.4), (160.0, 308.4), (160.0, 308.4), (160.0, 308.4), (160.0, 308.4), (160.0, 308.4), (160.0, 308.4), (160.0, 308.4), (160.0, 308.4), (160.0, 308.4), (160.0, 308.4), (160.0, 308.4), (160.0, 308.4), (160.0, 308.4), (148.8, 308.4), (148.8, 308.4), (148.8, 308.4), (148.8, 308.4), (148.8, 308.4), (129.2, 308.4), (109.6, 316.8), (109.6, 322.4), (112.4, 319.6), (112.4, 319.6), (112.4, 319.6), (112.4, 319.6), (115.2, 316.8), (115.2, 322.4), (115.2, 319.6), (115.2, 319.6), (115.2, 319.6), (115.2, 319.6), (115.2, 319.6), (115.2, 319.6), (115.2, 319.6), (115.2, 319.6), (115.2, 319.6), (115.2, 319.6), (115.2, 319.6), (115.2, 319.6), (115.2, 319.6), (115.2, 319.6), (115.2, 319.6), (115.2, 319.6), (115.2, 319.6), (115.2, 319.6), (115.2, 319.6), (115.2, 319.6), (115.2, 319.6), (115.2, 319.6), (115.2, 319.6), (115.2, 319.6)]",0,1,32.7
speedrunner,bomberman,5,Bomb,3,0,25.77,0.9,"[(48.0, 48.0), (70.4, 50.8), (101.2, 50.8), (115.2, 67.6), (115.2, 95.6), (126.4, 115.2), (151.6, 115.2), (176.8, 120.8), (179.6, 143.2), (179.6, 171.2), (199.2, 179.6), (227.2, 179.6), (244.0, 193.6), (244.0, 218.8), (249.6, 244.0), (272.0, 244.0), (300.0, 246.8), (308.4, 269.2), (305.6, 297.2), (308.4, 319.6), (300.0, 342.0), (300.0, 353.2), (300.0, 353.2), (300.0, 353.2), (300.0, 353.2), (300.0, 353.2), (300.0, 353.2), (300.0, 353.2), (300.0, 353.2), (300.0, 353.2), (300.0, 353.2), (300.0, 353.2), (300.0, 353.2), (300.0, 353.2), (300.0, 353.2), (300.0, 353.2), (300.0, 353.2), (305.6, 353.2), (305.6, 353.2), (305.6, 353.2), (305.6, 353.2), (305.6, 353.2), (305.6, 353.2), (305.6, 353.2), (305.6, 353.2), (305.6, 353.2), (305.6, 353.2), (305.6, 353.2), (305.6, 353.2), (305.6, 353.2), (305.6, 353.2), (305.6, 353.2), (305.6, 353.2), (300.0, 353.2), (300.0, 353.2), (300.0, 356.0), (300.0, 350.4), (300.0, 353.2), (300.0, 356.0), (300.0, 350.4), (300.0, 353.2), (300.0, 356.0), (300.0, 350.4), (300.0, 353.2), (300.0, 356.0), (300.0, 350.4), (300.0, 353.2)]",0,1,8.8
speedrunner,bomberman,5,Bomb,3,0,24.88,0.8,"[(48.0, 48.0), (70.4, 50.8), (101.2, 50.8), (115.2, 67.6), (115.2, 95.6), (126.4, 115.2), (151.6, 115.2), (176.8, 120.8), (179.6, 143.2), (179.6, 171.2), (199.2, 179.6), (227.2, 179.6), (244.0, 193.6), (244.0, 218.8), (249.6, 244.0), (272.0, 244.0), (300.0, 246.8), (300.0, 269.2), (308.4, 297.2), (308.4, 314.0), (308.4, 314.0), (308.4, 314.0), (308.4, 314.0), (308.4, 314.0), (308.4, 314.0), (308.4, 314.0), (308.4, 314.0), (308.4, 314.0), (308.4, 314.0), (308.4, 314.0), (308.4, 314.0), (308.4, 314.0), (308.4, 314.0), (308.4, 314.0), (308.4, 314.0), (308.4, 314.0), (308.4, 314.0), (308.4, 314.0), (308.4, 314.0), (308.4, 308.4), (308.4, 308.4), (302.8, 302.8), (302.8, 302.8), (297.2, 302.8), (297.2, 300.0), (297.2, 300.0), (291.6, 300.0), (291.6, 300.0), (291.6, 300.0), (291.6, 300.0), (291.6, 300.0), (291.6, 300.0), (297.2, 300.0), (297.2, 300.0), (297.2, 300.0), (300.0, 283.2), (300.0, 277.6), (300.0, 280.4), (300.0, 283.2), (300.0, 277.6), (300.0, 280.4), (300.0, 283.2), (302.8, 286.0), (302.8, 286.0), (302.8, 286.0), (302.8, 286.0), (302.8, 286.0), (302.8, 286.0), (302.8, 286.0)]",0,1,9.12
speedrunner,bomberman,5,Bomb,8,0,26.76,0.8,"[(48.0, 48.0), (70.4, 50.8), (101.2, 50.8), (115.2, 67.6), (115.2, 95.6), (126.4, 115.2), (151.6, 115.2), (176.8, 120.8), (179.6, 143.2), (179.6, 171.2), (199.2, 179.6), (227.2, 179.6), (244.0, 193.6), (244.0, 218.8), (249.6, 244.0), (272.0, 244.0), (300.0, 246.8), (300.0, 269.2), (308.4, 291.6), (308.4, 291.6), (308.4, 291.6), (308.4, 291.6), (308.4, 291.6), (308.4, 291.6), (308.4, 291.6), (308.4, 291.6), (308.4, 291.6), (308.4, 291.6), (308.4, 291.6), (308.4, 291.6), (308.4, 291.6), (308.4, 291.6), (308.4, 291.6), (308.4, 291.6), (308.4, 291.6), (308.4, 291.6), (308.4, 291.6), (308.4, 297.2), (308.4, 297.2), (308.4, 297.2), (308.4, 291.6), (308.4, 291.6), (308.4, 286.0), (308.4, 286.0), (308.4, 286.0), (308.4, 286.0), (308.4, 286.0), (308.4, 286.0), (308.4, 286.0), (308.4, 286.0), (308.4, 286.0), (308.4, 286.0), (308.4, 286.0), (308.4, 286.0), (308.4, 286.0), (308.4, 286.0), (308.4, 286.0), (308.4, 286.0), (308.4, 286.0), (308.4, 286.0), (308.4, 286.0), (308.4, 286.0), (308.4, 286.0), (308.4, 286.0), (308.4, 286.0), (308.4, 286.0)]",0,1,8.68
speedrunner,bomberman,5,Bomb,3,0,26.12,0.8,"[(48.0, 48.0), (70.4, 50.8), (101.2, 50.8), (115.2, 67.6), (115.2, 95.6), (126.4, 115.2), (151.6, 115.2), (176.8, 120.8), (179.6, 143.2), (179.6, 171.2), (199.2, 179.6), (227.2, 179.6), (244.0, 193.6), (244.0, 218.8), (249.6, 244.0), (272.0, 244.0), (300.0, 246.8), (300.0, 269.2), (308.4, 291.6), (308.4, 291.6), (308.4, 291.6), (308.4, 291.6), (308.4, 291.6), (308.4, 291.6), (308.4, 291.6), (308.4, 291.6), (308.4, 291.6), (308.4, 291.6), (308.4, 291.6), (308.4, 291.6), (308.4, 291.6), (308.4, 291.6), (308.4, 291.6), (308.4, 291.6), (308.4, 291.6), (308.4, 291.6), (308.4, 291.6), (305.6, 291.6), (305.6, 291.6), (300.0, 291.6), (300.0, 288.8), (300.0, 288.8), (300.0, 291.6), (302.8, 286.0), (302.8, 286.0), (302.8, 286.0), (302.8, 286.0), (302.8, 286.0), (302.8, 286.0), (302.8, 286.0), (302.8, 286.0), (302.8, 286.0), (302.8, 286.0), (302.8, 286.0), (302.8, 286.0), (302.8, 286.0), (302.8, 286.0), (302.8, 286.0), (302.8, 286.0), (302.8, 286.0), (302.8, 286.0), (302.8, 286.0), (302.8, 286.0), (302.8, 286.0), (302.8, 286.0), (302.8, 286.0)]",0,1,8.68
speedrunner,bomberman,5,Bomb,3,0,2.03,0.7,"[(48.0, 48.0), (70.4, 50.8), (101.2, 50.8), (115.2, 67.6), (115.2, 95.6), (126.4, 115.2), (151.6, 115.2), (176.8, 120.8), (179.6, 143.2), (179.6, 171.2), (199.2, 179.6), (227.2, 179.6), (244.0, 193.6), (244.0, 218.8), (249.6, 244.0), (272.0, 244.0), (300.0, 246.8), (300.0, 269.2), (308.4, 297.2), (308.4, 314.0), (308.4, 314.0), (308.4, 314.0), (308.4, 314.0), (308.4, 314.0), (308.4, 314.0), (308.4, 314.0), (308.4, 314.0), (308.4, 314.0), (308.4, 314.0), (308.4, 314.0), (308.4, 314.0), (308.4, 314.0), (308.4, 314.0), (308.4, 314.0), (308.4, 314.0), (308.4, 314.0), (308.4, 314.0), (308.4, 314.0), (300.0, 308.4), (288.8, 308.4), (288.8, 308.4), (288.8, 308.4), (288.8, 308.4), (288.8, 308.4), (288.8, 308.4), (288.8, 308.4), (288.8, 308.4), (288.8, 308.4), (288.8, 308.4), (288.8, 308.4), (288.8, 308.4), (288.8, 308.4), (288.8, 308.4), (288.8, 308.4), (272.0, 308.4), (255.2, 308.4), (238.4, 322.4), (238.4, 319.6), (238.4, 316.8), (238.4, 322.4), (238.4, 319.6), (238.4, 316.8), (238.4, 322.4), (238.4, 319.6), (238.4, 316.8), (238.4, 322.4), (238.4, 319.6), (241.2, 319.6), (241.2, 319.6), (241.2, 319.6), (241.2, 319.6), (241.2, 319.6), (238.4, 319.6), (238.4, 314.0), (238.4, 314.0), (238.4, 314.0), (238.4, 314.0), (238.4, 308.4), (221.6, 308.4), (221.6, 305.6), (221.6, 305.6), (221.6, 305.6), (221.6, 305.6), (221.6, 305.6), (221.6, 305.6), (210.4, 308.4), (210.4, 308.4), (210.4, 308.4), (210.4, 308.4), (207.6, 308.4), (193.6, 308.4), (174.0, 316.8), (174.0, 322.4), (174.0, 322.4), (174.0, 322.4), (174.0, 322.4), (174.0, 322.4), (174.0, 322.4), (174.0, 322.4), (174.0, 322.4), (174.0, 322.4), (174.0, 322.4), (174.0, 322.4), (174.0, 322.4), (174.0, 322.4), (174.0, 322.4), (174.0, 322.4), (174.0, 316.8), (174.0, 316.8), (174.0, 311.2), (174.0, 311.2), (174.0, 311.2), (174.0, 311.2), (160.0, 308.4), (160.0, 308.4), (160.0, 308.4), (160.0, 308.4), (160.0, 308.4), (148.8, 308.4), (148.8, 308.4), (148.8, 308.4), (148.8, 308.4), (148.8, 308.4), (148.8, 308.4), (132.0, 308.4), (112.4, 314.0), (112.4, 319.6), (112.4, 319.6), (112.4, 319.6), (112.4, 319.6), (112.4, 319.6), (112.4, 319.6), (112.4, 319.6), (112.4, 319.6), (112.4, 319.6), (112.4, 319.6), (112.4, 319.6), (109.6, 319.6), (109.6, 314.0), (109.6, 314.0), (109.6, 314.0), (109.6, 314.0), (109.6, 314.0), (109.6, 308.4), (98.4, 308.4), (98.4, 308.4), (98.4, 308.4), (98.4, 308.4), (98.4, 308.4), (98.4, 308.4), (81.6, 308.4), (84.4, 308.4), (84.4, 308.4), (84.4, 308.4), (84.4, 308.4), (84.4, 308.4)]",0,1,20.68
speedrunner,bomberman,5,Bomb,46,0,25.29,0.75,"[(48.0, 48.0), (70.4, 50.8), (101.2, 50.8), (115.2, 67.6), (115.2, 95.6), (126.4, 115.2), (151.6, 115.2), (176.8, 120.8), (179.6, 143.2), (179.6, 171.2), (199.2, 179.6), (227.2, 179.6), (244.0, 193.6), (244.0, 218.8), (249.6, 244.0), (272.0, 244.0), (300.0, 246.8), (300.0, 269.2), (308.4, 297.2), (308.4, 314.0), (308.4, 314.0), (308.4, 314.0), (308.4, 314.0), (308.4, 314.0), (308.4, 314.0), (308.4, 314.0), (308.4, 314.0), (308.4, 314.0), (308.4, 314.0), (308.4, 314.0), (308.4, 314.0), (308.4, 314.0), (308.4, 314.0), (308.4, 314.0), (308.4, 314.0), (308.4, 314.0), (308.4, 314.0), (308.4, 314.0), (308.4, 314.0), (308.4, 314.0), (308.4, 314.0), (308.4, 314.0), (302.8, 319.6), (308.4, 333.6), (308.4, 333.6), (308.4, 333.6), (308.4, 344.8), (308.4, 350.4), (308.4, 350.4), (308.4, 350.4), (308.4, 350.4), (308.4, 350.4), (308.4, 350.4), (308.4, 350.4), (308.4, 350.4), (308.4, 350.4), (308.4, 350.4), (308.4, 350.4), (308.4, 350.4), (308.4, 350.4), (308.4, 350.4), (308.4, 350.4), (308.4, 350.4), (308.4, 350.4), (308.4, 350.4), (308.4, 350.4), (308.4, 350.4), (308.4, 350.4), (308.4, 350.4), (308.4, 350.4)]",0,1,9.3
speedrunner,bomberman,5,Bomb,86,0,25.07,0.7,"[(48.0, 48.0), (70.4, 50.8), (101.2, 50.8), (115.2, 67.6), (115.2, 95.6), (126.4, 115.2), (151.6, 115.2), (176.8, 120.8), (179.6, 143.2), (179.6, 171.2), (199.2, 179.6), (227.2, 179.6), (244.0, 193.6), (244.0, 218.8), (249.6, 244.0), (272.0, 244.0), (300.0, 246.8), (300.0, 269.2), (308.4, 297.2), (308.4, 319.6), (300.0, 342.0), (300.0, 344.8), (300.0, 347.6), (300.0, 342.0), (300.0, 344.8), (300.0, 347.6), (300.0, 342.0), (300.0, 344.8), (300.0, 347.6), (300.0, 342.0), (300.0, 344.8), (300.0, 347.6), (300.0, 342.0), (300.0, 344.8), (300.0, 347.6), (300.0, 342.0), (300.0, 344.8), (300.0, 347.6), (300.0, 342.0), (300.0, 344.8), (300.0, 347.6), (300.0, 347.6), (300.0, 342.0), (300.0, 344.8), (300.0, 347.6), (308.4, 353.2), (308.4, 353.2), (308.4, 353.2), (308.4, 353.2), (308.4, 353.2), (305.6, 353.2), (305.6, 353.2), (305.6, 353.2), (305.6, 353.2), (305.6, 353.2), (308.4, 353.2), (308.4, 353.2), (308.4, 353.2), (308.4, 353.2), (308.4, 353.2), (308.4, 353.2), (308.4, 353.2), (308.4, 353.2), (308.4, 353.2), (308.4, 353.2), (308.4, 353.2), (308.4, 353.2), (308.4, 353.2), (308.4, 353.2), (308.4, 353.2), (308.4, 353.2)]",0,0,9.38
speedrunner,bomberman,5,Bomb,30,0,27.09,0.7,"[(48.0, 48.0), (70.4, 50.8), (101.2, 50.8), (115.2, 67.6), (115.2, 95.6), (126.4, 115.2), (151.6, 115.2), (176.8, 120.8), (179.6, 143.2), (179.6, 171.2), (199.2, 179.6), (227.2, 179.6), (244.0, 193.6), (244.0, 218.8), (249.6, 244.0), (272.0, 244.0), (300.0, 246.8), (308.4, 269.2), (308.4, 291.6), (308.4, 314.0), (308.4, 336.4), (308.4, 358.8), (288.8, 372.8), (288.8, 370.0), (288.8, 370.0), (288.8, 370.0), (288.8, 370.0), (288.8, 370.0), (288.8, 370.0), (288.8, 370.0), (288.8, 370.0), (288.8, 370.0), (288.8, 370.0), (288.8, 370.0), (288.8, 370.0), (288.8, 370.0), (288.8, 370.0), (288.8, 370.0), (288.8, 370.0), (294.4, 370.0), (294.4, 370.0), (305.6, 370.0), (308.4, 372.8), (308.4, 372.8), (308.4, 367.2), (308.4, 367.2), (308.4, 361.6), (308.4, 361.6), (308.4, 356.0), (308.4, 350.4), (308.4, 350.4), (308.4, 350.4), (308.4, 350.4), (308.4, 350.4), (308.4, 350.4), (308.4, 350.4), (308.4, 350.4), (308.4, 350.4), (308.4, 350.4), (308.4, 350.4), (308.4, 350.4), (308.4, 350.4), (308.4, 350.4), (308.4, 350.4), (308.4, 350.4), (308.4, 350.4)]",0,0,8.68
speedrunner,bomberman,5,Bomb,4,0,23.38,0.75,"[(48.0, 48.0), (70.4, 50.8), (101.2, 50.8), (115.2, 67.6), (115.2, 95.6), (126.4, 115.2), (151.6, 115.2), (176.8, 120.8), (179.6, 143.2), (179.6, 171.2), (199.2, 179.6), (227.2, 179.6), (244.0, 193.6), (244.0, 218.8), (249.6, 244.0), (272.0, 244.0), (300.0, 246.8), (308.4, 269.2), (308.4, 291.6), (308.4, 314.0), (308.4, 314.0), (308.4, 314.0), (308.4, 314.0), (308.4, 314.0), (308.4, 314.0), (308.4, 314.0), (308.4, 314.0), (308.4, 314.0), (308.4, 314.0), (308.4, 314.0), (308.4, 314.0), (308.4, 314.0), (308.4, 314.0), (308.4, 314.0), (308.4, 308.4), (300.0, 314.0), (288.8, 308.4), (288.8, 308.4), (288.8, 308.4), (288.8, 308.4), (288.8, 308.4), (288.8, 308.4), (288.8, 308.4), (288.8, 308.4), (288.8, 308.4), (288.8, 308.4), (288.8, 308.4), (288.8, 308.4), (288.8, 308.4), (288.8, 308.4), (288.8, 308.4), (288.8, 308.4), (288.8, 308.4), (288.8, 308.4), (288.8, 308.4), (288.8, 308.4), (288.8, 308.4), (288.8, 308.4), (288.8, 308.4), (288.8, 308.4), (288.8, 308.4), (286.0, 308.4), (274.8, 308.4)]",0,1,8.38
speedrunner,bomberman,5,Bomb,141,0,2.31,0.9,"[(48.0, 48.0), (70.4, 50.8), (101.2, 50.8), (115.2, 67.6), (115.2, 95.6), (126.4, 115.2), (151.6, 115.2), (176.8, 120.8), (179.6, 143.2), (179.6, 171.2), (199.2, 179.6), (227.2, 179.6), (244.0, 193.6), (244.0, 218.8), (249.6, 244.0), (272.0, 244.0), (300.0, 246.8), (300.0, 269.2), (302.8, 286.0), (302.8, 286.0), (302.8, 286.0), (302.8, 286.0), (302.8, 286.0), (302.8, 286.0), (302.8, 286.0), (302.8, 286.0), (302.8, 286.0), (302.8, 286.0), (302.8, 286.0), (302.8, 286.0), (302.8, 286.0), (302.8, 286.0), (302.8, 286.0), (302.8, 286.0), (302.8, 286.0), (302.8, 286.0), (300.0, 286.0), (300.0, 280.4), (300.0, 283.2), (300.0, 269.2), (302.8, 258.0), (302.8, 258.0), (302.8, 258.0), (302.8, 258.0), (302.8, 258.0), (302.8, 258.0), (302.8, 258.0), (300.0, 255.2), (300.0, 252.4), (300.0, 258.0), (300.0, 255.2), (300.0, 252.4), (300.0, 258.0), (300.0, 255.2), (300.0, 252.4), (300.0, 258.0), (300.0, 255.2), (300.0, 252.4), (300.0, 252.4), (300.0, 246.8), (300.0, 246.8), (300.0, 246.8), (300.0, 246.8), (300.0, 246.8), (300.0, 246.8), (286.0, 244.0), (286.0, 244.0), (286.0, 244.0), (286.0, 244.0), (291.6, 244.0), (300.0, 260.8), (300.0, 288.8), (319.6, 305.6), (344.8, 308.4), (353.2, 308.4), (353.2, 308.4), (353.2, 308.4), (353.2, 308.4), (353.2, 308.4), (353.2, 308.4), (353.2, 308.4), (353.2, 308.4), (353.2, 308.4), (353.2, 308.4), (353.2, 308.4), (353.2, 308.4), (353.2, 308.4), (353.2, 308.4), (353.2, 308.4), (353.2, 308.4), (353.2, 308.4), (353.2, 308.4), (353.2, 308.4), (353.2, 308.4), (353.2, 308.4), (353.2, 308.4), (353.2, 308.4), (353.2, 308.4), (353.2, 308.4), (353.2, 308.4), (353.2, 308.4), (353.2, 308.4), (353.2, 308.4), (353.2, 308.4), (353.2, 308.4), (353.2, 308.4), (353.2, 308.4), (353.2, 308.4), (353.2, 308.4), (353.2, 308.4), (342.0, 308.4), (316.8, 308.4), (300.0, 316.8), (300.0, 322.4), (300.0, 319.6), (300.0, 316.8), (300.0, 322.4), (300.0, 319.6), (300.0, 316.8), (300.0, 322.4), (300.0, 319.6), (300.0, 316.8), (300.0, 322.4), (300.0, 319.6), (300.0, 316.8), (300.0, 322.4), (300.0, 319.6), (300.0, 316.8), (300.0, 322.4), (300.0, 314.0), (288.8, 302.8), (288.8, 302.8), (288.8, 302.8), (288.8, 302.8), (288.8, 302.8), (288.8, 302.8), (288.8, 302.8), (288.8, 302.8), (288.8, 302.8), (288.8, 302.8), (288.8, 302.8), (288.8, 302.8), (288.8, 302.8), (288.8, 302.8), (272.0, 308.4), (255.2, 308.4), (238.4, 322.4), (238.4, 319.6), (238.4, 316.8), (238.4, 322.4), (238.4, 319.6), (238.4, 316.8), (238.4, 322.4), (238.4, 319.6), (238.4, 316.8), (238.4, 322.4), (238.4, 319.6), (238.4, 316.8), (238.4, 322.4), (241.2, 314.0), (238.4, 302.8), (221.6, 302.8), (221.6, 302.8), (221.6, 302.8), (221.6, 302.8), (221.6, 302.8), (221.6, 302.8), (221.6, 302.8), (221.6, 302.8), (221.6, 302.8), (221.6, 302.8), (221.6, 302.8), (221.6, 302.8), (221.6, 302.8), (221.6, 302.8), (221.6, 302.8), (221.6, 302.8), (210.4, 308.4), (210.4, 308.4), (204.8, 308.4), (188.0, 308.4), (176.8, 319.6), (176.8, 319.6), (176.8, 319.6), (176.8, 319.6), (176.8, 319.6), (176.8, 319.6), (176.8, 319.6), (176.8, 319.6), (176.8, 319.6), (179.6, 314.0), (179.6, 308.4), (165.6, 308.4), (160.0, 308.4), (160.0, 308.4), (160.0, 308.4), (160.0, 308.4), (160.0, 308.4), (160.0, 308.4), (160.0, 308.4), (160.0, 308.4), (160.0, 308.4), (160.0, 308.4), (160.0, 308.4), (160.0, 308.4), (160.0, 308.4), (160.0, 308.4), (160.0, 308.4), (148.8, 308.4), (148.8, 308.4), (148.8, 308.4), (148.8, 308.4), (148.8, 308.4), (129.2, 308.4), (109.6, 316.8), (109.6, 322.4), (112.4, 319.6), (112.4, 319.6), (112.4, 319.6), (112.4, 319.6), (115.2, 316.8), (115.2, 322.4), (115.2, 319.6), (115.2, 319.6), (115.2, 319.6), (115.2, 319.6), (115.2, 319.6), (115.2, 319.6), (115.2, 319.6), (115.2, 319.6), (115.2, 319.6), (115.2, 319.6), (115.2, 319.6), (115.2, 319.6), (115.2, 319.6), (115.2, 319.6), (115.2, 319.6), (115.2, 319.6), (115.2, 319.6), (115.2, 319.6), (115.2, 319.6), (115.2, 319.6), (115.2, 319.6), (115.2, 319.6), (115.2, 319.6), (115.2, 319.6)]",0,1,32.7
speedrunner,bomberman,5,Bomb,3,0,25.77,0.9,"[(48.0, 48.0), (70.4, 50.8), (101.2, 50.8), (115.2, 67.6), (115.2, 95.6), (126.4, 115.2), (151.6, 115.2), (176.8, 120.8), (179.6, 143.2), (179.6, 171.2), (199.2, 179.6), (227.2, 179.6), (244.0, 193.6), (244.0, 218.8), (249.6, 244.0), (272.0, 244.0), (300.0, 246.8), (308.4, 269.2), (305.6, 297.2), (308.4, 319.6), (300.0, 342.0), (300.0, 353.2), (300.0, 353.2), (300.0, 353.2), (300.0, 353.2), (300.0, 353.2), (300.0, 353.2), (300.0, 353.2), (300.0, 353.2), (300.0, 353.2), (300.0, 353.2), (300.0, 353.2), (300.0, 353.2), (300.0, 353.2), (300.0, 353.2), (300.0, 353.2), (300.0, 353.2), (305.6, 353.2), (305.6, 353.2), (305.6, 353.2), (305.6, 353.2), (305.6, 353.2), (305.6, 353.2), (305.6, 353.2), (305.6, 353.2), (305.6, 353.2), (305.6, 353.2), (305.6, 353.2), (305.6, 353.2), (305.6, 353.2), (305.6, 353.2), (305.6, 353.2), (305.6, 353.2), (300.0, 353.2), (300.0, 353.2), (300.0, 356.0), (300.0, 350.4), (300.0, 353.2), (300.0, 356.0), (300.0, 350.4), (300.0, 353.2), (300.0, 356.0), (300.0, 350.4), (300.0, 353.2), (300.0, 356.0), (300.0, 350.4), (300.0, 353.2)]",0,1,8.8
speedrunner,bomberman,5,Bomb,3,0,26.12,0.8,"[(48.0, 48.0), (70.4, 50.8), (101.2, 50.8), (115.2, 67.6), (115.2, 95.6), (126.4, 115.2), (151.6, 115.2), (176.8, 120.8), (179.6, 143.2), (179.6, 171.2), (199.2, 179.6), (227.2, 179.6), (244.0, 193.6), (244.0, 218.8), (249.6, 244.0), (272.0, 244.0), (300.0, 246.8), (300.0, 269.2), (308.4, 291.6), (308.4, 291.6), (308.4, 291.6), (308.4, 291.6), (308.4, 291.6), (308.4, 291.6), (308.4, 291.6), (308.4, 291.6), (308.4, 291.6), (308.4, 291.6), (308.4, 291.6), (308.4, 291.6), (308.4, 291.6), (308.4, 291.6), (308.4, 291.6), (308.4, 291.6), (308.4, 291.6), (308.4, 291.6), (308.4, 291.6), (305.6, 291.6), (305.6, 291.6), (300.0, 291.6), (300.0, 288.8), (300.0, 288.8), (300.0, 291.6), (302.8, 286.0), (302.8, 286.0), (302.8, 286.0), (302.8, 286.0), (302.8, 286.0), (302.8, 286.0), (302.8, 286.0), (302.8, 286.0), (302.8, 286.0), (302.8, 286.0), (302.8, 286.0), (302.8, 286.0), (302.8, 286.0), (302.8, 286.0), (302.8, 286.0), (302.8, 286.0), (302.8, 286.0), (302.8, 286.0), (302.8, 286.0), (302.8, 286.0), (302.8, 286.0), (302.8, 286.0), (302.8, 286.0)]",0,1,8.68
speedrunner,bomberman,5,Bomb,8,0,26.76,0.8,"[(48.0, 48.0), (70.4, 50.8), (101.2, 50.8), (115.2, 67.6), (115.2, 95.6), (126.4, 115.2), (151.6, 115.2), (176.8, 120.8), (179.6, 143.2), (179.6, 171.2), (199.2, 179.6), (227.2, 179.6), (244.0, 193.6), (244.0, 218.8), (249.6, 244.0), (272.0, 244.0), (300.0, 246.8), (300.0, 269.2), (308.4, 291.6), (308.4, 291.6), (308.4, 291.6), (308.4, 291.6), (308.4, 291.6), (308.4, 291.6), (308.4, 291.6), (308.4, 291.6), (308.4, 291.6), (308.4, 291.6), (308.4, 291.6), (308.4, 291.6), (308.4, 291.6), (308.4, 291.6), (308.4, 291.6), (308.4, 291.6), (308.4, 291.6), (308.4, 291.6), (308.4, 291.6), (308.4, 297.2), (308.4, 297.2), (308.4, 297.2), (308.4, 291.6), (308.4, 291.6), (308.4, 286.0), (308.4, 286.0), (308.4, 286.0), (308.4, 286.0), (308.4, 286.0), (308.4, 286.0), (308.4, 286.0), (308.4, 286.0), (308.4, 286.0), (308.4, 286.0), (308.4, 286.0), (308.4, 286.0), (308.4, 286.0), (308.4, 286.0), (308.4, 286.0), (308.4, 286.0), (308.4, 286.0), (308.4, 286.0), (308.4, 286.0), (308.4, 286.0), (308.4, 286.0), (308.4, 286.0), (308.4, 286.0), (308.4, 286.0)]",0,1,8.68
speedrunner,bomberman,5,Bomb,3,0,24.88,0.8,"[(48.0, 48.0), (70.4, 50.8), (101.2, 50.8), (115.2, 67.6), (115.2, 95.6), (126.4, 115.2), (151.6, 115.2), (176.8, 120.8), (179.6, 143.2), (179.6, 171.2), (199.2, 179.6), (227.2, 179.6), (244.0, 193.6), (244.0, 218.8), (249.6, 244.0), (272.0, 244.0), (300.0, 246.8), (300.0, 269.2), (308.4, 297.2), (308.4, 314.0), (308.4, 314.0), (308.4, 314.0), (308.4, 314.0), (308.4, 314.0), (308.4, 314.0), (308.4, 314.0), (308.4, 314.0), (308.4, 314.0), (308.4, 314.0), (308.4, 314.0), (308.4, 314.0), (308.4, 314.0), (308.4, 314.0), (308.4, 314.0), (308.4, 314.0), (308.4, 314.0), (308.4, 314.0), (308.4, 314.0), (308.4, 314.0), (308.4, 308.4), (308.4, 308.4), (302.8, 302.8), (302.8, 302.8), (297.2, 302.8), (297.2, 300.0), (297.2, 300.0), (291.6, 300.0), (291.6, 300.0), (291.6, 300.0), (291.6, 300.0), (291.6, 300.0), (291.6, 300.0), (297.2, 300.0), (297.2, 300.0), (297.2, 300.0), (300.0, 283.2), (300.0, 277.6), (300.0, 280.4), (300.0, 283.2), (300.0, 277.6), (300.0, 280.4), (300.0, 283.2), (302.8, 286.0), (302.8, 286.0), (302.8, 286.0), (302.8, 286.0), (302.8, 286.0), (302.8, 286.0), (302.8, 286.0)]",0,1,9.12
speedrunner,bomberman,5,Bomb,3,0,2.03,0.7,"[(48.0, 48.0), (70.4, 50.8), (101.2, 50.8), (115.2, 67.6), (115.2, 95.6), (126.4, 115.2), (151.6, 115.2), (176.8, 120.8), (179.6, 143.2), (179.6, 171.2), (199.2, 179.6), (227.2, 179.6), (244.0, 193.6), (244.0, 218.8), (249.6, 244.0), (272.0, 244.0), (300.0, 246.8), (300.0, 269.2), (308.4, 297.2), (308.4, 314.0), (308.4, 314.0), (308.4, 314.0), (308.4, 314.0), (308.4, 314.0), (308.4, 314.0), (308.4, 314.0), (308.4, 314.0), (308.4, 314.0), (308.4, 314.0), (308.4, 314.0), (308.4, 314.0), (308.4, 314.0), (308.4, 314.0), (308.4, 314.0), (308.4, 314.0), (308.4, 314.0), (308.4, 314.0), (308.4, 314.0), (300.0, 308.4), (288.8, 308.4), (288.8, 308.4), (288.8, 308.4), (288.8, 308.4), (288.8, 308.4), (288.8, 308.4), (288.8, 308.4), (288.8, 308.4), (288.8, 308.4), (288.8, 308.4), (288.8, 308.4), (288.8, 308.4), (288.8, 308.4), (288.8, 308.4), (288.8, 308.4), (272.0, 308.4), (255.2, 308.4), (238.4, 322.4), (238.4, 319.6), (238.4, 316.8), (238.4, 322.4), (238.4, 319.6), (238.4, 316.8), (238.4, 322.4), (238.4, 319.6), (238.4, 316.8), (238.4, 322.4), (238.4, 319.6), (241.2, 319.6), (241.2, 319.6), (241.2, 319.6), (241.2, 319.6), (241.2, 319.6), (238.4, 319.6), (238.4, 314.0), (238.4, 314.0), (238.4, 314.0), (238.4, 314.0), (238.4, 308.4), (221.6, 308.4), (221.6, 305.6), (221.6, 305.6), (221.6, 305.6), (221.6, 305.6), (221.6, 305.6), (221.6, 305.6), (210.4, 308.4), (210.4, 308.4), (210.4, 308.4), (210.4, 308.4), (207.6, 308.4), (193.6, 308.4), (174.0, 316.8), (174.0, 322.4), (174.0, 322.4), (174.0, 322.4), (174.0, 322.4), (174.0, 322.4), (174.0, 322.4), (174.0, 322.4), (174.0, 322.4), (174.0, 322.4), (174.0, 322.4), (174.0, 322.4), (174.0, 322.4), (174.0, 322.4), (174.0, 322.4), (174.0, 322.4), (174.0, 316.8), (174.0, 316.8), (174.0, 311.2), (174.0, 311.2), (174.0, 311.2), (174.0, 311.2), (160.0, 308.4), (160.0, 308.4), (160.0, 308.4), (160.0, 308.4), (160.0, 308.4), (148.8, 308.4), (148.8, 308.4), (148.8, 308.4), (148.8, 308.4), (148.8, 308.4), (148.8, 308.4), (132.0, 308.4), (112.4, 314.0), (112.4, 319.6), (112.4, 319.6), (112.4, 319.6), (112.4, 319.6), (112.4, 319.6), (112.4, 319.6), (112.4, 319.6), (112.4, 319.6), (112.4, 319.6), (112.4, 319.6), (112.4, 319.6), (109.6, 319.6), (109.6, 314.0), (109.6, 314.0), (109.6, 314.0), (109.6, 314.0), (109.6, 314.0), (109.6, 308.4), (98.4, 308.4), (98.4, 308.4), (98.4, 308.4), (98.4, 308.4), (98.4, 308.4), (98.4, 308.4), (81.6, 308.4), (84.4, 308.4), (84.4, 308.4), (84.4, 308.4), (84.4, 308.4), (84.4, 308.4)]",0,1,20.68
speedrunner,bomberman,5,Bomb,155,0,12.49,0.95,"[(48.0, 48.0), (70.4, 50.8), (101.2, 50.8), (115.2, 67.6), (115.2, 95.6), (126.4, 115.2), (151.6, 115.2), (176.8, 120.8), (179.6, 143.2), (179.6, 171.2), (199.2, 179.6), (227.2, 179.6), (244.0, 193.6), (244.0, 218.8), (249.6, 244.0), (272.0, 244.0), (300.0, 246.8), (300.0, 269.2), (308.4, 297.2), (308.4, 319.6), (300.0, 342.0), (300.0, 353.2), (300.0, 347.6), (302.8, 350.4), (300.0, 353.2), (300.0, 347.6), (302.8, 350.4), (300.0, 353.2), (300.0, 347.6), (302.8, 350.4), (300.0, 353.2), (300.0, 347.6), (302.8, 350.4), (300.0, 353.2), (300.0, 347.6), (302.8, 350.4), (300.0, 353.2), (300.0, 347.6), (302.8, 350.4), (300.0, 353.2), (305.6, 353.2), (300.0, 344.8), (300.0, 330.8), (308.4, 311.2), (308.4, 311.2), (308.4, 311.2), (308.4, 311.2), (308.4, 311.2), (305.6, 311.2), (291.6, 308.4), (286.0, 305.6), (286.0, 305.6), (286.0, 305.6), (286.0, 305.6), (286.0, 305.6), (286.0, 305.6), (286.0, 305.6), (286.0, 305.6), (286.0, 305.6), (286.0, 305.6), (286.0, 305.6), (286.0, 305.6), (286.0, 305.6), (286.0, 305.6), (286.0, 305.6), (286.0, 305.6), (286.0, 305.6), (286.0, 305.6), (286.0, 305.6), (286.0, 305.6), (286.0, 305.6), (286.0, 305.6), (286.0, 305.6), (286.0, 305.6), (300.0, 305.6), (300.0, 288.8), (300.0, 288.8), (300.0, 288.8), (300.0, 288.8), (300.0, 288.8), (300.0, 288.8), (300.0, 288.8), (300.0, 288.8), (300.0, 288.8), (300.0, 288.8), (300.0, 288.8), (300.0, 288.8), (300.0, 288.8), (300.0, 283.2), (300.0, 277.6), (300.0, 272.0), (300.0, 272.0), (300.0, 266.4), (300.0, 266.4), (300.0, 263.6), (300.0, 255.2), (300.0, 255.2), (300.0, 255.2), (300.0, 255.2), (300.0, 255.2), (300.0, 255.2), (300.0, 255.2), (300.0, 255.2), (300.0, 255.2), (308.4, 272.0), (308.4, 294.4), (308.4, 316.8), (308.4, 339.2), (311.2, 367.2), (333.6, 372.8), (339.2, 372.8), (339.2, 372.8), (339.2, 372.8), (339.2, 372.8), (339.2, 372.8), (339.2, 372.8), (339.2, 372.8), (339.2, 372.8), (339.2, 372.8), (339.2, 372.8), (339.2, 372.8), (339.2, 372.8), (339.2, 372.8), (339.2, 372.8), (339.2, 372.8), (339.2, 372.8), (339.2, 372.8), (339.2, 372.8), (339.2, 372.8), (339.2, 372.8), (339.2, 372.8), (339.2, 372.8), (339.2, 372.8), (339.2, 372.8), (339.2, 372.8), (339.2, 372.8), (339.2, 372.8), (339.2, 372.8), (339.2, 372.8), (339.2, 372.8), (339.2, 372.8), (339.2, 372.8), (339.2, 372.8), (339.2, 372.8), (339.2, 372.8), (339.2, 372.8), (339.2, 372.8), (339.2, 372.8), (339.2, 372.8), (339.2, 372.8), (339.2, 372.8), (339.2, 372.8), (339.2, 372.8), (339.2, 372.8), (339.2, 372.8), (339.2, 372.8), (339.2, 372.8), (339.2, 372.8), (339.2, 372.8), (339.2, 372.8)]",0,2,21.3
speedrunner,bomberman,5,Bomb,103,0,24.39,0.7,"[(48.0, 48.0), (70.4, 50.8), (101.2, 50.8), (115.2, 67.6), (115.2, 95.6), (126.4, 115.2), (151.6, 115.2), (176.8, 120.8), (179.6, 143.2), (179.6, 171.2), (199.2, 179.6), (227.2, 179.6), (244.0, 193.6), (244.0, 218.8), (249.6, 244.0), (272.0, 244.0), (300.0, 246.8), (305.6, 269.2), (302.8, 286.0), (302.8, 286.0), (302.8, 286.0), (302.8, 286.0), (302.8, 286.0), (302.8, 286.0), (302.8, 286.0), (302.8, 286.0), (302.8, 286.0), (302.8, 286.0), (302.8, 286.0), (302.8, 286.0), (302.8, 286.0), (302.8, 286.0), (302.8, 286.0), (302.8, 286.0), (302.8, 286.0), (302.8, 286.0), (302.8, 286.0), (302.8, 286.0), (302.8, 286.0), (302.8, 286.0), (308.4, 286.0), (308.4, 286.0), (308.4, 286.0), (308.4, 286.0), (308.4, 286.0), (308.4, 286.0), (308.4, 286.0), (308.4, 286.0), (308.4, 286.0), (308.4, 286.0), (308.4, 286.0), (308.4, 286.0), (302.8, 286.0), (302.8, 286.0), (302.8, 286.0), (302.8, 286.0), (302.8, 286.0), (300.0, 283.2), (300.0, 286.0), (300.0, 280.4), (300.0, 274.8), (300.0, 269.2), (300.0, 258.0), (300.0, 255.2), (300.0, 252.4), (300.0, 258.0), (300.0, 255.2), (300.0, 252.4), (300.0, 258.0), (300.0, 255.2)]",0,0,9.3
speedrunner,bomberman,5,Bomb,2,0,26.76,0.8,"[(48.0, 48.0), (70.4, 50.8), (101.2, 50.8), (115.2, 67.6), (115.2, 95.6), (126.4, 115.2), (151.6, 115.2), (176.8, 120.8), (179.6, 143.2), (179.6, 171.2), (199.2, 179.6), (227.2, 179.6), (244.0, 193.6), (244.0, 218.8), (249.6, 244.0), (272.0, 244.0), (300.0, 246.8), (300.0, 269.2), (308.4, 297.2), (308.4, 297.2), (308.4, 297.2), (308.4, 297.2), (308.4, 297.2), (308.4, 297.2), (308.4, 297.2), (308.4, 297.2), (308.4, 297.2), (308.4, 297.2), (308.4, 297.2), (308.4, 297.2), (308.4, 297.2), (308.4, 297.2), (308.4, 297.2), (308.4, 297.2), (308.4, 297.2), (308.4, 297.2), (308.4, 302.8), (308.4, 302.8), (308.4, 302.8), (308.4, 302.8), (308.4, 302.8), (308.4, 302.8), (308.4, 302.8), (308.4, 302.8), (308.4, 302.8), (308.4, 297.2), (308.4, 297.2), (308.4, 297.2), (308.4, 291.6), (308.4, 286.0), (308.4, 286.0), (308.4, 286.0), (308.4, 286.0), (308.4, 286.0), (308.4, 286.0), (308.4, 286.0), (308.4, 286.0), (308.4, 286.0), (308.4, 286.0), (308.4, 286.0), (308.4, 286.0), (308.4, 286.0), (308.4, 286.0), (308.4, 286.0), (308.4, 286.0), (308.4, 286.0)]",0,1,8.68
speedrunner,bomberman,5,Bomb,3,0,24.51,0.75,"[(48.0, 48.0), (70.4, 50.8), (101.2, 50.8), (115.2, 67.6), (115.2, 95.6), (126.4, 115.2), (151.6, 115.2), (176.8, 120.8), (179.6, 143.2), (179.6, 171.2), (199.2, 179.6), (227.2, 179.6), (244.0, 193.6), (244.0, 218.8), (249.6, 244.0), (272.0, 244.0), (300.0, 246.8), (300.0, 269.2), (308.4, 297.2), (308.4, 302.8), (308.4, 302.8), (308.4, 302.8), (308.4, 302.8), (308.4, 302.8), (308.4, 302.8), (308.4, 302.8), (308.4, 302.8), (308.4, 302.8), (308.4, 302.8), (308.4, 302.8), (308.4, 302.8), (308.4, 302.8), (308.4, 302.8), (308.4, 302.8), (308.4, 302.8), (308.4, 302.8), (308.4, 302.8), (308.4, 302.8), (300.0, 302.8), (288.8, 302.8), (288.8, 308.4), (288.8, 308.4), (288.8, 308.4), (288.8, 308.4), (288.8, 308.4), (288.8, 308.4), (288.8, 308.4), (288.8, 308.4), (288.8, 308.4), (288.8, 308.4), (288.8, 308.4), (288.8, 308.4), (288.8, 308.4), (288.8, 308.4), (288.8, 308.4), (288.8, 308.4), (288.8, 308.4), (288.8, 308.4), (288.8, 308.4), (288.8, 308.4), (288.8, 308.4), (288.8, 308.4), (288.8, 308.4), (288.8, 308.4), (288.8, 308.4), (288.8, 308.4)]",0,1,8.68
speedrunner,bomberman,5,Bomb,155,0,12.49,0.95,"[(48.0, 48.0), (70.4, 50.8), (101.2, 50.8), (115.2, 67.6), (115.2, 95.6), (126.4, 115.2), (151.6, 115.2), (176.8, 120.8), (179.6, 143.2), (179.6, 171.2), (199.2, 179.6), (227.2, 179.6), (244.0, 193.6), (244.0, 218.8), (249.6, 244.0), (272.0, 244.0), (300.0, 246.8), (300.0, 269.2), (308.4, 297.2), (308.4, 319.6), (300.0, 342.0), (300.0, 353.2), (300.0, 347.6), (302.8, 350.4), (300.0, 353.2), (300.0, 347.6), (302.8, 350.4), (300.0, 353.2), (300.0, 347.6), (302.8, 350.4), (300.0, 353.2), (300.0, 347.6), (302.8, 350.4), (300.0, 353.2), (300.0, 347.6), (302.8, 350.4), (300.0, 353.2), (300.0, 347.6), (302.8, 350.4), (300.0, 353.2), (305.6, 353.2), (300.0, 344.8), (300.0, 330.8), (308.4, 311.2), (308.4, 311.2), (308.4, 311.2), (308.4, 311.2), (308.4, 311.2), (305.6, 311.2), (291.6, 308.4), (286.0, 305.6), (286.0, 305.6), (286.0, 305.6), (286.0, 305.6), (286.0, 305.6), (286.0, 305.6), (286.0, 305.6), (286.0, 305.6), (286.0, 305.6), (286.0, 305.6), (286.0, 305.6), (286.0, 305.6), (286.0, 305.6), (286.0, 305.6), (286.0, 305.6), (286.0, 305.6), (286.0, 305.6), (286.0, 305.6), (286.0, 305.6), (286.0, 305.6), (286.0, 305.6), (286.0, 305.6), (286.0, 305.6), (286.0, 305.6), (300.0, 305.6), (300.0, 288.8), (300.0, 288.8), (300.0, 288.8), (300.0, 288.8), (300.0, 288.8), (300.0, 288.8), (300.0, 288.8), (300.0, 288.8), (300.0, 288.8), (300.0, 288.8), (300.0, 288.8), (300.0, 288.8), (300.0, 288.8), (300.0, 283.2), (300.0, 277.6), (300.0, 272.0), (300.0, 272.0), (300.0, 266.4), (300.0, 266.4), (300.0, 263.6), (300.0, 255.2), (300.0, 255.2), (300.0, 255.2), (300.0, 255.2), (300.0, 255.2), (300.0, 255.2), (300.0, 255.2), (300.0, 255.2), (300.0, 255.2), (308.4, 272.0), (308.4, 294.4), (308.4, 316.8), (308.4, 339.2), (311.2, 367.2), (333.6, 372.8), (339.2, 372.8), (339.2, 372.8), (339.2, 372.8), (339.2, 372.8), (339.2, 372.8), (339.2, 372.8), (339.2, 372.8), (339.2, 372.8), (339.2, 372.8), (339.2, 372.8), (339.2, 372.8), (339.2, 372.8), (339.2, 372.8), (339.2, 372.8), (339.2, 372.8), (339.2, 372.8), (339.2, 372.8), (339.2, 372.8), (339.2, 372.8), (339.2, 372.8), (339.2, 372.8), (339.2, 372.8), (339.2, 372.8), (339.2, 372.8), (339.2, 372.8), (339.2, 372.8), (339.2, 372.8), (339.2, 372.8), (339.2, 372.8), (339.2, 372.8), (339.2, 372.8), (339.2, 372.8), (339.2, 372.8), (339.2, 372.8), (339.2, 372.8), (339.2, 372.8), (339.2, 372.8), (339.2, 372.8), (339.2, 372.8), (339.2, 372.8), (339.2, 372.8), (339.2, 372.8), (339.2, 372.8), (339.2, 372.8), (339.2, 372.8), (339.2, 372.8), (339.2, 372.8), (339.2, 372.8), (339.2, 372.8), (339.2, 372.8)]",0,2,21.3
speedrunner,bomberman,5,Bomb,141,0,2.31,0.9,"[(48.0, 48.0), (70.4, 50.8), (101.2, 50.8), (115.2, 67.6), (115.2, 95.6), (126.4, 115.2), (151.6, 115.2), (176.8, 120.8), (179.6, 143.2), (179.6, 171.2), (199.2, 179.6), (227.2, 179.6), (244.0, 193.6), (244.0, 218.8), (249.6, 244.0), (272.0, 244.0), (300.0, 246.8), (300.0, 269.2), (302.8, 286.0), (302.8, 286.0), (302.8, 286.0), (302.8, 286.0), (302.8, 286.0), (302.8, 286.0), (302.8, 286.0), (302.8, 286.0), (302.8, 286.0), (302.8, 286.0), (302.8, 286.0), (302.8, 286.0), (302.8, 286.0), (302.8, 286.0), (302.8, 286.0), (302.8, 286.0), (302.8, 286.0), (302.8, 286.0), (300.0, 286.0), (300.0, 280.4), (300.0, 283.2), (300.0, 269.2), (302.8, 258.0), (302.8, 258.0), (302.8, 258.0), (302.8, 258.0), (302.8, 258.0), (302.8, 258.0), (302.8, 258.0), (300.0, 255.2), (300.0, 252.4), (300.0, 258.0), (300.0, 255.2), (300.0, 252.4), (300.0, 258.0), (300.0, 255.2), (300.0, 252.4), (300.0, 258.0), (300.0, 255.2), (300.0, 252.4), (300.0, 252.4), (300.0, 246.8), (300.0, 246.8), (300.0, 246.8), (300.0, 246.8), (300.0, 246.8), (300.0, 246.8), (286.0, 244.0), (286.0, 244.0), (286.0, 244.0), (286.0, 244.0), (291.6, 244.0), (300.0, 260.8), (300.0, 288.8), (319.6, 305.6), (344.8, 308.4), (353.2, 308.4), (353.2, 308.4), (353.2, 308.4), (353.2, 308.4), (353.2, 308.4), (353.2, 308.4), (353.2, 308.4), (353.2, 308.4), (353.2, 308.4), (353.2, 308.4), (353.2, 308.4), (353.2, 308.4), (353.2, 308.4), (353.2, 308.4), (353.2, 308.4), (353.2, 308.4), (353.2, 308.4), (353.2, 308.4), (353.2, 308.4), (353.2, 308.4), (353.2, 308.4), (353.2, 308.4), (353.2, 308.4), (353.2, 308.4), (353.2, 308.4), (353.2, 308.4), (353.2, 308.4), (353.2, 308.4), (353.2, 308.4), (353.2, 308.4), (353.2, 308.4), (353.2, 308.4), (353.2, 308.4), (353.2, 308.4), (353.2, 308.4), (353.2, 308.4), (342.0, 308.4), (316.8, 308.4), (300.0, 316.8), (300.0, 322.4), (300.0, 319.6), (300.0, 316.8), (300.0, 322.4), (300.0, 319.6), (300.0, 316.8), (300.0, 322.4), (300.0, 319.6), (300.0, 316.8), (300.0, 322.4), (300.0, 319.6), (300.0, 316.8), (300.0, 322.4), (300.0, 319.6), (300.0, 316.8), (300.0, 322.4), (300.0, 314.0), (288.8, 302.8), (288.8, 302.8), (288.8, 302.8), (288.8, 302.8), (288.8, 302.8), (288.8, 302.8), (288.8, 302.8), (288.8, 302.8), (288.8, 302.8), (288.8, 302.8), (288.8, 302.8), (288.8, 302.8), (288.8, 302.8), (288.8, 302.8), (272.0, 308.4), (255.2, 308.4), (238.4, 322.4), (238.4, 319.6), (238.4, 316.8), (238.4, 322.4), (238.4, 319.6), (238.4, 316.8), (238.4, 322.4), (238.4, 319.6), (238.4, 316.8), (238.4, 322.4), (238.4, 319.6), (238.4, 316.8), (238.4, 322.4), (241.2, 314.0), (238.4, 302.8), (221.6, 302.8), (221.6, 302.8), (221.6, 302.8), (221.6, 302.8), (221.6, 302.8), (221.6, 302.8), (221.6, 302.8), (221.6, 302.8), (221.6, 302.8), (221.6, 302.8), (221.6, 302.8), (221.6, 302.8), (221.6, 302.8), (221.6, 302.8), (221.6, 302.8), (221.6, 302.8), (210.4, 308.4), (210.4, 308.4), (204.8, 308.4), (188.0, 308.4), (176.8, 319.6), (176.8, 319.6), (176.8, 319.6), (176.8, 319.6), (176.8, 319.6), (176.8, 319.6), (176.8, 319.6), (176.8, 319.6), (176.8, 319.6), (179.6, 314.0), (179.6, 308.4), (165.6, 308.4), (160.0, 308.4), (160.0, 308.4), (160.0, 308.4), (160.0, 308.4), (160.0, 308.4), (160.0, 308.4), (160.0, 308.4), (160.0, 308.4), (160.0, 308.4), (160.0, 308.4), (160.0, 308.4), (160.0, 308.4), (160.0, 308.4), (160.0, 308.4), (160.0, 308.4), (148.8, 308.4), (148.8, 308.4), (148.8, 308.4), (148.8, 308.4), (148.8, 308.4), (129.2, 308.4), (109.6, 316.8), (109.6, 322.4), (112.4, 319.6), (112.4, 319.6), (112.4, 319.6), (112.4, 319.6), (115.2, 316.8), (115.2, 322.4), (115.2, 319.6), (115.2, 319.6), (115.2, 319.6), (115.2, 319.6), (115.2, 319.6), (115.2, 319.6), (115.2, 319.6), (115.2, 319.6), (115.2, 319.6), (115.2, 319.6), (115.2, 319.6), (115.2, 319.6), (115.2, 319.6), (115.2, 319.6), (115.2, 319.6), (115.2, 319.6), (115.2, 319.6), (115.2, 319.6), (115.2, 319.6), (115.2, 319.6), (115.2, 319.6), (115.2, 319.6), (115.2, 319.6), (115.2, 319.6)]",0,1,32.7
speedrunner,bomberman,5,Bomb,3,0,25.77,0.9,"[(48.0, 48.0), (70.4, 50.8), (101.2, 50.8), (115.2, 67.6), (115.2, 95.6), (126.4, 115.2), (151.6, 115.2), (176.8, 120.8), (179.6, 143.2), (179.6, 171.2), (199.2, 179.6), (227.2, 179.6), (244.0, 193.6), (244.0, 218.8), (249.6, 244.0), (272.0, 244.0), (300.0, 246.8), (308.4, 269.2), (305.6, 297.2), (308.4, 319.6), (300.0, 342.0), (300.0, 353.2), (300.0, 353.2), (300.0, 353.2), (300.0, 353.2), (300.0, 353.2), (300.0, 353.2), (300.0, 353.2), (300.0, 353.2), (300.0, 353.2), (300.0, 353.2), (300.0, 353.2), (300.0, 353.2), (300.0, 353.2), (300.0, 353.2), (300.0, 353.2), (300.0, 353.2), (305.6, 353.2), (305.6, 353.2), (305.6, 353.2), (305.6, 353.2), (305.6, 353.2), (305.6, 353.2), (305.6, 353.2), (305.6, 353.2), (305.6, 353.2), (305.6, 353.2), (305.6, 353.2), (305.6, 353.2), (305.6, 353.2), (305.6, 353.2), (305.6, 353.2), (305.6, 353.2), (300.0, 353.2), (300.0, 353.2), (300.0, 356.0), (300.0, 350.4), (300.0, 353.2), (300.0, 356.0), (300.0, 350.4), (300.0, 353.2), (300.0, 356.0), (300.0, 350.4), (300.0, 353.2), (300.0, 356.0), (300.0, 350.4), (300.0, 353.2)]",0,1,8.8
speedrunner,bomberman,5,Bomb,2,0,26.76,0.8,"[(48.0, 48.0), (70.4, 50.8), (101.2, 50.8), (115.2, 67.6), (115.2, 95.6), (126.4, 115.2), (151.6, 115.2), (176.8, 120.8), (179.6, 143.2), (179.6, 171.2), (199.2, 179.6), (227.2, 179.6), (244.0, 193.6), (244.0, 218.8), (249.6, 244.0), (272.0, 244.0), (300.0, 246.8), (300.0, 269.2), (308.4, 297.2), (308.4, 297.2), (308.4, 297.2), (308.4, 297.2), (308.4, 297.2), (308.4, 297.2), (308.4, 297.2), (308.4, 297.2), (308.4, 297.2), (308.4, 297.2), (308.4, 297.2), (308.4, 297.2), (308.4, 297.2), (308.4, 297.2), (308.4, 297.2), (308.4, 297.2), (308.4, 297.2), (308.4, 297.2), (308.4, 302.8), (308.4, 302.8), (308.4, 302.8), (308.4, 302.8), (308.4, 302.8), (308.4, 302.8), (308.4, 302.8), (308.4, 302.8), (308.4, 302.8), (308.4, 297.2), (308.4, 297.2), (308.4, 297.2), (308.4, 291.6), (308.4, 286.0), (308.4, 286.0), (308.4, 286.0), (308.4, 286.0), (308.4, 286.0), (308.4, 286.0), (308.4, 286.0), (308.4, 286.0), (308.4, 286.0), (308.4, 286.0), (308.4, 286.0), (308.4, 286.0), (308.4, 286.0), (308.4, 286.0), (308.4, 286.0), (308.4, 286.0), (308.4, 286.0)]",0,1,8.68
speedrunner,bomberman,5,Bomb,3,0,24.88,0.8,"[(48.0, 48.0), (70.4, 50.8), (101.2, 50.8), (115.2, 67.6), (115.2, 95.6), (126.4, 115.2), (151.6, 115.2), (176.8, 120.8), (179.6, 143.2), (179.6, 171.2), (199.2, 179.6), (227.2, 179.6), (244.0, 193.6), (244.0, 218.8), (249.6, 244.0), (272.0, 244.0), (300.0, 246.8), (300.0, 269.2), (308.4, 297.2), (308.4, 314.0), (308.4, 314.0), (308.4, 314.0), (308.4, 314.0), (308.4, 314.0), (308.4, 314.0), (308.4, 314.0), (308.4, 314.0), (308.4, 314.0), (308.4, 314.0), (308.4, 314.0), (308.4, 314.0), (308.4, 314.0), (308.4, 314.0), (308.4, 314.0), (308.4, 314.0), (308.4, 314.0), (308.4, 314.0), (308.4, 314.0), (308.4, 314.0), (308.4, 308.4), (308.4, 308.4), (302.8, 302.8), (302.8, 302.8), (297.2, 302.8), (297.2, 300.0), (297.2, 300.0), (291.6, 300.0), (291.6, 300.0), (291.6, 300.0), (291.6, 300.0), (291.6, 300.0), (291.6, 300.0), (297.2, 300.0), (297.2, 300.0), (297.2, 300.0), (300.0, 283.2), (300.0, 277.6), (300.0, 280.4), (300.0, 283.2), (300.0, 277.6), (300.0, 280.4), (300.0, 283.2), (302.8, 286.0), (302.8, 286.0), (302.8, 286.0), (302.8, 286.0), (302.8, 286.0), (302.8, 286.0), (302.8, 286.0)]",0,1,9.12
speedrunner,bomberman,5,Bomb,8,0,26.76,0.8,"[(48.0, 48.0), (70.4, 50.8), (101.2, 50.8), (115.2, 67.6), (115.2, 95.6), (126.4, 115.2), (151.6, 115.2), (176.8, 120.8), (179.6, 143.2), (179.6, 171.2), (199.2, 179.6), (227.2, 179.6), (244.0, 193.6), (244.0, 218.8), (249.6, 244.0), (272.0, 244.0), (300.0, 246.8), (300.0, 269.2), (308.4, 291.6), (308.4, 291.6), (308.4, 291.6), (308.4, 291.6), (308.4, 291.6), (308.4, 291.6), (308.4, 291.6), (308.4, 291.6), (308.4, 291.6), (308.4, 291.6), (308.4, 291.6), (308.4, 291.6), (308.4, 291.6), (308.4, 291.6), (308.4, 291.6), (308.4, 291.6), (308.4, 291.6), (308.4, 291.6), (308.4, 291.6), (308.4, 297.2), (308.4, 297.2), (308.4, 297.2), (308.4, 291.6), (308.4, 291.6), (308.4, 286.0), (308.4, 286.0), (308.4, 286.0), (308.4, 286.0), (308.4, 286.0), (308.4, 286.0), (308.4, 286.0), (308.4, 286.0), (308.4, 286.0), (308.4, 286.0), (308.4, 286.0), (308.4, 286.0), (308.4, 286.0), (308.4, 286.0), (308.4, 286.0), (308.4, 286.0), (308.4, 286.0), (308.4, 286.0), (308.4, 286.0), (308.4, 286.0), (308.4, 286.0), (308.4, 286.0), (308.4, 286.0), (308.4, 286.0)]",0,1,8.68
speedrunner,bomberman,5,Bomb,41,0,28.0,0.7,"[(48.0, 48.0), (70.4, 50.8), (101.2, 50.8), (115.2, 67.6), (115.2, 95.6), (126.4, 115.2), (151.6, 115.2), (176.8, 120.8), (179.6, 143.2), (179.6, 171.2), (199.2, 179.6), (227.2, 179.6), (244.0, 193.6), (244.0, 218.8), (249.6, 244.0), (272.0, 244.0), (300.0, 246.8), (300.0, 269.2), (300.0, 274.8), (300.0, 274.8), (300.0, 274.8), (300.0, 274.8), (300.0, 274.8), (300.0, 274.8), (300.0, 274.8), (300.0, 274.8), (300.0, 274.8), (300.0, 274.8), (300.0, 274.8), (300.0, 274.8), (300.0, 274.8), (300.0, 274.8), (300.0, 269.2), (300.0, 269.2), (300.0, 269.2), (300.0, 269.2), (300.0, 269.2), (300.0, 269.2), (300.0, 260.8), (300.0, 266.4), (300.0, 263.6), (300.0, 260.8), (300.0, 266.4), (300.0, 255.2), (300.0, 252.4), (300.0, 258.0), (300.0, 255.2), (300.0, 252.4), (300.0, 258.0), (300.0, 255.2), (300.0, 252.4), (300.0, 258.0), (300.0, 255.2), (300.0, 252.4), (300.0, 258.0), (300.0, 255.2), (300.0, 252.4), (300.0, 258.0), (300.0, 255.2), (300.0, 252.4), (300.0, 258.0)]",0,0,8.1
speedrunner,bomberman,5,Bomb,2,0,24.39,0.85,"[(48.0, 48.0), (70.4, 50.8), (101.2, 50.8), (115.2, 67.6), (115.2, 95.6), (126.4, 115.2), (151.6, 115.2), (176.8, 120.8), (179.6, 143.2), (179.6, 171.2), (199.2, 179.6), (227.2, 179.6), (244.0, 193.6), (244.0, 218.8), (249.6, 244.0), (272.0, 244.0), (300.0, 246.8), (300.0, 269.2), (308.4, 297.2), (308.4, 319.6), (300.0, 342.0), (300.0, 353.2), (300.0, 356.0), (300.0, 350.4), (300.0, 353.2), (300.0, 356.0), (300.0, 350.4), (300.0, 353.2), (300.0, 356.0), (300.0, 350.4), (300.0, 353.2), (300.0, 356.0), (300.0, 350.4), (300.0, 353.2), (300.0, 356.0), (300.0, 350.4), (300.0, 353.2), (300.0, 356.0), (300.0, 350.4), (300.0, 353.2), (300.0, 353.2), (300.0, 356.0), (300.0, 350.4), (300.0, 353.2), (300.0, 356.0), (300.0, 350.4), (300.0, 353.2), (300.0, 356.0), (300.0, 350.4), (300.0, 353.2), (300.0, 356.0), (300.0, 350.4), (300.0, 353.2), (300.0, 356.0), (300.0, 350.4), (300.0, 353.2), (300.0, 356.0), (300.0, 350.4), (300.0, 353.2), (300.0, 356.0), (300.0, 350.4), (300.0, 353.2), (300.0, 356.0), (300.0, 350.4), (300.0, 353.2), (300.0, 356.0), (300.0, 350.4), (300.0, 353.2), (300.0, 356.0), (300.0, 350.4)]",0,1,9.3
speedrunner,bomberman,5,Bomb,2,0,24.69,0.9,"[(48.0, 48.0), (70.4, 50.8), (101.2, 50.8), (115.2, 67.6), (115.2, 95.6), (126.4, 115.2), (151.6, 115.2), (176.8, 120.8), (179.6, 143.2), (179.6, 171.2), (199.2, 179.6), (227.2, 179.6), (244.0, 193.6), (244.0, 218.8), (249.6, 244.0), (272.0, 244.0), (300.0, 246.8), (308.4, 269.2), (308.4, 291.6), (308.4, 314.0), (300.0, 336.4), (308.4, 364.4), (308.4, 372.8), (308.4, 372.8), (308.4, 372.8), (308.4, 372.8), (308.4, 372.8), (308.4, 372.8), (308.4, 372.8), (308.4, 372.8), (308.4, 372.8), (308.4, 372.8), (308.4, 372.8), (308.4, 372.8), (308.4, 372.8), (308.4, 372.8), (308.4, 372.8), (308.4, 372.8), (308.4, 372.8), (305.6, 372.8), (300.0, 372.8), (294.4, 372.8), (288.8, 372.8), (288.8, 372.8), (288.8, 372.8), (288.8, 372.8), (288.8, 372.8), (288.8, 372.8), (288.8, 372.8), (288.8, 372.8), (288.8, 372.8), (288.8, 372.8), (288.8, 372.8), (288.8, 372.8), (288.8, 372.8), (288.8, 372.8), (288.8, 372.8), (288.8, 372.8), (288.8, 372.8), (288.8, 372.8), (288.8, 372.8), (288.8, 372.8), (288.8, 372.8), (288.8, 372.8), (288.8, 372.8), (288.8, 372.8)]",0,1,8.73
speedrunner,bomberman,5,Bomb,64,0,26.76,0.7,"[(48.0, 48.0), (70.4, 50.8), (101.2, 50.8), (115.2, 67.6), (115.2, 95.6), (126.4, 115.2), (151.6, 115.2), (176.8, 120.8), (179.6, 143.2), (179.6, 171.2), (199.2, 179.6), (227.2, 179.6), (244.0, 193.6), (244.0, 218.8), (249.6, 244.0), (272.0, 244.0), (300.0, 246.8), (308.4, 269.2), (308.4, 291.6), (308.4, 314.0), (308.4, 336.4), (308.4, 353.2), (308.4, 353.2), (308.4, 353.2), (308.4, 353.2), (308.4, 353.2), (308.4, 353.2), (308.4, 353.2), (308.4, 353.2), (308.4, 353.2), (308.4, 353.2), (308.4, 353.2), (308.4, 353.2), (308.4, 353.2), (308.4, 353.2), (308.4, 353.2), (308.4, 353.2), (308.4, 353.2), (308.4, 353.2), (308.4, 353.2), (308.4, 353.2), (308.4, 353.2), (308.4, 353.2), (308.4, 353.2), (308.4, 353.2), (308.4, 347.6), (308.4, 342.0), (308.4, 336.4), (308.4, 336.4), (308.4, 325.2), (308.4, 319.6), (308.4, 319.6), (308.4, 319.6), (308.4, 319.6), (308.4, 319.6), (308.4, 319.6), (308.4, 319.6), (308.4, 319.6), (308.4, 319.6), (308.4, 319.6), (308.4, 319.6), (308.4, 319.6), (308.4, 319.6), (308.4, 319.6), (308.4, 319.6), (308.4, 319.6)]",0,0,8.68
speedrunner,bomberman,5,Bomb,155,0,12.49,0.95,"[(48.0, 48.0), (70.4, 50.8), (101.2, 50.8), (115.2, 67.6), (115.2, 95.6), (126.4, 115.2), (151.6, 115.2), (176.8, 120.8), (179.6, 143.2), (179.6, 171.2), (199.2, 179.6), (227.2, 179.6), (244.0, 193.6), (244.0, 218.8), (249.6, 244.0), (272.0, 244.0), (300.0, 246.8), (300.0, 269.2), (308.4, 297.2), (308.4, 319.6), (300.0, 342.0), (300.0, 353.2), (300.0, 347.6), (302.8, 350.4), (300.0, 353.2), (300.0, 347.6), (302.8, 350.4), (300.0, 353.2), (300.0, 347.6), (302.8, 350.4), (300.0, 353.2), (300.0, 347.6), (302.8, 350.4), (300.0, 353.2), (300.0, 347.6), (302.8, 350.4), (300.0, 353.2), (300.0, 347.6), (302.8, 350.4), (300.0, 353.2), (305.6, 353.2), (300.0, 344.8), (300.0, 330.8), (308.4, 311.2), (308.4, 311.2), (308.4, 311.2), (308.4, 311.2), (308.4, 311.2), (305.6, 311.2), (291.6, 308.4), (286.0, 305.6), (286.0, 305.6), (286.0, 305.6), (286.0, 305.6), (286.0, 305.6), (286.0, 305.6), (286.0, 305.6), (286.0, 305.6), (286.0, 305.6), (286.0, 305.6), (286.0, 305.6), (286.0, 305.6), (286.0, 305.6), (286.0, 305.6), (286.0, 305.6), (286.0, 305.6), (286.0, 305.6), (286.0, 305.6), (286.0, 305.6), (286.0, 305.6), (286.0, 305.6), (286.0, 305.6), (286.0, 305.6), (286.0, 305.6), (300.0, 305.6), (300.0, 288.8), (300.0, 288.8), (300.0, 288.8), (300.0, 288.8), (300.0, 288.8), (300.0, 288.8), (300.0, 288.8), (300.0, 288.8), (300.0, 288.8), (300.0, 288.8), (300.0, 288.8), (300.0, 288.8), (300.0, 288.8), (300.0, 283.2), (300.0, 277.6), (300.0, 272.0), (300.0, 272.0), (300.0, 266.4), (300.0, 266.4), (300.0, 263.6), (300.0, 255.2), (300.0, 255.2), (300.0, 255.2), (300.0, 255.2), (300.0, 255.2), (300.0, 255.2), (300.0, 255.2), (300.0, 255.2), (300.0, 255.2), (308.4, 272.0), (308.4, 294.4), (308.4, 316.8), (308.4, 339.2), (311.2, 367.2), (333.6, 372.8), (339.2, 372.8), (339.2, 372.8), (339.2, 372.8), (339.2, 372.8), (339.2, 372.8), (339.2, 372.8), (339.2, 372.8), (339.2, 372.8), (339.2, 372.8), (339.2, 372.8), (339.2, 372.8), (339.2, 372.8), (339.2, 372.8), (339.2, 372.8), (339.2, 372.8), (339.2, 372.8), (339.2, 372.8), (339.2, 372.8), (339.2, 372.8), (339.2, 372.8), (339.2, 372.8), (339.2, 372.8), (339.2, 372.8), (339.2, 372.8), (339.2, 372.8), (339.2, 372.8), (339.2, 372.8), (339.2, 372.8), (339.2, 372.8), (339.2, 372.8), (339.2, 372.8), (339.2, 372.8), (339.2, 372.8), (339.2, 372.8), (339.2, 372.8), (339.2, 372.8), (339.2, 372.8), (339.2, 372.8), (339.2, 372.8), (339.2, 372.8), (339.2, 372.8), (339.2, 372.8), (339.2, 372.8), (339.2, 372.8), (339.2, 372.8), (339.2, 372.8), (339.2, 372.8), (339.2, 372.8), (339.2, 372.8), (339.2, 372.8)]",0,2,21.3
speedrunner,bomberman,5,Bomb,141,0,2.31,0.9,"[(48.0, 48.0), (70.4, 50.8), (101.2, 50.8), (115.2, 67.6), (115.2, 95.6), (126.4, 115.2), (151.6, 115.2), (176.8, 120.8), (179.6, 143.2), (179.6, 171.2), (199.2, 179.6), (227.2, 179.6), (244.0, 193.6), (244.0, 218.8), (249.6, 244.0), (272.0, 244.0), (300.0, 246.8), (300.0, 269.2), (302.8, 286.0), (302.8, 286.0), (302.8, 286.0), (302.8, 286.0), (302.8, 286.0), (302.8, 286.0), (302.8, 286.0), (302.8, 286.0), (302.8, 286.0), (302.8, 286.0), (302.8, 286.0), (302.8, 286.0), (302.8, 286.0), (302.8, 286.0), (302.8, 286.0), (302.8, 286.0), (302.8, 286.0), (302.8, 286.0), (300.0, 286.0), (300.0, 280.4), (300.0, 283.2), (300.0, 269.2), (302.8, 258.0), (302.8, 258.0), (302.8, 258.0), (302.8, 258.0), (302.8, 258.0), (302.8, 258.0), (302.8, 258.0), (300.0, 255.2), (300.0, 252.4), (300.0, 258.0), (300.0, 255.2), (300.0, 252.4), (300.0, 258.0), (300.0, 255.2), (300.0, 252.4), (300.0, 258.0), (300.0, 255.2), (300.0, 252.4), (300.0, 252.4), (300.0, 246.8), (300.0, 246.8), (300.0, 246.8), (300.0, 246.8), (300.0, 246.8), (300.0, 246.8), (286.0, 244.0), (286.0, 244.0), (286.0, 244.0), (286.0, 244.0), (291.6, 244.0), (300.0, 260.8), (300.0, 288.8), (319.6, 305.6), (344.8, 308.4), (353.2, 308.4), (353.2, 308.4), (353.2, 308.4), (353.2, 308.4), (353.2, 308.4), (353.2, 308.4), (353.2, 308.4), (353.2, 308.4), (353.2, 308.4), (353.2, 308.4), (353.2, 308.4), (353.2, 308.4), (353.2, 308.4), (353.2, 308.4), (353.2, 308.4), (353.2, 308.4), (353.2, 308.4), (353.2, 308.4), (353.2, 308.4), (353.2, 308.4), (353.2, 308.4), (353.2, 308.4), (353.2, 308.4), (353.2, 308.4), (353.2, 308.4), (353.2, 308.4), (353.2, 308.4), (353.2, 308.4), (353.2, 308.4), (353.2, 308.4), (353.2, 308.4), (353.2, 308.4), (353.2, 308.4), (353.2, 308.4), (353.2, 308.4), (353.2, 308.4), (342.0, 308.4), (316.8, 308.4), (300.0, 316.8), (300.0, 322.4), (300.0, 319.6), (300.0, 316.8), (300.0, 322.4), (300.0, 319.6), (300.0, 316.8), (300.0, 322.4), (300.0, 319.6), (300.0, 316.8), (300.0, 322.4), (300.0, 319.6), (300.0, 316.8), (300.0, 322.4), (300.0, 319.6), (300.0, 316.8), (300.0, 322.4), (300.0, 314.0), (288.8, 302.8), (288.8, 302.8), (288.8, 302.8), (288.8, 302.8), (288.8, 302.8), (288.8, 302.8), (288.8, 302.8), (288.8, 302.8), (288.8, 302.8), (288.8, 302.8), (288.8, 302.8), (288.8, 302.8), (288.8, 302.8), (288.8, 302.8), (272.0, 308.4), (255.2, 308.4), (238.4, 322.4), (238.4, 319.6), (238.4, 316.8), (238.4, 322.4), (238.4, 319.6), (238.4, 316.8), (238.4, 322.4), (238.4, 319.6), (238.4, 316.8), (238.4, 322.4), (238.4, 319.6), (238.4, 316.8), (238.4, 322.4), (241.2, 314.0), (238.4, 302.8), (221.6, 302.8), (221.6, 302.8), (221.6, 302.8), (221.6, 302.8), (221.6, 302.8), (221.6, 302.8), (221.6, 302.8), (221.6, 302.8), (221.6, 302.8), (221.6, 302.8), (221.6, 302.8), (221.6, 302.8), (221.6, 302.8), (221.6, 302.8), (221.6, 302.8), (221.6, 302.8), (210.4, 308.4), (210.4, 308.4), (204.8, 308.4), (188.0, 308.4), (176.8, 319.6), (176.8, 319.6), (176.8, 319.6), (176.8, 319.6), (176.8, 319.6), (176.8, 319.6), (176.8, 319.6), (176.8, 319.6), (176.8, 319.6), (179.6, 314.0), (179.6, 308.4), (165.6, 308.4), (160.0, 308.4), (160.0, 308.4), (160.0, 308.4), (160.0, 308.4), (160.0, 308.4), (160.0, 308.4), (160.0, 308.4), (160.0, 308.4), (160.0, 308.4), (160.0, 308.4), (160.0, 308.4), (160.0, 308.4), (160.0, 308.4), (160.0, 308.4), (160.0, 308.4), (148.8, 308.4), (148.8, 308.4), (148.8, 308.4), (148.8, 308.4), (148.8, 308.4), (129.2, 308.4), (109.6, 316.8), (109.6, 322.4), (112.4, 319.6), (112.4, 319.6), (112.4, 319.6), (112.4, 319.6), (115.2, 316.8), (115.2, 322.4), (115.2, 319.6), (115.2, 319.6), (115.2, 319.6), (115.2, 319.6), (115.2, 319.6), (115.2, 319.6), (115.2, 319.6), (115.2, 319.6), (115.2, 319.6), (115.2, 319.6), (115.2, 319.6), (115.2, 319.6), (115.2, 319.6), (115.2, 319.6), (115.2, 319.6), (115.2, 319.6), (115.2, 319.6), (115.2, 319.6), (115.2, 319.6), (115.2, 319.6), (115.2, 319.6), (115.2, 319.6), (115.2, 319.6), (115.2, 319.6)]",0,1,32.7
speedrunner,bomberman,5,Bomb,2,0,24.69,0.9,"[(48.0, 48.0), (70.4, 50.8), (101.2, 50.8), (115.2, 67.6), (115.2, 95.6), (126.4, 115.2), (151.6, 115.2), (176.8, 120.8), (179.6, 143.2), (179.6, 171.2), (199.2, 179.6), (227.2, 179.6), (244.0, 193.6), (244.0, 218.8), (249.6, 244.0), (272.0, 244.0), (300.0, 246.8), (308.4, 269.2), (308.4, 291.6), (308.4, 314.0), (300.0, 336.4), (308.4, 364.4), (308.4, 372.8), (308.4, 372.8), (308.4, 372.8), (308.4, 372.8), (308.4, 372.8), (308.4, 372.8), (308.4, 372.8), (308.4, 372.8), (308.4, 372.8), (308.4, 372.8), (308.4, 372.8), (308.4, 372.8), (308.4, 372.8), (308.4, 372.8), (308.4, 372.8), (308.4, 372.8), (308.4, 372.8), (305.6, 372.8), (300.0, 372.8), (294.4, 372.8), (288.8, 372.8), (288.8, 372.8), (288.8, 372.8), (288.8, 372.8), (288.8, 372.8), (288.8, 372.8), (288.8, 372.8), (288.8, 372.8), (288.8, 372.8), (288.8, 372.8), (288.8, 372.8), (288.8, 372.8), (288.8, 372.8), (288.8, 372.8), (288.8, 372.8), (288.8, 372.8), (288.8, 372.8), (288.8, 372.8), (288.8, 372.8), (288.8, 372.8), (288.8, 372.8), (288.8, 372.8), (288.8, 372.8), (288.8, 372.8)]",0,1,8.73
speedrunner,bomberman,5,Bomb,3,0,25.77,0.9,"[(48.0, 48.0), (70.4, 50.8), (101.2, 50.8), (115.2, 67.6), (115.2, 95.6), (126.4, 115.2), (151.6, 115.2), (176.8, 120.8), (179.6, 143.2), (179.6, 171.2), (199.2, 179.6), (227.2, 179.6), (244.0, 193.6), (244.0, 218.8), (249.6, 244.0), (272.0, 244.0), (300.0, 246.8), (308.4, 269.2), (305.6, 297.2), (308.4, 319.6), (300.0, 342.0), (300.0, 353.2), (300.0, 353.2), (300.0, 353.2), (300.0, 353.2), (300.0, 353.2), (300.0, 353.2), (300.0, 353.2), (300.0, 353.2), (300.0, 353.2), (300.0, 353.2), (300.0, 353.2), (300.0, 353.2), (300.0, 353.2), (300.0, 353.2), (300.0, 353.2), (300.0, 353.2), (305.6, 353.2), (305.6, 353.2), (305.6, 353.2), (305.6, 353.2), (305.6, 353.2), (305.6, 353.2), (305.6, 353.2), (305.6, 353.2), (305.6, 353.2), (305.6, 353.2), (305.6, 353.2), (305.6, 353.2), (305.6, 353.2), (305.6, 353.2), (305.6, 353.2), (305.6, 353.2), (300.0, 353.2), (300.0, 353.2), (300.0, 356.0), (300.0, 350.4), (300.0, 353.2), (300.0, 356.0), (300.0, 350.4), (300.0, 353.2), (300.0, 356.0), (300.0, 350.4), (300.0, 353.2), (300.0, 356.0), (300.0, 350.4), (300.0, 353.2)]",0,1,8.8
speedrunner,bomberman,5,Bomb,2,0,24.39,0.85,"[(48.0, 48.0), (70.4, 50.8), (101.2, 50.8), (115.2, 67.6), (115.2, 95.6), (126.4, 115.2), (151.6, 115.2), (176.8, 120.8), (179.6, 143.2), (179.6, 171.2), (199.2, 179.6), (227.2, 179.6), (244.0, 193.6), (244.0, 218.8), (249.6, 244.0), (272.0, 244.0), (300.0, 246.8), (300.0, 269.2), (308.4, 297.2), (308.4, 319.6), (300.0, 342.0), (300.0, 353.2), (300.0, 356.0), (300.0, 350.4), (300.0, 353.2), (300.0, 356.0), (300.0, 350.4), (300.0, 353.2), (300.0, 356.0), (300.0, 350.4), (300.0, 353.2), (300.0, 356.0), (300.0, 350.4), (300.0, 353.2), (300.0, 356.0), (300.0, 350.4), (300.0, 353.2), (300.0, 356.0), (300.0, 350.4), (300.0, 353.2), (300.0, 353.2), (300.0, 356.0), (300.0, 350.4), (300.0, 353.2), (300.0, 356.0), (300.0, 350.4), (300.0, 353.2), (300.0, 356.0), (300.0, 350.4), (300.0, 353.2), (300.0, 356.0), (300.0, 350.4), (300.0, 353.2), (300.0, 356.0), (300.0, 350.4), (300.0, 353.2), (300.0, 356.0), (300.0, 350.4), (300.0, 353.2), (300.0, 356.0), (300.0, 350.4), (300.0, 353.2), (300.0, 356.0), (300.0, 350.4), (300.0, 353.2), (300.0, 356.0), (300.0, 350.4), (300.0, 353.2), (300.0, 356.0), (300.0, 350.4)]",0,1,9.3
speedrunner,bomberman,5,Bomb,8,0,26.76,0.8,"[(48.0, 48.0), (70.4, 50.8), (101.2, 50.8), (115.2, 67.6), (115.2, 95.6), (126.4, 115.2), (151.6, 115.2), (176.8, 120.8), (179.6, 143.2), (179.6, 171.2), (199.2, 179.6), (227.2, 179.6), (244.0, 193.6), (244.0, 218.8), (249.6, 244.0), (272.0, 244.0), (300.0, 246.8), (300.0, 269.2), (308.4, 291.6), (308.4, 291.6), (308.4, 291.6), (308.4, 291.6), (308.4, 291.6), (308.4, 291.6), (308.4, 291.6), (308.4, 291.6), (308.4, 291.6), (308.4, 291.6), (308.4, 291.6), (308.4, 291.6), (308.4, 291.6), (308.4, 291.6), (308.4, 291.6), (308.4, 291.6), (308.4, 291.6), (308.4, 291.6), (308.4, 291.6), (308.4, 297.2), (308.4, 297.2), (308.4, 297.2), (308.4, 291.6), (308.4, 291.6), (308.4, 286.0), (308.4, 286.0), (308.4, 286.0), (308.4, 286.0), (308.4, 286.0), (308.4, 286.0), (308.4, 286.0), (308.4, 286.0), (308.4, 286.0), (308.4, 286.0), (308.4, 286.0), (308.4, 286.0), (308.4, 286.0), (308.4, 286.0), (308.4, 286.0), (308.4, 286.0), (308.4, 286.0), (308.4, 286.0), (308.4, 286.0), (308.4, 286.0), (308.4, 286.0), (308.4, 286.0), (308.4, 286.0), (308.4, 286.0)]",0,1,8.68
speedrunner,bomberman,5,Bomb,29,0,26.07,0.85,"[(48.0, 48.0), (70.4, 50.8), (101.2, 50.8), (115.2, 67.6), (115.2, 95.6), (126.4, 115.2), (151.6, 115.2), (176.8, 120.8), (179.6, 143.2), (179.6, 171.2), (199.2, 179.6), (227.2, 179.6), (244.0, 193.6), (244.0, 218.8), (249.6, 244.0), (272.0, 244.0), (300.0, 246.8), (300.0, 269.2), (308.4, 297.2), (308.4, 319.6), (300.0, 342.0), (308.4, 370.0), (308.4, 370.0), (308.4, 370.0), (308.4, 370.0), (308.4, 370.0), (308.4, 370.0), (308.4, 370.0), (308.4, 370.0), (308.4, 370.0), (308.4, 370.0), (308.4, 370.0), (308.4, 370.0), (308.4, 370.0), (308.4, 370.0), (308.4, 370.0), (308.4, 370.0), (308.4, 370.0), (308.4, 370.0), (308.4, 370.0), (308.4, 370.0), (308.4, 364.4), (308.4, 358.8), (308.4, 358.8), (308.4, 358.8), (308.4, 353.2), (305.6, 353.2), (305.6, 353.2), (305.6, 353.2), (305.6, 353.2), (305.6, 353.2), (305.6, 353.2), (305.6, 353.2), (305.6, 347.6), (300.0, 347.6), (300.0, 342.0), (300.0, 316.8), (300.0, 322.4), (300.0, 319.6), (300.0, 316.8), (300.0, 322.4), (300.0, 319.6), (300.0, 316.8), (300.0, 322.4), (300.0, 319.6), (300.0, 316.8)]",0,1,8.7
speedrunner,bomberman,5,Bomb,103,0,12.58,0.7,"[(48.0, 48.0), (70.4, 50.8), (101.2, 50.8), (115.2, 67.6), (115.2, 95.6), (126.4, 115.2), (151.6, 115.2), (176.8, 120.8), (179.6, 143.2), (179.6, 171.2), (199.2, 179.6), (227.2, 179.6), (244.0, 193.6), (238.4, 218.8), (249.6, 244.0), (272.0, 244.0), (288.8, 244.0), (288.8, 244.0), (288.8, 244.0), (288.8, 244.0), (288.8, 244.0), (288.8, 244.0), (288.8, 244.0), (288.8, 244.0), (288.8, 244.0), (288.8, 244.0), (288.8, 244.0), (288.8, 244.0), (288.8, 244.0), (288.8, 244.0), (288.8, 244.0), (288.8, 244.0), (288.8, 244.0), (288.8, 244.0), (288.8, 244.0), (288.8, 244.0), (288.8, 244.0), (288.8, 244.0), (288.8, 244.0), (288.8, 244.0), (288.8, 244.0), (288.8, 244.0), (288.8, 244.0), (288.8, 244.0), (288.8, 244.0), (288.8, 244.0), (288.8, 244.0), (288.8, 244.0), (288.8, 244.0), (288.8, 244.0), (288.8, 244.0), (288.8, 244.0), (288.8, 244.0), (288.8, 244.0), (288.8, 244.0), (288.8, 244.0), (288.8, 244.0), (288.8, 244.0), (272.0, 244.0), (246.8, 244.0), (244.0, 266.4), (238.4, 294.4), (221.6, 308.4), (221.6, 308.4), (221.6, 308.4), (221.6, 308.4), (221.6, 305.6), (221.6, 305.6), (221.6, 305.6), (221.6, 305.6), (221.6, 305.6), (221.6, 305.6), (221.6, 305.6), (221.6, 305.6), (221.6, 305.6), (221.6, 305.6), (221.6, 305.6), (221.6, 305.6), (221.6, 305.6), (221.6, 305.6), (221.6, 305.6), (221.6, 305.6), (221.6, 305.6), (221.6, 305.6), (221.6, 305.6), (221.6, 305.6), (221.6, 305.6), (221.6, 305.6), (221.6, 305.6), (221.6, 305.6), (221.6, 305.6), (221.6, 305.6), (221.6, 305.6), (221.6, 305.6), (221.6, 305.6), (221.6, 305.6)]",0,0,12.68
speedrunner,bomberman,5,Bomb,89,0,26.07,0.75,"[(48.0, 48.0), (70.4, 50.8), (101.2, 50.8), (115.2, 67.6), (115.2, 95.6), (126.4, 115.2), (151.6, 115.2), (176.8, 120.8), (179.6, 143.2), (179.6, 171.2), (199.2, 179.6), (227.2, 179.6), (244.0, 193.6), (244.0, 218.8), (249.6, 244.0), (272.0, 244.0), (300.0, 246.8), (308.4, 269.2), (308.4, 291.6), (308.4, 297.2), (308.4, 297.2), (308.4, 297.2), (308.4, 297.2), (308.4, 297.2), (308.4, 297.2), (308.4, 297.2), (308.4, 297.2), (308.4, 297.2), (308.4, 297.2), (308.4, 297.2), (308.4, 297.2), (308.4, 297.2), (308.4, 297.2), (308.4, 297.2), (308.4, 297.2), (308.4, 297.2), (308.4, 297.2), (308.4, 286.0), (300.0, 277.6), (300.0, 280.4), (302.8, 258.0), (302.8, 258.0), (302.8, 258.0), (302.8, 258.0), (302.8, 258.0), (302.8, 258.0), (302.8, 258.0), (302.8, 258.0), (302.8, 258.0), (302.8, 258.0), (302.8, 258.0), (300.0, 258.0), (300.0, 255.2), (300.0, 252.4), (300.0, 258.0), (300.0, 255.2), (300.0, 252.4), (300.0, 258.0), (300.0, 255.2), (300.0, 252.4), (300.0, 258.0), (300.0, 255.2), (300.0, 252.4), (300.0, 258.0), (300.0, 255.2), (300.0, 252.4)]",0,1,8.7
speedrunner,bomberman,5,Bomb,5,0,23.62,0.8,"[(48.0, 48.0), (70.4, 50.8), (101.2, 50.8), (115.2, 67.6), (115.2, 95.6), (126.4, 115.2), (151.6, 115.2), (176.8, 120.8), (179.6, 143.2), (179.6, 171.2), (199.2, 179.6), (227.2, 179.6), (244.0, 193.6), (244.0, 218.8), (249.6, 244.0), (272.0, 244.0), (300.0, 246.8), (308.4, 269.2), (308.4, 291.6), (308.4, 314.0), (308.4, 314.0), (308.4, 314.0), (308.4, 314.0), (308.4, 314.0), (308.4, 314.0), (308.4, 314.0), (308.4, 314.0), (308.4, 314.0), (308.4, 314.0), (308.4, 314.0), (308.4, 314.0), (308.4, 314.0), (308.4, 314.0), (308.4, 314.0), (308.4, 314.0), (308.4, 314.0), (308.4, 314.0), (308.4, 314.0), (308.4, 314.0), (308.4, 314.0), (308.4, 314.0), (308.4, 314.0), (308.4, 314.0), (308.4, 314.0), (308.4, 314.0), (308.4, 308.4), (308.4, 302.8), (308.4, 302.8), (308.4, 297.2), (308.4, 297.2), (308.4, 291.6), (308.4, 286.0), (308.4, 286.0), (308.4, 286.0), (308.4, 286.0), (302.8, 286.0), (302.8, 286.0), (300.0, 283.2), (300.0, 286.0), (300.0, 280.4), (300.0, 283.2), (302.8, 286.0), (302.8, 286.0), (302.8, 286.0), (302.8, 286.0), (300.0, 286.0), (300.0, 288.8), (300.0, 291.6), (300.0, 286.0), (300.0, 288.8), (300.0, 291.6), (300.0, 286.0), (300.0, 288.8)]",0,1,9.6
speedrunner,bomberman,5,Bomb,155,0,12.49,0.95,"[(48.0, 48.0), (70.4, 50.8), (101.2, 50.8), (115.2, 67.6), (115.2, 95.6), (126.4, 115.2), (151.6, 115.2), (176.8, 120.8), (179.6, 143.2), (179.6, 171.2), (199.2, 179.6), (227.2, 179.6), (244.0, 193.6), (244.0, 218.8), (249.6, 244.0), (272.0, 244.0), (300.0, 246.8), (300.0, 269.2), (308.4, 297.2), (308.4, 319.6), (300.0, 342.0), (300.0, 353.2), (300.0, 347.6), (302.8, 350.4), (300.0, 353.2), (300.0, 347.6), (302.8, 350.4), (300.0, 353.2), (300.0, 347.6), (302.8, 350.4), (300.0, 353.2), (300.0, 347.6), (302.8, 350.4), (300.0, 353.2), (300.0, 347.6), (302.8, 350.4), (300.0, 353.2), (300.0, 347.6), (302.8, 350.4), (300.0, 353.2), (305.6, 353.2), (300.0, 344.8), (300.0, 330.8), (308.4, 311.2), (308.4, 311.2), (308.4, 311.2), (308.4, 311.2), (308.4, 311.2), (305.6, 311.2), (291.6, 308.4), (286.0, 305.6), (286.0, 305.6), (286.0, 305.6), (286.0, 305.6), (286.0, 305.6), (286.0, 305.6), (286.0, 305.6), (286.0, 305.6), (286.0, 305.6), (286.0, 305.6), (286.0, 305.6), (286.0, 305.6), (286.0, 305.6), (286.0, 305.6), (286.0, 305.6), (286.0, 305.6), (286.0, 305.6), (286.0, 305.6), (286.0, 305.6), (286.0, 305.6), (286.0, 305.6), (286.0, 305.6), (286.0, 305.6), (286.0, 305.6), (300.0, 305.6), (300.0, 288.8), (300.0, 288.8), (300.0, 288.8), (300.0, 288.8), (300.0, 288.8), (300.0, 288.8), (300.0, 288.8), (300.0, 288.8), (300.0, 288.8), (300.0, 288.8), (300.0, 288.8), (300.0, 288.8), (300.0, 288.8), (300.0, 283.2), (300.0, 277.6), (300.0, 272.0), (300.0, 272.0), (300.0, 266.4), (300.0, 266.4), (300.0, 263.6), (300.0, 255.2), (300.0, 255.2), (300.0, 255.2), (300.0, 255.2), (300.0, 255.2), (300.0, 255.2), (300.0, 255.2), (300.0, 255.2), (300.0, 255.2), (308.4, 272.0), (308.4, 294.4), (308.4, 316.8), (308.4, 339.2), (311.2, 367.2), (333.6, 372.8), (339.2, 372.8), (339.2, 372.8), (339.2, 372.8), (339.2, 372.8), (339.2, 372.8), (339.2, 372.8), (339.2, 372.8), (339.2, 372.8), (339.2, 372.8), (339.2, 372.8), (339.2, 372.8), (339.2, 372.8), (339.2, 372.8), (339.2, 372.8), (339.2, 372.8), (339.2, 372.8), (339.2, 372.8), (339.2, 372.8), (339.2, 372.8), (339.2, 372.8), (339.2, 372.8), (339.2, 372.8), (339.2, 372.8), (339.2, 372.8), (339.2, 372.8), (339.2, 372.8), (339.2, 372.8), (339.2, 372.8), (339.2, 372.8), (339.2, 372.8), (339.2, 372.8), (339.2, 372.8), (339.2, 372.8), (339.2, 372.8), (339.2, 372.8), (339.2, 372.8), (339.2, 372.8), (339.2, 372.8), (339.2, 372.8), (339.2, 372.8), (339.2, 372.8), (339.2, 372.8), (339.2, 372.8), (339.2, 372.8), (339.2, 372.8), (339.2, 372.8), (339.2, 372.8), (339.2, 372.8), (339.2, 372.8), (339.2, 372.8)]",0,2,21.3
speedrunner,bomberman,5,Bomb,141,0,2.31,0.9,"[(48.0, 48.0), (70.4, 50.8), (101.2, 50.8), (115.2, 67.6), (115.2, 95.6), (126.4, 115.2), (151.6, 115.2), (176.8, 120.8), (179.6, 143.2), (179.6, 171.2), (199.2, 179.6), (227.2, 179.6), (244.0, 193.6), (244.0, 218.8), (249.6, 244.0), (272.0, 244.0), (300.0, 246.8), (300.0, 269.2), (302.8, 286.0), (302.8, 286.0), (302.8, 286.0), (302.8, 286.0), (302.8, 286.0), (302.8, 286.0), (302.8, 286.0), (302.8, 286.0), (302.8, 286.0), (302.8, 286.0), (302.8, 286.0), (302.8, 286.0), (302.8, 286.0), (302.8, 286.0), (302.8, 286.0), (302.8, 286.0), (302.8, 286.0), (302.8, 286.0), (300.0, 286.0), (300.0, 280.4), (300.0, 283.2), (300.0, 269.2), (302.8, 258.0), (302.8, 258.0), (302.8, 258.0), (302.8, 258.0), (302.8, 258.0), (302.8, 258.0), (302.8, 258.0), (300.0, 255.2), (300.0, 252.4), (300.0, 258.0), (300.0, 255.2), (300.0, 252.4), (300.0, 258.0), (300.0, 255.2), (300.0, 252.4), (300.0, 258.0), (300.0, 255.2), (300.0, 252.4), (300.0, 252.4), (300.0, 246.8), (300.0, 246.8), (300.0, 246.8), (300.0, 246.8), (300.0, 246.8), (300.0, 246.8), (286.0, 244.0), (286.0, 244.0), (286.0, 244.0), (286.0, 244.0), (291.6, 244.0), (300.0, 260.8), (300.0, 288.8), (319.6, 305.6), (344.8, 308.4), (353.2, 308.4), (353.2, 308.4), (353.2, 308.4), (353.2, 308.4), (353.2, 308.4), (353.2, 308.4), (353.2, 308.4), (353.2, 308.4), (353.2, 308.4), (353.2, 308.4), (353.2, 308.4), (353.2, 308.4), (353.2, 308.4), (353.2, 308.4), (353.2, 308.4), (353.2, 308.4), (353.2, 308.4), (353.2, 308.4), (353.2, 308.4), (353.2, 308.4), (353.2, 308.4), (353.2, 308.4), (353.2, 308.4), (353.2, 308.4), (353.2, 308.4), (353.2, 308.4), (353.2, 308.4), (353.2, 308.4), (353.2, 308.4), (353.2, 308.4), (353.2, 308.4), (353.2, 308.4), (353.2, 308.4), (353.2, 308.4), (353.2, 308.4), (353.2, 308.4), (342.0, 308.4), (316.8, 308.4), (300.0, 316.8), (300.0, 322.4), (300.0, 319.6), (300.0, 316.8), (300.0, 322.4), (300.0, 319.6), (300.0, 316.8), (300.0, 322.4), (300.0, 319.6), (300.0, 316.8), (300.0, 322.4), (300.0, 319.6), (300.0, 316.8), (300.0, 322.4), (300.0, 319.6), (300.0, 316.8), (300.0, 322.4), (300.0, 314.0), (288.8, 302.8), (288.8, 302.8), (288.8, 302.8), (288.8, 302.8), (288.8, 302.8), (288.8, 302.8), (288.8, 302.8), (288.8, 302.8), (288.8, 302.8), (288.8, 302.8), (288.8, 302.8), (288.8, 302.8), (288.8, 302.8), (288.8, 302.8), (272.0, 308.4), (255.2, 308.4), (238.4, 322.4), (238.4, 319.6), (238.4, 316.8), (238.4, 322.4), (238.4, 319.6), (238.4, 316.8), (238.4, 322.4), (238.4, 319.6), (238.4, 316.8), (238.4, 322.4), (238.4, 319.6), (238.4, 316.8), (238.4, 322.4), (241.2, 314.0), (238.4, 302.8), (221.6, 302.8), (221.6, 302.8), (221.6, 302.8), (221.6, 302.8), (221.6, 302.8), (221.6, 302.8), (221.6, 302.8), (221.6, 302.8), (221.6, 302.8), (221.6, 302.8), (221.6, 302.8), (221.6, 302.8), (221.6, 302.8), (221.6, 302.8), (221.6, 302.8), (221.6, 302.8), (210.4, 308.4), (210.4, 308.4), (204.8, 308.4), (188.0, 308.4), (176.8, 319.6), (176.8, 319.6), (176.8, 319.6), (176.8, 319.6), (176.8, 319.6), (176.8, 319.6), (176.8, 319.6), (176.8, 319.6), (176.8, 319.6), (179.6, 314.0), (179.6, 308.4), (165.6, 308.4), (160.0, 308.4), (160.0, 308.4), (160.0, 308.4), (160.0, 308.4), (160.0, 308.4), (160.0, 308.4), (160.0, 308.4), (160.0, 308.4), (160.0, 308.4), (160.0, 308.4), (160.0, 308.4), (160.0, 308.4), (160.0, 308.4), (160.0, 308.4), (160.0, 308.4), (148.8, 308.4), (148.8, 308.4), (148.8, 308.4), (148.8, 308.4), (148.8, 308.4), (129.2, 308.4), (109.6, 316.8), (109.6, 322.4), (112.4, 319.6), (112.4, 319.6), (112.4, 319.6), (112.4, 319.6), (115.2, 316.8), (115.2, 322.4), (115.2, 319.6), (115.2, 319.6), (115.2, 319.6), (115.2, 319.6), (115.2, 319.6), (115.2, 319.6), (115.2, 319.6), (115.2, 319.6), (115.2, 319.6), (115.2, 319.6), (115.2, 319.6), (115.2, 319.6), (115.2, 319.6), (115.2, 319.6), (115.2, 319.6), (115.2, 319.6), (115.2, 319.6), (115.2, 319.6), (115.2, 319.6), (115.2, 319.6), (115.2, 319.6), (115.2, 319.6), (115.2, 319.6), (115.2, 319.6)]",0,1,32.7
speedrunner,bomberman,5,Bomb,29,0,26.07,0.85,"[(48.0, 48.0), (70.4, 50.8), (101.2, 50.8), (115.2, 67.6), (115.2, 95.6), (126.4, 115.2), (151.6, 115.2), (176.8, 120.8), (179.6, 143.2), (179.6, 171.2), (199.2, 179.6), (227.2, 179.6), (244.0, 193.6), (244.0, 218.8), (249.6, 244.0), (272.0, 244.0), (300.0, 246.8), (300.0, 269.2), (308.4, 297.2), (308.4, 319.6), (300.0, 342.0), (308.4, 370.0), (308.4, 370.0), (308.4, 370.0), (308.4, 370.0), (308.4, 370.0), (308.4, 370.0), (308.4, 370.0), (308.4, 370.0), (308.4, 370.0), (308.4, 370.0), (308.4, 370.0), (308.4, 370.0), (308.4, 370.0), (308.4, 370.0), (308.4, 370.0), (308.4, 370.0), (308.4, 370.0), (308.4, 370.0), (308.4, 370.0), (308.4, 370.0), (308.4, 364.4), (308.4, 358.8), (308.4, 358.8), (308.4, 358.8), (308.4, 353.2), (305.6, 353.2), (305.6, 353.2), (305.6, 353.2), (305.6, 353.2), (305.6, 353.2), (305.6, 353.2), (305.6, 353.2), (305.6, 347.6), (300.0, 347.6), (300.0, 342.0), (300.0, 316.8), (300.0, 322.4), (300.0, 319.6), (300.0, 316.8), (300.0, 322.4), (300.0, 319.6), (300.0, 316.8), (300.0, 322.4), (300.0, 319.6), (300.0, 316.8)]",0,1,8.7
speedrunner,bomberman,5,Bomb,3,0,25.77,0.9,"[(48.0, 48.0), (70.4, 50.8), (101.2, 50.8), (115.2, 67.6), (115.2, 95.6), (126.4, 115.2), (151.6, 115.2), (176.8, 120.8), (179.6, 143.2), (179.6, 171.2), (199.2, 179.6), (227.2, 179.6), (244.0, 193.6), (244.0, 218.8), (249.6, 244.0), (272.0, 244.0), (300.0, 246.8), (308.4, 269.2), (305.6, 297.2), (308.4, 319.6), (300.0, 342.0), (300.0, 353.2), (300.0, 353.2), (300.0, 353.2), (300.0, 353.2), (300.0, 353.2), (300.0, 353.2), (300.0, 353.2), (300.0, 353.2), (300.0, 353.2), (300.0, 353.2), (300.0, 353.2), (300.0, 353.2), (300.0, 353.2), (300.0, 353.2), (300.0, 353.2), (300.0, 353.2), (305.6, 353.2), (305.6, 353.2), (305.6, 353.2), (305.6, 353.2), (305.6, 353.2), (305.6, 353.2), (305.6, 353.2), (305.6, 353.2), (305.6, 353.2), (305.6, 353.2), (305.6, 353.2), (305.6, 353.2), (305.6, 353.2), (305.6, 353.2), (305.6, 353.2), (305.6, 353.2), (300.0, 353.2), (300.0, 353.2), (300.0, 356.0), (300.0, 350.4), (300.0, 353.2), (300.0, 356.0), (300.0, 350.4), (300.0, 353.2), (300.0, 356.0), (300.0, 350.4), (300.0, 353.2), (300.0, 356.0), (300.0, 350.4), (300.0, 353.2)]",0,1,8.8
speedrunner,bomberman,5,Bomb,2,0,24.69,0.9,"[(48.0, 48.0), (70.4, 50.8), (101.2, 50.8), (115.2, 67.6), (115.2, 95.6), (126.4, 115.2), (151.6, 115.2), (176.8, 120.8), (179.6, 143.2), (179.6, 171.2), (199.2, 179.6), (227.2, 179.6), (244.0, 193.6), (244.0, 218.8), (249.6, 244.0), (272.0, 244.0), (300.0, 246.8), (308.4, 269.2), (308.4, 291.6), (308.4, 314.0), (300.0, 336.4), (308.4, 364.4), (308.4, 372.8), (308.4, 372.8), (308.4, 372.8), (308.4, 372.8), (308.4, 372.8), (308.4, 372.8), (308.4, 372.8), (308.4, 372.8), (308.4, 372.8), (308.4, 372.8), (308.4, 372.8), (308.4, 372.8), (308.4, 372.8), (308.4, 372.8), (308.4, 372.8), (308.4, 372.8), (308.4, 372.8), (305.6, 372.8), (300.0, 372.8), (294.4, 372.8), (288.8, 372.8), (288.8, 372.8), (288.8, 372.8), (288.8, 372.8), (288.8, 372.8), (288.8, 372.8), (288.8, 372.8), (288.8, 372.8), (288.8, 372.8), (288.8, 372.8), (288.8, 372.8), (288.8, 372.8), (288.8, 372.8), (288.8, 372.8), (288.8, 372.8), (288.8, 372.8), (288.8, 372.8), (288.8, 372.8), (288.8, 372.8), (288.8, 372.8), (288.8, 372.8), (288.8, 372.8), (288.8, 372.8), (288.8, 372.8)]",0,1,8.73
speedrunner,bomberman,5,Bomb,2,0,24.39,0.85,"[(48.0, 48.0), (70.4, 50.8), (101.2, 50.8), (115.2, 67.6), (115.2, 95.6), (126.4, 115.2), (151.6, 115.2), (176.8, 120.8), (179.6, 143.2), (179.6, 171.2), (199.2, 179.6), (227.2, 179.6), (244.0, 193.6), (244.0, 218.8), (249.6, 244.0), (272.0, 244.0), (300.0, 246.8), (300.0, 269.2), (308.4, 297.2), (308.4, 319.6), (300.0, 342.0), (300.0, 353.2), (300.0, 356.0), (300.0, 350.4), (300.0, 353.2), (300.0, 356.0), (300.0, 350.4), (300.0, 353.2), (300.0, 356.0), (300.0, 350.4), (300.0, 353.2), (300.0, 356.0), (300.0, 350.4), (300.0, 353.2), (300.0, 356.0), (300.0, 350.4), (300.0, 353.2), (300.0, 356.0), (300.0, 350.4), (300.0, 353.2), (300.0, 353.2), (300.0, 356.0), (300.0, 350.4), (300.0, 353.2), (300.0, 356.0), (300.0, 350.4), (300.0, 353.2), (300.0, 356.0), (300.0, 350.4), (300.0, 353.2), (300.0, 356.0), (300.0, 350.4), (300.0, 353.2), (300.0, 356.0), (300.0, 350.4), (300.0, 353.2), (300.0, 356.0), (300.0, 350.4), (300.0, 353.2), (300.0, 356.0), (300.0, 350.4), (300.0, 353.2), (300.0, 356.0), (300.0, 350.4), (300.0, 353.2), (300.0, 356.0), (300.0, 350.4), (300.0, 353.2), (300.0, 356.0), (300.0, 350.4)]",0,1,9.3
speedrunner,bomberman,5,Bomb,2,0,14.34,0.15,"[(48.0, 48.0), (70.4, 50.8), (101.2, 50.8), (115.2, 64.8), (115.2, 64.8), (115.2, 64.8), (115.2, 62.0), (115.2, 62.0), (115.2, 62.0), (115.2, 62.0), (115.2, 62.0), (115.2, 62.0), (115.2, 62.0), (115.2, 62.0), (115.2, 62.0), (115.2, 62.0), (115.2, 62.0), (115.2, 62.0), (115.2, 62.0), (115.2, 62.0), (115.2, 62.0), (115.2, 62.0), (115.2, 62.0), (115.2, 62.0), (115.2, 62.0), (115.2, 62.0), (115.2, 62.0), (115.2, 62.0), (115.2, 62.0), (115.2, 62.0), (115.2, 62.0)]",0,0,4.1
speedrunner,bomberman,5,Bomb,29,0,24.39,0.75,"[(48.0, 48.0), (70.4, 50.8), (101.2, 50.8), (115.2, 67.6), (115.2, 95.6), (126.4, 115.2), (151.6, 115.2), (176.8, 120.8), (179.6, 143.2), (179.6, 171.2), (199.2, 179.6), (227.2, 179.6), (244.0, 193.6), (244.0, 218.8), (249.6, 244.0), (272.0, 244.0), (300.0, 246.8), (300.0, 269.2), (300.0, 291.6), (300.0, 291.6), (300.0, 291.6), (300.0, 291.6), (300.0, 291.6), (300.0, 291.6), (300.0, 291.6), (300.0, 291.6), (300.0, 291.6), (300.0, 291.6), (300.0, 291.6), (300.0, 291.6), (300.0, 291.6), (300.0, 291.6), (300.0, 291.6), (300.0, 291.6), (300.0, 291.6), (300.0, 291.6), (300.0, 291.6), (300.0, 291.6), (300.0, 291.6), (300.0, 291.6), (300.0, 291.6), (300.0, 291.6), (300.0, 286.0), (300.0, 288.8), (300.0, 291.6), (300.0, 286.0), (300.0, 288.8), (300.0, 291.6), (300.0, 286.0), (300.0, 288.8), (300.0, 283.2), (300.0, 277.6), (300.0, 280.4), (300.0, 283.2), (300.0, 277.6), (300.0, 260.8), (300.0, 258.0), (300.0, 255.2), (300.0, 252.4), (300.0, 258.0), (300.0, 255.2), (300.0, 252.4), (300.0, 258.0), (300.0, 263.6), (300.0, 260.8), (300.0, 272.0), (300.0, 272.0), (300.0, 274.8), (300.0, 274.8), (300.0, 274.8)]",0,1,9.3
speedrunner,bomberman,5,Bomb,147,0,17.74,0.8,"[(48.0, 48.0), (70.4, 50.8), (101.2, 50.8), (115.2, 67.6), (115.2, 95.6), (126.4, 115.2), (151.6, 115.2), (176.8, 120.8), (179.6, 143.2), (179.6, 171.2), (199.2, 179.6), (227.2, 179.6), (244.0, 193.6), (244.0, 218.8), (249.6, 244.0), (272.0, 244.0), (300.0, 246.8), (300.0, 269.2), (308.4, 297.2), (308.4, 319.6), (300.0, 342.0), (308.4, 358.8), (308.4, 358.8), (308.4, 358.8), (308.4, 358.8), (308.4, 358.8), (308.4, 358.8), (308.4, 358.8), (308.4, 358.8), (308.4, 358.8), (308.4, 358.8), (308.4, 358.8), (308.4, 358.8), (308.4, 358.8), (308.4, 358.8), (308.4, 358.8), (308.4, 358.8), (308.4, 358.8), (308.4, 358.8), (308.4, 358.8), (308.4, 358.8), (308.4, 358.8), (308.4, 353.2), (305.6, 353.2), (305.6, 353.2), (305.6, 353.2), (305.6, 347.6), (300.0, 347.6), (300.0, 319.6), (300.0, 316.8), (300.0, 316.8), (300.0, 311.2), (300.0, 311.2), (297.2, 305.6), (286.0, 305.6), (286.0, 305.6), (286.0, 305.6), (286.0, 305.6), (286.0, 305.6), (286.0, 305.6), (286.0, 305.6), (286.0, 305.6), (286.0, 305.6), (286.0, 305.6), (286.0, 305.6), (286.0, 305.6), (286.0, 305.6), (286.0, 305.6), (286.0, 305.6), (291.6, 308.4), (300.0, 314.0), (300.0, 302.8), (300.0, 297.2), (300.0, 286.0), (300.0, 286.0), (300.0, 286.0), (300.0, 286.0), (300.0, 286.0), (300.0, 286.0), (300.0, 286.0), (300.0, 286.0), (300.0, 286.0), (300.0, 286.0), (300.0, 286.0), (300.0, 286.0), (300.0, 286.0), (300.0, 286.0), (300.0, 286.0), (300.0, 286.0), (300.0, 286.0), (300.0, 286.0), (300.0, 286.0), (300.0, 280.4), (300.0, 280.4), (300.0, 269.2), (300.0, 269.2)]",0,1,12.78
speedrunner,bomberman,5,Bomb,64,0,25.29,0.9,"[(48.0, 48.0), (70.4, 50.8), (101.2, 50.8), (115.2, 67.6), (115.2, 95.6), (126.4, 115.2), (151.6, 115.2), (176.8, 120.8), (179.6, 143.2), (179.6, 171.2), (199.2, 179.6), (227.2, 179.6), (244.0, 193.6), (244.0, 218.8), (249.6, 244.0), (272.0, 244.0), (300.0, 246.8), (308.4, 269.2), (308.4, 291.6), (308.4, 314.0), (308.4, 336.4), (308.4, 358.8), (308.4, 372.8), (308.4, 372.8), (308.4, 372.8), (308.4, 372.8), (308.4, 372.8), (308.4, 372.8), (308.4, 372.8), (308.4, 372.8), (308.4, 372.8), (308.4, 372.8), (308.4, 372.8), (308.4, 372.8), (308.4, 372.8), (308.4, 372.8), (308.4, 372.8), (308.4, 372.8), (308.4, 372.8), (308.4, 372.8), (308.4, 372.8), (308.4, 372.8), (308.4, 372.8), (308.4, 372.8), (308.4, 372.8), (308.4, 372.8), (308.4, 372.8), (308.4, 372.8), (308.4, 372.8), (308.4, 370.0), (308.4, 370.0), (308.4, 370.0), (308.4, 358.8), (308.4, 358.8), (308.4, 353.2), (308.4, 353.2), (308.4, 353.2), (308.4, 353.2), (308.4, 353.2), (308.4, 353.2), (308.4, 353.2), (308.4, 353.2), (308.4, 353.2), (308.4, 353.2), (308.4, 353.2), (308.4, 353.2), (308.4, 353.2), (308.4, 353.2), (308.4, 353.2), (308.4, 353.2)]",0,1,9.3
speedrunner,bomberman,5,Bomb,155,0,12.49,0.95,"[(48.0, 48.0), (70.4, 50.8), (101.2, 50.8), (115.2, 67.6), (115.2, 95.6), (126.4, 115.2), (151.6, 115.2), (176.8, 120.8), (179.6, 143.2), (179.6, 171.2), (199.2, 179.6), (227.2, 179.6), (244.0, 193.6), (244.0, 218.8), (249.6, 244.0), (272.0, 244.0), (300.0, 246.8), (300.0, 269.2), (308.4, 297.2), (308.4, 319.6), (300.0, 342.0), (300.0, 353.2), (300.0, 347.6), (302.8, 350.4), (300.0, 353.2), (300.0, 347.6), (302.8, 350.4), (300.0, 353.2), (300.0, 347.6), (302.8, 350.4), (300.0, 353.2), (300.0, 347.6), (302.8, 350.4), (300.0, 353.2), (300.0, 347.6), (302.8, 350.4), (300.0, 353.2), (300.0, 347.6), (302.8, 350.4), (300.0, 353.2), (305.6, 353.2), (300.0, 344.8), (300.0, 330.8), (308.4, 311.2), (308.4, 311.2), (308.4, 311.2), (308.4, 311.2), (308.4, 311.2), (305.6, 311.2), (291.6, 308.4), (286.0, 305.6), (286.0, 305.6), (286.0, 305.6), (286.0, 305.6), (286.0, 305.6), (286.0, 305.6), (286.0, 305.6), (286.0, 305.6), (286.0, 305.6), (286.0, 305.6), (286.0, 305.6), (286.0, 305.6), (286.0, 305.6), (286.0, 305.6), (286.0, 305.6), (286.0, 305.6), (286.0, 305.6), (286.0, 305.6), (286.0, 305.6), (286.0, 305.6), (286.0, 305.6), (286.0, 305.6), (286.0, 305.6), (286.0, 305.6), (300.0, 305.6), (300.0, 288.8), (300.0, 288.8), (300.0, 288.8), (300.0, 288.8), (300.0, 288.8), (300.0, 288.8), (300.0, 288.8), (300.0, 288.8), (300.0, 288.8), (300.0, 288.8), (300.0, 288.8), (300.0, 288.8), (300.0, 288.8), (300.0, 283.2), (300.0, 277.6), (300.0, 272.0), (300.0, 272.0), (300.0, 266.4), (300.0, 266.4), (300.0, 263.6), (300.0, 255.2), (300.0, 255.2), (300.0, 255.2), (300.0, 255.2), (300.0, 255.2), (300.0, 255.2), (300.0, 255.2), (300.0, 255.2), (300.0, 255.2), (308.4, 272.0), (308.4, 294.4), (308.4, 316.8), (308.4, 339.2), (311.2, 367.2), (333.6, 372.8), (339.2, 372.8), (339.2, 372.8), (339.2, 372.8), (339.2, 372.8), (339.2, 372.8), (339.2, 372.8), (339.2, 372.8), (339.2, 372.8), (339.2, 372.8), (339.2, 372.8), (339.2, 372.8), (339.2, 372.8), (339.2, 372.8), (339.2, 372.8), (339.2, 372.8), (339.2, 372.8), (339.2, 372.8), (339.2, 372.8), (339.2, 372.8), (339.2, 372.8), (339.2, 372.8), (339.2, 372.8), (339.2, 372.8), (339.2, 372.8), (339.2, 372.8), (339.2, 372.8), (339.2, 372.8), (339.2, 372.8), (339.2, 372.8), (339.2, 372.8), (339.2, 372.8), (339.2, 372.8), (339.2, 372.8), (339.2, 372.8), (339.2, 372.8), (339.2, 372.8), (339.2, 372.8), (339.2, 372.8), (339.2, 372.8), (339.2, 372.8), (339.2, 372.8), (339.2, 372.8), (339.2, 372.8), (339.2, 372.8), (339.2, 372.8), (339.2, 372.8), (339.2, 372.8), (339.2, 372.8), (339.2, 372.8), (339.2, 372.8)]",0,2,21.3
speedrunner,bomberman,5,Bomb,141,0,2.31,0.9,"[(48.0, 48.0), (70.4, 50.8), (101.2, 50.8), (115.2, 67.6), (115.2, 95.6), (126.4, 115.2), (151.6, 115.2), (176.8, 120.8), (179.6, 143.2), (179.6, 171.2), (199.2, 179.6), (227.2, 179.6), (244.0, 193.6), (244.0, 218.8), (249.6, 244.0), (272.0, 244.0), (300.0, 246.8), (300.0, 269.2), (302.8, 286.0), (302.8, 286.0), (302.8, 286.0), (302.8, 286.0), (302.8, 286.0), (302.8, 286.0), (302.8, 286.0), (302.8, 286.0), (302.8, 286.0), (302.8, 286.0), (302.8, 286.0), (302.8, 286.0), (302.8, 286.0), (302.8, 286.0), (302.8, 286.0), (302.8, 286.0), (302.8, 286.0), (302.8, 286.0), (300.0, 286.0), (300.0, 280.4), (300.0, 283.2), (300.0, 269.2), (302.8, 258.0), (302.8, 258.0), (302.8, 258.0), (302.8, 258.0), (302.8, 258.0), (302.8, 258.0), (302.8, 258.0), (300.0, 255.2), (300.0, 252.4), (300.0, 258.0), (300.0, 255.2), (300.0, 252.4), (300.0, 258.0), (300.0, 255.2), (300.0, 252.4), (300.0, 258.0), (300.0, 255.2), (300.0, 252.4), (300.0, 252.4), (300.0, 246.8), (300.0, 246.8), (300.0, 246.8), (300.0, 246.8), (300.0, 246.8), (300.0, 246.8), (286.0, 244.0), (286.0, 244.0), (286.0, 244.0), (286.0, 244.0), (291.6, 244.0), (300.0, 260.8), (300.0, 288.8), (319.6, 305.6), (344.8, 308.4), (353.2, 308.4), (353.2, 308.4), (353.2, 308.4), (353.2, 308.4), (353.2, 308.4), (353.2, 308.4), (353.2, 308.4), (353.2, 308.4), (353.2, 308.4), (353.2, 308.4), (353.2, 308.4), (353.2, 308.4), (353.2, 308.4), (353.2, 308.4), (353.2, 308.4), (353.2, 308.4), (353.2, 308.4), (353.2, 308.4), (353.2, 308.4), (353.2, 308.4), (353.2, 308.4), (353.2, 308.4), (353.2, 308.4), (353.2, 308.4), (353.2, 308.4), (353.2, 308.4), (353.2, 308.4), (353.2, 308.4), (353.2, 308.4), (353.2, 308.4), (353.2, 308.4), (353.2, 308.4), (353.2, 308.4), (353.2, 308.4), (353.2, 308.4), (353.2, 308.4), (342.0, 308.4), (316.8, 308.4), (300.0, 316.8), (300.0, 322.4), (300.0, 319.6), (300.0, 316.8), (300.0, 322.4), (300.0, 319.6), (300.0, 316.8), (300.0, 322.4), (300.0, 319.6), (300.0, 316.8), (300.0, 322.4), (300.0, 319.6), (300.0, 316.8), (300.0, 322.4), (300.0, 319.6), (300.0, 316.8), (300.0, 322.4), (300.0, 314.0), (288.8, 302.8), (288.8, 302.8), (288.8, 302.8), (288.8, 302.8), (288.8, 302.8), (288.8, 302.8), (288.8, 302.8), (288.8, 302.8), (288.8, 302.8), (288.8, 302.8), (288.8, 302.8), (288.8, 302.8), (288.8, 302.8), (288.8, 302.8), (272.0, 308.4), (255.2, 308.4), (238.4, 322.4), (238.4, 319.6), (238.4, 316.8), (238.4, 322.4), (238.4, 319.6), (238.4, 316.8), (238.4, 322.4), (238.4, 319.6), (238.4, 316.8), (238.4, 322.4), (238.4, 319.6), (238.4, 316.8), (238.4, 322.4), (241.2, 314.0), (238.4, 302.8), (221.6, 302.8), (221.6, 302.8), (221.6, 302.8), (221.6, 302.8), (221.6, 302.8), (221.6, 302.8), (221.6, 302.8), (221.6, 302.8), (221.6, 302.8), (221.6, 302.8), (221.6, 302.8), (221.6, 302.8), (221.6, 302.8), (221.6, 302.8), (221.6, 302.8), (221.6, 302.8), (210.4, 308.4), (210.4, 308.4), (204.8, 308.4), (188.0, 308.4), (176.8, 319.6), (176.8, 319.6), (176.8, 319.6), (176.8, 319.6), (176.8, 319.6), (176.8, 319.6), (176.8, 319.6), (176.8, 319.6), (176.8, 319.6), (179.6, 314.0), (179.6, 308.4), (165.6, 308.4), (160.0, 308.4), (160.0, 308.4), (160.0, 308.4), (160.0, 308.4), (160.0, 308.4), (160.0, 308.4), (160.0, 308.4), (160.0, 308.4), (160.0, 308.4), (160.0, 308.4), (160.0, 308.4), (160.0, 308.4), (160.0, 308.4), (160.0, 308.4), (160.0, 308.4), (148.8, 308.4), (148.8, 308.4), (148.8, 308.4), (148.8, 308.4), (148.8, 308.4), (129.2, 308.4), (109.6, 316.8), (109.6, 322.4), (112.4, 319.6), (112.4, 319.6), (112.4, 319.6), (112.4, 319.6), (115.2, 316.8), (115.2, 322.4), (115.2, 319.6), (115.2, 319.6), (115.2, 319.6), (115.2, 319.6), (115.2, 319.6), (115.2, 319.6), (115.2, 319.6), (115.2, 319.6), (115.2, 319.6), (115.2, 319.6), (115.2, 319.6), (115.2, 319.6), (115.2, 319.6), (115.2, 319.6), (115.2, 319.6), (115.2, 319.6), (115.2, 319.6), (115.2, 319.6), (115.2, 319.6), (115.2, 319.6), (115.2, 319.6), (115.2, 319.6), (115.2, 319.6), (115.2, 319.6)]",0,1,32.7
speedrunner,bomberman,5,Bomb,29,0,26.07,0.85,"[(48.0, 48.0), (70.4, 50.8), (101.2, 50.8), (115.2, 67.6), (115.2, 95.6), (126.4, 115.2), (151.6, 115.2), (176.8, 120.8), (179.6, 143.2), (179.6, 171.2), (199.2, 179.6), (227.2, 179.6), (244.0, 193.6), (244.0, 218.8), (249.6, 244.0), (272.0, 244.0), (300.0, 246.8), (300.0, 269.2), (308.4, 297.2), (308.4, 319.6), (300.0, 342.0), (308.4, 370.0), (308.4, 370.0), (308.4, 370.0), (308.4, 370.0), (308.4, 370.0), (308.4, 370.0), (308.4, 370.0), (308.4, 370.0), (308.4, 370.0), (308.4, 370.0), (308.4, 370.0), (308.4, 370.0), (308.4, 370.0), (308.4, 370.0), (308.4, 370.0), (308.4, 370.0), (308.4, 370.0), (308.4, 370.0), (308.4, 370.0), (308.4, 370.0), (308.4, 364.4), (308.4, 358.8), (308.4, 358.8), (308.4, 358.8), (308.4, 353.2), (305.6, 353.2), (305.6, 353.2), (305.6, 353.2), (305.6, 353.2), (305.6, 353.2), (305.6, 353.2), (305.6, 353.2), (305.6, 347.6), (300.0, 347.6), (300.0, 342.0), (300.0, 316.8), (300.0, 322.4), (300.0, 319.6), (300.0, 316.8), (300.0, 322.4), (300.0, 319.6), (300.0, 316.8), (300.0, 322.4), (300.0, 319.6), (300.0, 316.8)]",0,1,8.7
speedrunner,bomberman,5,Bomb,64,0,25.29,0.9,"[(48.0, 48.0), (70.4, 50.8), (101.2, 50.8), (115.2, 67.6), (115.2, 95.6), (126.4, 115.2), (151.6, 115.2), (176.8, 120.8), (179.6, 143.2), (179.6, 171.2), (199.2, 179.6), (227.2, 179.6), (244.0, 193.6), (244.0, 218.8), (249.6, 244.0), (272.0, 244.0), (300.0, 246.8), (308.4, 269.2), (308.4, 291.6), (308.4, 314.0), (308.4, 336.4), (308.4, 358.8), (308.4, 372.8), (308.4, 372.8), (308.4, 372.8), (308.4, 372.8), (308.4, 372.8), (308.4, 372.8), (308.4, 372.8), (308.4, 372.8), (308.4, 372.8), (308.4, 372.8), (308.4, 372.8), (308.4, 372.8), (308.4, 372.8), (308.4, 372.8), (308.4, 372.8), (308.4, 372.8), (308.4, 372.8), (308.4, 372.8), (308.4, 372.8), (308.4, 372.8), (308.4, 372.8), (308.4, 372.8), (308.4, 372.8), (308.4, 372.8), (308.4, 372.8), (308.4, 372.8), (308.4, 372.8), (308.4, 370.0), (308.4, 370.0), (308.4, 370.0), (308.4, 358.8), (308.4, 358.8), (308.4, 353.2), (308.4, 353.2), (308.4, 353.2), (308.4, 353.2), (308.4, 353.2), (308.4, 353.2), (308.4, 353.2), (308.4, 353.2), (308.4, 353.2), (308.4, 353.2), (308.4, 353.2), (308.4, 353.2), (308.4, 353.2), (308.4, 353.2), (308.4, 353.2), (308.4, 353.2)]",0,1,9.3
speedrunner,bomberman,5,Bomb,2,0,24.69,0.9,"[(48.0, 48.0), (70.4, 50.8), (101.2, 50.8), (115.2, 67.6), (115.2, 95.6), (126.4, 115.2), (151.6, 115.2), (176.8, 120.8), (179.6, 143.2), (179.6, 171.2), (199.2, 179.6), (227.2, 179.6), (244.0, 193.6), (244.0, 218.8), (249.6, 244.0), (272.0, 244.0), (300.0, 246.8), (308.4, 269.2), (308.4, 291.6), (308.4, 314.0), (300.0, 336.4), (308.4, 364.4), (308.4, 372.8), (308.4, 372.8), (308.4, 372.8), (308.4, 372.8), (308.4, 372.8), (308.4, 372.8), (308.4, 372.8), (308.4, 372.8), (308.4, 372.8), (308.4, 372.8), (308.4, 372.8), (308.4, 372.8), (308.4, 372.8), (308.4, 372.8), (308.4, 372.8), (308.4, 372.8), (308.4, 372.8), (305.6, 372.8), (300.0, 372.8), (294.4, 372.8), (288.8, 372.8), (288.8, 372.8), (288.8, 372.8), (288.8, 372.8), (288.8, 372.8), (288.8, 372.8), (288.8, 372.8), (288.8, 372.8), (288.8, 372.8), (288.8, 372.8), (288.8, 372.8), (288.8, 372.8), (288.8, 372.8), (288.8, 372.8), (288.8, 372.8), (288.8, 372.8), (288.8, 372.8), (288.8, 372.8), (288.8, 372.8), (288.8, 372.8), (288.8, 372.8), (288.8, 372.8), (288.8, 372.8), (288.8, 372.8)]",0,1,8.73
speedrunner,bomberman,5,Bomb,3,0,25.77,0.9,"[(48.0, 48.0), (70.4, 50.8), (101.2, 50.8), (115.2, 67.6), (115.2, 95.6), (126.4, 115.2), (151.6, 115.2), (176.8, 120.8), (179.6, 143.2), (179.6, 171.2), (199.2, 179.6), (227.2, 179.6), (244.0, 193.6), (244.0, 218.8), (249.6, 244.0), (272.0, 244.0), (300.0, 246.8), (308.4, 269.2), (305.6, 297.2), (308.4, 319.6), (300.0, 342.0), (300.0, 353.2), (300.0, 353.2), (300.0, 353.2), (300.0, 353.2), (300.0, 353.2), (300.0, 353.2), (300.0, 353.2), (300.0, 353.2), (300.0, 353.2), (300.0, 353.2), (300.0, 353.2), (300.0, 353.2), (300.0, 353.2), (300.0, 353.2), (300.0, 353.2), (300.0, 353.2), (305.6, 353.2), (305.6, 353.2), (305.6, 353.2), (305.6, 353.2), (305.6, 353.2), (305.6, 353.2), (305.6, 353.2), (305.6, 353.2), (305.6, 353.2), (305.6, 353.2), (305.6, 353.2), (305.6, 353.2), (305.6, 353.2), (305.6, 353.2), (305.6, 353.2), (305.6, 353.2), (300.0, 353.2), (300.0, 353.2), (300.0, 356.0), (300.0, 350.4), (300.0, 353.2), (300.0, 356.0), (300.0, 350.4), (300.0, 353.2), (300.0, 356.0), (300.0, 350.4), (300.0, 353.2), (300.0, 356.0), (300.0, 350.4), (300.0, 353.2)]",0,1,8.8
speedrunner,bomberman,5,Bomb,42,0,24.39,0.75,"[(48.0, 48.0), (70.4, 50.8), (101.2, 50.8), (115.2, 67.6), (115.2, 95.6), (126.4, 115.2), (151.6, 115.2), (176.8, 120.8), (179.6, 143.2), (179.6, 171.2), (199.2, 179.6), (227.2, 179.6), (238.4, 193.6), (244.0, 218.8), (249.6, 244.0), (272.0, 244.0), (300.0, 246.8), (300.0, 269.2), (308.4, 297.2), (308.4, 297.2), (308.4, 297.2), (308.4, 297.2), (308.4, 297.2), (308.4, 297.2), (308.4, 297.2), (308.4, 297.2), (308.4, 297.2), (308.4, 297.2), (308.4, 297.2), (308.4, 297.2), (308.4, 297.2), (308.4, 297.2), (308.4, 297.2), (308.4, 297.2), (308.4, 297.2), (308.4, 297.2), (308.4, 297.2), (308.4, 297.2), (308.4, 297.2), (308.4, 297.2), (308.4, 297.2), (308.4, 297.2), (308.4, 291.6), (308.4, 286.0), (302.8, 286.0), (300.0, 280.4), (300.0, 266.4), (300.0, 255.2), (300.0, 252.4), (300.0, 258.0), (300.0, 255.2), (300.0, 252.4), (300.0, 258.0), (300.0, 255.2), (300.0, 252.4), (300.0, 258.0), (300.0, 255.2), (300.0, 252.4), (300.0, 258.0), (300.0, 255.2), (300.0, 252.4), (300.0, 258.0), (300.0, 263.6), (300.0, 260.8), (300.0, 269.2), (300.0, 269.2), (300.0, 274.8), (300.0, 274.8), (300.0, 274.8), (300.0, 274.8)]",0,1,9.3
speedrunner,bomberman,5,Bomb,56,0,15.01,0.95,"[(48.0, 48.0), (70.4, 50.8), (101.2, 50.8), (115.2, 67.6), (115.2, 95.6), (126.4, 115.2), (151.6, 115.2), (176.8, 120.8), (179.6, 126.4), (179.6, 132.0), (179.6, 160.0), (188.0, 179.6), (210.4, 179.6), (238.4, 182.4), (244.0, 204.8), (244.0, 232.8), (260.8, 244.0), (288.8, 244.0), (308.4, 258.0), (308.4, 280.4), (308.4, 302.8), (308.4, 325.2), (308.4, 347.6), (308.4, 370.0), (308.4, 372.8), (308.4, 372.8), (308.4, 372.8), (308.4, 372.8), (308.4, 372.8), (308.4, 372.8), (308.4, 372.8), (308.4, 372.8), (308.4, 372.8), (308.4, 372.8), (308.4, 372.8), (308.4, 372.8), (308.4, 372.8), (308.4, 372.8), (308.4, 367.2), (308.4, 367.2), (308.4, 367.2), (308.4, 361.6), (308.4, 361.6), (308.4, 361.6), (302.8, 344.8), (302.8, 322.4), (302.8, 322.4), (302.8, 322.4), (302.8, 322.4), (302.8, 322.4), (302.8, 322.4), (302.8, 322.4), (302.8, 322.4), (302.8, 322.4), (302.8, 322.4), (302.8, 322.4), (302.8, 322.4), (302.8, 322.4), (302.8, 316.8), (308.4, 311.2), (308.4, 311.2), (308.4, 305.6), (308.4, 305.6), (308.4, 305.6), (308.4, 294.4), (308.4, 294.4), (294.4, 308.4), (294.4, 308.4), (294.4, 308.4), (300.0, 311.2), (308.4, 333.6), (308.4, 361.6), (328.0, 372.8), (339.2, 372.8), (339.2, 372.8), (339.2, 372.8), (339.2, 372.8), (339.2, 372.8), (339.2, 372.8), (339.2, 372.8), (339.2, 372.8), (339.2, 372.8), (339.2, 372.8), (339.2, 372.8), (339.2, 372.8), (339.2, 372.8), (339.2, 372.8), (339.2, 372.8), (339.2, 372.8), (339.2, 372.8), (339.2, 372.8), (339.2, 372.8), (339.2, 372.8), (339.2, 372.8), (339.2, 372.8), (339.2, 372.8), (339.2, 372.8), (339.2, 372.8), (339.2, 372.8), (339.2, 372.8), (339.2, 372.8), (339.2, 372.8), (339.2, 372.8), (339.2, 372.8), (339.2, 372.8), (339.2, 372.8), (339.2, 372.8), (339.2, 372.8), (339.2, 372.8), (339.2, 372.8), (339.2, 372.8), (339.2, 372.8), (339.2, 372.8), (339.2, 372.8), (339.2, 372.8), (339.2, 372.8), (339.2, 372.8), (339.2, 372.8), (339.2, 372.8), (339.2, 372.8), (339.2, 372.8), (339.2, 372.8), (339.2, 372.8), (339.2, 372.8), (339.2, 372.8), (339.2, 372.8), (339.2, 372.8), (339.2, 372.8), (339.2, 372.8)]",0,3,17.17
speedrunner,bomberman,5,Bomb,95,0,26.76,0.8,"[(48.0, 48.0), (70.4, 50.8), (101.2, 50.8), (115.2, 67.6), (115.2, 95.6), (126.4, 115.2), (151.6, 115.2), (176.8, 120.8), (179.6, 143.2), (179.6, 171.2), (199.2, 179.6), (227.2, 179.6), (244.0, 193.6), (244.0, 218.8), (249.6, 244.0), (272.0, 244.0), (300.0, 246.8), (305.6, 269.2), (308.4, 297.2), (308.4, 297.2), (308.4, 297.2), (308.4, 297.2), (308.4, 297.2), (308.4, 297.2), (308.4, 297.2), (308.4, 297.2), (308.4, 297.2), (308.4, 297.2), (308.4, 297.2), (308.4, 297.2), (308.4, 297.2), (308.4, 297.2), (308.4, 297.2), (308.4, 297.2), (308.4, 297.2), (308.4, 297.2), (308.4, 297.2), (308.4, 297.2), (308.4, 297.2), (308.4, 297.2), (308.4, 297.2), (308.4, 297.2), (308.4, 291.6), (308.4, 286.0), (308.4, 286.0), (308.4, 286.0), (308.4, 286.0), (308.4, 286.0), (308.4, 286.0), (308.4, 286.0), (308.4, 286.0), (308.4, 286.0), (308.4, 286.0), (308.4, 286.0), (308.4, 286.0), (308.4, 286.0), (308.4, 286.0), (308.4, 286.0), (308.4, 286.0), (308.4, 286.0), (308.4, 286.0), (308.4, 286.0), (308.4, 286.0), (308.4, 286.0), (308.4, 286.0), (308.4, 286.0)]",0,1,8.68
speedrunner,bomberman,5,Bomb,3,0,27.09,0.9,"[(48.0, 48.0), (70.4, 50.8), (101.2, 50.8), (115.2, 67.6), (115.2, 95.6), (126.4, 115.2), (151.6, 115.2), (176.8, 120.8), (179.6, 143.2), (179.6, 171.2), (199.2, 179.6), (227.2, 179.6), (244.0, 193.6), (244.0, 218.8), (249.6, 244.0), (272.0, 244.0), (300.0, 246.8), (308.4, 269.2), (308.4, 291.6), (308.4, 314.0), (308.4, 336.4), (308.4, 358.8), (308.4, 372.8), (308.4, 372.8), (308.4, 372.8), (308.4, 372.8), (308.4, 372.8), (308.4, 372.8), (308.4, 372.8), (308.4, 372.8), (308.4, 372.8), (308.4, 372.8), (308.4, 372.8), (308.4, 372.8), (308.4, 372.8), (308.4, 372.8), (308.4, 372.8), (308.4, 372.8), (308.4, 372.8), (308.4, 372.8), (308.4, 372.8), (308.4, 372.8), (308.4, 372.8), (308.4, 372.8), (308.4, 367.2), (308.4, 367.2), (308.4, 367.2), (308.4, 361.6), (308.4, 361.6), (308.4, 361.6), (308.4, 356.0), (308.4, 350.4), (308.4, 350.4), (308.4, 350.4), (308.4, 350.4), (308.4, 350.4), (308.4, 350.4), (308.4, 350.4), (308.4, 350.4), (308.4, 350.4), (308.4, 350.4), (308.4, 350.4), (308.4, 350.4), (308.4, 350.4), (308.4, 350.4), (308.4, 350.4)]",0,1,8.68
speedrunner,bomberman,5,Bomb,56,0,15.01,0.95,"[(48.0, 48.0), (70.4, 50.8), (101.2, 50.8), (115.2, 67.6), (115.2, 95.6), (126.4, 115.2), (151.6, 115.2), (176.8, 120.8), (179.6, 126.4), (179.6, 132.0), (179.6, 160.0), (188.0, 179.6), (210.4, 179.6), (238.4, 182.4), (244.0, 204.8), (244.0, 232.8), (260.8, 244.0), (288.8, 244.0), (308.4, 258.0), (308.4, 280.4), (308.4, 302.8), (308.4, 325.2), (308.4, 347.6), (308.4, 370.0), (308.4, 372.8), (308.4, 372.8), (308.4, 372.8), (308.4, 372.8), (308.4, 372.8), (308.4, 372.8), (308.4, 372.8), (308.4, 372.8), (308.4, 372.8), (308.4, 372.8), (308.4, 372.8), (308.4, 372.8), (308.4, 372.8), (308.4, 372.8), (308.4, 367.2), (308.4, 367.2), (308.4, 367.2), (308.4, 361.6), (308.4, 361.6), (308.4, 361.6), (302.8, 344.8), (302.8, 322.4), (302.8, 322.4), (302.8, 322.4), (302.8, 322.4), (302.8, 322.4), (302.8, 322.4), (302.8, 322.4), (302.8, 322.4), (302.8, 322.4), (302.8, 322.4), (302.8, 322.4), (302.8, 322.4), (302.8, 322.4), (302.8, 316.8), (308.4, 311.2), (308.4, 311.2), (308.4, 305.6), (308.4, 305.6), (308.4, 305.6), (308.4, 294.4), (308.4, 294.4), (294.4, 308.4), (294.4, 308.4), (294.4, 308.4), (300.0, 311.2), (308.4, 333.6), (308.4, 361.6), (328.0, 372.8), (339.2, 372.8), (339.2, 372.8), (339.2, 372.8), (339.2, 372.8), (339.2, 372.8), (339.2, 372.8), (339.2, 372.8), (339.2, 372.8), (339.2, 372.8), (339.2, 372.8), (339.2, 372.8), (339.2, 372.8), (339.2, 372.8), (339.2, 372.8), (339.2, 372.8), (339.2, 372.8), (339.2, 372.8), (339.2, 372.8), (339.2, 372.8), (339.2, 372.8), (339.2, 372.8), (339.2, 372.8), (339.2, 372.8), (339.2, 372.8), (339.2, 372.8), (339.2, 372.8), (339.2, 372.8), (339.2, 372.8), (339.2, 372.8), (339.2, 372.8), (339.2, 372.8), (339.2, 372.8), (339.2, 372.8), (339.2, 372.8), (339.2, 372.8), (339.2, 372.8), (339.2, 372.8), (339.2, 372.8), (339.2, 372.8), (339.2, 372.8), (339.2, 372.8), (339.2, 372.8), (339.2, 372.8), (339.2, 372.8), (339.2, 372.8), (339.2, 372.8), (339.2, 372.8), (339.2, 372.8), (339.2, 372.8), (339.2, 372.8), (339.2, 372.8), (339.2, 372.8), (339.2, 372.8), (339.2, 372.8), (339.2, 372.8), (339.2, 372.8)]",0,3,17.17
speedrunner,bomberman,5,Bomb,155,0,12.49,0.95,"[(48.0, 48.0), (70.4, 50.8), (101.2, 50.8), (115.2, 67.6), (115.2, 95.6), (126.4, 115.2), (151.6, 115.2), (176.8, 120.8), (179.6, 143.2), (179.6, 171.2), (199.2, 179.6), (227.2, 179.6), (244.0, 193.6), (244.0, 218.8), (249.6, 244.0), (272.0, 244.0), (300.0, 246.8), (300.0, 269.2), (308.4, 297.2), (308.4, 319.6), (300.0, 342.0), (300.0, 353.2), (300.0, 347.6), (302.8, 350.4), (300.0, 353.2), (300.0, 347.6), (302.8, 350.4), (300.0, 353.2), (300.0, 347.6), (302.8, 350.4), (300.0, 353.2), (300.0, 347.6), (302.8, 350.4), (300.0, 353.2), (300.0, 347.6), (302.8, 350.4), (300.0, 353.2), (300.0, 347.6), (302.8, 350.4), (300.0, 353.2), (305.6, 353.2), (300.0, 344.8), (300.0, 330.8), (308.4, 311.2), (308.4, 311.2), (308.4, 311.2), (308.4, 311.2), (308.4, 311.2), (305.6, 311.2), (291.6, 308.4), (286.0, 305.6), (286.0, 305.6), (286.0, 305.6), (286.0, 305.6), (286.0, 305.6), (286.0, 305.6), (286.0, 305.6), (286.0, 305.6), (286.0, 305.6), (286.0, 305.6), (286.0, 305.6), (286.0, 305.6), (286.0, 305.6), (286.0, 305.6), (286.0, 305.6), (286.0, 305.6), (286.0, 305.6), (286.0, 305.6), (286.0, 305.6), (286.0, 305.6), (286.0, 305.6), (286.0, 305.6), (286.0, 305.6), (286.0, 305.6), (300.0, 305.6), (300.0, 288.8), (300.0, 288.8), (300.0, 288.8), (300.0, 288.8), (300.0, 288.8), (300.0, 288.8), (300.0, 288.8), (300.0, 288.8), (300.0, 288.8), (300.0, 288.8), (300.0, 288.8), (300.0, 288.8), (300.0, 288.8), (300.0, 283.2), (300.0, 277.6), (300.0, 272.0), (300.0, 272.0), (300.0, 266.4), (300.0, 266.4), (300.0, 263.6), (300.0, 255.2), (300.0, 255.2), (300.0, 255.2), (300.0, 255.2), (300.0, 255.2), (300.0, 255.2), (300.0, 255.2), (300.0, 255.2), (300.0, 255.2), (308.4, 272.0), (308.4, 294.4), (308.4, 316.8), (308.4, 339.2), (311.2, 367.2), (333.6, 372.8), (339.2, 372.8), (339.2, 372.8), (339.2, 372.8), (339.2, 372.8), (339.2, 372.8), (339.2, 372.8), (339.2, 372.8), (339.2, 372.8), (339.2, 372.8), (339.2, 372.8), (339.2, 372.8), (339.2, 372.8), (339.2, 372.8), (339.2, 372.8), (339.2, 372.8), (339.2, 372.8), (339.2, 372.8), (339.2, 372.8), (339.2, 372.8), (339.2, 372.8), (339.2, 372.8), (339.2, 372.8), (339.2, 372.8), (339.2, 372.8), (339.2, 372.8), (339.2, 372.8), (339.2, 372.8), (339.2, 372.8), (339.2, 372.8), (339.2, 372.8), (339.2, 372.8), (339.2, 372.8), (339.2, 372.8), (339.2, 372.8), (339.2, 372.8), (339.2, 372.8), (339.2, 372.8), (339.2, 372.8), (339.2, 372.8), (339.2, 372.8), (339.2, 372.8), (339.2, 372.8), (339.2, 372.8), (339.2, 372.8), (339.2, 372.8), (339.2, 372.8), (339.2, 372.8), (339.2, 372.8), (339.2, 372.8), (339.2, 372.8)]",0,2,21.3
speedrunner,bomberman,5,Bomb,141,0,2.31,0.9,"[(48.0, 48.0), (70.4, 50.8), (101.2, 50.8), (115.2, 67.6), (115.2, 95.6), (126.4, 115.2), (151.6, 115.2), (176.8, 120.8), (179.6, 143.2), (179.6, 171.2), (199.2, 179.6), (227.2, 179.6), (244.0, 193.6), (244.0, 218.8), (249.6, 244.0), (272.0, 244.0), (300.0, 246.8), (300.0, 269.2), (302.8, 286.0), (302.8, 286.0), (302.8, 286.0), (302.8, 286.0), (302.8, 286.0), (302.8, 286.0), (302.8, 286.0), (302.8, 286.0), (302.8, 286.0), (302.8, 286.0), (302.8, 286.0), (302.8, 286.0), (302.8, 286.0), (302.8, 286.0), (302.8, 286.0), (302.8, 286.0), (302.8, 286.0), (302.8, 286.0), (300.0, 286.0), (300.0, 280.4), (300.0, 283.2), (300.0, 269.2), (302.8, 258.0), (302.8, 258.0), (302.8, 258.0), (302.8, 258.0), (302.8, 258.0), (302.8, 258.0), (302.8, 258.0), (300.0, 255.2), (300.0, 252.4), (300.0, 258.0), (300.0, 255.2), (300.0, 252.4), (300.0, 258.0), (300.0, 255.2), (300.0, 252.4), (300.0, 258.0), (300.0, 255.2), (300.0, 252.4), (300.0, 252.4), (300.0, 246.8), (300.0, 246.8), (300.0, 246.8), (300.0, 246.8), (300.0, 246.8), (300.0, 246.8), (286.0, 244.0), (286.0, 244.0), (286.0, 244.0), (286.0, 244.0), (291.6, 244.0), (300.0, 260.8), (300.0, 288.8), (319.6, 305.6), (344.8, 308.4), (353.2, 308.4), (353.2, 308.4), (353.2, 308.4), (353.2, 308.4), (353.2, 308.4), (353.2, 308.4), (353.2, 308.4), (353.2, 308.4), (353.2, 308.4), (353.2, 308.4), (353.2, 308.4), (353.2, 308.4), (353.2, 308.4), (353.2, 308.4), (353.2, 308.4), (353.2, 308.4), (353.2, 308.4), (353.2, 308.4), (353.2, 308.4), (353.2, 308.4), (353.2, 308.4), (353.2, 308.4), (353.2, 308.4), (353.2, 308.4), (353.2, 308.4), (353.2, 308.4), (353.2, 308.4), (353.2, 308.4), (353.2, 308.4), (353.2, 308.4), (353.2, 308.4), (353.2, 308.4), (353.2, 308.4), (353.2, 308.4), (353.2, 308.4), (353.2, 308.4), (342.0, 308.4), (316.8, 308.4), (300.0, 316.8), (300.0, 322.4), (300.0, 319.6), (300.0, 316.8), (300.0, 322.4), (300.0, 319.6), (300.0, 316.8), (300.0, 322.4), (300.0, 319.6), (300.0, 316.8), (300.0, 322.4), (300.0, 319.6), (300.0, 316.8), (300.0, 322.4), (300.0, 319.6), (300.0, 316.8), (300.0, 322.4), (300.0, 314.0), (288.8, 302.8), (288.8, 302.8), (288.8, 302.8), (288.8, 302.8), (288.8, 302.8), (288.8, 302.8), (288.8, 302.8), (288.8, 302.8), (288.8, 302.8), (288.8, 302.8), (288.8, 302.8), (288.8, 302.8), (288.8, 302.8), (288.8, 302.8), (272.0, 308.4), (255.2, 308.4), (238.4, 322.4), (238.4, 319.6), (238.4, 316.8), (238.4, 322.4), (238.4, 319.6), (238.4, 316.8), (238.4, 322.4), (238.4, 319.6), (238.4, 316.8), (238.4, 322.4), (238.4, 319.6), (238.4, 316.8), (238.4, 322.4), (241.2, 314.0), (238.4, 302.8), (221.6, 302.8), (221.6, 302.8), (221.6, 302.8), (221.6, 302.8), (221.6, 302.8), (221.6, 302.8), (221.6, 302.8), (221.6, 302.8), (221.6, 302.8), (221.6, 302.8), (221.6, 302.8), (221.6, 302.8), (221.6, 302.8), (221.6, 302.8), (221.6, 302.8), (221.6, 302.8), (210.4, 308.4), (210.4, 308.4), (204.8, 308.4), (188.0, 308.4), (176.8, 319.6), (176.8, 319.6), (176.8, 319.6), (176.8, 319.6), (176.8, 319.6), (176.8, 319.6), (176.8, 319.6), (176.8, 319.6), (176.8, 319.6), (179.6, 314.0), (179.6, 308.4), (165.6, 308.4), (160.0, 308.4), (160.0, 308.4), (160.0, 308.4), (160.0, 308.4), (160.0, 308.4), (160.0, 308.4), (160.0, 308.4), (160.0, 308.4), (160.0, 308.4), (160.0, 308.4), (160.0, 308.4), (160.0, 308.4), (160.0, 308.4), (160.0, 308.4), (160.0, 308.4), (148.8, 308.4), (148.8, 308.4), (148.8, 308.4), (148.8, 308.4), (148.8, 308.4), (129.2, 308.4), (109.6, 316.8), (109.6, 322.4), (112.4, 319.6), (112.4, 319.6), (112.4, 319.6), (112.4, 319.6), (115.2, 316.8), (115.2, 322.4), (115.2, 319.6), (115.2, 319.6), (115.2, 319.6), (115.2, 319.6), (115.2, 319.6), (115.2, 319.6), (115.2, 319.6), (115.2, 319.6), (115.2, 319.6), (115.2, 319.6), (115.2, 319.6), (115.2, 319.6), (115.2, 319.6), (115.2, 319.6), (115.2, 319.6), (115.2, 319.6), (115.2, 319.6), (115.2, 319.6), (115.2, 319.6), (115.2, 319.6), (115.2, 319.6), (115.2, 319.6), (115.2, 319.6), (115.2, 319.6)]",0,1,32.7
speedrunner,bomberman,5,Bomb,29,0,26.07,0.85,"[(48.0, 48.0), (70.4, 50.8), (101.2, 50.8), (115.2, 67.6), (115.2, 95.6), (126.4, 115.2), (151.6, 115.2), (176.8, 120.8), (179.6, 143.2), (179.6, 171.2), (199.2, 179.6), (227.2, 179.6), (244.0, 193.6), (244.0, 218.8), (249.6, 244.0), (272.0, 244.0), (300.0, 246.8), (300.0, 269.2), (308.4, 297.2), (308.4, 319.6), (300.0, 342.0), (308.4, 370.0), (308.4, 370.0), (308.4, 370.0), (308.4, 370.0), (308.4, 370.0), (308.4, 370.0), (308.4, 370.0), (308.4, 370.0), (308.4, 370.0), (308.4, 370.0), (308.4, 370.0), (308.4, 370.0), (308.4, 370.0), (308.4, 370.0), (308.4, 370.0), (308.4, 370.0), (308.4, 370.0), (308.4, 370.0), (308.4, 370.0), (308.4, 370.0), (308.4, 364.4), (308.4, 358.8), (308.4, 358.8), (308.4, 358.8), (308.4, 353.2), (305.6, 353.2), (305.6, 353.2), (305.6, 353.2), (305.6, 353.2), (305.6, 353.2), (305.6, 353.2), (305.6, 353.2), (305.6, 347.6), (300.0, 347.6), (300.0, 342.0), (300.0, 316.8), (300.0, 322.4), (300.0, 319.6), (300.0, 316.8), (300.0, 322.4), (300.0, 319.6), (300.0, 316.8), (300.0, 322.4), (300.0, 319.6), (300.0, 316.8)]",0,1,8.7
speedrunner,bomberman,5,Bomb,3,0,27.09,0.9,"[(48.0, 48.0), (70.4, 50.8), (101.2, 50.8), (115.2, 67.6), (115.2, 95.6), (126.4, 115.2), (151.6, 115.2), (176.8, 120.8), (179.6, 143.2), (179.6, 171.2), (199.2, 179.6), (227.2, 179.6), (244.0, 193.6), (244.0, 218.8), (249.6, 244.0), (272.0, 244.0), (300.0, 246.8), (308.4, 269.2), (308.4, 291.6), (308.4, 314.0), (308.4, 336.4), (308.4, 358.8), (308.4, 372.8), (308.4, 372.8), (308.4, 372.8), (308.4, 372.8), (308.4, 372.8), (308.4, 372.8), (308.4, 372.8), (308.4, 372.8), (308.4, 372.8), (308.4, 372.8), (308.4, 372.8), (308.4, 372.8), (308.4, 372.8), (308.4, 372.8), (308.4, 372.8), (308.4, 372.8), (308.4, 372.8), (308.4, 372.8), (308.4, 372.8), (308.4, 372.8), (308.4, 372.8), (308.4, 372.8), (308.4, 367.2), (308.4, 367.2), (308.4, 367.2), (308.4, 361.6), (308.4, 361.6), (308.4, 361.6), (308.4, 356.0), (308.4, 350.4), (308.4, 350.4), (308.4, 350.4), (308.4, 350.4), (308.4, 350.4), (308.4, 350.4), (308.4, 350.4), (308.4, 350.4), (308.4, 350.4), (308.4, 350.4), (308.4, 350.4), (308.4, 350.4), (308.4, 350.4), (308.4, 350.4), (308.4, 350.4)]",0,1,8.68
speedrunner,bomberman,5,Bomb,3,0,25.77,0.9,"[(48.0, 48.0), (70.4, 50.8), (101.2, 50.8), (115.2, 67.6), (115.2, 95.6), (126.4, 115.2), (151.6, 115.2), (176.8, 120.8), (179.6, 143.2), (179.6, 171.2), (199.2, 179.6), (227.2, 179.6), (244.0, 193.6), (244.0, 218.8), (249.6, 244.0), (272.0, 244.0), (300.0, 246.8), (308.4, 269.2), (305.6, 297.2), (308.4, 319.6), (300.0, 342.0), (300.0, 353.2), (300.0, 353.2), (300.0, 353.2), (300.0, 353.2), (300.0, 353.2), (300.0, 353.2), (300.0, 353.2), (300.0, 353.2), (300.0, 353.2), (300.0, 353.2), (300.0, 353.2), (300.0, 353.2), (300.0, 353.2), (300.0, 353.2), (300.0, 353.2), (300.0, 353.2), (305.6, 353.2), (305.6, 353.2), (305.6, 353.2), (305.6, 353.2), (305.6, 353.2), (305.6, 353.2), (305.6, 353.2), (305.6, 353.2), (305.6, 353.2), (305.6, 353.2), (305.6, 353.2), (305.6, 353.2), (305.6, 353.2), (305.6, 353.2), (305.6, 353.2), (305.6, 353.2), (300.0, 353.2), (300.0, 353.2), (300.0, 356.0), (300.0, 350.4), (300.0, 353.2), (300.0, 356.0), (300.0, 350.4), (300.0, 353.2), (300.0, 356.0), (300.0, 350.4), (300.0, 353.2), (300.0, 356.0), (300.0, 350.4), (300.0, 353.2)]",0,1,8.8
speedrunner,bomberman,5,Bomb,41,0,26.12,0.7,"[(48.0, 48.0), (70.4, 50.8), (101.2, 50.8), (115.2, 67.6), (115.2, 95.6), (126.4, 115.2), (151.6, 115.2), (176.8, 120.8), (179.6, 143.2), (179.6, 171.2), (199.2, 179.6), (227.2, 179.6), (244.0, 193.6), (241.2, 216.0), (246.8, 241.2), (269.2, 244.0), (297.2, 244.0), (300.0, 266.4), (305.6, 294.4), (308.4, 316.8), (300.0, 339.2), (300.0, 347.6), (302.8, 350.4), (300.0, 353.2), (300.0, 347.6), (302.8, 350.4), (300.0, 353.2), (300.0, 347.6), (302.8, 350.4), (300.0, 353.2), (300.0, 347.6), (302.8, 350.4), (300.0, 353.2), (300.0, 347.6), (302.8, 350.4), (300.0, 353.2), (300.0, 344.8), (300.0, 347.6), (300.0, 342.0), (300.0, 344.8), (300.0, 333.6), (300.0, 333.6), (300.0, 333.6), (300.0, 328.0), (300.0, 325.2), (300.0, 322.4), (300.0, 319.6), (300.0, 316.8), (300.0, 322.4), (300.0, 319.6), (300.0, 316.8), (300.0, 322.4), (300.0, 319.6), (300.0, 316.8), (300.0, 322.4), (300.0, 319.6), (300.0, 316.8), (300.0, 322.4), (300.0, 319.6), (300.0, 316.8), (300.0, 322.4), (300.0, 319.6), (300.0, 316.8), (300.0, 322.4), (300.0, 319.6), (300.0, 316.8)]",0,0,8.68
speedrunner,bomberman,5,Bomb,22,0,24.39,0.7,"[(48.0, 48.0), (70.4, 50.8), (101.2, 50.8), (115.2, 67.6), (115.2, 95.6), (126.4, 115.2), (151.6, 115.2), (176.8, 120.8), (179.6, 143.2), (179.6, 171.2), (199.2, 179.6), (227.2, 179.6), (244.0, 193.6), (244.0, 218.8), (249.6, 244.0), (272.0, 244.0), (300.0, 246.8), (308.4, 258.0), (308.4, 258.0), (308.4, 258.0), (308.4, 258.0), (308.4, 258.0), (308.4, 258.0), (308.4, 258.0), (308.4, 258.0), (308.4, 258.0), (308.4, 258.0), (308.4, 258.0), (308.4, 258.0), (308.4, 258.0), (308.4, 258.0), (308.4, 258.0), (308.4, 258.0), (308.4, 258.0), (308.4, 258.0), (308.4, 258.0), (308.4, 258.0), (308.4, 258.0), (308.4, 258.0), (308.4, 258.0), (305.6, 258.0), (305.6, 258.0), (305.6, 258.0), (305.6, 258.0), (308.4, 258.0), (308.4, 255.2), (308.4, 252.4), (308.4, 258.0), (308.4, 255.2), (308.4, 252.4), (308.4, 258.0), (308.4, 255.2), (308.4, 252.4), (308.4, 258.0), (308.4, 255.2), (305.6, 255.2), (305.6, 255.2), (305.6, 255.2), (305.6, 255.2), (305.6, 255.2), (305.6, 255.2), (300.0, 258.0), (300.0, 255.2), (300.0, 252.4), (300.0, 258.0), (300.0, 255.2), (300.0, 252.4), (300.0, 258.0), (300.0, 255.2), (300.0, 252.4)]",0,0,9.3
speedrunner,bomberman,5,Bomb,55,0,20.71,0.7,"[(48.0, 48.0), (70.4, 50.8), (101.2, 50.8), (115.2, 67.6), (115.2, 95.6), (126.4, 115.2), (151.6, 115.2), (176.8, 120.8), (179.6, 143.2), (179.6, 171.2), (199.2, 179.6), (227.2, 179.6), (244.0, 193.6), (244.0, 218.8), (249.6, 244.0), (272.0, 244.0), (288.8, 244.0), (288.8, 244.0), (288.8, 244.0), (288.8, 244.0), (288.8, 244.0), (288.8, 244.0), (288.8, 244.0), (288.8, 244.0), (288.8, 244.0), (288.8, 244.0), (288.8, 244.0), (288.8, 244.0), (288.8, 244.0), (288.8, 244.0), (288.8, 244.0), (288.8, 244.0), (288.8, 244.0), (288.8, 244.0), (288.8, 244.0), (288.8, 244.0), (288.8, 244.0), (288.8, 244.0), (288.8, 244.0), (288.8, 244.0), (288.8, 244.0), (288.8, 244.0), (288.8, 244.0), (288.8, 244.0), (288.8, 244.0), (288.8, 244.0), (288.8, 244.0), (288.8, 244.0), (288.8, 244.0), (288.8, 244.0), (288.8, 244.0), (288.8, 244.0), (288.8, 244.0), (288.8, 244.0), (288.8, 244.0), (288.8, 244.0), (288.8, 244.0), (288.8, 244.0), (288.8, 244.0), (288.8, 244.0), (288.8, 244.0), (288.8, 244.0), (288.8, 244.0), (288.8, 244.0), (288.8, 244.0), (288.8, 244.0), (288.8, 244.0), (288.8, 244.0), (288.8, 244.0), (274.8, 244.0), (274.8, 244.0), (274.8, 244.0), (274.8, 244.0)]",0,0,9.6
speedrunner,bomberman,5,Bomb,72,0,17.55,0.9,"[(48.0, 48.0), (70.4, 50.8), (101.2, 50.8), (115.2, 67.6), (115.2, 95.6), (126.4, 115.2), (151.6, 115.2), (176.8, 120.8), (179.6, 143.2), (179.6, 171.2), (199.2, 179.6), (227.2, 179.6), (244.0, 193.6), (244.0, 218.8), (249.6, 244.0), (272.0, 244.0), (300.0, 246.8), (300.0, 269.2), (308.4, 297.2), (308.4, 319.6), (300.0, 342.0), (300.0, 353.2), (300.0, 353.2), (300.0, 353.2), (300.0, 353.2), (300.0, 353.2), (300.0, 353.2), (300.0, 353.2), (300.0, 353.2), (300.0, 353.2), (300.0, 353.2), (300.0, 353.2), (300.0, 353.2), (300.0, 353.2), (300.0, 353.2), (300.0, 353.2), (300.0, 353.2), (300.0, 353.2), (300.0, 353.2), (300.0, 353.2), (300.0, 353.2), (302.8, 353.2), (302.8, 353.2), (305.6, 350.4), (300.0, 344.8), (300.0, 339.2), (300.0, 322.4), (300.0, 319.6), (300.0, 316.8), (300.0, 322.4), (300.0, 319.6), (300.0, 316.8), (300.0, 322.4), (300.0, 319.6), (300.0, 316.8), (300.0, 322.4), (300.0, 319.6), (300.0, 319.6), (300.0, 314.0), (300.0, 314.0), (300.0, 314.0), (300.0, 308.4), (288.8, 308.4), (288.8, 308.4), (288.8, 308.4), (288.8, 308.4), (288.8, 308.4), (288.8, 308.4), (288.8, 308.4), (288.8, 308.4), (288.8, 308.4), (288.8, 308.4), (288.8, 308.4), (288.8, 308.4), (288.8, 308.4), (305.6, 316.8), (305.6, 339.2), (308.4, 356.0), (308.4, 350.4), (308.4, 353.2), (308.4, 356.0), (308.4, 350.4), (308.4, 353.2), (308.4, 356.0), (308.4, 350.4), (308.4, 353.2), (308.4, 356.0), (308.4, 350.4), (308.4, 353.2), (308.4, 356.0), (308.4, 350.4), (308.4, 353.2), (308.4, 356.0), (308.4, 350.4), (308.4, 353.2), (308.4, 356.0), (308.4, 350.4), (308.4, 353.2), (308.4, 356.0), (308.4, 350.4), (308.4, 353.2)]",0,2,13.4
speedrunner,bomberman,5,Bomb,56,0,15.01,0.95,"[(48.0, 48.0), (70.4, 50.8), (101.2, 50.8), (115.2, 67.6), (115.2, 95.6), (126.4, 115.2), (151.6, 115.2), (176.8, 120.8), (179.6, 126.4), (179.6, 132.0), (179.6, 160.0), (188.0, 179.6), (210.4, 179.6), (238.4, 182.4), (244.0, 204.8), (244.0, 232.8), (260.8, 244.0), (288.8, 244.0), (308.4, 258.0), (308.4, 280.4), (308.4, 302.8), (308.4, 325.2), (308.4, 347.6), (308.4, 370.0), (308.4, 372.8), (308.4, 372.8), (308.4, 372.8), (308.4, 372.8), (308.4, 372.8), (308.4, 372.8), (308.4, 372.8), (308.4, 372.8), (308.4, 372.8), (308.4, 372.8), (308.4, 372.8), (308.4, 372.8), (308.4, 372.8), (308.4, 372.8), (308.4, 367.2), (308.4, 367.2), (308.4, 367.2), (308.4, 361.6), (308.4, 361.6), (308.4, 361.6), (302.8, 344.8), (302.8, 322.4), (302.8, 322.4), (302.8, 322.4), (302.8, 322.4), (302.8, 322.4), (302.8, 322.4), (302.8, 322.4), (302.8, 322.4), (302.8, 322.4), (302.8, 322.4), (302.8, 322.4), (302.8, 322.4), (302.8, 322.4), (302.8, 316.8), (308.4, 311.2), (308.4, 311.2), (308.4, 305.6), (308.4, 305.6), (308.4, 305.6), (308.4, 294.4), (308.4, 294.4), (294.4, 308.4), (294.4, 308.4), (294.4, 308.4), (300.0, 311.2), (308.4, 333.6), (308.4, 361.6), (328.0, 372.8), (339.2, 372.8), (339.2, 372.8), (339.2, 372.8), (339.2, 372.8), (339.2, 372.8), (339.2, 372.8), (339.2, 372.8), (339.2, 372.8), (339.2, 372.8), (339.2, 372.8), (339.2, 372.8), (339.2, 372.8), (339.2, 372.8), (339.2, 372.8), (339.2, 372.8), (339.2, 372.8), (339.2, 372.8), (339.2, 372.8), (339.2, 372.8), (339.2, 372.8), (339.2, 372.8), (339.2, 372.8), (339.2, 372.8), (339.2, 372.8), (339.2, 372.8), (339.2, 372.8), (339.2, 372.8), (339.2, 372.8), (339.2, 372.8), (339.2, 372.8), (339.2, 372.8), (339.2, 372.8), (339.2, 372.8), (339.2, 372.8), (339.2, 372.8), (339.2, 372.8), (339.2, 372.8), (339.2, 372.8), (339.2, 372.8), (339.2, 372.8), (339.2, 372.8), (339.2, 372.8), (339.2, 372.8), (339.2, 372.8), (339.2, 372.8), (339.2, 372.8), (339.2, 372.8), (339.2, 372.8), (339.2, 372.8), (339.2, 372.8), (339.2, 372.8), (339.2, 372.8), (339.2, 372.8), (339.2, 372.8), (339.2, 372.8), (339.2, 372.8)]",0,3,17.17
speedrunner,bomberman,5,Bomb,155,0,12.49,0.95,"[(48.0, 48.0), (70.4, 50.8), (101.2, 50.8), (115.2, 67.6), (115.2, 95.6), (126.4, 115.2), (151.6, 115.2), (176.8, 120.8), (179.6, 143.2), (179.6, 171.2), (199.2, 179.6), (227.2, 179.6), (244.0, 193.6), (244.0, 218.8), (249.6, 244.0), (272.0, 244.0), (300.0, 246.8), (300.0, 269.2), (308.4, 297.2), (308.4, 319.6), (300.0, 342.0), (300.0, 353.2), (300.0, 347.6), (302.8, 350.4), (300.0, 353.2), (300.0, 347.6), (302.8, 350.4), (300.0, 353.2), (300.0, 347.6), (302.8, 350.4), (300.0, 353.2), (300.0, 347.6), (302.8, 350.4), (300.0, 353.2), (300.0, 347.6), (302.8, 350.4), (300.0, 353.2), (300.0, 347.6), (302.8, 350.4), (300.0, 353.2), (305.6, 353.2), (300.0, 344.8), (300.0, 330.8), (308.4, 311.2), (308.4, 311.2), (308.4, 311.2), (308.4, 311.2), (308.4, 311.2), (305.6, 311.2), (291.6, 308.4), (286.0, 305.6), (286.0, 305.6), (286.0, 305.6), (286.0, 305.6), (286.0, 305.6), (286.0, 305.6), (286.0, 305.6), (286.0, 305.6), (286.0, 305.6), (286.0, 305.6), (286.0, 305.6), (286.0, 305.6), (286.0, 305.6), (286.0, 305.6), (286.0, 305.6), (286.0, 305.6), (286.0, 305.6), (286.0, 305.6), (286.0, 305.6), (286.0, 305.6), (286.0, 305.6), (286.0, 305.6), (286.0, 305.6), (286.0, 305.6), (300.0, 305.6), (300.0, 288.8), (300.0, 288.8), (300.0, 288.8), (300.0, 288.8), (300.0, 288.8), (300.0, 288.8), (300.0, 288.8), (300.0, 288.8), (300.0, 288.8), (300.0, 288.8), (300.0, 288.8), (300.0, 288.8), (300.0, 288.8), (300.0, 283.2), (300.0, 277.6), (300.0, 272.0), (300.0, 272.0), (300.0, 266.4), (300.0, 266.4), (300.0, 263.6), (300.0, 255.2), (300.0, 255.2), (300.0, 255.2), (300.0, 255.2), (300.0, 255.2), (300.0, 255.2), (300.0, 255.2), (300.0, 255.2), (300.0, 255.2), (308.4, 272.0), (308.4, 294.4), (308.4, 316.8), (308.4, 339.2), (311.2, 367.2), (333.6, 372.8), (339.2, 372.8), (339.2, 372.8), (339.2, 372.8), (339.2, 372.8), (339.2, 372.8), (339.2, 372.8), (339.2, 372.8), (339.2, 372.8), (339.2, 372.8), (339.2, 372.8), (339.2, 372.8), (339.2, 372.8), (339.2, 372.8), (339.2, 372.8), (339.2, 372.8), (339.2, 372.8), (339.2, 372.8), (339.2, 372.8), (339.2, 372.8), (339.2, 372.8), (339.2, 372.8), (339.2, 372.8), (339.2, 372.8), (339.2, 372.8), (339.2, 372.8), (339.2, 372.8), (339.2, 372.8), (339.2, 372.8), (339.2, 372.8), (339.2, 372.8), (339.2, 372.8), (339.2, 372.8), (339.2, 372.8), (339.2, 372.8), (339.2, 372.8), (339.2, 372.8), (339.2, 372.8), (339.2, 372.8), (339.2, 372.8), (339.2, 372.8), (339.2, 372.8), (339.2, 372.8), (339.2, 372.8), (339.2, 372.8), (339.2, 372.8), (339.2, 372.8), (339.2, 372.8), (339.2, 372.8), (339.2, 372.8), (339.2, 372.8)]",0,2,21.3
speedrunner,bomberman,5,Bomb,72,0,17.55,0.9,"[(48.0, 48.0), (70.4, 50.8), (101.2, 50.8), (115.2, 67.6), (115.2, 95.6), (126.4, 115.2), (151.6, 115.2), (176.8, 120.8), (179.6, 143.2), (179.6, 171.2), (199.2, 179.6), (227.2, 179.6), (244.0, 193.6), (244.0, 218.8), (249.6, 244.0), (272.0, 244.0), (300.0, 246.8), (300.0, 269.2), (308.4, 297.2), (308.4, 319.6), (300.0, 342.0), (300.0, 353.2), (300.0, 353.2), (300.0, 353.2), (300.0, 353.2), (300.0, 353.2), (300.0, 353.2), (300.0, 353.2), (300.0, 353.2), (300.0, 353.2), (300.0, 353.2), (300.0, 353.2), (300.0, 353.2), (300.0, 353.2), (300.0, 353.2), (300.0, 353.2), (300.0, 353.2), (300.0, 353.2), (300.0, 353.2), (300.0, 353.2), (300.0, 353.2), (302.8, 353.2), (302.8, 353.2), (305.6, 350.4), (300.0, 344.8), (300.0, 339.2), (300.0, 322.4), (300.0, 319.6), (300.0, 316.8), (300.0, 322.4), (300.0, 319.6), (300.0, 316.8), (300.0, 322.4), (300.0, 319.6), (300.0, 316.8), (300.0, 322.4), (300.0, 319.6), (300.0, 319.6), (300.0, 314.0), (300.0, 314.0), (300.0, 314.0), (300.0, 308.4), (288.8, 308.4), (288.8, 308.4), (288.8, 308.4), (288.8, 308.4), (288.8, 308.4), (288.8, 308.4), (288.8, 308.4), (288.8, 308.4), (288.8, 308.4), (288.8, 308.4), (288.8, 308.4), (288.8, 308.4), (288.8, 308.4), (305.6, 316.8), (305.6, 339.2), (308.4, 356.0), (308.4, 350.4), (308.4, 353.2), (308.4, 356.0), (308.4, 350.4), (308.4, 353.2), (308.4, 356.0), (308.4, 350.4), (308.4, 353.2), (308.4, 356.0), (308.4, 350.4), (308.4, 353.2), (308.4, 356.0), (308.4, 350.4), (308.4, 353.2), (308.4, 356.0), (308.4, 350.4), (308.4, 353.2), (308.4, 356.0), (308.4, 350.4), (308.4, 353.2), (308.4, 356.0), (308.4, 350.4), (308.4, 353.2)]",0,2,13.4
speedrunner,bomberman,5,Bomb,141,0,2.31,0.9,"[(48.0, 48.0), (70.4, 50.8), (101.2, 50.8), (115.2, 67.6), (115.2, 95.6), (126.4, 115.2), (151.6, 115.2), (176.8, 120.8), (179.6, 143.2), (179.6, 171.2), (199.2, 179.6), (227.2, 179.6), (244.0, 193.6), (244.0, 218.8), (249.6, 244.0), (272.0, 244.0), (300.0, 246.8), (300.0, 269.2), (302.8, 286.0), (302.8, 286.0), (302.8, 286.0), (302.8, 286.0), (302.8, 286.0), (302.8, 286.0), (302.8, 286.0), (302.8, 286.0), (302.8, 286.0), (302.8, 286.0), (302.8, 286.0), (302.8, 286.0), (302.8, 286.0), (302.8, 286.0), (302.8, 286.0), (302.8, 286.0), (302.8, 286.0), (302.8, 286.0), (300.0, 286.0), (300.0, 280.4), (300.0, 283.2), (300.0, 269.2), (302.8, 258.0), (302.8, 258.0), (302.8, 258.0), (302.8, 258.0), (302.8, 258.0), (302.8, 258.0), (302.8, 258.0), (300.0, 255.2), (300.0, 252.4), (300.0, 258.0), (300.0, 255.2), (300.0, 252.4), (300.0, 258.0), (300.0, 255.2), (300.0, 252.4), (300.0, 258.0), (300.0, 255.2), (300.0, 252.4), (300.0, 252.4), (300.0, 246.8), (300.0, 246.8), (300.0, 246.8), (300.0, 246.8), (300.0, 246.8), (300.0, 246.8), (286.0, 244.0), (286.0, 244.0), (286.0, 244.0), (286.0, 244.0), (291.6, 244.0), (300.0, 260.8), (300.0, 288.8), (319.6, 305.6), (344.8, 308.4), (353.2, 308.4), (353.2, 308.4), (353.2, 308.4), (353.2, 308.4), (353.2, 308.4), (353.2, 308.4), (353.2, 308.4), (353.2, 308.4), (353.2, 308.4), (353.2, 308.4), (353.2, 308.4), (353.2, 308.4), (353.2, 308.4), (353.2, 308.4), (353.2, 308.4), (353.2, 308.4), (353.2, 308.4), (353.2, 308.4), (353.2, 308.4), (353.2, 308.4), (353.2, 308.4), (353.2, 308.4), (353.2, 308.4), (353.2, 308.4), (353.2, 308.4), (353.2, 308.4), (353.2, 308.4), (353.2, 308.4), (353.2, 308.4), (353.2, 308.4), (353.2, 308.4), (353.2, 308.4), (353.2, 308.4), (353.2, 308.4), (353.2, 308.4), (353.2, 308.4), (342.0, 308.4), (316.8, 308.4), (300.0, 316.8), (300.0, 322.4), (300.0, 319.6), (300.0, 316.8), (300.0, 322.4), (300.0, 319.6), (300.0, 316.8), (300.0, 322.4), (300.0, 319.6), (300.0, 316.8), (300.0, 322.4), (300.0, 319.6), (300.0, 316.8), (300.0, 322.4), (300.0, 319.6), (300.0, 316.8), (300.0, 322.4), (300.0, 314.0), (288.8, 302.8), (288.8, 302.8), (288.8, 302.8), (288.8, 302.8), (288.8, 302.8), (288.8, 302.8), (288.8, 302.8), (288.8, 302.8), (288.8, 302.8), (288.8, 302.8), (288.8, 302.8), (288.8, 302.8), (288.8, 302.8), (288.8, 302.8), (272.0, 308.4), (255.2, 308.4), (238.4, 322.4), (238.4, 319.6), (238.4, 316.8), (238.4, 322.4), (238.4, 319.6), (238.4, 316.8), (238.4, 322.4), (238.4, 319.6), (238.4, 316.8), (238.4, 322.4), (238.4, 319.6), (238.4, 316.8), (238.4, 322.4), (241.2, 314.0), (238.4, 302.8), (221.6, 302.8), (221.6, 302.8), (221.6, 302.8), (221.6, 302.8), (221.6, 302.8), (221.6, 302.8), (221.6, 302.8), (221.6, 302.8), (221.6, 302.8), (221.6, 302.8), (221.6, 302.8), (221.6, 302.8), (221.6, 302.8), (221.6, 302.8), (221.6, 302.8), (221.6, 302.8), (210.4, 308.4), (210.4, 308.4), (204.8, 308.4), (188.0, 308.4), (176.8, 319.6), (176.8, 319.6), (176.8, 319.6), (176.8, 319.6), (176.8, 319.6), (176.8, 319.6), (176.8, 319.6), (176.8, 319.6), (176.8, 319.6), (179.6, 314.0), (179.6, 308.4), (165.6, 308.4), (160.0, 308.4), (160.0, 308.4), (160.0, 308.4), (160.0, 308.4), (160.0, 308.4), (160.0, 308.4), (160.0, 308.4), (160.0, 308.4), (160.0, 308.4), (160.0, 308.4), (160.0, 308.4), (160.0, 308.4), (160.0, 308.4), (160.0, 308.4), (160.0, 308.4), (148.8, 308.4), (148.8, 308.4), (148.8, 308.4), (148.8, 308.4), (148.8, 308.4), (129.2, 308.4), (109.6, 316.8), (109.6, 322.4), (112.4, 319.6), (112.4, 319.6), (112.4, 319.6), (112.4, 319.6), (115.2, 316.8), (115.2, 322.4), (115.2, 319.6), (115.2, 319.6), (115.2, 319.6), (115.2, 319.6), (115.2, 319.6), (115.2, 319.6), (115.2, 319.6), (115.2, 319.6), (115.2, 319.6), (115.2, 319.6), (115.2, 319.6), (115.2, 319.6), (115.2, 319.6), (115.2, 319.6), (115.2, 319.6), (115.2, 319.6), (115.2, 319.6), (115.2, 319.6), (115.2, 319.6), (115.2, 319.6), (115.2, 319.6), (115.2, 319.6), (115.2, 319.6), (115.2, 319.6)]",0,1,32.7
speedrunner,bomberman,5,Bomb,29,0,26.07,0.85,"[(48.0, 48.0), (70.4, 50.8), (101.2, 50.8), (115.2, 67.6), (115.2, 95.6), (126.4, 115.2), (151.6, 115.2), (176.8, 120.8), (179.6, 143.2), (179.6, 171.2), (199.2, 179.6), (227.2, 179.6), (244.0, 193.6), (244.0, 218.8), (249.6, 244.0), (272.0, 244.0), (300.0, 246.8), (300.0, 269.2), (308.4, 297.2), (308.4, 319.6), (300.0, 342.0), (308.4, 370.0), (308.4, 370.0), (308.4, 370.0), (308.4, 370.0), (308.4, 370.0), (308.4, 370.0), (308.4, 370.0), (308.4, 370.0), (308.4, 370.0), (308.4, 370.0), (308.4, 370.0), (308.4, 370.0), (308.4, 370.0), (308.4, 370.0), (308.4, 370.0), (308.4, 370.0), (308.4, 370.0), (308.4, 370.0), (308.4, 370.0), (308.4, 370.0), (308.4, 364.4), (308.4, 358.8), (308.4, 358.8), (308.4, 358.8), (308.4, 353.2), (305.6, 353.2), (305.6, 353.2), (305.6, 353.2), (305.6, 353.2), (305.6, 353.2), (305.6, 353.2), (305.6, 353.2), (305.6, 347.6), (300.0, 347.6), (300.0, 342.0), (300.0, 316.8), (300.0, 322.4), (300.0, 319.6), (300.0, 316.8), (300.0, 322.4), (300.0, 319.6), (300.0, 316.8), (300.0, 322.4), (300.0, 319.6), (300.0, 316.8)]",0,1,8.7
speedrunner,bomberman,5,Bomb,3,0,25.77,0.9,"[(48.0, 48.0), (70.4, 50.8), (101.2, 50.8), (115.2, 67.6), (115.2, 95.6), (126.4, 115.2), (151.6, 115.2), (176.8, 120.8), (179.6, 143.2), (179.6, 171.2), (199.2, 179.6), (227.2, 179.6), (244.0, 193.6), (244.0, 218.8), (249.6, 244.0), (272.0, 244.0), (300.0, 246.8), (308.4, 269.2), (305.6, 297.2), (308.4, 319.6), (300.0, 342.0), (300.0, 353.2), (300.0, 353.2), (300.0, 353.2), (300.0, 353.2), (300.0, 353.2), (300.0, 353.2), (300.0, 353.2), (300.0, 353.2), (300.0, 353.2), (300.0, 353.2), (300.0, 353.2), (300.0, 353.2), (300.0, 353.2), (300.0, 353.2), (300.0, 353.2), (300.0, 353.2), (305.6, 353.2), (305.6, 353.2), (305.6, 353.2), (305.6, 353.2), (305.6, 353.2), (305.6, 353.2), (305.6, 353.2), (305.6, 353.2), (305.6, 353.2), (305.6, 353.2), (305.6, 353.2), (305.6, 353.2), (305.6, 353.2), (305.6, 353.2), (305.6, 353.2), (305.6, 353.2), (300.0, 353.2), (300.0, 353.2), (300.0, 356.0), (300.0, 350.4), (300.0, 353.2), (300.0, 356.0), (300.0, 350.4), (300.0, 353.2), (300.0, 356.0), (300.0, 350.4), (300.0, 353.2), (300.0, 356.0), (300.0, 350.4), (300.0, 353.2)]",0,1,8.8
speedrunner,bomberman,5,Bomb,26,0,26.12,0.7,"[(48.0, 48.0), (70.4, 50.8), (101.2, 50.8), (115.2, 67.6), (115.2, 95.6), (126.4, 115.2), (151.6, 115.2), (176.8, 120.8), (179.6, 143.2), (179.6, 171.2), (199.2, 179.6), (227.2, 179.6), (244.0, 193.6), (244.0, 218.8), (249.6, 244.0), (272.0, 244.0), (300.0, 246.8), (308.4, 269.2), (308.4, 291.6), (308.4, 314.0), (300.0, 336.4), (300.0, 353.2), (300.0, 353.2), (300.0, 353.2), (300.0, 353.2), (300.0, 353.2), (300.0, 353.2), (300.0, 353.2), (300.0, 353.2), (300.0, 353.2), (300.0, 353.2), (300.0, 353.2), (300.0, 353.2), (300.0, 353.2), (300.0, 353.2), (300.0, 353.2), (305.6, 353.2), (305.6, 353.2), (305.6, 353.2), (305.6, 353.2), (305.6, 353.2), (305.6, 353.2), (305.6, 353.2), (305.6, 353.2), (305.6, 347.6), (302.8, 350.4), (300.0, 336.4), (300.0, 328.0), (300.0, 316.8), (300.0, 322.4), (300.0, 319.6), (300.0, 316.8), (300.0, 322.4), (300.0, 319.6), (300.0, 314.0), (300.0, 314.0), (300.0, 314.0), (300.0, 314.0), (300.0, 314.0), (300.0, 314.0), (300.0, 314.0), (300.0, 319.6), (300.0, 319.6), (300.0, 316.8), (300.0, 322.4), (300.0, 319.6)]",0,0,8.68
speedrunner,bomberman,5,Bomb,60,0,13.18,0.95,"[(48.0, 48.0), (70.4, 50.8), (101.2, 50.8), (115.2, 62.0), (115.2, 62.0), (115.2, 62.0), (115.2, 62.0), (115.2, 62.0), (115.2, 62.0), (115.2, 62.0), (115.2, 62.0), (115.2, 62.0), (115.2, 62.0), (115.2, 62.0), (115.2, 62.0), (115.2, 62.0), (115.2, 67.6), (115.2, 95.6), (126.4, 115.2), (151.6, 115.2), (176.8, 120.8), (179.6, 126.4), (179.6, 126.4), (179.6, 126.4), (179.6, 126.4), (179.6, 126.4), (179.6, 126.4), (179.6, 126.4), (179.6, 126.4), (179.6, 126.4), (179.6, 126.4), (179.6, 126.4), (179.6, 143.2), (179.6, 171.2), (199.2, 179.6), (227.2, 179.6), (244.0, 193.6), (244.0, 218.8), (249.6, 244.0), (272.0, 244.0), (300.0, 246.8), (308.4, 269.2), (308.4, 291.6), (308.4, 314.0), (308.4, 336.4), (308.4, 358.8), (308.4, 372.8), (308.4, 372.8), (308.4, 372.8), (308.4, 372.8), (308.4, 372.8), (308.4, 372.8), (308.4, 372.8), (308.4, 372.8), (308.4, 372.8), (308.4, 372.8), (308.4, 372.8), (308.4, 372.8), (308.4, 372.8), (308.4, 372.8), (308.4, 372.8), (308.4, 372.8), (308.4, 372.8), (308.4, 372.8), (308.4, 372.8), (308.4, 372.8), (308.4, 372.8), (308.4, 367.2), (308.4, 367.2), (308.4, 367.2), (308.4, 361.6), (308.4, 361.6), (308.4, 356.0), (300.0, 339.2), (302.8, 322.4), (302.8, 322.4), (302.8, 322.4), (300.0, 316.8), (300.0, 322.4), (300.0, 319.6), (300.0, 316.8), (300.0, 322.4), (300.0, 319.6), (300.0, 316.8), (300.0, 322.4), (300.0, 319.6), (300.0, 316.8), (300.0, 311.2), (300.0, 311.2), (291.6, 305.6), (286.0, 305.6), (286.0, 305.6), (286.0, 308.4), (286.0, 308.4), (286.0, 308.4), (286.0, 305.6), (308.4, 319.6), (308.4, 342.0), (314.0, 370.0), (336.4, 372.8), (339.2, 372.8), (339.2, 372.8), (339.2, 372.8), (339.2, 372.8), (339.2, 372.8), (339.2, 372.8), (339.2, 372.8), (339.2, 372.8), (339.2, 372.8), (339.2, 372.8), (339.2, 372.8), (339.2, 372.8), (339.2, 372.8), (339.2, 372.8), (339.2, 372.8), (339.2, 372.8), (339.2, 372.8), (339.2, 372.8), (339.2, 372.8), (339.2, 372.8), (339.2, 372.8), (339.2, 372.8), (339.2, 372.8), (339.2, 372.8), (339.2, 372.8), (339.2, 372.8), (339.2, 372.8), (339.2, 372.8), (339.2, 372.8), (339.2, 372.8), (339.2, 372.8), (339.2, 372.8), (339.2, 372.8), (339.2, 372.8), (339.2, 372.8), (339.2, 372.8), (339.2, 372.8), (339.2, 372.8), (339.2, 372.8), (339.2, 372.8), (339.2, 372.8), (339.2, 372.8), (339.2, 372.8), (339.2, 372.8), (339.2, 372.8), (339.2, 372.8), (339.2, 372.8), (339.2, 372.8), (339.2, 372.8), (339.2, 372.8), (339.2, 372.8), (339.2, 372.8)]",0,3,20.18
speedrunner,bomberman,5,Bomb,24,0,16.65,0.6,"[(48.0, 48.0), (70.4, 50.8), (101.2, 50.8), (115.2, 67.6), (115.2, 95.6), (126.4, 115.2), (151.6, 115.2), (176.8, 120.8), (179.6, 143.2), (179.6, 171.2), (199.2, 179.6), (227.2, 179.6), (244.0, 193.6), (244.0, 218.8), (244.0, 244.0), (238.4, 266.4), (238.4, 294.4), (221.6, 308.4), (221.6, 308.4), (221.6, 308.4), (221.6, 308.4), (221.6, 308.4), (221.6, 308.4), (221.6, 308.4), (221.6, 308.4), (221.6, 308.4), (221.6, 308.4), (221.6, 308.4), (221.6, 308.4), (221.6, 308.4), (221.6, 308.4), (221.6, 308.4), (221.6, 308.4), (221.6, 308.4), (221.6, 308.4), (221.6, 308.4), (221.6, 308.4), (221.6, 308.4), (221.6, 308.4), (221.6, 308.4), (221.6, 308.4), (221.6, 308.4), (221.6, 308.4), (221.6, 308.4), (221.6, 308.4), (221.6, 308.4), (221.6, 308.4), (221.6, 308.4), (221.6, 308.4), (221.6, 308.4), (221.6, 308.4), (221.6, 308.4), (221.6, 308.4), (221.6, 305.6), (221.6, 305.6), (221.6, 305.6), (221.6, 305.6), (221.6, 305.6), (221.6, 305.6), (221.6, 305.6), (221.6, 305.6), (221.6, 305.6), (221.6, 305.6), (221.6, 305.6), (221.6, 305.6), (221.6, 305.6), (221.6, 305.6), (221.6, 305.6), (221.6, 305.6), (221.6, 305.6), (221.6, 305.6)]",0,0,9.42
speedrunner,bomberman,5,Bomb,3,0,22.88,0.85,"[(48.0, 48.0), (70.4, 50.8), (101.2, 50.8), (115.2, 67.6), (115.2, 95.6), (126.4, 115.2), (151.6, 115.2), (176.8, 120.8), (179.6, 143.2), (179.6, 171.2), (199.2, 179.6), (227.2, 179.6), (244.0, 193.6), (244.0, 218.8), (249.6, 244.0), (272.0, 244.0), (300.0, 246.8), (308.4, 269.2), (308.4, 291.6), (308.4, 314.0), (300.0, 336.4), (308.4, 364.4), (302.8, 372.8), (302.8, 372.8), (302.8, 372.8), (302.8, 372.8), (302.8, 372.8), (302.8, 372.8), (302.8, 372.8), (302.8, 372.8), (302.8, 372.8), (302.8, 372.8), (302.8, 372.8), (302.8, 372.8), (302.8, 372.8), (302.8, 372.8), (302.8, 372.8), (302.8, 372.8), (302.8, 372.8), (302.8, 372.8), (302.8, 372.8), (297.2, 372.8), (291.6, 372.8), (286.0, 372.8), (286.0, 372.8), (286.0, 372.8), (286.0, 372.8), (286.0, 372.8), (286.0, 372.8), (286.0, 372.8), (286.0, 370.0), (286.0, 370.0), (286.0, 370.0), (286.0, 370.0), (286.0, 370.0), (286.0, 370.0), (286.0, 370.0), (286.0, 370.0), (286.0, 370.0), (286.0, 370.0), (286.0, 370.0), (286.0, 370.0), (286.0, 370.0), (286.0, 370.0), (286.0, 370.0), (286.0, 370.0), (286.0, 370.0), (286.0, 370.0), (286.0, 370.0), (286.0, 370.0)]",0,1,9.3
speedrunner,bomberman,5,Bomb,60,0,13.18,0.95,"[(48.0, 48.0), (70.4, 50.8), (101.2, 50.8), (115.2, 62.0), (115.2, 62.0), (115.2, 62.0), (115.2, 62.0), (115.2, 62.0), (115.2, 62.0), (115.2, 62.0), (115.2, 62.0), (115.2, 62.0), (115.2, 62.0), (115.2, 62.0), (115.2, 62.0), (115.2, 62.0), (115.2, 67.6), (115.2, 95.6), (126.4, 115.2), (151.6, 115.2), (176.8, 120.8), (179.6, 126.4), (179.6, 126.4), (179.6, 126.4), (179.6, 126.4), (179.6, 126.4), (179.6, 126.4), (179.6, 126.4), (179.6, 126.4), (179.6, 126.4), (179.6, 126.4), (179.6, 126.4), (179.6, 143.2), (179.6, 171.2), (199.2, 179.6), (227.2, 179.6), (244.0, 193.6), (244.0, 218.8), (249.6, 244.0), (272.0, 244.0), (300.0, 246.8), (308.4, 269.2), (308.4, 291.6), (308.4, 314.0), (308.4, 336.4), (308.4, 358.8), (308.4, 372.8), (308.4, 372.8), (308.4, 372.8), (308.4, 372.8), (308.4, 372.8), (308.4, 372.8), (308.4, 372.8), (308.4, 372.8), (308.4, 372.8), (308.4, 372.8), (308.4, 372.8), (308.4, 372.8), (308.4, 372.8), (308.4, 372.8), (308.4, 372.8), (308.4, 372.8), (308.4, 372.8), (308.4, 372.8), (308.4, 372.8), (308.4, 372.8), (308.4, 372.8), (308.4, 367.2), (308.4, 367.2), (308.4, 367.2), (308.4, 361.6), (308.4, 361.6), (308.4, 356.0), (300.0, 339.2), (302.8, 322.4), (302.8, 322.4), (302.8, 322.4), (300.0, 316.8), (300.0, 322.4), (300.0, 319.6), (300.0, 316.8), (300.0, 322.4), (300.0, 319.6), (300.0, 316.8), (300.0, 322.4), (300.0, 319.6), (300.0, 316.8), (300.0, 311.2), (300.0, 311.2), (291.6, 305.6), (286.0, 305.6), (286.0, 305.6), (286.0, 308.4), (286.0, 308.4), (286.0, 308.4), (286.0, 305.6), (308.4, 319.6), (308.4, 342.0), (314.0, 370.0), (336.4, 372.8), (339.2, 372.8), (339.2, 372.8), (339.2, 372.8), (339.2, 372.8), (339.2, 372.8), (339.2, 372.8), (339.2, 372.8), (339.2, 372.8), (339.2, 372.8), (339.2, 372.8), (339.2, 372.8), (339.2, 372.8), (339.2, 372.8), (339.2, 372.8), (339.2, 372.8), (339.2, 372.8), (339.2, 372.8), (339.2, 372.8), (339.2, 372.8), (339.2, 372.8), (339.2, 372.8), (339.2, 372.8), (339.2, 372.8), (339.2, 372.8), (339.2, 372.8), (339.2, 372.8), (339.2, 372.8), (339.2, 372.8), (339.2, 372.8), (339.2, 372.8), (339.2, 372.8), (339.2, 372.8), (339.2, 372.8), (339.2, 372.8), (339.2, 372.8), (339.2, 372.8), (339.2, 372.8), (339.2, 372.8), (339.2, 372.8), (339.2, 372.8), (339.2, 372.8), (339.2, 372.8), (339.2, 372.8), (339.2, 372.8), (339.2, 372.8), (339.2, 372.8), (339.2, 372.8), (339.2, 372.8), (339.2, 372.8), (339.2, 372.8), (339.2, 372.8), (339.2, 372.8)]",0,3,20.18
speedrunner,bomberman,5,Bomb,56,0,15.01,0.95,"[(48.0, 48.0), (70.4, 50.8), (101.2, 50.8), (115.2, 67.6), (115.2, 95.6), (126.4, 115.2), (151.6, 115.2), (176.8, 120.8), (179.6, 126.4), (179.6, 132.0), (179.6, 160.0), (188.0, 179.6), (210.4, 179.6), (238.4, 182.4), (244.0, 204.8), (244.0, 232.8), (260.8, 244.0), (288.8, 244.0), (308.4, 258.0), (308.4, 280.4), (308.4, 302.8), (308.4, 325.2), (308.4, 347.6), (308.4, 370.0), (308.4, 372.8), (308.4, 372.8), (308.4, 372.8), (308.4, 372.8), (308.4, 372.8), (308.4, 372.8), (308.4, 372.8), (308.4, 372.8), (308.4, 372.8), (308.4, 372.8), (308.4, 372.8), (308.4, 372.8), (308.4, 372.8), (308.4, 372.8), (308.4, 367.2), (308.4, 367.2), (308.4, 367.2), (308.4, 361.6), (308.4, 361.6), (308.4, 361.6), (302.8, 344.8), (302.8, 322.4), (302.8, 322.4), (302.8, 322.4), (302.8, 322.4), (302.8, 322.4), (302.8, 322.4), (302.8, 322.4), (302.8, 322.4), (302.8, 322.4), (302.8, 322.4), (302.8, 322.4), (302.8, 322.4), (302.8, 322.4), (302.8, 316.8), (308.4, 311.2), (308.4, 311.2), (308.4, 305.6), (308.4, 305.6), (308.4, 305.6), (308.4, 294.4), (308.4, 294.4), (294.4, 308.4), (294.4, 308.4), (294.4, 308.4), (300.0, 311.2), (308.4, 333.6), (308.4, 361.6), (328.0, 372.8), (339.2, 372.8), (339.2, 372.8), (339.2, 372.8), (339.2, 372.8), (339.2, 372.8), (339.2, 372.8), (339.2, 372.8), (339.2, 372.8), (339.2, 372.8), (339.2, 372.8), (339.2, 372.8), (339.2, 372.8), (339.2, 372.8), (339.2, 372.8), (339.2, 372.8), (339.2, 372.8), (339.2, 372.8), (339.2, 372.8), (339.2, 372.8), (339.2, 372.8), (339.2, 372.8), (339.2, 372.8), (339.2, 372.8), (339.2, 372.8), (339.2, 372.8), (339.2, 372.8), (339.2, 372.8), (339.2, 372.8), (339.2, 372.8), (339.2, 372.8), (339.2, 372.8), (339.2, 372.8), (339.2, 372.8), (339.2, 372.8), (339.2, 372.8), (339.2, 372.8), (339.2, 372.8), (339.2, 372.8), (339.2, 372.8), (339.2, 372.8), (339.2, 372.8), (339.2, 372.8), (339.2, 372.8), (339.2, 372.8), (339.2, 372.8), (339.2, 372.8), (339.2, 372.8), (339.2, 372.8), (339.2, 372.8), (339.2, 372.8), (339.2, 372.8), (339.2, 372.8), (339.2, 372.8), (339.2, 372.8), (339.2, 372.8), (339.2, 372.8)]",0,3,17.17
speedrunner,bomberman,5,Bomb,155,0,12.49,0.95,"[(48.0, 48.0), (70.4, 50.8), (101.2, 50.8), (115.2, 67.6), (115.2, 95.6), (126.4, 115.2), (151.6, 115.2), (176.8, 120.8), (179.6, 143.2), (179.6, 171.2), (199.2, 179.6), (227.2, 179.6), (244.0, 193.6), (244.0, 218.8), (249.6, 244.0), (272.0, 244.0), (300.0, 246.8), (300.0, 269.2), (308.4, 297.2), (308.4, 319.6), (300.0, 342.0), (300.0, 353.2), (300.0, 347.6), (302.8, 350.4), (300.0, 353.2), (300.0, 347.6), (302.8, 350.4), (300.0, 353.2), (300.0, 347.6), (302.8, 350.4), (300.0, 353.2), (300.0, 347.6), (302.8, 350.4), (300.0, 353.2), (300.0, 347.6), (302.8, 350.4), (300.0, 353.2), (300.0, 347.6), (302.8, 350.4), (300.0, 353.2), (305.6, 353.2), (300.0, 344.8), (300.0, 330.8), (308.4, 311.2), (308.4, 311.2), (308.4, 311.2), (308.4, 311.2), (308.4, 311.2), (305.6, 311.2), (291.6, 308.4), (286.0, 305.6), (286.0, 305.6), (286.0, 305.6), (286.0, 305.6), (286.0, 305.6), (286.0, 305.6), (286.0, 305.6), (286.0, 305.6), (286.0, 305.6), (286.0, 305.6), (286.0, 305.6), (286.0, 305.6), (286.0, 305.6), (286.0, 305.6), (286.0, 305.6), (286.0, 305.6), (286.0, 305.6), (286.0, 305.6), (286.0, 305.6), (286.0, 305.6), (286.0, 305.6), (286.0, 305.6), (286.0, 305.6), (286.0, 305.6), (300.0, 305.6), (300.0, 288.8), (300.0, 288.8), (300.0, 288.8), (300.0, 288.8), (300.0, 288.8), (300.0, 288.8), (300.0, 288.8), (300.0, 288.8), (300.0, 288.8), (300.0, 288.8), (300.0, 288.8), (300.0, 288.8), (300.0, 288.8), (300.0, 283.2), (300.0, 277.6), (300.0, 272.0), (300.0, 272.0), (300.0, 266.4), (300.0, 266.4), (300.0, 263.6), (300.0, 255.2), (300.0, 255.2), (300.0, 255.2), (300.0, 255.2), (300.0, 255.2), (300.0, 255.2), (300.0, 255.2), (300.0, 255.2), (300.0, 255.2), (308.4, 272.0), (308.4, 294.4), (308.4, 316.8), (308.4, 339.2), (311.2, 367.2), (333.6, 372.8), (339.2, 372.8), (339.2, 372.8), (339.2, 372.8), (339.2, 372.8), (339.2, 372.8), (339.2, 372.8), (339.2, 372.8), (339.2, 372.8), (339.2, 372.8), (339.2, 372.8), (339.2, 372.8), (339.2, 372.8), (339.2, 372.8), (339.2, 372.8), (339.2, 372.8), (339.2, 372.8), (339.2, 372.8), (339.2, 372.8), (339.2, 372.8), (339.2, 372.8), (339.2, 372.8), (339.2, 372.8), (339.2, 372.8), (339.2, 372.8), (339.2, 372.8), (339.2, 372.8), (339.2, 372.8), (339.2, 372.8), (339.2, 372.8), (339.2, 372.8), (339.2, 372.8), (339.2, 372.8), (339.2, 372.8), (339.2, 372.8), (339.2, 372.8), (339.2, 372.8), (339.2, 372.8), (339.2, 372.8), (339.2, 372.8), (339.2, 372.8), (339.2, 372.8), (339.2, 372.8), (339.2, 372.8), (339.2, 372.8), (339.2, 372.8), (339.2, 372.8), (339.2, 372.8), (339.2, 372.8), (339.2, 372.8), (339.2, 372.8)]",0,2,21.3
speedrunner,bomberman,5,Bomb,72,0,17.55,0.9,"[(48.0, 48.0), (70.4, 50.8), (101.2, 50.8), (115.2, 67.6), (115.2, 95.6), (126.4, 115.2), (151.6, 115.2), (176.8, 120.8), (179.6, 143.2), (179.6, 171.2), (199.2, 179.6), (227.2, 179.6), (244.0, 193.6), (244.0, 218.8), (249.6, 244.0), (272.0, 244.0), (300.0, 246.8), (300.0, 269.2), (308.4, 297.2), (308.4, 319.6), (300.0, 342.0), (300.0, 353.2), (300.0, 353.2), (300.0, 353.2), (300.0, 353.2), (300.0, 353.2), (300.0, 353.2), (300.0, 353.2), (300.0, 353.2), (300.0, 353.2), (300.0, 353.2), (300.0, 353.2), (300.0, 353.2), (300.0, 353.2), (300.0, 353.2), (300.0, 353.2), (300.0, 353.2), (300.0, 353.2), (300.0, 353.2), (300.0, 353.2), (300.0, 353.2), (302.8, 353.2), (302.8, 353.2), (305.6, 350.4), (300.0, 344.8), (300.0, 339.2), (300.0, 322.4), (300.0, 319.6), (300.0, 316.8), (300.0, 322.4), (300.0, 319.6), (300.0, 316.8), (300.0, 322.4), (300.0, 319.6), (300.0, 316.8), (300.0, 322.4), (300.0, 319.6), (300.0, 319.6), (300.0, 314.0), (300.0, 314.0), (300.0, 314.0), (300.0, 308.4), (288.8, 308.4), (288.8, 308.4), (288.8, 308.4), (288.8, 308.4), (288.8, 308.4), (288.8, 308.4), (288.8, 308.4), (288.8, 308.4), (288.8, 308.4), (288.8, 308.4), (288.8, 308.4), (288.8, 308.4), (288.8, 308.4), (305.6, 316.8), (305.6, 339.2), (308.4, 356.0), (308.4, 350.4), (308.4, 353.2), (308.4, 356.0), (308.4, 350.4), (308.4, 353.2), (308.4, 356.0), (308.4, 350.4), (308.4, 353.2), (308.4, 356.0), (308.4, 350.4), (308.4, 353.2), (308.4, 356.0), (308.4, 350.4), (308.4, 353.2), (308.4, 356.0), (308.4, 350.4), (308.4, 353.2), (308.4, 356.0), (308.4, 350.4), (308.4, 353.2), (308.4, 356.0), (308.4, 350.4), (308.4, 353.2)]",0,2,13.4
speedrunner,bomberman,5,Bomb,141,0,2.31,0.9,"[(48.0, 48.0), (70.4, 50.8), (101.2, 50.8), (115.2, 67.6), (115.2, 95.6), (126.4, 115.2), (151.6, 115.2), (176.8, 120.8), (179.6, 143.2), (179.6, 171.2), (199.2, 179.6), (227.2, 179.6), (244.0, 193.6), (244.0, 218.8), (249.6, 244.0), (272.0, 244.0), (300.0, 246.8), (300.0, 269.2), (302.8, 286.0), (302.8, 286.0), (302.8, 286.0), (302.8, 286.0), (302.8, 286.0), (302.8, 286.0), (302.8, 286.0), (302.8, 286.0), (302.8, 286.0), (302.8, 286.0), (302.8, 286.0), (302.8, 286.0), (302.8, 286.0), (302.8, 286.0), (302.8, 286.0), (302.8, 286.0), (302.8, 286.0), (302.8, 286.0), (300.0, 286.0), (300.0, 280.4), (300.0, 283.2), (300.0, 269.2), (302.8, 258.0), (302.8, 258.0), (302.8, 258.0), (302.8, 258.0), (302.8, 258.0), (302.8, 258.0), (302.8, 258.0), (300.0, 255.2), (300.0, 252.4), (300.0, 258.0), (300.0, 255.2), (300.0, 252.4), (300.0, 258.0), (300.0, 255.2), (300.0, 252.4), (300.0, 258.0), (300.0, 255.2), (300.0, 252.4), (300.0, 252.4), (300.0, 246.8), (300.0, 246.8), (300.0, 246.8), (300.0, 246.8), (300.0, 246.8), (300.0, 246.8), (286.0, 244.0), (286.0, 244.0), (286.0, 244.0), (286.0, 244.0), (291.6, 244.0), (300.0, 260.8), (300.0, 288.8), (319.6, 305.6), (344.8, 308.4), (353.2, 308.4), (353.2, 308.4), (353.2, 308.4), (353.2, 308.4), (353.2, 308.4), (353.2, 308.4), (353.2, 308.4), (353.2, 308.4), (353.2, 308.4), (353.2, 308.4), (353.2, 308.4), (353.2, 308.4), (353.2, 308.4), (353.2, 308.4), (353.2, 308.4), (353.2, 308.4), (353.2, 308.4), (353.2, 308.4), (353.2, 308.4), (353.2, 308.4), (353.2, 308.4), (353.2, 308.4), (353.2, 308.4), (353.2, 308.4), (353.2, 308.4), (353.2, 308.4), (353.2, 308.4), (353.2, 308.4), (353.2, 308.4), (353.2, 308.4), (353.2, 308.4), (353.2, 308.4), (353.2, 308.4), (353.2, 308.4), (353.2, 308.4), (353.2, 308.4), (342.0, 308.4), (316.8, 308.4), (300.0, 316.8), (300.0, 322.4), (300.0, 319.6), (300.0, 316.8), (300.0, 322.4), (300.0, 319.6), (300.0, 316.8), (300.0, 322.4), (300.0, 319.6), (300.0, 316.8), (300.0, 322.4), (300.0, 319.6), (300.0, 316.8), (300.0, 322.4), (300.0, 319.6), (300.0, 316.8), (300.0, 322.4), (300.0, 314.0), (288.8, 302.8), (288.8, 302.8), (288.8, 302.8), (288.8, 302.8), (288.8, 302.8), (288.8, 302.8), (288.8, 302.8), (288.8, 302.8), (288.8, 302.8), (288.8, 302.8), (288.8, 302.8), (288.8, 302.8), (288.8, 302.8), (288.8, 302.8), (272.0, 308.4), (255.2, 308.4), (238.4, 322.4), (238.4, 319.6), (238.4, 316.8), (238.4, 322.4), (238.4, 319.6), (238.4, 316.8), (238.4, 322.4), (238.4, 319.6), (238.4, 316.8), (238.4, 322.4), (238.4, 319.6), (238.4, 316.8), (238.4, 322.4), (241.2, 314.0), (238.4, 302.8), (221.6, 302.8), (221.6, 302.8), (221.6, 302.8), (221.6, 302.8), (221.6, 302.8), (221.6, 302.8), (221.6, 302.8), (221.6, 302.8), (221.6, 302.8), (221.6, 302.8), (221.6, 302.8), (221.6, 302.8), (221.6, 302.8), (221.6, 302.8), (221.6, 302.8), (221.6, 302.8), (210.4, 308.4), (210.4, 308.4), (204.8, 308.4), (188.0, 308.4), (176.8, 319.6), (176.8, 319.6), (176.8, 319.6), (176.8, 319.6), (176.8, 319.6), (176.8, 319.6), (176.8, 319.6), (176.8, 319.6), (176.8, 319.6), (179.6, 314.0), (179.6, 308.4), (165.6, 308.4), (160.0, 308.4), (160.0, 308.4), (160.0, 308.4), (160.0, 308.4), (160.0, 308.4), (160.0, 308.4), (160.0, 308.4), (160.0, 308.4), (160.0, 308.4), (160.0, 308.4), (160.0, 308.4), (160.0, 308.4), (160.0, 308.4), (160.0, 308.4), (160.0, 308.4), (148.8, 308.4), (148.8, 308.4), (148.8, 308.4), (148.8, 308.4), (148.8, 308.4), (129.2, 308.4), (109.6, 316.8), (109.6, 322.4), (112.4, 319.6), (112.4, 319.6), (112.4, 319.6), (112.4, 319.6), (115.2, 316.8), (115.2, 322.4), (115.2, 319.6), (115.2, 319.6), (115.2, 319.6), (115.2, 319.6), (115.2, 319.6), (115.2, 319.6), (115.2, 319.6), (115.2, 319.6), (115.2, 319.6), (115.2, 319.6), (115.2, 319.6), (115.2, 319.6), (115.2, 319.6), (115.2, 319.6), (115.2, 319.6), (115.2, 319.6), (115.2, 319.6), (115.2, 319.6), (115.2, 319.6), (115.2, 319.6), (115.2, 319.6), (115.2, 319.6), (115.2, 319.6), (115.2, 319.6)]",0,1,32.7
speedrunner,bomberman,5,Bomb,29,0,26.07,0.85,"[(48.0, 48.0), (70.4, 50.8), (101.2, 50.8), (115.2, 67.6), (115.2, 95.6), (126.4, 115.2), (151.6, 115.2), (176.8, 120.8), (179.6, 143.2), (179.6, 171.2), (199.2, 179.6), (227.2, 179.6), (244.0, 193.6), (244.0, 218.8), (249.6, 244.0), (272.0, 244.0), (300.0, 246.8), (300.0, 269.2), (308.4, 297.2), (308.4, 319.6), (300.0, 342.0), (308.4, 370.0), (308.4, 370.0), (308.4, 370.0), (308.4, 370.0), (308.4, 370.0), (308.4, 370.0), (308.4, 370.0), (308.4, 370.0), (308.4, 370.0), (308.4, 370.0), (308.4, 370.0), (308.4, 370.0), (308.4, 370.0), (308.4, 370.0), (308.4, 370.0), (308.4, 370.0), (308.4, 370.0), (308.4, 370.0), (308.4, 370.0), (308.4, 370.0), (308.4, 364.4), (308.4, 358.8), (308.4, 358.8), (308.4, 358.8), (308.4, 353.2), (305.6, 353.2), (305.6, 353.2), (305.6, 353.2), (305.6, 353.2), (305.6, 353.2), (305.6, 353.2), (305.6, 353.2), (305.6, 347.6), (300.0, 347.6), (300.0, 342.0), (300.0, 316.8), (300.0, 322.4), (300.0, 319.6), (300.0, 316.8), (300.0, 322.4), (300.0, 319.6), (300.0, 316.8), (300.0, 322.4), (300.0, 319.6), (300.0, 316.8)]",0,1,8.7
speedrunner,bomberman,5,Bomb,91,0,14.22,0.75,"[(48.0, 48.0), (70.4, 50.8), (101.2, 50.8), (115.2, 67.6), (115.2, 95.6), (126.4, 115.2), (151.6, 115.2), (176.8, 120.8), (179.6, 143.2), (179.6, 171.2), (199.2, 179.6), (227.2, 179.6), (244.0, 193.6), (244.0, 218.8), (249.6, 244.0), (272.0, 244.0), (300.0, 246.8), (308.4, 269.2), (305.6, 297.2), (308.4, 319.6), (300.0, 342.0), (300.0, 353.2), (300.0, 353.2), (300.0, 353.2), (300.0, 353.2), (300.0, 353.2), (300.0, 353.2), (300.0, 353.2), (300.0, 353.2), (300.0, 353.2), (300.0, 353.2), (300.0, 353.2), (300.0, 353.2), (300.0, 353.2), (300.0, 353.2), (300.0, 353.2), (300.0, 353.2), (300.0, 353.2), (300.0, 353.2), (300.0, 353.2), (300.0, 347.6), (300.0, 342.0), (300.0, 344.8), (300.0, 336.4), (300.0, 336.4), (300.0, 328.0), (300.0, 325.2), (300.0, 319.6), (300.0, 319.6), (300.0, 319.6), (305.6, 314.0), (308.4, 314.0), (300.0, 314.0), (288.8, 302.8), (288.8, 302.8), (288.8, 302.8), (288.8, 302.8), (288.8, 302.8), (288.8, 302.8), (288.8, 302.8), (288.8, 302.8), (288.8, 302.8), (283.2, 302.8), (260.8, 308.4), (258.0, 308.4), (258.0, 308.4), (258.0, 308.4), (258.0, 308.4), (258.0, 308.4), (263.6, 308.4), (291.6, 305.6), (305.6, 288.8), (305.6, 288.8), (305.6, 288.8), (305.6, 288.8), (305.6, 288.8), (305.6, 288.8), (305.6, 288.8), (300.0, 288.8), (300.0, 291.6), (300.0, 286.0), (300.0, 288.8), (300.0, 291.6), (300.0, 286.0), (300.0, 288.8), (300.0, 291.6), (300.0, 286.0), (300.0, 288.8), (300.0, 291.6), (300.0, 286.0), (300.0, 288.8), (300.0, 291.6), (300.0, 286.0), (300.0, 288.8), (300.0, 291.6), (300.0, 286.0), (302.8, 288.8), (302.8, 288.8), (302.8, 288.8), (308.4, 294.4), (308.4, 316.8), (305.6, 339.2), (308.4, 361.6), (308.4, 361.6), (308.4, 361.6), (308.4, 356.0), (308.4, 350.4), (308.4, 350.4), (308.4, 350.4), (308.4, 350.4), (308.4, 350.4), (308.4, 350.4), (308.4, 350.4), (308.4, 350.4), (308.4, 350.4), (308.4, 350.4), (308.4, 350.4), (308.4, 350.4), (308.4, 350.4), (308.4, 350.4), (308.4, 350.4), (308.4, 350.4), (308.4, 350.4), (308.4, 350.4), (308.4, 350.4), (308.4, 350.4)]",0,1,16.73
speedrunner,bomberman,5,Bomb,2,0,43.9,0.5,"[(48.0, 48.0), (70.4, 50.8), (101.2, 50.8), (123.6, 50.8), (146.0, 50.8), (174.0, 50.8), (196.4, 50.8), (224.4, 50.8), (246.8, 50.8), (269.2, 50.8), (297.2, 50.8), (319.6, 50.8), (342.0, 50.8), (364.4, 50.8), (386.8, 50.8), (409.2, 50.8), (431.6, 50.8), (434.4, 50.8), (434.4, 50.8), (434.4, 50.8), (434.4, 50.8), (434.4, 50.8), (434.4, 50.8), (434.4, 50.8), (434.4, 50.8), (434.4, 50.8), (434.4, 50.8), (434.4, 50.8), (434.4, 50.8), (434.4, 50.8), (434.4, 50.8), (434.4, 53.6), (434.4, 53.6), (434.4, 53.6), (434.4, 53.6), (434.4, 53.6), (434.4, 53.6), (434.4, 53.6), (434.4, 53.6), (434.4, 53.6), (434.4, 53.6), (434.4, 53.6), (434.4, 53.6), (434.4, 53.6), (434.4, 53.6), (434.4, 53.6), (434.4, 53.6), (434.4, 53.6), (434.4, 53.6), (434.4, 53.6), (434.4, 53.6), (434.4, 53.6), (434.4, 53.6), (434.4, 53.6), (434.4, 53.6), (434.4, 53.6), (434.4, 53.6), (434.4, 53.6), (428.8, 53.6), (428.8, 53.6), (428.8, 53.6)]",0,0,8.1
speedrunner,bomberman,5,Bomb,35,0,15.94,0.95,"[(48.0, 48.0), (70.4, 50.8), (101.2, 50.8), (115.2, 67.6), (115.2, 95.6), (126.4, 115.2), (151.6, 115.2), (176.8, 120.8), (179.6, 143.2), (179.6, 171.2), (199.2, 179.6), (227.2, 179.6), (244.0, 193.6), (244.0, 218.8), (249.6, 244.0), (272.0, 244.0), (300.0, 246.8), (308.4, 269.2), (308.4, 291.6), (308.4, 314.0), (308.4, 336.4), (308.4, 358.8), (308.4, 372.8), (308.4, 372.8), (308.4, 372.8), (308.4, 372.8), (308.4, 372.8), (308.4, 372.8), (308.4, 372.8), (308.4, 372.8), (308.4, 372.8), (308.4, 372.8), (308.4, 372.8), (308.4, 372.8), (308.4, 372.8), (308.4, 372.8), (308.4, 372.8), (308.4, 372.8), (308.4, 372.8), (308.4, 372.8), (308.4, 372.8), (308.4, 372.8), (308.4, 372.8), (308.4, 372.8), (308.4, 370.0), (308.4, 370.0), (308.4, 370.0), (308.4, 364.4), (308.4, 358.8), (308.4, 358.8), (305.6, 347.6), (300.0, 319.6), (300.0, 319.6), (300.0, 319.6), (300.0, 319.6), (300.0, 319.6), (300.0, 319.6), (300.0, 319.6), (300.0, 319.6), (305.6, 319.6), (308.4, 314.0), (308.4, 308.4), (308.4, 302.8), (308.4, 302.8), (308.4, 297.2), (308.4, 297.2), (308.4, 314.0), (308.4, 314.0), (308.4, 314.0), (308.4, 314.0), (308.4, 336.4), (308.4, 364.4), (330.8, 372.8), (339.2, 372.8), (339.2, 372.8), (339.2, 372.8), (339.2, 372.8), (339.2, 372.8), (339.2, 372.8), (339.2, 372.8), (339.2, 372.8), (339.2, 372.8), (339.2, 372.8), (339.2, 372.8), (339.2, 372.8), (339.2, 372.8), (339.2, 372.8), (339.2, 372.8), (339.2, 372.8), (339.2, 372.8), (339.2, 372.8), (339.2, 372.8), (339.2, 372.8), (339.2, 372.8), (339.2, 372.8), (339.2, 372.8), (339.2, 372.8), (339.2, 372.8), (339.2, 372.8), (339.2, 372.8), (339.2, 372.8), (339.2, 372.8), (339.2, 372.8), (339.2, 372.8), (339.2, 372.8), (339.2, 372.8), (339.2, 372.8), (339.2, 372.8), (339.2, 372.8), (339.2, 372.8), (339.2, 372.8), (339.2, 372.8), (339.2, 372.8), (339.2, 372.8), (339.2, 372.8), (339.2, 372.8), (339.2, 372.8), (339.2, 372.8), (339.2, 372.8), (339.2, 372.8), (339.2, 372.8), (339.2, 372.8), (339.2, 372.8), (339.2, 372.8), (339.2, 372.8), (339.2, 372.8)]",0,3,16.68
speedrunner,bomberman,5,Bomb,59,0,26.07,0.85,"[(48.0, 48.0), (70.4, 50.8), (101.2, 50.8), (115.2, 67.6), (115.2, 95.6), (126.4, 115.2), (151.6, 115.2), (176.8, 120.8), (179.6, 126.4), (179.6, 126.4), (179.6, 126.4), (179.6, 126.4), (179.6, 126.4), (179.6, 126.4), (179.6, 143.2), (179.6, 171.2), (199.2, 179.6), (227.2, 179.6), (244.0, 193.6), (244.0, 218.8), (249.6, 244.0), (272.0, 244.0), (300.0, 246.8), (308.4, 269.2), (308.4, 291.6), (308.4, 314.0), (308.4, 336.4), (308.4, 358.8), (308.4, 372.8), (308.4, 372.8), (308.4, 372.8), (308.4, 372.8), (308.4, 372.8), (308.4, 372.8), (308.4, 372.8), (308.4, 372.8), (308.4, 372.8), (308.4, 372.8), (308.4, 372.8), (308.4, 372.8), (308.4, 372.8), (308.4, 372.8), (308.4, 370.0), (308.4, 370.0), (308.4, 370.0), (308.4, 358.8), (308.4, 358.8), (305.6, 347.6), (300.0, 319.6), (300.0, 319.6), (300.0, 319.6), (300.0, 319.6), (300.0, 319.6), (300.0, 319.6), (300.0, 319.6), (300.0, 319.6), (300.0, 316.8), (300.0, 322.4), (300.0, 319.6), (300.0, 316.8), (300.0, 322.4), (300.0, 319.6), (300.0, 316.8), (300.0, 322.4), (300.0, 319.6), (300.0, 316.8)]",0,1,8.7
speedrunner,bomberman,5,Bomb,35,0,15.94,0.95,"[(48.0, 48.0), (70.4, 50.8), (101.2, 50.8), (115.2, 67.6), (115.2, 95.6), (126.4, 115.2), (151.6, 115.2), (176.8, 120.8), (179.6, 143.2), (179.6, 171.2), (199.2, 179.6), (227.2, 179.6), (244.0, 193.6), (244.0, 218.8), (249.6, 244.0), (272.0, 244.0), (300.0, 246.8), (308.4, 269.2), (308.4, 291.6), (308.4, 314.0), (308.4, 336.4), (308.4, 358.8), (308.4, 372.8), (308.4, 372.8), (308.4, 372.8), (308.4, 372.8), (308.4, 372.8), (308.4, 372.8), (308.4, 372.8), (308.4, 372.8), (308.4, 372.8), (308.4, 372.8), (308.4, 372.8), (308.4, 372.8), (308.4, 372.8), (308.4, 372.8), (308.4, 372.8), (308.4, 372.8), (308.4, 372.8), (308.4, 372.8), (308.4, 372.8), (308.4, 372.8), (308.4, 372.8), (308.4, 372.8), (308.4, 370.0), (308.4, 370.0), (308.4, 370.0), (308.4, 364.4), (308.4, 358.8), (308.4, 358.8), (305.6, 347.6), (300.0, 319.6), (300.0, 319.6), (300.0, 319.6), (300.0, 319.6), (300.0, 319.6), (300.0, 319.6), (300.0, 319.6), (300.0, 319.6), (305.6, 319.6), (308.4, 314.0), (308.4, 308.4), (308.4, 302.8), (308.4, 302.8), (308.4, 297.2), (308.4, 297.2), (308.4, 314.0), (308.4, 314.0), (308.4, 314.0), (308.4, 314.0), (308.4, 336.4), (308.4, 364.4), (330.8, 372.8), (339.2, 372.8), (339.2, 372.8), (339.2, 372.8), (339.2, 372.8), (339.2, 372.8), (339.2, 372.8), (339.2, 372.8), (339.2, 372.8), (339.2, 372.8), (339.2, 372.8), (339.2, 372.8), (339.2, 372.8), (339.2, 372.8), (339.2, 372.8), (339.2, 372.8), (339.2, 372.8), (339.2, 372.8), (339.2, 372.8), (339.2, 372.8), (339.2, 372.8), (339.2, 372.8), (339.2, 372.8), (339.2, 372.8), (339.2, 372.8), (339.2, 372.8), (339.2, 372.8), (339.2, 372.8), (339.2, 372.8), (339.2, 372.8), (339.2, 372.8), (339.2, 372.8), (339.2, 372.8), (339.2, 372.8), (339.2, 372.8), (339.2, 372.8), (339.2, 372.8), (339.2, 372.8), (339.2, 372.8), (339.2, 372.8), (339.2, 372.8), (339.2, 372.8), (339.2, 372.8), (339.2, 372.8), (339.2, 372.8), (339.2, 372.8), (339.2, 372.8), (339.2, 372.8), (339.2, 372.8), (339.2, 372.8), (339.2, 372.8), (339.2, 372.8), (339.2, 372.8), (339.2, 372.8)]",0,3,16.68
speedrunner,bomberman,5,Bomb,56,0,15.01,0.95,"[(48.0, 48.0), (70.4, 50.8), (101.2, 50.8), (115.2, 67.6), (115.2, 95.6), (126.4, 115.2), (151.6, 115.2), (176.8, 120.8), (179.6, 126.4), (179.6, 132.0), (179.6, 160.0), (188.0, 179.6), (210.4, 179.6), (238.4, 182.4), (244.0, 204.8), (244.0, 232.8), (260.8, 244.0), (288.8, 244.0), (308.4, 258.0), (308.4, 280.4), (308.4, 302.8), (308.4, 325.2), (308.4, 347.6), (308.4, 370.0), (308.4, 372.8), (308.4, 372.8), (308.4, 372.8), (308.4, 372.8), (308.4, 372.8), (308.4, 372.8), (308.4, 372.8), (308.4, 372.8), (308.4, 372.8), (308.4, 372.8), (308.4, 372.8), (308.4, 372.8), (308.4, 372.8), (308.4, 372.8), (308.4, 367.2), (308.4, 367.2), (308.4, 367.2), (308.4, 361.6), (308.4, 361.6), (308.4, 361.6), (302.8, 344.8), (302.8, 322.4), (302.8, 322.4), (302.8, 322.4), (302.8, 322.4), (302.8, 322.4), (302.8, 322.4), (302.8, 322.4), (302.8, 322.4), (302.8, 322.4), (302.8, 322.4), (302.8, 322.4), (302.8, 322.4), (302.8, 322.4), (302.8, 316.8), (308.4, 311.2), (308.4, 311.2), (308.4, 305.6), (308.4, 305.6), (308.4, 305.6), (308.4, 294.4), (308.4, 294.4), (294.4, 308.4), (294.4, 308.4), (294.4, 308.4), (300.0, 311.2), (308.4, 333.6), (308.4, 361.6), (328.0, 372.8), (339.2, 372.8), (339.2, 372.8), (339.2, 372.8), (339.2, 372.8), (339.2, 372.8), (339.2, 372.8), (339.2, 372.8), (339.2, 372.8), (339.2, 372.8), (339.2, 372.8), (339.2, 372.8), (339.2, 372.8), (339.2, 372.8), (339.2, 372.8), (339.2, 372.8), (339.2, 372.8), (339.2, 372.8), (339.2, 372.8), (339.2, 372.8), (339.2, 372.8), (339.2, 372.8), (339.2, 372.8), (339.2, 372.8), (339.2, 372.8), (339.2, 372.8), (339.2, 372.8), (339.2, 372.8), (339.2, 372.8), (339.2, 372.8), (339.2, 372.8), (339.2, 372.8), (339.2, 372.8), (339.2, 372.8), (339.2, 372.8), (339.2, 372.8), (339.2, 372.8), (339.2, 372.8), (339.2, 372.8), (339.2, 372.8), (339.2, 372.8), (339.2, 372.8), (339.2, 372.8), (339.2, 372.8), (339.2, 372.8), (339.2, 372.8), (339.2, 372.8), (339.2, 372.8), (339.2, 372.8), (339.2, 372.8), (339.2, 372.8), (339.2, 372.8), (339.2, 372.8), (339.2, 372.8), (339.2, 372.8), (339.2, 372.8), (339.2, 372.8)]",0,3,17.17
speedrunner,bomberman,5,Bomb,60,0,13.18,0.95,"[(48.0, 48.0), (70.4, 50.8), (101.2, 50.8), (115.2, 62.0), (115.2, 62.0), (115.2, 62.0), (115.2, 62.0), (115.2, 62.0), (115.2, 62.0), (115.2, 62.0), (115.2, 62.0), (115.2, 62.0), (115.2, 62.0), (115.2, 62.0), (115.2, 62.0), (115.2, 62.0), (115.2, 67.6), (115.2, 95.6), (126.4, 115.2), (151.6, 115.2), (176.8, 120.8), (179.6, 126.4), (179.6, 126.4), (179.6, 126.4), (179.6, 126.4), (179.6, 126.4), (179.6, 126.4), (179.6, 126.4), (179.6, 126.4), (179.6, 126.4), (179.6, 126.4), (179.6, 126.4), (179.6, 143.2), (179.6, 171.2), (199.2, 179.6), (227.2, 179.6), (244.0, 193.6), (244.0, 218.8), (249.6, 244.0), (272.0, 244.0), (300.0, 246.8), (308.4, 269.2), (308.4, 291.6), (308.4, 314.0), (308.4, 336.4), (308.4, 358.8), (308.4, 372.8), (308.4, 372.8), (308.4, 372.8), (308.4, 372.8), (308.4, 372.8), (308.4, 372.8), (308.4, 372.8), (308.4, 372.8), (308.4, 372.8), (308.4, 372.8), (308.4, 372.8), (308.4, 372.8), (308.4, 372.8), (308.4, 372.8), (308.4, 372.8), (308.4, 372.8), (308.4, 372.8), (308.4, 372.8), (308.4, 372.8), (308.4, 372.8), (308.4, 372.8), (308.4, 367.2), (308.4, 367.2), (308.4, 367.2), (308.4, 361.6), (308.4, 361.6), (308.4, 356.0), (300.0, 339.2), (302.8, 322.4), (302.8, 322.4), (302.8, 322.4), (300.0, 316.8), (300.0, 322.4), (300.0, 319.6), (300.0, 316.8), (300.0, 322.4), (300.0, 319.6), (300.0, 316.8), (300.0, 322.4), (300.0, 319.6), (300.0, 316.8), (300.0, 311.2), (300.0, 311.2), (291.6, 305.6), (286.0, 305.6), (286.0, 305.6), (286.0, 308.4), (286.0, 308.4), (286.0, 308.4), (286.0, 305.6), (308.4, 319.6), (308.4, 342.0), (314.0, 370.0), (336.4, 372.8), (339.2, 372.8), (339.2, 372.8), (339.2, 372.8), (339.2, 372.8), (339.2, 372.8), (339.2, 372.8), (339.2, 372.8), (339.2, 372.8), (339.2, 372.8), (339.2, 372.8), (339.2, 372.8), (339.2, 372.8), (339.2, 372.8), (339.2, 372.8), (339.2, 372.8), (339.2, 372.8), (339.2, 372.8), (339.2, 372.8), (339.2, 372.8), (339.2, 372.8), (339.2, 372.8), (339.2, 372.8), (339.2, 372.8), (339.2, 372.8), (339.2, 372.8), (339.2, 372.8), (339.2, 372.8), (339.2, 372.8), (339.2, 372.8), (339.2, 372.8), (339.2, 372.8), (339.2, 372.8), (339.2, 372.8), (339.2, 372.8), (339.2, 372.8), (339.2, 372.8), (339.2, 372.8), (339.2, 372.8), (339.2, 372.8), (339.2, 372.8), (339.2, 372.8), (339.2, 372.8), (339.2, 372.8), (339.2, 372.8), (339.2, 372.8), (339.2, 372.8), (339.2, 372.8), (339.2, 372.8), (339.2, 372.8), (339.2, 372.8), (339.2, 372.8), (339.2, 372.8)]",0,3,20.18
speedrunner,bomberman,5,Bomb,155,0,12.49,0.95,"[(48.0, 48.0), (70.4, 50.8), (101.2, 50.8), (115.2, 67.6), (115.2, 95.6), (126.4, 115.2), (151.6, 115.2), (176.8, 120.8), (179.6, 143.2), (179.6, 171.2), (199.2, 179.6), (227.2, 179.6), (244.0, 193.6), (244.0, 218.8), (249.6, 244.0), (272.0, 244.0), (300.0, 246.8), (300.0, 269.2), (308.4, 297.2), (308.4, 319.6), (300.0, 342.0), (300.0, 353.2), (300.0, 347.6), (302.8, 350.4), (300.0, 353.2), (300.0, 347.6), (302.8, 350.4), (300.0, 353.2), (300.0, 347.6), (302.8, 350.4), (300.0, 353.2), (300.0, 347.6), (302.8, 350.4), (300.0, 353.2), (300.0, 347.6), (302.8, 350.4), (300.0, 353.2), (300.0, 347.6), (302.8, 350.4), (300.0, 353.2), (305.6, 353.2), (300.0, 344.8), (300.0, 330.8), (308.4, 311.2), (308.4, 311.2), (308.4, 311.2), (308.4, 311.2), (308.4, 311.2), (305.6, 311.2), (291.6, 308.4), (286.0, 305.6), (286.0, 305.6), (286.0, 305.6), (286.0, 305.6), (286.0, 305.6), (286.0, 305.6), (286.0, 305.6), (286.0, 305.6), (286.0, 305.6), (286.0, 305.6), (286.0, 305.6), (286.0, 305.6), (286.0, 305.6), (286.0, 305.6), (286.0, 305.6), (286.0, 305.6), (286.0, 305.6), (286.0, 305.6), (286.0, 305.6), (286.0, 305.6), (286.0, 305.6), (286.0, 305.6), (286.0, 305.6), (286.0, 305.6), (300.0, 305.6), (300.0, 288.8), (300.0, 288.8), (300.0, 288.8), (300.0, 288.8), (300.0, 288.8), (300.0, 288.8), (300.0, 288.8), (300.0, 288.8), (300.0, 288.8), (300.0, 288.8), (300.0, 288.8), (300.0, 288.8), (300.0, 288.8), (300.0, 283.2), (300.0, 277.6), (300.0, 272.0), (300.0, 272.0), (300.0, 266.4), (300.0, 266.4), (300.0, 263.6), (300.0, 255.2), (300.0, 255.2), (300.0, 255.2), (300.0, 255.2), (300.0, 255.2), (300.0, 255.2), (300.0, 255.2), (300.0, 255.2), (300.0, 255.2), (308.4, 272.0), (308.4, 294.4), (308.4, 316.8), (308.4, 339.2), (311.2, 367.2), (333.6, 372.8), (339.2, 372.8), (339.2, 372.8), (339.2, 372.8), (339.2, 372.8), (339.2, 372.8), (339.2, 372.8), (339.2, 372.8), (339.2, 372.8), (339.2, 372.8), (339.2, 372.8), (339.2, 372.8), (339.2, 372.8), (339.2, 372.8), (339.2, 372.8), (339.2, 372.8), (339.2, 372.8), (339.2, 372.8), (339.2, 372.8), (339.2, 372.8), (339.2, 372.8), (339.2, 372.8), (339.2, 372.8), (339.2, 372.8), (339.2, 372.8), (339.2, 372.8), (339.2, 372.8), (339.2, 372.8), (339.2, 372.8), (339.2, 372.8), (339.2, 372.8), (339.2, 372.8), (339.2, 372.8), (339.2, 372.8), (339.2, 372.8), (339.2, 372.8), (339.2, 372.8), (339.2, 372.8), (339.2, 372.8), (339.2, 372.8), (339.2, 372.8), (339.2, 372.8), (339.2, 372.8), (339.2, 372.8), (339.2, 372.8), (339.2, 372.8), (339.2, 372.8), (339.2, 372.8), (339.2, 372.8), (339.2, 372.8), (339.2, 372.8)]",0,2,21.3
speedrunner,bomberman,5,Bomb,72,0,17.55,0.9,"[(48.0, 48.0), (70.4, 50.8), (101.2, 50.8), (115.2, 67.6), (115.2, 95.6), (126.4, 115.2), (151.6, 115.2), (176.8, 120.8), (179.6, 143.2), (179.6, 171.2), (199.2, 179.6), (227.2, 179.6), (244.0, 193.6), (244.0, 218.8), (249.6, 244.0), (272.0, 244.0), (300.0, 246.8), (300.0, 269.2), (308.4, 297.2), (308.4, 319.6), (300.0, 342.0), (300.0, 353.2), (300.0, 353.2), (300.0, 353.2), (300.0, 353.2), (300.0, 353.2), (300.0, 353.2), (300.0, 353.2), (300.0, 353.2), (300.0, 353.2), (300.0, 353.2), (300.0, 353.2), (300.0, 353.2), (300.0, 353.2), (300.0, 353.2), (300.0, 353.2), (300.0, 353.2), (300.0, 353.2), (300.0, 353.2), (300.0, 353.2), (300.0, 353.2), (302.8, 353.2), (302.8, 353.2), (305.6, 350.4), (300.0, 344.8), (300.0, 339.2), (300.0, 322.4), (300.0, 319.6), (300.0, 316.8), (300.0, 322.4), (300.0, 319.6), (300.0, 316.8), (300.0, 322.4), (300.0, 319.6), (300.0, 316.8), (300.0, 322.4), (300.0, 319.6), (300.0, 319.6), (300.0, 314.0), (300.0, 314.0), (300.0, 314.0), (300.0, 308.4), (288.8, 308.4), (288.8, 308.4), (288.8, 308.4), (288.8, 308.4), (288.8, 308.4), (288.8, 308.4), (288.8, 308.4), (288.8, 308.4), (288.8, 308.4), (288.8, 308.4), (288.8, 308.4), (288.8, 308.4), (288.8, 308.4), (305.6, 316.8), (305.6, 339.2), (308.4, 356.0), (308.4, 350.4), (308.4, 353.2), (308.4, 356.0), (308.4, 350.4), (308.4, 353.2), (308.4, 356.0), (308.4, 350.4), (308.4, 353.2), (308.4, 356.0), (308.4, 350.4), (308.4, 353.2), (308.4, 356.0), (308.4, 350.4), (308.4, 353.2), (308.4, 356.0), (308.4, 350.4), (308.4, 353.2), (308.4, 356.0), (308.4, 350.4), (308.4, 353.2), (308.4, 356.0), (308.4, 350.4), (308.4, 353.2)]",0,2,13.4
speedrunner,bomberman,5,Bomb,141,0,2.31,0.9,"[(48.0, 48.0), (70.4, 50.8), (101.2, 50.8), (115.2, 67.6), (115.2, 95.6), (126.4, 115.2), (151.6, 115.2), (176.8, 120.8), (179.6, 143.2), (179.6, 171.2), (199.2, 179.6), (227.2, 179.6), (244.0, 193.6), (244.0, 218.8), (249.6, 244.0), (272.0, 244.0), (300.0, 246.8), (300.0, 269.2), (302.8, 286.0), (302.8, 286.0), (302.8, 286.0), (302.8, 286.0), (302.8, 286.0), (302.8, 286.0), (302.8, 286.0), (302.8, 286.0), (302.8, 286.0), (302.8, 286.0), (302.8, 286.0), (302.8, 286.0), (302.8, 286.0), (302.8, 286.0), (302.8, 286.0), (302.8, 286.0), (302.8, 286.0), (302.8, 286.0), (300.0, 286.0), (300.0, 280.4), (300.0, 283.2), (300.0, 269.2), (302.8, 258.0), (302.8, 258.0), (302.8, 258.0), (302.8, 258.0), (302.8, 258.0), (302.8, 258.0), (302.8, 258.0), (300.0, 255.2), (300.0, 252.4), (300.0, 258.0), (300.0, 255.2), (300.0, 252.4), (300.0, 258.0), (300.0, 255.2), (300.0, 252.4), (300.0, 258.0), (300.0, 255.2), (300.0, 252.4), (300.0, 252.4), (300.0, 246.8), (300.0, 246.8), (300.0, 246.8), (300.0, 246.8), (300.0, 246.8), (300.0, 246.8), (286.0, 244.0), (286.0, 244.0), (286.0, 244.0), (286.0, 244.0), (291.6, 244.0), (300.0, 260.8), (300.0, 288.8), (319.6, 305.6), (344.8, 308.4), (353.2, 308.4), (353.2, 308.4), (353.2, 308.4), (353.2, 308.4), (353.2, 308.4), (353.2, 308.4), (353.2, 308.4), (353.2, 308.4), (353.2, 308.4), (353.2, 308.4), (353.2, 308.4), (353.2, 308.4), (353.2, 308.4), (353.2, 308.4), (353.2, 308.4), (353.2, 308.4), (353.2, 308.4), (353.2, 308.4), (353.2, 308.4), (353.2, 308.4), (353.2, 308.4), (353.2, 308.4), (353.2, 308.4), (353.2, 308.4), (353.2, 308.4), (353.2, 308.4), (353.2, 308.4), (353.2, 308.4), (353.2, 308.4), (353.2, 308.4), (353.2, 308.4), (353.2, 308.4), (353.2, 308.4), (353.2, 308.4), (353.2, 308.4), (353.2, 308.4), (342.0, 308.4), (316.8, 308.4), (300.0, 316.8), (300.0, 322.4), (300.0, 319.6), (300.0, 316.8), (300.0, 322.4), (300.0, 319.6), (300.0, 316.8), (300.0, 322.4), (300.0, 319.6), (300.0, 316.8), (300.0, 322.4), (300.0, 319.6), (300.0, 316.8), (300.0, 322.4), (300.0, 319.6), (300.0, 316.8), (300.0, 322.4), (300.0, 314.0), (288.8, 302.8), (288.8, 302.8), (288.8, 302.8), (288.8, 302.8), (288.8, 302.8), (288.8, 302.8), (288.8, 302.8), (288.8, 302.8), (288.8, 302.8), (288.8, 302.8), (288.8, 302.8), (288.8, 302.8), (288.8, 302.8), (288.8, 302.8), (272.0, 308.4), (255.2, 308.4), (238.4, 322.4), (238.4, 319.6), (238.4, 316.8), (238.4, 322.4), (238.4, 319.6), (238.4, 316.8), (238.4, 322.4), (238.4, 319.6), (238.4, 316.8), (238.4, 322.4), (238.4, 319.6), (238.4, 316.8), (238.4, 322.4), (241.2, 314.0), (238.4, 302.8), (221.6, 302.8), (221.6, 302.8), (221.6, 302.8), (221.6, 302.8), (221.6, 302.8), (221.6, 302.8), (221.6, 302.8), (221.6, 302.8), (221.6, 302.8), (221.6, 302.8), (221.6, 302.8), (221.6, 302.8), (221.6, 302.8), (221.6, 302.8), (221.6, 302.8), (221.6, 302.8), (210.4, 308.4), (210.4, 308.4), (204.8, 308.4), (188.0, 308.4), (176.8, 319.6), (176.8, 319.6), (176.8, 319.6), (176.8, 319.6), (176.8, 319.6), (176.8, 319.6), (176.8, 319.6), (176.8, 319.6), (176.8, 319.6), (179.6, 314.0), (179.6, 308.4), (165.6, 308.4), (160.0, 308.4), (160.0, 308.4), (160.0, 308.4), (160.0, 308.4), (160.0, 308.4), (160.0, 308.4), (160.0, 308.4), (160.0, 308.4), (160.0, 308.4), (160.0, 308.4), (160.0, 308.4), (160.0, 308.4), (160.0, 308.4), (160.0, 308.4), (160.0, 308.4), (148.8, 308.4), (148.8, 308.4), (148.8, 308.4), (148.8, 308.4), (148.8, 308.4), (129.2, 308.4), (109.6, 316.8), (109.6, 322.4), (112.4, 319.6), (112.4, 319.6), (112.4, 319.6), (112.4, 319.6), (115.2, 316.8), (115.2, 322.4), (115.2, 319.6), (115.2, 319.6), (115.2, 319.6), (115.2, 319.6), (115.2, 319.6), (115.2, 319.6), (115.2, 319.6), (115.2, 319.6), (115.2, 319.6), (115.2, 319.6), (115.2, 319.6), (115.2, 319.6), (115.2, 319.6), (115.2, 319.6), (115.2, 319.6), (115.2, 319.6), (115.2, 319.6), (115.2, 319.6), (115.2, 319.6), (115.2, 319.6), (115.2, 319.6), (115.2, 319.6), (115.2, 319.6), (115.2, 319.6)]",0,1,32.7
speedrunner,bomberman,5,Bomb,2,0,27.09,0.9,"[(48.0, 48.0), (70.4, 50.8), (101.2, 50.8), (115.2, 67.6), (115.2, 95.6), (126.4, 115.2), (151.6, 115.2), (176.8, 120.8), (179.6, 143.2), (179.6, 171.2), (199.2, 179.6), (227.2, 179.6), (244.0, 193.6), (244.0, 218.8), (249.6, 244.0), (272.0, 244.0), (300.0, 246.8), (308.4, 269.2), (308.4, 291.6), (308.4, 314.0), (308.4, 336.4), (308.4, 358.8), (308.4, 372.8), (308.4, 372.8), (308.4, 372.8), (308.4, 372.8), (308.4, 372.8), (308.4, 372.8), (308.4, 372.8), (308.4, 372.8), (308.4, 372.8), (308.4, 372.8), (308.4, 372.8), (308.4, 372.8), (308.4, 372.8), (308.4, 372.8), (308.4, 372.8), (308.4, 372.8), (308.4, 372.8), (308.4, 372.8), (308.4, 372.8), (308.4, 372.8), (308.4, 372.8), (308.4, 372.8), (308.4, 372.8), (308.4, 372.8), (308.4, 372.8), (308.4, 372.8), (308.4, 372.8), (308.4, 372.8), (308.4, 372.8), (308.4, 372.8), (308.4, 372.8), (308.4, 372.8), (308.4, 372.8), (308.4, 372.8), (308.4, 372.8), (308.4, 372.8), (308.4, 372.8), (308.4, 372.8), (308.4, 372.8), (308.4, 367.2), (308.4, 367.2), (308.4, 361.6), (308.4, 361.6), (308.4, 356.0)]",0,1,8.68
speedrunner,bomberman,5,Bomb,2,0,25.11,0.35,"[(48.0, 48.0), (70.4, 50.8), (101.2, 50.8), (115.2, 67.6), (115.2, 95.6), (126.4, 115.2), (151.6, 115.2), (176.8, 120.8), (179.6, 126.4), (179.6, 126.4), (179.6, 126.4), (179.6, 126.4), (179.6, 126.4), (179.6, 126.4), (179.6, 126.4), (179.6, 126.4), (179.6, 126.4), (179.6, 126.4), (179.6, 126.4), (179.6, 126.4), (179.6, 126.4), (179.6, 126.4), (179.6, 126.4), (179.6, 126.4), (179.6, 126.4), (179.6, 126.4), (179.6, 126.4), (179.6, 126.4), (179.6, 126.4), (179.6, 126.4), (179.6, 126.4), (179.6, 126.4), (179.6, 126.4), (179.6, 126.4), (179.6, 126.4), (179.6, 126.4)]",0,0,4.68
speedrunner,bomberman,5,Bomb,36,0,25.87,0.7,"[(48.0, 48.0), (70.4, 50.8), (101.2, 50.8), (115.2, 67.6), (115.2, 95.6), (126.4, 115.2), (151.6, 115.2), (176.8, 120.8), (179.6, 143.2), (179.6, 171.2), (199.2, 179.6), (227.2, 179.6), (244.0, 193.6), (244.0, 218.8), (249.6, 244.0), (272.0, 244.0), (300.0, 246.8), (308.4, 269.2), (308.4, 291.6), (308.4, 314.0), (308.4, 336.4), (308.4, 353.2), (308.4, 353.2), (308.4, 353.2), (308.4, 353.2), (308.4, 353.2), (308.4, 353.2), (308.4, 353.2), (308.4, 353.2), (308.4, 353.2), (308.4, 353.2), (308.4, 353.2), (308.4, 353.2), (308.4, 353.2), (308.4, 353.2), (308.4, 353.2), (308.4, 353.2), (308.4, 353.2), (308.4, 353.2), (308.4, 353.2), (308.4, 353.2), (308.4, 353.2), (308.4, 353.2), (308.4, 353.2), (308.4, 353.2), (308.4, 353.2), (308.4, 353.2), (308.4, 353.2), (308.4, 353.2), (308.4, 342.0), (308.4, 342.0), (308.4, 336.4), (308.4, 325.2), (308.4, 314.0), (308.4, 291.6), (308.4, 286.0), (308.4, 286.0), (308.4, 286.0), (308.4, 286.0), (308.4, 286.0), (308.4, 286.0), (308.4, 286.0), (308.4, 280.4), (308.4, 280.4), (308.4, 269.2), (308.4, 269.2)]",0,0,8.77
speedrunner,bomberman,5,Bomb,69,0,16.86,0.8,"[(48.0, 48.0), (70.4, 50.8), (101.2, 50.8), (115.2, 67.6), (115.2, 95.6), (126.4, 115.2), (151.6, 115.2), (176.8, 120.8), (179.6, 143.2), (179.6, 171.2), (199.2, 179.6), (227.2, 179.6), (244.0, 193.6), (244.0, 218.8), (249.6, 244.0), (272.0, 244.0), (300.0, 246.8), (308.4, 269.2), (305.6, 297.2), (308.4, 319.6), (300.0, 342.0), (300.0, 353.2), (300.0, 353.2), (300.0, 353.2), (300.0, 353.2), (300.0, 353.2), (300.0, 353.2), (300.0, 353.2), (300.0, 353.2), (300.0, 353.2), (300.0, 353.2), (300.0, 353.2), (300.0, 353.2), (300.0, 353.2), (300.0, 353.2), (300.0, 353.2), (300.0, 353.2), (300.0, 353.2), (300.0, 353.2), (300.0, 353.2), (300.0, 353.2), (300.0, 356.0), (300.0, 350.4), (300.0, 353.2), (300.0, 347.6), (300.0, 342.0), (300.0, 319.6), (300.0, 319.6), (300.0, 319.6), (300.0, 319.6), (300.0, 319.6), (300.0, 319.6), (300.0, 319.6), (308.4, 314.0), (308.4, 314.0), (308.4, 314.0), (308.4, 308.4), (308.4, 302.8), (308.4, 302.8), (308.4, 302.8), (308.4, 302.8), (308.4, 302.8), (308.4, 302.8), (308.4, 302.8), (308.4, 300.0), (308.4, 297.2), (308.4, 297.2), (308.4, 294.4), (308.4, 294.4), (308.4, 294.4), (302.8, 300.0), (291.6, 308.4), (300.0, 294.4), (300.0, 288.8), (300.0, 288.8), (300.0, 288.8), (300.0, 288.8), (300.0, 288.8), (300.0, 288.8), (300.0, 288.8), (300.0, 288.8), (300.0, 288.8), (300.0, 288.8), (300.0, 288.8), (300.0, 288.8), (300.0, 288.8), (300.0, 288.8), (300.0, 286.0), (300.0, 286.0), (300.0, 286.0), (300.0, 286.0), (300.0, 286.0), (300.0, 286.0), (300.0, 286.0), (300.0, 286.0), (300.0, 286.0), (300.0, 286.0), (300.0, 286.0), (300.0, 286.0), (300.0, 286.0), (300.0, 286.0)]",0,1,13.45
speedrunner,bomberman,5,Bomb,60,0,13.18,0.95,"[(48.0, 48.0), (70.4, 50.8), (101.2, 50.8), (115.2, 62.0), (115.2, 62.0), (115.2, 62.0), (115.2, 62.0), (115.2, 62.0), (115.2, 62.0), (115.2, 62.0), (115.2, 62.0), (115.2, 62.0), (115.2, 62.0), (115.2, 62.0), (115.2, 62.0), (115.2, 62.0), (115.2, 67.6), (115.2, 95.6), (126.4, 115.2), (151.6, 115.2), (176.8, 120.8), (179.6, 126.4), (179.6, 126.4), (179.6, 126.4), (179.6, 126.4), (179.6, 126.4), (179.6, 126.4), (179.6, 126.4), (179.6, 126.4), (179.6, 126.4), (179.6, 126.4), (179.6, 126.4), (179.6, 143.2), (179.6, 171.2), (199.2, 179.6), (227.2, 179.6), (244.0, 193.6), (244.0, 218.8), (249.6, 244.0), (272.0, 244.0), (300.0, 246.8), (308.4, 269.2), (308.4, 291.6), (308.4, 314.0), (308.4, 336.4), (308.4, 358.8), (308.4, 372.8), (308.4, 372.8), (308.4, 372.8), (308.4, 372.8), (308.4, 372.8), (308.4, 372.8), (308.4, 372.8), (308.4, 372.8), (308.4, 372.8), (308.4, 372.8), (308.4, 372.8), (308.4, 372.8), (308.4, 372.8), (308.4, 372.8), (308.4, 372.8), (308.4, 372.8), (308.4, 372.8), (308.4, 372.8), (308.4, 372.8), (308.4, 372.8), (308.4, 372.8), (308.4, 367.2), (308.4, 367.2), (308.4, 367.2), (308.4, 361.6), (308.4, 361.6), (308.4, 356.0), (300.0, 339.2), (302.8, 322.4), (302.8, 322.4), (302.8, 322.4), (300.0, 316.8), (300.0, 322.4), (300.0, 319.6), (300.0, 316.8), (300.0, 322.4), (300.0, 319.6), (300.0, 316.8), (300.0, 322.4), (300.0, 319.6), (300.0, 316.8), (300.0, 311.2), (300.0, 311.2), (291.6, 305.6), (286.0, 305.6), (286.0, 305.6), (286.0, 308.4), (286.0, 308.4), (286.0, 308.4), (286.0, 305.6), (308.4, 319.6), (308.4, 342.0), (314.0, 370.0), (336.4, 372.8), (339.2, 372.8), (339.2, 372.8), (339.2, 372.8), (339.2, 372.8), (339.2, 372.8), (339.2, 372.8), (339.2, 372.8), (339.2, 372.8), (339.2, 372.8), (339.2, 372.8), (339.2, 372.8), (339.2, 372.8), (339.2, 372.8), (339.2, 372.8), (339.2, 372.8), (339.2, 372.8), (339.2, 372.8), (339.2, 372.8), (339.2, 372.8), (339.2, 372.8), (339.2, 372.8), (339.2, 372.8), (339.2, 372.8), (339.2, 372.8), (339.2, 372.8), (339.2, 372.8), (339.2, 372.8), (339.2, 372.8), (339.2, 372.8), (339.2, 372.8), (339.2, 372.8), (339.2, 372.8), (339.2, 372.8), (339.2, 372.8), (339.2, 372.8), (339.2, 372.8), (339.2, 372.8), (339.2, 372.8), (339.2, 372.8), (339.2, 372.8), (339.2, 372.8), (339.2, 372.8), (339.2, 372.8), (339.2, 372.8), (339.2, 372.8), (339.2, 372.8), (339.2, 372.8), (339.2, 372.8), (339.2, 372.8), (339.2, 372.8), (339.2, 372.8), (339.2, 372.8)]",0,3,20.18
speedrunner,bomberman,5,Bomb,56,0,15.01,0.95,"[(48.0, 48.0), (70.4, 50.8), (101.2, 50.8), (115.2, 67.6), (115.2, 95.6), (126.4, 115.2), (151.6, 115.2), (176.8, 120.8), (179.6, 126.4), (179.6, 132.0), (179.6, 160.0), (188.0, 179.6), (210.4, 179.6), (238.4, 182.4), (244.0, 204.8), (244.0, 232.8), (260.8, 244.0), (288.8, 244.0), (308.4, 258.0), (308.4, 280.4), (308.4, 302.8), (308.4, 325.2), (308.4, 347.6), (308.4, 370.0), (308.4, 372.8), (308.4, 372.8), (308.4, 372.8), (308.4, 372.8), (308.4, 372.8), (308.4, 372.8), (308.4, 372.8), (308.4, 372.8), (308.4, 372.8), (308.4, 372.8), (308.4, 372.8), (308.4, 372.8), (308.4, 372.8), (308.4, 372.8), (308.4, 367.2), (308.4, 367.2), (308.4, 367.2), (308.4, 361.6), (308.4, 361.6), (308.4, 361.6), (302.8, 344.8), (302.8, 322.4), (302.8, 322.4), (302.8, 322.4), (302.8, 322.4), (302.8, 322.4), (302.8, 322.4), (302.8, 322.4), (302.8, 322.4), (302.8, 322.4), (302.8, 322.4), (302.8, 322.4), (302.8, 322.4), (302.8, 322.4), (302.8, 316.8), (308.4, 311.2), (308.4, 311.2), (308.4, 305.6), (308.4, 305.6), (308.4, 305.6), (308.4, 294.4), (308.4, 294.4), (294.4, 308.4), (294.4, 308.4), (294.4, 308.4), (300.0, 311.2), (308.4, 333.6), (308.4, 361.6), (328.0, 372.8), (339.2, 372.8), (339.2, 372.8), (339.2, 372.8), (339.2, 372.8), (339.2, 372.8), (339.2, 372.8), (339.2, 372.8), (339.2, 372.8), (339.2, 372.8), (339.2, 372.8), (339.2, 372.8), (339.2, 372.8), (339.2, 372.8), (339.2, 372.8), (339.2, 372.8), (339.2, 372.8), (339.2, 372.8), (339.2, 372.8), (339.2, 372.8), (339.2, 372.8), (339.2, 372.8), (339.2, 372.8), (339.2, 372.8), (339.2, 372.8), (339.2, 372.8), (339.2, 372.8), (339.2, 372.8), (339.2, 372.8), (339.2, 372.8), (339.2, 372.8), (339.2, 372.8), (339.2, 372.8), (339.2, 372.8), (339.2, 372.8), (339.2, 372.8), (339.2, 372.8), (339.2, 372.8), (339.2, 372.8), (339.2, 372.8), (339.2, 372.8), (339.2, 372.8), (339.2, 372.8), (339.2, 372.8), (339.2, 372.8), (339.2, 372.8), (339.2, 372.8), (339.2, 372.8), (339.2, 372.8), (339.2, 372.8), (339.2, 372.8), (339.2, 372.8), (339.2, 372.8), (339.2, 372.8), (339.2, 372.8), (339.2, 372.8), (339.2, 372.8)]",0,3,17.17
speedrunner,bomberman,5,Bomb,35,0,15.94,0.95,"[(48.0, 48.0), (70.4, 50.8), (101.2, 50.8), (115.2, 67.6), (115.2, 95.6), (126.4, 115.2), (151.6, 115.2), (176.8, 120.8), (179.6, 143.2), (179.6, 171.2), (199.2, 179.6), (227.2, 179.6), (244.0, 193.6), (244.0, 218.8), (249.6, 244.0), (272.0, 244.0), (300.0, 246.8), (308.4, 269.2), (308.4, 291.6), (308.4, 314.0), (308.4, 336.4), (308.4, 358.8), (308.4, 372.8), (308.4, 372.8), (308.4, 372.8), (308.4, 372.8), (308.4, 372.8), (308.4, 372.8), (308.4, 372.8), (308.4, 372.8), (308.4, 372.8), (308.4, 372.8), (308.4, 372.8), (308.4, 372.8), (308.4, 372.8), (308.4, 372.8), (308.4, 372.8), (308.4, 372.8), (308.4, 372.8), (308.4, 372.8), (308.4, 372.8), (308.4, 372.8), (308.4, 372.8), (308.4, 372.8), (308.4, 370.0), (308.4, 370.0), (308.4, 370.0), (308.4, 364.4), (308.4, 358.8), (308.4, 358.8), (305.6, 347.6), (300.0, 319.6), (300.0, 319.6), (300.0, 319.6), (300.0, 319.6), (300.0, 319.6), (300.0, 319.6), (300.0, 319.6), (300.0, 319.6), (305.6, 319.6), (308.4, 314.0), (308.4, 308.4), (308.4, 302.8), (308.4, 302.8), (308.4, 297.2), (308.4, 297.2), (308.4, 314.0), (308.4, 314.0), (308.4, 314.0), (308.4, 314.0), (308.4, 336.4), (308.4, 364.4), (330.8, 372.8), (339.2, 372.8), (339.2, 372.8), (339.2, 372.8), (339.2, 372.8), (339.2, 372.8), (339.2, 372.8), (339.2, 372.8), (339.2, 372.8), (339.2, 372.8), (339.2, 372.8), (339.2, 372.8), (339.2, 372.8), (339.2, 372.8), (339.2, 372.8), (339.2, 372.8), (339.2, 372.8), (339.2, 372.8), (339.2, 372.8), (339.2, 372.8), (339.2, 372.8), (339.2, 372.8), (339.2, 372.8), (339.2, 372.8), (339.2, 372.8), (339.2, 372.8), (339.2, 372.8), (339.2, 372.8), (339.2, 372.8), (339.2, 372.8), (339.2, 372.8), (339.2, 372.8), (339.2, 372.8), (339.2, 372.8), (339.2, 372.8), (339.2, 372.8), (339.2, 372.8), (339.2, 372.8), (339.2, 372.8), (339.2, 372.8), (339.2, 372.8), (339.2, 372.8), (339.2, 372.8), (339.2, 372.8), (339.2, 372.8), (339.2, 372.8), (339.2, 372.8), (339.2, 372.8), (339.2, 372.8), (339.2, 372.8), (339.2, 372.8), (339.2, 372.8), (339.2, 372.8), (339.2, 372.8)]",0,3,16.68
speedrunner,bomberman,5,Bomb,155,0,12.49,0.95,"[(48.0, 48.0), (70.4, 50.8), (101.2, 50.8), (115.2, 67.6), (115.2, 95.6), (126.4, 115.2), (151.6, 115.2), (176.8, 120.8), (179.6, 143.2), (179.6, 171.2), (199.2, 179.6), (227.2, 179.6), (244.0, 193.6), (244.0, 218.8), (249.6, 244.0), (272.0, 244.0), (300.0, 246.8), (300.0, 269.2), (308.4, 297.2), (308.4, 319.6), (300.0, 342.0), (300.0, 353.2), (300.0, 347.6), (302.8, 350.4), (300.0, 353.2), (300.0, 347.6), (302.8, 350.4), (300.0, 353.2), (300.0, 347.6), (302.8, 350.4), (300.0, 353.2), (300.0, 347.6), (302.8, 350.4), (300.0, 353.2), (300.0, 347.6), (302.8, 350.4), (300.0, 353.2), (300.0, 347.6), (302.8, 350.4), (300.0, 353.2), (305.6, 353.2), (300.0, 344.8), (300.0, 330.8), (308.4, 311.2), (308.4, 311.2), (308.4, 311.2), (308.4, 311.2), (308.4, 311.2), (305.6, 311.2), (291.6, 308.4), (286.0, 305.6), (286.0, 305.6), (286.0, 305.6), (286.0, 305.6), (286.0, 305.6), (286.0, 305.6), (286.0, 305.6), (286.0, 305.6), (286.0, 305.6), (286.0, 305.6), (286.0, 305.6), (286.0, 305.6), (286.0, 305.6), (286.0, 305.6), (286.0, 305.6), (286.0, 305.6), (286.0, 305.6), (286.0, 305.6), (286.0, 305.6), (286.0, 305.6), (286.0, 305.6), (286.0, 305.6), (286.0, 305.6), (286.0, 305.6), (300.0, 305.6), (300.0, 288.8), (300.0, 288.8), (300.0, 288.8), (300.0, 288.8), (300.0, 288.8), (300.0, 288.8), (300.0, 288.8), (300.0, 288.8), (300.0, 288.8), (300.0, 288.8), (300.0, 288.8), (300.0, 288.8), (300.0, 288.8), (300.0, 283.2), (300.0, 277.6), (300.0, 272.0), (300.0, 272.0), (300.0, 266.4), (300.0, 266.4), (300.0, 263.6), (300.0, 255.2), (300.0, 255.2), (300.0, 255.2), (300.0, 255.2), (300.0, 255.2), (300.0, 255.2), (300.0, 255.2), (300.0, 255.2), (300.0, 255.2), (308.4, 272.0), (308.4, 294.4), (308.4, 316.8), (308.4, 339.2), (311.2, 367.2), (333.6, 372.8), (339.2, 372.8), (339.2, 372.8), (339.2, 372.8), (339.2, 372.8), (339.2, 372.8), (339.2, 372.8), (339.2, 372.8), (339.2, 372.8), (339.2, 372.8), (339.2, 372.8), (339.2, 372.8), (339.2, 372.8), (339.2, 372.8), (339.2, 372.8), (339.2, 372.8), (339.2, 372.8), (339.2, 372.8), (339.2, 372.8), (339.2, 372.8), (339.2, 372.8), (339.2, 372.8), (339.2, 372.8), (339.2, 372.8), (339.2, 372.8), (339.2, 372.8), (339.2, 372.8), (339.2, 372.8), (339.2, 372.8), (339.2, 372.8), (339.2, 372.8), (339.2, 372.8), (339.2, 372.8), (339.2, 372.8), (339.2, 372.8), (339.2, 372.8), (339.2, 372.8), (339.2, 372.8), (339.2, 372.8), (339.2, 372.8), (339.2, 372.8), (339.2, 372.8), (339.2, 372.8), (339.2, 372.8), (339.2, 372.8), (339.2, 372.8), (339.2, 372.8), (339.2, 372.8), (339.2, 372.8), (339.2, 372.8), (339.2, 372.8)]",0,2,21.3
speedrunner,bomberman,5,Bomb,72,0,17.55,0.9,"[(48.0, 48.0), (70.4, 50.8), (101.2, 50.8), (115.2, 67.6), (115.2, 95.6), (126.4, 115.2), (151.6, 115.2), (176.8, 120.8), (179.6, 143.2), (179.6, 171.2), (199.2, 179.6), (227.2, 179.6), (244.0, 193.6), (244.0, 218.8), (249.6, 244.0), (272.0, 244.0), (300.0, 246.8), (300.0, 269.2), (308.4, 297.2), (308.4, 319.6), (300.0, 342.0), (300.0, 353.2), (300.0, 353.2), (300.0, 353.2), (300.0, 353.2), (300.0, 353.2), (300.0, 353.2), (300.0, 353.2), (300.0, 353.2), (300.0, 353.2), (300.0, 353.2), (300.0, 353.2), (300.0, 353.2), (300.0, 353.2), (300.0, 353.2), (300.0, 353.2), (300.0, 353.2), (300.0, 353.2), (300.0, 353.2), (300.0, 353.2), (300.0, 353.2), (302.8, 353.2), (302.8, 353.2), (305.6, 350.4), (300.0, 344.8), (300.0, 339.2), (300.0, 322.4), (300.0, 319.6), (300.0, 316.8), (300.0, 322.4), (300.0, 319.6), (300.0, 316.8), (300.0, 322.4), (300.0, 319.6), (300.0, 316.8), (300.0, 322.4), (300.0, 319.6), (300.0, 319.6), (300.0, 314.0), (300.0, 314.0), (300.0, 314.0), (300.0, 308.4), (288.8, 308.4), (288.8, 308.4), (288.8, 308.4), (288.8, 308.4), (288.8, 308.4), (288.8, 308.4), (288.8, 308.4), (288.8, 308.4), (288.8, 308.4), (288.8, 308.4), (288.8, 308.4), (288.8, 308.4), (288.8, 308.4), (305.6, 316.8), (305.6, 339.2), (308.4, 356.0), (308.4, 350.4), (308.4, 353.2), (308.4, 356.0), (308.4, 350.4), (308.4, 353.2), (308.4, 356.0), (308.4, 350.4), (308.4, 353.2), (308.4, 356.0), (308.4, 350.4), (308.4, 353.2), (308.4, 356.0), (308.4, 350.4), (308.4, 353.2), (308.4, 356.0), (308.4, 350.4), (308.4, 353.2), (308.4, 356.0), (308.4, 350.4), (308.4, 353.2), (308.4, 356.0), (308.4, 350.4), (308.4, 353.2)]",0,2,13.4
speedrunner,bomberman,5,Bomb,141,0,2.31,0.9,"[(48.0, 48.0), (70.4, 50.8), (101.2, 50.8), (115.2, 67.6), (115.2, 95.6), (126.4, 115.2), (151.6, 115.2), (176.8, 120.8), (179.6, 143.2), (179.6, 171.2), (199.2, 179.6), (227.2, 179.6), (244.0, 193.6), (244.0, 218.8), (249.6, 244.0), (272.0, 244.0), (300.0, 246.8), (300.0, 269.2), (302.8, 286.0), (302.8, 286.0), (302.8, 286.0), (302.8, 286.0), (302.8, 286.0), (302.8, 286.0), (302.8, 286.0), (302.8, 286.0), (302.8, 286.0), (302.8, 286.0), (302.8, 286.0), (302.8, 286.0), (302.8, 286.0), (302.8, 286.0), (302.8, 286.0), (302.8, 286.0), (302.8, 286.0), (302.8, 286.0), (300.0, 286.0), (300.0, 280.4), (300.0, 283.2), (300.0, 269.2), (302.8, 258.0), (302.8, 258.0), (302.8, 258.0), (302.8, 258.0), (302.8, 258.0), (302.8, 258.0), (302.8, 258.0), (300.0, 255.2), (300.0, 252.4), (300.0, 258.0), (300.0, 255.2), (300.0, 252.4), (300.0, 258.0), (300.0, 255.2), (300.0, 252.4), (300.0, 258.0), (300.0, 255.2), (300.0, 252.4), (300.0, 252.4), (300.0, 246.8), (300.0, 246.8), (300.0, 246.8), (300.0, 246.8), (300.0, 246.8), (300.0, 246.8), (286.0, 244.0), (286.0, 244.0), (286.0, 244.0), (286.0, 244.0), (291.6, 244.0), (300.0, 260.8), (300.0, 288.8), (319.6, 305.6), (344.8, 308.4), (353.2, 308.4), (353.2, 308.4), (353.2, 308.4), (353.2, 308.4), (353.2, 308.4), (353.2, 308.4), (353.2, 308.4), (353.2, 308.4), (353.2, 308.4), (353.2, 308.4), (353.2, 308.4), (353.2, 308.4), (353.2, 308.4), (353.2, 308.4), (353.2, 308.4), (353.2, 308.4), (353.2, 308.4), (353.2, 308.4), (353.2, 308.4), (353.2, 308.4), (353.2, 308.4), (353.2, 308.4), (353.2, 308.4), (353.2, 308.4), (353.2, 308.4), (353.2, 308.4), (353.2, 308.4), (353.2, 308.4), (353.2, 308.4), (353.2, 308.4), (353.2, 308.4), (353.2, 308.4), (353.2, 308.4), (353.2, 308.4), (353.2, 308.4), (353.2, 308.4), (342.0, 308.4), (316.8, 308.4), (300.0, 316.8), (300.0, 322.4), (300.0, 319.6), (300.0, 316.8), (300.0, 322.4), (300.0, 319.6), (300.0, 316.8), (300.0, 322.4), (300.0, 319.6), (300.0, 316.8), (300.0, 322.4), (300.0, 319.6), (300.0, 316.8), (300.0, 322.4), (300.0, 319.6), (300.0, 316.8), (300.0, 322.4), (300.0, 314.0), (288.8, 302.8), (288.8, 302.8), (288.8, 302.8), (288.8, 302.8), (288.8, 302.8), (288.8, 302.8), (288.8, 302.8), (288.8, 302.8), (288.8, 302.8), (288.8, 302.8), (288.8, 302.8), (288.8, 302.8), (288.8, 302.8), (288.8, 302.8), (272.0, 308.4), (255.2, 308.4), (238.4, 322.4), (238.4, 319.6), (238.4, 316.8), (238.4, 322.4), (238.4, 319.6), (238.4, 316.8), (238.4, 322.4), (238.4, 319.6), (238.4, 316.8), (238.4, 322.4), (238.4, 319.6), (238.4, 316.8), (238.4, 322.4), (241.2, 314.0), (238.4, 302.8), (221.6, 302.8), (221.6, 302.8), (221.6, 302.8), (221.6, 302.8), (221.6, 302.8), (221.6, 302.8), (221.6, 302.8), (221.6, 302.8), (221.6, 302.8), (221.6, 302.8), (221.6, 302.8), (221.6, 302.8), (221.6, 302.8), (221.6, 302.8), (221.6, 302.8), (221.6, 302.8), (210.4, 308.4), (210.4, 308.4), (204.8, 308.4), (188.0, 308.4), (176.8, 319.6), (176.8, 319.6), (176.8, 319.6), (176.8, 319.6), (176.8, 319.6), (176.8, 319.6), (176.8, 319.6), (176.8, 319.6), (176.8, 319.6), (179.6, 314.0), (179.6, 308.4), (165.6, 308.4), (160.0, 308.4), (160.0, 308.4), (160.0, 308.4), (160.0, 308.4), (160.0, 308.4), (160.0, 308.4), (160.0, 308.4), (160.0, 308.4), (160.0, 308.4), (160.0, 308.4), (160.0, 308.4), (160.0, 308.4), (160.0, 308.4), (160.0, 308.4), (160.0, 308.4), (148.8, 308.4), (148.8, 308.4), (148.8, 308.4), (148.8, 308.4), (148.8, 308.4), (129.2, 308.4), (109.6, 316.8), (109.6, 322.4), (112.4, 319.6), (112.4, 319.6), (112.4, 319.6), (112.4, 319.6), (115.2, 316.8), (115.2, 322.4), (115.2, 319.6), (115.2, 319.6), (115.2, 319.6), (115.2, 319.6), (115.2, 319.6), (115.2, 319.6), (115.2, 319.6), (115.2, 319.6), (115.2, 319.6), (115.2, 319.6), (115.2, 319.6), (115.2, 319.6), (115.2, 319.6), (115.2, 319.6), (115.2, 319.6), (115.2, 319.6), (115.2, 319.6), (115.2, 319.6), (115.2, 319.6), (115.2, 319.6), (115.2, 319.6), (115.2, 319.6), (115.2, 319.6), (115.2, 319.6)]",0,1,32.7
speedrunner,bomberman,5,Bomb,43,0,26.44,0.85,"[(48.0, 48.0), (70.4, 50.8), (101.2, 50.8), (115.2, 67.6), (115.2, 95.6), (126.4, 115.2), (151.6, 115.2), (176.8, 120.8), (179.6, 143.2), (179.6, 171.2), (199.2, 179.6), (227.2, 179.6), (244.0, 193.6), (244.0, 218.8), (249.6, 244.0), (272.0, 244.0), (300.0, 246.8), (308.4, 269.2), (308.4, 291.6), (308.4, 314.0), (308.4, 336.4), (308.4, 358.8), (308.4, 372.8), (308.4, 372.8), (308.4, 372.8), (308.4, 372.8), (308.4, 372.8), (308.4, 372.8), (308.4, 372.8), (308.4, 372.8), (308.4, 372.8), (308.4, 372.8), (308.4, 372.8), (308.4, 372.8), (308.4, 372.8), (308.4, 372.8), (308.4, 372.8), (308.4, 372.8), (308.4, 372.8), (308.4, 372.8), (308.4, 372.8), (308.4, 372.8), (308.4, 372.8), (308.4, 372.8), (308.4, 372.8), (308.4, 372.8), (308.4, 372.8), (308.4, 367.2), (308.4, 367.2), (308.4, 361.6), (308.4, 350.4), (308.4, 350.4), (300.0, 347.6), (300.0, 342.0), (300.0, 319.6), (300.0, 319.6), (300.0, 319.6), (300.0, 319.6), (300.0, 319.6), (300.0, 319.6), (300.0, 319.6), (300.0, 319.6), (300.0, 319.6), (300.0, 319.6), (300.0, 319.6), (300.0, 319.6)]",0,1,8.68
speedrunner,bomberman,5,Bomb,2,0,14.34,0.15,"[(48.0, 48.0), (70.4, 50.8), (101.2, 50.8), (115.2, 62.0), (115.2, 62.0), (115.2, 62.0), (115.2, 62.0), (115.2, 62.0), (115.2, 62.0), (115.2, 62.0), (115.2, 62.0), (115.2, 62.0), (115.2, 62.0), (115.2, 62.0), (115.2, 62.0), (115.2, 62.0), (115.2, 62.0), (115.2, 62.0), (115.2, 62.0), (115.2, 62.0), (115.2, 62.0), (115.2, 62.0), (115.2, 62.0), (115.2, 62.0), (115.2, 62.0), (115.2, 62.0), (115.2, 62.0), (115.2, 62.0), (115.2, 62.0), (115.2, 62.0), (115.2, 62.0)]",0,0,4.1
speedrunner,bomberman,5,Bomb,7,0,11.49,0.7,"[(48.0, 48.0), (70.4, 50.8), (101.2, 50.8), (115.2, 67.6), (115.2, 95.6), (126.4, 115.2), (151.6, 115.2), (176.8, 120.8), (179.6, 143.2), (179.6, 171.2), (199.2, 179.6), (227.2, 179.6), (244.0, 193.6), (244.0, 218.8), (249.6, 238.4), (272.0, 244.0), (300.0, 246.8), (300.0, 269.2), (300.0, 297.2), (286.0, 302.8), (286.0, 302.8), (286.0, 302.8), (286.0, 302.8), (286.0, 302.8), (286.0, 302.8), (286.0, 302.8), (286.0, 302.8), (286.0, 302.8), (286.0, 302.8), (286.0, 302.8), (286.0, 302.8), (286.0, 302.8), (286.0, 302.8), (286.0, 302.8), (286.0, 302.8), (286.0, 302.8), (286.0, 302.8), (286.0, 302.8), (286.0, 302.8), (286.0, 302.8), (286.0, 302.8), (286.0, 302.8), (286.0, 302.8), (286.0, 302.8), (286.0, 302.8), (286.0, 302.8), (286.0, 302.8), (286.0, 302.8), (286.0, 302.8), (286.0, 302.8), (286.0, 302.8), (286.0, 302.8), (286.0, 302.8), (286.0, 302.8), (286.0, 302.8), (286.0, 302.8), (286.0, 302.8), (286.0, 302.8), (286.0, 302.8), (286.0, 302.8), (274.8, 308.4), (246.8, 308.4), (244.0, 330.8), (244.0, 336.4), (244.0, 336.4), (244.0, 336.4), (244.0, 336.4), (244.0, 330.8), (244.0, 330.8), (244.0, 330.8), (244.0, 330.8), (244.0, 325.2), (244.0, 325.2), (244.0, 325.2), (244.0, 330.8), (244.0, 330.8), (238.4, 322.4), (238.4, 328.0), (238.4, 325.2), (238.4, 322.4), (238.4, 319.6), (238.4, 316.8), (238.4, 322.4), (238.4, 319.6), (238.4, 314.0), (238.4, 314.0), (238.4, 314.0), (232.8, 308.4), (221.6, 305.6), (221.6, 305.6), (221.6, 305.6), (221.6, 305.6), (221.6, 305.6), (221.6, 305.6), (221.6, 305.6), (221.6, 305.6), (221.6, 305.6), (221.6, 305.6), (221.6, 305.6), (221.6, 305.6), (221.6, 305.6), (221.6, 305.6), (221.6, 305.6)]",0,0,13.65
speedrunner,bomberman,5,Bomb,3,0,14.41,0.9,"[(48.0, 48.0), (70.4, 50.8), (101.2, 50.8), (115.2, 67.6), (115.2, 95.6), (126.4, 115.2), (151.6, 115.2), (176.8, 120.8), (179.6, 143.2), (179.6, 171.2), (199.2, 179.6), (227.2, 179.6), (244.0, 193.6), (244.0, 218.8), (249.6, 244.0), (272.0, 244.0), (300.0, 246.8), (308.4, 269.2), (305.6, 297.2), (308.4, 319.6), (300.0, 342.0), (308.4, 370.0), (308.4, 372.8), (308.4, 372.8), (308.4, 372.8), (308.4, 372.8), (308.4, 372.8), (308.4, 372.8), (308.4, 372.8), (308.4, 372.8), (308.4, 372.8), (308.4, 372.8), (308.4, 372.8), (308.4, 372.8), (308.4, 372.8), (308.4, 372.8), (308.4, 372.8), (308.4, 372.8), (308.4, 372.8), (308.4, 372.8), (308.4, 372.8), (308.4, 372.8), (308.4, 372.8), (308.4, 372.8), (308.4, 372.8), (308.4, 372.8), (308.4, 372.8), (308.4, 372.8), (308.4, 372.8), (308.4, 372.8), (308.4, 372.8), (308.4, 372.8), (308.4, 372.8), (308.4, 372.8), (308.4, 372.8), (308.4, 372.8), (308.4, 372.8), (308.4, 372.8), (308.4, 372.8), (308.4, 372.8), (308.4, 372.8), (308.4, 372.8), (308.4, 372.8), (308.4, 372.8), (308.4, 372.8), (308.4, 372.8), (308.4, 372.8), (308.4, 372.8), (302.8, 372.8), (280.4, 372.8), (258.0, 372.8), (235.6, 372.8), (224.4, 372.8), (224.4, 372.8), (224.4, 372.8), (224.4, 372.8), (230.0, 372.8), (252.4, 372.8), (274.8, 372.8), (286.0, 372.8), (286.0, 372.8), (286.0, 372.8), (286.0, 372.8), (286.0, 372.8), (286.0, 372.8), (286.0, 372.8), (286.0, 372.8), (286.0, 372.8), (269.2, 372.8), (269.2, 372.8), (269.2, 372.8), (269.2, 372.8), (269.2, 372.8), (269.2, 372.8), (269.2, 372.8), (269.2, 372.8), (269.2, 372.8), (269.2, 372.8), (269.2, 372.8), (269.2, 372.8), (269.2, 372.8), (269.2, 372.8), (269.2, 372.8)]",0,1,13.6
speedrunner,bomberman,5,Bomb,35,0,15.94,0.95,"[(48.0, 48.0), (70.4, 50.8), (101.2, 50.8), (115.2, 67.6), (115.2, 95.6), (126.4, 115.2), (151.6, 115.2), (176.8, 120.8), (179.6, 143.2), (179.6, 171.2), (199.2, 179.6), (227.2, 179.6), (244.0, 193.6), (244.0, 218.8), (249.6, 244.0), (272.0, 244.0), (300.0, 246.8), (308.4, 269.2), (308.4, 291.6), (308.4, 314.0), (308.4, 336.4), (308.4, 358.8), (308.4, 372.8), (308.4, 372.8), (308.4, 372.8), (308.4, 372.8), (308.4, 372.8), (308.4, 372.8), (308.4, 372.8), (308.4, 372.8), (308.4, 372.8), (308.4, 372.8), (308.4, 372.8), (308.4, 372.8), (308.4, 372.8), (308.4, 372.8), (308.4, 372.8), (308.4, 372.8), (308.4, 372.8), (308.4, 372.8), (308.4, 372.8), (308.4, 372.8), (308.4, 372.8), (308.4, 372.8), (308.4, 370.0), (308.4, 370.0), (308.4, 370.0), (308.4, 364.4), (308.4, 358.8), (308.4, 358.8), (305.6, 347.6), (300.0, 319.6), (300.0, 319.6), (300.0, 319.6), (300.0, 319.6), (300.0, 319.6), (300.0, 319.6), (300.0, 319.6), (300.0, 319.6), (305.6, 319.6), (308.4, 314.0), (308.4, 308.4), (308.4, 302.8), (308.4, 302.8), (308.4, 297.2), (308.4, 297.2), (308.4, 314.0), (308.4, 314.0), (308.4, 314.0), (308.4, 314.0), (308.4, 336.4), (308.4, 364.4), (330.8, 372.8), (339.2, 372.8), (339.2, 372.8), (339.2, 372.8), (339.2, 372.8), (339.2, 372.8), (339.2, 372.8), (339.2, 372.8), (339.2, 372.8), (339.2, 372.8), (339.2, 372.8), (339.2, 372.8), (339.2, 372.8), (339.2, 372.8), (339.2, 372.8), (339.2, 372.8), (339.2, 372.8), (339.2, 372.8), (339.2, 372.8), (339.2, 372.8), (339.2, 372.8), (339.2, 372.8), (339.2, 372.8), (339.2, 372.8), (339.2, 372.8), (339.2, 372.8), (339.2, 372.8), (339.2, 372.8), (339.2, 372.8), (339.2, 372.8), (339.2, 372.8), (339.2, 372.8), (339.2, 372.8), (339.2, 372.8), (339.2, 372.8), (339.2, 372.8), (339.2, 372.8), (339.2, 372.8), (339.2, 372.8), (339.2, 372.8), (339.2, 372.8), (339.2, 372.8), (339.2, 372.8), (339.2, 372.8), (339.2, 372.8), (339.2, 372.8), (339.2, 372.8), (339.2, 372.8), (339.2, 372.8), (339.2, 372.8), (339.2, 372.8), (339.2, 372.8), (339.2, 372.8), (339.2, 372.8)]",0,3,16.68
speedrunner,bomberman,5,Bomb,56,0,15.01,0.95,"[(48.0, 48.0), (70.4, 50.8), (101.2, 50.8), (115.2, 67.6), (115.2, 95.6), (126.4, 115.2), (151.6, 115.2), (176.8, 120.8), (179.6, 126.4), (179.6, 132.0), (179.6, 160.0), (188.0, 179.6), (210.4, 179.6), (238.4, 182.4), (244.0, 204.8), (244.0, 232.8), (260.8, 244.0), (288.8, 244.0), (308.4, 258.0), (308.4, 280.4), (308.4, 302.8), (308.4, 325.2), (308.4, 347.6), (308.4, 370.0), (308.4, 372.8), (308.4, 372.8), (308.4, 372.8), (308.4, 372.8), (308.4, 372.8), (308.4, 372.8), (308.4, 372.8), (308.4, 372.8), (308.4, 372.8), (308.4, 372.8), (308.4, 372.8), (308.4, 372.8), (308.4, 372.8), (308.4, 372.8), (308.4, 367.2), (308.4, 367.2), (308.4, 367.2), (308.4, 361.6), (308.4, 361.6), (308.4, 361.6), (302.8, 344.8), (302.8, 322.4), (302.8, 322.4), (302.8, 322.4), (302.8, 322.4), (302.8, 322.4), (302.8, 322.4), (302.8, 322.4), (302.8, 322.4), (302.8, 322.4), (302.8, 322.4), (302.8, 322.4), (302.8, 322.4), (302.8, 322.4), (302.8, 316.8), (308.4, 311.2), (308.4, 311.2), (308.4, 305.6), (308.4, 305.6), (308.4, 305.6), (308.4, 294.4), (308.4, 294.4), (294.4, 308.4), (294.4, 308.4), (294.4, 308.4), (300.0, 311.2), (308.4, 333.6), (308.4, 361.6), (328.0, 372.8), (339.2, 372.8), (339.2, 372.8), (339.2, 372.8), (339.2, 372.8), (339.2, 372.8), (339.2, 372.8), (339.2, 372.8), (339.2, 372.8), (339.2, 372.8), (339.2, 372.8), (339.2, 372.8), (339.2, 372.8), (339.2, 372.8), (339.2, 372.8), (339.2, 372.8), (339.2, 372.8), (339.2, 372.8), (339.2, 372.8), (339.2, 372.8), (339.2, 372.8), (339.2, 372.8), (339.2, 372.8), (339.2, 372.8), (339.2, 372.8), (339.2, 372.8), (339.2, 372.8), (339.2, 372.8), (339.2, 372.8), (339.2, 372.8), (339.2, 372.8), (339.2, 372.8), (339.2, 372.8), (339.2, 372.8), (339.2, 372.8), (339.2, 372.8), (339.2, 372.8), (339.2, 372.8), (339.2, 372.8), (339.2, 372.8), (339.2, 372.8), (339.2, 372.8), (339.2, 372.8), (339.2, 372.8), (339.2, 372.8), (339.2, 372.8), (339.2, 372.8), (339.2, 372.8), (339.2, 372.8), (339.2, 372.8), (339.2, 372.8), (339.2, 372.8), (339.2, 372.8), (339.2, 372.8), (339.2, 372.8), (339.2, 372.8), (339.2, 372.8)]",0,3,17.17
speedrunner,bomberman,5,Bomb,60,0,13.18,0.95,"[(48.0, 48.0), (70.4, 50.8), (101.2, 50.8), (115.2, 62.0), (115.2, 62.0), (115.2, 62.0), (115.2, 62.0), (115.2, 62.0), (115.2, 62.0), (115.2, 62.0), (115.2, 62.0), (115.2, 62.0), (115.2, 62.0), (115.2, 62.0), (115.2, 62.0), (115.2, 62.0), (115.2, 67.6), (115.2, 95.6), (126.4, 115.2), (151.6, 115.2), (176.8, 120.8), (179.6, 126.4), (179.6, 126.4), (179.6, 126.4), (179.6, 126.4), (179.6, 126.4), (179.6, 126.4), (179.6, 126.4), (179.6, 126.4), (179.6, 126.4), (179.6, 126.4), (179.6, 126.4), (179.6, 143.2), (179.6, 171.2), (199.2, 179.6), (227.2, 179.6), (244.0, 193.6), (244.0, 218.8), (249.6, 244.0), (272.0, 244.0), (300.0, 246.8), (308.4, 269.2), (308.4, 291.6), (308.4, 314.0), (308.4, 336.4), (308.4, 358.8), (308.4, 372.8), (308.4, 372.8), (308.4, 372.8), (308.4, 372.8), (308.4, 372.8), (308.4, 372.8), (308.4, 372.8), (308.4, 372.8), (308.4, 372.8), (308.4, 372.8), (308.4, 372.8), (308.4, 372.8), (308.4, 372.8), (308.4, 372.8), (308.4, 372.8), (308.4, 372.8), (308.4, 372.8), (308.4, 372.8), (308.4, 372.8), (308.4, 372.8), (308.4, 372.8), (308.4, 367.2), (308.4, 367.2), (308.4, 367.2), (308.4, 361.6), (308.4, 361.6), (308.4, 356.0), (300.0, 339.2), (302.8, 322.4), (302.8, 322.4), (302.8, 322.4), (300.0, 316.8), (300.0, 322.4), (300.0, 319.6), (300.0, 316.8), (300.0, 322.4), (300.0, 319.6), (300.0, 316.8), (300.0, 322.4), (300.0, 319.6), (300.0, 316.8), (300.0, 311.2), (300.0, 311.2), (291.6, 305.6), (286.0, 305.6), (286.0, 305.6), (286.0, 308.4), (286.0, 308.4), (286.0, 308.4), (286.0, 305.6), (308.4, 319.6), (308.4, 342.0), (314.0, 370.0), (336.4, 372.8), (339.2, 372.8), (339.2, 372.8), (339.2, 372.8), (339.2, 372.8), (339.2, 372.8), (339.2, 372.8), (339.2, 372.8), (339.2, 372.8), (339.2, 372.8), (339.2, 372.8), (339.2, 372.8), (339.2, 372.8), (339.2, 372.8), (339.2, 372.8), (339.2, 372.8), (339.2, 372.8), (339.2, 372.8), (339.2, 372.8), (339.2, 372.8), (339.2, 372.8), (339.2, 372.8), (339.2, 372.8), (339.2, 372.8), (339.2, 372.8), (339.2, 372.8), (339.2, 372.8), (339.2, 372.8), (339.2, 372.8), (339.2, 372.8), (339.2, 372.8), (339.2, 372.8), (339.2, 372.8), (339.2, 372.8), (339.2, 372.8), (339.2, 372.8), (339.2, 372.8), (339.2, 372.8), (339.2, 372.8), (339.2, 372.8), (339.2, 372.8), (339.2, 372.8), (339.2, 372.8), (339.2, 372.8), (339.2, 372.8), (339.2, 372.8), (339.2, 372.8), (339.2, 372.8), (339.2, 372.8), (339.2, 372.8), (339.2, 372.8), (339.2, 372.8), (339.2, 372.8)]",0,3,20.18
speedrunner,bomberman,5,Bomb,155,0,12.49,0.95,"[(48.0, 48.0), (70.4, 50.8), (101.2, 50.8), (115.2, 67.6), (115.2, 95.6), (126.4, 115.2), (151.6, 115.2), (176.8, 120.8), (179.6, 143.2), (179.6, 171.2), (199.2, 179.6), (227.2, 179.6), (244.0, 193.6), (244.0, 218.8), (249.6, 244.0), (272.0, 244.0), (300.0, 246.8), (300.0, 269.2), (308.4, 297.2), (308.4, 319.6), (300.0, 342.0), (300.0, 353.2), (300.0, 347.6), (302.8, 350.4), (300.0, 353.2), (300.0, 347.6), (302.8, 350.4), (300.0, 353.2), (300.0, 347.6), (302.8, 350.4), (300.0, 353.2), (300.0, 347.6), (302.8, 350.4), (300.0, 353.2), (300.0, 347.6), (302.8, 350.4), (300.0, 353.2), (300.0, 347.6), (302.8, 350.4), (300.0, 353.2), (305.6, 353.2), (300.0, 344.8), (300.0, 330.8), (308.4, 311.2), (308.4, 311.2), (308.4, 311.2), (308.4, 311.2), (308.4, 311.2), (305.6, 311.2), (291.6, 308.4), (286.0, 305.6), (286.0, 305.6), (286.0, 305.6), (286.0, 305.6), (286.0, 305.6), (286.0, 305.6), (286.0, 305.6), (286.0, 305.6), (286.0, 305.6), (286.0, 305.6), (286.0, 305.6), (286.0, 305.6), (286.0, 305.6), (286.0, 305.6), (286.0, 305.6), (286.0, 305.6), (286.0, 305.6), (286.0, 305.6), (286.0, 305.6), (286.0, 305.6), (286.0, 305.6), (286.0, 305.6), (286.0, 305.6), (286.0, 305.6), (300.0, 305.6), (300.0, 288.8), (300.0, 288.8), (300.0, 288.8), (300.0, 288.8), (300.0, 288.8), (300.0, 288.8), (300.0, 288.8), (300.0, 288.8), (300.0, 288.8), (300.0, 288.8), (300.0, 288.8), (300.0, 288.8), (300.0, 288.8), (300.0, 283.2), (300.0, 277.6), (300.0, 272.0), (300.0, 272.0), (300.0, 266.4), (300.0, 266.4), (300.0, 263.6), (300.0, 255.2), (300.0, 255.2), (300.0, 255.2), (300.0, 255.2), (300.0, 255.2), (300.0, 255.2), (300.0, 255.2), (300.0, 255.2), (300.0, 255.2), (308.4, 272.0), (308.4, 294.4), (308.4, 316.8), (308.4, 339.2), (311.2, 367.2), (333.6, 372.8), (339.2, 372.8), (339.2, 372.8), (339.2, 372.8), (339.2, 372.8), (339.2, 372.8), (339.2, 372.8), (339.2, 372.8), (339.2, 372.8), (339.2, 372.8), (339.2, 372.8), (339.2, 372.8), (339.2, 372.8), (339.2, 372.8), (339.2, 372.8), (339.2, 372.8), (339.2, 372.8), (339.2, 372.8), (339.2, 372.8), (339.2, 372.8), (339.2, 372.8), (339.2, 372.8), (339.2, 372.8), (339.2, 372.8), (339.2, 372.8), (339.2, 372.8), (339.2, 372.8), (339.2, 372.8), (339.2, 372.8), (339.2, 372.8), (339.2, 372.8), (339.2, 372.8), (339.2, 372.8), (339.2, 372.8), (339.2, 372.8), (339.2, 372.8), (339.2, 372.8), (339.2, 372.8), (339.2, 372.8), (339.2, 372.8), (339.2, 372.8), (339.2, 372.8), (339.2, 372.8), (339.2, 372.8), (339.2, 372.8), (339.2, 372.8), (339.2, 372.8), (339.2, 372.8), (339.2, 372.8), (339.2, 372.8), (339.2, 372.8)]",0,2,21.3
speedrunner,bomberman,5,Bomb,72,0,17.55,0.9,"[(48.0, 48.0), (70.4, 50.8), (101.2, 50.8), (115.2, 67.6), (115.2, 95.6), (126.4, 115.2), (151.6, 115.2), (176.8, 120.8), (179.6, 143.2), (179.6, 171.2), (199.2, 179.6), (227.2, 179.6), (244.0, 193.6), (244.0, 218.8), (249.6, 244.0), (272.0, 244.0), (300.0, 246.8), (300.0, 269.2), (308.4, 297.2), (308.4, 319.6), (300.0, 342.0), (300.0, 353.2), (300.0, 353.2), (300.0, 353.2), (300.0, 353.2), (300.0, 353.2), (300.0, 353.2), (300.0, 353.2), (300.0, 353.2), (300.0, 353.2), (300.0, 353.2), (300.0, 353.2), (300.0, 353.2), (300.0, 353.2), (300.0, 353.2), (300.0, 353.2), (300.0, 353.2), (300.0, 353.2), (300.0, 353.2), (300.0, 353.2), (300.0, 353.2), (302.8, 353.2), (302.8, 353.2), (305.6, 350.4), (300.0, 344.8), (300.0, 339.2), (300.0, 322.4), (300.0, 319.6), (300.0, 316.8), (300.0, 322.4), (300.0, 319.6), (300.0, 316.8), (300.0, 322.4), (300.0, 319.6), (300.0, 316.8), (300.0, 322.4), (300.0, 319.6), (300.0, 319.6), (300.0, 314.0), (300.0, 314.0), (300.0, 314.0), (300.0, 308.4), (288.8, 308.4), (288.8, 308.4), (288.8, 308.4), (288.8, 308.4), (288.8, 308.4), (288.8, 308.4), (288.8, 308.4), (288.8, 308.4), (288.8, 308.4), (288.8, 308.4), (288.8, 308.4), (288.8, 308.4), (288.8, 308.4), (305.6, 316.8), (305.6, 339.2), (308.4, 356.0), (308.4, 350.4), (308.4, 353.2), (308.4, 356.0), (308.4, 350.4), (308.4, 353.2), (308.4, 356.0), (308.4, 350.4), (308.4, 353.2), (308.4, 356.0), (308.4, 350.4), (308.4, 353.2), (308.4, 356.0), (308.4, 350.4), (308.4, 353.2), (308.4, 356.0), (308.4, 350.4), (308.4, 353.2), (308.4, 356.0), (308.4, 350.4), (308.4, 353.2), (308.4, 356.0), (308.4, 350.4), (308.4, 353.2)]",0,2,13.4
speedrunner,bomberman,5,Bomb,3,0,14.41,0.9,"[(48.0, 48.0), (70.4, 50.8), (101.2, 50.8), (115.2, 67.6), (115.2, 95.6), (126.4, 115.2), (151.6, 115.2), (176.8, 120.8), (179.6, 143.2), (179.6, 171.2), (199.2, 179.6), (227.2, 179.6), (244.0, 193.6), (244.0, 218.8), (249.6, 244.0), (272.0, 244.0), (300.0, 246.8), (308.4, 269.2), (305.6, 297.2), (308.4, 319.6), (300.0, 342.0), (308.4, 370.0), (308.4, 372.8), (308.4, 372.8), (308.4, 372.8), (308.4, 372.8), (308.4, 372.8), (308.4, 372.8), (308.4, 372.8), (308.4, 372.8), (308.4, 372.8), (308.4, 372.8), (308.4, 372.8), (308.4, 372.8), (308.4, 372.8), (308.4, 372.8), (308.4, 372.8), (308.4, 372.8), (308.4, 372.8), (308.4, 372.8), (308.4, 372.8), (308.4, 372.8), (308.4, 372.8), (308.4, 372.8), (308.4, 372.8), (308.4, 372.8), (308.4, 372.8), (308.4, 372.8), (308.4, 372.8), (308.4, 372.8), (308.4, 372.8), (308.4, 372.8), (308.4, 372.8), (308.4, 372.8), (308.4, 372.8), (308.4, 372.8), (308.4, 372.8), (308.4, 372.8), (308.4, 372.8), (308.4, 372.8), (308.4, 372.8), (308.4, 372.8), (308.4, 372.8), (308.4, 372.8), (308.4, 372.8), (308.4, 372.8), (308.4, 372.8), (308.4, 372.8), (302.8, 372.8), (280.4, 372.8), (258.0, 372.8), (235.6, 372.8), (224.4, 372.8), (224.4, 372.8), (224.4, 372.8), (224.4, 372.8), (230.0, 372.8), (252.4, 372.8), (274.8, 372.8), (286.0, 372.8), (286.0, 372.8), (286.0, 372.8), (286.0, 372.8), (286.0, 372.8), (286.0, 372.8), (286.0, 372.8), (286.0, 372.8), (286.0, 372.8), (269.2, 372.8), (269.2, 372.8), (269.2, 372.8), (269.2, 372.8), (269.2, 372.8), (269.2, 372.8), (269.2, 372.8), (269.2, 372.8), (269.2, 372.8), (269.2, 372.8), (269.2, 372.8), (269.2, 372.8), (269.2, 372.8), (269.2, 372.8), (269.2, 372.8)]",0,1,13.6
speedrunner,bomberman,5,Bomb,2,0,14.34,0.1,"[(48.0, 48.0), (70.4, 50.8), (101.2, 50.8), (115.2, 53.6), (115.2, 53.6), (115.2, 53.6), (115.2, 53.6), (115.2, 53.6), (115.2, 53.6), (115.2, 53.6), (115.2, 53.6), (115.2, 53.6), (115.2, 53.6), (115.2, 53.6), (115.2, 53.6), (115.2, 53.6), (115.2, 53.6), (115.2, 53.6), (115.2, 53.6), (115.2, 53.6), (115.2, 53.6), (115.2, 53.6), (115.2, 53.6), (115.2, 53.6), (115.2, 53.6), (115.2, 53.6), (115.2, 53.6), (115.2, 53.6), (115.2, 53.6), (115.2, 53.6), (115.2, 53.6)]",0,0,4.1
speedrunner,bomberman,5,Bomb,5,0,26.44,0.85,"[(48.0, 48.0), (70.4, 50.8), (101.2, 50.8), (115.2, 67.6), (115.2, 95.6), (126.4, 115.2), (151.6, 115.2), (176.8, 120.8), (179.6, 126.4), (179.6, 126.4), (179.6, 126.4), (179.6, 126.4), (179.6, 126.4), (179.6, 143.2), (179.6, 171.2), (199.2, 179.6), (227.2, 179.6), (244.0, 193.6), (244.0, 218.8), (249.6, 244.0), (272.0, 244.0), (300.0, 246.8), (308.4, 269.2), (308.4, 291.6), (308.4, 314.0), (308.4, 336.4), (305.6, 358.8), (308.4, 372.8), (308.4, 372.8), (308.4, 372.8), (308.4, 372.8), (308.4, 372.8), (308.4, 372.8), (308.4, 372.8), (308.4, 372.8), (308.4, 372.8), (308.4, 372.8), (308.4, 372.8), (308.4, 372.8), (308.4, 372.8), (308.4, 372.8), (308.4, 372.8), (308.4, 372.8), (308.4, 372.8), (308.4, 372.8), (308.4, 372.8), (308.4, 372.8), (308.4, 372.8), (308.4, 372.8), (308.4, 372.8), (308.4, 372.8), (308.4, 372.8), (308.4, 372.8), (308.4, 372.8), (308.4, 372.8), (308.4, 372.8), (308.4, 372.8), (308.4, 372.8), (308.4, 372.8), (308.4, 372.8), (308.4, 370.0), (308.4, 370.0), (308.4, 358.8), (308.4, 358.8), (300.0, 336.4), (300.0, 319.6)]",0,1,8.68
speedrunner,bomberman,5,Bomb,2,0,22.42,0.9,"[(48.0, 48.0), (70.4, 50.8), (101.2, 50.8), (115.2, 67.6), (115.2, 95.6), (126.4, 115.2), (151.6, 115.2), (176.8, 120.8), (179.6, 143.2), (179.6, 171.2), (199.2, 179.6), (227.2, 179.6), (244.0, 193.6), (244.0, 218.8), (249.6, 244.0), (272.0, 244.0), (300.0, 246.8), (308.4, 269.2), (308.4, 291.6), (308.4, 314.0), (308.4, 336.4), (308.4, 358.8), (308.4, 372.8), (308.4, 372.8), (308.4, 372.8), (308.4, 372.8), (308.4, 372.8), (308.4, 372.8), (308.4, 372.8), (308.4, 372.8), (308.4, 372.8), (308.4, 372.8), (308.4, 372.8), (308.4, 372.8), (308.4, 372.8), (308.4, 372.8), (308.4, 372.8), (308.4, 372.8), (308.4, 372.8), (308.4, 372.8), (308.4, 372.8), (308.4, 372.8), (308.4, 372.8), (308.4, 372.8), (308.4, 372.8), (308.4, 372.8), (308.4, 372.8), (308.4, 372.8), (308.4, 372.8), (308.4, 372.8), (308.4, 372.8), (308.4, 372.8), (308.4, 372.8), (308.4, 372.8), (308.4, 372.8), (308.4, 372.8), (308.4, 372.8), (308.4, 372.8), (308.4, 372.8), (297.2, 372.8), (286.0, 372.8), (286.0, 372.8), (286.0, 372.8), (286.0, 372.8), (286.0, 372.8), (286.0, 372.8), (286.0, 372.8), (286.0, 372.8), (286.0, 372.8), (286.0, 372.8), (286.0, 372.8), (286.0, 372.8), (286.0, 372.8)]",0,1,9.62
speedrunner,bomberman,5,Bomb,3,0,17.41,0.7,"[(48.0, 48.0), (70.4, 50.8), (101.2, 50.8), (115.2, 67.6), (115.2, 95.6), (126.4, 115.2), (151.6, 115.2), (176.8, 120.8), (179.6, 143.2), (179.6, 171.2), (199.2, 179.6), (227.2, 179.6), (244.0, 193.6), (244.0, 218.8), (249.6, 244.0), (272.0, 244.0), (300.0, 246.8), (305.6, 269.2), (305.6, 297.2), (308.4, 319.6), (300.0, 342.0), (294.4, 370.0), (288.8, 372.8), (288.8, 372.8), (288.8, 372.8), (288.8, 372.8), (288.8, 372.8), (288.8, 372.8), (288.8, 372.8), (288.8, 372.8), (288.8, 372.8), (288.8, 372.8), (288.8, 372.8), (288.8, 372.8), (288.8, 372.8), (288.8, 372.8), (288.8, 372.8), (288.8, 372.8), (288.8, 372.8), (288.8, 372.8), (288.8, 372.8), (288.8, 372.8), (288.8, 372.8), (288.8, 372.8), (288.8, 372.8), (288.8, 372.8), (288.8, 372.8), (288.8, 372.8), (288.8, 372.8), (288.8, 372.8), (288.8, 372.8), (288.8, 372.8), (288.8, 372.8), (288.8, 372.8), (288.8, 372.8), (288.8, 372.8), (266.4, 372.8), (244.0, 372.8), (221.6, 372.8), (221.6, 372.8), (221.6, 372.8), (221.6, 372.8), (221.6, 372.8), (221.6, 372.8), (221.6, 372.8), (221.6, 372.8)]",0,0,8.68
speedrunner,bomberman,5,Bomb,60,0,13.18,0.95,"[(48.0, 48.0), (70.4, 50.8), (101.2, 50.8), (115.2, 62.0), (115.2, 62.0), (115.2, 62.0), (115.2, 62.0), (115.2, 62.0), (115.2, 62.0), (115.2, 62.0), (115.2, 62.0), (115.2, 62.0), (115.2, 62.0), (115.2, 62.0), (115.2, 62.0), (115.2, 62.0), (115.2, 67.6), (115.2, 95.6), (126.4, 115.2), (151.6, 115.2), (176.8, 120.8), (179.6, 126.4), (179.6, 126.4), (179.6, 126.4), (179.6, 126.4), (179.6, 126.4), (179.6, 126.4), (179.6, 126.4), (179.6, 126.4), (179.6, 126.4), (179.6, 126.4), (179.6, 126.4), (179.6, 143.2), (179.6, 171.2), (199.2, 179.6), (227.2, 179.6), (244.0, 193.6), (244.0, 218.8), (249.6, 244.0), (272.0, 244.0), (300.0, 246.8), (308.4, 269.2), (308.4, 291.6), (308.4, 314.0), (308.4, 336.4), (308.4, 358.8), (308.4, 372.8), (308.4, 372.8), (308.4, 372.8), (308.4, 372.8), (308.4, 372.8), (308.4, 372.8), (308.4, 372.8), (308.4, 372.8), (308.4, 372.8), (308.4, 372.8), (308.4, 372.8), (308.4, 372.8), (308.4, 372.8), (308.4, 372.8), (308.4, 372.8), (308.4, 372.8), (308.4, 372.8), (308.4, 372.8), (308.4, 372.8), (308.4, 372.8), (308.4, 372.8), (308.4, 367.2), (308.4, 367.2), (308.4, 367.2), (308.4, 361.6), (308.4, 361.6), (308.4, 356.0), (300.0, 339.2), (302.8, 322.4), (302.8, 322.4), (302.8, 322.4), (300.0, 316.8), (300.0, 322.4), (300.0, 319.6), (300.0, 316.8), (300.0, 322.4), (300.0, 319.6), (300.0, 316.8), (300.0, 322.4), (300.0, 319.6), (300.0, 316.8), (300.0, 311.2), (300.0, 311.2), (291.6, 305.6), (286.0, 305.6), (286.0, 305.6), (286.0, 308.4), (286.0, 308.4), (286.0, 308.4), (286.0, 305.6), (308.4, 319.6), (308.4, 342.0), (314.0, 370.0), (336.4, 372.8), (339.2, 372.8), (339.2, 372.8), (339.2, 372.8), (339.2, 372.8), (339.2, 372.8), (339.2, 372.8), (339.2, 372.8), (339.2, 372.8), (339.2, 372.8), (339.2, 372.8), (339.2, 372.8), (339.2, 372.8), (339.2, 372.8), (339.2, 372.8), (339.2, 372.8), (339.2, 372.8), (339.2, 372.8), (339.2, 372.8), (339.2, 372.8), (339.2, 372.8), (339.2, 372.8), (339.2, 372.8), (339.2, 372.8), (339.2, 372.8), (339.2, 372.8), (339.2, 372.8), (339.2, 372.8), (339.2, 372.8), (339.2, 372.8), (339.2, 372.8), (339.2, 372.8), (339.2, 372.8), (339.2, 372.8), (339.2, 372.8), (339.2, 372.8), (339.2, 372.8), (339.2, 372.8), (339.2, 372.8), (339.2, 372.8), (339.2, 372.8), (339.2, 372.8), (339.2, 372.8), (339.2, 372.8), (339.2, 372.8), (339.2, 372.8), (339.2, 372.8), (339.2, 372.8), (339.2, 372.8), (339.2, 372.8), (339.2, 372.8), (339.2, 372.8), (339.2, 372.8)]",0,3,20.18
speedrunner,bomberman,5,Bomb,56,0,15.01,0.95,"[(48.0, 48.0), (70.4, 50.8), (101.2, 50.8), (115.2, 67.6), (115.2, 95.6), (126.4, 115.2), (151.6, 115.2), (176.8, 120.8), (179.6, 126.4), (179.6, 132.0), (179.6, 160.0), (188.0, 179.6), (210.4, 179.6), (238.4, 182.4), (244.0, 204.8), (244.0, 232.8), (260.8, 244.0), (288.8, 244.0), (308.4, 258.0), (308.4, 280.4), (308.4, 302.8), (308.4, 325.2), (308.4, 347.6), (308.4, 370.0), (308.4, 372.8), (308.4, 372.8), (308.4, 372.8), (308.4, 372.8), (308.4, 372.8), (308.4, 372.8), (308.4, 372.8), (308.4, 372.8), (308.4, 372.8), (308.4, 372.8), (308.4, 372.8), (308.4, 372.8), (308.4, 372.8), (308.4, 372.8), (308.4, 367.2), (308.4, 367.2), (308.4, 367.2), (308.4, 361.6), (308.4, 361.6), (308.4, 361.6), (302.8, 344.8), (302.8, 322.4), (302.8, 322.4), (302.8, 322.4), (302.8, 322.4), (302.8, 322.4), (302.8, 322.4), (302.8, 322.4), (302.8, 322.4), (302.8, 322.4), (302.8, 322.4), (302.8, 322.4), (302.8, 322.4), (302.8, 322.4), (302.8, 316.8), (308.4, 311.2), (308.4, 311.2), (308.4, 305.6), (308.4, 305.6), (308.4, 305.6), (308.4, 294.4), (308.4, 294.4), (294.4, 308.4), (294.4, 308.4), (294.4, 308.4), (300.0, 311.2), (308.4, 333.6), (308.4, 361.6), (328.0, 372.8), (339.2, 372.8), (339.2, 372.8), (339.2, 372.8), (339.2, 372.8), (339.2, 372.8), (339.2, 372.8), (339.2, 372.8), (339.2, 372.8), (339.2, 372.8), (339.2, 372.8), (339.2, 372.8), (339.2, 372.8), (339.2, 372.8), (339.2, 372.8), (339.2, 372.8), (339.2, 372.8), (339.2, 372.8), (339.2, 372.8), (339.2, 372.8), (339.2, 372.8), (339.2, 372.8), (339.2, 372.8), (339.2, 372.8), (339.2, 372.8), (339.2, 372.8), (339.2, 372.8), (339.2, 372.8), (339.2, 372.8), (339.2, 372.8), (339.2, 372.8), (339.2, 372.8), (339.2, 372.8), (339.2, 372.8), (339.2, 372.8), (339.2, 372.8), (339.2, 372.8), (339.2, 372.8), (339.2, 372.8), (339.2, 372.8), (339.2, 372.8), (339.2, 372.8), (339.2, 372.8), (339.2, 372.8), (339.2, 372.8), (339.2, 372.8), (339.2, 372.8), (339.2, 372.8), (339.2, 372.8), (339.2, 372.8), (339.2, 372.8), (339.2, 372.8), (339.2, 372.8), (339.2, 372.8), (339.2, 372.8), (339.2, 372.8), (339.2, 372.8)]",0,3,17.17
speedrunner,bomberman,5,Bomb,35,0,15.94,0.95,"[(48.0, 48.0), (70.4, 50.8), (101.2, 50.8), (115.2, 67.6), (115.2, 95.6), (126.4, 115.2), (151.6, 115.2), (176.8, 120.8), (179.6, 143.2), (179.6, 171.2), (199.2, 179.6), (227.2, 179.6), (244.0, 193.6), (244.0, 218.8), (249.6, 244.0), (272.0, 244.0), (300.0, 246.8), (308.4, 269.2), (308.4, 291.6), (308.4, 314.0), (308.4, 336.4), (308.4, 358.8), (308.4, 372.8), (308.4, 372.8), (308.4, 372.8), (308.4, 372.8), (308.4, 372.8), (308.4, 372.8), (308.4, 372.8), (308.4, 372.8), (308.4, 372.8), (308.4, 372.8), (308.4, 372.8), (308.4, 372.8), (308.4, 372.8), (308.4, 372.8), (308.4, 372.8), (308.4, 372.8), (308.4, 372.8), (308.4, 372.8), (308.4, 372.8), (308.4, 372.8), (308.4, 372.8), (308.4, 372.8), (308.4, 370.0), (308.4, 370.0), (308.4, 370.0), (308.4, 364.4), (308.4, 358.8), (308.4, 358.8), (305.6, 347.6), (300.0, 319.6), (300.0, 319.6), (300.0, 319.6), (300.0, 319.6), (300.0, 319.6), (300.0, 319.6), (300.0, 319.6), (300.0, 319.6), (305.6, 319.6), (308.4, 314.0), (308.4, 308.4), (308.4, 302.8), (308.4, 302.8), (308.4, 297.2), (308.4, 297.2), (308.4, 314.0), (308.4, 314.0), (308.4, 314.0), (308.4, 314.0), (308.4, 336.4), (308.4, 364.4), (330.8, 372.8), (339.2, 372.8), (339.2, 372.8), (339.2, 372.8), (339.2, 372.8), (339.2, 372.8), (339.2, 372.8), (339.2, 372.8), (339.2, 372.8), (339.2, 372.8), (339.2, 372.8), (339.2, 372.8), (339.2, 372.8), (339.2, 372.8), (339.2, 372.8), (339.2, 372.8), (339.2, 372.8), (339.2, 372.8), (339.2, 372.8), (339.2, 372.8), (339.2, 372.8), (339.2, 372.8), (339.2, 372.8), (339.2, 372.8), (339.2, 372.8), (339.2, 372.8), (339.2, 372.8), (339.2, 372.8), (339.2, 372.8), (339.2, 372.8), (339.2, 372.8), (339.2, 372.8), (339.2, 372.8), (339.2, 372.8), (339.2, 372.8), (339.2, 372.8), (339.2, 372.8), (339.2, 372.8), (339.2, 372.8), (339.2, 372.8), (339.2, 372.8), (339.2, 372.8), (339.2, 372.8), (339.2, 372.8), (339.2, 372.8), (339.2, 372.8), (339.2, 372.8), (339.2, 372.8), (339.2, 372.8), (339.2, 372.8), (339.2, 372.8), (339.2, 372.8), (339.2, 372.8), (339.2, 372.8)]",0,3,16.68
speedrunner,bomberman,5,Bomb,155,0,12.49,0.95,"[(48.0, 48.0), (70.4, 50.8), (101.2, 50.8), (115.2, 67.6), (115.2, 95.6), (126.4, 115.2), (151.6, 115.2), (176.8, 120.8), (179.6, 143.2), (179.6, 171.2), (199.2, 179.6), (227.2, 179.6), (244.0, 193.6), (244.0, 218.8), (249.6, 244.0), (272.0, 244.0), (300.0, 246.8), (300.0, 269.2), (308.4, 297.2), (308.4, 319.6), (300.0, 342.0), (300.0, 353.2), (300.0, 347.6), (302.8, 350.4), (300.0, 353.2), (300.0, 347.6), (302.8, 350.4), (300.0, 353.2), (300.0, 347.6), (302.8, 350.4), (300.0, 353.2), (300.0, 347.6), (302.8, 350.4), (300.0, 353.2), (300.0, 347.6), (302.8, 350.4), (300.0, 353.2), (300.0, 347.6), (302.8, 350.4), (300.0, 353.2), (305.6, 353.2), (300.0, 344.8), (300.0, 330.8), (308.4, 311.2), (308.4, 311.2), (308.4, 311.2), (308.4, 311.2), (308.4, 311.2), (305.6, 311.2), (291.6, 308.4), (286.0, 305.6), (286.0, 305.6), (286.0, 305.6), (286.0, 305.6), (286.0, 305.6), (286.0, 305.6), (286.0, 305.6), (286.0, 305.6), (286.0, 305.6), (286.0, 305.6), (286.0, 305.6), (286.0, 305.6), (286.0, 305.6), (286.0, 305.6), (286.0, 305.6), (286.0, 305.6), (286.0, 305.6), (286.0, 305.6), (286.0, 305.6), (286.0, 305.6), (286.0, 305.6), (286.0, 305.6), (286.0, 305.6), (286.0, 305.6), (300.0, 305.6), (300.0, 288.8), (300.0, 288.8), (300.0, 288.8), (300.0, 288.8), (300.0, 288.8), (300.0, 288.8), (300.0, 288.8), (300.0, 288.8), (300.0, 288.8), (300.0, 288.8), (300.0, 288.8), (300.0, 288.8), (300.0, 288.8), (300.0, 283.2), (300.0, 277.6), (300.0, 272.0), (300.0, 272.0), (300.0, 266.4), (300.0, 266.4), (300.0, 263.6), (300.0, 255.2), (300.0, 255.2), (300.0, 255.2), (300.0, 255.2), (300.0, 255.2), (300.0, 255.2), (300.0, 255.2), (300.0, 255.2), (300.0, 255.2), (308.4, 272.0), (308.4, 294.4), (308.4, 316.8), (308.4, 339.2), (311.2, 367.2), (333.6, 372.8), (339.2, 372.8), (339.2, 372.8), (339.2, 372.8), (339.2, 372.8), (339.2, 372.8), (339.2, 372.8), (339.2, 372.8), (339.2, 372.8), (339.2, 372.8), (339.2, 372.8), (339.2, 372.8), (339.2, 372.8), (339.2, 372.8), (339.2, 372.8), (339.2, 372.8), (339.2, 372.8), (339.2, 372.8), (339.2, 372.8), (339.2, 372.8), (339.2, 372.8), (339.2, 372.8), (339.2, 372.8), (339.2, 372.8), (339.2, 372.8), (339.2, 372.8), (339.2, 372.8), (339.2, 372.8), (339.2, 372.8), (339.2, 372.8), (339.2, 372.8), (339.2, 372.8), (339.2, 372.8), (339.2, 372.8), (339.2, 372.8), (339.2, 372.8), (339.2, 372.8), (339.2, 372.8), (339.2, 372.8), (339.2, 372.8), (339.2, 372.8), (339.2, 372.8), (339.2, 372.8), (339.2, 372.8), (339.2, 372.8), (339.2, 372.8), (339.2, 372.8), (339.2, 372.8), (339.2, 372.8), (339.2, 372.8), (339.2, 372.8)]",0,2,21.3
speedrunner,bomberman,5,Bomb,72,0,17.55,0.9,"[(48.0, 48.0), (70.4, 50.8), (101.2, 50.8), (115.2, 67.6), (115.2, 95.6), (126.4, 115.2), (151.6, 115.2), (176.8, 120.8), (179.6, 143.2), (179.6, 171.2), (199.2, 179.6), (227.2, 179.6), (244.0, 193.6), (244.0, 218.8), (249.6, 244.0), (272.0, 244.0), (300.0, 246.8), (300.0, 269.2), (308.4, 297.2), (308.4, 319.6), (300.0, 342.0), (300.0, 353.2), (300.0, 353.2), (300.0, 353.2), (300.0, 353.2), (300.0, 353.2), (300.0, 353.2), (300.0, 353.2), (300.0, 353.2), (300.0, 353.2), (300.0, 353.2), (300.0, 353.2), (300.0, 353.2), (300.0, 353.2), (300.0, 353.2), (300.0, 353.2), (300.0, 353.2), (300.0, 353.2), (300.0, 353.2), (300.0, 353.2), (300.0, 353.2), (302.8, 353.2), (302.8, 353.2), (305.6, 350.4), (300.0, 344.8), (300.0, 339.2), (300.0, 322.4), (300.0, 319.6), (300.0, 316.8), (300.0, 322.4), (300.0, 319.6), (300.0, 316.8), (300.0, 322.4), (300.0, 319.6), (300.0, 316.8), (300.0, 322.4), (300.0, 319.6), (300.0, 319.6), (300.0, 314.0), (300.0, 314.0), (300.0, 314.0), (300.0, 308.4), (288.8, 308.4), (288.8, 308.4), (288.8, 308.4), (288.8, 308.4), (288.8, 308.4), (288.8, 308.4), (288.8, 308.4), (288.8, 308.4), (288.8, 308.4), (288.8, 308.4), (288.8, 308.4), (288.8, 308.4), (288.8, 308.4), (305.6, 316.8), (305.6, 339.2), (308.4, 356.0), (308.4, 350.4), (308.4, 353.2), (308.4, 356.0), (308.4, 350.4), (308.4, 353.2), (308.4, 356.0), (308.4, 350.4), (308.4, 353.2), (308.4, 356.0), (308.4, 350.4), (308.4, 353.2), (308.4, 356.0), (308.4, 350.4), (308.4, 353.2), (308.4, 356.0), (308.4, 350.4), (308.4, 353.2), (308.4, 356.0), (308.4, 350.4), (308.4, 353.2), (308.4, 356.0), (308.4, 350.4), (308.4, 353.2)]",0,2,13.4
speedrunner,bomberman,5,Bomb,3,0,14.41,0.9,"[(48.0, 48.0), (70.4, 50.8), (101.2, 50.8), (115.2, 67.6), (115.2, 95.6), (126.4, 115.2), (151.6, 115.2), (176.8, 120.8), (179.6, 143.2), (179.6, 171.2), (199.2, 179.6), (227.2, 179.6), (244.0, 193.6), (244.0, 218.8), (249.6, 244.0), (272.0, 244.0), (300.0, 246.8), (308.4, 269.2), (305.6, 297.2), (308.4, 319.6), (300.0, 342.0), (308.4, 370.0), (308.4, 372.8), (308.4, 372.8), (308.4, 372.8), (308.4, 372.8), (308.4, 372.8), (308.4, 372.8), (308.4, 372.8), (308.4, 372.8), (308.4, 372.8), (308.4, 372.8), (308.4, 372.8), (308.4, 372.8), (308.4, 372.8), (308.4, 372.8), (308.4, 372.8), (308.4, 372.8), (308.4, 372.8), (308.4, 372.8), (308.4, 372.8), (308.4, 372.8), (308.4, 372.8), (308.4, 372.8), (308.4, 372.8), (308.4, 372.8), (308.4, 372.8), (308.4, 372.8), (308.4, 372.8), (308.4, 372.8), (308.4, 372.8), (308.4, 372.8), (308.4, 372.8), (308.4, 372.8), (308.4, 372.8), (308.4, 372.8), (308.4, 372.8), (308.4, 372.8), (308.4, 372.8), (308.4, 372.8), (308.4, 372.8), (308.4, 372.8), (308.4, 372.8), (308.4, 372.8), (308.4, 372.8), (308.4, 372.8), (308.4, 372.8), (308.4, 372.8), (302.8, 372.8), (280.4, 372.8), (258.0, 372.8), (235.6, 372.8), (224.4, 372.8), (224.4, 372.8), (224.4, 372.8), (224.4, 372.8), (230.0, 372.8), (252.4, 372.8), (274.8, 372.8), (286.0, 372.8), (286.0, 372.8), (286.0, 372.8), (286.0, 372.8), (286.0, 372.8), (286.0, 372.8), (286.0, 372.8), (286.0, 372.8), (286.0, 372.8), (269.2, 372.8), (269.2, 372.8), (269.2, 372.8), (269.2, 372.8), (269.2, 372.8), (269.2, 372.8), (269.2, 372.8), (269.2, 372.8), (269.2, 372.8), (269.2, 372.8), (269.2, 372.8), (269.2, 372.8), (269.2, 372.8), (269.2, 372.8), (269.2, 372.8)]",0,1,13.6
speedrunner,bomberman,5,Bomb,2,0,25.11,0.35,"[(48.0, 48.0), (70.4, 50.8), (101.2, 50.8), (115.2, 67.6), (115.2, 95.6), (126.4, 115.2), (151.6, 115.2), (176.8, 120.8), (179.6, 126.4), (179.6, 126.4), (179.6, 126.4), (179.6, 126.4), (179.6, 126.4), (179.6, 126.4), (179.6, 126.4), (179.6, 126.4), (179.6, 126.4), (179.6, 126.4), (179.6, 126.4), (179.6, 126.4), (179.6, 126.4), (179.6, 126.4), (179.6, 126.4), (179.6, 126.4), (179.6, 126.4), (179.6, 126.4), (179.6, 126.4), (179.6, 126.4), (179.6, 126.4), (179.6, 126.4), (179.6, 126.4), (179.6, 126.4), (179.6, 126.4), (179.6, 126.4), (179.6, 126.4), (179.6, 126.4)]",0,0,4.68
speedrunner,bomberman,5,Bomb,22,0,-0.22,0.4,"[(48.0, 48.0), (70.4, 50.8), (101.2, 50.8), (112.4, 67.6), (109.6, 95.6), (98.4, 115.2), (115.2, 123.6), (115.2, 146.0), (115.2, 174.0), (109.6, 196.4), (109.6, 224.4), (101.2, 244.0), (95.6, 244.0), (95.6, 244.0), (95.6, 244.0), (95.6, 244.0), (95.6, 244.0), (95.6, 244.0), (95.6, 244.0), (95.6, 244.0), (95.6, 244.0), (95.6, 244.0), (95.6, 244.0), (95.6, 244.0), (95.6, 244.0), (95.6, 244.0), (95.6, 244.0), (95.6, 244.0), (95.6, 244.0), (95.6, 244.0), (95.6, 244.0), (95.6, 244.0), (95.6, 244.0), (95.6, 244.0), (95.6, 244.0), (95.6, 244.0), (95.6, 244.0), (95.6, 244.0), (95.6, 244.0), (95.6, 244.0), (95.6, 244.0), (95.6, 244.0), (95.6, 244.0), (84.4, 244.0), (84.4, 244.0), (84.4, 244.0), (84.4, 244.0), (84.4, 244.0), (84.4, 244.0), (84.4, 244.0), (84.4, 244.0), (84.4, 244.0), (84.4, 244.0), (84.4, 244.0), (84.4, 244.0), (84.4, 244.0), (59.2, 244.0), (45.2, 260.8), (45.2, 283.2), (45.2, 305.6), (45.2, 328.0), (45.2, 350.4), (45.2, 372.8), (45.2, 372.8), (45.2, 372.8), (45.2, 372.8), (45.2, 372.8), (45.2, 372.8), (45.2, 372.8), (45.2, 372.8), (45.2, 372.8), (45.2, 372.8), (45.2, 372.8), (45.2, 372.8), (45.2, 372.8), (45.2, 372.8), (45.2, 372.8), (45.2, 372.8), (45.2, 372.8), (45.2, 372.8), (45.2, 372.8), (45.2, 372.8), (45.2, 372.8), (45.2, 372.8), (45.2, 372.8), (45.2, 372.8), (45.2, 372.8), (45.2, 372.8), (45.2, 372.8), (45.2, 372.8), (45.2, 372.8), (45.2, 372.8), (45.2, 372.8), (45.2, 372.8), (45.2, 372.8), (45.2, 372.8)]",0,0,12.68
speedrunner,bomberman,5,Bomb,77,0,-0.17,0.6,"[(48.0, 48.0), (70.4, 50.8), (101.2, 50.8), (115.2, 67.6), (115.2, 62.0), (115.2, 62.0), (115.2, 62.0), (115.2, 62.0), (115.2, 62.0), (115.2, 62.0), (115.2, 62.0), (115.2, 62.0), (115.2, 62.0), (115.2, 62.0), (115.2, 62.0), (115.2, 62.0), (115.2, 62.0), (115.2, 62.0), (115.2, 62.0), (115.2, 62.0), (115.2, 62.0), (115.2, 62.0), (115.2, 84.4), (120.8, 115.2), (143.2, 115.2), (171.2, 115.2), (179.6, 137.6), (179.6, 165.6), (193.6, 179.6), (221.6, 179.6), (244.0, 188.0), (238.4, 210.4), (238.4, 238.4), (221.6, 244.0), (221.6, 244.0), (221.6, 244.0), (221.6, 244.0), (221.6, 244.0), (221.6, 244.0), (221.6, 244.0), (221.6, 244.0), (221.6, 244.0), (221.6, 244.0), (221.6, 244.0), (221.6, 244.0), (221.6, 244.0), (221.6, 244.0), (221.6, 244.0), (221.6, 244.0), (216.0, 244.0), (210.4, 244.0), (210.4, 244.0), (196.4, 244.0), (174.0, 255.2), (174.0, 277.6), (168.4, 305.6), (157.2, 308.4), (157.2, 308.4), (157.2, 308.4), (157.2, 308.4), (157.2, 308.4), (157.2, 308.4), (157.2, 308.4), (157.2, 308.4), (157.2, 308.4), (157.2, 308.4), (157.2, 308.4), (157.2, 308.4), (157.2, 308.4), (157.2, 308.4), (157.2, 308.4), (157.2, 308.4), (157.2, 308.4), (157.2, 308.4), (157.2, 308.4), (157.2, 308.4), (157.2, 308.4), (157.2, 308.4), (157.2, 308.4), (157.2, 308.4), (157.2, 308.4), (157.2, 308.4), (157.2, 308.4), (151.6, 308.4), (140.4, 308.4), (123.6, 308.4), (109.6, 325.2), (109.6, 353.2), (98.4, 372.8), (98.4, 372.8), (98.4, 372.8), (98.4, 372.8), (98.4, 372.8), (98.4, 372.8), (98.4, 372.8), (98.4, 372.8), (98.4, 372.8), (98.4, 372.8), (98.4, 372.8), (98.4, 372.8), (98.4, 372.8), (98.4, 372.8), (98.4, 372.8), (98.4, 372.8), (98.4, 372.8), (98.4, 372.8), (98.4, 372.8), (98.4, 372.8), (76.0, 372.8), (53.6, 372.8), (45.2, 372.8), (45.2, 372.8), (45.2, 372.8), (45.2, 372.8), (45.2, 372.8), (45.2, 372.8), (45.2, 372.8), (45.2, 372.8), (45.2, 372.8), (45.2, 372.8), (45.2, 372.8), (45.2, 372.8), (45.2, 372.8)]",0,0,16.38
speedrunner,bomberman,5,Bomb,4,0,43.21,0.5,"[(48.0, 48.0), (70.4, 50.8), (101.2, 50.8), (123.6, 50.8), (146.0, 50.8), (174.0, 50.8), (196.4, 50.8), (224.4, 50.8), (246.8, 50.8), (269.2, 50.8), (297.2, 50.8), (319.6, 50.8), (344.8, 50.8), (370.0, 50.8), (392.4, 50.8), (420.4, 50.8), (434.4, 50.8), (434.4, 50.8), (434.4, 50.8), (434.4, 50.8), (434.4, 50.8), (434.4, 50.8), (434.4, 50.8), (434.4, 50.8), (434.4, 50.8), (434.4, 50.8), (434.4, 50.8), (434.4, 50.8), (434.4, 50.8), (434.4, 50.8), (434.4, 50.8), (434.4, 53.6), (434.4, 53.6), (434.4, 53.6), (434.4, 53.6), (434.4, 53.6), (434.4, 53.6), (434.4, 53.6), (434.4, 53.6), (434.4, 53.6), (434.4, 53.6), (434.4, 53.6), (434.4, 53.6), (434.4, 53.6), (434.4, 53.6), (434.4, 53.6), (434.4, 53.6), (434.4, 53.6), (434.4, 53.6), (434.4, 53.6), (434.4, 53.6), (434.4, 53.6), (434.4, 53.6), (434.4, 53.6), (434.4, 53.6), (434.4, 53.6), (434.4, 53.6), (434.4, 53.6), (434.4, 53.6), (434.4, 53.6), (434.4, 53.6)]",0,0,8.1
speedrunner,bomberman,5,Bomb,35,0,15.94,0.95,"[(48.0, 48.0), (70.4, 50.8), (101.2, 50.8), (115.2, 67.6), (115.2, 95.6), (126.4, 115.2), (151.6, 115.2), (176.8, 120.8), (179.6, 143.2), (179.6, 171.2), (199.2, 179.6), (227.2, 179.6), (244.0, 193.6), (244.0, 218.8), (249.6, 244.0), (272.0, 244.0), (300.0, 246.8), (308.4, 269.2), (308.4, 291.6), (308.4, 314.0), (308.4, 336.4), (308.4, 358.8), (308.4, 372.8), (308.4, 372.8), (308.4, 372.8), (308.4, 372.8), (308.4, 372.8), (308.4, 372.8), (308.4, 372.8), (308.4, 372.8), (308.4, 372.8), (308.4, 372.8), (308.4, 372.8), (308.4, 372.8), (308.4, 372.8), (308.4, 372.8), (308.4, 372.8), (308.4, 372.8), (308.4, 372.8), (308.4, 372.8), (308.4, 372.8), (308.4, 372.8), (308.4, 372.8), (308.4, 372.8), (308.4, 370.0), (308.4, 370.0), (308.4, 370.0), (308.4, 364.4), (308.4, 358.8), (308.4, 358.8), (305.6, 347.6), (300.0, 319.6), (300.0, 319.6), (300.0, 319.6), (300.0, 319.6), (300.0, 319.6), (300.0, 319.6), (300.0, 319.6), (300.0, 319.6), (305.6, 319.6), (308.4, 314.0), (308.4, 308.4), (308.4, 302.8), (308.4, 302.8), (308.4, 297.2), (308.4, 297.2), (308.4, 314.0), (308.4, 314.0), (308.4, 314.0), (308.4, 314.0), (308.4, 336.4), (308.4, 364.4), (330.8, 372.8), (339.2, 372.8), (339.2, 372.8), (339.2, 372.8), (339.2, 372.8), (339.2, 372.8), (339.2, 372.8), (339.2, 372.8), (339.2, 372.8), (339.2, 372.8), (339.2, 372.8), (339.2, 372.8), (339.2, 372.8), (339.2, 372.8), (339.2, 372.8), (339.2, 372.8), (339.2, 372.8), (339.2, 372.8), (339.2, 372.8), (339.2, 372.8), (339.2, 372.8), (339.2, 372.8), (339.2, 372.8), (339.2, 372.8), (339.2, 372.8), (339.2, 372.8), (339.2, 372.8), (339.2, 372.8), (339.2, 372.8), (339.2, 372.8), (339.2, 372.8), (339.2, 372.8), (339.2, 372.8), (339.2, 372.8), (339.2, 372.8), (339.2, 372.8), (339.2, 372.8), (339.2, 372.8), (339.2, 372.8), (339.2, 372.8), (339.2, 372.8), (339.2, 372.8), (339.2, 372.8), (339.2, 372.8), (339.2, 372.8), (339.2, 372.8), (339.2, 372.8), (339.2, 372.8), (339.2, 372.8), (339.2, 372.8), (339.2, 372.8), (339.2, 372.8), (339.2, 372.8), (339.2, 372.8)]",0,3,16.68
speedrunner,bomberman,5,Bomb,56,0,15.01,0.95,"[(48.0, 48.0), (70.4, 50.8), (101.2, 50.8), (115.2, 67.6), (115.2, 95.6), (126.4, 115.2), (151.6, 115.2), (176.8, 120.8), (179.6, 126.4), (179.6, 132.0), (179.6, 160.0), (188.0, 179.6), (210.4, 179.6), (238.4, 182.4), (244.0, 204.8), (244.0, 232.8), (260.8, 244.0), (288.8, 244.0), (308.4, 258.0), (308.4, 280.4), (308.4, 302.8), (308.4, 325.2), (308.4, 347.6), (308.4, 370.0), (308.4, 372.8), (308.4, 372.8), (308.4, 372.8), (308.4, 372.8), (308.4, 372.8), (308.4, 372.8), (308.4, 372.8), (308.4, 372.8), (308.4, 372.8), (308.4, 372.8), (308.4, 372.8), (308.4, 372.8), (308.4, 372.8), (308.4, 372.8), (308.4, 367.2), (308.4, 367.2), (308.4, 367.2), (308.4, 361.6), (308.4, 361.6), (308.4, 361.6), (302.8, 344.8), (302.8, 322.4), (302.8, 322.4), (302.8, 322.4), (302.8, 322.4), (302.8, 322.4), (302.8, 322.4), (302.8, 322.4), (302.8, 322.4), (302.8, 322.4), (302.8, 322.4), (302.8, 322.4), (302.8, 322.4), (302.8, 322.4), (302.8, 316.8), (308.4, 311.2), (308.4, 311.2), (308.4, 305.6), (308.4, 305.6), (308.4, 305.6), (308.4, 294.4), (308.4, 294.4), (294.4, 308.4), (294.4, 308.4), (294.4, 308.4), (300.0, 311.2), (308.4, 333.6), (308.4, 361.6), (328.0, 372.8), (339.2, 372.8), (339.2, 372.8), (339.2, 372.8), (339.2, 372.8), (339.2, 372.8), (339.2, 372.8), (339.2, 372.8), (339.2, 372.8), (339.2, 372.8), (339.2, 372.8), (339.2, 372.8), (339.2, 372.8), (339.2, 372.8), (339.2, 372.8), (339.2, 372.8), (339.2, 372.8), (339.2, 372.8), (339.2, 372.8), (339.2, 372.8), (339.2, 372.8), (339.2, 372.8), (339.2, 372.8), (339.2, 372.8), (339.2, 372.8), (339.2, 372.8), (339.2, 372.8), (339.2, 372.8), (339.2, 372.8), (339.2, 372.8), (339.2, 372.8), (339.2, 372.8), (339.2, 372.8), (339.2, 372.8), (339.2, 372.8), (339.2, 372.8), (339.2, 372.8), (339.2, 372.8), (339.2, 372.8), (339.2, 372.8), (339.2, 372.8), (339.2, 372.8), (339.2, 372.8), (339.2, 372.8), (339.2, 372.8), (339.2, 372.8), (339.2, 372.8), (339.2, 372.8), (339.2, 372.8), (339.2, 372.8), (339.2, 372.8), (339.2, 372.8), (339.2, 372.8), (339.2, 372.8), (339.2, 372.8), (339.2, 372.8), (339.2, 372.8)]",0,3,17.17
speedrunner,bomberman,5,Bomb,60,0,13.18,0.95,"[(48.0, 48.0), (70.4, 50.8), (101.2, 50.8), (115.2, 62.0), (115.2, 62.0), (115.2, 62.0), (115.2, 62.0), (115.2, 62.0), (115.2, 62.0), (115.2, 62.0), (115.2, 62.0), (115.2, 62.0), (115.2, 62.0), (115.2, 62.0), (115.2, 62.0), (115.2, 62.0), (115.2, 67.6), (115.2, 95.6), (126.4, 115.2), (151.6, 115.2), (176.8, 120.8), (179.6, 126.4), (179.6, 126.4), (179.6, 126.4), (179.6, 126.4), (179.6, 126.4), (179.6, 126.4), (179.6, 126.4), (179.6, 126.4), (179.6, 126.4), (179.6, 126.4), (179.6, 126.4), (179.6, 143.2), (179.6, 171.2), (199.2, 179.6), (227.2, 179.6), (244.0, 193.6), (244.0, 218.8), (249.6, 244.0), (272.0, 244.0), (300.0, 246.8), (308.4, 269.2), (308.4, 291.6), (308.4, 314.0), (308.4, 336.4), (308.4, 358.8), (308.4, 372.8), (308.4, 372.8), (308.4, 372.8), (308.4, 372.8), (308.4, 372.8), (308.4, 372.8), (308.4, 372.8), (308.4, 372.8), (308.4, 372.8), (308.4, 372.8), (308.4, 372.8), (308.4, 372.8), (308.4, 372.8), (308.4, 372.8), (308.4, 372.8), (308.4, 372.8), (308.4, 372.8), (308.4, 372.8), (308.4, 372.8), (308.4, 372.8), (308.4, 372.8), (308.4, 367.2), (308.4, 367.2), (308.4, 367.2), (308.4, 361.6), (308.4, 361.6), (308.4, 356.0), (300.0, 339.2), (302.8, 322.4), (302.8, 322.4), (302.8, 322.4), (300.0, 316.8), (300.0, 322.4), (300.0, 319.6), (300.0, 316.8), (300.0, 322.4), (300.0, 319.6), (300.0, 316.8), (300.0, 322.4), (300.0, 319.6), (300.0, 316.8), (300.0, 311.2), (300.0, 311.2), (291.6, 305.6), (286.0, 305.6), (286.0, 305.6), (286.0, 308.4), (286.0, 308.4), (286.0, 308.4), (286.0, 305.6), (308.4, 319.6), (308.4, 342.0), (314.0, 370.0), (336.4, 372.8), (339.2, 372.8), (339.2, 372.8), (339.2, 372.8), (339.2, 372.8), (339.2, 372.8), (339.2, 372.8), (339.2, 372.8), (339.2, 372.8), (339.2, 372.8), (339.2, 372.8), (339.2, 372.8), (339.2, 372.8), (339.2, 372.8), (339.2, 372.8), (339.2, 372.8), (339.2, 372.8), (339.2, 372.8), (339.2, 372.8), (339.2, 372.8), (339.2, 372.8), (339.2, 372.8), (339.2, 372.8), (339.2, 372.8), (339.2, 372.8), (339.2, 372.8), (339.2, 372.8), (339.2, 372.8), (339.2, 372.8), (339.2, 372.8), (339.2, 372.8), (339.2, 372.8), (339.2, 372.8), (339.2, 372.8), (339.2, 372.8), (339.2, 372.8), (339.2, 372.8), (339.2, 372.8), (339.2, 372.8), (339.2, 372.8), (339.2, 372.8), (339.2, 372.8), (339.2, 372.8), (339.2, 372.8), (339.2, 372.8), (339.2, 372.8), (339.2, 372.8), (339.2, 372.8), (339.2, 372.8), (339.2, 372.8), (339.2, 372.8), (339.2, 372.8), (339.2, 372.8)]",0,3,20.18
speedrunner,bomberman,5,Bomb,155,0,12.49,0.95,"[(48.0, 48.0), (70.4, 50.8), (101.2, 50.8), (115.2, 67.6), (115.2, 95.6), (126.4, 115.2), (151.6, 115.2), (176.8, 120.8), (179.6, 143.2), (179.6, 171.2), (199.2, 179.6), (227.2, 179.6), (244.0, 193.6), (244.0, 218.8), (249.6, 244.0), (272.0, 244.0), (300.0, 246.8), (300.0, 269.2), (308.4, 297.2), (308.4, 319.6), (300.0, 342.0), (300.0, 353.2), (300.0, 347.6), (302.8, 350.4), (300.0, 353.2), (300.0, 347.6), (302.8, 350.4), (300.0, 353.2), (300.0, 347.6), (302.8, 350.4), (300.0, 353.2), (300.0, 347.6), (302.8, 350.4), (300.0, 353.2), (300.0, 347.6), (302.8, 350.4), (300.0, 353.2), (300.0, 347.6), (302.8, 350.4), (300.0, 353.2), (305.6, 353.2), (300.0, 344.8), (300.0, 330.8), (308.4, 311.2), (308.4, 311.2), (308.4, 311.2), (308.4, 311.2), (308.4, 311.2), (305.6, 311.2), (291.6, 308.4), (286.0, 305.6), (286.0, 305.6), (286.0, 305.6), (286.0, 305.6), (286.0, 305.6), (286.0, 305.6), (286.0, 305.6), (286.0, 305.6), (286.0, 305.6), (286.0, 305.6), (286.0, 305.6), (286.0, 305.6), (286.0, 305.6), (286.0, 305.6), (286.0, 305.6), (286.0, 305.6), (286.0, 305.6), (286.0, 305.6), (286.0, 305.6), (286.0, 305.6), (286.0, 305.6), (286.0, 305.6), (286.0, 305.6), (286.0, 305.6), (300.0, 305.6), (300.0, 288.8), (300.0, 288.8), (300.0, 288.8), (300.0, 288.8), (300.0, 288.8), (300.0, 288.8), (300.0, 288.8), (300.0, 288.8), (300.0, 288.8), (300.0, 288.8), (300.0, 288.8), (300.0, 288.8), (300.0, 288.8), (300.0, 283.2), (300.0, 277.6), (300.0, 272.0), (300.0, 272.0), (300.0, 266.4), (300.0, 266.4), (300.0, 263.6), (300.0, 255.2), (300.0, 255.2), (300.0, 255.2), (300.0, 255.2), (300.0, 255.2), (300.0, 255.2), (300.0, 255.2), (300.0, 255.2), (300.0, 255.2), (308.4, 272.0), (308.4, 294.4), (308.4, 316.8), (308.4, 339.2), (311.2, 367.2), (333.6, 372.8), (339.2, 372.8), (339.2, 372.8), (339.2, 372.8), (339.2, 372.8), (339.2, 372.8), (339.2, 372.8), (339.2, 372.8), (339.2, 372.8), (339.2, 372.8), (339.2, 372.8), (339.2, 372.8), (339.2, 372.8), (339.2, 372.8), (339.2, 372.8), (339.2, 372.8), (339.2, 372.8), (339.2, 372.8), (339.2, 372.8), (339.2, 372.8), (339.2, 372.8), (339.2, 372.8), (339.2, 372.8), (339.2, 372.8), (339.2, 372.8), (339.2, 372.8), (339.2, 372.8), (339.2, 372.8), (339.2, 372.8), (339.2, 372.8), (339.2, 372.8), (339.2, 372.8), (339.2, 372.8), (339.2, 372.8), (339.2, 372.8), (339.2, 372.8), (339.2, 372.8), (339.2, 372.8), (339.2, 372.8), (339.2, 372.8), (339.2, 372.8), (339.2, 372.8), (339.2, 372.8), (339.2, 372.8), (339.2, 372.8), (339.2, 372.8), (339.2, 372.8), (339.2, 372.8), (339.2, 372.8), (339.2, 372.8), (339.2, 372.8)]",0,2,21.3
speedrunner,bomberman,5,Bomb,72,0,17.55,0.9,"[(48.0, 48.0), (70.4, 50.8), (101.2, 50.8), (115.2, 67.6), (115.2, 95.6), (126.4, 115.2), (151.6, 115.2), (176.8, 120.8), (179.6, 143.2), (179.6, 171.2), (199.2, 179.6), (227.2, 179.6), (244.0, 193.6), (244.0, 218.8), (249.6, 244.0), (272.0, 244.0), (300.0, 246.8), (300.0, 269.2), (308.4, 297.2), (308.4, 319.6), (300.0, 342.0), (300.0, 353.2), (300.0, 353.2), (300.0, 353.2), (300.0, 353.2), (300.0, 353.2), (300.0, 353.2), (300.0, 353.2), (300.0, 353.2), (300.0, 353.2), (300.0, 353.2), (300.0, 353.2), (300.0, 353.2), (300.0, 353.2), (300.0, 353.2), (300.0, 353.2), (300.0, 353.2), (300.0, 353.2), (300.0, 353.2), (300.0, 353.2), (300.0, 353.2), (302.8, 353.2), (302.8, 353.2), (305.6, 350.4), (300.0, 344.8), (300.0, 339.2), (300.0, 322.4), (300.0, 319.6), (300.0, 316.8), (300.0, 322.4), (300.0, 319.6), (300.0, 316.8), (300.0, 322.4), (300.0, 319.6), (300.0, 316.8), (300.0, 322.4), (300.0, 319.6), (300.0, 319.6), (300.0, 314.0), (300.0, 314.0), (300.0, 314.0), (300.0, 308.4), (288.8, 308.4), (288.8, 308.4), (288.8, 308.4), (288.8, 308.4), (288.8, 308.4), (288.8, 308.4), (288.8, 308.4), (288.8, 308.4), (288.8, 308.4), (288.8, 308.4), (288.8, 308.4), (288.8, 308.4), (288.8, 308.4), (305.6, 316.8), (305.6, 339.2), (308.4, 356.0), (308.4, 350.4), (308.4, 353.2), (308.4, 356.0), (308.4, 350.4), (308.4, 353.2), (308.4, 356.0), (308.4, 350.4), (308.4, 353.2), (308.4, 356.0), (308.4, 350.4), (308.4, 353.2), (308.4, 356.0), (308.4, 350.4), (308.4, 353.2), (308.4, 356.0), (308.4, 350.4), (308.4, 353.2), (308.4, 356.0), (308.4, 350.4), (308.4, 353.2), (308.4, 356.0), (308.4, 350.4), (308.4, 353.2)]",0,2,13.4
speedrunner,bomberman,5,Bomb,3,0,14.41,0.9,"[(48.0, 48.0), (70.4, 50.8), (101.2, 50.8), (115.2, 67.6), (115.2, 95.6), (126.4, 115.2), (151.6, 115.2), (176.8, 120.8), (179.6, 143.2), (179.6, 171.2), (199.2, 179.6), (227.2, 179.6), (244.0, 193.6), (244.0, 218.8), (249.6, 244.0), (272.0, 244.0), (300.0, 246.8), (308.4, 269.2), (305.6, 297.2), (308.4, 319.6), (300.0, 342.0), (308.4, 370.0), (308.4, 372.8), (308.4, 372.8), (308.4, 372.8), (308.4, 372.8), (308.4, 372.8), (308.4, 372.8), (308.4, 372.8), (308.4, 372.8), (308.4, 372.8), (308.4, 372.8), (308.4, 372.8), (308.4, 372.8), (308.4, 372.8), (308.4, 372.8), (308.4, 372.8), (308.4, 372.8), (308.4, 372.8), (308.4, 372.8), (308.4, 372.8), (308.4, 372.8), (308.4, 372.8), (308.4, 372.8), (308.4, 372.8), (308.4, 372.8), (308.4, 372.8), (308.4, 372.8), (308.4, 372.8), (308.4, 372.8), (308.4, 372.8), (308.4, 372.8), (308.4, 372.8), (308.4, 372.8), (308.4, 372.8), (308.4, 372.8), (308.4, 372.8), (308.4, 372.8), (308.4, 372.8), (308.4, 372.8), (308.4, 372.8), (308.4, 372.8), (308.4, 372.8), (308.4, 372.8), (308.4, 372.8), (308.4, 372.8), (308.4, 372.8), (308.4, 372.8), (302.8, 372.8), (280.4, 372.8), (258.0, 372.8), (235.6, 372.8), (224.4, 372.8), (224.4, 372.8), (224.4, 372.8), (224.4, 372.8), (230.0, 372.8), (252.4, 372.8), (274.8, 372.8), (286.0, 372.8), (286.0, 372.8), (286.0, 372.8), (286.0, 372.8), (286.0, 372.8), (286.0, 372.8), (286.0, 372.8), (286.0, 372.8), (286.0, 372.8), (269.2, 372.8), (269.2, 372.8), (269.2, 372.8), (269.2, 372.8), (269.2, 372.8), (269.2, 372.8), (269.2, 372.8), (269.2, 372.8), (269.2, 372.8), (269.2, 372.8), (269.2, 372.8), (269.2, 372.8), (269.2, 372.8), (269.2, 372.8), (269.2, 372.8)]",0,1,13.6
speedrunner,bomberman,5,Bomb,12,0,16.52,0.95,"[(48.0, 48.0), (70.4, 50.8), (101.2, 50.8), (115.2, 62.0), (115.2, 62.0), (115.2, 62.0), (115.2, 78.8), (115.2, 109.6), (137.6, 115.2), (165.6, 115.2), (179.6, 132.0), (179.6, 160.0), (188.0, 179.6), (210.4, 179.6), (238.4, 182.4), (244.0, 204.8), (244.0, 232.8), (260.8, 244.0), (288.8, 244.0), (308.4, 258.0), (308.4, 280.4), (308.4, 302.8), (308.4, 325.2), (308.4, 347.6), (308.4, 358.8), (308.4, 358.8), (308.4, 358.8), (308.4, 358.8), (308.4, 358.8), (308.4, 358.8), (308.4, 358.8), (308.4, 358.8), (308.4, 353.2), (308.4, 353.2), (308.4, 342.0), (308.4, 325.2), (308.4, 319.6), (308.4, 319.6), (308.4, 319.6), (308.4, 319.6), (308.4, 319.6), (308.4, 319.6), (308.4, 319.6), (308.4, 319.6), (308.4, 319.6), (308.4, 319.6), (308.4, 319.6), (308.4, 319.6), (308.4, 314.0), (308.4, 314.0), (308.4, 314.0), (308.4, 314.0), (308.4, 308.4), (308.4, 302.8), (308.4, 302.8), (308.4, 302.8), (308.4, 297.2), (308.4, 297.2), (308.4, 297.2), (308.4, 291.6), (308.4, 286.0), (308.4, 291.6), (308.4, 300.0), (308.4, 300.0), (308.4, 300.0), (308.4, 314.0), (308.4, 336.4), (308.4, 364.4), (330.8, 372.8), (339.2, 372.8), (339.2, 372.8), (339.2, 372.8), (339.2, 372.8), (339.2, 372.8), (339.2, 372.8), (339.2, 372.8), (339.2, 372.8), (339.2, 372.8), (339.2, 372.8), (339.2, 372.8), (339.2, 372.8), (339.2, 372.8), (339.2, 372.8), (339.2, 372.8), (339.2, 372.8), (339.2, 372.8), (339.2, 372.8), (339.2, 372.8), (339.2, 372.8), (339.2, 372.8), (339.2, 372.8), (339.2, 372.8), (339.2, 372.8), (339.2, 372.8), (339.2, 372.8), (339.2, 372.8), (339.2, 372.8), (339.2, 372.8), (339.2, 372.8), (339.2, 372.8), (339.2, 372.8), (339.2, 372.8), (339.2, 372.8), (339.2, 372.8), (339.2, 372.8), (339.2, 372.8), (339.2, 372.8), (339.2, 372.8), (339.2, 372.8), (339.2, 372.8), (339.2, 372.8), (339.2, 372.8), (339.2, 372.8), (339.2, 372.8), (339.2, 372.8), (339.2, 372.8), (339.2, 372.8), (339.2, 372.8), (339.2, 372.8), (339.2, 372.8), (339.2, 372.8)]",0,2,16.1
speedrunner,bomberman,5,Bomb,50,0,24.39,0.7,"[(48.0, 48.0), (70.4, 50.8), (101.2, 50.8), (115.2, 67.6), (115.2, 95.6), (126.4, 115.2), (151.6, 115.2), (176.8, 120.8), (179.6, 143.2), (179.6, 171.2), (199.2, 179.6), (227.2, 179.6), (244.0, 193.6), (244.0, 218.8), (249.6, 244.0), (272.0, 244.0), (300.0, 246.8), (300.0, 269.2), (308.4, 297.2), (305.6, 319.6), (300.0, 328.0), (300.0, 325.2), (300.0, 330.8), (300.0, 328.0), (300.0, 325.2), (300.0, 330.8), (300.0, 328.0), (300.0, 325.2), (300.0, 330.8), (300.0, 328.0), (300.0, 325.2), (300.0, 330.8), (300.0, 328.0), (300.0, 325.2), (300.0, 330.8), (300.0, 328.0), (300.0, 325.2), (300.0, 330.8), (300.0, 328.0), (300.0, 325.2), (300.0, 322.4), (300.0, 328.0), (300.0, 325.2), (300.0, 322.4), (300.0, 319.6), (300.0, 316.8), (300.0, 322.4), (300.0, 319.6), (300.0, 316.8), (300.0, 322.4), (300.0, 319.6), (300.0, 316.8), (300.0, 322.4), (300.0, 319.6), (300.0, 319.6), (300.0, 314.0), (300.0, 314.0), (300.0, 314.0), (300.0, 314.0), (300.0, 314.0), (300.0, 314.0), (300.0, 314.0), (300.0, 314.0), (300.0, 319.6), (300.0, 319.6), (300.0, 316.8), (300.0, 322.4), (300.0, 319.6), (300.0, 316.8), (300.0, 322.4)]",0,0,9.3
speedrunner,bomberman,5,Bomb,58,0,12.91,0.95,"[(48.0, 48.0), (70.4, 50.8), (101.2, 50.8), (115.2, 67.6), (115.2, 95.6), (126.4, 115.2), (151.6, 115.2), (176.8, 120.8), (179.6, 143.2), (179.6, 171.2), (199.2, 179.6), (227.2, 179.6), (244.0, 193.6), (244.0, 218.8), (249.6, 244.0), (272.0, 244.0), (300.0, 246.8), (308.4, 269.2), (308.4, 291.6), (308.4, 314.0), (308.4, 336.4), (308.4, 358.8), (308.4, 370.0), (308.4, 370.0), (308.4, 370.0), (308.4, 370.0), (308.4, 370.0), (308.4, 370.0), (308.4, 370.0), (308.4, 370.0), (308.4, 370.0), (308.4, 370.0), (308.4, 370.0), (308.4, 370.0), (308.4, 370.0), (308.4, 370.0), (308.4, 370.0), (308.4, 370.0), (308.4, 370.0), (308.4, 364.4), (308.4, 364.4), (308.4, 358.8), (308.4, 358.8), (308.4, 353.2), (300.0, 336.4), (300.0, 319.6), (300.0, 319.6), (300.0, 319.6), (300.0, 319.6), (300.0, 319.6), (300.0, 319.6), (300.0, 319.6), (300.0, 319.6), (300.0, 319.6), (300.0, 319.6), (300.0, 319.6), (300.0, 319.6), (300.0, 319.6), (305.6, 319.6), (308.4, 314.0), (308.4, 308.4), (308.4, 302.8), (308.4, 302.8), (308.4, 297.2), (308.4, 297.2), (308.4, 297.2), (308.4, 314.0), (308.4, 302.8), (308.4, 302.8), (308.4, 302.8), (308.4, 325.2), (308.4, 353.2), (319.6, 372.8), (339.2, 372.8), (339.2, 372.8), (339.2, 372.8), (339.2, 372.8), (339.2, 372.8), (339.2, 372.8), (339.2, 372.8), (339.2, 372.8), (339.2, 372.8), (339.2, 372.8), (339.2, 372.8), (339.2, 372.8), (339.2, 372.8), (339.2, 372.8), (339.2, 372.8), (339.2, 372.8), (339.2, 372.8), (339.2, 372.8), (339.2, 372.8), (339.2, 372.8), (339.2, 372.8), (339.2, 372.8), (339.2, 372.8), (339.2, 372.8), (339.2, 372.8), (339.2, 372.8), (339.2, 372.8), (339.2, 372.8), (339.2, 372.8), (339.2, 372.8), (339.2, 372.8), (339.2, 372.8), (339.2, 372.8), (339.2, 372.8), (339.2, 372.8), (339.2, 372.8), (339.2, 372.8), (339.2, 372.8), (339.2, 372.8), (339.2, 372.8), (339.2, 372.8), (339.2, 372.8), (339.2, 372.8), (339.2, 372.8), (339.2, 372.8), (339.2, 372.8), (339.2, 372.8), (339.2, 372.8), (322.4, 372.8), (300.0, 372.8), (288.8, 372.8), (288.8, 372.8), (288.8, 372.8)]",0,3,16.7
speedrunner,bomberman,5,Bomb,2,0,23.18,0.8,"[(48.0, 48.0), (70.4, 50.8), (101.2, 50.8), (115.2, 67.6), (115.2, 95.6), (126.4, 115.2), (151.6, 115.2), (176.8, 120.8), (179.6, 143.2), (179.6, 171.2), (199.2, 179.6), (227.2, 179.6), (244.0, 193.6), (244.0, 218.8), (249.6, 244.0), (272.0, 244.0), (300.0, 246.8), (300.0, 269.2), (308.4, 297.2), (308.4, 319.6), (305.6, 319.6), (305.6, 319.6), (305.6, 319.6), (305.6, 319.6), (305.6, 319.6), (305.6, 319.6), (305.6, 319.6), (305.6, 319.6), (305.6, 319.6), (305.6, 319.6), (305.6, 319.6), (305.6, 319.6), (305.6, 319.6), (305.6, 319.6), (305.6, 319.6), (305.6, 319.6), (305.6, 319.6), (305.6, 319.6), (305.6, 319.6), (305.6, 319.6), (305.6, 319.6), (305.6, 319.6), (305.6, 319.6), (305.6, 319.6), (305.6, 319.6), (305.6, 319.6), (305.6, 319.6), (300.0, 319.6), (300.0, 316.8), (300.0, 314.0), (294.4, 308.4), (288.8, 308.4), (288.8, 308.4), (288.8, 308.4), (288.8, 308.4), (288.8, 308.4), (288.8, 308.4), (288.8, 308.4), (288.8, 308.4), (288.8, 308.4), (288.8, 308.4), (288.8, 308.4), (288.8, 308.4), (288.8, 308.4), (288.8, 308.4), (288.8, 308.4), (288.8, 308.4), (288.8, 308.4), (288.8, 308.4), (288.8, 308.4)]",0,1,9.3
speedrunner,bomberman,5,Bomb,58,0,12.91,0.95,"[(48.0, 48.0), (70.4, 50.8), (101.2, 50.8), (115.2, 67.6), (115.2, 95.6), (126.4, 115.2), (151.6, 115.2), (176.8, 120.8), (179.6, 143.2), (179.6, 171.2), (199.2, 179.6), (227.2, 179.6), (244.0, 193.6), (244.0, 218.8), (249.6, 244.0), (272.0, 244.0), (300.0, 246.8), (308.4, 269.2), (308.4, 291.6), (308.4, 314.0), (308.4, 336.4), (308.4, 358.8), (308.4, 370.0), (308.4, 370.0), (308.4, 370.0), (308.4, 370.0), (308.4, 370.0), (308.4, 370.0), (308.4, 370.0), (308.4, 370.0), (308.4, 370.0), (308.4, 370.0), (308.4, 370.0), (308.4, 370.0), (308.4, 370.0), (308.4, 370.0), (308.4, 370.0), (308.4, 370.0), (308.4, 370.0), (308.4, 364.4), (308.4, 364.4), (308.4, 358.8), (308.4, 358.8), (308.4, 353.2), (300.0, 336.4), (300.0, 319.6), (300.0, 319.6), (300.0, 319.6), (300.0, 319.6), (300.0, 319.6), (300.0, 319.6), (300.0, 319.6), (300.0, 319.6), (300.0, 319.6), (300.0, 319.6), (300.0, 319.6), (300.0, 319.6), (300.0, 319.6), (305.6, 319.6), (308.4, 314.0), (308.4, 308.4), (308.4, 302.8), (308.4, 302.8), (308.4, 297.2), (308.4, 297.2), (308.4, 297.2), (308.4, 314.0), (308.4, 302.8), (308.4, 302.8), (308.4, 302.8), (308.4, 325.2), (308.4, 353.2), (319.6, 372.8), (339.2, 372.8), (339.2, 372.8), (339.2, 372.8), (339.2, 372.8), (339.2, 372.8), (339.2, 372.8), (339.2, 372.8), (339.2, 372.8), (339.2, 372.8), (339.2, 372.8), (339.2, 372.8), (339.2, 372.8), (339.2, 372.8), (339.2, 372.8), (339.2, 372.8), (339.2, 372.8), (339.2, 372.8), (339.2, 372.8), (339.2, 372.8), (339.2, 372.8), (339.2, 372.8), (339.2, 372.8), (339.2, 372.8), (339.2, 372.8), (339.2, 372.8), (339.2, 372.8), (339.2, 372.8), (339.2, 372.8), (339.2, 372.8), (339.2, 372.8), (339.2, 372.8), (339.2, 372.8), (339.2, 372.8), (339.2, 372.8), (339.2, 372.8), (339.2, 372.8), (339.2, 372.8), (339.2, 372.8), (339.2, 372.8), (339.2, 372.8), (339.2, 372.8), (339.2, 372.8), (339.2, 372.8), (339.2, 372.8), (339.2, 372.8), (339.2, 372.8), (339.2, 372.8), (339.2, 372.8), (322.4, 372.8), (300.0, 372.8), (288.8, 372.8), (288.8, 372.8), (288.8, 372.8)]",0,3,16.7
speedrunner,bomberman,5,Bomb,60,0,13.18,0.95,"[(48.0, 48.0), (70.4, 50.8), (101.2, 50.8), (115.2, 62.0), (115.2, 62.0), (115.2, 62.0), (115.2, 62.0), (115.2, 62.0), (115.2, 62.0), (115.2, 62.0), (115.2, 62.0), (115.2, 62.0), (115.2, 62.0), (115.2, 62.0), (115.2, 62.0), (115.2, 62.0), (115.2, 67.6), (115.2, 95.6), (126.4, 115.2), (151.6, 115.2), (176.8, 120.8), (179.6, 126.4), (179.6, 126.4), (179.6, 126.4), (179.6, 126.4), (179.6, 126.4), (179.6, 126.4), (179.6, 126.4), (179.6, 126.4), (179.6, 126.4), (179.6, 126.4), (179.6, 126.4), (179.6, 143.2), (179.6, 171.2), (199.2, 179.6), (227.2, 179.6), (244.0, 193.6), (244.0, 218.8), (249.6, 244.0), (272.0, 244.0), (300.0, 246.8), (308.4, 269.2), (308.4, 291.6), (308.4, 314.0), (308.4, 336.4), (308.4, 358.8), (308.4, 372.8), (308.4, 372.8), (308.4, 372.8), (308.4, 372.8), (308.4, 372.8), (308.4, 372.8), (308.4, 372.8), (308.4, 372.8), (308.4, 372.8), (308.4, 372.8), (308.4, 372.8), (308.4, 372.8), (308.4, 372.8), (308.4, 372.8), (308.4, 372.8), (308.4, 372.8), (308.4, 372.8), (308.4, 372.8), (308.4, 372.8), (308.4, 372.8), (308.4, 372.8), (308.4, 367.2), (308.4, 367.2), (308.4, 367.2), (308.4, 361.6), (308.4, 361.6), (308.4, 356.0), (300.0, 339.2), (302.8, 322.4), (302.8, 322.4), (302.8, 322.4), (300.0, 316.8), (300.0, 322.4), (300.0, 319.6), (300.0, 316.8), (300.0, 322.4), (300.0, 319.6), (300.0, 316.8), (300.0, 322.4), (300.0, 319.6), (300.0, 316.8), (300.0, 311.2), (300.0, 311.2), (291.6, 305.6), (286.0, 305.6), (286.0, 305.6), (286.0, 308.4), (286.0, 308.4), (286.0, 308.4), (286.0, 305.6), (308.4, 319.6), (308.4, 342.0), (314.0, 370.0), (336.4, 372.8), (339.2, 372.8), (339.2, 372.8), (339.2, 372.8), (339.2, 372.8), (339.2, 372.8), (339.2, 372.8), (339.2, 372.8), (339.2, 372.8), (339.2, 372.8), (339.2, 372.8), (339.2, 372.8), (339.2, 372.8), (339.2, 372.8), (339.2, 372.8), (339.2, 372.8), (339.2, 372.8), (339.2, 372.8), (339.2, 372.8), (339.2, 372.8), (339.2, 372.8), (339.2, 372.8), (339.2, 372.8), (339.2, 372.8), (339.2, 372.8), (339.2, 372.8), (339.2, 372.8), (339.2, 372.8), (339.2, 372.8), (339.2, 372.8), (339.2, 372.8), (339.2, 372.8), (339.2, 372.8), (339.2, 372.8), (339.2, 372.8), (339.2, 372.8), (339.2, 372.8), (339.2, 372.8), (339.2, 372.8), (339.2, 372.8), (339.2, 372.8), (339.2, 372.8), (339.2, 372.8), (339.2, 372.8), (339.2, 372.8), (339.2, 372.8), (339.2, 372.8), (339.2, 372.8), (339.2, 372.8), (339.2, 372.8), (339.2, 372.8), (339.2, 372.8), (339.2, 372.8)]",0,3,20.18
speedrunner,bomberman,5,Bomb,56,0,15.01,0.95,"[(48.0, 48.0), (70.4, 50.8), (101.2, 50.8), (115.2, 67.6), (115.2, 95.6), (126.4, 115.2), (151.6, 115.2), (176.8, 120.8), (179.6, 126.4), (179.6, 132.0), (179.6, 160.0), (188.0, 179.6), (210.4, 179.6), (238.4, 182.4), (244.0, 204.8), (244.0, 232.8), (260.8, 244.0), (288.8, 244.0), (308.4, 258.0), (308.4, 280.4), (308.4, 302.8), (308.4, 325.2), (308.4, 347.6), (308.4, 370.0), (308.4, 372.8), (308.4, 372.8), (308.4, 372.8), (308.4, 372.8), (308.4, 372.8), (308.4, 372.8), (308.4, 372.8), (308.4, 372.8), (308.4, 372.8), (308.4, 372.8), (308.4, 372.8), (308.4, 372.8), (308.4, 372.8), (308.4, 372.8), (308.4, 367.2), (308.4, 367.2), (308.4, 367.2), (308.4, 361.6), (308.4, 361.6), (308.4, 361.6), (302.8, 344.8), (302.8, 322.4), (302.8, 322.4), (302.8, 322.4), (302.8, 322.4), (302.8, 322.4), (302.8, 322.4), (302.8, 322.4), (302.8, 322.4), (302.8, 322.4), (302.8, 322.4), (302.8, 322.4), (302.8, 322.4), (302.8, 322.4), (302.8, 316.8), (308.4, 311.2), (308.4, 311.2), (308.4, 305.6), (308.4, 305.6), (308.4, 305.6), (308.4, 294.4), (308.4, 294.4), (294.4, 308.4), (294.4, 308.4), (294.4, 308.4), (300.0, 311.2), (308.4, 333.6), (308.4, 361.6), (328.0, 372.8), (339.2, 372.8), (339.2, 372.8), (339.2, 372.8), (339.2, 372.8), (339.2, 372.8), (339.2, 372.8), (339.2, 372.8), (339.2, 372.8), (339.2, 372.8), (339.2, 372.8), (339.2, 372.8), (339.2, 372.8), (339.2, 372.8), (339.2, 372.8), (339.2, 372.8), (339.2, 372.8), (339.2, 372.8), (339.2, 372.8), (339.2, 372.8), (339.2, 372.8), (339.2, 372.8), (339.2, 372.8), (339.2, 372.8), (339.2, 372.8), (339.2, 372.8), (339.2, 372.8), (339.2, 372.8), (339.2, 372.8), (339.2, 372.8), (339.2, 372.8), (339.2, 372.8), (339.2, 372.8), (339.2, 372.8), (339.2, 372.8), (339.2, 372.8), (339.2, 372.8), (339.2, 372.8), (339.2, 372.8), (339.2, 372.8), (339.2, 372.8), (339.2, 372.8), (339.2, 372.8), (339.2, 372.8), (339.2, 372.8), (339.2, 372.8), (339.2, 372.8), (339.2, 372.8), (339.2, 372.8), (339.2, 372.8), (339.2, 372.8), (339.2, 372.8), (339.2, 372.8), (339.2, 372.8), (339.2, 372.8), (339.2, 372.8), (339.2, 372.8)]",0,3,17.17
speedrunner,bomberman,5,Bomb,35,0,15.94,0.95,"[(48.0, 48.0), (70.4, 50.8), (101.2, 50.8), (115.2, 67.6), (115.2, 95.6), (126.4, 115.2), (151.6, 115.2), (176.8, 120.8), (179.6, 143.2), (179.6, 171.2), (199.2, 179.6), (227.2, 179.6), (244.0, 193.6), (244.0, 218.8), (249.6, 244.0), (272.0, 244.0), (300.0, 246.8), (308.4, 269.2), (308.4, 291.6), (308.4, 314.0), (308.4, 336.4), (308.4, 358.8), (308.4, 372.8), (308.4, 372.8), (308.4, 372.8), (308.4, 372.8), (308.4, 372.8), (308.4, 372.8), (308.4, 372.8), (308.4, 372.8), (308.4, 372.8), (308.4, 372.8), (308.4, 372.8), (308.4, 372.8), (308.4, 372.8), (308.4, 372.8), (308.4, 372.8), (308.4, 372.8), (308.4, 372.8), (308.4, 372.8), (308.4, 372.8), (308.4, 372.8), (308.4, 372.8), (308.4, 372.8), (308.4, 370.0), (308.4, 370.0), (308.4, 370.0), (308.4, 364.4), (308.4, 358.8), (308.4, 358.8), (305.6, 347.6), (300.0, 319.6), (300.0, 319.6), (300.0, 319.6), (300.0, 319.6), (300.0, 319.6), (300.0, 319.6), (300.0, 319.6), (300.0, 319.6), (305.6, 319.6), (308.4, 314.0), (308.4, 308.4), (308.4, 302.8), (308.4, 302.8), (308.4, 297.2), (308.4, 297.2), (308.4, 314.0), (308.4, 314.0), (308.4, 314.0), (308.4, 314.0), (308.4, 336.4), (308.4, 364.4), (330.8, 372.8), (339.2, 372.8), (339.2, 372.8), (339.2, 372.8), (339.2, 372.8), (339.2, 372.8), (339.2, 372.8), (339.2, 372.8), (339.2, 372.8), (339.2, 372.8), (339.2, 372.8), (339.2, 372.8), (339.2, 372.8), (339.2, 372.8), (339.2, 372.8), (339.2, 372.8), (339.2, 372.8), (339.2, 372.8), (339.2, 372.8), (339.2, 372.8), (339.2, 372.8), (339.2, 372.8), (339.2, 372.8), (339.2, 372.8), (339.2, 372.8), (339.2, 372.8), (339.2, 372.8), (339.2, 372.8), (339.2, 372.8), (339.2, 372.8), (339.2, 372.8), (339.2, 372.8), (339.2, 372.8), (339.2, 372.8), (339.2, 372.8), (339.2, 372.8), (339.2, 372.8), (339.2, 372.8), (339.2, 372.8), (339.2, 372.8), (339.2, 372.8), (339.2, 372.8), (339.2, 372.8), (339.2, 372.8), (339.2, 372.8), (339.2, 372.8), (339.2, 372.8), (339.2, 372.8), (339.2, 372.8), (339.2, 372.8), (339.2, 372.8), (339.2, 372.8), (339.2, 372.8), (339.2, 372.8)]",0,3,16.68
speedrunner,bomberman,5,Bomb,12,0,16.52,0.95,"[(48.0, 48.0), (70.4, 50.8), (101.2, 50.8), (115.2, 62.0), (115.2, 62.0), (115.2, 62.0), (115.2, 78.8), (115.2, 109.6), (137.6, 115.2), (165.6, 115.2), (179.6, 132.0), (179.6, 160.0), (188.0, 179.6), (210.4, 179.6), (238.4, 182.4), (244.0, 204.8), (244.0, 232.8), (260.8, 244.0), (288.8, 244.0), (308.4, 258.0), (308.4, 280.4), (308.4, 302.8), (308.4, 325.2), (308.4, 347.6), (308.4, 358.8), (308.4, 358.8), (308.4, 358.8), (308.4, 358.8), (308.4, 358.8), (308.4, 358.8), (308.4, 358.8), (308.4, 358.8), (308.4, 353.2), (308.4, 353.2), (308.4, 342.0), (308.4, 325.2), (308.4, 319.6), (308.4, 319.6), (308.4, 319.6), (308.4, 319.6), (308.4, 319.6), (308.4, 319.6), (308.4, 319.6), (308.4, 319.6), (308.4, 319.6), (308.4, 319.6), (308.4, 319.6), (308.4, 319.6), (308.4, 314.0), (308.4, 314.0), (308.4, 314.0), (308.4, 314.0), (308.4, 308.4), (308.4, 302.8), (308.4, 302.8), (308.4, 302.8), (308.4, 297.2), (308.4, 297.2), (308.4, 297.2), (308.4, 291.6), (308.4, 286.0), (308.4, 291.6), (308.4, 300.0), (308.4, 300.0), (308.4, 300.0), (308.4, 314.0), (308.4, 336.4), (308.4, 364.4), (330.8, 372.8), (339.2, 372.8), (339.2, 372.8), (339.2, 372.8), (339.2, 372.8), (339.2, 372.8), (339.2, 372.8), (339.2, 372.8), (339.2, 372.8), (339.2, 372.8), (339.2, 372.8), (339.2, 372.8), (339.2, 372.8), (339.2, 372.8), (339.2, 372.8), (339.2, 372.8), (339.2, 372.8), (339.2, 372.8), (339.2, 372.8), (339.2, 372.8), (339.2, 372.8), (339.2, 372.8), (339.2, 372.8), (339.2, 372.8), (339.2, 372.8), (339.2, 372.8), (339.2, 372.8), (339.2, 372.8), (339.2, 372.8), (339.2, 372.8), (339.2, 372.8), (339.2, 372.8), (339.2, 372.8), (339.2, 372.8), (339.2, 372.8), (339.2, 372.8), (339.2, 372.8), (339.2, 372.8), (339.2, 372.8), (339.2, 372.8), (339.2, 372.8), (339.2, 372.8), (339.2, 372.8), (339.2, 372.8), (339.2, 372.8), (339.2, 372.8), (339.2, 372.8), (339.2, 372.8), (339.2, 372.8), (339.2, 372.8), (339.2, 372.8), (339.2, 372.8), (339.2, 372.8)]",0,2,16.1
speedrunner,bomberman,5,Bomb,155,0,12.49,0.95,"[(48.0, 48.0), (70.4, 50.8), (101.2, 50.8), (115.2, 67.6), (115.2, 95.6), (126.4, 115.2), (151.6, 115.2), (176.8, 120.8), (179.6, 143.2), (179.6, 171.2), (199.2, 179.6), (227.2, 179.6), (244.0, 193.6), (244.0, 218.8), (249.6, 244.0), (272.0, 244.0), (300.0, 246.8), (300.0, 269.2), (308.4, 297.2), (308.4, 319.6), (300.0, 342.0), (300.0, 353.2), (300.0, 347.6), (302.8, 350.4), (300.0, 353.2), (300.0, 347.6), (302.8, 350.4), (300.0, 353.2), (300.0, 347.6), (302.8, 350.4), (300.0, 353.2), (300.0, 347.6), (302.8, 350.4), (300.0, 353.2), (300.0, 347.6), (302.8, 350.4), (300.0, 353.2), (300.0, 347.6), (302.8, 350.4), (300.0, 353.2), (305.6, 353.2), (300.0, 344.8), (300.0, 330.8), (308.4, 311.2), (308.4, 311.2), (308.4, 311.2), (308.4, 311.2), (308.4, 311.2), (305.6, 311.2), (291.6, 308.4), (286.0, 305.6), (286.0, 305.6), (286.0, 305.6), (286.0, 305.6), (286.0, 305.6), (286.0, 305.6), (286.0, 305.6), (286.0, 305.6), (286.0, 305.6), (286.0, 305.6), (286.0, 305.6), (286.0, 305.6), (286.0, 305.6), (286.0, 305.6), (286.0, 305.6), (286.0, 305.6), (286.0, 305.6), (286.0, 305.6), (286.0, 305.6), (286.0, 305.6), (286.0, 305.6), (286.0, 305.6), (286.0, 305.6), (286.0, 305.6), (300.0, 305.6), (300.0, 288.8), (300.0, 288.8), (300.0, 288.8), (300.0, 288.8), (300.0, 288.8), (300.0, 288.8), (300.0, 288.8), (300.0, 288.8), (300.0, 288.8), (300.0, 288.8), (300.0, 288.8), (300.0, 288.8), (300.0, 288.8), (300.0, 283.2), (300.0, 277.6), (300.0, 272.0), (300.0, 272.0), (300.0, 266.4), (300.0, 266.4), (300.0, 263.6), (300.0, 255.2), (300.0, 255.2), (300.0, 255.2), (300.0, 255.2), (300.0, 255.2), (300.0, 255.2), (300.0, 255.2), (300.0, 255.2), (300.0, 255.2), (308.4, 272.0), (308.4, 294.4), (308.4, 316.8), (308.4, 339.2), (311.2, 367.2), (333.6, 372.8), (339.2, 372.8), (339.2, 372.8), (339.2, 372.8), (339.2, 372.8), (339.2, 372.8), (339.2, 372.8), (339.2, 372.8), (339.2, 372.8), (339.2, 372.8), (339.2, 372.8), (339.2, 372.8), (339.2, 372.8), (339.2, 372.8), (339.2, 372.8), (339.2, 372.8), (339.2, 372.8), (339.2, 372.8), (339.2, 372.8), (339.2, 372.8), (339.2, 372.8), (339.2, 372.8), (339.2, 372.8), (339.2, 372.8), (339.2, 372.8), (339.2, 372.8), (339.2, 372.8), (339.2, 372.8), (339.2, 372.8), (339.2, 372.8), (339.2, 372.8), (339.2, 372.8), (339.2, 372.8), (339.2, 372.8), (339.2, 372.8), (339.2, 372.8), (339.2, 372.8), (339.2, 372.8), (339.2, 372.8), (339.2, 372.8), (339.2, 372.8), (339.2, 372.8), (339.2, 372.8), (339.2, 372.8), (339.2, 372.8), (339.2, 372.8), (339.2, 372.8), (339.2, 372.8), (339.2, 372.8), (339.2, 372.8), (339.2, 372.8)]",0,2,21.3
speedrunner,bomberman,5,Bomb,95,0,15.38,0.95,"[(48.0, 48.0), (70.4, 50.8), (101.2, 50.8), (115.2, 67.6), (115.2, 95.6), (126.4, 115.2), (151.6, 115.2), (176.8, 120.8), (179.6, 143.2), (179.6, 171.2), (199.2, 179.6), (227.2, 179.6), (244.0, 193.6), (244.0, 218.8), (249.6, 244.0), (272.0, 244.0), (300.0, 246.8), (308.4, 269.2), (308.4, 291.6), (308.4, 314.0), (308.4, 336.4), (308.4, 353.2), (308.4, 353.2), (308.4, 353.2), (308.4, 353.2), (308.4, 353.2), (308.4, 353.2), (308.4, 353.2), (308.4, 353.2), (308.4, 353.2), (308.4, 353.2), (308.4, 353.2), (308.4, 353.2), (308.4, 353.2), (308.4, 353.2), (308.4, 353.2), (308.4, 353.2), (308.4, 353.2), (308.4, 353.2), (308.4, 353.2), (308.4, 353.2), (308.4, 353.2), (308.4, 353.2), (308.4, 353.2), (308.4, 342.0), (308.4, 319.6), (308.4, 297.2), (308.4, 291.6), (308.4, 286.0), (308.4, 286.0), (308.4, 286.0), (308.4, 286.0), (308.4, 286.0), (308.4, 286.0), (308.4, 286.0), (308.4, 286.0), (308.4, 286.0), (308.4, 286.0), (308.4, 286.0), (308.4, 286.0), (308.4, 286.0), (308.4, 286.0), (308.4, 286.0), (308.4, 286.0), (308.4, 286.0), (308.4, 286.0), (308.4, 286.0), (308.4, 286.0), (308.4, 286.0), (308.4, 286.0), (308.4, 286.0), (308.4, 286.0), (308.4, 286.0), (308.4, 286.0), (308.4, 302.8), (308.4, 325.2), (308.4, 353.2), (319.6, 372.8), (339.2, 372.8), (339.2, 372.8), (339.2, 372.8), (339.2, 372.8), (339.2, 372.8), (339.2, 372.8), (339.2, 372.8), (339.2, 372.8), (339.2, 372.8), (339.2, 372.8), (339.2, 372.8), (339.2, 372.8), (339.2, 372.8), (339.2, 372.8), (339.2, 372.8), (339.2, 372.8), (339.2, 372.8), (339.2, 372.8), (339.2, 372.8), (339.2, 372.8), (339.2, 372.8), (339.2, 372.8), (339.2, 372.8), (339.2, 372.8), (339.2, 372.8), (339.2, 372.8), (339.2, 372.8), (339.2, 372.8), (339.2, 372.8), (339.2, 372.8), (339.2, 372.8), (339.2, 372.8), (339.2, 372.8), (339.2, 372.8), (339.2, 372.8), (339.2, 372.8), (339.2, 372.8), (339.2, 372.8), (339.2, 372.8), (339.2, 372.8), (339.2, 372.8), (339.2, 372.8), (339.2, 372.8), (339.2, 372.8), (339.2, 372.8), (339.2, 372.8), (339.2, 372.8), (339.2, 372.8), (339.2, 372.8), (339.2, 372.8), (339.2, 372.8), (339.2, 372.8)]",0,2,17.3
speedrunner,bomberman,5,Bomb,2,0,12.98,0.15,"[(48.0, 48.0), (70.4, 50.8), (101.2, 50.8), (115.2, 62.0), (115.2, 62.0), (115.2, 62.0), (115.2, 62.0), (115.2, 62.0), (115.2, 62.0), (115.2, 62.0), (115.2, 62.0), (115.2, 62.0), (115.2, 62.0), (115.2, 62.0), (115.2, 62.0), (115.2, 62.0), (115.2, 62.0), (115.2, 62.0), (115.2, 62.0), (115.2, 62.0), (115.2, 62.0), (115.2, 62.0), (115.2, 62.0), (115.2, 62.0), (115.2, 62.0), (115.2, 62.0), (115.2, 62.0), (115.2, 62.0), (109.6, 62.0), (109.6, 62.0), (109.6, 62.0)]",0,0,4.1
speedrunner,bomberman,5,Bomb,3,0,43.21,0.5,"[(48.0, 48.0), (70.4, 50.8), (101.2, 50.8), (123.6, 50.8), (146.0, 50.8), (174.0, 50.8), (196.4, 50.8), (224.4, 50.8), (246.8, 50.8), (269.2, 50.8), (297.2, 50.8), (319.6, 50.8), (344.8, 50.8), (370.0, 50.8), (392.4, 50.8), (420.4, 50.8), (434.4, 50.8), (434.4, 50.8), (434.4, 50.8), (434.4, 50.8), (434.4, 50.8), (434.4, 50.8), (434.4, 50.8), (434.4, 50.8), (434.4, 50.8), (434.4, 50.8), (434.4, 50.8), (434.4, 50.8), (434.4, 50.8), (434.4, 50.8), (434.4, 50.8), (434.4, 53.6), (434.4, 53.6), (434.4, 53.6), (434.4, 53.6), (434.4, 53.6), (434.4, 53.6), (434.4, 53.6), (434.4, 53.6), (434.4, 53.6), (434.4, 53.6), (434.4, 53.6), (434.4, 53.6), (434.4, 53.6), (434.4, 53.6), (434.4, 53.6), (434.4, 53.6), (434.4, 53.6), (434.4, 53.6), (434.4, 53.6), (434.4, 53.6), (434.4, 53.6), (434.4, 53.6), (434.4, 53.6), (434.4, 53.6), (434.4, 53.6), (434.4, 53.6), (434.4, 53.6), (434.4, 53.6), (434.4, 53.6), (434.4, 53.6)]",0,0,8.1
speedrunner,bomberman,5,Bomb,55,0,24.08,0.7,"[(48.0, 48.0), (70.4, 50.8), (101.2, 50.8), (115.2, 67.6), (115.2, 95.6), (126.4, 115.2), (151.6, 115.2), (176.8, 120.8), (179.6, 143.2), (179.6, 171.2), (199.2, 179.6), (227.2, 179.6), (244.0, 193.6), (244.0, 218.8), (249.6, 244.0), (272.0, 244.0), (300.0, 246.8), (300.0, 269.2), (308.4, 297.2), (308.4, 319.6), (300.0, 336.4), (300.0, 336.4), (300.0, 336.4), (300.0, 336.4), (300.0, 336.4), (300.0, 336.4), (300.0, 336.4), (300.0, 336.4), (300.0, 336.4), (300.0, 336.4), (300.0, 336.4), (300.0, 336.4), (300.0, 336.4), (300.0, 336.4), (300.0, 336.4), (300.0, 336.4), (300.0, 336.4), (300.0, 336.4), (300.0, 336.4), (300.0, 336.4), (300.0, 336.4), (300.0, 336.4), (300.0, 330.8), (300.0, 328.0), (300.0, 325.2), (300.0, 322.4), (300.0, 328.0), (300.0, 325.2), (300.0, 319.6), (300.0, 319.6), (300.0, 319.6), (300.0, 319.6), (300.0, 316.8), (300.0, 322.4), (300.0, 319.6), (300.0, 316.8), (300.0, 322.4), (300.0, 319.6), (300.0, 316.8), (300.0, 322.4), (300.0, 319.6), (300.0, 316.8), (300.0, 322.4), (300.0, 319.6), (300.0, 316.8), (300.0, 322.4), (300.0, 319.6), (300.0, 316.8), (300.0, 322.4), (300.0, 319.6), (300.0, 316.8)]",0,0,9.42
speedrunner,bomberman,5,Bomb,58,0,12.91,0.95,"[(48.0, 48.0), (70.4, 50.8), (101.2, 50.8), (115.2, 67.6), (115.2, 95.6), (126.4, 115.2), (151.6, 115.2), (176.8, 120.8), (179.6, 143.2), (179.6, 171.2), (199.2, 179.6), (227.2, 179.6), (244.0, 193.6), (244.0, 218.8), (249.6, 244.0), (272.0, 244.0), (300.0, 246.8), (308.4, 269.2), (308.4, 291.6), (308.4, 314.0), (308.4, 336.4), (308.4, 358.8), (308.4, 370.0), (308.4, 370.0), (308.4, 370.0), (308.4, 370.0), (308.4, 370.0), (308.4, 370.0), (308.4, 370.0), (308.4, 370.0), (308.4, 370.0), (308.4, 370.0), (308.4, 370.0), (308.4, 370.0), (308.4, 370.0), (308.4, 370.0), (308.4, 370.0), (308.4, 370.0), (308.4, 370.0), (308.4, 364.4), (308.4, 364.4), (308.4, 358.8), (308.4, 358.8), (308.4, 353.2), (300.0, 336.4), (300.0, 319.6), (300.0, 319.6), (300.0, 319.6), (300.0, 319.6), (300.0, 319.6), (300.0, 319.6), (300.0, 319.6), (300.0, 319.6), (300.0, 319.6), (300.0, 319.6), (300.0, 319.6), (300.0, 319.6), (300.0, 319.6), (305.6, 319.6), (308.4, 314.0), (308.4, 308.4), (308.4, 302.8), (308.4, 302.8), (308.4, 297.2), (308.4, 297.2), (308.4, 297.2), (308.4, 314.0), (308.4, 302.8), (308.4, 302.8), (308.4, 302.8), (308.4, 325.2), (308.4, 353.2), (319.6, 372.8), (339.2, 372.8), (339.2, 372.8), (339.2, 372.8), (339.2, 372.8), (339.2, 372.8), (339.2, 372.8), (339.2, 372.8), (339.2, 372.8), (339.2, 372.8), (339.2, 372.8), (339.2, 372.8), (339.2, 372.8), (339.2, 372.8), (339.2, 372.8), (339.2, 372.8), (339.2, 372.8), (339.2, 372.8), (339.2, 372.8), (339.2, 372.8), (339.2, 372.8), (339.2, 372.8), (339.2, 372.8), (339.2, 372.8), (339.2, 372.8), (339.2, 372.8), (339.2, 372.8), (339.2, 372.8), (339.2, 372.8), (339.2, 372.8), (339.2, 372.8), (339.2, 372.8), (339.2, 372.8), (339.2, 372.8), (339.2, 372.8), (339.2, 372.8), (339.2, 372.8), (339.2, 372.8), (339.2, 372.8), (339.2, 372.8), (339.2, 372.8), (339.2, 372.8), (339.2, 372.8), (339.2, 372.8), (339.2, 372.8), (339.2, 372.8), (339.2, 372.8), (339.2, 372.8), (339.2, 372.8), (322.4, 372.8), (300.0, 372.8), (288.8, 372.8), (288.8, 372.8), (288.8, 372.8)]",0,3,16.7
speedrunner,bomberman,5,Bomb,35,0,15.94,0.95,"[(48.0, 48.0), (70.4, 50.8), (101.2, 50.8), (115.2, 67.6), (115.2, 95.6), (126.4, 115.2), (151.6, 115.2), (176.8, 120.8), (179.6, 143.2), (179.6, 171.2), (199.2, 179.6), (227.2, 179.6), (244.0, 193.6), (244.0, 218.8), (249.6, 244.0), (272.0, 244.0), (300.0, 246.8), (308.4, 269.2), (308.4, 291.6), (308.4, 314.0), (308.4, 336.4), (308.4, 358.8), (308.4, 372.8), (308.4, 372.8), (308.4, 372.8), (308.4, 372.8), (308.4, 372.8), (308.4, 372.8), (308.4, 372.8), (308.4, 372.8), (308.4, 372.8), (308.4, 372.8), (308.4, 372.8), (308.4, 372.8), (308.4, 372.8), (308.4, 372.8), (308.4, 372.8), (308.4, 372.8), (308.4, 372.8), (308.4, 372.8), (308.4, 372.8), (308.4, 372.8), (308.4, 372.8), (308.4, 372.8), (308.4, 370.0), (308.4, 370.0), (308.4, 370.0), (308.4, 364.4), (308.4, 358.8), (308.4, 358.8), (305.6, 347.6), (300.0, 319.6), (300.0, 319.6), (300.0, 319.6), (300.0, 319.6), (300.0, 319.6), (300.0, 319.6), (300.0, 319.6), (300.0, 319.6), (305.6, 319.6), (308.4, 314.0), (308.4, 308.4), (308.4, 302.8), (308.4, 302.8), (308.4, 297.2), (308.4, 297.2), (308.4, 314.0), (308.4, 314.0), (308.4, 314.0), (308.4, 314.0), (308.4, 336.4), (308.4, 364.4), (330.8, 372.8), (339.2, 372.8), (339.2, 372.8), (339.2, 372.8), (339.2, 372.8), (339.2, 372.8), (339.2, 372.8), (339.2, 372.8), (339.2, 372.8), (339.2, 372.8), (339.2, 372.8), (339.2, 372.8), (339.2, 372.8), (339.2, 372.8), (339.2, 372.8), (339.2, 372.8), (339.2, 372.8), (339.2, 372.8), (339.2, 372.8), (339.2, 372.8), (339.2, 372.8), (339.2, 372.8), (339.2, 372.8), (339.2, 372.8), (339.2, 372.8), (339.2, 372.8), (339.2, 372.8), (339.2, 372.8), (339.2, 372.8), (339.2, 372.8), (339.2, 372.8), (339.2, 372.8), (339.2, 372.8), (339.2, 372.8), (339.2, 372.8), (339.2, 372.8), (339.2, 372.8), (339.2, 372.8), (339.2, 372.8), (339.2, 372.8), (339.2, 372.8), (339.2, 372.8), (339.2, 372.8), (339.2, 372.8), (339.2, 372.8), (339.2, 372.8), (339.2, 372.8), (339.2, 372.8), (339.2, 372.8), (339.2, 372.8), (339.2, 372.8), (339.2, 372.8), (339.2, 372.8), (339.2, 372.8)]",0,3,16.68
speedrunner,bomberman,5,Bomb,56,0,15.01,0.95,"[(48.0, 48.0), (70.4, 50.8), (101.2, 50.8), (115.2, 67.6), (115.2, 95.6), (126.4, 115.2), (151.6, 115.2), (176.8, 120.8), (179.6, 126.4), (179.6, 132.0), (179.6, 160.0), (188.0, 179.6), (210.4, 179.6), (238.4, 182.4), (244.0, 204.8), (244.0, 232.8), (260.8, 244.0), (288.8, 244.0), (308.4, 258.0), (308.4, 280.4), (308.4, 302.8), (308.4, 325.2), (308.4, 347.6), (308.4, 370.0), (308.4, 372.8), (308.4, 372.8), (308.4, 372.8), (308.4, 372.8), (308.4, 372.8), (308.4, 372.8), (308.4, 372.8), (308.4, 372.8), (308.4, 372.8), (308.4, 372.8), (308.4, 372.8), (308.4, 372.8), (308.4, 372.8), (308.4, 372.8), (308.4, 367.2), (308.4, 367.2), (308.4, 367.2), (308.4, 361.6), (308.4, 361.6), (308.4, 361.6), (302.8, 344.8), (302.8, 322.4), (302.8, 322.4), (302.8, 322.4), (302.8, 322.4), (302.8, 322.4), (302.8, 322.4), (302.8, 322.4), (302.8, 322.4), (302.8, 322.4), (302.8, 322.4), (302.8, 322.4), (302.8, 322.4), (302.8, 322.4), (302.8, 316.8), (308.4, 311.2), (308.4, 311.2), (308.4, 305.6), (308.4, 305.6), (308.4, 305.6), (308.4, 294.4), (308.4, 294.4), (294.4, 308.4), (294.4, 308.4), (294.4, 308.4), (300.0, 311.2), (308.4, 333.6), (308.4, 361.6), (328.0, 372.8), (339.2, 372.8), (339.2, 372.8), (339.2, 372.8), (339.2, 372.8), (339.2, 372.8), (339.2, 372.8), (339.2, 372.8), (339.2, 372.8), (339.2, 372.8), (339.2, 372.8), (339.2, 372.8), (339.2, 372.8), (339.2, 372.8), (339.2, 372.8), (339.2, 372.8), (339.2, 372.8), (339.2, 372.8), (339.2, 372.8), (339.2, 372.8), (339.2, 372.8), (339.2, 372.8), (339.2, 372.8), (339.2, 372.8), (339.2, 372.8), (339.2, 372.8), (339.2, 372.8), (339.2, 372.8), (339.2, 372.8), (339.2, 372.8), (339.2, 372.8), (339.2, 372.8), (339.2, 372.8), (339.2, 372.8), (339.2, 372.8), (339.2, 372.8), (339.2, 372.8), (339.2, 372.8), (339.2, 372.8), (339.2, 372.8), (339.2, 372.8), (339.2, 372.8), (339.2, 372.8), (339.2, 372.8), (339.2, 372.8), (339.2, 372.8), (339.2, 372.8), (339.2, 372.8), (339.2, 372.8), (339.2, 372.8), (339.2, 372.8), (339.2, 372.8), (339.2, 372.8), (339.2, 372.8), (339.2, 372.8), (339.2, 372.8), (339.2, 372.8)]",0,3,17.17
speedrunner,bomberman,5,Bomb,60,0,13.18,0.95,"[(48.0, 48.0), (70.4, 50.8), (101.2, 50.8), (115.2, 62.0), (115.2, 62.0), (115.2, 62.0), (115.2, 62.0), (115.2, 62.0), (115.2, 62.0), (115.2, 62.0), (115.2, 62.0), (115.2, 62.0), (115.2, 62.0), (115.2, 62.0), (115.2, 62.0), (115.2, 62.0), (115.2, 67.6), (115.2, 95.6), (126.4, 115.2), (151.6, 115.2), (176.8, 120.8), (179.6, 126.4), (179.6, 126.4), (179.6, 126.4), (179.6, 126.4), (179.6, 126.4), (179.6, 126.4), (179.6, 126.4), (179.6, 126.4), (179.6, 126.4), (179.6, 126.4), (179.6, 126.4), (179.6, 143.2), (179.6, 171.2), (199.2, 179.6), (227.2, 179.6), (244.0, 193.6), (244.0, 218.8), (249.6, 244.0), (272.0, 244.0), (300.0, 246.8), (308.4, 269.2), (308.4, 291.6), (308.4, 314.0), (308.4, 336.4), (308.4, 358.8), (308.4, 372.8), (308.4, 372.8), (308.4, 372.8), (308.4, 372.8), (308.4, 372.8), (308.4, 372.8), (308.4, 372.8), (308.4, 372.8), (308.4, 372.8), (308.4, 372.8), (308.4, 372.8), (308.4, 372.8), (308.4, 372.8), (308.4, 372.8), (308.4, 372.8), (308.4, 372.8), (308.4, 372.8), (308.4, 372.8), (308.4, 372.8), (308.4, 372.8), (308.4, 372.8), (308.4, 367.2), (308.4, 367.2), (308.4, 367.2), (308.4, 361.6), (308.4, 361.6), (308.4, 356.0), (300.0, 339.2), (302.8, 322.4), (302.8, 322.4), (302.8, 322.4), (300.0, 316.8), (300.0, 322.4), (300.0, 319.6), (300.0, 316.8), (300.0, 322.4), (300.0, 319.6), (300.0, 316.8), (300.0, 322.4), (300.0, 319.6), (300.0, 316.8), (300.0, 311.2), (300.0, 311.2), (291.6, 305.6), (286.0, 305.6), (286.0, 305.6), (286.0, 308.4), (286.0, 308.4), (286.0, 308.4), (286.0, 305.6), (308.4, 319.6), (308.4, 342.0), (314.0, 370.0), (336.4, 372.8), (339.2, 372.8), (339.2, 372.8), (339.2, 372.8), (339.2, 372.8), (339.2, 372.8), (339.2, 372.8), (339.2, 372.8), (339.2, 372.8), (339.2, 372.8), (339.2, 372.8), (339.2, 372.8), (339.2, 372.8), (339.2, 372.8), (339.2, 372.8), (339.2, 372.8), (339.2, 372.8), (339.2, 372.8), (339.2, 372.8), (339.2, 372.8), (339.2, 372.8), (339.2, 372.8), (339.2, 372.8), (339.2, 372.8), (339.2, 372.8), (339.2, 372.8), (339.2, 372.8), (339.2, 372.8), (339.2, 372.8), (339.2, 372.8), (339.2, 372.8), (339.2, 372.8), (339.2, 372.8), (339.2, 372.8), (339.2, 372.8), (339.2, 372.8), (339.2, 372.8), (339.2, 372.8), (339.2, 372.8), (339.2, 372.8), (339.2, 372.8), (339.2, 372.8), (339.2, 372.8), (339.2, 372.8), (339.2, 372.8), (339.2, 372.8), (339.2, 372.8), (339.2, 372.8), (339.2, 372.8), (339.2, 372.8), (339.2, 372.8), (339.2, 372.8), (339.2, 372.8)]",0,3,20.18
speedrunner,bomberman,5,Bomb,95,0,15.38,0.95,"[(48.0, 48.0), (70.4, 50.8), (101.2, 50.8), (115.2, 67.6), (115.2, 95.6), (126.4, 115.2), (151.6, 115.2), (176.8, 120.8), (179.6, 143.2), (179.6, 171.2), (199.2, 179.6), (227.2, 179.6), (244.0, 193.6), (244.0, 218.8), (249.6, 244.0), (272.0, 244.0), (300.0, 246.8), (308.4, 269.2), (308.4, 291.6), (308.4, 314.0), (308.4, 336.4), (308.4, 353.2), (308.4, 353.2), (308.4, 353.2), (308.4, 353.2), (308.4, 353.2), (308.4, 353.2), (308.4, 353.2), (308.4, 353.2), (308.4, 353.2), (308.4, 353.2), (308.4, 353.2), (308.4, 353.2), (308.4, 353.2), (308.4, 353.2), (308.4, 353.2), (308.4, 353.2), (308.4, 353.2), (308.4, 353.2), (308.4, 353.2), (308.4, 353.2), (308.4, 353.2), (308.4, 353.2), (308.4, 353.2), (308.4, 342.0), (308.4, 319.6), (308.4, 297.2), (308.4, 291.6), (308.4, 286.0), (308.4, 286.0), (308.4, 286.0), (308.4, 286.0), (308.4, 286.0), (308.4, 286.0), (308.4, 286.0), (308.4, 286.0), (308.4, 286.0), (308.4, 286.0), (308.4, 286.0), (308.4, 286.0), (308.4, 286.0), (308.4, 286.0), (308.4, 286.0), (308.4, 286.0), (308.4, 286.0), (308.4, 286.0), (308.4, 286.0), (308.4, 286.0), (308.4, 286.0), (308.4, 286.0), (308.4, 286.0), (308.4, 286.0), (308.4, 286.0), (308.4, 286.0), (308.4, 302.8), (308.4, 325.2), (308.4, 353.2), (319.6, 372.8), (339.2, 372.8), (339.2, 372.8), (339.2, 372.8), (339.2, 372.8), (339.2, 372.8), (339.2, 372.8), (339.2, 372.8), (339.2, 372.8), (339.2, 372.8), (339.2, 372.8), (339.2, 372.8), (339.2, 372.8), (339.2, 372.8), (339.2, 372.8), (339.2, 372.8), (339.2, 372.8), (339.2, 372.8), (339.2, 372.8), (339.2, 372.8), (339.2, 372.8), (339.2, 372.8), (339.2, 372.8), (339.2, 372.8), (339.2, 372.8), (339.2, 372.8), (339.2, 372.8), (339.2, 372.8), (339.2, 372.8), (339.2, 372.8), (339.2, 372.8), (339.2, 372.8), (339.2, 372.8), (339.2, 372.8), (339.2, 372.8), (339.2, 372.8), (339.2, 372.8), (339.2, 372.8), (339.2, 372.8), (339.2, 372.8), (339.2, 372.8), (339.2, 372.8), (339.2, 372.8), (339.2, 372.8), (339.2, 372.8), (339.2, 372.8), (339.2, 372.8), (339.2, 372.8), (339.2, 372.8), (339.2, 372.8), (339.2, 372.8), (339.2, 372.8), (339.2, 372.8)]",0,2,17.3
speedrunner,bomberman,5,Bomb,155,0,12.49,0.95,"[(48.0, 48.0), (70.4, 50.8), (101.2, 50.8), (115.2, 67.6), (115.2, 95.6), (126.4, 115.2), (151.6, 115.2), (176.8, 120.8), (179.6, 143.2), (179.6, 171.2), (199.2, 179.6), (227.2, 179.6), (244.0, 193.6), (244.0, 218.8), (249.6, 244.0), (272.0, 244.0), (300.0, 246.8), (300.0, 269.2), (308.4, 297.2), (308.4, 319.6), (300.0, 342.0), (300.0, 353.2), (300.0, 347.6), (302.8, 350.4), (300.0, 353.2), (300.0, 347.6), (302.8, 350.4), (300.0, 353.2), (300.0, 347.6), (302.8, 350.4), (300.0, 353.2), (300.0, 347.6), (302.8, 350.4), (300.0, 353.2), (300.0, 347.6), (302.8, 350.4), (300.0, 353.2), (300.0, 347.6), (302.8, 350.4), (300.0, 353.2), (305.6, 353.2), (300.0, 344.8), (300.0, 330.8), (308.4, 311.2), (308.4, 311.2), (308.4, 311.2), (308.4, 311.2), (308.4, 311.2), (305.6, 311.2), (291.6, 308.4), (286.0, 305.6), (286.0, 305.6), (286.0, 305.6), (286.0, 305.6), (286.0, 305.6), (286.0, 305.6), (286.0, 305.6), (286.0, 305.6), (286.0, 305.6), (286.0, 305.6), (286.0, 305.6), (286.0, 305.6), (286.0, 305.6), (286.0, 305.6), (286.0, 305.6), (286.0, 305.6), (286.0, 305.6), (286.0, 305.6), (286.0, 305.6), (286.0, 305.6), (286.0, 305.6), (286.0, 305.6), (286.0, 305.6), (286.0, 305.6), (300.0, 305.6), (300.0, 288.8), (300.0, 288.8), (300.0, 288.8), (300.0, 288.8), (300.0, 288.8), (300.0, 288.8), (300.0, 288.8), (300.0, 288.8), (300.0, 288.8), (300.0, 288.8), (300.0, 288.8), (300.0, 288.8), (300.0, 288.8), (300.0, 283.2), (300.0, 277.6), (300.0, 272.0), (300.0, 272.0), (300.0, 266.4), (300.0, 266.4), (300.0, 263.6), (300.0, 255.2), (300.0, 255.2), (300.0, 255.2), (300.0, 255.2), (300.0, 255.2), (300.0, 255.2), (300.0, 255.2), (300.0, 255.2), (300.0, 255.2), (308.4, 272.0), (308.4, 294.4), (308.4, 316.8), (308.4, 339.2), (311.2, 367.2), (333.6, 372.8), (339.2, 372.8), (339.2, 372.8), (339.2, 372.8), (339.2, 372.8), (339.2, 372.8), (339.2, 372.8), (339.2, 372.8), (339.2, 372.8), (339.2, 372.8), (339.2, 372.8), (339.2, 372.8), (339.2, 372.8), (339.2, 372.8), (339.2, 372.8), (339.2, 372.8), (339.2, 372.8), (339.2, 372.8), (339.2, 372.8), (339.2, 372.8), (339.2, 372.8), (339.2, 372.8), (339.2, 372.8), (339.2, 372.8), (339.2, 372.8), (339.2, 372.8), (339.2, 372.8), (339.2, 372.8), (339.2, 372.8), (339.2, 372.8), (339.2, 372.8), (339.2, 372.8), (339.2, 372.8), (339.2, 372.8), (339.2, 372.8), (339.2, 372.8), (339.2, 372.8), (339.2, 372.8), (339.2, 372.8), (339.2, 372.8), (339.2, 372.8), (339.2, 372.8), (339.2, 372.8), (339.2, 372.8), (339.2, 372.8), (339.2, 372.8), (339.2, 372.8), (339.2, 372.8), (339.2, 372.8), (339.2, 372.8), (339.2, 372.8)]",0,2,21.3
speedrunner,bomberman,5,Bomb,101,0,17.68,0.8,"[(48.0, 48.0), (70.4, 50.8), (101.2, 50.8), (115.2, 67.6), (115.2, 95.6), (126.4, 115.2), (151.6, 115.2), (176.8, 120.8), (179.6, 143.2), (179.6, 171.2), (199.2, 179.6), (227.2, 179.6), (244.0, 193.6), (244.0, 218.8), (249.6, 244.0), (272.0, 244.0), (300.0, 246.8), (308.4, 269.2), (308.4, 291.6), (308.4, 314.0), (308.4, 336.4), (308.4, 353.2), (308.4, 353.2), (308.4, 353.2), (308.4, 353.2), (308.4, 353.2), (308.4, 353.2), (308.4, 353.2), (308.4, 353.2), (308.4, 353.2), (308.4, 353.2), (308.4, 353.2), (308.4, 353.2), (308.4, 353.2), (308.4, 353.2), (308.4, 353.2), (308.4, 353.2), (308.4, 353.2), (308.4, 353.2), (308.4, 353.2), (308.4, 353.2), (308.4, 347.6), (308.4, 336.4), (308.4, 319.6), (308.4, 319.6), (308.4, 319.6), (308.4, 319.6), (308.4, 319.6), (308.4, 319.6), (308.4, 314.0), (308.4, 314.0), (308.4, 314.0), (308.4, 308.4), (308.4, 302.8), (308.4, 302.8), (308.4, 297.2), (308.4, 297.2), (308.4, 286.0), (308.4, 286.0), (308.4, 286.0), (308.4, 286.0), (308.4, 286.0), (308.4, 286.0), (308.4, 286.0), (308.4, 286.0), (308.4, 286.0), (308.4, 286.0), (308.4, 286.0), (308.4, 286.0), (308.4, 286.0), (308.4, 286.0), (308.4, 286.0), (308.4, 286.0), (308.4, 286.0), (308.4, 300.0), (308.4, 300.0), (308.4, 300.0), (308.4, 300.0), (308.4, 300.0), (308.4, 300.0), (308.4, 300.0), (308.4, 300.0), (308.4, 300.0), (308.4, 300.0), (308.4, 300.0), (308.4, 300.0), (308.4, 300.0), (308.4, 300.0), (308.4, 300.0), (308.4, 300.0), (308.4, 300.0), (308.4, 300.0), (308.4, 300.0), (308.4, 300.0), (308.4, 300.0), (308.4, 300.0), (308.4, 300.0), (308.4, 300.0), (308.4, 300.0), (308.4, 300.0)]",0,1,13.3
speedrunner,bomberman,5,Bomb,38,0,12.0,0.95,"[(48.0, 48.0), (70.4, 50.8), (101.2, 50.8), (115.2, 67.6), (115.2, 95.6), (126.4, 115.2), (151.6, 115.2), (176.8, 120.8), (179.6, 143.2), (179.6, 171.2), (199.2, 179.6), (227.2, 179.6), (244.0, 193.6), (244.0, 218.8), (249.6, 244.0), (272.0, 244.0), (300.0, 246.8), (308.4, 269.2), (308.4, 291.6), (308.4, 314.0), (308.4, 336.4), (308.4, 358.8), (308.4, 372.8), (308.4, 372.8), (308.4, 372.8), (308.4, 372.8), (308.4, 372.8), (308.4, 372.8), (308.4, 372.8), (308.4, 372.8), (308.4, 372.8), (308.4, 372.8), (308.4, 372.8), (308.4, 372.8), (308.4, 372.8), (308.4, 372.8), (308.4, 372.8), (308.4, 372.8), (308.4, 372.8), (308.4, 372.8), (308.4, 372.8), (308.4, 372.8), (308.4, 372.8), (308.4, 372.8), (308.4, 372.8), (308.4, 372.8), (308.4, 372.8), (308.4, 372.8), (308.4, 372.8), (308.4, 372.8), (308.4, 372.8), (308.4, 372.8), (308.4, 372.8), (308.4, 370.0), (308.4, 364.4), (308.4, 358.8), (308.4, 353.2), (300.0, 330.8), (300.0, 319.6), (300.0, 319.6), (300.0, 319.6), (300.0, 319.6), (300.0, 319.6), (300.0, 319.6), (300.0, 319.6), (300.0, 319.6), (308.4, 314.0), (308.4, 308.4), (308.4, 302.8), (308.4, 302.8), (308.4, 297.2), (308.4, 291.6), (308.4, 286.0), (308.4, 286.0), (308.4, 286.0), (308.4, 291.6), (308.4, 291.6), (308.4, 286.0), (308.4, 286.0), (308.4, 302.8), (308.4, 325.2), (308.4, 353.2), (319.6, 372.8), (339.2, 372.8), (339.2, 372.8), (339.2, 372.8), (339.2, 372.8), (339.2, 372.8), (339.2, 372.8), (339.2, 372.8), (339.2, 372.8), (339.2, 372.8), (339.2, 372.8), (339.2, 372.8), (339.2, 372.8), (339.2, 372.8), (339.2, 372.8), (339.2, 372.8), (339.2, 372.8), (339.2, 372.8), (339.2, 372.8), (339.2, 372.8), (339.2, 372.8), (339.2, 372.8), (339.2, 372.8), (339.2, 372.8), (339.2, 372.8), (339.2, 372.8), (339.2, 372.8), (339.2, 372.8), (339.2, 372.8), (339.2, 372.8), (339.2, 372.8), (339.2, 372.8), (339.2, 372.8), (339.2, 372.8), (339.2, 372.8), (339.2, 372.8), (339.2, 372.8), (339.2, 372.8), (339.2, 372.8), (339.2, 372.8), (339.2, 372.8), (339.2, 372.8), (339.2, 372.8), (339.2, 372.8), (339.2, 372.8), (339.2, 372.8), (339.2, 372.8), (339.2, 372.8), (328.0, 372.8), (305.6, 372.8), (288.8, 372.8), (288.8, 372.8), (288.8, 372.8)]",0,2,17.97
speedrunner,bomberman,5,Bomb,52,0,17.68,0.85,"[(48.0, 48.0), (70.4, 50.8), (101.2, 50.8), (115.2, 67.6), (115.2, 95.6), (126.4, 115.2), (151.6, 115.2), (176.8, 120.8), (179.6, 143.2), (179.6, 171.2), (199.2, 179.6), (227.2, 179.6), (244.0, 193.6), (244.0, 218.8), (249.6, 244.0), (272.0, 244.0), (300.0, 246.8), (308.4, 269.2), (308.4, 291.6), (308.4, 314.0), (308.4, 336.4), (308.4, 353.2), (308.4, 353.2), (308.4, 353.2), (308.4, 353.2), (308.4, 353.2), (308.4, 353.2), (308.4, 353.2), (308.4, 353.2), (308.4, 353.2), (308.4, 353.2), (308.4, 353.2), (308.4, 353.2), (308.4, 353.2), (308.4, 353.2), (308.4, 353.2), (308.4, 353.2), (308.4, 353.2), (308.4, 353.2), (308.4, 353.2), (308.4, 353.2), (308.4, 353.2), (308.4, 353.2), (308.4, 353.2), (308.4, 353.2), (308.4, 353.2), (308.4, 353.2), (308.4, 342.0), (308.4, 330.8), (308.4, 314.0), (308.4, 314.0), (308.4, 314.0), (308.4, 308.4), (308.4, 308.4), (308.4, 302.8), (308.4, 302.8), (308.4, 302.8), (308.4, 302.8), (308.4, 297.2), (308.4, 297.2), (308.4, 297.2), (308.4, 297.2), (308.4, 291.6), (308.4, 286.0), (308.4, 286.0), (308.4, 286.0), (308.4, 286.0), (308.4, 286.0), (308.4, 286.0), (308.4, 286.0), (308.4, 291.6), (308.4, 297.2), (308.4, 297.2), (308.4, 291.6), (308.4, 300.0), (308.4, 300.0), (308.4, 300.0), (308.4, 300.0), (308.4, 300.0), (308.4, 300.0), (308.4, 300.0), (308.4, 300.0), (308.4, 300.0), (308.4, 300.0), (308.4, 300.0), (308.4, 300.0), (308.4, 300.0), (308.4, 300.0), (308.4, 300.0), (308.4, 300.0), (308.4, 300.0), (308.4, 300.0), (308.4, 300.0), (308.4, 300.0), (308.4, 300.0), (308.4, 302.8), (308.4, 319.6), (308.4, 319.6), (308.4, 319.6), (308.4, 319.6)]",0,1,13.3
speedrunner,bomberman,5,Bomb,64,0,25.16,0.85,"[(48.0, 48.0), (70.4, 50.8), (101.2, 50.8), (115.2, 67.6), (115.2, 95.6), (126.4, 115.2), (151.6, 115.2), (176.8, 120.8), (179.6, 143.2), (179.6, 171.2), (199.2, 179.6), (227.2, 179.6), (244.0, 193.6), (244.0, 218.8), (249.6, 244.0), (272.0, 244.0), (300.0, 246.8), (308.4, 269.2), (308.4, 291.6), (308.4, 314.0), (308.4, 336.4), (308.4, 358.8), (308.4, 372.8), (308.4, 372.8), (308.4, 372.8), (308.4, 372.8), (308.4, 372.8), (308.4, 372.8), (308.4, 372.8), (308.4, 372.8), (308.4, 372.8), (308.4, 372.8), (308.4, 372.8), (308.4, 372.8), (308.4, 372.8), (308.4, 372.8), (308.4, 372.8), (308.4, 372.8), (308.4, 372.8), (308.4, 372.8), (308.4, 372.8), (308.4, 372.8), (308.4, 372.8), (308.4, 372.8), (308.4, 372.8), (308.4, 372.8), (308.4, 372.8), (308.4, 372.8), (308.4, 370.0), (308.4, 370.0), (308.4, 364.4), (308.4, 358.8), (308.4, 353.2), (300.0, 336.4), (300.0, 319.6), (300.0, 319.6), (300.0, 319.6), (300.0, 319.6), (300.0, 319.6), (300.0, 319.6), (300.0, 319.6), (300.0, 319.6), (300.0, 319.6), (300.0, 319.6), (300.0, 319.6), (300.0, 319.6), (300.0, 319.6), (300.0, 319.6), (300.0, 319.6), (300.0, 319.6), (308.4, 319.6)]",0,1,9.35
speedrunner,bomberman,5,Bomb,58,0,12.91,0.95,"[(48.0, 48.0), (70.4, 50.8), (101.2, 50.8), (115.2, 67.6), (115.2, 95.6), (126.4, 115.2), (151.6, 115.2), (176.8, 120.8), (179.6, 143.2), (179.6, 171.2), (199.2, 179.6), (227.2, 179.6), (244.0, 193.6), (244.0, 218.8), (249.6, 244.0), (272.0, 244.0), (300.0, 246.8), (308.4, 269.2), (308.4, 291.6), (308.4, 314.0), (308.4, 336.4), (308.4, 358.8), (308.4, 370.0), (308.4, 370.0), (308.4, 370.0), (308.4, 370.0), (308.4, 370.0), (308.4, 370.0), (308.4, 370.0), (308.4, 370.0), (308.4, 370.0), (308.4, 370.0), (308.4, 370.0), (308.4, 370.0), (308.4, 370.0), (308.4, 370.0), (308.4, 370.0), (308.4, 370.0), (308.4, 370.0), (308.4, 364.4), (308.4, 364.4), (308.4, 358.8), (308.4, 358.8), (308.4, 353.2), (300.0, 336.4), (300.0, 319.6), (300.0, 319.6), (300.0, 319.6), (300.0, 319.6), (300.0, 319.6), (300.0, 319.6), (300.0, 319.6), (300.0, 319.6), (300.0, 319.6), (300.0, 319.6), (300.0, 319.6), (300.0, 319.6), (300.0, 319.6), (305.6, 319.6), (308.4, 314.0), (308.4, 308.4), (308.4, 302.8), (308.4, 302.8), (308.4, 297.2), (308.4, 297.2), (308.4, 297.2), (308.4, 314.0), (308.4, 302.8), (308.4, 302.8), (308.4, 302.8), (308.4, 325.2), (308.4, 353.2), (319.6, 372.8), (339.2, 372.8), (339.2, 372.8), (339.2, 372.8), (339.2, 372.8), (339.2, 372.8), (339.2, 372.8), (339.2, 372.8), (339.2, 372.8), (339.2, 372.8), (339.2, 372.8), (339.2, 372.8), (339.2, 372.8), (339.2, 372.8), (339.2, 372.8), (339.2, 372.8), (339.2, 372.8), (339.2, 372.8), (339.2, 372.8), (339.2, 372.8), (339.2, 372.8), (339.2, 372.8), (339.2, 372.8), (339.2, 372.8), (339.2, 372.8), (339.2, 372.8), (339.2, 372.8), (339.2, 372.8), (339.2, 372.8), (339.2, 372.8), (339.2, 372.8), (339.2, 372.8), (339.2, 372.8), (339.2, 372.8), (339.2, 372.8), (339.2, 372.8), (339.2, 372.8), (339.2, 372.8), (339.2, 372.8), (339.2, 372.8), (339.2, 372.8), (339.2, 372.8), (339.2, 372.8), (339.2, 372.8), (339.2, 372.8), (339.2, 372.8), (339.2, 372.8), (339.2, 372.8), (339.2, 372.8), (322.4, 372.8), (300.0, 372.8), (288.8, 372.8), (288.8, 372.8), (288.8, 372.8)]",0,3,16.7
speedrunner,bomberman,5,Bomb,60,0,13.18,0.95,"[(48.0, 48.0), (70.4, 50.8), (101.2, 50.8), (115.2, 62.0), (115.2, 62.0), (115.2, 62.0), (115.2, 62.0), (115.2, 62.0), (115.2, 62.0), (115.2, 62.0), (115.2, 62.0), (115.2, 62.0), (115.2, 62.0), (115.2, 62.0), (115.2, 62.0), (115.2, 62.0), (115.2, 67.6), (115.2, 95.6), (126.4, 115.2), (151.6, 115.2), (176.8, 120.8), (179.6, 126.4), (179.6, 126.4), (179.6, 126.4), (179.6, 126.4), (179.6, 126.4), (179.6, 126.4), (179.6, 126.4), (179.6, 126.4), (179.6, 126.4), (179.6, 126.4), (179.6, 126.4), (179.6, 143.2), (179.6, 171.2), (199.2, 179.6), (227.2, 179.6), (244.0, 193.6), (244.0, 218.8), (249.6, 244.0), (272.0, 244.0), (300.0, 246.8), (308.4, 269.2), (308.4, 291.6), (308.4, 314.0), (308.4, 336.4), (308.4, 358.8), (308.4, 372.8), (308.4, 372.8), (308.4, 372.8), (308.4, 372.8), (308.4, 372.8), (308.4, 372.8), (308.4, 372.8), (308.4, 372.8), (308.4, 372.8), (308.4, 372.8), (308.4, 372.8), (308.4, 372.8), (308.4, 372.8), (308.4, 372.8), (308.4, 372.8), (308.4, 372.8), (308.4, 372.8), (308.4, 372.8), (308.4, 372.8), (308.4, 372.8), (308.4, 372.8), (308.4, 367.2), (308.4, 367.2), (308.4, 367.2), (308.4, 361.6), (308.4, 361.6), (308.4, 356.0), (300.0, 339.2), (302.8, 322.4), (302.8, 322.4), (302.8, 322.4), (300.0, 316.8), (300.0, 322.4), (300.0, 319.6), (300.0, 316.8), (300.0, 322.4), (300.0, 319.6), (300.0, 316.8), (300.0, 322.4), (300.0, 319.6), (300.0, 316.8), (300.0, 311.2), (300.0, 311.2), (291.6, 305.6), (286.0, 305.6), (286.0, 305.6), (286.0, 308.4), (286.0, 308.4), (286.0, 308.4), (286.0, 305.6), (308.4, 319.6), (308.4, 342.0), (314.0, 370.0), (336.4, 372.8), (339.2, 372.8), (339.2, 372.8), (339.2, 372.8), (339.2, 372.8), (339.2, 372.8), (339.2, 372.8), (339.2, 372.8), (339.2, 372.8), (339.2, 372.8), (339.2, 372.8), (339.2, 372.8), (339.2, 372.8), (339.2, 372.8), (339.2, 372.8), (339.2, 372.8), (339.2, 372.8), (339.2, 372.8), (339.2, 372.8), (339.2, 372.8), (339.2, 372.8), (339.2, 372.8), (339.2, 372.8), (339.2, 372.8), (339.2, 372.8), (339.2, 372.8), (339.2, 372.8), (339.2, 372.8), (339.2, 372.8), (339.2, 372.8), (339.2, 372.8), (339.2, 372.8), (339.2, 372.8), (339.2, 372.8), (339.2, 372.8), (339.2, 372.8), (339.2, 372.8), (339.2, 372.8), (339.2, 372.8), (339.2, 372.8), (339.2, 372.8), (339.2, 372.8), (339.2, 372.8), (339.2, 372.8), (339.2, 372.8), (339.2, 372.8), (339.2, 372.8), (339.2, 372.8), (339.2, 372.8), (339.2, 372.8), (339.2, 372.8), (339.2, 372.8), (339.2, 372.8)]",0,3,20.18
speedrunner,bomberman,5,Bomb,56,0,15.01,0.95,"[(48.0, 48.0), (70.4, 50.8), (101.2, 50.8), (115.2, 67.6), (115.2, 95.6), (126.4, 115.2), (151.6, 115.2), (176.8, 120.8), (179.6, 126.4), (179.6, 132.0), (179.6, 160.0), (188.0, 179.6), (210.4, 179.6), (238.4, 182.4), (244.0, 204.8), (244.0, 232.8), (260.8, 244.0), (288.8, 244.0), (308.4, 258.0), (308.4, 280.4), (308.4, 302.8), (308.4, 325.2), (308.4, 347.6), (308.4, 370.0), (308.4, 372.8), (308.4, 372.8), (308.4, 372.8), (308.4, 372.8), (308.4, 372.8), (308.4, 372.8), (308.4, 372.8), (308.4, 372.8), (308.4, 372.8), (308.4, 372.8), (308.4, 372.8), (308.4, 372.8), (308.4, 372.8), (308.4, 372.8), (308.4, 367.2), (308.4, 367.2), (308.4, 367.2), (308.4, 361.6), (308.4, 361.6), (308.4, 361.6), (302.8, 344.8), (302.8, 322.4), (302.8, 322.4), (302.8, 322.4), (302.8, 322.4), (302.8, 322.4), (302.8, 322.4), (302.8, 322.4), (302.8, 322.4), (302.8, 322.4), (302.8, 322.4), (302.8, 322.4), (302.8, 322.4), (302.8, 322.4), (302.8, 316.8), (308.4, 311.2), (308.4, 311.2), (308.4, 305.6), (308.4, 305.6), (308.4, 305.6), (308.4, 294.4), (308.4, 294.4), (294.4, 308.4), (294.4, 308.4), (294.4, 308.4), (300.0, 311.2), (308.4, 333.6), (308.4, 361.6), (328.0, 372.8), (339.2, 372.8), (339.2, 372.8), (339.2, 372.8), (339.2, 372.8), (339.2, 372.8), (339.2, 372.8), (339.2, 372.8), (339.2, 372.8), (339.2, 372.8), (339.2, 372.8), (339.2, 372.8), (339.2, 372.8), (339.2, 372.8), (339.2, 372.8), (339.2, 372.8), (339.2, 372.8), (339.2, 372.8), (339.2, 372.8), (339.2, 372.8), (339.2, 372.8), (339.2, 372.8), (339.2, 372.8), (339.2, 372.8), (339.2, 372.8), (339.2, 372.8), (339.2, 372.8), (339.2, 372.8), (339.2, 372.8), (339.2, 372.8), (339.2, 372.8), (339.2, 372.8), (339.2, 372.8), (339.2, 372.8), (339.2, 372.8), (339.2, 372.8), (339.2, 372.8), (339.2, 372.8), (339.2, 372.8), (339.2, 372.8), (339.2, 372.8), (339.2, 372.8), (339.2, 372.8), (339.2, 372.8), (339.2, 372.8), (339.2, 372.8), (339.2, 372.8), (339.2, 372.8), (339.2, 372.8), (339.2, 372.8), (339.2, 372.8), (339.2, 372.8), (339.2, 372.8), (339.2, 372.8), (339.2, 372.8), (339.2, 372.8), (339.2, 372.8)]",0,3,17.17
speedrunner,bomberman,5,Bomb,35,0,15.94,0.95,"[(48.0, 48.0), (70.4, 50.8), (101.2, 50.8), (115.2, 67.6), (115.2, 95.6), (126.4, 115.2), (151.6, 115.2), (176.8, 120.8), (179.6, 143.2), (179.6, 171.2), (199.2, 179.6), (227.2, 179.6), (244.0, 193.6), (244.0, 218.8), (249.6, 244.0), (272.0, 244.0), (300.0, 246.8), (308.4, 269.2), (308.4, 291.6), (308.4, 314.0), (308.4, 336.4), (308.4, 358.8), (308.4, 372.8), (308.4, 372.8), (308.4, 372.8), (308.4, 372.8), (308.4, 372.8), (308.4, 372.8), (308.4, 372.8), (308.4, 372.8), (308.4, 372.8), (308.4, 372.8), (308.4, 372.8), (308.4, 372.8), (308.4, 372.8), (308.4, 372.8), (308.4, 372.8), (308.4, 372.8), (308.4, 372.8), (308.4, 372.8), (308.4, 372.8), (308.4, 372.8), (308.4, 372.8), (308.4, 372.8), (308.4, 370.0), (308.4, 370.0), (308.4, 370.0), (308.4, 364.4), (308.4, 358.8), (308.4, 358.8), (305.6, 347.6), (300.0, 319.6), (300.0, 319.6), (300.0, 319.6), (300.0, 319.6), (300.0, 319.6), (300.0, 319.6), (300.0, 319.6), (300.0, 319.6), (305.6, 319.6), (308.4, 314.0), (308.4, 308.4), (308.4, 302.8), (308.4, 302.8), (308.4, 297.2), (308.4, 297.2), (308.4, 314.0), (308.4, 314.0), (308.4, 314.0), (308.4, 314.0), (308.4, 336.4), (308.4, 364.4), (330.8, 372.8), (339.2, 372.8), (339.2, 372.8), (339.2, 372.8), (339.2, 372.8), (339.2, 372.8), (339.2, 372.8), (339.2, 372.8), (339.2, 372.8), (339.2, 372.8), (339.2, 372.8), (339.2, 372.8), (339.2, 372.8), (339.2, 372.8), (339.2, 372.8), (339.2, 372.8), (339.2, 372.8), (339.2, 372.8), (339.2, 372.8), (339.2, 372.8), (339.2, 372.8), (339.2, 372.8), (339.2, 372.8), (339.2, 372.8), (339.2, 372.8), (339.2, 372.8), (339.2, 372.8), (339.2, 372.8), (339.2, 372.8), (339.2, 372.8), (339.2, 372.8), (339.2, 372.8), (339.2, 372.8), (339.2, 372.8), (339.2, 372.8), (339.2, 372.8), (339.2, 372.8), (339.2, 372.8), (339.2, 372.8), (339.2, 372.8), (339.2, 372.8), (339.2, 372.8), (339.2, 372.8), (339.2, 372.8), (339.2, 372.8), (339.2, 372.8), (339.2, 372.8), (339.2, 372.8), (339.2, 372.8), (339.2, 372.8), (339.2, 372.8), (339.2, 372.8), (339.2, 372.8), (339.2, 372.8)]",0,3,16.68
speedrunner,bomberman,5,Bomb,38,0,12.0,0.95,"[(48.0, 48.0), (70.4, 50.8), (101.2, 50.8), (115.2, 67.6), (115.2, 95.6), (126.4, 115.2), (151.6, 115.2), (176.8, 120.8), (179.6, 143.2), (179.6, 171.2), (199.2, 179.6), (227.2, 179.6), (244.0, 193.6), (244.0, 218.8), (249.6, 244.0), (272.0, 244.0), (300.0, 246.8), (308.4, 269.2), (308.4, 291.6), (308.4, 314.0), (308.4, 336.4), (308.4, 358.8), (308.4, 372.8), (308.4, 372.8), (308.4, 372.8), (308.4, 372.8), (308.4, 372.8), (308.4, 372.8), (308.4, 372.8), (308.4, 372.8), (308.4, 372.8), (308.4, 372.8), (308.4, 372.8), (308.4, 372.8), (308.4, 372.8), (308.4, 372.8), (308.4, 372.8), (308.4, 372.8), (308.4, 372.8), (308.4, 372.8), (308.4, 372.8), (308.4, 372.8), (308.4, 372.8), (308.4, 372.8), (308.4, 372.8), (308.4, 372.8), (308.4, 372.8), (308.4, 372.8), (308.4, 372.8), (308.4, 372.8), (308.4, 372.8), (308.4, 372.8), (308.4, 372.8), (308.4, 370.0), (308.4, 364.4), (308.4, 358.8), (308.4, 353.2), (300.0, 330.8), (300.0, 319.6), (300.0, 319.6), (300.0, 319.6), (300.0, 319.6), (300.0, 319.6), (300.0, 319.6), (300.0, 319.6), (300.0, 319.6), (308.4, 314.0), (308.4, 308.4), (308.4, 302.8), (308.4, 302.8), (308.4, 297.2), (308.4, 291.6), (308.4, 286.0), (308.4, 286.0), (308.4, 286.0), (308.4, 291.6), (308.4, 291.6), (308.4, 286.0), (308.4, 286.0), (308.4, 302.8), (308.4, 325.2), (308.4, 353.2), (319.6, 372.8), (339.2, 372.8), (339.2, 372.8), (339.2, 372.8), (339.2, 372.8), (339.2, 372.8), (339.2, 372.8), (339.2, 372.8), (339.2, 372.8), (339.2, 372.8), (339.2, 372.8), (339.2, 372.8), (339.2, 372.8), (339.2, 372.8), (339.2, 372.8), (339.2, 372.8), (339.2, 372.8), (339.2, 372.8), (339.2, 372.8), (339.2, 372.8), (339.2, 372.8), (339.2, 372.8), (339.2, 372.8), (339.2, 372.8), (339.2, 372.8), (339.2, 372.8), (339.2, 372.8), (339.2, 372.8), (339.2, 372.8), (339.2, 372.8), (339.2, 372.8), (339.2, 372.8), (339.2, 372.8), (339.2, 372.8), (339.2, 372.8), (339.2, 372.8), (339.2, 372.8), (339.2, 372.8), (339.2, 372.8), (339.2, 372.8), (339.2, 372.8), (339.2, 372.8), (339.2, 372.8), (339.2, 372.8), (339.2, 372.8), (339.2, 372.8), (339.2, 372.8), (339.2, 372.8), (328.0, 372.8), (305.6, 372.8), (288.8, 372.8), (288.8, 372.8), (288.8, 372.8)]",0,2,17.97
speedrunner,bomberman,5,Bomb,155,0,12.49,0.95,"[(48.0, 48.0), (70.4, 50.8), (101.2, 50.8), (115.2, 67.6), (115.2, 95.6), (126.4, 115.2), (151.6, 115.2), (176.8, 120.8), (179.6, 143.2), (179.6, 171.2), (199.2, 179.6), (227.2, 179.6), (244.0, 193.6), (244.0, 218.8), (249.6, 244.0), (272.0, 244.0), (300.0, 246.8), (300.0, 269.2), (308.4, 297.2), (308.4, 319.6), (300.0, 342.0), (300.0, 353.2), (300.0, 347.6), (302.8, 350.4), (300.0, 353.2), (300.0, 347.6), (302.8, 350.4), (300.0, 353.2), (300.0, 347.6), (302.8, 350.4), (300.0, 353.2), (300.0, 347.6), (302.8, 350.4), (300.0, 353.2), (300.0, 347.6), (302.8, 350.4), (300.0, 353.2), (300.0, 347.6), (302.8, 350.4), (300.0, 353.2), (305.6, 353.2), (300.0, 344.8), (300.0, 330.8), (308.4, 311.2), (308.4, 311.2), (308.4, 311.2), (308.4, 311.2), (308.4, 311.2), (305.6, 311.2), (291.6, 308.4), (286.0, 305.6), (286.0, 305.6), (286.0, 305.6), (286.0, 305.6), (286.0, 305.6), (286.0, 305.6), (286.0, 305.6), (286.0, 305.6), (286.0, 305.6), (286.0, 305.6), (286.0, 305.6), (286.0, 305.6), (286.0, 305.6), (286.0, 305.6), (286.0, 305.6), (286.0, 305.6), (286.0, 305.6), (286.0, 305.6), (286.0, 305.6), (286.0, 305.6), (286.0, 305.6), (286.0, 305.6), (286.0, 305.6), (286.0, 305.6), (300.0, 305.6), (300.0, 288.8), (300.0, 288.8), (300.0, 288.8), (300.0, 288.8), (300.0, 288.8), (300.0, 288.8), (300.0, 288.8), (300.0, 288.8), (300.0, 288.8), (300.0, 288.8), (300.0, 288.8), (300.0, 288.8), (300.0, 288.8), (300.0, 283.2), (300.0, 277.6), (300.0, 272.0), (300.0, 272.0), (300.0, 266.4), (300.0, 266.4), (300.0, 263.6), (300.0, 255.2), (300.0, 255.2), (300.0, 255.2), (300.0, 255.2), (300.0, 255.2), (300.0, 255.2), (300.0, 255.2), (300.0, 255.2), (300.0, 255.2), (308.4, 272.0), (308.4, 294.4), (308.4, 316.8), (308.4, 339.2), (311.2, 367.2), (333.6, 372.8), (339.2, 372.8), (339.2, 372.8), (339.2, 372.8), (339.2, 372.8), (339.2, 372.8), (339.2, 372.8), (339.2, 372.8), (339.2, 372.8), (339.2, 372.8), (339.2, 372.8), (339.2, 372.8), (339.2, 372.8), (339.2, 372.8), (339.2, 372.8), (339.2, 372.8), (339.2, 372.8), (339.2, 372.8), (339.2, 372.8), (339.2, 372.8), (339.2, 372.8), (339.2, 372.8), (339.2, 372.8), (339.2, 372.8), (339.2, 372.8), (339.2, 372.8), (339.2, 372.8), (339.2, 372.8), (339.2, 372.8), (339.2, 372.8), (339.2, 372.8), (339.2, 372.8), (339.2, 372.8), (339.2, 372.8), (339.2, 372.8), (339.2, 372.8), (339.2, 372.8), (339.2, 372.8), (339.2, 372.8), (339.2, 372.8), (339.2, 372.8), (339.2, 372.8), (339.2, 372.8), (339.2, 372.8), (339.2, 372.8), (339.2, 372.8), (339.2, 372.8), (339.2, 372.8), (339.2, 372.8), (339.2, 372.8), (339.2, 372.8)]",0,2,21.3
speedrunner,bomberman,5,Bomb,64,0,26.39,0.85,"[(48.0, 48.0), (70.4, 50.8), (101.2, 50.8), (115.2, 67.6), (115.2, 95.6), (126.4, 115.2), (151.6, 115.2), (176.8, 120.8), (179.6, 143.2), (179.6, 171.2), (199.2, 179.6), (227.2, 179.6), (244.0, 193.6), (244.0, 218.8), (249.6, 244.0), (272.0, 244.0), (300.0, 246.8), (308.4, 269.2), (308.4, 291.6), (308.4, 314.0), (308.4, 336.4), (308.4, 358.8), (308.4, 372.8), (308.4, 372.8), (308.4, 372.8), (308.4, 372.8), (308.4, 372.8), (308.4, 372.8), (308.4, 372.8), (308.4, 372.8), (308.4, 372.8), (308.4, 372.8), (308.4, 372.8), (308.4, 372.8), (308.4, 372.8), (308.4, 372.8), (308.4, 372.8), (308.4, 372.8), (308.4, 372.8), (308.4, 372.8), (308.4, 372.8), (308.4, 372.8), (308.4, 372.8), (308.4, 370.0), (308.4, 364.4), (308.4, 358.8), (308.4, 358.8), (300.0, 336.4), (300.0, 319.6), (300.0, 319.6), (300.0, 319.6), (300.0, 319.6), (300.0, 319.6), (300.0, 319.6), (300.0, 319.6), (300.0, 319.6), (300.0, 319.6), (300.0, 319.6), (300.0, 319.6), (300.0, 316.8), (300.0, 322.4), (300.0, 319.6), (300.0, 316.8), (300.0, 322.4), (300.0, 319.6), (300.0, 322.4)]",0,1,8.7
speedrunner,bomberman,5,Bomb,118,0,10.42,0.8,"[(48.0, 48.0), (70.4, 50.8), (101.2, 50.8), (115.2, 67.6), (115.2, 95.6), (126.4, 115.2), (151.6, 115.2), (176.8, 120.8), (179.6, 143.2), (179.6, 171.2), (199.2, 179.6), (227.2, 179.6), (244.0, 193.6), (244.0, 218.8), (249.6, 244.0), (272.0, 244.0), (300.0, 246.8), (305.6, 269.2), (308.4, 297.2), (308.4, 319.6), (305.6, 319.6), (305.6, 319.6), (305.6, 319.6), (305.6, 319.6), (305.6, 319.6), (305.6, 319.6), (305.6, 319.6), (305.6, 319.6), (305.6, 319.6), (305.6, 319.6), (305.6, 319.6), (305.6, 319.6), (305.6, 319.6), (305.6, 319.6), (305.6, 319.6), (305.6, 319.6), (300.0, 319.6), (300.0, 319.6), (300.0, 319.6), (300.0, 319.6), (300.0, 319.6), (305.6, 314.0), (308.4, 314.0), (308.4, 297.2), (300.0, 274.8), (302.8, 258.0), (302.8, 258.0), (302.8, 258.0), (302.8, 258.0), (302.8, 258.0), (302.8, 258.0), (302.8, 258.0), (302.8, 258.0), (302.8, 258.0), (302.8, 258.0), (302.8, 258.0), (302.8, 258.0), (302.8, 258.0), (302.8, 258.0), (302.8, 258.0), (302.8, 258.0), (302.8, 258.0), (302.8, 258.0), (302.8, 258.0), (302.8, 258.0), (302.8, 258.0), (302.8, 258.0), (302.8, 258.0), (302.8, 258.0), (308.4, 263.6), (308.4, 286.0), (308.4, 308.4), (308.4, 330.8), (308.4, 353.2), (308.4, 372.8), (308.4, 372.8), (308.4, 372.8), (308.4, 372.8), (308.4, 372.8), (308.4, 372.8), (308.4, 372.8), (308.4, 372.8), (308.4, 372.8), (308.4, 372.8), (308.4, 372.8), (308.4, 372.8), (308.4, 372.8), (308.4, 372.8), (308.4, 372.8), (308.4, 372.8), (308.4, 372.8), (308.4, 372.8), (308.4, 372.8), (308.4, 372.8), (308.4, 372.8), (308.4, 372.8), (308.4, 356.0), (300.0, 333.6), (308.4, 305.6), (308.4, 294.4), (308.4, 311.2), (308.4, 305.6), (308.4, 305.6), (308.4, 305.6), (308.4, 300.0), (308.4, 294.4), (308.4, 294.4), (308.4, 288.8), (305.6, 288.8), (305.6, 288.8), (305.6, 288.8), (305.6, 288.8), (305.6, 288.8), (305.6, 288.8), (305.6, 288.8), (305.6, 288.8), (305.6, 288.8), (305.6, 288.8), (305.6, 288.8), (305.6, 288.8), (305.6, 288.8), (305.6, 288.8), (305.6, 288.8), (305.6, 288.8), (305.6, 288.8), (305.6, 288.8), (305.6, 288.8), (305.6, 288.8), (305.6, 288.8), (300.0, 283.2), (300.0, 277.6), (300.0, 272.0), (300.0, 272.0), (300.0, 260.8), (300.0, 266.4), (302.8, 258.0), (302.8, 258.0), (302.8, 258.0), (302.8, 258.0), (300.0, 255.2), (300.0, 252.4), (300.0, 258.0), (300.0, 255.2), (300.0, 252.4), (300.0, 258.0), (300.0, 255.2), (300.0, 252.4), (300.0, 258.0), (300.0, 249.6), (300.0, 249.6), (300.0, 244.0), (288.8, 241.2), (288.8, 241.2), (288.8, 241.2), (288.8, 241.2), (288.8, 241.2)]",0,1,20.7
speedrunner,bomberman,5,Bomb,194,0,11.37,0.8,"[(48.0, 48.0), (70.4, 50.8), (101.2, 50.8), (115.2, 67.6), (115.2, 95.6), (126.4, 115.2), (151.6, 115.2), (176.8, 120.8), (179.6, 143.2), (179.6, 171.2), (199.2, 179.6), (227.2, 179.6), (244.0, 193.6), (244.0, 218.8), (249.6, 244.0), (272.0, 244.0), (300.0, 246.8), (308.4, 269.2), (308.4, 291.6), (308.4, 314.0), (308.4, 336.4), (308.4, 336.4), (308.4, 336.4), (308.4, 336.4), (308.4, 336.4), (308.4, 336.4), (308.4, 336.4), (308.4, 336.4), (308.4, 336.4), (308.4, 336.4), (308.4, 336.4), (308.4, 336.4), (308.4, 336.4), (308.4, 336.4), (308.4, 336.4), (308.4, 336.4), (308.4, 330.8), (308.4, 325.2), (308.4, 319.6), (308.4, 319.6), (308.4, 319.6), (308.4, 314.0), (308.4, 314.0), (308.4, 302.8), (308.4, 280.4), (308.4, 269.2), (308.4, 266.4), (308.4, 263.6), (308.4, 260.8), (308.4, 258.0), (308.4, 255.2), (308.4, 252.4), (308.4, 258.0), (308.4, 255.2), (308.4, 252.4), (308.4, 258.0), (308.4, 255.2), (308.4, 252.4), (308.4, 258.0), (308.4, 258.0), (308.4, 258.0), (308.4, 258.0), (308.4, 258.0), (308.4, 258.0), (308.4, 258.0), (308.4, 258.0), (308.4, 258.0), (308.4, 258.0), (308.4, 258.0), (308.4, 263.6), (308.4, 286.0), (308.4, 308.4), (308.4, 330.8), (308.4, 353.2), (308.4, 370.0), (308.4, 370.0), (308.4, 370.0), (308.4, 370.0), (308.4, 370.0), (308.4, 370.0), (308.4, 370.0), (308.4, 370.0), (308.4, 370.0), (308.4, 370.0), (308.4, 370.0), (308.4, 370.0), (308.4, 370.0), (308.4, 370.0), (308.4, 370.0), (308.4, 370.0), (308.4, 370.0), (308.4, 370.0), (308.4, 370.0), (308.4, 370.0), (308.4, 370.0), (308.4, 370.0), (308.4, 353.2), (308.4, 330.8), (308.4, 308.4), (308.4, 297.2), (308.4, 314.0), (308.4, 308.4), (308.4, 308.4), (308.4, 308.4), (308.4, 308.4), (308.4, 302.8), (308.4, 302.8), (308.4, 302.8), (308.4, 302.8), (308.4, 302.8), (308.4, 302.8), (308.4, 302.8), (308.4, 297.2), (308.4, 297.2), (308.4, 297.2), (308.4, 297.2), (308.4, 291.6), (308.4, 291.6), (308.4, 286.0), (308.4, 286.0), (308.4, 286.0), (308.4, 286.0), (308.4, 286.0), (308.4, 286.0), (308.4, 286.0), (308.4, 286.0), (308.4, 286.0), (308.4, 286.0), (308.4, 286.0), (308.4, 291.6), (308.4, 314.0), (308.4, 302.8), (308.4, 297.2), (308.4, 291.6), (308.4, 269.2), (308.4, 252.4), (308.4, 258.0), (308.4, 255.2), (305.6, 255.2), (305.6, 255.2), (305.6, 255.2), (305.6, 255.2), (305.6, 255.2), (305.6, 255.2), (305.6, 255.2), (305.6, 255.2), (305.6, 255.2), (305.6, 255.2), (305.6, 255.2), (305.6, 255.2), (305.6, 255.2), (305.6, 255.2), (305.6, 255.2), (305.6, 255.2), (305.6, 255.2), (305.6, 255.2)]",0,2,20.68
speedrunner,bomberman,5,Bomb,3,0,24.88,0.9,"[(48.0, 48.0), (70.4, 50.8), (101.2, 50.8), (115.2, 67.6), (115.2, 95.6), (126.4, 115.2), (151.6, 115.2), (176.8, 120.8), (179.6, 143.2), (179.6, 171.2), (199.2, 179.6), (227.2, 179.6), (244.0, 193.6), (244.0, 218.8), (249.6, 244.0), (272.0, 244.0), (300.0, 246.8), (308.4, 269.2), (308.4, 291.6), (308.4, 314.0), (308.4, 336.4), (308.4, 358.8), (308.4, 372.8), (308.4, 372.8), (308.4, 372.8), (308.4, 372.8), (308.4, 372.8), (308.4, 372.8), (308.4, 372.8), (308.4, 372.8), (308.4, 372.8), (308.4, 372.8), (308.4, 372.8), (308.4, 372.8), (308.4, 372.8), (308.4, 372.8), (308.4, 372.8), (308.4, 372.8), (308.4, 372.8), (308.4, 372.8), (308.4, 372.8), (308.4, 372.8), (308.4, 372.8), (308.4, 372.8), (308.4, 372.8), (308.4, 372.8), (308.4, 372.8), (308.4, 372.8), (308.4, 372.8), (308.4, 372.8), (308.4, 372.8), (308.4, 372.8), (308.4, 372.8), (308.4, 372.8), (308.4, 372.8), (308.4, 372.8), (308.4, 372.8), (308.4, 372.8), (308.4, 372.8), (308.4, 372.8), (308.4, 372.8), (308.4, 372.8), (308.4, 372.8), (308.4, 372.8), (308.4, 372.8), (308.4, 372.8), (308.4, 367.2), (305.6, 367.2), (302.8, 361.6)]",0,1,9.12
speedrunner,bomberman,5,Bomb,58,0,12.91,0.95,"[(48.0, 48.0), (70.4, 50.8), (101.2, 50.8), (115.2, 67.6), (115.2, 95.6), (126.4, 115.2), (151.6, 115.2), (176.8, 120.8), (179.6, 143.2), (179.6, 171.2), (199.2, 179.6), (227.2, 179.6), (244.0, 193.6), (244.0, 218.8), (249.6, 244.0), (272.0, 244.0), (300.0, 246.8), (308.4, 269.2), (308.4, 291.6), (308.4, 314.0), (308.4, 336.4), (308.4, 358.8), (308.4, 370.0), (308.4, 370.0), (308.4, 370.0), (308.4, 370.0), (308.4, 370.0), (308.4, 370.0), (308.4, 370.0), (308.4, 370.0), (308.4, 370.0), (308.4, 370.0), (308.4, 370.0), (308.4, 370.0), (308.4, 370.0), (308.4, 370.0), (308.4, 370.0), (308.4, 370.0), (308.4, 370.0), (308.4, 364.4), (308.4, 364.4), (308.4, 358.8), (308.4, 358.8), (308.4, 353.2), (300.0, 336.4), (300.0, 319.6), (300.0, 319.6), (300.0, 319.6), (300.0, 319.6), (300.0, 319.6), (300.0, 319.6), (300.0, 319.6), (300.0, 319.6), (300.0, 319.6), (300.0, 319.6), (300.0, 319.6), (300.0, 319.6), (300.0, 319.6), (305.6, 319.6), (308.4, 314.0), (308.4, 308.4), (308.4, 302.8), (308.4, 302.8), (308.4, 297.2), (308.4, 297.2), (308.4, 297.2), (308.4, 314.0), (308.4, 302.8), (308.4, 302.8), (308.4, 302.8), (308.4, 325.2), (308.4, 353.2), (319.6, 372.8), (339.2, 372.8), (339.2, 372.8), (339.2, 372.8), (339.2, 372.8), (339.2, 372.8), (339.2, 372.8), (339.2, 372.8), (339.2, 372.8), (339.2, 372.8), (339.2, 372.8), (339.2, 372.8), (339.2, 372.8), (339.2, 372.8), (339.2, 372.8), (339.2, 372.8), (339.2, 372.8), (339.2, 372.8), (339.2, 372.8), (339.2, 372.8), (339.2, 372.8), (339.2, 372.8), (339.2, 372.8), (339.2, 372.8), (339.2, 372.8), (339.2, 372.8), (339.2, 372.8), (339.2, 372.8), (339.2, 372.8), (339.2, 372.8), (339.2, 372.8), (339.2, 372.8), (339.2, 372.8), (339.2, 372.8), (339.2, 372.8), (339.2, 372.8), (339.2, 372.8), (339.2, 372.8), (339.2, 372.8), (339.2, 372.8), (339.2, 372.8), (339.2, 372.8), (339.2, 372.8), (339.2, 372.8), (339.2, 372.8), (339.2, 372.8), (339.2, 372.8), (339.2, 372.8), (339.2, 372.8), (322.4, 372.8), (300.0, 372.8), (288.8, 372.8), (288.8, 372.8), (288.8, 372.8)]",0,3,16.7
speedrunner,bomberman,5,Bomb,35,0,15.94,0.95,"[(48.0, 48.0), (70.4, 50.8), (101.2, 50.8), (115.2, 67.6), (115.2, 95.6), (126.4, 115.2), (151.6, 115.2), (176.8, 120.8), (179.6, 143.2), (179.6, 171.2), (199.2, 179.6), (227.2, 179.6), (244.0, 193.6), (244.0, 218.8), (249.6, 244.0), (272.0, 244.0), (300.0, 246.8), (308.4, 269.2), (308.4, 291.6), (308.4, 314.0), (308.4, 336.4), (308.4, 358.8), (308.4, 372.8), (308.4, 372.8), (308.4, 372.8), (308.4, 372.8), (308.4, 372.8), (308.4, 372.8), (308.4, 372.8), (308.4, 372.8), (308.4, 372.8), (308.4, 372.8), (308.4, 372.8), (308.4, 372.8), (308.4, 372.8), (308.4, 372.8), (308.4, 372.8), (308.4, 372.8), (308.4, 372.8), (308.4, 372.8), (308.4, 372.8), (308.4, 372.8), (308.4, 372.8), (308.4, 372.8), (308.4, 370.0), (308.4, 370.0), (308.4, 370.0), (308.4, 364.4), (308.4, 358.8), (308.4, 358.8), (305.6, 347.6), (300.0, 319.6), (300.0, 319.6), (300.0, 319.6), (300.0, 319.6), (300.0, 319.6), (300.0, 319.6), (300.0, 319.6), (300.0, 319.6), (305.6, 319.6), (308.4, 314.0), (308.4, 308.4), (308.4, 302.8), (308.4, 302.8), (308.4, 297.2), (308.4, 297.2), (308.4, 314.0), (308.4, 314.0), (308.4, 314.0), (308.4, 314.0), (308.4, 336.4), (308.4, 364.4), (330.8, 372.8), (339.2, 372.8), (339.2, 372.8), (339.2, 372.8), (339.2, 372.8), (339.2, 372.8), (339.2, 372.8), (339.2, 372.8), (339.2, 372.8), (339.2, 372.8), (339.2, 372.8), (339.2, 372.8), (339.2, 372.8), (339.2, 372.8), (339.2, 372.8), (339.2, 372.8), (339.2, 372.8), (339.2, 372.8), (339.2, 372.8), (339.2, 372.8), (339.2, 372.8), (339.2, 372.8), (339.2, 372.8), (339.2, 372.8), (339.2, 372.8), (339.2, 372.8), (339.2, 372.8), (339.2, 372.8), (339.2, 372.8), (339.2, 372.8), (339.2, 372.8), (339.2, 372.8), (339.2, 372.8), (339.2, 372.8), (339.2, 372.8), (339.2, 372.8), (339.2, 372.8), (339.2, 372.8), (339.2, 372.8), (339.2, 372.8), (339.2, 372.8), (339.2, 372.8), (339.2, 372.8), (339.2, 372.8), (339.2, 372.8), (339.2, 372.8), (339.2, 372.8), (339.2, 372.8), (339.2, 372.8), (339.2, 372.8), (339.2, 372.8), (339.2, 372.8), (339.2, 372.8), (339.2, 372.8)]",0,3,16.68
speedrunner,bomberman,5,Bomb,56,0,15.01,0.95,"[(48.0, 48.0), (70.4, 50.8), (101.2, 50.8), (115.2, 67.6), (115.2, 95.6), (126.4, 115.2), (151.6, 115.2), (176.8, 120.8), (179.6, 126.4), (179.6, 132.0), (179.6, 160.0), (188.0, 179.6), (210.4, 179.6), (238.4, 182.4), (244.0, 204.8), (244.0, 232.8), (260.8, 244.0), (288.8, 244.0), (308.4, 258.0), (308.4, 280.4), (308.4, 302.8), (308.4, 325.2), (308.4, 347.6), (308.4, 370.0), (308.4, 372.8), (308.4, 372.8), (308.4, 372.8), (308.4, 372.8), (308.4, 372.8), (308.4, 372.8), (308.4, 372.8), (308.4, 372.8), (308.4, 372.8), (308.4, 372.8), (308.4, 372.8), (308.4, 372.8), (308.4, 372.8), (308.4, 372.8), (308.4, 367.2), (308.4, 367.2), (308.4, 367.2), (308.4, 361.6), (308.4, 361.6), (308.4, 361.6), (302.8, 344.8), (302.8, 322.4), (302.8, 322.4), (302.8, 322.4), (302.8, 322.4), (302.8, 322.4), (302.8, 322.4), (302.8, 322.4), (302.8, 322.4), (302.8, 322.4), (302.8, 322.4), (302.8, 322.4), (302.8, 322.4), (302.8, 322.4), (302.8, 316.8), (308.4, 311.2), (308.4, 311.2), (308.4, 305.6), (308.4, 305.6), (308.4, 305.6), (308.4, 294.4), (308.4, 294.4), (294.4, 308.4), (294.4, 308.4), (294.4, 308.4), (300.0, 311.2), (308.4, 333.6), (308.4, 361.6), (328.0, 372.8), (339.2, 372.8), (339.2, 372.8), (339.2, 372.8), (339.2, 372.8), (339.2, 372.8), (339.2, 372.8), (339.2, 372.8), (339.2, 372.8), (339.2, 372.8), (339.2, 372.8), (339.2, 372.8), (339.2, 372.8), (339.2, 372.8), (339.2, 372.8), (339.2, 372.8), (339.2, 372.8), (339.2, 372.8), (339.2, 372.8), (339.2, 372.8), (339.2, 372.8), (339.2, 372.8), (339.2, 372.8), (339.2, 372.8), (339.2, 372.8), (339.2, 372.8), (339.2, 372.8), (339.2, 372.8), (339.2, 372.8), (339.2, 372.8), (339.2, 372.8), (339.2, 372.8), (339.2, 372.8), (339.2, 372.8), (339.2, 372.8), (339.2, 372.8), (339.2, 372.8), (339.2, 372.8), (339.2, 372.8), (339.2, 372.8), (339.2, 372.8), (339.2, 372.8), (339.2, 372.8), (339.2, 372.8), (339.2, 372.8), (339.2, 372.8), (339.2, 372.8), (339.2, 372.8), (339.2, 372.8), (339.2, 372.8), (339.2, 372.8), (339.2, 372.8), (339.2, 372.8), (339.2, 372.8), (339.2, 372.8), (339.2, 372.8), (339.2, 372.8)]",0,3,17.17
speedrunner,bomberman,5,Bomb,60,0,13.18,0.95,"[(48.0, 48.0), (70.4, 50.8), (101.2, 50.8), (115.2, 62.0), (115.2, 62.0), (115.2, 62.0), (115.2, 62.0), (115.2, 62.0), (115.2, 62.0), (115.2, 62.0), (115.2, 62.0), (115.2, 62.0), (115.2, 62.0), (115.2, 62.0), (115.2, 62.0), (115.2, 62.0), (115.2, 67.6), (115.2, 95.6), (126.4, 115.2), (151.6, 115.2), (176.8, 120.8), (179.6, 126.4), (179.6, 126.4), (179.6, 126.4), (179.6, 126.4), (179.6, 126.4), (179.6, 126.4), (179.6, 126.4), (179.6, 126.4), (179.6, 126.4), (179.6, 126.4), (179.6, 126.4), (179.6, 143.2), (179.6, 171.2), (199.2, 179.6), (227.2, 179.6), (244.0, 193.6), (244.0, 218.8), (249.6, 244.0), (272.0, 244.0), (300.0, 246.8), (308.4, 269.2), (308.4, 291.6), (308.4, 314.0), (308.4, 336.4), (308.4, 358.8), (308.4, 372.8), (308.4, 372.8), (308.4, 372.8), (308.4, 372.8), (308.4, 372.8), (308.4, 372.8), (308.4, 372.8), (308.4, 372.8), (308.4, 372.8), (308.4, 372.8), (308.4, 372.8), (308.4, 372.8), (308.4, 372.8), (308.4, 372.8), (308.4, 372.8), (308.4, 372.8), (308.4, 372.8), (308.4, 372.8), (308.4, 372.8), (308.4, 372.8), (308.4, 372.8), (308.4, 367.2), (308.4, 367.2), (308.4, 367.2), (308.4, 361.6), (308.4, 361.6), (308.4, 356.0), (300.0, 339.2), (302.8, 322.4), (302.8, 322.4), (302.8, 322.4), (300.0, 316.8), (300.0, 322.4), (300.0, 319.6), (300.0, 316.8), (300.0, 322.4), (300.0, 319.6), (300.0, 316.8), (300.0, 322.4), (300.0, 319.6), (300.0, 316.8), (300.0, 311.2), (300.0, 311.2), (291.6, 305.6), (286.0, 305.6), (286.0, 305.6), (286.0, 308.4), (286.0, 308.4), (286.0, 308.4), (286.0, 305.6), (308.4, 319.6), (308.4, 342.0), (314.0, 370.0), (336.4, 372.8), (339.2, 372.8), (339.2, 372.8), (339.2, 372.8), (339.2, 372.8), (339.2, 372.8), (339.2, 372.8), (339.2, 372.8), (339.2, 372.8), (339.2, 372.8), (339.2, 372.8), (339.2, 372.8), (339.2, 372.8), (339.2, 372.8), (339.2, 372.8), (339.2, 372.8), (339.2, 372.8), (339.2, 372.8), (339.2, 372.8), (339.2, 372.8), (339.2, 372.8), (339.2, 372.8), (339.2, 372.8), (339.2, 372.8), (339.2, 372.8), (339.2, 372.8), (339.2, 372.8), (339.2, 372.8), (339.2, 372.8), (339.2, 372.8), (339.2, 372.8), (339.2, 372.8), (339.2, 372.8), (339.2, 372.8), (339.2, 372.8), (339.2, 372.8), (339.2, 372.8), (339.2, 372.8), (339.2, 372.8), (339.2, 372.8), (339.2, 372.8), (339.2, 372.8), (339.2, 372.8), (339.2, 372.8), (339.2, 372.8), (339.2, 372.8), (339.2, 372.8), (339.2, 372.8), (339.2, 372.8), (339.2, 372.8), (339.2, 372.8), (339.2, 372.8), (339.2, 372.8)]",0,3,20.18
speedrunner,bomberman,5,Bomb,155,0,12.49,0.95,"[(48.0, 48.0), (70.4, 50.8), (101.2, 50.8), (115.2, 67.6), (115.2, 95.6), (126.4, 115.2), (151.6, 115.2), (176.8, 120.8), (179.6, 143.2), (179.6, 171.2), (199.2, 179.6), (227.2, 179.6), (244.0, 193.6), (244.0, 218.8), (249.6, 244.0), (272.0, 244.0), (300.0, 246.8), (300.0, 269.2), (308.4, 297.2), (308.4, 319.6), (300.0, 342.0), (300.0, 353.2), (300.0, 347.6), (302.8, 350.4), (300.0, 353.2), (300.0, 347.6), (302.8, 350.4), (300.0, 353.2), (300.0, 347.6), (302.8, 350.4), (300.0, 353.2), (300.0, 347.6), (302.8, 350.4), (300.0, 353.2), (300.0, 347.6), (302.8, 350.4), (300.0, 353.2), (300.0, 347.6), (302.8, 350.4), (300.0, 353.2), (305.6, 353.2), (300.0, 344.8), (300.0, 330.8), (308.4, 311.2), (308.4, 311.2), (308.4, 311.2), (308.4, 311.2), (308.4, 311.2), (305.6, 311.2), (291.6, 308.4), (286.0, 305.6), (286.0, 305.6), (286.0, 305.6), (286.0, 305.6), (286.0, 305.6), (286.0, 305.6), (286.0, 305.6), (286.0, 305.6), (286.0, 305.6), (286.0, 305.6), (286.0, 305.6), (286.0, 305.6), (286.0, 305.6), (286.0, 305.6), (286.0, 305.6), (286.0, 305.6), (286.0, 305.6), (286.0, 305.6), (286.0, 305.6), (286.0, 305.6), (286.0, 305.6), (286.0, 305.6), (286.0, 305.6), (286.0, 305.6), (300.0, 305.6), (300.0, 288.8), (300.0, 288.8), (300.0, 288.8), (300.0, 288.8), (300.0, 288.8), (300.0, 288.8), (300.0, 288.8), (300.0, 288.8), (300.0, 288.8), (300.0, 288.8), (300.0, 288.8), (300.0, 288.8), (300.0, 288.8), (300.0, 283.2), (300.0, 277.6), (300.0, 272.0), (300.0, 272.0), (300.0, 266.4), (300.0, 266.4), (300.0, 263.6), (300.0, 255.2), (300.0, 255.2), (300.0, 255.2), (300.0, 255.2), (300.0, 255.2), (300.0, 255.2), (300.0, 255.2), (300.0, 255.2), (300.0, 255.2), (308.4, 272.0), (308.4, 294.4), (308.4, 316.8), (308.4, 339.2), (311.2, 367.2), (333.6, 372.8), (339.2, 372.8), (339.2, 372.8), (339.2, 372.8), (339.2, 372.8), (339.2, 372.8), (339.2, 372.8), (339.2, 372.8), (339.2, 372.8), (339.2, 372.8), (339.2, 372.8), (339.2, 372.8), (339.2, 372.8), (339.2, 372.8), (339.2, 372.8), (339.2, 372.8), (339.2, 372.8), (339.2, 372.8), (339.2, 372.8), (339.2, 372.8), (339.2, 372.8), (339.2, 372.8), (339.2, 372.8), (339.2, 372.8), (339.2, 372.8), (339.2, 372.8), (339.2, 372.8), (339.2, 372.8), (339.2, 372.8), (339.2, 372.8), (339.2, 372.8), (339.2, 372.8), (339.2, 372.8), (339.2, 372.8), (339.2, 372.8), (339.2, 372.8), (339.2, 372.8), (339.2, 372.8), (339.2, 372.8), (339.2, 372.8), (339.2, 372.8), (339.2, 372.8), (339.2, 372.8), (339.2, 372.8), (339.2, 372.8), (339.2, 372.8), (339.2, 372.8), (339.2, 372.8), (339.2, 372.8), (339.2, 372.8), (339.2, 372.8)]",0,2,21.3
speedrunner,bomberman,5,Bomb,38,0,12.0,0.95,"[(48.0, 48.0), (70.4, 50.8), (101.2, 50.8), (115.2, 67.6), (115.2, 95.6), (126.4, 115.2), (151.6, 115.2), (176.8, 120.8), (179.6, 143.2), (179.6, 171.2), (199.2, 179.6), (227.2, 179.6), (244.0, 193.6), (244.0, 218.8), (249.6, 244.0), (272.0, 244.0), (300.0, 246.8), (308.4, 269.2), (308.4, 291.6), (308.4, 314.0), (308.4, 336.4), (308.4, 358.8), (308.4, 372.8), (308.4, 372.8), (308.4, 372.8), (308.4, 372.8), (308.4, 372.8), (308.4, 372.8), (308.4, 372.8), (308.4, 372.8), (308.4, 372.8), (308.4, 372.8), (308.4, 372.8), (308.4, 372.8), (308.4, 372.8), (308.4, 372.8), (308.4, 372.8), (308.4, 372.8), (308.4, 372.8), (308.4, 372.8), (308.4, 372.8), (308.4, 372.8), (308.4, 372.8), (308.4, 372.8), (308.4, 372.8), (308.4, 372.8), (308.4, 372.8), (308.4, 372.8), (308.4, 372.8), (308.4, 372.8), (308.4, 372.8), (308.4, 372.8), (308.4, 372.8), (308.4, 370.0), (308.4, 364.4), (308.4, 358.8), (308.4, 353.2), (300.0, 330.8), (300.0, 319.6), (300.0, 319.6), (300.0, 319.6), (300.0, 319.6), (300.0, 319.6), (300.0, 319.6), (300.0, 319.6), (300.0, 319.6), (308.4, 314.0), (308.4, 308.4), (308.4, 302.8), (308.4, 302.8), (308.4, 297.2), (308.4, 291.6), (308.4, 286.0), (308.4, 286.0), (308.4, 286.0), (308.4, 291.6), (308.4, 291.6), (308.4, 286.0), (308.4, 286.0), (308.4, 302.8), (308.4, 325.2), (308.4, 353.2), (319.6, 372.8), (339.2, 372.8), (339.2, 372.8), (339.2, 372.8), (339.2, 372.8), (339.2, 372.8), (339.2, 372.8), (339.2, 372.8), (339.2, 372.8), (339.2, 372.8), (339.2, 372.8), (339.2, 372.8), (339.2, 372.8), (339.2, 372.8), (339.2, 372.8), (339.2, 372.8), (339.2, 372.8), (339.2, 372.8), (339.2, 372.8), (339.2, 372.8), (339.2, 372.8), (339.2, 372.8), (339.2, 372.8), (339.2, 372.8), (339.2, 372.8), (339.2, 372.8), (339.2, 372.8), (339.2, 372.8), (339.2, 372.8), (339.2, 372.8), (339.2, 372.8), (339.2, 372.8), (339.2, 372.8), (339.2, 372.8), (339.2, 372.8), (339.2, 372.8), (339.2, 372.8), (339.2, 372.8), (339.2, 372.8), (339.2, 372.8), (339.2, 372.8), (339.2, 372.8), (339.2, 372.8), (339.2, 372.8), (339.2, 372.8), (339.2, 372.8), (339.2, 372.8), (339.2, 372.8), (328.0, 372.8), (305.6, 372.8), (288.8, 372.8), (288.8, 372.8), (288.8, 372.8)]",0,2,17.97
speedrunner,bomberman,5,Bomb,3,0,23.91,0.35,"[(48.0, 48.0), (70.4, 50.8), (101.2, 50.8), (115.2, 67.6), (115.2, 95.6), (126.4, 115.2), (151.6, 115.2), (176.8, 118.0), (179.6, 129.2), (179.6, 129.2), (179.6, 129.2), (179.6, 129.2), (179.6, 129.2), (179.6, 129.2), (179.6, 129.2), (179.6, 129.2), (179.6, 129.2), (179.6, 129.2), (179.6, 129.2), (179.6, 129.2), (179.6, 129.2), (179.6, 126.4), (179.6, 126.4), (174.0, 126.4), (174.0, 126.4), (174.0, 126.4), (174.0, 126.4), (174.0, 126.4), (174.0, 126.4), (174.0, 126.4), (174.0, 126.4), (174.0, 126.4), (174.0, 126.4), (174.0, 126.4), (174.0, 126.4), (174.0, 126.4)]",0,0,4.68
speedrunner,bomberman,5,Bomb,2,0,23.91,0.35,"[(48.0, 48.0), (70.4, 50.8), (101.2, 50.8), (115.2, 67.6), (115.2, 95.6), (126.4, 115.2), (151.6, 115.2), (176.8, 120.8), (179.6, 126.4), (179.6, 126.4), (179.6, 126.4), (179.6, 126.4), (179.6, 126.4), (179.6, 126.4), (179.6, 126.4), (179.6, 126.4), (179.6, 126.4), (179.6, 126.4), (179.6, 126.4), (179.6, 126.4), (179.6, 126.4), (179.6, 126.4), (174.0, 126.4), (174.0, 126.4), (174.0, 126.4), (174.0, 126.4), (174.0, 126.4), (174.0, 126.4), (174.0, 126.4), (174.0, 126.4), (174.0, 126.4), (174.0, 126.4), (174.0, 126.4), (174.0, 126.4), (174.0, 126.4), (174.0, 126.4)]",0,0,4.68
speedrunner,bomberman,5,Bomb,2,0,42.77,0.5,"[(48.0, 48.0), (70.4, 50.8), (101.2, 50.8), (123.6, 50.8), (146.0, 50.8), (174.0, 50.8), (196.4, 50.8), (224.4, 50.8), (246.8, 50.8), (269.2, 50.8), (297.2, 50.8), (319.6, 50.8), (344.8, 50.8), (370.0, 50.8), (392.4, 50.8), (420.4, 50.8), (434.4, 50.8), (434.4, 50.8), (434.4, 50.8), (434.4, 50.8), (434.4, 50.8), (434.4, 50.8), (434.4, 50.8), (434.4, 50.8), (434.4, 50.8), (434.4, 50.8), (434.4, 50.8), (434.4, 50.8), (434.4, 50.8), (434.4, 50.8), (434.4, 50.8), (434.4, 56.4), (434.4, 67.6), (434.4, 67.6), (434.4, 67.6), (434.4, 67.6), (434.4, 67.6), (434.4, 67.6), (434.4, 67.6), (434.4, 67.6), (434.4, 67.6), (434.4, 67.6), (434.4, 67.6), (434.4, 67.6), (434.4, 67.6), (434.4, 67.6), (434.4, 67.6), (434.4, 67.6), (434.4, 67.6), (434.4, 67.6), (434.4, 67.6), (434.4, 67.6), (434.4, 67.6), (434.4, 67.6), (434.4, 67.6), (434.4, 67.6), (434.4, 67.6), (434.4, 67.6), (434.4, 67.6), (434.4, 67.6), (434.4, 67.6), (434.4, 67.6)]",0,0,8.18
speedrunner,bomberman,5,Bomb,3,0,41.91,0.5,"[(48.0, 48.0), (70.4, 50.8), (101.2, 50.8), (123.6, 50.8), (146.0, 50.8), (174.0, 50.8), (196.4, 50.8), (224.4, 50.8), (246.8, 50.8), (269.2, 50.8), (297.2, 50.8), (319.6, 50.8), (344.8, 50.8), (370.0, 50.8), (392.4, 50.8), (420.4, 50.8), (434.4, 50.8), (434.4, 50.8), (434.4, 50.8), (434.4, 50.8), (434.4, 50.8), (434.4, 50.8), (434.4, 50.8), (434.4, 50.8), (434.4, 50.8), (434.4, 50.8), (434.4, 50.8), (434.4, 50.8), (434.4, 50.8), (434.4, 50.8), (434.4, 50.8), (434.4, 50.8), (434.4, 53.6), (434.4, 53.6), (434.4, 53.6), (434.4, 53.6), (434.4, 53.6), (434.4, 53.6), (434.4, 53.6), (434.4, 53.6), (434.4, 53.6), (434.4, 53.6), (434.4, 53.6), (434.4, 53.6), (434.4, 53.6), (434.4, 53.6), (434.4, 53.6), (434.4, 53.6), (434.4, 53.6), (434.4, 53.6), (434.4, 53.6), (434.4, 53.6), (434.4, 53.6), (434.4, 53.6), (434.4, 53.6), (434.4, 53.6), (434.4, 53.6), (434.4, 53.6), (434.4, 53.6), (434.4, 53.6), (431.6, 53.6), (428.8, 53.6)]",0,0,8.22
speedrunner,bomberman,5,Bomb,58,0,12.91,0.95,"[(48.0, 48.0), (70.4, 50.8), (101.2, 50.8), (115.2, 67.6), (115.2, 95.6), (126.4, 115.2), (151.6, 115.2), (176.8, 120.8), (179.6, 143.2), (179.6, 171.2), (199.2, 179.6), (227.2, 179.6), (244.0, 193.6), (244.0, 218.8), (249.6, 244.0), (272.0, 244.0), (300.0, 246.8), (308.4, 269.2), (308.4, 291.6), (308.4, 314.0), (308.4, 336.4), (308.4, 358.8), (308.4, 370.0), (308.4, 370.0), (308.4, 370.0), (308.4, 370.0), (308.4, 370.0), (308.4, 370.0), (308.4, 370.0), (308.4, 370.0), (308.4, 370.0), (308.4, 370.0), (308.4, 370.0), (308.4, 370.0), (308.4, 370.0), (308.4, 370.0), (308.4, 370.0), (308.4, 370.0), (308.4, 370.0), (308.4, 364.4), (308.4, 364.4), (308.4, 358.8), (308.4, 358.8), (308.4, 353.2), (300.0, 336.4), (300.0, 319.6), (300.0, 319.6), (300.0, 319.6), (300.0, 319.6), (300.0, 319.6), (300.0, 319.6), (300.0, 319.6), (300.0, 319.6), (300.0, 319.6), (300.0, 319.6), (300.0, 319.6), (300.0, 319.6), (300.0, 319.6), (305.6, 319.6), (308.4, 314.0), (308.4, 308.4), (308.4, 302.8), (308.4, 302.8), (308.4, 297.2), (308.4, 297.2), (308.4, 297.2), (308.4, 314.0), (308.4, 302.8), (308.4, 302.8), (308.4, 302.8), (308.4, 325.2), (308.4, 353.2), (319.6, 372.8), (339.2, 372.8), (339.2, 372.8), (339.2, 372.8), (339.2, 372.8), (339.2, 372.8), (339.2, 372.8), (339.2, 372.8), (339.2, 372.8), (339.2, 372.8), (339.2, 372.8), (339.2, 372.8), (339.2, 372.8), (339.2, 372.8), (339.2, 372.8), (339.2, 372.8), (339.2, 372.8), (339.2, 372.8), (339.2, 372.8), (339.2, 372.8), (339.2, 372.8), (339.2, 372.8), (339.2, 372.8), (339.2, 372.8), (339.2, 372.8), (339.2, 372.8), (339.2, 372.8), (339.2, 372.8), (339.2, 372.8), (339.2, 372.8), (339.2, 372.8), (339.2, 372.8), (339.2, 372.8), (339.2, 372.8), (339.2, 372.8), (339.2, 372.8), (339.2, 372.8), (339.2, 372.8), (339.2, 372.8), (339.2, 372.8), (339.2, 372.8), (339.2, 372.8), (339.2, 372.8), (339.2, 372.8), (339.2, 372.8), (339.2, 372.8), (339.2, 372.8), (339.2, 372.8), (339.2, 372.8), (322.4, 372.8), (300.0, 372.8), (288.8, 372.8), (288.8, 372.8), (288.8, 372.8)]",0,3,16.7
speedrunner,bomberman,5,Bomb,60,0,13.18,0.95,"[(48.0, 48.0), (70.4, 50.8), (101.2, 50.8), (115.2, 62.0), (115.2, 62.0), (115.2, 62.0), (115.2, 62.0), (115.2, 62.0), (115.2, 62.0), (115.2, 62.0), (115.2, 62.0), (115.2, 62.0), (115.2, 62.0), (115.2, 62.0), (115.2, 62.0), (115.2, 62.0), (115.2, 67.6), (115.2, 95.6), (126.4, 115.2), (151.6, 115.2), (176.8, 120.8), (179.6, 126.4), (179.6, 126.4), (179.6, 126.4), (179.6, 126.4), (179.6, 126.4), (179.6, 126.4), (179.6, 126.4), (179.6, 126.4), (179.6, 126.4), (179.6, 126.4), (179.6, 126.4), (179.6, 143.2), (179.6, 171.2), (199.2, 179.6), (227.2, 179.6), (244.0, 193.6), (244.0, 218.8), (249.6, 244.0), (272.0, 244.0), (300.0, 246.8), (308.4, 269.2), (308.4, 291.6), (308.4, 314.0), (308.4, 336.4), (308.4, 358.8), (308.4, 372.8), (308.4, 372.8), (308.4, 372.8), (308.4, 372.8), (308.4, 372.8), (308.4, 372.8), (308.4, 372.8), (308.4, 372.8), (308.4, 372.8), (308.4, 372.8), (308.4, 372.8), (308.4, 372.8), (308.4, 372.8), (308.4, 372.8), (308.4, 372.8), (308.4, 372.8), (308.4, 372.8), (308.4, 372.8), (308.4, 372.8), (308.4, 372.8), (308.4, 372.8), (308.4, 367.2), (308.4, 367.2), (308.4, 367.2), (308.4, 361.6), (308.4, 361.6), (308.4, 356.0), (300.0, 339.2), (302.8, 322.4), (302.8, 322.4), (302.8, 322.4), (300.0, 316.8), (300.0, 322.4), (300.0, 319.6), (300.0, 316.8), (300.0, 322.4), (300.0, 319.6), (300.0, 316.8), (300.0, 322.4), (300.0, 319.6), (300.0, 316.8), (300.0, 311.2), (300.0, 311.2), (291.6, 305.6), (286.0, 305.6), (286.0, 305.6), (286.0, 308.4), (286.0, 308.4), (286.0, 308.4), (286.0, 305.6), (308.4, 319.6), (308.4, 342.0), (314.0, 370.0), (336.4, 372.8), (339.2, 372.8), (339.2, 372.8), (339.2, 372.8), (339.2, 372.8), (339.2, 372.8), (339.2, 372.8), (339.2, 372.8), (339.2, 372.8), (339.2, 372.8), (339.2, 372.8), (339.2, 372.8), (339.2, 372.8), (339.2, 372.8), (339.2, 372.8), (339.2, 372.8), (339.2, 372.8), (339.2, 372.8), (339.2, 372.8), (339.2, 372.8), (339.2, 372.8), (339.2, 372.8), (339.2, 372.8), (339.2, 372.8), (339.2, 372.8), (339.2, 372.8), (339.2, 372.8), (339.2, 372.8), (339.2, 372.8), (339.2, 372.8), (339.2, 372.8), (339.2, 372.8), (339.2, 372.8), (339.2, 372.8), (339.2, 372.8), (339.2, 372.8), (339.2, 372.8), (339.2, 372.8), (339.2, 372.8), (339.2, 372.8), (339.2, 372.8), (339.2, 372.8), (339.2, 372.8), (339.2, 372.8), (339.2, 372.8), (339.2, 372.8), (339.2, 372.8), (339.2, 372.8), (339.2, 372.8), (339.2, 372.8), (339.2, 372.8), (339.2, 372.8), (339.2, 372.8)]",0,3,20.18
speedrunner,bomberman,5,Bomb,56,0,15.01,0.95,"[(48.0, 48.0), (70.4, 50.8), (101.2, 50.8), (115.2, 67.6), (115.2, 95.6), (126.4, 115.2), (151.6, 115.2), (176.8, 120.8), (179.6, 126.4), (179.6, 132.0), (179.6, 160.0), (188.0, 179.6), (210.4, 179.6), (238.4, 182.4), (244.0, 204.8), (244.0, 232.8), (260.8, 244.0), (288.8, 244.0), (308.4, 258.0), (308.4, 280.4), (308.4, 302.8), (308.4, 325.2), (308.4, 347.6), (308.4, 370.0), (308.4, 372.8), (308.4, 372.8), (308.4, 372.8), (308.4, 372.8), (308.4, 372.8), (308.4, 372.8), (308.4, 372.8), (308.4, 372.8), (308.4, 372.8), (308.4, 372.8), (308.4, 372.8), (308.4, 372.8), (308.4, 372.8), (308.4, 372.8), (308.4, 367.2), (308.4, 367.2), (308.4, 367.2), (308.4, 361.6), (308.4, 361.6), (308.4, 361.6), (302.8, 344.8), (302.8, 322.4), (302.8, 322.4), (302.8, 322.4), (302.8, 322.4), (302.8, 322.4), (302.8, 322.4), (302.8, 322.4), (302.8, 322.4), (302.8, 322.4), (302.8, 322.4), (302.8, 322.4), (302.8, 322.4), (302.8, 322.4), (302.8, 316.8), (308.4, 311.2), (308.4, 311.2), (308.4, 305.6), (308.4, 305.6), (308.4, 305.6), (308.4, 294.4), (308.4, 294.4), (294.4, 308.4), (294.4, 308.4), (294.4, 308.4), (300.0, 311.2), (308.4, 333.6), (308.4, 361.6), (328.0, 372.8), (339.2, 372.8), (339.2, 372.8), (339.2, 372.8), (339.2, 372.8), (339.2, 372.8), (339.2, 372.8), (339.2, 372.8), (339.2, 372.8), (339.2, 372.8), (339.2, 372.8), (339.2, 372.8), (339.2, 372.8), (339.2, 372.8), (339.2, 372.8), (339.2, 372.8), (339.2, 372.8), (339.2, 372.8), (339.2, 372.8), (339.2, 372.8), (339.2, 372.8), (339.2, 372.8), (339.2, 372.8), (339.2, 372.8), (339.2, 372.8), (339.2, 372.8), (339.2, 372.8), (339.2, 372.8), (339.2, 372.8), (339.2, 372.8), (339.2, 372.8), (339.2, 372.8), (339.2, 372.8), (339.2, 372.8), (339.2, 372.8), (339.2, 372.8), (339.2, 372.8), (339.2, 372.8), (339.2, 372.8), (339.2, 372.8), (339.2, 372.8), (339.2, 372.8), (339.2, 372.8), (339.2, 372.8), (339.2, 372.8), (339.2, 372.8), (339.2, 372.8), (339.2, 372.8), (339.2, 372.8), (339.2, 372.8), (339.2, 372.8), (339.2, 372.8), (339.2, 372.8), (339.2, 372.8), (339.2, 372.8), (339.2, 372.8), (339.2, 372.8)]",0,3,17.17
speedrunner,bomberman,5,Bomb,35,0,15.94,0.95,"[(48.0, 48.0), (70.4, 50.8), (101.2, 50.8), (115.2, 67.6), (115.2, 95.6), (126.4, 115.2), (151.6, 115.2), (176.8, 120.8), (179.6, 143.2), (179.6, 171.2), (199.2, 179.6), (227.2, 179.6), (244.0, 193.6), (244.0, 218.8), (249.6, 244.0), (272.0, 244.0), (300.0, 246.8), (308.4, 269.2), (308.4, 291.6), (308.4, 314.0), (308.4, 336.4), (308.4, 358.8), (308.4, 372.8), (308.4, 372.8), (308.4, 372.8), (308.4, 372.8), (308.4, 372.8), (308.4, 372.8), (308.4, 372.8), (308.4, 372.8), (308.4, 372.8), (308.4, 372.8), (308.4, 372.8), (308.4, 372.8), (308.4, 372.8), (308.4, 372.8), (308.4, 372.8), (308.4, 372.8), (308.4, 372.8), (308.4, 372.8), (308.4, 372.8), (308.4, 372.8), (308.4, 372.8), (308.4, 372.8), (308.4, 370.0), (308.4, 370.0), (308.4, 370.0), (308.4, 364.4), (308.4, 358.8), (308.4, 358.8), (305.6, 347.6), (300.0, 319.6), (300.0, 319.6), (300.0, 319.6), (300.0, 319.6), (300.0, 319.6), (300.0, 319.6), (300.0, 319.6), (300.0, 319.6), (305.6, 319.6), (308.4, 314.0), (308.4, 308.4), (308.4, 302.8), (308.4, 302.8), (308.4, 297.2), (308.4, 297.2), (308.4, 314.0), (308.4, 314.0), (308.4, 314.0), (308.4, 314.0), (308.4, 336.4), (308.4, 364.4), (330.8, 372.8), (339.2, 372.8), (339.2, 372.8), (339.2, 372.8), (339.2, 372.8), (339.2, 372.8), (339.2, 372.8), (339.2, 372.8), (339.2, 372.8), (339.2, 372.8), (339.2, 372.8), (339.2, 372.8), (339.2, 372.8), (339.2, 372.8), (339.2, 372.8), (339.2, 372.8), (339.2, 372.8), (339.2, 372.8), (339.2, 372.8), (339.2, 372.8), (339.2, 372.8), (339.2, 372.8), (339.2, 372.8), (339.2, 372.8), (339.2, 372.8), (339.2, 372.8), (339.2, 372.8), (339.2, 372.8), (339.2, 372.8), (339.2, 372.8), (339.2, 372.8), (339.2, 372.8), (339.2, 372.8), (339.2, 372.8), (339.2, 372.8), (339.2, 372.8), (339.2, 372.8), (339.2, 372.8), (339.2, 372.8), (339.2, 372.8), (339.2, 372.8), (339.2, 372.8), (339.2, 372.8), (339.2, 372.8), (339.2, 372.8), (339.2, 372.8), (339.2, 372.8), (339.2, 372.8), (339.2, 372.8), (339.2, 372.8), (339.2, 372.8), (339.2, 372.8), (339.2, 372.8), (339.2, 372.8)]",0,3,16.68
speedrunner,bomberman,5,Bomb,38,0,12.0,0.95,"[(48.0, 48.0), (70.4, 50.8), (101.2, 50.8), (115.2, 67.6), (115.2, 95.6), (126.4, 115.2), (151.6, 115.2), (176.8, 120.8), (179.6, 143.2), (179.6, 171.2), (199.2, 179.6), (227.2, 179.6), (244.0, 193.6), (244.0, 218.8), (249.6, 244.0), (272.0, 244.0), (300.0, 246.8), (308.4, 269.2), (308.4, 291.6), (308.4, 314.0), (308.4, 336.4), (308.4, 358.8), (308.4, 372.8), (308.4, 372.8), (308.4, 372.8), (308.4, 372.8), (308.4, 372.8), (308.4, 372.8), (308.4, 372.8), (308.4, 372.8), (308.4, 372.8), (308.4, 372.8), (308.4, 372.8), (308.4, 372.8), (308.4, 372.8), (308.4, 372.8), (308.4, 372.8), (308.4, 372.8), (308.4, 372.8), (308.4, 372.8), (308.4, 372.8), (308.4, 372.8), (308.4, 372.8), (308.4, 372.8), (308.4, 372.8), (308.4, 372.8), (308.4, 372.8), (308.4, 372.8), (308.4, 372.8), (308.4, 372.8), (308.4, 372.8), (308.4, 372.8), (308.4, 372.8), (308.4, 370.0), (308.4, 364.4), (308.4, 358.8), (308.4, 353.2), (300.0, 330.8), (300.0, 319.6), (300.0, 319.6), (300.0, 319.6), (300.0, 319.6), (300.0, 319.6), (300.0, 319.6), (300.0, 319.6), (300.0, 319.6), (308.4, 314.0), (308.4, 308.4), (308.4, 302.8), (308.4, 302.8), (308.4, 297.2), (308.4, 291.6), (308.4, 286.0), (308.4, 286.0), (308.4, 286.0), (308.4, 291.6), (308.4, 291.6), (308.4, 286.0), (308.4, 286.0), (308.4, 302.8), (308.4, 325.2), (308.4, 353.2), (319.6, 372.8), (339.2, 372.8), (339.2, 372.8), (339.2, 372.8), (339.2, 372.8), (339.2, 372.8), (339.2, 372.8), (339.2, 372.8), (339.2, 372.8), (339.2, 372.8), (339.2, 372.8), (339.2, 372.8), (339.2, 372.8), (339.2, 372.8), (339.2, 372.8), (339.2, 372.8), (339.2, 372.8), (339.2, 372.8), (339.2, 372.8), (339.2, 372.8), (339.2, 372.8), (339.2, 372.8), (339.2, 372.8), (339.2, 372.8), (339.2, 372.8), (339.2, 372.8), (339.2, 372.8), (339.2, 372.8), (339.2, 372.8), (339.2, 372.8), (339.2, 372.8), (339.2, 372.8), (339.2, 372.8), (339.2, 372.8), (339.2, 372.8), (339.2, 372.8), (339.2, 372.8), (339.2, 372.8), (339.2, 372.8), (339.2, 372.8), (339.2, 372.8), (339.2, 372.8), (339.2, 372.8), (339.2, 372.8), (339.2, 372.8), (339.2, 372.8), (339.2, 372.8), (339.2, 372.8), (328.0, 372.8), (305.6, 372.8), (288.8, 372.8), (288.8, 372.8), (288.8, 372.8)]",0,2,17.97
speedrunner,bomberman,5,Bomb,155,0,12.49,0.95,"[(48.0, 48.0), (70.4, 50.8), (101.2, 50.8), (115.2, 67.6), (115.2, 95.6), (126.4, 115.2), (151.6, 115.2), (176.8, 120.8), (179.6, 143.2), (179.6, 171.2), (199.2, 179.6), (227.2, 179.6), (244.0, 193.6), (244.0, 218.8), (249.6, 244.0), (272.0, 244.0), (300.0, 246.8), (300.0, 269.2), (308.4, 297.2), (308.4, 319.6), (300.0, 342.0), (300.0, 353.2), (300.0, 347.6), (302.8, 350.4), (300.0, 353.2), (300.0, 347.6), (302.8, 350.4), (300.0, 353.2), (300.0, 347.6), (302.8, 350.4), (300.0, 353.2), (300.0, 347.6), (302.8, 350.4), (300.0, 353.2), (300.0, 347.6), (302.8, 350.4), (300.0, 353.2), (300.0, 347.6), (302.8, 350.4), (300.0, 353.2), (305.6, 353.2), (300.0, 344.8), (300.0, 330.8), (308.4, 311.2), (308.4, 311.2), (308.4, 311.2), (308.4, 311.2), (308.4, 311.2), (305.6, 311.2), (291.6, 308.4), (286.0, 305.6), (286.0, 305.6), (286.0, 305.6), (286.0, 305.6), (286.0, 305.6), (286.0, 305.6), (286.0, 305.6), (286.0, 305.6), (286.0, 305.6), (286.0, 305.6), (286.0, 305.6), (286.0, 305.6), (286.0, 305.6), (286.0, 305.6), (286.0, 305.6), (286.0, 305.6), (286.0, 305.6), (286.0, 305.6), (286.0, 305.6), (286.0, 305.6), (286.0, 305.6), (286.0, 305.6), (286.0, 305.6), (286.0, 305.6), (300.0, 305.6), (300.0, 288.8), (300.0, 288.8), (300.0, 288.8), (300.0, 288.8), (300.0, 288.8), (300.0, 288.8), (300.0, 288.8), (300.0, 288.8), (300.0, 288.8), (300.0, 288.8), (300.0, 288.8), (300.0, 288.8), (300.0, 288.8), (300.0, 283.2), (300.0, 277.6), (300.0, 272.0), (300.0, 272.0), (300.0, 266.4), (300.0, 266.4), (300.0, 263.6), (300.0, 255.2), (300.0, 255.2), (300.0, 255.2), (300.0, 255.2), (300.0, 255.2), (300.0, 255.2), (300.0, 255.2), (300.0, 255.2), (300.0, 255.2), (308.4, 272.0), (308.4, 294.4), (308.4, 316.8), (308.4, 339.2), (311.2, 367.2), (333.6, 372.8), (339.2, 372.8), (339.2, 372.8), (339.2, 372.8), (339.2, 372.8), (339.2, 372.8), (339.2, 372.8), (339.2, 372.8), (339.2, 372.8), (339.2, 372.8), (339.2, 372.8), (339.2, 372.8), (339.2, 372.8), (339.2, 372.8), (339.2, 372.8), (339.2, 372.8), (339.2, 372.8), (339.2, 372.8), (339.2, 372.8), (339.2, 372.8), (339.2, 372.8), (339.2, 372.8), (339.2, 372.8), (339.2, 372.8), (339.2, 372.8), (339.2, 372.8), (339.2, 372.8), (339.2, 372.8), (339.2, 372.8), (339.2, 372.8), (339.2, 372.8), (339.2, 372.8), (339.2, 372.8), (339.2, 372.8), (339.2, 372.8), (339.2, 372.8), (339.2, 372.8), (339.2, 372.8), (339.2, 372.8), (339.2, 372.8), (339.2, 372.8), (339.2, 372.8), (339.2, 372.8), (339.2, 372.8), (339.2, 372.8), (339.2, 372.8), (339.2, 372.8), (339.2, 372.8), (339.2, 372.8), (339.2, 372.8), (339.2, 372.8)]",0,2,21.3
speedrunner,bomberman,5,Bomb,74,0,23.58,0.75,"[(48.0, 48.0), (70.4, 50.8), (101.2, 50.8), (115.2, 67.6), (115.2, 95.6), (126.4, 115.2), (151.6, 115.2), (176.8, 120.8), (179.6, 143.2), (179.6, 171.2), (199.2, 179.6), (227.2, 179.6), (244.0, 193.6), (244.0, 218.8), (249.6, 244.0), (272.0, 244.0), (300.0, 246.8), (308.4, 269.2), (308.4, 291.6), (308.4, 302.8), (308.4, 302.8), (308.4, 302.8), (308.4, 302.8), (308.4, 302.8), (308.4, 302.8), (308.4, 302.8), (308.4, 302.8), (308.4, 302.8), (308.4, 302.8), (308.4, 302.8), (308.4, 302.8), (308.4, 302.8), (308.4, 302.8), (308.4, 302.8), (308.4, 302.8), (308.4, 302.8), (308.4, 302.8), (308.4, 302.8), (308.4, 302.8), (308.4, 302.8), (308.4, 302.8), (308.4, 302.8), (308.4, 302.8), (308.4, 302.8), (308.4, 302.8), (308.4, 302.8), (308.4, 302.8), (308.4, 302.8), (308.4, 297.2), (308.4, 297.2), (308.4, 291.6), (308.4, 286.0), (302.8, 280.4), (300.0, 280.4), (300.0, 266.4), (300.0, 255.2), (300.0, 255.2), (300.0, 255.2), (300.0, 255.2), (300.0, 255.2), (300.0, 255.2), (300.0, 255.2), (300.0, 255.2), (300.0, 255.2), (300.0, 255.2), (300.0, 255.2), (300.0, 255.2), (300.0, 255.2), (300.0, 255.2), (300.0, 255.2), (300.0, 255.2), (300.0, 255.2), (300.0, 255.2)]",0,1,9.62
speedrunner,bomberman,5,Bomb,49,0,24.69,0.85,"[(48.0, 48.0), (70.4, 50.8), (101.2, 50.8), (115.2, 67.6), (115.2, 95.6), (126.4, 115.2), (151.6, 115.2), (176.8, 120.8), (179.6, 143.2), (179.6, 171.2), (199.2, 179.6), (227.2, 179.6), (244.0, 193.6), (244.0, 218.8), (249.6, 244.0), (272.0, 244.0), (300.0, 246.8), (308.4, 269.2), (308.4, 291.6), (308.4, 314.0), (300.0, 336.4), (308.4, 364.4), (308.4, 372.8), (308.4, 372.8), (308.4, 372.8), (308.4, 372.8), (308.4, 372.8), (308.4, 372.8), (308.4, 372.8), (308.4, 372.8), (308.4, 372.8), (308.4, 372.8), (308.4, 372.8), (308.4, 372.8), (308.4, 372.8), (308.4, 372.8), (308.4, 372.8), (308.4, 372.8), (308.4, 372.8), (308.4, 372.8), (308.4, 372.8), (308.4, 372.8), (308.4, 372.8), (308.4, 372.8), (308.4, 372.8), (308.4, 372.8), (308.4, 372.8), (308.4, 372.8), (308.4, 372.8), (308.4, 372.8), (308.4, 372.8), (308.4, 372.8), (308.4, 372.8), (308.4, 367.2), (308.4, 367.2), (308.4, 361.6), (308.4, 361.6), (308.4, 350.4), (300.0, 325.2), (302.8, 322.4), (302.8, 322.4), (302.8, 322.4), (302.8, 322.4), (302.8, 322.4), (302.8, 322.4), (302.8, 322.4), (302.8, 322.4), (302.8, 322.4), (302.8, 322.4), (302.8, 322.4)]",0,1,9.3
speedrunner,bomberman,5,Bomb,67,0,24.34,0.85,"[(48.0, 48.0), (70.4, 50.8), (101.2, 50.8), (115.2, 67.6), (115.2, 95.6), (126.4, 115.2), (151.6, 115.2), (176.8, 120.8), (179.6, 143.2), (179.6, 171.2), (199.2, 179.6), (227.2, 179.6), (244.0, 193.6), (244.0, 218.8), (249.6, 244.0), (272.0, 244.0), (300.0, 246.8), (308.4, 269.2), (308.4, 291.6), (308.4, 314.0), (308.4, 336.4), (308.4, 358.8), (308.4, 372.8), (308.4, 372.8), (308.4, 372.8), (308.4, 372.8), (308.4, 372.8), (308.4, 372.8), (308.4, 372.8), (308.4, 372.8), (308.4, 372.8), (308.4, 372.8), (308.4, 372.8), (308.4, 372.8), (308.4, 372.8), (308.4, 372.8), (308.4, 372.8), (308.4, 372.8), (308.4, 372.8), (308.4, 372.8), (308.4, 372.8), (308.4, 372.8), (308.4, 372.8), (308.4, 372.8), (308.4, 372.8), (308.4, 372.8), (308.4, 372.8), (308.4, 372.8), (308.4, 372.8), (308.4, 372.8), (308.4, 370.0), (308.4, 358.8), (308.4, 358.8), (300.0, 336.4), (300.0, 319.6), (300.0, 319.6), (300.0, 319.6), (300.0, 319.6), (300.0, 319.6), (300.0, 319.6), (300.0, 319.6), (300.0, 319.6), (300.0, 319.6), (300.0, 319.6), (300.0, 319.6), (300.0, 319.6), (300.0, 319.6), (300.0, 319.6), (300.0, 319.6), (300.0, 319.6)]",0,1,9.32
speedrunner,bomberman,5,Bomb,3,0,24.98,0.7,"[(48.0, 48.0), (70.4, 50.8), (101.2, 50.8), (115.2, 67.6), (115.2, 95.6), (126.4, 115.2), (151.6, 115.2), (176.8, 120.8), (179.6, 143.2), (179.6, 171.2), (199.2, 179.6), (227.2, 179.6), (244.0, 193.6), (244.0, 218.8), (249.6, 244.0), (272.0, 244.0), (300.0, 246.8), (308.4, 269.2), (308.4, 269.2), (308.4, 269.2), (308.4, 269.2), (308.4, 269.2), (308.4, 269.2), (308.4, 269.2), (308.4, 269.2), (308.4, 269.2), (308.4, 269.2), (308.4, 269.2), (308.4, 269.2), (308.4, 269.2), (308.4, 269.2), (308.4, 269.2), (308.4, 269.2), (308.4, 269.2), (308.4, 269.2), (308.4, 269.2), (308.4, 269.2), (308.4, 269.2), (308.4, 269.2), (308.4, 269.2), (308.4, 269.2), (308.4, 269.2), (308.4, 266.4), (308.4, 263.6), (308.4, 260.8), (308.4, 258.0), (308.4, 255.2), (308.4, 252.4), (308.4, 258.0), (308.4, 255.2), (308.4, 252.4), (308.4, 258.0), (308.4, 255.2), (308.4, 252.4), (308.4, 258.0), (308.4, 255.2), (308.4, 252.4), (308.4, 252.4), (308.4, 252.4), (308.4, 252.4), (308.4, 252.4), (308.4, 252.4), (308.4, 252.4), (308.4, 252.4), (308.4, 252.4), (308.4, 252.4), (308.4, 252.4), (308.4, 252.4), (308.4, 252.4), (308.4, 252.4), (308.4, 252.4)]",0,0,9.42
speedrunner,bomberman,5,Bomb,58,0,12.91,0.95,"[(48.0, 48.0), (70.4, 50.8), (101.2, 50.8), (115.2, 67.6), (115.2, 95.6), (126.4, 115.2), (151.6, 115.2), (176.8, 120.8), (179.6, 143.2), (179.6, 171.2), (199.2, 179.6), (227.2, 179.6), (244.0, 193.6), (244.0, 218.8), (249.6, 244.0), (272.0, 244.0), (300.0, 246.8), (308.4, 269.2), (308.4, 291.6), (308.4, 314.0), (308.4, 336.4), (308.4, 358.8), (308.4, 370.0), (308.4, 370.0), (308.4, 370.0), (308.4, 370.0), (308.4, 370.0), (308.4, 370.0), (308.4, 370.0), (308.4, 370.0), (308.4, 370.0), (308.4, 370.0), (308.4, 370.0), (308.4, 370.0), (308.4, 370.0), (308.4, 370.0), (308.4, 370.0), (308.4, 370.0), (308.4, 370.0), (308.4, 364.4), (308.4, 364.4), (308.4, 358.8), (308.4, 358.8), (308.4, 353.2), (300.0, 336.4), (300.0, 319.6), (300.0, 319.6), (300.0, 319.6), (300.0, 319.6), (300.0, 319.6), (300.0, 319.6), (300.0, 319.6), (300.0, 319.6), (300.0, 319.6), (300.0, 319.6), (300.0, 319.6), (300.0, 319.6), (300.0, 319.6), (305.6, 319.6), (308.4, 314.0), (308.4, 308.4), (308.4, 302.8), (308.4, 302.8), (308.4, 297.2), (308.4, 297.2), (308.4, 297.2), (308.4, 314.0), (308.4, 302.8), (308.4, 302.8), (308.4, 302.8), (308.4, 325.2), (308.4, 353.2), (319.6, 372.8), (339.2, 372.8), (339.2, 372.8), (339.2, 372.8), (339.2, 372.8), (339.2, 372.8), (339.2, 372.8), (339.2, 372.8), (339.2, 372.8), (339.2, 372.8), (339.2, 372.8), (339.2, 372.8), (339.2, 372.8), (339.2, 372.8), (339.2, 372.8), (339.2, 372.8), (339.2, 372.8), (339.2, 372.8), (339.2, 372.8), (339.2, 372.8), (339.2, 372.8), (339.2, 372.8), (339.2, 372.8), (339.2, 372.8), (339.2, 372.8), (339.2, 372.8), (339.2, 372.8), (339.2, 372.8), (339.2, 372.8), (339.2, 372.8), (339.2, 372.8), (339.2, 372.8), (339.2, 372.8), (339.2, 372.8), (339.2, 372.8), (339.2, 372.8), (339.2, 372.8), (339.2, 372.8), (339.2, 372.8), (339.2, 372.8), (339.2, 372.8), (339.2, 372.8), (339.2, 372.8), (339.2, 372.8), (339.2, 372.8), (339.2, 372.8), (339.2, 372.8), (339.2, 372.8), (339.2, 372.8), (322.4, 372.8), (300.0, 372.8), (288.8, 372.8), (288.8, 372.8), (288.8, 372.8)]",0,3,16.7
speedrunner,bomberman,5,Bomb,35,0,15.94,0.95,"[(48.0, 48.0), (70.4, 50.8), (101.2, 50.8), (115.2, 67.6), (115.2, 95.6), (126.4, 115.2), (151.6, 115.2), (176.8, 120.8), (179.6, 143.2), (179.6, 171.2), (199.2, 179.6), (227.2, 179.6), (244.0, 193.6), (244.0, 218.8), (249.6, 244.0), (272.0, 244.0), (300.0, 246.8), (308.4, 269.2), (308.4, 291.6), (308.4, 314.0), (308.4, 336.4), (308.4, 358.8), (308.4, 372.8), (308.4, 372.8), (308.4, 372.8), (308.4, 372.8), (308.4, 372.8), (308.4, 372.8), (308.4, 372.8), (308.4, 372.8), (308.4, 372.8), (308.4, 372.8), (308.4, 372.8), (308.4, 372.8), (308.4, 372.8), (308.4, 372.8), (308.4, 372.8), (308.4, 372.8), (308.4, 372.8), (308.4, 372.8), (308.4, 372.8), (308.4, 372.8), (308.4, 372.8), (308.4, 372.8), (308.4, 370.0), (308.4, 370.0), (308.4, 370.0), (308.4, 364.4), (308.4, 358.8), (308.4, 358.8), (305.6, 347.6), (300.0, 319.6), (300.0, 319.6), (300.0, 319.6), (300.0, 319.6), (300.0, 319.6), (300.0, 319.6), (300.0, 319.6), (300.0, 319.6), (305.6, 319.6), (308.4, 314.0), (308.4, 308.4), (308.4, 302.8), (308.4, 302.8), (308.4, 297.2), (308.4, 297.2), (308.4, 314.0), (308.4, 314.0), (308.4, 314.0), (308.4, 314.0), (308.4, 336.4), (308.4, 364.4), (330.8, 372.8), (339.2, 372.8), (339.2, 372.8), (339.2, 372.8), (339.2, 372.8), (339.2, 372.8), (339.2, 372.8), (339.2, 372.8), (339.2, 372.8), (339.2, 372.8), (339.2, 372.8), (339.2, 372.8), (339.2, 372.8), (339.2, 372.8), (339.2, 372.8), (339.2, 372.8), (339.2, 372.8), (339.2, 372.8), (339.2, 372.8), (339.2, 372.8), (339.2, 372.8), (339.2, 372.8), (339.2, 372.8), (339.2, 372.8), (339.2, 372.8), (339.2, 372.8), (339.2, 372.8), (339.2, 372.8), (339.2, 372.8), (339.2, 372.8), (339.2, 372.8), (339.2, 372.8), (339.2, 372.8), (339.2, 372.8), (339.2, 372.8), (339.2, 372.8), (339.2, 372.8), (339.2, 372.8), (339.2, 372.8), (339.2, 372.8), (339.2, 372.8), (339.2, 372.8), (339.2, 372.8), (339.2, 372.8), (339.2, 372.8), (339.2, 372.8), (339.2, 372.8), (339.2, 372.8), (339.2, 372.8), (339.2, 372.8), (339.2, 372.8), (339.2, 372.8), (339.2, 372.8), (339.2, 372.8)]",0,3,16.68
speedrunner,bomberman,5,Bomb,56,0,15.01,0.95,"[(48.0, 48.0), (70.4, 50.8), (101.2, 50.8), (115.2, 67.6), (115.2, 95.6), (126.4, 115.2), (151.6, 115.2), (176.8, 120.8), (179.6, 126.4), (179.6, 132.0), (179.6, 160.0), (188.0, 179.6), (210.4, 179.6), (238.4, 182.4), (244.0, 204.8), (244.0, 232.8), (260.8, 244.0), (288.8, 244.0), (308.4, 258.0), (308.4, 280.4), (308.4, 302.8), (308.4, 325.2), (308.4, 347.6), (308.4, 370.0), (308.4, 372.8), (308.4, 372.8), (308.4, 372.8), (308.4, 372.8), (308.4, 372.8), (308.4, 372.8), (308.4, 372.8), (308.4, 372.8), (308.4, 372.8), (308.4, 372.8), (308.4, 372.8), (308.4, 372.8), (308.4, 372.8), (308.4, 372.8), (308.4, 367.2), (308.4, 367.2), (308.4, 367.2), (308.4, 361.6), (308.4, 361.6), (308.4, 361.6), (302.8, 344.8), (302.8, 322.4), (302.8, 322.4), (302.8, 322.4), (302.8, 322.4), (302.8, 322.4), (302.8, 322.4), (302.8, 322.4), (302.8, 322.4), (302.8, 322.4), (302.8, 322.4), (302.8, 322.4), (302.8, 322.4), (302.8, 322.4), (302.8, 316.8), (308.4, 311.2), (308.4, 311.2), (308.4, 305.6), (308.4, 305.6), (308.4, 305.6), (308.4, 294.4), (308.4, 294.4), (294.4, 308.4), (294.4, 308.4), (294.4, 308.4), (300.0, 311.2), (308.4, 333.6), (308.4, 361.6), (328.0, 372.8), (339.2, 372.8), (339.2, 372.8), (339.2, 372.8), (339.2, 372.8), (339.2, 372.8), (339.2, 372.8), (339.2, 372.8), (339.2, 372.8), (339.2, 372.8), (339.2, 372.8), (339.2, 372.8), (339.2, 372.8), (339.2, 372.8), (339.2, 372.8), (339.2, 372.8), (339.2, 372.8), (339.2, 372.8), (339.2, 372.8), (339.2, 372.8), (339.2, 372.8), (339.2, 372.8), (339.2, 372.8), (339.2, 372.8), (339.2, 372.8), (339.2, 372.8), (339.2, 372.8), (339.2, 372.8), (339.2, 372.8), (339.2, 372.8), (339.2, 372.8), (339.2, 372.8), (339.2, 372.8), (339.2, 372.8), (339.2, 372.8), (339.2, 372.8), (339.2, 372.8), (339.2, 372.8), (339.2, 372.8), (339.2, 372.8), (339.2, 372.8), (339.2, 372.8), (339.2, 372.8), (339.2, 372.8), (339.2, 372.8), (339.2, 372.8), (339.2, 372.8), (339.2, 372.8), (339.2, 372.8), (339.2, 372.8), (339.2, 372.8), (339.2, 372.8), (339.2, 372.8), (339.2, 372.8), (339.2, 372.8), (339.2, 372.8), (339.2, 372.8)]",0,3,17.17
speedrunner,bomberman,5,Bomb,60,0,13.18,0.95,"[(48.0, 48.0), (70.4, 50.8), (101.2, 50.8), (115.2, 62.0), (115.2, 62.0), (115.2, 62.0), (115.2, 62.0), (115.2, 62.0), (115.2, 62.0), (115.2, 62.0), (115.2, 62.0), (115.2, 62.0), (115.2, 62.0), (115.2, 62.0), (115.2, 62.0), (115.2, 62.0), (115.2, 67.6), (115.2, 95.6), (126.4, 115.2), (151.6, 115.2), (176.8, 120.8), (179.6, 126.4), (179.6, 126.4), (179.6, 126.4), (179.6, 126.4), (179.6, 126.4), (179.6, 126.4), (179.6, 126.4), (179.6, 126.4), (179.6, 126.4), (179.6, 126.4), (179.6, 126.4), (179.6, 143.2), (179.6, 171.2), (199.2, 179.6), (227.2, 179.6), (244.0, 193.6), (244.0, 218.8), (249.6, 244.0), (272.0, 244.0), (300.0, 246.8), (308.4, 269.2), (308.4, 291.6), (308.4, 314.0), (308.4, 336.4), (308.4, 358.8), (308.4, 372.8), (308.4, 372.8), (308.4, 372.8), (308.4, 372.8), (308.4, 372.8), (308.4, 372.8), (308.4, 372.8), (308.4, 372.8), (308.4, 372.8), (308.4, 372.8), (308.4, 372.8), (308.4, 372.8), (308.4, 372.8), (308.4, 372.8), (308.4, 372.8), (308.4, 372.8), (308.4, 372.8), (308.4, 372.8), (308.4, 372.8), (308.4, 372.8), (308.4, 372.8), (308.4, 367.2), (308.4, 367.2), (308.4, 367.2), (308.4, 361.6), (308.4, 361.6), (308.4, 356.0), (300.0, 339.2), (302.8, 322.4), (302.8, 322.4), (302.8, 322.4), (300.0, 316.8), (300.0, 322.4), (300.0, 319.6), (300.0, 316.8), (300.0, 322.4), (300.0, 319.6), (300.0, 316.8), (300.0, 322.4), (300.0, 319.6), (300.0, 316.8), (300.0, 311.2), (300.0, 311.2), (291.6, 305.6), (286.0, 305.6), (286.0, 305.6), (286.0, 308.4), (286.0, 308.4), (286.0, 308.4), (286.0, 305.6), (308.4, 319.6), (308.4, 342.0), (314.0, 370.0), (336.4, 372.8), (339.2, 372.8), (339.2, 372.8), (339.2, 372.8), (339.2, 372.8), (339.2, 372.8), (339.2, 372.8), (339.2, 372.8), (339.2, 372.8), (339.2, 372.8), (339.2, 372.8), (339.2, 372.8), (339.2, 372.8), (339.2, 372.8), (339.2, 372.8), (339.2, 372.8), (339.2, 372.8), (339.2, 372.8), (339.2, 372.8), (339.2, 372.8), (339.2, 372.8), (339.2, 372.8), (339.2, 372.8), (339.2, 372.8), (339.2, 372.8), (339.2, 372.8), (339.2, 372.8), (339.2, 372.8), (339.2, 372.8), (339.2, 372.8), (339.2, 372.8), (339.2, 372.8), (339.2, 372.8), (339.2, 372.8), (339.2, 372.8), (339.2, 372.8), (339.2, 372.8), (339.2, 372.8), (339.2, 372.8), (339.2, 372.8), (339.2, 372.8), (339.2, 372.8), (339.2, 372.8), (339.2, 372.8), (339.2, 372.8), (339.2, 372.8), (339.2, 372.8), (339.2, 372.8), (339.2, 372.8), (339.2, 372.8), (339.2, 372.8), (339.2, 372.8), (339.2, 372.8)]",0,3,20.18
speedrunner,bomberman,5,Bomb,155,0,12.49,0.95,"[(48.0, 48.0), (70.4, 50.8), (101.2, 50.8), (115.2, 67.6), (115.2, 95.6), (126.4, 115.2), (151.6, 115.2), (176.8, 120.8), (179.6, 143.2), (179.6, 171.2), (199.2, 179.6), (227.2, 179.6), (244.0, 193.6), (244.0, 218.8), (249.6, 244.0), (272.0, 244.0), (300.0, 246.8), (300.0, 269.2), (308.4, 297.2), (308.4, 319.6), (300.0, 342.0), (300.0, 353.2), (300.0, 347.6), (302.8, 350.4), (300.0, 353.2), (300.0, 347.6), (302.8, 350.4), (300.0, 353.2), (300.0, 347.6), (302.8, 350.4), (300.0, 353.2), (300.0, 347.6), (302.8, 350.4), (300.0, 353.2), (300.0, 347.6), (302.8, 350.4), (300.0, 353.2), (300.0, 347.6), (302.8, 350.4), (300.0, 353.2), (305.6, 353.2), (300.0, 344.8), (300.0, 330.8), (308.4, 311.2), (308.4, 311.2), (308.4, 311.2), (308.4, 311.2), (308.4, 311.2), (305.6, 311.2), (291.6, 308.4), (286.0, 305.6), (286.0, 305.6), (286.0, 305.6), (286.0, 305.6), (286.0, 305.6), (286.0, 305.6), (286.0, 305.6), (286.0, 305.6), (286.0, 305.6), (286.0, 305.6), (286.0, 305.6), (286.0, 305.6), (286.0, 305.6), (286.0, 305.6), (286.0, 305.6), (286.0, 305.6), (286.0, 305.6), (286.0, 305.6), (286.0, 305.6), (286.0, 305.6), (286.0, 305.6), (286.0, 305.6), (286.0, 305.6), (286.0, 305.6), (300.0, 305.6), (300.0, 288.8), (300.0, 288.8), (300.0, 288.8), (300.0, 288.8), (300.0, 288.8), (300.0, 288.8), (300.0, 288.8), (300.0, 288.8), (300.0, 288.8), (300.0, 288.8), (300.0, 288.8), (300.0, 288.8), (300.0, 288.8), (300.0, 283.2), (300.0, 277.6), (300.0, 272.0), (300.0, 272.0), (300.0, 266.4), (300.0, 266.4), (300.0, 263.6), (300.0, 255.2), (300.0, 255.2), (300.0, 255.2), (300.0, 255.2), (300.0, 255.2), (300.0, 255.2), (300.0, 255.2), (300.0, 255.2), (300.0, 255.2), (308.4, 272.0), (308.4, 294.4), (308.4, 316.8), (308.4, 339.2), (311.2, 367.2), (333.6, 372.8), (339.2, 372.8), (339.2, 372.8), (339.2, 372.8), (339.2, 372.8), (339.2, 372.8), (339.2, 372.8), (339.2, 372.8), (339.2, 372.8), (339.2, 372.8), (339.2, 372.8), (339.2, 372.8), (339.2, 372.8), (339.2, 372.8), (339.2, 372.8), (339.2, 372.8), (339.2, 372.8), (339.2, 372.8), (339.2, 372.8), (339.2, 372.8), (339.2, 372.8), (339.2, 372.8), (339.2, 372.8), (339.2, 372.8), (339.2, 372.8), (339.2, 372.8), (339.2, 372.8), (339.2, 372.8), (339.2, 372.8), (339.2, 372.8), (339.2, 372.8), (339.2, 372.8), (339.2, 372.8), (339.2, 372.8), (339.2, 372.8), (339.2, 372.8), (339.2, 372.8), (339.2, 372.8), (339.2, 372.8), (339.2, 372.8), (339.2, 372.8), (339.2, 372.8), (339.2, 372.8), (339.2, 372.8), (339.2, 372.8), (339.2, 372.8), (339.2, 372.8), (339.2, 372.8), (339.2, 372.8), (339.2, 372.8), (339.2, 372.8)]",0,2,21.3
speedrunner,bomberman,5,Bomb,38,0,12.0,0.95,"[(48.0, 48.0), (70.4, 50.8), (101.2, 50.8), (115.2, 67.6), (115.2, 95.6), (126.4, 115.2), (151.6, 115.2), (176.8, 120.8), (179.6, 143.2), (179.6, 171.2), (199.2, 179.6), (227.2, 179.6), (244.0, 193.6), (244.0, 218.8), (249.6, 244.0), (272.0, 244.0), (300.0, 246.8), (308.4, 269.2), (308.4, 291.6), (308.4, 314.0), (308.4, 336.4), (308.4, 358.8), (308.4, 372.8), (308.4, 372.8), (308.4, 372.8), (308.4, 372.8), (308.4, 372.8), (308.4, 372.8), (308.4, 372.8), (308.4, 372.8), (308.4, 372.8), (308.4, 372.8), (308.4, 372.8), (308.4, 372.8), (308.4, 372.8), (308.4, 372.8), (308.4, 372.8), (308.4, 372.8), (308.4, 372.8), (308.4, 372.8), (308.4, 372.8), (308.4, 372.8), (308.4, 372.8), (308.4, 372.8), (308.4, 372.8), (308.4, 372.8), (308.4, 372.8), (308.4, 372.8), (308.4, 372.8), (308.4, 372.8), (308.4, 372.8), (308.4, 372.8), (308.4, 372.8), (308.4, 370.0), (308.4, 364.4), (308.4, 358.8), (308.4, 353.2), (300.0, 330.8), (300.0, 319.6), (300.0, 319.6), (300.0, 319.6), (300.0, 319.6), (300.0, 319.6), (300.0, 319.6), (300.0, 319.6), (300.0, 319.6), (308.4, 314.0), (308.4, 308.4), (308.4, 302.8), (308.4, 302.8), (308.4, 297.2), (308.4, 291.6), (308.4, 286.0), (308.4, 286.0), (308.4, 286.0), (308.4, 291.6), (308.4, 291.6), (308.4, 286.0), (308.4, 286.0), (308.4, 302.8), (308.4, 325.2), (308.4, 353.2), (319.6, 372.8), (339.2, 372.8), (339.2, 372.8), (339.2, 372.8), (339.2, 372.8), (339.2, 372.8), (339.2, 372.8), (339.2, 372.8), (339.2, 372.8), (339.2, 372.8), (339.2, 372.8), (339.2, 372.8), (339.2, 372.8), (339.2, 372.8), (339.2, 372.8), (339.2, 372.8), (339.2, 372.8), (339.2, 372.8), (339.2, 372.8), (339.2, 372.8), (339.2, 372.8), (339.2, 372.8), (339.2, 372.8), (339.2, 372.8), (339.2, 372.8), (339.2, 372.8), (339.2, 372.8), (339.2, 372.8), (339.2, 372.8), (339.2, 372.8), (339.2, 372.8), (339.2, 372.8), (339.2, 372.8), (339.2, 372.8), (339.2, 372.8), (339.2, 372.8), (339.2, 372.8), (339.2, 372.8), (339.2, 372.8), (339.2, 372.8), (339.2, 372.8), (339.2, 372.8), (339.2, 372.8), (339.2, 372.8), (339.2, 372.8), (339.2, 372.8), (339.2, 372.8), (339.2, 372.8), (328.0, 372.8), (305.6, 372.8), (288.8, 372.8), (288.8, 372.8), (288.8, 372.8)]",0,2,17.97
speedrunner,bomberman,5,Bomb,2,0,12.98,0.15,"[(48.0, 48.0), (70.4, 50.8), (101.2, 50.8), (115.2, 62.0), (115.2, 62.0), (115.2, 62.0), (115.2, 62.0), (115.2, 62.0), (115.2, 62.0), (115.2, 62.0), (115.2, 62.0), (115.2, 62.0), (115.2, 62.0), (115.2, 62.0), (115.2, 62.0), (115.2, 62.0), (115.2, 62.0), (115.2, 62.0), (115.2, 62.0), (115.2, 62.0), (115.2, 62.0), (115.2, 62.0), (115.2, 62.0), (115.2, 62.0), (115.2, 62.0), (115.2, 62.0), (115.2, 62.0), (115.2, 62.0), (115.2, 62.0), (115.2, 62.0), (109.6, 62.0)]",0,0,4.1
speedrunner,bomberman,5,Bomb,3,0,16.78,0.9,"[(48.0, 48.0), (70.4, 50.8), (101.2, 50.8), (115.2, 67.6), (115.2, 95.6), (126.4, 115.2), (151.6, 115.2), (176.8, 120.8), (179.6, 126.4), (179.6, 126.4), (179.6, 126.4), (179.6, 132.0), (179.6, 160.0), (188.0, 179.6), (210.4, 179.6), (238.4, 182.4), (244.0, 204.8), (244.0, 232.8), (260.8, 244.0), (288.8, 244.0), (308.4, 258.0), (300.0, 283.2), (308.4, 308.4), (300.0, 330.8), (305.6, 358.8), (308.4, 372.8), (308.4, 372.8), (308.4, 372.8), (308.4, 372.8), (308.4, 372.8), (308.4, 372.8), (308.4, 372.8), (308.4, 372.8), (308.4, 372.8), (308.4, 372.8), (308.4, 372.8), (308.4, 372.8), (308.4, 372.8), (308.4, 372.8), (308.4, 372.8), (308.4, 372.8), (308.4, 372.8), (308.4, 372.8), (308.4, 372.8), (308.4, 372.8), (308.4, 372.8), (308.4, 372.8), (308.4, 372.8), (308.4, 372.8), (308.4, 372.8), (308.4, 372.8), (308.4, 372.8), (308.4, 372.8), (308.4, 372.8), (308.4, 372.8), (308.4, 372.8), (308.4, 372.8), (308.4, 372.8), (308.4, 372.8), (308.4, 372.8), (308.4, 372.8), (294.4, 372.8), (288.8, 372.8), (277.6, 372.8), (255.2, 372.8), (232.8, 372.8), (221.6, 372.8), (221.6, 372.8), (221.6, 372.8), (227.2, 372.8), (249.6, 372.8), (272.0, 372.8), (288.8, 372.8), (288.8, 372.8), (288.8, 372.8), (288.8, 372.8), (288.8, 372.8), (288.8, 372.8), (288.8, 372.8), (288.8, 372.8), (288.8, 372.8), (288.8, 372.8), (288.8, 372.8), (288.8, 372.8), (288.8, 372.8), (288.8, 372.8), (288.8, 372.8), (288.8, 372.8), (288.8, 372.8), (288.8, 372.8), (288.8, 372.8), (288.8, 372.8), (288.8, 367.2), (288.8, 367.2), (288.8, 364.4), (288.8, 364.4)]",0,1,12.68
speedrunner,bomberman,5,Bomb,5,0,42.52,0.5,"[(48.0, 48.0), (70.4, 50.8), (101.2, 50.8), (123.6, 50.8), (146.0, 50.8), (174.0, 50.8), (196.4, 50.8), (224.4, 50.8), (246.8, 50.8), (269.2, 50.8), (297.2, 50.8), (319.6, 50.8), (344.8, 50.8), (370.0, 50.8), (392.4, 50.8), (420.4, 50.8), (434.4, 50.8), (434.4, 50.8), (434.4, 50.8), (434.4, 50.8), (434.4, 50.8), (434.4, 50.8), (434.4, 50.8), (434.4, 50.8), (434.4, 50.8), (434.4, 50.8), (434.4, 50.8), (434.4, 50.8), (434.4, 50.8), (434.4, 50.8), (434.4, 50.8), (434.4, 53.6), (434.4, 53.6), (434.4, 53.6), (434.4, 53.6), (434.4, 53.6), (434.4, 53.6), (434.4, 53.6), (434.4, 53.6), (434.4, 53.6), (434.4, 53.6), (434.4, 53.6), (434.4, 53.6), (434.4, 53.6), (434.4, 53.6), (434.4, 53.6), (434.4, 53.6), (428.8, 53.6), (428.8, 53.6), (428.8, 53.6), (428.8, 53.6), (428.8, 53.6), (428.8, 53.6), (428.8, 53.6), (428.8, 53.6), (428.8, 53.6), (428.8, 53.6), (428.8, 53.6), (428.8, 53.6), (428.8, 53.6), (428.8, 53.6)]",0,0,8.1
speedrunner,bomberman,5,Bomb,4,0,43.21,0.5,"[(48.0, 48.0), (70.4, 50.8), (101.2, 50.8), (123.6, 50.8), (146.0, 50.8), (174.0, 50.8), (196.4, 50.8), (224.4, 50.8), (246.8, 50.8), (269.2, 50.8), (297.2, 50.8), (319.6, 50.8), (344.8, 50.8), (370.0, 50.8), (392.4, 50.8), (420.4, 50.8), (434.4, 50.8), (434.4, 50.8), (434.4, 50.8), (434.4, 50.8), (434.4, 50.8), (434.4, 50.8), (434.4, 50.8), (434.4, 50.8), (434.4, 50.8), (434.4, 50.8), (434.4, 50.8), (434.4, 50.8), (434.4, 50.8), (434.4, 50.8), (434.4, 50.8), (434.4, 53.6), (434.4, 53.6), (434.4, 53.6), (434.4, 53.6), (434.4, 53.6), (434.4, 53.6), (434.4, 53.6), (434.4, 53.6), (434.4, 53.6), (434.4, 53.6), (434.4, 53.6), (434.4, 53.6), (434.4, 53.6), (434.4, 53.6), (434.4, 53.6), (434.4, 53.6), (434.4, 53.6), (434.4, 53.6), (434.4, 53.6), (434.4, 53.6), (434.4, 53.6), (434.4, 53.6), (434.4, 53.6), (434.4, 53.6), (434.4, 53.6), (434.4, 53.6), (434.4, 53.6), (434.4, 53.6), (434.4, 53.6), (434.4, 53.6)]",0,0,8.1
speedrunner,bomberman,5,Bomb,58,0,12.91,0.95,"[(48.0, 48.0), (70.4, 50.8), (101.2, 50.8), (115.2, 67.6), (115.2, 95.6), (126.4, 115.2), (151.6, 115.2), (176.8, 120.8), (179.6, 143.2), (179.6, 171.2), (199.2, 179.6), (227.2, 179.6), (244.0, 193.6), (244.0, 218.8), (249.6, 244.0), (272.0, 244.0), (300.0, 246.8), (308.4, 269.2), (308.4, 291.6), (308.4, 314.0), (308.4, 336.4), (308.4, 358.8), (308.4, 370.0), (308.4, 370.0), (308.4, 370.0), (308.4, 370.0), (308.4, 370.0), (308.4, 370.0), (308.4, 370.0), (308.4, 370.0), (308.4, 370.0), (308.4, 370.0), (308.4, 370.0), (308.4, 370.0), (308.4, 370.0), (308.4, 370.0), (308.4, 370.0), (308.4, 370.0), (308.4, 370.0), (308.4, 364.4), (308.4, 364.4), (308.4, 358.8), (308.4, 358.8), (308.4, 353.2), (300.0, 336.4), (300.0, 319.6), (300.0, 319.6), (300.0, 319.6), (300.0, 319.6), (300.0, 319.6), (300.0, 319.6), (300.0, 319.6), (300.0, 319.6), (300.0, 319.6), (300.0, 319.6), (300.0, 319.6), (300.0, 319.6), (300.0, 319.6), (305.6, 319.6), (308.4, 314.0), (308.4, 308.4), (308.4, 302.8), (308.4, 302.8), (308.4, 297.2), (308.4, 297.2), (308.4, 297.2), (308.4, 314.0), (308.4, 302.8), (308.4, 302.8), (308.4, 302.8), (308.4, 325.2), (308.4, 353.2), (319.6, 372.8), (339.2, 372.8), (339.2, 372.8), (339.2, 372.8), (339.2, 372.8), (339.2, 372.8), (339.2, 372.8), (339.2, 372.8), (339.2, 372.8), (339.2, 372.8), (339.2, 372.8), (339.2, 372.8), (339.2, 372.8), (339.2, 372.8), (339.2, 372.8), (339.2, 372.8), (339.2, 372.8), (339.2, 372.8), (339.2, 372.8), (339.2, 372.8), (339.2, 372.8), (339.2, 372.8), (339.2, 372.8), (339.2, 372.8), (339.2, 372.8), (339.2, 372.8), (339.2, 372.8), (339.2, 372.8), (339.2, 372.8), (339.2, 372.8), (339.2, 372.8), (339.2, 372.8), (339.2, 372.8), (339.2, 372.8), (339.2, 372.8), (339.2, 372.8), (339.2, 372.8), (339.2, 372.8), (339.2, 372.8), (339.2, 372.8), (339.2, 372.8), (339.2, 372.8), (339.2, 372.8), (339.2, 372.8), (339.2, 372.8), (339.2, 372.8), (339.2, 372.8), (339.2, 372.8), (339.2, 372.8), (322.4, 372.8), (300.0, 372.8), (288.8, 372.8), (288.8, 372.8), (288.8, 372.8)]",0,3,16.7
speedrunner,bomberman,5,Bomb,60,0,13.18,0.95,"[(48.0, 48.0), (70.4, 50.8), (101.2, 50.8), (115.2, 62.0), (115.2, 62.0), (115.2, 62.0), (115.2, 62.0), (115.2, 62.0), (115.2, 62.0), (115.2, 62.0), (115.2, 62.0), (115.2, 62.0), (115.2, 62.0), (115.2, 62.0), (115.2, 62.0), (115.2, 62.0), (115.2, 67.6), (115.2, 95.6), (126.4, 115.2), (151.6, 115.2), (176.8, 120.8), (179.6, 126.4), (179.6, 126.4), (179.6, 126.4), (179.6, 126.4), (179.6, 126.4), (179.6, 126.4), (179.6, 126.4), (179.6, 126.4), (179.6, 126.4), (179.6, 126.4), (179.6, 126.4), (179.6, 143.2), (179.6, 171.2), (199.2, 179.6), (227.2, 179.6), (244.0, 193.6), (244.0, 218.8), (249.6, 244.0), (272.0, 244.0), (300.0, 246.8), (308.4, 269.2), (308.4, 291.6), (308.4, 314.0), (308.4, 336.4), (308.4, 358.8), (308.4, 372.8), (308.4, 372.8), (308.4, 372.8), (308.4, 372.8), (308.4, 372.8), (308.4, 372.8), (308.4, 372.8), (308.4, 372.8), (308.4, 372.8), (308.4, 372.8), (308.4, 372.8), (308.4, 372.8), (308.4, 372.8), (308.4, 372.8), (308.4, 372.8), (308.4, 372.8), (308.4, 372.8), (308.4, 372.8), (308.4, 372.8), (308.4, 372.8), (308.4, 372.8), (308.4, 367.2), (308.4, 367.2), (308.4, 367.2), (308.4, 361.6), (308.4, 361.6), (308.4, 356.0), (300.0, 339.2), (302.8, 322.4), (302.8, 322.4), (302.8, 322.4), (300.0, 316.8), (300.0, 322.4), (300.0, 319.6), (300.0, 316.8), (300.0, 322.4), (300.0, 319.6), (300.0, 316.8), (300.0, 322.4), (300.0, 319.6), (300.0, 316.8), (300.0, 311.2), (300.0, 311.2), (291.6, 305.6), (286.0, 305.6), (286.0, 305.6), (286.0, 308.4), (286.0, 308.4), (286.0, 308.4), (286.0, 305.6), (308.4, 319.6), (308.4, 342.0), (314.0, 370.0), (336.4, 372.8), (339.2, 372.8), (339.2, 372.8), (339.2, 372.8), (339.2, 372.8), (339.2, 372.8), (339.2, 372.8), (339.2, 372.8), (339.2, 372.8), (339.2, 372.8), (339.2, 372.8), (339.2, 372.8), (339.2, 372.8), (339.2, 372.8), (339.2, 372.8), (339.2, 372.8), (339.2, 372.8), (339.2, 372.8), (339.2, 372.8), (339.2, 372.8), (339.2, 372.8), (339.2, 372.8), (339.2, 372.8), (339.2, 372.8), (339.2, 372.8), (339.2, 372.8), (339.2, 372.8), (339.2, 372.8), (339.2, 372.8), (339.2, 372.8), (339.2, 372.8), (339.2, 372.8), (339.2, 372.8), (339.2, 372.8), (339.2, 372.8), (339.2, 372.8), (339.2, 372.8), (339.2, 372.8), (339.2, 372.8), (339.2, 372.8), (339.2, 372.8), (339.2, 372.8), (339.2, 372.8), (339.2, 372.8), (339.2, 372.8), (339.2, 372.8), (339.2, 372.8), (339.2, 372.8), (339.2, 372.8), (339.2, 372.8), (339.2, 372.8), (339.2, 372.8), (339.2, 372.8)]",0,3,20.18
speedrunner,bomberman,5,Bomb,56,0,15.01,0.95,"[(48.0, 48.0), (70.4, 50.8), (101.2, 50.8), (115.2, 67.6), (115.2, 95.6), (126.4, 115.2), (151.6, 115.2), (176.8, 120.8), (179.6, 126.4), (179.6, 132.0), (179.6, 160.0), (188.0, 179.6), (210.4, 179.6), (238.4, 182.4), (244.0, 204.8), (244.0, 232.8), (260.8, 244.0), (288.8, 244.0), (308.4, 258.0), (308.4, 280.4), (308.4, 302.8), (308.4, 325.2), (308.4, 347.6), (308.4, 370.0), (308.4, 372.8), (308.4, 372.8), (308.4, 372.8), (308.4, 372.8), (308.4, 372.8), (308.4, 372.8), (308.4, 372.8), (308.4, 372.8), (308.4, 372.8), (308.4, 372.8), (308.4, 372.8), (308.4, 372.8), (308.4, 372.8), (308.4, 372.8), (308.4, 367.2), (308.4, 367.2), (308.4, 367.2), (308.4, 361.6), (308.4, 361.6), (308.4, 361.6), (302.8, 344.8), (302.8, 322.4), (302.8, 322.4), (302.8, 322.4), (302.8, 322.4), (302.8, 322.4), (302.8, 322.4), (302.8, 322.4), (302.8, 322.4), (302.8, 322.4), (302.8, 322.4), (302.8, 322.4), (302.8, 322.4), (302.8, 322.4), (302.8, 316.8), (308.4, 311.2), (308.4, 311.2), (308.4, 305.6), (308.4, 305.6), (308.4, 305.6), (308.4, 294.4), (308.4, 294.4), (294.4, 308.4), (294.4, 308.4), (294.4, 308.4), (300.0, 311.2), (308.4, 333.6), (308.4, 361.6), (328.0, 372.8), (339.2, 372.8), (339.2, 372.8), (339.2, 372.8), (339.2, 372.8), (339.2, 372.8), (339.2, 372.8), (339.2, 372.8), (339.2, 372.8), (339.2, 372.8), (339.2, 372.8), (339.2, 372.8), (339.2, 372.8), (339.2, 372.8), (339.2, 372.8), (339.2, 372.8), (339.2, 372.8), (339.2, 372.8), (339.2, 372.8), (339.2, 372.8), (339.2, 372.8), (339.2, 372.8), (339.2, 372.8), (339.2, 372.8), (339.2, 372.8), (339.2, 372.8), (339.2, 372.8), (339.2, 372.8), (339.2, 372.8), (339.2, 372.8), (339.2, 372.8), (339.2, 372.8), (339.2, 372.8), (339.2, 372.8), (339.2, 372.8), (339.2, 372.8), (339.2, 372.8), (339.2, 372.8), (339.2, 372.8), (339.2, 372.8), (339.2, 372.8), (339.2, 372.8), (339.2, 372.8), (339.2, 372.8), (339.2, 372.8), (339.2, 372.8), (339.2, 372.8), (339.2, 372.8), (339.2, 372.8), (339.2, 372.8), (339.2, 372.8), (339.2, 372.8), (339.2, 372.8), (339.2, 372.8), (339.2, 372.8), (339.2, 372.8), (339.2, 372.8)]",0,3,17.17
speedrunner,bomberman,5,Bomb,35,0,15.94,0.95,"[(48.0, 48.0), (70.4, 50.8), (101.2, 50.8), (115.2, 67.6), (115.2, 95.6), (126.4, 115.2), (151.6, 115.2), (176.8, 120.8), (179.6, 143.2), (179.6, 171.2), (199.2, 179.6), (227.2, 179.6), (244.0, 193.6), (244.0, 218.8), (249.6, 244.0), (272.0, 244.0), (300.0, 246.8), (308.4, 269.2), (308.4, 291.6), (308.4, 314.0), (308.4, 336.4), (308.4, 358.8), (308.4, 372.8), (308.4, 372.8), (308.4, 372.8), (308.4, 372.8), (308.4, 372.8), (308.4, 372.8), (308.4, 372.8), (308.4, 372.8), (308.4, 372.8), (308.4, 372.8), (308.4, 372.8), (308.4, 372.8), (308.4, 372.8), (308.4, 372.8), (308.4, 372.8), (308.4, 372.8), (308.4, 372.8), (308.4, 372.8), (308.4, 372.8), (308.4, 372.8), (308.4, 372.8), (308.4, 372.8), (308.4, 370.0), (308.4, 370.0), (308.4, 370.0), (308.4, 364.4), (308.4, 358.8), (308.4, 358.8), (305.6, 347.6), (300.0, 319.6), (300.0, 319.6), (300.0, 319.6), (300.0, 319.6), (300.0, 319.6), (300.0, 319.6), (300.0, 319.6), (300.0, 319.6), (305.6, 319.6), (308.4, 314.0), (308.4, 308.4), (308.4, 302.8), (308.4, 302.8), (308.4, 297.2), (308.4, 297.2), (308.4, 314.0), (308.4, 314.0), (308.4, 314.0), (308.4, 314.0), (308.4, 336.4), (308.4, 364.4), (330.8, 372.8), (339.2, 372.8), (339.2, 372.8), (339.2, 372.8), (339.2, 372.8), (339.2, 372.8), (339.2, 372.8), (339.2, 372.8), (339.2, 372.8), (339.2, 372.8), (339.2, 372.8), (339.2, 372.8), (339.2, 372.8), (339.2, 372.8), (339.2, 372.8), (339.2, 372.8), (339.2, 372.8), (339.2, 372.8), (339.2, 372.8), (339.2, 372.8), (339.2, 372.8), (339.2, 372.8), (339.2, 372.8), (339.2, 372.8), (339.2, 372.8), (339.2, 372.8), (339.2, 372.8), (339.2, 372.8), (339.2, 372.8), (339.2, 372.8), (339.2, 372.8), (339.2, 372.8), (339.2, 372.8), (339.2, 372.8), (339.2, 372.8), (339.2, 372.8), (339.2, 372.8), (339.2, 372.8), (339.2, 372.8), (339.2, 372.8), (339.2, 372.8), (339.2, 372.8), (339.2, 372.8), (339.2, 372.8), (339.2, 372.8), (339.2, 372.8), (339.2, 372.8), (339.2, 372.8), (339.2, 372.8), (339.2, 372.8), (339.2, 372.8), (339.2, 372.8), (339.2, 372.8), (339.2, 372.8)]",0,3,16.68
speedrunner,bomberman,5,Bomb,38,0,12.0,0.95,"[(48.0, 48.0), (70.4, 50.8), (101.2, 50.8), (115.2, 67.6), (115.2, 95.6), (126.4, 115.2), (151.6, 115.2), (176.8, 120.8), (179.6, 143.2), (179.6, 171.2), (199.2, 179.6), (227.2, 179.6), (244.0, 193.6), (244.0, 218.8), (249.6, 244.0), (272.0, 244.0), (300.0, 246.8), (308.4, 269.2), (308.4, 291.6), (308.4, 314.0), (308.4, 336.4), (308.4, 358.8), (308.4, 372.8), (308.4, 372.8), (308.4, 372.8), (308.4, 372.8), (308.4, 372.8), (308.4, 372.8), (308.4, 372.8), (308.4, 372.8), (308.4, 372.8), (308.4, 372.8), (308.4, 372.8), (308.4, 372.8), (308.4, 372.8), (308.4, 372.8), (308.4, 372.8), (308.4, 372.8), (308.4, 372.8), (308.4, 372.8), (308.4, 372.8), (308.4, 372.8), (308.4, 372.8), (308.4, 372.8), (308.4, 372.8), (308.4, 372.8), (308.4, 372.8), (308.4, 372.8), (308.4, 372.8), (308.4, 372.8), (308.4, 372.8), (308.4, 372.8), (308.4, 372.8), (308.4, 370.0), (308.4, 364.4), (308.4, 358.8), (308.4, 353.2), (300.0, 330.8), (300.0, 319.6), (300.0, 319.6), (300.0, 319.6), (300.0, 319.6), (300.0, 319.6), (300.0, 319.6), (300.0, 319.6), (300.0, 319.6), (308.4, 314.0), (308.4, 308.4), (308.4, 302.8), (308.4, 302.8), (308.4, 297.2), (308.4, 291.6), (308.4, 286.0), (308.4, 286.0), (308.4, 286.0), (308.4, 291.6), (308.4, 291.6), (308.4, 286.0), (308.4, 286.0), (308.4, 302.8), (308.4, 325.2), (308.4, 353.2), (319.6, 372.8), (339.2, 372.8), (339.2, 372.8), (339.2, 372.8), (339.2, 372.8), (339.2, 372.8), (339.2, 372.8), (339.2, 372.8), (339.2, 372.8), (339.2, 372.8), (339.2, 372.8), (339.2, 372.8), (339.2, 372.8), (339.2, 372.8), (339.2, 372.8), (339.2, 372.8), (339.2, 372.8), (339.2, 372.8), (339.2, 372.8), (339.2, 372.8), (339.2, 372.8), (339.2, 372.8), (339.2, 372.8), (339.2, 372.8), (339.2, 372.8), (339.2, 372.8), (339.2, 372.8), (339.2, 372.8), (339.2, 372.8), (339.2, 372.8), (339.2, 372.8), (339.2, 372.8), (339.2, 372.8), (339.2, 372.8), (339.2, 372.8), (339.2, 372.8), (339.2, 372.8), (339.2, 372.8), (339.2, 372.8), (339.2, 372.8), (339.2, 372.8), (339.2, 372.8), (339.2, 372.8), (339.2, 372.8), (339.2, 372.8), (339.2, 372.8), (339.2, 372.8), (339.2, 372.8), (328.0, 372.8), (305.6, 372.8), (288.8, 372.8), (288.8, 372.8), (288.8, 372.8)]",0,2,17.97
speedrunner,bomberman,5,Bomb,155,0,12.49,0.95,"[(48.0, 48.0), (70.4, 50.8), (101.2, 50.8), (115.2, 67.6), (115.2, 95.6), (126.4, 115.2), (151.6, 115.2), (176.8, 120.8), (179.6, 143.2), (179.6, 171.2), (199.2, 179.6), (227.2, 179.6), (244.0, 193.6), (244.0, 218.8), (249.6, 244.0), (272.0, 244.0), (300.0, 246.8), (300.0, 269.2), (308.4, 297.2), (308.4, 319.6), (300.0, 342.0), (300.0, 353.2), (300.0, 347.6), (302.8, 350.4), (300.0, 353.2), (300.0, 347.6), (302.8, 350.4), (300.0, 353.2), (300.0, 347.6), (302.8, 350.4), (300.0, 353.2), (300.0, 347.6), (302.8, 350.4), (300.0, 353.2), (300.0, 347.6), (302.8, 350.4), (300.0, 353.2), (300.0, 347.6), (302.8, 350.4), (300.0, 353.2), (305.6, 353.2), (300.0, 344.8), (300.0, 330.8), (308.4, 311.2), (308.4, 311.2), (308.4, 311.2), (308.4, 311.2), (308.4, 311.2), (305.6, 311.2), (291.6, 308.4), (286.0, 305.6), (286.0, 305.6), (286.0, 305.6), (286.0, 305.6), (286.0, 305.6), (286.0, 305.6), (286.0, 305.6), (286.0, 305.6), (286.0, 305.6), (286.0, 305.6), (286.0, 305.6), (286.0, 305.6), (286.0, 305.6), (286.0, 305.6), (286.0, 305.6), (286.0, 305.6), (286.0, 305.6), (286.0, 305.6), (286.0, 305.6), (286.0, 305.6), (286.0, 305.6), (286.0, 305.6), (286.0, 305.6), (286.0, 305.6), (300.0, 305.6), (300.0, 288.8), (300.0, 288.8), (300.0, 288.8), (300.0, 288.8), (300.0, 288.8), (300.0, 288.8), (300.0, 288.8), (300.0, 288.8), (300.0, 288.8), (300.0, 288.8), (300.0, 288.8), (300.0, 288.8), (300.0, 288.8), (300.0, 283.2), (300.0, 277.6), (300.0, 272.0), (300.0, 272.0), (300.0, 266.4), (300.0, 266.4), (300.0, 263.6), (300.0, 255.2), (300.0, 255.2), (300.0, 255.2), (300.0, 255.2), (300.0, 255.2), (300.0, 255.2), (300.0, 255.2), (300.0, 255.2), (300.0, 255.2), (308.4, 272.0), (308.4, 294.4), (308.4, 316.8), (308.4, 339.2), (311.2, 367.2), (333.6, 372.8), (339.2, 372.8), (339.2, 372.8), (339.2, 372.8), (339.2, 372.8), (339.2, 372.8), (339.2, 372.8), (339.2, 372.8), (339.2, 372.8), (339.2, 372.8), (339.2, 372.8), (339.2, 372.8), (339.2, 372.8), (339.2, 372.8), (339.2, 372.8), (339.2, 372.8), (339.2, 372.8), (339.2, 372.8), (339.2, 372.8), (339.2, 372.8), (339.2, 372.8), (339.2, 372.8), (339.2, 372.8), (339.2, 372.8), (339.2, 372.8), (339.2, 372.8), (339.2, 372.8), (339.2, 372.8), (339.2, 372.8), (339.2, 372.8), (339.2, 372.8), (339.2, 372.8), (339.2, 372.8), (339.2, 372.8), (339.2, 372.8), (339.2, 372.8), (339.2, 372.8), (339.2, 372.8), (339.2, 372.8), (339.2, 372.8), (339.2, 372.8), (339.2, 372.8), (339.2, 372.8), (339.2, 372.8), (339.2, 372.8), (339.2, 372.8), (339.2, 372.8), (339.2, 372.8), (339.2, 372.8), (339.2, 372.8), (339.2, 372.8)]",0,2,21.3
speedrunner,bomberman,5,Bomb,4,0,12.54,0.7,"[(48.0, 48.0), (70.4, 50.8), (101.2, 50.8), (115.2, 67.6), (115.2, 95.6), (126.4, 115.2), (151.6, 115.2), (176.8, 120.8), (179.6, 143.2), (179.6, 171.2), (199.2, 179.6), (227.2, 179.6), (244.0, 193.6), (244.0, 218.8), (249.6, 238.4), (272.0, 244.0), (300.0, 246.8), (308.4, 269.2), (308.4, 291.6), (308.4, 314.0), (308.4, 336.4), (308.4, 342.0), (308.4, 342.0), (308.4, 342.0), (308.4, 342.0), (308.4, 342.0), (308.4, 342.0), (308.4, 342.0), (308.4, 342.0), (308.4, 342.0), (308.4, 342.0), (308.4, 342.0), (308.4, 342.0), (308.4, 342.0), (308.4, 342.0), (308.4, 342.0), (308.4, 342.0), (308.4, 342.0), (308.4, 342.0), (308.4, 342.0), (308.4, 342.0), (308.4, 342.0), (308.4, 342.0), (308.4, 342.0), (308.4, 342.0), (308.4, 336.4), (308.4, 336.4), (308.4, 330.8), (308.4, 325.2), (308.4, 319.6), (308.4, 314.0), (308.4, 314.0), (308.4, 297.2), (300.0, 283.2), (300.0, 272.0), (300.0, 272.0), (300.0, 272.0), (300.0, 263.6), (300.0, 260.8), (300.0, 266.4), (300.0, 255.2), (300.0, 255.2), (300.0, 255.2), (300.0, 255.2), (300.0, 255.2), (308.4, 255.2), (308.4, 255.2), (308.4, 255.2), (308.4, 255.2), (308.4, 255.2), (308.4, 255.2), (308.4, 255.2), (308.4, 255.2), (308.4, 255.2), (308.4, 258.0), (308.4, 258.0), (308.4, 258.0), (308.4, 266.4), (308.4, 288.8), (308.4, 288.8), (308.4, 288.8), (308.4, 288.8), (308.4, 288.8), (308.4, 288.8), (308.4, 288.8), (308.4, 288.8), (308.4, 288.8), (308.4, 288.8), (308.4, 288.8), (308.4, 288.8), (308.4, 288.8), (308.4, 288.8), (308.4, 288.8), (308.4, 288.8), (308.4, 288.8), (308.4, 288.8), (308.4, 288.8), (308.4, 288.8), (308.4, 288.8), (308.4, 288.8), (308.4, 288.8), (308.4, 288.8), (308.4, 288.8), (308.4, 288.8), (308.4, 311.2), (308.4, 333.6), (308.4, 344.8), (308.4, 333.6), (308.4, 333.6), (308.4, 328.0), (308.4, 322.4), (308.4, 316.8), (308.4, 311.2), (308.4, 305.6), (305.6, 283.2), (300.0, 274.8), (300.0, 269.2), (300.0, 269.2), (300.0, 269.2), (300.0, 263.6), (300.0, 260.8), (300.0, 266.4), (302.8, 258.0), (302.8, 258.0), (302.8, 258.0), (302.8, 258.0), (302.8, 258.0), (308.4, 258.0), (308.4, 258.0), (308.4, 258.0), (308.4, 258.0), (308.4, 258.0), (308.4, 258.0), (308.4, 258.0), (308.4, 258.0), (300.0, 269.2)]",0,0,18.08
speedrunner,bomberman,5,Bomb,2,0,14.34,0.15,"[(48.0, 48.0), (70.4, 50.8), (101.2, 50.8), (115.2, 64.8), (115.2, 64.8), (115.2, 62.0), (115.2, 62.0), (115.2, 62.0), (115.2, 62.0), (115.2, 62.0), (115.2, 62.0), (115.2, 62.0), (115.2, 62.0), (115.2, 62.0), (115.2, 62.0), (115.2, 62.0), (115.2, 62.0), (115.2, 62.0), (115.2, 62.0), (115.2, 62.0), (115.2, 62.0), (115.2, 62.0), (115.2, 62.0), (115.2, 62.0), (115.2, 62.0), (115.2, 62.0), (115.2, 62.0), (115.2, 62.0), (115.2, 62.0), (115.2, 62.0), (115.2, 62.0)]",0,0,4.1
speedrunner,bomberman,5,Bomb,95,0,17.06,0.9,"[(48.0, 48.0), (70.4, 50.8), (101.2, 50.8), (115.2, 67.6), (115.2, 95.6), (126.4, 115.2), (151.6, 115.2), (176.8, 120.8), (179.6, 143.2), (179.6, 171.2), (199.2, 179.6), (227.2, 179.6), (244.0, 193.6), (244.0, 218.8), (249.6, 244.0), (272.0, 244.0), (300.0, 246.8), (308.4, 269.2), (308.4, 291.6), (308.4, 314.0), (308.4, 336.4), (308.4, 353.2), (308.4, 353.2), (308.4, 353.2), (308.4, 353.2), (308.4, 353.2), (308.4, 353.2), (308.4, 353.2), (308.4, 353.2), (308.4, 353.2), (308.4, 353.2), (308.4, 353.2), (308.4, 353.2), (308.4, 353.2), (308.4, 353.2), (308.4, 353.2), (308.4, 353.2), (308.4, 353.2), (308.4, 353.2), (308.4, 353.2), (308.4, 353.2), (308.4, 353.2), (308.4, 342.0), (308.4, 319.6), (308.4, 302.8), (308.4, 302.8), (308.4, 297.2), (308.4, 297.2), (308.4, 286.0), (308.4, 286.0), (308.4, 286.0), (308.4, 286.0), (308.4, 286.0), (308.4, 286.0), (308.4, 286.0), (308.4, 286.0), (308.4, 286.0), (308.4, 286.0), (308.4, 286.0), (308.4, 286.0), (308.4, 286.0), (308.4, 286.0), (308.4, 286.0), (308.4, 286.0), (308.4, 286.0), (308.4, 286.0), (308.4, 286.0), (308.4, 286.0), (308.4, 286.0), (308.4, 286.0), (308.4, 286.0), (308.4, 286.0), (308.4, 286.0), (308.4, 286.0), (308.4, 286.0), (308.4, 300.0), (308.4, 300.0), (308.4, 300.0), (308.4, 300.0), (308.4, 300.0), (308.4, 300.0), (308.4, 300.0), (308.4, 300.0), (308.4, 300.0), (308.4, 300.0), (308.4, 300.0), (308.4, 300.0), (308.4, 300.0), (308.4, 300.0), (308.4, 300.0), (308.4, 300.0), (308.4, 300.0), (308.4, 300.0), (308.4, 300.0), (308.4, 300.0), (308.4, 311.2), (308.4, 322.4), (308.4, 322.4), (308.4, 322.4), (308.4, 322.4), (308.4, 322.4), (308.4, 328.0), (308.4, 350.4), (308.4, 328.0)]",0,1,13.78
speedrunner,bomberman,5,Bomb,2,0,12.98,0.15,"[(48.0, 48.0), (70.4, 50.8), (101.2, 50.8), (115.2, 64.8), (115.2, 64.8), (115.2, 64.8), (115.2, 64.8), (115.2, 62.0), (115.2, 62.0), (115.2, 62.0), (115.2, 62.0), (115.2, 62.0), (115.2, 62.0), (115.2, 62.0), (115.2, 62.0), (115.2, 62.0), (115.2, 62.0), (115.2, 62.0), (115.2, 62.0), (115.2, 62.0), (109.6, 62.0), (109.6, 62.0), (109.6, 62.0), (109.6, 62.0), (109.6, 62.0), (109.6, 62.0), (109.6, 62.0), (109.6, 62.0), (109.6, 62.0), (109.6, 62.0), (109.6, 62.0)]",0,0,4.1
speedrunner,bomberman,5,Bomb,58,0,12.91,0.95,"[(48.0, 48.0), (70.4, 50.8), (101.2, 50.8), (115.2, 67.6), (115.2, 95.6), (126.4, 115.2), (151.6, 115.2), (176.8, 120.8), (179.6, 143.2), (179.6, 171.2), (199.2, 179.6), (227.2, 179.6), (244.0, 193.6), (244.0, 218.8), (249.6, 244.0), (272.0, 244.0), (300.0, 246.8), (308.4, 269.2), (308.4, 291.6), (308.4, 314.0), (308.4, 336.4), (308.4, 358.8), (308.4, 370.0), (308.4, 370.0), (308.4, 370.0), (308.4, 370.0), (308.4, 370.0), (308.4, 370.0), (308.4, 370.0), (308.4, 370.0), (308.4, 370.0), (308.4, 370.0), (308.4, 370.0), (308.4, 370.0), (308.4, 370.0), (308.4, 370.0), (308.4, 370.0), (308.4, 370.0), (308.4, 370.0), (308.4, 364.4), (308.4, 364.4), (308.4, 358.8), (308.4, 358.8), (308.4, 353.2), (300.0, 336.4), (300.0, 319.6), (300.0, 319.6), (300.0, 319.6), (300.0, 319.6), (300.0, 319.6), (300.0, 319.6), (300.0, 319.6), (300.0, 319.6), (300.0, 319.6), (300.0, 319.6), (300.0, 319.6), (300.0, 319.6), (300.0, 319.6), (305.6, 319.6), (308.4, 314.0), (308.4, 308.4), (308.4, 302.8), (308.4, 302.8), (308.4, 297.2), (308.4, 297.2), (308.4, 297.2), (308.4, 314.0), (308.4, 302.8), (308.4, 302.8), (308.4, 302.8), (308.4, 325.2), (308.4, 353.2), (319.6, 372.8), (339.2, 372.8), (339.2, 372.8), (339.2, 372.8), (339.2, 372.8), (339.2, 372.8), (339.2, 372.8), (339.2, 372.8), (339.2, 372.8), (339.2, 372.8), (339.2, 372.8), (339.2, 372.8), (339.2, 372.8), (339.2, 372.8), (339.2, 372.8), (339.2, 372.8), (339.2, 372.8), (339.2, 372.8), (339.2, 372.8), (339.2, 372.8), (339.2, 372.8), (339.2, 372.8), (339.2, 372.8), (339.2, 372.8), (339.2, 372.8), (339.2, 372.8), (339.2, 372.8), (339.2, 372.8), (339.2, 372.8), (339.2, 372.8), (339.2, 372.8), (339.2, 372.8), (339.2, 372.8), (339.2, 372.8), (339.2, 372.8), (339.2, 372.8), (339.2, 372.8), (339.2, 372.8), (339.2, 372.8), (339.2, 372.8), (339.2, 372.8), (339.2, 372.8), (339.2, 372.8), (339.2, 372.8), (339.2, 372.8), (339.2, 372.8), (339.2, 372.8), (339.2, 372.8), (339.2, 372.8), (322.4, 372.8), (300.0, 372.8), (288.8, 372.8), (288.8, 372.8), (288.8, 372.8)]",0,3,16.7
speedrunner,bomberman,5,Bomb,35,0,15.94,0.95,"[(48.0, 48.0), (70.4, 50.8), (101.2, 50.8), (115.2, 67.6), (115.2, 95.6), (126.4, 115.2), (151.6, 115.2), (176.8, 120.8), (179.6, 143.2), (179.6, 171.2), (199.2, 179.6), (227.2, 179.6), (244.0, 193.6), (244.0, 218.8), (249.6, 244.0), (272.0, 244.0), (300.0, 246.8), (308.4, 269.2), (308.4, 291.6), (308.4, 314.0), (308.4, 336.4), (308.4, 358.8), (308.4, 372.8), (308.4, 372.8), (308.4, 372.8), (308.4, 372.8), (308.4, 372.8), (308.4, 372.8), (308.4, 372.8), (308.4, 372.8), (308.4, 372.8), (308.4, 372.8), (308.4, 372.8), (308.4, 372.8), (308.4, 372.8), (308.4, 372.8), (308.4, 372.8), (308.4, 372.8), (308.4, 372.8), (308.4, 372.8), (308.4, 372.8), (308.4, 372.8), (308.4, 372.8), (308.4, 372.8), (308.4, 370.0), (308.4, 370.0), (308.4, 370.0), (308.4, 364.4), (308.4, 358.8), (308.4, 358.8), (305.6, 347.6), (300.0, 319.6), (300.0, 319.6), (300.0, 319.6), (300.0, 319.6), (300.0, 319.6), (300.0, 319.6), (300.0, 319.6), (300.0, 319.6), (305.6, 319.6), (308.4, 314.0), (308.4, 308.4), (308.4, 302.8), (308.4, 302.8), (308.4, 297.2), (308.4, 297.2), (308.4, 314.0), (308.4, 314.0), (308.4, 314.0), (308.4, 314.0), (308.4, 336.4), (308.4, 364.4), (330.8, 372.8), (339.2, 372.8), (339.2, 372.8), (339.2, 372.8), (339.2, 372.8), (339.2, 372.8), (339.2, 372.8), (339.2, 372.8), (339.2, 372.8), (339.2, 372.8), (339.2, 372.8), (339.2, 372.8), (339.2, 372.8), (339.2, 372.8), (339.2, 372.8), (339.2, 372.8), (339.2, 372.8), (339.2, 372.8), (339.2, 372.8), (339.2, 372.8), (339.2, 372.8), (339.2, 372.8), (339.2, 372.8), (339.2, 372.8), (339.2, 372.8), (339.2, 372.8), (339.2, 372.8), (339.2, 372.8), (339.2, 372.8), (339.2, 372.8), (339.2, 372.8), (339.2, 372.8), (339.2, 372.8), (339.2, 372.8), (339.2, 372.8), (339.2, 372.8), (339.2, 372.8), (339.2, 372.8), (339.2, 372.8), (339.2, 372.8), (339.2, 372.8), (339.2, 372.8), (339.2, 372.8), (339.2, 372.8), (339.2, 372.8), (339.2, 372.8), (339.2, 372.8), (339.2, 372.8), (339.2, 372.8), (339.2, 372.8), (339.2, 372.8), (339.2, 372.8), (339.2, 372.8), (339.2, 372.8)]",0,3,16.68
speedrunner,bomberman,5,Bomb,56,0,15.01,0.95,"[(48.0, 48.0), (70.4, 50.8), (101.2, 50.8), (115.2, 67.6), (115.2, 95.6), (126.4, 115.2), (151.6, 115.2), (176.8, 120.8), (179.6, 126.4), (179.6, 132.0), (179.6, 160.0), (188.0, 179.6), (210.4, 179.6), (238.4, 182.4), (244.0, 204.8), (244.0, 232.8), (260.8, 244.0), (288.8, 244.0), (308.4, 258.0), (308.4, 280.4), (308.4, 302.8), (308.4, 325.2), (308.4, 347.6), (308.4, 370.0), (308.4, 372.8), (308.4, 372.8), (308.4, 372.8), (308.4, 372.8), (308.4, 372.8), (308.4, 372.8), (308.4, 372.8), (308.4, 372.8), (308.4, 372.8), (308.4, 372.8), (308.4, 372.8), (308.4, 372.8), (308.4, 372.8), (308.4, 372.8), (308.4, 367.2), (308.4, 367.2), (308.4, 367.2), (308.4, 361.6), (308.4, 361.6), (308.4, 361.6), (302.8, 344.8), (302.8, 322.4), (302.8, 322.4), (302.8, 322.4), (302.8, 322.4), (302.8, 322.4), (302.8, 322.4), (302.8, 322.4), (302.8, 322.4), (302.8, 322.4), (302.8, 322.4), (302.8, 322.4), (302.8, 322.4), (302.8, 322.4), (302.8, 316.8), (308.4, 311.2), (308.4, 311.2), (308.4, 305.6), (308.4, 305.6), (308.4, 305.6), (308.4, 294.4), (308.4, 294.4), (294.4, 308.4), (294.4, 308.4), (294.4, 308.4), (300.0, 311.2), (308.4, 333.6), (308.4, 361.6), (328.0, 372.8), (339.2, 372.8), (339.2, 372.8), (339.2, 372.8), (339.2, 372.8), (339.2, 372.8), (339.2, 372.8), (339.2, 372.8), (339.2, 372.8), (339.2, 372.8), (339.2, 372.8), (339.2, 372.8), (339.2, 372.8), (339.2, 372.8), (339.2, 372.8), (339.2, 372.8), (339.2, 372.8), (339.2, 372.8), (339.2, 372.8), (339.2, 372.8), (339.2, 372.8), (339.2, 372.8), (339.2, 372.8), (339.2, 372.8), (339.2, 372.8), (339.2, 372.8), (339.2, 372.8), (339.2, 372.8), (339.2, 372.8), (339.2, 372.8), (339.2, 372.8), (339.2, 372.8), (339.2, 372.8), (339.2, 372.8), (339.2, 372.8), (339.2, 372.8), (339.2, 372.8), (339.2, 372.8), (339.2, 372.8), (339.2, 372.8), (339.2, 372.8), (339.2, 372.8), (339.2, 372.8), (339.2, 372.8), (339.2, 372.8), (339.2, 372.8), (339.2, 372.8), (339.2, 372.8), (339.2, 372.8), (339.2, 372.8), (339.2, 372.8), (339.2, 372.8), (339.2, 372.8), (339.2, 372.8), (339.2, 372.8), (339.2, 372.8), (339.2, 372.8)]",0,3,17.17
speedrunner,bomberman,5,Bomb,60,0,13.18,0.95,"[(48.0, 48.0), (70.4, 50.8), (101.2, 50.8), (115.2, 62.0), (115.2, 62.0), (115.2, 62.0), (115.2, 62.0), (115.2, 62.0), (115.2, 62.0), (115.2, 62.0), (115.2, 62.0), (115.2, 62.0), (115.2, 62.0), (115.2, 62.0), (115.2, 62.0), (115.2, 62.0), (115.2, 67.6), (115.2, 95.6), (126.4, 115.2), (151.6, 115.2), (176.8, 120.8), (179.6, 126.4), (179.6, 126.4), (179.6, 126.4), (179.6, 126.4), (179.6, 126.4), (179.6, 126.4), (179.6, 126.4), (179.6, 126.4), (179.6, 126.4), (179.6, 126.4), (179.6, 126.4), (179.6, 143.2), (179.6, 171.2), (199.2, 179.6), (227.2, 179.6), (244.0, 193.6), (244.0, 218.8), (249.6, 244.0), (272.0, 244.0), (300.0, 246.8), (308.4, 269.2), (308.4, 291.6), (308.4, 314.0), (308.4, 336.4), (308.4, 358.8), (308.4, 372.8), (308.4, 372.8), (308.4, 372.8), (308.4, 372.8), (308.4, 372.8), (308.4, 372.8), (308.4, 372.8), (308.4, 372.8), (308.4, 372.8), (308.4, 372.8), (308.4, 372.8), (308.4, 372.8), (308.4, 372.8), (308.4, 372.8), (308.4, 372.8), (308.4, 372.8), (308.4, 372.8), (308.4, 372.8), (308.4, 372.8), (308.4, 372.8), (308.4, 372.8), (308.4, 367.2), (308.4, 367.2), (308.4, 367.2), (308.4, 361.6), (308.4, 361.6), (308.4, 356.0), (300.0, 339.2), (302.8, 322.4), (302.8, 322.4), (302.8, 322.4), (300.0, 316.8), (300.0, 322.4), (300.0, 319.6), (300.0, 316.8), (300.0, 322.4), (300.0, 319.6), (300.0, 316.8), (300.0, 322.4), (300.0, 319.6), (300.0, 316.8), (300.0, 311.2), (300.0, 311.2), (291.6, 305.6), (286.0, 305.6), (286.0, 305.6), (286.0, 308.4), (286.0, 308.4), (286.0, 308.4), (286.0, 305.6), (308.4, 319.6), (308.4, 342.0), (314.0, 370.0), (336.4, 372.8), (339.2, 372.8), (339.2, 372.8), (339.2, 372.8), (339.2, 372.8), (339.2, 372.8), (339.2, 372.8), (339.2, 372.8), (339.2, 372.8), (339.2, 372.8), (339.2, 372.8), (339.2, 372.8), (339.2, 372.8), (339.2, 372.8), (339.2, 372.8), (339.2, 372.8), (339.2, 372.8), (339.2, 372.8), (339.2, 372.8), (339.2, 372.8), (339.2, 372.8), (339.2, 372.8), (339.2, 372.8), (339.2, 372.8), (339.2, 372.8), (339.2, 372.8), (339.2, 372.8), (339.2, 372.8), (339.2, 372.8), (339.2, 372.8), (339.2, 372.8), (339.2, 372.8), (339.2, 372.8), (339.2, 372.8), (339.2, 372.8), (339.2, 372.8), (339.2, 372.8), (339.2, 372.8), (339.2, 372.8), (339.2, 372.8), (339.2, 372.8), (339.2, 372.8), (339.2, 372.8), (339.2, 372.8), (339.2, 372.8), (339.2, 372.8), (339.2, 372.8), (339.2, 372.8), (339.2, 372.8), (339.2, 372.8), (339.2, 372.8), (339.2, 372.8), (339.2, 372.8)]",0,3,20.18
speedrunner,bomberman,5,Bomb,155,0,12.49,0.95,"[(48.0, 48.0), (70.4, 50.8), (101.2, 50.8), (115.2, 67.6), (115.2, 95.6), (126.4, 115.2), (151.6, 115.2), (176.8, 120.8), (179.6, 143.2), (179.6, 171.2), (199.2, 179.6), (227.2, 179.6), (244.0, 193.6), (244.0, 218.8), (249.6, 244.0), (272.0, 244.0), (300.0, 246.8), (300.0, 269.2), (308.4, 297.2), (308.4, 319.6), (300.0, 342.0), (300.0, 353.2), (300.0, 347.6), (302.8, 350.4), (300.0, 353.2), (300.0, 347.6), (302.8, 350.4), (300.0, 353.2), (300.0, 347.6), (302.8, 350.4), (300.0, 353.2), (300.0, 347.6), (302.8, 350.4), (300.0, 353.2), (300.0, 347.6), (302.8, 350.4), (300.0, 353.2), (300.0, 347.6), (302.8, 350.4), (300.0, 353.2), (305.6, 353.2), (300.0, 344.8), (300.0, 330.8), (308.4, 311.2), (308.4, 311.2), (308.4, 311.2), (308.4, 311.2), (308.4, 311.2), (305.6, 311.2), (291.6, 308.4), (286.0, 305.6), (286.0, 305.6), (286.0, 305.6), (286.0, 305.6), (286.0, 305.6), (286.0, 305.6), (286.0, 305.6), (286.0, 305.6), (286.0, 305.6), (286.0, 305.6), (286.0, 305.6), (286.0, 305.6), (286.0, 305.6), (286.0, 305.6), (286.0, 305.6), (286.0, 305.6), (286.0, 305.6), (286.0, 305.6), (286.0, 305.6), (286.0, 305.6), (286.0, 305.6), (286.0, 305.6), (286.0, 305.6), (286.0, 305.6), (300.0, 305.6), (300.0, 288.8), (300.0, 288.8), (300.0, 288.8), (300.0, 288.8), (300.0, 288.8), (300.0, 288.8), (300.0, 288.8), (300.0, 288.8), (300.0, 288.8), (300.0, 288.8), (300.0, 288.8), (300.0, 288.8), (300.0, 288.8), (300.0, 283.2), (300.0, 277.6), (300.0, 272.0), (300.0, 272.0), (300.0, 266.4), (300.0, 266.4), (300.0, 263.6), (300.0, 255.2), (300.0, 255.2), (300.0, 255.2), (300.0, 255.2), (300.0, 255.2), (300.0, 255.2), (300.0, 255.2), (300.0, 255.2), (300.0, 255.2), (308.4, 272.0), (308.4, 294.4), (308.4, 316.8), (308.4, 339.2), (311.2, 367.2), (333.6, 372.8), (339.2, 372.8), (339.2, 372.8), (339.2, 372.8), (339.2, 372.8), (339.2, 372.8), (339.2, 372.8), (339.2, 372.8), (339.2, 372.8), (339.2, 372.8), (339.2, 372.8), (339.2, 372.8), (339.2, 372.8), (339.2, 372.8), (339.2, 372.8), (339.2, 372.8), (339.2, 372.8), (339.2, 372.8), (339.2, 372.8), (339.2, 372.8), (339.2, 372.8), (339.2, 372.8), (339.2, 372.8), (339.2, 372.8), (339.2, 372.8), (339.2, 372.8), (339.2, 372.8), (339.2, 372.8), (339.2, 372.8), (339.2, 372.8), (339.2, 372.8), (339.2, 372.8), (339.2, 372.8), (339.2, 372.8), (339.2, 372.8), (339.2, 372.8), (339.2, 372.8), (339.2, 372.8), (339.2, 372.8), (339.2, 372.8), (339.2, 372.8), (339.2, 372.8), (339.2, 372.8), (339.2, 372.8), (339.2, 372.8), (339.2, 372.8), (339.2, 372.8), (339.2, 372.8), (339.2, 372.8), (339.2, 372.8), (339.2, 372.8)]",0,2,21.3
speedrunner,bomberman,5,Bomb,38,0,12.0,0.95,"[(48.0, 48.0), (70.4, 50.8), (101.2, 50.8), (115.2, 67.6), (115.2, 95.6), (126.4, 115.2), (151.6, 115.2), (176.8, 120.8), (179.6, 143.2), (179.6, 171.2), (199.2, 179.6), (227.2, 179.6), (244.0, 193.6), (244.0, 218.8), (249.6, 244.0), (272.0, 244.0), (300.0, 246.8), (308.4, 269.2), (308.4, 291.6), (308.4, 314.0), (308.4, 336.4), (308.4, 358.8), (308.4, 372.8), (308.4, 372.8), (308.4, 372.8), (308.4, 372.8), (308.4, 372.8), (308.4, 372.8), (308.4, 372.8), (308.4, 372.8), (308.4, 372.8), (308.4, 372.8), (308.4, 372.8), (308.4, 372.8), (308.4, 372.8), (308.4, 372.8), (308.4, 372.8), (308.4, 372.8), (308.4, 372.8), (308.4, 372.8), (308.4, 372.8), (308.4, 372.8), (308.4, 372.8), (308.4, 372.8), (308.4, 372.8), (308.4, 372.8), (308.4, 372.8), (308.4, 372.8), (308.4, 372.8), (308.4, 372.8), (308.4, 372.8), (308.4, 372.8), (308.4, 372.8), (308.4, 370.0), (308.4, 364.4), (308.4, 358.8), (308.4, 353.2), (300.0, 330.8), (300.0, 319.6), (300.0, 319.6), (300.0, 319.6), (300.0, 319.6), (300.0, 319.6), (300.0, 319.6), (300.0, 319.6), (300.0, 319.6), (308.4, 314.0), (308.4, 308.4), (308.4, 302.8), (308.4, 302.8), (308.4, 297.2), (308.4, 291.6), (308.4, 286.0), (308.4, 286.0), (308.4, 286.0), (308.4, 291.6), (308.4, 291.6), (308.4, 286.0), (308.4, 286.0), (308.4, 302.8), (308.4, 325.2), (308.4, 353.2), (319.6, 372.8), (339.2, 372.8), (339.2, 372.8), (339.2, 372.8), (339.2, 372.8), (339.2, 372.8), (339.2, 372.8), (339.2, 372.8), (339.2, 372.8), (339.2, 372.8), (339.2, 372.8), (339.2, 372.8), (339.2, 372.8), (339.2, 372.8), (339.2, 372.8), (339.2, 372.8), (339.2, 372.8), (339.2, 372.8), (339.2, 372.8), (339.2, 372.8), (339.2, 372.8), (339.2, 372.8), (339.2, 372.8), (339.2, 372.8), (339.2, 372.8), (339.2, 372.8), (339.2, 372.8), (339.2, 372.8), (339.2, 372.8), (339.2, 372.8), (339.2, 372.8), (339.2, 372.8), (339.2, 372.8), (339.2, 372.8), (339.2, 372.8), (339.2, 372.8), (339.2, 372.8), (339.2, 372.8), (339.2, 372.8), (339.2, 372.8), (339.2, 372.8), (339.2, 372.8), (339.2, 372.8), (339.2, 372.8), (339.2, 372.8), (339.2, 372.8), (339.2, 372.8), (339.2, 372.8), (328.0, 372.8), (305.6, 372.8), (288.8, 372.8), (288.8, 372.8), (288.8, 372.8)]",0,2,17.97
speedrunner,bomberman,5,Bomb,98,0,17.86,0.8,"[(48.0, 48.0), (70.4, 50.8), (101.2, 50.8), (115.2, 67.6), (115.2, 95.6), (126.4, 115.2), (151.6, 115.2), (176.8, 120.8), (179.6, 126.4), (179.6, 126.4), (179.6, 126.4), (179.6, 126.4), (179.6, 143.2), (179.6, 171.2), (199.2, 179.6), (227.2, 179.6), (244.0, 193.6), (244.0, 218.8), (249.6, 244.0), (272.0, 244.0), (300.0, 246.8), (308.4, 269.2), (308.4, 291.6), (308.4, 314.0), (308.4, 336.4), (308.4, 358.8), (308.4, 372.8), (308.4, 372.8), (308.4, 372.8), (308.4, 372.8), (308.4, 372.8), (308.4, 372.8), (308.4, 372.8), (308.4, 372.8), (308.4, 372.8), (308.4, 372.8), (308.4, 372.8), (308.4, 372.8), (308.4, 372.8), (308.4, 372.8), (308.4, 372.8), (308.4, 367.2), (308.4, 367.2), (308.4, 367.2), (308.4, 361.6), (308.4, 361.6), (308.4, 361.6), (308.4, 356.0), (300.0, 339.2), (302.8, 322.4), (302.8, 322.4), (300.0, 322.4), (300.0, 319.6), (300.0, 316.8), (300.0, 322.4), (300.0, 319.6), (300.0, 316.8), (300.0, 322.4), (300.0, 319.6), (300.0, 316.8), (300.0, 322.4), (300.0, 319.6), (300.0, 314.0), (300.0, 314.0), (300.0, 314.0), (288.8, 305.6), (288.8, 308.4), (286.0, 308.4), (286.0, 305.6), (291.6, 308.4), (308.4, 297.2), (308.4, 286.0), (308.4, 286.0), (308.4, 286.0), (308.4, 286.0), (308.4, 286.0), (300.0, 286.0), (300.0, 286.0), (300.0, 286.0), (300.0, 286.0), (300.0, 286.0), (300.0, 286.0), (300.0, 286.0), (300.0, 286.0), (300.0, 286.0), (300.0, 286.0), (300.0, 286.0), (300.0, 286.0), (300.0, 286.0), (300.0, 286.0), (300.0, 286.0), (300.0, 286.0), (300.0, 286.0), (300.0, 286.0), (300.0, 286.0), (300.0, 286.0)]",0,1,12.7
speedrunner,bomberman,5,Bomb,86,0,2.18,0.7,"[(48.0, 48.0), (70.4, 50.8), (101.2, 50.8), (115.2, 67.6), (115.2, 95.6), (126.4, 115.2), (151.6, 115.2), (176.8, 120.8), (179.6, 126.4), (179.6, 126.4), (179.6, 126.4), (179.6, 137.6), (179.6, 165.6), (193.6, 179.6), (221.6, 179.6), (244.0, 188.0), (244.0, 210.4), (244.0, 238.4), (266.4, 244.0), (294.4, 244.0), (308.4, 263.6), (300.0, 291.6), (308.4, 314.0), (300.0, 336.4), (300.0, 364.4), (288.8, 370.0), (288.8, 370.0), (288.8, 370.0), (288.8, 370.0), (288.8, 370.0), (288.8, 370.0), (288.8, 370.0), (288.8, 370.0), (288.8, 370.0), (288.8, 370.0), (288.8, 370.0), (288.8, 370.0), (288.8, 370.0), (288.8, 370.0), (288.8, 370.0), (288.8, 370.0), (288.8, 370.0), (288.8, 370.0), (288.8, 370.0), (288.8, 370.0), (288.8, 370.0), (288.8, 370.0), (288.8, 370.0), (288.8, 370.0), (288.8, 370.0), (266.4, 372.8), (244.0, 372.8), (221.6, 372.8), (221.6, 372.8), (221.6, 372.8), (221.6, 372.8), (221.6, 372.8), (210.4, 372.8), (199.2, 372.8), (193.6, 372.8), (193.6, 372.8), (193.6, 372.8), (193.6, 372.8), (193.6, 372.8), (193.6, 372.8), (193.6, 372.8), (193.6, 372.8), (193.6, 372.8), (188.0, 372.8), (171.2, 372.8), (160.0, 372.8), (160.0, 372.8), (160.0, 372.8), (160.0, 372.8), (160.0, 372.8), (160.0, 372.8), (160.0, 372.8), (160.0, 372.8), (160.0, 372.8), (160.0, 372.8), (160.0, 372.8), (160.0, 372.8), (160.0, 372.8), (160.0, 372.8), (160.0, 372.8), (160.0, 372.8), (160.0, 372.8), (143.2, 372.8), (120.8, 372.8), (98.4, 372.8), (98.4, 372.8), (98.4, 372.8), (98.4, 372.8), (98.4, 372.8), (98.4, 372.8), (98.4, 372.8), (98.4, 372.8), (98.4, 372.8), (98.4, 372.8), (104.0, 372.8), (109.6, 372.8), (109.6, 372.8), (109.6, 372.8), (109.6, 370.0), (109.6, 358.8), (109.6, 353.2), (109.6, 353.2), (109.6, 353.2), (109.6, 353.2), (109.6, 353.2), (109.6, 353.2), (109.6, 353.2), (109.6, 353.2), (109.6, 353.2), (109.6, 353.2), (109.6, 353.2), (109.6, 353.2), (109.6, 353.2), (109.6, 353.2), (109.6, 353.2), (109.6, 353.2), (109.6, 353.2), (109.6, 353.2), (109.6, 353.2), (109.6, 353.2), (109.6, 353.2)]",0,0,16.7
speedrunner,bomberman,5,Bomb,2,0,14.34,0.15,"[(48.0, 48.0), (70.4, 50.8), (101.2, 50.8), (115.2, 62.0), (115.2, 62.0), (115.2, 62.0), (115.2, 62.0), (115.2, 62.0), (115.2, 62.0), (115.2, 62.0), (115.2, 62.0), (115.2, 62.0), (115.2, 62.0), (115.2, 62.0), (115.2, 62.0), (115.2, 62.0), (115.2, 62.0), (115.2, 62.0), (115.2, 62.0), (115.2, 62.0), (115.2, 62.0), (115.2, 62.0), (115.2, 62.0), (115.2, 62.0), (115.2, 62.0), (115.2, 62.0), (115.2, 62.0), (115.2, 62.0), (115.2, 62.0), (115.2, 62.0), (115.2, 62.0)]",0,0,4.1
speedrunner,bomberman,5,Bomb,44,0,24.64,0.85,"[(48.0, 48.0), (70.4, 50.8), (101.2, 50.8), (115.2, 67.6), (115.2, 95.6), (126.4, 115.2), (151.6, 115.2), (176.8, 120.8), (179.6, 143.2), (179.6, 171.2), (199.2, 179.6), (227.2, 179.6), (244.0, 193.6), (244.0, 218.8), (249.6, 244.0), (272.0, 244.0), (300.0, 246.8), (308.4, 269.2), (308.4, 291.6), (308.4, 314.0), (308.4, 336.4), (308.4, 358.8), (308.4, 372.8), (308.4, 372.8), (308.4, 372.8), (308.4, 372.8), (308.4, 372.8), (308.4, 372.8), (308.4, 372.8), (308.4, 372.8), (308.4, 372.8), (308.4, 372.8), (308.4, 372.8), (308.4, 372.8), (308.4, 372.8), (308.4, 372.8), (308.4, 372.8), (308.4, 372.8), (308.4, 372.8), (308.4, 372.8), (308.4, 372.8), (308.4, 372.8), (308.4, 372.8), (308.4, 372.8), (308.4, 372.8), (308.4, 372.8), (308.4, 372.8), (308.4, 372.8), (308.4, 372.8), (308.4, 372.8), (308.4, 372.8), (308.4, 372.8), (308.4, 372.8), (308.4, 372.8), (308.4, 372.8), (308.4, 370.0), (308.4, 364.4), (308.4, 358.8), (308.4, 353.2), (300.0, 330.8), (300.0, 319.6), (300.0, 319.6), (300.0, 319.6), (300.0, 319.6), (300.0, 319.6), (300.0, 319.6), (300.0, 319.6), (300.0, 319.6), (300.0, 319.6), (300.0, 319.6)]",0,1,9.32
speedrunner,bomberman,5,Bomb,58,0,12.91,0.95,"[(48.0, 48.0), (70.4, 50.8), (101.2, 50.8), (115.2, 67.6), (115.2, 95.6), (126.4, 115.2), (151.6, 115.2), (176.8, 120.8), (179.6, 143.2), (179.6, 171.2), (199.2, 179.6), (227.2, 179.6), (244.0, 193.6), (244.0, 218.8), (249.6, 244.0), (272.0, 244.0), (300.0, 246.8), (308.4, 269.2), (308.4, 291.6), (308.4, 314.0), (308.4, 336.4), (308.4, 358.8), (308.4, 370.0), (308.4, 370.0), (308.4, 370.0), (308.4, 370.0), (308.4, 370.0), (308.4, 370.0), (308.4, 370.0), (308.4, 370.0), (308.4, 370.0), (308.4, 370.0), (308.4, 370.0), (308.4, 370.0), (308.4, 370.0), (308.4, 370.0), (308.4, 370.0), (308.4, 370.0), (308.4, 370.0), (308.4, 364.4), (308.4, 364.4), (308.4, 358.8), (308.4, 358.8), (308.4, 353.2), (300.0, 336.4), (300.0, 319.6), (300.0, 319.6), (300.0, 319.6), (300.0, 319.6), (300.0, 319.6), (300.0, 319.6), (300.0, 319.6), (300.0, 319.6), (300.0, 319.6), (300.0, 319.6), (300.0, 319.6), (300.0, 319.6), (300.0, 319.6), (305.6, 319.6), (308.4, 314.0), (308.4, 308.4), (308.4, 302.8), (308.4, 302.8), (308.4, 297.2), (308.4, 297.2), (308.4, 297.2), (308.4, 314.0), (308.4, 302.8), (308.4, 302.8), (308.4, 302.8), (308.4, 325.2), (308.4, 353.2), (319.6, 372.8), (339.2, 372.8), (339.2, 372.8), (339.2, 372.8), (339.2, 372.8), (339.2, 372.8), (339.2, 372.8), (339.2, 372.8), (339.2, 372.8), (339.2, 372.8), (339.2, 372.8), (339.2, 372.8), (339.2, 372.8), (339.2, 372.8), (339.2, 372.8), (339.2, 372.8), (339.2, 372.8), (339.2, 372.8), (339.2, 372.8), (339.2, 372.8), (339.2, 372.8), (339.2, 372.8), (339.2, 372.8), (339.2, 372.8), (339.2, 372.8), (339.2, 372.8), (339.2, 372.8), (339.2, 372.8), (339.2, 372.8), (339.2, 372.8), (339.2, 372.8), (339.2, 372.8), (339.2, 372.8), (339.2, 372.8), (339.2, 372.8), (339.2, 372.8), (339.2, 372.8), (339.2, 372.8), (339.2, 372.8), (339.2, 372.8), (339.2, 372.8), (339.2, 372.8), (339.2, 372.8), (339.2, 372.8), (339.2, 372.8), (339.2, 372.8), (339.2, 372.8), (339.2, 372.8), (339.2, 372.8), (322.4, 372.8), (300.0, 372.8), (288.8, 372.8), (288.8, 372.8), (288.8, 372.8)]",0,3,16.7
speedrunner,bomberman,5,Bomb,60,0,13.18,0.95,"[(48.0, 48.0), (70.4, 50.8), (101.2, 50.8), (115.2, 62.0), (115.2, 62.0), (115.2, 62.0), (115.2, 62.0), (115.2, 62.0), (115.2, 62.0), (115.2, 62.0), (115.2, 62.0), (115.2, 62.0), (115.2, 62.0), (115.2, 62.0), (115.2, 62.0), (115.2, 62.0), (115.2, 67.6), (115.2, 95.6), (126.4, 115.2), (151.6, 115.2), (176.8, 120.8), (179.6, 126.4), (179.6, 126.4), (179.6, 126.4), (179.6, 126.4), (179.6, 126.4), (179.6, 126.4), (179.6, 126.4), (179.6, 126.4), (179.6, 126.4), (179.6, 126.4), (179.6, 126.4), (179.6, 143.2), (179.6, 171.2), (199.2, 179.6), (227.2, 179.6), (244.0, 193.6), (244.0, 218.8), (249.6, 244.0), (272.0, 244.0), (300.0, 246.8), (308.4, 269.2), (308.4, 291.6), (308.4, 314.0), (308.4, 336.4), (308.4, 358.8), (308.4, 372.8), (308.4, 372.8), (308.4, 372.8), (308.4, 372.8), (308.4, 372.8), (308.4, 372.8), (308.4, 372.8), (308.4, 372.8), (308.4, 372.8), (308.4, 372.8), (308.4, 372.8), (308.4, 372.8), (308.4, 372.8), (308.4, 372.8), (308.4, 372.8), (308.4, 372.8), (308.4, 372.8), (308.4, 372.8), (308.4, 372.8), (308.4, 372.8), (308.4, 372.8), (308.4, 367.2), (308.4, 367.2), (308.4, 367.2), (308.4, 361.6), (308.4, 361.6), (308.4, 356.0), (300.0, 339.2), (302.8, 322.4), (302.8, 322.4), (302.8, 322.4), (300.0, 316.8), (300.0, 322.4), (300.0, 319.6), (300.0, 316.8), (300.0, 322.4), (300.0, 319.6), (300.0, 316.8), (300.0, 322.4), (300.0, 319.6), (300.0, 316.8), (300.0, 311.2), (300.0, 311.2), (291.6, 305.6), (286.0, 305.6), (286.0, 305.6), (286.0, 308.4), (286.0, 308.4), (286.0, 308.4), (286.0, 305.6), (308.4, 319.6), (308.4, 342.0), (314.0, 370.0), (336.4, 372.8), (339.2, 372.8), (339.2, 372.8), (339.2, 372.8), (339.2, 372.8), (339.2, 372.8), (339.2, 372.8), (339.2, 372.8), (339.2, 372.8), (339.2, 372.8), (339.2, 372.8), (339.2, 372.8), (339.2, 372.8), (339.2, 372.8), (339.2, 372.8), (339.2, 372.8), (339.2, 372.8), (339.2, 372.8), (339.2, 372.8), (339.2, 372.8), (339.2, 372.8), (339.2, 372.8), (339.2, 372.8), (339.2, 372.8), (339.2, 372.8), (339.2, 372.8), (339.2, 372.8), (339.2, 372.8), (339.2, 372.8), (339.2, 372.8), (339.2, 372.8), (339.2, 372.8), (339.2, 372.8), (339.2, 372.8), (339.2, 372.8), (339.2, 372.8), (339.2, 372.8), (339.2, 372.8), (339.2, 372.8), (339.2, 372.8), (339.2, 372.8), (339.2, 372.8), (339.2, 372.8), (339.2, 372.8), (339.2, 372.8), (339.2, 372.8), (339.2, 372.8), (339.2, 372.8), (339.2, 372.8), (339.2, 372.8), (339.2, 372.8), (339.2, 372.8), (339.2, 372.8)]",0,3,20.18
speedrunner,bomberman,5,Bomb,56,0,15.01,0.95,"[(48.0, 48.0), (70.4, 50.8), (101.2, 50.8), (115.2, 67.6), (115.2, 95.6), (126.4, 115.2), (151.6, 115.2), (176.8, 120.8), (179.6, 126.4), (179.6, 132.0), (179.6, 160.0), (188.0, 179.6), (210.4, 179.6), (238.4, 182.4), (244.0, 204.8), (244.0, 232.8), (260.8, 244.0), (288.8, 244.0), (308.4, 258.0), (308.4, 280.4), (308.4, 302.8), (308.4, 325.2), (308.4, 347.6), (308.4, 370.0), (308.4, 372.8), (308.4, 372.8), (308.4, 372.8), (308.4, 372.8), (308.4, 372.8), (308.4, 372.8), (308.4, 372.8), (308.4, 372.8), (308.4, 372.8), (308.4, 372.8), (308.4, 372.8), (308.4, 372.8), (308.4, 372.8), (308.4, 372.8), (308.4, 367.2), (308.4, 367.2), (308.4, 367.2), (308.4, 361.6), (308.4, 361.6), (308.4, 361.6), (302.8, 344.8), (302.8, 322.4), (302.8, 322.4), (302.8, 322.4), (302.8, 322.4), (302.8, 322.4), (302.8, 322.4), (302.8, 322.4), (302.8, 322.4), (302.8, 322.4), (302.8, 322.4), (302.8, 322.4), (302.8, 322.4), (302.8, 322.4), (302.8, 316.8), (308.4, 311.2), (308.4, 311.2), (308.4, 305.6), (308.4, 305.6), (308.4, 305.6), (308.4, 294.4), (308.4, 294.4), (294.4, 308.4), (294.4, 308.4), (294.4, 308.4), (300.0, 311.2), (308.4, 333.6), (308.4, 361.6), (328.0, 372.8), (339.2, 372.8), (339.2, 372.8), (339.2, 372.8), (339.2, 372.8), (339.2, 372.8), (339.2, 372.8), (339.2, 372.8), (339.2, 372.8), (339.2, 372.8), (339.2, 372.8), (339.2, 372.8), (339.2, 372.8), (339.2, 372.8), (339.2, 372.8), (339.2, 372.8), (339.2, 372.8), (339.2, 372.8), (339.2, 372.8), (339.2, 372.8), (339.2, 372.8), (339.2, 372.8), (339.2, 372.8), (339.2, 372.8), (339.2, 372.8), (339.2, 372.8), (339.2, 372.8), (339.2, 372.8), (339.2, 372.8), (339.2, 372.8), (339.2, 372.8), (339.2, 372.8), (339.2, 372.8), (339.2, 372.8), (339.2, 372.8), (339.2, 372.8), (339.2, 372.8), (339.2, 372.8), (339.2, 372.8), (339.2, 372.8), (339.2, 372.8), (339.2, 372.8), (339.2, 372.8), (339.2, 372.8), (339.2, 372.8), (339.2, 372.8), (339.2, 372.8), (339.2, 372.8), (339.2, 372.8), (339.2, 372.8), (339.2, 372.8), (339.2, 372.8), (339.2, 372.8), (339.2, 372.8), (339.2, 372.8), (339.2, 372.8), (339.2, 372.8)]",0,3,17.17
speedrunner,bomberman,5,Bomb,35,0,15.94,0.95,"[(48.0, 48.0), (70.4, 50.8), (101.2, 50.8), (115.2, 67.6), (115.2, 95.6), (126.4, 115.2), (151.6, 115.2), (176.8, 120.8), (179.6, 143.2), (179.6, 171.2), (199.2, 179.6), (227.2, 179.6), (244.0, 193.6), (244.0, 218.8), (249.6, 244.0), (272.0, 244.0), (300.0, 246.8), (308.4, 269.2), (308.4, 291.6), (308.4, 314.0), (308.4, 336.4), (308.4, 358.8), (308.4, 372.8), (308.4, 372.8), (308.4, 372.8), (308.4, 372.8), (308.4, 372.8), (308.4, 372.8), (308.4, 372.8), (308.4, 372.8), (308.4, 372.8), (308.4, 372.8), (308.4, 372.8), (308.4, 372.8), (308.4, 372.8), (308.4, 372.8), (308.4, 372.8), (308.4, 372.8), (308.4, 372.8), (308.4, 372.8), (308.4, 372.8), (308.4, 372.8), (308.4, 372.8), (308.4, 372.8), (308.4, 370.0), (308.4, 370.0), (308.4, 370.0), (308.4, 364.4), (308.4, 358.8), (308.4, 358.8), (305.6, 347.6), (300.0, 319.6), (300.0, 319.6), (300.0, 319.6), (300.0, 319.6), (300.0, 319.6), (300.0, 319.6), (300.0, 319.6), (300.0, 319.6), (305.6, 319.6), (308.4, 314.0), (308.4, 308.4), (308.4, 302.8), (308.4, 302.8), (308.4, 297.2), (308.4, 297.2), (308.4, 314.0), (308.4, 314.0), (308.4, 314.0), (308.4, 314.0), (308.4, 336.4), (308.4, 364.4), (330.8, 372.8), (339.2, 372.8), (339.2, 372.8), (339.2, 372.8), (339.2, 372.8), (339.2, 372.8), (339.2, 372.8), (339.2, 372.8), (339.2, 372.8), (339.2, 372.8), (339.2, 372.8), (339.2, 372.8), (339.2, 372.8), (339.2, 372.8), (339.2, 372.8), (339.2, 372.8), (339.2, 372.8), (339.2, 372.8), (339.2, 372.8), (339.2, 372.8), (339.2, 372.8), (339.2, 372.8), (339.2, 372.8), (339.2, 372.8), (339.2, 372.8), (339.2, 372.8), (339.2, 372.8), (339.2, 372.8), (339.2, 372.8), (339.2, 372.8), (339.2, 372.8), (339.2, 372.8), (339.2, 372.8), (339.2, 372.8), (339.2, 372.8), (339.2, 372.8), (339.2, 372.8), (339.2, 372.8), (339.2, 372.8), (339.2, 372.8), (339.2, 372.8), (339.2, 372.8), (339.2, 372.8), (339.2, 372.8), (339.2, 372.8), (339.2, 372.8), (339.2, 372.8), (339.2, 372.8), (339.2, 372.8), (339.2, 372.8), (339.2, 372.8), (339.2, 372.8), (339.2, 372.8), (339.2, 372.8)]",0,3,16.68
speedrunner,bomberman,5,Bomb,38,0,12.0,0.95,"[(48.0, 48.0), (70.4, 50.8), (101.2, 50.8), (115.2, 67.6), (115.2, 95.6), (126.4, 115.2), (151.6, 115.2), (176.8, 120.8), (179.6, 143.2), (179.6, 171.2), (199.2, 179.6), (227.2, 179.6), (244.0, 193.6), (244.0, 218.8), (249.6, 244.0), (272.0, 244.0), (300.0, 246.8), (308.4, 269.2), (308.4, 291.6), (308.4, 314.0), (308.4, 336.4), (308.4, 358.8), (308.4, 372.8), (308.4, 372.8), (308.4, 372.8), (308.4, 372.8), (308.4, 372.8), (308.4, 372.8), (308.4, 372.8), (308.4, 372.8), (308.4, 372.8), (308.4, 372.8), (308.4, 372.8), (308.4, 372.8), (308.4, 372.8), (308.4, 372.8), (308.4, 372.8), (308.4, 372.8), (308.4, 372.8), (308.4, 372.8), (308.4, 372.8), (308.4, 372.8), (308.4, 372.8), (308.4, 372.8), (308.4, 372.8), (308.4, 372.8), (308.4, 372.8), (308.4, 372.8), (308.4, 372.8), (308.4, 372.8), (308.4, 372.8), (308.4, 372.8), (308.4, 372.8), (308.4, 370.0), (308.4, 364.4), (308.4, 358.8), (308.4, 353.2), (300.0, 330.8), (300.0, 319.6), (300.0, 319.6), (300.0, 319.6), (300.0, 319.6), (300.0, 319.6), (300.0, 319.6), (300.0, 319.6), (300.0, 319.6), (308.4, 314.0), (308.4, 308.4), (308.4, 302.8), (308.4, 302.8), (308.4, 297.2), (308.4, 291.6), (308.4, 286.0), (308.4, 286.0), (308.4, 286.0), (308.4, 291.6), (308.4, 291.6), (308.4, 286.0), (308.4, 286.0), (308.4, 302.8), (308.4, 325.2), (308.4, 353.2), (319.6, 372.8), (339.2, 372.8), (339.2, 372.8), (339.2, 372.8), (339.2, 372.8), (339.2, 372.8), (339.2, 372.8), (339.2, 372.8), (339.2, 372.8), (339.2, 372.8), (339.2, 372.8), (339.2, 372.8), (339.2, 372.8), (339.2, 372.8), (339.2, 372.8), (339.2, 372.8), (339.2, 372.8), (339.2, 372.8), (339.2, 372.8), (339.2, 372.8), (339.2, 372.8), (339.2, 372.8), (339.2, 372.8), (339.2, 372.8), (339.2, 372.8), (339.2, 372.8), (339.2, 372.8), (339.2, 372.8), (339.2, 372.8), (339.2, 372.8), (339.2, 372.8), (339.2, 372.8), (339.2, 372.8), (339.2, 372.8), (339.2, 372.8), (339.2, 372.8), (339.2, 372.8), (339.2, 372.8), (339.2, 372.8), (339.2, 372.8), (339.2, 372.8), (339.2, 372.8), (339.2, 372.8), (339.2, 372.8), (339.2, 372.8), (339.2, 372.8), (339.2, 372.8), (339.2, 372.8), (328.0, 372.8), (305.6, 372.8), (288.8, 372.8), (288.8, 372.8), (288.8, 372.8)]",0,2,17.97
speedrunner,bomberman,5,Bomb,155,0,12.49,0.95,"[(48.0, 48.0), (70.4, 50.8), (101.2, 50.8), (115.2, 67.6), (115.2, 95.6), (126.4, 115.2), (151.6, 115.2), (176.8, 120.8), (179.6, 143.2), (179.6, 171.2), (199.2, 179.6), (227.2, 179.6), (244.0, 193.6), (244.0, 218.8), (249.6, 244.0), (272.0, 244.0), (300.0, 246.8), (300.0, 269.2), (308.4, 297.2), (308.4, 319.6), (300.0, 342.0), (300.0, 353.2), (300.0, 347.6), (302.8, 350.4), (300.0, 353.2), (300.0, 347.6), (302.8, 350.4), (300.0, 353.2), (300.0, 347.6), (302.8, 350.4), (300.0, 353.2), (300.0, 347.6), (302.8, 350.4), (300.0, 353.2), (300.0, 347.6), (302.8, 350.4), (300.0, 353.2), (300.0, 347.6), (302.8, 350.4), (300.0, 353.2), (305.6, 353.2), (300.0, 344.8), (300.0, 330.8), (308.4, 311.2), (308.4, 311.2), (308.4, 311.2), (308.4, 311.2), (308.4, 311.2), (305.6, 311.2), (291.6, 308.4), (286.0, 305.6), (286.0, 305.6), (286.0, 305.6), (286.0, 305.6), (286.0, 305.6), (286.0, 305.6), (286.0, 305.6), (286.0, 305.6), (286.0, 305.6), (286.0, 305.6), (286.0, 305.6), (286.0, 305.6), (286.0, 305.6), (286.0, 305.6), (286.0, 305.6), (286.0, 305.6), (286.0, 305.6), (286.0, 305.6), (286.0, 305.6), (286.0, 305.6), (286.0, 305.6), (286.0, 305.6), (286.0, 305.6), (286.0, 305.6), (300.0, 305.6), (300.0, 288.8), (300.0, 288.8), (300.0, 288.8), (300.0, 288.8), (300.0, 288.8), (300.0, 288.8), (300.0, 288.8), (300.0, 288.8), (300.0, 288.8), (300.0, 288.8), (300.0, 288.8), (300.0, 288.8), (300.0, 288.8), (300.0, 283.2), (300.0, 277.6), (300.0, 272.0), (300.0, 272.0), (300.0, 266.4), (300.0, 266.4), (300.0, 263.6), (300.0, 255.2), (300.0, 255.2), (300.0, 255.2), (300.0, 255.2), (300.0, 255.2), (300.0, 255.2), (300.0, 255.2), (300.0, 255.2), (300.0, 255.2), (308.4, 272.0), (308.4, 294.4), (308.4, 316.8), (308.4, 339.2), (311.2, 367.2), (333.6, 372.8), (339.2, 372.8), (339.2, 372.8), (339.2, 372.8), (339.2, 372.8), (339.2, 372.8), (339.2, 372.8), (339.2, 372.8), (339.2, 372.8), (339.2, 372.8), (339.2, 372.8), (339.2, 372.8), (339.2, 372.8), (339.2, 372.8), (339.2, 372.8), (339.2, 372.8), (339.2, 372.8), (339.2, 372.8), (339.2, 372.8), (339.2, 372.8), (339.2, 372.8), (339.2, 372.8), (339.2, 372.8), (339.2, 372.8), (339.2, 372.8), (339.2, 372.8), (339.2, 372.8), (339.2, 372.8), (339.2, 372.8), (339.2, 372.8), (339.2, 372.8), (339.2, 372.8), (339.2, 372.8), (339.2, 372.8), (339.2, 372.8), (339.2, 372.8), (339.2, 372.8), (339.2, 372.8), (339.2, 372.8), (339.2, 372.8), (339.2, 372.8), (339.2, 372.8), (339.2, 372.8), (339.2, 372.8), (339.2, 372.8), (339.2, 372.8), (339.2, 372.8), (339.2, 372.8), (339.2, 372.8), (339.2, 372.8), (339.2, 372.8)]",0,2,21.3
speedrunner,bomberman,5,Bomb,3,0,43.9,0.5,"[(48.0, 48.0), (70.4, 50.8), (101.2, 50.8), (123.6, 50.8), (146.0, 50.8), (174.0, 50.8), (196.4, 50.8), (224.4, 50.8), (246.8, 50.8), (269.2, 50.8), (297.2, 50.8), (319.6, 50.8), (344.8, 50.8), (370.0, 50.8), (392.4, 50.8), (414.8, 50.8), (434.4, 50.8), (434.4, 50.8), (434.4, 50.8), (434.4, 50.8), (434.4, 50.8), (434.4, 50.8), (434.4, 50.8), (434.4, 50.8), (434.4, 50.8), (434.4, 50.8), (434.4, 50.8), (434.4, 50.8), (434.4, 50.8), (434.4, 50.8), (434.4, 50.8), (434.4, 53.6), (434.4, 53.6), (434.4, 53.6), (434.4, 53.6), (434.4, 53.6), (434.4, 53.6), (434.4, 53.6), (434.4, 53.6), (434.4, 53.6), (434.4, 53.6), (434.4, 53.6), (434.4, 53.6), (434.4, 53.6), (434.4, 53.6), (434.4, 53.6), (434.4, 53.6), (434.4, 53.6), (434.4, 53.6), (434.4, 53.6), (434.4, 53.6), (434.4, 53.6), (434.4, 53.6), (434.4, 53.6), (434.4, 53.6), (434.4, 53.6), (434.4, 53.6), (434.4, 53.6), (434.4, 53.6), (434.4, 53.6), (434.4, 53.6)]",0,0,8.1
speedrunner,bomberman,5,Bomb,130,0,10.81,0.8,"[(48.0, 48.0), (70.4, 50.8), (101.2, 50.8), (115.2, 67.6), (115.2, 95.6), (126.4, 115.2), (151.6, 115.2), (176.8, 120.8), (179.6, 143.2), (179.6, 171.2), (199.2, 179.6), (227.2, 179.6), (244.0, 193.6), (244.0, 218.8), (249.6, 244.0), (272.0, 244.0), (300.0, 246.8), (308.4, 269.2), (308.4, 291.6), (308.4, 314.0), (308.4, 336.4), (308.4, 353.2), (308.4, 353.2), (308.4, 353.2), (308.4, 353.2), (308.4, 353.2), (308.4, 353.2), (308.4, 353.2), (308.4, 353.2), (308.4, 353.2), (308.4, 353.2), (308.4, 353.2), (308.4, 353.2), (308.4, 353.2), (308.4, 353.2), (308.4, 353.2), (308.4, 353.2), (308.4, 353.2), (305.6, 347.6), (300.0, 347.6), (300.0, 342.0), (300.0, 336.4), (300.0, 336.4), (300.0, 330.8), (300.0, 322.4), (300.0, 319.6), (300.0, 319.6), (300.0, 319.6), (300.0, 319.6), (300.0, 319.6), (300.0, 319.6), (300.0, 319.6), (300.0, 319.6), (308.4, 314.0), (308.4, 314.0), (300.0, 297.2), (300.0, 274.8), (302.8, 258.0), (302.8, 258.0), (302.8, 258.0), (302.8, 258.0), (302.8, 258.0), (302.8, 258.0), (302.8, 258.0), (302.8, 258.0), (302.8, 258.0), (308.4, 258.0), (308.4, 258.0), (308.4, 258.0), (308.4, 263.6), (308.4, 286.0), (308.4, 308.4), (308.4, 330.8), (308.4, 353.2), (308.4, 372.8), (308.4, 372.8), (308.4, 372.8), (308.4, 372.8), (308.4, 372.8), (308.4, 372.8), (308.4, 372.8), (308.4, 372.8), (308.4, 372.8), (308.4, 372.8), (308.4, 372.8), (308.4, 372.8), (308.4, 372.8), (308.4, 372.8), (308.4, 372.8), (308.4, 372.8), (308.4, 372.8), (308.4, 372.8), (308.4, 372.8), (308.4, 372.8), (308.4, 372.8), (308.4, 372.8), (308.4, 356.0), (308.4, 350.4), (302.8, 350.4), (300.0, 344.8), (300.0, 347.6), (300.0, 319.6), (300.0, 319.6), (300.0, 319.6), (300.0, 319.6), (300.0, 319.6), (300.0, 319.6), (300.0, 319.6), (308.4, 319.6), (308.4, 314.0), (308.4, 314.0), (308.4, 314.0), (308.4, 314.0), (308.4, 308.4), (308.4, 302.8), (308.4, 302.8), (308.4, 302.8), (308.4, 297.2), (308.4, 297.2), (308.4, 291.6), (308.4, 286.0), (308.4, 286.0), (308.4, 286.0), (308.4, 286.0), (308.4, 286.0), (308.4, 286.0), (291.6, 308.4), (300.0, 294.4), (302.8, 288.8), (308.4, 288.8), (308.4, 288.8), (308.4, 288.8), (308.4, 288.8), (308.4, 288.8), (308.4, 288.8), (308.4, 288.8), (300.0, 288.8), (300.0, 288.8), (300.0, 288.8), (300.0, 288.8), (300.0, 288.8), (300.0, 288.8), (300.0, 288.8), (300.0, 288.8), (300.0, 277.6), (300.0, 277.6), (300.0, 272.0), (300.0, 272.0), (300.0, 266.4), (300.0, 263.6), (300.0, 263.6), (302.8, 258.0), (308.4, 258.0), (308.4, 258.0), (308.4, 258.0), (308.4, 258.0), (308.4, 258.0), (300.0, 274.8)]",0,1,20.98
speedrunner,bomberman,5,Bomb,2,0,25.8,0.7,"[(48.0, 48.0), (70.4, 50.8), (101.2, 50.8), (115.2, 67.6), (115.2, 95.6), (126.4, 115.2), (151.6, 115.2), (176.8, 120.8), (179.6, 143.2), (179.6, 171.2), (199.2, 179.6), (227.2, 179.6), (244.0, 193.6), (244.0, 218.8), (249.6, 244.0), (272.0, 244.0), (300.0, 246.8), (308.4, 269.2), (308.4, 291.6), (308.4, 314.0), (308.4, 319.6), (308.4, 319.6), (308.4, 319.6), (308.4, 319.6), (308.4, 319.6), (308.4, 319.6), (308.4, 319.6), (308.4, 319.6), (308.4, 319.6), (308.4, 319.6), (308.4, 319.6), (308.4, 319.6), (308.4, 319.6), (308.4, 319.6), (308.4, 319.6), (308.4, 319.6), (308.4, 319.6), (308.4, 319.6), (308.4, 319.6), (308.4, 319.6), (308.4, 319.6), (308.4, 319.6), (308.4, 319.6), (308.4, 319.6), (308.4, 319.6), (308.4, 319.6), (308.4, 319.6), (308.4, 319.6), (308.4, 319.6), (308.4, 319.6), (308.4, 319.6), (308.4, 319.6), (308.4, 319.6), (308.4, 319.6), (308.4, 319.6), (308.4, 319.6), (308.4, 319.6), (308.4, 319.6), (308.4, 319.6), (308.4, 319.6), (308.4, 319.6), (308.4, 319.6), (308.4, 319.6), (308.4, 319.6), (308.4, 319.6), (308.4, 314.0), (308.4, 314.0), (308.4, 314.0), (308.4, 308.4)]",0,0,9.12
speedrunner,bomberman,5,Bomb,39,0,25.11,0.35,"[(48.0, 48.0), (70.4, 50.8), (101.2, 50.8), (115.2, 67.6), (115.2, 95.6), (126.4, 115.2), (151.6, 115.2), (176.8, 120.8), (179.6, 126.4), (179.6, 126.4), (179.6, 126.4), (179.6, 126.4), (179.6, 126.4), (179.6, 126.4), (179.6, 126.4), (179.6, 126.4), (179.6, 126.4), (179.6, 126.4), (179.6, 126.4), (179.6, 126.4), (179.6, 129.2), (176.8, 129.2), (179.6, 126.4), (179.6, 129.2), (176.8, 129.2), (179.6, 126.4), (179.6, 129.2), (176.8, 129.2), (179.6, 126.4), (179.6, 129.2), (176.8, 129.2), (179.6, 126.4), (179.6, 129.2), (176.8, 129.2), (179.6, 126.4), (179.6, 129.2)]",0,0,4.68
speedrunner,bomberman,5,Bomb,58,0,12.91,0.95,"[(48.0, 48.0), (70.4, 50.8), (101.2, 50.8), (115.2, 67.6), (115.2, 95.6), (126.4, 115.2), (151.6, 115.2), (176.8, 120.8), (179.6, 143.2), (179.6, 171.2), (199.2, 179.6), (227.2, 179.6), (244.0, 193.6), (244.0, 218.8), (249.6, 244.0), (272.0, 244.0), (300.0, 246.8), (308.4, 269.2), (308.4, 291.6), (308.4, 314.0), (308.4, 336.4), (308.4, 358.8), (308.4, 370.0), (308.4, 370.0), (308.4, 370.0), (308.4, 370.0), (308.4, 370.0), (308.4, 370.0), (308.4, 370.0), (308.4, 370.0), (308.4, 370.0), (308.4, 370.0), (308.4, 370.0), (308.4, 370.0), (308.4, 370.0), (308.4, 370.0), (308.4, 370.0), (308.4, 370.0), (308.4, 370.0), (308.4, 364.4), (308.4, 364.4), (308.4, 358.8), (308.4, 358.8), (308.4, 353.2), (300.0, 336.4), (300.0, 319.6), (300.0, 319.6), (300.0, 319.6), (300.0, 319.6), (300.0, 319.6), (300.0, 319.6), (300.0, 319.6), (300.0, 319.6), (300.0, 319.6), (300.0, 319.6), (300.0, 319.6), (300.0, 319.6), (300.0, 319.6), (305.6, 319.6), (308.4, 314.0), (308.4, 308.4), (308.4, 302.8), (308.4, 302.8), (308.4, 297.2), (308.4, 297.2), (308.4, 297.2), (308.4, 314.0), (308.4, 302.8), (308.4, 302.8), (308.4, 302.8), (308.4, 325.2), (308.4, 353.2), (319.6, 372.8), (339.2, 372.8), (339.2, 372.8), (339.2, 372.8), (339.2, 372.8), (339.2, 372.8), (339.2, 372.8), (339.2, 372.8), (339.2, 372.8), (339.2, 372.8), (339.2, 372.8), (339.2, 372.8), (339.2, 372.8), (339.2, 372.8), (339.2, 372.8), (339.2, 372.8), (339.2, 372.8), (339.2, 372.8), (339.2, 372.8), (339.2, 372.8), (339.2, 372.8), (339.2, 372.8), (339.2, 372.8), (339.2, 372.8), (339.2, 372.8), (339.2, 372.8), (339.2, 372.8), (339.2, 372.8), (339.2, 372.8), (339.2, 372.8), (339.2, 372.8), (339.2, 372.8), (339.2, 372.8), (339.2, 372.8), (339.2, 372.8), (339.2, 372.8), (339.2, 372.8), (339.2, 372.8), (339.2, 372.8), (339.2, 372.8), (339.2, 372.8), (339.2, 372.8), (339.2, 372.8), (339.2, 372.8), (339.2, 372.8), (339.2, 372.8), (339.2, 372.8), (339.2, 372.8), (339.2, 372.8), (322.4, 372.8), (300.0, 372.8), (288.8, 372.8), (288.8, 372.8), (288.8, 372.8)]",0,3,16.7
speedrunner,bomberman,5,Bomb,35,0,15.94,0.95,"[(48.0, 48.0), (70.4, 50.8), (101.2, 50.8), (115.2, 67.6), (115.2, 95.6), (126.4, 115.2), (151.6, 115.2), (176.8, 120.8), (179.6, 143.2), (179.6, 171.2), (199.2, 179.6), (227.2, 179.6), (244.0, 193.6), (244.0, 218.8), (249.6, 244.0), (272.0, 244.0), (300.0, 246.8), (308.4, 269.2), (308.4, 291.6), (308.4, 314.0), (308.4, 336.4), (308.4, 358.8), (308.4, 372.8), (308.4, 372.8), (308.4, 372.8), (308.4, 372.8), (308.4, 372.8), (308.4, 372.8), (308.4, 372.8), (308.4, 372.8), (308.4, 372.8), (308.4, 372.8), (308.4, 372.8), (308.4, 372.8), (308.4, 372.8), (308.4, 372.8), (308.4, 372.8), (308.4, 372.8), (308.4, 372.8), (308.4, 372.8), (308.4, 372.8), (308.4, 372.8), (308.4, 372.8), (308.4, 372.8), (308.4, 370.0), (308.4, 370.0), (308.4, 370.0), (308.4, 364.4), (308.4, 358.8), (308.4, 358.8), (305.6, 347.6), (300.0, 319.6), (300.0, 319.6), (300.0, 319.6), (300.0, 319.6), (300.0, 319.6), (300.0, 319.6), (300.0, 319.6), (300.0, 319.6), (305.6, 319.6), (308.4, 314.0), (308.4, 308.4), (308.4, 302.8), (308.4, 302.8), (308.4, 297.2), (308.4, 297.2), (308.4, 314.0), (308.4, 314.0), (308.4, 314.0), (308.4, 314.0), (308.4, 336.4), (308.4, 364.4), (330.8, 372.8), (339.2, 372.8), (339.2, 372.8), (339.2, 372.8), (339.2, 372.8), (339.2, 372.8), (339.2, 372.8), (339.2, 372.8), (339.2, 372.8), (339.2, 372.8), (339.2, 372.8), (339.2, 372.8), (339.2, 372.8), (339.2, 372.8), (339.2, 372.8), (339.2, 372.8), (339.2, 372.8), (339.2, 372.8), (339.2, 372.8), (339.2, 372.8), (339.2, 372.8), (339.2, 372.8), (339.2, 372.8), (339.2, 372.8), (339.2, 372.8), (339.2, 372.8), (339.2, 372.8), (339.2, 372.8), (339.2, 372.8), (339.2, 372.8), (339.2, 372.8), (339.2, 372.8), (339.2, 372.8), (339.2, 372.8), (339.2, 372.8), (339.2, 372.8), (339.2, 372.8), (339.2, 372.8), (339.2, 372.8), (339.2, 372.8), (339.2, 372.8), (339.2, 372.8), (339.2, 372.8), (339.2, 372.8), (339.2, 372.8), (339.2, 372.8), (339.2, 372.8), (339.2, 372.8), (339.2, 372.8), (339.2, 372.8), (339.2, 372.8), (339.2, 372.8), (339.2, 372.8), (339.2, 372.8)]",0,3,16.68
speedrunner,bomberman,5,Bomb,56,0,15.01,0.95,"[(48.0, 48.0), (70.4, 50.8), (101.2, 50.8), (115.2, 67.6), (115.2, 95.6), (126.4, 115.2), (151.6, 115.2), (176.8, 120.8), (179.6, 126.4), (179.6, 132.0), (179.6, 160.0), (188.0, 179.6), (210.4, 179.6), (238.4, 182.4), (244.0, 204.8), (244.0, 232.8), (260.8, 244.0), (288.8, 244.0), (308.4, 258.0), (308.4, 280.4), (308.4, 302.8), (308.4, 325.2), (308.4, 347.6), (308.4, 370.0), (308.4, 372.8), (308.4, 372.8), (308.4, 372.8), (308.4, 372.8), (308.4, 372.8), (308.4, 372.8), (308.4, 372.8), (308.4, 372.8), (308.4, 372.8), (308.4, 372.8), (308.4, 372.8), (308.4, 372.8), (308.4, 372.8), (308.4, 372.8), (308.4, 367.2), (308.4, 367.2), (308.4, 367.2), (308.4, 361.6), (308.4, 361.6), (308.4, 361.6), (302.8, 344.8), (302.8, 322.4), (302.8, 322.4), (302.8, 322.4), (302.8, 322.4), (302.8, 322.4), (302.8, 322.4), (302.8, 322.4), (302.8, 322.4), (302.8, 322.4), (302.8, 322.4), (302.8, 322.4), (302.8, 322.4), (302.8, 322.4), (302.8, 316.8), (308.4, 311.2), (308.4, 311.2), (308.4, 305.6), (308.4, 305.6), (308.4, 305.6), (308.4, 294.4), (308.4, 294.4), (294.4, 308.4), (294.4, 308.4), (294.4, 308.4), (300.0, 311.2), (308.4, 333.6), (308.4, 361.6), (328.0, 372.8), (339.2, 372.8), (339.2, 372.8), (339.2, 372.8), (339.2, 372.8), (339.2, 372.8), (339.2, 372.8), (339.2, 372.8), (339.2, 372.8), (339.2, 372.8), (339.2, 372.8), (339.2, 372.8), (339.2, 372.8), (339.2, 372.8), (339.2, 372.8), (339.2, 372.8), (339.2, 372.8), (339.2, 372.8), (339.2, 372.8), (339.2, 372.8), (339.2, 372.8), (339.2, 372.8), (339.2, 372.8), (339.2, 372.8), (339.2, 372.8), (339.2, 372.8), (339.2, 372.8), (339.2, 372.8), (339.2, 372.8), (339.2, 372.8), (339.2, 372.8), (339.2, 372.8), (339.2, 372.8), (339.2, 372.8), (339.2, 372.8), (339.2, 372.8), (339.2, 372.8), (339.2, 372.8), (339.2, 372.8), (339.2, 372.8), (339.2, 372.8), (339.2, 372.8), (339.2, 372.8), (339.2, 372.8), (339.2, 372.8), (339.2, 372.8), (339.2, 372.8), (339.2, 372.8), (339.2, 372.8), (339.2, 372.8), (339.2, 372.8), (339.2, 372.8), (339.2, 372.8), (339.2, 372.8), (339.2, 372.8), (339.2, 372.8), (339.2, 372.8)]",0,3,17.17
speedrunner,bomberman,5,Bomb,60,0,13.18,0.95,"[(48.0, 48.0), (70.4, 50.8), (101.2, 50.8), (115.2, 62.0), (115.2, 62.0), (115.2, 62.0), (115.2, 62.0), (115.2, 62.0), (115.2, 62.0), (115.2, 62.0), (115.2, 62.0), (115.2, 62.0), (115.2, 62.0), (115.2, 62.0), (115.2, 62.0), (115.2, 62.0), (115.2, 67.6), (115.2, 95.6), (126.4, 115.2), (151.6, 115.2), (176.8, 120.8), (179.6, 126.4), (179.6, 126.4), (179.6, 126.4), (179.6, 126.4), (179.6, 126.4), (179.6, 126.4), (179.6, 126.4), (179.6, 126.4), (179.6, 126.4), (179.6, 126.4), (179.6, 126.4), (179.6, 143.2), (179.6, 171.2), (199.2, 179.6), (227.2, 179.6), (244.0, 193.6), (244.0, 218.8), (249.6, 244.0), (272.0, 244.0), (300.0, 246.8), (308.4, 269.2), (308.4, 291.6), (308.4, 314.0), (308.4, 336.4), (308.4, 358.8), (308.4, 372.8), (308.4, 372.8), (308.4, 372.8), (308.4, 372.8), (308.4, 372.8), (308.4, 372.8), (308.4, 372.8), (308.4, 372.8), (308.4, 372.8), (308.4, 372.8), (308.4, 372.8), (308.4, 372.8), (308.4, 372.8), (308.4, 372.8), (308.4, 372.8), (308.4, 372.8), (308.4, 372.8), (308.4, 372.8), (308.4, 372.8), (308.4, 372.8), (308.4, 372.8), (308.4, 367.2), (308.4, 367.2), (308.4, 367.2), (308.4, 361.6), (308.4, 361.6), (308.4, 356.0), (300.0, 339.2), (302.8, 322.4), (302.8, 322.4), (302.8, 322.4), (300.0, 316.8), (300.0, 322.4), (300.0, 319.6), (300.0, 316.8), (300.0, 322.4), (300.0, 319.6), (300.0, 316.8), (300.0, 322.4), (300.0, 319.6), (300.0, 316.8), (300.0, 311.2), (300.0, 311.2), (291.6, 305.6), (286.0, 305.6), (286.0, 305.6), (286.0, 308.4), (286.0, 308.4), (286.0, 308.4), (286.0, 305.6), (308.4, 319.6), (308.4, 342.0), (314.0, 370.0), (336.4, 372.8), (339.2, 372.8), (339.2, 372.8), (339.2, 372.8), (339.2, 372.8), (339.2, 372.8), (339.2, 372.8), (339.2, 372.8), (339.2, 372.8), (339.2, 372.8), (339.2, 372.8), (339.2, 372.8), (339.2, 372.8), (339.2, 372.8), (339.2, 372.8), (339.2, 372.8), (339.2, 372.8), (339.2, 372.8), (339.2, 372.8), (339.2, 372.8), (339.2, 372.8), (339.2, 372.8), (339.2, 372.8), (339.2, 372.8), (339.2, 372.8), (339.2, 372.8), (339.2, 372.8), (339.2, 372.8), (339.2, 372.8), (339.2, 372.8), (339.2, 372.8), (339.2, 372.8), (339.2, 372.8), (339.2, 372.8), (339.2, 372.8), (339.2, 372.8), (339.2, 372.8), (339.2, 372.8), (339.2, 372.8), (339.2, 372.8), (339.2, 372.8), (339.2, 372.8), (339.2, 372.8), (339.2, 372.8), (339.2, 372.8), (339.2, 372.8), (339.2, 372.8), (339.2, 372.8), (339.2, 372.8), (339.2, 372.8), (339.2, 372.8), (339.2, 372.8), (339.2, 372.8)]",0,3,20.18
speedrunner,bomberman,5,Bomb,155,0,12.49,0.95,"[(48.0, 48.0), (70.4, 50.8), (101.2, 50.8), (115.2, 67.6), (115.2, 95.6), (126.4, 115.2), (151.6, 115.2), (176.8, 120.8), (179.6, 143.2), (179.6, 171.2), (199.2, 179.6), (227.2, 179.6), (244.0, 193.6), (244.0, 218.8), (249.6, 244.0), (272.0, 244.0), (300.0, 246.8), (300.0, 269.2), (308.4, 297.2), (308.4, 319.6), (300.0, 342.0), (300.0, 353.2), (300.0, 347.6), (302.8, 350.4), (300.0, 353.2), (300.0, 347.6), (302.8, 350.4), (300.0, 353.2), (300.0, 347.6), (302.8, 350.4), (300.0, 353.2), (300.0, 347.6), (302.8, 350.4), (300.0, 353.2), (300.0, 347.6), (302.8, 350.4), (300.0, 353.2), (300.0, 347.6), (302.8, 350.4), (300.0, 353.2), (305.6, 353.2), (300.0, 344.8), (300.0, 330.8), (308.4, 311.2), (308.4, 311.2), (308.4, 311.2), (308.4, 311.2), (308.4, 311.2), (305.6, 311.2), (291.6, 308.4), (286.0, 305.6), (286.0, 305.6), (286.0, 305.6), (286.0, 305.6), (286.0, 305.6), (286.0, 305.6), (286.0, 305.6), (286.0, 305.6), (286.0, 305.6), (286.0, 305.6), (286.0, 305.6), (286.0, 305.6), (286.0, 305.6), (286.0, 305.6), (286.0, 305.6), (286.0, 305.6), (286.0, 305.6), (286.0, 305.6), (286.0, 305.6), (286.0, 305.6), (286.0, 305.6), (286.0, 305.6), (286.0, 305.6), (286.0, 305.6), (300.0, 305.6), (300.0, 288.8), (300.0, 288.8), (300.0, 288.8), (300.0, 288.8), (300.0, 288.8), (300.0, 288.8), (300.0, 288.8), (300.0, 288.8), (300.0, 288.8), (300.0, 288.8), (300.0, 288.8), (300.0, 288.8), (300.0, 288.8), (300.0, 283.2), (300.0, 277.6), (300.0, 272.0), (300.0, 272.0), (300.0, 266.4), (300.0, 266.4), (300.0, 263.6), (300.0, 255.2), (300.0, 255.2), (300.0, 255.2), (300.0, 255.2), (300.0, 255.2), (300.0, 255.2), (300.0, 255.2), (300.0, 255.2), (300.0, 255.2), (308.4, 272.0), (308.4, 294.4), (308.4, 316.8), (308.4, 339.2), (311.2, 367.2), (333.6, 372.8), (339.2, 372.8), (339.2, 372.8), (339.2, 372.8), (339.2, 372.8), (339.2, 372.8), (339.2, 372.8), (339.2, 372.8), (339.2, 372.8), (339.2, 372.8), (339.2, 372.8), (339.2, 372.8), (339.2, 372.8), (339.2, 372.8), (339.2, 372.8), (339.2, 372.8), (339.2, 372.8), (339.2, 372.8), (339.2, 372.8), (339.2, 372.8), (339.2, 372.8), (339.2, 372.8), (339.2, 372.8), (339.2, 372.8), (339.2, 372.8), (339.2, 372.8), (339.2, 372.8), (339.2, 372.8), (339.2, 372.8), (339.2, 372.8), (339.2, 372.8), (339.2, 372.8), (339.2, 372.8), (339.2, 372.8), (339.2, 372.8), (339.2, 372.8), (339.2, 372.8), (339.2, 372.8), (339.2, 372.8), (339.2, 372.8), (339.2, 372.8), (339.2, 372.8), (339.2, 372.8), (339.2, 372.8), (339.2, 372.8), (339.2, 372.8), (339.2, 372.8), (339.2, 372.8), (339.2, 372.8), (339.2, 372.8), (339.2, 372.8)]",0,2,21.3
speedrunner,bomberman,5,Bomb,38,0,12.0,0.95,"[(48.0, 48.0), (70.4, 50.8), (101.2, 50.8), (115.2, 67.6), (115.2, 95.6), (126.4, 115.2), (151.6, 115.2), (176.8, 120.8), (179.6, 143.2), (179.6, 171.2), (199.2, 179.6), (227.2, 179.6), (244.0, 193.6), (244.0, 218.8), (249.6, 244.0), (272.0, 244.0), (300.0, 246.8), (308.4, 269.2), (308.4, 291.6), (308.4, 314.0), (308.4, 336.4), (308.4, 358.8), (308.4, 372.8), (308.4, 372.8), (308.4, 372.8), (308.4, 372.8), (308.4, 372.8), (308.4, 372.8), (308.4, 372.8), (308.4, 372.8), (308.4, 372.8), (308.4, 372.8), (308.4, 372.8), (308.4, 372.8), (308.4, 372.8), (308.4, 372.8), (308.4, 372.8), (308.4, 372.8), (308.4, 372.8), (308.4, 372.8), (308.4, 372.8), (308.4, 372.8), (308.4, 372.8), (308.4, 372.8), (308.4, 372.8), (308.4, 372.8), (308.4, 372.8), (308.4, 372.8), (308.4, 372.8), (308.4, 372.8), (308.4, 372.8), (308.4, 372.8), (308.4, 372.8), (308.4, 370.0), (308.4, 364.4), (308.4, 358.8), (308.4, 353.2), (300.0, 330.8), (300.0, 319.6), (300.0, 319.6), (300.0, 319.6), (300.0, 319.6), (300.0, 319.6), (300.0, 319.6), (300.0, 319.6), (300.0, 319.6), (308.4, 314.0), (308.4, 308.4), (308.4, 302.8), (308.4, 302.8), (308.4, 297.2), (308.4, 291.6), (308.4, 286.0), (308.4, 286.0), (308.4, 286.0), (308.4, 291.6), (308.4, 291.6), (308.4, 286.0), (308.4, 286.0), (308.4, 302.8), (308.4, 325.2), (308.4, 353.2), (319.6, 372.8), (339.2, 372.8), (339.2, 372.8), (339.2, 372.8), (339.2, 372.8), (339.2, 372.8), (339.2, 372.8), (339.2, 372.8), (339.2, 372.8), (339.2, 372.8), (339.2, 372.8), (339.2, 372.8), (339.2, 372.8), (339.2, 372.8), (339.2, 372.8), (339.2, 372.8), (339.2, 372.8), (339.2, 372.8), (339.2, 372.8), (339.2, 372.8), (339.2, 372.8), (339.2, 372.8), (339.2, 372.8), (339.2, 372.8), (339.2, 372.8), (339.2, 372.8), (339.2, 372.8), (339.2, 372.8), (339.2, 372.8), (339.2, 372.8), (339.2, 372.8), (339.2, 372.8), (339.2, 372.8), (339.2, 372.8), (339.2, 372.8), (339.2, 372.8), (339.2, 372.8), (339.2, 372.8), (339.2, 372.8), (339.2, 372.8), (339.2, 372.8), (339.2, 372.8), (339.2, 372.8), (339.2, 372.8), (339.2, 372.8), (339.2, 372.8), (339.2, 372.8), (339.2, 372.8), (328.0, 372.8), (305.6, 372.8), (288.8, 372.8), (288.8, 372.8), (288.8, 372.8)]",0,2,17.97
speedrunner,bomberman,5,Bomb,34,0,13.35,0.95,"[(48.0, 48.0), (70.4, 50.8), (101.2, 50.8), (115.2, 67.6), (115.2, 95.6), (126.4, 115.2), (151.6, 115.2), (176.8, 120.8), (179.6, 143.2), (179.6, 171.2), (199.2, 179.6), (227.2, 179.6), (244.0, 193.6), (244.0, 218.8), (249.6, 244.0), (272.0, 244.0), (300.0, 246.8), (308.4, 269.2), (308.4, 291.6), (308.4, 314.0), (308.4, 336.4), (308.4, 364.4), (308.4, 370.0), (308.4, 370.0), (308.4, 370.0), (308.4, 370.0), (308.4, 370.0), (308.4, 370.0), (308.4, 370.0), (308.4, 370.0), (308.4, 370.0), (308.4, 370.0), (308.4, 370.0), (308.4, 370.0), (308.4, 370.0), (308.4, 370.0), (308.4, 370.0), (308.4, 364.4), (308.4, 358.8), (308.4, 358.8), (308.4, 358.8), (308.4, 353.2), (305.6, 347.6), (300.0, 342.0), (300.0, 319.6), (300.0, 319.6), (300.0, 319.6), (300.0, 319.6), (300.0, 319.6), (308.4, 314.0), (308.4, 314.0), (308.4, 314.0), (308.4, 308.4), (308.4, 302.8), (308.4, 302.8), (308.4, 297.2), (308.4, 297.2), (308.4, 297.2), (308.4, 286.0), (308.4, 286.0), (308.4, 286.0), (308.4, 291.6), (308.4, 300.0), (308.4, 300.0), (308.4, 300.0), (308.4, 314.0), (308.4, 336.4), (308.4, 364.4), (330.8, 370.0), (339.2, 372.8), (339.2, 372.8), (339.2, 372.8), (339.2, 372.8), (339.2, 372.8), (339.2, 372.8), (339.2, 372.8), (339.2, 372.8), (339.2, 372.8), (339.2, 372.8), (339.2, 372.8), (339.2, 372.8), (339.2, 372.8), (339.2, 372.8), (339.2, 372.8), (339.2, 372.8), (339.2, 372.8), (339.2, 372.8), (339.2, 372.8), (339.2, 372.8), (339.2, 372.8), (339.2, 372.8), (339.2, 372.8), (339.2, 372.8), (339.2, 372.8), (339.2, 372.8), (339.2, 372.8), (339.2, 372.8), (339.2, 372.8), (339.2, 372.8), (339.2, 372.8), (339.2, 372.8), (339.2, 372.8), (339.2, 372.8), (339.2, 372.8), (339.2, 372.8), (339.2, 372.8), (339.2, 372.8), (339.2, 372.8), (339.2, 372.8), (339.2, 372.8), (339.2, 372.8), (339.2, 372.8), (339.2, 372.8), (339.2, 372.8), (339.2, 372.8), (339.2, 372.8), (339.2, 372.8), (339.2, 372.8), (336.4, 372.8), (314.0, 372.8), (291.6, 372.8), (286.0, 372.8)]",0,2,16.15
speedrunner,bomberman,5,Bomb,25,0,27.94,0.85,"[(48.0, 48.0), (70.4, 50.8), (101.2, 50.8), (115.2, 67.6), (115.2, 95.6), (126.4, 115.2), (151.6, 115.2), (176.8, 120.8), (179.6, 143.2), (179.6, 171.2), (199.2, 179.6), (227.2, 179.6), (244.0, 193.6), (244.0, 218.8), (249.6, 244.0), (272.0, 244.0), (300.0, 246.8), (300.0, 269.2), (308.4, 297.2), (308.4, 319.6), (300.0, 342.0), (308.4, 370.0), (308.4, 372.8), (308.4, 372.8), (308.4, 372.8), (308.4, 372.8), (308.4, 372.8), (308.4, 372.8), (308.4, 372.8), (308.4, 372.8), (308.4, 372.8), (308.4, 372.8), (308.4, 372.8), (308.4, 372.8), (308.4, 372.8), (308.4, 372.8), (308.4, 372.8), (308.4, 372.8), (308.4, 372.8), (308.4, 372.8), (308.4, 372.8), (308.4, 372.8), (308.4, 372.8), (308.4, 370.0), (308.4, 364.4), (308.4, 358.8), (308.4, 353.2), (305.6, 353.2), (305.6, 353.2), (300.0, 353.2), (300.0, 356.0), (300.0, 350.4), (300.0, 344.8), (300.0, 330.8), (300.0, 319.6), (300.0, 316.8), (300.0, 322.4), (300.0, 319.6), (300.0, 316.8), (300.0, 322.4), (300.0, 319.6)]",0,1,8.12
speedrunner,bomberman,5,Bomb,68,0,26.29,0.85,"[(48.0, 48.0), (70.4, 50.8), (101.2, 50.8), (115.2, 67.6), (115.2, 95.6), (126.4, 115.2), (151.6, 115.2), (176.8, 120.8), (179.6, 143.2), (179.6, 171.2), (199.2, 179.6), (227.2, 179.6), (244.0, 193.6), (244.0, 218.8), (249.6, 244.0), (272.0, 244.0), (300.0, 246.8), (308.4, 269.2), (308.4, 291.6), (308.4, 314.0), (308.4, 336.4), (308.4, 358.8), (308.4, 372.8), (308.4, 372.8), (308.4, 372.8), (308.4, 372.8), (308.4, 372.8), (308.4, 372.8), (308.4, 372.8), (308.4, 372.8), (308.4, 372.8), (308.4, 372.8), (308.4, 372.8), (308.4, 372.8), (308.4, 372.8), (308.4, 372.8), (308.4, 372.8), (308.4, 372.8), (308.4, 372.8), (308.4, 372.8), (308.4, 372.8), (308.4, 367.2), (308.4, 367.2), (308.4, 361.6), (308.4, 350.4), (308.4, 350.4), (308.4, 350.4), (308.4, 350.4), (302.8, 350.4), (300.0, 325.2), (302.8, 322.4), (302.8, 322.4), (302.8, 322.4), (302.8, 322.4), (302.8, 322.4), (302.8, 322.4), (302.8, 322.4), (302.8, 322.4), (302.8, 322.4), (302.8, 322.4), (302.8, 322.4), (302.8, 322.4), (302.8, 322.4), (302.8, 322.4), (302.8, 322.4), (302.8, 322.4)]",0,1,8.73
speedrunner,bomberman,5,Bomb,8,0,26.44,0.85,"[(48.0, 48.0), (70.4, 50.8), (101.2, 50.8), (115.2, 67.6), (115.2, 95.6), (126.4, 115.2), (151.6, 115.2), (176.8, 120.8), (179.6, 143.2), (179.6, 171.2), (199.2, 179.6), (227.2, 179.6), (244.0, 193.6), (244.0, 218.8), (249.6, 244.0), (272.0, 244.0), (300.0, 246.8), (308.4, 269.2), (308.4, 291.6), (308.4, 314.0), (308.4, 336.4), (308.4, 358.8), (308.4, 372.8), (308.4, 372.8), (308.4, 372.8), (308.4, 372.8), (308.4, 372.8), (308.4, 372.8), (308.4, 372.8), (308.4, 372.8), (308.4, 372.8), (308.4, 372.8), (308.4, 372.8), (308.4, 372.8), (308.4, 372.8), (308.4, 372.8), (308.4, 372.8), (308.4, 372.8), (308.4, 372.8), (308.4, 372.8), (308.4, 372.8), (308.4, 372.8), (308.4, 372.8), (308.4, 372.8), (308.4, 370.0), (308.4, 370.0), (308.4, 364.4), (308.4, 358.8), (308.4, 358.8), (308.4, 353.2), (300.0, 330.8), (300.0, 319.6), (300.0, 319.6), (300.0, 319.6), (300.0, 319.6), (300.0, 319.6), (300.0, 319.6), (300.0, 319.6), (300.0, 319.6), (300.0, 319.6), (300.0, 319.6), (300.0, 319.6), (300.0, 319.6), (300.0, 319.6), (300.0, 319.6), (300.0, 319.6)]",0,1,8.68
speedrunner,bomberman,5,Bomb,58,0,12.91,0.95,"[(48.0, 48.0), (70.4, 50.8), (101.2, 50.8), (115.2, 67.6), (115.2, 95.6), (126.4, 115.2), (151.6, 115.2), (176.8, 120.8), (179.6, 143.2), (179.6, 171.2), (199.2, 179.6), (227.2, 179.6), (244.0, 193.6), (244.0, 218.8), (249.6, 244.0), (272.0, 244.0), (300.0, 246.8), (308.4, 269.2), (308.4, 291.6), (308.4, 314.0), (308.4, 336.4), (308.4, 358.8), (308.4, 370.0), (308.4, 370.0), (308.4, 370.0), (308.4, 370.0), (308.4, 370.0), (308.4, 370.0), (308.4, 370.0), (308.4, 370.0), (308.4, 370.0), (308.4, 370.0), (308.4, 370.0), (308.4, 370.0), (308.4, 370.0), (308.4, 370.0), (308.4, 370.0), (308.4, 370.0), (308.4, 370.0), (308.4, 364.4), (308.4, 364.4), (308.4, 358.8), (308.4, 358.8), (308.4, 353.2), (300.0, 336.4), (300.0, 319.6), (300.0, 319.6), (300.0, 319.6), (300.0, 319.6), (300.0, 319.6), (300.0, 319.6), (300.0, 319.6), (300.0, 319.6), (300.0, 319.6), (300.0, 319.6), (300.0, 319.6), (300.0, 319.6), (300.0, 319.6), (305.6, 319.6), (308.4, 314.0), (308.4, 308.4), (308.4, 302.8), (308.4, 302.8), (308.4, 297.2), (308.4, 297.2), (308.4, 297.2), (308.4, 314.0), (308.4, 302.8), (308.4, 302.8), (308.4, 302.8), (308.4, 325.2), (308.4, 353.2), (319.6, 372.8), (339.2, 372.8), (339.2, 372.8), (339.2, 372.8), (339.2, 372.8), (339.2, 372.8), (339.2, 372.8), (339.2, 372.8), (339.2, 372.8), (339.2, 372.8), (339.2, 372.8), (339.2, 372.8), (339.2, 372.8), (339.2, 372.8), (339.2, 372.8), (339.2, 372.8), (339.2, 372.8), (339.2, 372.8), (339.2, 372.8), (339.2, 372.8), (339.2, 372.8), (339.2, 372.8), (339.2, 372.8), (339.2, 372.8), (339.2, 372.8), (339.2, 372.8), (339.2, 372.8), (339.2, 372.8), (339.2, 372.8), (339.2, 372.8), (339.2, 372.8), (339.2, 372.8), (339.2, 372.8), (339.2, 372.8), (339.2, 372.8), (339.2, 372.8), (339.2, 372.8), (339.2, 372.8), (339.2, 372.8), (339.2, 372.8), (339.2, 372.8), (339.2, 372.8), (339.2, 372.8), (339.2, 372.8), (339.2, 372.8), (339.2, 372.8), (339.2, 372.8), (339.2, 372.8), (339.2, 372.8), (322.4, 372.8), (300.0, 372.8), (288.8, 372.8), (288.8, 372.8), (288.8, 372.8)]",0,3,16.7
speedrunner,bomberman,5,Bomb,60,0,13.18,0.95,"[(48.0, 48.0), (70.4, 50.8), (101.2, 50.8), (115.2, 62.0), (115.2, 62.0), (115.2, 62.0), (115.2, 62.0), (115.2, 62.0), (115.2, 62.0), (115.2, 62.0), (115.2, 62.0), (115.2, 62.0), (115.2, 62.0), (115.2, 62.0), (115.2, 62.0), (115.2, 62.0), (115.2, 67.6), (115.2, 95.6), (126.4, 115.2), (151.6, 115.2), (176.8, 120.8), (179.6, 126.4), (179.6, 126.4), (179.6, 126.4), (179.6, 126.4), (179.6, 126.4), (179.6, 126.4), (179.6, 126.4), (179.6, 126.4), (179.6, 126.4), (179.6, 126.4), (179.6, 126.4), (179.6, 143.2), (179.6, 171.2), (199.2, 179.6), (227.2, 179.6), (244.0, 193.6), (244.0, 218.8), (249.6, 244.0), (272.0, 244.0), (300.0, 246.8), (308.4, 269.2), (308.4, 291.6), (308.4, 314.0), (308.4, 336.4), (308.4, 358.8), (308.4, 372.8), (308.4, 372.8), (308.4, 372.8), (308.4, 372.8), (308.4, 372.8), (308.4, 372.8), (308.4, 372.8), (308.4, 372.8), (308.4, 372.8), (308.4, 372.8), (308.4, 372.8), (308.4, 372.8), (308.4, 372.8), (308.4, 372.8), (308.4, 372.8), (308.4, 372.8), (308.4, 372.8), (308.4, 372.8), (308.4, 372.8), (308.4, 372.8), (308.4, 372.8), (308.4, 367.2), (308.4, 367.2), (308.4, 367.2), (308.4, 361.6), (308.4, 361.6), (308.4, 356.0), (300.0, 339.2), (302.8, 322.4), (302.8, 322.4), (302.8, 322.4), (300.0, 316.8), (300.0, 322.4), (300.0, 319.6), (300.0, 316.8), (300.0, 322.4), (300.0, 319.6), (300.0, 316.8), (300.0, 322.4), (300.0, 319.6), (300.0, 316.8), (300.0, 311.2), (300.0, 311.2), (291.6, 305.6), (286.0, 305.6), (286.0, 305.6), (286.0, 308.4), (286.0, 308.4), (286.0, 308.4), (286.0, 305.6), (308.4, 319.6), (308.4, 342.0), (314.0, 370.0), (336.4, 372.8), (339.2, 372.8), (339.2, 372.8), (339.2, 372.8), (339.2, 372.8), (339.2, 372.8), (339.2, 372.8), (339.2, 372.8), (339.2, 372.8), (339.2, 372.8), (339.2, 372.8), (339.2, 372.8), (339.2, 372.8), (339.2, 372.8), (339.2, 372.8), (339.2, 372.8), (339.2, 372.8), (339.2, 372.8), (339.2, 372.8), (339.2, 372.8), (339.2, 372.8), (339.2, 372.8), (339.2, 372.8), (339.2, 372.8), (339.2, 372.8), (339.2, 372.8), (339.2, 372.8), (339.2, 372.8), (339.2, 372.8), (339.2, 372.8), (339.2, 372.8), (339.2, 372.8), (339.2, 372.8), (339.2, 372.8), (339.2, 372.8), (339.2, 372.8), (339.2, 372.8), (339.2, 372.8), (339.2, 372.8), (339.2, 372.8), (339.2, 372.8), (339.2, 372.8), (339.2, 372.8), (339.2, 372.8), (339.2, 372.8), (339.2, 372.8), (339.2, 372.8), (339.2, 372.8), (339.2, 372.8), (339.2, 372.8), (339.2, 372.8), (339.2, 372.8), (339.2, 372.8)]",0,3,20.18
speedrunner,bomberman,5,Bomb,56,0,15.01,0.95,"[(48.0, 48.0), (70.4, 50.8), (101.2, 50.8), (115.2, 67.6), (115.2, 95.6), (126.4, 115.2), (151.6, 115.2), (176.8, 120.8), (179.6, 126.4), (179.6, 132.0), (179.6, 160.0), (188.0, 179.6), (210.4, 179.6), (238.4, 182.4), (244.0, 204.8), (244.0, 232.8), (260.8, 244.0), (288.8, 244.0), (308.4, 258.0), (308.4, 280.4), (308.4, 302.8), (308.4, 325.2), (308.4, 347.6), (308.4, 370.0), (308.4, 372.8), (308.4, 372.8), (308.4, 372.8), (308.4, 372.8), (308.4, 372.8), (308.4, 372.8), (308.4, 372.8), (308.4, 372.8), (308.4, 372.8), (308.4, 372.8), (308.4, 372.8), (308.4, 372.8), (308.4, 372.8), (308.4, 372.8), (308.4, 367.2), (308.4, 367.2), (308.4, 367.2), (308.4, 361.6), (308.4, 361.6), (308.4, 361.6), (302.8, 344.8), (302.8, 322.4), (302.8, 322.4), (302.8, 322.4), (302.8, 322.4), (302.8, 322.4), (302.8, 322.4), (302.8, 322.4), (302.8, 322.4), (302.8, 322.4), (302.8, 322.4), (302.8, 322.4), (302.8, 322.4), (302.8, 322.4), (302.8, 316.8), (308.4, 311.2), (308.4, 311.2), (308.4, 305.6), (308.4, 305.6), (308.4, 305.6), (308.4, 294.4), (308.4, 294.4), (294.4, 308.4), (294.4, 308.4), (294.4, 308.4), (300.0, 311.2), (308.4, 333.6), (308.4, 361.6), (328.0, 372.8), (339.2, 372.8), (339.2, 372.8), (339.2, 372.8), (339.2, 372.8), (339.2, 372.8), (339.2, 372.8), (339.2, 372.8), (339.2, 372.8), (339.2, 372.8), (339.2, 372.8), (339.2, 372.8), (339.2, 372.8), (339.2, 372.8), (339.2, 372.8), (339.2, 372.8), (339.2, 372.8), (339.2, 372.8), (339.2, 372.8), (339.2, 372.8), (339.2, 372.8), (339.2, 372.8), (339.2, 372.8), (339.2, 372.8), (339.2, 372.8), (339.2, 372.8), (339.2, 372.8), (339.2, 372.8), (339.2, 372.8), (339.2, 372.8), (339.2, 372.8), (339.2, 372.8), (339.2, 372.8), (339.2, 372.8), (339.2, 372.8), (339.2, 372.8), (339.2, 372.8), (339.2, 372.8), (339.2, 372.8), (339.2, 372.8), (339.2, 372.8), (339.2, 372.8), (339.2, 372.8), (339.2, 372.8), (339.2, 372.8), (339.2, 372.8), (339.2, 372.8), (339.2, 372.8), (339.2, 372.8), (339.2, 372.8), (339.2, 372.8), (339.2, 372.8), (339.2, 372.8), (339.2, 372.8), (339.2, 372.8), (339.2, 372.8), (339.2, 372.8)]",0,3,17.17
speedrunner,bomberman,5,Bomb,35,0,15.94,0.95,"[(48.0, 48.0), (70.4, 50.8), (101.2, 50.8), (115.2, 67.6), (115.2, 95.6), (126.4, 115.2), (151.6, 115.2), (176.8, 120.8), (179.6, 143.2), (179.6, 171.2), (199.2, 179.6), (227.2, 179.6), (244.0, 193.6), (244.0, 218.8), (249.6, 244.0), (272.0, 244.0), (300.0, 246.8), (308.4, 269.2), (308.4, 291.6), (308.4, 314.0), (308.4, 336.4), (308.4, 358.8), (308.4, 372.8), (308.4, 372.8), (308.4, 372.8), (308.4, 372.8), (308.4, 372.8), (308.4, 372.8), (308.4, 372.8), (308.4, 372.8), (308.4, 372.8), (308.4, 372.8), (308.4, 372.8), (308.4, 372.8), (308.4, 372.8), (308.4, 372.8), (308.4, 372.8), (308.4, 372.8), (308.4, 372.8), (308.4, 372.8), (308.4, 372.8), (308.4, 372.8), (308.4, 372.8), (308.4, 372.8), (308.4, 370.0), (308.4, 370.0), (308.4, 370.0), (308.4, 364.4), (308.4, 358.8), (308.4, 358.8), (305.6, 347.6), (300.0, 319.6), (300.0, 319.6), (300.0, 319.6), (300.0, 319.6), (300.0, 319.6), (300.0, 319.6), (300.0, 319.6), (300.0, 319.6), (305.6, 319.6), (308.4, 314.0), (308.4, 308.4), (308.4, 302.8), (308.4, 302.8), (308.4, 297.2), (308.4, 297.2), (308.4, 314.0), (308.4, 314.0), (308.4, 314.0), (308.4, 314.0), (308.4, 336.4), (308.4, 364.4), (330.8, 372.8), (339.2, 372.8), (339.2, 372.8), (339.2, 372.8), (339.2, 372.8), (339.2, 372.8), (339.2, 372.8), (339.2, 372.8), (339.2, 372.8), (339.2, 372.8), (339.2, 372.8), (339.2, 372.8), (339.2, 372.8), (339.2, 372.8), (339.2, 372.8), (339.2, 372.8), (339.2, 372.8), (339.2, 372.8), (339.2, 372.8), (339.2, 372.8), (339.2, 372.8), (339.2, 372.8), (339.2, 372.8), (339.2, 372.8), (339.2, 372.8), (339.2, 372.8), (339.2, 372.8), (339.2, 372.8), (339.2, 372.8), (339.2, 372.8), (339.2, 372.8), (339.2, 372.8), (339.2, 372.8), (339.2, 372.8), (339.2, 372.8), (339.2, 372.8), (339.2, 372.8), (339.2, 372.8), (339.2, 372.8), (339.2, 372.8), (339.2, 372.8), (339.2, 372.8), (339.2, 372.8), (339.2, 372.8), (339.2, 372.8), (339.2, 372.8), (339.2, 372.8), (339.2, 372.8), (339.2, 372.8), (339.2, 372.8), (339.2, 372.8), (339.2, 372.8), (339.2, 372.8), (339.2, 372.8)]",0,3,16.68
speedrunner,bomberman,5,Bomb,34,0,13.35,0.95,"[(48.0, 48.0), (70.4, 50.8), (101.2, 50.8), (115.2, 67.6), (115.2, 95.6), (126.4, 115.2), (151.6, 115.2), (176.8, 120.8), (179.6, 143.2), (179.6, 171.2), (199.2, 179.6), (227.2, 179.6), (244.0, 193.6), (244.0, 218.8), (249.6, 244.0), (272.0, 244.0), (300.0, 246.8), (308.4, 269.2), (308.4, 291.6), (308.4, 314.0), (308.4, 336.4), (308.4, 364.4), (308.4, 370.0), (308.4, 370.0), (308.4, 370.0), (308.4, 370.0), (308.4, 370.0), (308.4, 370.0), (308.4, 370.0), (308.4, 370.0), (308.4, 370.0), (308.4, 370.0), (308.4, 370.0), (308.4, 370.0), (308.4, 370.0), (308.4, 370.0), (308.4, 370.0), (308.4, 364.4), (308.4, 358.8), (308.4, 358.8), (308.4, 358.8), (308.4, 353.2), (305.6, 347.6), (300.0, 342.0), (300.0, 319.6), (300.0, 319.6), (300.0, 319.6), (300.0, 319.6), (300.0, 319.6), (308.4, 314.0), (308.4, 314.0), (308.4, 314.0), (308.4, 308.4), (308.4, 302.8), (308.4, 302.8), (308.4, 297.2), (308.4, 297.2), (308.4, 297.2), (308.4, 286.0), (308.4, 286.0), (308.4, 286.0), (308.4, 291.6), (308.4, 300.0), (308.4, 300.0), (308.4, 300.0), (308.4, 314.0), (308.4, 336.4), (308.4, 364.4), (330.8, 370.0), (339.2, 372.8), (339.2, 372.8), (339.2, 372.8), (339.2, 372.8), (339.2, 372.8), (339.2, 372.8), (339.2, 372.8), (339.2, 372.8), (339.2, 372.8), (339.2, 372.8), (339.2, 372.8), (339.2, 372.8), (339.2, 372.8), (339.2, 372.8), (339.2, 372.8), (339.2, 372.8), (339.2, 372.8), (339.2, 372.8), (339.2, 372.8), (339.2, 372.8), (339.2, 372.8), (339.2, 372.8), (339.2, 372.8), (339.2, 372.8), (339.2, 372.8), (339.2, 372.8), (339.2, 372.8), (339.2, 372.8), (339.2, 372.8), (339.2, 372.8), (339.2, 372.8), (339.2, 372.8), (339.2, 372.8), (339.2, 372.8), (339.2, 372.8), (339.2, 372.8), (339.2, 372.8), (339.2, 372.8), (339.2, 372.8), (339.2, 372.8), (339.2, 372.8), (339.2, 372.8), (339.2, 372.8), (339.2, 372.8), (339.2, 372.8), (339.2, 372.8), (339.2, 372.8), (339.2, 372.8), (339.2, 372.8), (336.4, 372.8), (314.0, 372.8), (291.6, 372.8), (286.0, 372.8)]",0,2,16.15
speedrunner,bomberman,5,Bomb,38,0,12.0,0.95,"[(48.0, 48.0), (70.4, 50.8), (101.2, 50.8), (115.2, 67.6), (115.2, 95.6), (126.4, 115.2), (151.6, 115.2), (176.8, 120.8), (179.6, 143.2), (179.6, 171.2), (199.2, 179.6), (227.2, 179.6), (244.0, 193.6), (244.0, 218.8), (249.6, 244.0), (272.0, 244.0), (300.0, 246.8), (308.4, 269.2), (308.4, 291.6), (308.4, 314.0), (308.4, 336.4), (308.4, 358.8), (308.4, 372.8), (308.4, 372.8), (308.4, 372.8), (308.4, 372.8), (308.4, 372.8), (308.4, 372.8), (308.4, 372.8), (308.4, 372.8), (308.4, 372.8), (308.4, 372.8), (308.4, 372.8), (308.4, 372.8), (308.4, 372.8), (308.4, 372.8), (308.4, 372.8), (308.4, 372.8), (308.4, 372.8), (308.4, 372.8), (308.4, 372.8), (308.4, 372.8), (308.4, 372.8), (308.4, 372.8), (308.4, 372.8), (308.4, 372.8), (308.4, 372.8), (308.4, 372.8), (308.4, 372.8), (308.4, 372.8), (308.4, 372.8), (308.4, 372.8), (308.4, 372.8), (308.4, 370.0), (308.4, 364.4), (308.4, 358.8), (308.4, 353.2), (300.0, 330.8), (300.0, 319.6), (300.0, 319.6), (300.0, 319.6), (300.0, 319.6), (300.0, 319.6), (300.0, 319.6), (300.0, 319.6), (300.0, 319.6), (308.4, 314.0), (308.4, 308.4), (308.4, 302.8), (308.4, 302.8), (308.4, 297.2), (308.4, 291.6), (308.4, 286.0), (308.4, 286.0), (308.4, 286.0), (308.4, 291.6), (308.4, 291.6), (308.4, 286.0), (308.4, 286.0), (308.4, 302.8), (308.4, 325.2), (308.4, 353.2), (319.6, 372.8), (339.2, 372.8), (339.2, 372.8), (339.2, 372.8), (339.2, 372.8), (339.2, 372.8), (339.2, 372.8), (339.2, 372.8), (339.2, 372.8), (339.2, 372.8), (339.2, 372.8), (339.2, 372.8), (339.2, 372.8), (339.2, 372.8), (339.2, 372.8), (339.2, 372.8), (339.2, 372.8), (339.2, 372.8), (339.2, 372.8), (339.2, 372.8), (339.2, 372.8), (339.2, 372.8), (339.2, 372.8), (339.2, 372.8), (339.2, 372.8), (339.2, 372.8), (339.2, 372.8), (339.2, 372.8), (339.2, 372.8), (339.2, 372.8), (339.2, 372.8), (339.2, 372.8), (339.2, 372.8), (339.2, 372.8), (339.2, 372.8), (339.2, 372.8), (339.2, 372.8), (339.2, 372.8), (339.2, 372.8), (339.2, 372.8), (339.2, 372.8), (339.2, 372.8), (339.2, 372.8), (339.2, 372.8), (339.2, 372.8), (339.2, 372.8), (339.2, 372.8), (339.2, 372.8), (328.0, 372.8), (305.6, 372.8), (288.8, 372.8), (288.8, 372.8), (288.8, 372.8)]",0,2,17.97
speedrunner,bomberman,5,Bomb,31,0,23.72,0.7,"[(48.0, 48.0), (70.4, 50.8), (101.2, 50.8), (115.2, 67.6), (115.2, 95.6), (126.4, 115.2), (151.6, 115.2), (176.8, 120.8), (179.6, 143.2), (179.6, 171.2), (199.2, 179.6), (227.2, 179.6), (244.0, 193.6), (244.0, 218.8), (249.6, 244.0), (272.0, 244.0), (300.0, 246.8), (308.4, 269.2), (308.4, 291.6), (308.4, 314.0), (308.4, 336.4), (308.4, 342.0), (308.4, 342.0), (308.4, 342.0), (308.4, 342.0), (308.4, 342.0), (308.4, 342.0), (308.4, 342.0), (308.4, 342.0), (308.4, 342.0), (308.4, 342.0), (308.4, 342.0), (308.4, 342.0), (308.4, 342.0), (308.4, 342.0), (308.4, 342.0), (308.4, 342.0), (308.4, 342.0), (308.4, 342.0), (308.4, 342.0), (308.4, 342.0), (308.4, 342.0), (308.4, 342.0), (308.4, 342.0), (308.4, 342.0), (308.4, 342.0), (308.4, 342.0), (308.4, 342.0), (308.4, 342.0), (308.4, 342.0), (308.4, 342.0), (308.4, 342.0), (308.4, 336.4), (308.4, 336.4), (308.4, 336.4), (308.4, 330.8), (308.4, 330.8), (308.4, 325.2), (308.4, 325.2), (308.4, 319.6), (308.4, 319.6), (308.4, 319.6), (308.4, 319.6), (308.4, 319.6), (308.4, 319.6), (308.4, 319.6), (308.4, 319.6), (308.4, 319.6), (308.4, 319.6), (308.4, 319.6), (308.4, 319.6), (308.4, 319.6), (308.4, 319.6), (308.4, 319.6), (308.4, 319.6)]",0,0,9.92
speedrunner,bomberman,5,Bomb,64,0,18.07,0.7,"[(48.0, 48.0), (70.4, 50.8), (101.2, 50.8), (115.2, 67.6), (115.2, 95.6), (126.4, 115.2), (151.6, 115.2), (176.8, 120.8), (179.6, 143.2), (179.6, 171.2), (199.2, 179.6), (227.2, 179.6), (244.0, 193.6), (244.0, 218.8), (249.6, 244.0), (272.0, 244.0), (300.0, 246.8), (308.4, 269.2), (308.4, 291.6), (308.4, 314.0), (308.4, 336.4), (308.4, 353.2), (308.4, 353.2), (308.4, 353.2), (308.4, 353.2), (308.4, 353.2), (308.4, 353.2), (308.4, 353.2), (308.4, 353.2), (308.4, 353.2), (308.4, 353.2), (308.4, 353.2), (308.4, 353.2), (308.4, 353.2), (308.4, 353.2), (308.4, 353.2), (308.4, 353.2), (308.4, 353.2), (308.4, 353.2), (308.4, 342.0), (308.4, 336.4), (308.4, 325.2), (308.4, 319.6), (308.4, 314.0), (308.4, 302.8), (308.4, 286.0), (300.0, 277.6), (300.0, 277.6), (300.0, 272.0), (300.0, 266.4), (300.0, 263.6), (300.0, 255.2), (300.0, 255.2), (300.0, 255.2), (300.0, 255.2), (300.0, 255.2), (300.0, 255.2), (300.0, 255.2), (300.0, 255.2), (300.0, 255.2), (300.0, 255.2), (300.0, 255.2), (300.0, 255.2), (300.0, 255.2), (300.0, 255.2), (300.0, 255.2), (302.8, 258.0), (302.8, 258.0), (302.8, 258.0), (308.4, 263.6), (308.4, 286.0), (308.4, 308.4), (308.4, 330.8), (308.4, 353.2), (308.4, 372.8), (308.4, 372.8), (308.4, 372.8), (308.4, 372.8), (308.4, 372.8), (308.4, 372.8), (308.4, 372.8), (308.4, 372.8), (308.4, 372.8), (308.4, 372.8), (308.4, 372.8), (308.4, 372.8), (308.4, 372.8), (308.4, 372.8), (308.4, 372.8), (308.4, 372.8), (308.4, 372.8), (308.4, 372.8), (308.4, 372.8), (308.4, 372.8), (308.4, 372.8), (308.4, 372.8), (308.4, 356.0), (308.4, 333.6)]",0,0,13.02
speedrunner,bomberman,5,Bomb,30,0,25.16,0.85,"[(48.0, 48.0), (70.4, 50.8), (101.2, 50.8), (115.2, 67.6), (115.2, 95.6), (126.4, 115.2), (151.6, 115.2), (176.8, 120.8), (179.6, 143.2), (179.6, 171.2), (199.2, 179.6), (227.2, 179.6), (244.0, 193.6), (244.0, 218.8), (249.6, 244.0), (272.0, 244.0), (300.0, 246.8), (308.4, 269.2), (308.4, 291.6), (308.4, 314.0), (308.4, 336.4), (308.4, 358.8), (308.4, 372.8), (308.4, 372.8), (308.4, 372.8), (308.4, 372.8), (308.4, 372.8), (308.4, 372.8), (308.4, 372.8), (308.4, 372.8), (308.4, 372.8), (308.4, 372.8), (308.4, 372.8), (308.4, 372.8), (308.4, 372.8), (308.4, 372.8), (308.4, 372.8), (308.4, 372.8), (308.4, 372.8), (308.4, 372.8), (308.4, 372.8), (308.4, 372.8), (308.4, 372.8), (308.4, 372.8), (308.4, 372.8), (308.4, 372.8), (308.4, 372.8), (308.4, 372.8), (308.4, 372.8), (308.4, 372.8), (308.4, 372.8), (308.4, 372.8), (308.4, 372.8), (308.4, 372.8), (308.4, 372.8), (308.4, 372.8), (308.4, 372.8), (308.4, 372.8), (308.4, 370.0), (308.4, 364.4), (308.4, 358.8), (308.4, 353.2), (300.0, 330.8), (300.0, 319.6), (300.0, 319.6), (300.0, 319.6), (300.0, 319.6), (300.0, 319.6), (300.0, 319.6), (300.0, 319.6), (308.4, 319.6)]",0,1,9.35
speedrunner,bomberman,5,Bomb,30,0,28.68,0.85,"[(48.0, 48.0), (70.4, 50.8), (101.2, 50.8), (115.2, 67.6), (115.2, 95.6), (126.4, 115.2), (151.6, 115.2), (176.8, 120.8), (179.6, 143.2), (179.6, 171.2), (199.2, 179.6), (227.2, 179.6), (244.0, 193.6), (244.0, 218.8), (249.6, 244.0), (272.0, 244.0), (300.0, 246.8), (308.4, 269.2), (308.4, 291.6), (308.4, 314.0), (308.4, 336.4), (308.4, 358.8), (308.4, 372.8), (308.4, 372.8), (308.4, 372.8), (308.4, 372.8), (308.4, 372.8), (308.4, 372.8), (308.4, 372.8), (308.4, 372.8), (308.4, 372.8), (308.4, 372.8), (308.4, 372.8), (308.4, 372.8), (308.4, 372.8), (308.4, 372.8), (308.4, 372.8), (308.4, 372.8), (308.4, 372.8), (308.4, 372.8), (308.4, 372.8), (308.4, 372.8), (308.4, 372.8), (308.4, 367.2), (308.4, 367.2), (308.4, 361.6), (308.4, 356.0), (300.0, 333.6), (302.8, 322.4), (302.8, 322.4), (302.8, 322.4), (302.8, 322.4), (302.8, 322.4), (302.8, 322.4), (302.8, 322.4), (302.8, 322.4), (302.8, 322.4), (302.8, 316.8), (308.4, 311.2), (308.4, 311.2), (308.4, 305.6), (308.4, 311.2)]",0,1,8.2
speedrunner,bomberman,5,Bomb,58,0,12.91,0.95,"[(48.0, 48.0), (70.4, 50.8), (101.2, 50.8), (115.2, 67.6), (115.2, 95.6), (126.4, 115.2), (151.6, 115.2), (176.8, 120.8), (179.6, 143.2), (179.6, 171.2), (199.2, 179.6), (227.2, 179.6), (244.0, 193.6), (244.0, 218.8), (249.6, 244.0), (272.0, 244.0), (300.0, 246.8), (308.4, 269.2), (308.4, 291.6), (308.4, 314.0), (308.4, 336.4), (308.4, 358.8), (308.4, 370.0), (308.4, 370.0), (308.4, 370.0), (308.4, 370.0), (308.4, 370.0), (308.4, 370.0), (308.4, 370.0), (308.4, 370.0), (308.4, 370.0), (308.4, 370.0), (308.4, 370.0), (308.4, 370.0), (308.4, 370.0), (308.4, 370.0), (308.4, 370.0), (308.4, 370.0), (308.4, 370.0), (308.4, 364.4), (308.4, 364.4), (308.4, 358.8), (308.4, 358.8), (308.4, 353.2), (300.0, 336.4), (300.0, 319.6), (300.0, 319.6), (300.0, 319.6), (300.0, 319.6), (300.0, 319.6), (300.0, 319.6), (300.0, 319.6), (300.0, 319.6), (300.0, 319.6), (300.0, 319.6), (300.0, 319.6), (300.0, 319.6), (300.0, 319.6), (305.6, 319.6), (308.4, 314.0), (308.4, 308.4), (308.4, 302.8), (308.4, 302.8), (308.4, 297.2), (308.4, 297.2), (308.4, 297.2), (308.4, 314.0), (308.4, 302.8), (308.4, 302.8), (308.4, 302.8), (308.4, 325.2), (308.4, 353.2), (319.6, 372.8), (339.2, 372.8), (339.2, 372.8), (339.2, 372.8), (339.2, 372.8), (339.2, 372.8), (339.2, 372.8), (339.2, 372.8), (339.2, 372.8), (339.2, 372.8), (339.2, 372.8), (339.2, 372.8), (339.2, 372.8), (339.2, 372.8), (339.2, 372.8), (339.2, 372.8), (339.2, 372.8), (339.2, 372.8), (339.2, 372.8), (339.2, 372.8), (339.2, 372.8), (339.2, 372.8), (339.2, 372.8), (339.2, 372.8), (339.2, 372.8), (339.2, 372.8), (339.2, 372.8), (339.2, 372.8), (339.2, 372.8), (339.2, 372.8), (339.2, 372.8), (339.2, 372.8), (339.2, 372.8), (339.2, 372.8), (339.2, 372.8), (339.2, 372.8), (339.2, 372.8), (339.2, 372.8), (339.2, 372.8), (339.2, 372.8), (339.2, 372.8), (339.2, 372.8), (339.2, 372.8), (339.2, 372.8), (339.2, 372.8), (339.2, 372.8), (339.2, 372.8), (339.2, 372.8), (339.2, 372.8), (322.4, 372.8), (300.0, 372.8), (288.8, 372.8), (288.8, 372.8), (288.8, 372.8)]",0,3,16.7
speedrunner,bomberman,5,Bomb,35,0,15.94,0.95,"[(48.0, 48.0), (70.4, 50.8), (101.2, 50.8), (115.2, 67.6), (115.2, 95.6), (126.4, 115.2), (151.6, 115.2), (176.8, 120.8), (179.6, 143.2), (179.6, 171.2), (199.2, 179.6), (227.2, 179.6), (244.0, 193.6), (244.0, 218.8), (249.6, 244.0), (272.0, 244.0), (300.0, 246.8), (308.4, 269.2), (308.4, 291.6), (308.4, 314.0), (308.4, 336.4), (308.4, 358.8), (308.4, 372.8), (308.4, 372.8), (308.4, 372.8), (308.4, 372.8), (308.4, 372.8), (308.4, 372.8), (308.4, 372.8), (308.4, 372.8), (308.4, 372.8), (308.4, 372.8), (308.4, 372.8), (308.4, 372.8), (308.4, 372.8), (308.4, 372.8), (308.4, 372.8), (308.4, 372.8), (308.4, 372.8), (308.4, 372.8), (308.4, 372.8), (308.4, 372.8), (308.4, 372.8), (308.4, 372.8), (308.4, 370.0), (308.4, 370.0), (308.4, 370.0), (308.4, 364.4), (308.4, 358.8), (308.4, 358.8), (305.6, 347.6), (300.0, 319.6), (300.0, 319.6), (300.0, 319.6), (300.0, 319.6), (300.0, 319.6), (300.0, 319.6), (300.0, 319.6), (300.0, 319.6), (305.6, 319.6), (308.4, 314.0), (308.4, 308.4), (308.4, 302.8), (308.4, 302.8), (308.4, 297.2), (308.4, 297.2), (308.4, 314.0), (308.4, 314.0), (308.4, 314.0), (308.4, 314.0), (308.4, 336.4), (308.4, 364.4), (330.8, 372.8), (339.2, 372.8), (339.2, 372.8), (339.2, 372.8), (339.2, 372.8), (339.2, 372.8), (339.2, 372.8), (339.2, 372.8), (339.2, 372.8), (339.2, 372.8), (339.2, 372.8), (339.2, 372.8), (339.2, 372.8), (339.2, 372.8), (339.2, 372.8), (339.2, 372.8), (339.2, 372.8), (339.2, 372.8), (339.2, 372.8), (339.2, 372.8), (339.2, 372.8), (339.2, 372.8), (339.2, 372.8), (339.2, 372.8), (339.2, 372.8), (339.2, 372.8), (339.2, 372.8), (339.2, 372.8), (339.2, 372.8), (339.2, 372.8), (339.2, 372.8), (339.2, 372.8), (339.2, 372.8), (339.2, 372.8), (339.2, 372.8), (339.2, 372.8), (339.2, 372.8), (339.2, 372.8), (339.2, 372.8), (339.2, 372.8), (339.2, 372.8), (339.2, 372.8), (339.2, 372.8), (339.2, 372.8), (339.2, 372.8), (339.2, 372.8), (339.2, 372.8), (339.2, 372.8), (339.2, 372.8), (339.2, 372.8), (339.2, 372.8), (339.2, 372.8), (339.2, 372.8), (339.2, 372.8)]",0,3,16.68
speedrunner,bomberman,5,Bomb,56,0,15.01,0.95,"[(48.0, 48.0), (70.4, 50.8), (101.2, 50.8), (115.2, 67.6), (115.2, 95.6), (126.4, 115.2), (151.6, 115.2), (176.8, 120.8), (179.6, 126.4), (179.6, 132.0), (179.6, 160.0), (188.0, 179.6), (210.4, 179.6), (238.4, 182.4), (244.0, 204.8), (244.0, 232.8), (260.8, 244.0), (288.8, 244.0), (308.4, 258.0), (308.4, 280.4), (308.4, 302.8), (308.4, 325.2), (308.4, 347.6), (308.4, 370.0), (308.4, 372.8), (308.4, 372.8), (308.4, 372.8), (308.4, 372.8), (308.4, 372.8), (308.4, 372.8), (308.4, 372.8), (308.4, 372.8), (308.4, 372.8), (308.4, 372.8), (308.4, 372.8), (308.4, 372.8), (308.4, 372.8), (308.4, 372.8), (308.4, 367.2), (308.4, 367.2), (308.4, 367.2), (308.4, 361.6), (308.4, 361.6), (308.4, 361.6), (302.8, 344.8), (302.8, 322.4), (302.8, 322.4), (302.8, 322.4), (302.8, 322.4), (302.8, 322.4), (302.8, 322.4), (302.8, 322.4), (302.8, 322.4), (302.8, 322.4), (302.8, 322.4), (302.8, 322.4), (302.8, 322.4), (302.8, 322.4), (302.8, 316.8), (308.4, 311.2), (308.4, 311.2), (308.4, 305.6), (308.4, 305.6), (308.4, 305.6), (308.4, 294.4), (308.4, 294.4), (294.4, 308.4), (294.4, 308.4), (294.4, 308.4), (300.0, 311.2), (308.4, 333.6), (308.4, 361.6), (328.0, 372.8), (339.2, 372.8), (339.2, 372.8), (339.2, 372.8), (339.2, 372.8), (339.2, 372.8), (339.2, 372.8), (339.2, 372.8), (339.2, 372.8), (339.2, 372.8), (339.2, 372.8), (339.2, 372.8), (339.2, 372.8), (339.2, 372.8), (339.2, 372.8), (339.2, 372.8), (339.2, 372.8), (339.2, 372.8), (339.2, 372.8), (339.2, 372.8), (339.2, 372.8), (339.2, 372.8), (339.2, 372.8), (339.2, 372.8), (339.2, 372.8), (339.2, 372.8), (339.2, 372.8), (339.2, 372.8), (339.2, 372.8), (339.2, 372.8), (339.2, 372.8), (339.2, 372.8), (339.2, 372.8), (339.2, 372.8), (339.2, 372.8), (339.2, 372.8), (339.2, 372.8), (339.2, 372.8), (339.2, 372.8), (339.2, 372.8), (339.2, 372.8), (339.2, 372.8), (339.2, 372.8), (339.2, 372.8), (339.2, 372.8), (339.2, 372.8), (339.2, 372.8), (339.2, 372.8), (339.2, 372.8), (339.2, 372.8), (339.2, 372.8), (339.2, 372.8), (339.2, 372.8), (339.2, 372.8), (339.2, 372.8), (339.2, 372.8), (339.2, 372.8)]",0,3,17.17
speedrunner,bomberman,5,Bomb,60,0,13.18,0.95,"[(48.0, 48.0), (70.4, 50.8), (101.2, 50.8), (115.2, 62.0), (115.2, 62.0), (115.2, 62.0), (115.2, 62.0), (115.2, 62.0), (115.2, 62.0), (115.2, 62.0), (115.2, 62.0), (115.2, 62.0), (115.2, 62.0), (115.2, 62.0), (115.2, 62.0), (115.2, 62.0), (115.2, 67.6), (115.2, 95.6), (126.4, 115.2), (151.6, 115.2), (176.8, 120.8), (179.6, 126.4), (179.6, 126.4), (179.6, 126.4), (179.6, 126.4), (179.6, 126.4), (179.6, 126.4), (179.6, 126.4), (179.6, 126.4), (179.6, 126.4), (179.6, 126.4), (179.6, 126.4), (179.6, 143.2), (179.6, 171.2), (199.2, 179.6), (227.2, 179.6), (244.0, 193.6), (244.0, 218.8), (249.6, 244.0), (272.0, 244.0), (300.0, 246.8), (308.4, 269.2), (308.4, 291.6), (308.4, 314.0), (308.4, 336.4), (308.4, 358.8), (308.4, 372.8), (308.4, 372.8), (308.4, 372.8), (308.4, 372.8), (308.4, 372.8), (308.4, 372.8), (308.4, 372.8), (308.4, 372.8), (308.4, 372.8), (308.4, 372.8), (308.4, 372.8), (308.4, 372.8), (308.4, 372.8), (308.4, 372.8), (308.4, 372.8), (308.4, 372.8), (308.4, 372.8), (308.4, 372.8), (308.4, 372.8), (308.4, 372.8), (308.4, 372.8), (308.4, 367.2), (308.4, 367.2), (308.4, 367.2), (308.4, 361.6), (308.4, 361.6), (308.4, 356.0), (300.0, 339.2), (302.8, 322.4), (302.8, 322.4), (302.8, 322.4), (300.0, 316.8), (300.0, 322.4), (300.0, 319.6), (300.0, 316.8), (300.0, 322.4), (300.0, 319.6), (300.0, 316.8), (300.0, 322.4), (300.0, 319.6), (300.0, 316.8), (300.0, 311.2), (300.0, 311.2), (291.6, 305.6), (286.0, 305.6), (286.0, 305.6), (286.0, 308.4), (286.0, 308.4), (286.0, 308.4), (286.0, 305.6), (308.4, 319.6), (308.4, 342.0), (314.0, 370.0), (336.4, 372.8), (339.2, 372.8), (339.2, 372.8), (339.2, 372.8), (339.2, 372.8), (339.2, 372.8), (339.2, 372.8), (339.2, 372.8), (339.2, 372.8), (339.2, 372.8), (339.2, 372.8), (339.2, 372.8), (339.2, 372.8), (339.2, 372.8), (339.2, 372.8), (339.2, 372.8), (339.2, 372.8), (339.2, 372.8), (339.2, 372.8), (339.2, 372.8), (339.2, 372.8), (339.2, 372.8), (339.2, 372.8), (339.2, 372.8), (339.2, 372.8), (339.2, 372.8), (339.2, 372.8), (339.2, 372.8), (339.2, 372.8), (339.2, 372.8), (339.2, 372.8), (339.2, 372.8), (339.2, 372.8), (339.2, 372.8), (339.2, 372.8), (339.2, 372.8), (339.2, 372.8), (339.2, 372.8), (339.2, 372.8), (339.2, 372.8), (339.2, 372.8), (339.2, 372.8), (339.2, 372.8), (339.2, 372.8), (339.2, 372.8), (339.2, 372.8), (339.2, 372.8), (339.2, 372.8), (339.2, 372.8), (339.2, 372.8), (339.2, 372.8), (339.2, 372.8), (339.2, 372.8)]",0,3,20.18
speedrunner,bomberman,5,Bomb,34,0,13.35,0.95,"[(48.0, 48.0), (70.4, 50.8), (101.2, 50.8), (115.2, 67.6), (115.2, 95.6), (126.4, 115.2), (151.6, 115.2), (176.8, 120.8), (179.6, 143.2), (179.6, 171.2), (199.2, 179.6), (227.2, 179.6), (244.0, 193.6), (244.0, 218.8), (249.6, 244.0), (272.0, 244.0), (300.0, 246.8), (308.4, 269.2), (308.4, 291.6), (308.4, 314.0), (308.4, 336.4), (308.4, 364.4), (308.4, 370.0), (308.4, 370.0), (308.4, 370.0), (308.4, 370.0), (308.4, 370.0), (308.4, 370.0), (308.4, 370.0), (308.4, 370.0), (308.4, 370.0), (308.4, 370.0), (308.4, 370.0), (308.4, 370.0), (308.4, 370.0), (308.4, 370.0), (308.4, 370.0), (308.4, 364.4), (308.4, 358.8), (308.4, 358.8), (308.4, 358.8), (308.4, 353.2), (305.6, 347.6), (300.0, 342.0), (300.0, 319.6), (300.0, 319.6), (300.0, 319.6), (300.0, 319.6), (300.0, 319.6), (308.4, 314.0), (308.4, 314.0), (308.4, 314.0), (308.4, 308.4), (308.4, 302.8), (308.4, 302.8), (308.4, 297.2), (308.4, 297.2), (308.4, 297.2), (308.4, 286.0), (308.4, 286.0), (308.4, 286.0), (308.4, 291.6), (308.4, 300.0), (308.4, 300.0), (308.4, 300.0), (308.4, 314.0), (308.4, 336.4), (308.4, 364.4), (330.8, 370.0), (339.2, 372.8), (339.2, 372.8), (339.2, 372.8), (339.2, 372.8), (339.2, 372.8), (339.2, 372.8), (339.2, 372.8), (339.2, 372.8), (339.2, 372.8), (339.2, 372.8), (339.2, 372.8), (339.2, 372.8), (339.2, 372.8), (339.2, 372.8), (339.2, 372.8), (339.2, 372.8), (339.2, 372.8), (339.2, 372.8), (339.2, 372.8), (339.2, 372.8), (339.2, 372.8), (339.2, 372.8), (339.2, 372.8), (339.2, 372.8), (339.2, 372.8), (339.2, 372.8), (339.2, 372.8), (339.2, 372.8), (339.2, 372.8), (339.2, 372.8), (339.2, 372.8), (339.2, 372.8), (339.2, 372.8), (339.2, 372.8), (339.2, 372.8), (339.2, 372.8), (339.2, 372.8), (339.2, 372.8), (339.2, 372.8), (339.2, 372.8), (339.2, 372.8), (339.2, 372.8), (339.2, 372.8), (339.2, 372.8), (339.2, 372.8), (339.2, 372.8), (339.2, 372.8), (339.2, 372.8), (339.2, 372.8), (336.4, 372.8), (314.0, 372.8), (291.6, 372.8), (286.0, 372.8)]",0,2,16.15
speedrunner,bomberman,5,Bomb,38,0,12.0,0.95,"[(48.0, 48.0), (70.4, 50.8), (101.2, 50.8), (115.2, 67.6), (115.2, 95.6), (126.4, 115.2), (151.6, 115.2), (176.8, 120.8), (179.6, 143.2), (179.6, 171.2), (199.2, 179.6), (227.2, 179.6), (244.0, 193.6), (244.0, 218.8), (249.6, 244.0), (272.0, 244.0), (300.0, 246.8), (308.4, 269.2), (308.4, 291.6), (308.4, 314.0), (308.4, 336.4), (308.4, 358.8), (308.4, 372.8), (308.4, 372.8), (308.4, 372.8), (308.4, 372.8), (308.4, 372.8), (308.4, 372.8), (308.4, 372.8), (308.4, 372.8), (308.4, 372.8), (308.4, 372.8), (308.4, 372.8), (308.4, 372.8), (308.4, 372.8), (308.4, 372.8), (308.4, 372.8), (308.4, 372.8), (308.4, 372.8), (308.4, 372.8), (308.4, 372.8), (308.4, 372.8), (308.4, 372.8), (308.4, 372.8), (308.4, 372.8), (308.4, 372.8), (308.4, 372.8), (308.4, 372.8), (308.4, 372.8), (308.4, 372.8), (308.4, 372.8), (308.4, 372.8), (308.4, 372.8), (308.4, 370.0), (308.4, 364.4), (308.4, 358.8), (308.4, 353.2), (300.0, 330.8), (300.0, 319.6), (300.0, 319.6), (300.0, 319.6), (300.0, 319.6), (300.0, 319.6), (300.0, 319.6), (300.0, 319.6), (300.0, 319.6), (308.4, 314.0), (308.4, 308.4), (308.4, 302.8), (308.4, 302.8), (308.4, 297.2), (308.4, 291.6), (308.4, 286.0), (308.4, 286.0), (308.4, 286.0), (308.4, 291.6), (308.4, 291.6), (308.4, 286.0), (308.4, 286.0), (308.4, 302.8), (308.4, 325.2), (308.4, 353.2), (319.6, 372.8), (339.2, 372.8), (339.2, 372.8), (339.2, 372.8), (339.2, 372.8), (339.2, 372.8), (339.2, 372.8), (339.2, 372.8), (339.2, 372.8), (339.2, 372.8), (339.2, 372.8), (339.2, 372.8), (339.2, 372.8), (339.2, 372.8), (339.2, 372.8), (339.2, 372.8), (339.2, 372.8), (339.2, 372.8), (339.2, 372.8), (339.2, 372.8), (339.2, 372.8), (339.2, 372.8), (339.2, 372.8), (339.2, 372.8), (339.2, 372.8), (339.2, 372.8), (339.2, 372.8), (339.2, 372.8), (339.2, 372.8), (339.2, 372.8), (339.2, 372.8), (339.2, 372.8), (339.2, 372.8), (339.2, 372.8), (339.2, 372.8), (339.2, 372.8), (339.2, 372.8), (339.2, 372.8), (339.2, 372.8), (339.2, 372.8), (339.2, 372.8), (339.2, 372.8), (339.2, 372.8), (339.2, 372.8), (339.2, 372.8), (339.2, 372.8), (339.2, 372.8), (339.2, 372.8), (328.0, 372.8), (305.6, 372.8), (288.8, 372.8), (288.8, 372.8), (288.8, 372.8)]",0,2,17.97
speedrunner,bomberman,5,Bomb,22,0,23.14,0.7,"[(48.0, 48.0), (70.4, 50.8), (101.2, 50.8), (115.2, 67.6), (115.2, 95.6), (126.4, 115.2), (151.6, 115.2), (176.8, 120.8), (179.6, 143.2), (179.6, 171.2), (199.2, 179.6), (227.2, 179.6), (244.0, 193.6), (244.0, 218.8), (249.6, 244.0), (272.0, 244.0), (300.0, 246.8), (308.4, 269.2), (308.4, 291.6), (308.4, 314.0), (300.0, 336.4), (300.0, 342.0), (300.0, 344.8), (300.0, 347.6), (300.0, 342.0), (300.0, 344.8), (300.0, 347.6), (300.0, 342.0), (300.0, 344.8), (300.0, 347.6), (300.0, 342.0), (300.0, 344.8), (300.0, 347.6), (300.0, 342.0), (300.0, 344.8), (300.0, 347.6), (300.0, 342.0), (300.0, 344.8), (300.0, 347.6), (300.0, 342.0), (300.0, 344.8), (300.0, 347.6), (300.0, 342.0), (300.0, 342.0), (300.0, 336.4), (300.0, 336.4), (300.0, 330.8), (300.0, 322.4), (300.0, 319.6), (300.0, 319.6), (300.0, 319.6), (300.0, 319.6), (300.0, 319.6), (308.4, 314.0), (308.4, 314.0), (308.4, 297.2), (300.0, 274.8), (300.0, 269.2), (300.0, 269.2), (300.0, 269.2), (300.0, 260.8), (300.0, 266.4), (300.0, 263.6), (300.0, 260.8), (300.0, 255.2), (300.0, 255.2), (300.0, 255.2), (300.0, 255.2), (300.0, 255.2), (300.0, 255.2), (300.0, 255.2), (300.0, 255.2), (300.0, 255.2), (300.0, 272.0)]",0,0,9.8
speedrunner,bomberman,5,Bomb,2,0,24.18,0.85,"[(48.0, 48.0), (70.4, 50.8), (101.2, 50.8), (115.2, 67.6), (115.2, 95.6), (126.4, 115.2), (151.6, 115.2), (176.8, 120.8), (179.6, 143.2), (179.6, 171.2), (199.2, 179.6), (227.2, 179.6), (244.0, 193.6), (244.0, 218.8), (249.6, 244.0), (272.0, 244.0), (300.0, 246.8), (308.4, 269.2), (308.4, 291.6), (308.4, 314.0), (308.4, 336.4), (308.4, 358.8), (308.4, 372.8), (308.4, 372.8), (308.4, 372.8), (308.4, 372.8), (308.4, 372.8), (308.4, 372.8), (308.4, 372.8), (308.4, 372.8), (308.4, 372.8), (308.4, 372.8), (308.4, 372.8), (308.4, 372.8), (308.4, 372.8), (308.4, 372.8), (308.4, 372.8), (308.4, 372.8), (308.4, 372.8), (308.4, 372.8), (308.4, 372.8), (308.4, 372.8), (308.4, 372.8), (308.4, 372.8), (308.4, 372.8), (308.4, 372.8), (308.4, 372.8), (308.4, 372.8), (308.4, 372.8), (308.4, 372.8), (308.4, 372.8), (308.4, 372.8), (308.4, 372.8), (308.4, 372.8), (308.4, 372.8), (308.4, 370.0), (291.6, 370.0), (286.0, 370.0), (286.0, 370.0), (286.0, 370.0), (286.0, 370.0), (286.0, 370.0), (286.0, 370.0), (286.0, 370.0), (286.0, 370.0), (286.0, 370.0)]",0,1,8.68
speedrunner,bomberman,5,Bomb,53,0,24.34,0.85,"[(48.0, 48.0), (70.4, 50.8), (101.2, 50.8), (115.2, 67.6), (115.2, 95.6), (126.4, 115.2), (151.6, 115.2), (176.8, 120.8), (179.6, 143.2), (179.6, 171.2), (199.2, 179.6), (227.2, 179.6), (244.0, 193.6), (244.0, 218.8), (249.6, 244.0), (272.0, 244.0), (300.0, 246.8), (308.4, 269.2), (308.4, 291.6), (308.4, 314.0), (308.4, 336.4), (308.4, 358.8), (308.4, 372.8), (308.4, 372.8), (308.4, 372.8), (308.4, 372.8), (308.4, 372.8), (308.4, 372.8), (308.4, 372.8), (308.4, 372.8), (308.4, 372.8), (308.4, 372.8), (308.4, 372.8), (308.4, 372.8), (308.4, 372.8), (308.4, 372.8), (308.4, 372.8), (308.4, 372.8), (308.4, 372.8), (308.4, 372.8), (308.4, 372.8), (308.4, 372.8), (308.4, 372.8), (308.4, 372.8), (308.4, 372.8), (308.4, 372.8), (308.4, 372.8), (308.4, 372.8), (308.4, 372.8), (308.4, 372.8), (308.4, 372.8), (308.4, 370.0), (308.4, 358.8), (308.4, 358.8), (305.6, 353.2), (305.6, 353.2), (300.0, 344.8), (300.0, 330.8), (300.0, 319.6), (300.0, 319.6), (300.0, 319.6), (300.0, 319.6), (300.0, 319.6), (300.0, 319.6), (300.0, 319.6), (300.0, 319.6), (300.0, 319.6), (300.0, 319.6), (300.0, 319.6), (300.0, 319.6)]",0,1,9.32
speedrunner,bomberman,5,Bomb,2,0,12.98,0.15,"[(48.0, 48.0), (70.4, 50.8), (101.2, 50.8), (115.2, 64.8), (115.2, 64.8), (115.2, 64.8), (115.2, 64.8), (115.2, 64.8), (115.2, 64.8), (115.2, 62.0), (115.2, 62.0), (115.2, 62.0), (115.2, 62.0), (115.2, 62.0), (115.2, 62.0), (115.2, 62.0), (115.2, 62.0), (115.2, 62.0), (115.2, 62.0), (115.2, 62.0), (115.2, 62.0), (115.2, 62.0), (115.2, 62.0), (109.6, 62.0), (109.6, 62.0), (109.6, 62.0), (109.6, 62.0), (109.6, 62.0), (109.6, 62.0), (109.6, 62.0), (109.6, 62.0)]",0,0,4.1
speedrunner,bomberman,5,Bomb,58,0,12.91,0.95,"[(48.0, 48.0), (70.4, 50.8), (101.2, 50.8), (115.2, 67.6), (115.2, 95.6), (126.4, 115.2), (151.6, 115.2), (176.8, 120.8), (179.6, 143.2), (179.6, 171.2), (199.2, 179.6), (227.2, 179.6), (244.0, 193.6), (244.0, 218.8), (249.6, 244.0), (272.0, 244.0), (300.0, 246.8), (308.4, 269.2), (308.4, 291.6), (308.4, 314.0), (308.4, 336.4), (308.4, 358.8), (308.4, 370.0), (308.4, 370.0), (308.4, 370.0), (308.4, 370.0), (308.4, 370.0), (308.4, 370.0), (308.4, 370.0), (308.4, 370.0), (308.4, 370.0), (308.4, 370.0), (308.4, 370.0), (308.4, 370.0), (308.4, 370.0), (308.4, 370.0), (308.4, 370.0), (308.4, 370.0), (308.4, 370.0), (308.4, 364.4), (308.4, 364.4), (308.4, 358.8), (308.4, 358.8), (308.4, 353.2), (300.0, 336.4), (300.0, 319.6), (300.0, 319.6), (300.0, 319.6), (300.0, 319.6), (300.0, 319.6), (300.0, 319.6), (300.0, 319.6), (300.0, 319.6), (300.0, 319.6), (300.0, 319.6), (300.0, 319.6), (300.0, 319.6), (300.0, 319.6), (305.6, 319.6), (308.4, 314.0), (308.4, 308.4), (308.4, 302.8), (308.4, 302.8), (308.4, 297.2), (308.4, 297.2), (308.4, 297.2), (308.4, 314.0), (308.4, 302.8), (308.4, 302.8), (308.4, 302.8), (308.4, 325.2), (308.4, 353.2), (319.6, 372.8), (339.2, 372.8), (339.2, 372.8), (339.2, 372.8), (339.2, 372.8), (339.2, 372.8), (339.2, 372.8), (339.2, 372.8), (339.2, 372.8), (339.2, 372.8), (339.2, 372.8), (339.2, 372.8), (339.2, 372.8), (339.2, 372.8), (339.2, 372.8), (339.2, 372.8), (339.2, 372.8), (339.2, 372.8), (339.2, 372.8), (339.2, 372.8), (339.2, 372.8), (339.2, 372.8), (339.2, 372.8), (339.2, 372.8), (339.2, 372.8), (339.2, 372.8), (339.2, 372.8), (339.2, 372.8), (339.2, 372.8), (339.2, 372.8), (339.2, 372.8), (339.2, 372.8), (339.2, 372.8), (339.2, 372.8), (339.2, 372.8), (339.2, 372.8), (339.2, 372.8), (339.2, 372.8), (339.2, 372.8), (339.2, 372.8), (339.2, 372.8), (339.2, 372.8), (339.2, 372.8), (339.2, 372.8), (339.2, 372.8), (339.2, 372.8), (339.2, 372.8), (339.2, 372.8), (339.2, 372.8), (322.4, 372.8), (300.0, 372.8), (288.8, 372.8), (288.8, 372.8), (288.8, 372.8)]",0,3,16.7
speedrunner,bomberman,5,Bomb,60,0,13.18,0.95,"[(48.0, 48.0), (70.4, 50.8), (101.2, 50.8), (115.2, 62.0), (115.2, 62.0), (115.2, 62.0), (115.2, 62.0), (115.2, 62.0), (115.2, 62.0), (115.2, 62.0), (115.2, 62.0), (115.2, 62.0), (115.2, 62.0), (115.2, 62.0), (115.2, 62.0), (115.2, 62.0), (115.2, 67.6), (115.2, 95.6), (126.4, 115.2), (151.6, 115.2), (176.8, 120.8), (179.6, 126.4), (179.6, 126.4), (179.6, 126.4), (179.6, 126.4), (179.6, 126.4), (179.6, 126.4), (179.6, 126.4), (179.6, 126.4), (179.6, 126.4), (179.6, 126.4), (179.6, 126.4), (179.6, 143.2), (179.6, 171.2), (199.2, 179.6), (227.2, 179.6), (244.0, 193.6), (244.0, 218.8), (249.6, 244.0), (272.0, 244.0), (300.0, 246.8), (308.4, 269.2), (308.4, 291.6), (308.4, 314.0), (308.4, 336.4), (308.4, 358.8), (308.4, 372.8), (308.4, 372.8), (308.4, 372.8), (308.4, 372.8), (308.4, 372.8), (308.4, 372.8), (308.4, 372.8), (308.4, 372.8), (308.4, 372.8), (308.4, 372.8), (308.4, 372.8), (308.4, 372.8), (308.4, 372.8), (308.4, 372.8), (308.4, 372.8), (308.4, 372.8), (308.4, 372.8), (308.4, 372.8), (308.4, 372.8), (308.4, 372.8), (308.4, 372.8), (308.4, 367.2), (308.4, 367.2), (308.4, 367.2), (308.4, 361.6), (308.4, 361.6), (308.4, 356.0), (300.0, 339.2), (302.8, 322.4), (302.8, 322.4), (302.8, 322.4), (300.0, 316.8), (300.0, 322.4), (300.0, 319.6), (300.0, 316.8), (300.0, 322.4), (300.0, 319.6), (300.0, 316.8), (300.0, 322.4), (300.0, 319.6), (300.0, 316.8), (300.0, 311.2), (300.0, 311.2), (291.6, 305.6), (286.0, 305.6), (286.0, 305.6), (286.0, 308.4), (286.0, 308.4), (286.0, 308.4), (286.0, 305.6), (308.4, 319.6), (308.4, 342.0), (314.0, 370.0), (336.4, 372.8), (339.2, 372.8), (339.2, 372.8), (339.2, 372.8), (339.2, 372.8), (339.2, 372.8), (339.2, 372.8), (339.2, 372.8), (339.2, 372.8), (339.2, 372.8), (339.2, 372.8), (339.2, 372.8), (339.2, 372.8), (339.2, 372.8), (339.2, 372.8), (339.2, 372.8), (339.2, 372.8), (339.2, 372.8), (339.2, 372.8), (339.2, 372.8), (339.2, 372.8), (339.2, 372.8), (339.2, 372.8), (339.2, 372.8), (339.2, 372.8), (339.2, 372.8), (339.2, 372.8), (339.2, 372.8), (339.2, 372.8), (339.2, 372.8), (339.2, 372.8), (339.2, 372.8), (339.2, 372.8), (339.2, 372.8), (339.2, 372.8), (339.2, 372.8), (339.2, 372.8), (339.2, 372.8), (339.2, 372.8), (339.2, 372.8), (339.2, 372.8), (339.2, 372.8), (339.2, 372.8), (339.2, 372.8), (339.2, 372.8), (339.2, 372.8), (339.2, 372.8), (339.2, 372.8), (339.2, 372.8), (339.2, 372.8), (339.2, 372.8), (339.2, 372.8), (339.2, 372.8)]",0,3,20.18
speedrunner,bomberman,5,Bomb,56,0,15.01,0.95,"[(48.0, 48.0), (70.4, 50.8), (101.2, 50.8), (115.2, 67.6), (115.2, 95.6), (126.4, 115.2), (151.6, 115.2), (176.8, 120.8), (179.6, 126.4), (179.6, 132.0), (179.6, 160.0), (188.0, 179.6), (210.4, 179.6), (238.4, 182.4), (244.0, 204.8), (244.0, 232.8), (260.8, 244.0), (288.8, 244.0), (308.4, 258.0), (308.4, 280.4), (308.4, 302.8), (308.4, 325.2), (308.4, 347.6), (308.4, 370.0), (308.4, 372.8), (308.4, 372.8), (308.4, 372.8), (308.4, 372.8), (308.4, 372.8), (308.4, 372.8), (308.4, 372.8), (308.4, 372.8), (308.4, 372.8), (308.4, 372.8), (308.4, 372.8), (308.4, 372.8), (308.4, 372.8), (308.4, 372.8), (308.4, 367.2), (308.4, 367.2), (308.4, 367.2), (308.4, 361.6), (308.4, 361.6), (308.4, 361.6), (302.8, 344.8), (302.8, 322.4), (302.8, 322.4), (302.8, 322.4), (302.8, 322.4), (302.8, 322.4), (302.8, 322.4), (302.8, 322.4), (302.8, 322.4), (302.8, 322.4), (302.8, 322.4), (302.8, 322.4), (302.8, 322.4), (302.8, 322.4), (302.8, 316.8), (308.4, 311.2), (308.4, 311.2), (308.4, 305.6), (308.4, 305.6), (308.4, 305.6), (308.4, 294.4), (308.4, 294.4), (294.4, 308.4), (294.4, 308.4), (294.4, 308.4), (300.0, 311.2), (308.4, 333.6), (308.4, 361.6), (328.0, 372.8), (339.2, 372.8), (339.2, 372.8), (339.2, 372.8), (339.2, 372.8), (339.2, 372.8), (339.2, 372.8), (339.2, 372.8), (339.2, 372.8), (339.2, 372.8), (339.2, 372.8), (339.2, 372.8), (339.2, 372.8), (339.2, 372.8), (339.2, 372.8), (339.2, 372.8), (339.2, 372.8), (339.2, 372.8), (339.2, 372.8), (339.2, 372.8), (339.2, 372.8), (339.2, 372.8), (339.2, 372.8), (339.2, 372.8), (339.2, 372.8), (339.2, 372.8), (339.2, 372.8), (339.2, 372.8), (339.2, 372.8), (339.2, 372.8), (339.2, 372.8), (339.2, 372.8), (339.2, 372.8), (339.2, 372.8), (339.2, 372.8), (339.2, 372.8), (339.2, 372.8), (339.2, 372.8), (339.2, 372.8), (339.2, 372.8), (339.2, 372.8), (339.2, 372.8), (339.2, 372.8), (339.2, 372.8), (339.2, 372.8), (339.2, 372.8), (339.2, 372.8), (339.2, 372.8), (339.2, 372.8), (339.2, 372.8), (339.2, 372.8), (339.2, 372.8), (339.2, 372.8), (339.2, 372.8), (339.2, 372.8), (339.2, 372.8), (339.2, 372.8)]",0,3,17.17
speedrunner,bomberman,5,Bomb,35,0,15.94,0.95,"[(48.0, 48.0), (70.4, 50.8), (101.2, 50.8), (115.2, 67.6), (115.2, 95.6), (126.4, 115.2), (151.6, 115.2), (176.8, 120.8), (179.6, 143.2), (179.6, 171.2), (199.2, 179.6), (227.2, 179.6), (244.0, 193.6), (244.0, 218.8), (249.6, 244.0), (272.0, 244.0), (300.0, 246.8), (308.4, 269.2), (308.4, 291.6), (308.4, 314.0), (308.4, 336.4), (308.4, 358.8), (308.4, 372.8), (308.4, 372.8), (308.4, 372.8), (308.4, 372.8), (308.4, 372.8), (308.4, 372.8), (308.4, 372.8), (308.4, 372.8), (308.4, 372.8), (308.4, 372.8), (308.4, 372.8), (308.4, 372.8), (308.4, 372.8), (308.4, 372.8), (308.4, 372.8), (308.4, 372.8), (308.4, 372.8), (308.4, 372.8), (308.4, 372.8), (308.4, 372.8), (308.4, 372.8), (308.4, 372.8), (308.4, 370.0), (308.4, 370.0), (308.4, 370.0), (308.4, 364.4), (308.4, 358.8), (308.4, 358.8), (305.6, 347.6), (300.0, 319.6), (300.0, 319.6), (300.0, 319.6), (300.0, 319.6), (300.0, 319.6), (300.0, 319.6), (300.0, 319.6), (300.0, 319.6), (305.6, 319.6), (308.4, 314.0), (308.4, 308.4), (308.4, 302.8), (308.4, 302.8), (308.4, 297.2), (308.4, 297.2), (308.4, 314.0), (308.4, 314.0), (308.4, 314.0), (308.4, 314.0), (308.4, 336.4), (308.4, 364.4), (330.8, 372.8), (339.2, 372.8), (339.2, 372.8), (339.2, 372.8), (339.2, 372.8), (339.2, 372.8), (339.2, 372.8), (339.2, 372.8), (339.2, 372.8), (339.2, 372.8), (339.2, 372.8), (339.2, 372.8), (339.2, 372.8), (339.2, 372.8), (339.2, 372.8), (339.2, 372.8), (339.2, 372.8), (339.2, 372.8), (339.2, 372.8), (339.2, 372.8), (339.2, 372.8), (339.2, 372.8), (339.2, 372.8), (339.2, 372.8), (339.2, 372.8), (339.2, 372.8), (339.2, 372.8), (339.2, 372.8), (339.2, 372.8), (339.2, 372.8), (339.2, 372.8), (339.2, 372.8), (339.2, 372.8), (339.2, 372.8), (339.2, 372.8), (339.2, 372.8), (339.2, 372.8), (339.2, 372.8), (339.2, 372.8), (339.2, 372.8), (339.2, 372.8), (339.2, 372.8), (339.2, 372.8), (339.2, 372.8), (339.2, 372.8), (339.2, 372.8), (339.2, 372.8), (339.2, 372.8), (339.2, 372.8), (339.2, 372.8), (339.2, 372.8), (339.2, 372.8), (339.2, 372.8), (339.2, 372.8)]",0,3,16.68
speedrunner,bomberman,5,Bomb,34,0,13.35,0.95,"[(48.0, 48.0), (70.4, 50.8), (101.2, 50.8), (115.2, 67.6), (115.2, 95.6), (126.4, 115.2), (151.6, 115.2), (176.8, 120.8), (179.6, 143.2), (179.6, 171.2), (199.2, 179.6), (227.2, 179.6), (244.0, 193.6), (244.0, 218.8), (249.6, 244.0), (272.0, 244.0), (300.0, 246.8), (308.4, 269.2), (308.4, 291.6), (308.4, 314.0), (308.4, 336.4), (308.4, 364.4), (308.4, 370.0), (308.4, 370.0), (308.4, 370.0), (308.4, 370.0), (308.4, 370.0), (308.4, 370.0), (308.4, 370.0), (308.4, 370.0), (308.4, 370.0), (308.4, 370.0), (308.4, 370.0), (308.4, 370.0), (308.4, 370.0), (308.4, 370.0), (308.4, 370.0), (308.4, 364.4), (308.4, 358.8), (308.4, 358.8), (308.4, 358.8), (308.4, 353.2), (305.6, 347.6), (300.0, 342.0), (300.0, 319.6), (300.0, 319.6), (300.0, 319.6), (300.0, 319.6), (300.0, 319.6), (308.4, 314.0), (308.4, 314.0), (308.4, 314.0), (308.4, 308.4), (308.4, 302.8), (308.4, 302.8), (308.4, 297.2), (308.4, 297.2), (308.4, 297.2), (308.4, 286.0), (308.4, 286.0), (308.4, 286.0), (308.4, 291.6), (308.4, 300.0), (308.4, 300.0), (308.4, 300.0), (308.4, 314.0), (308.4, 336.4), (308.4, 364.4), (330.8, 370.0), (339.2, 372.8), (339.2, 372.8), (339.2, 372.8), (339.2, 372.8), (339.2, 372.8), (339.2, 372.8), (339.2, 372.8), (339.2, 372.8), (339.2, 372.8), (339.2, 372.8), (339.2, 372.8), (339.2, 372.8), (339.2, 372.8), (339.2, 372.8), (339.2, 372.8), (339.2, 372.8), (339.2, 372.8), (339.2, 372.8), (339.2, 372.8), (339.2, 372.8), (339.2, 372.8), (339.2, 372.8), (339.2, 372.8), (339.2, 372.8), (339.2, 372.8), (339.2, 372.8), (339.2, 372.8), (339.2, 372.8), (339.2, 372.8), (339.2, 372.8), (339.2, 372.8), (339.2, 372.8), (339.2, 372.8), (339.2, 372.8), (339.2, 372.8), (339.2, 372.8), (339.2, 372.8), (339.2, 372.8), (339.2, 372.8), (339.2, 372.8), (339.2, 372.8), (339.2, 372.8), (339.2, 372.8), (339.2, 372.8), (339.2, 372.8), (339.2, 372.8), (339.2, 372.8), (339.2, 372.8), (339.2, 372.8), (336.4, 372.8), (314.0, 372.8), (291.6, 372.8), (286.0, 372.8)]",0,2,16.15
speedrunner,bomberman,5,Bomb,38,0,12.0,0.95,"[(48.0, 48.0), (70.4, 50.8), (101.2, 50.8), (115.2, 67.6), (115.2, 95.6), (126.4, 115.2), (151.6, 115.2), (176.8, 120.8), (179.6, 143.2), (179.6, 171.2), (199.2, 179.6), (227.2, 179.6), (244.0, 193.6), (244.0, 218.8), (249.6, 244.0), (272.0, 244.0), (300.0, 246.8), (308.4, 269.2), (308.4, 291.6), (308.4, 314.0), (308.4, 336.4), (308.4, 358.8), (308.4, 372.8), (308.4, 372.8), (308.4, 372.8), (308.4, 372.8), (308.4, 372.8), (308.4, 372.8), (308.4, 372.8), (308.4, 372.8), (308.4, 372.8), (308.4, 372.8), (308.4, 372.8), (308.4, 372.8), (308.4, 372.8), (308.4, 372.8), (308.4, 372.8), (308.4, 372.8), (308.4, 372.8), (308.4, 372.8), (308.4, 372.8), (308.4, 372.8), (308.4, 372.8), (308.4, 372.8), (308.4, 372.8), (308.4, 372.8), (308.4, 372.8), (308.4, 372.8), (308.4, 372.8), (308.4, 372.8), (308.4, 372.8), (308.4, 372.8), (308.4, 372.8), (308.4, 370.0), (308.4, 364.4), (308.4, 358.8), (308.4, 353.2), (300.0, 330.8), (300.0, 319.6), (300.0, 319.6), (300.0, 319.6), (300.0, 319.6), (300.0, 319.6), (300.0, 319.6), (300.0, 319.6), (300.0, 319.6), (308.4, 314.0), (308.4, 308.4), (308.4, 302.8), (308.4, 302.8), (308.4, 297.2), (308.4, 291.6), (308.4, 286.0), (308.4, 286.0), (308.4, 286.0), (308.4, 291.6), (308.4, 291.6), (308.4, 286.0), (308.4, 286.0), (308.4, 302.8), (308.4, 325.2), (308.4, 353.2), (319.6, 372.8), (339.2, 372.8), (339.2, 372.8), (339.2, 372.8), (339.2, 372.8), (339.2, 372.8), (339.2, 372.8), (339.2, 372.8), (339.2, 372.8), (339.2, 372.8), (339.2, 372.8), (339.2, 372.8), (339.2, 372.8), (339.2, 372.8), (339.2, 372.8), (339.2, 372.8), (339.2, 372.8), (339.2, 372.8), (339.2, 372.8), (339.2, 372.8), (339.2, 372.8), (339.2, 372.8), (339.2, 372.8), (339.2, 372.8), (339.2, 372.8), (339.2, 372.8), (339.2, 372.8), (339.2, 372.8), (339.2, 372.8), (339.2, 372.8), (339.2, 372.8), (339.2, 372.8), (339.2, 372.8), (339.2, 372.8), (339.2, 372.8), (339.2, 372.8), (339.2, 372.8), (339.2, 372.8), (339.2, 372.8), (339.2, 372.8), (339.2, 372.8), (339.2, 372.8), (339.2, 372.8), (339.2, 372.8), (339.2, 372.8), (339.2, 372.8), (339.2, 372.8), (339.2, 372.8), (328.0, 372.8), (305.6, 372.8), (288.8, 372.8), (288.8, 372.8), (288.8, 372.8)]",0,2,17.97
speedrunner,bomberman,5,Bomb,70,0,23.58,0.85,"[(48.0, 48.0), (70.4, 50.8), (101.2, 50.8), (115.2, 67.6), (115.2, 95.6), (126.4, 115.2), (151.6, 115.2), (176.8, 120.8), (179.6, 143.2), (179.6, 171.2), (199.2, 179.6), (227.2, 179.6), (244.0, 193.6), (244.0, 218.8), (249.6, 244.0), (272.0, 244.0), (300.0, 246.8), (308.4, 269.2), (308.4, 291.6), (308.4, 314.0), (308.4, 336.4), (308.4, 358.8), (308.4, 372.8), (308.4, 372.8), (308.4, 372.8), (308.4, 372.8), (308.4, 372.8), (308.4, 372.8), (308.4, 372.8), (308.4, 372.8), (308.4, 372.8), (308.4, 372.8), (308.4, 372.8), (308.4, 372.8), (308.4, 372.8), (308.4, 372.8), (308.4, 372.8), (308.4, 372.8), (308.4, 372.8), (308.4, 372.8), (308.4, 372.8), (308.4, 372.8), (308.4, 372.8), (308.4, 372.8), (308.4, 372.8), (308.4, 372.8), (308.4, 372.8), (308.4, 372.8), (308.4, 372.8), (308.4, 372.8), (308.4, 370.0), (308.4, 370.0), (308.4, 358.8), (308.4, 358.8), (305.6, 347.6), (300.0, 319.6), (300.0, 319.6), (300.0, 319.6), (300.0, 319.6), (300.0, 319.6), (300.0, 319.6), (300.0, 319.6), (300.0, 319.6), (300.0, 319.6), (300.0, 319.6), (300.0, 319.6), (300.0, 319.6), (300.0, 319.6), (300.0, 319.6), (300.0, 319.6), (300.0, 319.6), (300.0, 319.6), (300.0, 319.6)]",0,1,9.62
speedrunner,bomberman,5,Bomb,20,0,26.48,0.7,"[(48.0, 48.0), (70.4, 50.8), (101.2, 50.8), (115.2, 67.6), (115.2, 95.6), (126.4, 115.2), (151.6, 115.2), (176.8, 120.8), (179.6, 143.2), (179.6, 171.2), (199.2, 179.6), (227.2, 179.6), (244.0, 193.6), (244.0, 218.8), (249.6, 244.0), (272.0, 244.0), (300.0, 246.8), (308.4, 269.2), (308.4, 291.6), (308.4, 314.0), (308.4, 336.4), (308.4, 353.2), (308.4, 353.2), (308.4, 353.2), (308.4, 353.2), (308.4, 353.2), (308.4, 353.2), (308.4, 353.2), (308.4, 353.2), (308.4, 353.2), (308.4, 353.2), (308.4, 353.2), (308.4, 353.2), (308.4, 353.2), (308.4, 353.2), (308.4, 353.2), (308.4, 353.2), (308.4, 353.2), (308.4, 353.2), (308.4, 353.2), (308.4, 353.2), (308.4, 353.2), (308.4, 353.2), (308.4, 353.2), (308.4, 353.2), (308.4, 353.2), (308.4, 342.0), (308.4, 342.0), (308.4, 336.4), (308.4, 336.4), (308.4, 325.2), (308.4, 325.2), (308.4, 302.8), (308.4, 286.0), (308.4, 286.0), (308.4, 286.0), (308.4, 280.4), (308.4, 274.8), (308.4, 269.2), (308.4, 269.2), (308.4, 269.2), (308.4, 263.6), (308.4, 263.6), (308.4, 258.0), (308.4, 258.0), (308.4, 258.0), (308.4, 274.8)]",0,0,8.88
speedrunner,bomberman,5,Bomb,43,0,26.12,0.7,"[(48.0, 48.0), (70.4, 50.8), (101.2, 50.8), (115.2, 67.6), (115.2, 95.6), (126.4, 115.2), (151.6, 115.2), (176.8, 120.8), (179.6, 143.2), (179.6, 171.2), (199.2, 179.6), (227.2, 179.6), (244.0, 193.6), (244.0, 218.8), (249.6, 244.0), (272.0, 244.0), (300.0, 246.8), (300.0, 269.2), (308.4, 297.2), (308.4, 319.6), (300.0, 328.0), (300.0, 325.2), (300.0, 322.4), (300.0, 328.0), (300.0, 325.2), (300.0, 322.4), (300.0, 328.0), (300.0, 325.2), (300.0, 322.4), (300.0, 328.0), (300.0, 325.2), (300.0, 322.4), (300.0, 328.0), (300.0, 325.2), (300.0, 322.4), (300.0, 328.0), (300.0, 319.6), (300.0, 319.6), (300.0, 319.6), (300.0, 319.6), (300.0, 319.6), (300.0, 319.6), (300.0, 319.6), (300.0, 319.6), (300.0, 316.8), (300.0, 322.4), (300.0, 319.6), (300.0, 316.8), (300.0, 322.4), (300.0, 319.6), (300.0, 316.8), (300.0, 311.2), (300.0, 311.2), (300.0, 311.2), (300.0, 311.2), (300.0, 311.2), (300.0, 311.2), (300.0, 311.2), (300.0, 311.2), (300.0, 311.2), (300.0, 311.2), (300.0, 311.2), (300.0, 311.2), (300.0, 311.2), (300.0, 311.2), (300.0, 311.2)]",0,0,8.68
speedrunner,bomberman,5,Bomb,3,0,23.51,0.85,"[(48.0, 48.0), (70.4, 50.8), (101.2, 50.8), (115.2, 67.6), (115.2, 95.6), (126.4, 115.2), (151.6, 115.2), (176.8, 120.8), (179.6, 143.2), (179.6, 171.2), (199.2, 179.6), (227.2, 179.6), (244.0, 193.6), (244.0, 218.8), (249.6, 244.0), (272.0, 244.0), (300.0, 246.8), (308.4, 269.2), (308.4, 291.6), (308.4, 314.0), (308.4, 336.4), (308.4, 358.8), (308.4, 372.8), (308.4, 372.8), (308.4, 372.8), (308.4, 372.8), (308.4, 372.8), (308.4, 372.8), (308.4, 372.8), (308.4, 372.8), (308.4, 372.8), (308.4, 372.8), (308.4, 372.8), (302.8, 372.8), (302.8, 372.8), (302.8, 372.8), (297.2, 372.8), (297.2, 372.8), (291.6, 372.8), (291.6, 372.8), (286.0, 372.8), (286.0, 372.8), (286.0, 372.8), (286.0, 372.8), (286.0, 372.8), (286.0, 372.8), (286.0, 372.8), (286.0, 372.8), (286.0, 370.0), (286.0, 370.0), (286.0, 370.0), (286.0, 370.0), (286.0, 370.0), (286.0, 370.0), (286.0, 370.0), (280.4, 372.8), (274.8, 372.8), (269.2, 372.8), (269.2, 372.8), (269.2, 372.8), (263.6, 372.8)]",0,1,8.1
speedrunner,bomberman,5,Bomb,58,0,12.91,0.95,"[(48.0, 48.0), (70.4, 50.8), (101.2, 50.8), (115.2, 67.6), (115.2, 95.6), (126.4, 115.2), (151.6, 115.2), (176.8, 120.8), (179.6, 143.2), (179.6, 171.2), (199.2, 179.6), (227.2, 179.6), (244.0, 193.6), (244.0, 218.8), (249.6, 244.0), (272.0, 244.0), (300.0, 246.8), (308.4, 269.2), (308.4, 291.6), (308.4, 314.0), (308.4, 336.4), (308.4, 358.8), (308.4, 370.0), (308.4, 370.0), (308.4, 370.0), (308.4, 370.0), (308.4, 370.0), (308.4, 370.0), (308.4, 370.0), (308.4, 370.0), (308.4, 370.0), (308.4, 370.0), (308.4, 370.0), (308.4, 370.0), (308.4, 370.0), (308.4, 370.0), (308.4, 370.0), (308.4, 370.0), (308.4, 370.0), (308.4, 364.4), (308.4, 364.4), (308.4, 358.8), (308.4, 358.8), (308.4, 353.2), (300.0, 336.4), (300.0, 319.6), (300.0, 319.6), (300.0, 319.6), (300.0, 319.6), (300.0, 319.6), (300.0, 319.6), (300.0, 319.6), (300.0, 319.6), (300.0, 319.6), (300.0, 319.6), (300.0, 319.6), (300.0, 319.6), (300.0, 319.6), (305.6, 319.6), (308.4, 314.0), (308.4, 308.4), (308.4, 302.8), (308.4, 302.8), (308.4, 297.2), (308.4, 297.2), (308.4, 297.2), (308.4, 314.0), (308.4, 302.8), (308.4, 302.8), (308.4, 302.8), (308.4, 325.2), (308.4, 353.2), (319.6, 372.8), (339.2, 372.8), (339.2, 372.8), (339.2, 372.8), (339.2, 372.8), (339.2, 372.8), (339.2, 372.8), (339.2, 372.8), (339.2, 372.8), (339.2, 372.8), (339.2, 372.8), (339.2, 372.8), (339.2, 372.8), (339.2, 372.8), (339.2, 372.8), (339.2, 372.8), (339.2, 372.8), (339.2, 372.8), (339.2, 372.8), (339.2, 372.8), (339.2, 372.8), (339.2, 372.8), (339.2, 372.8), (339.2, 372.8), (339.2, 372.8), (339.2, 372.8), (339.2, 372.8), (339.2, 372.8), (339.2, 372.8), (339.2, 372.8), (339.2, 372.8), (339.2, 372.8), (339.2, 372.8), (339.2, 372.8), (339.2, 372.8), (339.2, 372.8), (339.2, 372.8), (339.2, 372.8), (339.2, 372.8), (339.2, 372.8), (339.2, 372.8), (339.2, 372.8), (339.2, 372.8), (339.2, 372.8), (339.2, 372.8), (339.2, 372.8), (339.2, 372.8), (339.2, 372.8), (339.2, 372.8), (322.4, 372.8), (300.0, 372.8), (288.8, 372.8), (288.8, 372.8), (288.8, 372.8)]",0,3,16.7
speedrunner,bomberman,5,Bomb,35,0,15.94,0.95,"[(48.0, 48.0), (70.4, 50.8), (101.2, 50.8), (115.2, 67.6), (115.2, 95.6), (126.4, 115.2), (151.6, 115.2), (176.8, 120.8), (179.6, 143.2), (179.6, 171.2), (199.2, 179.6), (227.2, 179.6), (244.0, 193.6), (244.0, 218.8), (249.6, 244.0), (272.0, 244.0), (300.0, 246.8), (308.4, 269.2), (308.4, 291.6), (308.4, 314.0), (308.4, 336.4), (308.4, 358.8), (308.4, 372.8), (308.4, 372.8), (308.4, 372.8), (308.4, 372.8), (308.4, 372.8), (308.4, 372.8), (308.4, 372.8), (308.4, 372.8), (308.4, 372.8), (308.4, 372.8), (308.4, 372.8), (308.4, 372.8), (308.4, 372.8), (308.4, 372.8), (308.4, 372.8), (308.4, 372.8), (308.4, 372.8), (308.4, 372.8), (308.4, 372.8), (308.4, 372.8), (308.4, 372.8), (308.4, 372.8), (308.4, 370.0), (308.4, 370.0), (308.4, 370.0), (308.4, 364.4), (308.4, 358.8), (308.4, 358.8), (305.6, 347.6), (300.0, 319.6), (300.0, 319.6), (300.0, 319.6), (300.0, 319.6), (300.0, 319.6), (300.0, 319.6), (300.0, 319.6), (300.0, 319.6), (305.6, 319.6), (308.4, 314.0), (308.4, 308.4), (308.4, 302.8), (308.4, 302.8), (308.4, 297.2), (308.4, 297.2), (308.4, 314.0), (308.4, 314.0), (308.4, 314.0), (308.4, 314.0), (308.4, 336.4), (308.4, 364.4), (330.8, 372.8), (339.2, 372.8), (339.2, 372.8), (339.2, 372.8), (339.2, 372.8), (339.2, 372.8), (339.2, 372.8), (339.2, 372.8), (339.2, 372.8), (339.2, 372.8), (339.2, 372.8), (339.2, 372.8), (339.2, 372.8), (339.2, 372.8), (339.2, 372.8), (339.2, 372.8), (339.2, 372.8), (339.2, 372.8), (339.2, 372.8), (339.2, 372.8), (339.2, 372.8), (339.2, 372.8), (339.2, 372.8), (339.2, 372.8), (339.2, 372.8), (339.2, 372.8), (339.2, 372.8), (339.2, 372.8), (339.2, 372.8), (339.2, 372.8), (339.2, 372.8), (339.2, 372.8), (339.2, 372.8), (339.2, 372.8), (339.2, 372.8), (339.2, 372.8), (339.2, 372.8), (339.2, 372.8), (339.2, 372.8), (339.2, 372.8), (339.2, 372.8), (339.2, 372.8), (339.2, 372.8), (339.2, 372.8), (339.2, 372.8), (339.2, 372.8), (339.2, 372.8), (339.2, 372.8), (339.2, 372.8), (339.2, 372.8), (339.2, 372.8), (339.2, 372.8), (339.2, 372.8), (339.2, 372.8)]",0,3,16.68
speedrunner,bomberman,5,Bomb,56,0,15.01,0.95,"[(48.0, 48.0), (70.4, 50.8), (101.2, 50.8), (115.2, 67.6), (115.2, 95.6), (126.4, 115.2), (151.6, 115.2), (176.8, 120.8), (179.6, 126.4), (179.6, 132.0), (179.6, 160.0), (188.0, 179.6), (210.4, 179.6), (238.4, 182.4), (244.0, 204.8), (244.0, 232.8), (260.8, 244.0), (288.8, 244.0), (308.4, 258.0), (308.4, 280.4), (308.4, 302.8), (308.4, 325.2), (308.4, 347.6), (308.4, 370.0), (308.4, 372.8), (308.4, 372.8), (308.4, 372.8), (308.4, 372.8), (308.4, 372.8), (308.4, 372.8), (308.4, 372.8), (308.4, 372.8), (308.4, 372.8), (308.4, 372.8), (308.4, 372.8), (308.4, 372.8), (308.4, 372.8), (308.4, 372.8), (308.4, 367.2), (308.4, 367.2), (308.4, 367.2), (308.4, 361.6), (308.4, 361.6), (308.4, 361.6), (302.8, 344.8), (302.8, 322.4), (302.8, 322.4), (302.8, 322.4), (302.8, 322.4), (302.8, 322.4), (302.8, 322.4), (302.8, 322.4), (302.8, 322.4), (302.8, 322.4), (302.8, 322.4), (302.8, 322.4), (302.8, 322.4), (302.8, 322.4), (302.8, 316.8), (308.4, 311.2), (308.4, 311.2), (308.4, 305.6), (308.4, 305.6), (308.4, 305.6), (308.4, 294.4), (308.4, 294.4), (294.4, 308.4), (294.4, 308.4), (294.4, 308.4), (300.0, 311.2), (308.4, 333.6), (308.4, 361.6), (328.0, 372.8), (339.2, 372.8), (339.2, 372.8), (339.2, 372.8), (339.2, 372.8), (339.2, 372.8), (339.2, 372.8), (339.2, 372.8), (339.2, 372.8), (339.2, 372.8), (339.2, 372.8), (339.2, 372.8), (339.2, 372.8), (339.2, 372.8), (339.2, 372.8), (339.2, 372.8), (339.2, 372.8), (339.2, 372.8), (339.2, 372.8), (339.2, 372.8), (339.2, 372.8), (339.2, 372.8), (339.2, 372.8), (339.2, 372.8), (339.2, 372.8), (339.2, 372.8), (339.2, 372.8), (339.2, 372.8), (339.2, 372.8), (339.2, 372.8), (339.2, 372.8), (339.2, 372.8), (339.2, 372.8), (339.2, 372.8), (339.2, 372.8), (339.2, 372.8), (339.2, 372.8), (339.2, 372.8), (339.2, 372.8), (339.2, 372.8), (339.2, 372.8), (339.2, 372.8), (339.2, 372.8), (339.2, 372.8), (339.2, 372.8), (339.2, 372.8), (339.2, 372.8), (339.2, 372.8), (339.2, 372.8), (339.2, 372.8), (339.2, 372.8), (339.2, 372.8), (339.2, 372.8), (339.2, 372.8), (339.2, 372.8), (339.2, 372.8), (339.2, 372.8)]",0,3,17.17
speedrunner,bomberman,5,Bomb,60,0,13.18,0.95,"[(48.0, 48.0), (70.4, 50.8), (101.2, 50.8), (115.2, 62.0), (115.2, 62.0), (115.2, 62.0), (115.2, 62.0), (115.2, 62.0), (115.2, 62.0), (115.2, 62.0), (115.2, 62.0), (115.2, 62.0), (115.2, 62.0), (115.2, 62.0), (115.2, 62.0), (115.2, 62.0), (115.2, 67.6), (115.2, 95.6), (126.4, 115.2), (151.6, 115.2), (176.8, 120.8), (179.6, 126.4), (179.6, 126.4), (179.6, 126.4), (179.6, 126.4), (179.6, 126.4), (179.6, 126.4), (179.6, 126.4), (179.6, 126.4), (179.6, 126.4), (179.6, 126.4), (179.6, 126.4), (179.6, 143.2), (179.6, 171.2), (199.2, 179.6), (227.2, 179.6), (244.0, 193.6), (244.0, 218.8), (249.6, 244.0), (272.0, 244.0), (300.0, 246.8), (308.4, 269.2), (308.4, 291.6), (308.4, 314.0), (308.4, 336.4), (308.4, 358.8), (308.4, 372.8), (308.4, 372.8), (308.4, 372.8), (308.4, 372.8), (308.4, 372.8), (308.4, 372.8), (308.4, 372.8), (308.4, 372.8), (308.4, 372.8), (308.4, 372.8), (308.4, 372.8), (308.4, 372.8), (308.4, 372.8), (308.4, 372.8), (308.4, 372.8), (308.4, 372.8), (308.4, 372.8), (308.4, 372.8), (308.4, 372.8), (308.4, 372.8), (308.4, 372.8), (308.4, 367.2), (308.4, 367.2), (308.4, 367.2), (308.4, 361.6), (308.4, 361.6), (308.4, 356.0), (300.0, 339.2), (302.8, 322.4), (302.8, 322.4), (302.8, 322.4), (300.0, 316.8), (300.0, 322.4), (300.0, 319.6), (300.0, 316.8), (300.0, 322.4), (300.0, 319.6), (300.0, 316.8), (300.0, 322.4), (300.0, 319.6), (300.0, 316.8), (300.0, 311.2), (300.0, 311.2), (291.6, 305.6), (286.0, 305.6), (286.0, 305.6), (286.0, 308.4), (286.0, 308.4), (286.0, 308.4), (286.0, 305.6), (308.4, 319.6), (308.4, 342.0), (314.0, 370.0), (336.4, 372.8), (339.2, 372.8), (339.2, 372.8), (339.2, 372.8), (339.2, 372.8), (339.2, 372.8), (339.2, 372.8), (339.2, 372.8), (339.2, 372.8), (339.2, 372.8), (339.2, 372.8), (339.2, 372.8), (339.2, 372.8), (339.2, 372.8), (339.2, 372.8), (339.2, 372.8), (339.2, 372.8), (339.2, 372.8), (339.2, 372.8), (339.2, 372.8), (339.2, 372.8), (339.2, 372.8), (339.2, 372.8), (339.2, 372.8), (339.2, 372.8), (339.2, 372.8), (339.2, 372.8), (339.2, 372.8), (339.2, 372.8), (339.2, 372.8), (339.2, 372.8), (339.2, 372.8), (339.2, 372.8), (339.2, 372.8), (339.2, 372.8), (339.2, 372.8), (339.2, 372.8), (339.2, 372.8), (339.2, 372.8), (339.2, 372.8), (339.2, 372.8), (339.2, 372.8), (339.2, 372.8), (339.2, 372.8), (339.2, 372.8), (339.2, 372.8), (339.2, 372.8), (339.2, 372.8), (339.2, 372.8), (339.2, 372.8), (339.2, 372.8), (339.2, 372.8), (339.2, 372.8)]",0,3,20.18
speedrunner,bomberman,5,Bomb,34,0,13.35,0.95,"[(48.0, 48.0), (70.4, 50.8), (101.2, 50.8), (115.2, 67.6), (115.2, 95.6), (126.4, 115.2), (151.6, 115.2), (176.8, 120.8), (179.6, 143.2), (179.6, 171.2), (199.2, 179.6), (227.2, 179.6), (244.0, 193.6), (244.0, 218.8), (249.6, 244.0), (272.0, 244.0), (300.0, 246.8), (308.4, 269.2), (308.4, 291.6), (308.4, 314.0), (308.4, 336.4), (308.4, 364.4), (308.4, 370.0), (308.4, 370.0), (308.4, 370.0), (308.4, 370.0), (308.4, 370.0), (308.4, 370.0), (308.4, 370.0), (308.4, 370.0), (308.4, 370.0), (308.4, 370.0), (308.4, 370.0), (308.4, 370.0), (308.4, 370.0), (308.4, 370.0), (308.4, 370.0), (308.4, 364.4), (308.4, 358.8), (308.4, 358.8), (308.4, 358.8), (308.4, 353.2), (305.6, 347.6), (300.0, 342.0), (300.0, 319.6), (300.0, 319.6), (300.0, 319.6), (300.0, 319.6), (300.0, 319.6), (308.4, 314.0), (308.4, 314.0), (308.4, 314.0), (308.4, 308.4), (308.4, 302.8), (308.4, 302.8), (308.4, 297.2), (308.4, 297.2), (308.4, 297.2), (308.4, 286.0), (308.4, 286.0), (308.4, 286.0), (308.4, 291.6), (308.4, 300.0), (308.4, 300.0), (308.4, 300.0), (308.4, 314.0), (308.4, 336.4), (308.4, 364.4), (330.8, 370.0), (339.2, 372.8), (339.2, 372.8), (339.2, 372.8), (339.2, 372.8), (339.2, 372.8), (339.2, 372.8), (339.2, 372.8), (339.2, 372.8), (339.2, 372.8), (339.2, 372.8), (339.2, 372.8), (339.2, 372.8), (339.2, 372.8), (339.2, 372.8), (339.2, 372.8), (339.2, 372.8), (339.2, 372.8), (339.2, 372.8), (339.2, 372.8), (339.2, 372.8), (339.2, 372.8), (339.2, 372.8), (339.2, 372.8), (339.2, 372.8), (339.2, 372.8), (339.2, 372.8), (339.2, 372.8), (339.2, 372.8), (339.2, 372.8), (339.2, 372.8), (339.2, 372.8), (339.2, 372.8), (339.2, 372.8), (339.2, 372.8), (339.2, 372.8), (339.2, 372.8), (339.2, 372.8), (339.2, 372.8), (339.2, 372.8), (339.2, 372.8), (339.2, 372.8), (339.2, 372.8), (339.2, 372.8), (339.2, 372.8), (339.2, 372.8), (339.2, 372.8), (339.2, 372.8), (339.2, 372.8), (339.2, 372.8), (336.4, 372.8), (314.0, 372.8), (291.6, 372.8), (286.0, 372.8)]",0,2,16.15
speedrunner,bomberman,5,Bomb,38,0,12.0,0.95,"[(48.0, 48.0), (70.4, 50.8), (101.2, 50.8), (115.2, 67.6), (115.2, 95.6), (126.4, 115.2), (151.6, 115.2), (176.8, 120.8), (179.6, 143.2), (179.6, 171.2), (199.2, 179.6), (227.2, 179.6), (244.0, 193.6), (244.0, 218.8), (249.6, 244.0), (272.0, 244.0), (300.0, 246.8), (308.4, 269.2), (308.4, 291.6), (308.4, 314.0), (308.4, 336.4), (308.4, 358.8), (308.4, 372.8), (308.4, 372.8), (308.4, 372.8), (308.4, 372.8), (308.4, 372.8), (308.4, 372.8), (308.4, 372.8), (308.4, 372.8), (308.4, 372.8), (308.4, 372.8), (308.4, 372.8), (308.4, 372.8), (308.4, 372.8), (308.4, 372.8), (308.4, 372.8), (308.4, 372.8), (308.4, 372.8), (308.4, 372.8), (308.4, 372.8), (308.4, 372.8), (308.4, 372.8), (308.4, 372.8), (308.4, 372.8), (308.4, 372.8), (308.4, 372.8), (308.4, 372.8), (308.4, 372.8), (308.4, 372.8), (308.4, 372.8), (308.4, 372.8), (308.4, 372.8), (308.4, 370.0), (308.4, 364.4), (308.4, 358.8), (308.4, 353.2), (300.0, 330.8), (300.0, 319.6), (300.0, 319.6), (300.0, 319.6), (300.0, 319.6), (300.0, 319.6), (300.0, 319.6), (300.0, 319.6), (300.0, 319.6), (308.4, 314.0), (308.4, 308.4), (308.4, 302.8), (308.4, 302.8), (308.4, 297.2), (308.4, 291.6), (308.4, 286.0), (308.4, 286.0), (308.4, 286.0), (308.4, 291.6), (308.4, 291.6), (308.4, 286.0), (308.4, 286.0), (308.4, 302.8), (308.4, 325.2), (308.4, 353.2), (319.6, 372.8), (339.2, 372.8), (339.2, 372.8), (339.2, 372.8), (339.2, 372.8), (339.2, 372.8), (339.2, 372.8), (339.2, 372.8), (339.2, 372.8), (339.2, 372.8), (339.2, 372.8), (339.2, 372.8), (339.2, 372.8), (339.2, 372.8), (339.2, 372.8), (339.2, 372.8), (339.2, 372.8), (339.2, 372.8), (339.2, 372.8), (339.2, 372.8), (339.2, 372.8), (339.2, 372.8), (339.2, 372.8), (339.2, 372.8), (339.2, 372.8), (339.2, 372.8), (339.2, 372.8), (339.2, 372.8), (339.2, 372.8), (339.2, 372.8), (339.2, 372.8), (339.2, 372.8), (339.2, 372.8), (339.2, 372.8), (339.2, 372.8), (339.2, 372.8), (339.2, 372.8), (339.2, 372.8), (339.2, 372.8), (339.2, 372.8), (339.2, 372.8), (339.2, 372.8), (339.2, 372.8), (339.2, 372.8), (339.2, 372.8), (339.2, 372.8), (339.2, 372.8), (339.2, 372.8), (328.0, 372.8), (305.6, 372.8), (288.8, 372.8), (288.8, 372.8), (288.8, 372.8)]",0,2,17.97
speedrunner,bomberman,5,Bomb,8,0,23.91,0.35,"[(48.0, 48.0), (70.4, 50.8), (101.2, 50.8), (115.2, 67.6), (115.2, 95.6), (126.4, 115.2), (151.6, 115.2), (176.8, 120.8), (179.6, 126.4), (179.6, 126.4), (179.6, 126.4), (179.6, 126.4), (179.6, 126.4), (179.6, 126.4), (179.6, 126.4), (179.6, 126.4), (179.6, 126.4), (179.6, 126.4), (179.6, 126.4), (179.6, 126.4), (179.6, 126.4), (179.6, 126.4), (179.6, 126.4), (179.6, 129.2), (176.8, 129.2), (179.6, 126.4), (174.0, 126.4), (174.0, 126.4), (174.0, 126.4), (174.0, 126.4), (174.0, 126.4), (174.0, 126.4), (174.0, 126.4), (174.0, 126.4), (174.0, 126.4), (174.0, 126.4)]",0,0,4.68
speedrunner,bomberman,5,Bomb,5,0,23.91,0.35,"[(48.0, 48.0), (70.4, 50.8), (101.2, 50.8), (115.2, 67.6), (115.2, 95.6), (126.4, 115.2), (151.6, 115.2), (176.8, 120.8), (179.6, 126.4), (179.6, 126.4), (179.6, 126.4), (179.6, 126.4), (179.6, 126.4), (179.6, 126.4), (179.6, 126.4), (179.6, 126.4), (179.6, 126.4), (179.6, 126.4), (179.6, 126.4), (179.6, 126.4), (179.6, 126.4), (179.6, 126.4), (179.6, 126.4), (179.6, 126.4), (179.6, 126.4), (179.6, 126.4), (179.6, 126.4), (179.6, 126.4), (179.6, 126.4), (179.6, 126.4), (179.6, 126.4), (174.0, 126.4), (174.0, 126.4), (174.0, 126.4), (174.0, 126.4), (174.0, 126.4)]",0,0,4.68
speedrunner,bomberman,5,Bomb,80,0,19.44,0.8,"[(48.0, 48.0), (70.4, 50.8), (101.2, 50.8), (115.2, 67.6), (115.2, 95.6), (126.4, 115.2), (151.6, 115.2), (176.8, 120.8), (179.6, 143.2), (179.6, 171.2), (199.2, 179.6), (227.2, 179.6), (244.0, 193.6), (244.0, 218.8), (249.6, 244.0), (272.0, 244.0), (300.0, 246.8), (308.4, 269.2), (308.4, 291.6), (308.4, 314.0), (308.4, 336.4), (308.4, 353.2), (308.4, 353.2), (308.4, 353.2), (308.4, 353.2), (308.4, 353.2), (308.4, 353.2), (308.4, 353.2), (308.4, 353.2), (308.4, 353.2), (308.4, 353.2), (308.4, 353.2), (308.4, 353.2), (308.4, 353.2), (305.6, 353.2), (305.6, 353.2), (305.6, 347.6), (300.0, 344.8), (300.0, 330.8), (308.4, 302.8), (308.4, 297.2), (308.4, 297.2), (308.4, 297.2), (308.4, 297.2), (308.4, 297.2), (308.4, 291.6), (308.4, 286.0), (308.4, 286.0), (308.4, 286.0), (308.4, 286.0), (308.4, 286.0), (308.4, 286.0), (308.4, 286.0), (308.4, 286.0), (308.4, 286.0), (308.4, 286.0), (308.4, 286.0), (308.4, 286.0), (308.4, 286.0), (308.4, 286.0), (308.4, 286.0), (308.4, 286.0), (308.4, 286.0), (308.4, 286.0), (308.4, 286.0), (308.4, 300.0), (308.4, 300.0), (308.4, 300.0), (308.4, 300.0), (308.4, 300.0), (308.4, 300.0), (308.4, 300.0), (308.4, 300.0), (308.4, 300.0), (308.4, 300.0), (308.4, 300.0), (308.4, 300.0), (308.4, 300.0), (308.4, 300.0), (308.4, 300.0), (308.4, 300.0), (308.4, 300.0), (308.4, 300.0), (308.4, 300.0), (308.4, 300.0), (308.4, 300.0), (308.4, 300.0), (308.4, 300.0), (308.4, 300.0), (308.4, 300.0), (308.4, 300.0)]",0,1,12.1
speedrunner,bomberman,5,Bomb,74,0,26.93,0.85,"[(48.0, 48.0), (70.4, 50.8), (101.2, 50.8), (115.2, 67.6), (115.2, 95.6), (126.4, 115.2), (151.6, 115.2), (176.8, 118.0), (179.6, 129.2), (179.6, 129.2), (179.6, 129.2), (179.6, 129.2), (179.6, 129.2), (179.6, 134.8), (179.6, 162.8), (190.8, 179.6), (216.0, 179.6), (241.2, 185.2), (244.0, 207.6), (244.0, 235.6), (263.6, 244.0), (291.6, 244.0), (308.4, 260.8), (308.4, 283.2), (308.4, 305.6), (302.8, 328.0), (302.8, 356.0), (308.4, 367.2), (308.4, 367.2), (308.4, 367.2), (308.4, 367.2), (308.4, 367.2), (308.4, 367.2), (308.4, 367.2), (308.4, 367.2), (308.4, 367.2), (308.4, 367.2), (308.4, 367.2), (308.4, 367.2), (308.4, 367.2), (308.4, 361.6), (308.4, 361.6), (308.4, 361.6), (308.4, 356.0), (308.4, 350.4), (300.0, 344.8), (300.0, 339.2), (302.8, 322.4), (302.8, 322.4), (302.8, 322.4), (302.8, 322.4), (302.8, 322.4), (302.8, 322.4), (302.8, 322.4), (302.8, 322.4), (302.8, 322.4), (302.8, 322.4), (302.8, 322.4), (302.8, 322.4), (302.8, 322.4), (302.8, 322.4), (302.8, 322.4), (302.8, 322.4), (302.8, 322.4), (302.8, 322.4), (308.4, 311.2)]",0,1,8.73
speedrunner,bomberman,5,Bomb,58,0,12.91,0.95,"[(48.0, 48.0), (70.4, 50.8), (101.2, 50.8), (115.2, 67.6), (115.2, 95.6), (126.4, 115.2), (151.6, 115.2), (176.8, 120.8), (179.6, 143.2), (179.6, 171.2), (199.2, 179.6), (227.2, 179.6), (244.0, 193.6), (244.0, 218.8), (249.6, 244.0), (272.0, 244.0), (300.0, 246.8), (308.4, 269.2), (308.4, 291.6), (308.4, 314.0), (308.4, 336.4), (308.4, 358.8), (308.4, 370.0), (308.4, 370.0), (308.4, 370.0), (308.4, 370.0), (308.4, 370.0), (308.4, 370.0), (308.4, 370.0), (308.4, 370.0), (308.4, 370.0), (308.4, 370.0), (308.4, 370.0), (308.4, 370.0), (308.4, 370.0), (308.4, 370.0), (308.4, 370.0), (308.4, 370.0), (308.4, 370.0), (308.4, 364.4), (308.4, 364.4), (308.4, 358.8), (308.4, 358.8), (308.4, 353.2), (300.0, 336.4), (300.0, 319.6), (300.0, 319.6), (300.0, 319.6), (300.0, 319.6), (300.0, 319.6), (300.0, 319.6), (300.0, 319.6), (300.0, 319.6), (300.0, 319.6), (300.0, 319.6), (300.0, 319.6), (300.0, 319.6), (300.0, 319.6), (305.6, 319.6), (308.4, 314.0), (308.4, 308.4), (308.4, 302.8), (308.4, 302.8), (308.4, 297.2), (308.4, 297.2), (308.4, 297.2), (308.4, 314.0), (308.4, 302.8), (308.4, 302.8), (308.4, 302.8), (308.4, 325.2), (308.4, 353.2), (319.6, 372.8), (339.2, 372.8), (339.2, 372.8), (339.2, 372.8), (339.2, 372.8), (339.2, 372.8), (339.2, 372.8), (339.2, 372.8), (339.2, 372.8), (339.2, 372.8), (339.2, 372.8), (339.2, 372.8), (339.2, 372.8), (339.2, 372.8), (339.2, 372.8), (339.2, 372.8), (339.2, 372.8), (339.2, 372.8), (339.2, 372.8), (339.2, 372.8), (339.2, 372.8), (339.2, 372.8), (339.2, 372.8), (339.2, 372.8), (339.2, 372.8), (339.2, 372.8), (339.2, 372.8), (339.2, 372.8), (339.2, 372.8), (339.2, 372.8), (339.2, 372.8), (339.2, 372.8), (339.2, 372.8), (339.2, 372.8), (339.2, 372.8), (339.2, 372.8), (339.2, 372.8), (339.2, 372.8), (339.2, 372.8), (339.2, 372.8), (339.2, 372.8), (339.2, 372.8), (339.2, 372.8), (339.2, 372.8), (339.2, 372.8), (339.2, 372.8), (339.2, 372.8), (339.2, 372.8), (339.2, 372.8), (322.4, 372.8), (300.0, 372.8), (288.8, 372.8), (288.8, 372.8), (288.8, 372.8)]",0,3,16.7
speedrunner,bomberman,5,Bomb,60,0,13.18,0.95,"[(48.0, 48.0), (70.4, 50.8), (101.2, 50.8), (115.2, 62.0), (115.2, 62.0), (115.2, 62.0), (115.2, 62.0), (115.2, 62.0), (115.2, 62.0), (115.2, 62.0), (115.2, 62.0), (115.2, 62.0), (115.2, 62.0), (115.2, 62.0), (115.2, 62.0), (115.2, 62.0), (115.2, 67.6), (115.2, 95.6), (126.4, 115.2), (151.6, 115.2), (176.8, 120.8), (179.6, 126.4), (179.6, 126.4), (179.6, 126.4), (179.6, 126.4), (179.6, 126.4), (179.6, 126.4), (179.6, 126.4), (179.6, 126.4), (179.6, 126.4), (179.6, 126.4), (179.6, 126.4), (179.6, 143.2), (179.6, 171.2), (199.2, 179.6), (227.2, 179.6), (244.0, 193.6), (244.0, 218.8), (249.6, 244.0), (272.0, 244.0), (300.0, 246.8), (308.4, 269.2), (308.4, 291.6), (308.4, 314.0), (308.4, 336.4), (308.4, 358.8), (308.4, 372.8), (308.4, 372.8), (308.4, 372.8), (308.4, 372.8), (308.4, 372.8), (308.4, 372.8), (308.4, 372.8), (308.4, 372.8), (308.4, 372.8), (308.4, 372.8), (308.4, 372.8), (308.4, 372.8), (308.4, 372.8), (308.4, 372.8), (308.4, 372.8), (308.4, 372.8), (308.4, 372.8), (308.4, 372.8), (308.4, 372.8), (308.4, 372.8), (308.4, 372.8), (308.4, 367.2), (308.4, 367.2), (308.4, 367.2), (308.4, 361.6), (308.4, 361.6), (308.4, 356.0), (300.0, 339.2), (302.8, 322.4), (302.8, 322.4), (302.8, 322.4), (300.0, 316.8), (300.0, 322.4), (300.0, 319.6), (300.0, 316.8), (300.0, 322.4), (300.0, 319.6), (300.0, 316.8), (300.0, 322.4), (300.0, 319.6), (300.0, 316.8), (300.0, 311.2), (300.0, 311.2), (291.6, 305.6), (286.0, 305.6), (286.0, 305.6), (286.0, 308.4), (286.0, 308.4), (286.0, 308.4), (286.0, 305.6), (308.4, 319.6), (308.4, 342.0), (314.0, 370.0), (336.4, 372.8), (339.2, 372.8), (339.2, 372.8), (339.2, 372.8), (339.2, 372.8), (339.2, 372.8), (339.2, 372.8), (339.2, 372.8), (339.2, 372.8), (339.2, 372.8), (339.2, 372.8), (339.2, 372.8), (339.2, 372.8), (339.2, 372.8), (339.2, 372.8), (339.2, 372.8), (339.2, 372.8), (339.2, 372.8), (339.2, 372.8), (339.2, 372.8), (339.2, 372.8), (339.2, 372.8), (339.2, 372.8), (339.2, 372.8), (339.2, 372.8), (339.2, 372.8), (339.2, 372.8), (339.2, 372.8), (339.2, 372.8), (339.2, 372.8), (339.2, 372.8), (339.2, 372.8), (339.2, 372.8), (339.2, 372.8), (339.2, 372.8), (339.2, 372.8), (339.2, 372.8), (339.2, 372.8), (339.2, 372.8), (339.2, 372.8), (339.2, 372.8), (339.2, 372.8), (339.2, 372.8), (339.2, 372.8), (339.2, 372.8), (339.2, 372.8), (339.2, 372.8), (339.2, 372.8), (339.2, 372.8), (339.2, 372.8), (339.2, 372.8), (339.2, 372.8), (339.2, 372.8)]",0,3,20.18
speedrunner,bomberman,5,Bomb,56,0,15.01,0.95,"[(48.0, 48.0), (70.4, 50.8), (101.2, 50.8), (115.2, 67.6), (115.2, 95.6), (126.4, 115.2), (151.6, 115.2), (176.8, 120.8), (179.6, 126.4), (179.6, 132.0), (179.6, 160.0), (188.0, 179.6), (210.4, 179.6), (238.4, 182.4), (244.0, 204.8), (244.0, 232.8), (260.8, 244.0), (288.8, 244.0), (308.4, 258.0), (308.4, 280.4), (308.4, 302.8), (308.4, 325.2), (308.4, 347.6), (308.4, 370.0), (308.4, 372.8), (308.4, 372.8), (308.4, 372.8), (308.4, 372.8), (308.4, 372.8), (308.4, 372.8), (308.4, 372.8), (308.4, 372.8), (308.4, 372.8), (308.4, 372.8), (308.4, 372.8), (308.4, 372.8), (308.4, 372.8), (308.4, 372.8), (308.4, 367.2), (308.4, 367.2), (308.4, 367.2), (308.4, 361.6), (308.4, 361.6), (308.4, 361.6), (302.8, 344.8), (302.8, 322.4), (302.8, 322.4), (302.8, 322.4), (302.8, 322.4), (302.8, 322.4), (302.8, 322.4), (302.8, 322.4), (302.8, 322.4), (302.8, 322.4), (302.8, 322.4), (302.8, 322.4), (302.8, 322.4), (302.8, 322.4), (302.8, 316.8), (308.4, 311.2), (308.4, 311.2), (308.4, 305.6), (308.4, 305.6), (308.4, 305.6), (308.4, 294.4), (308.4, 294.4), (294.4, 308.4), (294.4, 308.4), (294.4, 308.4), (300.0, 311.2), (308.4, 333.6), (308.4, 361.6), (328.0, 372.8), (339.2, 372.8), (339.2, 372.8), (339.2, 372.8), (339.2, 372.8), (339.2, 372.8), (339.2, 372.8), (339.2, 372.8), (339.2, 372.8), (339.2, 372.8), (339.2, 372.8), (339.2, 372.8), (339.2, 372.8), (339.2, 372.8), (339.2, 372.8), (339.2, 372.8), (339.2, 372.8), (339.2, 372.8), (339.2, 372.8), (339.2, 372.8), (339.2, 372.8), (339.2, 372.8), (339.2, 372.8), (339.2, 372.8), (339.2, 372.8), (339.2, 372.8), (339.2, 372.8), (339.2, 372.8), (339.2, 372.8), (339.2, 372.8), (339.2, 372.8), (339.2, 372.8), (339.2, 372.8), (339.2, 372.8), (339.2, 372.8), (339.2, 372.8), (339.2, 372.8), (339.2, 372.8), (339.2, 372.8), (339.2, 372.8), (339.2, 372.8), (339.2, 372.8), (339.2, 372.8), (339.2, 372.8), (339.2, 372.8), (339.2, 372.8), (339.2, 372.8), (339.2, 372.8), (339.2, 372.8), (339.2, 372.8), (339.2, 372.8), (339.2, 372.8), (339.2, 372.8), (339.2, 372.8), (339.2, 372.8), (339.2, 372.8), (339.2, 372.8)]",0,3,17.17
speedrunner,bomberman,5,Bomb,35,0,15.94,0.95,"[(48.0, 48.0), (70.4, 50.8), (101.2, 50.8), (115.2, 67.6), (115.2, 95.6), (126.4, 115.2), (151.6, 115.2), (176.8, 120.8), (179.6, 143.2), (179.6, 171.2), (199.2, 179.6), (227.2, 179.6), (244.0, 193.6), (244.0, 218.8), (249.6, 244.0), (272.0, 244.0), (300.0, 246.8), (308.4, 269.2), (308.4, 291.6), (308.4, 314.0), (308.4, 336.4), (308.4, 358.8), (308.4, 372.8), (308.4, 372.8), (308.4, 372.8), (308.4, 372.8), (308.4, 372.8), (308.4, 372.8), (308.4, 372.8), (308.4, 372.8), (308.4, 372.8), (308.4, 372.8), (308.4, 372.8), (308.4, 372.8), (308.4, 372.8), (308.4, 372.8), (308.4, 372.8), (308.4, 372.8), (308.4, 372.8), (308.4, 372.8), (308.4, 372.8), (308.4, 372.8), (308.4, 372.8), (308.4, 372.8), (308.4, 370.0), (308.4, 370.0), (308.4, 370.0), (308.4, 364.4), (308.4, 358.8), (308.4, 358.8), (305.6, 347.6), (300.0, 319.6), (300.0, 319.6), (300.0, 319.6), (300.0, 319.6), (300.0, 319.6), (300.0, 319.6), (300.0, 319.6), (300.0, 319.6), (305.6, 319.6), (308.4, 314.0), (308.4, 308.4), (308.4, 302.8), (308.4, 302.8), (308.4, 297.2), (308.4, 297.2), (308.4, 314.0), (308.4, 314.0), (308.4, 314.0), (308.4, 314.0), (308.4, 336.4), (308.4, 364.4), (330.8, 372.8), (339.2, 372.8), (339.2, 372.8), (339.2, 372.8), (339.2, 372.8), (339.2, 372.8), (339.2, 372.8), (339.2, 372.8), (339.2, 372.8), (339.2, 372.8), (339.2, 372.8), (339.2, 372.8), (339.2, 372.8), (339.2, 372.8), (339.2, 372.8), (339.2, 372.8), (339.2, 372.8), (339.2, 372.8), (339.2, 372.8), (339.2, 372.8), (339.2, 372.8), (339.2, 372.8), (339.2, 372.8), (339.2, 372.8), (339.2, 372.8), (339.2, 372.8), (339.2, 372.8), (339.2, 372.8), (339.2, 372.8), (339.2, 372.8), (339.2, 372.8), (339.2, 372.8), (339.2, 372.8), (339.2, 372.8), (339.2, 372.8), (339.2, 372.8), (339.2, 372.8), (339.2, 372.8), (339.2, 372.8), (339.2, 372.8), (339.2, 372.8), (339.2, 372.8), (339.2, 372.8), (339.2, 372.8), (339.2, 372.8), (339.2, 372.8), (339.2, 372.8), (339.2, 372.8), (339.2, 372.8), (339.2, 372.8), (339.2, 372.8), (339.2, 372.8), (339.2, 372.8), (339.2, 372.8)]",0,3,16.68
speedrunner,bomberman,5,Bomb,34,0,13.35,0.95,"[(48.0, 48.0), (70.4, 50.8), (101.2, 50.8), (115.2, 67.6), (115.2, 95.6), (126.4, 115.2), (151.6, 115.2), (176.8, 120.8), (179.6, 143.2), (179.6, 171.2), (199.2, 179.6), (227.2, 179.6), (244.0, 193.6), (244.0, 218.8), (249.6, 244.0), (272.0, 244.0), (300.0, 246.8), (308.4, 269.2), (308.4, 291.6), (308.4, 314.0), (308.4, 336.4), (308.4, 364.4), (308.4, 370.0), (308.4, 370.0), (308.4, 370.0), (308.4, 370.0), (308.4, 370.0), (308.4, 370.0), (308.4, 370.0), (308.4, 370.0), (308.4, 370.0), (308.4, 370.0), (308.4, 370.0), (308.4, 370.0), (308.4, 370.0), (308.4, 370.0), (308.4, 370.0), (308.4, 364.4), (308.4, 358.8), (308.4, 358.8), (308.4, 358.8), (308.4, 353.2), (305.6, 347.6), (300.0, 342.0), (300.0, 319.6), (300.0, 319.6), (300.0, 319.6), (300.0, 319.6), (300.0, 319.6), (308.4, 314.0), (308.4, 314.0), (308.4, 314.0), (308.4, 308.4), (308.4, 302.8), (308.4, 302.8), (308.4, 297.2), (308.4, 297.2), (308.4, 297.2), (308.4, 286.0), (308.4, 286.0), (308.4, 286.0), (308.4, 291.6), (308.4, 300.0), (308.4, 300.0), (308.4, 300.0), (308.4, 314.0), (308.4, 336.4), (308.4, 364.4), (330.8, 370.0), (339.2, 372.8), (339.2, 372.8), (339.2, 372.8), (339.2, 372.8), (339.2, 372.8), (339.2, 372.8), (339.2, 372.8), (339.2, 372.8), (339.2, 372.8), (339.2, 372.8), (339.2, 372.8), (339.2, 372.8), (339.2, 372.8), (339.2, 372.8), (339.2, 372.8), (339.2, 372.8), (339.2, 372.8), (339.2, 372.8), (339.2, 372.8), (339.2, 372.8), (339.2, 372.8), (339.2, 372.8), (339.2, 372.8), (339.2, 372.8), (339.2, 372.8), (339.2, 372.8), (339.2, 372.8), (339.2, 372.8), (339.2, 372.8), (339.2, 372.8), (339.2, 372.8), (339.2, 372.8), (339.2, 372.8), (339.2, 372.8), (339.2, 372.8), (339.2, 372.8), (339.2, 372.8), (339.2, 372.8), (339.2, 372.8), (339.2, 372.8), (339.2, 372.8), (339.2, 372.8), (339.2, 372.8), (339.2, 372.8), (339.2, 372.8), (339.2, 372.8), (339.2, 372.8), (339.2, 372.8), (339.2, 372.8), (336.4, 372.8), (314.0, 372.8), (291.6, 372.8), (286.0, 372.8)]",0,2,16.15
speedrunner,bomberman,5,Bomb,38,0,12.0,0.95,"[(48.0, 48.0), (70.4, 50.8), (101.2, 50.8), (115.2, 67.6), (115.2, 95.6), (126.4, 115.2), (151.6, 115.2), (176.8, 120.8), (179.6, 143.2), (179.6, 171.2), (199.2, 179.6), (227.2, 179.6), (244.0, 193.6), (244.0, 218.8), (249.6, 244.0), (272.0, 244.0), (300.0, 246.8), (308.4, 269.2), (308.4, 291.6), (308.4, 314.0), (308.4, 336.4), (308.4, 358.8), (308.4, 372.8), (308.4, 372.8), (308.4, 372.8), (308.4, 372.8), (308.4, 372.8), (308.4, 372.8), (308.4, 372.8), (308.4, 372.8), (308.4, 372.8), (308.4, 372.8), (308.4, 372.8), (308.4, 372.8), (308.4, 372.8), (308.4, 372.8), (308.4, 372.8), (308.4, 372.8), (308.4, 372.8), (308.4, 372.8), (308.4, 372.8), (308.4, 372.8), (308.4, 372.8), (308.4, 372.8), (308.4, 372.8), (308.4, 372.8), (308.4, 372.8), (308.4, 372.8), (308.4, 372.8), (308.4, 372.8), (308.4, 372.8), (308.4, 372.8), (308.4, 372.8), (308.4, 370.0), (308.4, 364.4), (308.4, 358.8), (308.4, 353.2), (300.0, 330.8), (300.0, 319.6), (300.0, 319.6), (300.0, 319.6), (300.0, 319.6), (300.0, 319.6), (300.0, 319.6), (300.0, 319.6), (300.0, 319.6), (308.4, 314.0), (308.4, 308.4), (308.4, 302.8), (308.4, 302.8), (308.4, 297.2), (308.4, 291.6), (308.4, 286.0), (308.4, 286.0), (308.4, 286.0), (308.4, 291.6), (308.4, 291.6), (308.4, 286.0), (308.4, 286.0), (308.4, 302.8), (308.4, 325.2), (308.4, 353.2), (319.6, 372.8), (339.2, 372.8), (339.2, 372.8), (339.2, 372.8), (339.2, 372.8), (339.2, 372.8), (339.2, 372.8), (339.2, 372.8), (339.2, 372.8), (339.2, 372.8), (339.2, 372.8), (339.2, 372.8), (339.2, 372.8), (339.2, 372.8), (339.2, 372.8), (339.2, 372.8), (339.2, 372.8), (339.2, 372.8), (339.2, 372.8), (339.2, 372.8), (339.2, 372.8), (339.2, 372.8), (339.2, 372.8), (339.2, 372.8), (339.2, 372.8), (339.2, 372.8), (339.2, 372.8), (339.2, 372.8), (339.2, 372.8), (339.2, 372.8), (339.2, 372.8), (339.2, 372.8), (339.2, 372.8), (339.2, 372.8), (339.2, 372.8), (339.2, 372.8), (339.2, 372.8), (339.2, 372.8), (339.2, 372.8), (339.2, 372.8), (339.2, 372.8), (339.2, 372.8), (339.2, 372.8), (339.2, 372.8), (339.2, 372.8), (339.2, 372.8), (339.2, 372.8), (339.2, 372.8), (328.0, 372.8), (305.6, 372.8), (288.8, 372.8), (288.8, 372.8), (288.8, 372.8)]",0,2,17.97
speedrunner,bomberman,5,Bomb,3,0,28.46,0.85,"[(48.0, 48.0), (70.4, 50.8), (101.2, 50.8), (123.6, 50.8), (146.0, 50.8), (174.0, 50.8), (196.4, 50.8), (224.4, 50.8), (246.8, 50.8), (269.2, 50.8), (297.2, 50.8), (319.6, 50.8), (344.8, 50.8), (370.0, 50.8), (392.4, 50.8), (420.4, 50.8), (434.4, 50.8), (434.4, 50.8), (434.4, 50.8), (434.4, 50.8), (434.4, 50.8), (434.4, 50.8), (434.4, 50.8), (434.4, 50.8), (434.4, 50.8), (434.4, 50.8), (434.4, 50.8), (434.4, 50.8), (434.4, 50.8), (434.4, 50.8), (434.4, 50.8), (434.4, 53.6), (434.4, 56.4), (434.4, 78.8), (434.4, 101.2), (434.4, 123.6), (434.4, 146.0), (434.4, 168.4), (434.4, 190.8), (434.4, 213.2), (434.4, 235.6), (434.4, 258.0), (434.4, 280.4), (434.4, 302.8), (434.4, 325.2), (434.4, 347.6), (434.4, 370.0), (434.4, 372.8), (434.4, 372.8), (434.4, 372.8), (434.4, 372.8), (434.4, 372.8), (434.4, 372.8), (434.4, 372.8), (434.4, 372.8), (434.4, 372.8), (434.4, 372.8), (434.4, 372.8), (434.4, 372.8), (434.4, 372.8), (434.4, 372.8), (434.4, 372.8), (434.4, 367.2), (434.4, 361.6), (434.4, 350.4), (434.4, 350.4), (434.4, 350.4), (434.4, 350.4), (434.4, 350.4), (434.4, 350.4), (434.4, 350.4), (428.8, 350.4), (428.8, 350.4), (428.8, 350.4), (428.8, 350.4), (428.8, 350.4), (428.8, 350.4), (428.8, 350.4), (428.8, 350.4), (428.8, 350.4), (428.8, 350.4), (428.8, 350.4), (428.8, 350.4), (428.8, 350.4), (428.8, 350.4), (428.8, 350.4), (428.8, 350.4), (428.8, 350.4), (428.8, 350.4), (428.8, 350.4), (428.8, 350.4)]",0,1,12.1
speedrunner,bomberman,5,Bomb,56,0,15.38,0.95,"[(48.0, 48.0), (70.4, 50.8), (101.2, 50.8), (115.2, 67.6), (115.2, 95.6), (126.4, 115.2), (151.6, 115.2), (176.8, 120.8), (179.6, 143.2), (179.6, 171.2), (199.2, 179.6), (227.2, 179.6), (244.0, 193.6), (244.0, 218.8), (249.6, 244.0), (272.0, 244.0), (300.0, 246.8), (308.4, 269.2), (308.4, 291.6), (308.4, 314.0), (308.4, 336.4), (308.4, 358.8), (308.4, 372.8), (308.4, 372.8), (308.4, 372.8), (308.4, 372.8), (308.4, 372.8), (308.4, 372.8), (308.4, 372.8), (308.4, 372.8), (308.4, 372.8), (308.4, 372.8), (308.4, 372.8), (308.4, 372.8), (308.4, 372.8), (308.4, 372.8), (308.4, 372.8), (308.4, 372.8), (308.4, 372.8), (308.4, 372.8), (308.4, 372.8), (308.4, 372.8), (308.4, 372.8), (308.4, 372.8), (308.4, 367.2), (308.4, 367.2), (308.4, 361.6), (308.4, 356.0), (308.4, 339.2), (308.4, 322.4), (308.4, 322.4), (308.4, 322.4), (308.4, 322.4), (308.4, 322.4), (308.4, 322.4), (308.4, 322.4), (308.4, 322.4), (308.4, 322.4), (308.4, 322.4), (308.4, 322.4), (308.4, 322.4), (308.4, 322.4), (308.4, 311.2), (308.4, 311.2), (308.4, 305.6), (308.4, 305.6), (308.4, 294.4), (308.4, 294.4), (308.4, 288.8), (308.4, 288.8), (308.4, 294.4), (308.4, 294.4), (308.4, 288.8), (308.4, 288.8), (308.4, 300.0), (308.4, 322.4), (308.4, 347.6), (316.8, 372.8), (339.2, 372.8), (339.2, 372.8), (339.2, 372.8), (339.2, 372.8), (339.2, 372.8), (339.2, 372.8), (339.2, 372.8), (339.2, 372.8), (339.2, 372.8), (339.2, 372.8), (339.2, 372.8), (339.2, 372.8), (339.2, 372.8), (339.2, 372.8), (339.2, 372.8), (339.2, 372.8), (339.2, 372.8), (339.2, 372.8), (339.2, 372.8), (339.2, 372.8), (339.2, 372.8), (339.2, 372.8), (339.2, 372.8), (339.2, 372.8), (339.2, 372.8), (339.2, 372.8), (339.2, 372.8), (339.2, 372.8), (339.2, 372.8), (339.2, 372.8), (339.2, 372.8), (339.2, 372.8), (339.2, 372.8), (339.2, 372.8), (339.2, 372.8), (339.2, 372.8), (339.2, 372.8), (339.2, 372.8), (339.2, 372.8), (339.2, 372.8), (339.2, 372.8), (339.2, 372.8), (339.2, 372.8), (339.2, 372.8), (339.2, 372.8), (339.2, 372.8), (339.2, 372.8), (339.2, 372.8), (339.2, 372.8), (339.2, 372.8), (339.2, 372.8), (339.2, 372.8)]",0,3,17.3
speedrunner,bomberman,5,Bomb,2,0,23.91,0.35,"[(48.0, 48.0), (70.4, 50.8), (101.2, 50.8), (115.2, 67.6), (115.2, 95.6), (126.4, 115.2), (151.6, 115.2), (176.8, 120.8), (179.6, 126.4), (179.6, 126.4), (179.6, 126.4), (179.6, 126.4), (179.6, 126.4), (179.6, 126.4), (179.6, 126.4), (179.6, 126.4), (179.6, 126.4), (179.6, 126.4), (179.6, 126.4), (179.6, 126.4), (179.6, 126.4), (179.6, 126.4), (179.6, 126.4), (179.6, 126.4), (176.8, 126.4), (174.0, 126.4), (174.0, 126.4), (174.0, 126.4), (174.0, 126.4), (174.0, 126.4), (174.0, 126.4), (174.0, 126.4), (174.0, 126.4), (174.0, 126.4), (174.0, 126.4), (174.0, 126.4)]",0,0,4.68
speedrunner,bomberman,5,Bomb,40,0,15.94,0.95,"[(48.0, 48.0), (70.4, 50.8), (101.2, 50.8), (115.2, 67.6), (115.2, 95.6), (126.4, 115.2), (151.6, 115.2), (176.8, 120.8), (179.6, 143.2), (179.6, 171.2), (199.2, 179.6), (227.2, 179.6), (244.0, 193.6), (244.0, 218.8), (249.6, 244.0), (272.0, 244.0), (300.0, 246.8), (308.4, 269.2), (308.4, 291.6), (308.4, 314.0), (308.4, 336.4), (308.4, 358.8), (308.4, 370.0), (308.4, 370.0), (308.4, 370.0), (308.4, 370.0), (308.4, 370.0), (308.4, 370.0), (308.4, 370.0), (308.4, 370.0), (308.4, 370.0), (308.4, 370.0), (308.4, 370.0), (308.4, 370.0), (308.4, 370.0), (308.4, 370.0), (308.4, 370.0), (308.4, 370.0), (308.4, 370.0), (308.4, 370.0), (308.4, 370.0), (308.4, 370.0), (308.4, 370.0), (308.4, 370.0), (308.4, 364.4), (308.4, 358.8), (308.4, 358.8), (308.4, 353.2), (300.0, 330.8), (300.0, 319.6), (300.0, 319.6), (300.0, 319.6), (300.0, 319.6), (300.0, 319.6), (300.0, 319.6), (300.0, 319.6), (300.0, 319.6), (300.0, 319.6), (308.4, 314.0), (308.4, 314.0), (308.4, 308.4), (308.4, 302.8), (308.4, 302.8), (308.4, 302.8), (308.4, 297.2), (308.4, 297.2), (308.4, 314.0), (308.4, 314.0), (308.4, 314.0), (308.4, 314.0), (308.4, 336.4), (308.4, 364.4), (330.8, 372.8), (339.2, 372.8), (339.2, 372.8), (339.2, 372.8), (339.2, 372.8), (339.2, 372.8), (339.2, 372.8), (339.2, 372.8), (339.2, 372.8), (339.2, 372.8), (339.2, 372.8), (339.2, 372.8), (339.2, 372.8), (339.2, 372.8), (339.2, 372.8), (339.2, 372.8), (339.2, 372.8), (339.2, 372.8), (339.2, 372.8), (339.2, 372.8), (339.2, 372.8), (339.2, 372.8), (339.2, 372.8), (339.2, 372.8), (339.2, 372.8), (339.2, 372.8), (339.2, 372.8), (339.2, 372.8), (339.2, 372.8), (339.2, 372.8), (339.2, 372.8), (339.2, 372.8), (339.2, 372.8), (339.2, 372.8), (339.2, 372.8), (339.2, 372.8), (339.2, 372.8), (339.2, 372.8), (339.2, 372.8), (339.2, 372.8), (339.2, 372.8), (339.2, 372.8), (339.2, 372.8), (339.2, 372.8), (339.2, 372.8), (339.2, 372.8), (339.2, 372.8), (339.2, 372.8), (339.2, 372.8), (339.2, 372.8), (339.2, 372.8), (339.2, 372.8), (339.2, 372.8), (339.2, 372.8)]",0,3,16.68
speedrunner,bomberman,5,Bomb,58,0,12.91,0.95,"[(48.0, 48.0), (70.4, 50.8), (101.2, 50.8), (115.2, 67.6), (115.2, 95.6), (126.4, 115.2), (151.6, 115.2), (176.8, 120.8), (179.6, 143.2), (179.6, 171.2), (199.2, 179.6), (227.2, 179.6), (244.0, 193.6), (244.0, 218.8), (249.6, 244.0), (272.0, 244.0), (300.0, 246.8), (308.4, 269.2), (308.4, 291.6), (308.4, 314.0), (308.4, 336.4), (308.4, 358.8), (308.4, 370.0), (308.4, 370.0), (308.4, 370.0), (308.4, 370.0), (308.4, 370.0), (308.4, 370.0), (308.4, 370.0), (308.4, 370.0), (308.4, 370.0), (308.4, 370.0), (308.4, 370.0), (308.4, 370.0), (308.4, 370.0), (308.4, 370.0), (308.4, 370.0), (308.4, 370.0), (308.4, 370.0), (308.4, 364.4), (308.4, 364.4), (308.4, 358.8), (308.4, 358.8), (308.4, 353.2), (300.0, 336.4), (300.0, 319.6), (300.0, 319.6), (300.0, 319.6), (300.0, 319.6), (300.0, 319.6), (300.0, 319.6), (300.0, 319.6), (300.0, 319.6), (300.0, 319.6), (300.0, 319.6), (300.0, 319.6), (300.0, 319.6), (300.0, 319.6), (305.6, 319.6), (308.4, 314.0), (308.4, 308.4), (308.4, 302.8), (308.4, 302.8), (308.4, 297.2), (308.4, 297.2), (308.4, 297.2), (308.4, 314.0), (308.4, 302.8), (308.4, 302.8), (308.4, 302.8), (308.4, 325.2), (308.4, 353.2), (319.6, 372.8), (339.2, 372.8), (339.2, 372.8), (339.2, 372.8), (339.2, 372.8), (339.2, 372.8), (339.2, 372.8), (339.2, 372.8), (339.2, 372.8), (339.2, 372.8), (339.2, 372.8), (339.2, 372.8), (339.2, 372.8), (339.2, 372.8), (339.2, 372.8), (339.2, 372.8), (339.2, 372.8), (339.2, 372.8), (339.2, 372.8), (339.2, 372.8), (339.2, 372.8), (339.2, 372.8), (339.2, 372.8), (339.2, 372.8), (339.2, 372.8), (339.2, 372.8), (339.2, 372.8), (339.2, 372.8), (339.2, 372.8), (339.2, 372.8), (339.2, 372.8), (339.2, 372.8), (339.2, 372.8), (339.2, 372.8), (339.2, 372.8), (339.2, 372.8), (339.2, 372.8), (339.2, 372.8), (339.2, 372.8), (339.2, 372.8), (339.2, 372.8), (339.2, 372.8), (339.2, 372.8), (339.2, 372.8), (339.2, 372.8), (339.2, 372.8), (339.2, 372.8), (339.2, 372.8), (339.2, 372.8), (322.4, 372.8), (300.0, 372.8), (288.8, 372.8), (288.8, 372.8), (288.8, 372.8)]",0,3,16.7
speedrunner,bomberman,5,Bomb,40,0,15.94,0.95,"[(48.0, 48.0), (70.4, 50.8), (101.2, 50.8), (115.2, 67.6), (115.2, 95.6), (126.4, 115.2), (151.6, 115.2), (176.8, 120.8), (179.6, 143.2), (179.6, 171.2), (199.2, 179.6), (227.2, 179.6), (244.0, 193.6), (244.0, 218.8), (249.6, 244.0), (272.0, 244.0), (300.0, 246.8), (308.4, 269.2), (308.4, 291.6), (308.4, 314.0), (308.4, 336.4), (308.4, 358.8), (308.4, 370.0), (308.4, 370.0), (308.4, 370.0), (308.4, 370.0), (308.4, 370.0), (308.4, 370.0), (308.4, 370.0), (308.4, 370.0), (308.4, 370.0), (308.4, 370.0), (308.4, 370.0), (308.4, 370.0), (308.4, 370.0), (308.4, 370.0), (308.4, 370.0), (308.4, 370.0), (308.4, 370.0), (308.4, 370.0), (308.4, 370.0), (308.4, 370.0), (308.4, 370.0), (308.4, 370.0), (308.4, 364.4), (308.4, 358.8), (308.4, 358.8), (308.4, 353.2), (300.0, 330.8), (300.0, 319.6), (300.0, 319.6), (300.0, 319.6), (300.0, 319.6), (300.0, 319.6), (300.0, 319.6), (300.0, 319.6), (300.0, 319.6), (300.0, 319.6), (308.4, 314.0), (308.4, 314.0), (308.4, 308.4), (308.4, 302.8), (308.4, 302.8), (308.4, 302.8), (308.4, 297.2), (308.4, 297.2), (308.4, 314.0), (308.4, 314.0), (308.4, 314.0), (308.4, 314.0), (308.4, 336.4), (308.4, 364.4), (330.8, 372.8), (339.2, 372.8), (339.2, 372.8), (339.2, 372.8), (339.2, 372.8), (339.2, 372.8), (339.2, 372.8), (339.2, 372.8), (339.2, 372.8), (339.2, 372.8), (339.2, 372.8), (339.2, 372.8), (339.2, 372.8), (339.2, 372.8), (339.2, 372.8), (339.2, 372.8), (339.2, 372.8), (339.2, 372.8), (339.2, 372.8), (339.2, 372.8), (339.2, 372.8), (339.2, 372.8), (339.2, 372.8), (339.2, 372.8), (339.2, 372.8), (339.2, 372.8), (339.2, 372.8), (339.2, 372.8), (339.2, 372.8), (339.2, 372.8), (339.2, 372.8), (339.2, 372.8), (339.2, 372.8), (339.2, 372.8), (339.2, 372.8), (339.2, 372.8), (339.2, 372.8), (339.2, 372.8), (339.2, 372.8), (339.2, 372.8), (339.2, 372.8), (339.2, 372.8), (339.2, 372.8), (339.2, 372.8), (339.2, 372.8), (339.2, 372.8), (339.2, 372.8), (339.2, 372.8), (339.2, 372.8), (339.2, 372.8), (339.2, 372.8), (339.2, 372.8), (339.2, 372.8), (339.2, 372.8)]",0,3,16.68
speedrunner,bomberman,5,Bomb,56,0,15.38,0.95,"[(48.0, 48.0), (70.4, 50.8), (101.2, 50.8), (115.2, 67.6), (115.2, 95.6), (126.4, 115.2), (151.6, 115.2), (176.8, 120.8), (179.6, 143.2), (179.6, 171.2), (199.2, 179.6), (227.2, 179.6), (244.0, 193.6), (244.0, 218.8), (249.6, 244.0), (272.0, 244.0), (300.0, 246.8), (308.4, 269.2), (308.4, 291.6), (308.4, 314.0), (308.4, 336.4), (308.4, 358.8), (308.4, 372.8), (308.4, 372.8), (308.4, 372.8), (308.4, 372.8), (308.4, 372.8), (308.4, 372.8), (308.4, 372.8), (308.4, 372.8), (308.4, 372.8), (308.4, 372.8), (308.4, 372.8), (308.4, 372.8), (308.4, 372.8), (308.4, 372.8), (308.4, 372.8), (308.4, 372.8), (308.4, 372.8), (308.4, 372.8), (308.4, 372.8), (308.4, 372.8), (308.4, 372.8), (308.4, 372.8), (308.4, 367.2), (308.4, 367.2), (308.4, 361.6), (308.4, 356.0), (308.4, 339.2), (308.4, 322.4), (308.4, 322.4), (308.4, 322.4), (308.4, 322.4), (308.4, 322.4), (308.4, 322.4), (308.4, 322.4), (308.4, 322.4), (308.4, 322.4), (308.4, 322.4), (308.4, 322.4), (308.4, 322.4), (308.4, 322.4), (308.4, 311.2), (308.4, 311.2), (308.4, 305.6), (308.4, 305.6), (308.4, 294.4), (308.4, 294.4), (308.4, 288.8), (308.4, 288.8), (308.4, 294.4), (308.4, 294.4), (308.4, 288.8), (308.4, 288.8), (308.4, 300.0), (308.4, 322.4), (308.4, 347.6), (316.8, 372.8), (339.2, 372.8), (339.2, 372.8), (339.2, 372.8), (339.2, 372.8), (339.2, 372.8), (339.2, 372.8), (339.2, 372.8), (339.2, 372.8), (339.2, 372.8), (339.2, 372.8), (339.2, 372.8), (339.2, 372.8), (339.2, 372.8), (339.2, 372.8), (339.2, 372.8), (339.2, 372.8), (339.2, 372.8), (339.2, 372.8), (339.2, 372.8), (339.2, 372.8), (339.2, 372.8), (339.2, 372.8), (339.2, 372.8), (339.2, 372.8), (339.2, 372.8), (339.2, 372.8), (339.2, 372.8), (339.2, 372.8), (339.2, 372.8), (339.2, 372.8), (339.2, 372.8), (339.2, 372.8), (339.2, 372.8), (339.2, 372.8), (339.2, 372.8), (339.2, 372.8), (339.2, 372.8), (339.2, 372.8), (339.2, 372.8), (339.2, 372.8), (339.2, 372.8), (339.2, 372.8), (339.2, 372.8), (339.2, 372.8), (339.2, 372.8), (339.2, 372.8), (339.2, 372.8), (339.2, 372.8), (339.2, 372.8), (339.2, 372.8), (339.2, 372.8), (339.2, 372.8)]",0,3,17.3
speedrunner,bomberman,5,Bomb,35,0,15.94,0.95,"[(48.0, 48.0), (70.4, 50.8), (101.2, 50.8), (115.2, 67.6), (115.2, 95.6), (126.4, 115.2), (151.6, 115.2), (176.8, 120.8), (179.6, 143.2), (179.6, 171.2), (199.2, 179.6), (227.2, 179.6), (244.0, 193.6), (244.0, 218.8), (249.6, 244.0), (272.0, 244.0), (300.0, 246.8), (308.4, 269.2), (308.4, 291.6), (308.4, 314.0), (308.4, 336.4), (308.4, 358.8), (308.4, 372.8), (308.4, 372.8), (308.4, 372.8), (308.4, 372.8), (308.4, 372.8), (308.4, 372.8), (308.4, 372.8), (308.4, 372.8), (308.4, 372.8), (308.4, 372.8), (308.4, 372.8), (308.4, 372.8), (308.4, 372.8), (308.4, 372.8), (308.4, 372.8), (308.4, 372.8), (308.4, 372.8), (308.4, 372.8), (308.4, 372.8), (308.4, 372.8), (308.4, 372.8), (308.4, 372.8), (308.4, 370.0), (308.4, 370.0), (308.4, 370.0), (308.4, 364.4), (308.4, 358.8), (308.4, 358.8), (305.6, 347.6), (300.0, 319.6), (300.0, 319.6), (300.0, 319.6), (300.0, 319.6), (300.0, 319.6), (300.0, 319.6), (300.0, 319.6), (300.0, 319.6), (305.6, 319.6), (308.4, 314.0), (308.4, 308.4), (308.4, 302.8), (308.4, 302.8), (308.4, 297.2), (308.4, 297.2), (308.4, 314.0), (308.4, 314.0), (308.4, 314.0), (308.4, 314.0), (308.4, 336.4), (308.4, 364.4), (330.8, 372.8), (339.2, 372.8), (339.2, 372.8), (339.2, 372.8), (339.2, 372.8), (339.2, 372.8), (339.2, 372.8), (339.2, 372.8), (339.2, 372.8), (339.2, 372.8), (339.2, 372.8), (339.2, 372.8), (339.2, 372.8), (339.2, 372.8), (339.2, 372.8), (339.2, 372.8), (339.2, 372.8), (339.2, 372.8), (339.2, 372.8), (339.2, 372.8), (339.2, 372.8), (339.2, 372.8), (339.2, 372.8), (339.2, 372.8), (339.2, 372.8), (339.2, 372.8), (339.2, 372.8), (339.2, 372.8), (339.2, 372.8), (339.2, 372.8), (339.2, 372.8), (339.2, 372.8), (339.2, 372.8), (339.2, 372.8), (339.2, 372.8), (339.2, 372.8), (339.2, 372.8), (339.2, 372.8), (339.2, 372.8), (339.2, 372.8), (339.2, 372.8), (339.2, 372.8), (339.2, 372.8), (339.2, 372.8), (339.2, 372.8), (339.2, 372.8), (339.2, 372.8), (339.2, 372.8), (339.2, 372.8), (339.2, 372.8), (339.2, 372.8), (339.2, 372.8), (339.2, 372.8), (339.2, 372.8)]",0,3,16.68
speedrunner,bomberman,5,Bomb,56,0,15.01,0.95,"[(48.0, 48.0), (70.4, 50.8), (101.2, 50.8), (115.2, 67.6), (115.2, 95.6), (126.4, 115.2), (151.6, 115.2), (176.8, 120.8), (179.6, 126.4), (179.6, 132.0), (179.6, 160.0), (188.0, 179.6), (210.4, 179.6), (238.4, 182.4), (244.0, 204.8), (244.0, 232.8), (260.8, 244.0), (288.8, 244.0), (308.4, 258.0), (308.4, 280.4), (308.4, 302.8), (308.4, 325.2), (308.4, 347.6), (308.4, 370.0), (308.4, 372.8), (308.4, 372.8), (308.4, 372.8), (308.4, 372.8), (308.4, 372.8), (308.4, 372.8), (308.4, 372.8), (308.4, 372.8), (308.4, 372.8), (308.4, 372.8), (308.4, 372.8), (308.4, 372.8), (308.4, 372.8), (308.4, 372.8), (308.4, 367.2), (308.4, 367.2), (308.4, 367.2), (308.4, 361.6), (308.4, 361.6), (308.4, 361.6), (302.8, 344.8), (302.8, 322.4), (302.8, 322.4), (302.8, 322.4), (302.8, 322.4), (302.8, 322.4), (302.8, 322.4), (302.8, 322.4), (302.8, 322.4), (302.8, 322.4), (302.8, 322.4), (302.8, 322.4), (302.8, 322.4), (302.8, 322.4), (302.8, 316.8), (308.4, 311.2), (308.4, 311.2), (308.4, 305.6), (308.4, 305.6), (308.4, 305.6), (308.4, 294.4), (308.4, 294.4), (294.4, 308.4), (294.4, 308.4), (294.4, 308.4), (300.0, 311.2), (308.4, 333.6), (308.4, 361.6), (328.0, 372.8), (339.2, 372.8), (339.2, 372.8), (339.2, 372.8), (339.2, 372.8), (339.2, 372.8), (339.2, 372.8), (339.2, 372.8), (339.2, 372.8), (339.2, 372.8), (339.2, 372.8), (339.2, 372.8), (339.2, 372.8), (339.2, 372.8), (339.2, 372.8), (339.2, 372.8), (339.2, 372.8), (339.2, 372.8), (339.2, 372.8), (339.2, 372.8), (339.2, 372.8), (339.2, 372.8), (339.2, 372.8), (339.2, 372.8), (339.2, 372.8), (339.2, 372.8), (339.2, 372.8), (339.2, 372.8), (339.2, 372.8), (339.2, 372.8), (339.2, 372.8), (339.2, 372.8), (339.2, 372.8), (339.2, 372.8), (339.2, 372.8), (339.2, 372.8), (339.2, 372.8), (339.2, 372.8), (339.2, 372.8), (339.2, 372.8), (339.2, 372.8), (339.2, 372.8), (339.2, 372.8), (339.2, 372.8), (339.2, 372.8), (339.2, 372.8), (339.2, 372.8), (339.2, 372.8), (339.2, 372.8), (339.2, 372.8), (339.2, 372.8), (339.2, 372.8), (339.2, 372.8), (339.2, 372.8), (339.2, 372.8), (339.2, 372.8), (339.2, 372.8)]",0,3,17.17
speedrunner,bomberman,5,Bomb,60,0,13.18,0.95,"[(48.0, 48.0), (70.4, 50.8), (101.2, 50.8), (115.2, 62.0), (115.2, 62.0), (115.2, 62.0), (115.2, 62.0), (115.2, 62.0), (115.2, 62.0), (115.2, 62.0), (115.2, 62.0), (115.2, 62.0), (115.2, 62.0), (115.2, 62.0), (115.2, 62.0), (115.2, 62.0), (115.2, 67.6), (115.2, 95.6), (126.4, 115.2), (151.6, 115.2), (176.8, 120.8), (179.6, 126.4), (179.6, 126.4), (179.6, 126.4), (179.6, 126.4), (179.6, 126.4), (179.6, 126.4), (179.6, 126.4), (179.6, 126.4), (179.6, 126.4), (179.6, 126.4), (179.6, 126.4), (179.6, 143.2), (179.6, 171.2), (199.2, 179.6), (227.2, 179.6), (244.0, 193.6), (244.0, 218.8), (249.6, 244.0), (272.0, 244.0), (300.0, 246.8), (308.4, 269.2), (308.4, 291.6), (308.4, 314.0), (308.4, 336.4), (308.4, 358.8), (308.4, 372.8), (308.4, 372.8), (308.4, 372.8), (308.4, 372.8), (308.4, 372.8), (308.4, 372.8), (308.4, 372.8), (308.4, 372.8), (308.4, 372.8), (308.4, 372.8), (308.4, 372.8), (308.4, 372.8), (308.4, 372.8), (308.4, 372.8), (308.4, 372.8), (308.4, 372.8), (308.4, 372.8), (308.4, 372.8), (308.4, 372.8), (308.4, 372.8), (308.4, 372.8), (308.4, 367.2), (308.4, 367.2), (308.4, 367.2), (308.4, 361.6), (308.4, 361.6), (308.4, 356.0), (300.0, 339.2), (302.8, 322.4), (302.8, 322.4), (302.8, 322.4), (300.0, 316.8), (300.0, 322.4), (300.0, 319.6), (300.0, 316.8), (300.0, 322.4), (300.0, 319.6), (300.0, 316.8), (300.0, 322.4), (300.0, 319.6), (300.0, 316.8), (300.0, 311.2), (300.0, 311.2), (291.6, 305.6), (286.0, 305.6), (286.0, 305.6), (286.0, 308.4), (286.0, 308.4), (286.0, 308.4), (286.0, 305.6), (308.4, 319.6), (308.4, 342.0), (314.0, 370.0), (336.4, 372.8), (339.2, 372.8), (339.2, 372.8), (339.2, 372.8), (339.2, 372.8), (339.2, 372.8), (339.2, 372.8), (339.2, 372.8), (339.2, 372.8), (339.2, 372.8), (339.2, 372.8), (339.2, 372.8), (339.2, 372.8), (339.2, 372.8), (339.2, 372.8), (339.2, 372.8), (339.2, 372.8), (339.2, 372.8), (339.2, 372.8), (339.2, 372.8), (339.2, 372.8), (339.2, 372.8), (339.2, 372.8), (339.2, 372.8), (339.2, 372.8), (339.2, 372.8), (339.2, 372.8), (339.2, 372.8), (339.2, 372.8), (339.2, 372.8), (339.2, 372.8), (339.2, 372.8), (339.2, 372.8), (339.2, 372.8), (339.2, 372.8), (339.2, 372.8), (339.2, 372.8), (339.2, 372.8), (339.2, 372.8), (339.2, 372.8), (339.2, 372.8), (339.2, 372.8), (339.2, 372.8), (339.2, 372.8), (339.2, 372.8), (339.2, 372.8), (339.2, 372.8), (339.2, 372.8), (339.2, 372.8), (339.2, 372.8), (339.2, 372.8), (339.2, 372.8), (339.2, 372.8)]",0,3,20.18
speedrunner,bomberman,5,Bomb,82,0,26.07,0.75,"[(48.0, 48.0), (70.4, 50.8), (101.2, 50.8), (115.2, 67.6), (115.2, 95.6), (126.4, 115.2), (151.6, 115.2), (176.8, 120.8), (179.6, 143.2), (179.6, 171.2), (199.2, 179.6), (227.2, 179.6), (244.0, 193.6), (244.0, 218.8), (249.6, 244.0), (272.0, 244.0), (300.0, 246.8), (308.4, 269.2), (308.4, 291.6), (308.4, 314.0), (308.4, 314.0), (308.4, 314.0), (308.4, 314.0), (308.4, 314.0), (308.4, 314.0), (308.4, 314.0), (308.4, 314.0), (308.4, 314.0), (308.4, 314.0), (308.4, 314.0), (308.4, 314.0), (308.4, 314.0), (308.4, 314.0), (308.4, 314.0), (308.4, 314.0), (308.4, 314.0), (308.4, 314.0), (308.4, 308.4), (308.4, 302.8), (308.4, 302.8), (308.4, 302.8), (308.4, 297.2), (308.4, 286.0), (308.4, 286.0), (308.4, 286.0), (300.0, 280.4), (302.8, 258.0), (302.8, 258.0), (302.8, 258.0), (302.8, 258.0), (302.8, 258.0), (302.8, 258.0), (302.8, 258.0), (302.8, 258.0), (302.8, 258.0), (302.8, 258.0), (302.8, 258.0), (302.8, 258.0), (302.8, 258.0), (302.8, 258.0), (302.8, 258.0), (302.8, 258.0), (302.8, 258.0), (302.8, 258.0), (302.8, 258.0), (302.8, 258.0)]",0,1,8.7
speedrunner,bomberman,5,Bomb,2,0,12.72,0.15,"[(48.0, 48.0), (70.4, 50.8), (101.2, 50.8), (115.2, 64.8), (115.2, 64.8), (115.2, 64.8), (115.2, 64.8), (115.2, 64.8), (115.2, 64.8), (115.2, 62.0), (115.2, 62.0), (115.2, 62.0), (115.2, 62.0), (115.2, 62.0), (115.2, 62.0), (115.2, 62.0), (115.2, 62.0), (115.2, 62.0), (115.2, 62.0), (115.2, 62.0), (115.2, 62.0), (115.2, 62.0), (112.4, 62.0), (109.6, 62.0), (109.6, 62.0), (109.6, 62.0), (109.6, 62.0), (109.6, 62.0), (109.6, 62.0), (109.6, 62.0), (109.6, 62.0), (109.6, 62.0)]",0,0,4.18
speedrunner,bomberman,5,Bomb,51,0,28.86,0.85,"[(48.0, 48.0), (70.4, 50.8), (101.2, 50.8), (115.2, 62.0), (115.2, 62.0), (115.2, 62.0), (115.2, 62.0), (115.2, 62.0), (115.2, 62.0), (115.2, 62.0), (115.2, 67.6), (115.2, 95.6), (126.4, 115.2), (151.6, 115.2), (176.8, 120.8), (179.6, 143.2), (179.6, 171.2), (199.2, 179.6), (227.2, 179.6), (244.0, 193.6), (244.0, 218.8), (249.6, 244.0), (272.0, 244.0), (300.0, 246.8), (308.4, 269.2), (308.4, 291.6), (308.4, 314.0), (308.4, 336.4), (308.4, 358.8), (308.4, 372.8), (308.4, 372.8), (308.4, 372.8), (308.4, 372.8), (308.4, 372.8), (308.4, 370.0), (308.4, 370.0), (308.4, 370.0), (308.4, 370.0), (308.4, 364.4), (308.4, 358.8), (308.4, 358.8), (308.4, 353.2), (300.0, 336.4), (300.0, 319.6), (300.0, 319.6), (300.0, 319.6), (300.0, 319.6), (300.0, 319.6), (300.0, 319.6), (300.0, 319.6), (300.0, 319.6), (300.0, 319.6), (300.0, 319.6), (300.0, 319.6), (300.0, 319.6), (300.0, 319.6), (300.0, 319.6), (300.0, 319.6), (300.0, 319.6), (300.0, 319.6), (305.6, 319.6), (308.4, 319.6)]",0,1,8.15
speedrunner,bomberman,5,Bomb,68,0,24.69,0.85,"[(48.0, 48.0), (70.4, 50.8), (101.2, 50.8), (115.2, 67.6), (115.2, 95.6), (126.4, 115.2), (151.6, 115.2), (176.8, 120.8), (179.6, 143.2), (179.6, 171.2), (199.2, 179.6), (227.2, 179.6), (244.0, 193.6), (244.0, 218.8), (249.6, 244.0), (272.0, 244.0), (300.0, 246.8), (308.4, 269.2), (308.4, 291.6), (308.4, 314.0), (308.4, 336.4), (308.4, 358.8), (308.4, 372.8), (308.4, 372.8), (308.4, 372.8), (308.4, 372.8), (308.4, 372.8), (308.4, 372.8), (308.4, 372.8), (308.4, 372.8), (308.4, 372.8), (308.4, 372.8), (308.4, 372.8), (308.4, 372.8), (308.4, 372.8), (308.4, 372.8), (308.4, 372.8), (308.4, 372.8), (308.4, 372.8), (308.4, 372.8), (308.4, 372.8), (308.4, 372.8), (308.4, 372.8), (308.4, 372.8), (308.4, 372.8), (308.4, 372.8), (308.4, 372.8), (308.4, 372.8), (308.4, 367.2), (308.4, 367.2), (308.4, 361.6), (308.4, 361.6), (308.4, 350.4), (300.0, 325.2), (302.8, 322.4), (302.8, 322.4), (302.8, 322.4), (302.8, 322.4), (302.8, 322.4), (302.8, 322.4), (302.8, 322.4), (302.8, 322.4), (302.8, 322.4), (302.8, 322.4), (302.8, 322.4), (302.8, 322.4), (302.8, 322.4), (302.8, 322.4), (302.8, 322.4), (302.8, 322.4)]",0,1,9.3
