persona,game,world,cause_of_death,jump_count,coins_collected,avg_vx,progress_ratio,route,enemies_killed,bricks_destroyed,elapsed_time
experienced,mario,Mario1-1,OOB,1,0,-175.22,0.0,"[(112.0, 432.0), (109.4, 371.0), (101.9, 319.9), (86.4, 290.4), (62.9, 284.2), (31.4, 309.5), (-7.4, 370.0), (-47.4, 443.3)]",0,0,0.97
experienced,mario,Mario1-1,Enemy,0,0,245.69,0.028,"[(112.0, 432.0), (127.0, 432.0), (165.8, 432.0), (205.8, 432.0)]",0,0,0.48
experienced,mario,Mario1-1,Stuck,21,0,-6.93,0.01,"[(112.0, 432.0), (112.3, 371.0), (105.2, 321.5), (97.2, 295.1), (95.8, 292.4), (99.8, 322.4), (102.7, 386.5), (101.6, 404.1), (91.1, 343.8), (75.1, 306.6), (65.6, 292.4), (64.1, 305.5), (68.1, 353.9), (67.9, 426.6), (68.7, 370.6), (67.8, 320.6), (67.8, 293.5), (67.7, 290.2), (71.7, 319.4), (76.6, 383.0), (77.4, 412.9), (75.8, 349.5), (70.5, 309.1), (68.8, 291.7), (68.5, 300.3), (72.4, 344.0), (72.3, 415.3), (71.7, 380.3), (71.0, 368.4), (70.4, 385.1), (69.8, 432.0), (70.7, 363.2), (69.2, 316.0), (69.1, 291.8), (68.9, 291.9), (73.7, 325.6), (77.6, 392.2), (77.4, 395.1)]",0,0,5.02
experienced,mario,Mario1-1,OOB,1,0,-171.42,0.0,"[(112.0, 432.0), (104.9, 371.0), (89.4, 319.9), (65.9, 290.4), (35.5, 284.2), (7.7, 309.5), (-16.3, 370.0), (-45.3, 443.3)]",0,0,0.97
experienced,mario,Mario1-1,Stuck,12,0,-0.14,0.014,"[(112.0, 432.0), (112.0, 371.3), (112.0, 321.7), (112.0, 295.3), (112.0, 292.5), (112.0, 322.4), (111.8, 386.5), (111.8, 404.2), (111.8, 343.6), (111.8, 305.6), (111.8, 290.7), (111.8, 303.0), (111.6, 350.7), (111.6, 423.1), (111.6, 371.2), (111.6, 321.7), (111.6, 295.2), (111.6, 292.5), (111.6, 322.4), (111.5, 386.5), (111.5, 389.4), (111.5, 368.8), (111.5, 373.3), (111.5, 412.2), (111.5, 386.8), (111.5, 331.6), (111.5, 299.3), (111.5, 290.2), (111.5, 311.2), (111.3, 367.8), (111.3, 397.8), (111.3, 371.5), (111.3, 368.8), (111.3, 398.8), (111.3, 403.9), (111.3, 343.2), (111.3, 305.2), (111.3, 290.4)]",0,0,5.02
experienced,mario,Mario1-1,Stuck,28,0,25.39,0.061,"[(112.0, 432.0), (112.0, 379.3), (112.0, 329.3), (113.2, 302.4), (121.8, 299.2), (138.2, 328.6), (155.8, 392.4), (167.9, 404.1), (174.2, 345.4), (176.1, 309.9), (179.6, 297.5), (191.1, 313.7), (206.5, 365.4), (217.6, 432.0), (222.0, 364.7), (222.6, 320.5), (222.9, 299.5), (229.4, 303.4), (242.8, 341.8), (253.6, 411.0), (258.5, 387.2), (258.9, 334.4), (258.9, 304.6), (261.5, 298.2), (272.0, 323.3), (283.5, 383.5), (290.6, 399.8), (293.2, 376.3), (293.2, 377.2), (293.2, 411.6), (293.2, 387.4), (293.2, 334.9), (293.2, 305.4), (295.8, 299.3), (306.3, 324.6), (317.8, 385.1), (324.3, 413.0), (325.0, 351.5), (325.0, 313.1), (325.7, 297.8), (333.2, 309.7), (345.8, 357.0), (354.6, 429.3), (356.8, 371.9), (356.8, 324.8), (356.8, 300.8), (361.3, 301.1), (373.2, 335.1), (383.6, 401.8), (388.4, 395.3), (388.6, 339.2), (388.6, 306.2), (389.8, 296.4), (398.3, 316.6), (409.4, 372.4), (415.7, 422.3), (416.2, 357.5), (416.2, 315.9), (416.3, 297.4), (421.8, 304.9), (433.4, 347.3), (441.6, 418.3), (443.8, 379.1), (443.8, 328.8), (443.9, 301.6), (449.4, 298.1), (462.7, 327.2), (475.7, 390.8), (483.3, 403.9), (485.0, 345.0), (485.0, 309.1), (485.0, 296.3), (485.0, 312.1), (485.2, 363.5), (485.2, 432.0), (485.2, 364.6), (485.2, 320.0), (485.2, 298.6), (485.2, 302.1), (485.2, 340.1), (485.4, 409.1), (485.4, 387.2), (485.4, 334.0), (485.4, 303.9), (485.4, 297.1), (485.4, 321.7), (485.6, 381.6), (485.6, 413.0), (485.6, 351.3), (485.6, 312.5), (485.6, 296.8), (485.6, 308.3), (485.6, 355.2), (485.7, 427.4), (485.7, 371.8), (485.7, 324.3), (485.7, 300.0), (485.7, 299.9), (485.7, 333.4), (485.9, 399.9), (485.9, 395.4), (485.9, 339.4), (485.9, 306.4), (485.9, 296.5), (485.9, 316.7), (486.1, 372.4), (486.1, 422.3), (486.1, 357.8), (486.1, 316.1), (486.1, 297.5), (486.1, 304.9)]",0,0,14.73
experienced,mario,Mario1-1,Stuck,4,1,55.69,0.064,"[(112.0, 432.0), (110.8, 378.5), (116.2, 324.9), (129.8, 292.5), (151.2, 283.2), (180.8, 304.0), (216.8, 360.4), (247.4, 404.5), (279.8, 375.3), (319.0, 369.4), (359.0, 394.9), (396.5, 389.1), (436.5, 368.5), (476.5, 373.0), (516.5, 411.9), (546.5, 432.4), (545.1, 403.9), (541.3, 370.8), (541.7, 402.5), (535.2, 413.2), (526.4, 369.3), (522.0, 396.6), (509.1, 422.6), (491.6, 356.3), (482.0, 310.4), (480.0, 286.7), (481.3, 287.2), (480.9, 321.4), (476.3, 388.3), (467.0, 391.2), (464.5, 370.6), (470.0, 375.1), (483.5, 414.0), (502.0, 432.4), (504.6, 432.4), (504.6, 432.4), (504.6, 432.4), (504.6, 432.4), (504.6, 432.4), (504.6, 432.4), (504.6, 432.4), (504.6, 432.4), (504.6, 432.4), (504.6, 432.4), (504.6, 432.4), (504.6, 432.4), (504.6, 432.4), (504.6, 432.4), (504.6, 432.4), (504.6, 432.4), (504.6, 432.4), (504.6, 432.4), (504.6, 432.4)]",0,0,7.05
experienced,mario,Mario1-1,Pit,1,0,150.76,0.611,"[(112.0, 432.0), (113.2, 371.3), (121.8, 320.5), (138.2, 291.3), (162.8, 285.4), (195.2, 310.9), (234.3, 371.6), (270.4, 422.3), (300.6, 356.0), (335.3, 310.0), (368.4, 286.3), (397.2, 286.9), (426.9, 321.0), (458.6, 387.9), (489.1, 390.8), (525.7, 370.3), (564.3, 374.8), (598.4, 413.7), (632.3, 378.7), (671.8, 369.3), (711.2, 396.6), (746.3, 412.9), (779.3, 369.1), (817.2, 394.4), (850.7, 412.9), (878.0, 349.1), (904.9, 305.8), (935.5, 285.0), (962.1, 289.2), (992.6, 327.8), (1029.2, 397.1), (1061.3, 395.0), (1090.1, 336.3), (1116.8, 298.4), (1143.2, 283.4), (1175.8, 295.5), (1215.1, 343.0), (1253.7, 322.6), (1291.7, 266.4), (1325.3, 231.3), (1354.5, 219.1), (1384.8, 235.5), (1422.7, 287.4), (1456.0, 360.6), (1456.1, 432.0), (1454.9, 363.1), (1454.9, 314.6), (1457.6, 288.0), (1468.1, 285.1), (1486.6, 314.8), (1510.6, 289.7), (1533.9, 233.6), (1549.7, 198.4), (1561.3, 186.2), (1580.2, 202.6), (1607.0, 254.5), (1641.2, 327.7), (1679.0, 401.0), (1713.5, 391.0), (1743.6, 373.3), (1769.2, 381.7), (1790.3, 425.0), (1808.5, 371.5), (1808.0, 320.5), (1809.9, 291.0), (1819.4, 284.8), (1836.9, 310.0), (1859.5, 299.0), (1883.3, 240.4), (1900.1, 202.5), (1911.4, 187.4), (1929.3, 199.5), (1955.1, 247.0), (1988.9, 319.4), (2028.6, 392.8), (2065.4, 403.8), (2097.7, 342.6), (2125.5, 301.9), (2148.9, 284.0), (2169.4, 292.1), (2193.4, 335.1), (2217.3, 406.3), (2238.9, 386.6), (2256.2, 330.4), (2256.2, 295.3), (2260.7, 283.1), (2273.2, 299.5), (2286.2, 242.7), (2294.1, 191.6), (2296.1, 162.1), (2303.6, 155.9), (2319.1, 181.2), (2338.9, 241.6), (2355.7, 315.0), (2372.4, 388.3), (2393.4, 403.8), (2418.5, 370.5), (2451.1, 399.9), (2482.9, 403.8), (2514.1, 370.5), (2548.0, 399.9), (2576.5, 403.8), (2606.1, 342.6), (2643.6, 301.9), (2683.6, 284.0), (2723.6, 292.1), (2763.6, 335.1), (2803.1, 406.3), (2838.1, 386.6), (2876.5, 330.4), (2896.0, 295.3), (2900.5, 283.1), (2913.0, 299.5), (2926.4, 242.7), (2941.5, 253.0), (2958.1, 299.8), (2982.1, 372.0), (3004.6, 402.0), (3025.6, 375.7), (3054.0, 373.0), (3089.4, 403.0), (3126.5, 403.8), (3165.7, 370.5), (3202.7, 399.9), (3234.3, 403.8), (3262.2, 342.6), (3280.0, 301.9), (3282.0, 284.0), (3282.9, 292.1), (3283.9, 258.8), (3283.5, 203.0), (3279.6, 168.1), (3268.4, 156.2), (3261.4, 172.9), (3262.5, 225.1), (3268.4, 298.3), (3273.4, 371.7), (3283.0, 422.3), (3295.1, 368.3), (3315.1, 389.3), (3335.9, 422.3), (3350.8, 356.0), (3365.3, 310.0), (3375.9, 286.3), (3386.2, 286.9), (3394.1, 275.8), (3403.2, 242.5), (3417.5, 271.9), (3427.0, 275.8), (3431.8, 242.5), (3442.6, 271.9), (3457.3, 335.3), (3471.3, 408.7), (3483.3, 386.6), (3500.5, 374.7), (3521.6, 412.7), (3537.0, 386.6), (3548.2, 330.4), (3561.4, 295.3), (3570.9, 283.1), (3578.1, 299.5), (3591.4, 351.4), (3606.7, 424.6), (3616.2, 370.6), (3627.6, 319.6), (3638.7, 290.1), (3645.3, 283.9), (3647.4, 309.1), (3648.7, 369.6), (3655.7, 422.3), (3664.0, 356.0), (3664.0, 310.0), (3664.0, 286.3), (3664.0, 286.9), (3664.0, 321.0), (3665.9, 387.9), (3673.1, 403.8), (3685.2, 370.5), (3705.2, 399.9), (3728.3, 403.8), (3751.2, 370.5), (3779.1, 399.9), (3802.3, 403.8), (3820.7, 342.6), (3845.2, 301.9), (3877.7, 284.0), (3917.0, 292.1), (3957.0, 335.1), (3996.7, 406.3), (4035.3, 386.6), (4075.3, 374.7), (4113.3, 412.7), (4145.5, 386.6), (4172.3, 330.4), (4194.7, 295.3), (4212.7, 283.1), (4226.2, 299.5), (4235.2, 351.4), (4238.1, 314.5), (4238.5, 260.9), (4245.0, 228.5), (4259.5, 219.2), (4282.0, 240.0), (4308.4, 296.4), (4329.7, 242.6), (4356.7, 191.6), (4384.8, 162.1), (4411.1, 155.9), (4442.1, 181.1), (4479.2, 241.6), (4518.2, 314.9), (4554.3, 388.3), (4585.2, 403.8), (4610.3, 342.6), (4630.9, 301.9), (4647.1, 284.0), (4658.8, 292.1), (4666.1, 335.1), (4668.1, 331.2), (4668.1, 272.7), (4671.6, 235.1), (4681.6, 220.3), (4693.1, 232.7), (4712.4, 280.4), (4719.5, 326.3), (4719.1, 260.0), (4725.6, 214.0), (4740.1, 190.3), (4762.6, 190.9), (4793.1, 225.0), (4831.2, 291.9), (4848.1, 365.3), (4848.1, 438.6), (4848.1, 511.9), (4848.1, 585.3), (4848.1, 658.6)]",0,0,31.45
experienced,mario,Mario1-1,OOB,0,0,-259.62,0.0,"[(112.0, 432.0), (97.0, 432.0), (58.2, 432.0), (18.2, 432.0), (-21.8, 433.3)]",0,0,0.65
experienced,mario,Mario1-1,OOB,1,0,-199.65,0.0,"[(112.0, 432.0), (104.9, 371.0), (89.4, 319.9), (65.9, 290.4), (34.4, 284.2), (-4.4, 309.5), (-44.4, 370.0)]",0,0,0.83
experienced,mario,Mario1-1,Pit,1,0,150.76,0.611,"[(112.0, 432.0), (113.2, 371.3), (121.8, 320.5), (138.2, 291.3), (162.8, 285.4), (195.2, 310.9), (234.3, 371.6), (270.4, 422.3), (300.6, 356.0), (335.3, 310.0), (368.4, 286.3), (397.2, 286.9), (426.9, 321.0), (458.6, 387.9), (489.1, 390.8), (525.7, 370.3), (564.3, 374.8), (598.4, 413.7), (632.3, 378.7), (671.8, 369.3), (711.2, 396.6), (746.3, 412.9), (779.3, 369.1), (817.2, 394.4), (850.7, 412.9), (878.0, 349.1), (904.9, 305.8), (935.5, 285.0), (962.1, 289.2), (992.6, 327.8), (1029.2, 397.1), (1061.3, 395.0), (1090.1, 336.3), (1116.8, 298.4), (1143.2, 283.4), (1175.8, 295.5), (1215.1, 343.0), (1253.7, 322.6), (1291.7, 266.4), (1325.3, 231.3), (1354.5, 219.1), (1384.8, 235.5), (1422.7, 287.4), (1456.0, 360.6), (1456.1, 432.0), (1454.9, 363.1), (1454.9, 314.6), (1457.6, 288.0), (1468.1, 285.1), (1486.6, 314.8), (1510.6, 289.7), (1533.9, 233.6), (1549.7, 198.4), (1561.3, 186.2), (1580.2, 202.6), (1607.0, 254.5), (1641.2, 327.7), (1679.0, 401.0), (1713.5, 391.0), (1743.6, 373.3), (1769.2, 381.7), (1790.3, 425.0), (1808.5, 371.5), (1808.0, 320.5), (1809.9, 291.0), (1819.4, 284.8), (1836.9, 310.0), (1859.5, 299.0), (1883.3, 240.4), (1900.1, 202.5), (1911.4, 187.4), (1929.3, 199.5), (1955.1, 247.0), (1988.9, 319.4), (2028.6, 392.8), (2065.4, 403.8), (2097.7, 342.6), (2125.5, 301.9), (2148.9, 284.0), (2169.4, 292.1), (2193.4, 335.1), (2217.3, 406.3), (2238.9, 386.6), (2256.2, 330.4), (2256.2, 295.3), (2260.7, 283.1), (2273.2, 299.5), (2286.2, 242.7), (2294.1, 191.6), (2296.1, 162.1), (2303.6, 155.9), (2319.1, 181.2), (2338.9, 241.6), (2355.7, 315.0), (2372.4, 388.3), (2393.4, 403.8), (2418.5, 370.5), (2451.1, 399.9), (2482.9, 403.8), (2514.1, 370.5), (2548.0, 399.9), (2576.5, 403.8), (2606.1, 342.6), (2643.6, 301.9), (2683.6, 284.0), (2723.6, 292.1), (2763.6, 335.1), (2803.1, 406.3), (2838.1, 386.6), (2876.5, 330.4), (2896.0, 295.3), (2900.5, 283.1), (2913.0, 299.5), (2926.4, 242.7), (2941.5, 253.0), (2958.1, 299.8), (2982.1, 372.0), (3004.6, 402.0), (3025.6, 375.7), (3054.0, 373.0), (3089.4, 403.0), (3126.5, 403.8), (3165.7, 370.5), (3202.7, 399.9), (3234.3, 403.8), (3262.2, 342.6), (3280.0, 301.9), (3282.0, 284.0), (3282.9, 292.1), (3283.9, 258.8), (3283.5, 203.0), (3279.6, 168.1), (3268.4, 156.2), (3261.4, 172.9), (3262.5, 225.1), (3268.4, 298.3), (3273.4, 371.7), (3283.0, 422.3), (3295.1, 368.3), (3315.1, 389.3), (3335.9, 422.3), (3350.8, 356.0), (3365.3, 310.0), (3375.9, 286.3), (3386.2, 286.9), (3394.1, 275.8), (3403.2, 242.5), (3417.5, 271.9), (3427.0, 275.8), (3431.8, 242.5), (3442.6, 271.9), (3457.3, 335.3), (3471.3, 408.7), (3483.3, 386.6), (3500.5, 374.7), (3521.6, 412.7), (3537.0, 386.6), (3548.2, 330.4), (3561.4, 295.3), (3570.9, 283.1), (3578.1, 299.5), (3591.4, 351.4), (3606.7, 424.6), (3616.2, 370.6), (3627.6, 319.6), (3638.7, 290.1), (3645.3, 283.9), (3647.4, 309.1), (3648.7, 369.6), (3655.7, 422.3), (3664.0, 356.0), (3664.0, 310.0), (3664.0, 286.3), (3664.0, 286.9), (3664.0, 321.0), (3665.9, 387.9), (3673.1, 403.8), (3685.2, 370.5), (3705.2, 399.9), (3728.3, 403.8), (3751.2, 370.5), (3779.1, 399.9), (3802.3, 403.8), (3820.7, 342.6), (3845.2, 301.9), (3877.7, 284.0), (3917.0, 292.1), (3957.0, 335.1), (3996.7, 406.3), (4035.3, 386.6), (4075.3, 374.7), (4113.3, 412.7), (4145.5, 386.6), (4172.3, 330.4), (4194.7, 295.3), (4212.7, 283.1), (4226.2, 299.5), (4235.2, 351.4), (4238.1, 314.5), (4238.5, 260.9), (4245.0, 228.5), (4259.5, 219.2), (4282.0, 240.0), (4308.4, 296.4), (4329.7, 242.6), (4356.7, 191.6), (4384.8, 162.1), (4411.1, 155.9), (4442.1, 181.1), (4479.2, 241.6), (4518.2, 314.9), (4554.3, 388.3), (4585.2, 403.8), (4610.3, 342.6), (4630.9, 301.9), (4647.1, 284.0), (4658.8, 292.1), (4666.1, 335.1), (4668.1, 331.2), (4668.1, 272.7), (4671.6, 235.1), (4681.6, 220.3), (4693.1, 232.7), (4712.4, 280.4), (4719.5, 326.3), (4719.1, 260.0), (4725.6, 214.0), (4740.1, 190.3), (4762.6, 190.9), (4793.1, 225.0), (4831.2, 291.9), (4848.1, 365.3), (4848.1, 438.6), (4848.1, 511.9), (4848.1, 585.3), (4848.1, 658.6)]",0,0,31.45
experienced,mario,Mario1-1,Stuck,4,1,55.69,0.064,"[(112.0, 432.0), (110.8, 378.5), (116.2, 324.9), (129.8, 292.5), (151.2, 283.2), (180.8, 304.0), (216.8, 360.4), (247.4, 404.5), (279.8, 375.3), (319.0, 369.4), (359.0, 394.9), (396.5, 389.1), (436.5, 368.5), (476.5, 373.0), (516.5, 411.9), (546.5, 432.4), (545.1, 403.9), (541.3, 370.8), (541.7, 402.5), (535.2, 413.2), (526.4, 369.3), (522.0, 396.6), (509.1, 422.6), (491.6, 356.3), (482.0, 310.4), (480.0, 286.7), (481.3, 287.2), (480.9, 321.4), (476.3, 388.3), (467.0, 391.2), (464.5, 370.6), (470.0, 375.1), (483.5, 414.0), (502.0, 432.4), (504.6, 432.4), (504.6, 432.4), (504.6, 432.4), (504.6, 432.4), (504.6, 432.4), (504.6, 432.4), (504.6, 432.4), (504.6, 432.4), (504.6, 432.4), (504.6, 432.4), (504.6, 432.4), (504.6, 432.4), (504.6, 432.4), (504.6, 432.4), (504.6, 432.4), (504.6, 432.4), (504.6, 432.4), (504.6, 432.4), (504.6, 432.4)]",0,0,7.05
experienced,mario,Mario1-1,Stuck,28,0,25.39,0.061,"[(112.0, 432.0), (112.0, 379.3), (112.0, 329.3), (113.2, 302.4), (121.8, 299.2), (138.2, 328.6), (155.8, 392.4), (167.9, 404.1), (174.2, 345.4), (176.1, 309.9), (179.6, 297.5), (191.1, 313.7), (206.5, 365.4), (217.6, 432.0), (222.0, 364.7), (222.6, 320.5), (222.9, 299.5), (229.4, 303.4), (242.8, 341.8), (253.6, 411.0), (258.5, 387.2), (258.9, 334.4), (258.9, 304.6), (261.5, 298.2), (272.0, 323.3), (283.5, 383.5), (290.6, 399.8), (293.2, 376.3), (293.2, 377.2), (293.2, 411.6), (293.2, 387.4), (293.2, 334.9), (293.2, 305.4), (295.8, 299.3), (306.3, 324.6), (317.8, 385.1), (324.3, 413.0), (325.0, 351.5), (325.0, 313.1), (325.7, 297.8), (333.2, 309.7), (345.8, 357.0), (354.6, 429.3), (356.8, 371.9), (356.8, 324.8), (356.8, 300.8), (361.3, 301.1), (373.2, 335.1), (383.6, 401.8), (388.4, 395.3), (388.6, 339.2), (388.6, 306.2), (389.8, 296.4), (398.3, 316.6), (409.4, 372.4), (415.7, 422.3), (416.2, 357.5), (416.2, 315.9), (416.3, 297.4), (421.8, 304.9), (433.4, 347.3), (441.6, 418.3), (443.8, 379.1), (443.8, 328.8), (443.9, 301.6), (449.4, 298.1), (462.7, 327.2), (475.7, 390.8), (483.3, 403.9), (485.0, 345.0), (485.0, 309.1), (485.0, 296.3), (485.0, 312.1), (485.2, 363.5), (485.2, 432.0), (485.2, 364.6), (485.2, 320.0), (485.2, 298.6), (485.2, 302.1), (485.2, 340.1), (485.4, 409.1), (485.4, 387.2), (485.4, 334.0), (485.4, 303.9), (485.4, 297.1), (485.4, 321.7), (485.6, 381.6), (485.6, 413.0), (485.6, 351.3), (485.6, 312.5), (485.6, 296.8), (485.6, 308.3), (485.6, 355.2), (485.7, 427.4), (485.7, 371.8), (485.7, 324.3), (485.7, 300.0), (485.7, 299.9), (485.7, 333.4), (485.9, 399.9), (485.9, 395.4), (485.9, 339.4), (485.9, 306.4), (485.9, 296.5), (485.9, 316.7), (486.1, 372.4), (486.1, 422.3), (486.1, 357.8), (486.1, 316.1), (486.1, 297.5), (486.1, 304.9)]",0,0,14.73
experienced,mario,Mario1-1,Enemy,0,0,245.69,0.028,"[(112.0, 432.0), (127.0, 432.0), (165.8, 432.0), (205.8, 432.0)]",0,0,0.48
experienced,mario,Mario1-1,Enemy,4,0,241.66,0.057,"[(112.0, 432.0), (119.1, 371.3), (134.6, 320.6), (158.1, 291.4), (189.6, 285.6), (228.4, 311.2), (268.4, 371.9), (308.4, 401.9), (348.4, 375.6), (388.4, 373.0), (428.4, 403.0)]",0,0,1.43
experienced,mario,Mario1-1,OOB,2,0,-246.22,0.0,"[(112.0, 432.0), (97.4, 412.9), (66.9, 349.8), (28.8, 307.2), (-11.2, 287.1), (-51.2, 292.0)]",0,0,0.68
experienced,mario,Mario1-1,Stuck,12,0,10.31,0.023,"[(112.0, 432.0), (112.0, 379.3), (112.0, 329.3), (112.0, 302.4), (116.5, 299.2), (128.8, 328.6), (140.8, 392.4), (147.4, 404.1), (148.3, 345.4), (148.3, 309.9), (149.6, 297.5), (158.1, 313.7), (170.5, 365.4), (178.7, 409.2), (182.4, 380.0), (182.7, 374.1), (182.7, 399.7), (182.7, 404.2), (182.7, 345.8), (182.7, 310.6), (182.7, 298.5), (182.7, 314.9), (182.7, 366.9), (182.7, 410.9), (182.7, 381.6), (182.7, 375.7), (182.7, 401.3), (182.7, 404.2), (182.7, 345.8), (182.7, 310.6), (182.7, 298.5), (182.7, 314.9), (182.7, 366.9), (182.7, 410.9), (182.7, 381.6), (182.7, 375.7), (182.7, 401.3), (182.7, 404.2), (182.7, 345.8), (182.7, 310.6), (182.7, 298.5), (182.7, 314.9), (182.7, 366.9), (182.7, 432.0), (182.7, 365.0), (182.7, 321.1), (182.7, 300.3), (182.7, 304.6), (182.7, 343.3), (182.7, 412.6), (182.7, 389.9), (182.7, 375.1)]",0,0,6.85
experienced,mario,Mario1-1,Stall,1,0,96.42,0.53,"[(112.0, 432.0), (113.2, 371.3), (121.8, 320.5), (138.2, 291.3), (162.8, 285.4), (195.2, 310.9), (234.5, 371.6), (271.7, 422.3), (303.6, 356.0), (341.0, 310.0), (376.8, 286.3), (408.2, 286.9), (436.3, 321.0), (467.5, 387.9), (500.8, 390.8), (539.2, 370.3), (575.6, 374.8), (607.5, 413.7), (639.1, 378.7), (677.8, 369.3), (717.7, 396.6), (754.1, 412.9), (787.1, 369.1), (823.6, 394.4), (855.1, 412.9), (880.5, 349.1), (905.6, 305.8), (934.5, 285.0), (966.4, 289.2), (1005.1, 327.8), (1044.4, 397.1), (1078.6, 395.0), (1110.6, 336.3), (1141.0, 298.4), (1175.4, 283.4), (1215.3, 295.5), (1255.3, 343.0), (1294.2, 322.6), (1332.3, 266.4), (1365.9, 231.3), (1401.3, 219.1), (1440.9, 235.5), (1480.9, 287.4), (1520.3, 316.9), (1555.9, 253.1), (1586.6, 209.8), (1609.7, 189.0), (1635.7, 193.2), (1669.6, 231.8), (1707.5, 301.1), (1741.1, 374.4), (1770.3, 404.4), (1795.0, 378.1), (1808.0, 375.5), (1808.1, 405.5), (1806.9, 395.0), (1806.9, 336.3), (1807.7, 298.4), (1815.2, 283.4), (1830.7, 295.5), (1853.7, 325.4), (1881.3, 259.1), (1910.6, 213.2), (1932.1, 189.4), (1954.6, 190.0), (1985.1, 224.1), (2023.3, 291.0), (2063.3, 364.4), (2101.3, 432.0), (2132.8, 363.1), (2165.1, 314.6), (2195.2, 288.0), (2221.0, 285.1), (2242.2, 314.8), (2256.1, 378.8), (2260.5, 412.9), (2268.5, 369.1), (2284.4, 394.4), (2299.3, 412.9), (2310.9, 369.1), (2328.6, 394.4), (2346.7, 412.9), (2362.9, 349.1), (2383.6, 305.8), (2384.0, 285.0), (2384.0, 289.2), (2384.0, 327.8), (2386.6, 397.1), (2394.2, 395.0), (2407.3, 372.3), (2428.3, 406.1), (2450.4, 395.0), (2477.3, 372.3), (2509.3, 406.1), (2536.5, 395.0), (2566.5, 336.3), (2604.2, 298.4), (2644.2, 283.4), (2684.2, 295.5), (2724.2, 343.0), (2763.8, 415.4), (2801.5, 380.4), (2841.5, 368.5), (2881.5, 385.2), (2920.8, 432.0), (2954.4, 368.0), (2986.0, 384.9), (3013.2, 422.1), (3037.0, 390.0), (3067.0, 381.0), (3104.7, 402.1), (3144.5, 394.6), (3182.0, 374.1), (3215.4, 378.6), (3247.1, 417.5), (3275.6, 379.2), (3310.9, 377.6), (3348.7, 420.0), (3382.3, 378.5), (3421.1, 377.6), (3458.1, 420.0), (3490.8, 378.5), (3527.8, 377.6), (3561.5, 420.0), (3589.0, 378.5), (3614.8, 324.9), (3642.2, 292.5), (3665.2, 283.2), (3683.7, 304.0), (3699.5, 235.2), (3714.1, 186.7), (3722.7, 160.1), (3726.8, 157.1), (3727.3, 186.8), (3730.8, 250.8), (3741.3, 284.9), (3756.9, 221.1), (3760.0, 177.8), (3760.0, 157.0), (3760.0, 161.2), (3760.0, 199.8), (3762.6, 269.1), (3773.1, 342.4), (3790.5, 415.8), (3803.7, 378.5), (3820.3, 324.9), (3838.0, 292.5), (3852.8, 283.2), (3875.4, 304.0), (3906.0, 360.4), (3941.7, 432.0), (3975.3, 363.1), (4014.5, 314.6), (4019.5, 288.0), (4031.0, 285.1), (4044.7, 284.9), (4060.5, 241.1), (4084.3, 266.4), (4112.7, 284.9), (4135.4, 241.1), (4153.7, 266.4), (4167.5, 326.2), (4176.9, 399.5), (4179.8, 338.6), (4179.8, 287.6), (4179.8, 258.1), (4179.8, 251.9), (4181.1, 277.1), (4184.8, 337.6), (4185.1, 390.3), (4185.1, 324.3), (4185.1, 278.7), (4185.1, 255.2), (4185.1, 256.1), (4186.0, 290.5), (4186.4, 357.6), (4186.4, 371.9), (4186.4, 311.0), (4186.4, 270.6), (4186.4, 253.0), (4186.7, 261.3), (4187.5, 304.7), (4187.6, 375.9), (4187.6, 354.8), (4187.6, 298.9), (4187.6, 264.1), (4187.6, 252.2), (4188.2, 268.9), (4188.8, 321.1), (4188.8, 394.3), (4188.8, 338.9), (4188.8, 288.1), (4188.8, 258.9), (4188.8, 253.0), (4189.5, 278.6), (4190.0, 339.3), (4190.0, 390.3), (4190.0, 324.3), (4190.0, 278.7), (4190.0, 255.2), (4190.0, 256.1), (4190.9, 290.5), (4191.3, 357.6), (4191.3, 371.9), (4191.3, 311.0), (4191.3, 270.6), (4191.3, 253.0), (4191.6, 261.3), (4192.0, 304.7), (4192.0, 375.9), (4192.0, 354.8), (4192.0, 298.9), (4192.0, 264.1), (4192.0, 252.2), (4192.6, 268.9), (4192.7, 321.1), (4192.7, 394.3), (4192.7, 338.9), (4192.7, 288.1), (4192.7, 258.9), (4192.7, 253.0), (4193.4, 278.6), (4193.4, 339.3), (4193.4, 390.3), (4193.4, 324.3), (4193.4, 278.7), (4193.4, 255.2), (4193.4, 256.1), (4194.1, 290.5), (4194.1, 357.6), (4194.1, 371.9), (4194.1, 311.0), (4194.1, 270.6), (4194.1, 253.0), (4194.5, 261.3), (4194.8, 304.7), (4194.8, 375.9), (4194.8, 354.8), (4194.8, 298.9), (4194.8, 264.1), (4194.8, 252.2), (4195.5, 268.9), (4195.5, 321.1), (4195.5, 394.3), (4195.5, 338.9), (4195.5, 288.1), (4195.5, 258.9), (4195.5, 253.0), (4196.2, 278.6), (4196.2, 339.3), (4196.2, 390.3), (4196.2, 324.3), (4196.2, 278.7), (4196.2, 255.2), (4196.2, 256.1), (4196.9, 290.5), (4196.9, 357.6), (4196.9, 371.9), (4196.9, 311.0), (4196.9, 270.6), (4196.9, 253.0), (4197.3, 261.3), (4197.6, 304.7), (4197.6, 375.9), (4197.6, 354.8), (4197.6, 298.9), (4197.6, 264.1), (4197.6, 252.2), (4198.3, 268.9), (4198.3, 321.1), (4198.3, 394.3), (4198.3, 338.9), (4198.3, 288.1), (4198.3, 258.9), (4198.3, 253.0), (4199.0, 278.6), (4199.0, 339.3), (4199.0, 390.3), (4199.0, 324.3), (4199.0, 278.7), (4199.0, 255.2), (4199.0, 256.1), (4199.8, 290.5), (4199.8, 357.6), (4199.8, 371.9), (4199.8, 311.0), (4199.8, 270.6), (4199.8, 253.0), (4200.1, 261.3), (4200.5, 304.7), (4200.5, 375.9), (4200.5, 354.8), (4200.5, 298.9), (4200.5, 264.1), (4200.5, 252.2), (4201.1, 268.9), (4201.2, 321.1), (4201.2, 394.3), (4201.2, 338.9), (4201.2, 288.1), (4201.2, 258.9), (4201.2, 253.0), (4201.9, 278.6), (4201.9, 339.3), (4201.9, 390.3), (4201.9, 324.3), (4201.9, 278.7), (4201.9, 255.2), (4201.9, 256.1), (4202.6, 290.5), (4202.6, 357.6), (4202.6, 371.9), (4202.6, 311.0), (4202.6, 270.6), (4202.5, 253.0), (4202.6, 261.3), (4202.9, 304.7), (4202.9, 375.9), (4202.9, 354.8)]",0,0,42.42
experienced,mario,Mario1-1,Stuck,5,1,58.2,0.065,"[(112.0, 432.0), (110.8, 379.1), (116.2, 326.8), (129.8, 295.9), (151.2, 288.0), (180.8, 310.2), (218.1, 368.0), (255.8, 398.0), (295.5, 371.6), (335.5, 369.0), (375.5, 399.0), (414.3, 394.8), (454.3, 374.3), (494.3, 378.8), (534.1, 417.7), (559.6, 432.4), (552.5, 403.9), (543.1, 370.8), (541.7, 402.5), (537.1, 422.3), (525.8, 368.4), (520.1, 391.2), (507.4, 432.4), (487.4, 363.5), (475.2, 315.0), (471.1, 288.4), (474.9, 285.5), (481.8, 315.2), (481.1, 379.1), (474.5, 395.4), (473.9, 372.0), (481.3, 372.8), (496.7, 407.2), (515.9, 432.0), (519.4, 432.0), (519.4, 432.0), (519.4, 432.0), (519.4, 432.0), (519.4, 432.0), (519.4, 432.0), (519.4, 432.0), (519.4, 432.0), (519.4, 432.0), (519.4, 432.0), (519.4, 432.0), (519.4, 432.0), (519.4, 432.0), (519.4, 432.0), (519.4, 432.0), (519.4, 432.0), (519.4, 432.0), (519.4, 432.0), (519.4, 432.0)]",0,0,7.0
experienced,mario,Mario1-1,Enemy,0,0,245.69,0.028,"[(112.0, 432.0), (127.0, 432.0), (165.8, 432.0), (205.8, 432.0)]",0,0,0.48
experienced,mario,Mario1-1,Pit,1,0,150.76,0.611,"[(112.0, 432.0), (113.2, 371.3), (121.8, 320.5), (138.2, 291.3), (162.8, 285.4), (195.2, 310.9), (234.3, 371.6), (270.4, 422.3), (300.6, 356.0), (335.3, 310.0), (368.4, 286.3), (397.2, 286.9), (426.9, 321.0), (458.6, 387.9), (489.1, 390.8), (525.7, 370.3), (564.3, 374.8), (598.4, 413.7), (632.3, 378.7), (671.8, 369.3), (711.2, 396.6), (746.3, 412.9), (779.3, 369.1), (817.2, 394.4), (850.7, 412.9), (878.0, 349.1), (904.9, 305.8), (935.5, 285.0), (962.1, 289.2), (992.6, 327.8), (1029.2, 397.1), (1061.3, 395.0), (1090.1, 336.3), (1116.8, 298.4), (1143.2, 283.4), (1175.8, 295.5), (1215.1, 343.0), (1253.7, 322.6), (1291.7, 266.4), (1325.3, 231.3), (1354.5, 219.1), (1384.8, 235.5), (1422.7, 287.4), (1456.0, 360.6), (1456.1, 432.0), (1454.9, 363.1), (1454.9, 314.6), (1457.6, 288.0), (1468.1, 285.1), (1486.6, 314.8), (1510.6, 289.7), (1533.9, 233.6), (1549.7, 198.4), (1561.3, 186.2), (1580.2, 202.6), (1607.0, 254.5), (1641.2, 327.7), (1679.0, 401.0), (1713.5, 391.0), (1743.6, 373.3), (1769.2, 381.7), (1790.3, 425.0), (1808.5, 371.5), (1808.0, 320.5), (1809.9, 291.0), (1819.4, 284.8), (1836.9, 310.0), (1859.5, 299.0), (1883.3, 240.4), (1900.1, 202.5), (1911.4, 187.4), (1929.3, 199.5), (1955.1, 247.0), (1988.9, 319.4), (2028.6, 392.8), (2065.4, 403.8), (2097.7, 342.6), (2125.5, 301.9), (2148.9, 284.0), (2169.4, 292.1), (2193.4, 335.1), (2217.3, 406.3), (2238.9, 386.6), (2256.2, 330.4), (2256.2, 295.3), (2260.7, 283.1), (2273.2, 299.5), (2286.2, 242.7), (2294.1, 191.6), (2296.1, 162.1), (2303.6, 155.9), (2319.1, 181.2), (2338.9, 241.6), (2355.7, 315.0), (2372.4, 388.3), (2393.4, 403.8), (2418.5, 370.5), (2451.1, 399.9), (2482.9, 403.8), (2514.1, 370.5), (2548.0, 399.9), (2576.5, 403.8), (2606.1, 342.6), (2643.6, 301.9), (2683.6, 284.0), (2723.6, 292.1), (2763.6, 335.1), (2803.1, 406.3), (2838.1, 386.6), (2876.5, 330.4), (2896.0, 295.3), (2900.5, 283.1), (2913.0, 299.5), (2926.4, 242.7), (2941.5, 253.0), (2958.1, 299.8), (2982.1, 372.0), (3004.6, 402.0), (3025.6, 375.7), (3054.0, 373.0), (3089.4, 403.0), (3126.5, 403.8), (3165.7, 370.5), (3202.7, 399.9), (3234.3, 403.8), (3262.2, 342.6), (3280.0, 301.9), (3282.0, 284.0), (3282.9, 292.1), (3283.9, 258.8), (3283.5, 203.0), (3279.6, 168.1), (3268.4, 156.2), (3261.4, 172.9), (3262.5, 225.1), (3268.4, 298.3), (3273.4, 371.7), (3283.0, 422.3), (3295.1, 368.3), (3315.1, 389.3), (3335.9, 422.3), (3350.8, 356.0), (3365.3, 310.0), (3375.9, 286.3), (3386.2, 286.9), (3394.1, 275.8), (3403.2, 242.5), (3417.5, 271.9), (3427.0, 275.8), (3431.8, 242.5), (3442.6, 271.9), (3457.3, 335.3), (3471.3, 408.7), (3483.3, 386.6), (3500.5, 374.7), (3521.6, 412.7), (3537.0, 386.6), (3548.2, 330.4), (3561.4, 295.3), (3570.9, 283.1), (3578.1, 299.5), (3591.4, 351.4), (3606.7, 424.6), (3616.2, 370.6), (3627.6, 319.6), (3638.7, 290.1), (3645.3, 283.9), (3647.4, 309.1), (3648.7, 369.6), (3655.7, 422.3), (3664.0, 356.0), (3664.0, 310.0), (3664.0, 286.3), (3664.0, 286.9), (3664.0, 321.0), (3665.9, 387.9), (3673.1, 403.8), (3685.2, 370.5), (3705.2, 399.9), (3728.3, 403.8), (3751.2, 370.5), (3779.1, 399.9), (3802.3, 403.8), (3820.7, 342.6), (3845.2, 301.9), (3877.7, 284.0), (3917.0, 292.1), (3957.0, 335.1), (3996.7, 406.3), (4035.3, 386.6), (4075.3, 374.7), (4113.3, 412.7), (4145.5, 386.6), (4172.3, 330.4), (4194.7, 295.3), (4212.7, 283.1), (4226.2, 299.5), (4235.2, 351.4), (4238.1, 314.5), (4238.5, 260.9), (4245.0, 228.5), (4259.5, 219.2), (4282.0, 240.0), (4308.4, 296.4), (4329.7, 242.6), (4356.7, 191.6), (4384.8, 162.1), (4411.1, 155.9), (4442.1, 181.1), (4479.2, 241.6), (4518.2, 314.9), (4554.3, 388.3), (4585.2, 403.8), (4610.3, 342.6), (4630.9, 301.9), (4647.1, 284.0), (4658.8, 292.1), (4666.1, 335.1), (4668.1, 331.2), (4668.1, 272.7), (4671.6, 235.1), (4681.6, 220.3), (4693.1, 232.7), (4712.4, 280.4), (4719.5, 326.3), (4719.1, 260.0), (4725.6, 214.0), (4740.1, 190.3), (4762.6, 190.9), (4793.1, 225.0), (4831.2, 291.9), (4848.1, 365.3), (4848.1, 438.6), (4848.1, 511.9), (4848.1, 585.3), (4848.1, 658.6)]",0,0,31.45
experienced,mario,Mario1-1,Stall,1,0,96.42,0.53,"[(112.0, 432.0), (113.2, 371.3), (121.8, 320.5), (138.2, 291.3), (162.8, 285.4), (195.2, 310.9), (234.5, 371.6), (271.7, 422.3), (303.6, 356.0), (341.0, 310.0), (376.8, 286.3), (408.2, 286.9), (436.3, 321.0), (467.5, 387.9), (500.8, 390.8), (539.2, 370.3), (575.6, 374.8), (607.5, 413.7), (639.1, 378.7), (677.8, 369.3), (717.7, 396.6), (754.1, 412.9), (787.1, 369.1), (823.6, 394.4), (855.1, 412.9), (880.5, 349.1), (905.6, 305.8), (934.5, 285.0), (966.4, 289.2), (1005.1, 327.8), (1044.4, 397.1), (1078.6, 395.0), (1110.6, 336.3), (1141.0, 298.4), (1175.4, 283.4), (1215.3, 295.5), (1255.3, 343.0), (1294.2, 322.6), (1332.3, 266.4), (1365.9, 231.3), (1401.3, 219.1), (1440.9, 235.5), (1480.9, 287.4), (1520.3, 316.9), (1555.9, 253.1), (1586.6, 209.8), (1609.7, 189.0), (1635.7, 193.2), (1669.6, 231.8), (1707.5, 301.1), (1741.1, 374.4), (1770.3, 404.4), (1795.0, 378.1), (1808.0, 375.5), (1808.1, 405.5), (1806.9, 395.0), (1806.9, 336.3), (1807.7, 298.4), (1815.2, 283.4), (1830.7, 295.5), (1853.7, 325.4), (1881.3, 259.1), (1910.6, 213.2), (1932.1, 189.4), (1954.6, 190.0), (1985.1, 224.1), (2023.3, 291.0), (2063.3, 364.4), (2101.3, 432.0), (2132.8, 363.1), (2165.1, 314.6), (2195.2, 288.0), (2221.0, 285.1), (2242.2, 314.8), (2256.1, 378.8), (2260.5, 412.9), (2268.5, 369.1), (2284.4, 394.4), (2299.3, 412.9), (2310.9, 369.1), (2328.6, 394.4), (2346.7, 412.9), (2362.9, 349.1), (2383.6, 305.8), (2384.0, 285.0), (2384.0, 289.2), (2384.0, 327.8), (2386.6, 397.1), (2394.2, 395.0), (2407.3, 372.3), (2428.3, 406.1), (2450.4, 395.0), (2477.3, 372.3), (2509.3, 406.1), (2536.5, 395.0), (2566.5, 336.3), (2604.2, 298.4), (2644.2, 283.4), (2684.2, 295.5), (2724.2, 343.0), (2763.8, 415.4), (2801.5, 380.4), (2841.5, 368.5), (2881.5, 385.2), (2920.8, 432.0), (2954.4, 368.0), (2986.0, 384.9), (3013.2, 422.1), (3037.0, 390.0), (3067.0, 381.0), (3104.7, 402.1), (3144.5, 394.6), (3182.0, 374.1), (3215.4, 378.6), (3247.1, 417.5), (3275.6, 379.2), (3310.9, 377.6), (3348.7, 420.0), (3382.3, 378.5), (3421.1, 377.6), (3458.1, 420.0), (3490.8, 378.5), (3527.8, 377.6), (3561.5, 420.0), (3589.0, 378.5), (3614.8, 324.9), (3642.2, 292.5), (3665.2, 283.2), (3683.7, 304.0), (3699.5, 235.2), (3714.1, 186.7), (3722.7, 160.1), (3726.8, 157.1), (3727.3, 186.8), (3730.8, 250.8), (3741.3, 284.9), (3756.9, 221.1), (3760.0, 177.8), (3760.0, 157.0), (3760.0, 161.2), (3760.0, 199.8), (3762.6, 269.1), (3773.1, 342.4), (3790.5, 415.8), (3803.7, 378.5), (3820.3, 324.9), (3838.0, 292.5), (3852.8, 283.2), (3875.4, 304.0), (3906.0, 360.4), (3941.7, 432.0), (3975.3, 363.1), (4014.5, 314.6), (4019.5, 288.0), (4031.0, 285.1), (4044.7, 284.9), (4060.5, 241.1), (4084.3, 266.4), (4112.7, 284.9), (4135.4, 241.1), (4153.7, 266.4), (4167.5, 326.2), (4176.9, 399.5), (4179.8, 338.6), (4179.8, 287.6), (4179.8, 258.1), (4179.8, 251.9), (4181.1, 277.1), (4184.8, 337.6), (4185.1, 390.3), (4185.1, 324.3), (4185.1, 278.7), (4185.1, 255.2), (4185.1, 256.1), (4186.0, 290.5), (4186.4, 357.6), (4186.4, 371.9), (4186.4, 311.0), (4186.4, 270.6), (4186.4, 253.0), (4186.7, 261.3), (4187.5, 304.7), (4187.6, 375.9), (4187.6, 354.8), (4187.6, 298.9), (4187.6, 264.1), (4187.6, 252.2), (4188.2, 268.9), (4188.8, 321.1), (4188.8, 394.3), (4188.8, 338.9), (4188.8, 288.1), (4188.8, 258.9), (4188.8, 253.0), (4189.5, 278.6), (4190.0, 339.3), (4190.0, 390.3), (4190.0, 324.3), (4190.0, 278.7), (4190.0, 255.2), (4190.0, 256.1), (4190.9, 290.5), (4191.3, 357.6), (4191.3, 371.9), (4191.3, 311.0), (4191.3, 270.6), (4191.3, 253.0), (4191.6, 261.3), (4192.0, 304.7), (4192.0, 375.9), (4192.0, 354.8), (4192.0, 298.9), (4192.0, 264.1), (4192.0, 252.2), (4192.6, 268.9), (4192.7, 321.1), (4192.7, 394.3), (4192.7, 338.9), (4192.7, 288.1), (4192.7, 258.9), (4192.7, 253.0), (4193.4, 278.6), (4193.4, 339.3), (4193.4, 390.3), (4193.4, 324.3), (4193.4, 278.7), (4193.4, 255.2), (4193.4, 256.1), (4194.1, 290.5), (4194.1, 357.6), (4194.1, 371.9), (4194.1, 311.0), (4194.1, 270.6), (4194.1, 253.0), (4194.5, 261.3), (4194.8, 304.7), (4194.8, 375.9), (4194.8, 354.8), (4194.8, 298.9), (4194.8, 264.1), (4194.8, 252.2), (4195.5, 268.9), (4195.5, 321.1), (4195.5, 394.3), (4195.5, 338.9), (4195.5, 288.1), (4195.5, 258.9), (4195.5, 253.0), (4196.2, 278.6), (4196.2, 339.3), (4196.2, 390.3), (4196.2, 324.3), (4196.2, 278.7), (4196.2, 255.2), (4196.2, 256.1), (4196.9, 290.5), (4196.9, 357.6), (4196.9, 371.9), (4196.9, 311.0), (4196.9, 270.6), (4196.9, 253.0), (4197.3, 261.3), (4197.6, 304.7), (4197.6, 375.9), (4197.6, 354.8), (4197.6, 298.9), (4197.6, 264.1), (4197.6, 252.2), (4198.3, 268.9), (4198.3, 321.1), (4198.3, 394.3), (4198.3, 338.9), (4198.3, 288.1), (4198.3, 258.9), (4198.3, 253.0), (4199.0, 278.6), (4199.0, 339.3), (4199.0, 390.3), (4199.0, 324.3), (4199.0, 278.7), (4199.0, 255.2), (4199.0, 256.1), (4199.8, 290.5), (4199.8, 357.6), (4199.8, 371.9), (4199.8, 311.0), (4199.8, 270.6), (4199.8, 253.0), (4200.1, 261.3), (4200.5, 304.7), (4200.5, 375.9), (4200.5, 354.8), (4200.5, 298.9), (4200.5, 264.1), (4200.5, 252.2), (4201.1, 268.9), (4201.2, 321.1), (4201.2, 394.3), (4201.2, 338.9), (4201.2, 288.1), (4201.2, 258.9), (4201.2, 253.0), (4201.9, 278.6), (4201.9, 339.3), (4201.9, 390.3), (4201.9, 324.3), (4201.9, 278.7), (4201.9, 255.2), (4201.9, 256.1), (4202.6, 290.5), (4202.6, 357.6), (4202.6, 371.9), (4202.6, 311.0), (4202.6, 270.6), (4202.5, 253.0), (4202.6, 261.3), (4202.9, 304.7), (4202.9, 375.9), (4202.9, 354.8)]",0,0,42.42
experienced,mario,Mario1-1,Stuck,5,1,58.2,0.065,"[(112.0, 432.0), (110.8, 379.1), (116.2, 326.8), (129.8, 295.9), (151.2, 288.0), (180.8, 310.2), (218.1, 368.0), (255.8, 398.0), (295.5, 371.6), (335.5, 369.0), (375.5, 399.0), (414.3, 394.8), (454.3, 374.3), (494.3, 378.8), (534.1, 417.7), (559.6, 432.4), (552.5, 403.9), (543.1, 370.8), (541.7, 402.5), (537.1, 422.3), (525.8, 368.4), (520.1, 391.2), (507.4, 432.4), (487.4, 363.5), (475.2, 315.0), (471.1, 288.4), (474.9, 285.5), (481.8, 315.2), (481.1, 379.1), (474.5, 395.4), (473.9, 372.0), (481.3, 372.8), (496.7, 407.2), (515.9, 432.0), (519.4, 432.0), (519.4, 432.0), (519.4, 432.0), (519.4, 432.0), (519.4, 432.0), (519.4, 432.0), (519.4, 432.0), (519.4, 432.0), (519.4, 432.0), (519.4, 432.0), (519.4, 432.0), (519.4, 432.0), (519.4, 432.0), (519.4, 432.0), (519.4, 432.0), (519.4, 432.0), (519.4, 432.0), (519.4, 432.0), (519.4, 432.0)]",0,0,7.0
experienced,mario,Mario1-1,Stuck,4,1,55.69,0.064,"[(112.0, 432.0), (110.8, 378.5), (116.2, 324.9), (129.8, 292.5), (151.2, 283.2), (180.8, 304.0), (216.8, 360.4), (247.4, 404.5), (279.8, 375.3), (319.0, 369.4), (359.0, 394.9), (396.5, 389.1), (436.5, 368.5), (476.5, 373.0), (516.5, 411.9), (546.5, 432.4), (545.1, 403.9), (541.3, 370.8), (541.7, 402.5), (535.2, 413.2), (526.4, 369.3), (522.0, 396.6), (509.1, 422.6), (491.6, 356.3), (482.0, 310.4), (480.0, 286.7), (481.3, 287.2), (480.9, 321.4), (476.3, 388.3), (467.0, 391.2), (464.5, 370.6), (470.0, 375.1), (483.5, 414.0), (502.0, 432.4), (504.6, 432.4), (504.6, 432.4), (504.6, 432.4), (504.6, 432.4), (504.6, 432.4), (504.6, 432.4), (504.6, 432.4), (504.6, 432.4), (504.6, 432.4), (504.6, 432.4), (504.6, 432.4), (504.6, 432.4), (504.6, 432.4), (504.6, 432.4), (504.6, 432.4), (504.6, 432.4), (504.6, 432.4), (504.6, 432.4), (504.6, 432.4)]",0,0,7.05
experienced,mario,Mario1-1,Stuck,3,0,66.0,0.08,"[(112.0, 432.0), (110.8, 378.5), (116.2, 324.9), (129.8, 292.5), (151.2, 283.2), (180.8, 304.0), (218.1, 360.4), (257.3, 404.5), (297.0, 375.3), (337.0, 369.4), (377.0, 394.9), (416.2, 389.1), (456.2, 368.5), (496.2, 373.0), (536.2, 411.9), (566.2, 432.4), (571.0, 379.5), (577.9, 328.7), (583.6, 299.5), (597.0, 293.5), (617.6, 319.0), (625.2, 379.7), (634.0, 432.0), (636.0, 432.0), (636.0, 432.0), (636.0, 432.0), (636.0, 432.0), (636.0, 432.0), (636.0, 432.0), (636.0, 432.0), (636.0, 432.0), (636.0, 432.0), (636.0, 432.0), (636.0, 432.0), (636.0, 432.0), (636.0, 432.0), (636.0, 432.0), (636.0, 432.0), (636.0, 432.0), (636.0, 432.0), (636.0, 432.0), (636.0, 432.0), (636.0, 432.0), (636.0, 432.0), (636.0, 432.0), (636.0, 432.0), (636.0, 432.0), (636.0, 432.0), (636.0, 432.0), (636.0, 432.0), (636.0, 432.0), (636.0, 432.0), (636.0, 432.0), (636.0, 432.0), (636.0, 432.0), (636.0, 432.0), (636.0, 432.0), (636.0, 432.0), (636.0, 432.0), (636.0, 432.0)]",0,0,7.95
experienced,mario,Mario1-1,Stuck,1,1,113.96,0.716,"[(112.0, 432.0), (113.2, 371.3), (121.8, 320.5), (138.2, 291.3), (162.8, 285.4), (195.2, 310.9), (234.3, 371.6), (270.4, 422.3), (300.6, 356.0), (335.3, 310.0), (368.4, 286.3), (397.4, 286.9), (430.2, 321.0), (465.0, 387.9), (498.7, 390.8), (537.5, 370.3), (574.4, 374.8), (606.9, 413.7), (639.0, 378.7), (677.9, 369.3), (717.5, 396.6), (752.7, 412.9), (784.7, 369.1), (820.0, 394.4), (850.5, 412.9), (874.7, 349.1), (898.7, 305.8), (928.4, 285.0), (956.1, 289.2), (989.8, 327.8), (1028.8, 397.1), (1062.9, 395.0), (1092.4, 336.3), (1118.0, 298.4), (1144.6, 283.4), (1179.2, 295.5), (1219.1, 343.0), (1257.7, 322.6), (1295.7, 266.4), (1329.3, 231.3), (1359.1, 219.1), (1392.5, 235.5), (1432.1, 287.4), (1469.6, 316.9), (1505.1, 253.1), (1538.2, 209.8), (1567.2, 189.0), (1597.8, 193.2), (1633.2, 231.8), (1668.7, 301.1), (1699.8, 374.4), (1726.4, 404.4), (1748.6, 378.1), (1766.3, 375.5), (1779.6, 405.5), (1787.8, 395.0), (1791.4, 336.3), (1791.6, 298.4), (1796.1, 283.4), (1808.6, 295.5), (1826.9, 325.4), (1845.3, 259.1), (1870.5, 213.2), (1897.7, 189.4), (1927.6, 190.0), (1962.5, 224.1), (2002.0, 291.0), (2041.9, 364.4), (2079.4, 432.0), (2110.2, 363.1), (2136.8, 314.6), (2160.4, 288.0), (2182.5, 285.1), (2200.3, 314.8), (2219.7, 378.8), (2240.3, 412.9), (2256.1, 349.1), (2256.0, 305.8), (2257.9, 285.0), (2267.4, 289.2), (2282.7, 267.1), (2295.8, 208.4), (2307.3, 170.5), (2326.3, 155.4), (2353.2, 167.5), (2384.1, 215.0), (2414.6, 287.5), (2443.9, 250.5), (2476.3, 196.9), (2480.0, 164.5), (2480.0, 155.2), (2480.0, 176.0), (2480.4, 232.4), (2486.9, 304.0), (2497.5, 240.0), (2516.1, 256.9), (2542.7, 308.1), (2577.3, 381.2), (2613.9, 412.9), (2644.3, 349.1), (2675.7, 305.8), (2714.4, 285.0), (2754.4, 289.2), (2794.4, 327.8), (2833.7, 397.1), (2870.0, 395.0), (2896.4, 336.3), (2896.7, 298.4), (2900.2, 283.4), (2911.7, 295.5), (2927.7, 250.5), (2944.1, 249.6), (2959.2, 292.0), (2981.7, 362.8), (3005.2, 406.9), (3026.2, 377.7), (3054.0, 371.8), (3089.1, 397.3), (3128.8, 391.5), (3168.4, 371.0), (3204.2, 375.5), (3235.6, 414.3), (3263.1, 386.6), (3280.6, 330.4), (3280.7, 295.3), (3283.3, 283.1), (3284.3, 299.5), (3284.6, 242.9), (3284.8, 192.2), (3288.3, 163.0), (3292.8, 157.1), (3294.8, 182.6), (3300.1, 243.3), (3306.3, 294.3), (3307.0, 228.0), (3307.4, 182.0), (3311.0, 158.3), (3311.4, 158.9), (3312.2, 193.0), (3313.8, 259.9), (3315.8, 275.9), (3317.2, 215.0), (3317.9, 174.6), (3318.1, 157.0), (3318.1, 165.3), (3318.7, 208.7), (3321.2, 279.9), (3322.4, 258.8), (3325.0, 202.9), (3325.5, 168.1), (3325.5, 156.2), (3325.5, 172.9), (3325.6, 225.1), (3329.0, 298.3), (3330.1, 242.9), (3332.1, 192.1), (3332.1, 162.9), (3332.1, 157.0), (3332.1, 182.6), (3332.7, 243.3), (3336.9, 294.3), (3337.8, 228.1), (3337.8, 182.2), (3337.8, 158.6), (3337.8, 159.2), (3337.8, 193.4), (3338.6, 260.4), (3342.1, 275.8), (3342.6, 214.6), (3342.6, 173.9), (3342.6, 156.0), (3342.6, 164.1), (3342.6, 207.1), (3344.5, 278.3), (3348.1, 351.6), (3354.3, 424.9), (3359.3, 370.6), (3370.3, 319.6), (3379.7, 290.1), (3390.1, 283.9), (3396.4, 294.3), (3399.3, 240.3), (3408.8, 261.3), (3417.7, 294.3), (3420.3, 240.3), (3426.8, 261.3), (3436.9, 294.3), (3441.3, 228.0), (3450.2, 182.0), (3461.7, 158.3), (3481.0, 158.9), (3507.1, 193.0), (3534.8, 259.9), (3563.7, 333.3), (3592.4, 406.6), (3615.2, 386.6), (3635.6, 330.4), (3654.7, 295.3), (3669.5, 283.1), (3679.9, 299.5), (3686.7, 242.7), (3699.9, 191.6), (3715.0, 162.1), (3726.1, 155.9), (3732.8, 181.2), (3738.0, 241.6), (3750.2, 294.3), (3766.9, 240.3), (3791.6, 261.3), (3824.3, 317.0), (3863.0, 390.3), (3897.4, 403.8), (3932.9, 342.6), (3972.7, 301.9), (4009.8, 284.0), (4044.5, 292.1), (4078.5, 258.6), (4117.6, 246.7), (4155.1, 284.7), (4188.2, 353.7), (4208.0, 371.3), (4208.0, 310.1), (4208.0, 269.5), (4208.8, 251.5), (4216.2, 259.6), (4227.7, 302.6), (4234.8, 368.0), (4235.6, 299.1), (4236.3, 250.6), (4243.8, 224.0), (4259.3, 221.1), (4282.3, 250.8), (4303.4, 294.3), (4319.9, 228.0), (4343.3, 182.0), (4370.8, 158.3), (4400.7, 158.9), (4435.4, 193.0), (4475.0, 259.9), (4513.3, 333.3), (4548.4, 406.6), (4577.7, 386.6), (4601.6, 330.4), (4621.1, 295.3), (4636.2, 283.1), (4646.8, 299.5), (4653.0, 351.4), (4654.7, 381.0), (4654.7, 317.5), (4654.7, 274.5), (4655.7, 253.9), (4659.6, 258.4), (4662.8, 297.3), (4663.0, 366.8), (4663.0, 306.9), (4663.3, 256.1), (4669.8, 226.9), (4684.3, 221.0), (4705.3, 246.6), (4730.9, 304.0), (4753.3, 235.1), (4780.1, 186.6), (4809.0, 160.0), (4838.6, 157.1), (4872.8, 186.8), (4911.9, 250.8), (4951.1, 324.1), (4990.3, 339.8), (5029.2, 278.6), (5063.9, 237.9), (5094.2, 220.0), (5120.1, 228.1), (5141.4, 271.1), (5163.8, 342.3), (5188.3, 322.6), (5215.2, 266.4), (5238.3, 231.3), (5262.5, 219.1), (5294.6, 235.5), (5333.5, 287.4), (5370.1, 250.5), (5403.4, 196.9), (5432.2, 164.5), (5460.9, 155.2), (5493.4, 176.0), (5528.0, 232.4), (5566.9, 305.8), (5602.2, 379.1), (5616.2, 395.4), (5616.2, 371.9), (5616.2, 372.8), (5616.2, 407.2), (5616.8, 395.1), (5616.8, 336.5), (5621.3, 298.6), (5631.8, 283.6), (5640.7, 295.8), (5645.0, 343.4), (5645.5, 322.8), (5648.1, 266.9), (5651.0, 232.1), (5655.0, 220.2), (5665.5, 236.9), (5673.8, 289.1), (5677.7, 362.3), (5677.8, 306.9), (5677.8, 256.1), (5677.8, 226.9), (5679.3, 221.0), (5680.6, 246.6), (5680.8, 307.3), (5680.8, 358.3), (5680.8, 292.3), (5680.8, 246.7), (5680.8, 223.2), (5681.2, 224.1), (5682.4, 258.5), (5682.5, 325.6), (5682.5, 339.9), (5682.5, 279.0), (5682.5, 238.6), (5682.5, 221.0), (5683.1, 229.3), (5684.1, 272.7), (5684.1, 343.9), (5684.1, 322.8), (5684.1, 266.9), (5684.1, 232.1), (5684.1, 220.2), (5685.0, 236.9), (5685.7, 289.1), (5685.7, 362.3), (5685.7, 306.9), (5685.7, 256.1), (5685.7, 226.9), (5685.7, 221.0), (5685.7, 246.6), (5685.7, 307.3), (5685.7, 358.3), (5685.7, 292.3), (5685.7, 246.7), (5685.7, 223.2), (5685.7, 224.1), (5685.7, 258.5), (5685.7, 325.6), (5685.7, 339.9), (5685.7, 279.0), (5685.7, 238.6), (5685.7, 221.0), (5685.7, 229.3), (5685.7, 272.7), (5685.7, 343.9), (5685.7, 322.8), (5685.7, 266.9), (5685.7, 232.1), (5685.7, 220.2), (5685.7, 236.9), (5685.7, 289.1), (5685.7, 362.3), (5685.7, 306.9), (5685.7, 256.1), (5685.7, 226.9), (5685.7, 221.0), (5685.7, 246.6), (5685.7, 307.3), (5685.7, 358.3), (5685.7, 292.3)]",0,0,48.87
experienced,mario,Mario1-1,Stuck,1,0,4.52,0.02,"[(112.0, 432.0), (110.1, 371.0), (114.1, 319.9), (121.6, 290.4), (135.2, 284.2), (145.5, 309.5), (150.1, 370.0), (146.5, 422.3), (141.2, 356.0), (143.9, 310.0), (154.6, 286.3), (169.3, 286.9), (179.7, 321.0), (183.6, 387.9), (182.8, 390.8), (180.5, 370.3), (170.4, 374.8), (152.4, 413.7), (132.2, 386.6), (120.6, 330.4), (117.0, 295.3), (121.4, 283.1), (129.7, 299.5), (133.2, 351.4), (129.0, 424.6), (126.9, 370.6), (131.7, 319.6), (139.9, 290.1), (154.3, 283.9), (165.3, 309.1), (170.8, 369.6), (167.9, 422.3), (159.7, 356.0), (159.2, 310.0), (166.7, 286.3), (179.2, 286.9), (188.0, 321.0), (190.2, 387.9), (186.0, 390.8), (183.5, 370.3), (173.8, 374.8), (156.1, 413.7), (131.0, 386.6), (111.3, 330.4), (99.6, 295.3), (95.8, 283.1), (98.2, 299.5), (97.1, 351.4), (88.6, 424.6), (74.7, 370.6), (68.2, 319.6), (69.7, 290.1), (78.6, 283.9), (86.0, 309.1), (87.8, 369.6), (82.3, 422.3), (82.6, 356.0), (87.9, 310.0), (98.2, 286.3), (112.3, 286.9), (122.3, 321.0), (125.8, 387.9), (120.2, 403.8), (113.7, 342.6), (115.2, 301.9), (124.7, 284.0), (136.7, 292.1), (144.2, 335.1), (144.4, 406.3), (135.6, 386.6), (129.9, 330.4), (132.2, 295.3), (142.2, 283.1), (152.0, 299.5)]",0,0,9.85
experienced,mario,Mario1-1,Enemy,1,0,241.5,0.057,"[(112.0, 432.0), (119.1, 371.0), (134.6, 319.9), (158.1, 290.4), (189.6, 284.2), (228.4, 309.5), (268.4, 370.0), (308.4, 400.0), (348.4, 373.6), (388.4, 371.0), (428.4, 401.0)]",0,0,1.43
experienced,mario,Mario1-1,Stuck,1,0,138.8,0.718,"[(112.0, 432.0), (113.2, 371.3), (121.8, 320.5), (138.2, 291.3), (162.8, 285.4), (195.2, 310.9), (234.4, 371.6), (271.1, 422.3), (303.2, 356.0), (341.4, 310.0), (377.8, 286.3), (409.7, 286.9), (438.4, 321.0), (470.2, 387.9), (502.4, 390.8), (540.1, 370.3), (576.3, 374.8), (608.0, 413.7), (639.4, 378.7), (677.8, 369.3), (717.6, 396.6), (753.4, 412.9), (785.9, 369.1), (821.8, 394.4), (852.8, 412.9), (877.6, 349.1), (902.1, 305.8), (932.0, 285.0), (965.1, 289.2), (1004.4, 327.8), (1043.7, 397.1), (1077.8, 395.0), (1109.8, 336.3), (1140.0, 298.4), (1165.9, 283.4), (1198.3, 295.5), (1237.5, 343.0), (1276.4, 322.6), (1314.5, 266.4), (1347.9, 231.3), (1376.7, 219.1), (1412.0, 235.5), (1452.0, 287.4), (1490.7, 316.9), (1523.5, 253.1), (1549.1, 209.8), (1566.7, 189.0), (1583.3, 193.2), (1607.9, 231.8), (1640.5, 301.1), (1679.0, 374.4), (1715.4, 404.4), (1747.3, 378.1), (1774.8, 375.5), (1797.9, 405.5), (1808.8, 395.0), (1808.2, 336.3), (1810.1, 298.4), (1819.6, 283.4), (1837.1, 295.5), (1862.1, 325.4), (1890.2, 259.1), (1912.8, 213.2), (1927.4, 189.4), (1941.0, 190.0), (1962.6, 224.1), (1992.2, 291.0), (2029.7, 364.4), (2067.8, 432.0), (2099.0, 363.1), (2125.0, 314.6), (2143.2, 288.0), (2154.9, 285.1), (2172.0, 314.8), (2196.6, 378.8), (2223.8, 412.9), (2252.1, 349.1), (2256.0, 305.8), (2254.1, 285.0), (2253.6, 289.2), (2255.7, 327.8), (2258.3, 397.1), (2265.3, 395.0), (2276.8, 372.3), (2294.9, 406.1), (2309.6, 395.0), (2324.9, 372.3), (2345.4, 406.1), (2362.7, 395.0), (2384.9, 336.3), (2384.0, 298.4), (2384.0, 283.4), (2384.0, 295.5), (2384.0, 343.0), (2388.5, 415.4), (2395.2, 378.5), (2408.7, 377.6), (2429.0, 420.0), (2448.0, 378.5), (2473.8, 377.6), (2502.2, 420.0), (2525.6, 378.5), (2554.4, 324.9), (2591.2, 292.5), (2631.2, 283.2), (2671.2, 304.0), (2711.1, 360.4), (2748.6, 404.5), (2786.8, 375.3), (2826.8, 369.4), (2866.6, 394.9), (2902.4, 412.9), (2938.8, 369.1), (2974.8, 394.4), (3006.4, 399.6), (3037.7, 376.1), (3076.2, 377.0), (3116.1, 411.4), (3151.6, 386.6), (3183.3, 374.7), (3210.6, 412.7), (3232.2, 386.6), (3256.2, 330.4), (3278.7, 295.3), (3300.2, 283.1), (3318.5, 299.5), (3330.6, 242.7), (3338.4, 191.6), (3341.6, 162.1), (3341.8, 155.9), (3341.8, 181.2), (3341.9, 241.6), (3345.4, 315.0), (3351.2, 388.3), (3359.2, 403.8), (3370.6, 342.6), (3376.0, 301.9), (3378.6, 284.0), (3387.8, 292.1), (3397.2, 258.6), (3408.9, 246.7), (3427.5, 284.7), (3442.3, 258.6), (3460.1, 202.4), (3481.7, 167.3), (3496.6, 155.1), (3514.2, 171.5), (3539.8, 223.4), (3566.6, 296.6), (3596.2, 369.9), (3622.9, 422.3), (3645.1, 356.0), (3664.0, 310.0), (3664.0, 286.3), (3664.0, 286.9), (3664.0, 321.0), (3665.9, 387.9), (3673.1, 403.8), (3685.2, 370.5), (3705.2, 399.9), (3728.3, 403.8), (3752.7, 370.5), (3782.2, 399.9), (3806.9, 403.8), (3828.7, 342.6), (3855.4, 301.9), (3884.5, 284.0), (3921.6, 292.1), (3961.6, 335.1), (4001.4, 406.3), (4039.4, 386.6), (4079.4, 374.7), (4117.4, 412.7), (4149.6, 386.6), (4176.4, 330.4), (4198.8, 295.3), (4216.8, 283.1), (4230.3, 299.5), (4239.3, 351.4), (4240.0, 314.5), (4240.4, 261.0), (4246.9, 228.7), (4261.4, 219.4), (4283.9, 240.3), (4310.3, 296.8), (4331.6, 242.6), (4358.6, 191.6), (4384.7, 162.1), (4405.2, 155.9), (4432.3, 181.1), (4467.4, 241.6), (4506.6, 314.9), (4544.4, 388.3), (4577.5, 403.8), (4604.7, 342.6), (4627.4, 301.9), (4645.7, 284.0), (4659.5, 292.1), (4668.9, 335.1), (4672.7, 331.0), (4675.3, 272.3), (4685.8, 234.4), (4704.3, 219.4), (4730.8, 231.5), (4761.2, 279.0), (4785.9, 258.6), (4812.3, 202.4), (4841.4, 167.3), (4864.3, 155.1), (4892.7, 171.5), (4929.1, 223.4), (4968.9, 296.6), (5007.0, 369.9), (5041.8, 422.3), (5071.3, 356.0), (5102.5, 310.0), (5139.7, 286.3), (5177.9, 286.9), (5213.7, 321.0), (5250.3, 387.9), (5288.0, 403.8), (5327.6, 370.5), (5367.6, 399.9), (5404.2, 403.8), (5436.9, 342.6), (5474.4, 301.9), (5508.7, 284.0), (5541.9, 292.1), (5573.5, 335.1), (5600.6, 406.3), (5616.0, 386.6), (5616.1, 330.4), (5621.6, 295.3), (5635.1, 283.1), (5653.7, 299.5), (5668.4, 351.4), (5677.0, 314.5), (5682.6, 260.9), (5688.3, 228.5), (5688.2, 219.2), (5688.0, 240.0), (5689.2, 296.4), (5690.9, 368.0), (5690.9, 299.4), (5694.4, 251.2), (5696.9, 224.9), (5696.4, 222.3), (5695.9, 252.3), (5696.1, 316.4), (5696.1, 349.0), (5696.1, 285.5), (5698.9, 242.5), (5699.1, 221.9), (5699.0, 226.4), (5699.1, 265.3), (5699.2, 334.8), (5699.2, 331.2), (5699.5, 272.8), (5702.2, 235.2), (5702.1, 220.4), (5702.1, 232.8), (5702.2, 280.6), (5702.2, 353.1), (5702.2, 314.7), (5702.3, 261.4), (5703.1, 229.3), (5702.6, 220.3), (5702.1, 241.4), (5702.2, 298.1), (5702.2, 368.0), (5702.2, 299.4), (5702.9, 251.2), (5702.9, 224.9), (5702.4, 222.3), (5701.9, 252.3), (5702.1, 316.4), (5702.1, 349.0), (5702.1, 285.5), (5703.2, 242.5), (5702.7, 221.9), (5702.2, 226.4), (5702.0, 265.3), (5702.0, 334.8), (5702.0, 331.2), (5702.0, 272.8), (5703.0, 235.2), (5702.5, 220.4), (5702.0, 232.8), (5701.9, 280.6), (5701.9, 353.1), (5701.9, 314.7), (5702.1, 261.4), (5702.8, 229.3), (5702.3, 220.3), (5701.8, 241.4), (5701.9, 298.1), (5701.9, 368.0), (5701.9, 299.4), (5702.8, 251.2), (5702.8, 224.9), (5702.3, 222.3), (5701.8, 252.3), (5702.0, 316.4)]",0,0,40.27
experienced,mario,Mario1-1,Stuck,1,0,124.14,0.221,"[(112.0, 432.0), (113.2, 371.3), (121.8, 320.5), (138.2, 291.3), (162.8, 285.4), (195.2, 310.9), (234.3, 371.6), (270.4, 422.3), (301.2, 356.0), (337.4, 310.0), (372.1, 286.3), (402.4, 286.9), (430.2, 321.0), (458.8, 387.9), (488.0, 390.8), (524.6, 370.3), (563.1, 374.8), (597.3, 413.7), (632.4, 378.7), (672.3, 369.3), (712.1, 396.6), (747.9, 412.9), (781.6, 369.1), (820.1, 394.4), (854.3, 412.9), (882.2, 349.1), (911.2, 305.8), (942.7, 285.0), (969.7, 289.2), (996.4, 327.8), (1029.0, 397.1), (1057.1, 395.0), (1085.0, 336.3), (1115.5, 298.4), (1142.4, 283.4), (1172.7, 295.5), (1210.6, 343.0), (1248.4, 322.6), (1285.9, 266.4), (1318.9, 231.3), (1347.5, 219.1), (1375.6, 235.5), (1410.1, 287.4), (1445.6, 360.6), (1456.1, 432.0), (1454.9, 363.1), (1454.9, 314.6), (1457.6, 288.0), (1468.1, 285.1), (1486.6, 314.8), (1510.6, 289.7), (1534.6, 233.6), (1557.9, 198.4), (1581.9, 186.2), (1609.5, 202.6), (1641.4, 254.5), (1670.8, 327.7), (1695.7, 401.0), (1716.2, 391.0), (1732.3, 373.3), (1743.9, 381.7), (1751.1, 425.0), (1752.1, 371.6), (1752.1, 320.5), (1752.1, 291.1), (1752.1, 284.9), (1752.1, 310.2), (1752.1, 370.6), (1752.1, 422.3), (1752.1, 356.3), (1752.1, 310.7), (1752.1, 287.2), (1752.1, 288.1), (1752.1, 322.5), (1752.1, 389.6), (1752.1, 403.9), (1752.1, 343.0), (1752.1, 302.6), (1752.1, 285.0), (1752.1, 293.3), (1752.1, 336.7), (1752.1, 407.9), (1752.1, 386.8), (1752.1, 330.9), (1752.1, 296.1), (1752.1, 284.2), (1752.1, 300.9), (1752.1, 353.1), (1752.1, 426.3), (1752.1, 370.9), (1752.1, 320.1), (1752.1, 290.9), (1752.1, 285.0), (1752.1, 310.6), (1752.1, 371.3), (1752.1, 422.3), (1752.1, 356.3), (1752.1, 310.7), (1752.1, 287.2), (1752.1, 288.1)]",0,0,13.2
experienced,mario,Mario1-1,Stuck,1,0,138.8,0.718,"[(112.0, 432.0), (113.2, 371.3), (121.8, 320.5), (138.2, 291.3), (162.8, 285.4), (195.2, 310.9), (234.4, 371.6), (271.1, 422.3), (303.2, 356.0), (341.4, 310.0), (377.8, 286.3), (409.7, 286.9), (438.4, 321.0), (470.2, 387.9), (502.4, 390.8), (540.1, 370.3), (576.3, 374.8), (608.0, 413.7), (639.4, 378.7), (677.8, 369.3), (717.6, 396.6), (753.4, 412.9), (785.9, 369.1), (821.8, 394.4), (852.8, 412.9), (877.6, 349.1), (902.1, 305.8), (932.0, 285.0), (965.1, 289.2), (1004.4, 327.8), (1043.7, 397.1), (1077.8, 395.0), (1109.8, 336.3), (1140.0, 298.4), (1165.9, 283.4), (1198.3, 295.5), (1237.5, 343.0), (1276.4, 322.6), (1314.5, 266.4), (1347.9, 231.3), (1376.7, 219.1), (1412.0, 235.5), (1452.0, 287.4), (1490.7, 316.9), (1523.5, 253.1), (1549.1, 209.8), (1566.7, 189.0), (1583.3, 193.2), (1607.9, 231.8), (1640.5, 301.1), (1679.0, 374.4), (1715.4, 404.4), (1747.3, 378.1), (1774.8, 375.5), (1797.9, 405.5), (1808.8, 395.0), (1808.2, 336.3), (1810.1, 298.4), (1819.6, 283.4), (1837.1, 295.5), (1862.1, 325.4), (1890.2, 259.1), (1912.8, 213.2), (1927.4, 189.4), (1941.0, 190.0), (1962.6, 224.1), (1992.2, 291.0), (2029.7, 364.4), (2067.8, 432.0), (2099.0, 363.1), (2125.0, 314.6), (2143.2, 288.0), (2154.9, 285.1), (2172.0, 314.8), (2196.6, 378.8), (2223.8, 412.9), (2252.1, 349.1), (2256.0, 305.8), (2254.1, 285.0), (2253.6, 289.2), (2255.7, 327.8), (2258.3, 397.1), (2265.3, 395.0), (2276.8, 372.3), (2294.9, 406.1), (2309.6, 395.0), (2324.9, 372.3), (2345.4, 406.1), (2362.7, 395.0), (2384.9, 336.3), (2384.0, 298.4), (2384.0, 283.4), (2384.0, 295.5), (2384.0, 343.0), (2388.5, 415.4), (2395.2, 378.5), (2408.7, 377.6), (2429.0, 420.0), (2448.0, 378.5), (2473.8, 377.6), (2502.2, 420.0), (2525.6, 378.5), (2554.4, 324.9), (2591.2, 292.5), (2631.2, 283.2), (2671.2, 304.0), (2711.1, 360.4), (2748.6, 404.5), (2786.8, 375.3), (2826.8, 369.4), (2866.6, 394.9), (2902.4, 412.9), (2938.8, 369.1), (2974.8, 394.4), (3006.4, 399.6), (3037.7, 376.1), (3076.2, 377.0), (3116.1, 411.4), (3151.6, 386.6), (3183.3, 374.7), (3210.6, 412.7), (3232.2, 386.6), (3256.2, 330.4), (3278.7, 295.3), (3300.2, 283.1), (3318.5, 299.5), (3330.6, 242.7), (3338.4, 191.6), (3341.6, 162.1), (3341.8, 155.9), (3341.8, 181.2), (3341.9, 241.6), (3345.4, 315.0), (3351.2, 388.3), (3359.2, 403.8), (3370.6, 342.6), (3376.0, 301.9), (3378.6, 284.0), (3387.8, 292.1), (3397.2, 258.6), (3408.9, 246.7), (3427.5, 284.7), (3442.3, 258.6), (3460.1, 202.4), (3481.7, 167.3), (3496.6, 155.1), (3514.2, 171.5), (3539.8, 223.4), (3566.6, 296.6), (3596.2, 369.9), (3622.9, 422.3), (3645.1, 356.0), (3664.0, 310.0), (3664.0, 286.3), (3664.0, 286.9), (3664.0, 321.0), (3665.9, 387.9), (3673.1, 403.8), (3685.2, 370.5), (3705.2, 399.9), (3728.3, 403.8), (3752.7, 370.5), (3782.2, 399.9), (3806.9, 403.8), (3828.7, 342.6), (3855.4, 301.9), (3884.5, 284.0), (3921.6, 292.1), (3961.6, 335.1), (4001.4, 406.3), (4039.4, 386.6), (4079.4, 374.7), (4117.4, 412.7), (4149.6, 386.6), (4176.4, 330.4), (4198.8, 295.3), (4216.8, 283.1), (4230.3, 299.5), (4239.3, 351.4), (4240.0, 314.5), (4240.4, 261.0), (4246.9, 228.7), (4261.4, 219.4), (4283.9, 240.3), (4310.3, 296.8), (4331.6, 242.6), (4358.6, 191.6), (4384.7, 162.1), (4405.2, 155.9), (4432.3, 181.1), (4467.4, 241.6), (4506.6, 314.9), (4544.4, 388.3), (4577.5, 403.8), (4604.7, 342.6), (4627.4, 301.9), (4645.7, 284.0), (4659.5, 292.1), (4668.9, 335.1), (4672.7, 331.0), (4675.3, 272.3), (4685.8, 234.4), (4704.3, 219.4), (4730.8, 231.5), (4761.2, 279.0), (4785.9, 258.6), (4812.3, 202.4), (4841.4, 167.3), (4864.3, 155.1), (4892.7, 171.5), (4929.1, 223.4), (4968.9, 296.6), (5007.0, 369.9), (5041.8, 422.3), (5071.3, 356.0), (5102.5, 310.0), (5139.7, 286.3), (5177.9, 286.9), (5213.7, 321.0), (5250.3, 387.9), (5288.0, 403.8), (5327.6, 370.5), (5367.6, 399.9), (5404.2, 403.8), (5436.9, 342.6), (5474.4, 301.9), (5508.7, 284.0), (5541.9, 292.1), (5573.5, 335.1), (5600.6, 406.3), (5616.0, 386.6), (5616.1, 330.4), (5621.6, 295.3), (5635.1, 283.1), (5653.7, 299.5), (5668.4, 351.4), (5677.0, 314.5), (5682.6, 260.9), (5688.3, 228.5), (5688.2, 219.2), (5688.0, 240.0), (5689.2, 296.4), (5690.9, 368.0), (5690.9, 299.4), (5694.4, 251.2), (5696.9, 224.9), (5696.4, 222.3), (5695.9, 252.3), (5696.1, 316.4), (5696.1, 349.0), (5696.1, 285.5), (5698.9, 242.5), (5699.1, 221.9), (5699.0, 226.4), (5699.1, 265.3), (5699.2, 334.8), (5699.2, 331.2), (5699.5, 272.8), (5702.2, 235.2), (5702.1, 220.4), (5702.1, 232.8), (5702.2, 280.6), (5702.2, 353.1), (5702.2, 314.7), (5702.3, 261.4), (5703.1, 229.3), (5702.6, 220.3), (5702.1, 241.4), (5702.2, 298.1), (5702.2, 368.0), (5702.2, 299.4), (5702.9, 251.2), (5702.9, 224.9), (5702.4, 222.3), (5701.9, 252.3), (5702.1, 316.4), (5702.1, 349.0), (5702.1, 285.5), (5703.2, 242.5), (5702.7, 221.9), (5702.2, 226.4), (5702.0, 265.3), (5702.0, 334.8), (5702.0, 331.2), (5702.0, 272.8), (5703.0, 235.2), (5702.5, 220.4), (5702.0, 232.8), (5701.9, 280.6), (5701.9, 353.1), (5701.9, 314.7), (5702.1, 261.4), (5702.8, 229.3), (5702.3, 220.3), (5701.8, 241.4), (5701.9, 298.1), (5701.9, 368.0), (5701.9, 299.4), (5702.8, 251.2), (5702.8, 224.9), (5702.3, 222.3), (5701.8, 252.3), (5702.0, 316.4)]",0,0,40.27
experienced,mario,Mario1-1,Stuck,1,1,113.96,0.716,"[(112.0, 432.0), (113.2, 371.3), (121.8, 320.5), (138.2, 291.3), (162.8, 285.4), (195.2, 310.9), (234.3, 371.6), (270.4, 422.3), (300.6, 356.0), (335.3, 310.0), (368.4, 286.3), (397.4, 286.9), (430.2, 321.0), (465.0, 387.9), (498.7, 390.8), (537.5, 370.3), (574.4, 374.8), (606.9, 413.7), (639.0, 378.7), (677.9, 369.3), (717.5, 396.6), (752.7, 412.9), (784.7, 369.1), (820.0, 394.4), (850.5, 412.9), (874.7, 349.1), (898.7, 305.8), (928.4, 285.0), (956.1, 289.2), (989.8, 327.8), (1028.8, 397.1), (1062.9, 395.0), (1092.4, 336.3), (1118.0, 298.4), (1144.6, 283.4), (1179.2, 295.5), (1219.1, 343.0), (1257.7, 322.6), (1295.7, 266.4), (1329.3, 231.3), (1359.1, 219.1), (1392.5, 235.5), (1432.1, 287.4), (1469.6, 316.9), (1505.1, 253.1), (1538.2, 209.8), (1567.2, 189.0), (1597.8, 193.2), (1633.2, 231.8), (1668.7, 301.1), (1699.8, 374.4), (1726.4, 404.4), (1748.6, 378.1), (1766.3, 375.5), (1779.6, 405.5), (1787.8, 395.0), (1791.4, 336.3), (1791.6, 298.4), (1796.1, 283.4), (1808.6, 295.5), (1826.9, 325.4), (1845.3, 259.1), (1870.5, 213.2), (1897.7, 189.4), (1927.6, 190.0), (1962.5, 224.1), (2002.0, 291.0), (2041.9, 364.4), (2079.4, 432.0), (2110.2, 363.1), (2136.8, 314.6), (2160.4, 288.0), (2182.5, 285.1), (2200.3, 314.8), (2219.7, 378.8), (2240.3, 412.9), (2256.1, 349.1), (2256.0, 305.8), (2257.9, 285.0), (2267.4, 289.2), (2282.7, 267.1), (2295.8, 208.4), (2307.3, 170.5), (2326.3, 155.4), (2353.2, 167.5), (2384.1, 215.0), (2414.6, 287.5), (2443.9, 250.5), (2476.3, 196.9), (2480.0, 164.5), (2480.0, 155.2), (2480.0, 176.0), (2480.4, 232.4), (2486.9, 304.0), (2497.5, 240.0), (2516.1, 256.9), (2542.7, 308.1), (2577.3, 381.2), (2613.9, 412.9), (2644.3, 349.1), (2675.7, 305.8), (2714.4, 285.0), (2754.4, 289.2), (2794.4, 327.8), (2833.7, 397.1), (2870.0, 395.0), (2896.4, 336.3), (2896.7, 298.4), (2900.2, 283.4), (2911.7, 295.5), (2927.7, 250.5), (2944.1, 249.6), (2959.2, 292.0), (2981.7, 362.8), (3005.2, 406.9), (3026.2, 377.7), (3054.0, 371.8), (3089.1, 397.3), (3128.8, 391.5), (3168.4, 371.0), (3204.2, 375.5), (3235.6, 414.3), (3263.1, 386.6), (3280.6, 330.4), (3280.7, 295.3), (3283.3, 283.1), (3284.3, 299.5), (3284.6, 242.9), (3284.8, 192.2), (3288.3, 163.0), (3292.8, 157.1), (3294.8, 182.6), (3300.1, 243.3), (3306.3, 294.3), (3307.0, 228.0), (3307.4, 182.0), (3311.0, 158.3), (3311.4, 158.9), (3312.2, 193.0), (3313.8, 259.9), (3315.8, 275.9), (3317.2, 215.0), (3317.9, 174.6), (3318.1, 157.0), (3318.1, 165.3), (3318.7, 208.7), (3321.2, 279.9), (3322.4, 258.8), (3325.0, 202.9), (3325.5, 168.1), (3325.5, 156.2), (3325.5, 172.9), (3325.6, 225.1), (3329.0, 298.3), (3330.1, 242.9), (3332.1, 192.1), (3332.1, 162.9), (3332.1, 157.0), (3332.1, 182.6), (3332.7, 243.3), (3336.9, 294.3), (3337.8, 228.1), (3337.8, 182.2), (3337.8, 158.6), (3337.8, 159.2), (3337.8, 193.4), (3338.6, 260.4), (3342.1, 275.8), (3342.6, 214.6), (3342.6, 173.9), (3342.6, 156.0), (3342.6, 164.1), (3342.6, 207.1), (3344.5, 278.3), (3348.1, 351.6), (3354.3, 424.9), (3359.3, 370.6), (3370.3, 319.6), (3379.7, 290.1), (3390.1, 283.9), (3396.4, 294.3), (3399.3, 240.3), (3408.8, 261.3), (3417.7, 294.3), (3420.3, 240.3), (3426.8, 261.3), (3436.9, 294.3), (3441.3, 228.0), (3450.2, 182.0), (3461.7, 158.3), (3481.0, 158.9), (3507.1, 193.0), (3534.8, 259.9), (3563.7, 333.3), (3592.4, 406.6), (3615.2, 386.6), (3635.6, 330.4), (3654.7, 295.3), (3669.5, 283.1), (3679.9, 299.5), (3686.7, 242.7), (3699.9, 191.6), (3715.0, 162.1), (3726.1, 155.9), (3732.8, 181.2), (3738.0, 241.6), (3750.2, 294.3), (3766.9, 240.3), (3791.6, 261.3), (3824.3, 317.0), (3863.0, 390.3), (3897.4, 403.8), (3932.9, 342.6), (3972.7, 301.9), (4009.8, 284.0), (4044.5, 292.1), (4078.5, 258.6), (4117.6, 246.7), (4155.1, 284.7), (4188.2, 353.7), (4208.0, 371.3), (4208.0, 310.1), (4208.0, 269.5), (4208.8, 251.5), (4216.2, 259.6), (4227.7, 302.6), (4234.8, 368.0), (4235.6, 299.1), (4236.3, 250.6), (4243.8, 224.0), (4259.3, 221.1), (4282.3, 250.8), (4303.4, 294.3), (4319.9, 228.0), (4343.3, 182.0), (4370.8, 158.3), (4400.7, 158.9), (4435.4, 193.0), (4475.0, 259.9), (4513.3, 333.3), (4548.4, 406.6), (4577.7, 386.6), (4601.6, 330.4), (4621.1, 295.3), (4636.2, 283.1), (4646.8, 299.5), (4653.0, 351.4), (4654.7, 381.0), (4654.7, 317.5), (4654.7, 274.5), (4655.7, 253.9), (4659.6, 258.4), (4662.8, 297.3), (4663.0, 366.8), (4663.0, 306.9), (4663.3, 256.1), (4669.8, 226.9), (4684.3, 221.0), (4705.3, 246.6), (4730.9, 304.0), (4753.3, 235.1), (4780.1, 186.6), (4809.0, 160.0), (4838.6, 157.1), (4872.8, 186.8), (4911.9, 250.8), (4951.1, 324.1), (4990.3, 339.8), (5029.2, 278.6), (5063.9, 237.9), (5094.2, 220.0), (5120.1, 228.1), (5141.4, 271.1), (5163.8, 342.3), (5188.3, 322.6), (5215.2, 266.4), (5238.3, 231.3), (5262.5, 219.1), (5294.6, 235.5), (5333.5, 287.4), (5370.1, 250.5), (5403.4, 196.9), (5432.2, 164.5), (5460.9, 155.2), (5493.4, 176.0), (5528.0, 232.4), (5566.9, 305.8), (5602.2, 379.1), (5616.2, 395.4), (5616.2, 371.9), (5616.2, 372.8), (5616.2, 407.2), (5616.8, 395.1), (5616.8, 336.5), (5621.3, 298.6), (5631.8, 283.6), (5640.7, 295.8), (5645.0, 343.4), (5645.5, 322.8), (5648.1, 266.9), (5651.0, 232.1), (5655.0, 220.2), (5665.5, 236.9), (5673.8, 289.1), (5677.7, 362.3), (5677.8, 306.9), (5677.8, 256.1), (5677.8, 226.9), (5679.3, 221.0), (5680.6, 246.6), (5680.8, 307.3), (5680.8, 358.3), (5680.8, 292.3), (5680.8, 246.7), (5680.8, 223.2), (5681.2, 224.1), (5682.4, 258.5), (5682.5, 325.6), (5682.5, 339.9), (5682.5, 279.0), (5682.5, 238.6), (5682.5, 221.0), (5683.1, 229.3), (5684.1, 272.7), (5684.1, 343.9), (5684.1, 322.8), (5684.1, 266.9), (5684.1, 232.1), (5684.1, 220.2), (5685.0, 236.9), (5685.7, 289.1), (5685.7, 362.3), (5685.7, 306.9), (5685.7, 256.1), (5685.7, 226.9), (5685.7, 221.0), (5685.7, 246.6), (5685.7, 307.3), (5685.7, 358.3), (5685.7, 292.3), (5685.7, 246.7), (5685.7, 223.2), (5685.7, 224.1), (5685.7, 258.5), (5685.7, 325.6), (5685.7, 339.9), (5685.7, 279.0), (5685.7, 238.6), (5685.7, 221.0), (5685.7, 229.3), (5685.7, 272.7), (5685.7, 343.9), (5685.7, 322.8), (5685.7, 266.9), (5685.7, 232.1), (5685.7, 220.2), (5685.7, 236.9), (5685.7, 289.1), (5685.7, 362.3), (5685.7, 306.9), (5685.7, 256.1), (5685.7, 226.9), (5685.7, 221.0), (5685.7, 246.6), (5685.7, 307.3), (5685.7, 358.3), (5685.7, 292.3)]",0,0,48.87
experienced,mario,Mario1-1,Pit,1,0,150.76,0.611,"[(112.0, 432.0), (113.2, 371.3), (121.8, 320.5), (138.2, 291.3), (162.8, 285.4), (195.2, 310.9), (234.3, 371.6), (270.4, 422.3), (300.6, 356.0), (335.3, 310.0), (368.4, 286.3), (397.2, 286.9), (426.9, 321.0), (458.6, 387.9), (489.1, 390.8), (525.7, 370.3), (564.3, 374.8), (598.4, 413.7), (632.3, 378.7), (671.8, 369.3), (711.2, 396.6), (746.3, 412.9), (779.3, 369.1), (817.2, 394.4), (850.7, 412.9), (878.0, 349.1), (904.9, 305.8), (935.5, 285.0), (962.1, 289.2), (992.6, 327.8), (1029.2, 397.1), (1061.3, 395.0), (1090.1, 336.3), (1116.8, 298.4), (1143.2, 283.4), (1175.8, 295.5), (1215.1, 343.0), (1253.7, 322.6), (1291.7, 266.4), (1325.3, 231.3), (1354.5, 219.1), (1384.8, 235.5), (1422.7, 287.4), (1456.0, 360.6), (1456.1, 432.0), (1454.9, 363.1), (1454.9, 314.6), (1457.6, 288.0), (1468.1, 285.1), (1486.6, 314.8), (1510.6, 289.7), (1533.9, 233.6), (1549.7, 198.4), (1561.3, 186.2), (1580.2, 202.6), (1607.0, 254.5), (1641.2, 327.7), (1679.0, 401.0), (1713.5, 391.0), (1743.6, 373.3), (1769.2, 381.7), (1790.3, 425.0), (1808.5, 371.5), (1808.0, 320.5), (1809.9, 291.0), (1819.4, 284.8), (1836.9, 310.0), (1859.5, 299.0), (1883.3, 240.4), (1900.1, 202.5), (1911.4, 187.4), (1929.3, 199.5), (1955.1, 247.0), (1988.9, 319.4), (2028.6, 392.8), (2065.4, 403.8), (2097.7, 342.6), (2125.5, 301.9), (2148.9, 284.0), (2169.4, 292.1), (2193.4, 335.1), (2217.3, 406.3), (2238.9, 386.6), (2256.2, 330.4), (2256.2, 295.3), (2260.7, 283.1), (2273.2, 299.5), (2286.2, 242.7), (2294.1, 191.6), (2296.1, 162.1), (2303.6, 155.9), (2319.1, 181.2), (2338.9, 241.6), (2355.7, 315.0), (2372.4, 388.3), (2393.4, 403.8), (2418.5, 370.5), (2451.1, 399.9), (2482.9, 403.8), (2514.1, 370.5), (2548.0, 399.9), (2576.5, 403.8), (2606.1, 342.6), (2643.6, 301.9), (2683.6, 284.0), (2723.6, 292.1), (2763.6, 335.1), (2803.1, 406.3), (2838.1, 386.6), (2876.5, 330.4), (2896.0, 295.3), (2900.5, 283.1), (2913.0, 299.5), (2926.4, 242.7), (2941.5, 253.0), (2958.1, 299.8), (2982.1, 372.0), (3004.6, 402.0), (3025.6, 375.7), (3054.0, 373.0), (3089.4, 403.0), (3126.5, 403.8), (3165.7, 370.5), (3202.7, 399.9), (3234.3, 403.8), (3262.2, 342.6), (3280.0, 301.9), (3282.0, 284.0), (3282.9, 292.1), (3283.9, 258.8), (3283.5, 203.0), (3279.6, 168.1), (3268.4, 156.2), (3261.4, 172.9), (3262.5, 225.1), (3268.4, 298.3), (3273.4, 371.7), (3283.0, 422.3), (3295.1, 368.3), (3315.1, 389.3), (3335.9, 422.3), (3350.8, 356.0), (3365.3, 310.0), (3375.9, 286.3), (3386.2, 286.9), (3394.1, 275.8), (3403.2, 242.5), (3417.5, 271.9), (3427.0, 275.8), (3431.8, 242.5), (3442.6, 271.9), (3457.3, 335.3), (3471.3, 408.7), (3483.3, 386.6), (3500.5, 374.7), (3521.6, 412.7), (3537.0, 386.6), (3548.2, 330.4), (3561.4, 295.3), (3570.9, 283.1), (3578.1, 299.5), (3591.4, 351.4), (3606.7, 424.6), (3616.2, 370.6), (3627.6, 319.6), (3638.7, 290.1), (3645.3, 283.9), (3647.4, 309.1), (3648.7, 369.6), (3655.7, 422.3), (3664.0, 356.0), (3664.0, 310.0), (3664.0, 286.3), (3664.0, 286.9), (3664.0, 321.0), (3665.9, 387.9), (3673.1, 403.8), (3685.2, 370.5), (3705.2, 399.9), (3728.3, 403.8), (3751.2, 370.5), (3779.1, 399.9), (3802.3, 403.8), (3820.7, 342.6), (3845.2, 301.9), (3877.7, 284.0), (3917.0, 292.1), (3957.0, 335.1), (3996.7, 406.3), (4035.3, 386.6), (4075.3, 374.7), (4113.3, 412.7), (4145.5, 386.6), (4172.3, 330.4), (4194.7, 295.3), (4212.7, 283.1), (4226.2, 299.5), (4235.2, 351.4), (4238.1, 314.5), (4238.5, 260.9), (4245.0, 228.5), (4259.5, 219.2), (4282.0, 240.0), (4308.4, 296.4), (4329.7, 242.6), (4356.7, 191.6), (4384.8, 162.1), (4411.1, 155.9), (4442.1, 181.1), (4479.2, 241.6), (4518.2, 314.9), (4554.3, 388.3), (4585.2, 403.8), (4610.3, 342.6), (4630.9, 301.9), (4647.1, 284.0), (4658.8, 292.1), (4666.1, 335.1), (4668.1, 331.2), (4668.1, 272.7), (4671.6, 235.1), (4681.6, 220.3), (4693.1, 232.7), (4712.4, 280.4), (4719.5, 326.3), (4719.1, 260.0), (4725.6, 214.0), (4740.1, 190.3), (4762.6, 190.9), (4793.1, 225.0), (4831.2, 291.9), (4848.1, 365.3), (4848.1, 438.6), (4848.1, 511.9), (4848.1, 585.3), (4848.1, 658.6)]",0,0,31.45
experienced,mario,Mario1-1,Stall,1,0,96.42,0.53,"[(112.0, 432.0), (113.2, 371.3), (121.8, 320.5), (138.2, 291.3), (162.8, 285.4), (195.2, 310.9), (234.5, 371.6), (271.7, 422.3), (303.6, 356.0), (341.0, 310.0), (376.8, 286.3), (408.2, 286.9), (436.3, 321.0), (467.5, 387.9), (500.8, 390.8), (539.2, 370.3), (575.6, 374.8), (607.5, 413.7), (639.1, 378.7), (677.8, 369.3), (717.7, 396.6), (754.1, 412.9), (787.1, 369.1), (823.6, 394.4), (855.1, 412.9), (880.5, 349.1), (905.6, 305.8), (934.5, 285.0), (966.4, 289.2), (1005.1, 327.8), (1044.4, 397.1), (1078.6, 395.0), (1110.6, 336.3), (1141.0, 298.4), (1175.4, 283.4), (1215.3, 295.5), (1255.3, 343.0), (1294.2, 322.6), (1332.3, 266.4), (1365.9, 231.3), (1401.3, 219.1), (1440.9, 235.5), (1480.9, 287.4), (1520.3, 316.9), (1555.9, 253.1), (1586.6, 209.8), (1609.7, 189.0), (1635.7, 193.2), (1669.6, 231.8), (1707.5, 301.1), (1741.1, 374.4), (1770.3, 404.4), (1795.0, 378.1), (1808.0, 375.5), (1808.1, 405.5), (1806.9, 395.0), (1806.9, 336.3), (1807.7, 298.4), (1815.2, 283.4), (1830.7, 295.5), (1853.7, 325.4), (1881.3, 259.1), (1910.6, 213.2), (1932.1, 189.4), (1954.6, 190.0), (1985.1, 224.1), (2023.3, 291.0), (2063.3, 364.4), (2101.3, 432.0), (2132.8, 363.1), (2165.1, 314.6), (2195.2, 288.0), (2221.0, 285.1), (2242.2, 314.8), (2256.1, 378.8), (2260.5, 412.9), (2268.5, 369.1), (2284.4, 394.4), (2299.3, 412.9), (2310.9, 369.1), (2328.6, 394.4), (2346.7, 412.9), (2362.9, 349.1), (2383.6, 305.8), (2384.0, 285.0), (2384.0, 289.2), (2384.0, 327.8), (2386.6, 397.1), (2394.2, 395.0), (2407.3, 372.3), (2428.3, 406.1), (2450.4, 395.0), (2477.3, 372.3), (2509.3, 406.1), (2536.5, 395.0), (2566.5, 336.3), (2604.2, 298.4), (2644.2, 283.4), (2684.2, 295.5), (2724.2, 343.0), (2763.8, 415.4), (2801.5, 380.4), (2841.5, 368.5), (2881.5, 385.2), (2920.8, 432.0), (2954.4, 368.0), (2986.0, 384.9), (3013.2, 422.1), (3037.0, 390.0), (3067.0, 381.0), (3104.7, 402.1), (3144.5, 394.6), (3182.0, 374.1), (3215.4, 378.6), (3247.1, 417.5), (3275.6, 379.2), (3310.9, 377.6), (3348.7, 420.0), (3382.3, 378.5), (3421.1, 377.6), (3458.1, 420.0), (3490.8, 378.5), (3527.8, 377.6), (3561.5, 420.0), (3589.0, 378.5), (3614.8, 324.9), (3642.2, 292.5), (3665.2, 283.2), (3683.7, 304.0), (3699.5, 235.2), (3714.1, 186.7), (3722.7, 160.1), (3726.8, 157.1), (3727.3, 186.8), (3730.8, 250.8), (3741.3, 284.9), (3756.9, 221.1), (3760.0, 177.8), (3760.0, 157.0), (3760.0, 161.2), (3760.0, 199.8), (3762.6, 269.1), (3773.1, 342.4), (3790.5, 415.8), (3803.7, 378.5), (3820.3, 324.9), (3838.0, 292.5), (3852.8, 283.2), (3875.4, 304.0), (3906.0, 360.4), (3941.7, 432.0), (3975.3, 363.1), (4014.5, 314.6), (4019.5, 288.0), (4031.0, 285.1), (4044.7, 284.9), (4060.5, 241.1), (4084.3, 266.4), (4112.7, 284.9), (4135.4, 241.1), (4153.7, 266.4), (4167.5, 326.2), (4176.9, 399.5), (4179.8, 338.6), (4179.8, 287.6), (4179.8, 258.1), (4179.8, 251.9), (4181.1, 277.1), (4184.8, 337.6), (4185.1, 390.3), (4185.1, 324.3), (4185.1, 278.7), (4185.1, 255.2), (4185.1, 256.1), (4186.0, 290.5), (4186.4, 357.6), (4186.4, 371.9), (4186.4, 311.0), (4186.4, 270.6), (4186.4, 253.0), (4186.7, 261.3), (4187.5, 304.7), (4187.6, 375.9), (4187.6, 354.8), (4187.6, 298.9), (4187.6, 264.1), (4187.6, 252.2), (4188.2, 268.9), (4188.8, 321.1), (4188.8, 394.3), (4188.8, 338.9), (4188.8, 288.1), (4188.8, 258.9), (4188.8, 253.0), (4189.5, 278.6), (4190.0, 339.3), (4190.0, 390.3), (4190.0, 324.3), (4190.0, 278.7), (4190.0, 255.2), (4190.0, 256.1), (4190.9, 290.5), (4191.3, 357.6), (4191.3, 371.9), (4191.3, 311.0), (4191.3, 270.6), (4191.3, 253.0), (4191.6, 261.3), (4192.0, 304.7), (4192.0, 375.9), (4192.0, 354.8), (4192.0, 298.9), (4192.0, 264.1), (4192.0, 252.2), (4192.6, 268.9), (4192.7, 321.1), (4192.7, 394.3), (4192.7, 338.9), (4192.7, 288.1), (4192.7, 258.9), (4192.7, 253.0), (4193.4, 278.6), (4193.4, 339.3), (4193.4, 390.3), (4193.4, 324.3), (4193.4, 278.7), (4193.4, 255.2), (4193.4, 256.1), (4194.1, 290.5), (4194.1, 357.6), (4194.1, 371.9), (4194.1, 311.0), (4194.1, 270.6), (4194.1, 253.0), (4194.5, 261.3), (4194.8, 304.7), (4194.8, 375.9), (4194.8, 354.8), (4194.8, 298.9), (4194.8, 264.1), (4194.8, 252.2), (4195.5, 268.9), (4195.5, 321.1), (4195.5, 394.3), (4195.5, 338.9), (4195.5, 288.1), (4195.5, 258.9), (4195.5, 253.0), (4196.2, 278.6), (4196.2, 339.3), (4196.2, 390.3), (4196.2, 324.3), (4196.2, 278.7), (4196.2, 255.2), (4196.2, 256.1), (4196.9, 290.5), (4196.9, 357.6), (4196.9, 371.9), (4196.9, 311.0), (4196.9, 270.6), (4196.9, 253.0), (4197.3, 261.3), (4197.6, 304.7), (4197.6, 375.9), (4197.6, 354.8), (4197.6, 298.9), (4197.6, 264.1), (4197.6, 252.2), (4198.3, 268.9), (4198.3, 321.1), (4198.3, 394.3), (4198.3, 338.9), (4198.3, 288.1), (4198.3, 258.9), (4198.3, 253.0), (4199.0, 278.6), (4199.0, 339.3), (4199.0, 390.3), (4199.0, 324.3), (4199.0, 278.7), (4199.0, 255.2), (4199.0, 256.1), (4199.8, 290.5), (4199.8, 357.6), (4199.8, 371.9), (4199.8, 311.0), (4199.8, 270.6), (4199.8, 253.0), (4200.1, 261.3), (4200.5, 304.7), (4200.5, 375.9), (4200.5, 354.8), (4200.5, 298.9), (4200.5, 264.1), (4200.5, 252.2), (4201.1, 268.9), (4201.2, 321.1), (4201.2, 394.3), (4201.2, 338.9), (4201.2, 288.1), (4201.2, 258.9), (4201.2, 253.0), (4201.9, 278.6), (4201.9, 339.3), (4201.9, 390.3), (4201.9, 324.3), (4201.9, 278.7), (4201.9, 255.2), (4201.9, 256.1), (4202.6, 290.5), (4202.6, 357.6), (4202.6, 371.9), (4202.6, 311.0), (4202.6, 270.6), (4202.5, 253.0), (4202.6, 261.3), (4202.9, 304.7), (4202.9, 375.9), (4202.9, 354.8)]",0,0,42.42
experienced,mario,Mario1-1,Success,1,0,207.19,0.784,"[(112.0, 432.0), (114.6, 371.3), (125.1, 320.5), (143.6, 291.3), (170.1, 285.4), (204.6, 310.9), (244.5, 371.6), (281.7, 422.3), (316.5, 356.0), (356.4, 310.0), (396.4, 286.3), (434.5, 286.9), (468.1, 321.0), (501.3, 387.9), (538.6, 403.8), (574.0, 342.6), (613.2, 301.9), (648.4, 284.0), (679.3, 292.1), (705.4, 258.6), (736.6, 246.7), (775.2, 284.7), (810.7, 258.6), (842.0, 202.4), (875.9, 167.3), (914.4, 155.1), (954.4, 171.5), (994.4, 223.4), (1034.4, 296.6), (1074.4, 369.9), (1111.6, 422.3), (1143.5, 356.0), (1180.1, 310.0), (1220.1, 286.3), (1260.1, 286.9), (1300.1, 321.0), (1339.7, 387.9), (1375.5, 390.8), (1406.9, 370.3), (1433.9, 374.8), (1456.0, 413.7), (1456.0, 386.6), (1456.5, 330.6), (1462.5, 295.5), (1476.4, 283.4), (1498.4, 299.9), (1527.3, 316.4), (1561.4, 252.6), (1601.2, 209.3), (1641.2, 188.5), (1681.2, 192.7), (1721.2, 231.3), (1760.8, 300.6), (1796.6, 374.0), (1807.5, 422.3), (1806.4, 356.0), (1809.9, 310.0), (1821.4, 286.3), (1840.9, 286.9), (1868.4, 321.0), (1905.8, 281.6), (1945.8, 228.0), (1985.8, 195.6), (2025.8, 186.3), (2065.8, 207.2), (2105.8, 263.5), (2145.8, 336.9), (2184.7, 410.2), (2218.6, 386.6), (2256.3, 330.4), (2256.0, 295.3), (2260.5, 283.1), (2273.0, 299.5), (2288.2, 242.7), (2303.6, 191.6), (2326.9, 162.1), (2358.2, 155.9), (2396.8, 181.2), (2436.8, 241.6), (2476.4, 294.3), (2516.1, 240.3), (2556.1, 261.3), (2596.1, 317.0), (2636.0, 390.3), (2672.1, 403.8), (2703.4, 342.6), (2740.7, 301.9), (2780.7, 284.0), (2820.7, 292.1), (2860.7, 335.1), (2900.7, 406.3), (2939.8, 383.5), (2979.8, 368.8), (3019.6, 381.2), (3058.6, 429.0), (3093.2, 370.6), (3132.7, 381.0), (3171.6, 414.3), (3207.1, 382.2), (3246.3, 373.2), (3286.2, 394.3), (3324.2, 412.9), (3359.7, 349.1), (3376.0, 305.8), (3377.9, 285.0), (3387.2, 289.2), (3398.5, 267.1), (3410.7, 244.3), (3430.8, 278.1), (3451.1, 344.5), (3475.3, 417.8), (3495.9, 378.5), (3519.8, 377.6), (3541.2, 420.0), (3557.5, 378.5), (3579.4, 324.9), (3608.0, 292.5), (3634.2, 283.2), (3655.9, 304.0), (3664.4, 360.4), (3670.9, 432.0), (3681.5, 368.0), (3700.1, 384.9), (3724.8, 432.0), (3749.3, 368.0), (3781.8, 384.9), (3815.3, 432.0), (3844.9, 363.1), (3881.9, 314.6), (3921.9, 288.0), (3960.5, 285.1), (4000.1, 314.8), (4017.2, 378.8), (4024.8, 412.9), (4037.4, 369.1), (4058.0, 394.4), (4081.9, 412.9), (4103.4, 369.1), (4123.1, 394.4), (4137.8, 412.9), (4146.3, 349.1), (4157.4, 305.8), (4170.4, 285.0), (4182.7, 289.2), (4193.6, 327.8), (4200.1, 397.1), (4200.6, 338.8), (4201.9, 288.0), (4208.6, 258.7), (4222.0, 252.8), (4243.4, 278.3), (4265.8, 336.0), (4272.8, 267.1), (4280.2, 218.6), (4295.8, 192.0), (4319.2, 189.1), (4350.8, 218.8), (4389.5, 282.8), (4428.8, 258.6), (4468.8, 202.4), (4508.8, 167.3), (4548.8, 155.1), (4588.8, 171.5), (4628.8, 223.4), (4666.8, 296.6), (4688.0, 368.0), (4687.1, 299.1), (4693.6, 250.6), (4708.1, 224.0), (4730.6, 221.1), (4760.5, 250.8), (4788.6, 294.3), (4812.2, 228.0), (4842.6, 182.0), (4880.6, 158.3), (4920.6, 158.9), (4960.6, 193.0), (5000.6, 259.9), (5039.9, 333.3), (5075.2, 406.6), (5103.6, 386.6), (5107.5, 330.4), (5119.0, 295.3), (5138.5, 283.1), (5166.0, 299.5), (5201.5, 351.4), (5240.7, 424.6), (5279.6, 370.6), (5319.6, 381.0), (5359.3, 427.8), (5395.6, 370.6), (5433.0, 381.0), (5466.0, 427.8), (5492.6, 370.6), (5522.9, 319.6), (5554.8, 290.1), (5591.7, 283.9), (5631.2, 309.1), (5667.1, 368.0), (5696.1, 299.1), (5720.9, 250.6), (5742.7, 224.0), (5761.3, 221.1), (5775.7, 250.8), (5785.3, 294.3), (5788.5, 228.0), (5791.3, 182.0), (5801.9, 158.3), (5819.6, 158.9), (5840.5, 193.0), (5856.7, 220.9), (5868.6, 157.1), (5887.3, 113.8), (5914.0, 93.0), (5948.7, 97.2), (5988.6, 135.8), (6028.6, 205.1), (6068.6, 278.4), (6108.6, 351.8), (6147.9, 425.1), (6185.2, 370.6), (6225.2, 319.6)]",0,0,29.47
experienced,mario,Mario1-1,Pit,1,0,215.66,0.272,"[(112.0, 432.0), (113.2, 371.3), (121.8, 320.5), (138.2, 291.3), (162.8, 285.4), (195.2, 310.9), (234.5, 371.6), (272.3, 422.3), (304.7, 356.0), (342.8, 310.0), (382.6, 286.3), (420.1, 286.9), (453.6, 321.0), (487.5, 387.9), (524.7, 403.8), (556.5, 370.5), (589.2, 399.9), (624.3, 395.4), (664.2, 374.8), (704.2, 379.3), (743.5, 418.2), (777.3, 378.5), (814.2, 377.6), (852.3, 420.0), (880.0, 378.5), (880.8, 324.9), (888.2, 292.5), (903.8, 283.2), (927.2, 304.0), (958.8, 360.4), (994.7, 306.6), (1031.3, 255.6), (1070.0, 226.1), (1110.0, 219.9), (1150.0, 245.1), (1190.0, 305.6), (1229.3, 358.3), (1267.1, 292.0), (1302.4, 246.0), (1337.3, 222.3), (1377.2, 222.9), (1417.2, 257.0), (1457.0, 323.9), (1493.6, 282.5), (1530.6, 228.9), (1568.9, 196.5), (1608.8, 187.2), (1648.8, 208.0), (1688.8, 264.4), (1725.7, 337.8), (1758.2, 411.1), (1786.3, 388.4), (1808.0, 373.6), (1808.1, 386.0), (1808.1, 432.0), (1806.9, 363.1), (1806.9, 314.6), (1811.4, 288.0), (1823.9, 285.1), (1844.4, 314.8), (1870.5, 289.7), (1903.1, 233.6), (1941.0, 198.4), (1980.9, 186.2), (2020.9, 202.6), (2060.9, 254.5), (2100.9, 327.7), (2140.2, 401.0), (2160.0, 474.4), (2160.8, 547.7), (2160.8, 621.0), (2160.8, 694.4)]",0,0,9.52
experienced,mario,Mario1-1,Pit,1,0,225.5,0.272,"[(112.0, 432.0), (113.2, 371.3), (121.8, 320.5), (138.2, 291.3), (162.8, 285.4), (195.2, 310.9), (234.3, 371.6), (270.4, 422.3), (304.1, 356.0), (343.5, 310.0), (379.9, 286.3), (411.8, 286.9), (440.5, 321.0), (472.3, 387.9), (506.3, 390.8), (545.4, 370.3), (581.3, 374.8), (612.7, 413.7), (646.6, 378.7), (686.3, 369.3), (725.9, 396.6), (761.1, 412.9), (794.2, 369.1), (829.7, 394.4), (860.2, 412.9), (884.5, 349.1), (911.3, 305.8), (940.7, 285.0), (969.9, 289.2), (1005.4, 327.8), (1044.7, 397.1), (1078.8, 395.0), (1114.1, 336.3), (1149.1, 298.4), (1184.2, 283.4), (1224.1, 295.5), (1264.1, 343.0), (1302.6, 322.6), (1340.7, 266.4), (1374.3, 231.3), (1407.7, 219.1), (1445.6, 235.5), (1485.6, 287.4), (1525.0, 316.9), (1560.6, 253.1), (1592.2, 209.8), (1623.6, 189.0), (1657.1, 193.2), (1695.7, 231.8), (1734.6, 301.1), (1769.3, 374.4), (1799.3, 422.3), (1808.7, 356.0), (1810.0, 310.0), (1818.5, 286.3), (1835.0, 286.9), (1859.5, 321.0), (1889.0, 281.6), (1920.8, 228.0), (1951.6, 195.6), (1983.6, 186.3), (2019.5, 207.2), (2059.3, 263.5), (2099.2, 336.9), (2136.2, 410.2), (2160.0, 483.5), (2160.0, 556.9), (2160.0, 630.2), (2160.0, 703.5)]",0,0,9.1
experienced,mario,Mario1-1,Stuck,1,1,137.3,0.717,"[(112.0, 432.0), (113.2, 371.3), (121.8, 320.5), (138.2, 291.3), (162.8, 285.4), (195.2, 310.9), (234.3, 371.6), (270.4, 422.3), (301.2, 356.0), (337.4, 310.0), (372.1, 286.3), (402.4, 286.9), (433.7, 321.0), (466.9, 387.9), (499.8, 390.8), (538.5, 370.3), (574.9, 374.8), (606.8, 413.7), (641.3, 378.7), (681.1, 369.3), (720.9, 396.6), (756.7, 412.9), (789.3, 369.1), (825.1, 394.4), (856.1, 412.9), (881.0, 349.1), (905.4, 305.8), (933.6, 285.0), (960.3, 289.2), (993.0, 327.8), (1031.7, 397.1), (1065.8, 395.0), (1097.8, 336.3), (1128.1, 298.4), (1159.9, 283.4), (1197.5, 295.5), (1237.5, 343.0), (1276.0, 322.6), (1314.1, 266.4), (1347.7, 231.3), (1378.4, 219.1), (1413.4, 235.5), (1453.3, 287.4), (1492.3, 316.9), (1526.8, 253.1), (1556.8, 209.8), (1585.9, 189.0), (1616.6, 193.2), (1651.6, 231.8), (1687.2, 301.1), (1718.4, 374.4), (1745.1, 404.4), (1767.4, 378.1), (1785.2, 375.5), (1798.6, 405.5), (1808.0, 395.0), (1808.7, 336.3), (1809.1, 298.4), (1815.6, 283.4), (1830.1, 295.5), (1852.1, 325.4), (1878.7, 259.1), (1907.5, 213.2), (1936.3, 189.4), (1966.9, 190.0), (2001.0, 224.1), (2040.0, 291.0), (2079.5, 364.4), (2115.4, 432.0), (2144.4, 363.1), (2172.0, 314.6), (2195.2, 288.0), (2214.1, 285.1), (2228.5, 314.8), (2239.6, 378.8), (2255.2, 412.9), (2274.9, 369.1), (2301.5, 394.4), (2324.9, 412.9), (2344.2, 349.1), (2366.1, 305.8), (2385.4, 285.0), (2400.2, 289.2), (2409.5, 267.1), (2419.5, 208.4), (2430.3, 170.5), (2439.0, 155.4), (2443.3, 167.5), (2444.5, 215.0), (2452.0, 287.5), (2464.6, 250.5), (2480.0, 196.9), (2480.0, 164.5), (2480.0, 155.2), (2480.0, 176.0), (2480.4, 232.4), (2486.9, 304.0), (2497.5, 240.0), (2516.1, 256.9), (2542.7, 308.1), (2577.3, 381.2), (2615.2, 412.9), (2647.0, 349.1), (2679.8, 305.8), (2719.2, 285.0), (2759.2, 289.2), (2799.2, 327.8), (2839.0, 397.1), (2876.5, 395.0), (2896.8, 336.3), (2896.0, 298.4), (2899.5, 283.4), (2911.0, 295.5), (2927.6, 250.5), (2947.1, 249.6), (2964.3, 292.0), (2988.4, 362.8), (3013.4, 406.9), (3038.1, 377.7), (3070.6, 371.8), (3109.9, 397.3), (3148.3, 412.9), (3180.7, 369.1), (3208.6, 394.4), (3231.5, 412.9), (3252.3, 349.1), (3273.9, 305.8), (3293.4, 285.0), (3310.8, 289.2), (3322.6, 267.1), (3330.1, 208.4), (3334.4, 170.5), (3335.1, 155.4), (3335.1, 167.5), (3335.1, 215.0), (3337.6, 287.5), (3338.7, 250.6), (3338.7, 197.2), (3338.7, 165.1), (3338.7, 156.1), (3338.7, 177.1), (3338.8, 233.7), (3343.2, 304.0), (3343.8, 235.2), (3344.0, 186.8), (3344.0, 160.2), (3344.0, 157.4), (3344.0, 187.2), (3344.3, 251.2), (3347.9, 324.5), (3354.5, 397.9), (3360.6, 395.0), (3371.1, 336.3), (3376.0, 298.4), (3378.3, 283.4), (3380.7, 295.5), (3384.1, 250.5), (3393.7, 249.6), (3409.3, 292.0), (3420.0, 250.5), (3429.1, 249.6), (3444.4, 292.0), (3458.5, 362.8), (3473.5, 432.0), (3487.8, 368.0), (3509.9, 384.9), (3531.6, 432.0), (3546.5, 363.1), (3562.3, 314.6), (3578.8, 288.0), (3592.9, 285.1), (3603.1, 314.8), (3617.0, 378.8), (3632.7, 412.9), (3649.6, 349.1), (3664.0, 305.8), (3664.0, 285.0), (3664.0, 289.2), (3664.0, 327.8), (3666.6, 397.1), (3674.2, 395.0), (3687.3, 372.3), (3708.3, 406.1), (3731.0, 395.0), (3756.3, 372.3), (3785.7, 406.1), (3809.5, 395.0), (3830.7, 336.3), (3859.3, 298.4), (3895.9, 283.4), (3935.9, 295.5), (3975.9, 343.0), (4015.6, 415.4), (4053.6, 378.5), (4093.6, 377.6), (4130.5, 420.0), (4161.3, 378.5), (4187.0, 324.9), (4208.3, 292.5), (4225.1, 283.2), (4237.5, 304.0), (4244.6, 306.9), (4247.7, 245.7), (4257.6, 205.1), (4275.6, 187.1), (4301.5, 195.2), (4335.4, 238.2), (4375.1, 304.0), (4413.9, 235.1), (4450.3, 186.6), (4482.3, 160.0), (4512.5, 157.1), (4546.0, 186.8), (4581.6, 250.8), (4612.8, 324.1), (4639.7, 397.4), (4660.0, 338.6), (4675.6, 287.6), (4686.8, 258.1), (4700.5, 251.9), (4722.1, 277.1), (4742.5, 275.8), (4764.7, 214.6), (4793.7, 173.9), (4823.9, 156.0), (4855.1, 164.1), (4890.6, 207.1), (4930.0, 278.3), (4969.1, 351.6), (5007.5, 380.9), (5046.2, 317.1), (5084.3, 273.8), (5124.2, 253.0), (5161.1, 257.2), (5193.6, 295.8), (5223.8, 365.1), (5255.4, 409.2), (5293.6, 380.0), (5333.6, 374.0), (5373.6, 399.6), (5410.7, 403.8), (5443.2, 342.6), (5479.7, 301.9), (5513.0, 284.0), (5541.9, 292.1), (5566.2, 335.1), (5586.2, 406.3), (5600.2, 386.6), (5609.0, 330.4), (5620.2, 295.3), (5635.4, 283.1), (5647.9, 299.5), (5656.0, 351.4), (5657.9, 314.5), (5657.9, 260.9), (5658.7, 228.5), (5666.0, 219.2), (5675.1, 240.0), (5680.7, 296.4), (5682.0, 368.0), (5682.0, 299.4), (5682.2, 251.2), (5682.2, 224.9), (5683.3, 222.3), (5685.3, 252.3), (5685.4, 316.4), (5685.4, 349.0), (5685.4, 285.5), (5685.5, 242.5), (5685.5, 221.9), (5685.5, 226.4), (5685.5, 265.3), (5685.5, 334.8), (5685.5, 331.2), (5685.7, 272.8), (5685.7, 235.2), (5685.7, 220.4), (5685.7, 232.8), (5685.7, 280.6), (5685.7, 353.1), (5685.7, 314.7), (5685.9, 261.4), (5685.9, 229.3), (5685.9, 220.3), (5685.9, 241.4), (5685.9, 298.1), (5685.9, 368.0), (5685.9, 299.4), (5686.1, 251.2), (5686.1, 224.9), (5686.1, 222.3), (5686.1, 252.3), (5686.1, 316.4), (5686.1, 349.0), (5686.1, 285.5), (5686.3, 242.5), (5686.3, 221.9), (5686.3, 226.4), (5686.3, 265.3), (5686.3, 334.8), (5686.3, 331.2), (5686.4, 272.8), (5686.4, 235.2), (5686.4, 220.4), (5686.4, 232.8)]",0,0,40.62
experienced,mario,Mario1-1,Stuck,1,1,157.4,0.717,"[(112.0, 432.0), (113.2, 371.3), (121.8, 320.5), (138.2, 291.3), (162.8, 285.4), (195.2, 310.9), (234.5, 371.6), (271.7, 422.3), (304.4, 356.0), (342.9, 310.0), (379.3, 286.3), (411.2, 286.9), (439.9, 321.0), (468.8, 387.9), (501.2, 390.8), (539.9, 370.3), (576.3, 374.8), (608.3, 413.7), (639.8, 378.7), (678.5, 369.3), (718.3, 396.6), (754.1, 412.9), (786.7, 369.1), (822.5, 394.4), (853.5, 412.9), (878.4, 349.1), (902.8, 305.8), (932.2, 285.0), (962.4, 289.2), (999.7, 327.8), (1039.2, 397.1), (1073.9, 395.0), (1106.8, 336.3), (1139.2, 298.4), (1172.4, 283.4), (1211.3, 295.5), (1251.3, 343.0), (1290.3, 322.6), (1328.4, 266.4), (1362.0, 231.3), (1396.0, 219.1), (1434.9, 235.5), (1474.9, 287.4), (1514.1, 316.9), (1549.2, 253.1), (1580.0, 209.8), (1611.8, 189.0), (1648.3, 193.2), (1688.2, 231.8), (1726.8, 301.1), (1760.9, 374.4), (1790.7, 404.4), (1808.4, 378.1), (1808.7, 375.5), (1808.9, 405.5), (1808.4, 395.2), (1808.0, 336.8), (1808.4, 299.2), (1814.9, 284.4), (1829.4, 296.8), (1851.0, 327.0), (1871.8, 260.7), (1898.4, 214.7), (1929.9, 191.0), (1965.8, 191.6), (2005.7, 225.7), (2045.7, 292.6), (2085.3, 366.0), (2121.1, 432.0), (2150.4, 363.1), (2179.9, 314.6), (2206.3, 288.0), (2228.2, 285.1), (2245.7, 314.8), (2256.1, 378.8), (2260.1, 412.9), (2268.1, 369.1), (2284.0, 394.4), (2298.9, 412.9), (2310.0, 369.1), (2322.8, 394.4), (2334.5, 412.9), (2342.9, 349.1), (2356.0, 305.8), (2366.6, 285.0), (2372.8, 289.2), (2374.5, 327.8), (2377.2, 397.1), (2384.7, 395.0), (2397.8, 372.3), (2418.7, 406.1), (2439.2, 395.0), (2464.6, 372.3), (2495.0, 406.1), (2520.7, 395.0), (2549.1, 336.3), (2585.4, 298.4), (2625.4, 283.4), (2665.4, 295.5), (2705.4, 343.0), (2745.0, 415.4), (2783.5, 380.4), (2823.5, 368.5), (2863.5, 385.2), (2902.6, 432.0), (2936.7, 368.0), (2969.8, 384.9), (2998.6, 432.0), (3023.4, 363.1), (3054.3, 314.6), (3084.5, 288.0), (3111.4, 285.1), (3143.2, 284.9), (3171.7, 221.2), (3195.7, 177.9), (3220.8, 157.0), (3253.7, 161.2), (3288.3, 199.8), (3320.0, 269.1), (3348.9, 267.0), (3375.5, 208.3), (3376.0, 170.4), (3376.0, 155.4), (3376.1, 167.5), (3376.7, 215.0), (3378.6, 287.4), (3380.6, 250.5), (3386.1, 249.6), (3397.7, 292.0), (3404.4, 250.5), (3414.5, 249.6), (3430.6, 292.0), (3441.8, 250.5), (3456.5, 196.9), (3474.8, 164.5), (3499.2, 155.2), (3531.6, 176.0), (3566.7, 232.4), (3598.8, 305.8), (3631.0, 379.1), (3661.6, 412.9), (3694.3, 369.1), (3733.6, 394.4), (3769.9, 412.9), (3801.3, 349.1), (3837.5, 305.8), (3874.1, 285.0), (3914.1, 289.2), (3954.1, 327.8), (3993.9, 397.1), (4032.5, 395.0), (4072.5, 372.3), (4111.0, 406.1), (4144.0, 395.0), (4171.4, 336.3), (4194.3, 298.4), (4212.8, 283.4), (4226.9, 295.5), (4236.5, 343.0), (4240.2, 322.6), (4240.4, 266.4), (4245.9, 231.3), (4259.4, 219.1), (4280.9, 235.5), (4307.5, 287.4), (4328.4, 250.5), (4346.3, 196.9), (4371.0, 164.5), (4403.8, 155.2), (4442.5, 176.0), (4482.5, 232.4), (4522.1, 305.8), (4559.1, 379.1), (4591.4, 412.9), (4617.6, 349.1), (4639.3, 305.8), (4656.6, 285.0), (4669.4, 289.2), (4677.8, 327.8), (4680.9, 339.9), (4680.9, 278.8), (4684.4, 238.4), (4695.9, 220.6), (4715.4, 228.8), (4742.4, 272.1), (4766.6, 267.0), (4789.3, 208.3), (4817.1, 170.4), (4850.1, 155.4), (4887.8, 167.5), (4927.8, 215.0), (4967.7, 287.4), (5006.3, 360.8), (5043.3, 432.0), (5074.0, 363.1), (5104.0, 314.6), (5140.1, 288.0), (5177.2, 285.1), (5210.3, 314.8), (5243.8, 378.8), (5279.0, 412.9), (5316.7, 369.1), (5356.7, 394.4), (5394.6, 412.9), (5427.0, 369.1), (5456.0, 394.4), (5480.5, 399.6), (5500.5, 376.1), (5516.2, 377.0), (5527.3, 411.4), (5532.6, 386.6), (5538.0, 330.4), (5547.3, 295.3), (5555.2, 283.1), (5570.6, 299.5), (5587.0, 351.4), (5599.0, 424.6), (5604.4, 370.6), (5605.8, 319.6), (5612.3, 290.1), (5626.8, 283.9), (5645.2, 309.1), (5659.4, 368.0), (5666.8, 299.1), (5669.7, 250.6), (5669.8, 224.0), (5671.6, 221.1), (5680.5, 250.8), (5687.9, 314.8), (5690.6, 349.0), (5690.6, 285.5), (5690.6, 242.5), (5690.6, 221.9), (5690.6, 226.4), (5690.6, 265.3), (5690.6, 334.8), (5690.6, 331.2), (5690.6, 272.8), (5690.6, 235.2), (5690.6, 220.4), (5690.6, 232.8), (5690.6, 280.6), (5690.6, 353.1), (5690.6, 314.7), (5690.6, 261.4), (5690.6, 229.3), (5690.6, 220.3), (5690.6, 241.4), (5690.6, 298.1), (5690.6, 368.0), (5690.6, 299.4), (5690.6, 251.2), (5690.6, 224.9), (5690.6, 222.3), (5690.6, 252.3), (5690.6, 316.4), (5690.6, 349.0), (5690.6, 285.5), (5690.6, 242.5), (5690.6, 221.9), (5690.6, 226.4), (5690.6, 265.3), (5690.6, 334.8), (5690.6, 331.2), (5690.6, 272.8), (5690.6, 235.2)]",0,0,35.45
experienced,mario,Mario1-1,Pit,1,0,179.76,0.611,"[(112.0, 432.0), (113.2, 371.3), (121.8, 320.5), (138.2, 291.3), (162.8, 285.4), (195.2, 310.9), (234.5, 371.6), (272.3, 422.3), (305.5, 356.0), (344.5, 310.0), (384.5, 286.3), (423.1, 286.9), (457.2, 321.0), (490.4, 387.9), (526.7, 403.8), (558.0, 370.5), (592.5, 399.9), (627.4, 395.4), (667.1, 374.8), (707.1, 379.3), (746.7, 418.2), (780.9, 378.5), (818.3, 377.6), (855.3, 420.0), (880.0, 378.5), (880.8, 324.9), (888.2, 292.5), (903.8, 283.2), (927.2, 304.0), (958.8, 360.4), (994.8, 306.6), (1034.0, 255.6), (1074.0, 226.1), (1114.0, 219.9), (1154.0, 245.1), (1194.0, 305.6), (1233.5, 358.3), (1272.9, 292.0), (1309.8, 246.0), (1346.4, 222.3), (1386.4, 222.9), (1426.4, 257.0), (1466.3, 323.9), (1503.5, 282.5), (1543.3, 228.9), (1583.2, 196.5), (1623.2, 187.2), (1663.2, 208.0), (1703.2, 264.4), (1740.1, 337.8), (1772.6, 411.1), (1800.7, 388.4), (1808.2, 373.6), (1808.3, 386.0), (1808.1, 432.0), (1806.9, 363.1), (1807.1, 314.6), (1812.6, 288.0), (1826.1, 285.1), (1847.6, 314.8), (1874.6, 289.7), (1908.2, 233.6), (1947.9, 198.4), (1987.9, 186.2), (2027.9, 202.6), (2067.9, 254.5), (2107.9, 327.7), (2147.1, 401.0), (2181.2, 395.0), (2216.2, 336.3), (2249.5, 298.4), (2282.6, 283.4), (2316.4, 295.5), (2348.7, 343.0), (2386.6, 415.4), (2425.1, 378.5), (2465.1, 377.6), (2504.1, 420.0), (2538.2, 378.5), (2577.0, 324.9), (2617.0, 292.5), (2657.0, 283.2), (2697.0, 304.0), (2737.0, 360.4), (2776.3, 432.0), (2812.2, 363.1), (2852.2, 314.6), (2891.7, 288.0), (2931.7, 285.1), (2971.7, 314.8), (3011.7, 378.8), (3050.0, 412.9), (3087.7, 349.1), (3088.2, 305.8), (3088.3, 285.0), (3092.4, 289.2), (3094.7, 267.2), (3102.2, 208.8), (3115.2, 171.2), (3130.7, 156.4), (3154.2, 168.9), (3185.7, 216.7), (3223.2, 289.2), (3260.0, 362.5), (3299.8, 432.0), (3336.7, 368.0), (3376.7, 384.9), (3416.0, 432.0), (3449.6, 363.1), (3472.0, 314.6), (3472.8, 288.0), (3480.2, 285.1), (3494.8, 284.9), (3513.2, 221.2), (3535.6, 177.9), (3563.4, 157.0), (3599.2, 161.2), (3639.2, 199.8), (3679.2, 269.1), (3718.2, 267.0), (3757.8, 208.3), (3760.0, 170.4), (3760.8, 155.4), (3765.1, 167.5), (3767.6, 122.7), (3777.1, 69.4), (3794.6, 37.4), (3820.1, 28.4), (3853.6, 49.5), (3893.2, 106.2), (3930.1, 179.5), (3964.3, 252.8), (4003.1, 326.2), (4017.9, 399.5), (4025.4, 395.0), (4039.0, 372.3), (4060.7, 406.1), (4083.7, 395.0), (4101.0, 372.3), (4114.0, 406.1), (4121.3, 395.0), (4123.6, 336.3), (4128.1, 298.4), (4128.9, 283.4), (4129.9, 295.5), (4136.4, 343.0), (4141.3, 415.4), (4141.8, 378.7), (4141.9, 325.4), (4143.4, 293.3), (4143.4, 284.3), (4143.4, 305.4), (4144.8, 362.1), (4144.8, 432.0), (4144.8, 363.4), (4145.5, 315.2), (4153.0, 288.9), (4163.1, 286.3), (4172.2, 316.3), (4178.0, 380.4), (4179.0, 354.8), (4179.0, 298.9), (4183.5, 264.1), (4192.7, 252.2), (4200.2, 268.9), (4206.7, 321.1), (4209.4, 349.0), (4210.7, 285.5), (4218.0, 242.5), (4233.0, 221.9), (4255.9, 226.4), (4285.7, 265.3), (4312.1, 275.8), (4336.7, 214.6), (4369.1, 173.9), (4408.3, 156.0), (4448.3, 164.1), (4488.3, 207.1), (4528.3, 278.3), (4566.8, 351.6), (4601.0, 424.9), (4628.7, 370.6), (4651.6, 319.6), (4670.1, 290.1), (4684.2, 283.9), (4693.8, 309.1), (4697.8, 298.1), (4701.6, 239.5), (4713.4, 201.5), (4733.3, 186.5), (4761.1, 198.6), (4796.9, 246.1), (4835.9, 318.5), (4848.0, 391.9), (4848.0, 465.2), (4848.0, 538.5), (4848.0, 611.9), (4848.0, 685.2)]",0,0,26.33
experienced,mario,Mario1-1,Success,1,0,207.19,0.784,"[(112.0, 432.0), (114.6, 371.3), (125.1, 320.5), (143.6, 291.3), (170.1, 285.4), (204.6, 310.9), (244.5, 371.6), (281.7, 422.3), (316.5, 356.0), (356.4, 310.0), (396.4, 286.3), (434.5, 286.9), (468.1, 321.0), (501.3, 387.9), (538.6, 403.8), (574.0, 342.6), (613.2, 301.9), (648.4, 284.0), (679.3, 292.1), (705.4, 258.6), (736.6, 246.7), (775.2, 284.7), (810.7, 258.6), (842.0, 202.4), (875.9, 167.3), (914.4, 155.1), (954.4, 171.5), (994.4, 223.4), (1034.4, 296.6), (1074.4, 369.9), (1111.6, 422.3), (1143.5, 356.0), (1180.1, 310.0), (1220.1, 286.3), (1260.1, 286.9), (1300.1, 321.0), (1339.7, 387.9), (1375.5, 390.8), (1406.9, 370.3), (1433.9, 374.8), (1456.0, 413.7), (1456.0, 386.6), (1456.5, 330.6), (1462.5, 295.5), (1476.4, 283.4), (1498.4, 299.9), (1527.3, 316.4), (1561.4, 252.6), (1601.2, 209.3), (1641.2, 188.5), (1681.2, 192.7), (1721.2, 231.3), (1760.8, 300.6), (1796.6, 374.0), (1807.5, 422.3), (1806.4, 356.0), (1809.9, 310.0), (1821.4, 286.3), (1840.9, 286.9), (1868.4, 321.0), (1905.8, 281.6), (1945.8, 228.0), (1985.8, 195.6), (2025.8, 186.3), (2065.8, 207.2), (2105.8, 263.5), (2145.8, 336.9), (2184.7, 410.2), (2218.6, 386.6), (2256.3, 330.4), (2256.0, 295.3), (2260.5, 283.1), (2273.0, 299.5), (2288.2, 242.7), (2303.6, 191.6), (2326.9, 162.1), (2358.2, 155.9), (2396.8, 181.2), (2436.8, 241.6), (2476.4, 294.3), (2516.1, 240.3), (2556.1, 261.3), (2596.1, 317.0), (2636.0, 390.3), (2672.1, 403.8), (2703.4, 342.6), (2740.7, 301.9), (2780.7, 284.0), (2820.7, 292.1), (2860.7, 335.1), (2900.7, 406.3), (2939.8, 383.5), (2979.8, 368.8), (3019.6, 381.2), (3058.6, 429.0), (3093.2, 370.6), (3132.7, 381.0), (3171.6, 414.3), (3207.1, 382.2), (3246.3, 373.2), (3286.2, 394.3), (3324.2, 412.9), (3359.7, 349.1), (3376.0, 305.8), (3377.9, 285.0), (3387.2, 289.2), (3398.5, 267.1), (3410.7, 244.3), (3430.8, 278.1), (3451.1, 344.5), (3475.3, 417.8), (3495.9, 378.5), (3519.8, 377.6), (3541.2, 420.0), (3557.5, 378.5), (3579.4, 324.9), (3608.0, 292.5), (3634.2, 283.2), (3655.9, 304.0), (3664.4, 360.4), (3670.9, 432.0), (3681.5, 368.0), (3700.1, 384.9), (3724.8, 432.0), (3749.3, 368.0), (3781.8, 384.9), (3815.3, 432.0), (3844.9, 363.1), (3881.9, 314.6), (3921.9, 288.0), (3960.5, 285.1), (4000.1, 314.8), (4017.2, 378.8), (4024.8, 412.9), (4037.4, 369.1), (4058.0, 394.4), (4081.9, 412.9), (4103.4, 369.1), (4123.1, 394.4), (4137.8, 412.9), (4146.3, 349.1), (4157.4, 305.8), (4170.4, 285.0), (4182.7, 289.2), (4193.6, 327.8), (4200.1, 397.1), (4200.6, 338.8), (4201.9, 288.0), (4208.6, 258.7), (4222.0, 252.8), (4243.4, 278.3), (4265.8, 336.0), (4272.8, 267.1), (4280.2, 218.6), (4295.8, 192.0), (4319.2, 189.1), (4350.8, 218.8), (4389.5, 282.8), (4428.8, 258.6), (4468.8, 202.4), (4508.8, 167.3), (4548.8, 155.1), (4588.8, 171.5), (4628.8, 223.4), (4666.8, 296.6), (4688.0, 368.0), (4687.1, 299.1), (4693.6, 250.6), (4708.1, 224.0), (4730.6, 221.1), (4760.5, 250.8), (4788.6, 294.3), (4812.2, 228.0), (4842.6, 182.0), (4880.6, 158.3), (4920.6, 158.9), (4960.6, 193.0), (5000.6, 259.9), (5039.9, 333.3), (5075.2, 406.6), (5103.6, 386.6), (5107.5, 330.4), (5119.0, 295.3), (5138.5, 283.1), (5166.0, 299.5), (5201.5, 351.4), (5240.7, 424.6), (5279.6, 370.6), (5319.6, 381.0), (5359.3, 427.8), (5395.6, 370.6), (5433.0, 381.0), (5466.0, 427.8), (5492.6, 370.6), (5522.9, 319.6), (5554.8, 290.1), (5591.7, 283.9), (5631.2, 309.1), (5667.1, 368.0), (5696.1, 299.1), (5720.9, 250.6), (5742.7, 224.0), (5761.3, 221.1), (5775.7, 250.8), (5785.3, 294.3), (5788.5, 228.0), (5791.3, 182.0), (5801.9, 158.3), (5819.6, 158.9), (5840.5, 193.0), (5856.7, 220.9), (5868.6, 157.1), (5887.3, 113.8), (5914.0, 93.0), (5948.7, 97.2), (5988.6, 135.8), (6028.6, 205.1), (6068.6, 278.4), (6108.6, 351.8), (6147.9, 425.1), (6185.2, 370.6), (6225.2, 319.6)]",0,0,29.47
experienced,mario,Mario1-1,Stuck,1,0,138.8,0.718,"[(112.0, 432.0), (113.2, 371.3), (121.8, 320.5), (138.2, 291.3), (162.8, 285.4), (195.2, 310.9), (234.4, 371.6), (271.1, 422.3), (303.2, 356.0), (341.4, 310.0), (377.8, 286.3), (409.7, 286.9), (438.4, 321.0), (470.2, 387.9), (502.4, 390.8), (540.1, 370.3), (576.3, 374.8), (608.0, 413.7), (639.4, 378.7), (677.8, 369.3), (717.6, 396.6), (753.4, 412.9), (785.9, 369.1), (821.8, 394.4), (852.8, 412.9), (877.6, 349.1), (902.1, 305.8), (932.0, 285.0), (965.1, 289.2), (1004.4, 327.8), (1043.7, 397.1), (1077.8, 395.0), (1109.8, 336.3), (1140.0, 298.4), (1165.9, 283.4), (1198.3, 295.5), (1237.5, 343.0), (1276.4, 322.6), (1314.5, 266.4), (1347.9, 231.3), (1376.7, 219.1), (1412.0, 235.5), (1452.0, 287.4), (1490.7, 316.9), (1523.5, 253.1), (1549.1, 209.8), (1566.7, 189.0), (1583.3, 193.2), (1607.9, 231.8), (1640.5, 301.1), (1679.0, 374.4), (1715.4, 404.4), (1747.3, 378.1), (1774.8, 375.5), (1797.9, 405.5), (1808.8, 395.0), (1808.2, 336.3), (1810.1, 298.4), (1819.6, 283.4), (1837.1, 295.5), (1862.1, 325.4), (1890.2, 259.1), (1912.8, 213.2), (1927.4, 189.4), (1941.0, 190.0), (1962.6, 224.1), (1992.2, 291.0), (2029.7, 364.4), (2067.8, 432.0), (2099.0, 363.1), (2125.0, 314.6), (2143.2, 288.0), (2154.9, 285.1), (2172.0, 314.8), (2196.6, 378.8), (2223.8, 412.9), (2252.1, 349.1), (2256.0, 305.8), (2254.1, 285.0), (2253.6, 289.2), (2255.7, 327.8), (2258.3, 397.1), (2265.3, 395.0), (2276.8, 372.3), (2294.9, 406.1), (2309.6, 395.0), (2324.9, 372.3), (2345.4, 406.1), (2362.7, 395.0), (2384.9, 336.3), (2384.0, 298.4), (2384.0, 283.4), (2384.0, 295.5), (2384.0, 343.0), (2388.5, 415.4), (2395.2, 378.5), (2408.7, 377.6), (2429.0, 420.0), (2448.0, 378.5), (2473.8, 377.6), (2502.2, 420.0), (2525.6, 378.5), (2554.4, 324.9), (2591.2, 292.5), (2631.2, 283.2), (2671.2, 304.0), (2711.1, 360.4), (2748.6, 404.5), (2786.8, 375.3), (2826.8, 369.4), (2866.6, 394.9), (2902.4, 412.9), (2938.8, 369.1), (2974.8, 394.4), (3006.4, 399.6), (3037.7, 376.1), (3076.2, 377.0), (3116.1, 411.4), (3151.6, 386.6), (3183.3, 374.7), (3210.6, 412.7), (3232.2, 386.6), (3256.2, 330.4), (3278.7, 295.3), (3300.2, 283.1), (3318.5, 299.5), (3330.6, 242.7), (3338.4, 191.6), (3341.6, 162.1), (3341.8, 155.9), (3341.8, 181.2), (3341.9, 241.6), (3345.4, 315.0), (3351.2, 388.3), (3359.2, 403.8), (3370.6, 342.6), (3376.0, 301.9), (3378.6, 284.0), (3387.8, 292.1), (3397.2, 258.6), (3408.9, 246.7), (3427.5, 284.7), (3442.3, 258.6), (3460.1, 202.4), (3481.7, 167.3), (3496.6, 155.1), (3514.2, 171.5), (3539.8, 223.4), (3566.6, 296.6), (3596.2, 369.9), (3622.9, 422.3), (3645.1, 356.0), (3664.0, 310.0), (3664.0, 286.3), (3664.0, 286.9), (3664.0, 321.0), (3665.9, 387.9), (3673.1, 403.8), (3685.2, 370.5), (3705.2, 399.9), (3728.3, 403.8), (3752.7, 370.5), (3782.2, 399.9), (3806.9, 403.8), (3828.7, 342.6), (3855.4, 301.9), (3884.5, 284.0), (3921.6, 292.1), (3961.6, 335.1), (4001.4, 406.3), (4039.4, 386.6), (4079.4, 374.7), (4117.4, 412.7), (4149.6, 386.6), (4176.4, 330.4), (4198.8, 295.3), (4216.8, 283.1), (4230.3, 299.5), (4239.3, 351.4), (4240.0, 314.5), (4240.4, 261.0), (4246.9, 228.7), (4261.4, 219.4), (4283.9, 240.3), (4310.3, 296.8), (4331.6, 242.6), (4358.6, 191.6), (4384.7, 162.1), (4405.2, 155.9), (4432.3, 181.1), (4467.4, 241.6), (4506.6, 314.9), (4544.4, 388.3), (4577.5, 403.8), (4604.7, 342.6), (4627.4, 301.9), (4645.7, 284.0), (4659.5, 292.1), (4668.9, 335.1), (4672.7, 331.0), (4675.3, 272.3), (4685.8, 234.4), (4704.3, 219.4), (4730.8, 231.5), (4761.2, 279.0), (4785.9, 258.6), (4812.3, 202.4), (4841.4, 167.3), (4864.3, 155.1), (4892.7, 171.5), (4929.1, 223.4), (4968.9, 296.6), (5007.0, 369.9), (5041.8, 422.3), (5071.3, 356.0), (5102.5, 310.0), (5139.7, 286.3), (5177.9, 286.9), (5213.7, 321.0), (5250.3, 387.9), (5288.0, 403.8), (5327.6, 370.5), (5367.6, 399.9), (5404.2, 403.8), (5436.9, 342.6), (5474.4, 301.9), (5508.7, 284.0), (5541.9, 292.1), (5573.5, 335.1), (5600.6, 406.3), (5616.0, 386.6), (5616.1, 330.4), (5621.6, 295.3), (5635.1, 283.1), (5653.7, 299.5), (5668.4, 351.4), (5677.0, 314.5), (5682.6, 260.9), (5688.3, 228.5), (5688.2, 219.2), (5688.0, 240.0), (5689.2, 296.4), (5690.9, 368.0), (5690.9, 299.4), (5694.4, 251.2), (5696.9, 224.9), (5696.4, 222.3), (5695.9, 252.3), (5696.1, 316.4), (5696.1, 349.0), (5696.1, 285.5), (5698.9, 242.5), (5699.1, 221.9), (5699.0, 226.4), (5699.1, 265.3), (5699.2, 334.8), (5699.2, 331.2), (5699.5, 272.8), (5702.2, 235.2), (5702.1, 220.4), (5702.1, 232.8), (5702.2, 280.6), (5702.2, 353.1), (5702.2, 314.7), (5702.3, 261.4), (5703.1, 229.3), (5702.6, 220.3), (5702.1, 241.4), (5702.2, 298.1), (5702.2, 368.0), (5702.2, 299.4), (5702.9, 251.2), (5702.9, 224.9), (5702.4, 222.3), (5701.9, 252.3), (5702.1, 316.4), (5702.1, 349.0), (5702.1, 285.5), (5703.2, 242.5), (5702.7, 221.9), (5702.2, 226.4), (5702.0, 265.3), (5702.0, 334.8), (5702.0, 331.2), (5702.0, 272.8), (5703.0, 235.2), (5702.5, 220.4), (5702.0, 232.8), (5701.9, 280.6), (5701.9, 353.1), (5701.9, 314.7), (5702.1, 261.4), (5702.8, 229.3), (5702.3, 220.3), (5701.8, 241.4), (5701.9, 298.1), (5701.9, 368.0), (5701.9, 299.4), (5702.8, 251.2), (5702.8, 224.9), (5702.3, 222.3), (5701.8, 252.3), (5702.0, 316.4)]",0,0,40.27
experienced,mario,Mario1-1,Stuck,1,1,157.4,0.717,"[(112.0, 432.0), (113.2, 371.3), (121.8, 320.5), (138.2, 291.3), (162.8, 285.4), (195.2, 310.9), (234.5, 371.6), (271.7, 422.3), (304.4, 356.0), (342.9, 310.0), (379.3, 286.3), (411.2, 286.9), (439.9, 321.0), (468.8, 387.9), (501.2, 390.8), (539.9, 370.3), (576.3, 374.8), (608.3, 413.7), (639.8, 378.7), (678.5, 369.3), (718.3, 396.6), (754.1, 412.9), (786.7, 369.1), (822.5, 394.4), (853.5, 412.9), (878.4, 349.1), (902.8, 305.8), (932.2, 285.0), (962.4, 289.2), (999.7, 327.8), (1039.2, 397.1), (1073.9, 395.0), (1106.8, 336.3), (1139.2, 298.4), (1172.4, 283.4), (1211.3, 295.5), (1251.3, 343.0), (1290.3, 322.6), (1328.4, 266.4), (1362.0, 231.3), (1396.0, 219.1), (1434.9, 235.5), (1474.9, 287.4), (1514.1, 316.9), (1549.2, 253.1), (1580.0, 209.8), (1611.8, 189.0), (1648.3, 193.2), (1688.2, 231.8), (1726.8, 301.1), (1760.9, 374.4), (1790.7, 404.4), (1808.4, 378.1), (1808.7, 375.5), (1808.9, 405.5), (1808.4, 395.2), (1808.0, 336.8), (1808.4, 299.2), (1814.9, 284.4), (1829.4, 296.8), (1851.0, 327.0), (1871.8, 260.7), (1898.4, 214.7), (1929.9, 191.0), (1965.8, 191.6), (2005.7, 225.7), (2045.7, 292.6), (2085.3, 366.0), (2121.1, 432.0), (2150.4, 363.1), (2179.9, 314.6), (2206.3, 288.0), (2228.2, 285.1), (2245.7, 314.8), (2256.1, 378.8), (2260.1, 412.9), (2268.1, 369.1), (2284.0, 394.4), (2298.9, 412.9), (2310.0, 369.1), (2322.8, 394.4), (2334.5, 412.9), (2342.9, 349.1), (2356.0, 305.8), (2366.6, 285.0), (2372.8, 289.2), (2374.5, 327.8), (2377.2, 397.1), (2384.7, 395.0), (2397.8, 372.3), (2418.7, 406.1), (2439.2, 395.0), (2464.6, 372.3), (2495.0, 406.1), (2520.7, 395.0), (2549.1, 336.3), (2585.4, 298.4), (2625.4, 283.4), (2665.4, 295.5), (2705.4, 343.0), (2745.0, 415.4), (2783.5, 380.4), (2823.5, 368.5), (2863.5, 385.2), (2902.6, 432.0), (2936.7, 368.0), (2969.8, 384.9), (2998.6, 432.0), (3023.4, 363.1), (3054.3, 314.6), (3084.5, 288.0), (3111.4, 285.1), (3143.2, 284.9), (3171.7, 221.2), (3195.7, 177.9), (3220.8, 157.0), (3253.7, 161.2), (3288.3, 199.8), (3320.0, 269.1), (3348.9, 267.0), (3375.5, 208.3), (3376.0, 170.4), (3376.0, 155.4), (3376.1, 167.5), (3376.7, 215.0), (3378.6, 287.4), (3380.6, 250.5), (3386.1, 249.6), (3397.7, 292.0), (3404.4, 250.5), (3414.5, 249.6), (3430.6, 292.0), (3441.8, 250.5), (3456.5, 196.9), (3474.8, 164.5), (3499.2, 155.2), (3531.6, 176.0), (3566.7, 232.4), (3598.8, 305.8), (3631.0, 379.1), (3661.6, 412.9), (3694.3, 369.1), (3733.6, 394.4), (3769.9, 412.9), (3801.3, 349.1), (3837.5, 305.8), (3874.1, 285.0), (3914.1, 289.2), (3954.1, 327.8), (3993.9, 397.1), (4032.5, 395.0), (4072.5, 372.3), (4111.0, 406.1), (4144.0, 395.0), (4171.4, 336.3), (4194.3, 298.4), (4212.8, 283.4), (4226.9, 295.5), (4236.5, 343.0), (4240.2, 322.6), (4240.4, 266.4), (4245.9, 231.3), (4259.4, 219.1), (4280.9, 235.5), (4307.5, 287.4), (4328.4, 250.5), (4346.3, 196.9), (4371.0, 164.5), (4403.8, 155.2), (4442.5, 176.0), (4482.5, 232.4), (4522.1, 305.8), (4559.1, 379.1), (4591.4, 412.9), (4617.6, 349.1), (4639.3, 305.8), (4656.6, 285.0), (4669.4, 289.2), (4677.8, 327.8), (4680.9, 339.9), (4680.9, 278.8), (4684.4, 238.4), (4695.9, 220.6), (4715.4, 228.8), (4742.4, 272.1), (4766.6, 267.0), (4789.3, 208.3), (4817.1, 170.4), (4850.1, 155.4), (4887.8, 167.5), (4927.8, 215.0), (4967.7, 287.4), (5006.3, 360.8), (5043.3, 432.0), (5074.0, 363.1), (5104.0, 314.6), (5140.1, 288.0), (5177.2, 285.1), (5210.3, 314.8), (5243.8, 378.8), (5279.0, 412.9), (5316.7, 369.1), (5356.7, 394.4), (5394.6, 412.9), (5427.0, 369.1), (5456.0, 394.4), (5480.5, 399.6), (5500.5, 376.1), (5516.2, 377.0), (5527.3, 411.4), (5532.6, 386.6), (5538.0, 330.4), (5547.3, 295.3), (5555.2, 283.1), (5570.6, 299.5), (5587.0, 351.4), (5599.0, 424.6), (5604.4, 370.6), (5605.8, 319.6), (5612.3, 290.1), (5626.8, 283.9), (5645.2, 309.1), (5659.4, 368.0), (5666.8, 299.1), (5669.7, 250.6), (5669.8, 224.0), (5671.6, 221.1), (5680.5, 250.8), (5687.9, 314.8), (5690.6, 349.0), (5690.6, 285.5), (5690.6, 242.5), (5690.6, 221.9), (5690.6, 226.4), (5690.6, 265.3), (5690.6, 334.8), (5690.6, 331.2), (5690.6, 272.8), (5690.6, 235.2), (5690.6, 220.4), (5690.6, 232.8), (5690.6, 280.6), (5690.6, 353.1), (5690.6, 314.7), (5690.6, 261.4), (5690.6, 229.3), (5690.6, 220.3), (5690.6, 241.4), (5690.6, 298.1), (5690.6, 368.0), (5690.6, 299.4), (5690.6, 251.2), (5690.6, 224.9), (5690.6, 222.3), (5690.6, 252.3), (5690.6, 316.4), (5690.6, 349.0), (5690.6, 285.5), (5690.6, 242.5), (5690.6, 221.9), (5690.6, 226.4), (5690.6, 265.3), (5690.6, 334.8), (5690.6, 331.2), (5690.6, 272.8), (5690.6, 235.2)]",0,0,35.45
experienced,mario,Mario1-1,Stuck,1,1,137.3,0.717,"[(112.0, 432.0), (113.2, 371.3), (121.8, 320.5), (138.2, 291.3), (162.8, 285.4), (195.2, 310.9), (234.3, 371.6), (270.4, 422.3), (301.2, 356.0), (337.4, 310.0), (372.1, 286.3), (402.4, 286.9), (433.7, 321.0), (466.9, 387.9), (499.8, 390.8), (538.5, 370.3), (574.9, 374.8), (606.8, 413.7), (641.3, 378.7), (681.1, 369.3), (720.9, 396.6), (756.7, 412.9), (789.3, 369.1), (825.1, 394.4), (856.1, 412.9), (881.0, 349.1), (905.4, 305.8), (933.6, 285.0), (960.3, 289.2), (993.0, 327.8), (1031.7, 397.1), (1065.8, 395.0), (1097.8, 336.3), (1128.1, 298.4), (1159.9, 283.4), (1197.5, 295.5), (1237.5, 343.0), (1276.0, 322.6), (1314.1, 266.4), (1347.7, 231.3), (1378.4, 219.1), (1413.4, 235.5), (1453.3, 287.4), (1492.3, 316.9), (1526.8, 253.1), (1556.8, 209.8), (1585.9, 189.0), (1616.6, 193.2), (1651.6, 231.8), (1687.2, 301.1), (1718.4, 374.4), (1745.1, 404.4), (1767.4, 378.1), (1785.2, 375.5), (1798.6, 405.5), (1808.0, 395.0), (1808.7, 336.3), (1809.1, 298.4), (1815.6, 283.4), (1830.1, 295.5), (1852.1, 325.4), (1878.7, 259.1), (1907.5, 213.2), (1936.3, 189.4), (1966.9, 190.0), (2001.0, 224.1), (2040.0, 291.0), (2079.5, 364.4), (2115.4, 432.0), (2144.4, 363.1), (2172.0, 314.6), (2195.2, 288.0), (2214.1, 285.1), (2228.5, 314.8), (2239.6, 378.8), (2255.2, 412.9), (2274.9, 369.1), (2301.5, 394.4), (2324.9, 412.9), (2344.2, 349.1), (2366.1, 305.8), (2385.4, 285.0), (2400.2, 289.2), (2409.5, 267.1), (2419.5, 208.4), (2430.3, 170.5), (2439.0, 155.4), (2443.3, 167.5), (2444.5, 215.0), (2452.0, 287.5), (2464.6, 250.5), (2480.0, 196.9), (2480.0, 164.5), (2480.0, 155.2), (2480.0, 176.0), (2480.4, 232.4), (2486.9, 304.0), (2497.5, 240.0), (2516.1, 256.9), (2542.7, 308.1), (2577.3, 381.2), (2615.2, 412.9), (2647.0, 349.1), (2679.8, 305.8), (2719.2, 285.0), (2759.2, 289.2), (2799.2, 327.8), (2839.0, 397.1), (2876.5, 395.0), (2896.8, 336.3), (2896.0, 298.4), (2899.5, 283.4), (2911.0, 295.5), (2927.6, 250.5), (2947.1, 249.6), (2964.3, 292.0), (2988.4, 362.8), (3013.4, 406.9), (3038.1, 377.7), (3070.6, 371.8), (3109.9, 397.3), (3148.3, 412.9), (3180.7, 369.1), (3208.6, 394.4), (3231.5, 412.9), (3252.3, 349.1), (3273.9, 305.8), (3293.4, 285.0), (3310.8, 289.2), (3322.6, 267.1), (3330.1, 208.4), (3334.4, 170.5), (3335.1, 155.4), (3335.1, 167.5), (3335.1, 215.0), (3337.6, 287.5), (3338.7, 250.6), (3338.7, 197.2), (3338.7, 165.1), (3338.7, 156.1), (3338.7, 177.1), (3338.8, 233.7), (3343.2, 304.0), (3343.8, 235.2), (3344.0, 186.8), (3344.0, 160.2), (3344.0, 157.4), (3344.0, 187.2), (3344.3, 251.2), (3347.9, 324.5), (3354.5, 397.9), (3360.6, 395.0), (3371.1, 336.3), (3376.0, 298.4), (3378.3, 283.4), (3380.7, 295.5), (3384.1, 250.5), (3393.7, 249.6), (3409.3, 292.0), (3420.0, 250.5), (3429.1, 249.6), (3444.4, 292.0), (3458.5, 362.8), (3473.5, 432.0), (3487.8, 368.0), (3509.9, 384.9), (3531.6, 432.0), (3546.5, 363.1), (3562.3, 314.6), (3578.8, 288.0), (3592.9, 285.1), (3603.1, 314.8), (3617.0, 378.8), (3632.7, 412.9), (3649.6, 349.1), (3664.0, 305.8), (3664.0, 285.0), (3664.0, 289.2), (3664.0, 327.8), (3666.6, 397.1), (3674.2, 395.0), (3687.3, 372.3), (3708.3, 406.1), (3731.0, 395.0), (3756.3, 372.3), (3785.7, 406.1), (3809.5, 395.0), (3830.7, 336.3), (3859.3, 298.4), (3895.9, 283.4), (3935.9, 295.5), (3975.9, 343.0), (4015.6, 415.4), (4053.6, 378.5), (4093.6, 377.6), (4130.5, 420.0), (4161.3, 378.5), (4187.0, 324.9), (4208.3, 292.5), (4225.1, 283.2), (4237.5, 304.0), (4244.6, 306.9), (4247.7, 245.7), (4257.6, 205.1), (4275.6, 187.1), (4301.5, 195.2), (4335.4, 238.2), (4375.1, 304.0), (4413.9, 235.1), (4450.3, 186.6), (4482.3, 160.0), (4512.5, 157.1), (4546.0, 186.8), (4581.6, 250.8), (4612.8, 324.1), (4639.7, 397.4), (4660.0, 338.6), (4675.6, 287.6), (4686.8, 258.1), (4700.5, 251.9), (4722.1, 277.1), (4742.5, 275.8), (4764.7, 214.6), (4793.7, 173.9), (4823.9, 156.0), (4855.1, 164.1), (4890.6, 207.1), (4930.0, 278.3), (4969.1, 351.6), (5007.5, 380.9), (5046.2, 317.1), (5084.3, 273.8), (5124.2, 253.0), (5161.1, 257.2), (5193.6, 295.8), (5223.8, 365.1), (5255.4, 409.2), (5293.6, 380.0), (5333.6, 374.0), (5373.6, 399.6), (5410.7, 403.8), (5443.2, 342.6), (5479.7, 301.9), (5513.0, 284.0), (5541.9, 292.1), (5566.2, 335.1), (5586.2, 406.3), (5600.2, 386.6), (5609.0, 330.4), (5620.2, 295.3), (5635.4, 283.1), (5647.9, 299.5), (5656.0, 351.4), (5657.9, 314.5), (5657.9, 260.9), (5658.7, 228.5), (5666.0, 219.2), (5675.1, 240.0), (5680.7, 296.4), (5682.0, 368.0), (5682.0, 299.4), (5682.2, 251.2), (5682.2, 224.9), (5683.3, 222.3), (5685.3, 252.3), (5685.4, 316.4), (5685.4, 349.0), (5685.4, 285.5), (5685.5, 242.5), (5685.5, 221.9), (5685.5, 226.4), (5685.5, 265.3), (5685.5, 334.8), (5685.5, 331.2), (5685.7, 272.8), (5685.7, 235.2), (5685.7, 220.4), (5685.7, 232.8), (5685.7, 280.6), (5685.7, 353.1), (5685.7, 314.7), (5685.9, 261.4), (5685.9, 229.3), (5685.9, 220.3), (5685.9, 241.4), (5685.9, 298.1), (5685.9, 368.0), (5685.9, 299.4), (5686.1, 251.2), (5686.1, 224.9), (5686.1, 222.3), (5686.1, 252.3), (5686.1, 316.4), (5686.1, 349.0), (5686.1, 285.5), (5686.3, 242.5), (5686.3, 221.9), (5686.3, 226.4), (5686.3, 265.3), (5686.3, 334.8), (5686.3, 331.2), (5686.4, 272.8), (5686.4, 235.2), (5686.4, 220.4), (5686.4, 232.8)]",0,0,40.62
experienced,mario,Mario1-1,Pit,1,0,207.23,0.272,"[(112.0, 432.0), (113.2, 371.3), (121.8, 320.5), (138.2, 291.3), (162.8, 285.4), (195.2, 310.9), (234.5, 371.6), (272.3, 422.3), (305.5, 356.0), (344.3, 310.0), (383.8, 286.3), (419.6, 286.9), (451.2, 321.0), (483.2, 387.9), (517.1, 403.8), (546.0, 370.5), (573.4, 399.9), (597.4, 395.4), (621.2, 374.8), (652.6, 379.3), (687.9, 418.2), (719.1, 378.5), (756.5, 377.6), (795.0, 420.0), (827.4, 378.5), (854.8, 377.6), (877.8, 420.0), (880.0, 378.7), (880.4, 325.4), (886.9, 293.3), (901.4, 284.3), (923.9, 305.4), (954.4, 362.1), (989.5, 306.6), (1026.6, 255.6), (1065.6, 226.1), (1105.6, 219.9), (1145.6, 245.1), (1185.6, 305.6), (1224.9, 358.3), (1262.6, 292.0), (1297.9, 246.0), (1331.7, 222.3), (1371.2, 222.9), (1411.2, 257.0), (1450.8, 323.9), (1486.0, 282.5), (1523.6, 228.9), (1562.2, 196.5), (1602.2, 187.2), (1642.2, 208.0), (1682.2, 264.4), (1719.1, 337.8), (1751.6, 411.1), (1779.7, 388.4), (1803.3, 373.6), (1808.1, 386.0), (1808.2, 432.0), (1806.6, 363.1), (1806.6, 314.6), (1809.2, 288.0), (1819.7, 285.1), (1838.2, 314.8), (1861.3, 289.7), (1888.8, 233.6), (1924.3, 198.4), (1964.3, 186.2), (2004.3, 202.6), (2044.3, 254.5), (2084.3, 327.7), (2122.8, 401.0), (2157.0, 474.4), (2160.4, 547.7), (2160.4, 621.0), (2160.1, 694.4)]",0,0,9.92
experienced,mario,Mario1-1,Stuck,1,0,125.12,0.221,"[(112.0, 432.0), (113.2, 371.3), (121.8, 320.5), (138.2, 291.3), (162.8, 285.4), (195.2, 310.9), (234.1, 371.6), (269.6, 422.3), (299.8, 356.0), (335.5, 310.0), (369.7, 286.3), (399.4, 286.9), (426.3, 321.0), (452.7, 387.9), (478.1, 390.8), (509.5, 370.3), (547.7, 374.8), (583.4, 413.7), (615.3, 378.7), (651.8, 369.3), (689.8, 396.6), (722.7, 412.9), (754.8, 369.1), (793.1, 394.4), (827.4, 412.9), (855.6, 349.1), (882.2, 305.8), (916.1, 285.0), (949.6, 289.2), (978.8, 327.8), (1010.1, 397.1), (1037.0, 395.0), (1066.8, 336.3), (1101.6, 298.4), (1132.5, 283.4), (1162.3, 295.5), (1197.6, 343.0), (1233.6, 322.6), (1269.3, 266.4), (1300.6, 231.3), (1328.2, 219.1), (1356.8, 235.5), (1389.3, 287.4), (1419.9, 360.6), (1446.1, 432.0), (1456.2, 363.1), (1456.2, 314.6), (1458.8, 288.0), (1469.3, 285.1), (1487.8, 314.8), (1511.9, 289.7), (1541.3, 233.6), (1569.4, 198.4), (1596.8, 186.2), (1625.3, 202.6), (1656.3, 254.5), (1684.1, 327.7), (1707.5, 401.0), (1726.4, 391.0), (1740.9, 373.3), (1751.0, 381.7), (1756.6, 425.0), (1757.0, 371.8), (1757.0, 321.0), (1757.0, 291.7), (1757.0, 285.8), (1757.0, 311.3), (1757.0, 372.0), (1757.0, 422.3), (1757.0, 356.3), (1757.0, 310.7), (1757.0, 287.2), (1757.0, 288.1), (1757.0, 322.5), (1757.0, 389.6), (1757.0, 403.9), (1757.0, 343.0), (1757.0, 302.6), (1757.0, 285.0), (1757.0, 293.3), (1757.0, 336.7), (1757.0, 407.9), (1757.0, 386.8), (1757.0, 330.9), (1757.0, 296.1), (1757.0, 284.2), (1757.0, 300.9), (1757.0, 353.1), (1757.0, 426.3), (1757.0, 370.9), (1757.0, 320.1), (1757.0, 290.9), (1757.0, 285.0), (1757.0, 310.6), (1757.0, 371.3), (1757.0, 422.3), (1757.0, 356.3), (1757.0, 310.7), (1757.0, 287.2)]",0,0,13.15
experienced,mario,Mario1-1,Success,1,0,139.5,0.785,"[(112.0, 432.0), (113.2, 371.3), (121.8, 320.5), (138.2, 291.3), (162.8, 285.4), (195.2, 310.9), (234.4, 371.6), (271.1, 422.3), (305.3, 356.0), (345.1, 310.0), (385.1, 286.3), (423.6, 286.9), (457.8, 321.0), (492.4, 387.9), (527.7, 403.8), (557.8, 370.5), (585.9, 399.9), (611.5, 395.4), (643.8, 374.8), (683.0, 379.3), (721.1, 418.2), (754.6, 378.5), (793.0, 377.6), (830.5, 420.0), (861.8, 378.5), (889.2, 324.9), (922.7, 292.5), (962.3, 283.2), (1002.3, 304.0), (1042.3, 360.4), (1079.8, 432.0), (1112.5, 363.1), (1147.9, 314.6), (1184.5, 288.0), (1224.5, 285.1), (1264.5, 314.8), (1304.3, 378.8), (1341.9, 395.0), (1380.8, 371.6), (1415.5, 372.4), (1445.8, 406.9), (1455.2, 395.0), (1455.2, 336.3), (1457.1, 298.4), (1466.6, 283.4), (1484.1, 295.5), (1509.1, 325.4), (1538.7, 259.1), (1576.2, 213.2), (1616.2, 189.4), (1656.2, 190.0), (1696.2, 224.1), (1735.8, 291.0), (1771.6, 364.4), (1803.6, 432.0), (1808.0, 363.1), (1808.1, 314.6), (1813.6, 288.0), (1827.1, 285.1), (1848.6, 314.8), (1875.7, 289.7), (1909.3, 233.6), (1949.0, 198.4), (1989.0, 186.2), (2029.0, 202.6), (2069.0, 254.5), (2109.0, 327.7), (2148.2, 401.0), (2182.3, 395.0), (2217.2, 336.3), (2250.6, 298.4), (2283.6, 283.4), (2317.5, 295.5), (2349.8, 343.0), (2387.9, 415.4), (2425.2, 378.5), (2465.2, 377.6), (2504.1, 420.0), (2538.3, 378.5), (2577.1, 324.9), (2617.1, 292.5), (2657.1, 283.2), (2697.1, 304.0), (2737.1, 360.4), (2775.6, 432.0), (2810.4, 363.1), (2850.2, 314.6), (2889.7, 288.0), (2929.7, 285.1), (2968.7, 284.9), (3004.3, 221.2), (3042.2, 177.9), (3081.9, 157.0), (3121.7, 161.2), (3161.7, 199.8), (3201.2, 269.1), (3239.0, 342.5), (3277.1, 415.8), (3310.1, 378.5), (3348.0, 377.6), (3384.4, 420.0), (3414.6, 378.5), (3440.5, 377.6), (3463.8, 420.0), (3484.3, 378.5), (3511.5, 377.6), (3538.4, 420.0), (3559.0, 378.5), (3581.6, 324.9), (3611.1, 292.5), (3638.0, 283.2), (3660.5, 304.0), (3664.4, 360.4), (3670.9, 432.0), (3681.5, 368.0), (3700.1, 384.9), (3724.8, 432.0), (3747.9, 368.0), (3778.7, 384.9), (3809.0, 432.0), (3834.6, 363.1), (3867.0, 314.6), (3906.2, 288.0), (3945.1, 285.1), (3984.2, 314.8), (4016.1, 378.8), (4020.7, 412.9), (4030.3, 369.1), (4047.9, 394.4), (4071.0, 412.9), (4090.4, 369.1), (4107.1, 394.4), (4118.8, 412.9), (4124.3, 349.1), (4131.2, 305.8), (4135.6, 285.0), (4136.5, 289.2), (4140.4, 327.8), (4144.8, 397.1), (4145.4, 395.2), (4145.7, 336.8), (4151.1, 299.2), (4153.9, 284.4), (4154.5, 296.8), (4157.1, 344.6), (4158.1, 417.1), (4158.1, 378.7), (4158.9, 325.4), (4162.3, 293.3), (4164.0, 284.3), (4164.7, 305.4), (4164.7, 362.1), (4164.7, 432.0), (4163.4, 363.1), (4164.5, 314.6), (4165.4, 288.0), (4166.3, 285.1), (4167.1, 314.8), (4167.1, 378.8), (4166.2, 412.9), (4165.8, 349.1), (4167.3, 305.8), (4168.3, 285.0), (4168.8, 289.2), (4169.5, 327.8), (4169.5, 397.1), (4168.3, 395.0), (4168.3, 336.3), (4169.0, 298.4), (4170.1, 283.4), (4170.7, 295.5), (4171.1, 343.0), (4171.1, 415.4), (4169.8, 378.5), (4169.9, 324.9), (4170.6, 292.5), (4171.7, 283.2), (4172.4, 304.0), (4172.4, 360.4), (4172.4, 432.0), (4171.2, 363.1), (4171.7, 314.6), (4172.2, 288.0), (4173.1, 285.1), (4173.8, 314.8), (4173.8, 378.8), (4172.9, 412.9), (4172.5, 349.1), (4173.2, 305.8), (4174.1, 285.0), (4174.4, 289.2), (4175.1, 327.8), (4175.1, 397.1), (4173.9, 395.0), (4173.9, 336.3), (4173.9, 298.4), (4175.1, 283.4), (4175.5, 295.5), (4175.8, 343.0), (4175.8, 415.4), (4174.5, 378.5), (4174.5, 324.9), (4174.7, 292.5), (4175.7, 283.2), (4176.4, 304.0), (4176.4, 360.4), (4176.4, 432.0), (4175.2, 363.1), (4175.2, 314.6), (4175.6, 288.0), (4179.0, 285.1), (4182.4, 314.8), (4182.7, 378.8), (4182.7, 354.8), (4182.7, 298.9), (4186.0, 264.1), (4188.0, 252.2), (4188.7, 268.9), (4190.8, 321.1), (4190.9, 394.3), (4190.9, 338.9), (4191.2, 288.1), (4191.6, 258.9), (4192.3, 253.0), (4193.0, 278.6), (4193.2, 339.3), (4193.2, 390.3), (4193.2, 324.3), (4193.3, 278.7), (4194.1, 255.2), (4194.9, 256.1), (4195.6, 290.5), (4195.8, 357.6), (4195.8, 371.9), (4195.8, 311.0), (4196.0, 270.6), (4197.3, 253.0), (4198.0, 261.3), (4198.3, 304.7), (4198.3, 375.9), (4197.0, 354.6), (4197.0, 298.4), (4197.2, 263.3), (4199.0, 251.1), (4203.9, 267.5), (4205.1, 319.4), (4205.1, 392.6), (4203.9, 338.6), (4203.9, 287.6), (4204.1, 258.1), (4209.0, 251.9), (4220.0, 277.1), (4227.7, 337.6), (4229.8, 331.1), (4229.9, 272.6), (4235.4, 234.8), (4248.9, 219.9), (4270.4, 232.2), (4295.9, 279.9), (4315.6, 258.6), (4337.0, 202.4), (4366.3, 167.3), (4403.6, 155.1), (4443.6, 171.5), (4483.6, 223.4), (4523.6, 296.6), (4561.5, 369.9), (4595.2, 422.3), (4622.5, 356.0), (4645.3, 310.0), (4663.7, 286.3), (4677.7, 286.9), (4687.2, 321.0), (4691.9, 290.6), (4701.9, 234.4), (4719.8, 199.3), (4745.8, 187.1), (4779.7, 203.5), (4819.5, 255.4), (4858.4, 284.9), (4898.0, 221.1), (4938.0, 177.8), (4978.0, 157.0), (5018.0, 161.2), (5058.0, 199.8), (5098.0, 269.1), (5138.0, 342.4), (5177.3, 322.6), (5216.3, 266.4), (5251.6, 231.3), (5290.8, 219.1), (5330.8, 235.5), (5370.8, 287.4), (5409.3, 250.5), (5445.0, 196.9), (5482.1, 164.5), (5522.1, 155.2), (5562.1, 176.0), (5602.1, 232.4), (5641.4, 305.8), (5676.4, 358.3), (5704.9, 292.0), (5729.0, 246.0), (5748.6, 222.3), (5763.8, 222.9), (5774.5, 257.0), (5780.2, 284.9), (5780.5, 221.1), (5782.4, 177.8), (5791.7, 157.0), (5803.5, 161.2), (5816.8, 199.8), (5826.2, 269.1), (5829.1, 210.6), (5831.0, 159.6), (5840.5, 130.1), (5858.0, 123.9), (5879.4, 149.1), (5896.6, 208.0), (5906.6, 139.1), (5922.6, 90.6), (5946.7, 64.0), (5978.7, 61.1), (6017.8, 90.8), (6057.8, 154.8), (6097.8, 228.1), (6137.8, 301.4), (6177.7, 374.8), (6214.3, 422.3)]",0,0,43.78
experienced,mario,Mario1-1,Pit,1,0,222.53,0.551,"[(112.0, 432.0), (113.9, 371.3), (123.4, 320.5), (140.9, 291.3), (166.4, 285.4), (199.9, 310.9), (239.5, 371.6), (277.3, 422.3), (312.6, 356.0), (352.6, 310.0), (392.6, 286.3), (431.1, 286.9), (465.3, 321.0), (500.5, 387.9), (538.5, 403.8), (576.1, 342.6), (615.4, 301.9), (650.7, 284.0), (681.5, 292.1), (707.6, 258.6), (738.9, 246.7), (777.5, 284.7), (813.7, 258.6), (850.9, 202.4), (890.0, 167.3), (930.0, 155.1), (970.0, 171.5), (1010.0, 223.4), (1050.0, 296.6), (1089.9, 369.9), (1127.7, 422.3), (1160.2, 356.0), (1195.7, 310.0), (1235.7, 286.3), (1275.7, 286.9), (1315.7, 321.0), (1355.3, 387.9), (1391.1, 390.8), (1422.5, 370.3), (1449.5, 374.8), (1456.1, 413.7), (1454.8, 386.6), (1455.5, 330.4), (1463.0, 295.3), (1478.5, 283.1), (1502.0, 299.5), (1534.2, 316.0), (1574.1, 252.2), (1614.1, 208.9), (1654.1, 188.1), (1694.1, 192.3), (1734.1, 230.9), (1774.1, 300.2), (1808.0, 373.5), (1808.1, 422.3), (1807.7, 356.0), (1811.2, 310.0), (1822.7, 286.3), (1842.2, 286.9), (1869.7, 321.0), (1907.1, 281.6), (1947.1, 228.0), (1987.1, 195.6), (2027.1, 186.3), (2067.1, 207.2), (2107.1, 263.5), (2147.1, 336.9), (2186.6, 410.2), (2222.0, 386.6), (2256.0, 330.4), (2256.0, 295.3), (2260.5, 283.1), (2273.0, 299.5), (2288.2, 242.7), (2305.0, 191.6), (2329.8, 162.1), (2362.7, 155.9), (2402.0, 181.2), (2442.0, 241.6), (2481.7, 294.3), (2521.3, 240.3), (2561.3, 261.3), (2601.3, 317.0), (2641.2, 390.3), (2677.3, 403.8), (2708.7, 342.6), (2745.9, 301.9), (2785.9, 284.0), (2825.9, 292.1), (2865.9, 335.1), (2905.9, 406.3), (2945.4, 383.5), (2985.4, 368.8), (3025.4, 381.2), (3064.7, 429.0), (3099.8, 370.6), (3139.5, 381.0), (3178.1, 414.3), (3214.2, 382.2), (3254.1, 373.2), (3294.1, 394.3), (3332.1, 412.9), (3367.0, 349.1), (3376.0, 305.8), (3377.9, 285.0), (3387.2, 289.2), (3398.5, 267.1), (3410.7, 244.3), (3430.8, 278.1), (3451.1, 344.5), (3475.9, 417.8), (3498.0, 378.5), (3524.3, 377.6), (3550.3, 420.0), (3571.3, 378.5), (3597.8, 324.9), (3630.4, 292.5), (3659.7, 283.2), (3684.5, 304.0), (3708.0, 235.2), (3737.1, 186.7), (3762.0, 160.1), (3782.5, 157.1), (3798.2, 157.0), (3816.0, 93.2), (3841.8, 49.9), (3875.7, 29.1), (3915.4, 33.3), (3955.4, 71.9), (3994.7, 141.2), (4028.8, 139.0), (4062.7, 80.3), (4102.5, 42.4), (4142.5, 27.4), (4182.5, 39.5), (4222.5, 87.0), (4262.5, 159.4), (4302.5, 232.8), (4341.8, 306.1), (4368.1, 379.4), (4368.1, 452.8), (4368.1, 526.1), (4368.1, 599.4), (4368.1, 672.8)]",0,0,19.17
experienced,mario,Mario1-1,Stall,1,0,93.95,0.719,"[(112.0, 432.0), (113.2, 371.3), (121.8, 320.5), (138.2, 291.3), (162.8, 285.4), (195.2, 310.9), (234.5, 371.6), (272.3, 422.3), (306.5, 356.0), (345.9, 310.0), (382.3, 286.3), (414.2, 286.9), (442.9, 321.0), (474.7, 387.9), (509.2, 403.8), (546.1, 370.5), (584.0, 399.9), (621.0, 395.4), (661.0, 374.8), (701.0, 379.3), (740.3, 418.2), (774.4, 378.5), (812.6, 377.6), (850.1, 420.0), (880.0, 378.5), (880.4, 324.9), (886.9, 292.5), (901.4, 283.2), (923.9, 304.0), (954.4, 360.4), (989.3, 306.6), (1023.3, 255.6), (1055.3, 226.1), (1090.0, 219.9), (1129.1, 245.1), (1169.1, 305.6), (1207.7, 358.3), (1243.6, 292.0), (1277.8, 246.0), (1309.4, 222.3), (1344.8, 222.9), (1384.5, 257.0), (1423.5, 323.9), (1456.0, 397.3), (1456.8, 395.2), (1456.2, 336.8), (1457.4, 299.2), (1465.9, 284.4), (1482.4, 296.8), (1506.4, 327.0), (1535.1, 260.7), (1566.2, 214.7), (1598.6, 191.0), (1634.1, 191.6), (1673.7, 225.7), (1712.2, 292.6), (1746.4, 366.0), (1776.1, 432.0), (1799.0, 363.1), (1817.5, 314.6), (1837.0, 288.0), (1864.5, 285.1), (1900.0, 314.8), (1940.0, 378.8), (1977.7, 412.9), (2016.6, 349.1), (2056.2, 305.8), (2092.2, 285.0), (2130.0, 289.2), (2169.1, 327.8), (2208.6, 397.1), (2246.1, 395.0), (2286.0, 372.3), (2324.0, 406.1), (2357.6, 395.0), (2384.1, 336.3), (2384.2, 298.4), (2384.2, 283.4), (2384.2, 295.5), (2384.2, 343.0), (2388.7, 415.4), (2396.9, 378.5), (2412.0, 377.6), (2434.8, 420.0), (2458.5, 378.5), (2489.0, 377.6), (2524.6, 420.0), (2555.7, 378.5), (2592.3, 324.9), (2632.3, 292.5), (2672.3, 283.2), (2712.3, 304.0), (2752.3, 360.4), (2791.6, 432.0), (2827.5, 363.1), (2867.4, 314.6), (2907.4, 288.0), (2944.9, 285.1), (2982.0, 314.8), (3021.8, 378.8), (3059.8, 412.9), (3088.1, 349.1), (3088.0, 305.8), (3088.0, 285.0), (3088.0, 289.2), (3088.0, 327.8), (3090.6, 397.1), (3097.6, 387.0), (3111.5, 369.3), (3133.3, 377.7), (3161.2, 408.0), (3185.8, 375.9), (3213.0, 366.9), (3248.1, 388.0), (3284.0, 422.3), (3320.4, 368.3), (3360.0, 389.3), (3395.5, 422.3), (3425.7, 368.3), (3461.0, 389.3), (3494.9, 422.3), (3522.7, 368.3), (3547.2, 389.3), (3567.0, 422.3), (3583.2, 356.0), (3606.4, 310.0), (3631.0, 286.3), (3651.2, 286.9), (3664.0, 321.0), (3665.9, 387.9), (3673.9, 403.8), (3687.5, 370.5), (3709.1, 399.9), (3732.6, 403.8), (3758.6, 370.5), (3791.3, 399.9), (3820.7, 403.8), (3848.3, 342.6), (3882.9, 301.9), (3922.7, 284.0), (3960.7, 292.1), (3999.2, 335.1), (4017.2, 406.3), (4023.3, 386.6), (4035.9, 374.7), (4056.5, 412.7), (4078.2, 386.6), (4095.8, 374.7), (4109.3, 412.7), (4116.9, 386.6), (4120.3, 330.4), (4125.8, 295.3), (4127.1, 283.1), (4127.1, 299.5), (4127.7, 351.4), (4127.8, 424.6), (4127.8, 370.9), (4129.6, 320.1), (4133.7, 290.9), (4134.1, 285.0), (4134.1, 310.6), (4134.2, 371.3), (4134.2, 422.3), (4134.2, 356.3), (4137.6, 310.7), (4140.5, 287.2), (4140.6, 288.1), (4140.6, 322.5), (4140.6, 389.6), (4140.6, 403.9), (4140.6, 343.0), (4142.0, 302.6), (4142.1, 285.0), (4142.1, 293.3), (4142.1, 336.7), (4142.1, 407.9), (4142.1, 386.8), (4142.1, 330.9), (4143.7, 296.1), (4143.7, 284.2), (4143.7, 300.9), (4143.7, 353.1), (4143.7, 426.3), (4143.7, 370.9), (4144.1, 320.1), (4147.7, 290.9), (4149.1, 285.0), (4151.7, 310.6), (4156.7, 371.3), (4157.6, 422.3), (4157.6, 356.3), (4157.8, 310.7), (4158.2, 287.2), (4158.5, 288.1), (4159.4, 322.5), (4159.4, 389.6), (4159.4, 403.9), (4159.4, 343.0), (4159.4, 302.6), (4160.1, 285.0), (4160.5, 293.3), (4161.0, 336.7), (4161.0, 407.9), (4161.0, 386.8), (4161.0, 330.9), (4161.0, 296.1), (4161.7, 284.2), (4162.4, 300.9), (4162.6, 353.1), (4162.6, 426.3), (4162.6, 370.9), (4162.6, 320.1), (4162.6, 290.9), (4163.3, 285.0), (4164.0, 310.6), (4164.2, 371.3), (4164.2, 422.3), (4164.2, 356.3), (4164.2, 310.7), (4164.6, 287.2), (4164.9, 288.1), (4165.8, 322.5), (4165.8, 389.6), (4165.8, 403.9), (4165.8, 343.0), (4165.8, 302.6), (4166.5, 285.0), (4166.9, 293.3), (4167.2, 336.7), (4167.2, 407.9), (4167.2, 386.8), (4167.2, 330.9), (4167.2, 296.1), (4167.9, 284.2), (4168.6, 300.9), (4168.6, 353.1), (4168.6, 426.3), (4168.6, 370.9), (4168.6, 320.1), (4168.6, 290.9), (4169.3, 285.0), (4170.1, 310.6), (4170.1, 371.3), (4170.1, 422.3), (4170.1, 356.3), (4170.1, 310.7), (4170.4, 287.2), (4170.8, 288.1), (4171.5, 322.5), (4171.5, 389.6), (4171.5, 403.9), (4171.5, 343.0), (4171.5, 302.6), (4172.1, 285.0), (4172.6, 293.3), (4172.9, 336.7), (4172.9, 407.9), (4172.9, 386.8), (4172.9, 330.9), (4172.9, 296.1), (4173.6, 284.2), (4174.3, 300.9), (4174.3, 353.1), (4174.3, 426.3), (4174.3, 370.9), (4174.3, 320.1), (4174.3, 290.9), (4175.0, 285.0), (4175.7, 310.6), (4175.7, 371.3), (4175.7, 422.3), (4175.7, 356.3), (4175.7, 310.7), (4176.1, 287.2), (4180.1, 288.1), (4184.3, 322.5), (4184.8, 389.6), (4184.8, 346.7), (4184.8, 293.4), (4185.0, 261.3), (4185.7, 252.3), (4187.0, 273.4), (4190.4, 330.1), (4190.8, 400.0), (4190.8, 331.4), (4191.0, 283.2), (4191.1, 256.9), (4191.7, 254.3), (4192.4, 284.3), (4192.9, 348.4), (4192.9, 381.0), (4192.9, 317.5), (4192.9, 274.5), (4193.5, 253.9), (4193.8, 258.4), (4194.5, 297.3), (4194.9, 366.8), (4194.9, 363.2), (4194.9, 304.8), (4194.9, 267.2), (4195.6, 252.4), (4196.1, 264.8), (4196.8, 312.6), (4196.8, 385.1), (4196.8, 346.7), (4196.8, 293.4), (4196.8, 261.3), (4197.5, 252.3), (4198.2, 273.4), (4198.2, 330.1), (4198.2, 400.0), (4198.2, 331.4), (4198.2, 283.2), (4198.3, 256.9), (4198.9, 254.3), (4199.6, 284.3), (4199.6, 348.4), (4199.6, 381.0), (4199.6, 317.5), (4199.6, 274.5), (4200.2, 253.9), (4200.5, 258.4), (4201.0, 297.3), (4201.0, 366.8), (4201.0, 363.2), (4201.0, 304.8), (4201.0, 267.2), (4201.8, 252.4), (4202.3, 264.8), (4202.5, 312.6), (4202.5, 385.1), (4202.5, 346.7), (4202.5, 293.4), (4202.5, 261.3), (4206.0, 252.3), (4216.3, 273.4), (4224.1, 330.1), (4226.8, 339.9), (4226.8, 278.9), (4230.3, 238.6), (4241.8, 220.9), (4261.3, 229.2), (4286.8, 272.5), (4308.0, 267.0), (4328.9, 208.3), (4357.8, 170.4), (4391.3, 155.4), (4428.7, 167.5), (4468.7, 215.0), (4508.6, 287.4), (4546.9, 360.8), (4582.5, 432.0), (4611.3, 363.1), (4635.7, 314.6), (4655.7, 288.0), (4671.2, 285.1), (4682.2, 314.8), (4688.5, 358.3), (4688.0, 292.0), (4691.5, 246.0), (4703.0, 222.3), (4722.5, 222.9), (4749.8, 257.0), (4776.2, 284.9), (4798.3, 221.1), (4827.2, 177.8), (4859.9, 157.0), (4895.9, 161.2), (4935.7, 199.8), (4975.7, 269.1), (5014.3, 342.4), (5051.0, 415.8), (5081.5, 378.5), (5111.5, 324.9), (5146.8, 292.5), (5182.2, 283.2), (5214.6, 304.0), (5244.5, 360.4), (5279.1, 432.0), (5315.3, 368.0), (5355.3, 384.9), (5394.8, 432.0), (5428.9, 363.1), (5467.4, 314.6), (5504.3, 288.0), (5537.6, 285.1), (5567.2, 314.8), (5592.4, 378.8), (5613.1, 395.0), (5616.0, 371.6), (5616.0, 372.4), (5616.0, 406.9), (5616.0, 395.2), (5616.0, 336.8), (5620.5, 299.1), (5633.0, 284.3), (5650.4, 296.7), (5664.1, 344.5), (5671.9, 322.6), (5675.2, 266.4), (5675.3, 231.3), (5677.1, 219.1), (5686.0, 235.5), (5694.9, 287.4), (5699.4, 360.6), (5699.7, 306.9), (5700.0, 256.1), (5700.6, 226.9), (5700.6, 221.0), (5701.1, 246.6), (5701.8, 307.3), (5701.8, 358.3), (5701.8, 292.3), (5702.6, 246.7), (5702.7, 223.2), (5702.7, 224.1), (5703.5, 258.5), (5704.0, 325.6), (5704.0, 339.9), (5704.0, 279.0), (5704.7, 238.6), (5704.7, 221.0), (5704.7, 229.3), (5705.0, 272.7), (5705.0, 343.9), (5705.0, 322.8), (5705.0, 266.9), (5705.8, 232.1), (5705.8, 220.2), (5705.9, 236.9), (5706.1, 289.1), (5706.1, 362.3), (5706.1, 306.9), (5706.2, 256.1), (5706.8, 226.9), (5706.8, 221.0), (5706.8, 246.6), (5706.8, 307.3), (5706.8, 358.3), (5706.8, 292.3), (5707.4, 246.7), (5707.5, 223.2), (5707.5, 224.1), (5707.5, 258.5), (5707.5, 325.6), (5707.5, 339.9), (5707.5, 279.0)]",0,0,59.52
experienced,mario,Mario1-1,Stuck,1,0,147.86,0.717,"[(112.0, 432.0), (113.2, 371.3), (121.8, 320.5), (138.2, 291.3), (162.8, 285.4), (195.2, 310.9), (234.5, 371.6), (271.7, 422.3), (304.4, 356.0), (342.9, 310.0), (379.3, 286.3), (411.2, 286.9), (439.9, 321.0), (468.8, 387.9), (502.6, 390.8), (542.0, 370.3), (578.3, 374.8), (610.3, 413.7), (644.8, 378.7), (684.7, 369.3), (724.5, 396.6), (760.3, 412.9), (792.8, 369.1), (828.7, 394.4), (859.7, 412.9), (884.5, 349.1), (910.3, 305.8), (938.7, 285.0), (965.4, 289.2), (998.1, 327.8), (1036.8, 397.1), (1070.9, 395.0), (1103.3, 336.3), (1135.1, 298.4), (1167.2, 283.4), (1204.7, 295.5), (1244.7, 343.0), (1283.7, 322.6), (1321.7, 266.4), (1355.3, 231.3), (1386.0, 219.1), (1422.4, 235.5), (1462.4, 287.4), (1501.6, 316.9), (1536.7, 253.1), (1567.3, 209.8), (1595.2, 189.0), (1625.7, 193.2), (1661.6, 231.8), (1697.8, 301.1), (1729.5, 374.4), (1756.8, 404.4), (1779.6, 378.1), (1798.0, 375.5), (1808.0, 405.5), (1806.8, 395.0), (1806.8, 336.3), (1807.5, 298.4), (1815.0, 283.4), (1830.5, 295.5), (1853.5, 325.4), (1880.5, 259.1), (1907.2, 213.2), (1934.5, 189.4), (1964.7, 190.0), (2000.0, 224.1), (2039.7, 291.0), (2079.3, 364.4), (2115.1, 432.0), (2144.4, 363.1), (2173.5, 314.6), (2198.3, 288.0), (2218.7, 285.1), (2234.6, 314.8), (2248.1, 378.8), (2266.6, 412.9), (2287.9, 369.1), (2313.1, 394.4), (2333.4, 412.9), (2350.5, 349.1), (2369.0, 305.8), (2383.6, 285.0), (2393.8, 289.2), (2398.5, 267.1), (2406.0, 208.4), (2419.2, 170.5), (2429.5, 155.4), (2435.3, 167.5), (2437.8, 215.0), (2446.5, 287.5), (2460.0, 250.5), (2476.7, 196.9), (2480.0, 164.5), (2480.0, 155.2), (2480.0, 176.0), (2480.4, 232.4), (2486.9, 304.0), (2497.5, 240.0), (2516.1, 256.9), (2542.7, 308.1), (2577.3, 381.2), (2615.6, 412.9), (2648.0, 349.1), (2681.4, 305.8), (2720.9, 285.0), (2760.9, 289.2), (2800.9, 327.8), (2840.9, 397.1), (2878.4, 395.0), (2918.3, 372.3), (2956.8, 406.1), (2990.0, 395.0), (3025.4, 336.3), (3061.7, 298.4), (3094.2, 283.4), (3126.4, 295.5), (3161.5, 250.5), (3192.3, 196.9), (3219.9, 164.5), (3249.8, 155.3), (3278.9, 176.1), (3306.0, 232.5), (3332.1, 304.0), (3353.6, 235.1), (3375.7, 186.6), (3376.8, 160.0), (3384.2, 157.1), (3398.8, 156.9), (3416.6, 93.2), (3434.9, 49.9), (3458.1, 29.0), (3488.5, 33.2), (3522.8, 71.8), (3558.9, 141.1), (3596.7, 214.5), (3631.1, 287.8), (3661.1, 361.1), (3692.4, 432.0), (3724.3, 368.0), (3763.1, 384.9), (3799.5, 432.0), (3829.3, 363.1), (3862.8, 314.6), (3898.9, 288.0), (3938.2, 285.1), (3974.3, 314.8), (4011.3, 378.8), (4049.9, 412.9), (4089.2, 369.1), (4126.2, 394.4), (4158.1, 412.9), (4183.8, 349.1), (4205.1, 305.8), (4221.9, 285.0), (4234.3, 289.2), (4242.3, 327.8), (4244.0, 273.8), (4249.5, 222.7), (4263.0, 193.2), (4284.5, 187.0), (4314.0, 212.3), (4351.3, 272.7), (4390.3, 267.0), (4428.8, 208.3), (4463.0, 170.4), (4492.9, 155.4), (4524.6, 167.5), (4562.0, 215.0), (4598.6, 287.4), (4630.8, 360.8), (4656.0, 371.8), (4656.0, 310.6), (4659.9, 269.9), (4669.3, 252.0), (4685.5, 260.1), (4699.3, 303.1), (4707.4, 299.0), (4713.9, 240.3), (4728.3, 202.4), (4750.7, 187.4), (4781.1, 199.5), (4819.2, 247.0), (4858.7, 294.3), (4897.7, 228.0), (4933.5, 182.0), (4964.9, 158.3), (4995.0, 158.9), (5030.1, 193.0), (5069.9, 259.9), (5109.9, 333.3), (5147.5, 331.0), (5183.8, 272.3), (5215.8, 234.4), (5244.6, 219.4), (5279.4, 231.5), (5319.3, 279.0), (5355.4, 258.6), (5391.6, 202.4), (5423.5, 167.3), (5452.6, 155.1), (5484.9, 171.5), (5519.7, 223.4), (5558.2, 296.6), (5594.0, 369.9), (5615.5, 422.3), (5614.4, 356.0), (5616.2, 310.0), (5625.7, 286.3), (5642.1, 286.9), (5655.9, 321.0), (5664.7, 348.9), (5667.5, 285.1), (5667.9, 241.8), (5670.6, 221.0), (5678.2, 225.2), (5685.0, 263.8), (5687.4, 333.1), (5687.4, 331.2), (5687.7, 272.8), (5689.0, 235.2), (5689.0, 220.4), (5689.1, 232.8), (5689.8, 280.6), (5689.8, 353.1), (5689.8, 314.7), (5689.8, 261.4), (5690.0, 229.3), (5690.0, 220.3), (5690.3, 241.4), (5690.9, 298.1), (5690.9, 368.0), (5690.9, 299.4), (5691.0, 251.2), (5691.1, 224.9), (5691.1, 222.3), (5691.8, 252.3), (5692.0, 316.4), (5692.0, 349.0), (5692.0, 285.5), (5692.2, 242.5), (5692.2, 221.9), (5692.3, 226.4), (5692.5, 265.3), (5692.5, 334.8), (5692.5, 331.2), (5692.5, 272.8), (5692.7, 235.2), (5692.7, 220.4), (5692.7, 232.8), (5692.7, 280.6), (5692.7, 353.1), (5692.7, 314.7), (5692.7, 261.4), (5692.9, 229.3), (5692.9, 220.3), (5692.9, 241.4), (5692.9, 298.1), (5692.9, 368.0), (5692.9, 299.4), (5693.0, 251.2), (5693.1, 224.9), (5693.1, 222.3), (5693.1, 252.3), (5693.1, 316.4), (5693.1, 349.0), (5693.1, 285.5), (5693.3, 242.5), (5693.3, 221.9), (5693.3, 226.4), (5693.3, 265.3), (5693.3, 334.8), (5693.3, 331.2), (5693.3, 272.8), (5693.4, 235.2), (5693.4, 220.4), (5693.4, 232.8), (5693.4, 280.6), (5693.4, 353.1), (5693.4, 314.7), (5693.4, 261.4), (5693.6, 229.3), (5693.6, 220.3), (5693.6, 241.4), (5693.6, 298.1)]",0,0,37.73
experienced,mario,Mario1-1,Success,1,0,139.5,0.785,"[(112.0, 432.0), (113.2, 371.3), (121.8, 320.5), (138.2, 291.3), (162.8, 285.4), (195.2, 310.9), (234.4, 371.6), (271.1, 422.3), (305.3, 356.0), (345.1, 310.0), (385.1, 286.3), (423.6, 286.9), (457.8, 321.0), (492.4, 387.9), (527.7, 403.8), (557.8, 370.5), (585.9, 399.9), (611.5, 395.4), (643.8, 374.8), (683.0, 379.3), (721.1, 418.2), (754.6, 378.5), (793.0, 377.6), (830.5, 420.0), (861.8, 378.5), (889.2, 324.9), (922.7, 292.5), (962.3, 283.2), (1002.3, 304.0), (1042.3, 360.4), (1079.8, 432.0), (1112.5, 363.1), (1147.9, 314.6), (1184.5, 288.0), (1224.5, 285.1), (1264.5, 314.8), (1304.3, 378.8), (1341.9, 395.0), (1380.8, 371.6), (1415.5, 372.4), (1445.8, 406.9), (1455.2, 395.0), (1455.2, 336.3), (1457.1, 298.4), (1466.6, 283.4), (1484.1, 295.5), (1509.1, 325.4), (1538.7, 259.1), (1576.2, 213.2), (1616.2, 189.4), (1656.2, 190.0), (1696.2, 224.1), (1735.8, 291.0), (1771.6, 364.4), (1803.6, 432.0), (1808.0, 363.1), (1808.1, 314.6), (1813.6, 288.0), (1827.1, 285.1), (1848.6, 314.8), (1875.7, 289.7), (1909.3, 233.6), (1949.0, 198.4), (1989.0, 186.2), (2029.0, 202.6), (2069.0, 254.5), (2109.0, 327.7), (2148.2, 401.0), (2182.3, 395.0), (2217.2, 336.3), (2250.6, 298.4), (2283.6, 283.4), (2317.5, 295.5), (2349.8, 343.0), (2387.9, 415.4), (2425.2, 378.5), (2465.2, 377.6), (2504.1, 420.0), (2538.3, 378.5), (2577.1, 324.9), (2617.1, 292.5), (2657.1, 283.2), (2697.1, 304.0), (2737.1, 360.4), (2775.6, 432.0), (2810.4, 363.1), (2850.2, 314.6), (2889.7, 288.0), (2929.7, 285.1), (2968.7, 284.9), (3004.3, 221.2), (3042.2, 177.9), (3081.9, 157.0), (3121.7, 161.2), (3161.7, 199.8), (3201.2, 269.1), (3239.0, 342.5), (3277.1, 415.8), (3310.1, 378.5), (3348.0, 377.6), (3384.4, 420.0), (3414.6, 378.5), (3440.5, 377.6), (3463.8, 420.0), (3484.3, 378.5), (3511.5, 377.6), (3538.4, 420.0), (3559.0, 378.5), (3581.6, 324.9), (3611.1, 292.5), (3638.0, 283.2), (3660.5, 304.0), (3664.4, 360.4), (3670.9, 432.0), (3681.5, 368.0), (3700.1, 384.9), (3724.8, 432.0), (3747.9, 368.0), (3778.7, 384.9), (3809.0, 432.0), (3834.6, 363.1), (3867.0, 314.6), (3906.2, 288.0), (3945.1, 285.1), (3984.2, 314.8), (4016.1, 378.8), (4020.7, 412.9), (4030.3, 369.1), (4047.9, 394.4), (4071.0, 412.9), (4090.4, 369.1), (4107.1, 394.4), (4118.8, 412.9), (4124.3, 349.1), (4131.2, 305.8), (4135.6, 285.0), (4136.5, 289.2), (4140.4, 327.8), (4144.8, 397.1), (4145.4, 395.2), (4145.7, 336.8), (4151.1, 299.2), (4153.9, 284.4), (4154.5, 296.8), (4157.1, 344.6), (4158.1, 417.1), (4158.1, 378.7), (4158.9, 325.4), (4162.3, 293.3), (4164.0, 284.3), (4164.7, 305.4), (4164.7, 362.1), (4164.7, 432.0), (4163.4, 363.1), (4164.5, 314.6), (4165.4, 288.0), (4166.3, 285.1), (4167.1, 314.8), (4167.1, 378.8), (4166.2, 412.9), (4165.8, 349.1), (4167.3, 305.8), (4168.3, 285.0), (4168.8, 289.2), (4169.5, 327.8), (4169.5, 397.1), (4168.3, 395.0), (4168.3, 336.3), (4169.0, 298.4), (4170.1, 283.4), (4170.7, 295.5), (4171.1, 343.0), (4171.1, 415.4), (4169.8, 378.5), (4169.9, 324.9), (4170.6, 292.5), (4171.7, 283.2), (4172.4, 304.0), (4172.4, 360.4), (4172.4, 432.0), (4171.2, 363.1), (4171.7, 314.6), (4172.2, 288.0), (4173.1, 285.1), (4173.8, 314.8), (4173.8, 378.8), (4172.9, 412.9), (4172.5, 349.1), (4173.2, 305.8), (4174.1, 285.0), (4174.4, 289.2), (4175.1, 327.8), (4175.1, 397.1), (4173.9, 395.0), (4173.9, 336.3), (4173.9, 298.4), (4175.1, 283.4), (4175.5, 295.5), (4175.8, 343.0), (4175.8, 415.4), (4174.5, 378.5), (4174.5, 324.9), (4174.7, 292.5), (4175.7, 283.2), (4176.4, 304.0), (4176.4, 360.4), (4176.4, 432.0), (4175.2, 363.1), (4175.2, 314.6), (4175.6, 288.0), (4179.0, 285.1), (4182.4, 314.8), (4182.7, 378.8), (4182.7, 354.8), (4182.7, 298.9), (4186.0, 264.1), (4188.0, 252.2), (4188.7, 268.9), (4190.8, 321.1), (4190.9, 394.3), (4190.9, 338.9), (4191.2, 288.1), (4191.6, 258.9), (4192.3, 253.0), (4193.0, 278.6), (4193.2, 339.3), (4193.2, 390.3), (4193.2, 324.3), (4193.3, 278.7), (4194.1, 255.2), (4194.9, 256.1), (4195.6, 290.5), (4195.8, 357.6), (4195.8, 371.9), (4195.8, 311.0), (4196.0, 270.6), (4197.3, 253.0), (4198.0, 261.3), (4198.3, 304.7), (4198.3, 375.9), (4197.0, 354.6), (4197.0, 298.4), (4197.2, 263.3), (4199.0, 251.1), (4203.9, 267.5), (4205.1, 319.4), (4205.1, 392.6), (4203.9, 338.6), (4203.9, 287.6), (4204.1, 258.1), (4209.0, 251.9), (4220.0, 277.1), (4227.7, 337.6), (4229.8, 331.1), (4229.9, 272.6), (4235.4, 234.8), (4248.9, 219.9), (4270.4, 232.2), (4295.9, 279.9), (4315.6, 258.6), (4337.0, 202.4), (4366.3, 167.3), (4403.6, 155.1), (4443.6, 171.5), (4483.6, 223.4), (4523.6, 296.6), (4561.5, 369.9), (4595.2, 422.3), (4622.5, 356.0), (4645.3, 310.0), (4663.7, 286.3), (4677.7, 286.9), (4687.2, 321.0), (4691.9, 290.6), (4701.9, 234.4), (4719.8, 199.3), (4745.8, 187.1), (4779.7, 203.5), (4819.5, 255.4), (4858.4, 284.9), (4898.0, 221.1), (4938.0, 177.8), (4978.0, 157.0), (5018.0, 161.2), (5058.0, 199.8), (5098.0, 269.1), (5138.0, 342.4), (5177.3, 322.6), (5216.3, 266.4), (5251.6, 231.3), (5290.8, 219.1), (5330.8, 235.5), (5370.8, 287.4), (5409.3, 250.5), (5445.0, 196.9), (5482.1, 164.5), (5522.1, 155.2), (5562.1, 176.0), (5602.1, 232.4), (5641.4, 305.8), (5676.4, 358.3), (5704.9, 292.0), (5729.0, 246.0), (5748.6, 222.3), (5763.8, 222.9), (5774.5, 257.0), (5780.2, 284.9), (5780.5, 221.1), (5782.4, 177.8), (5791.7, 157.0), (5803.5, 161.2), (5816.8, 199.8), (5826.2, 269.1), (5829.1, 210.6), (5831.0, 159.6), (5840.5, 130.1), (5858.0, 123.9), (5879.4, 149.1), (5896.6, 208.0), (5906.6, 139.1), (5922.6, 90.6), (5946.7, 64.0), (5978.7, 61.1), (6017.8, 90.8), (6057.8, 154.8), (6097.8, 228.1), (6137.8, 301.4), (6177.7, 374.8), (6214.3, 422.3)]",0,0,43.78
experienced,mario,Mario1-1,Success,1,0,207.19,0.784,"[(112.0, 432.0), (114.6, 371.3), (125.1, 320.5), (143.6, 291.3), (170.1, 285.4), (204.6, 310.9), (244.5, 371.6), (281.7, 422.3), (316.5, 356.0), (356.4, 310.0), (396.4, 286.3), (434.5, 286.9), (468.1, 321.0), (501.3, 387.9), (538.6, 403.8), (574.0, 342.6), (613.2, 301.9), (648.4, 284.0), (679.3, 292.1), (705.4, 258.6), (736.6, 246.7), (775.2, 284.7), (810.7, 258.6), (842.0, 202.4), (875.9, 167.3), (914.4, 155.1), (954.4, 171.5), (994.4, 223.4), (1034.4, 296.6), (1074.4, 369.9), (1111.6, 422.3), (1143.5, 356.0), (1180.1, 310.0), (1220.1, 286.3), (1260.1, 286.9), (1300.1, 321.0), (1339.7, 387.9), (1375.5, 390.8), (1406.9, 370.3), (1433.9, 374.8), (1456.0, 413.7), (1456.0, 386.6), (1456.5, 330.6), (1462.5, 295.5), (1476.4, 283.4), (1498.4, 299.9), (1527.3, 316.4), (1561.4, 252.6), (1601.2, 209.3), (1641.2, 188.5), (1681.2, 192.7), (1721.2, 231.3), (1760.8, 300.6), (1796.6, 374.0), (1807.5, 422.3), (1806.4, 356.0), (1809.9, 310.0), (1821.4, 286.3), (1840.9, 286.9), (1868.4, 321.0), (1905.8, 281.6), (1945.8, 228.0), (1985.8, 195.6), (2025.8, 186.3), (2065.8, 207.2), (2105.8, 263.5), (2145.8, 336.9), (2184.7, 410.2), (2218.6, 386.6), (2256.3, 330.4), (2256.0, 295.3), (2260.5, 283.1), (2273.0, 299.5), (2288.2, 242.7), (2303.6, 191.6), (2326.9, 162.1), (2358.2, 155.9), (2396.8, 181.2), (2436.8, 241.6), (2476.4, 294.3), (2516.1, 240.3), (2556.1, 261.3), (2596.1, 317.0), (2636.0, 390.3), (2672.1, 403.8), (2703.4, 342.6), (2740.7, 301.9), (2780.7, 284.0), (2820.7, 292.1), (2860.7, 335.1), (2900.7, 406.3), (2939.8, 383.5), (2979.8, 368.8), (3019.6, 381.2), (3058.6, 429.0), (3093.2, 370.6), (3132.7, 381.0), (3171.6, 414.3), (3207.1, 382.2), (3246.3, 373.2), (3286.2, 394.3), (3324.2, 412.9), (3359.7, 349.1), (3376.0, 305.8), (3377.9, 285.0), (3387.2, 289.2), (3398.5, 267.1), (3410.7, 244.3), (3430.8, 278.1), (3451.1, 344.5), (3475.3, 417.8), (3495.9, 378.5), (3519.8, 377.6), (3541.2, 420.0), (3557.5, 378.5), (3579.4, 324.9), (3608.0, 292.5), (3634.2, 283.2), (3655.9, 304.0), (3664.4, 360.4), (3670.9, 432.0), (3681.5, 368.0), (3700.1, 384.9), (3724.8, 432.0), (3749.3, 368.0), (3781.8, 384.9), (3815.3, 432.0), (3844.9, 363.1), (3881.9, 314.6), (3921.9, 288.0), (3960.5, 285.1), (4000.1, 314.8), (4017.2, 378.8), (4024.8, 412.9), (4037.4, 369.1), (4058.0, 394.4), (4081.9, 412.9), (4103.4, 369.1), (4123.1, 394.4), (4137.8, 412.9), (4146.3, 349.1), (4157.4, 305.8), (4170.4, 285.0), (4182.7, 289.2), (4193.6, 327.8), (4200.1, 397.1), (4200.6, 338.8), (4201.9, 288.0), (4208.6, 258.7), (4222.0, 252.8), (4243.4, 278.3), (4265.8, 336.0), (4272.8, 267.1), (4280.2, 218.6), (4295.8, 192.0), (4319.2, 189.1), (4350.8, 218.8), (4389.5, 282.8), (4428.8, 258.6), (4468.8, 202.4), (4508.8, 167.3), (4548.8, 155.1), (4588.8, 171.5), (4628.8, 223.4), (4666.8, 296.6), (4688.0, 368.0), (4687.1, 299.1), (4693.6, 250.6), (4708.1, 224.0), (4730.6, 221.1), (4760.5, 250.8), (4788.6, 294.3), (4812.2, 228.0), (4842.6, 182.0), (4880.6, 158.3), (4920.6, 158.9), (4960.6, 193.0), (5000.6, 259.9), (5039.9, 333.3), (5075.2, 406.6), (5103.6, 386.6), (5107.5, 330.4), (5119.0, 295.3), (5138.5, 283.1), (5166.0, 299.5), (5201.5, 351.4), (5240.7, 424.6), (5279.6, 370.6), (5319.6, 381.0), (5359.3, 427.8), (5395.6, 370.6), (5433.0, 381.0), (5466.0, 427.8), (5492.6, 370.6), (5522.9, 319.6), (5554.8, 290.1), (5591.7, 283.9), (5631.2, 309.1), (5667.1, 368.0), (5696.1, 299.1), (5720.9, 250.6), (5742.7, 224.0), (5761.3, 221.1), (5775.7, 250.8), (5785.3, 294.3), (5788.5, 228.0), (5791.3, 182.0), (5801.9, 158.3), (5819.6, 158.9), (5840.5, 193.0), (5856.7, 220.9), (5868.6, 157.1), (5887.3, 113.8), (5914.0, 93.0), (5948.7, 97.2), (5988.6, 135.8), (6028.6, 205.1), (6068.6, 278.4), (6108.6, 351.8), (6147.9, 425.1), (6185.2, 370.6), (6225.2, 319.6)]",0,0,29.47
experienced,mario,Mario1-1,Stall,1,0,93.95,0.719,"[(112.0, 432.0), (113.2, 371.3), (121.8, 320.5), (138.2, 291.3), (162.8, 285.4), (195.2, 310.9), (234.5, 371.6), (272.3, 422.3), (306.5, 356.0), (345.9, 310.0), (382.3, 286.3), (414.2, 286.9), (442.9, 321.0), (474.7, 387.9), (509.2, 403.8), (546.1, 370.5), (584.0, 399.9), (621.0, 395.4), (661.0, 374.8), (701.0, 379.3), (740.3, 418.2), (774.4, 378.5), (812.6, 377.6), (850.1, 420.0), (880.0, 378.5), (880.4, 324.9), (886.9, 292.5), (901.4, 283.2), (923.9, 304.0), (954.4, 360.4), (989.3, 306.6), (1023.3, 255.6), (1055.3, 226.1), (1090.0, 219.9), (1129.1, 245.1), (1169.1, 305.6), (1207.7, 358.3), (1243.6, 292.0), (1277.8, 246.0), (1309.4, 222.3), (1344.8, 222.9), (1384.5, 257.0), (1423.5, 323.9), (1456.0, 397.3), (1456.8, 395.2), (1456.2, 336.8), (1457.4, 299.2), (1465.9, 284.4), (1482.4, 296.8), (1506.4, 327.0), (1535.1, 260.7), (1566.2, 214.7), (1598.6, 191.0), (1634.1, 191.6), (1673.7, 225.7), (1712.2, 292.6), (1746.4, 366.0), (1776.1, 432.0), (1799.0, 363.1), (1817.5, 314.6), (1837.0, 288.0), (1864.5, 285.1), (1900.0, 314.8), (1940.0, 378.8), (1977.7, 412.9), (2016.6, 349.1), (2056.2, 305.8), (2092.2, 285.0), (2130.0, 289.2), (2169.1, 327.8), (2208.6, 397.1), (2246.1, 395.0), (2286.0, 372.3), (2324.0, 406.1), (2357.6, 395.0), (2384.1, 336.3), (2384.2, 298.4), (2384.2, 283.4), (2384.2, 295.5), (2384.2, 343.0), (2388.7, 415.4), (2396.9, 378.5), (2412.0, 377.6), (2434.8, 420.0), (2458.5, 378.5), (2489.0, 377.6), (2524.6, 420.0), (2555.7, 378.5), (2592.3, 324.9), (2632.3, 292.5), (2672.3, 283.2), (2712.3, 304.0), (2752.3, 360.4), (2791.6, 432.0), (2827.5, 363.1), (2867.4, 314.6), (2907.4, 288.0), (2944.9, 285.1), (2982.0, 314.8), (3021.8, 378.8), (3059.8, 412.9), (3088.1, 349.1), (3088.0, 305.8), (3088.0, 285.0), (3088.0, 289.2), (3088.0, 327.8), (3090.6, 397.1), (3097.6, 387.0), (3111.5, 369.3), (3133.3, 377.7), (3161.2, 408.0), (3185.8, 375.9), (3213.0, 366.9), (3248.1, 388.0), (3284.0, 422.3), (3320.4, 368.3), (3360.0, 389.3), (3395.5, 422.3), (3425.7, 368.3), (3461.0, 389.3), (3494.9, 422.3), (3522.7, 368.3), (3547.2, 389.3), (3567.0, 422.3), (3583.2, 356.0), (3606.4, 310.0), (3631.0, 286.3), (3651.2, 286.9), (3664.0, 321.0), (3665.9, 387.9), (3673.9, 403.8), (3687.5, 370.5), (3709.1, 399.9), (3732.6, 403.8), (3758.6, 370.5), (3791.3, 399.9), (3820.7, 403.8), (3848.3, 342.6), (3882.9, 301.9), (3922.7, 284.0), (3960.7, 292.1), (3999.2, 335.1), (4017.2, 406.3), (4023.3, 386.6), (4035.9, 374.7), (4056.5, 412.7), (4078.2, 386.6), (4095.8, 374.7), (4109.3, 412.7), (4116.9, 386.6), (4120.3, 330.4), (4125.8, 295.3), (4127.1, 283.1), (4127.1, 299.5), (4127.7, 351.4), (4127.8, 424.6), (4127.8, 370.9), (4129.6, 320.1), (4133.7, 290.9), (4134.1, 285.0), (4134.1, 310.6), (4134.2, 371.3), (4134.2, 422.3), (4134.2, 356.3), (4137.6, 310.7), (4140.5, 287.2), (4140.6, 288.1), (4140.6, 322.5), (4140.6, 389.6), (4140.6, 403.9), (4140.6, 343.0), (4142.0, 302.6), (4142.1, 285.0), (4142.1, 293.3), (4142.1, 336.7), (4142.1, 407.9), (4142.1, 386.8), (4142.1, 330.9), (4143.7, 296.1), (4143.7, 284.2), (4143.7, 300.9), (4143.7, 353.1), (4143.7, 426.3), (4143.7, 370.9), (4144.1, 320.1), (4147.7, 290.9), (4149.1, 285.0), (4151.7, 310.6), (4156.7, 371.3), (4157.6, 422.3), (4157.6, 356.3), (4157.8, 310.7), (4158.2, 287.2), (4158.5, 288.1), (4159.4, 322.5), (4159.4, 389.6), (4159.4, 403.9), (4159.4, 343.0), (4159.4, 302.6), (4160.1, 285.0), (4160.5, 293.3), (4161.0, 336.7), (4161.0, 407.9), (4161.0, 386.8), (4161.0, 330.9), (4161.0, 296.1), (4161.7, 284.2), (4162.4, 300.9), (4162.6, 353.1), (4162.6, 426.3), (4162.6, 370.9), (4162.6, 320.1), (4162.6, 290.9), (4163.3, 285.0), (4164.0, 310.6), (4164.2, 371.3), (4164.2, 422.3), (4164.2, 356.3), (4164.2, 310.7), (4164.6, 287.2), (4164.9, 288.1), (4165.8, 322.5), (4165.8, 389.6), (4165.8, 403.9), (4165.8, 343.0), (4165.8, 302.6), (4166.5, 285.0), (4166.9, 293.3), (4167.2, 336.7), (4167.2, 407.9), (4167.2, 386.8), (4167.2, 330.9), (4167.2, 296.1), (4167.9, 284.2), (4168.6, 300.9), (4168.6, 353.1), (4168.6, 426.3), (4168.6, 370.9), (4168.6, 320.1), (4168.6, 290.9), (4169.3, 285.0), (4170.1, 310.6), (4170.1, 371.3), (4170.1, 422.3), (4170.1, 356.3), (4170.1, 310.7), (4170.4, 287.2), (4170.8, 288.1), (4171.5, 322.5), (4171.5, 389.6), (4171.5, 403.9), (4171.5, 343.0), (4171.5, 302.6), (4172.1, 285.0), (4172.6, 293.3), (4172.9, 336.7), (4172.9, 407.9), (4172.9, 386.8), (4172.9, 330.9), (4172.9, 296.1), (4173.6, 284.2), (4174.3, 300.9), (4174.3, 353.1), (4174.3, 426.3), (4174.3, 370.9), (4174.3, 320.1), (4174.3, 290.9), (4175.0, 285.0), (4175.7, 310.6), (4175.7, 371.3), (4175.7, 422.3), (4175.7, 356.3), (4175.7, 310.7), (4176.1, 287.2), (4180.1, 288.1), (4184.3, 322.5), (4184.8, 389.6), (4184.8, 346.7), (4184.8, 293.4), (4185.0, 261.3), (4185.7, 252.3), (4187.0, 273.4), (4190.4, 330.1), (4190.8, 400.0), (4190.8, 331.4), (4191.0, 283.2), (4191.1, 256.9), (4191.7, 254.3), (4192.4, 284.3), (4192.9, 348.4), (4192.9, 381.0), (4192.9, 317.5), (4192.9, 274.5), (4193.5, 253.9), (4193.8, 258.4), (4194.5, 297.3), (4194.9, 366.8), (4194.9, 363.2), (4194.9, 304.8), (4194.9, 267.2), (4195.6, 252.4), (4196.1, 264.8), (4196.8, 312.6), (4196.8, 385.1), (4196.8, 346.7), (4196.8, 293.4), (4196.8, 261.3), (4197.5, 252.3), (4198.2, 273.4), (4198.2, 330.1), (4198.2, 400.0), (4198.2, 331.4), (4198.2, 283.2), (4198.3, 256.9), (4198.9, 254.3), (4199.6, 284.3), (4199.6, 348.4), (4199.6, 381.0), (4199.6, 317.5), (4199.6, 274.5), (4200.2, 253.9), (4200.5, 258.4), (4201.0, 297.3), (4201.0, 366.8), (4201.0, 363.2), (4201.0, 304.8), (4201.0, 267.2), (4201.8, 252.4), (4202.3, 264.8), (4202.5, 312.6), (4202.5, 385.1), (4202.5, 346.7), (4202.5, 293.4), (4202.5, 261.3), (4206.0, 252.3), (4216.3, 273.4), (4224.1, 330.1), (4226.8, 339.9), (4226.8, 278.9), (4230.3, 238.6), (4241.8, 220.9), (4261.3, 229.2), (4286.8, 272.5), (4308.0, 267.0), (4328.9, 208.3), (4357.8, 170.4), (4391.3, 155.4), (4428.7, 167.5), (4468.7, 215.0), (4508.6, 287.4), (4546.9, 360.8), (4582.5, 432.0), (4611.3, 363.1), (4635.7, 314.6), (4655.7, 288.0), (4671.2, 285.1), (4682.2, 314.8), (4688.5, 358.3), (4688.0, 292.0), (4691.5, 246.0), (4703.0, 222.3), (4722.5, 222.9), (4749.8, 257.0), (4776.2, 284.9), (4798.3, 221.1), (4827.2, 177.8), (4859.9, 157.0), (4895.9, 161.2), (4935.7, 199.8), (4975.7, 269.1), (5014.3, 342.4), (5051.0, 415.8), (5081.5, 378.5), (5111.5, 324.9), (5146.8, 292.5), (5182.2, 283.2), (5214.6, 304.0), (5244.5, 360.4), (5279.1, 432.0), (5315.3, 368.0), (5355.3, 384.9), (5394.8, 432.0), (5428.9, 363.1), (5467.4, 314.6), (5504.3, 288.0), (5537.6, 285.1), (5567.2, 314.8), (5592.4, 378.8), (5613.1, 395.0), (5616.0, 371.6), (5616.0, 372.4), (5616.0, 406.9), (5616.0, 395.2), (5616.0, 336.8), (5620.5, 299.1), (5633.0, 284.3), (5650.4, 296.7), (5664.1, 344.5), (5671.9, 322.6), (5675.2, 266.4), (5675.3, 231.3), (5677.1, 219.1), (5686.0, 235.5), (5694.9, 287.4), (5699.4, 360.6), (5699.7, 306.9), (5700.0, 256.1), (5700.6, 226.9), (5700.6, 221.0), (5701.1, 246.6), (5701.8, 307.3), (5701.8, 358.3), (5701.8, 292.3), (5702.6, 246.7), (5702.7, 223.2), (5702.7, 224.1), (5703.5, 258.5), (5704.0, 325.6), (5704.0, 339.9), (5704.0, 279.0), (5704.7, 238.6), (5704.7, 221.0), (5704.7, 229.3), (5705.0, 272.7), (5705.0, 343.9), (5705.0, 322.8), (5705.0, 266.9), (5705.8, 232.1), (5705.8, 220.2), (5705.9, 236.9), (5706.1, 289.1), (5706.1, 362.3), (5706.1, 306.9), (5706.2, 256.1), (5706.8, 226.9), (5706.8, 221.0), (5706.8, 246.6), (5706.8, 307.3), (5706.8, 358.3), (5706.8, 292.3), (5707.4, 246.7), (5707.5, 223.2), (5707.5, 224.1), (5707.5, 258.5), (5707.5, 325.6), (5707.5, 339.9), (5707.5, 279.0)]",0,0,59.52
experienced,mario,Mario1-1,Stuck,1,0,138.8,0.718,"[(112.0, 432.0), (113.2, 371.3), (121.8, 320.5), (138.2, 291.3), (162.8, 285.4), (195.2, 310.9), (234.4, 371.6), (271.1, 422.3), (303.2, 356.0), (341.4, 310.0), (377.8, 286.3), (409.7, 286.9), (438.4, 321.0), (470.2, 387.9), (502.4, 390.8), (540.1, 370.3), (576.3, 374.8), (608.0, 413.7), (639.4, 378.7), (677.8, 369.3), (717.6, 396.6), (753.4, 412.9), (785.9, 369.1), (821.8, 394.4), (852.8, 412.9), (877.6, 349.1), (902.1, 305.8), (932.0, 285.0), (965.1, 289.2), (1004.4, 327.8), (1043.7, 397.1), (1077.8, 395.0), (1109.8, 336.3), (1140.0, 298.4), (1165.9, 283.4), (1198.3, 295.5), (1237.5, 343.0), (1276.4, 322.6), (1314.5, 266.4), (1347.9, 231.3), (1376.7, 219.1), (1412.0, 235.5), (1452.0, 287.4), (1490.7, 316.9), (1523.5, 253.1), (1549.1, 209.8), (1566.7, 189.0), (1583.3, 193.2), (1607.9, 231.8), (1640.5, 301.1), (1679.0, 374.4), (1715.4, 404.4), (1747.3, 378.1), (1774.8, 375.5), (1797.9, 405.5), (1808.8, 395.0), (1808.2, 336.3), (1810.1, 298.4), (1819.6, 283.4), (1837.1, 295.5), (1862.1, 325.4), (1890.2, 259.1), (1912.8, 213.2), (1927.4, 189.4), (1941.0, 190.0), (1962.6, 224.1), (1992.2, 291.0), (2029.7, 364.4), (2067.8, 432.0), (2099.0, 363.1), (2125.0, 314.6), (2143.2, 288.0), (2154.9, 285.1), (2172.0, 314.8), (2196.6, 378.8), (2223.8, 412.9), (2252.1, 349.1), (2256.0, 305.8), (2254.1, 285.0), (2253.6, 289.2), (2255.7, 327.8), (2258.3, 397.1), (2265.3, 395.0), (2276.8, 372.3), (2294.9, 406.1), (2309.6, 395.0), (2324.9, 372.3), (2345.4, 406.1), (2362.7, 395.0), (2384.9, 336.3), (2384.0, 298.4), (2384.0, 283.4), (2384.0, 295.5), (2384.0, 343.0), (2388.5, 415.4), (2395.2, 378.5), (2408.7, 377.6), (2429.0, 420.0), (2448.0, 378.5), (2473.8, 377.6), (2502.2, 420.0), (2525.6, 378.5), (2554.4, 324.9), (2591.2, 292.5), (2631.2, 283.2), (2671.2, 304.0), (2711.1, 360.4), (2748.6, 404.5), (2786.8, 375.3), (2826.8, 369.4), (2866.6, 394.9), (2902.4, 412.9), (2938.8, 369.1), (2974.8, 394.4), (3006.4, 399.6), (3037.7, 376.1), (3076.2, 377.0), (3116.1, 411.4), (3151.6, 386.6), (3183.3, 374.7), (3210.6, 412.7), (3232.2, 386.6), (3256.2, 330.4), (3278.7, 295.3), (3300.2, 283.1), (3318.5, 299.5), (3330.6, 242.7), (3338.4, 191.6), (3341.6, 162.1), (3341.8, 155.9), (3341.8, 181.2), (3341.9, 241.6), (3345.4, 315.0), (3351.2, 388.3), (3359.2, 403.8), (3370.6, 342.6), (3376.0, 301.9), (3378.6, 284.0), (3387.8, 292.1), (3397.2, 258.6), (3408.9, 246.7), (3427.5, 284.7), (3442.3, 258.6), (3460.1, 202.4), (3481.7, 167.3), (3496.6, 155.1), (3514.2, 171.5), (3539.8, 223.4), (3566.6, 296.6), (3596.2, 369.9), (3622.9, 422.3), (3645.1, 356.0), (3664.0, 310.0), (3664.0, 286.3), (3664.0, 286.9), (3664.0, 321.0), (3665.9, 387.9), (3673.1, 403.8), (3685.2, 370.5), (3705.2, 399.9), (3728.3, 403.8), (3752.7, 370.5), (3782.2, 399.9), (3806.9, 403.8), (3828.7, 342.6), (3855.4, 301.9), (3884.5, 284.0), (3921.6, 292.1), (3961.6, 335.1), (4001.4, 406.3), (4039.4, 386.6), (4079.4, 374.7), (4117.4, 412.7), (4149.6, 386.6), (4176.4, 330.4), (4198.8, 295.3), (4216.8, 283.1), (4230.3, 299.5), (4239.3, 351.4), (4240.0, 314.5), (4240.4, 261.0), (4246.9, 228.7), (4261.4, 219.4), (4283.9, 240.3), (4310.3, 296.8), (4331.6, 242.6), (4358.6, 191.6), (4384.7, 162.1), (4405.2, 155.9), (4432.3, 181.1), (4467.4, 241.6), (4506.6, 314.9), (4544.4, 388.3), (4577.5, 403.8), (4604.7, 342.6), (4627.4, 301.9), (4645.7, 284.0), (4659.5, 292.1), (4668.9, 335.1), (4672.7, 331.0), (4675.3, 272.3), (4685.8, 234.4), (4704.3, 219.4), (4730.8, 231.5), (4761.2, 279.0), (4785.9, 258.6), (4812.3, 202.4), (4841.4, 167.3), (4864.3, 155.1), (4892.7, 171.5), (4929.1, 223.4), (4968.9, 296.6), (5007.0, 369.9), (5041.8, 422.3), (5071.3, 356.0), (5102.5, 310.0), (5139.7, 286.3), (5177.9, 286.9), (5213.7, 321.0), (5250.3, 387.9), (5288.0, 403.8), (5327.6, 370.5), (5367.6, 399.9), (5404.2, 403.8), (5436.9, 342.6), (5474.4, 301.9), (5508.7, 284.0), (5541.9, 292.1), (5573.5, 335.1), (5600.6, 406.3), (5616.0, 386.6), (5616.1, 330.4), (5621.6, 295.3), (5635.1, 283.1), (5653.7, 299.5), (5668.4, 351.4), (5677.0, 314.5), (5682.6, 260.9), (5688.3, 228.5), (5688.2, 219.2), (5688.0, 240.0), (5689.2, 296.4), (5690.9, 368.0), (5690.9, 299.4), (5694.4, 251.2), (5696.9, 224.9), (5696.4, 222.3), (5695.9, 252.3), (5696.1, 316.4), (5696.1, 349.0), (5696.1, 285.5), (5698.9, 242.5), (5699.1, 221.9), (5699.0, 226.4), (5699.1, 265.3), (5699.2, 334.8), (5699.2, 331.2), (5699.5, 272.8), (5702.2, 235.2), (5702.1, 220.4), (5702.1, 232.8), (5702.2, 280.6), (5702.2, 353.1), (5702.2, 314.7), (5702.3, 261.4), (5703.1, 229.3), (5702.6, 220.3), (5702.1, 241.4), (5702.2, 298.1), (5702.2, 368.0), (5702.2, 299.4), (5702.9, 251.2), (5702.9, 224.9), (5702.4, 222.3), (5701.9, 252.3), (5702.1, 316.4), (5702.1, 349.0), (5702.1, 285.5), (5703.2, 242.5), (5702.7, 221.9), (5702.2, 226.4), (5702.0, 265.3), (5702.0, 334.8), (5702.0, 331.2), (5702.0, 272.8), (5703.0, 235.2), (5702.5, 220.4), (5702.0, 232.8), (5701.9, 280.6), (5701.9, 353.1), (5701.9, 314.7), (5702.1, 261.4), (5702.8, 229.3), (5702.3, 220.3), (5701.8, 241.4), (5701.9, 298.1), (5701.9, 368.0), (5701.9, 299.4), (5702.8, 251.2), (5702.8, 224.9), (5702.3, 222.3), (5701.8, 252.3), (5702.0, 316.4)]",0,0,40.27
experienced,mario,Mario1-1,Pit,1,0,154.13,0.611,"[(112.0, 432.0), (113.2, 371.3), (121.8, 320.5), (138.2, 291.3), (162.8, 285.4), (195.2, 310.9), (234.4, 371.6), (271.1, 422.3), (305.3, 356.0), (345.1, 310.0), (385.1, 286.3), (423.6, 286.9), (457.8, 321.0), (493.6, 387.9), (530.4, 403.8), (562.3, 370.5), (591.9, 399.9), (619.0, 395.4), (653.0, 374.8), (692.7, 379.3), (731.6, 418.2), (765.2, 378.5), (802.6, 377.6), (838.6, 420.0), (868.3, 378.5), (895.0, 324.9), (928.5, 292.5), (968.1, 283.2), (1008.1, 304.0), (1048.1, 360.4), (1085.6, 432.0), (1117.5, 363.1), (1151.8, 314.6), (1188.4, 288.0), (1228.4, 285.1), (1268.4, 314.8), (1308.2, 378.8), (1345.1, 395.0), (1383.8, 371.6), (1418.6, 372.4), (1449.0, 406.9), (1455.2, 395.0), (1455.2, 336.3), (1457.1, 298.4), (1466.6, 283.4), (1484.1, 295.5), (1509.1, 325.4), (1538.7, 259.1), (1576.2, 213.2), (1616.2, 189.4), (1656.2, 190.0), (1696.2, 224.1), (1735.8, 291.0), (1771.6, 364.4), (1803.6, 432.0), (1808.0, 363.1), (1808.1, 314.6), (1813.6, 288.0), (1827.1, 285.1), (1848.6, 314.8), (1875.7, 289.7), (1909.3, 233.6), (1949.0, 198.4), (1989.0, 186.2), (2029.0, 202.6), (2069.0, 254.5), (2109.0, 327.7), (2148.2, 401.0), (2182.3, 395.0), (2217.2, 336.3), (2251.8, 298.4), (2287.5, 283.4), (2322.9, 295.5), (2355.0, 343.0), (2392.6, 415.4), (2429.8, 378.5), (2469.8, 377.6), (2508.4, 420.0), (2542.7, 378.5), (2582.0, 324.9), (2622.0, 292.5), (2662.0, 283.2), (2702.0, 304.0), (2742.0, 360.4), (2780.6, 432.0), (2815.3, 363.1), (2855.1, 314.6), (2894.9, 288.0), (2934.9, 285.1), (2974.9, 314.8), (3014.7, 378.8), (3052.0, 412.9), (3088.0, 349.1), (3088.7, 305.8), (3088.8, 285.0), (3090.4, 289.2), (3091.3, 267.2), (3098.8, 208.8), (3114.3, 171.2), (3137.8, 156.4), (3169.3, 168.9), (3208.0, 216.7), (3245.5, 289.2), (3280.1, 362.5), (3283.5, 432.0), (3289.7, 368.0), (3303.8, 384.9), (3322.9, 432.0), (3337.8, 368.0), (3359.0, 384.9), (3381.3, 432.0), (3401.3, 368.0), (3427.2, 384.9), (3449.8, 432.0), (3471.1, 363.1), (3472.0, 314.6), (3472.8, 288.0), (3480.2, 285.1), (3494.8, 284.9), (3513.2, 221.2), (3536.2, 177.9), (3567.1, 157.0), (3605.5, 161.2), (3645.5, 199.8), (3685.5, 269.1), (3724.5, 267.0), (3760.0, 208.3), (3759.9, 170.4), (3760.2, 155.4), (3761.7, 167.5), (3763.6, 122.7), (3773.1, 69.4), (3790.6, 37.4), (3816.1, 28.4), (3849.6, 49.5), (3889.0, 106.2), (3925.4, 179.5), (3959.0, 252.8), (3997.5, 326.2), (4017.2, 399.5), (4023.8, 395.0), (4036.4, 372.3), (4057.0, 406.1), (4079.0, 395.0), (4097.6, 372.3), (4112.6, 406.1), (4122.1, 395.0), (4126.5, 336.3), (4133.1, 298.4), (4135.8, 283.4), (4138.3, 295.5), (4144.2, 343.0), (4149.2, 415.4), (4149.7, 378.7), (4151.0, 325.4), (4155.4, 293.3), (4158.1, 284.3), (4159.5, 305.4), (4161.0, 362.1), (4161.0, 432.0), (4161.0, 363.4), (4162.3, 315.2), (4164.3, 288.9), (4166.1, 286.3), (4167.7, 316.3), (4167.7, 380.4), (4166.8, 412.9), (4166.4, 349.1), (4167.9, 305.8), (4169.7, 285.0), (4170.9, 289.2), (4172.4, 327.8), (4172.4, 397.1), (4171.2, 395.0), (4171.2, 336.3), (4171.9, 298.4), (4174.2, 283.4), (4175.4, 295.5), (4176.2, 343.0), (4176.2, 415.4), (4175.0, 378.5), (4175.0, 324.9), (4175.1, 292.5), (4179.7, 283.2), (4185.0, 304.0), (4187.0, 360.4), (4187.0, 371.9), (4187.0, 311.0), (4189.5, 270.6), (4192.8, 253.0), (4194.1, 261.3), (4195.9, 304.7), (4196.3, 375.9), (4195.1, 354.6), (4195.1, 298.4), (4195.8, 263.3), (4198.9, 251.1), (4206.2, 267.5), (4210.3, 319.4), (4210.7, 349.0), (4212.0, 285.5), (4220.5, 242.5), (4237.0, 221.9), (4261.5, 226.4), (4292.0, 265.3), (4318.4, 275.8), (4344.4, 214.6), (4378.3, 173.9), (4418.1, 156.0), (4458.1, 164.1), (4498.1, 207.1), (4538.0, 278.3), (4574.9, 351.6), (4607.4, 424.9), (4633.5, 370.6), (4654.7, 319.6), (4671.6, 290.1), (4684.0, 283.9), (4691.9, 309.1), (4694.8, 298.2), (4701.7, 239.7), (4716.5, 201.9), (4739.3, 187.0), (4770.2, 199.3), (4808.5, 247.0), (4848.1, 319.5), (4848.0, 392.8), (4848.0, 466.1), (4848.0, 539.5), (4848.0, 612.8), (4848.0, 686.1)]",0,0,30.73
experienced,mario,Mario1-1,Success,1,0,208.05,0.785,"[(112.0, 432.0), (113.2, 371.3), (121.8, 320.5), (138.2, 291.3), (162.8, 285.4), (195.2, 310.9), (234.4, 371.6), (271.1, 422.3), (305.3, 356.0), (345.1, 310.0), (385.0, 286.3), (423.5, 286.9), (457.7, 321.0), (492.3, 387.9), (527.5, 403.8), (556.9, 370.5), (583.4, 399.9), (606.7, 395.4), (635.9, 374.8), (673.0, 379.3), (709.7, 418.2), (741.4, 378.5), (778.5, 377.6), (816.6, 420.0), (848.4, 378.5), (877.2, 324.9), (912.8, 292.5), (952.8, 283.2), (992.8, 304.0), (1032.8, 360.4), (1070.2, 432.0), (1102.9, 363.1), (1139.5, 314.6), (1176.3, 288.0), (1216.3, 285.1), (1256.3, 314.8), (1295.8, 358.3), (1334.8, 292.0), (1370.9, 246.0), (1409.8, 222.3), (1449.8, 222.9), (1489.8, 257.0), (1529.8, 323.9), (1569.1, 282.5), (1609.1, 228.9), (1649.1, 196.5), (1689.1, 187.2), (1729.1, 208.0), (1769.1, 264.4), (1808.4, 337.8), (1808.8, 411.1), (1807.7, 386.6), (1807.7, 330.4), (1810.3, 295.3), (1820.8, 283.1), (1839.3, 299.5), (1864.9, 316.0), (1895.5, 252.2), (1933.7, 208.9), (1973.7, 188.1), (2013.7, 192.3), (2053.7, 230.9), (2093.7, 300.2), (2133.5, 373.5), (2170.2, 422.3), (2203.3, 356.0), (2238.3, 310.0), (2270.1, 286.3), (2305.0, 286.9), (2336.7, 321.0), (2373.0, 387.9), (2410.4, 403.8), (2449.9, 370.5), (2489.7, 399.9), (2525.2, 403.8), (2561.8, 342.6), (2601.8, 301.9), (2641.8, 284.0), (2681.8, 292.1), (2721.8, 335.1), (2761.4, 406.3), (2796.3, 386.6), (2834.9, 330.4), (2874.4, 295.3), (2914.4, 283.1), (2954.4, 299.5), (2991.2, 242.7), (3026.9, 191.6), (3066.7, 162.1), (3105.8, 155.9), (3145.8, 181.2), (3185.8, 241.6), (3223.5, 315.0), (3262.4, 388.3), (3300.5, 391.2), (3340.0, 370.7), (3378.1, 375.2), (3415.8, 414.1), (3448.6, 386.6), (3472.0, 330.4), (3472.0, 295.3), (3476.5, 283.1), (3489.0, 299.5), (3506.1, 242.7), (3526.6, 191.6), (3552.0, 162.1), (3584.9, 155.9), (3624.2, 181.2), (3664.2, 241.6), (3703.7, 294.3), (3743.2, 228.0), (3760.0, 182.0), (3760.0, 158.3), (3760.0, 158.9), (3760.0, 193.0), (3760.4, 259.9), (3766.9, 333.3), (3780.8, 406.6), (3792.3, 386.6), (3808.0, 330.4), (3831.8, 295.3), (3863.5, 283.1), (3902.3, 299.5), (3942.3, 351.4), (3981.8, 424.6), (4019.6, 370.6), (4059.6, 381.0), (4098.6, 427.8), (4131.3, 370.6), (4159.2, 319.6), (4182.7, 290.1), (4201.8, 283.9), (4216.4, 309.1), (4226.5, 368.0), (4229.9, 299.1), (4231.3, 250.6), (4239.8, 224.0), (4256.3, 221.1), (4280.2, 250.8), (4302.3, 294.3), (4319.9, 228.0), (4344.3, 182.0), (4376.7, 158.3), (4415.9, 158.9), (4455.9, 193.0), (4495.9, 259.9), (4535.0, 333.3), (4571.3, 406.6), (4601.7, 386.6), (4626.7, 330.4), (4647.3, 295.3), (4663.5, 283.1), (4675.2, 299.5), (4682.5, 351.4), (4683.7, 314.6), (4688.2, 261.3), (4700.7, 229.2), (4721.2, 220.2), (4749.7, 241.3), (4779.2, 297.9), (4802.8, 242.6), (4831.2, 191.6), (4867.6, 162.1), (4907.6, 155.9), (4947.6, 181.1), (4987.6, 241.6), (5027.4, 314.9), (5063.8, 388.3), (5094.8, 403.8), (5105.1, 342.6), (5112.0, 301.9), (5126.9, 284.0), (5149.9, 292.1), (5180.8, 335.1), (5215.1, 331.0), (5247.9, 272.3), (5276.9, 234.4), (5311.1, 219.4), (5350.9, 231.5), (5390.9, 279.0), (5428.8, 258.6), (5463.3, 202.4), (5498.5, 167.3), (5538.0, 155.1), (5578.0, 171.5), (5618.0, 223.4), (5654.9, 296.6), (5687.4, 368.0), (5713.1, 299.1), (5734.4, 250.6), (5751.3, 224.0), (5763.6, 221.1), (5771.6, 250.8), (5775.1, 314.8), (5774.0, 290.6), (5774.0, 234.4), (5774.0, 199.3), (5778.5, 187.1), (5789.8, 203.5), (5798.7, 255.4), (5802.3, 284.9), (5802.3, 221.3), (5803.0, 178.2), (5810.5, 157.5), (5824.1, 161.9), (5834.4, 200.6), (5840.2, 270.0), (5840.5, 210.8), (5842.3, 159.8), (5851.8, 130.4), (5869.3, 124.4), (5893.7, 149.8), (5914.8, 147.8), (5938.4, 86.6), (5970.1, 45.9), (6008.9, 28.0), (6048.9, 36.1), (6088.9, 79.1), (6128.9, 150.3), (6168.9, 223.6), (6208.9, 296.9)]",0,0,29.4
experienced,mario,Mario1-1,Pit,1,0,162.26,0.55,"[(112.0, 432.0), (114.6, 371.3), (125.1, 320.5), (143.6, 291.3), (170.1, 285.4), (204.6, 310.9), (244.5, 371.6), (281.7, 422.3), (316.5, 356.0), (356.4, 310.0), (396.4, 286.3), (434.5, 286.9), (468.1, 321.0), (501.3, 387.9), (536.1, 403.8), (568.0, 370.5), (598.6, 399.9), (626.7, 395.4), (661.7, 374.8), (700.7, 379.3), (739.3, 418.2), (772.3, 378.5), (809.2, 377.6), (844.6, 420.0), (873.8, 378.5), (899.9, 324.9), (932.8, 292.5), (972.2, 283.2), (1012.2, 304.0), (1052.2, 360.4), (1089.7, 432.0), (1121.6, 363.1), (1159.3, 314.6), (1199.3, 288.0), (1239.3, 285.1), (1279.3, 314.8), (1319.1, 378.8), (1355.6, 395.0), (1393.2, 371.6), (1426.9, 372.4), (1456.6, 406.9), (1456.8, 395.1), (1456.2, 336.5), (1459.7, 298.6), (1471.2, 283.6), (1490.7, 295.8), (1517.7, 325.8), (1549.3, 259.5), (1588.1, 213.6), (1628.1, 189.8), (1668.1, 190.4), (1708.1, 224.5), (1747.9, 291.5), (1784.3, 364.8), (1808.4, 432.0), (1807.7, 363.1), (1808.5, 314.6), (1816.0, 288.0), (1831.5, 285.1), (1855.0, 314.8), (1884.0, 289.7), (1919.7, 233.6), (1959.7, 198.4), (1999.7, 186.2), (2039.7, 202.6), (2079.7, 254.5), (2119.7, 327.7), (2158.2, 401.0), (2191.4, 395.0), (2226.8, 336.3), (2260.6, 298.4), (2295.2, 283.4), (2329.5, 295.5), (2360.5, 343.0), (2395.4, 415.4), (2430.0, 378.5), (2469.6, 377.6), (2508.1, 420.0), (2542.5, 378.5), (2581.8, 324.9), (2621.8, 292.5), (2661.8, 283.2), (2701.8, 304.0), (2741.8, 360.4), (2780.7, 432.0), (2816.0, 363.1), (2855.9, 314.6), (2895.7, 288.0), (2935.7, 285.1), (2975.7, 314.8), (3015.5, 378.8), (3053.0, 412.9), (3088.0, 349.1), (3088.7, 305.8), (3089.8, 285.0), (3095.8, 289.2), (3098.5, 267.2), (3106.1, 208.8), (3121.7, 171.2), (3145.4, 156.4), (3177.0, 168.8), (3215.7, 216.6), (3253.6, 289.1), (3280.1, 362.4), (3285.4, 432.0), (3292.1, 368.0), (3306.6, 384.9), (3326.2, 432.0), (3342.5, 368.0), (3365.8, 384.9), (3389.0, 432.0), (3406.6, 368.0), (3428.2, 384.9), (3446.6, 432.0), (3463.7, 363.1), (3472.0, 314.6), (3472.8, 288.0), (3480.2, 285.1), (3494.8, 284.9), (3513.2, 221.2), (3536.2, 177.9), (3567.1, 157.0), (3605.5, 161.2), (3645.5, 199.8), (3685.5, 269.1), (3724.5, 267.0), (3760.0, 208.3), (3760.0, 170.4), (3762.3, 155.4), (3768.2, 167.5), (3771.0, 122.7), (3780.6, 69.4), (3798.2, 37.3), (3823.8, 28.3), (3857.4, 49.4), (3897.0, 106.1), (3933.9, 179.4), (3971.7, 252.7), (4010.6, 326.1), (4018.6, 399.4), (4026.2, 395.0), (4039.3, 372.3), (4060.3, 406.1), (4082.8, 395.0), (4103.1, 372.3), (4120.2, 406.1), (4131.6, 395.0), (4138.0, 336.3), (4147.2, 298.4), (4155.0, 283.4), (4158.8, 295.5), (4160.8, 343.0), (4160.8, 415.4), (4160.8, 378.7), (4161.2, 325.4), (4164.8, 293.3), (4168.6, 284.3), (4170.9, 305.4), (4171.5, 362.1), (4171.5, 432.0), (4170.3, 363.1), (4170.8, 314.6), (4172.2, 288.0), (4175.3, 285.1), (4177.4, 314.8), (4177.5, 378.8), (4177.5, 354.8), (4177.7, 298.9), (4182.2, 264.1), (4189.3, 252.2), (4193.2, 268.9), (4195.1, 321.1), (4195.1, 394.3), (4195.1, 338.9), (4195.5, 288.1), (4198.1, 258.9), (4200.8, 253.0), (4202.3, 278.6), (4202.4, 339.3), (4201.9, 390.3), (4201.1, 324.0), (4201.8, 278.0), (4203.7, 254.3), (4213.2, 254.9), (4228.8, 289.0), (4240.0, 355.9), (4238.8, 314.5), (4242.3, 260.9), (4253.2, 228.5), (4272.2, 219.2), (4299.1, 240.0), (4332.9, 296.4), (4364.2, 369.8), (4368.4, 443.1), (4368.4, 516.4), (4368.4, 589.8), (4368.4, 663.1)]",0,0,26.25
experienced,mario,Mario1-1,Pit,1,0,224.36,0.345,"[(112.0, 432.0), (114.6, 371.3), (125.1, 320.5), (143.6, 291.3), (170.1, 285.4), (204.6, 310.9), (244.5, 371.6), (281.7, 422.3), (316.5, 356.0), (356.4, 310.0), (396.4, 286.3), (434.5, 286.9), (468.1, 321.0), (501.3, 387.9), (536.1, 403.8), (566.4, 370.5), (598.4, 399.9), (627.3, 395.4), (662.3, 374.8), (702.2, 379.3), (741.1, 418.2), (774.3, 378.5), (810.2, 377.6), (844.6, 420.0), (872.8, 378.5), (897.9, 324.9), (929.9, 292.5), (968.8, 283.2), (1008.8, 304.0), (1048.8, 360.4), (1086.3, 432.0), (1119.0, 363.1), (1154.8, 314.6), (1192.7, 288.0), (1232.7, 285.1), (1272.7, 314.8), (1312.6, 378.8), (1350.1, 395.0), (1389.0, 371.6), (1423.7, 372.4), (1454.2, 406.9), (1456.8, 395.1), (1456.2, 336.5), (1459.7, 298.6), (1471.2, 283.6), (1490.7, 295.8), (1517.7, 325.8), (1549.3, 259.5), (1588.1, 213.6), (1628.1, 189.8), (1668.1, 190.4), (1708.1, 224.5), (1747.9, 291.5), (1784.3, 364.8), (1808.4, 432.0), (1807.7, 363.1), (1808.5, 314.6), (1816.0, 288.0), (1831.5, 285.1), (1855.0, 314.8), (1884.0, 289.7), (1919.7, 233.6), (1959.7, 198.4), (1999.7, 186.2), (2039.7, 202.6), (2079.7, 254.5), (2119.7, 327.7), (2158.6, 401.0), (2192.4, 395.0), (2228.3, 336.3), (2256.0, 298.4), (2259.5, 283.4), (2271.0, 295.5), (2287.0, 250.5), (2306.1, 196.9), (2333.1, 164.5), (2368.0, 155.3), (2408.0, 176.1), (2448.0, 232.5), (2488.0, 304.0), (2528.0, 240.0), (2568.0, 256.9), (2608.0, 308.1), (2647.9, 381.2), (2684.8, 454.5), (2717.5, 527.8), (2736.8, 601.2), (2736.8, 674.5)]",0,0,11.68
experienced,mario,Mario1-1,Stall,1,0,109.65,0.722,"[(112.0, 432.0), (113.9, 371.3), (123.4, 320.5), (140.9, 291.3), (166.4, 285.4), (199.9, 310.9), (239.3, 371.6), (275.4, 422.3), (309.1, 356.0), (348.5, 310.0), (384.9, 286.3), (416.8, 286.9), (445.5, 321.0), (474.4, 387.9), (506.6, 390.8), (545.1, 370.3), (580.9, 374.8), (612.3, 413.7), (646.3, 378.7), (685.9, 369.3), (725.7, 396.6), (761.5, 412.9), (795.2, 369.1), (832.7, 394.4), (865.2, 412.9), (880.0, 349.1), (884.5, 305.8), (897.0, 285.0), (917.5, 289.2), (946.0, 327.8), (980.3, 339.8), (1017.4, 278.6), (1051.2, 237.9), (1080.6, 220.0), (1109.0, 228.1), (1142.8, 271.1), (1182.4, 342.3), (1200.0, 415.6), (1198.8, 378.5), (1201.4, 324.9), (1211.9, 292.5), (1230.4, 283.2), (1256.9, 304.0), (1291.4, 360.4), (1327.3, 404.5), (1365.7, 375.3), (1401.5, 369.4), (1432.9, 394.9), (1456.0, 412.9), (1456.0, 349.1), (1457.9, 305.8), (1467.4, 285.0), (1484.9, 289.2), (1510.4, 327.8), (1540.5, 273.8), (1572.6, 222.7), (1601.1, 193.2), (1628.9, 187.0), (1657.8, 212.3), (1688.6, 272.7), (1715.6, 346.0), (1738.2, 419.4), (1754.6, 378.5), (1768.0, 324.9), (1782.3, 292.5), (1802.7, 283.2), (1831.1, 304.0), (1866.0, 306.9), (1902.4, 245.7), (1934.6, 205.1), (1962.9, 187.1), (1991.0, 195.2), (2021.3, 238.2), (2055.2, 309.4), (2089.6, 382.7), (2119.4, 412.9), (2146.0, 349.1), (2174.7, 305.8), (2200.3, 285.0), (2221.4, 289.2), (2238.2, 327.8), (2254.5, 397.1), (2275.2, 395.0), (2299.8, 372.3), (2322.8, 406.1), (2340.5, 395.0), (2360.8, 336.3), (2385.2, 298.4), (2405.2, 283.4), (2420.8, 295.5), (2431.4, 250.5), (2445.5, 196.9), (2456.3, 164.5), (2462.7, 155.3), (2464.7, 176.1), (2465.4, 232.5), (2472.9, 304.0), (2484.5, 240.0), (2504.2, 256.9), (2531.8, 308.1), (2567.4, 381.2), (2605.7, 412.9), (2639.7, 349.1), (2678.5, 305.8), (2718.5, 285.0), (2758.5, 289.2), (2798.5, 327.8), (2838.5, 397.1), (2876.0, 395.0), (2896.8, 336.3), (2896.0, 298.4), (2900.5, 283.4), (2913.0, 295.5), (2930.6, 250.5), (2949.7, 249.6), (2966.4, 292.0), (2989.9, 362.8), (3015.4, 406.9), (3042.4, 377.7), (3077.5, 371.8), (3117.4, 397.3), (3156.0, 412.9), (3194.7, 349.1), (3234.3, 305.8), (3270.3, 285.0), (3304.8, 289.2), (3333.7, 267.1), (3358.5, 208.4), (3378.9, 170.5), (3400.3, 155.4), (3426.2, 167.5), (3451.5, 122.5), (3473.4, 68.9), (3494.7, 36.6), (3521.5, 27.3), (3550.0, 48.1), (3578.2, 104.5), (3609.9, 177.8), (3643.3, 251.2), (3677.0, 284.9), (3709.6, 221.1), (3740.6, 177.8), (3767.2, 157.0), (3789.4, 161.2), (3807.1, 139.1), (3829.5, 80.4), (3856.4, 42.5), (3884.4, 27.4), (3914.1, 39.5), (3947.5, 87.0), (3978.2, 159.5), (4002.9, 122.5), (4031.0, 68.9), (4061.6, 36.5), (4089.1, 27.2), (4117.8, 48.0), (4144.4, 104.4), (4170.7, 177.8), (4202.6, 251.1), (4233.0, 324.4), (4240.0, 339.9), (4240.1, 279.0), (4245.6, 238.6), (4259.1, 221.0), (4280.6, 229.3), (4309.0, 272.7), (4333.6, 267.0), (4359.7, 208.3), (4390.8, 170.4), (4418.7, 155.4), (4447.0, 167.5), (4477.8, 215.0), (4512.2, 287.4), (4544.8, 360.8), (4574.7, 432.0), (4597.9, 363.1), (4616.8, 314.6), (4639.7, 288.0), (4663.5, 285.1), (4682.9, 314.8), (4697.5, 289.7), (4717.4, 233.6), (4745.2, 198.4), (4777.1, 186.2), (4811.3, 202.6), (4850.1, 254.5), (4889.5, 284.9), (4928.7, 221.1), (4964.0, 177.8), (4994.8, 157.0), (5022.6, 161.2), (5052.7, 199.8), (5089.6, 269.1), (5129.6, 342.4), (5167.6, 322.6), (5205.6, 266.4), (5239.4, 231.3), (5277.0, 219.1), (5317.0, 235.5), (5357.0, 287.4), (5393.3, 250.5), (5424.6, 196.9), (5452.4, 164.5), (5480.2, 155.2), (5508.6, 176.0), (5538.1, 232.4), (5572.4, 305.8), (5603.5, 379.1), (5615.9, 412.9), (5615.9, 349.1), (5620.4, 305.8), (5632.9, 285.0), (5650.5, 289.2), (5664.2, 327.8), (5672.6, 339.8), (5675.5, 278.6), (5676.2, 237.9), (5681.6, 220.0), (5686.2, 228.1), (5687.7, 271.1), (5688.4, 342.3), (5688.4, 322.8), (5689.7, 266.9), (5693.9, 232.1), (5694.5, 220.2), (5694.5, 236.9), (5694.5, 289.1), (5694.5, 362.3), (5694.5, 306.9), (5696.2, 256.1), (5698.1, 226.9), (5698.1, 221.0), (5698.1, 246.6), (5698.1, 307.3), (5698.1, 358.3), (5698.1, 292.3), (5699.7, 246.7), (5700.2, 223.2), (5700.2, 224.1), (5700.2, 258.5), (5700.2, 325.6), (5700.2, 339.9), (5700.3, 279.0), (5702.1, 238.6), (5702.2, 221.0), (5702.2, 229.3), (5702.2, 272.7), (5702.2, 343.9), (5702.2, 322.8), (5702.2, 266.9), (5702.9, 232.1), (5702.9, 220.2), (5702.9, 236.9), (5702.9, 289.1), (5702.9, 362.3), (5702.9, 306.9), (5703.0, 256.1), (5703.6, 226.9), (5703.6, 221.0), (5703.6, 246.6), (5703.6, 307.3), (5703.6, 358.3), (5703.6, 292.3), (5704.2, 246.7), (5704.3, 223.2), (5704.3, 224.1), (5704.3, 258.5), (5704.3, 325.6), (5704.3, 339.9), (5704.3, 279.0), (5705.0, 238.6), (5705.0, 221.0), (5705.0, 229.3), (5705.0, 272.7), (5705.0, 343.9), (5705.0, 322.8), (5705.0, 266.9), (5705.7, 232.1), (5705.7, 220.2), (5705.7, 236.9), (5705.7, 289.1), (5705.7, 362.3), (5705.7, 306.9), (5705.9, 256.1), (5706.4, 226.9), (5706.4, 221.0), (5706.4, 246.6), (5706.4, 307.3), (5706.4, 358.3), (5706.4, 292.3), (5707.0, 246.7), (5707.2, 223.2), (5707.2, 224.1), (5707.2, 258.5), (5707.2, 325.6), (5707.2, 339.9), (5707.2, 279.0), (5707.9, 238.6), (5707.9, 221.0), (5707.9, 229.3), (5707.9, 272.7), (5707.9, 343.9), (5707.9, 322.8), (5707.9, 266.9), (5708.6, 232.1), (5708.6, 220.2), (5708.6, 236.9), (5708.6, 289.1), (5708.6, 362.3), (5708.6, 306.9), (5708.7, 256.1), (5709.3, 226.9), (5709.3, 221.0), (5709.3, 246.6), (5709.3, 307.3), (5709.3, 358.3), (5709.3, 292.3), (5709.8, 246.7), (5710.0, 223.2), (5710.0, 224.1), (5710.0, 258.5), (5710.0, 325.6), (5710.0, 339.9), (5710.0, 279.0), (5710.7, 238.6), (5710.7, 221.0), (5710.7, 229.3), (5710.7, 272.7), (5710.7, 343.9), (5710.7, 322.8), (5710.7, 266.9), (5711.4, 232.1), (5711.4, 220.2), (5711.4, 236.9), (5711.4, 289.1), (5711.4, 362.3), (5711.4, 306.9), (5711.5, 256.1), (5714.3, 226.9), (5716.2, 221.0), (5716.2, 246.6), (5716.3, 307.3), (5716.3, 358.3), (5716.3, 292.3), (5716.7, 246.7), (5721.3, 223.2), (5722.6, 224.1), (5722.6, 258.5), (5722.6, 325.6), (5722.6, 339.9), (5722.6, 279.0), (5723.2, 238.6), (5723.5, 221.0), (5723.5, 229.3), (5723.5, 272.7), (5723.5, 343.9), (5723.5, 322.8), (5723.5, 266.9), (5724.2, 232.1), (5724.4, 220.2), (5724.4, 236.9), (5724.4, 289.1), (5724.4, 362.3), (5724.4, 306.9), (5724.4, 256.1), (5725.1, 226.9), (5725.3, 221.0), (5725.3, 246.6), (5725.3, 307.3), (5725.3, 358.3), (5725.3, 292.3), (5725.4, 246.7), (5726.2, 223.2), (5726.2, 224.1), (5726.2, 258.5), (5726.2, 325.6), (5726.2, 339.9), (5726.2, 279.0), (5726.8, 238.6), (5727.1, 221.0), (5727.1, 229.3), (5727.1, 272.7), (5727.1, 343.9), (5727.1, 322.8)]",0,0,51.17
experienced,mario,Mario1-1,Stuck,1,0,151.24,0.715,"[(112.0, 432.0), (113.2, 371.3), (121.8, 320.5), (138.2, 291.3), (162.8, 285.4), (195.2, 310.9), (234.3, 371.6), (270.4, 422.3), (302.9, 356.0), (341.7, 310.0), (378.1, 286.3), (410.0, 286.9), (438.7, 321.0), (469.1, 387.9), (500.6, 390.8), (538.3, 370.3), (574.4, 374.8), (606.2, 413.7), (640.4, 378.7), (680.2, 369.3), (719.8, 396.6), (755.0, 412.9), (788.2, 369.1), (825.0, 394.4), (857.0, 412.9), (882.9, 349.1), (911.3, 305.8), (942.2, 285.0), (970.3, 289.2), (1004.0, 327.8), (1043.0, 397.1), (1077.1, 395.0), (1109.5, 336.3), (1141.3, 298.4), (1173.7, 283.4), (1212.4, 295.5), (1252.4, 343.0), (1290.9, 322.6), (1329.0, 266.4), (1362.6, 231.3), (1394.1, 219.1), (1429.7, 235.5), (1469.6, 287.4), (1508.8, 316.9), (1543.8, 253.1), (1574.5, 209.8), (1603.7, 189.0), (1635.4, 193.2), (1671.9, 231.8), (1708.1, 301.1), (1739.8, 374.4), (1767.1, 404.4), (1789.9, 378.1), (1808.3, 375.5), (1808.1, 405.5), (1806.9, 395.0), (1806.9, 336.3), (1808.2, 298.4), (1816.7, 283.4), (1833.2, 295.5), (1857.2, 325.4), (1885.4, 259.1), (1914.4, 213.2), (1943.5, 189.4), (1974.7, 190.0), (2010.6, 224.1), (2050.4, 291.0), (2089.7, 364.4), (2125.0, 432.0), (2153.7, 363.1), (2182.6, 314.6), (2208.5, 288.0), (2229.8, 285.1), (2246.8, 314.8), (2256.4, 378.8), (2261.7, 412.9), (2270.8, 369.1), (2287.6, 394.4), (2303.5, 412.9), (2316.8, 369.1), (2333.1, 394.4), (2347.6, 412.9), (2361.3, 349.1), (2379.8, 305.8), (2394.6, 285.0), (2404.8, 289.2), (2409.7, 267.1), (2417.3, 208.4), (2429.3, 170.5), (2436.8, 155.4), (2439.9, 167.5), (2440.7, 215.0), (2448.2, 287.5), (2460.8, 250.5), (2478.0, 196.9), (2480.0, 164.5), (2480.0, 155.2), (2480.0, 176.0), (2480.8, 232.4), (2483.5, 304.0), (2491.1, 240.0), (2506.7, 256.9), (2530.3, 308.1), (2561.9, 381.2), (2598.1, 412.9), (2631.7, 349.1), (2670.3, 305.8), (2710.3, 285.0), (2750.3, 289.2), (2790.3, 327.8), (2830.1, 397.1), (2865.9, 395.0), (2896.1, 336.3), (2896.2, 298.4), (2900.7, 283.4), (2913.2, 295.5), (2928.3, 250.5), (2940.0, 249.6), (2953.2, 292.0), (2968.1, 250.5), (2979.8, 196.9), (2992.0, 164.5), (3008.5, 155.2), (3033.0, 176.0), (3065.5, 232.4), (3104.3, 304.0), (3140.0, 235.1), (3172.2, 186.6), (3201.2, 160.0), (3233.5, 157.1), (3266.9, 186.8), (3297.0, 250.8), (3323.5, 284.9), (3344.9, 221.1), (3362.3, 177.8), (3376.4, 157.0), (3396.6, 161.2), (3421.7, 139.1), (3441.4, 80.4), (3453.6, 42.5), (3468.6, 27.4), (3491.5, 39.5), (3522.5, 87.0), (3560.0, 159.5), (3596.9, 232.8), (3629.3, 306.1), (3659.5, 379.5), (3691.8, 412.9), (3726.4, 369.1), (3764.8, 394.4), (3798.4, 412.9), (3827.0, 349.1), (3860.4, 305.8), (3898.1, 285.0), (3937.4, 289.2), (3975.0, 327.8), (4015.0, 397.1), (4052.5, 395.0), (4092.3, 372.3), (4129.2, 406.1), (4160.5, 395.0), (4186.3, 336.3), (4207.5, 298.4), (4224.4, 283.4), (4236.8, 295.5), (4244.4, 325.4), (4247.5, 259.1), (4257.5, 213.2), (4275.4, 189.4), (4301.3, 190.0), (4335.3, 224.1), (4375.0, 291.0), (4414.0, 250.5), (4451.5, 196.9), (4484.5, 164.5), (4514.9, 155.2), (4548.8, 176.0), (4587.4, 232.4), (4622.7, 305.8), (4653.5, 379.1), (4654.8, 354.6), (4655.5, 298.4), (4662.4, 263.3), (4676.4, 251.1), (4697.1, 267.5), (4715.4, 319.4), (4720.1, 282.5), (4725.6, 228.9), (4739.1, 196.5), (4760.6, 187.2), (4790.1, 208.0), (4827.5, 264.4), (4866.5, 275.8), (4905.4, 214.6), (4940.1, 173.9), (4970.8, 156.0), (5003.1, 164.1), (5040.6, 207.1), (5080.6, 278.3), (5120.5, 351.6), (5157.7, 314.5), (5194.1, 260.9), (5226.0, 228.5), (5257.6, 219.2), (5296.3, 240.0), (5336.1, 296.4), (5372.7, 242.6), (5407.0, 191.6), (5437.0, 162.1), (5467.5, 155.9), (5501.8, 181.1), (5538.4, 241.6), (5577.3, 314.9), (5612.1, 388.3), (5615.8, 403.8), (5615.9, 342.6), (5620.4, 301.9), (5632.9, 284.0), (5649.3, 292.1), (5661.5, 335.1), (5668.0, 331.0), (5669.4, 272.3), (5669.6, 234.4), (5669.7, 219.4), (5671.7, 231.5), (5675.7, 279.0), (5676.2, 351.4), (5676.2, 314.7), (5676.1, 261.4), (5675.6, 229.3), (5675.1, 220.3), (5675.6, 241.4), (5677.0, 298.1), (5677.0, 368.0), (5677.0, 299.4), (5676.8, 251.2), (5676.3, 224.9), (5676.0, 222.3), (5677.0, 252.3), (5677.9, 316.4), (5677.9, 349.0), (5678.0, 285.5), (5677.5, 242.5), (5677.0, 221.9), (5676.5, 226.4), (5677.7, 265.3), (5678.0, 334.8), (5678.0, 331.2), (5678.0, 272.8), (5677.5, 235.2), (5677.0, 220.4), (5676.5, 232.8), (5678.0, 280.6), (5678.0, 353.1), (5678.0, 314.7), (5677.9, 261.4), (5677.4, 229.3), (5676.9, 220.3), (5676.7, 241.4), (5678.1, 298.1), (5678.1, 368.0), (5678.1, 299.4), (5677.9, 251.2), (5677.4, 224.9), (5676.9, 222.3), (5677.4, 252.3), (5678.2, 316.4), (5678.2, 349.0), (5678.3, 285.5), (5677.8, 242.5), (5677.3, 221.9), (5676.8, 226.4), (5678.0, 265.3), (5678.3, 334.8), (5678.3, 331.2), (5678.3, 272.8)]",0,0,36.78
experienced,mario,Mario1-1,Success,1,0,208.05,0.785,"[(112.0, 432.0), (113.2, 371.3), (121.8, 320.5), (138.2, 291.3), (162.8, 285.4), (195.2, 310.9), (234.4, 371.6), (271.1, 422.3), (305.3, 356.0), (345.1, 310.0), (385.0, 286.3), (423.5, 286.9), (457.7, 321.0), (492.3, 387.9), (527.5, 403.8), (556.9, 370.5), (583.4, 399.9), (606.7, 395.4), (635.9, 374.8), (673.0, 379.3), (709.7, 418.2), (741.4, 378.5), (778.5, 377.6), (816.6, 420.0), (848.4, 378.5), (877.2, 324.9), (912.8, 292.5), (952.8, 283.2), (992.8, 304.0), (1032.8, 360.4), (1070.2, 432.0), (1102.9, 363.1), (1139.5, 314.6), (1176.3, 288.0), (1216.3, 285.1), (1256.3, 314.8), (1295.8, 358.3), (1334.8, 292.0), (1370.9, 246.0), (1409.8, 222.3), (1449.8, 222.9), (1489.8, 257.0), (1529.8, 323.9), (1569.1, 282.5), (1609.1, 228.9), (1649.1, 196.5), (1689.1, 187.2), (1729.1, 208.0), (1769.1, 264.4), (1808.4, 337.8), (1808.8, 411.1), (1807.7, 386.6), (1807.7, 330.4), (1810.3, 295.3), (1820.8, 283.1), (1839.3, 299.5), (1864.9, 316.0), (1895.5, 252.2), (1933.7, 208.9), (1973.7, 188.1), (2013.7, 192.3), (2053.7, 230.9), (2093.7, 300.2), (2133.5, 373.5), (2170.2, 422.3), (2203.3, 356.0), (2238.3, 310.0), (2270.1, 286.3), (2305.0, 286.9), (2336.7, 321.0), (2373.0, 387.9), (2410.4, 403.8), (2449.9, 370.5), (2489.7, 399.9), (2525.2, 403.8), (2561.8, 342.6), (2601.8, 301.9), (2641.8, 284.0), (2681.8, 292.1), (2721.8, 335.1), (2761.4, 406.3), (2796.3, 386.6), (2834.9, 330.4), (2874.4, 295.3), (2914.4, 283.1), (2954.4, 299.5), (2991.2, 242.7), (3026.9, 191.6), (3066.7, 162.1), (3105.8, 155.9), (3145.8, 181.2), (3185.8, 241.6), (3223.5, 315.0), (3262.4, 388.3), (3300.5, 391.2), (3340.0, 370.7), (3378.1, 375.2), (3415.8, 414.1), (3448.6, 386.6), (3472.0, 330.4), (3472.0, 295.3), (3476.5, 283.1), (3489.0, 299.5), (3506.1, 242.7), (3526.6, 191.6), (3552.0, 162.1), (3584.9, 155.9), (3624.2, 181.2), (3664.2, 241.6), (3703.7, 294.3), (3743.2, 228.0), (3760.0, 182.0), (3760.0, 158.3), (3760.0, 158.9), (3760.0, 193.0), (3760.4, 259.9), (3766.9, 333.3), (3780.8, 406.6), (3792.3, 386.6), (3808.0, 330.4), (3831.8, 295.3), (3863.5, 283.1), (3902.3, 299.5), (3942.3, 351.4), (3981.8, 424.6), (4019.6, 370.6), (4059.6, 381.0), (4098.6, 427.8), (4131.3, 370.6), (4159.2, 319.6), (4182.7, 290.1), (4201.8, 283.9), (4216.4, 309.1), (4226.5, 368.0), (4229.9, 299.1), (4231.3, 250.6), (4239.8, 224.0), (4256.3, 221.1), (4280.2, 250.8), (4302.3, 294.3), (4319.9, 228.0), (4344.3, 182.0), (4376.7, 158.3), (4415.9, 158.9), (4455.9, 193.0), (4495.9, 259.9), (4535.0, 333.3), (4571.3, 406.6), (4601.7, 386.6), (4626.7, 330.4), (4647.3, 295.3), (4663.5, 283.1), (4675.2, 299.5), (4682.5, 351.4), (4683.7, 314.6), (4688.2, 261.3), (4700.7, 229.2), (4721.2, 220.2), (4749.7, 241.3), (4779.2, 297.9), (4802.8, 242.6), (4831.2, 191.6), (4867.6, 162.1), (4907.6, 155.9), (4947.6, 181.1), (4987.6, 241.6), (5027.4, 314.9), (5063.8, 388.3), (5094.8, 403.8), (5105.1, 342.6), (5112.0, 301.9), (5126.9, 284.0), (5149.9, 292.1), (5180.8, 335.1), (5215.1, 331.0), (5247.9, 272.3), (5276.9, 234.4), (5311.1, 219.4), (5350.9, 231.5), (5390.9, 279.0), (5428.8, 258.6), (5463.3, 202.4), (5498.5, 167.3), (5538.0, 155.1), (5578.0, 171.5), (5618.0, 223.4), (5654.9, 296.6), (5687.4, 368.0), (5713.1, 299.1), (5734.4, 250.6), (5751.3, 224.0), (5763.6, 221.1), (5771.6, 250.8), (5775.1, 314.8), (5774.0, 290.6), (5774.0, 234.4), (5774.0, 199.3), (5778.5, 187.1), (5789.8, 203.5), (5798.7, 255.4), (5802.3, 284.9), (5802.3, 221.3), (5803.0, 178.2), (5810.5, 157.5), (5824.1, 161.9), (5834.4, 200.6), (5840.2, 270.0), (5840.5, 210.8), (5842.3, 159.8), (5851.8, 130.4), (5869.3, 124.4), (5893.7, 149.8), (5914.8, 147.8), (5938.4, 86.6), (5970.1, 45.9), (6008.9, 28.0), (6048.9, 36.1), (6088.9, 79.1), (6128.9, 150.3), (6168.9, 223.6), (6208.9, 296.9)]",0,0,29.4
experienced,mario,Mario1-1,Success,1,0,139.5,0.785,"[(112.0, 432.0), (113.2, 371.3), (121.8, 320.5), (138.2, 291.3), (162.8, 285.4), (195.2, 310.9), (234.4, 371.6), (271.1, 422.3), (305.3, 356.0), (345.1, 310.0), (385.1, 286.3), (423.6, 286.9), (457.8, 321.0), (492.4, 387.9), (527.7, 403.8), (557.8, 370.5), (585.9, 399.9), (611.5, 395.4), (643.8, 374.8), (683.0, 379.3), (721.1, 418.2), (754.6, 378.5), (793.0, 377.6), (830.5, 420.0), (861.8, 378.5), (889.2, 324.9), (922.7, 292.5), (962.3, 283.2), (1002.3, 304.0), (1042.3, 360.4), (1079.8, 432.0), (1112.5, 363.1), (1147.9, 314.6), (1184.5, 288.0), (1224.5, 285.1), (1264.5, 314.8), (1304.3, 378.8), (1341.9, 395.0), (1380.8, 371.6), (1415.5, 372.4), (1445.8, 406.9), (1455.2, 395.0), (1455.2, 336.3), (1457.1, 298.4), (1466.6, 283.4), (1484.1, 295.5), (1509.1, 325.4), (1538.7, 259.1), (1576.2, 213.2), (1616.2, 189.4), (1656.2, 190.0), (1696.2, 224.1), (1735.8, 291.0), (1771.6, 364.4), (1803.6, 432.0), (1808.0, 363.1), (1808.1, 314.6), (1813.6, 288.0), (1827.1, 285.1), (1848.6, 314.8), (1875.7, 289.7), (1909.3, 233.6), (1949.0, 198.4), (1989.0, 186.2), (2029.0, 202.6), (2069.0, 254.5), (2109.0, 327.7), (2148.2, 401.0), (2182.3, 395.0), (2217.2, 336.3), (2250.6, 298.4), (2283.6, 283.4), (2317.5, 295.5), (2349.8, 343.0), (2387.9, 415.4), (2425.2, 378.5), (2465.2, 377.6), (2504.1, 420.0), (2538.3, 378.5), (2577.1, 324.9), (2617.1, 292.5), (2657.1, 283.2), (2697.1, 304.0), (2737.1, 360.4), (2775.6, 432.0), (2810.4, 363.1), (2850.2, 314.6), (2889.7, 288.0), (2929.7, 285.1), (2968.7, 284.9), (3004.3, 221.2), (3042.2, 177.9), (3081.9, 157.0), (3121.7, 161.2), (3161.7, 199.8), (3201.2, 269.1), (3239.0, 342.5), (3277.1, 415.8), (3310.1, 378.5), (3348.0, 377.6), (3384.4, 420.0), (3414.6, 378.5), (3440.5, 377.6), (3463.8, 420.0), (3484.3, 378.5), (3511.5, 377.6), (3538.4, 420.0), (3559.0, 378.5), (3581.6, 324.9), (3611.1, 292.5), (3638.0, 283.2), (3660.5, 304.0), (3664.4, 360.4), (3670.9, 432.0), (3681.5, 368.0), (3700.1, 384.9), (3724.8, 432.0), (3747.9, 368.0), (3778.7, 384.9), (3809.0, 432.0), (3834.6, 363.1), (3867.0, 314.6), (3906.2, 288.0), (3945.1, 285.1), (3984.2, 314.8), (4016.1, 378.8), (4020.7, 412.9), (4030.3, 369.1), (4047.9, 394.4), (4071.0, 412.9), (4090.4, 369.1), (4107.1, 394.4), (4118.8, 412.9), (4124.3, 349.1), (4131.2, 305.8), (4135.6, 285.0), (4136.5, 289.2), (4140.4, 327.8), (4144.8, 397.1), (4145.4, 395.2), (4145.7, 336.8), (4151.1, 299.2), (4153.9, 284.4), (4154.5, 296.8), (4157.1, 344.6), (4158.1, 417.1), (4158.1, 378.7), (4158.9, 325.4), (4162.3, 293.3), (4164.0, 284.3), (4164.7, 305.4), (4164.7, 362.1), (4164.7, 432.0), (4163.4, 363.1), (4164.5, 314.6), (4165.4, 288.0), (4166.3, 285.1), (4167.1, 314.8), (4167.1, 378.8), (4166.2, 412.9), (4165.8, 349.1), (4167.3, 305.8), (4168.3, 285.0), (4168.8, 289.2), (4169.5, 327.8), (4169.5, 397.1), (4168.3, 395.0), (4168.3, 336.3), (4169.0, 298.4), (4170.1, 283.4), (4170.7, 295.5), (4171.1, 343.0), (4171.1, 415.4), (4169.8, 378.5), (4169.9, 324.9), (4170.6, 292.5), (4171.7, 283.2), (4172.4, 304.0), (4172.4, 360.4), (4172.4, 432.0), (4171.2, 363.1), (4171.7, 314.6), (4172.2, 288.0), (4173.1, 285.1), (4173.8, 314.8), (4173.8, 378.8), (4172.9, 412.9), (4172.5, 349.1), (4173.2, 305.8), (4174.1, 285.0), (4174.4, 289.2), (4175.1, 327.8), (4175.1, 397.1), (4173.9, 395.0), (4173.9, 336.3), (4173.9, 298.4), (4175.1, 283.4), (4175.5, 295.5), (4175.8, 343.0), (4175.8, 415.4), (4174.5, 378.5), (4174.5, 324.9), (4174.7, 292.5), (4175.7, 283.2), (4176.4, 304.0), (4176.4, 360.4), (4176.4, 432.0), (4175.2, 363.1), (4175.2, 314.6), (4175.6, 288.0), (4179.0, 285.1), (4182.4, 314.8), (4182.7, 378.8), (4182.7, 354.8), (4182.7, 298.9), (4186.0, 264.1), (4188.0, 252.2), (4188.7, 268.9), (4190.8, 321.1), (4190.9, 394.3), (4190.9, 338.9), (4191.2, 288.1), (4191.6, 258.9), (4192.3, 253.0), (4193.0, 278.6), (4193.2, 339.3), (4193.2, 390.3), (4193.2, 324.3), (4193.3, 278.7), (4194.1, 255.2), (4194.9, 256.1), (4195.6, 290.5), (4195.8, 357.6), (4195.8, 371.9), (4195.8, 311.0), (4196.0, 270.6), (4197.3, 253.0), (4198.0, 261.3), (4198.3, 304.7), (4198.3, 375.9), (4197.0, 354.6), (4197.0, 298.4), (4197.2, 263.3), (4199.0, 251.1), (4203.9, 267.5), (4205.1, 319.4), (4205.1, 392.6), (4203.9, 338.6), (4203.9, 287.6), (4204.1, 258.1), (4209.0, 251.9), (4220.0, 277.1), (4227.7, 337.6), (4229.8, 331.1), (4229.9, 272.6), (4235.4, 234.8), (4248.9, 219.9), (4270.4, 232.2), (4295.9, 279.9), (4315.6, 258.6), (4337.0, 202.4), (4366.3, 167.3), (4403.6, 155.1), (4443.6, 171.5), (4483.6, 223.4), (4523.6, 296.6), (4561.5, 369.9), (4595.2, 422.3), (4622.5, 356.0), (4645.3, 310.0), (4663.7, 286.3), (4677.7, 286.9), (4687.2, 321.0), (4691.9, 290.6), (4701.9, 234.4), (4719.8, 199.3), (4745.8, 187.1), (4779.7, 203.5), (4819.5, 255.4), (4858.4, 284.9), (4898.0, 221.1), (4938.0, 177.8), (4978.0, 157.0), (5018.0, 161.2), (5058.0, 199.8), (5098.0, 269.1), (5138.0, 342.4), (5177.3, 322.6), (5216.3, 266.4), (5251.6, 231.3), (5290.8, 219.1), (5330.8, 235.5), (5370.8, 287.4), (5409.3, 250.5), (5445.0, 196.9), (5482.1, 164.5), (5522.1, 155.2), (5562.1, 176.0), (5602.1, 232.4), (5641.4, 305.8), (5676.4, 358.3), (5704.9, 292.0), (5729.0, 246.0), (5748.6, 222.3), (5763.8, 222.9), (5774.5, 257.0), (5780.2, 284.9), (5780.5, 221.1), (5782.4, 177.8), (5791.7, 157.0), (5803.5, 161.2), (5816.8, 199.8), (5826.2, 269.1), (5829.1, 210.6), (5831.0, 159.6), (5840.5, 130.1), (5858.0, 123.9), (5879.4, 149.1), (5896.6, 208.0), (5906.6, 139.1), (5922.6, 90.6), (5946.7, 64.0), (5978.7, 61.1), (6017.8, 90.8), (6057.8, 154.8), (6097.8, 228.1), (6137.8, 301.4), (6177.7, 374.8), (6214.3, 422.3)]",0,0,43.78
experienced,mario,Mario1-1,Success,1,0,207.19,0.784,"[(112.0, 432.0), (114.6, 371.3), (125.1, 320.5), (143.6, 291.3), (170.1, 285.4), (204.6, 310.9), (244.5, 371.6), (281.7, 422.3), (316.5, 356.0), (356.4, 310.0), (396.4, 286.3), (434.5, 286.9), (468.1, 321.0), (501.3, 387.9), (538.6, 403.8), (574.0, 342.6), (613.2, 301.9), (648.4, 284.0), (679.3, 292.1), (705.4, 258.6), (736.6, 246.7), (775.2, 284.7), (810.7, 258.6), (842.0, 202.4), (875.9, 167.3), (914.4, 155.1), (954.4, 171.5), (994.4, 223.4), (1034.4, 296.6), (1074.4, 369.9), (1111.6, 422.3), (1143.5, 356.0), (1180.1, 310.0), (1220.1, 286.3), (1260.1, 286.9), (1300.1, 321.0), (1339.7, 387.9), (1375.5, 390.8), (1406.9, 370.3), (1433.9, 374.8), (1456.0, 413.7), (1456.0, 386.6), (1456.5, 330.6), (1462.5, 295.5), (1476.4, 283.4), (1498.4, 299.9), (1527.3, 316.4), (1561.4, 252.6), (1601.2, 209.3), (1641.2, 188.5), (1681.2, 192.7), (1721.2, 231.3), (1760.8, 300.6), (1796.6, 374.0), (1807.5, 422.3), (1806.4, 356.0), (1809.9, 310.0), (1821.4, 286.3), (1840.9, 286.9), (1868.4, 321.0), (1905.8, 281.6), (1945.8, 228.0), (1985.8, 195.6), (2025.8, 186.3), (2065.8, 207.2), (2105.8, 263.5), (2145.8, 336.9), (2184.7, 410.2), (2218.6, 386.6), (2256.3, 330.4), (2256.0, 295.3), (2260.5, 283.1), (2273.0, 299.5), (2288.2, 242.7), (2303.6, 191.6), (2326.9, 162.1), (2358.2, 155.9), (2396.8, 181.2), (2436.8, 241.6), (2476.4, 294.3), (2516.1, 240.3), (2556.1, 261.3), (2596.1, 317.0), (2636.0, 390.3), (2672.1, 403.8), (2703.4, 342.6), (2740.7, 301.9), (2780.7, 284.0), (2820.7, 292.1), (2860.7, 335.1), (2900.7, 406.3), (2939.8, 383.5), (2979.8, 368.8), (3019.6, 381.2), (3058.6, 429.0), (3093.2, 370.6), (3132.7, 381.0), (3171.6, 414.3), (3207.1, 382.2), (3246.3, 373.2), (3286.2, 394.3), (3324.2, 412.9), (3359.7, 349.1), (3376.0, 305.8), (3377.9, 285.0), (3387.2, 289.2), (3398.5, 267.1), (3410.7, 244.3), (3430.8, 278.1), (3451.1, 344.5), (3475.3, 417.8), (3495.9, 378.5), (3519.8, 377.6), (3541.2, 420.0), (3557.5, 378.5), (3579.4, 324.9), (3608.0, 292.5), (3634.2, 283.2), (3655.9, 304.0), (3664.4, 360.4), (3670.9, 432.0), (3681.5, 368.0), (3700.1, 384.9), (3724.8, 432.0), (3749.3, 368.0), (3781.8, 384.9), (3815.3, 432.0), (3844.9, 363.1), (3881.9, 314.6), (3921.9, 288.0), (3960.5, 285.1), (4000.1, 314.8), (4017.2, 378.8), (4024.8, 412.9), (4037.4, 369.1), (4058.0, 394.4), (4081.9, 412.9), (4103.4, 369.1), (4123.1, 394.4), (4137.8, 412.9), (4146.3, 349.1), (4157.4, 305.8), (4170.4, 285.0), (4182.7, 289.2), (4193.6, 327.8), (4200.1, 397.1), (4200.6, 338.8), (4201.9, 288.0), (4208.6, 258.7), (4222.0, 252.8), (4243.4, 278.3), (4265.8, 336.0), (4272.8, 267.1), (4280.2, 218.6), (4295.8, 192.0), (4319.2, 189.1), (4350.8, 218.8), (4389.5, 282.8), (4428.8, 258.6), (4468.8, 202.4), (4508.8, 167.3), (4548.8, 155.1), (4588.8, 171.5), (4628.8, 223.4), (4666.8, 296.6), (4688.0, 368.0), (4687.1, 299.1), (4693.6, 250.6), (4708.1, 224.0), (4730.6, 221.1), (4760.5, 250.8), (4788.6, 294.3), (4812.2, 228.0), (4842.6, 182.0), (4880.6, 158.3), (4920.6, 158.9), (4960.6, 193.0), (5000.6, 259.9), (5039.9, 333.3), (5075.2, 406.6), (5103.6, 386.6), (5107.5, 330.4), (5119.0, 295.3), (5138.5, 283.1), (5166.0, 299.5), (5201.5, 351.4), (5240.7, 424.6), (5279.6, 370.6), (5319.6, 381.0), (5359.3, 427.8), (5395.6, 370.6), (5433.0, 381.0), (5466.0, 427.8), (5492.6, 370.6), (5522.9, 319.6), (5554.8, 290.1), (5591.7, 283.9), (5631.2, 309.1), (5667.1, 368.0), (5696.1, 299.1), (5720.9, 250.6), (5742.7, 224.0), (5761.3, 221.1), (5775.7, 250.8), (5785.3, 294.3), (5788.5, 228.0), (5791.3, 182.0), (5801.9, 158.3), (5819.6, 158.9), (5840.5, 193.0), (5856.7, 220.9), (5868.6, 157.1), (5887.3, 113.8), (5914.0, 93.0), (5948.7, 97.2), (5988.6, 135.8), (6028.6, 205.1), (6068.6, 278.4), (6108.6, 351.8), (6147.9, 425.1), (6185.2, 370.6), (6225.2, 319.6)]",0,0,29.47
experienced,mario,Mario1-1,Stall,1,0,109.65,0.722,"[(112.0, 432.0), (113.9, 371.3), (123.4, 320.5), (140.9, 291.3), (166.4, 285.4), (199.9, 310.9), (239.3, 371.6), (275.4, 422.3), (309.1, 356.0), (348.5, 310.0), (384.9, 286.3), (416.8, 286.9), (445.5, 321.0), (474.4, 387.9), (506.6, 390.8), (545.1, 370.3), (580.9, 374.8), (612.3, 413.7), (646.3, 378.7), (685.9, 369.3), (725.7, 396.6), (761.5, 412.9), (795.2, 369.1), (832.7, 394.4), (865.2, 412.9), (880.0, 349.1), (884.5, 305.8), (897.0, 285.0), (917.5, 289.2), (946.0, 327.8), (980.3, 339.8), (1017.4, 278.6), (1051.2, 237.9), (1080.6, 220.0), (1109.0, 228.1), (1142.8, 271.1), (1182.4, 342.3), (1200.0, 415.6), (1198.8, 378.5), (1201.4, 324.9), (1211.9, 292.5), (1230.4, 283.2), (1256.9, 304.0), (1291.4, 360.4), (1327.3, 404.5), (1365.7, 375.3), (1401.5, 369.4), (1432.9, 394.9), (1456.0, 412.9), (1456.0, 349.1), (1457.9, 305.8), (1467.4, 285.0), (1484.9, 289.2), (1510.4, 327.8), (1540.5, 273.8), (1572.6, 222.7), (1601.1, 193.2), (1628.9, 187.0), (1657.8, 212.3), (1688.6, 272.7), (1715.6, 346.0), (1738.2, 419.4), (1754.6, 378.5), (1768.0, 324.9), (1782.3, 292.5), (1802.7, 283.2), (1831.1, 304.0), (1866.0, 306.9), (1902.4, 245.7), (1934.6, 205.1), (1962.9, 187.1), (1991.0, 195.2), (2021.3, 238.2), (2055.2, 309.4), (2089.6, 382.7), (2119.4, 412.9), (2146.0, 349.1), (2174.7, 305.8), (2200.3, 285.0), (2221.4, 289.2), (2238.2, 327.8), (2254.5, 397.1), (2275.2, 395.0), (2299.8, 372.3), (2322.8, 406.1), (2340.5, 395.0), (2360.8, 336.3), (2385.2, 298.4), (2405.2, 283.4), (2420.8, 295.5), (2431.4, 250.5), (2445.5, 196.9), (2456.3, 164.5), (2462.7, 155.3), (2464.7, 176.1), (2465.4, 232.5), (2472.9, 304.0), (2484.5, 240.0), (2504.2, 256.9), (2531.8, 308.1), (2567.4, 381.2), (2605.7, 412.9), (2639.7, 349.1), (2678.5, 305.8), (2718.5, 285.0), (2758.5, 289.2), (2798.5, 327.8), (2838.5, 397.1), (2876.0, 395.0), (2896.8, 336.3), (2896.0, 298.4), (2900.5, 283.4), (2913.0, 295.5), (2930.6, 250.5), (2949.7, 249.6), (2966.4, 292.0), (2989.9, 362.8), (3015.4, 406.9), (3042.4, 377.7), (3077.5, 371.8), (3117.4, 397.3), (3156.0, 412.9), (3194.7, 349.1), (3234.3, 305.8), (3270.3, 285.0), (3304.8, 289.2), (3333.7, 267.1), (3358.5, 208.4), (3378.9, 170.5), (3400.3, 155.4), (3426.2, 167.5), (3451.5, 122.5), (3473.4, 68.9), (3494.7, 36.6), (3521.5, 27.3), (3550.0, 48.1), (3578.2, 104.5), (3609.9, 177.8), (3643.3, 251.2), (3677.0, 284.9), (3709.6, 221.1), (3740.6, 177.8), (3767.2, 157.0), (3789.4, 161.2), (3807.1, 139.1), (3829.5, 80.4), (3856.4, 42.5), (3884.4, 27.4), (3914.1, 39.5), (3947.5, 87.0), (3978.2, 159.5), (4002.9, 122.5), (4031.0, 68.9), (4061.6, 36.5), (4089.1, 27.2), (4117.8, 48.0), (4144.4, 104.4), (4170.7, 177.8), (4202.6, 251.1), (4233.0, 324.4), (4240.0, 339.9), (4240.1, 279.0), (4245.6, 238.6), (4259.1, 221.0), (4280.6, 229.3), (4309.0, 272.7), (4333.6, 267.0), (4359.7, 208.3), (4390.8, 170.4), (4418.7, 155.4), (4447.0, 167.5), (4477.8, 215.0), (4512.2, 287.4), (4544.8, 360.8), (4574.7, 432.0), (4597.9, 363.1), (4616.8, 314.6), (4639.7, 288.0), (4663.5, 285.1), (4682.9, 314.8), (4697.5, 289.7), (4717.4, 233.6), (4745.2, 198.4), (4777.1, 186.2), (4811.3, 202.6), (4850.1, 254.5), (4889.5, 284.9), (4928.7, 221.1), (4964.0, 177.8), (4994.8, 157.0), (5022.6, 161.2), (5052.7, 199.8), (5089.6, 269.1), (5129.6, 342.4), (5167.6, 322.6), (5205.6, 266.4), (5239.4, 231.3), (5277.0, 219.1), (5317.0, 235.5), (5357.0, 287.4), (5393.3, 250.5), (5424.6, 196.9), (5452.4, 164.5), (5480.2, 155.2), (5508.6, 176.0), (5538.1, 232.4), (5572.4, 305.8), (5603.5, 379.1), (5615.9, 412.9), (5615.9, 349.1), (5620.4, 305.8), (5632.9, 285.0), (5650.5, 289.2), (5664.2, 327.8), (5672.6, 339.8), (5675.5, 278.6), (5676.2, 237.9), (5681.6, 220.0), (5686.2, 228.1), (5687.7, 271.1), (5688.4, 342.3), (5688.4, 322.8), (5689.7, 266.9), (5693.9, 232.1), (5694.5, 220.2), (5694.5, 236.9), (5694.5, 289.1), (5694.5, 362.3), (5694.5, 306.9), (5696.2, 256.1), (5698.1, 226.9), (5698.1, 221.0), (5698.1, 246.6), (5698.1, 307.3), (5698.1, 358.3), (5698.1, 292.3), (5699.7, 246.7), (5700.2, 223.2), (5700.2, 224.1), (5700.2, 258.5), (5700.2, 325.6), (5700.2, 339.9), (5700.3, 279.0), (5702.1, 238.6), (5702.2, 221.0), (5702.2, 229.3), (5702.2, 272.7), (5702.2, 343.9), (5702.2, 322.8), (5702.2, 266.9), (5702.9, 232.1), (5702.9, 220.2), (5702.9, 236.9), (5702.9, 289.1), (5702.9, 362.3), (5702.9, 306.9), (5703.0, 256.1), (5703.6, 226.9), (5703.6, 221.0), (5703.6, 246.6), (5703.6, 307.3), (5703.6, 358.3), (5703.6, 292.3), (5704.2, 246.7), (5704.3, 223.2), (5704.3, 224.1), (5704.3, 258.5), (5704.3, 325.6), (5704.3, 339.9), (5704.3, 279.0), (5705.0, 238.6), (5705.0, 221.0), (5705.0, 229.3), (5705.0, 272.7), (5705.0, 343.9), (5705.0, 322.8), (5705.0, 266.9), (5705.7, 232.1), (5705.7, 220.2), (5705.7, 236.9), (5705.7, 289.1), (5705.7, 362.3), (5705.7, 306.9), (5705.9, 256.1), (5706.4, 226.9), (5706.4, 221.0), (5706.4, 246.6), (5706.4, 307.3), (5706.4, 358.3), (5706.4, 292.3), (5707.0, 246.7), (5707.2, 223.2), (5707.2, 224.1), (5707.2, 258.5), (5707.2, 325.6), (5707.2, 339.9), (5707.2, 279.0), (5707.9, 238.6), (5707.9, 221.0), (5707.9, 229.3), (5707.9, 272.7), (5707.9, 343.9), (5707.9, 322.8), (5707.9, 266.9), (5708.6, 232.1), (5708.6, 220.2), (5708.6, 236.9), (5708.6, 289.1), (5708.6, 362.3), (5708.6, 306.9), (5708.7, 256.1), (5709.3, 226.9), (5709.3, 221.0), (5709.3, 246.6), (5709.3, 307.3), (5709.3, 358.3), (5709.3, 292.3), (5709.8, 246.7), (5710.0, 223.2), (5710.0, 224.1), (5710.0, 258.5), (5710.0, 325.6), (5710.0, 339.9), (5710.0, 279.0), (5710.7, 238.6), (5710.7, 221.0), (5710.7, 229.3), (5710.7, 272.7), (5710.7, 343.9), (5710.7, 322.8), (5710.7, 266.9), (5711.4, 232.1), (5711.4, 220.2), (5711.4, 236.9), (5711.4, 289.1), (5711.4, 362.3), (5711.4, 306.9), (5711.5, 256.1), (5714.3, 226.9), (5716.2, 221.0), (5716.2, 246.6), (5716.3, 307.3), (5716.3, 358.3), (5716.3, 292.3), (5716.7, 246.7), (5721.3, 223.2), (5722.6, 224.1), (5722.6, 258.5), (5722.6, 325.6), (5722.6, 339.9), (5722.6, 279.0), (5723.2, 238.6), (5723.5, 221.0), (5723.5, 229.3), (5723.5, 272.7), (5723.5, 343.9), (5723.5, 322.8), (5723.5, 266.9), (5724.2, 232.1), (5724.4, 220.2), (5724.4, 236.9), (5724.4, 289.1), (5724.4, 362.3), (5724.4, 306.9), (5724.4, 256.1), (5725.1, 226.9), (5725.3, 221.0), (5725.3, 246.6), (5725.3, 307.3), (5725.3, 358.3), (5725.3, 292.3), (5725.4, 246.7), (5726.2, 223.2), (5726.2, 224.1), (5726.2, 258.5), (5726.2, 325.6), (5726.2, 339.9), (5726.2, 279.0), (5726.8, 238.6), (5727.1, 221.0), (5727.1, 229.3), (5727.1, 272.7), (5727.1, 343.9), (5727.1, 322.8)]",0,0,51.17
experienced,mario,Mario1-1,Stuck,1,0,124.79,0.221,"[(112.0, 432.0), (113.2, 371.3), (121.8, 320.5), (138.2, 291.3), (162.8, 285.4), (195.2, 310.9), (234.1, 371.6), (269.6, 422.3), (299.3, 356.0), (333.4, 310.0), (366.0, 286.3), (394.2, 286.9), (422.4, 321.0), (451.4, 387.9), (478.3, 390.8), (511.2, 370.3), (550.2, 374.8), (586.0, 413.7), (620.3, 378.7), (660.0, 369.3), (698.6, 396.6), (732.2, 412.9), (765.0, 369.1), (803.7, 394.4), (838.4, 412.9), (866.9, 349.1), (893.8, 305.8), (926.3, 285.0), (955.4, 289.2), (984.4, 327.8), (1019.1, 397.1), (1049.5, 395.0), (1081.3, 336.3), (1112.4, 298.4), (1141.5, 283.4), (1175.4, 295.5), (1214.5, 343.0), (1252.5, 322.6), (1290.5, 266.4), (1324.2, 231.3), (1353.3, 219.1), (1383.5, 235.5), (1420.1, 287.4), (1456.0, 360.6), (1456.1, 432.0), (1454.9, 363.1), (1454.9, 314.6), (1457.6, 288.0), (1468.1, 285.1), (1486.6, 314.8), (1510.6, 289.7), (1539.3, 233.6), (1566.6, 198.4), (1593.8, 186.2), (1622.5, 202.6), (1653.8, 254.5), (1681.7, 327.7), (1705.1, 401.0), (1724.0, 391.0), (1738.5, 373.3), (1748.6, 381.7), (1754.2, 425.0), (1754.6, 371.8), (1754.6, 321.0), (1754.6, 291.7), (1754.6, 285.8), (1754.6, 311.3), (1754.6, 372.0), (1754.6, 422.3), (1754.6, 356.3), (1754.6, 310.7), (1754.6, 287.2), (1754.6, 288.1), (1754.6, 322.5), (1754.6, 389.6), (1754.6, 403.9), (1754.6, 343.0), (1754.6, 302.6), (1754.6, 285.0), (1754.6, 293.3), (1754.6, 336.7), (1754.6, 407.9), (1754.6, 386.8), (1754.6, 330.9), (1754.6, 296.1), (1754.6, 284.2), (1754.6, 300.9), (1754.6, 353.1), (1754.6, 426.3), (1754.6, 370.9), (1754.6, 320.1), (1754.6, 290.9), (1754.6, 285.0), (1754.6, 310.6), (1754.6, 371.3), (1754.6, 422.3), (1754.6, 356.3), (1754.6, 310.7), (1754.6, 287.2)]",0,0,13.15
experienced,mario,Mario1-1,Stuck,1,0,142.59,0.719,"[(112.0, 432.0), (113.2, 371.3), (121.8, 320.5), (138.2, 291.3), (162.8, 285.4), (195.2, 310.9), (234.4, 371.6), (271.1, 422.3), (303.2, 356.0), (341.6, 310.0), (381.4, 286.3), (418.9, 286.9), (452.6, 321.0), (486.7, 387.9), (521.4, 403.8), (550.1, 370.5), (576.9, 399.9), (601.8, 395.4), (632.0, 374.8), (669.8, 379.3), (706.7, 418.2), (738.6, 378.5), (775.9, 377.6), (814.0, 420.0), (845.8, 378.5), (872.8, 324.9), (903.8, 292.5), (941.2, 283.2), (981.2, 304.0), (1021.2, 360.4), (1058.7, 432.0), (1090.6, 363.1), (1124.4, 314.6), (1153.2, 288.0), (1177.9, 285.1), (1209.8, 314.8), (1248.3, 358.3), (1287.4, 292.0), (1323.2, 246.0), (1353.0, 222.3), (1380.1, 222.9), (1414.9, 257.0), (1454.7, 323.9), (1490.5, 282.5), (1524.7, 228.9), (1551.0, 196.5), (1570.8, 187.2), (1596.1, 208.0), (1629.3, 264.4), (1668.8, 337.8), (1706.3, 411.1), (1739.4, 388.4), (1768.0, 373.6), (1792.2, 386.0), (1808.1, 432.0), (1806.9, 363.1), (1807.1, 314.6), (1812.6, 288.0), (1826.1, 285.1), (1847.6, 314.8), (1874.6, 289.7), (1899.2, 233.6), (1915.8, 198.4), (1927.0, 186.2), (1944.6, 202.6), (1970.2, 254.5), (2003.8, 327.7), (2043.2, 401.0), (2078.5, 395.0), (2107.9, 336.3), (2130.2, 298.4), (2144.5, 283.4), (2156.0, 295.5), (2175.3, 343.0), (2200.6, 415.4), (2223.0, 378.5), (2249.4, 324.9), (2255.9, 292.5), (2254.1, 283.2), (2259.4, 304.0), (2265.4, 235.2), (2265.3, 186.7), (2261.0, 160.1), (2264.0, 157.1), (2274.9, 186.8), (2293.3, 250.8), (2310.1, 284.9), (2321.5, 221.1), (2325.8, 177.8), (2328.3, 157.0), (2337.6, 161.2), (2354.9, 199.8), (2380.0, 269.1), (2403.5, 267.0), (2427.9, 208.3), (2450.5, 170.4), (2468.4, 155.4), (2481.9, 167.5), (2491.2, 122.5), (2506.7, 68.9), (2523.2, 36.5), (2533.2, 27.3), (2548.7, 48.1), (2572.2, 104.5), (2599.6, 176.0), (2623.3, 107.1), (2654.2, 58.6), (2682.4, 32.0), (2706.3, 29.1), (2737.5, 58.8), (2775.8, 122.8), (2811.6, 156.9), (2843.2, 93.1), (2880.4, 49.8), (2913.6, 29.0), (2945.7, 33.2), (2984.8, 71.8), (3024.8, 141.1), (3064.8, 214.4), (3104.8, 287.8), (3142.3, 250.5), (3177.2, 196.9), (3204.3, 164.5), (3224.2, 155.2), (3248.4, 176.0), (3280.4, 232.4), (3313.5, 304.0), (3339.4, 235.1), (3359.7, 186.6), (3375.6, 160.0), (3395.4, 157.1), (3421.6, 156.9), (3441.0, 93.2), (3452.4, 49.9), (3459.5, 29.0), (3473.9, 33.2), (3496.3, 71.8), (3526.7, 141.1), (3564.8, 214.5), (3602.8, 287.8), (3638.4, 361.1), (3676.1, 432.0), (3713.2, 368.0), (3752.5, 384.9), (3787.8, 432.0), (3816.4, 363.1), (3848.8, 314.6), (3879.2, 288.0), (3913.8, 285.1), (3953.7, 314.8), (3993.6, 378.8), (4032.2, 412.9), (4071.6, 369.1), (4110.5, 394.4), (4144.7, 412.9), (4172.6, 349.1), (4196.1, 305.8), (4215.2, 285.0), (4229.8, 289.2), (4240.0, 327.8), (4244.9, 282.5), (4254.0, 228.9), (4271.0, 196.5), (4293.1, 187.2), (4320.1, 208.0), (4355.2, 264.4), (4394.1, 275.8), (4432.5, 214.6), (4463.4, 173.9), (4486.4, 156.0), (4510.3, 164.1), (4542.3, 207.1), (4580.8, 278.3), (4616.7, 351.6), (4647.5, 380.9), (4672.1, 317.1), (4692.2, 273.8), (4710.9, 253.0), (4736.7, 257.2), (4762.2, 295.8), (4781.5, 250.5), (4793.8, 196.9), (4798.3, 164.5), (4803.9, 155.2), (4817.2, 176.0), (4838.4, 232.4), (4867.7, 304.0), (4900.3, 235.1), (4928.7, 186.6), (4949.1, 160.0), (4965.3, 157.1), (4988.7, 186.8), (5020.0, 250.8), (5058.7, 324.1), (5095.6, 397.4), (5103.0, 395.0), (5105.0, 336.3), (5112.4, 298.4), (5127.8, 283.4), (5151.2, 295.5), (5182.6, 343.0), (5217.0, 322.6), (5247.3, 266.4), (5274.3, 231.3), (5307.4, 219.1), (5346.8, 235.5), (5386.8, 287.4), (5422.4, 250.5), (5450.7, 196.9), (5471.0, 164.5), (5485.8, 155.2), (5507.1, 176.0), (5536.3, 232.4), (5573.4, 305.8), (5610.1, 379.1), (5615.9, 412.9), (5615.9, 349.1), (5619.4, 305.8), (5630.9, 285.0), (5649.2, 289.2), (5665.1, 327.8), (5675.6, 339.8), (5680.8, 278.6), (5688.6, 237.9), (5690.3, 220.0), (5690.6, 228.1), (5691.1, 271.1), (5694.5, 342.3), (5694.8, 322.8), (5696.7, 266.9), (5700.9, 232.1), (5700.8, 220.2), (5700.8, 236.9), (5701.0, 289.1), (5701.0, 362.3), (5701.0, 306.9), (5702.9, 256.1), (5705.4, 226.9), (5704.9, 221.0), (5704.4, 246.6), (5704.3, 307.3), (5704.3, 358.3), (5704.3, 292.3), (5705.4, 246.7), (5705.2, 223.2), (5704.7, 224.1), (5704.2, 258.5), (5704.4, 325.6), (5704.4, 339.9), (5704.5, 279.0), (5705.7, 238.6), (5705.2, 221.0), (5704.7, 229.3), (5704.5, 272.7), (5704.5, 343.9), (5704.5, 322.8), (5704.7, 266.9), (5705.7, 232.1), (5705.2, 220.2), (5704.7, 236.9), (5704.6, 289.1), (5704.6, 362.3), (5704.6, 306.9), (5705.1, 256.1), (5705.6, 226.9), (5705.1, 221.0), (5704.6, 246.6), (5704.7, 307.3), (5704.7, 358.3), (5704.7, 292.3), (5705.9, 246.7), (5705.6, 223.2), (5705.1, 224.1), (5704.6, 258.5), (5704.8, 325.6), (5704.8, 339.9), (5704.9, 279.0), (5706.1, 238.6), (5705.6, 221.0), (5705.1, 229.3), (5704.9, 272.7), (5704.9, 343.9), (5704.9, 322.8), (5705.1, 266.9), (5706.1, 232.1), (5705.6, 220.2), (5705.1, 236.9), (5705.0, 289.1), (5705.0, 362.3), (5705.0, 306.9), (5705.6, 256.1), (5706.1, 226.9), (5705.6, 221.0), (5705.1, 246.6), (5705.1, 307.3)]",0,0,39.22
experienced,mario,Mario1-1,Pit,1,0,224.81,0.345,"[(112.0, 432.0), (114.6, 371.3), (125.1, 320.5), (143.6, 291.3), (170.1, 285.4), (204.6, 310.9), (244.5, 371.6), (282.8, 422.3), (318.7, 356.0), (358.7, 310.0), (398.7, 286.3), (436.7, 286.9), (470.3, 321.0), (503.6, 387.9), (539.7, 403.8), (575.5, 342.6), (614.8, 301.9), (650.1, 284.0), (680.9, 292.1), (706.4, 258.6), (736.2, 246.7), (773.6, 284.7), (810.3, 258.6), (850.0, 202.4), (890.0, 167.3), (930.0, 155.1), (970.0, 171.5), (1010.0, 223.4), (1050.0, 296.6), (1090.0, 369.9), (1128.3, 422.3), (1161.2, 356.0), (1199.7, 310.0), (1239.7, 286.3), (1279.7, 286.9), (1319.7, 321.0), (1359.3, 387.9), (1396.5, 390.8), (1431.0, 370.3), (1456.0, 374.8), (1456.4, 413.7), (1455.2, 386.6), (1456.0, 330.4), (1463.5, 295.3), (1479.0, 283.1), (1502.5, 299.5), (1534.7, 316.0), (1574.6, 252.2), (1614.6, 208.9), (1654.6, 188.1), (1694.6, 192.3), (1734.6, 230.9), (1774.5, 300.2), (1808.0, 373.5), (1808.1, 422.3), (1807.7, 356.0), (1811.2, 310.0), (1822.7, 286.3), (1842.2, 286.9), (1869.7, 321.0), (1907.1, 281.6), (1947.1, 228.0), (1987.1, 195.6), (2027.1, 186.3), (2067.1, 207.2), (2107.1, 263.5), (2147.1, 336.9), (2187.0, 410.2), (2223.1, 386.6), (2256.0, 330.4), (2256.0, 295.3), (2260.5, 283.1), (2273.0, 299.5), (2289.1, 242.7), (2309.1, 191.6), (2337.0, 162.1), (2373.0, 155.9), (2413.0, 181.2), (2453.0, 241.6), (2493.0, 294.3), (2533.0, 240.3), (2573.0, 261.3), (2613.0, 317.0), (2652.9, 390.3), (2689.8, 463.7), (2722.9, 537.0), (2736.0, 610.3), (2736.0, 683.7)]",0,0,11.67
experienced,mario,Mario1-1,Success,1,0,237.71,0.785,"[(112.0, 432.0), (114.6, 371.3), (125.1, 320.5), (143.6, 291.3), (170.1, 285.4), (204.6, 310.9), (244.5, 371.6), (281.7, 422.3), (316.5, 356.0), (356.4, 310.0), (396.4, 286.3), (434.5, 286.9), (468.1, 321.0), (501.3, 387.9), (536.1, 403.8), (571.9, 370.5), (610.8, 399.9), (645.2, 403.8), (683.0, 370.5), (722.9, 399.9), (759.0, 403.8), (796.1, 370.5), (834.1, 399.9), (866.9, 403.8), (880.1, 342.6), (885.6, 301.9), (899.1, 284.0), (920.6, 292.1), (950.1, 335.1), (984.7, 331.0), (1023.7, 272.3), (1063.7, 234.4), (1103.7, 219.4), (1143.7, 231.5), (1183.7, 279.0), (1223.7, 351.4), (1262.7, 314.5), (1302.7, 260.9), (1342.5, 228.5), (1382.5, 219.2), (1422.5, 240.0), (1462.5, 296.4), (1501.1, 307.8), (1541.0, 246.6), (1581.0, 205.9), (1621.0, 188.0), (1661.0, 196.1), (1701.0, 239.1), (1739.6, 310.3), (1773.7, 383.6), (1805.4, 399.9), (1808.6, 376.4), (1808.7, 377.3), (1808.0, 411.7), (1808.9, 386.6), (1808.8, 330.6), (1816.2, 295.5), (1831.8, 283.4), (1855.2, 299.9), (1887.5, 316.4), (1927.4, 252.6), (1967.4, 209.3), (2007.4, 188.5), (2047.4, 192.7), (2087.4, 231.3), (2127.2, 300.6), (2166.7, 374.0), (2202.3, 422.3), (2236.8, 356.0), (2256.0, 310.0), (2257.2, 286.3), (2265.8, 286.9), (2280.8, 275.8), (2297.1, 214.6), (2319.5, 174.0), (2349.9, 156.0), (2387.9, 164.1), (2427.9, 207.2), (2467.4, 278.3), (2506.7, 258.6), (2546.7, 246.7), (2586.7, 284.7), (2626.7, 353.7), (2665.2, 427.0), (2697.3, 370.6), (2731.7, 319.6), (2771.6, 290.1), (2811.6, 283.9), (2851.5, 309.1), (2891.0, 369.6), (2930.3, 422.3), (2969.5, 356.0), (3009.5, 310.0), (3048.5, 286.3), (3083.2, 286.9), (3113.2, 275.8), (3146.4, 214.6), (3185.5, 174.0), (3225.5, 156.0), (3265.5, 164.1), (3305.0, 207.2), (3343.2, 278.3), (3376.0, 351.6), (3380.5, 425.0), (3386.9, 370.6), (3400.4, 381.0), (3417.8, 427.8), (3430.9, 370.6), (3450.5, 381.0), (3475.2, 427.8), (3496.9, 370.6), (3524.5, 381.0), (3549.7, 427.8), (3571.3, 370.6), (3600.0, 319.6), (3633.8, 290.1), (3663.8, 283.9), (3689.0, 294.3), (3714.7, 228.0), (3741.6, 182.1), (3763.2, 158.4), (3780.4, 158.9), (3792.8, 147.9), (3808.9, 86.7), (3832.9, 46.0), (3865.0, 28.1), (3904.0, 36.2), (3944.0, 79.2), (3982.5, 150.3), (4015.4, 130.6), (4051.4, 74.4), (4091.2, 39.3), (4131.2, 27.1), (4171.2, 43.5), (4211.2, 95.4), (4251.2, 168.6), (4291.2, 241.9), (4329.5, 294.3), (4365.4, 228.0), (4405.4, 182.0), (4445.4, 158.3), (4485.4, 158.9), (4525.4, 193.0), (4565.4, 259.9), (4602.9, 333.3), (4636.0, 400.0), (4662.2, 331.1), (4688.2, 282.6), (4721.9, 256.0), (4761.5, 253.1), (4798.4, 282.8), (4830.9, 267.0), (4868.2, 208.3), (4908.2, 170.4), (4948.2, 155.4), (4988.2, 167.5), (5028.2, 215.0), (5068.2, 287.4), (5107.8, 360.8), (5144.7, 306.6), (5184.0, 255.6), (5219.3, 226.1), (5254.2, 219.9), (5294.1, 245.1), (5333.4, 304.0), (5369.3, 235.1), (5409.2, 186.6), (5449.2, 160.0), (5489.2, 157.1), (5529.2, 186.8), (5569.2, 250.8), (5608.8, 324.1), (5644.0, 339.8), (5677.9, 278.6), (5711.7, 237.9), (5741.2, 220.0), (5766.2, 228.1), (5786.8, 271.1), (5801.8, 267.0), (5811.2, 208.3), (5820.6, 170.4), (5837.5, 155.4), (5859.4, 167.5), (5877.1, 197.4), (5893.9, 131.1), (5918.6, 85.2), (5951.3, 61.4), (5990.6, 62.0), (6030.6, 96.1), (6070.6, 163.0), (6110.6, 236.4), (6150.6, 309.7), (6190.6, 383.0), (6226.9, 412.9)]",0,0,25.73
experienced,mario,Mario1-1,Success,1,0,199.68,0.785,"[(112.0, 432.0), (113.2, 371.3), (121.8, 320.5), (138.2, 291.3), (162.8, 285.4), (195.2, 310.9), (234.5, 371.6), (271.7, 422.3), (306.5, 356.0), (346.4, 310.0), (386.4, 286.3), (424.9, 286.9), (459.1, 321.0), (494.9, 387.9), (531.7, 403.8), (564.6, 370.5), (597.3, 399.9), (628.5, 395.4), (666.7, 374.8), (706.7, 379.3), (745.7, 418.2), (779.8, 378.5), (817.5, 377.6), (851.9, 420.0), (880.1, 378.5), (881.2, 324.9), (889.8, 292.5), (906.2, 283.2), (930.8, 304.0), (963.2, 360.4), (998.8, 306.6), (1038.7, 255.6), (1078.7, 226.1), (1118.7, 219.9), (1158.7, 245.1), (1198.7, 305.6), (1238.2, 358.3), (1277.7, 292.0), (1316.2, 246.0), (1355.0, 222.3), (1395.0, 222.9), (1435.0, 257.0), (1475.0, 323.9), (1513.6, 282.5), (1553.6, 228.9), (1593.6, 196.5), (1633.6, 187.2), (1673.6, 208.0), (1713.6, 264.4), (1751.1, 337.8), (1784.1, 411.1), (1808.1, 388.4), (1808.2, 373.6), (1808.3, 386.0), (1808.1, 432.0), (1806.9, 363.1), (1807.3, 314.6), (1813.8, 288.0), (1828.3, 285.1), (1850.8, 314.8), (1878.9, 289.7), (1913.5, 233.6), (1953.4, 198.4), (1993.4, 186.2), (2033.4, 202.6), (2073.4, 254.5), (2113.4, 327.7), (2152.3, 401.0), (2186.1, 395.0), (2222.0, 336.3), (2256.4, 298.4), (2291.6, 283.4), (2326.4, 295.5), (2358.0, 343.0), (2395.0, 415.4), (2431.7, 378.5), (2471.7, 377.6), (2509.7, 420.0), (2543.5, 378.5), (2582.6, 324.9), (2622.6, 292.5), (2662.6, 283.2), (2702.6, 304.0), (2742.6, 360.4), (2781.5, 432.0), (2816.8, 363.1), (2856.7, 314.6), (2896.5, 288.0), (2936.5, 285.1), (2976.5, 314.8), (3016.3, 378.8), (3054.2, 412.9), (3088.0, 349.1), (3088.7, 305.8), (3089.1, 285.0), (3093.7, 289.2), (3096.1, 267.2), (3103.6, 208.8), (3119.1, 171.2), (3142.6, 156.4), (3174.1, 168.9), (3212.8, 216.7), (3250.7, 289.2), (3280.1, 362.5), (3285.4, 432.0), (3292.1, 368.0), (3306.6, 384.9), (3327.2, 432.0), (3345.0, 363.1), (3368.2, 314.6), (3389.2, 288.0), (3407.9, 285.1), (3421.6, 284.9), (3433.2, 241.1), (3452.6, 266.4), (3472.0, 326.2), (3474.6, 399.5), (3480.5, 395.0), (3490.4, 372.3), (3507.2, 406.1), (3520.3, 395.0), (3534.0, 372.3), (3550.9, 406.1), (3562.5, 395.0), (3576.9, 336.3), (3599.3, 298.4), (3622.7, 283.4), (3641.6, 295.5), (3656.1, 343.0), (3673.2, 415.4), (3694.0, 378.5), (3721.6, 377.6), (3753.1, 420.0), (3779.2, 378.5), (3809.8, 324.9), (3848.0, 292.5), (3888.0, 283.2), (3928.0, 304.0), (3968.0, 360.4), (4007.8, 432.0), (4046.6, 368.0), (4086.5, 384.9), (4123.4, 432.0), (4153.6, 363.1), (4179.3, 314.6), (4200.6, 288.0), (4217.4, 285.1), (4229.8, 314.8), (4237.3, 358.3), (4237.7, 292.0), (4241.2, 246.0), (4252.7, 222.3), (4272.2, 222.9), (4299.7, 257.0), (4327.6, 284.9), (4353.4, 221.1), (4387.0, 177.8), (4426.6, 157.0), (4466.6, 161.2), (4506.6, 199.8), (4546.6, 269.1), (4584.1, 342.4), (4617.2, 415.8), (4624.0, 378.5), (4624.8, 324.9), (4630.7, 292.5), (4644.6, 283.2), (4661.1, 304.0), (4673.2, 360.4), (4679.0, 306.6), (4688.3, 255.6), (4705.7, 226.1), (4731.1, 219.9), (4764.5, 245.1), (4800.5, 304.0), (4831.6, 235.1), (4869.3, 186.6), (4909.3, 160.0), (4949.3, 157.1), (4989.3, 186.8), (5029.3, 250.8), (5069.3, 324.1), (5104.0, 397.4), (5103.9, 395.0), (5106.5, 336.3), (5117.0, 298.4), (5135.5, 283.4), (5162.0, 295.5), (5196.5, 343.0), (5235.3, 415.4), (5272.2, 378.5), (5312.2, 377.6), (5352.2, 420.0), (5389.3, 378.5), (5427.8, 377.6), (5462.0, 420.0), (5490.0, 378.5), (5519.9, 324.9), (5553.0, 292.5), (5590.0, 283.2), (5629.3, 304.0), (5664.6, 360.4), (5693.3, 306.6), (5717.4, 255.6), (5737.0, 226.1), (5752.2, 219.9), (5762.9, 245.1), (5769.2, 305.6), (5770.2, 299.0), (5770.2, 240.3), (5772.0, 202.4), (5778.8, 187.4), (5793.1, 199.5), (5805.8, 247.0), (5812.6, 226.6), (5815.3, 170.4), (5824.0, 135.3), (5839.4, 123.1), (5860.4, 139.5), (5879.9, 191.4), (5893.4, 154.5), (5910.2, 100.9), (5935.1, 68.5), (5967.9, 59.2), (6007.3, 80.0), (6047.3, 136.4), (6087.3, 209.8), (6127.3, 283.1), (6167.3, 356.4), (6205.8, 429.8)]",0,0,30.62
experienced,mario,Mario1-1,Pit,1,0,247.33,0.611,"[(112.0, 432.0), (114.6, 371.3), (125.1, 320.5), (143.6, 291.3), (170.1, 285.4), (204.6, 310.9), (244.5, 371.6), (282.8, 422.3), (318.7, 356.0), (358.7, 310.0), (398.7, 286.3), (436.7, 286.9), (470.3, 321.0), (503.6, 387.9), (539.7, 403.8), (577.0, 342.6), (616.3, 301.9), (651.5, 284.0), (682.4, 292.1), (708.5, 258.6), (739.7, 246.7), (778.4, 284.7), (815.6, 258.6), (854.7, 202.4), (894.6, 167.3), (934.6, 155.1), (974.6, 171.5), (1014.6, 223.4), (1054.6, 296.6), (1094.6, 369.9), (1132.8, 422.3), (1165.8, 356.0), (1204.3, 310.0), (1244.3, 286.3), (1284.3, 286.9), (1324.3, 321.0), (1363.9, 387.9), (1398.9, 403.8), (1429.7, 342.6), (1459.3, 301.9), (1495.8, 284.0), (1535.8, 292.1), (1575.8, 335.1), (1615.8, 406.3), (1652.5, 386.6), (1691.8, 330.4), (1730.4, 295.3), (1764.5, 283.1), (1801.2, 299.5), (1839.4, 316.0), (1878.6, 252.2), (1918.6, 208.9), (1958.6, 188.1), (1998.6, 192.3), (2038.6, 230.9), (2078.6, 300.2), (2118.6, 373.5), (2156.6, 417.6), (2192.4, 388.4), (2232.2, 382.5), (2272.2, 408.0), (2308.6, 395.0), (2346.1, 336.3), (2385.1, 298.4), (2419.8, 283.4), (2454.2, 295.5), (2493.1, 250.5), (2533.1, 249.6), (2573.1, 292.0), (2613.1, 362.8), (2652.0, 432.0), (2684.6, 363.1), (2721.1, 314.6), (2761.1, 288.0), (2801.1, 285.1), (2841.1, 314.8), (2881.1, 378.8), (2919.5, 412.9), (2957.1, 369.1), (2997.1, 394.4), (3035.1, 412.9), (3072.3, 349.1), (3088.0, 305.8), (3089.9, 285.0), (3099.4, 289.2), (3109.9, 267.1), (3125.3, 208.4), (3148.7, 170.5), (3180.0, 155.4), (3218.7, 167.5), (3258.7, 215.0), (3297.3, 287.5), (3331.2, 250.5), (3367.6, 196.9), (3376.1, 164.5), (3381.6, 155.2), (3395.1, 176.0), (3412.7, 107.2), (3438.3, 58.7), (3472.0, 32.1), (3511.6, 29.1), (3551.6, 58.8), (3591.6, 122.8), (3631.6, 196.1), (3671.6, 269.5), (3710.2, 267.0), (3749.8, 208.3), (3760.1, 170.4), (3765.6, 155.4), (3778.5, 167.5), (3791.1, 122.5), (3810.5, 68.9), (3837.9, 36.5), (3873.3, 27.3), (3913.3, 48.1), (3953.3, 104.5), (3991.3, 176.0), (4024.5, 107.1), (4063.6, 58.6), (4103.6, 32.0), (4143.6, 29.1), (4183.6, 58.8), (4223.6, 122.8), (4263.6, 196.1), (4303.5, 269.4), (4339.5, 267.0), (4377.7, 208.3), (4417.7, 170.4), (4457.7, 155.4), (4497.7, 167.5), (4537.7, 215.0), (4577.7, 287.4), (4615.6, 360.8), (4648.8, 371.8), (4676.2, 310.6), (4706.6, 269.9), (4744.3, 252.0), (4782.8, 260.1), (4817.0, 303.1), (4846.9, 374.3), (4848.8, 447.6), (4848.8, 520.9), (4848.8, 594.3), (4848.8, 667.6)]",0,0,19.17
experienced,mario,Mario1-1,Success,1,0,208.05,0.785,"[(112.0, 432.0), (113.2, 371.3), (121.8, 320.5), (138.2, 291.3), (162.8, 285.4), (195.2, 310.9), (234.4, 371.6), (271.1, 422.3), (305.3, 356.0), (345.1, 310.0), (385.0, 286.3), (423.5, 286.9), (457.7, 321.0), (492.3, 387.9), (527.5, 403.8), (556.9, 370.5), (583.4, 399.9), (606.7, 395.4), (635.9, 374.8), (673.0, 379.3), (709.7, 418.2), (741.4, 378.5), (778.5, 377.6), (816.6, 420.0), (848.4, 378.5), (877.2, 324.9), (912.8, 292.5), (952.8, 283.2), (992.8, 304.0), (1032.8, 360.4), (1070.2, 432.0), (1102.9, 363.1), (1139.5, 314.6), (1176.3, 288.0), (1216.3, 285.1), (1256.3, 314.8), (1295.8, 358.3), (1334.8, 292.0), (1370.9, 246.0), (1409.8, 222.3), (1449.8, 222.9), (1489.8, 257.0), (1529.8, 323.9), (1569.1, 282.5), (1609.1, 228.9), (1649.1, 196.5), (1689.1, 187.2), (1729.1, 208.0), (1769.1, 264.4), (1808.4, 337.8), (1808.8, 411.1), (1807.7, 386.6), (1807.7, 330.4), (1810.3, 295.3), (1820.8, 283.1), (1839.3, 299.5), (1864.9, 316.0), (1895.5, 252.2), (1933.7, 208.9), (1973.7, 188.1), (2013.7, 192.3), (2053.7, 230.9), (2093.7, 300.2), (2133.5, 373.5), (2170.2, 422.3), (2203.3, 356.0), (2238.3, 310.0), (2270.1, 286.3), (2305.0, 286.9), (2336.7, 321.0), (2373.0, 387.9), (2410.4, 403.8), (2449.9, 370.5), (2489.7, 399.9), (2525.2, 403.8), (2561.8, 342.6), (2601.8, 301.9), (2641.8, 284.0), (2681.8, 292.1), (2721.8, 335.1), (2761.4, 406.3), (2796.3, 386.6), (2834.9, 330.4), (2874.4, 295.3), (2914.4, 283.1), (2954.4, 299.5), (2991.2, 242.7), (3026.9, 191.6), (3066.7, 162.1), (3105.8, 155.9), (3145.8, 181.2), (3185.8, 241.6), (3223.5, 315.0), (3262.4, 388.3), (3300.5, 391.2), (3340.0, 370.7), (3378.1, 375.2), (3415.8, 414.1), (3448.6, 386.6), (3472.0, 330.4), (3472.0, 295.3), (3476.5, 283.1), (3489.0, 299.5), (3506.1, 242.7), (3526.6, 191.6), (3552.0, 162.1), (3584.9, 155.9), (3624.2, 181.2), (3664.2, 241.6), (3703.7, 294.3), (3743.2, 228.0), (3760.0, 182.0), (3760.0, 158.3), (3760.0, 158.9), (3760.0, 193.0), (3760.4, 259.9), (3766.9, 333.3), (3780.8, 406.6), (3792.3, 386.6), (3808.0, 330.4), (3831.8, 295.3), (3863.5, 283.1), (3902.3, 299.5), (3942.3, 351.4), (3981.8, 424.6), (4019.6, 370.6), (4059.6, 381.0), (4098.6, 427.8), (4131.3, 370.6), (4159.2, 319.6), (4182.7, 290.1), (4201.8, 283.9), (4216.4, 309.1), (4226.5, 368.0), (4229.9, 299.1), (4231.3, 250.6), (4239.8, 224.0), (4256.3, 221.1), (4280.2, 250.8), (4302.3, 294.3), (4319.9, 228.0), (4344.3, 182.0), (4376.7, 158.3), (4415.9, 158.9), (4455.9, 193.0), (4495.9, 259.9), (4535.0, 333.3), (4571.3, 406.6), (4601.7, 386.6), (4626.7, 330.4), (4647.3, 295.3), (4663.5, 283.1), (4675.2, 299.5), (4682.5, 351.4), (4683.7, 314.6), (4688.2, 261.3), (4700.7, 229.2), (4721.2, 220.2), (4749.7, 241.3), (4779.2, 297.9), (4802.8, 242.6), (4831.2, 191.6), (4867.6, 162.1), (4907.6, 155.9), (4947.6, 181.1), (4987.6, 241.6), (5027.4, 314.9), (5063.8, 388.3), (5094.8, 403.8), (5105.1, 342.6), (5112.0, 301.9), (5126.9, 284.0), (5149.9, 292.1), (5180.8, 335.1), (5215.1, 331.0), (5247.9, 272.3), (5276.9, 234.4), (5311.1, 219.4), (5350.9, 231.5), (5390.9, 279.0), (5428.8, 258.6), (5463.3, 202.4), (5498.5, 167.3), (5538.0, 155.1), (5578.0, 171.5), (5618.0, 223.4), (5654.9, 296.6), (5687.4, 368.0), (5713.1, 299.1), (5734.4, 250.6), (5751.3, 224.0), (5763.6, 221.1), (5771.6, 250.8), (5775.1, 314.8), (5774.0, 290.6), (5774.0, 234.4), (5774.0, 199.3), (5778.5, 187.1), (5789.8, 203.5), (5798.7, 255.4), (5802.3, 284.9), (5802.3, 221.3), (5803.0, 178.2), (5810.5, 157.5), (5824.1, 161.9), (5834.4, 200.6), (5840.2, 270.0), (5840.5, 210.8), (5842.3, 159.8), (5851.8, 130.4), (5869.3, 124.4), (5893.7, 149.8), (5914.8, 147.8), (5938.4, 86.6), (5970.1, 45.9), (6008.9, 28.0), (6048.9, 36.1), (6088.9, 79.1), (6128.9, 150.3), (6168.9, 223.6), (6208.9, 296.9)]",0,0,29.4
experienced,mario,Mario1-1,Success,1,0,237.71,0.785,"[(112.0, 432.0), (114.6, 371.3), (125.1, 320.5), (143.6, 291.3), (170.1, 285.4), (204.6, 310.9), (244.5, 371.6), (281.7, 422.3), (316.5, 356.0), (356.4, 310.0), (396.4, 286.3), (434.5, 286.9), (468.1, 321.0), (501.3, 387.9), (536.1, 403.8), (571.9, 370.5), (610.8, 399.9), (645.2, 403.8), (683.0, 370.5), (722.9, 399.9), (759.0, 403.8), (796.1, 370.5), (834.1, 399.9), (866.9, 403.8), (880.1, 342.6), (885.6, 301.9), (899.1, 284.0), (920.6, 292.1), (950.1, 335.1), (984.7, 331.0), (1023.7, 272.3), (1063.7, 234.4), (1103.7, 219.4), (1143.7, 231.5), (1183.7, 279.0), (1223.7, 351.4), (1262.7, 314.5), (1302.7, 260.9), (1342.5, 228.5), (1382.5, 219.2), (1422.5, 240.0), (1462.5, 296.4), (1501.1, 307.8), (1541.0, 246.6), (1581.0, 205.9), (1621.0, 188.0), (1661.0, 196.1), (1701.0, 239.1), (1739.6, 310.3), (1773.7, 383.6), (1805.4, 399.9), (1808.6, 376.4), (1808.7, 377.3), (1808.0, 411.7), (1808.9, 386.6), (1808.8, 330.6), (1816.2, 295.5), (1831.8, 283.4), (1855.2, 299.9), (1887.5, 316.4), (1927.4, 252.6), (1967.4, 209.3), (2007.4, 188.5), (2047.4, 192.7), (2087.4, 231.3), (2127.2, 300.6), (2166.7, 374.0), (2202.3, 422.3), (2236.8, 356.0), (2256.0, 310.0), (2257.2, 286.3), (2265.8, 286.9), (2280.8, 275.8), (2297.1, 214.6), (2319.5, 174.0), (2349.9, 156.0), (2387.9, 164.1), (2427.9, 207.2), (2467.4, 278.3), (2506.7, 258.6), (2546.7, 246.7), (2586.7, 284.7), (2626.7, 353.7), (2665.2, 427.0), (2697.3, 370.6), (2731.7, 319.6), (2771.6, 290.1), (2811.6, 283.9), (2851.5, 309.1), (2891.0, 369.6), (2930.3, 422.3), (2969.5, 356.0), (3009.5, 310.0), (3048.5, 286.3), (3083.2, 286.9), (3113.2, 275.8), (3146.4, 214.6), (3185.5, 174.0), (3225.5, 156.0), (3265.5, 164.1), (3305.0, 207.2), (3343.2, 278.3), (3376.0, 351.6), (3380.5, 425.0), (3386.9, 370.6), (3400.4, 381.0), (3417.8, 427.8), (3430.9, 370.6), (3450.5, 381.0), (3475.2, 427.8), (3496.9, 370.6), (3524.5, 381.0), (3549.7, 427.8), (3571.3, 370.6), (3600.0, 319.6), (3633.8, 290.1), (3663.8, 283.9), (3689.0, 294.3), (3714.7, 228.0), (3741.6, 182.1), (3763.2, 158.4), (3780.4, 158.9), (3792.8, 147.9), (3808.9, 86.7), (3832.9, 46.0), (3865.0, 28.1), (3904.0, 36.2), (3944.0, 79.2), (3982.5, 150.3), (4015.4, 130.6), (4051.4, 74.4), (4091.2, 39.3), (4131.2, 27.1), (4171.2, 43.5), (4211.2, 95.4), (4251.2, 168.6), (4291.2, 241.9), (4329.5, 294.3), (4365.4, 228.0), (4405.4, 182.0), (4445.4, 158.3), (4485.4, 158.9), (4525.4, 193.0), (4565.4, 259.9), (4602.9, 333.3), (4636.0, 400.0), (4662.2, 331.1), (4688.2, 282.6), (4721.9, 256.0), (4761.5, 253.1), (4798.4, 282.8), (4830.9, 267.0), (4868.2, 208.3), (4908.2, 170.4), (4948.2, 155.4), (4988.2, 167.5), (5028.2, 215.0), (5068.2, 287.4), (5107.8, 360.8), (5144.7, 306.6), (5184.0, 255.6), (5219.3, 226.1), (5254.2, 219.9), (5294.1, 245.1), (5333.4, 304.0), (5369.3, 235.1), (5409.2, 186.6), (5449.2, 160.0), (5489.2, 157.1), (5529.2, 186.8), (5569.2, 250.8), (5608.8, 324.1), (5644.0, 339.8), (5677.9, 278.6), (5711.7, 237.9), (5741.2, 220.0), (5766.2, 228.1), (5786.8, 271.1), (5801.8, 267.0), (5811.2, 208.3), (5820.6, 170.4), (5837.5, 155.4), (5859.4, 167.5), (5877.1, 197.4), (5893.9, 131.1), (5918.6, 85.2), (5951.3, 61.4), (5990.6, 62.0), (6030.6, 96.1), (6070.6, 163.0), (6110.6, 236.4), (6150.6, 309.7), (6190.6, 383.0), (6226.9, 412.9)]",0,0,25.73
experienced,mario,Mario1-1,Success,1,0,199.68,0.785,"[(112.0, 432.0), (113.2, 371.3), (121.8, 320.5), (138.2, 291.3), (162.8, 285.4), (195.2, 310.9), (234.5, 371.6), (271.7, 422.3), (306.5, 356.0), (346.4, 310.0), (386.4, 286.3), (424.9, 286.9), (459.1, 321.0), (494.9, 387.9), (531.7, 403.8), (564.6, 370.5), (597.3, 399.9), (628.5, 395.4), (666.7, 374.8), (706.7, 379.3), (745.7, 418.2), (779.8, 378.5), (817.5, 377.6), (851.9, 420.0), (880.1, 378.5), (881.2, 324.9), (889.8, 292.5), (906.2, 283.2), (930.8, 304.0), (963.2, 360.4), (998.8, 306.6), (1038.7, 255.6), (1078.7, 226.1), (1118.7, 219.9), (1158.7, 245.1), (1198.7, 305.6), (1238.2, 358.3), (1277.7, 292.0), (1316.2, 246.0), (1355.0, 222.3), (1395.0, 222.9), (1435.0, 257.0), (1475.0, 323.9), (1513.6, 282.5), (1553.6, 228.9), (1593.6, 196.5), (1633.6, 187.2), (1673.6, 208.0), (1713.6, 264.4), (1751.1, 337.8), (1784.1, 411.1), (1808.1, 388.4), (1808.2, 373.6), (1808.3, 386.0), (1808.1, 432.0), (1806.9, 363.1), (1807.3, 314.6), (1813.8, 288.0), (1828.3, 285.1), (1850.8, 314.8), (1878.9, 289.7), (1913.5, 233.6), (1953.4, 198.4), (1993.4, 186.2), (2033.4, 202.6), (2073.4, 254.5), (2113.4, 327.7), (2152.3, 401.0), (2186.1, 395.0), (2222.0, 336.3), (2256.4, 298.4), (2291.6, 283.4), (2326.4, 295.5), (2358.0, 343.0), (2395.0, 415.4), (2431.7, 378.5), (2471.7, 377.6), (2509.7, 420.0), (2543.5, 378.5), (2582.6, 324.9), (2622.6, 292.5), (2662.6, 283.2), (2702.6, 304.0), (2742.6, 360.4), (2781.5, 432.0), (2816.8, 363.1), (2856.7, 314.6), (2896.5, 288.0), (2936.5, 285.1), (2976.5, 314.8), (3016.3, 378.8), (3054.2, 412.9), (3088.0, 349.1), (3088.7, 305.8), (3089.1, 285.0), (3093.7, 289.2), (3096.1, 267.2), (3103.6, 208.8), (3119.1, 171.2), (3142.6, 156.4), (3174.1, 168.9), (3212.8, 216.7), (3250.7, 289.2), (3280.1, 362.5), (3285.4, 432.0), (3292.1, 368.0), (3306.6, 384.9), (3327.2, 432.0), (3345.0, 363.1), (3368.2, 314.6), (3389.2, 288.0), (3407.9, 285.1), (3421.6, 284.9), (3433.2, 241.1), (3452.6, 266.4), (3472.0, 326.2), (3474.6, 399.5), (3480.5, 395.0), (3490.4, 372.3), (3507.2, 406.1), (3520.3, 395.0), (3534.0, 372.3), (3550.9, 406.1), (3562.5, 395.0), (3576.9, 336.3), (3599.3, 298.4), (3622.7, 283.4), (3641.6, 295.5), (3656.1, 343.0), (3673.2, 415.4), (3694.0, 378.5), (3721.6, 377.6), (3753.1, 420.0), (3779.2, 378.5), (3809.8, 324.9), (3848.0, 292.5), (3888.0, 283.2), (3928.0, 304.0), (3968.0, 360.4), (4007.8, 432.0), (4046.6, 368.0), (4086.5, 384.9), (4123.4, 432.0), (4153.6, 363.1), (4179.3, 314.6), (4200.6, 288.0), (4217.4, 285.1), (4229.8, 314.8), (4237.3, 358.3), (4237.7, 292.0), (4241.2, 246.0), (4252.7, 222.3), (4272.2, 222.9), (4299.7, 257.0), (4327.6, 284.9), (4353.4, 221.1), (4387.0, 177.8), (4426.6, 157.0), (4466.6, 161.2), (4506.6, 199.8), (4546.6, 269.1), (4584.1, 342.4), (4617.2, 415.8), (4624.0, 378.5), (4624.8, 324.9), (4630.7, 292.5), (4644.6, 283.2), (4661.1, 304.0), (4673.2, 360.4), (4679.0, 306.6), (4688.3, 255.6), (4705.7, 226.1), (4731.1, 219.9), (4764.5, 245.1), (4800.5, 304.0), (4831.6, 235.1), (4869.3, 186.6), (4909.3, 160.0), (4949.3, 157.1), (4989.3, 186.8), (5029.3, 250.8), (5069.3, 324.1), (5104.0, 397.4), (5103.9, 395.0), (5106.5, 336.3), (5117.0, 298.4), (5135.5, 283.4), (5162.0, 295.5), (5196.5, 343.0), (5235.3, 415.4), (5272.2, 378.5), (5312.2, 377.6), (5352.2, 420.0), (5389.3, 378.5), (5427.8, 377.6), (5462.0, 420.0), (5490.0, 378.5), (5519.9, 324.9), (5553.0, 292.5), (5590.0, 283.2), (5629.3, 304.0), (5664.6, 360.4), (5693.3, 306.6), (5717.4, 255.6), (5737.0, 226.1), (5752.2, 219.9), (5762.9, 245.1), (5769.2, 305.6), (5770.2, 299.0), (5770.2, 240.3), (5772.0, 202.4), (5778.8, 187.4), (5793.1, 199.5), (5805.8, 247.0), (5812.6, 226.6), (5815.3, 170.4), (5824.0, 135.3), (5839.4, 123.1), (5860.4, 139.5), (5879.9, 191.4), (5893.4, 154.5), (5910.2, 100.9), (5935.1, 68.5), (5967.9, 59.2), (6007.3, 80.0), (6047.3, 136.4), (6087.3, 209.8), (6127.3, 283.1), (6167.3, 356.4), (6205.8, 429.8)]",0,0,30.62
experienced,mario,Mario1-1,Success,1,0,139.5,0.785,"[(112.0, 432.0), (113.2, 371.3), (121.8, 320.5), (138.2, 291.3), (162.8, 285.4), (195.2, 310.9), (234.4, 371.6), (271.1, 422.3), (305.3, 356.0), (345.1, 310.0), (385.1, 286.3), (423.6, 286.9), (457.8, 321.0), (492.4, 387.9), (527.7, 403.8), (557.8, 370.5), (585.9, 399.9), (611.5, 395.4), (643.8, 374.8), (683.0, 379.3), (721.1, 418.2), (754.6, 378.5), (793.0, 377.6), (830.5, 420.0), (861.8, 378.5), (889.2, 324.9), (922.7, 292.5), (962.3, 283.2), (1002.3, 304.0), (1042.3, 360.4), (1079.8, 432.0), (1112.5, 363.1), (1147.9, 314.6), (1184.5, 288.0), (1224.5, 285.1), (1264.5, 314.8), (1304.3, 378.8), (1341.9, 395.0), (1380.8, 371.6), (1415.5, 372.4), (1445.8, 406.9), (1455.2, 395.0), (1455.2, 336.3), (1457.1, 298.4), (1466.6, 283.4), (1484.1, 295.5), (1509.1, 325.4), (1538.7, 259.1), (1576.2, 213.2), (1616.2, 189.4), (1656.2, 190.0), (1696.2, 224.1), (1735.8, 291.0), (1771.6, 364.4), (1803.6, 432.0), (1808.0, 363.1), (1808.1, 314.6), (1813.6, 288.0), (1827.1, 285.1), (1848.6, 314.8), (1875.7, 289.7), (1909.3, 233.6), (1949.0, 198.4), (1989.0, 186.2), (2029.0, 202.6), (2069.0, 254.5), (2109.0, 327.7), (2148.2, 401.0), (2182.3, 395.0), (2217.2, 336.3), (2250.6, 298.4), (2283.6, 283.4), (2317.5, 295.5), (2349.8, 343.0), (2387.9, 415.4), (2425.2, 378.5), (2465.2, 377.6), (2504.1, 420.0), (2538.3, 378.5), (2577.1, 324.9), (2617.1, 292.5), (2657.1, 283.2), (2697.1, 304.0), (2737.1, 360.4), (2775.6, 432.0), (2810.4, 363.1), (2850.2, 314.6), (2889.7, 288.0), (2929.7, 285.1), (2968.7, 284.9), (3004.3, 221.2), (3042.2, 177.9), (3081.9, 157.0), (3121.7, 161.2), (3161.7, 199.8), (3201.2, 269.1), (3239.0, 342.5), (3277.1, 415.8), (3310.1, 378.5), (3348.0, 377.6), (3384.4, 420.0), (3414.6, 378.5), (3440.5, 377.6), (3463.8, 420.0), (3484.3, 378.5), (3511.5, 377.6), (3538.4, 420.0), (3559.0, 378.5), (3581.6, 324.9), (3611.1, 292.5), (3638.0, 283.2), (3660.5, 304.0), (3664.4, 360.4), (3670.9, 432.0), (3681.5, 368.0), (3700.1, 384.9), (3724.8, 432.0), (3747.9, 368.0), (3778.7, 384.9), (3809.0, 432.0), (3834.6, 363.1), (3867.0, 314.6), (3906.2, 288.0), (3945.1, 285.1), (3984.2, 314.8), (4016.1, 378.8), (4020.7, 412.9), (4030.3, 369.1), (4047.9, 394.4), (4071.0, 412.9), (4090.4, 369.1), (4107.1, 394.4), (4118.8, 412.9), (4124.3, 349.1), (4131.2, 305.8), (4135.6, 285.0), (4136.5, 289.2), (4140.4, 327.8), (4144.8, 397.1), (4145.4, 395.2), (4145.7, 336.8), (4151.1, 299.2), (4153.9, 284.4), (4154.5, 296.8), (4157.1, 344.6), (4158.1, 417.1), (4158.1, 378.7), (4158.9, 325.4), (4162.3, 293.3), (4164.0, 284.3), (4164.7, 305.4), (4164.7, 362.1), (4164.7, 432.0), (4163.4, 363.1), (4164.5, 314.6), (4165.4, 288.0), (4166.3, 285.1), (4167.1, 314.8), (4167.1, 378.8), (4166.2, 412.9), (4165.8, 349.1), (4167.3, 305.8), (4168.3, 285.0), (4168.8, 289.2), (4169.5, 327.8), (4169.5, 397.1), (4168.3, 395.0), (4168.3, 336.3), (4169.0, 298.4), (4170.1, 283.4), (4170.7, 295.5), (4171.1, 343.0), (4171.1, 415.4), (4169.8, 378.5), (4169.9, 324.9), (4170.6, 292.5), (4171.7, 283.2), (4172.4, 304.0), (4172.4, 360.4), (4172.4, 432.0), (4171.2, 363.1), (4171.7, 314.6), (4172.2, 288.0), (4173.1, 285.1), (4173.8, 314.8), (4173.8, 378.8), (4172.9, 412.9), (4172.5, 349.1), (4173.2, 305.8), (4174.1, 285.0), (4174.4, 289.2), (4175.1, 327.8), (4175.1, 397.1), (4173.9, 395.0), (4173.9, 336.3), (4173.9, 298.4), (4175.1, 283.4), (4175.5, 295.5), (4175.8, 343.0), (4175.8, 415.4), (4174.5, 378.5), (4174.5, 324.9), (4174.7, 292.5), (4175.7, 283.2), (4176.4, 304.0), (4176.4, 360.4), (4176.4, 432.0), (4175.2, 363.1), (4175.2, 314.6), (4175.6, 288.0), (4179.0, 285.1), (4182.4, 314.8), (4182.7, 378.8), (4182.7, 354.8), (4182.7, 298.9), (4186.0, 264.1), (4188.0, 252.2), (4188.7, 268.9), (4190.8, 321.1), (4190.9, 394.3), (4190.9, 338.9), (4191.2, 288.1), (4191.6, 258.9), (4192.3, 253.0), (4193.0, 278.6), (4193.2, 339.3), (4193.2, 390.3), (4193.2, 324.3), (4193.3, 278.7), (4194.1, 255.2), (4194.9, 256.1), (4195.6, 290.5), (4195.8, 357.6), (4195.8, 371.9), (4195.8, 311.0), (4196.0, 270.6), (4197.3, 253.0), (4198.0, 261.3), (4198.3, 304.7), (4198.3, 375.9), (4197.0, 354.6), (4197.0, 298.4), (4197.2, 263.3), (4199.0, 251.1), (4203.9, 267.5), (4205.1, 319.4), (4205.1, 392.6), (4203.9, 338.6), (4203.9, 287.6), (4204.1, 258.1), (4209.0, 251.9), (4220.0, 277.1), (4227.7, 337.6), (4229.8, 331.1), (4229.9, 272.6), (4235.4, 234.8), (4248.9, 219.9), (4270.4, 232.2), (4295.9, 279.9), (4315.6, 258.6), (4337.0, 202.4), (4366.3, 167.3), (4403.6, 155.1), (4443.6, 171.5), (4483.6, 223.4), (4523.6, 296.6), (4561.5, 369.9), (4595.2, 422.3), (4622.5, 356.0), (4645.3, 310.0), (4663.7, 286.3), (4677.7, 286.9), (4687.2, 321.0), (4691.9, 290.6), (4701.9, 234.4), (4719.8, 199.3), (4745.8, 187.1), (4779.7, 203.5), (4819.5, 255.4), (4858.4, 284.9), (4898.0, 221.1), (4938.0, 177.8), (4978.0, 157.0), (5018.0, 161.2), (5058.0, 199.8), (5098.0, 269.1), (5138.0, 342.4), (5177.3, 322.6), (5216.3, 266.4), (5251.6, 231.3), (5290.8, 219.1), (5330.8, 235.5), (5370.8, 287.4), (5409.3, 250.5), (5445.0, 196.9), (5482.1, 164.5), (5522.1, 155.2), (5562.1, 176.0), (5602.1, 232.4), (5641.4, 305.8), (5676.4, 358.3), (5704.9, 292.0), (5729.0, 246.0), (5748.6, 222.3), (5763.8, 222.9), (5774.5, 257.0), (5780.2, 284.9), (5780.5, 221.1), (5782.4, 177.8), (5791.7, 157.0), (5803.5, 161.2), (5816.8, 199.8), (5826.2, 269.1), (5829.1, 210.6), (5831.0, 159.6), (5840.5, 130.1), (5858.0, 123.9), (5879.4, 149.1), (5896.6, 208.0), (5906.6, 139.1), (5922.6, 90.6), (5946.7, 64.0), (5978.7, 61.1), (6017.8, 90.8), (6057.8, 154.8), (6097.8, 228.1), (6137.8, 301.4), (6177.7, 374.8), (6214.3, 422.3)]",0,0,43.78
experienced,mario,Mario1-1,Success,1,0,224.36,0.785,"[(112.0, 432.0), (114.6, 371.3), (125.1, 320.5), (143.6, 291.3), (170.1, 285.4), (204.6, 310.9), (244.4, 371.6), (281.1, 422.3), (315.3, 356.0), (355.1, 310.0), (395.1, 286.3), (433.6, 286.9), (467.8, 321.0), (500.4, 387.9), (534.2, 403.8), (568.4, 370.5), (604.3, 399.9), (638.6, 395.4), (678.3, 374.8), (718.3, 379.3), (757.2, 418.2), (790.8, 378.5), (826.5, 377.6), (859.3, 420.0), (880.0, 378.5), (881.2, 324.9), (889.8, 292.5), (906.2, 283.2), (930.8, 304.0), (963.2, 360.4), (998.8, 306.6), (1038.7, 255.6), (1078.7, 226.1), (1118.7, 219.9), (1158.7, 245.1), (1198.7, 305.6), (1238.2, 358.3), (1277.7, 292.0), (1316.7, 246.0), (1356.3, 222.3), (1396.3, 222.9), (1436.3, 257.0), (1476.3, 323.9), (1514.9, 282.5), (1554.9, 228.9), (1594.9, 196.5), (1634.9, 187.2), (1674.9, 208.0), (1714.8, 264.4), (1751.8, 337.8), (1784.3, 411.1), (1808.1, 388.4), (1808.2, 373.6), (1808.3, 386.0), (1808.1, 432.0), (1807.0, 363.1), (1809.6, 314.6), (1820.1, 288.0), (1838.6, 285.1), (1865.1, 314.8), (1901.4, 289.7), (1941.4, 233.6), (1981.4, 198.4), (2021.4, 186.2), (2061.4, 202.6), (2100.7, 254.5), (2140.5, 327.7), (2178.6, 401.0), (2211.6, 395.0), (2248.5, 336.3), (2256.0, 298.4), (2259.5, 283.4), (2271.0, 295.5), (2287.0, 250.5), (2304.6, 196.9), (2330.0, 164.5), (2363.4, 155.3), (2402.9, 176.1), (2441.9, 232.5), (2481.6, 304.0), (2520.9, 240.0), (2560.9, 256.9), (2600.9, 308.1), (2640.8, 381.2), (2677.2, 412.9), (2708.5, 349.1), (2745.8, 305.8), (2785.8, 285.0), (2825.8, 289.2), (2865.3, 327.8), (2905.2, 397.1), (2942.7, 395.0), (2982.3, 336.3), (3022.3, 298.4), (3059.8, 283.4), (3092.8, 295.5), (3122.6, 250.5), (3157.1, 196.9), (3196.7, 164.5), (3236.7, 155.3), (3276.7, 176.1), (3314.2, 232.5), (3350.8, 305.8), (3376.1, 379.1), (3380.1, 412.9), (3388.1, 369.1), (3404.0, 394.4), (3418.9, 412.9), (3433.1, 369.1), (3454.8, 394.4), (3476.1, 412.9), (3499.5, 369.1), (3527.9, 394.4), (3552.0, 412.9), (3576.8, 349.1), (3609.6, 305.8), (3643.5, 285.0), (3672.8, 289.2), (3697.8, 267.1), (3727.6, 208.4), (3761.4, 170.5), (3790.9, 155.4), (3815.9, 167.5), (3837.7, 122.5), (3866.3, 68.9), (3902.9, 36.6), (3942.9, 27.3), (3982.9, 48.1), (4022.9, 104.5), (4062.5, 176.0), (4099.5, 107.1), (4136.7, 58.6), (4175.6, 32.0), (4215.6, 29.1), (4255.6, 58.8), (4295.6, 122.8), (4335.6, 196.1), (4375.6, 269.4), (4414.9, 267.0), (4454.9, 208.3), (4494.9, 170.4), (4534.9, 155.4), (4574.9, 167.5), (4614.9, 215.0), (4652.9, 287.4), (4686.6, 360.8), (4686.9, 306.6), (4692.4, 255.6), (4705.9, 226.1), (4727.4, 219.9), (4756.7, 245.1), (4785.6, 304.0), (4809.0, 235.1), (4838.3, 186.6), (4875.6, 160.0), (4915.6, 157.1), (4955.6, 186.8), (4995.6, 250.8), (5035.2, 324.1), (5071.0, 397.4), (5101.3, 395.0), (5106.6, 336.3), (5117.1, 298.4), (5135.6, 283.4), (5162.1, 295.5), (5196.6, 343.0), (5233.1, 415.4), (5266.9, 378.5), (5306.2, 377.6), (5346.1, 420.0), (5384.2, 378.5), (5423.1, 377.6), (5457.8, 420.0), (5488.1, 385.0), (5519.2, 373.1), (5551.3, 389.7), (5578.8, 422.3), (5599.9, 356.0), (5621.9, 310.0), (5651.4, 286.3), (5679.3, 286.9), (5702.8, 321.0), (5721.3, 348.9), (5733.6, 285.1), (5744.5, 241.8), (5757.3, 221.0), (5770.2, 225.2), (5778.7, 263.8), (5781.9, 275.9), (5783.8, 214.8), (5793.3, 174.3), (5810.2, 156.5), (5832.4, 164.8), (5854.2, 208.0), (5870.5, 203.0), (5885.2, 144.3), (5907.7, 106.4), (5938.2, 91.4), (5976.3, 103.5), (6016.3, 151.0), (6056.3, 223.4), (6096.3, 296.8), (6136.3, 370.1), (6173.5, 422.3), (6211.0, 356.0)]",0,0,27.25
experienced,mario,Mario1-1,Success,1,0,183.97,0.788,"[(112.0, 432.0), (113.9, 371.3), (123.4, 320.5), (140.9, 291.3), (166.4, 285.4), (199.9, 310.9), (239.5, 371.6), (276.7, 422.3), (311.5, 356.0), (351.4, 310.0), (391.4, 286.3), (429.9, 286.9), (464.1, 321.0), (498.3, 387.9), (536.0, 403.8), (572.1, 370.5), (609.8, 399.9), (643.9, 403.8), (681.4, 370.5), (721.4, 399.9), (757.4, 403.8), (794.5, 370.5), (832.6, 399.9), (865.3, 403.8), (880.1, 342.6), (885.6, 301.9), (899.1, 284.0), (920.6, 292.1), (950.1, 335.1), (985.7, 331.0), (1025.3, 272.3), (1065.3, 234.4), (1105.3, 219.4), (1145.3, 231.5), (1185.3, 279.0), (1225.3, 351.4), (1264.2, 314.5), (1303.2, 260.9), (1339.8, 228.5), (1379.8, 219.2), (1419.8, 240.0), (1459.8, 296.4), (1498.5, 307.8), (1538.4, 246.6), (1578.4, 205.9), (1618.4, 188.0), (1658.4, 196.1), (1698.4, 239.1), (1736.9, 310.3), (1771.1, 383.6), (1802.0, 399.9), (1808.2, 376.4), (1808.2, 377.3), (1808.4, 411.7), (1806.8, 386.6), (1806.9, 330.4), (1810.4, 295.3), (1821.9, 283.1), (1841.4, 299.5), (1869.7, 316.0), (1907.8, 252.2), (1947.8, 208.9), (1987.8, 188.1), (2027.8, 192.3), (2067.8, 230.9), (2107.8, 300.2), (2147.7, 373.5), (2184.4, 422.3), (2218.6, 356.0), (2255.2, 310.0), (2257.2, 286.3), (2265.8, 286.9), (2280.8, 275.8), (2294.6, 214.6), (2312.3, 174.0), (2338.0, 156.0), (2371.8, 164.1), (2411.4, 207.2), (2451.4, 278.3), (2490.7, 258.6), (2530.7, 246.7), (2570.7, 284.7), (2610.7, 353.7), (2650.0, 427.0), (2683.3, 370.6), (2715.9, 319.6), (2755.1, 290.1), (2795.1, 283.9), (2835.1, 309.1), (2875.1, 369.6), (2915.1, 399.6), (2954.8, 373.3), (2994.8, 370.6), (3034.4, 400.6), (3070.1, 403.8), (3108.0, 370.5), (3147.9, 399.9), (3184.9, 395.4), (3220.3, 374.8), (3260.0, 379.3), (3299.5, 418.2), (3334.3, 378.5), (3369.2, 377.6), (3407.2, 420.0), (3440.2, 378.5), (3472.0, 324.9), (3472.1, 292.5), (3477.6, 283.2), (3491.1, 304.0), (3508.5, 235.2), (3529.7, 186.7), (3558.6, 160.1), (3595.5, 157.1), (3635.5, 186.8), (3675.5, 250.8), (3714.7, 284.9), (3754.5, 221.1), (3759.9, 177.8), (3760.2, 157.0), (3764.2, 161.2), (3765.9, 139.2), (3773.4, 80.8), (3788.9, 43.2), (3812.4, 28.4), (3843.9, 40.9), (3882.7, 88.7), (3920.2, 161.2), (3956.1, 234.5), (3995.8, 307.8), (4016.8, 381.2), (4023.3, 412.9), (4034.9, 369.1), (4054.5, 394.4), (4078.6, 412.9), (4097.9, 369.1), (4113.5, 394.4), (4124.1, 412.9), (4128.5, 349.1), (4134.2, 305.8), (4137.5, 285.0), (4140.4, 289.2), (4145.5, 327.8), (4152.6, 397.1), (4154.4, 395.2), (4154.8, 336.8), (4160.7, 299.2), (4168.0, 284.4), (4173.8, 296.8), (4178.7, 344.6), (4179.4, 390.3), (4179.4, 324.3), (4180.7, 278.7), (4188.4, 255.2), (4194.8, 256.1), (4199.6, 290.5), (4200.5, 357.6), (4199.4, 371.8), (4199.3, 310.6), (4200.0, 269.9), (4203.1, 252.0), (4213.1, 260.1), (4225.4, 303.1), (4233.4, 368.0), (4233.8, 299.2), (4236.5, 250.7), (4247.0, 224.1), (4265.5, 221.3), (4292.0, 251.0), (4320.7, 294.3), (4345.9, 228.0), (4378.5, 182.0), (4417.8, 158.3), (4457.8, 158.9), (4497.8, 193.0), (4537.8, 259.9), (4575.3, 333.3), (4608.4, 406.6), (4624.0, 386.6), (4624.1, 330.4), (4626.8, 295.3), (4637.3, 283.1), (4653.9, 299.5), (4667.1, 351.4), (4674.2, 314.5), (4683.3, 260.9), (4700.3, 228.5), (4725.4, 219.2), (4758.4, 240.0), (4794.1, 296.4), (4824.3, 242.6), (4860.4, 191.6), (4900.4, 162.1), (4940.4, 155.9), (4980.4, 181.1), (5020.4, 241.6), (5060.4, 314.9), (5098.5, 388.3), (5103.8, 403.8), (5105.6, 342.6), (5113.5, 301.9), (5129.5, 284.0), (5153.4, 292.1), (5185.4, 335.1), (5223.6, 406.3), (5260.3, 386.6), (5300.2, 374.7), (5340.2, 412.7), (5377.6, 386.6), (5416.9, 374.7), (5452.2, 412.7), (5483.0, 388.1), (5511.5, 373.3), (5538.1, 385.7), (5560.3, 432.0), (5575.7, 363.1), (5590.7, 314.6), (5613.5, 288.0), (5643.8, 285.1), (5672.5, 314.8), (5696.5, 358.3), (5714.0, 292.0), (5727.4, 246.0), (5738.0, 222.3), (5747.0, 222.9), (5757.9, 257.0), (5764.3, 323.9), (5765.0, 282.5), (5765.1, 229.1), (5768.3, 196.8), (5777.1, 187.7), (5792.0, 208.6), (5803.6, 265.2), (5808.0, 275.8), (5808.0, 214.6), (5809.2, 173.9), (5817.8, 156.0), (5833.7, 164.1), (5848.1, 207.1), (5856.8, 203.0), (5864.1, 144.3), (5879.1, 106.4), (5902.2, 91.4), (5933.2, 103.5), (5971.7, 151.0), (6010.2, 130.6), (6050.2, 74.4), (6090.2, 39.3), (6130.2, 27.1), (6170.2, 43.5), (6210.2, 95.4), (6250.1, 168.6)]",0,0,33.35
experienced,mario,Mario1-1,Success,1,0,163.4,0.787,"[(112.0, 432.0), (113.2, 371.3), (121.8, 320.5), (138.2, 291.3), (162.8, 285.4), (195.2, 310.9), (234.4, 371.6), (271.1, 422.3), (305.3, 356.0), (345.1, 310.0), (384.7, 286.3), (422.1, 286.9), (455.0, 321.0), (488.4, 387.9), (522.4, 403.8), (552.0, 370.5), (578.4, 399.9), (603.7, 395.4), (636.4, 374.8), (675.7, 379.3), (712.7, 418.2), (744.6, 378.5), (781.8, 377.6), (819.9, 420.0), (851.8, 378.5), (879.8, 324.9), (913.8, 292.5), (952.8, 283.2), (992.8, 304.0), (1032.8, 360.4), (1070.3, 432.0), (1103.0, 363.1), (1140.6, 314.6), (1178.6, 288.0), (1218.6, 285.1), (1258.6, 314.8), (1298.1, 358.3), (1337.2, 292.0), (1373.6, 246.0), (1413.2, 222.3), (1453.2, 222.9), (1493.2, 257.0), (1533.2, 323.9), (1572.5, 282.5), (1612.5, 228.9), (1652.4, 196.5), (1692.4, 187.2), (1732.4, 208.0), (1772.4, 264.4), (1811.8, 336.0), (1847.6, 267.1), (1887.6, 218.6), (1927.6, 192.0), (1967.6, 189.1), (2007.6, 218.8), (2047.6, 282.8), (2087.4, 356.1), (2123.8, 429.4), (2155.7, 406.7), (2183.2, 391.9), (2206.3, 404.3), (2224.5, 412.9), (2244.9, 349.1), (2256.0, 305.8), (2257.9, 285.0), (2267.4, 289.2), (2282.7, 267.1), (2295.8, 208.4), (2311.4, 170.5), (2335.0, 155.4), (2366.6, 167.5), (2405.0, 215.0), (2444.7, 287.5), (2483.7, 250.5), (2523.7, 249.6), (2563.7, 292.0), (2603.7, 362.8), (2643.0, 432.0), (2676.0, 363.1), (2708.5, 314.6), (2747.7, 288.0), (2787.7, 285.1), (2827.7, 314.8), (2867.7, 378.8), (2907.2, 395.0), (2946.5, 371.6), (2981.7, 372.4), (3012.6, 406.9), (3038.0, 395.0), (3066.2, 336.3), (3088.0, 298.4), (3088.0, 283.4), (3088.0, 295.5), (3088.0, 343.0), (3092.3, 415.4), (3095.7, 378.5), (3104.5, 377.6), (3121.1, 420.0), (3144.4, 385.0), (3172.8, 373.1), (3197.5, 389.7), (3219.1, 402.4), (3241.7, 376.1), (3272.3, 373.4), (3310.4, 403.4), (3347.1, 403.8), (3376.1, 342.6), (3376.7, 301.9), (3379.3, 284.0), (3389.3, 292.1), (3400.3, 258.6), (3413.5, 246.7), (3434.2, 284.7), (3454.0, 353.7), (3476.9, 427.0), (3496.4, 370.6), (3520.5, 381.0), (3541.3, 427.8), (3556.3, 370.6), (3576.0, 319.6), (3602.5, 290.1), (3626.6, 283.9), (3646.2, 309.1), (3662.5, 369.6), (3683.5, 422.3), (3706.9, 368.3), (3737.7, 389.3), (3766.7, 422.3), (3792.1, 356.0), (3824.9, 310.0), (3864.3, 286.3), (3904.3, 286.9), (3944.3, 321.0), (3984.3, 387.9), (4022.9, 403.8), (4062.8, 370.5), (4102.1, 399.9), (4136.5, 403.8), (4165.0, 342.6), (4189.1, 301.9), (4208.7, 284.0), (4223.9, 292.1), (4234.6, 335.1), (4238.9, 331.0), (4239.0, 272.3), (4244.5, 234.4), (4258.0, 219.4), (4279.5, 231.5), (4307.9, 279.0), (4332.4, 258.6), (4360.1, 202.4), (4395.7, 167.3), (4435.7, 155.1), (4475.7, 171.5), (4515.7, 223.4), (4554.6, 296.6), (4589.3, 369.9), (4619.1, 422.3), (4624.0, 356.0), (4624.4, 310.0), (4630.9, 286.3), (4644.8, 286.9), (4657.2, 321.0), (4664.5, 348.9), (4667.7, 285.1), (4677.6, 241.8), (4695.5, 221.0), (4721.5, 225.2), (4753.5, 263.8), (4781.3, 275.8), (4807.4, 214.6), (4841.2, 173.9), (4880.9, 156.0), (4920.9, 164.1), (4960.9, 207.1), (5000.9, 278.3), (5039.0, 351.6), (5072.6, 424.9), (5099.9, 370.6), (5129.9, 319.6), (5167.1, 290.1), (5205.7, 283.9), (5239.8, 309.1), (5264.1, 369.6), (5269.1, 422.3), (5278.7, 368.3), (5296.4, 389.3), (5321.1, 422.3), (5349.3, 368.3), (5385.4, 389.3), (5422.3, 422.3), (5453.9, 356.0), (5490.9, 310.0), (5526.4, 286.3), (5560.4, 286.9), (5590.3, 321.0), (5616.0, 387.9), (5615.7, 403.8), (5615.8, 342.6), (5621.3, 301.9), (5634.8, 284.0), (5654.4, 292.1), (5670.7, 335.1), (5681.3, 331.0), (5687.6, 272.3), (5695.8, 234.4), (5699.7, 219.4), (5705.5, 231.5), (5710.3, 279.0), (5711.7, 351.4), (5711.7, 314.7), (5711.8, 261.4), (5717.3, 229.3), (5725.3, 220.3), (5730.7, 241.4), (5733.0, 298.1), (5733.0, 368.0), (5731.7, 299.1), (5731.9, 250.6), (5734.4, 224.0), (5738.0, 221.1), (5739.7, 250.8), (5739.7, 314.8), (5738.8, 348.9), (5738.4, 285.1), (5738.4, 241.8), (5740.1, 221.0), (5741.3, 225.2), (5741.8, 263.8), (5741.8, 333.1), (5740.5, 331.0), (5740.5, 272.3), (5740.5, 234.4), (5742.8, 219.4), (5743.5, 231.5), (5743.8, 279.0), (5743.8, 351.4), (5742.6, 314.5), (5742.6, 260.9), (5742.7, 228.5), (5747.2, 219.2), (5754.9, 240.0), (5758.5, 296.4), (5758.7, 307.9), (5758.7, 247.0), (5760.4, 206.6), (5763.7, 189.0), (5768.0, 197.3), (5770.9, 240.7), (5771.0, 311.9), (5769.7, 290.6), (5769.7, 234.4), (5769.7, 199.3), (5772.5, 187.1), (5776.6, 203.5), (5777.8, 255.4), (5777.8, 285.0), (5777.8, 221.5), (5779.7, 178.5), (5789.0, 157.9), (5798.1, 162.4), (5808.3, 201.3), (5814.5, 270.8), (5815.2, 210.8), (5817.0, 159.9), (5826.5, 130.5), (5840.0, 124.5), (5853.4, 149.9), (5864.3, 210.5), (5868.9, 203.0), (5871.5, 144.3), (5882.0, 106.4), (5900.5, 91.4), (5927.0, 103.5), (5961.5, 151.0), (5999.9, 130.6), (6039.9, 74.4), (6079.9, 39.3), (6119.9, 27.1), (6159.9, 43.5), (6199.9, 95.4), (6238.8, 168.6)]",0,0,37.48
experienced,mario,Mario1-1,Pit,1,0,212.1,0.55,"[(112.0, 432.0), (114.6, 371.3), (125.1, 320.5), (143.6, 291.3), (170.1, 285.4), (204.6, 310.9), (243.8, 371.6), (278.8, 422.3), (311.4, 356.0), (350.6, 310.0), (389.9, 286.3), (425.2, 286.9), (456.0, 321.0), (483.9, 387.9), (509.9, 403.8), (538.1, 370.5), (565.9, 399.9), (589.3, 395.4), (609.4, 374.8), (635.6, 379.3), (665.6, 418.2), (690.9, 378.5), (721.6, 377.6), (754.9, 420.0), (782.6, 378.5), (812.8, 377.6), (839.7, 420.0), (860.5, 378.5), (878.1, 324.9), (902.6, 292.5), (934.9, 283.2), (970.8, 304.0), (1010.1, 360.4), (1046.5, 432.0), (1081.5, 363.1), (1121.4, 314.6), (1160.6, 288.0), (1200.6, 285.1), (1240.6, 314.8), (1279.3, 358.3), (1317.5, 292.0), (1353.2, 246.0), (1391.2, 222.3), (1431.2, 222.9), (1471.2, 257.0), (1511.2, 323.9), (1550.1, 282.5), (1590.1, 228.9), (1628.2, 196.5), (1665.2, 187.2), (1702.5, 208.0), (1742.2, 264.4), (1780.2, 337.8), (1808.1, 411.1), (1806.4, 386.6), (1806.4, 330.4), (1810.9, 295.3), (1823.4, 283.1), (1843.9, 299.5), (1871.4, 316.0), (1904.0, 252.2), (1942.6, 208.9), (1979.8, 188.1), (2016.7, 192.3), (2054.8, 230.9), (2094.5, 300.2), (2133.5, 373.5), (2167.9, 422.3), (2199.9, 356.0), (2234.9, 310.0), (2267.0, 286.3), (2301.3, 286.9), (2332.8, 321.0), (2367.5, 387.9), (2398.0, 403.8), (2432.2, 370.5), (2471.8, 399.9), (2507.5, 403.8), (2545.4, 342.6), (2585.4, 301.9), (2625.4, 284.0), (2665.4, 292.1), (2705.4, 335.1), (2743.4, 406.3), (2776.2, 386.6), (2813.1, 330.4), (2852.6, 295.3), (2891.1, 283.1), (2931.1, 299.5), (2968.7, 242.7), (3005.9, 191.6), (3043.4, 162.1), (3077.9, 155.9), (3112.5, 181.2), (3151.5, 241.6), (3189.3, 315.0), (3228.6, 388.3), (3265.8, 391.2), (3305.8, 370.7), (3344.8, 375.2), (3379.5, 414.1), (3408.3, 386.6), (3431.8, 374.7), (3450.9, 412.7), (3466.0, 386.6), (3472.0, 330.4), (3472.0, 295.3), (3476.5, 283.1), (3489.0, 299.5), (3506.1, 242.7), (3526.6, 191.6), (3549.5, 162.1), (3579.2, 155.9), (3616.7, 181.2), (3653.7, 241.6), (3687.6, 294.3), (3721.9, 228.0), (3758.2, 182.0), (3760.0, 158.3), (3760.2, 158.9), (3760.2, 193.0), (3760.4, 259.9), (3766.9, 333.3), (3780.2, 406.6), (3790.8, 386.6), (3806.5, 330.4), (3830.2, 295.3), (3861.9, 283.1), (3900.8, 299.5), (3940.7, 351.4), (3978.8, 424.6), (4014.9, 370.6), (4054.9, 381.0), (4093.9, 427.8), (4126.6, 370.6), (4155.5, 319.6), (4180.5, 290.1), (4201.1, 283.9), (4217.3, 309.1), (4229.0, 368.0), (4234.4, 299.1), (4240.5, 250.6), (4254.4, 224.0), (4276.4, 221.1), (4306.3, 250.8), (4341.4, 314.8), (4368.1, 388.1), (4368.1, 461.4), (4368.1, 534.8), (4368.1, 608.1), (4368.1, 681.4)]",0,0,20.08
experienced,mario,Mario1-1,Success,1,0,219.5,0.785,"[(112.0, 432.0), (113.2, 371.3), (121.8, 320.5), (138.2, 291.3), (162.8, 285.4), (195.2, 310.9), (234.4, 371.6), (271.1, 422.3), (305.3, 356.0), (345.1, 310.0), (385.1, 286.3), (423.6, 286.9), (457.8, 321.0), (492.4, 387.9), (527.7, 403.8), (557.1, 370.5), (583.6, 399.9), (606.8, 395.4), (636.1, 374.8), (673.2, 379.3), (709.9, 418.2), (741.6, 378.5), (778.7, 377.6), (816.7, 420.0), (848.6, 378.5), (877.3, 324.9), (913.0, 292.5), (953.0, 283.2), (993.0, 304.0), (1033.0, 360.4), (1070.5, 432.0), (1103.1, 363.1), (1139.7, 314.6), (1176.5, 288.0), (1216.5, 285.1), (1256.5, 314.8), (1296.0, 358.3), (1335.0, 292.0), (1371.1, 246.0), (1410.0, 222.3), (1450.0, 222.9), (1490.0, 257.0), (1530.0, 323.9), (1569.3, 282.5), (1609.3, 228.9), (1649.3, 196.5), (1689.3, 187.2), (1729.3, 208.0), (1769.3, 264.4), (1808.6, 337.8), (1808.8, 411.1), (1807.7, 386.6), (1807.7, 330.4), (1810.3, 295.3), (1820.8, 283.1), (1839.3, 299.5), (1864.9, 316.0), (1895.5, 252.2), (1933.7, 208.9), (1973.7, 188.1), (2013.7, 192.3), (2053.7, 230.9), (2093.7, 300.2), (2133.5, 373.5), (2170.2, 422.3), (2203.3, 356.0), (2238.3, 310.0), (2270.1, 286.3), (2305.0, 286.9), (2336.7, 321.0), (2373.0, 387.9), (2410.4, 403.8), (2449.9, 370.5), (2489.7, 399.9), (2525.2, 403.8), (2561.8, 342.6), (2601.8, 301.9), (2641.8, 284.0), (2681.8, 292.1), (2721.8, 335.1), (2761.4, 406.3), (2796.3, 386.6), (2834.9, 330.4), (2874.4, 295.3), (2914.4, 283.1), (2954.4, 299.5), (2991.2, 242.7), (3026.9, 191.6), (3066.9, 162.1), (3106.7, 155.9), (3146.7, 181.2), (3186.7, 241.6), (3224.3, 315.0), (3263.3, 388.3), (3301.3, 391.2), (3340.8, 370.7), (3379.5, 375.2), (3418.4, 414.1), (3453.6, 386.6), (3472.0, 330.4), (3472.0, 295.3), (3476.5, 283.1), (3489.0, 299.5), (3506.1, 242.7), (3526.6, 191.6), (3553.6, 162.1), (3588.0, 155.9), (3627.8, 181.2), (3667.8, 241.6), (3707.3, 294.3), (3746.8, 228.0), (3760.0, 182.0), (3760.0, 158.3), (3760.0, 158.9), (3760.0, 193.0), (3760.4, 259.9), (3766.9, 333.3), (3780.8, 406.6), (3792.3, 386.6), (3808.0, 330.4), (3831.8, 295.3), (3863.5, 283.1), (3902.3, 299.5), (3942.3, 351.4), (3981.8, 424.6), (4019.6, 370.6), (4059.6, 381.0), (4098.6, 427.8), (4131.3, 370.6), (4159.2, 319.6), (4182.7, 290.1), (4201.8, 283.9), (4216.4, 309.1), (4226.5, 368.0), (4229.9, 299.1), (4231.9, 250.6), (4241.4, 224.0), (4258.9, 221.1), (4283.9, 250.8), (4307.0, 294.3), (4325.5, 228.0), (4350.9, 182.0), (4384.3, 158.3), (4423.9, 158.9), (4463.9, 193.0), (4503.9, 259.9), (4543.0, 333.3), (4579.3, 406.6), (4609.7, 386.6), (4634.7, 330.4), (4655.3, 295.3), (4671.5, 283.1), (4683.2, 299.5), (4689.9, 316.0), (4697.4, 252.2), (4712.9, 208.9), (4736.4, 188.1), (4767.9, 192.3), (4806.7, 230.9), (4846.7, 300.2), (4885.6, 242.6), (4925.6, 191.6), (4965.6, 162.1), (5005.6, 155.9), (5045.6, 181.1), (5085.6, 241.6), (5125.6, 314.9), (5164.8, 348.9), (5204.4, 285.1), (5240.8, 241.8), (5278.1, 221.0), (5318.1, 225.2), (5358.1, 263.8), (5397.3, 275.8), (5434.2, 214.6), (5470.2, 173.9), (5509.6, 156.0), (5549.6, 164.1), (5589.6, 207.1), (5629.6, 278.3), (5666.5, 351.6), (5697.3, 314.5), (5723.0, 260.9), (5744.3, 228.5), (5761.1, 219.2), (5773.5, 240.0), (5781.4, 296.4), (5783.0, 242.6), (5783.4, 191.6), (5789.9, 162.1), (5801.5, 155.9), (5814.6, 181.1), (5825.7, 241.6), (5831.1, 235.0), (5832.0, 176.3), (5838.5, 138.4), (5853.0, 123.4), (5873.5, 135.5), (5890.8, 183.0), (5902.2, 162.6), (5915.2, 106.4), (5936.3, 71.3), (5965.3, 59.1), (6002.3, 75.5), (6042.3, 127.4), (6082.3, 200.6), (6122.3, 273.9), (6162.3, 347.3), (6200.9, 420.6)]",0,0,27.83
experienced,mario,Mario1-1,Pit,1,0,109.13,0.611,"[(112.0, 432.0), (113.2, 371.3), (121.8, 320.5), (138.2, 291.3), (162.8, 285.4), (195.2, 310.9), (234.4, 371.6), (271.1, 422.3), (305.3, 356.0), (345.1, 310.0), (385.1, 286.3), (423.6, 286.9), (457.8, 321.0), (492.4, 387.9), (527.7, 403.8), (557.8, 370.5), (587.1, 399.9), (614.2, 395.4), (648.1, 374.8), (687.7, 379.3), (726.0, 418.2), (759.5, 378.5), (797.8, 377.6), (834.8, 420.0), (865.5, 378.5), (892.4, 324.9), (925.4, 292.5), (964.8, 283.2), (1004.8, 304.0), (1044.8, 360.4), (1082.3, 432.0), (1114.2, 363.1), (1148.0, 314.6), (1183.1, 288.0), (1223.0, 285.1), (1263.0, 314.8), (1302.8, 378.8), (1340.0, 395.0), (1378.7, 371.6), (1413.4, 372.4), (1443.7, 406.9), (1454.8, 395.0), (1454.8, 336.3), (1457.4, 298.4), (1467.9, 283.4), (1486.4, 295.5), (1512.4, 325.4), (1543.0, 259.1), (1581.2, 213.2), (1621.2, 189.4), (1661.2, 190.0), (1701.2, 224.1), (1740.8, 291.0), (1776.6, 364.4), (1808.0, 432.0), (1806.4, 363.1), (1806.8, 314.6), (1813.2, 288.0), (1827.8, 285.1), (1850.2, 314.8), (1878.3, 289.7), (1912.9, 233.6), (1952.8, 198.4), (1992.8, 186.2), (2032.8, 202.6), (2072.8, 254.5), (2112.8, 327.7), (2152.1, 401.0), (2186.2, 395.0), (2221.1, 336.3), (2254.5, 298.4), (2288.7, 283.4), (2322.5, 295.5), (2353.1, 343.0), (2389.1, 415.4), (2424.8, 378.5), (2464.6, 377.6), (2503.6, 420.0), (2538.5, 378.5), (2578.0, 324.9), (2618.0, 292.5), (2658.0, 283.2), (2698.0, 304.0), (2738.0, 360.4), (2776.5, 432.0), (2811.3, 363.1), (2851.1, 314.6), (2890.6, 288.0), (2930.6, 285.1), (2970.6, 314.8), (3010.4, 378.8), (3047.7, 412.9), (3084.3, 349.1), (3088.2, 305.8), (3088.3, 285.0), (3089.4, 289.2), (3090.1, 267.2), (3097.6, 208.8), (3113.1, 171.2), (3136.6, 156.4), (3168.1, 168.9), (3206.7, 216.7), (3244.4, 289.2), (3280.1, 362.5), (3283.5, 432.0), (3289.7, 368.0), (3303.8, 384.9), (3323.9, 432.0), (3340.4, 368.0), (3363.2, 384.9), (3387.1, 432.0), (3405.8, 368.0), (3429.2, 384.9), (3450.2, 432.0), (3469.9, 363.1), (3472.7, 314.6), (3473.5, 288.0), (3481.0, 285.1), (3495.5, 284.9), (3513.9, 221.2), (3536.7, 177.9), (3566.1, 157.0), (3603.3, 161.2), (3643.3, 199.8), (3683.3, 269.1), (3722.3, 267.0), (3760.0, 208.3), (3759.9, 170.4), (3760.2, 155.4), (3761.1, 167.5), (3762.9, 122.7), (3772.4, 69.4), (3789.9, 37.4), (3815.4, 28.4), (3848.9, 49.5), (3888.4, 106.2), (3924.8, 179.5), (3962.0, 252.8), (4001.5, 326.2), (4017.2, 399.5), (4023.8, 395.0), (4036.4, 372.3), (4057.0, 406.1), (4079.0, 395.0), (4097.6, 372.3), (4112.6, 406.1), (4122.1, 395.0), (4126.5, 336.3), (4133.1, 298.4), (4135.8, 283.4), (4136.4, 295.5), (4141.3, 343.0), (4145.2, 415.4), (4145.4, 378.7), (4146.7, 325.4), (4151.1, 293.3), (4151.7, 284.3), (4152.4, 305.4), (4154.0, 362.1), (4154.0, 432.0), (4154.0, 363.4), (4155.2, 315.2), (4156.9, 288.9), (4157.6, 286.3), (4158.5, 316.3), (4159.8, 380.4), (4159.8, 413.0), (4159.8, 349.5), (4161.8, 306.5), (4163.2, 285.9), (4163.5, 290.4), (4164.1, 329.3), (4164.1, 398.8), (4164.1, 395.2), (4164.1, 336.8), (4166.6, 299.2), (4167.7, 284.4), (4168.2, 296.8), (4168.4, 344.6), (4168.4, 417.1), (4168.4, 378.7), (4168.5, 325.4), (4169.1, 293.3), (4170.7, 284.3), (4171.4, 305.4), (4171.4, 362.1), (4171.4, 432.0), (4170.1, 363.1), (4170.7, 314.6), (4171.2, 288.0), (4172.0, 285.1), (4172.5, 314.8), (4172.5, 378.8), (4171.7, 412.9), (4171.3, 349.1), (4172.0, 305.8), (4172.9, 285.0), (4173.2, 289.2), (4173.7, 327.8), (4173.7, 397.1), (4172.5, 395.0), (4172.5, 336.3), (4172.6, 298.4), (4173.8, 283.4), (4174.0, 295.5), (4174.3, 343.0), (4174.3, 415.4), (4173.1, 378.5), (4173.1, 324.9), (4173.2, 292.5), (4174.3, 283.2), (4174.8, 304.0), (4174.8, 360.4), (4174.8, 432.0), (4173.6, 363.1), (4173.6, 314.6), (4173.9, 288.0), (4174.8, 285.1), (4175.3, 314.8), (4175.3, 378.8), (4174.4, 412.9), (4174.0, 349.1), (4174.0, 305.8), (4174.9, 285.0), (4175.2, 289.2), (4175.7, 327.8), (4175.7, 397.1), (4174.5, 395.0), (4174.5, 336.3), (4174.5, 298.4), (4175.6, 283.4), (4175.8, 295.5), (4176.2, 343.0), (4176.2, 415.4), (4174.9, 378.5), (4174.9, 324.9), (4175.1, 292.5), (4177.3, 283.2), (4180.1, 304.0), (4180.2, 360.4), (4180.2, 371.9), (4180.2, 311.0), (4182.6, 270.6), (4185.2, 253.0), (4185.7, 261.3), (4187.2, 304.7), (4187.6, 375.9), (4187.6, 354.8), (4187.6, 298.9), (4189.2, 264.1), (4189.9, 252.2), (4190.5, 268.9), (4191.3, 321.1), (4191.3, 394.3), (4191.3, 338.9), (4191.5, 288.1), (4191.5, 258.9), (4192.2, 253.0), (4192.9, 278.6), (4192.9, 339.3), (4192.9, 390.3), (4192.9, 324.3), (4193.1, 278.7), (4193.5, 255.2), (4193.8, 256.1), (4194.5, 290.5), (4194.5, 357.6), (4194.5, 371.9), (4194.5, 311.0), (4194.7, 270.6), (4195.4, 253.0), (4195.8, 261.3), (4196.1, 304.7), (4196.1, 375.9), (4196.1, 354.8), (4196.1, 298.9), (4196.3, 264.1), (4197.8, 252.2), (4198.5, 268.9), (4198.6, 321.1), (4198.6, 394.3), (4198.6, 338.9), (4198.6, 288.1), (4198.7, 258.9), (4200.2, 253.0), (4200.9, 278.6), (4200.9, 339.3), (4200.9, 390.3), (4200.9, 324.3), (4200.9, 278.7), (4201.6, 255.2), (4205.0, 256.1), (4208.9, 290.5), (4209.6, 357.6), (4209.6, 314.7), (4214.1, 261.4), (4226.6, 229.3), (4247.1, 220.3), (4275.6, 241.4), (4305.1, 298.1), (4329.3, 242.6), (4359.2, 191.6), (4396.9, 162.1), (4436.9, 155.9), (4476.9, 181.1), (4516.9, 241.6), (4555.5, 314.9), (4589.7, 388.3), (4618.5, 403.8), (4641.4, 342.6), (4659.9, 301.9), (4674.0, 284.0), (4683.6, 292.1), (4688.8, 335.1), (4691.0, 274.9), (4700.5, 224.1), (4718.0, 194.9), (4743.5, 189.0), (4777.0, 214.6), (4816.6, 275.3), (4848.0, 348.6), (4848.0, 421.9), (4848.0, 495.3), (4848.0, 568.6), (4848.0, 641.9), (4848.0, 715.3)]",0,0,43.35
experienced,mario,Mario1-1,Success,1,0,183.97,0.788,"[(112.0, 432.0), (113.9, 371.3), (123.4, 320.5), (140.9, 291.3), (166.4, 285.4), (199.9, 310.9), (239.5, 371.6), (276.7, 422.3), (311.5, 356.0), (351.4, 310.0), (391.4, 286.3), (429.9, 286.9), (464.1, 321.0), (498.3, 387.9), (536.0, 403.8), (572.1, 370.5), (609.8, 399.9), (643.9, 403.8), (681.4, 370.5), (721.4, 399.9), (757.4, 403.8), (794.5, 370.5), (832.6, 399.9), (865.3, 403.8), (880.1, 342.6), (885.6, 301.9), (899.1, 284.0), (920.6, 292.1), (950.1, 335.1), (985.7, 331.0), (1025.3, 272.3), (1065.3, 234.4), (1105.3, 219.4), (1145.3, 231.5), (1185.3, 279.0), (1225.3, 351.4), (1264.2, 314.5), (1303.2, 260.9), (1339.8, 228.5), (1379.8, 219.2), (1419.8, 240.0), (1459.8, 296.4), (1498.5, 307.8), (1538.4, 246.6), (1578.4, 205.9), (1618.4, 188.0), (1658.4, 196.1), (1698.4, 239.1), (1736.9, 310.3), (1771.1, 383.6), (1802.0, 399.9), (1808.2, 376.4), (1808.2, 377.3), (1808.4, 411.7), (1806.8, 386.6), (1806.9, 330.4), (1810.4, 295.3), (1821.9, 283.1), (1841.4, 299.5), (1869.7, 316.0), (1907.8, 252.2), (1947.8, 208.9), (1987.8, 188.1), (2027.8, 192.3), (2067.8, 230.9), (2107.8, 300.2), (2147.7, 373.5), (2184.4, 422.3), (2218.6, 356.0), (2255.2, 310.0), (2257.2, 286.3), (2265.8, 286.9), (2280.8, 275.8), (2294.6, 214.6), (2312.3, 174.0), (2338.0, 156.0), (2371.8, 164.1), (2411.4, 207.2), (2451.4, 278.3), (2490.7, 258.6), (2530.7, 246.7), (2570.7, 284.7), (2610.7, 353.7), (2650.0, 427.0), (2683.3, 370.6), (2715.9, 319.6), (2755.1, 290.1), (2795.1, 283.9), (2835.1, 309.1), (2875.1, 369.6), (2915.1, 399.6), (2954.8, 373.3), (2994.8, 370.6), (3034.4, 400.6), (3070.1, 403.8), (3108.0, 370.5), (3147.9, 399.9), (3184.9, 395.4), (3220.3, 374.8), (3260.0, 379.3), (3299.5, 418.2), (3334.3, 378.5), (3369.2, 377.6), (3407.2, 420.0), (3440.2, 378.5), (3472.0, 324.9), (3472.1, 292.5), (3477.6, 283.2), (3491.1, 304.0), (3508.5, 235.2), (3529.7, 186.7), (3558.6, 160.1), (3595.5, 157.1), (3635.5, 186.8), (3675.5, 250.8), (3714.7, 284.9), (3754.5, 221.1), (3759.9, 177.8), (3760.2, 157.0), (3764.2, 161.2), (3765.9, 139.2), (3773.4, 80.8), (3788.9, 43.2), (3812.4, 28.4), (3843.9, 40.9), (3882.7, 88.7), (3920.2, 161.2), (3956.1, 234.5), (3995.8, 307.8), (4016.8, 381.2), (4023.3, 412.9), (4034.9, 369.1), (4054.5, 394.4), (4078.6, 412.9), (4097.9, 369.1), (4113.5, 394.4), (4124.1, 412.9), (4128.5, 349.1), (4134.2, 305.8), (4137.5, 285.0), (4140.4, 289.2), (4145.5, 327.8), (4152.6, 397.1), (4154.4, 395.2), (4154.8, 336.8), (4160.7, 299.2), (4168.0, 284.4), (4173.8, 296.8), (4178.7, 344.6), (4179.4, 390.3), (4179.4, 324.3), (4180.7, 278.7), (4188.4, 255.2), (4194.8, 256.1), (4199.6, 290.5), (4200.5, 357.6), (4199.4, 371.8), (4199.3, 310.6), (4200.0, 269.9), (4203.1, 252.0), (4213.1, 260.1), (4225.4, 303.1), (4233.4, 368.0), (4233.8, 299.2), (4236.5, 250.7), (4247.0, 224.1), (4265.5, 221.3), (4292.0, 251.0), (4320.7, 294.3), (4345.9, 228.0), (4378.5, 182.0), (4417.8, 158.3), (4457.8, 158.9), (4497.8, 193.0), (4537.8, 259.9), (4575.3, 333.3), (4608.4, 406.6), (4624.0, 386.6), (4624.1, 330.4), (4626.8, 295.3), (4637.3, 283.1), (4653.9, 299.5), (4667.1, 351.4), (4674.2, 314.5), (4683.3, 260.9), (4700.3, 228.5), (4725.4, 219.2), (4758.4, 240.0), (4794.1, 296.4), (4824.3, 242.6), (4860.4, 191.6), (4900.4, 162.1), (4940.4, 155.9), (4980.4, 181.1), (5020.4, 241.6), (5060.4, 314.9), (5098.5, 388.3), (5103.8, 403.8), (5105.6, 342.6), (5113.5, 301.9), (5129.5, 284.0), (5153.4, 292.1), (5185.4, 335.1), (5223.6, 406.3), (5260.3, 386.6), (5300.2, 374.7), (5340.2, 412.7), (5377.6, 386.6), (5416.9, 374.7), (5452.2, 412.7), (5483.0, 388.1), (5511.5, 373.3), (5538.1, 385.7), (5560.3, 432.0), (5575.7, 363.1), (5590.7, 314.6), (5613.5, 288.0), (5643.8, 285.1), (5672.5, 314.8), (5696.5, 358.3), (5714.0, 292.0), (5727.4, 246.0), (5738.0, 222.3), (5747.0, 222.9), (5757.9, 257.0), (5764.3, 323.9), (5765.0, 282.5), (5765.1, 229.1), (5768.3, 196.8), (5777.1, 187.7), (5792.0, 208.6), (5803.6, 265.2), (5808.0, 275.8), (5808.0, 214.6), (5809.2, 173.9), (5817.8, 156.0), (5833.7, 164.1), (5848.1, 207.1), (5856.8, 203.0), (5864.1, 144.3), (5879.1, 106.4), (5902.2, 91.4), (5933.2, 103.5), (5971.7, 151.0), (6010.2, 130.6), (6050.2, 74.4), (6090.2, 39.3), (6130.2, 27.1), (6170.2, 43.5), (6210.2, 95.4), (6250.1, 168.6)]",0,0,33.35
experienced,mario,Mario1-1,Success,1,0,163.4,0.787,"[(112.0, 432.0), (113.2, 371.3), (121.8, 320.5), (138.2, 291.3), (162.8, 285.4), (195.2, 310.9), (234.4, 371.6), (271.1, 422.3), (305.3, 356.0), (345.1, 310.0), (384.7, 286.3), (422.1, 286.9), (455.0, 321.0), (488.4, 387.9), (522.4, 403.8), (552.0, 370.5), (578.4, 399.9), (603.7, 395.4), (636.4, 374.8), (675.7, 379.3), (712.7, 418.2), (744.6, 378.5), (781.8, 377.6), (819.9, 420.0), (851.8, 378.5), (879.8, 324.9), (913.8, 292.5), (952.8, 283.2), (992.8, 304.0), (1032.8, 360.4), (1070.3, 432.0), (1103.0, 363.1), (1140.6, 314.6), (1178.6, 288.0), (1218.6, 285.1), (1258.6, 314.8), (1298.1, 358.3), (1337.2, 292.0), (1373.6, 246.0), (1413.2, 222.3), (1453.2, 222.9), (1493.2, 257.0), (1533.2, 323.9), (1572.5, 282.5), (1612.5, 228.9), (1652.4, 196.5), (1692.4, 187.2), (1732.4, 208.0), (1772.4, 264.4), (1811.8, 336.0), (1847.6, 267.1), (1887.6, 218.6), (1927.6, 192.0), (1967.6, 189.1), (2007.6, 218.8), (2047.6, 282.8), (2087.4, 356.1), (2123.8, 429.4), (2155.7, 406.7), (2183.2, 391.9), (2206.3, 404.3), (2224.5, 412.9), (2244.9, 349.1), (2256.0, 305.8), (2257.9, 285.0), (2267.4, 289.2), (2282.7, 267.1), (2295.8, 208.4), (2311.4, 170.5), (2335.0, 155.4), (2366.6, 167.5), (2405.0, 215.0), (2444.7, 287.5), (2483.7, 250.5), (2523.7, 249.6), (2563.7, 292.0), (2603.7, 362.8), (2643.0, 432.0), (2676.0, 363.1), (2708.5, 314.6), (2747.7, 288.0), (2787.7, 285.1), (2827.7, 314.8), (2867.7, 378.8), (2907.2, 395.0), (2946.5, 371.6), (2981.7, 372.4), (3012.6, 406.9), (3038.0, 395.0), (3066.2, 336.3), (3088.0, 298.4), (3088.0, 283.4), (3088.0, 295.5), (3088.0, 343.0), (3092.3, 415.4), (3095.7, 378.5), (3104.5, 377.6), (3121.1, 420.0), (3144.4, 385.0), (3172.8, 373.1), (3197.5, 389.7), (3219.1, 402.4), (3241.7, 376.1), (3272.3, 373.4), (3310.4, 403.4), (3347.1, 403.8), (3376.1, 342.6), (3376.7, 301.9), (3379.3, 284.0), (3389.3, 292.1), (3400.3, 258.6), (3413.5, 246.7), (3434.2, 284.7), (3454.0, 353.7), (3476.9, 427.0), (3496.4, 370.6), (3520.5, 381.0), (3541.3, 427.8), (3556.3, 370.6), (3576.0, 319.6), (3602.5, 290.1), (3626.6, 283.9), (3646.2, 309.1), (3662.5, 369.6), (3683.5, 422.3), (3706.9, 368.3), (3737.7, 389.3), (3766.7, 422.3), (3792.1, 356.0), (3824.9, 310.0), (3864.3, 286.3), (3904.3, 286.9), (3944.3, 321.0), (3984.3, 387.9), (4022.9, 403.8), (4062.8, 370.5), (4102.1, 399.9), (4136.5, 403.8), (4165.0, 342.6), (4189.1, 301.9), (4208.7, 284.0), (4223.9, 292.1), (4234.6, 335.1), (4238.9, 331.0), (4239.0, 272.3), (4244.5, 234.4), (4258.0, 219.4), (4279.5, 231.5), (4307.9, 279.0), (4332.4, 258.6), (4360.1, 202.4), (4395.7, 167.3), (4435.7, 155.1), (4475.7, 171.5), (4515.7, 223.4), (4554.6, 296.6), (4589.3, 369.9), (4619.1, 422.3), (4624.0, 356.0), (4624.4, 310.0), (4630.9, 286.3), (4644.8, 286.9), (4657.2, 321.0), (4664.5, 348.9), (4667.7, 285.1), (4677.6, 241.8), (4695.5, 221.0), (4721.5, 225.2), (4753.5, 263.8), (4781.3, 275.8), (4807.4, 214.6), (4841.2, 173.9), (4880.9, 156.0), (4920.9, 164.1), (4960.9, 207.1), (5000.9, 278.3), (5039.0, 351.6), (5072.6, 424.9), (5099.9, 370.6), (5129.9, 319.6), (5167.1, 290.1), (5205.7, 283.9), (5239.8, 309.1), (5264.1, 369.6), (5269.1, 422.3), (5278.7, 368.3), (5296.4, 389.3), (5321.1, 422.3), (5349.3, 368.3), (5385.4, 389.3), (5422.3, 422.3), (5453.9, 356.0), (5490.9, 310.0), (5526.4, 286.3), (5560.4, 286.9), (5590.3, 321.0), (5616.0, 387.9), (5615.7, 403.8), (5615.8, 342.6), (5621.3, 301.9), (5634.8, 284.0), (5654.4, 292.1), (5670.7, 335.1), (5681.3, 331.0), (5687.6, 272.3), (5695.8, 234.4), (5699.7, 219.4), (5705.5, 231.5), (5710.3, 279.0), (5711.7, 351.4), (5711.7, 314.7), (5711.8, 261.4), (5717.3, 229.3), (5725.3, 220.3), (5730.7, 241.4), (5733.0, 298.1), (5733.0, 368.0), (5731.7, 299.1), (5731.9, 250.6), (5734.4, 224.0), (5738.0, 221.1), (5739.7, 250.8), (5739.7, 314.8), (5738.8, 348.9), (5738.4, 285.1), (5738.4, 241.8), (5740.1, 221.0), (5741.3, 225.2), (5741.8, 263.8), (5741.8, 333.1), (5740.5, 331.0), (5740.5, 272.3), (5740.5, 234.4), (5742.8, 219.4), (5743.5, 231.5), (5743.8, 279.0), (5743.8, 351.4), (5742.6, 314.5), (5742.6, 260.9), (5742.7, 228.5), (5747.2, 219.2), (5754.9, 240.0), (5758.5, 296.4), (5758.7, 307.9), (5758.7, 247.0), (5760.4, 206.6), (5763.7, 189.0), (5768.0, 197.3), (5770.9, 240.7), (5771.0, 311.9), (5769.7, 290.6), (5769.7, 234.4), (5769.7, 199.3), (5772.5, 187.1), (5776.6, 203.5), (5777.8, 255.4), (5777.8, 285.0), (5777.8, 221.5), (5779.7, 178.5), (5789.0, 157.9), (5798.1, 162.4), (5808.3, 201.3), (5814.5, 270.8), (5815.2, 210.8), (5817.0, 159.9), (5826.5, 130.5), (5840.0, 124.5), (5853.4, 149.9), (5864.3, 210.5), (5868.9, 203.0), (5871.5, 144.3), (5882.0, 106.4), (5900.5, 91.4), (5927.0, 103.5), (5961.5, 151.0), (5999.9, 130.6), (6039.9, 74.4), (6079.9, 39.3), (6119.9, 27.1), (6159.9, 43.5), (6199.9, 95.4), (6238.8, 168.6)]",0,0,37.48
experienced,mario,Mario1-1,Success,1,0,208.05,0.785,"[(112.0, 432.0), (113.2, 371.3), (121.8, 320.5), (138.2, 291.3), (162.8, 285.4), (195.2, 310.9), (234.4, 371.6), (271.1, 422.3), (305.3, 356.0), (345.1, 310.0), (385.0, 286.3), (423.5, 286.9), (457.7, 321.0), (492.3, 387.9), (527.5, 403.8), (556.9, 370.5), (583.4, 399.9), (606.7, 395.4), (635.9, 374.8), (673.0, 379.3), (709.7, 418.2), (741.4, 378.5), (778.5, 377.6), (816.6, 420.0), (848.4, 378.5), (877.2, 324.9), (912.8, 292.5), (952.8, 283.2), (992.8, 304.0), (1032.8, 360.4), (1070.2, 432.0), (1102.9, 363.1), (1139.5, 314.6), (1176.3, 288.0), (1216.3, 285.1), (1256.3, 314.8), (1295.8, 358.3), (1334.8, 292.0), (1370.9, 246.0), (1409.8, 222.3), (1449.8, 222.9), (1489.8, 257.0), (1529.8, 323.9), (1569.1, 282.5), (1609.1, 228.9), (1649.1, 196.5), (1689.1, 187.2), (1729.1, 208.0), (1769.1, 264.4), (1808.4, 337.8), (1808.8, 411.1), (1807.7, 386.6), (1807.7, 330.4), (1810.3, 295.3), (1820.8, 283.1), (1839.3, 299.5), (1864.9, 316.0), (1895.5, 252.2), (1933.7, 208.9), (1973.7, 188.1), (2013.7, 192.3), (2053.7, 230.9), (2093.7, 300.2), (2133.5, 373.5), (2170.2, 422.3), (2203.3, 356.0), (2238.3, 310.0), (2270.1, 286.3), (2305.0, 286.9), (2336.7, 321.0), (2373.0, 387.9), (2410.4, 403.8), (2449.9, 370.5), (2489.7, 399.9), (2525.2, 403.8), (2561.8, 342.6), (2601.8, 301.9), (2641.8, 284.0), (2681.8, 292.1), (2721.8, 335.1), (2761.4, 406.3), (2796.3, 386.6), (2834.9, 330.4), (2874.4, 295.3), (2914.4, 283.1), (2954.4, 299.5), (2991.2, 242.7), (3026.9, 191.6), (3066.7, 162.1), (3105.8, 155.9), (3145.8, 181.2), (3185.8, 241.6), (3223.5, 315.0), (3262.4, 388.3), (3300.5, 391.2), (3340.0, 370.7), (3378.1, 375.2), (3415.8, 414.1), (3448.6, 386.6), (3472.0, 330.4), (3472.0, 295.3), (3476.5, 283.1), (3489.0, 299.5), (3506.1, 242.7), (3526.6, 191.6), (3552.0, 162.1), (3584.9, 155.9), (3624.2, 181.2), (3664.2, 241.6), (3703.7, 294.3), (3743.2, 228.0), (3760.0, 182.0), (3760.0, 158.3), (3760.0, 158.9), (3760.0, 193.0), (3760.4, 259.9), (3766.9, 333.3), (3780.8, 406.6), (3792.3, 386.6), (3808.0, 330.4), (3831.8, 295.3), (3863.5, 283.1), (3902.3, 299.5), (3942.3, 351.4), (3981.8, 424.6), (4019.6, 370.6), (4059.6, 381.0), (4098.6, 427.8), (4131.3, 370.6), (4159.2, 319.6), (4182.7, 290.1), (4201.8, 283.9), (4216.4, 309.1), (4226.5, 368.0), (4229.9, 299.1), (4231.3, 250.6), (4239.8, 224.0), (4256.3, 221.1), (4280.2, 250.8), (4302.3, 294.3), (4319.9, 228.0), (4344.3, 182.0), (4376.7, 158.3), (4415.9, 158.9), (4455.9, 193.0), (4495.9, 259.9), (4535.0, 333.3), (4571.3, 406.6), (4601.7, 386.6), (4626.7, 330.4), (4647.3, 295.3), (4663.5, 283.1), (4675.2, 299.5), (4682.5, 351.4), (4683.7, 314.6), (4688.2, 261.3), (4700.7, 229.2), (4721.2, 220.2), (4749.7, 241.3), (4779.2, 297.9), (4802.8, 242.6), (4831.2, 191.6), (4867.6, 162.1), (4907.6, 155.9), (4947.6, 181.1), (4987.6, 241.6), (5027.4, 314.9), (5063.8, 388.3), (5094.8, 403.8), (5105.1, 342.6), (5112.0, 301.9), (5126.9, 284.0), (5149.9, 292.1), (5180.8, 335.1), (5215.1, 331.0), (5247.9, 272.3), (5276.9, 234.4), (5311.1, 219.4), (5350.9, 231.5), (5390.9, 279.0), (5428.8, 258.6), (5463.3, 202.4), (5498.5, 167.3), (5538.0, 155.1), (5578.0, 171.5), (5618.0, 223.4), (5654.9, 296.6), (5687.4, 368.0), (5713.1, 299.1), (5734.4, 250.6), (5751.3, 224.0), (5763.6, 221.1), (5771.6, 250.8), (5775.1, 314.8), (5774.0, 290.6), (5774.0, 234.4), (5774.0, 199.3), (5778.5, 187.1), (5789.8, 203.5), (5798.7, 255.4), (5802.3, 284.9), (5802.3, 221.3), (5803.0, 178.2), (5810.5, 157.5), (5824.1, 161.9), (5834.4, 200.6), (5840.2, 270.0), (5840.5, 210.8), (5842.3, 159.8), (5851.8, 130.4), (5869.3, 124.4), (5893.7, 149.8), (5914.8, 147.8), (5938.4, 86.6), (5970.1, 45.9), (6008.9, 28.0), (6048.9, 36.1), (6088.9, 79.1), (6128.9, 150.3), (6168.9, 223.6), (6208.9, 296.9)]",0,0,29.4
experienced,mario,Mario1-1,Success,1,0,237.71,0.785,"[(112.0, 432.0), (114.6, 371.3), (125.1, 320.5), (143.6, 291.3), (170.1, 285.4), (204.6, 310.9), (244.5, 371.6), (281.7, 422.3), (316.5, 356.0), (356.4, 310.0), (396.4, 286.3), (434.5, 286.9), (468.1, 321.0), (501.3, 387.9), (536.1, 403.8), (571.9, 370.5), (610.8, 399.9), (645.2, 403.8), (683.0, 370.5), (722.9, 399.9), (759.0, 403.8), (796.1, 370.5), (834.1, 399.9), (866.9, 403.8), (880.1, 342.6), (885.6, 301.9), (899.1, 284.0), (920.6, 292.1), (950.1, 335.1), (984.7, 331.0), (1023.7, 272.3), (1063.7, 234.4), (1103.7, 219.4), (1143.7, 231.5), (1183.7, 279.0), (1223.7, 351.4), (1262.7, 314.5), (1302.7, 260.9), (1342.5, 228.5), (1382.5, 219.2), (1422.5, 240.0), (1462.5, 296.4), (1501.1, 307.8), (1541.0, 246.6), (1581.0, 205.9), (1621.0, 188.0), (1661.0, 196.1), (1701.0, 239.1), (1739.6, 310.3), (1773.7, 383.6), (1805.4, 399.9), (1808.6, 376.4), (1808.7, 377.3), (1808.0, 411.7), (1808.9, 386.6), (1808.8, 330.6), (1816.2, 295.5), (1831.8, 283.4), (1855.2, 299.9), (1887.5, 316.4), (1927.4, 252.6), (1967.4, 209.3), (2007.4, 188.5), (2047.4, 192.7), (2087.4, 231.3), (2127.2, 300.6), (2166.7, 374.0), (2202.3, 422.3), (2236.8, 356.0), (2256.0, 310.0), (2257.2, 286.3), (2265.8, 286.9), (2280.8, 275.8), (2297.1, 214.6), (2319.5, 174.0), (2349.9, 156.0), (2387.9, 164.1), (2427.9, 207.2), (2467.4, 278.3), (2506.7, 258.6), (2546.7, 246.7), (2586.7, 284.7), (2626.7, 353.7), (2665.2, 427.0), (2697.3, 370.6), (2731.7, 319.6), (2771.6, 290.1), (2811.6, 283.9), (2851.5, 309.1), (2891.0, 369.6), (2930.3, 422.3), (2969.5, 356.0), (3009.5, 310.0), (3048.5, 286.3), (3083.2, 286.9), (3113.2, 275.8), (3146.4, 214.6), (3185.5, 174.0), (3225.5, 156.0), (3265.5, 164.1), (3305.0, 207.2), (3343.2, 278.3), (3376.0, 351.6), (3380.5, 425.0), (3386.9, 370.6), (3400.4, 381.0), (3417.8, 427.8), (3430.9, 370.6), (3450.5, 381.0), (3475.2, 427.8), (3496.9, 370.6), (3524.5, 381.0), (3549.7, 427.8), (3571.3, 370.6), (3600.0, 319.6), (3633.8, 290.1), (3663.8, 283.9), (3689.0, 294.3), (3714.7, 228.0), (3741.6, 182.1), (3763.2, 158.4), (3780.4, 158.9), (3792.8, 147.9), (3808.9, 86.7), (3832.9, 46.0), (3865.0, 28.1), (3904.0, 36.2), (3944.0, 79.2), (3982.5, 150.3), (4015.4, 130.6), (4051.4, 74.4), (4091.2, 39.3), (4131.2, 27.1), (4171.2, 43.5), (4211.2, 95.4), (4251.2, 168.6), (4291.2, 241.9), (4329.5, 294.3), (4365.4, 228.0), (4405.4, 182.0), (4445.4, 158.3), (4485.4, 158.9), (4525.4, 193.0), (4565.4, 259.9), (4602.9, 333.3), (4636.0, 400.0), (4662.2, 331.1), (4688.2, 282.6), (4721.9, 256.0), (4761.5, 253.1), (4798.4, 282.8), (4830.9, 267.0), (4868.2, 208.3), (4908.2, 170.4), (4948.2, 155.4), (4988.2, 167.5), (5028.2, 215.0), (5068.2, 287.4), (5107.8, 360.8), (5144.7, 306.6), (5184.0, 255.6), (5219.3, 226.1), (5254.2, 219.9), (5294.1, 245.1), (5333.4, 304.0), (5369.3, 235.1), (5409.2, 186.6), (5449.2, 160.0), (5489.2, 157.1), (5529.2, 186.8), (5569.2, 250.8), (5608.8, 324.1), (5644.0, 339.8), (5677.9, 278.6), (5711.7, 237.9), (5741.2, 220.0), (5766.2, 228.1), (5786.8, 271.1), (5801.8, 267.0), (5811.2, 208.3), (5820.6, 170.4), (5837.5, 155.4), (5859.4, 167.5), (5877.1, 197.4), (5893.9, 131.1), (5918.6, 85.2), (5951.3, 61.4), (5990.6, 62.0), (6030.6, 96.1), (6070.6, 163.0), (6110.6, 236.4), (6150.6, 309.7), (6190.6, 383.0), (6226.9, 412.9)]",0,0,25.73
experienced,mario,Mario1-1,Success,1,0,176.2,0.785,"[(112.0, 432.0), (113.9, 371.3), (123.4, 320.5), (140.9, 291.3), (166.4, 285.4), (199.9, 310.9), (239.3, 371.6), (275.4, 422.3), (309.1, 356.0), (348.7, 310.0), (388.0, 286.3), (424.8, 286.9), (457.2, 321.0), (490.0, 387.9), (523.6, 403.8), (553.3, 370.5), (579.6, 399.9), (603.8, 395.4), (634.4, 374.8), (671.8, 379.3), (706.8, 418.2), (736.7, 378.5), (772.1, 377.6), (810.0, 420.0), (841.8, 378.5), (870.4, 324.9), (905.9, 292.5), (945.2, 283.2), (985.1, 304.0), (1025.1, 360.4), (1062.6, 432.0), (1097.4, 363.1), (1136.6, 314.6), (1175.4, 288.0), (1215.4, 285.1), (1255.4, 314.8), (1294.7, 358.3), (1333.5, 292.0), (1369.5, 246.0), (1408.5, 222.3), (1448.5, 222.9), (1488.5, 257.0), (1528.5, 323.9), (1567.8, 282.5), (1607.8, 228.9), (1647.5, 196.5), (1687.4, 187.2), (1727.4, 208.0), (1767.4, 264.4), (1806.7, 337.8), (1808.8, 411.1), (1807.7, 386.6), (1807.7, 330.4), (1811.2, 295.3), (1822.7, 283.1), (1842.2, 299.5), (1868.7, 316.0), (1900.4, 252.2), (1939.0, 208.9), (1978.8, 188.1), (2018.8, 192.3), (2058.8, 230.9), (2098.8, 300.2), (2138.1, 373.5), (2173.1, 422.3), (2205.7, 356.0), (2240.6, 310.0), (2273.1, 286.3), (2309.4, 286.9), (2341.9, 321.0), (2375.6, 387.9), (2409.8, 403.8), (2447.5, 370.5), (2487.3, 399.9), (2522.8, 403.8), (2559.4, 342.6), (2599.4, 301.9), (2639.4, 284.0), (2679.4, 292.1), (2719.4, 335.1), (2758.7, 406.3), (2793.1, 386.6), (2831.3, 330.4), (2870.8, 295.3), (2910.8, 283.1), (2950.8, 299.5), (2987.6, 242.7), (3023.3, 191.6), (3061.8, 162.1), (3100.0, 155.9), (3140.0, 181.2), (3179.9, 241.6), (3217.0, 315.0), (3256.2, 388.3), (3295.1, 391.2), (3334.8, 370.7), (3373.1, 375.2), (3409.8, 414.1), (3440.6, 386.6), (3468.1, 330.4), (3472.0, 295.3), (3476.5, 283.1), (3489.0, 299.5), (3506.1, 242.7), (3526.6, 191.6), (3550.5, 162.1), (3581.8, 155.9), (3620.4, 181.2), (3660.2, 241.6), (3699.7, 294.3), (3739.2, 228.0), (3760.0, 182.0), (3760.0, 158.3), (3760.0, 158.9), (3760.0, 193.0), (3760.4, 259.9), (3766.9, 333.3), (3780.8, 406.6), (3792.3, 386.6), (3808.0, 330.4), (3831.8, 295.3), (3863.5, 283.1), (3902.3, 299.5), (3942.3, 351.4), (3981.4, 424.6), (4018.7, 370.6), (4058.7, 381.0), (4097.7, 427.8), (4130.3, 370.6), (4158.3, 319.6), (4181.8, 290.1), (4200.8, 283.9), (4215.4, 309.1), (4225.6, 368.0), (4229.0, 299.1), (4231.0, 250.6), (4240.5, 224.0), (4258.0, 221.1), (4282.9, 250.8), (4306.0, 294.3), (4324.6, 228.0), (4350.0, 182.0), (4383.4, 158.3), (4423.0, 158.9), (4463.0, 193.0), (4503.0, 259.9), (4541.5, 333.3), (4575.7, 406.6), (4603.9, 386.6), (4626.9, 330.4), (4646.0, 295.3), (4663.1, 283.1), (4675.8, 299.5), (4684.1, 351.4), (4685.6, 314.6), (4690.1, 261.2), (4702.6, 229.0), (4723.1, 219.9), (4751.4, 240.9), (4779.4, 297.4), (4801.4, 242.6), (4828.3, 191.6), (4863.1, 162.1), (4903.0, 155.9), (4943.0, 181.1), (4983.0, 241.6), (5022.6, 314.9), (5058.4, 388.3), (5088.9, 403.8), (5104.8, 342.6), (5112.2, 301.9), (5127.8, 284.0), (5151.2, 292.1), (5182.8, 335.1), (5216.8, 406.3), (5246.9, 386.6), (5264.6, 330.4), (5264.7, 295.3), (5264.7, 283.1), (5264.7, 299.5), (5264.8, 351.4), (5267.5, 424.6), (5275.6, 370.6), (5291.2, 381.0), (5314.8, 427.8), (5341.5, 370.6), (5375.6, 381.0), (5413.7, 427.8), (5445.7, 370.6), (5481.3, 319.6), (5517.9, 290.1), (5552.2, 283.9), (5583.1, 309.1), (5611.6, 369.6), (5616.1, 422.3), (5615.7, 356.0), (5619.2, 310.0), (5630.7, 286.3), (5648.3, 286.9), (5662.6, 321.0), (5671.8, 348.9), (5676.8, 285.1), (5683.0, 241.8), (5684.1, 221.0), (5690.3, 225.2), (5703.3, 263.8), (5713.9, 333.1), (5718.9, 331.0), (5719.2, 272.3), (5722.7, 234.4), (5728.8, 219.4), (5735.2, 231.5), (5739.3, 279.0), (5739.6, 351.4), (5738.4, 314.5), (5738.4, 260.9), (5738.9, 228.5), (5741.7, 219.2), (5743.0, 240.0), (5743.2, 296.4), (5743.2, 368.0), (5741.9, 299.1), (5741.9, 250.6), (5743.2, 224.0), (5748.9, 221.1), (5753.3, 250.8), (5753.8, 314.8), (5753.8, 290.8), (5753.8, 234.9), (5758.2, 200.1), (5764.4, 188.2), (5771.3, 204.9), (5774.2, 257.1), (5774.2, 330.3), (5772.9, 274.6), (5772.9, 223.6), (5773.7, 194.1), (5781.2, 187.9), (5792.6, 213.1), (5799.8, 273.6), (5801.5, 267.1), (5801.5, 208.5), (5803.4, 170.6), (5812.9, 155.6), (5826.3, 167.8), (5835.5, 215.4), (5839.7, 262.3), (5839.7, 196.1), (5843.2, 150.3), (5854.7, 126.7), (5874.2, 127.4), (5898.8, 161.7), (5920.0, 130.6), (5947.2, 74.4), (5982.3, 39.3), (6022.2, 27.1), (6062.2, 43.5), (6102.2, 95.4), (6142.2, 168.6), (6182.2, 241.9), (6222.2, 315.3)]",0,0,34.68
experienced,mario,Mario1-1,Pit,1,0,226.87,0.272,"[(112.0, 432.0), (113.2, 371.3), (121.8, 320.5), (138.2, 291.3), (162.8, 285.4), (195.2, 310.9), (234.3, 371.6), (270.4, 422.3), (304.1, 356.0), (343.7, 310.0), (383.3, 286.3), (419.1, 286.9), (450.7, 321.0), (483.9, 387.9), (516.4, 403.8), (547.3, 370.5), (575.7, 399.9), (601.9, 395.4), (634.7, 374.8), (673.6, 379.3), (709.4, 418.2), (741.0, 378.5), (778.6, 377.6), (816.7, 420.0), (848.5, 378.5), (877.3, 324.9), (912.9, 292.5), (950.3, 283.2), (989.7, 304.0), (1029.7, 360.4), (1067.2, 432.0), (1100.8, 363.1), (1139.6, 314.6), (1178.3, 288.0), (1218.3, 285.1), (1258.3, 314.8), (1297.8, 358.3), (1336.8, 292.0), (1373.2, 246.0), (1412.9, 222.3), (1452.9, 222.9), (1492.9, 257.0), (1532.9, 323.9), (1572.2, 282.5), (1610.6, 228.9), (1647.7, 196.5), (1685.6, 187.2), (1725.5, 208.0), (1765.5, 264.4), (1804.8, 337.8), (1808.8, 411.1), (1807.7, 386.6), (1807.7, 330.4), (1810.3, 295.3), (1820.8, 283.1), (1839.3, 299.5), (1864.9, 316.0), (1895.5, 252.2), (1932.2, 208.9), (1969.4, 188.1), (2008.6, 192.3), (2048.6, 230.9), (2088.6, 300.2), (2127.9, 373.5), (2160.0, 446.9), (2160.0, 520.2), (2160.0, 593.5), (2160.0, 666.9)]",0,0,9.03
experienced,mario,Mario1-1,Success,1,0,229.44,0.785,"[(112.0, 432.0), (114.6, 371.3), (125.1, 320.5), (143.6, 291.3), (170.1, 285.4), (204.6, 310.9), (244.3, 371.6), (280.4, 422.3), (314.1, 356.0), (353.7, 310.0), (393.7, 286.3), (432.2, 286.9), (466.4, 321.0), (500.4, 387.9), (535.7, 403.8), (569.4, 370.5), (602.1, 399.9), (633.3, 395.4), (671.5, 374.8), (711.5, 379.3), (750.0, 418.2), (783.0, 378.5), (818.6, 377.6), (850.9, 420.0), (876.9, 378.5), (881.2, 324.9), (889.8, 292.5), (906.2, 283.2), (930.8, 304.0), (963.2, 360.4), (998.8, 306.6), (1038.7, 255.6), (1078.7, 226.1), (1118.7, 219.9), (1158.7, 245.1), (1198.7, 305.6), (1238.2, 358.3), (1277.7, 292.0), (1316.7, 246.0), (1355.7, 222.3), (1395.7, 222.9), (1435.7, 257.0), (1475.7, 323.9), (1514.3, 282.5), (1554.3, 228.9), (1594.3, 196.5), (1634.3, 187.2), (1674.3, 208.0), (1714.2, 264.4), (1751.2, 337.8), (1783.7, 411.1), (1808.1, 388.4), (1808.2, 373.6), (1808.3, 386.0), (1808.1, 432.0), (1807.0, 363.1), (1809.6, 314.6), (1820.1, 288.0), (1838.6, 285.1), (1865.1, 314.8), (1901.4, 289.7), (1941.4, 233.6), (1981.4, 198.4), (2021.4, 186.2), (2061.4, 202.6), (2100.7, 254.5), (2140.5, 327.7), (2178.6, 401.0), (2211.6, 395.0), (2248.5, 336.3), (2256.0, 298.4), (2259.5, 283.4), (2271.0, 295.5), (2286.4, 250.5), (2297.8, 196.9), (2308.5, 164.5), (2327.3, 155.3), (2354.0, 176.1), (2388.7, 232.5), (2428.2, 304.0), (2465.7, 235.1), (2479.9, 186.6), (2481.8, 160.0), (2491.1, 157.1), (2499.6, 156.9), (2510.3, 93.2), (2529.1, 49.9), (2555.8, 29.0), (2590.5, 33.2), (2630.4, 71.8), (2669.7, 141.1), (2708.6, 139.0), (2744.9, 80.3), (2784.0, 42.4), (2824.0, 27.4), (2864.0, 39.5), (2904.0, 87.0), (2944.0, 159.4), (2982.4, 122.5), (3022.4, 68.9), (3062.4, 36.5), (3102.4, 27.2), (3142.4, 48.0), (3182.4, 104.4), (3222.4, 177.8), (3262.0, 251.1), (3298.3, 284.9), (3332.2, 221.1), (3364.6, 177.8), (3395.4, 157.0), (3433.4, 161.2), (3472.7, 199.8), (3512.0, 269.1), (3549.4, 267.0), (3581.3, 208.3), (3618.3, 170.4), (3658.3, 155.4), (3695.8, 167.5), (3730.0, 215.0), (3767.1, 287.4), (3807.1, 360.8), (3844.6, 432.0), (3878.3, 363.1), (3917.7, 314.6), (3957.7, 288.0), (3997.7, 285.1), (4034.8, 284.9), (4073.4, 241.1), (4113.3, 266.4), (4150.2, 326.2), (4182.8, 399.5), (4208.5, 330.7), (4230.7, 282.1), (4252.0, 255.5), (4280.2, 252.6), (4306.8, 282.3), (4327.8, 267.0), (4350.2, 208.3), (4380.6, 170.4), (4418.6, 155.4), (4458.6, 167.5), (4498.6, 215.0), (4538.3, 287.4), (4574.7, 360.8), (4606.7, 432.0), (4631.8, 363.1), (4652.7, 314.6), (4676.4, 288.0), (4697.6, 285.1), (4714.3, 314.8), (4720.8, 289.7), (4728.2, 233.6), (4743.8, 198.4), (4767.2, 186.2), (4798.8, 202.6), (4837.5, 254.5), (4876.9, 284.9), (4916.8, 221.1), (4956.8, 177.8), (4996.8, 157.0), (5036.8, 161.2), (5076.8, 199.8), (5116.6, 269.1), (5156.6, 342.4), (5195.1, 322.6), (5233.7, 266.4), (5272.5, 231.3), (5312.5, 219.1), (5352.5, 235.5), (5392.5, 287.4), (5430.9, 250.5), (5470.9, 196.9), (5510.9, 164.5), (5550.9, 155.2), (5590.9, 176.0), (5630.7, 232.4), (5667.1, 305.8), (5698.8, 358.3), (5723.9, 292.0), (5744.7, 246.0), (5760.9, 222.3), (5772.8, 222.9), (5780.2, 257.0), (5782.8, 285.0), (5784.0, 221.5), (5792.5, 178.5), (5808.8, 157.9), (5831.2, 162.4), (5852.0, 201.3), (5867.0, 211.8), (5877.9, 150.6), (5896.3, 109.9), (5922.7, 92.0), (5957.1, 100.1), (5996.9, 143.1), (6036.9, 214.3), (6076.9, 287.6), (6116.9, 360.9), (6155.0, 432.0), (6191.7, 363.1)]",0,0,26.65
experienced,mario,Mario1-1,Pit,1,0,197.22,0.272,"[(112.0, 432.0), (113.2, 371.3), (121.8, 320.5), (138.2, 291.3), (162.8, 285.4), (195.2, 310.9), (233.8, 371.6), (268.8, 422.3), (299.2, 356.0), (335.9, 310.0), (371.1, 286.3), (402.0, 286.9), (435.3, 321.0), (469.6, 387.9), (500.6, 390.8), (537.4, 370.3), (573.9, 374.8), (606.0, 413.7), (636.5, 378.7), (673.3, 369.3), (707.6, 396.6), (736.8, 412.9), (765.3, 369.1), (798.9, 394.4), (828.0, 412.9), (851.0, 369.1), (869.5, 394.4), (880.1, 412.9), (880.2, 349.1), (884.7, 305.8), (897.2, 285.0), (917.7, 289.2), (946.2, 327.8), (979.5, 339.8), (1014.1, 278.6), (1045.0, 237.9), (1074.6, 220.0), (1106.1, 228.1), (1144.2, 271.1), (1184.1, 342.3), (1200.0, 415.6), (1198.8, 378.5), (1199.5, 324.9), (1207.0, 292.5), (1222.5, 283.2), (1246.0, 304.0), (1276.9, 360.4), (1308.2, 306.6), (1338.5, 255.6), (1367.2, 226.1), (1400.8, 219.9), (1439.1, 245.1), (1479.1, 305.6), (1517.9, 299.0), (1553.4, 240.3), (1584.5, 202.4), (1614.2, 187.4), (1646.1, 199.5), (1681.7, 247.0), (1715.2, 319.4), (1744.2, 392.8), (1768.0, 403.8), (1785.8, 342.6), (1799.2, 301.9), (1815.1, 284.0), (1839.1, 292.1), (1871.0, 335.1), (1905.1, 266.3), (1936.0, 217.7), (1965.3, 191.1), (1995.8, 188.2), (2029.4, 217.9), (2067.7, 281.9), (2107.3, 355.2), (2143.1, 428.5), (2160.4, 501.9), (2160.4, 575.2), (2160.4, 648.5), (2160.4, 721.9)]",0,0,10.4
experienced,mario,Mario1-1,Pit,1,0,207.12,0.272,"[(112.0, 432.0), (113.2, 371.3), (121.8, 320.5), (138.2, 291.3), (162.8, 285.4), (195.2, 310.9), (234.3, 371.6), (270.4, 422.3), (304.1, 356.0), (343.5, 310.0), (381.6, 286.3), (416.7, 286.9), (447.9, 321.0), (480.5, 387.9), (512.2, 403.8), (542.9, 370.5), (572.1, 399.9), (596.8, 395.4), (619.2, 374.8), (648.3, 379.3), (681.2, 418.2), (710.2, 378.5), (745.3, 377.6), (783.0, 420.0), (814.6, 378.5), (844.0, 377.6), (869.2, 420.0), (880.0, 378.5), (881.2, 324.9), (889.8, 292.5), (906.2, 283.2), (930.8, 304.0), (963.2, 360.4), (998.8, 306.6), (1036.4, 255.6), (1072.1, 226.1), (1108.0, 219.9), (1147.8, 245.1), (1187.8, 305.6), (1227.1, 358.3), (1265.4, 292.0), (1302.4, 246.0), (1336.6, 222.3), (1373.4, 222.9), (1413.4, 257.0), (1453.0, 323.9), (1488.2, 282.5), (1525.2, 228.9), (1560.5, 196.5), (1596.3, 187.2), (1634.3, 208.0), (1673.9, 264.4), (1709.7, 337.8), (1741.1, 411.1), (1768.1, 388.4), (1790.6, 373.6), (1808.6, 386.0), (1808.8, 432.0), (1808.0, 363.2), (1808.0, 314.8), (1812.5, 288.2), (1825.0, 285.4), (1845.5, 315.2), (1871.6, 290.1), (1904.2, 234.0), (1939.5, 198.8), (1975.1, 186.6), (2012.9, 203.0), (2052.8, 255.0), (2092.8, 328.1), (2130.3, 401.5), (2160.0, 474.8), (2160.8, 548.1), (2160.8, 621.5), (2160.8, 694.8)]",0,0,9.92
experienced,mario,Mario1-1,Enemy,1,0,248.86,0.363,"[(112.0, 432.0), (114.6, 371.3), (125.1, 320.5), (143.6, 291.3), (170.1, 285.4), (204.6, 310.9), (244.5, 371.6), (282.8, 422.3), (318.7, 356.0), (358.7, 310.0), (398.7, 286.3), (436.7, 286.9), (470.3, 321.0), (503.6, 387.9), (539.7, 403.8), (577.0, 342.6), (616.3, 301.9), (651.5, 284.0), (682.4, 292.1), (708.5, 258.6), (739.7, 246.7), (778.4, 284.7), (815.6, 258.6), (855.4, 202.4), (895.4, 167.3), (935.4, 155.1), (975.4, 171.5), (1015.4, 223.4), (1055.4, 296.6), (1095.4, 369.9), (1133.7, 422.3), (1166.7, 356.0), (1205.1, 310.0), (1245.1, 286.3), (1285.1, 286.9), (1325.1, 321.0), (1364.7, 387.9), (1399.7, 403.8), (1430.5, 342.6), (1465.2, 301.9), (1505.1, 284.0), (1545.1, 292.1), (1585.1, 335.1), (1625.0, 406.3), (1661.1, 386.6), (1700.2, 330.4), (1738.8, 295.3), (1773.5, 283.1), (1812.5, 299.5), (1851.4, 316.0), (1891.0, 252.2), (1931.0, 208.9), (1971.0, 188.1), (2011.0, 192.3), (2051.0, 230.9), (2091.0, 300.2), (2131.0, 373.5), (2169.1, 417.6), (2205.6, 388.4), (2245.6, 382.5), (2285.5, 408.0), (2321.5, 395.0), (2359.7, 336.3), (2384.0, 298.4), (2385.9, 283.4), (2393.4, 295.5), (2398.9, 250.5), (2411.2, 196.9), (2429.5, 164.5), (2444.5, 155.3), (2455.2, 176.1), (2462.5, 232.5), (2475.9, 304.0), (2493.4, 240.0), (2518.9, 256.9), (2552.4, 308.1), (2592.0, 381.2), (2630.7, 412.9), (2664.3, 349.1), (2702.4, 305.8), (2742.4, 285.0), (2782.4, 289.2), (2822.4, 327.8), (2862.4, 397.1)]",0,0,11.15
experienced,mario,Mario1-1,Success,1,0,183.97,0.788,"[(112.0, 432.0), (113.9, 371.3), (123.4, 320.5), (140.9, 291.3), (166.4, 285.4), (199.9, 310.9), (239.5, 371.6), (276.7, 422.3), (311.5, 356.0), (351.4, 310.0), (391.4, 286.3), (429.9, 286.9), (464.1, 321.0), (498.3, 387.9), (536.0, 403.8), (572.1, 370.5), (609.8, 399.9), (643.9, 403.8), (681.4, 370.5), (721.4, 399.9), (757.4, 403.8), (794.5, 370.5), (832.6, 399.9), (865.3, 403.8), (880.1, 342.6), (885.6, 301.9), (899.1, 284.0), (920.6, 292.1), (950.1, 335.1), (985.7, 331.0), (1025.3, 272.3), (1065.3, 234.4), (1105.3, 219.4), (1145.3, 231.5), (1185.3, 279.0), (1225.3, 351.4), (1264.2, 314.5), (1303.2, 260.9), (1339.8, 228.5), (1379.8, 219.2), (1419.8, 240.0), (1459.8, 296.4), (1498.5, 307.8), (1538.4, 246.6), (1578.4, 205.9), (1618.4, 188.0), (1658.4, 196.1), (1698.4, 239.1), (1736.9, 310.3), (1771.1, 383.6), (1802.0, 399.9), (1808.2, 376.4), (1808.2, 377.3), (1808.4, 411.7), (1806.8, 386.6), (1806.9, 330.4), (1810.4, 295.3), (1821.9, 283.1), (1841.4, 299.5), (1869.7, 316.0), (1907.8, 252.2), (1947.8, 208.9), (1987.8, 188.1), (2027.8, 192.3), (2067.8, 230.9), (2107.8, 300.2), (2147.7, 373.5), (2184.4, 422.3), (2218.6, 356.0), (2255.2, 310.0), (2257.2, 286.3), (2265.8, 286.9), (2280.8, 275.8), (2294.6, 214.6), (2312.3, 174.0), (2338.0, 156.0), (2371.8, 164.1), (2411.4, 207.2), (2451.4, 278.3), (2490.7, 258.6), (2530.7, 246.7), (2570.7, 284.7), (2610.7, 353.7), (2650.0, 427.0), (2683.3, 370.6), (2715.9, 319.6), (2755.1, 290.1), (2795.1, 283.9), (2835.1, 309.1), (2875.1, 369.6), (2915.1, 399.6), (2954.8, 373.3), (2994.8, 370.6), (3034.4, 400.6), (3070.1, 403.8), (3108.0, 370.5), (3147.9, 399.9), (3184.9, 395.4), (3220.3, 374.8), (3260.0, 379.3), (3299.5, 418.2), (3334.3, 378.5), (3369.2, 377.6), (3407.2, 420.0), (3440.2, 378.5), (3472.0, 324.9), (3472.1, 292.5), (3477.6, 283.2), (3491.1, 304.0), (3508.5, 235.2), (3529.7, 186.7), (3558.6, 160.1), (3595.5, 157.1), (3635.5, 186.8), (3675.5, 250.8), (3714.7, 284.9), (3754.5, 221.1), (3759.9, 177.8), (3760.2, 157.0), (3764.2, 161.2), (3765.9, 139.2), (3773.4, 80.8), (3788.9, 43.2), (3812.4, 28.4), (3843.9, 40.9), (3882.7, 88.7), (3920.2, 161.2), (3956.1, 234.5), (3995.8, 307.8), (4016.8, 381.2), (4023.3, 412.9), (4034.9, 369.1), (4054.5, 394.4), (4078.6, 412.9), (4097.9, 369.1), (4113.5, 394.4), (4124.1, 412.9), (4128.5, 349.1), (4134.2, 305.8), (4137.5, 285.0), (4140.4, 289.2), (4145.5, 327.8), (4152.6, 397.1), (4154.4, 395.2), (4154.8, 336.8), (4160.7, 299.2), (4168.0, 284.4), (4173.8, 296.8), (4178.7, 344.6), (4179.4, 390.3), (4179.4, 324.3), (4180.7, 278.7), (4188.4, 255.2), (4194.8, 256.1), (4199.6, 290.5), (4200.5, 357.6), (4199.4, 371.8), (4199.3, 310.6), (4200.0, 269.9), (4203.1, 252.0), (4213.1, 260.1), (4225.4, 303.1), (4233.4, 368.0), (4233.8, 299.2), (4236.5, 250.7), (4247.0, 224.1), (4265.5, 221.3), (4292.0, 251.0), (4320.7, 294.3), (4345.9, 228.0), (4378.5, 182.0), (4417.8, 158.3), (4457.8, 158.9), (4497.8, 193.0), (4537.8, 259.9), (4575.3, 333.3), (4608.4, 406.6), (4624.0, 386.6), (4624.1, 330.4), (4626.8, 295.3), (4637.3, 283.1), (4653.9, 299.5), (4667.1, 351.4), (4674.2, 314.5), (4683.3, 260.9), (4700.3, 228.5), (4725.4, 219.2), (4758.4, 240.0), (4794.1, 296.4), (4824.3, 242.6), (4860.4, 191.6), (4900.4, 162.1), (4940.4, 155.9), (4980.4, 181.1), (5020.4, 241.6), (5060.4, 314.9), (5098.5, 388.3), (5103.8, 403.8), (5105.6, 342.6), (5113.5, 301.9), (5129.5, 284.0), (5153.4, 292.1), (5185.4, 335.1), (5223.6, 406.3), (5260.3, 386.6), (5300.2, 374.7), (5340.2, 412.7), (5377.6, 386.6), (5416.9, 374.7), (5452.2, 412.7), (5483.0, 388.1), (5511.5, 373.3), (5538.1, 385.7), (5560.3, 432.0), (5575.7, 363.1), (5590.7, 314.6), (5613.5, 288.0), (5643.8, 285.1), (5672.5, 314.8), (5696.5, 358.3), (5714.0, 292.0), (5727.4, 246.0), (5738.0, 222.3), (5747.0, 222.9), (5757.9, 257.0), (5764.3, 323.9), (5765.0, 282.5), (5765.1, 229.1), (5768.3, 196.8), (5777.1, 187.7), (5792.0, 208.6), (5803.6, 265.2), (5808.0, 275.8), (5808.0, 214.6), (5809.2, 173.9), (5817.8, 156.0), (5833.7, 164.1), (5848.1, 207.1), (5856.8, 203.0), (5864.1, 144.3), (5879.1, 106.4), (5902.2, 91.4), (5933.2, 103.5), (5971.7, 151.0), (6010.2, 130.6), (6050.2, 74.4), (6090.2, 39.3), (6130.2, 27.1), (6170.2, 43.5), (6210.2, 95.4), (6250.1, 168.6)]",0,0,33.35
experienced,mario,Mario1-1,Success,1,0,163.4,0.787,"[(112.0, 432.0), (113.2, 371.3), (121.8, 320.5), (138.2, 291.3), (162.8, 285.4), (195.2, 310.9), (234.4, 371.6), (271.1, 422.3), (305.3, 356.0), (345.1, 310.0), (384.7, 286.3), (422.1, 286.9), (455.0, 321.0), (488.4, 387.9), (522.4, 403.8), (552.0, 370.5), (578.4, 399.9), (603.7, 395.4), (636.4, 374.8), (675.7, 379.3), (712.7, 418.2), (744.6, 378.5), (781.8, 377.6), (819.9, 420.0), (851.8, 378.5), (879.8, 324.9), (913.8, 292.5), (952.8, 283.2), (992.8, 304.0), (1032.8, 360.4), (1070.3, 432.0), (1103.0, 363.1), (1140.6, 314.6), (1178.6, 288.0), (1218.6, 285.1), (1258.6, 314.8), (1298.1, 358.3), (1337.2, 292.0), (1373.6, 246.0), (1413.2, 222.3), (1453.2, 222.9), (1493.2, 257.0), (1533.2, 323.9), (1572.5, 282.5), (1612.5, 228.9), (1652.4, 196.5), (1692.4, 187.2), (1732.4, 208.0), (1772.4, 264.4), (1811.8, 336.0), (1847.6, 267.1), (1887.6, 218.6), (1927.6, 192.0), (1967.6, 189.1), (2007.6, 218.8), (2047.6, 282.8), (2087.4, 356.1), (2123.8, 429.4), (2155.7, 406.7), (2183.2, 391.9), (2206.3, 404.3), (2224.5, 412.9), (2244.9, 349.1), (2256.0, 305.8), (2257.9, 285.0), (2267.4, 289.2), (2282.7, 267.1), (2295.8, 208.4), (2311.4, 170.5), (2335.0, 155.4), (2366.6, 167.5), (2405.0, 215.0), (2444.7, 287.5), (2483.7, 250.5), (2523.7, 249.6), (2563.7, 292.0), (2603.7, 362.8), (2643.0, 432.0), (2676.0, 363.1), (2708.5, 314.6), (2747.7, 288.0), (2787.7, 285.1), (2827.7, 314.8), (2867.7, 378.8), (2907.2, 395.0), (2946.5, 371.6), (2981.7, 372.4), (3012.6, 406.9), (3038.0, 395.0), (3066.2, 336.3), (3088.0, 298.4), (3088.0, 283.4), (3088.0, 295.5), (3088.0, 343.0), (3092.3, 415.4), (3095.7, 378.5), (3104.5, 377.6), (3121.1, 420.0), (3144.4, 385.0), (3172.8, 373.1), (3197.5, 389.7), (3219.1, 402.4), (3241.7, 376.1), (3272.3, 373.4), (3310.4, 403.4), (3347.1, 403.8), (3376.1, 342.6), (3376.7, 301.9), (3379.3, 284.0), (3389.3, 292.1), (3400.3, 258.6), (3413.5, 246.7), (3434.2, 284.7), (3454.0, 353.7), (3476.9, 427.0), (3496.4, 370.6), (3520.5, 381.0), (3541.3, 427.8), (3556.3, 370.6), (3576.0, 319.6), (3602.5, 290.1), (3626.6, 283.9), (3646.2, 309.1), (3662.5, 369.6), (3683.5, 422.3), (3706.9, 368.3), (3737.7, 389.3), (3766.7, 422.3), (3792.1, 356.0), (3824.9, 310.0), (3864.3, 286.3), (3904.3, 286.9), (3944.3, 321.0), (3984.3, 387.9), (4022.9, 403.8), (4062.8, 370.5), (4102.1, 399.9), (4136.5, 403.8), (4165.0, 342.6), (4189.1, 301.9), (4208.7, 284.0), (4223.9, 292.1), (4234.6, 335.1), (4238.9, 331.0), (4239.0, 272.3), (4244.5, 234.4), (4258.0, 219.4), (4279.5, 231.5), (4307.9, 279.0), (4332.4, 258.6), (4360.1, 202.4), (4395.7, 167.3), (4435.7, 155.1), (4475.7, 171.5), (4515.7, 223.4), (4554.6, 296.6), (4589.3, 369.9), (4619.1, 422.3), (4624.0, 356.0), (4624.4, 310.0), (4630.9, 286.3), (4644.8, 286.9), (4657.2, 321.0), (4664.5, 348.9), (4667.7, 285.1), (4677.6, 241.8), (4695.5, 221.0), (4721.5, 225.2), (4753.5, 263.8), (4781.3, 275.8), (4807.4, 214.6), (4841.2, 173.9), (4880.9, 156.0), (4920.9, 164.1), (4960.9, 207.1), (5000.9, 278.3), (5039.0, 351.6), (5072.6, 424.9), (5099.9, 370.6), (5129.9, 319.6), (5167.1, 290.1), (5205.7, 283.9), (5239.8, 309.1), (5264.1, 369.6), (5269.1, 422.3), (5278.7, 368.3), (5296.4, 389.3), (5321.1, 422.3), (5349.3, 368.3), (5385.4, 389.3), (5422.3, 422.3), (5453.9, 356.0), (5490.9, 310.0), (5526.4, 286.3), (5560.4, 286.9), (5590.3, 321.0), (5616.0, 387.9), (5615.7, 403.8), (5615.8, 342.6), (5621.3, 301.9), (5634.8, 284.0), (5654.4, 292.1), (5670.7, 335.1), (5681.3, 331.0), (5687.6, 272.3), (5695.8, 234.4), (5699.7, 219.4), (5705.5, 231.5), (5710.3, 279.0), (5711.7, 351.4), (5711.7, 314.7), (5711.8, 261.4), (5717.3, 229.3), (5725.3, 220.3), (5730.7, 241.4), (5733.0, 298.1), (5733.0, 368.0), (5731.7, 299.1), (5731.9, 250.6), (5734.4, 224.0), (5738.0, 221.1), (5739.7, 250.8), (5739.7, 314.8), (5738.8, 348.9), (5738.4, 285.1), (5738.4, 241.8), (5740.1, 221.0), (5741.3, 225.2), (5741.8, 263.8), (5741.8, 333.1), (5740.5, 331.0), (5740.5, 272.3), (5740.5, 234.4), (5742.8, 219.4), (5743.5, 231.5), (5743.8, 279.0), (5743.8, 351.4), (5742.6, 314.5), (5742.6, 260.9), (5742.7, 228.5), (5747.2, 219.2), (5754.9, 240.0), (5758.5, 296.4), (5758.7, 307.9), (5758.7, 247.0), (5760.4, 206.6), (5763.7, 189.0), (5768.0, 197.3), (5770.9, 240.7), (5771.0, 311.9), (5769.7, 290.6), (5769.7, 234.4), (5769.7, 199.3), (5772.5, 187.1), (5776.6, 203.5), (5777.8, 255.4), (5777.8, 285.0), (5777.8, 221.5), (5779.7, 178.5), (5789.0, 157.9), (5798.1, 162.4), (5808.3, 201.3), (5814.5, 270.8), (5815.2, 210.8), (5817.0, 159.9), (5826.5, 130.5), (5840.0, 124.5), (5853.4, 149.9), (5864.3, 210.5), (5868.9, 203.0), (5871.5, 144.3), (5882.0, 106.4), (5900.5, 91.4), (5927.0, 103.5), (5961.5, 151.0), (5999.9, 130.6), (6039.9, 74.4), (6079.9, 39.3), (6119.9, 27.1), (6159.9, 43.5), (6199.9, 95.4), (6238.8, 168.6)]",0,0,37.48
experienced,mario,Mario1-1,Success,1,0,208.05,0.785,"[(112.0, 432.0), (113.2, 371.3), (121.8, 320.5), (138.2, 291.3), (162.8, 285.4), (195.2, 310.9), (234.4, 371.6), (271.1, 422.3), (305.3, 356.0), (345.1, 310.0), (385.0, 286.3), (423.5, 286.9), (457.7, 321.0), (492.3, 387.9), (527.5, 403.8), (556.9, 370.5), (583.4, 399.9), (606.7, 395.4), (635.9, 374.8), (673.0, 379.3), (709.7, 418.2), (741.4, 378.5), (778.5, 377.6), (816.6, 420.0), (848.4, 378.5), (877.2, 324.9), (912.8, 292.5), (952.8, 283.2), (992.8, 304.0), (1032.8, 360.4), (1070.2, 432.0), (1102.9, 363.1), (1139.5, 314.6), (1176.3, 288.0), (1216.3, 285.1), (1256.3, 314.8), (1295.8, 358.3), (1334.8, 292.0), (1370.9, 246.0), (1409.8, 222.3), (1449.8, 222.9), (1489.8, 257.0), (1529.8, 323.9), (1569.1, 282.5), (1609.1, 228.9), (1649.1, 196.5), (1689.1, 187.2), (1729.1, 208.0), (1769.1, 264.4), (1808.4, 337.8), (1808.8, 411.1), (1807.7, 386.6), (1807.7, 330.4), (1810.3, 295.3), (1820.8, 283.1), (1839.3, 299.5), (1864.9, 316.0), (1895.5, 252.2), (1933.7, 208.9), (1973.7, 188.1), (2013.7, 192.3), (2053.7, 230.9), (2093.7, 300.2), (2133.5, 373.5), (2170.2, 422.3), (2203.3, 356.0), (2238.3, 310.0), (2270.1, 286.3), (2305.0, 286.9), (2336.7, 321.0), (2373.0, 387.9), (2410.4, 403.8), (2449.9, 370.5), (2489.7, 399.9), (2525.2, 403.8), (2561.8, 342.6), (2601.8, 301.9), (2641.8, 284.0), (2681.8, 292.1), (2721.8, 335.1), (2761.4, 406.3), (2796.3, 386.6), (2834.9, 330.4), (2874.4, 295.3), (2914.4, 283.1), (2954.4, 299.5), (2991.2, 242.7), (3026.9, 191.6), (3066.7, 162.1), (3105.8, 155.9), (3145.8, 181.2), (3185.8, 241.6), (3223.5, 315.0), (3262.4, 388.3), (3300.5, 391.2), (3340.0, 370.7), (3378.1, 375.2), (3415.8, 414.1), (3448.6, 386.6), (3472.0, 330.4), (3472.0, 295.3), (3476.5, 283.1), (3489.0, 299.5), (3506.1, 242.7), (3526.6, 191.6), (3552.0, 162.1), (3584.9, 155.9), (3624.2, 181.2), (3664.2, 241.6), (3703.7, 294.3), (3743.2, 228.0), (3760.0, 182.0), (3760.0, 158.3), (3760.0, 158.9), (3760.0, 193.0), (3760.4, 259.9), (3766.9, 333.3), (3780.8, 406.6), (3792.3, 386.6), (3808.0, 330.4), (3831.8, 295.3), (3863.5, 283.1), (3902.3, 299.5), (3942.3, 351.4), (3981.8, 424.6), (4019.6, 370.6), (4059.6, 381.0), (4098.6, 427.8), (4131.3, 370.6), (4159.2, 319.6), (4182.7, 290.1), (4201.8, 283.9), (4216.4, 309.1), (4226.5, 368.0), (4229.9, 299.1), (4231.3, 250.6), (4239.8, 224.0), (4256.3, 221.1), (4280.2, 250.8), (4302.3, 294.3), (4319.9, 228.0), (4344.3, 182.0), (4376.7, 158.3), (4415.9, 158.9), (4455.9, 193.0), (4495.9, 259.9), (4535.0, 333.3), (4571.3, 406.6), (4601.7, 386.6), (4626.7, 330.4), (4647.3, 295.3), (4663.5, 283.1), (4675.2, 299.5), (4682.5, 351.4), (4683.7, 314.6), (4688.2, 261.3), (4700.7, 229.2), (4721.2, 220.2), (4749.7, 241.3), (4779.2, 297.9), (4802.8, 242.6), (4831.2, 191.6), (4867.6, 162.1), (4907.6, 155.9), (4947.6, 181.1), (4987.6, 241.6), (5027.4, 314.9), (5063.8, 388.3), (5094.8, 403.8), (5105.1, 342.6), (5112.0, 301.9), (5126.9, 284.0), (5149.9, 292.1), (5180.8, 335.1), (5215.1, 331.0), (5247.9, 272.3), (5276.9, 234.4), (5311.1, 219.4), (5350.9, 231.5), (5390.9, 279.0), (5428.8, 258.6), (5463.3, 202.4), (5498.5, 167.3), (5538.0, 155.1), (5578.0, 171.5), (5618.0, 223.4), (5654.9, 296.6), (5687.4, 368.0), (5713.1, 299.1), (5734.4, 250.6), (5751.3, 224.0), (5763.6, 221.1), (5771.6, 250.8), (5775.1, 314.8), (5774.0, 290.6), (5774.0, 234.4), (5774.0, 199.3), (5778.5, 187.1), (5789.8, 203.5), (5798.7, 255.4), (5802.3, 284.9), (5802.3, 221.3), (5803.0, 178.2), (5810.5, 157.5), (5824.1, 161.9), (5834.4, 200.6), (5840.2, 270.0), (5840.5, 210.8), (5842.3, 159.8), (5851.8, 130.4), (5869.3, 124.4), (5893.7, 149.8), (5914.8, 147.8), (5938.4, 86.6), (5970.1, 45.9), (6008.9, 28.0), (6048.9, 36.1), (6088.9, 79.1), (6128.9, 150.3), (6168.9, 223.6), (6208.9, 296.9)]",0,0,29.4
experienced,mario,Mario1-1,Success,1,0,176.2,0.785,"[(112.0, 432.0), (113.9, 371.3), (123.4, 320.5), (140.9, 291.3), (166.4, 285.4), (199.9, 310.9), (239.3, 371.6), (275.4, 422.3), (309.1, 356.0), (348.7, 310.0), (388.0, 286.3), (424.8, 286.9), (457.2, 321.0), (490.0, 387.9), (523.6, 403.8), (553.3, 370.5), (579.6, 399.9), (603.8, 395.4), (634.4, 374.8), (671.8, 379.3), (706.8, 418.2), (736.7, 378.5), (772.1, 377.6), (810.0, 420.0), (841.8, 378.5), (870.4, 324.9), (905.9, 292.5), (945.2, 283.2), (985.1, 304.0), (1025.1, 360.4), (1062.6, 432.0), (1097.4, 363.1), (1136.6, 314.6), (1175.4, 288.0), (1215.4, 285.1), (1255.4, 314.8), (1294.7, 358.3), (1333.5, 292.0), (1369.5, 246.0), (1408.5, 222.3), (1448.5, 222.9), (1488.5, 257.0), (1528.5, 323.9), (1567.8, 282.5), (1607.8, 228.9), (1647.5, 196.5), (1687.4, 187.2), (1727.4, 208.0), (1767.4, 264.4), (1806.7, 337.8), (1808.8, 411.1), (1807.7, 386.6), (1807.7, 330.4), (1811.2, 295.3), (1822.7, 283.1), (1842.2, 299.5), (1868.7, 316.0), (1900.4, 252.2), (1939.0, 208.9), (1978.8, 188.1), (2018.8, 192.3), (2058.8, 230.9), (2098.8, 300.2), (2138.1, 373.5), (2173.1, 422.3), (2205.7, 356.0), (2240.6, 310.0), (2273.1, 286.3), (2309.4, 286.9), (2341.9, 321.0), (2375.6, 387.9), (2409.8, 403.8), (2447.5, 370.5), (2487.3, 399.9), (2522.8, 403.8), (2559.4, 342.6), (2599.4, 301.9), (2639.4, 284.0), (2679.4, 292.1), (2719.4, 335.1), (2758.7, 406.3), (2793.1, 386.6), (2831.3, 330.4), (2870.8, 295.3), (2910.8, 283.1), (2950.8, 299.5), (2987.6, 242.7), (3023.3, 191.6), (3061.8, 162.1), (3100.0, 155.9), (3140.0, 181.2), (3179.9, 241.6), (3217.0, 315.0), (3256.2, 388.3), (3295.1, 391.2), (3334.8, 370.7), (3373.1, 375.2), (3409.8, 414.1), (3440.6, 386.6), (3468.1, 330.4), (3472.0, 295.3), (3476.5, 283.1), (3489.0, 299.5), (3506.1, 242.7), (3526.6, 191.6), (3550.5, 162.1), (3581.8, 155.9), (3620.4, 181.2), (3660.2, 241.6), (3699.7, 294.3), (3739.2, 228.0), (3760.0, 182.0), (3760.0, 158.3), (3760.0, 158.9), (3760.0, 193.0), (3760.4, 259.9), (3766.9, 333.3), (3780.8, 406.6), (3792.3, 386.6), (3808.0, 330.4), (3831.8, 295.3), (3863.5, 283.1), (3902.3, 299.5), (3942.3, 351.4), (3981.4, 424.6), (4018.7, 370.6), (4058.7, 381.0), (4097.7, 427.8), (4130.3, 370.6), (4158.3, 319.6), (4181.8, 290.1), (4200.8, 283.9), (4215.4, 309.1), (4225.6, 368.0), (4229.0, 299.1), (4231.0, 250.6), (4240.5, 224.0), (4258.0, 221.1), (4282.9, 250.8), (4306.0, 294.3), (4324.6, 228.0), (4350.0, 182.0), (4383.4, 158.3), (4423.0, 158.9), (4463.0, 193.0), (4503.0, 259.9), (4541.5, 333.3), (4575.7, 406.6), (4603.9, 386.6), (4626.9, 330.4), (4646.0, 295.3), (4663.1, 283.1), (4675.8, 299.5), (4684.1, 351.4), (4685.6, 314.6), (4690.1, 261.2), (4702.6, 229.0), (4723.1, 219.9), (4751.4, 240.9), (4779.4, 297.4), (4801.4, 242.6), (4828.3, 191.6), (4863.1, 162.1), (4903.0, 155.9), (4943.0, 181.1), (4983.0, 241.6), (5022.6, 314.9), (5058.4, 388.3), (5088.9, 403.8), (5104.8, 342.6), (5112.2, 301.9), (5127.8, 284.0), (5151.2, 292.1), (5182.8, 335.1), (5216.8, 406.3), (5246.9, 386.6), (5264.6, 330.4), (5264.7, 295.3), (5264.7, 283.1), (5264.7, 299.5), (5264.8, 351.4), (5267.5, 424.6), (5275.6, 370.6), (5291.2, 381.0), (5314.8, 427.8), (5341.5, 370.6), (5375.6, 381.0), (5413.7, 427.8), (5445.7, 370.6), (5481.3, 319.6), (5517.9, 290.1), (5552.2, 283.9), (5583.1, 309.1), (5611.6, 369.6), (5616.1, 422.3), (5615.7, 356.0), (5619.2, 310.0), (5630.7, 286.3), (5648.3, 286.9), (5662.6, 321.0), (5671.8, 348.9), (5676.8, 285.1), (5683.0, 241.8), (5684.1, 221.0), (5690.3, 225.2), (5703.3, 263.8), (5713.9, 333.1), (5718.9, 331.0), (5719.2, 272.3), (5722.7, 234.4), (5728.8, 219.4), (5735.2, 231.5), (5739.3, 279.0), (5739.6, 351.4), (5738.4, 314.5), (5738.4, 260.9), (5738.9, 228.5), (5741.7, 219.2), (5743.0, 240.0), (5743.2, 296.4), (5743.2, 368.0), (5741.9, 299.1), (5741.9, 250.6), (5743.2, 224.0), (5748.9, 221.1), (5753.3, 250.8), (5753.8, 314.8), (5753.8, 290.8), (5753.8, 234.9), (5758.2, 200.1), (5764.4, 188.2), (5771.3, 204.9), (5774.2, 257.1), (5774.2, 330.3), (5772.9, 274.6), (5772.9, 223.6), (5773.7, 194.1), (5781.2, 187.9), (5792.6, 213.1), (5799.8, 273.6), (5801.5, 267.1), (5801.5, 208.5), (5803.4, 170.6), (5812.9, 155.6), (5826.3, 167.8), (5835.5, 215.4), (5839.7, 262.3), (5839.7, 196.1), (5843.2, 150.3), (5854.7, 126.7), (5874.2, 127.4), (5898.8, 161.7), (5920.0, 130.6), (5947.2, 74.4), (5982.3, 39.3), (6022.2, 27.1), (6062.2, 43.5), (6102.2, 95.4), (6142.2, 168.6), (6182.2, 241.9), (6222.2, 315.3)]",0,0,34.68
experienced,mario,Mario1-1,Pit,1,0,225.25,0.272,"[(112.0, 432.0), (113.2, 371.3), (121.8, 320.5), (138.2, 291.3), (162.8, 285.4), (195.2, 310.9), (234.3, 371.6), (270.4, 422.3), (302.9, 356.0), (341.7, 310.0), (378.7, 286.3), (412.2, 286.9), (442.4, 321.0), (472.8, 387.9), (505.2, 390.8), (543.7, 370.3), (579.6, 374.8), (611.0, 413.7), (644.9, 378.7), (684.6, 369.3), (724.4, 396.6), (760.2, 412.9), (793.9, 369.1), (829.9, 394.4), (860.9, 412.9), (885.8, 349.1), (913.2, 305.8), (942.7, 285.0), (974.4, 289.2), (1011.7, 327.8), (1051.0, 397.1), (1085.1, 395.0), (1117.5, 336.3), (1149.9, 298.4), (1187.3, 283.4), (1227.3, 295.5), (1267.3, 343.0), (1305.9, 322.6), (1343.9, 266.4), (1378.9, 231.3), (1416.2, 219.1), (1455.9, 235.5), (1495.9, 287.4), (1535.3, 316.9), (1573.7, 253.1), (1608.3, 209.8), (1642.1, 189.0), (1676.9, 193.2), (1715.3, 231.8), (1754.6, 301.1), (1789.9, 374.4), (1808.1, 422.3), (1807.7, 356.0), (1807.8, 310.0), (1813.3, 286.3), (1826.8, 286.9), (1848.3, 321.0), (1874.9, 281.6), (1908.0, 228.0), (1941.8, 195.6), (1975.8, 186.3), (2012.5, 207.2), (2052.2, 263.5), (2092.2, 336.9), (2129.7, 410.2), (2160.0, 483.5), (2160.0, 556.9), (2160.0, 630.2), (2160.0, 703.5)]",0,0,9.1
experienced,mario,Mario1-1,Success,1,0,209.62,0.785,"[(112.0, 432.0), (113.9, 371.3), (123.4, 320.5), (140.9, 291.3), (166.4, 285.4), (199.9, 310.9), (239.5, 371.6), (276.7, 422.3), (311.5, 356.0), (351.4, 310.0), (391.4, 286.3), (429.9, 286.9), (464.1, 321.0), (497.1, 387.9), (533.4, 403.8), (567.8, 370.5), (603.7, 399.9), (638.0, 395.4), (677.7, 374.8), (717.7, 379.3), (756.6, 418.2), (790.2, 378.5), (826.5, 377.6), (860.9, 420.0), (880.0, 378.5), (881.2, 324.9), (889.8, 292.5), (906.2, 283.2), (930.8, 304.0), (963.2, 360.4), (1000.3, 306.6), (1039.8, 255.6), (1079.8, 226.1), (1119.8, 219.9), (1159.8, 245.1), (1199.8, 305.6), (1239.3, 358.3), (1278.8, 292.0), (1316.3, 246.0), (1353.4, 222.3), (1393.4, 222.9), (1433.4, 257.0), (1473.4, 323.9), (1511.9, 282.5), (1551.9, 228.9), (1591.9, 196.5), (1631.9, 187.2), (1671.9, 208.0), (1711.8, 264.4), (1748.8, 337.8), (1781.3, 411.1), (1808.1, 388.4), (1808.2, 373.6), (1808.3, 386.0), (1808.1, 432.0), (1806.9, 363.1), (1807.3, 314.6), (1813.8, 288.0), (1828.3, 285.1), (1850.8, 314.8), (1878.9, 289.7), (1913.5, 233.6), (1953.4, 198.4), (1993.4, 186.2), (2033.4, 202.6), (2073.4, 254.5), (2113.4, 327.7), (2152.6, 401.0), (2186.9, 395.0), (2223.4, 336.3), (2258.3, 298.4), (2294.1, 283.4), (2329.5, 295.5), (2361.6, 343.0), (2399.4, 415.4), (2437.4, 378.5), (2477.4, 377.6), (2516.0, 420.0), (2550.3, 378.5), (2589.6, 324.9), (2629.6, 292.5), (2669.6, 283.2), (2709.6, 304.0), (2749.6, 360.4), (2788.9, 432.0), (2824.8, 363.1), (2864.7, 314.6), (2904.7, 288.0), (2944.7, 285.1), (2984.7, 314.8), (3024.5, 378.8), (3062.6, 412.9), (3101.8, 369.1), (3141.8, 394.4), (3179.3, 399.6), (3214.3, 376.1), (3254.0, 377.0), (3293.1, 411.4), (3328.6, 386.6), (3362.8, 374.7), (3397.5, 412.7), (3428.2, 386.6), (3457.9, 374.7), (3491.5, 412.7), (3522.1, 386.6), (3549.9, 374.7), (3573.8, 412.7), (3592.4, 386.6), (3615.3, 330.4), (3643.2, 295.3), (3667.2, 283.1), (3686.8, 299.5), (3702.9, 242.7), (3722.3, 191.6), (3736.5, 162.1), (3746.2, 155.9), (3751.5, 181.2), (3753.5, 241.6), (3761.5, 315.0), (3777.6, 388.3), (3793.8, 403.8), (3811.0, 342.6), (3836.3, 301.9), (3869.6, 284.0), (3909.1, 292.1), (3949.1, 335.1), (3989.1, 406.3), (4027.7, 386.6), (4067.7, 374.7), (4106.2, 412.7), (4138.9, 386.6), (4166.3, 330.4), (4189.3, 295.3), (4207.8, 283.1), (4221.8, 299.5), (4231.4, 351.4), (4233.8, 314.5), (4235.0, 260.9), (4243.5, 228.5), (4260.0, 219.2), (4284.5, 240.0), (4314.1, 296.4), (4339.0, 242.6), (4369.6, 191.6), (4407.8, 162.1), (4447.8, 155.9), (4487.8, 181.1), (4527.8, 241.6), (4566.3, 314.9), (4600.5, 388.3), (4624.0, 403.8), (4624.0, 342.6), (4625.2, 301.9), (4633.8, 284.0), (4649.1, 292.1), (4661.9, 335.1), (4669.1, 331.0), (4674.8, 272.3), (4688.3, 234.4), (4709.8, 219.4), (4739.3, 231.5), (4773.9, 279.0), (4803.4, 258.6), (4835.9, 202.4), (4875.1, 167.3), (4915.1, 155.1), (4955.1, 171.5), (4995.1, 223.4), (5035.1, 296.6), (5073.2, 369.9), (5104.0, 422.3), (5104.1, 356.0), (5108.3, 310.0), (5120.2, 286.3), (5140.2, 286.9), (5168.1, 321.0), (5202.3, 348.9), (5237.3, 285.1), (5270.2, 241.8), (5308.6, 221.0), (5348.6, 225.2), (5388.6, 263.8), (5427.3, 275.8), (5463.5, 214.6), (5499.2, 173.9), (5538.6, 156.0), (5578.6, 164.1), (5618.6, 207.1), (5657.1, 278.3), (5691.3, 351.6), (5719.3, 314.5), (5742.2, 260.9), (5760.7, 228.5), (5774.8, 219.2), (5784.4, 240.0), (5789.6, 296.4), (5789.9, 242.9), (5790.3, 192.1), (5796.8, 162.9), (5807.2, 157.0), (5819.8, 182.6), (5830.8, 243.3), (5835.5, 235.0), (5835.9, 176.3), (5842.4, 138.4), (5856.9, 123.4), (5879.2, 135.5), (5901.1, 183.0), (5902.8, 162.6), (5907.2, 106.4), (5919.8, 71.3), (5940.2, 59.1), (5968.8, 75.5), (6005.2, 127.4), (6045.2, 200.6), (6085.2, 273.9), (6125.2, 347.3), (6164.6, 420.6), (6201.0, 378.5)]",0,0,29.15
experienced,mario,Mario1-1,Success,1,0,202.79,0.785,"[(112.0, 432.0), (114.6, 371.3), (125.1, 320.5), (143.6, 291.3), (170.1, 285.4), (204.6, 310.9), (244.3, 371.6), (280.4, 422.3), (314.1, 356.0), (353.7, 310.0), (393.7, 286.3), (432.2, 286.9), (466.4, 321.0), (500.4, 387.9), (535.7, 403.8), (566.8, 370.5), (594.9, 399.9), (621.4, 395.4), (655.4, 374.8), (694.3, 379.3), (732.8, 418.2), (766.4, 378.5), (804.6, 377.6), (841.0, 420.0), (871.2, 378.5), (898.3, 324.9), (932.3, 292.5), (972.0, 283.2), (1012.0, 304.0), (1052.0, 360.4), (1089.5, 432.0), (1121.4, 363.1), (1157.4, 314.6), (1196.9, 288.0), (1236.9, 285.1), (1276.9, 314.8), (1316.7, 378.8), (1355.0, 395.0), (1393.9, 371.6), (1428.7, 372.4), (1456.0, 406.9), (1454.8, 395.0), (1454.8, 336.3), (1458.2, 298.4), (1469.8, 283.4), (1489.2, 295.5), (1517.1, 325.4), (1555.2, 259.1), (1595.2, 213.2), (1635.2, 189.4), (1675.2, 190.0), (1715.2, 224.1), (1755.0, 291.0), (1791.4, 364.4), (1808.8, 432.0), (1808.0, 363.2), (1808.8, 314.8), (1816.2, 288.2), (1831.8, 285.4), (1855.2, 315.2), (1888.6, 290.1), (1928.5, 234.0), (1968.5, 198.8), (2008.5, 186.6), (2048.5, 203.0), (2088.5, 255.0), (2128.5, 328.1), (2167.0, 401.5), (2200.2, 395.0), (2236.0, 336.3), (2256.0, 298.4), (2259.5, 283.4), (2271.0, 295.5), (2286.4, 250.5), (2299.5, 196.9), (2318.7, 164.5), (2345.9, 155.3), (2381.0, 176.1), (2420.9, 232.5), (2460.9, 304.0), (2500.2, 240.0), (2540.2, 256.9), (2580.2, 308.1), (2620.1, 381.2), (2657.6, 412.9), (2688.9, 349.1), (2722.7, 305.8), (2762.4, 285.0), (2802.4, 289.2), (2842.4, 327.8), (2882.4, 397.1), (2922.3, 387.0), (2962.0, 369.3), (2999.0, 377.7), (3031.5, 421.0), (3058.9, 378.5), (3088.0, 324.9), (3088.0, 292.5), (3088.0, 283.2), (3088.0, 304.0), (3088.4, 360.4), (3094.3, 404.5), (3107.2, 375.3), (3128.2, 369.4), (3156.5, 394.9), (3183.4, 389.1), (3209.5, 368.5), (3240.6, 373.0), (3274.2, 411.9), (3302.6, 386.6), (3335.2, 374.7), (3370.3, 412.7), (3399.6, 386.6), (3428.6, 374.7), (3454.3, 412.7), (3476.1, 386.6), (3503.8, 374.7), (3534.1, 412.7), (3558.5, 386.6), (3583.0, 330.4), (3614.9, 295.3), (3645.3, 283.1), (3671.2, 299.5), (3692.6, 242.7), (3716.8, 191.6), (3737.3, 162.1), (3753.4, 155.9), (3764.7, 166.4), (3776.5, 100.1), (3796.3, 54.1), (3824.2, 30.4), (3860.0, 30.9), (3900.0, 65.1), (3939.0, 132.0), (3973.7, 205.3), (3985.9, 278.7), (3993.6, 352.0), (4008.0, 425.3), (4025.4, 370.6), (4050.4, 381.0), (4082.2, 427.8), (4109.4, 370.6), (4134.8, 319.6), (4160.7, 290.1), (4182.0, 283.9), (4199.0, 309.1), (4211.5, 368.0), (4217.8, 299.1), (4226.7, 250.6), (4242.9, 224.0), (4267.2, 221.1), (4299.5, 250.8), (4334.0, 294.3), (4367.5, 228.0), (4407.2, 182.0), (4447.2, 158.3), (4487.2, 158.9), (4527.2, 193.0), (4567.2, 259.9), (4604.7, 333.3), (4637.7, 400.0), (4664.0, 331.1), (4686.8, 282.6), (4709.8, 256.0), (4740.5, 253.1), (4770.7, 282.8), (4795.4, 267.0), (4819.9, 208.3), (4852.4, 170.4), (4891.7, 155.4), (4931.7, 167.5), (4971.7, 215.0), (5011.7, 287.4), (5049.7, 360.8), (5083.3, 432.0), (5104.1, 363.1), (5109.6, 314.6), (5123.1, 288.0), (5144.6, 285.1), (5174.1, 314.8), (5210.5, 378.8), (5243.9, 412.9), (5279.5, 369.1), (5319.5, 394.4), (5358.1, 412.9), (5397.5, 369.1), (5435.0, 394.4), (5467.5, 412.9), (5495.7, 349.1), (5529.6, 305.8), (5562.7, 285.0), (5598.2, 289.2), (5636.3, 327.8), (5669.0, 339.8), (5695.8, 278.6), (5718.2, 237.9), (5736.2, 220.0), (5750.3, 228.1), (5760.9, 271.1), (5767.0, 336.0), (5767.1, 267.4), (5767.1, 219.2), (5769.5, 192.8), (5778.5, 190.1), (5790.3, 220.1), (5797.8, 284.3), (5799.4, 258.7), (5799.4, 202.8), (5802.0, 167.8), (5811.2, 155.9), (5825.4, 172.5), (5837.1, 224.6), (5839.1, 252.9), (5838.8, 189.1), (5843.2, 145.8), (5855.8, 125.0), (5876.2, 129.2), (5900.5, 167.8), (5921.8, 122.5), (5950.0, 68.9), (5986.1, 36.5), (6026.1, 27.2), (6066.1, 48.0), (6106.1, 104.4), (6146.1, 177.8), (6186.1, 251.1), (6226.1, 324.4)]",0,0,30.13
experienced,mario,Mario1-1,Pit,1,0,226.93,0.272,"[(112.0, 432.0), (113.2, 371.3), (121.8, 320.5), (138.2, 291.3), (162.8, 285.4), (195.2, 310.9), (234.3, 371.6), (270.4, 422.3), (304.1, 356.0), (343.7, 310.0), (383.3, 286.3), (419.1, 286.9), (450.7, 321.0), (483.9, 387.9), (516.4, 403.8), (547.3, 370.5), (575.7, 399.9), (601.9, 395.4), (634.7, 374.8), (673.6, 379.3), (709.4, 418.2), (740.2, 378.5), (776.5, 377.6), (814.6, 420.0), (846.4, 378.5), (875.2, 324.9), (910.8, 292.5), (949.2, 283.2), (988.7, 304.0), (1028.7, 360.4), (1066.2, 432.0), (1099.9, 363.1), (1138.0, 314.6), (1176.1, 288.0), (1216.1, 285.1), (1256.1, 314.8), (1295.4, 358.3), (1334.2, 292.0), (1370.2, 246.0), (1409.2, 222.3), (1449.2, 222.9), (1489.2, 257.0), (1529.2, 323.9), (1568.5, 282.5), (1608.4, 228.9), (1647.6, 196.5), (1687.4, 187.2), (1727.4, 208.0), (1767.4, 264.4), (1806.7, 337.8), (1808.8, 411.1), (1807.7, 386.6), (1807.7, 330.4), (1809.6, 295.3), (1819.1, 283.1), (1836.6, 299.5), (1861.1, 316.0), (1890.7, 252.2), (1928.0, 208.9), (1967.3, 188.1), (2007.2, 192.3), (2047.2, 230.9), (2087.2, 300.2), (2126.5, 373.5), (2160.0, 446.9), (2160.0, 520.2), (2160.0, 593.5), (2160.0, 666.9)]",0,0,9.03
experienced,mario,Mario1-1,Stuck,1,0,140.52,0.718,"[(112.0, 432.0), (113.2, 371.3), (121.8, 320.5), (138.2, 291.3), (162.8, 285.4), (195.2, 310.9), (234.1, 371.6), (269.6, 422.3), (300.6, 356.0), (337.9, 310.0), (375.0, 286.3), (409.3, 286.9), (440.5, 321.0), (472.6, 387.9), (502.6, 390.8), (538.0, 370.3), (572.0, 374.8), (601.5, 413.7), (630.6, 378.7), (667.0, 369.3), (701.8, 396.6), (731.6, 412.9), (760.7, 369.1), (795.8, 394.4), (827.0, 412.9), (852.1, 369.1), (872.7, 394.4), (879.1, 412.9), (878.8, 349.1), (882.2, 305.8), (893.8, 285.0), (913.2, 289.2), (940.8, 327.8), (973.0, 339.8), (1009.0, 278.6), (1043.5, 237.9), (1077.0, 220.0), (1113.0, 228.1), (1153.0, 271.1), (1192.9, 342.3), (1229.0, 322.6), (1266.3, 266.4), (1299.8, 231.3), (1333.4, 219.1), (1370.0, 235.5), (1410.0, 287.4), (1447.5, 360.6), (1456.1, 432.0), (1454.9, 363.1), (1454.9, 314.6), (1458.4, 288.0), (1469.9, 285.1), (1489.4, 314.8), (1514.5, 289.7), (1545.9, 233.6), (1579.3, 198.4), (1612.9, 186.2), (1649.3, 202.6), (1688.8, 254.5), (1725.2, 327.7), (1757.1, 401.0), (1783.4, 395.0), (1804.2, 336.3), (1821.6, 298.4), (1845.1, 283.4), (1876.6, 295.5), (1915.4, 343.0), (1954.0, 415.4), (1989.8, 378.5), (2029.7, 324.9), (2067.8, 292.5), (2104.7, 283.2), (2143.8, 304.0), (2182.7, 360.4), (2217.4, 432.0), (2250.8, 363.1), (2256.7, 314.6), (2257.5, 288.0), (2265.0, 285.1), (2279.5, 284.9), (2293.7, 221.2), (2303.7, 177.9), (2319.3, 157.0), (2342.9, 161.2), (2374.3, 199.8), (2408.7, 269.1), (2444.1, 267.0), (2480.0, 208.3), (2480.0, 170.4), (2480.0, 155.4), (2480.0, 167.5), (2480.0, 215.0), (2484.5, 287.4), (2494.1, 250.5), (2510.7, 249.6), (2535.3, 292.0), (2567.9, 362.8), (2604.4, 432.0), (2635.4, 363.1), (2671.0, 314.6), (2711.0, 288.0), (2751.0, 285.1), (2791.0, 314.8), (2830.8, 378.8), (2868.3, 412.9), (2907.2, 369.1), (2946.8, 394.4), (2982.0, 412.9), (3014.8, 349.1), (3053.0, 305.8), (3088.7, 285.0), (3122.9, 289.2), (3161.7, 267.1), (3197.7, 208.4), (3229.5, 170.5), (3262.1, 155.4), (3293.4, 167.5), (3327.1, 215.0), (3359.6, 287.5), (3376.4, 360.8), (3382.3, 432.0), (3388.4, 368.0), (3402.4, 384.9), (3418.9, 432.0), (3428.8, 368.0), (3440.5, 384.9), (3450.7, 432.0), (3459.5, 363.1), (3472.0, 314.6), (3472.8, 288.0), (3480.2, 285.1), (3494.8, 284.9), (3508.9, 221.2), (3524.5, 177.9), (3544.6, 157.0), (3572.6, 161.2), (3607.7, 199.8), (3643.0, 269.1), (3664.0, 342.5), (3668.5, 415.8), (3676.7, 378.5), (3691.8, 377.6), (3714.2, 420.0), (3734.6, 378.5), (3759.9, 377.6), (3783.6, 420.0), (3801.3, 378.5), (3822.4, 324.9), (3851.4, 292.5), (3888.4, 283.2), (3928.4, 304.0), (3968.3, 360.4), (4007.7, 432.0), (4046.1, 368.0), (4086.0, 384.9), (4123.0, 432.0), (4153.1, 363.1), (4178.9, 314.6), (4200.1, 288.0), (4217.0, 285.1), (4229.4, 314.8), (4237.0, 358.3), (4238.3, 292.0), (4240.2, 246.0), (4249.7, 222.3), (4267.2, 222.9), (4292.5, 257.0), (4316.8, 284.9), (4339.1, 221.1), (4369.2, 177.8), (4402.5, 157.0), (4437.5, 161.2), (4476.2, 199.8), (4516.0, 269.1), (4552.4, 342.4), (4584.3, 415.8), (4610.1, 378.5), (4630.8, 324.9), (4647.1, 292.5), (4658.9, 283.2), (4666.3, 304.0), (4669.3, 360.4), (4669.4, 306.9), (4674.0, 256.1), (4685.9, 226.9), (4705.9, 221.0), (4732.6, 246.6), (4756.9, 304.0), (4774.6, 235.1), (4796.2, 186.6), (4825.8, 160.0), (4860.3, 157.1), (4898.2, 186.8), (4938.2, 250.8), (4977.1, 324.1), (5011.8, 397.4), (5041.0, 395.0), (5068.0, 336.3), (5100.2, 298.4), (5139.4, 283.4), (5178.7, 295.5), (5218.3, 343.0), (5254.5, 415.4), (5288.6, 378.5), (5328.0, 377.6), (5367.6, 420.0), (5401.7, 378.5), (5430.8, 377.6), (5455.4, 420.0), (5475.5, 385.0), (5491.3, 373.1), (5502.5, 389.7), (5509.1, 422.3), (5510.4, 356.0), (5517.3, 310.0), (5524.7, 286.3), (5538.8, 286.9), (5559.8, 321.0), (5578.3, 387.9), (5591.5, 403.8), (5598.8, 342.6), (5608.6, 301.9), (5626.4, 284.0), (5646.8, 292.1), (5662.8, 335.1), (5673.1, 331.0), (5678.4, 272.3), (5679.7, 234.4), (5680.0, 219.4), (5684.9, 231.5), (5689.6, 279.0), (5690.3, 351.4), (5690.3, 314.7), (5691.3, 261.4), (5692.0, 229.3), (5691.4, 220.3), (5691.0, 241.4), (5692.0, 298.1), (5692.0, 368.0), (5692.0, 299.4), (5693.6, 251.2), (5693.5, 224.9), (5692.9, 222.3), (5693.1, 252.3), (5693.7, 316.4), (5693.7, 349.0), (5693.7, 285.5), (5695.7, 242.5), (5695.1, 221.9), (5694.4, 226.4), (5695.1, 265.3), (5695.4, 334.8), (5695.4, 331.2), (5695.5, 272.8), (5695.9, 235.2), (5695.4, 220.4), (5695.2, 232.8), (5696.1, 280.6), (5696.2, 353.1), (5696.2, 314.7), (5696.2, 261.4), (5696.4, 229.3), (5695.9, 220.3), (5695.9, 241.4), (5696.8, 298.1), (5696.8, 368.0), (5696.8, 299.4), (5697.2, 251.2), (5696.9, 224.9), (5696.4, 222.3), (5696.3, 252.3), (5696.7, 316.4), (5696.7, 349.0), (5696.7, 285.5), (5697.2, 242.5), (5696.7, 221.9), (5696.2, 226.4), (5696.4, 265.3), (5696.6, 334.8), (5696.6, 331.2), (5696.6, 272.8), (5696.9, 235.2), (5696.4, 220.4), (5695.9, 232.8), (5696.3, 280.6), (5696.3, 353.1), (5696.3, 314.7), (5696.3, 261.4), (5696.6, 229.3), (5696.1, 220.3), (5696.1, 241.4), (5696.3, 298.1), (5696.3, 368.0), (5696.3, 299.4), (5696.7, 251.2), (5696.4, 224.9), (5695.9, 222.3), (5696.1, 252.3)]",0,0,39.72
experienced,mario,Mario1-1,Pit,1,0,197.22,0.611,"[(112.0, 432.0), (113.9, 371.3), (123.4, 320.5), (140.9, 291.3), (166.4, 285.4), (199.9, 310.9), (239.4, 371.6), (276.1, 422.3), (310.3, 356.0), (350.1, 310.0), (390.1, 286.3), (428.6, 286.9), (462.8, 321.0), (497.4, 387.9), (532.7, 403.8), (564.0, 370.5), (595.2, 399.9), (623.8, 395.4), (659.3, 374.8), (699.3, 379.3), (738.3, 418.2), (771.9, 378.5), (809.3, 377.6), (845.3, 420.0), (875.0, 378.5), (881.2, 324.9), (889.8, 292.5), (906.2, 283.2), (930.8, 304.0), (963.2, 360.4), (998.8, 306.6), (1038.7, 255.6), (1078.7, 226.1), (1118.7, 219.9), (1158.7, 245.1), (1198.7, 305.6), (1238.2, 358.3), (1277.6, 292.0), (1315.7, 246.0), (1353.2, 222.3), (1393.2, 222.9), (1433.2, 257.0), (1473.2, 323.9), (1511.8, 282.5), (1551.8, 228.9), (1591.8, 196.5), (1631.8, 187.2), (1671.8, 208.0), (1711.7, 264.4), (1748.7, 337.8), (1781.2, 411.1), (1808.0, 388.4), (1808.0, 373.6), (1808.1, 386.0), (1808.1, 432.0), (1806.9, 363.1), (1807.1, 314.6), (1812.6, 288.0), (1826.1, 285.1), (1847.6, 314.8), (1878.9, 289.7), (1918.2, 233.6), (1958.2, 198.4), (1998.2, 186.2), (2038.2, 202.6), (2078.2, 254.5), (2118.2, 327.7), (2156.7, 401.0), (2189.9, 395.0), (2225.3, 336.3), (2259.1, 298.4), (2293.7, 283.4), (2328.0, 295.5), (2359.0, 343.0), (2395.5, 415.4), (2431.6, 378.5), (2471.5, 377.6), (2509.6, 420.0), (2543.4, 378.5), (2582.4, 324.9), (2622.4, 292.5), (2662.4, 283.2), (2702.4, 304.0), (2742.4, 360.4), (2781.0, 432.0), (2815.7, 363.1), (2855.5, 314.6), (2895.3, 288.0), (2935.3, 285.1), (2975.3, 314.8), (3015.1, 378.8), (3052.6, 412.9), (3088.0, 349.1), (3088.7, 305.8), (3088.7, 285.0), (3089.4, 289.2), (3090.2, 267.2), (3097.7, 208.8), (3113.2, 171.2), (3136.7, 156.4), (3168.2, 168.9), (3206.7, 216.7), (3244.5, 289.2), (3280.1, 362.5), (3283.3, 432.0), (3289.4, 368.0), (3303.4, 384.9), (3322.6, 432.0), (3337.4, 368.0), (3358.6, 384.9), (3380.9, 432.0), (3400.9, 368.0), (3426.8, 384.9), (3449.4, 432.0), (3470.7, 363.1), (3472.0, 314.6), (3472.8, 288.0), (3480.2, 285.1), (3494.8, 284.9), (3513.2, 221.2), (3536.2, 177.9), (3567.1, 157.0), (3605.5, 161.2), (3645.5, 199.8), (3685.5, 269.1), (3724.5, 267.0), (3760.0, 208.3), (3760.0, 170.4), (3760.1, 155.4), (3760.7, 167.5), (3760.8, 215.0), (3763.5, 287.4), (3775.0, 360.8), (3791.6, 432.0), (3804.9, 363.1), (3825.6, 314.6), (3854.3, 288.0), (3891.0, 285.1), (3931.0, 314.8), (3971.0, 378.8), (4009.8, 412.9), (4049.4, 369.1), (4089.2, 394.4), (4125.0, 412.9), (4154.6, 349.1), (4179.8, 305.8), (4200.5, 285.0), (4216.8, 289.2), (4228.6, 327.8), (4234.6, 339.8), (4234.8, 278.6), (4239.3, 237.9), (4251.8, 220.0), (4272.3, 228.1), (4299.6, 271.1), (4323.2, 267.0), (4348.3, 208.3), (4381.4, 170.4), (4420.8, 155.4), (4460.8, 167.5), (4500.8, 215.0), (4540.7, 287.4), (4577.6, 360.8), (4610.1, 432.0), (4635.8, 363.1), (4657.1, 314.6), (4674.0, 288.0), (4686.3, 285.1), (4694.3, 314.8), (4697.5, 289.7), (4705.9, 233.7), (4722.3, 198.6), (4746.7, 186.5), (4779.1, 203.0), (4818.3, 255.0), (4848.0, 328.1), (4848.1, 401.5), (4848.1, 474.8), (4848.1, 548.1), (4848.1, 621.5), (4848.1, 694.8)]",0,0,24.05
experienced,mario,Mario1-1,Success,1,0,183.97,0.788,"[(112.0, 432.0), (113.9, 371.3), (123.4, 320.5), (140.9, 291.3), (166.4, 285.4), (199.9, 310.9), (239.5, 371.6), (276.7, 422.3), (311.5, 356.0), (351.4, 310.0), (391.4, 286.3), (429.9, 286.9), (464.1, 321.0), (498.3, 387.9), (536.0, 403.8), (572.1, 370.5), (609.8, 399.9), (643.9, 403.8), (681.4, 370.5), (721.4, 399.9), (757.4, 403.8), (794.5, 370.5), (832.6, 399.9), (865.3, 403.8), (880.1, 342.6), (885.6, 301.9), (899.1, 284.0), (920.6, 292.1), (950.1, 335.1), (985.7, 331.0), (1025.3, 272.3), (1065.3, 234.4), (1105.3, 219.4), (1145.3, 231.5), (1185.3, 279.0), (1225.3, 351.4), (1264.2, 314.5), (1303.2, 260.9), (1339.8, 228.5), (1379.8, 219.2), (1419.8, 240.0), (1459.8, 296.4), (1498.5, 307.8), (1538.4, 246.6), (1578.4, 205.9), (1618.4, 188.0), (1658.4, 196.1), (1698.4, 239.1), (1736.9, 310.3), (1771.1, 383.6), (1802.0, 399.9), (1808.2, 376.4), (1808.2, 377.3), (1808.4, 411.7), (1806.8, 386.6), (1806.9, 330.4), (1810.4, 295.3), (1821.9, 283.1), (1841.4, 299.5), (1869.7, 316.0), (1907.8, 252.2), (1947.8, 208.9), (1987.8, 188.1), (2027.8, 192.3), (2067.8, 230.9), (2107.8, 300.2), (2147.7, 373.5), (2184.4, 422.3), (2218.6, 356.0), (2255.2, 310.0), (2257.2, 286.3), (2265.8, 286.9), (2280.8, 275.8), (2294.6, 214.6), (2312.3, 174.0), (2338.0, 156.0), (2371.8, 164.1), (2411.4, 207.2), (2451.4, 278.3), (2490.7, 258.6), (2530.7, 246.7), (2570.7, 284.7), (2610.7, 353.7), (2650.0, 427.0), (2683.3, 370.6), (2715.9, 319.6), (2755.1, 290.1), (2795.1, 283.9), (2835.1, 309.1), (2875.1, 369.6), (2915.1, 399.6), (2954.8, 373.3), (2994.8, 370.6), (3034.4, 400.6), (3070.1, 403.8), (3108.0, 370.5), (3147.9, 399.9), (3184.9, 395.4), (3220.3, 374.8), (3260.0, 379.3), (3299.5, 418.2), (3334.3, 378.5), (3369.2, 377.6), (3407.2, 420.0), (3440.2, 378.5), (3472.0, 324.9), (3472.1, 292.5), (3477.6, 283.2), (3491.1, 304.0), (3508.5, 235.2), (3529.7, 186.7), (3558.6, 160.1), (3595.5, 157.1), (3635.5, 186.8), (3675.5, 250.8), (3714.7, 284.9), (3754.5, 221.1), (3759.9, 177.8), (3760.2, 157.0), (3764.2, 161.2), (3765.9, 139.2), (3773.4, 80.8), (3788.9, 43.2), (3812.4, 28.4), (3843.9, 40.9), (3882.7, 88.7), (3920.2, 161.2), (3956.1, 234.5), (3995.8, 307.8), (4016.8, 381.2), (4023.3, 412.9), (4034.9, 369.1), (4054.5, 394.4), (4078.6, 412.9), (4097.9, 369.1), (4113.5, 394.4), (4124.1, 412.9), (4128.5, 349.1), (4134.2, 305.8), (4137.5, 285.0), (4140.4, 289.2), (4145.5, 327.8), (4152.6, 397.1), (4154.4, 395.2), (4154.8, 336.8), (4160.7, 299.2), (4168.0, 284.4), (4173.8, 296.8), (4178.7, 344.6), (4179.4, 390.3), (4179.4, 324.3), (4180.7, 278.7), (4188.4, 255.2), (4194.8, 256.1), (4199.6, 290.5), (4200.5, 357.6), (4199.4, 371.8), (4199.3, 310.6), (4200.0, 269.9), (4203.1, 252.0), (4213.1, 260.1), (4225.4, 303.1), (4233.4, 368.0), (4233.8, 299.2), (4236.5, 250.7), (4247.0, 224.1), (4265.5, 221.3), (4292.0, 251.0), (4320.7, 294.3), (4345.9, 228.0), (4378.5, 182.0), (4417.8, 158.3), (4457.8, 158.9), (4497.8, 193.0), (4537.8, 259.9), (4575.3, 333.3), (4608.4, 406.6), (4624.0, 386.6), (4624.1, 330.4), (4626.8, 295.3), (4637.3, 283.1), (4653.9, 299.5), (4667.1, 351.4), (4674.2, 314.5), (4683.3, 260.9), (4700.3, 228.5), (4725.4, 219.2), (4758.4, 240.0), (4794.1, 296.4), (4824.3, 242.6), (4860.4, 191.6), (4900.4, 162.1), (4940.4, 155.9), (4980.4, 181.1), (5020.4, 241.6), (5060.4, 314.9), (5098.5, 388.3), (5103.8, 403.8), (5105.6, 342.6), (5113.5, 301.9), (5129.5, 284.0), (5153.4, 292.1), (5185.4, 335.1), (5223.6, 406.3), (5260.3, 386.6), (5300.2, 374.7), (5340.2, 412.7), (5377.6, 386.6), (5416.9, 374.7), (5452.2, 412.7), (5483.0, 388.1), (5511.5, 373.3), (5538.1, 385.7), (5560.3, 432.0), (5575.7, 363.1), (5590.7, 314.6), (5613.5, 288.0), (5643.8, 285.1), (5672.5, 314.8), (5696.5, 358.3), (5714.0, 292.0), (5727.4, 246.0), (5738.0, 222.3), (5747.0, 222.9), (5757.9, 257.0), (5764.3, 323.9), (5765.0, 282.5), (5765.1, 229.1), (5768.3, 196.8), (5777.1, 187.7), (5792.0, 208.6), (5803.6, 265.2), (5808.0, 275.8), (5808.0, 214.6), (5809.2, 173.9), (5817.8, 156.0), (5833.7, 164.1), (5848.1, 207.1), (5856.8, 203.0), (5864.1, 144.3), (5879.1, 106.4), (5902.2, 91.4), (5933.2, 103.5), (5971.7, 151.0), (6010.2, 130.6), (6050.2, 74.4), (6090.2, 39.3), (6130.2, 27.1), (6170.2, 43.5), (6210.2, 95.4), (6250.1, 168.6)]",0,0,33.35
experienced,mario,Mario1-1,Success,1,0,163.4,0.787,"[(112.0, 432.0), (113.2, 371.3), (121.8, 320.5), (138.2, 291.3), (162.8, 285.4), (195.2, 310.9), (234.4, 371.6), (271.1, 422.3), (305.3, 356.0), (345.1, 310.0), (384.7, 286.3), (422.1, 286.9), (455.0, 321.0), (488.4, 387.9), (522.4, 403.8), (552.0, 370.5), (578.4, 399.9), (603.7, 395.4), (636.4, 374.8), (675.7, 379.3), (712.7, 418.2), (744.6, 378.5), (781.8, 377.6), (819.9, 420.0), (851.8, 378.5), (879.8, 324.9), (913.8, 292.5), (952.8, 283.2), (992.8, 304.0), (1032.8, 360.4), (1070.3, 432.0), (1103.0, 363.1), (1140.6, 314.6), (1178.6, 288.0), (1218.6, 285.1), (1258.6, 314.8), (1298.1, 358.3), (1337.2, 292.0), (1373.6, 246.0), (1413.2, 222.3), (1453.2, 222.9), (1493.2, 257.0), (1533.2, 323.9), (1572.5, 282.5), (1612.5, 228.9), (1652.4, 196.5), (1692.4, 187.2), (1732.4, 208.0), (1772.4, 264.4), (1811.8, 336.0), (1847.6, 267.1), (1887.6, 218.6), (1927.6, 192.0), (1967.6, 189.1), (2007.6, 218.8), (2047.6, 282.8), (2087.4, 356.1), (2123.8, 429.4), (2155.7, 406.7), (2183.2, 391.9), (2206.3, 404.3), (2224.5, 412.9), (2244.9, 349.1), (2256.0, 305.8), (2257.9, 285.0), (2267.4, 289.2), (2282.7, 267.1), (2295.8, 208.4), (2311.4, 170.5), (2335.0, 155.4), (2366.6, 167.5), (2405.0, 215.0), (2444.7, 287.5), (2483.7, 250.5), (2523.7, 249.6), (2563.7, 292.0), (2603.7, 362.8), (2643.0, 432.0), (2676.0, 363.1), (2708.5, 314.6), (2747.7, 288.0), (2787.7, 285.1), (2827.7, 314.8), (2867.7, 378.8), (2907.2, 395.0), (2946.5, 371.6), (2981.7, 372.4), (3012.6, 406.9), (3038.0, 395.0), (3066.2, 336.3), (3088.0, 298.4), (3088.0, 283.4), (3088.0, 295.5), (3088.0, 343.0), (3092.3, 415.4), (3095.7, 378.5), (3104.5, 377.6), (3121.1, 420.0), (3144.4, 385.0), (3172.8, 373.1), (3197.5, 389.7), (3219.1, 402.4), (3241.7, 376.1), (3272.3, 373.4), (3310.4, 403.4), (3347.1, 403.8), (3376.1, 342.6), (3376.7, 301.9), (3379.3, 284.0), (3389.3, 292.1), (3400.3, 258.6), (3413.5, 246.7), (3434.2, 284.7), (3454.0, 353.7), (3476.9, 427.0), (3496.4, 370.6), (3520.5, 381.0), (3541.3, 427.8), (3556.3, 370.6), (3576.0, 319.6), (3602.5, 290.1), (3626.6, 283.9), (3646.2, 309.1), (3662.5, 369.6), (3683.5, 422.3), (3706.9, 368.3), (3737.7, 389.3), (3766.7, 422.3), (3792.1, 356.0), (3824.9, 310.0), (3864.3, 286.3), (3904.3, 286.9), (3944.3, 321.0), (3984.3, 387.9), (4022.9, 403.8), (4062.8, 370.5), (4102.1, 399.9), (4136.5, 403.8), (4165.0, 342.6), (4189.1, 301.9), (4208.7, 284.0), (4223.9, 292.1), (4234.6, 335.1), (4238.9, 331.0), (4239.0, 272.3), (4244.5, 234.4), (4258.0, 219.4), (4279.5, 231.5), (4307.9, 279.0), (4332.4, 258.6), (4360.1, 202.4), (4395.7, 167.3), (4435.7, 155.1), (4475.7, 171.5), (4515.7, 223.4), (4554.6, 296.6), (4589.3, 369.9), (4619.1, 422.3), (4624.0, 356.0), (4624.4, 310.0), (4630.9, 286.3), (4644.8, 286.9), (4657.2, 321.0), (4664.5, 348.9), (4667.7, 285.1), (4677.6, 241.8), (4695.5, 221.0), (4721.5, 225.2), (4753.5, 263.8), (4781.3, 275.8), (4807.4, 214.6), (4841.2, 173.9), (4880.9, 156.0), (4920.9, 164.1), (4960.9, 207.1), (5000.9, 278.3), (5039.0, 351.6), (5072.6, 424.9), (5099.9, 370.6), (5129.9, 319.6), (5167.1, 290.1), (5205.7, 283.9), (5239.8, 309.1), (5264.1, 369.6), (5269.1, 422.3), (5278.7, 368.3), (5296.4, 389.3), (5321.1, 422.3), (5349.3, 368.3), (5385.4, 389.3), (5422.3, 422.3), (5453.9, 356.0), (5490.9, 310.0), (5526.4, 286.3), (5560.4, 286.9), (5590.3, 321.0), (5616.0, 387.9), (5615.7, 403.8), (5615.8, 342.6), (5621.3, 301.9), (5634.8, 284.0), (5654.4, 292.1), (5670.7, 335.1), (5681.3, 331.0), (5687.6, 272.3), (5695.8, 234.4), (5699.7, 219.4), (5705.5, 231.5), (5710.3, 279.0), (5711.7, 351.4), (5711.7, 314.7), (5711.8, 261.4), (5717.3, 229.3), (5725.3, 220.3), (5730.7, 241.4), (5733.0, 298.1), (5733.0, 368.0), (5731.7, 299.1), (5731.9, 250.6), (5734.4, 224.0), (5738.0, 221.1), (5739.7, 250.8), (5739.7, 314.8), (5738.8, 348.9), (5738.4, 285.1), (5738.4, 241.8), (5740.1, 221.0), (5741.3, 225.2), (5741.8, 263.8), (5741.8, 333.1), (5740.5, 331.0), (5740.5, 272.3), (5740.5, 234.4), (5742.8, 219.4), (5743.5, 231.5), (5743.8, 279.0), (5743.8, 351.4), (5742.6, 314.5), (5742.6, 260.9), (5742.7, 228.5), (5747.2, 219.2), (5754.9, 240.0), (5758.5, 296.4), (5758.7, 307.9), (5758.7, 247.0), (5760.4, 206.6), (5763.7, 189.0), (5768.0, 197.3), (5770.9, 240.7), (5771.0, 311.9), (5769.7, 290.6), (5769.7, 234.4), (5769.7, 199.3), (5772.5, 187.1), (5776.6, 203.5), (5777.8, 255.4), (5777.8, 285.0), (5777.8, 221.5), (5779.7, 178.5), (5789.0, 157.9), (5798.1, 162.4), (5808.3, 201.3), (5814.5, 270.8), (5815.2, 210.8), (5817.0, 159.9), (5826.5, 130.5), (5840.0, 124.5), (5853.4, 149.9), (5864.3, 210.5), (5868.9, 203.0), (5871.5, 144.3), (5882.0, 106.4), (5900.5, 91.4), (5927.0, 103.5), (5961.5, 151.0), (5999.9, 130.6), (6039.9, 74.4), (6079.9, 39.3), (6119.9, 27.1), (6159.9, 43.5), (6199.9, 95.4), (6238.8, 168.6)]",0,0,37.48
experienced,mario,Mario1-1,Success,1,0,208.05,0.785,"[(112.0, 432.0), (113.2, 371.3), (121.8, 320.5), (138.2, 291.3), (162.8, 285.4), (195.2, 310.9), (234.4, 371.6), (271.1, 422.3), (305.3, 356.0), (345.1, 310.0), (385.0, 286.3), (423.5, 286.9), (457.7, 321.0), (492.3, 387.9), (527.5, 403.8), (556.9, 370.5), (583.4, 399.9), (606.7, 395.4), (635.9, 374.8), (673.0, 379.3), (709.7, 418.2), (741.4, 378.5), (778.5, 377.6), (816.6, 420.0), (848.4, 378.5), (877.2, 324.9), (912.8, 292.5), (952.8, 283.2), (992.8, 304.0), (1032.8, 360.4), (1070.2, 432.0), (1102.9, 363.1), (1139.5, 314.6), (1176.3, 288.0), (1216.3, 285.1), (1256.3, 314.8), (1295.8, 358.3), (1334.8, 292.0), (1370.9, 246.0), (1409.8, 222.3), (1449.8, 222.9), (1489.8, 257.0), (1529.8, 323.9), (1569.1, 282.5), (1609.1, 228.9), (1649.1, 196.5), (1689.1, 187.2), (1729.1, 208.0), (1769.1, 264.4), (1808.4, 337.8), (1808.8, 411.1), (1807.7, 386.6), (1807.7, 330.4), (1810.3, 295.3), (1820.8, 283.1), (1839.3, 299.5), (1864.9, 316.0), (1895.5, 252.2), (1933.7, 208.9), (1973.7, 188.1), (2013.7, 192.3), (2053.7, 230.9), (2093.7, 300.2), (2133.5, 373.5), (2170.2, 422.3), (2203.3, 356.0), (2238.3, 310.0), (2270.1, 286.3), (2305.0, 286.9), (2336.7, 321.0), (2373.0, 387.9), (2410.4, 403.8), (2449.9, 370.5), (2489.7, 399.9), (2525.2, 403.8), (2561.8, 342.6), (2601.8, 301.9), (2641.8, 284.0), (2681.8, 292.1), (2721.8, 335.1), (2761.4, 406.3), (2796.3, 386.6), (2834.9, 330.4), (2874.4, 295.3), (2914.4, 283.1), (2954.4, 299.5), (2991.2, 242.7), (3026.9, 191.6), (3066.7, 162.1), (3105.8, 155.9), (3145.8, 181.2), (3185.8, 241.6), (3223.5, 315.0), (3262.4, 388.3), (3300.5, 391.2), (3340.0, 370.7), (3378.1, 375.2), (3415.8, 414.1), (3448.6, 386.6), (3472.0, 330.4), (3472.0, 295.3), (3476.5, 283.1), (3489.0, 299.5), (3506.1, 242.7), (3526.6, 191.6), (3552.0, 162.1), (3584.9, 155.9), (3624.2, 181.2), (3664.2, 241.6), (3703.7, 294.3), (3743.2, 228.0), (3760.0, 182.0), (3760.0, 158.3), (3760.0, 158.9), (3760.0, 193.0), (3760.4, 259.9), (3766.9, 333.3), (3780.8, 406.6), (3792.3, 386.6), (3808.0, 330.4), (3831.8, 295.3), (3863.5, 283.1), (3902.3, 299.5), (3942.3, 351.4), (3981.8, 424.6), (4019.6, 370.6), (4059.6, 381.0), (4098.6, 427.8), (4131.3, 370.6), (4159.2, 319.6), (4182.7, 290.1), (4201.8, 283.9), (4216.4, 309.1), (4226.5, 368.0), (4229.9, 299.1), (4231.3, 250.6), (4239.8, 224.0), (4256.3, 221.1), (4280.2, 250.8), (4302.3, 294.3), (4319.9, 228.0), (4344.3, 182.0), (4376.7, 158.3), (4415.9, 158.9), (4455.9, 193.0), (4495.9, 259.9), (4535.0, 333.3), (4571.3, 406.6), (4601.7, 386.6), (4626.7, 330.4), (4647.3, 295.3), (4663.5, 283.1), (4675.2, 299.5), (4682.5, 351.4), (4683.7, 314.6), (4688.2, 261.3), (4700.7, 229.2), (4721.2, 220.2), (4749.7, 241.3), (4779.2, 297.9), (4802.8, 242.6), (4831.2, 191.6), (4867.6, 162.1), (4907.6, 155.9), (4947.6, 181.1), (4987.6, 241.6), (5027.4, 314.9), (5063.8, 388.3), (5094.8, 403.8), (5105.1, 342.6), (5112.0, 301.9), (5126.9, 284.0), (5149.9, 292.1), (5180.8, 335.1), (5215.1, 331.0), (5247.9, 272.3), (5276.9, 234.4), (5311.1, 219.4), (5350.9, 231.5), (5390.9, 279.0), (5428.8, 258.6), (5463.3, 202.4), (5498.5, 167.3), (5538.0, 155.1), (5578.0, 171.5), (5618.0, 223.4), (5654.9, 296.6), (5687.4, 368.0), (5713.1, 299.1), (5734.4, 250.6), (5751.3, 224.0), (5763.6, 221.1), (5771.6, 250.8), (5775.1, 314.8), (5774.0, 290.6), (5774.0, 234.4), (5774.0, 199.3), (5778.5, 187.1), (5789.8, 203.5), (5798.7, 255.4), (5802.3, 284.9), (5802.3, 221.3), (5803.0, 178.2), (5810.5, 157.5), (5824.1, 161.9), (5834.4, 200.6), (5840.2, 270.0), (5840.5, 210.8), (5842.3, 159.8), (5851.8, 130.4), (5869.3, 124.4), (5893.7, 149.8), (5914.8, 147.8), (5938.4, 86.6), (5970.1, 45.9), (6008.9, 28.0), (6048.9, 36.1), (6088.9, 79.1), (6128.9, 150.3), (6168.9, 223.6), (6208.9, 296.9)]",0,0,29.4
experienced,mario,Mario1-1,Success,1,0,176.2,0.785,"[(112.0, 432.0), (113.9, 371.3), (123.4, 320.5), (140.9, 291.3), (166.4, 285.4), (199.9, 310.9), (239.3, 371.6), (275.4, 422.3), (309.1, 356.0), (348.7, 310.0), (388.0, 286.3), (424.8, 286.9), (457.2, 321.0), (490.0, 387.9), (523.6, 403.8), (553.3, 370.5), (579.6, 399.9), (603.8, 395.4), (634.4, 374.8), (671.8, 379.3), (706.8, 418.2), (736.7, 378.5), (772.1, 377.6), (810.0, 420.0), (841.8, 378.5), (870.4, 324.9), (905.9, 292.5), (945.2, 283.2), (985.1, 304.0), (1025.1, 360.4), (1062.6, 432.0), (1097.4, 363.1), (1136.6, 314.6), (1175.4, 288.0), (1215.4, 285.1), (1255.4, 314.8), (1294.7, 358.3), (1333.5, 292.0), (1369.5, 246.0), (1408.5, 222.3), (1448.5, 222.9), (1488.5, 257.0), (1528.5, 323.9), (1567.8, 282.5), (1607.8, 228.9), (1647.5, 196.5), (1687.4, 187.2), (1727.4, 208.0), (1767.4, 264.4), (1806.7, 337.8), (1808.8, 411.1), (1807.7, 386.6), (1807.7, 330.4), (1811.2, 295.3), (1822.7, 283.1), (1842.2, 299.5), (1868.7, 316.0), (1900.4, 252.2), (1939.0, 208.9), (1978.8, 188.1), (2018.8, 192.3), (2058.8, 230.9), (2098.8, 300.2), (2138.1, 373.5), (2173.1, 422.3), (2205.7, 356.0), (2240.6, 310.0), (2273.1, 286.3), (2309.4, 286.9), (2341.9, 321.0), (2375.6, 387.9), (2409.8, 403.8), (2447.5, 370.5), (2487.3, 399.9), (2522.8, 403.8), (2559.4, 342.6), (2599.4, 301.9), (2639.4, 284.0), (2679.4, 292.1), (2719.4, 335.1), (2758.7, 406.3), (2793.1, 386.6), (2831.3, 330.4), (2870.8, 295.3), (2910.8, 283.1), (2950.8, 299.5), (2987.6, 242.7), (3023.3, 191.6), (3061.8, 162.1), (3100.0, 155.9), (3140.0, 181.2), (3179.9, 241.6), (3217.0, 315.0), (3256.2, 388.3), (3295.1, 391.2), (3334.8, 370.7), (3373.1, 375.2), (3409.8, 414.1), (3440.6, 386.6), (3468.1, 330.4), (3472.0, 295.3), (3476.5, 283.1), (3489.0, 299.5), (3506.1, 242.7), (3526.6, 191.6), (3550.5, 162.1), (3581.8, 155.9), (3620.4, 181.2), (3660.2, 241.6), (3699.7, 294.3), (3739.2, 228.0), (3760.0, 182.0), (3760.0, 158.3), (3760.0, 158.9), (3760.0, 193.0), (3760.4, 259.9), (3766.9, 333.3), (3780.8, 406.6), (3792.3, 386.6), (3808.0, 330.4), (3831.8, 295.3), (3863.5, 283.1), (3902.3, 299.5), (3942.3, 351.4), (3981.4, 424.6), (4018.7, 370.6), (4058.7, 381.0), (4097.7, 427.8), (4130.3, 370.6), (4158.3, 319.6), (4181.8, 290.1), (4200.8, 283.9), (4215.4, 309.1), (4225.6, 368.0), (4229.0, 299.1), (4231.0, 250.6), (4240.5, 224.0), (4258.0, 221.1), (4282.9, 250.8), (4306.0, 294.3), (4324.6, 228.0), (4350.0, 182.0), (4383.4, 158.3), (4423.0, 158.9), (4463.0, 193.0), (4503.0, 259.9), (4541.5, 333.3), (4575.7, 406.6), (4603.9, 386.6), (4626.9, 330.4), (4646.0, 295.3), (4663.1, 283.1), (4675.8, 299.5), (4684.1, 351.4), (4685.6, 314.6), (4690.1, 261.2), (4702.6, 229.0), (4723.1, 219.9), (4751.4, 240.9), (4779.4, 297.4), (4801.4, 242.6), (4828.3, 191.6), (4863.1, 162.1), (4903.0, 155.9), (4943.0, 181.1), (4983.0, 241.6), (5022.6, 314.9), (5058.4, 388.3), (5088.9, 403.8), (5104.8, 342.6), (5112.2, 301.9), (5127.8, 284.0), (5151.2, 292.1), (5182.8, 335.1), (5216.8, 406.3), (5246.9, 386.6), (5264.6, 330.4), (5264.7, 295.3), (5264.7, 283.1), (5264.7, 299.5), (5264.8, 351.4), (5267.5, 424.6), (5275.6, 370.6), (5291.2, 381.0), (5314.8, 427.8), (5341.5, 370.6), (5375.6, 381.0), (5413.7, 427.8), (5445.7, 370.6), (5481.3, 319.6), (5517.9, 290.1), (5552.2, 283.9), (5583.1, 309.1), (5611.6, 369.6), (5616.1, 422.3), (5615.7, 356.0), (5619.2, 310.0), (5630.7, 286.3), (5648.3, 286.9), (5662.6, 321.0), (5671.8, 348.9), (5676.8, 285.1), (5683.0, 241.8), (5684.1, 221.0), (5690.3, 225.2), (5703.3, 263.8), (5713.9, 333.1), (5718.9, 331.0), (5719.2, 272.3), (5722.7, 234.4), (5728.8, 219.4), (5735.2, 231.5), (5739.3, 279.0), (5739.6, 351.4), (5738.4, 314.5), (5738.4, 260.9), (5738.9, 228.5), (5741.7, 219.2), (5743.0, 240.0), (5743.2, 296.4), (5743.2, 368.0), (5741.9, 299.1), (5741.9, 250.6), (5743.2, 224.0), (5748.9, 221.1), (5753.3, 250.8), (5753.8, 314.8), (5753.8, 290.8), (5753.8, 234.9), (5758.2, 200.1), (5764.4, 188.2), (5771.3, 204.9), (5774.2, 257.1), (5774.2, 330.3), (5772.9, 274.6), (5772.9, 223.6), (5773.7, 194.1), (5781.2, 187.9), (5792.6, 213.1), (5799.8, 273.6), (5801.5, 267.1), (5801.5, 208.5), (5803.4, 170.6), (5812.9, 155.6), (5826.3, 167.8), (5835.5, 215.4), (5839.7, 262.3), (5839.7, 196.1), (5843.2, 150.3), (5854.7, 126.7), (5874.2, 127.4), (5898.8, 161.7), (5920.0, 130.6), (5947.2, 74.4), (5982.3, 39.3), (6022.2, 27.1), (6062.2, 43.5), (6102.2, 95.4), (6142.2, 168.6), (6182.2, 241.9), (6222.2, 315.3)]",0,0,34.68
experienced,mario,Mario1-1,Success,1,0,183.78,0.787,"[(112.0, 432.0), (113.9, 371.3), (123.4, 320.5), (140.9, 291.3), (166.4, 285.4), (199.9, 310.9), (239.5, 371.6), (276.7, 422.3), (311.5, 356.0), (351.4, 310.0), (391.4, 286.3), (429.9, 286.9), (464.1, 321.0), (498.3, 387.9), (536.0, 403.8), (572.1, 370.5), (609.8, 399.9), (643.9, 403.8), (681.4, 370.5), (721.2, 399.9), (756.7, 403.8), (793.3, 370.5), (831.4, 399.9), (864.1, 403.8), (880.1, 342.6), (885.6, 301.9), (899.1, 284.0), (920.6, 292.1), (950.1, 335.1), (984.7, 331.0), (1023.7, 272.3), (1063.7, 234.4), (1103.7, 219.4), (1143.7, 231.5), (1183.7, 279.0), (1223.7, 351.4), (1262.6, 314.5), (1302.2, 260.9), (1340.0, 228.5), (1380.0, 219.2), (1420.0, 240.0), (1460.0, 296.4), (1498.6, 307.8), (1538.5, 246.6), (1578.5, 205.9), (1618.5, 188.0), (1658.5, 196.1), (1698.5, 239.1), (1737.5, 310.3), (1772.2, 383.6), (1803.6, 399.9), (1808.2, 376.4), (1808.2, 377.3), (1808.4, 411.7), (1806.8, 386.6), (1806.9, 330.4), (1811.4, 295.3), (1823.9, 283.1), (1844.4, 299.5), (1873.7, 316.0), (1912.4, 252.2), (1952.4, 208.9), (1992.4, 188.1), (2032.4, 192.3), (2072.4, 230.9), (2112.4, 300.2), (2152.3, 373.5), (2188.9, 422.3), (2223.2, 356.0), (2256.0, 310.0), (2257.2, 286.3), (2265.8, 286.9), (2280.8, 275.8), (2294.6, 214.6), (2312.3, 174.0), (2338.0, 156.0), (2371.8, 164.1), (2411.4, 207.2), (2451.4, 278.3), (2490.7, 258.6), (2530.7, 246.7), (2570.7, 284.7), (2610.7, 353.7), (2650.0, 427.0), (2683.3, 370.6), (2715.9, 319.6), (2755.1, 290.1), (2795.1, 283.9), (2835.1, 309.1), (2875.1, 369.6), (2915.1, 399.6), (2954.8, 373.3), (2994.7, 370.6), (3033.4, 400.6), (3068.3, 403.8), (3105.6, 370.5), (3145.5, 399.9), (3182.5, 395.4), (3217.9, 374.8), (3257.7, 379.3), (3297.1, 418.2), (3332.9, 378.5), (3370.3, 377.6), (3407.5, 420.0), (3438.9, 378.5), (3472.1, 324.9), (3472.1, 292.5), (3477.6, 283.2), (3491.1, 304.0), (3508.5, 235.2), (3529.7, 186.7), (3558.6, 160.1), (3595.5, 157.1), (3635.5, 186.8), (3675.5, 250.8), (3714.7, 284.9), (3754.5, 221.1), (3759.9, 177.8), (3760.2, 157.0), (3764.8, 161.2), (3767.3, 139.2), (3774.8, 80.8), (3790.3, 43.2), (3813.8, 28.4), (3845.3, 40.9), (3884.0, 88.7), (3922.1, 161.2), (3958.6, 234.5), (3998.4, 307.8), (4017.2, 381.2), (4024.8, 412.9), (4037.4, 369.1), (4058.0, 394.4), (4081.9, 412.9), (4100.7, 369.1), (4115.7, 394.4), (4125.7, 412.9), (4129.6, 349.1), (4134.8, 305.8), (4138.3, 285.0), (4142.8, 289.2), (4151.0, 327.8), (4159.1, 397.1), (4161.6, 395.1), (4161.7, 336.6), (4165.3, 298.8), (4169.9, 283.9), (4175.2, 296.1), (4179.1, 343.8), (4179.3, 390.3), (4179.3, 324.3), (4180.6, 278.7), (4187.5, 255.2), (4192.6, 256.1), (4197.4, 290.5), (4199.6, 357.6), (4198.5, 371.8), (4198.3, 310.6), (4198.9, 269.9), (4201.8, 252.0), (4210.2, 260.1), (4221.1, 303.1), (4227.6, 368.0), (4228.4, 299.2), (4232.4, 250.7), (4243.8, 224.1), (4263.2, 221.3), (4290.5, 251.0), (4318.6, 294.3), (4343.2, 228.0), (4375.1, 182.0), (4414.1, 158.3), (4454.1, 158.9), (4494.1, 193.0), (4534.1, 259.9), (4573.0, 333.3), (4607.8, 406.6), (4624.0, 386.6), (4624.1, 330.4), (4626.8, 295.3), (4637.3, 283.1), (4652.9, 299.5), (4664.6, 351.4), (4670.1, 314.5), (4677.6, 260.9), (4693.1, 228.5), (4716.6, 219.2), (4748.1, 240.0), (4782.2, 296.4), (4810.9, 242.6), (4845.4, 191.6), (4885.3, 162.1), (4925.3, 155.9), (4965.3, 181.1), (5005.3, 241.6), (5045.2, 314.9), (5082.2, 388.3), (5104.4, 403.8), (5104.8, 342.6), (5112.2, 301.9), (5127.8, 284.0), (5151.2, 292.1), (5182.8, 335.1), (5220.5, 406.3), (5256.8, 386.6), (5296.6, 374.7), (5336.6, 412.7), (5374.0, 386.6), (5413.6, 374.7), (5449.4, 412.7), (5480.8, 388.1), (5509.3, 373.3), (5536.5, 385.7), (5559.2, 432.0), (5575.1, 363.1), (5590.7, 314.6), (5614.1, 288.0), (5644.3, 285.1), (5672.0, 314.8), (5695.0, 358.3), (5711.5, 292.0), (5724.0, 246.0), (5733.7, 222.3), (5746.4, 222.9), (5757.6, 257.0), (5764.3, 323.9), (5765.2, 282.6), (5765.3, 229.2), (5768.5, 197.0), (5777.3, 187.9), (5792.2, 208.9), (5803.8, 265.4), (5808.0, 275.8), (5808.0, 214.6), (5809.2, 173.9), (5817.8, 156.0), (5833.1, 164.1), (5845.9, 207.1), (5853.1, 203.0), (5858.8, 144.3), (5872.3, 106.4), (5893.8, 91.4), (5923.3, 103.5), (5960.7, 151.0), (5999.2, 130.6), (6039.2, 74.4), (6079.2, 39.3), (6119.2, 27.1), (6159.2, 43.5), (6199.2, 95.4), (6239.2, 168.6)]",0,0,33.35
experienced,mario,Mario1-1,Success,1,0,159.7,0.786,"[(112.0, 432.0), (114.6, 371.3), (125.1, 320.5), (143.6, 291.3), (170.1, 285.4), (204.6, 310.9), (244.3, 371.6), (280.4, 422.3), (314.1, 356.0), (353.7, 310.0), (393.7, 286.3), (432.2, 286.9), (466.4, 321.0), (500.4, 387.9), (535.7, 403.8), (566.8, 370.5), (594.9, 399.9), (621.4, 395.4), (655.4, 374.8), (694.3, 379.3), (732.8, 418.2), (766.4, 378.5), (804.6, 377.6), (841.0, 420.0), (871.2, 378.5), (898.3, 324.9), (932.3, 292.5), (972.0, 283.2), (1012.0, 304.0), (1052.0, 360.4), (1089.5, 432.0), (1122.2, 363.1), (1159.7, 314.6), (1199.6, 288.0), (1239.6, 285.1), (1279.6, 314.8), (1319.4, 378.8), (1357.0, 395.0), (1395.9, 371.6), (1430.7, 372.4), (1456.1, 406.9), (1455.2, 395.0), (1455.2, 336.3), (1458.7, 298.4), (1470.2, 283.4), (1489.7, 295.5), (1517.6, 325.4), (1555.7, 259.1), (1595.7, 213.2), (1635.7, 189.4), (1675.7, 190.0), (1715.7, 224.1), (1755.5, 291.0), (1791.9, 364.4), (1808.8, 432.0), (1808.0, 363.2), (1808.8, 314.8), (1816.2, 288.2), (1831.8, 285.4), (1855.2, 315.2), (1888.6, 290.1), (1928.5, 234.0), (1968.5, 198.8), (2008.5, 186.6), (2048.5, 203.0), (2088.5, 255.0), (2128.5, 328.1), (2167.0, 401.5), (2200.2, 395.0), (2236.0, 336.3), (2256.0, 298.4), (2259.5, 283.4), (2271.0, 295.5), (2286.4, 250.5), (2298.0, 196.9), (2309.2, 164.5), (2328.4, 155.3), (2355.5, 176.1), (2390.7, 232.5), (2430.2, 304.0), (2467.7, 235.1), (2479.9, 186.6), (2479.9, 160.0), (2482.2, 157.1), (2482.8, 157.0), (2488.3, 93.5), (2501.8, 50.5), (2523.3, 30.0), (2552.8, 34.5), (2590.2, 73.4), (2630.2, 142.8), (2667.7, 139.0), (2703.6, 80.3), (2740.5, 42.4), (2780.5, 27.4), (2820.5, 39.5), (2860.5, 87.0), (2900.5, 159.4), (2939.0, 122.5), (2974.8, 68.9), (3011.5, 36.5), (3051.5, 27.2), (3091.5, 48.0), (3131.5, 104.4), (3171.5, 177.8), (3211.3, 251.1), (3249.4, 324.4), (3286.5, 397.8), (3320.9, 395.0), (3356.1, 372.3), (3389.3, 406.1), (3417.1, 395.0), (3440.8, 372.3), (3461.7, 406.1), (3478.2, 395.0), (3499.6, 372.3), (3524.9, 406.1), (3544.8, 395.0), (3564.5, 336.3), (3592.3, 298.4), (3621.0, 283.4), (3645.3, 295.5), (3664.0, 343.0), (3668.5, 415.4), (3676.7, 378.5), (3691.8, 377.6), (3714.6, 420.0), (3738.3, 378.5), (3768.8, 377.6), (3800.3, 420.0), (3826.8, 378.5), (3858.7, 324.9), (3897.7, 292.5), (3937.3, 283.2), (3975.7, 304.0), (4014.4, 360.4), (4019.5, 432.0), (4027.1, 368.0), (4042.7, 384.9), (4065.7, 432.0), (4086.1, 368.0), (4105.5, 384.9), (4120.4, 432.0), (4128.6, 363.1), (4136.2, 314.6), (4143.2, 288.0), (4145.9, 285.1), (4148.1, 314.8), (4151.4, 378.8), (4151.6, 413.0), (4151.6, 349.5), (4155.5, 306.5), (4158.9, 285.9), (4160.2, 290.4), (4160.8, 329.3), (4160.8, 398.8), (4160.8, 395.2), (4160.9, 336.8), (4164.5, 299.2), (4167.7, 284.4), (4169.1, 296.8), (4169.3, 344.6), (4169.3, 417.1), (4168.1, 378.5), (4168.5, 324.9), (4169.8, 292.5), (4172.4, 283.2), (4173.2, 304.0), (4173.2, 360.4), (4173.2, 432.0), (4171.9, 363.1), (4173.0, 314.6), (4174.3, 288.0), (4177.5, 285.1), (4179.8, 314.8), (4179.8, 378.8), (4179.8, 354.8), (4179.8, 298.9), (4184.1, 264.1), (4188.0, 252.2), (4189.0, 268.9), (4189.8, 321.1), (4189.8, 394.3), (4189.8, 338.9), (4190.2, 288.1), (4192.8, 258.9), (4195.4, 253.0), (4196.2, 278.6), (4196.2, 339.3), (4196.2, 390.3), (4196.2, 324.3), (4196.8, 278.7), (4197.6, 255.2), (4198.5, 256.1), (4199.2, 290.5), (4199.2, 357.6), (4198.1, 371.8), (4197.9, 310.6), (4198.1, 269.9), (4200.2, 252.0), (4207.3, 260.1), (4214.2, 303.1), (4216.6, 368.0), (4216.9, 299.4), (4223.4, 251.2), (4237.9, 224.9), (4260.4, 222.3), (4290.9, 252.3), (4322.2, 294.3), (4349.8, 228.0), (4384.8, 182.0), (4424.8, 158.3), (4464.8, 158.9), (4504.8, 193.0), (4544.8, 259.9), (4582.3, 333.3), (4615.3, 406.6), (4622.8, 386.6), (4623.1, 330.4), (4629.6, 295.3), (4643.9, 283.1), (4657.9, 299.5), (4667.4, 351.4), (4670.7, 314.5), (4676.0, 260.9), (4689.2, 228.5), (4710.5, 219.2), (4739.8, 240.0), (4770.1, 296.4), (4794.4, 242.6), (4823.6, 191.6), (4860.7, 162.1), (4900.7, 155.9), (4940.7, 181.1), (4980.7, 241.6), (5020.3, 314.9), (5056.1, 388.3), (5086.6, 403.8), (5114.0, 342.6), (5147.3, 301.9), (5186.7, 284.0), (5223.1, 292.1), (5255.1, 335.1), (5265.9, 406.3), (5275.4, 383.5), (5292.9, 368.8), (5318.4, 381.2), (5351.3, 429.0), (5384.7, 370.6), (5422.8, 381.0), (5456.9, 427.8), (5484.8, 370.6), (5516.3, 319.6), (5549.4, 290.1), (5583.8, 283.9), (5622.8, 309.1), (5658.1, 368.0), (5686.6, 299.1), (5710.6, 250.6), (5730.2, 224.0), (5745.4, 221.1), (5756.1, 250.8), (5762.4, 314.8), (5763.6, 290.8), (5763.6, 234.9), (5767.5, 200.1), (5775.0, 188.2), (5785.7, 204.9), (5793.2, 257.1), (5795.9, 285.0), (5795.9, 221.5), (5797.8, 178.5), (5807.1, 157.9), (5821.3, 162.4), (5835.2, 201.3), (5843.7, 211.8), (5849.2, 150.6), (5862.1, 109.9), (5883.1, 92.0), (5912.0, 100.1), (5948.9, 143.1), (5988.2, 139.0), (6028.2, 80.3), (6068.2, 42.4), (6108.2, 27.4), (6148.2, 39.5), (6188.2, 87.0), (6228.2, 159.4)]",0,0,38.3
experienced,mario,Mario1-1,Success,1,0,209.97,0.785,"[(112.0, 432.0), (113.2, 371.3), (121.8, 320.5), (138.2, 291.3), (162.8, 285.4), (195.2, 310.9), (234.5, 371.6), (271.7, 422.3), (306.5, 356.0), (346.4, 310.0), (386.4, 286.3), (424.9, 286.9), (459.1, 321.0), (494.9, 387.9), (531.7, 403.8), (563.8, 370.5), (596.2, 399.9), (626.4, 395.4), (663.4, 374.8), (703.4, 379.3), (742.3, 418.2), (775.9, 378.5), (812.8, 377.6), (847.2, 420.0), (875.3, 378.5), (881.2, 324.9), (889.8, 292.5), (906.2, 283.2), (930.8, 304.0), (963.2, 360.4), (998.8, 306.6), (1038.7, 255.6), (1078.7, 226.1), (1118.7, 219.9), (1158.7, 245.1), (1198.7, 305.6), (1238.2, 358.3), (1277.6, 292.0), (1315.7, 246.0), (1354.2, 222.3), (1394.2, 222.9), (1434.2, 257.0), (1474.2, 323.9), (1512.7, 282.5), (1552.7, 228.9), (1592.7, 196.5), (1632.7, 187.2), (1672.7, 208.0), (1712.6, 264.4), (1749.6, 337.8), (1782.1, 411.1), (1808.1, 388.4), (1808.2, 373.6), (1808.3, 386.0), (1808.1, 432.0), (1806.9, 363.1), (1807.1, 314.6), (1812.6, 288.0), (1826.1, 285.1), (1847.6, 314.8), (1874.6, 289.7), (1908.2, 233.6), (1947.9, 198.4), (1987.9, 186.2), (2027.9, 202.6), (2067.9, 254.5), (2107.9, 327.7), (2147.2, 401.0), (2181.3, 395.0), (2216.2, 336.3), (2250.8, 298.4), (2285.4, 283.4), (2320.8, 295.5), (2353.6, 343.0), (2392.4, 415.4), (2430.5, 378.5), (2470.5, 377.6), (2509.0, 420.0), (2542.6, 378.5), (2581.1, 324.9), (2621.1, 292.5), (2661.1, 283.2), (2701.1, 304.0), (2741.1, 360.4), (2780.0, 432.0), (2815.3, 363.1), (2855.3, 314.6), (2895.0, 288.0), (2935.0, 285.1), (2975.0, 314.8), (3014.8, 378.8), (3052.2, 412.9), (3088.0, 349.1), (3088.7, 305.8), (3088.7, 285.0), (3089.9, 289.2), (3090.7, 267.2), (3098.2, 208.8), (3113.7, 171.2), (3137.2, 156.4), (3168.7, 168.9), (3207.3, 216.7), (3244.9, 289.2), (3279.5, 362.5), (3283.5, 432.0), (3289.7, 368.0), (3303.8, 384.9), (3323.9, 432.0), (3340.4, 368.0), (3363.6, 384.9), (3389.1, 432.0), (3409.3, 368.0), (3434.2, 384.9), (3456.8, 432.0), (3478.1, 368.0), (3507.2, 384.9), (3535.9, 432.0), (3558.4, 363.1), (3586.1, 314.6), (3618.7, 288.0), (3647.6, 285.1), (3671.4, 284.9), (3694.4, 221.2), (3719.8, 177.9), (3742.3, 157.0), (3760.4, 161.2), (3774.0, 139.1), (3792.5, 80.4), (3819.0, 42.5), (3853.5, 27.5), (3893.3, 39.6), (3933.3, 87.1), (3971.4, 159.5), (3984.4, 232.8), (3990.9, 306.2), (4001.3, 379.5), (4017.6, 412.9), (4038.0, 369.1), (4066.3, 394.4), (4096.7, 412.9), (4120.9, 349.1), (4146.4, 305.8), (4169.5, 285.0), (4188.1, 289.2), (4202.3, 327.8), (4208.0, 397.1), (4206.8, 338.6), (4206.8, 287.6), (4207.1, 258.1), (4213.6, 251.9), (4227.9, 277.1), (4241.9, 336.0), (4252.3, 267.1), (4269.8, 218.6), (4295.3, 192.0), (4328.8, 189.1), (4368.5, 218.8), (4408.5, 282.8), (4447.8, 258.6), (4487.8, 202.4), (4527.8, 167.3), (4567.8, 155.1), (4607.8, 171.5), (4647.8, 223.4), (4686.3, 296.6), (4719.6, 307.8), (4723.5, 246.6), (4735.0, 205.9), (4754.5, 188.0), (4782.0, 196.1), (4817.5, 239.1), (4857.4, 304.0), (4896.5, 235.1), (4936.5, 186.6), (4976.5, 160.0), (5016.5, 157.1), (5056.5, 186.8), (5096.5, 250.8), (5136.5, 324.1), (5175.7, 339.8), (5215.3, 278.6), (5251.4, 237.9), (5290.3, 220.0), (5330.3, 228.1), (5370.3, 271.1), (5409.6, 267.0), (5448.8, 208.3), (5488.3, 170.4), (5528.3, 155.4), (5568.3, 167.5), (5608.3, 215.0), (5647.6, 287.4), (5682.8, 360.8), (5711.6, 306.6), (5735.7, 255.6), (5755.3, 226.1), (5770.5, 219.9), (5781.2, 245.1), (5787.5, 304.0), (5787.8, 235.2), (5788.6, 186.8), (5796.1, 160.2), (5807.5, 157.4), (5822.0, 187.2), (5834.1, 251.2), (5840.2, 226.6), (5842.2, 170.4), (5850.3, 135.3), (5866.3, 123.1), (5890.4, 139.5), (5916.7, 166.3), (5942.0, 100.0), (5975.3, 54.0), (6014.8, 30.3), (6054.8, 30.9), (6094.8, 65.0), (6134.8, 131.9), (6174.8, 205.3), (6214.8, 278.6)]",0,0,29.12
experienced,mario,Mario1-1,Success,1,0,208.01,0.788,"[(112.0, 432.0), (113.2, 371.3), (121.8, 320.5), (138.2, 291.3), (162.8, 285.4), (195.2, 310.9), (234.5, 371.6), (271.7, 422.3), (306.5, 356.0), (346.4, 310.0), (386.4, 286.3), (424.9, 286.9), (459.1, 321.0), (494.9, 387.9), (532.9, 403.8), (567.6, 370.5), (603.3, 399.9), (637.5, 395.4), (677.2, 374.8), (717.2, 379.3), (756.5, 418.2), (790.6, 378.5), (826.9, 377.6), (860.3, 420.0), (880.0, 378.5), (881.2, 324.9), (889.8, 292.5), (906.2, 283.2), (930.8, 304.0), (963.2, 360.4), (1000.3, 306.6), (1039.8, 255.6), (1079.8, 226.1), (1119.8, 219.9), (1159.8, 245.1), (1199.8, 305.6), (1239.3, 358.3), (1278.7, 292.0), (1315.7, 246.0), (1353.4, 222.3), (1393.4, 222.9), (1433.4, 257.0), (1473.4, 323.9), (1511.9, 282.5), (1551.9, 228.9), (1591.9, 196.5), (1631.9, 187.2), (1671.9, 208.0), (1711.9, 264.4), (1749.4, 337.8), (1782.5, 411.1), (1808.1, 388.4), (1808.2, 373.6), (1808.3, 386.0), (1808.1, 432.0), (1806.9, 363.1), (1807.1, 314.6), (1812.6, 288.0), (1826.1, 285.1), (1847.6, 314.8), (1878.9, 289.7), (1918.2, 233.6), (1958.2, 198.4), (1998.2, 186.2), (2038.2, 202.6), (2078.2, 254.5), (2118.2, 327.7), (2157.5, 401.0), (2191.6, 395.0), (2226.5, 336.3), (2259.9, 298.4), (2294.1, 283.4), (2327.9, 295.5), (2358.5, 343.0), (2394.9, 415.4), (2432.1, 378.5), (2472.1, 377.6), (2510.7, 420.0), (2545.0, 378.5), (2584.3, 324.9), (2624.3, 292.5), (2664.3, 283.2), (2704.3, 304.0), (2744.3, 360.4), (2783.6, 432.0), (2819.5, 363.1), (2859.5, 314.6), (2899.4, 288.0), (2939.4, 285.1), (2979.4, 314.8), (3019.2, 378.8), (3057.3, 412.9), (3088.1, 349.1), (3088.0, 305.8), (3088.0, 285.0), (3088.0, 289.2), (3088.0, 327.8), (3090.6, 397.1), (3097.6, 387.0), (3111.5, 369.3), (3133.3, 377.7), (3161.2, 408.0), (3186.0, 375.9), (3214.7, 366.9), (3250.1, 388.0), (3285.9, 422.3), (3320.8, 368.3), (3360.0, 389.3), (3395.0, 422.3), (3423.9, 368.3), (3453.6, 389.3), (3479.1, 422.3), (3503.6, 368.3), (3532.0, 389.3), (3555.9, 422.3), (3574.5, 356.0), (3599.1, 310.0), (3627.6, 286.3), (3651.9, 286.9), (3671.1, 284.9), (3689.6, 221.1), (3713.7, 177.8), (3735.6, 157.0), (3753.1, 161.2), (3765.9, 147.8), (3782.3, 86.6), (3806.7, 45.9), (3839.1, 28.0), (3878.2, 36.1), (3918.2, 79.1), (3956.3, 150.3), (3984.1, 223.6), (3989.6, 296.9), (4002.2, 370.3), (4021.6, 422.3), (4045.7, 368.3), (4077.7, 389.3), (4110.5, 422.3), (4136.8, 356.0), (4160.5, 310.0), (4181.0, 286.3), (4197.1, 286.9), (4208.7, 321.0), (4215.3, 348.9), (4217.6, 285.1), (4225.4, 241.8), (4241.0, 221.0), (4264.7, 225.2), (4295.1, 263.8), (4322.2, 275.8), (4348.8, 214.6), (4383.4, 173.9), (4423.3, 156.0), (4463.3, 164.1), (4503.3, 207.1), (4543.2, 278.3), (4581.3, 351.6), (4614.9, 424.9), (4624.0, 370.6), (4624.0, 319.6), (4628.5, 290.1), (4641.0, 283.9), (4655.7, 309.1), (4666.3, 368.0), (4670.7, 299.1), (4680.2, 250.6), (4697.7, 224.0), (4723.2, 221.1), (4756.5, 250.8), (4789.2, 294.3), (4818.2, 228.0), (4854.7, 182.0), (4894.7, 158.3), (4934.7, 158.9), (4974.7, 193.0), (5014.7, 259.9), (5054.3, 333.3), (5090.2, 406.6), (5104.7, 386.6), (5105.3, 330.4), (5113.2, 295.3), (5129.2, 283.1), (5153.1, 299.5), (5185.1, 351.4), (5220.7, 314.5), (5254.7, 260.9), (5287.1, 228.5), (5326.0, 219.2), (5366.0, 240.0), (5406.0, 296.4), (5442.8, 242.6), (5478.0, 191.6), (5515.6, 162.1), (5555.6, 155.9), (5595.6, 181.1), (5635.6, 241.6), (5673.7, 314.9), (5707.2, 348.9), (5734.4, 285.1), (5757.3, 241.8), (5775.7, 221.0), (5789.6, 225.2), (5799.1, 263.8), (5802.8, 275.9), (5802.8, 214.9), (5803.6, 174.5), (5811.1, 156.8), (5826.4, 165.1), (5841.3, 208.4), (5850.7, 203.0), (5858.5, 144.3), (5874.1, 106.4), (5897.7, 91.4), (5929.3, 103.5), (5968.1, 151.0), (6006.6, 130.6), (6046.6, 74.4), (6086.6, 39.3), (6126.6, 27.1), (6166.6, 43.5), (6206.6, 95.4), (6246.6, 168.6)]",0,0,29.48
experienced,mario,Mario1-1,Success,1,0,168.64,0.784,"[(112.0, 432.0), (113.9, 371.3), (123.4, 320.5), (140.9, 291.3), (166.4, 285.4), (199.9, 310.9), (239.4, 371.6), (276.1, 422.3), (310.3, 356.0), (350.1, 310.0), (390.1, 286.3), (428.6, 286.9), (462.8, 321.0), (498.6, 387.9), (535.4, 403.8), (568.1, 370.5), (597.7, 399.9), (624.8, 395.4), (658.8, 374.8), (698.5, 379.3), (737.0, 418.2), (770.0, 378.5), (807.0, 377.6), (842.3, 420.0), (871.5, 378.5), (897.7, 324.9), (930.6, 292.5), (970.0, 283.2), (1010.0, 304.0), (1050.0, 360.4), (1087.5, 432.0), (1120.2, 363.1), (1157.2, 314.6), (1196.7, 288.0), (1236.7, 285.1), (1276.7, 314.8), (1316.5, 378.8), (1353.1, 395.0), (1390.7, 371.6), (1424.4, 372.4), (1453.8, 406.9), (1456.8, 395.1), (1456.2, 336.5), (1459.7, 298.6), (1471.2, 283.6), (1490.7, 295.8), (1518.6, 325.8), (1556.7, 259.5), (1596.7, 213.6), (1636.7, 189.8), (1676.7, 190.4), (1716.7, 224.5), (1756.5, 291.5), (1792.9, 364.8), (1808.0, 432.0), (1806.4, 363.1), (1807.1, 314.6), (1814.6, 288.0), (1830.1, 285.1), (1853.6, 314.8), (1887.0, 289.7), (1926.9, 233.6), (1966.9, 198.4), (2006.9, 186.2), (2046.9, 202.6), (2086.9, 254.5), (2126.9, 327.7), (2165.4, 401.0), (2198.6, 395.0), (2234.4, 336.3), (2256.0, 298.4), (2259.5, 283.4), (2271.0, 295.5), (2286.4, 250.5), (2300.3, 196.9), (2321.0, 164.5), (2349.8, 155.3), (2386.4, 176.1), (2426.4, 232.5), (2466.4, 304.0), (2505.7, 240.0), (2545.7, 256.9), (2585.7, 308.1), (2625.7, 381.2), (2663.2, 412.9), (2694.7, 349.1), (2730.1, 305.8), (2770.1, 285.0), (2810.1, 289.2), (2850.1, 327.8), (2890.1, 397.1), (2929.8, 387.0), (2969.2, 369.3), (3006.7, 377.7), (3041.2, 421.0), (3070.7, 378.5), (3088.2, 324.9), (3088.2, 292.5), (3090.3, 283.2), (3091.8, 304.0), (3095.3, 235.5), (3106.8, 187.3), (3126.3, 160.9), (3153.8, 158.3), (3189.3, 188.3), (3228.2, 252.5), (3264.3, 325.8), (3281.2, 399.2), (3287.2, 395.0), (3298.3, 372.3), (3317.1, 406.1), (3334.5, 395.0), (3353.2, 372.3), (3377.2, 406.1), (3397.5, 395.0), (3417.7, 372.3), (3438.9, 406.1), (3455.6, 395.0), (3472.1, 336.3), (3472.2, 298.4), (3475.7, 283.4), (3487.2, 295.5), (3503.8, 250.5), (3523.9, 196.9), (3550.8, 164.5), (3585.8, 155.3), (3625.7, 176.1), (3665.7, 232.5), (3705.6, 304.0), (3744.7, 235.1), (3760.2, 186.6), (3760.3, 160.0), (3763.1, 157.1), (3763.9, 157.0), (3769.4, 93.5), (3782.9, 50.5), (3804.4, 30.0), (3833.9, 34.5), (3871.3, 73.4), (3910.2, 142.8), (3946.1, 216.2), (3985.9, 289.5), (4016.1, 362.8), (4021.6, 432.0), (4031.2, 368.0), (4048.8, 384.9), (4073.3, 432.0), (4094.1, 368.0), (4113.9, 384.9), (4129.3, 432.0), (4137.9, 363.1), (4146.2, 314.6), (4155.2, 288.0), (4161.2, 285.1), (4166.0, 314.8), (4166.8, 378.8), (4165.9, 412.9), (4165.5, 349.1), (4167.0, 305.8), (4168.8, 285.0), (4172.8, 289.2), (4175.6, 327.8), (4175.6, 397.1), (4174.3, 395.0), (4174.3, 336.3), (4174.5, 298.4), (4177.4, 283.4), (4181.7, 295.5), (4183.4, 343.0), (4183.4, 390.3), (4183.4, 324.3), (4184.7, 278.7), (4188.3, 255.2), (4191.6, 256.1), (4194.9, 290.5), (4195.1, 357.6), (4195.1, 371.9), (4195.1, 311.0), (4195.8, 270.6), (4197.1, 253.0), (4200.5, 261.3), (4201.8, 304.7), (4201.8, 375.9), (4200.6, 354.6), (4200.6, 298.4), (4200.6, 263.3), (4204.3, 251.1), (4214.7, 267.5), (4223.5, 319.4), (4227.3, 348.9), (4228.3, 285.4), (4233.7, 242.2), (4247.1, 221.6), (4268.5, 226.0), (4297.3, 264.8), (4323.7, 275.8), (4349.7, 214.6), (4383.6, 173.9), (4423.3, 156.0), (4463.3, 164.1), (4503.3, 207.1), (4543.3, 278.3), (4581.3, 351.6), (4614.9, 424.9), (4624.0, 370.6), (4625.2, 319.6), (4633.8, 290.1), (4649.1, 283.9), (4661.9, 309.1), (4670.3, 368.0), (4672.5, 299.1), (4679.8, 250.6), (4695.1, 224.0), (4718.3, 221.1), (4749.0, 250.8), (4777.9, 294.3), (4802.2, 228.0), (4833.4, 182.0), (4871.9, 158.3), (4911.9, 158.9), (4951.9, 193.0), (4991.9, 259.9), (5031.3, 333.3), (5066.5, 406.6), (5095.9, 386.6), (5105.9, 330.4), (5115.4, 295.3), (5132.9, 283.1), (5158.4, 299.5), (5191.9, 351.4), (5227.5, 424.6), (5265.7, 389.6), (5305.7, 377.7), (5345.7, 394.4), (5384.4, 422.3), (5422.0, 368.3), (5458.9, 389.3), (5491.1, 422.3), (5518.0, 356.0), (5550.4, 310.0), (5583.7, 286.3), (5622.3, 286.9), (5658.7, 321.0), (5690.1, 348.9), (5715.2, 285.1), (5736.0, 241.8), (5752.2, 221.0), (5764.1, 225.2), (5771.5, 263.8), (5774.4, 333.1), (5773.2, 274.6), (5773.2, 223.6), (5775.6, 194.1), (5785.0, 187.9), (5799.4, 213.1), (5810.0, 272.0), (5813.9, 203.1), (5817.3, 154.6), (5828.6, 128.0), (5846.5, 125.1), (5868.2, 154.8), (5885.3, 198.3), (5898.8, 132.0), (5919.8, 86.0), (5948.7, 62.3), (5985.6, 62.9), (6025.6, 97.0), (6065.6, 163.9), (6105.6, 237.3), (6145.6, 310.6), (6185.4, 383.9), (6221.2, 412.9)]",0,0,36.15
experienced,mario,Mario1-1,Success,1,0,178.76,0.784,"[(112.0, 432.0), (113.9, 371.3), (123.4, 320.5), (140.9, 291.3), (166.4, 285.4), (199.9, 310.9), (239.3, 371.6), (275.4, 422.3), (309.1, 356.0), (348.7, 310.0), (388.2, 286.3), (426.4, 286.9), (460.3, 321.0), (494.7, 387.9), (529.8, 403.8), (559.7, 370.5), (586.0, 399.9), (610.8, 395.4), (642.9, 374.8), (681.1, 379.3), (717.3, 418.2), (748.7, 378.5), (785.6, 377.6), (823.1, 420.0), (854.4, 378.5), (882.6, 324.9), (917.7, 292.5), (956.9, 283.2), (996.9, 304.0), (1036.9, 360.4), (1074.4, 432.0), (1108.0, 363.1), (1147.2, 314.6), (1187.0, 288.0), (1227.0, 285.1), (1267.0, 314.8), (1306.8, 378.8), (1345.1, 395.0), (1384.0, 371.6), (1418.7, 372.4), (1449.0, 406.9), (1455.2, 395.0), (1455.2, 336.3), (1457.8, 298.4), (1468.3, 283.4), (1486.8, 295.5), (1513.7, 325.4), (1551.1, 259.1), (1590.2, 213.2), (1629.7, 189.4), (1669.7, 190.0), (1709.7, 224.1), (1749.5, 291.0), (1785.8, 364.4), (1808.4, 432.0), (1807.7, 363.1), (1808.1, 314.6), (1814.6, 288.0), (1829.1, 285.1), (1851.6, 314.8), (1884.0, 289.7), (1923.4, 233.6), (1962.3, 198.4), (2002.2, 186.2), (2042.2, 202.6), (2082.2, 254.5), (2122.2, 327.7), (2160.7, 401.0), (2193.7, 395.0), (2227.5, 336.3), (2259.8, 298.4), (2292.9, 283.4), (2325.6, 295.5), (2355.0, 343.0), (2389.0, 415.4), (2422.0, 378.5), (2460.9, 377.6), (2499.9, 420.0), (2534.8, 378.5), (2574.3, 324.9), (2614.3, 292.5), (2654.3, 283.2), (2694.3, 304.0), (2734.3, 360.4), (2772.8, 432.0), (2807.6, 363.1), (2847.4, 314.6), (2886.9, 288.0), (2926.9, 285.1), (2965.9, 284.9), (2999.9, 221.2), (3036.3, 177.9), (3074.9, 157.0), (3113.7, 161.2), (3153.7, 199.8), (3193.0, 269.1), (3230.2, 342.5), (3269.1, 415.8), (3308.8, 380.8), (3348.5, 368.9), (3386.3, 385.6), (3421.3, 432.0), (3449.6, 363.1), (3472.0, 314.6), (3472.8, 288.0), (3480.2, 285.1), (3494.8, 284.9), (3513.2, 221.2), (3535.2, 177.9), (3563.0, 157.0), (3598.9, 161.2), (3638.9, 199.8), (3678.9, 269.1), (3717.8, 267.0), (3757.4, 208.3), (3760.0, 170.4), (3760.1, 155.4), (3760.2, 167.5), (3760.3, 215.0), (3761.9, 287.4), (3771.4, 360.8), (3786.0, 432.0), (3797.3, 363.1), (3816.0, 314.6), (3842.7, 288.0), (3877.4, 285.1), (3917.3, 314.8), (3957.3, 378.8), (3995.4, 412.9), (4034.6, 369.1), (4074.6, 394.4), (4111.5, 412.9), (4142.3, 349.1), (4170.1, 305.8), (4193.5, 285.0), (4212.4, 289.2), (4226.9, 327.8), (4236.1, 339.8), (4239.4, 278.6), (4245.2, 237.9), (4259.0, 220.0), (4280.9, 228.1), (4310.1, 271.1), (4336.9, 267.0), (4366.4, 208.3), (4403.5, 170.4), (4443.2, 155.4), (4483.2, 167.5), (4523.2, 215.0), (4562.5, 287.4), (4597.8, 360.8), (4624.0, 432.0), (4622.6, 363.1), (4622.9, 314.6), (4628.4, 288.0), (4641.7, 285.1), (4654.7, 314.8), (4662.9, 358.3), (4665.7, 292.0), (4674.7, 246.0), (4691.6, 222.3), (4716.6, 222.9), (4748.4, 257.0), (4777.1, 284.9), (4802.5, 221.1), (4835.3, 177.8), (4874.4, 157.0), (4914.4, 161.2), (4954.4, 199.8), (4994.4, 269.1), (5032.9, 342.4), (5067.1, 415.8), (5095.1, 378.5), (5124.3, 324.9), (5160.6, 292.5), (5199.6, 283.2), (5234.3, 304.0), (5264.0, 360.4), (5268.5, 432.0), (5277.1, 368.0), (5293.7, 384.9), (5317.7, 432.0), (5343.4, 368.0), (5377.0, 384.9), (5414.5, 432.0), (5446.0, 363.1), (5482.4, 314.6), (5518.5, 288.0), (5552.8, 285.1), (5584.7, 314.8), (5616.1, 378.8), (5616.2, 395.0), (5616.2, 371.6), (5616.2, 372.4), (5616.2, 406.9), (5616.7, 395.1), (5617.1, 336.5), (5623.6, 298.6), (5638.1, 283.6), (5656.5, 295.8), (5670.7, 343.4), (5678.9, 322.6), (5684.8, 266.4), (5695.3, 231.3), (5704.6, 219.1), (5712.6, 235.5), (5720.6, 287.4), (5724.6, 360.6), (5724.8, 306.9), (5725.2, 256.1), (5729.7, 226.9), (5735.1, 221.0), (5739.7, 246.6), (5740.3, 307.3), (5739.8, 358.3), (5739.1, 292.0), (5739.1, 246.0), (5740.3, 222.3), (5745.9, 222.9), (5750.8, 257.0), (5751.5, 323.9), (5751.5, 282.7), (5751.7, 229.4), (5756.0, 197.3), (5761.5, 188.3), (5768.0, 209.4), (5770.3, 266.1), (5770.3, 336.0), (5769.1, 267.1), (5769.1, 218.6), (5769.8, 192.0), (5776.2, 189.1), (5784.5, 218.8), (5788.5, 282.8), (5788.9, 258.8), (5788.9, 202.9), (5793.4, 168.1), (5803.9, 156.2), (5813.0, 172.9), (5820.5, 225.1), (5823.2, 253.0), (5823.2, 189.5), (5827.7, 146.5), (5840.0, 125.9), (5857.2, 130.4), (5874.0, 169.3), (5885.7, 179.8), (5898.3, 118.6), (5918.9, 77.9), (5947.6, 60.0), (5984.2, 68.1), (6024.2, 111.1), (6064.2, 182.3), (6104.2, 255.6), (6144.2, 328.9), (6183.5, 402.3), (6217.6, 395.0)]",0,0,34.17
experienced,mario,Mario1-1,Success,1,0,183.97,0.788,"[(112.0, 432.0), (113.9, 371.3), (123.4, 320.5), (140.9, 291.3), (166.4, 285.4), (199.9, 310.9), (239.5, 371.6), (276.7, 422.3), (311.5, 356.0), (351.4, 310.0), (391.4, 286.3), (429.9, 286.9), (464.1, 321.0), (498.3, 387.9), (536.0, 403.8), (572.1, 370.5), (609.8, 399.9), (643.9, 403.8), (681.4, 370.5), (721.4, 399.9), (757.4, 403.8), (794.5, 370.5), (832.6, 399.9), (865.3, 403.8), (880.1, 342.6), (885.6, 301.9), (899.1, 284.0), (920.6, 292.1), (950.1, 335.1), (985.7, 331.0), (1025.3, 272.3), (1065.3, 234.4), (1105.3, 219.4), (1145.3, 231.5), (1185.3, 279.0), (1225.3, 351.4), (1264.2, 314.5), (1303.2, 260.9), (1339.8, 228.5), (1379.8, 219.2), (1419.8, 240.0), (1459.8, 296.4), (1498.5, 307.8), (1538.4, 246.6), (1578.4, 205.9), (1618.4, 188.0), (1658.4, 196.1), (1698.4, 239.1), (1736.9, 310.3), (1771.1, 383.6), (1802.0, 399.9), (1808.2, 376.4), (1808.2, 377.3), (1808.4, 411.7), (1806.8, 386.6), (1806.9, 330.4), (1810.4, 295.3), (1821.9, 283.1), (1841.4, 299.5), (1869.7, 316.0), (1907.8, 252.2), (1947.8, 208.9), (1987.8, 188.1), (2027.8, 192.3), (2067.8, 230.9), (2107.8, 300.2), (2147.7, 373.5), (2184.4, 422.3), (2218.6, 356.0), (2255.2, 310.0), (2257.2, 286.3), (2265.8, 286.9), (2280.8, 275.8), (2294.6, 214.6), (2312.3, 174.0), (2338.0, 156.0), (2371.8, 164.1), (2411.4, 207.2), (2451.4, 278.3), (2490.7, 258.6), (2530.7, 246.7), (2570.7, 284.7), (2610.7, 353.7), (2650.0, 427.0), (2683.3, 370.6), (2715.9, 319.6), (2755.1, 290.1), (2795.1, 283.9), (2835.1, 309.1), (2875.1, 369.6), (2915.1, 399.6), (2954.8, 373.3), (2994.8, 370.6), (3034.4, 400.6), (3070.1, 403.8), (3108.0, 370.5), (3147.9, 399.9), (3184.9, 395.4), (3220.3, 374.8), (3260.0, 379.3), (3299.5, 418.2), (3334.3, 378.5), (3369.2, 377.6), (3407.2, 420.0), (3440.2, 378.5), (3472.0, 324.9), (3472.1, 292.5), (3477.6, 283.2), (3491.1, 304.0), (3508.5, 235.2), (3529.7, 186.7), (3558.6, 160.1), (3595.5, 157.1), (3635.5, 186.8), (3675.5, 250.8), (3714.7, 284.9), (3754.5, 221.1), (3759.9, 177.8), (3760.2, 157.0), (3764.2, 161.2), (3765.9, 139.2), (3773.4, 80.8), (3788.9, 43.2), (3812.4, 28.4), (3843.9, 40.9), (3882.7, 88.7), (3920.2, 161.2), (3956.1, 234.5), (3995.8, 307.8), (4016.8, 381.2), (4023.3, 412.9), (4034.9, 369.1), (4054.5, 394.4), (4078.6, 412.9), (4097.9, 369.1), (4113.5, 394.4), (4124.1, 412.9), (4128.5, 349.1), (4134.2, 305.8), (4137.5, 285.0), (4140.4, 289.2), (4145.5, 327.8), (4152.6, 397.1), (4154.4, 395.2), (4154.8, 336.8), (4160.7, 299.2), (4168.0, 284.4), (4173.8, 296.8), (4178.7, 344.6), (4179.4, 390.3), (4179.4, 324.3), (4180.7, 278.7), (4188.4, 255.2), (4194.8, 256.1), (4199.6, 290.5), (4200.5, 357.6), (4199.4, 371.8), (4199.3, 310.6), (4200.0, 269.9), (4203.1, 252.0), (4213.1, 260.1), (4225.4, 303.1), (4233.4, 368.0), (4233.8, 299.2), (4236.5, 250.7), (4247.0, 224.1), (4265.5, 221.3), (4292.0, 251.0), (4320.7, 294.3), (4345.9, 228.0), (4378.5, 182.0), (4417.8, 158.3), (4457.8, 158.9), (4497.8, 193.0), (4537.8, 259.9), (4575.3, 333.3), (4608.4, 406.6), (4624.0, 386.6), (4624.1, 330.4), (4626.8, 295.3), (4637.3, 283.1), (4653.9, 299.5), (4667.1, 351.4), (4674.2, 314.5), (4683.3, 260.9), (4700.3, 228.5), (4725.4, 219.2), (4758.4, 240.0), (4794.1, 296.4), (4824.3, 242.6), (4860.4, 191.6), (4900.4, 162.1), (4940.4, 155.9), (4980.4, 181.1), (5020.4, 241.6), (5060.4, 314.9), (5098.5, 388.3), (5103.8, 403.8), (5105.6, 342.6), (5113.5, 301.9), (5129.5, 284.0), (5153.4, 292.1), (5185.4, 335.1), (5223.6, 406.3), (5260.3, 386.6), (5300.2, 374.7), (5340.2, 412.7), (5377.6, 386.6), (5416.9, 374.7), (5452.2, 412.7), (5483.0, 388.1), (5511.5, 373.3), (5538.1, 385.7), (5560.3, 432.0), (5575.7, 363.1), (5590.7, 314.6), (5613.5, 288.0), (5643.8, 285.1), (5672.5, 314.8), (5696.5, 358.3), (5714.0, 292.0), (5727.4, 246.0), (5738.0, 222.3), (5747.0, 222.9), (5757.9, 257.0), (5764.3, 323.9), (5765.0, 282.5), (5765.1, 229.1), (5768.3, 196.8), (5777.1, 187.7), (5792.0, 208.6), (5803.6, 265.2), (5808.0, 275.8), (5808.0, 214.6), (5809.2, 173.9), (5817.8, 156.0), (5833.7, 164.1), (5848.1, 207.1), (5856.8, 203.0), (5864.1, 144.3), (5879.1, 106.4), (5902.2, 91.4), (5933.2, 103.5), (5971.7, 151.0), (6010.2, 130.6), (6050.2, 74.4), (6090.2, 39.3), (6130.2, 27.1), (6170.2, 43.5), (6210.2, 95.4), (6250.1, 168.6)]",0,0,33.35
experienced,mario,Mario1-1,Success,1,0,208.01,0.788,"[(112.0, 432.0), (113.2, 371.3), (121.8, 320.5), (138.2, 291.3), (162.8, 285.4), (195.2, 310.9), (234.5, 371.6), (271.7, 422.3), (306.5, 356.0), (346.4, 310.0), (386.4, 286.3), (424.9, 286.9), (459.1, 321.0), (494.9, 387.9), (532.9, 403.8), (567.6, 370.5), (603.3, 399.9), (637.5, 395.4), (677.2, 374.8), (717.2, 379.3), (756.5, 418.2), (790.6, 378.5), (826.9, 377.6), (860.3, 420.0), (880.0, 378.5), (881.2, 324.9), (889.8, 292.5), (906.2, 283.2), (930.8, 304.0), (963.2, 360.4), (1000.3, 306.6), (1039.8, 255.6), (1079.8, 226.1), (1119.8, 219.9), (1159.8, 245.1), (1199.8, 305.6), (1239.3, 358.3), (1278.7, 292.0), (1315.7, 246.0), (1353.4, 222.3), (1393.4, 222.9), (1433.4, 257.0), (1473.4, 323.9), (1511.9, 282.5), (1551.9, 228.9), (1591.9, 196.5), (1631.9, 187.2), (1671.9, 208.0), (1711.9, 264.4), (1749.4, 337.8), (1782.5, 411.1), (1808.1, 388.4), (1808.2, 373.6), (1808.3, 386.0), (1808.1, 432.0), (1806.9, 363.1), (1807.1, 314.6), (1812.6, 288.0), (1826.1, 285.1), (1847.6, 314.8), (1878.9, 289.7), (1918.2, 233.6), (1958.2, 198.4), (1998.2, 186.2), (2038.2, 202.6), (2078.2, 254.5), (2118.2, 327.7), (2157.5, 401.0), (2191.6, 395.0), (2226.5, 336.3), (2259.9, 298.4), (2294.1, 283.4), (2327.9, 295.5), (2358.5, 343.0), (2394.9, 415.4), (2432.1, 378.5), (2472.1, 377.6), (2510.7, 420.0), (2545.0, 378.5), (2584.3, 324.9), (2624.3, 292.5), (2664.3, 283.2), (2704.3, 304.0), (2744.3, 360.4), (2783.6, 432.0), (2819.5, 363.1), (2859.5, 314.6), (2899.4, 288.0), (2939.4, 285.1), (2979.4, 314.8), (3019.2, 378.8), (3057.3, 412.9), (3088.1, 349.1), (3088.0, 305.8), (3088.0, 285.0), (3088.0, 289.2), (3088.0, 327.8), (3090.6, 397.1), (3097.6, 387.0), (3111.5, 369.3), (3133.3, 377.7), (3161.2, 408.0), (3186.0, 375.9), (3214.7, 366.9), (3250.1, 388.0), (3285.9, 422.3), (3320.8, 368.3), (3360.0, 389.3), (3395.0, 422.3), (3423.9, 368.3), (3453.6, 389.3), (3479.1, 422.3), (3503.6, 368.3), (3532.0, 389.3), (3555.9, 422.3), (3574.5, 356.0), (3599.1, 310.0), (3627.6, 286.3), (3651.9, 286.9), (3671.1, 284.9), (3689.6, 221.1), (3713.7, 177.8), (3735.6, 157.0), (3753.1, 161.2), (3765.9, 147.8), (3782.3, 86.6), (3806.7, 45.9), (3839.1, 28.0), (3878.2, 36.1), (3918.2, 79.1), (3956.3, 150.3), (3984.1, 223.6), (3989.6, 296.9), (4002.2, 370.3), (4021.6, 422.3), (4045.7, 368.3), (4077.7, 389.3), (4110.5, 422.3), (4136.8, 356.0), (4160.5, 310.0), (4181.0, 286.3), (4197.1, 286.9), (4208.7, 321.0), (4215.3, 348.9), (4217.6, 285.1), (4225.4, 241.8), (4241.0, 221.0), (4264.7, 225.2), (4295.1, 263.8), (4322.2, 275.8), (4348.8, 214.6), (4383.4, 173.9), (4423.3, 156.0), (4463.3, 164.1), (4503.3, 207.1), (4543.2, 278.3), (4581.3, 351.6), (4614.9, 424.9), (4624.0, 370.6), (4624.0, 319.6), (4628.5, 290.1), (4641.0, 283.9), (4655.7, 309.1), (4666.3, 368.0), (4670.7, 299.1), (4680.2, 250.6), (4697.7, 224.0), (4723.2, 221.1), (4756.5, 250.8), (4789.2, 294.3), (4818.2, 228.0), (4854.7, 182.0), (4894.7, 158.3), (4934.7, 158.9), (4974.7, 193.0), (5014.7, 259.9), (5054.3, 333.3), (5090.2, 406.6), (5104.7, 386.6), (5105.3, 330.4), (5113.2, 295.3), (5129.2, 283.1), (5153.1, 299.5), (5185.1, 351.4), (5220.7, 314.5), (5254.7, 260.9), (5287.1, 228.5), (5326.0, 219.2), (5366.0, 240.0), (5406.0, 296.4), (5442.8, 242.6), (5478.0, 191.6), (5515.6, 162.1), (5555.6, 155.9), (5595.6, 181.1), (5635.6, 241.6), (5673.7, 314.9), (5707.2, 348.9), (5734.4, 285.1), (5757.3, 241.8), (5775.7, 221.0), (5789.6, 225.2), (5799.1, 263.8), (5802.8, 275.9), (5802.8, 214.9), (5803.6, 174.5), (5811.1, 156.8), (5826.4, 165.1), (5841.3, 208.4), (5850.7, 203.0), (5858.5, 144.3), (5874.1, 106.4), (5897.7, 91.4), (5929.3, 103.5), (5968.1, 151.0), (6006.6, 130.6), (6046.6, 74.4), (6086.6, 39.3), (6126.6, 27.1), (6166.6, 43.5), (6206.6, 95.4), (6246.6, 168.6)]",0,0,29.48
experienced,mario,Mario1-1,Success,1,0,183.78,0.787,"[(112.0, 432.0), (113.9, 371.3), (123.4, 320.5), (140.9, 291.3), (166.4, 285.4), (199.9, 310.9), (239.5, 371.6), (276.7, 422.3), (311.5, 356.0), (351.4, 310.0), (391.4, 286.3), (429.9, 286.9), (464.1, 321.0), (498.3, 387.9), (536.0, 403.8), (572.1, 370.5), (609.8, 399.9), (643.9, 403.8), (681.4, 370.5), (721.2, 399.9), (756.7, 403.8), (793.3, 370.5), (831.4, 399.9), (864.1, 403.8), (880.1, 342.6), (885.6, 301.9), (899.1, 284.0), (920.6, 292.1), (950.1, 335.1), (984.7, 331.0), (1023.7, 272.3), (1063.7, 234.4), (1103.7, 219.4), (1143.7, 231.5), (1183.7, 279.0), (1223.7, 351.4), (1262.6, 314.5), (1302.2, 260.9), (1340.0, 228.5), (1380.0, 219.2), (1420.0, 240.0), (1460.0, 296.4), (1498.6, 307.8), (1538.5, 246.6), (1578.5, 205.9), (1618.5, 188.0), (1658.5, 196.1), (1698.5, 239.1), (1737.5, 310.3), (1772.2, 383.6), (1803.6, 399.9), (1808.2, 376.4), (1808.2, 377.3), (1808.4, 411.7), (1806.8, 386.6), (1806.9, 330.4), (1811.4, 295.3), (1823.9, 283.1), (1844.4, 299.5), (1873.7, 316.0), (1912.4, 252.2), (1952.4, 208.9), (1992.4, 188.1), (2032.4, 192.3), (2072.4, 230.9), (2112.4, 300.2), (2152.3, 373.5), (2188.9, 422.3), (2223.2, 356.0), (2256.0, 310.0), (2257.2, 286.3), (2265.8, 286.9), (2280.8, 275.8), (2294.6, 214.6), (2312.3, 174.0), (2338.0, 156.0), (2371.8, 164.1), (2411.4, 207.2), (2451.4, 278.3), (2490.7, 258.6), (2530.7, 246.7), (2570.7, 284.7), (2610.7, 353.7), (2650.0, 427.0), (2683.3, 370.6), (2715.9, 319.6), (2755.1, 290.1), (2795.1, 283.9), (2835.1, 309.1), (2875.1, 369.6), (2915.1, 399.6), (2954.8, 373.3), (2994.7, 370.6), (3033.4, 400.6), (3068.3, 403.8), (3105.6, 370.5), (3145.5, 399.9), (3182.5, 395.4), (3217.9, 374.8), (3257.7, 379.3), (3297.1, 418.2), (3332.9, 378.5), (3370.3, 377.6), (3407.5, 420.0), (3438.9, 378.5), (3472.1, 324.9), (3472.1, 292.5), (3477.6, 283.2), (3491.1, 304.0), (3508.5, 235.2), (3529.7, 186.7), (3558.6, 160.1), (3595.5, 157.1), (3635.5, 186.8), (3675.5, 250.8), (3714.7, 284.9), (3754.5, 221.1), (3759.9, 177.8), (3760.2, 157.0), (3764.8, 161.2), (3767.3, 139.2), (3774.8, 80.8), (3790.3, 43.2), (3813.8, 28.4), (3845.3, 40.9), (3884.0, 88.7), (3922.1, 161.2), (3958.6, 234.5), (3998.4, 307.8), (4017.2, 381.2), (4024.8, 412.9), (4037.4, 369.1), (4058.0, 394.4), (4081.9, 412.9), (4100.7, 369.1), (4115.7, 394.4), (4125.7, 412.9), (4129.6, 349.1), (4134.8, 305.8), (4138.3, 285.0), (4142.8, 289.2), (4151.0, 327.8), (4159.1, 397.1), (4161.6, 395.1), (4161.7, 336.6), (4165.3, 298.8), (4169.9, 283.9), (4175.2, 296.1), (4179.1, 343.8), (4179.3, 390.3), (4179.3, 324.3), (4180.6, 278.7), (4187.5, 255.2), (4192.6, 256.1), (4197.4, 290.5), (4199.6, 357.6), (4198.5, 371.8), (4198.3, 310.6), (4198.9, 269.9), (4201.8, 252.0), (4210.2, 260.1), (4221.1, 303.1), (4227.6, 368.0), (4228.4, 299.2), (4232.4, 250.7), (4243.8, 224.1), (4263.2, 221.3), (4290.5, 251.0), (4318.6, 294.3), (4343.2, 228.0), (4375.1, 182.0), (4414.1, 158.3), (4454.1, 158.9), (4494.1, 193.0), (4534.1, 259.9), (4573.0, 333.3), (4607.8, 406.6), (4624.0, 386.6), (4624.1, 330.4), (4626.8, 295.3), (4637.3, 283.1), (4652.9, 299.5), (4664.6, 351.4), (4670.1, 314.5), (4677.6, 260.9), (4693.1, 228.5), (4716.6, 219.2), (4748.1, 240.0), (4782.2, 296.4), (4810.9, 242.6), (4845.4, 191.6), (4885.3, 162.1), (4925.3, 155.9), (4965.3, 181.1), (5005.3, 241.6), (5045.2, 314.9), (5082.2, 388.3), (5104.4, 403.8), (5104.8, 342.6), (5112.2, 301.9), (5127.8, 284.0), (5151.2, 292.1), (5182.8, 335.1), (5220.5, 406.3), (5256.8, 386.6), (5296.6, 374.7), (5336.6, 412.7), (5374.0, 386.6), (5413.6, 374.7), (5449.4, 412.7), (5480.8, 388.1), (5509.3, 373.3), (5536.5, 385.7), (5559.2, 432.0), (5575.1, 363.1), (5590.7, 314.6), (5614.1, 288.0), (5644.3, 285.1), (5672.0, 314.8), (5695.0, 358.3), (5711.5, 292.0), (5724.0, 246.0), (5733.7, 222.3), (5746.4, 222.9), (5757.6, 257.0), (5764.3, 323.9), (5765.2, 282.6), (5765.3, 229.2), (5768.5, 197.0), (5777.3, 187.9), (5792.2, 208.9), (5803.8, 265.4), (5808.0, 275.8), (5808.0, 214.6), (5809.2, 173.9), (5817.8, 156.0), (5833.1, 164.1), (5845.9, 207.1), (5853.1, 203.0), (5858.8, 144.3), (5872.3, 106.4), (5893.8, 91.4), (5923.3, 103.5), (5960.7, 151.0), (5999.2, 130.6), (6039.2, 74.4), (6079.2, 39.3), (6119.2, 27.1), (6159.2, 43.5), (6199.2, 95.4), (6239.2, 168.6)]",0,0,33.35
experienced,mario,Mario1-1,Success,1,0,163.4,0.787,"[(112.0, 432.0), (113.2, 371.3), (121.8, 320.5), (138.2, 291.3), (162.8, 285.4), (195.2, 310.9), (234.4, 371.6), (271.1, 422.3), (305.3, 356.0), (345.1, 310.0), (384.7, 286.3), (422.1, 286.9), (455.0, 321.0), (488.4, 387.9), (522.4, 403.8), (552.0, 370.5), (578.4, 399.9), (603.7, 395.4), (636.4, 374.8), (675.7, 379.3), (712.7, 418.2), (744.6, 378.5), (781.8, 377.6), (819.9, 420.0), (851.8, 378.5), (879.8, 324.9), (913.8, 292.5), (952.8, 283.2), (992.8, 304.0), (1032.8, 360.4), (1070.3, 432.0), (1103.0, 363.1), (1140.6, 314.6), (1178.6, 288.0), (1218.6, 285.1), (1258.6, 314.8), (1298.1, 358.3), (1337.2, 292.0), (1373.6, 246.0), (1413.2, 222.3), (1453.2, 222.9), (1493.2, 257.0), (1533.2, 323.9), (1572.5, 282.5), (1612.5, 228.9), (1652.4, 196.5), (1692.4, 187.2), (1732.4, 208.0), (1772.4, 264.4), (1811.8, 336.0), (1847.6, 267.1), (1887.6, 218.6), (1927.6, 192.0), (1967.6, 189.1), (2007.6, 218.8), (2047.6, 282.8), (2087.4, 356.1), (2123.8, 429.4), (2155.7, 406.7), (2183.2, 391.9), (2206.3, 404.3), (2224.5, 412.9), (2244.9, 349.1), (2256.0, 305.8), (2257.9, 285.0), (2267.4, 289.2), (2282.7, 267.1), (2295.8, 208.4), (2311.4, 170.5), (2335.0, 155.4), (2366.6, 167.5), (2405.0, 215.0), (2444.7, 287.5), (2483.7, 250.5), (2523.7, 249.6), (2563.7, 292.0), (2603.7, 362.8), (2643.0, 432.0), (2676.0, 363.1), (2708.5, 314.6), (2747.7, 288.0), (2787.7, 285.1), (2827.7, 314.8), (2867.7, 378.8), (2907.2, 395.0), (2946.5, 371.6), (2981.7, 372.4), (3012.6, 406.9), (3038.0, 395.0), (3066.2, 336.3), (3088.0, 298.4), (3088.0, 283.4), (3088.0, 295.5), (3088.0, 343.0), (3092.3, 415.4), (3095.7, 378.5), (3104.5, 377.6), (3121.1, 420.0), (3144.4, 385.0), (3172.8, 373.1), (3197.5, 389.7), (3219.1, 402.4), (3241.7, 376.1), (3272.3, 373.4), (3310.4, 403.4), (3347.1, 403.8), (3376.1, 342.6), (3376.7, 301.9), (3379.3, 284.0), (3389.3, 292.1), (3400.3, 258.6), (3413.5, 246.7), (3434.2, 284.7), (3454.0, 353.7), (3476.9, 427.0), (3496.4, 370.6), (3520.5, 381.0), (3541.3, 427.8), (3556.3, 370.6), (3576.0, 319.6), (3602.5, 290.1), (3626.6, 283.9), (3646.2, 309.1), (3662.5, 369.6), (3683.5, 422.3), (3706.9, 368.3), (3737.7, 389.3), (3766.7, 422.3), (3792.1, 356.0), (3824.9, 310.0), (3864.3, 286.3), (3904.3, 286.9), (3944.3, 321.0), (3984.3, 387.9), (4022.9, 403.8), (4062.8, 370.5), (4102.1, 399.9), (4136.5, 403.8), (4165.0, 342.6), (4189.1, 301.9), (4208.7, 284.0), (4223.9, 292.1), (4234.6, 335.1), (4238.9, 331.0), (4239.0, 272.3), (4244.5, 234.4), (4258.0, 219.4), (4279.5, 231.5), (4307.9, 279.0), (4332.4, 258.6), (4360.1, 202.4), (4395.7, 167.3), (4435.7, 155.1), (4475.7, 171.5), (4515.7, 223.4), (4554.6, 296.6), (4589.3, 369.9), (4619.1, 422.3), (4624.0, 356.0), (4624.4, 310.0), (4630.9, 286.3), (4644.8, 286.9), (4657.2, 321.0), (4664.5, 348.9), (4667.7, 285.1), (4677.6, 241.8), (4695.5, 221.0), (4721.5, 225.2), (4753.5, 263.8), (4781.3, 275.8), (4807.4, 214.6), (4841.2, 173.9), (4880.9, 156.0), (4920.9, 164.1), (4960.9, 207.1), (5000.9, 278.3), (5039.0, 351.6), (5072.6, 424.9), (5099.9, 370.6), (5129.9, 319.6), (5167.1, 290.1), (5205.7, 283.9), (5239.8, 309.1), (5264.1, 369.6), (5269.1, 422.3), (5278.7, 368.3), (5296.4, 389.3), (5321.1, 422.3), (5349.3, 368.3), (5385.4, 389.3), (5422.3, 422.3), (5453.9, 356.0), (5490.9, 310.0), (5526.4, 286.3), (5560.4, 286.9), (5590.3, 321.0), (5616.0, 387.9), (5615.7, 403.8), (5615.8, 342.6), (5621.3, 301.9), (5634.8, 284.0), (5654.4, 292.1), (5670.7, 335.1), (5681.3, 331.0), (5687.6, 272.3), (5695.8, 234.4), (5699.7, 219.4), (5705.5, 231.5), (5710.3, 279.0), (5711.7, 351.4), (5711.7, 314.7), (5711.8, 261.4), (5717.3, 229.3), (5725.3, 220.3), (5730.7, 241.4), (5733.0, 298.1), (5733.0, 368.0), (5731.7, 299.1), (5731.9, 250.6), (5734.4, 224.0), (5738.0, 221.1), (5739.7, 250.8), (5739.7, 314.8), (5738.8, 348.9), (5738.4, 285.1), (5738.4, 241.8), (5740.1, 221.0), (5741.3, 225.2), (5741.8, 263.8), (5741.8, 333.1), (5740.5, 331.0), (5740.5, 272.3), (5740.5, 234.4), (5742.8, 219.4), (5743.5, 231.5), (5743.8, 279.0), (5743.8, 351.4), (5742.6, 314.5), (5742.6, 260.9), (5742.7, 228.5), (5747.2, 219.2), (5754.9, 240.0), (5758.5, 296.4), (5758.7, 307.9), (5758.7, 247.0), (5760.4, 206.6), (5763.7, 189.0), (5768.0, 197.3), (5770.9, 240.7), (5771.0, 311.9), (5769.7, 290.6), (5769.7, 234.4), (5769.7, 199.3), (5772.5, 187.1), (5776.6, 203.5), (5777.8, 255.4), (5777.8, 285.0), (5777.8, 221.5), (5779.7, 178.5), (5789.0, 157.9), (5798.1, 162.4), (5808.3, 201.3), (5814.5, 270.8), (5815.2, 210.8), (5817.0, 159.9), (5826.5, 130.5), (5840.0, 124.5), (5853.4, 149.9), (5864.3, 210.5), (5868.9, 203.0), (5871.5, 144.3), (5882.0, 106.4), (5900.5, 91.4), (5927.0, 103.5), (5961.5, 151.0), (5999.9, 130.6), (6039.9, 74.4), (6079.9, 39.3), (6119.9, 27.1), (6159.9, 43.5), (6199.9, 95.4), (6238.8, 168.6)]",0,0,37.48
experienced,mario,Mario1-1,Success,1,0,157.81,0.786,"[(112.0, 432.0), (113.2, 371.3), (121.8, 320.5), (138.2, 291.3), (162.8, 285.4), (195.2, 310.9), (234.4, 371.6), (271.1, 422.3), (305.3, 356.0), (345.1, 310.0), (385.1, 286.3), (423.6, 286.9), (457.8, 321.0), (492.4, 387.9), (527.7, 403.8), (557.8, 370.5), (587.1, 399.9), (614.2, 395.4), (648.1, 374.8), (687.8, 379.3), (726.6, 418.2), (760.7, 378.5), (799.5, 377.6), (836.4, 420.0), (867.2, 378.5), (894.8, 324.9), (929.3, 292.5), (969.2, 283.2), (1009.2, 304.0), (1049.2, 360.4), (1086.7, 432.0), (1118.6, 363.1), (1152.5, 314.6), (1187.5, 288.0), (1227.5, 285.1), (1267.5, 314.8), (1307.2, 378.8), (1345.0, 395.0), (1384.0, 371.6), (1418.7, 372.4), (1449.2, 406.9), (1455.2, 395.0), (1455.2, 336.3), (1457.1, 298.4), (1466.6, 283.4), (1484.1, 295.5), (1509.1, 325.4), (1538.7, 259.1), (1576.2, 213.2), (1616.2, 189.4), (1656.2, 190.0), (1696.2, 224.1), (1735.8, 291.0), (1771.6, 364.4), (1803.4, 432.0), (1808.0, 363.1), (1808.1, 314.6), (1813.6, 288.0), (1827.1, 285.1), (1848.6, 314.8), (1875.7, 289.7), (1909.3, 233.6), (1949.0, 198.4), (1989.0, 186.2), (2029.0, 202.6), (2069.0, 254.5), (2109.0, 327.7), (2148.3, 401.0), (2182.4, 395.0), (2217.3, 336.3), (2250.7, 298.4), (2283.7, 283.4), (2317.5, 295.5), (2349.8, 343.0), (2388.0, 415.4), (2425.2, 378.5), (2465.2, 377.6), (2504.2, 420.0), (2538.3, 378.5), (2577.1, 324.9), (2617.1, 292.5), (2657.1, 283.2), (2697.1, 304.0), (2737.1, 360.4), (2776.1, 432.0), (2811.4, 363.1), (2851.3, 314.6), (2890.8, 288.0), (2930.8, 285.1), (2970.8, 314.8), (3010.6, 378.8), (3048.0, 412.9), (3084.6, 349.1), (3088.2, 305.8), (3088.2, 285.0), (3088.9, 289.2), (3088.9, 327.8), (3089.9, 397.1), (3095.9, 387.0), (3108.7, 369.3), (3129.5, 377.7), (3156.4, 421.0), (3180.0, 386.0), (3201.9, 374.1), (3228.1, 390.8), (3253.7, 422.3), (3279.7, 356.0), (3280.7, 310.0), (3282.0, 286.3), (3290.3, 286.9), (3300.2, 275.8), (3309.9, 214.6), (3318.9, 174.0), (3326.1, 156.0), (3328.8, 164.1), (3329.6, 207.2), (3334.6, 278.3), (3340.7, 258.6), (3349.8, 202.4), (3356.4, 167.3), (3359.1, 155.1), (3364.8, 171.5), (3367.6, 223.4), (3374.3, 296.6), (3376.8, 369.9), (3383.4, 422.3), (3391.9, 368.3), (3408.2, 389.3), (3423.8, 422.3), (3434.9, 368.3), (3452.7, 389.3), (3471.3, 422.3), (3490.5, 368.3), (3516.5, 389.3), (3539.7, 422.3), (3557.6, 356.0), (3581.6, 310.0), (3610.6, 286.3), (3635.8, 286.9), (3656.5, 321.0), (3665.2, 387.9), (3672.3, 403.8), (3684.9, 370.5), (3705.5, 399.9), (3729.4, 403.8), (3755.9, 370.5), (3788.4, 399.9), (3816.8, 403.8), (3844.8, 342.6), (3880.7, 301.9), (3920.7, 284.0), (3958.8, 292.1), (3998.1, 335.1), (4017.2, 406.3), (4023.3, 386.6), (4035.9, 374.7), (4056.5, 412.7), (4078.2, 386.6), (4097.2, 374.7), (4112.2, 412.7), (4121.4, 386.6), (4126.4, 330.4), (4133.3, 295.3), (4137.2, 283.1), (4141.9, 299.5), (4149.4, 351.4), (4154.3, 424.6), (4154.6, 370.9), (4156.5, 320.1), (4160.6, 290.9), (4163.5, 285.0), (4167.0, 310.6), (4167.6, 371.3), (4167.1, 422.3), (4166.3, 356.0), (4167.6, 310.0), (4169.2, 286.3), (4172.4, 286.9), (4175.5, 321.0), (4175.6, 387.9), (4174.5, 403.8), (4174.4, 342.6), (4174.4, 301.9), (4176.6, 284.0), (4181.3, 292.1), (4183.4, 335.1), (4183.4, 400.0), (4183.4, 331.4), (4184.2, 283.2), (4186.4, 256.9), (4188.5, 254.3), (4192.0, 284.3), (4192.9, 348.4), (4192.9, 381.0), (4192.9, 317.5), (4193.1, 274.5), (4194.1, 253.9), (4196.8, 258.4), (4200.1, 297.3), (4200.2, 366.8), (4199.0, 363.0), (4199.0, 304.3), (4199.0, 266.4), (4201.5, 251.4), (4209.3, 263.5), (4215.6, 311.0), (4217.4, 358.3), (4218.2, 292.3), (4224.5, 246.7), (4238.4, 223.2), (4260.4, 224.1), (4289.8, 258.5), (4317.0, 284.9), (4342.1, 221.1), (4375.1, 177.8), (4414.5, 157.0), (4454.5, 161.2), (4494.5, 199.8), (4534.5, 269.1), (4572.0, 342.4), (4605.1, 415.8), (4630.8, 378.5), (4651.0, 324.9), (4666.9, 292.5), (4678.3, 283.2), (4685.2, 304.0), (4687.7, 360.4), (4686.6, 306.6), (4692.1, 255.6), (4705.6, 226.1), (4727.1, 219.9), (4756.4, 245.1), (4785.3, 304.0), (4808.7, 235.1), (4838.0, 186.6), (4875.3, 160.0), (4915.3, 157.1), (4955.3, 186.8), (4995.3, 250.8), (5034.9, 324.1), (5070.7, 397.4), (5100.2, 395.0), (5106.2, 336.3), (5115.2, 298.4), (5132.1, 283.4), (5157.1, 295.5), (5190.0, 343.0), (5227.7, 415.4), (5263.0, 378.5), (5302.8, 377.6), (5342.7, 420.0), (5382.7, 385.0), (5421.3, 373.1), (5455.4, 389.7), (5484.8, 422.3), (5509.0, 356.0), (5538.5, 310.0), (5569.3, 286.3), (5606.1, 286.9), (5644.2, 321.0), (5677.2, 348.9), (5704.0, 285.1), (5726.4, 241.8), (5744.4, 221.0), (5757.9, 225.2), (5766.9, 263.8), (5771.5, 333.1), (5771.4, 274.6), (5771.4, 223.6), (5772.3, 194.1), (5779.8, 187.9), (5792.4, 213.1), (5801.1, 273.6), (5803.8, 267.2), (5803.8, 208.8), (5805.1, 171.1), (5813.6, 156.3), (5828.7, 168.7), (5841.6, 216.5), (5848.5, 194.6), (5855.5, 138.4), (5870.6, 103.3), (5893.7, 91.1), (5924.7, 107.5), (5963.2, 159.4), (6001.7, 122.5), (6041.7, 68.9), (6081.7, 36.5), (6121.7, 27.2), (6161.7, 48.0), (6201.7, 104.4), (6241.6, 177.8)]",0,0,38.8
experienced,mario,Mario1-1,Success,1,0,183.69,0.788,"[(112.0, 432.0), (113.9, 371.3), (123.4, 320.5), (140.9, 291.3), (166.4, 285.4), (199.9, 310.9), (239.5, 371.6), (276.7, 422.3), (311.5, 356.0), (351.4, 310.0), (391.4, 286.3), (429.9, 286.9), (464.1, 321.0), (498.3, 387.9), (536.0, 403.8), (571.2, 370.5), (606.9, 399.9), (641.1, 395.4), (680.7, 374.8), (720.7, 379.3), (760.0, 418.2), (794.1, 378.5), (830.4, 377.6), (863.8, 420.0), (880.0, 378.5), (881.2, 324.9), (889.8, 292.5), (906.2, 283.2), (930.8, 304.0), (963.2, 360.4), (1000.3, 306.6), (1040.3, 255.6), (1080.3, 226.1), (1120.3, 219.9), (1160.3, 245.1), (1200.3, 305.6), (1239.8, 358.3), (1279.2, 292.0), (1316.7, 246.0), (1354.8, 222.3), (1394.8, 222.9), (1434.8, 257.0), (1474.8, 323.9), (1513.4, 282.5), (1553.4, 228.9), (1593.4, 196.5), (1633.4, 187.2), (1673.4, 208.0), (1713.4, 264.4), (1750.9, 337.8), (1783.9, 411.1), (1808.1, 388.4), (1808.2, 373.6), (1808.3, 386.0), (1808.1, 432.0), (1806.9, 363.1), (1807.7, 314.6), (1815.2, 288.0), (1830.7, 285.1), (1854.2, 314.8), (1887.6, 289.7), (1927.4, 233.6), (1967.4, 198.4), (2007.4, 186.2), (2047.4, 202.6), (2087.4, 254.5), (2127.4, 327.7), (2166.7, 401.0), (2201.0, 395.0), (2237.9, 336.3), (2256.0, 298.4), (2259.5, 283.4), (2271.0, 295.5), (2286.4, 250.5), (2300.3, 196.9), (2321.0, 164.5), (2349.8, 155.3), (2386.4, 176.1), (2426.4, 232.5), (2466.4, 304.0), (2505.7, 240.0), (2545.7, 256.9), (2585.7, 308.1), (2625.7, 381.2), (2663.2, 412.9), (2694.7, 349.1), (2730.1, 305.8), (2770.1, 285.0), (2810.1, 289.2), (2850.1, 327.8), (2890.1, 397.1), (2929.8, 387.0), (2969.4, 369.3), (3007.9, 377.7), (3046.2, 421.0), (3080.0, 378.5), (3118.6, 377.6), (3158.2, 420.0), (3194.0, 385.0), (3230.8, 373.1), (3270.3, 389.7), (3309.0, 422.3), (3345.2, 368.3), (3382.1, 389.3), (3417.8, 422.3), (3447.5, 356.0), (3472.0, 310.0), (3473.2, 286.3), (3481.8, 286.9), (3496.8, 275.8), (3515.7, 214.6), (3539.6, 174.0), (3571.5, 156.0), (3610.5, 164.1), (3650.5, 207.2), (3690.5, 278.3), (3729.5, 258.6), (3760.1, 202.4), (3760.2, 167.3), (3761.8, 155.1), (3766.7, 171.5), (3769.6, 114.9), (3780.1, 64.2), (3798.6, 35.0), (3825.1, 29.1), (3859.6, 54.6), (3899.3, 115.3), (3935.7, 188.7), (3974.1, 262.0), (4013.1, 335.3), (4019.5, 408.7), (4028.6, 386.6), (4044.2, 374.7), (4067.6, 412.7), (4089.2, 386.6), (4106.8, 374.7), (4120.2, 412.7), (4127.7, 386.6), (4131.0, 330.4), (4136.3, 295.3), (4139.5, 283.1), (4144.3, 299.5), (4153.2, 351.4), (4159.6, 424.6), (4160.3, 370.8), (4161.0, 319.9), (4165.0, 290.5), (4170.6, 284.4), (4176.0, 309.8), (4178.7, 370.4), (4178.8, 363.2), (4178.8, 304.8), (4182.3, 267.2), (4190.7, 252.4), (4196.5, 264.8), (4201.5, 312.6), (4202.3, 385.1), (4201.1, 346.5), (4201.2, 292.9), (4202.2, 260.5), (4208.7, 251.2), (4223.0, 272.0), (4236.9, 328.4), (4238.9, 339.8), (4239.1, 278.6), (4244.6, 237.9), (4258.1, 220.0), (4279.6, 228.1), (4308.5, 271.1), (4334.7, 267.0), (4362.3, 208.3), (4397.9, 170.4), (4437.9, 155.4), (4477.9, 167.5), (4517.9, 215.0), (4557.5, 287.4), (4593.3, 360.8), (4624.7, 432.0), (4624.0, 363.1), (4624.3, 314.6), (4629.8, 288.0), (4643.3, 285.1), (4659.2, 314.8), (4670.5, 358.3), (4676.5, 292.0), (4688.5, 246.0), (4708.6, 222.3), (4736.7, 222.9), (4772.1, 257.0), (4805.5, 284.9), (4836.7, 221.1), (4875.2, 177.8), (4915.2, 157.0), (4955.2, 161.2), (4995.2, 199.8), (5035.2, 269.1), (5075.0, 342.4), (5104.0, 415.8), (5103.9, 378.5), (5107.6, 324.9), (5118.6, 292.5), (5137.5, 283.2), (5164.5, 304.0), (5199.2, 360.4), (5237.7, 432.0), (5275.2, 368.0), (5315.2, 384.9), (5354.8, 432.0), (5393.2, 368.0), (5431.3, 384.9), (5464.9, 409.1), (5494.0, 379.8), (5521.3, 373.9), (5544.7, 399.5), (5562.8, 403.8), (5575.1, 342.6), (5591.4, 301.9), (5615.7, 284.0), (5646.0, 292.1), (5673.1, 335.1), (5694.5, 331.0), (5710.3, 272.3), (5724.1, 234.4), (5736.3, 219.4), (5750.0, 231.5), (5760.5, 279.0), (5766.1, 326.3), (5766.1, 260.3), (5766.2, 214.6), (5770.6, 191.1), (5782.5, 191.9), (5797.0, 226.4), (5807.1, 293.4), (5808.0, 250.5), (5808.0, 196.9), (5811.5, 164.5), (5823.0, 155.2), (5839.4, 176.0), (5852.1, 232.4), (5858.5, 178.6), (5868.6, 127.6), (5886.7, 98.1), (5912.7, 91.9), (5946.8, 117.1), (5986.5, 176.0), (6025.0, 107.1), (6065.0, 58.6), (6105.0, 32.0), (6145.0, 29.1), (6185.0, 58.8), (6225.0, 122.8)]",0,0,33.43
experienced,mario,Mario1-1,Success,1,0,208.94,0.789,"[(112.0, 432.0), (113.9, 371.3), (123.4, 320.5), (140.9, 291.3), (166.4, 285.4), (199.9, 310.9), (239.5, 371.6), (277.3, 422.3), (312.6, 356.0), (352.6, 310.0), (392.6, 286.3), (431.1, 286.9), (465.3, 321.0), (500.5, 387.9), (538.5, 403.8), (575.0, 342.6), (614.3, 301.9), (649.6, 284.0), (680.4, 292.1), (706.5, 258.6), (737.8, 246.7), (776.4, 284.7), (813.0, 258.6), (846.4, 202.4), (882.4, 167.3), (922.0, 155.1), (962.0, 171.5), (1002.0, 223.4), (1042.0, 296.6), (1082.0, 369.9), (1119.2, 422.3), (1150.9, 356.0), (1183.2, 310.0), (1222.1, 286.3), (1262.1, 286.9), (1302.1, 321.0), (1341.6, 387.9), (1377.5, 390.8), (1408.9, 370.3), (1435.8, 374.8), (1456.0, 413.7), (1456.0, 386.6), (1456.2, 330.6), (1459.7, 295.5), (1471.2, 283.4), (1490.7, 299.9), (1518.9, 316.4), (1557.1, 252.6), (1597.1, 209.3), (1637.1, 188.5), (1677.1, 192.7), (1717.1, 231.3), (1756.6, 300.6), (1792.5, 374.0), (1808.1, 422.3), (1807.7, 356.0), (1808.5, 310.0), (1816.0, 286.3), (1831.5, 286.9), (1855.0, 321.0), (1888.7, 281.6), (1928.6, 228.0), (1968.6, 195.6), (2008.6, 186.3), (2048.6, 207.2), (2088.6, 263.5), (2128.6, 336.9), (2167.6, 410.2), (2201.4, 386.6), (2238.9, 330.4), (2256.0, 295.3), (2260.5, 283.1), (2273.0, 299.5), (2288.2, 242.7), (2302.5, 191.6), (2324.2, 162.1), (2353.9, 155.9), (2391.4, 181.2), (2431.4, 241.6), (2471.1, 294.3), (2510.7, 240.3), (2550.7, 261.3), (2590.7, 317.0), (2630.7, 390.3), (2667.4, 403.8), (2698.7, 342.6), (2735.1, 301.9), (2775.1, 284.0), (2815.1, 292.1), (2855.1, 335.1), (2895.1, 406.3), (2934.8, 383.5), (2974.8, 368.8), (3014.6, 381.2), (3053.2, 429.0), (3087.2, 370.6), (3126.5, 381.0), (3165.5, 414.3), (3200.4, 382.2), (3238.7, 373.2), (3278.2, 394.3), (3316.2, 412.9), (3350.9, 369.1), (3390.0, 394.4), (3426.9, 412.9), (3459.6, 349.1), (3472.0, 305.8), (3473.9, 285.0), (3483.4, 289.2), (3498.9, 267.1), (3518.2, 208.4), (3543.2, 170.5), (3576.1, 155.4), (3615.5, 167.5), (3655.5, 215.0), (3695.5, 287.5), (3734.5, 250.5), (3760.0, 196.9), (3760.0, 164.5), (3762.3, 155.2), (3766.8, 176.0), (3770.3, 107.5), (3781.8, 59.3), (3801.3, 32.9), (3828.8, 30.3), (3864.3, 60.3), (3903.6, 124.5), (3939.1, 197.8), (3977.8, 271.2), (4016.3, 344.5), (4019.5, 417.8), (4028.1, 378.5), (4043.7, 377.6), (4067.1, 420.0), (4088.4, 378.5), (4106.2, 377.6), (4119.6, 420.0), (4126.8, 378.5), (4130.9, 324.9), (4136.4, 292.5), (4140.0, 283.2), (4145.4, 304.0), (4155.8, 360.4), (4163.8, 432.0), (4165.1, 363.1), (4166.9, 314.6), (4171.4, 288.0), (4177.8, 285.1), (4187.2, 314.8), (4193.4, 378.8), (4194.7, 354.8), (4194.8, 298.9), (4199.7, 264.1), (4210.1, 252.2), (4228.5, 268.9), (4247.9, 321.1), (4261.3, 282.5), (4277.6, 228.9), (4300.7, 196.5), (4331.9, 187.2), (4370.5, 208.0), (4410.5, 264.4), (4450.5, 336.0), (4490.2, 267.1), (4530.0, 218.6), (4569.8, 192.0), (4609.8, 189.1), (4649.8, 218.8), (4689.4, 282.8), (4720.0, 316.9), (4722.6, 253.1), (4733.1, 209.8), (4751.6, 189.0), (4778.1, 193.2), (4812.6, 231.8), (4852.5, 301.1), (4891.5, 242.6), (4931.5, 191.6), (4971.5, 162.1), (5011.5, 155.9), (5051.5, 181.1), (5091.5, 241.6), (5131.5, 314.9), (5170.9, 348.9), (5210.5, 285.1), (5248.1, 241.8), (5288.1, 221.0), (5328.1, 225.2), (5368.1, 263.8), (5407.4, 275.8), (5446.7, 214.6), (5486.0, 173.9), (5526.0, 156.0), (5566.0, 164.1), (5606.0, 207.1), (5645.7, 278.3), (5682.6, 351.6), (5713.2, 314.5), (5738.8, 260.9), (5760.0, 228.5), (5776.7, 219.2), (5789.0, 240.0), (5796.8, 296.4), (5797.6, 242.8), (5798.0, 191.9), (5804.5, 162.5), (5819.0, 156.5), (5837.4, 181.9), (5851.6, 240.0), (5859.6, 171.1), (5872.6, 122.6), (5893.7, 96.0), (5922.7, 93.1), (5959.7, 122.8), (5999.2, 166.3), (6038.2, 100.0), (6078.2, 54.0), (6118.2, 30.3), (6158.2, 30.9), (6198.2, 65.0), (6238.1, 131.9)]",0,0,29.42
experienced,mario,Mario1-1,Success,1,0,185.35,0.789,"[(112.0, 432.0), (113.9, 371.3), (123.4, 320.5), (140.9, 291.3), (166.4, 285.4), (199.9, 310.9), (239.5, 371.6), (276.7, 422.3), (311.5, 356.0), (351.4, 310.0), (391.4, 286.3), (429.9, 286.9), (464.1, 321.0), (498.3, 387.9), (536.0, 403.8), (572.1, 370.5), (609.4, 399.9), (641.9, 403.8), (678.1, 370.5), (717.9, 399.9), (753.4, 403.8), (790.0, 370.5), (828.6, 399.9), (861.8, 403.8), (889.4, 342.6), (920.9, 301.9), (959.7, 284.0), (999.7, 292.1), (1039.7, 335.1), (1079.0, 406.3), (1112.8, 386.6), (1146.8, 330.4), (1186.3, 295.3), (1226.3, 283.1), (1266.3, 299.5), (1306.3, 351.4), (1344.4, 409.8), (1381.5, 377.7), (1416.9, 368.7), (1447.8, 389.8), (1455.5, 422.3), (1454.8, 356.0), (1456.0, 310.0), (1464.5, 286.3), (1481.0, 286.9), (1505.5, 321.0), (1540.2, 281.6), (1580.2, 228.0), (1620.2, 195.6), (1660.2, 186.3), (1700.2, 207.2), (1740.2, 263.5), (1778.3, 336.9), (1808.0, 410.2), (1808.7, 386.6), (1808.0, 330.6), (1812.5, 295.5), (1825.0, 283.4), (1845.5, 299.9), (1874.8, 316.4), (1913.5, 252.6), (1953.5, 209.3), (1993.5, 188.5), (2033.5, 192.7), (2073.5, 231.3), (2113.5, 300.6), (2153.4, 374.0), (2190.1, 422.3), (2224.3, 356.0), (2256.0, 310.0), (2257.2, 286.3), (2265.8, 286.9), (2280.8, 275.8), (2294.4, 214.6), (2310.6, 174.0), (2334.7, 156.0), (2366.9, 164.1), (2406.0, 207.2), (2446.0, 278.3), (2485.3, 258.6), (2525.3, 246.7), (2565.3, 284.7), (2605.3, 353.7), (2644.6, 427.0), (2677.8, 370.6), (2709.2, 319.6), (2747.6, 290.1), (2787.6, 283.9), (2827.6, 309.1), (2867.6, 369.6), (2907.6, 399.6), (2947.6, 373.3), (2987.6, 370.6), (3026.4, 400.6), (3060.7, 403.8), (3088.1, 342.6), (3088.7, 301.9), (3089.4, 284.0), (3093.4, 292.1), (3095.2, 258.8), (3103.7, 203.0), (3120.2, 168.1), (3144.7, 156.2), (3177.2, 172.9), (3216.3, 225.1), (3254.0, 298.3), (3280.1, 371.7), (3285.1, 422.3), (3293.2, 368.3), (3309.2, 389.3), (3330.1, 422.3), (3348.0, 356.0), (3369.2, 310.0), (3387.8, 286.3), (3406.6, 286.9), (3420.0, 275.8), (3431.6, 242.5), (3450.9, 271.9), (3472.0, 335.3), (3475.5, 408.7), (3482.6, 386.6), (3495.1, 374.7), (3512.7, 412.7), (3525.2, 386.6), (3540.7, 374.7), (3558.7, 412.7), (3571.5, 386.6), (3588.4, 330.4), (3612.8, 295.3), (3635.6, 283.1), (3654.0, 299.5), (3664.1, 351.4), (3669.6, 424.6), (3679.7, 370.6), (3697.3, 381.0), (3721.8, 427.8), (3745.8, 370.6), (3777.3, 381.0), (3811.3, 427.8), (3840.8, 370.6), (3876.9, 319.6), (3916.9, 290.1), (3955.6, 283.9), (3995.3, 309.1), (4016.8, 369.6), (4023.8, 422.3), (4035.4, 368.3), (4055.0, 389.3), (4079.4, 422.3), (4098.5, 368.3), (4114.1, 389.3), (4125.0, 422.3), (4129.3, 356.0), (4134.2, 310.0), (4137.4, 286.3), (4138.8, 286.9), (4143.3, 321.0), (4151.7, 387.9), (4155.0, 403.9), (4155.0, 342.8), (4159.3, 302.3), (4165.8, 284.5), (4170.2, 292.7), (4173.0, 335.9), (4173.0, 407.1), (4171.8, 386.6), (4171.8, 330.4), (4172.6, 295.3), (4176.2, 283.1), (4182.9, 299.5), (4188.0, 351.4), (4189.0, 381.0), (4189.0, 317.5), (4190.9, 274.5), (4196.7, 253.9), (4201.2, 258.4), (4205.5, 297.3), (4206.0, 366.8), (4204.8, 363.0), (4204.8, 304.3), (4205.0, 266.4), (4209.5, 251.4), (4222.0, 263.5), (4238.4, 311.0), (4250.3, 290.6), (4267.3, 234.4), (4292.4, 199.3), (4325.4, 187.1), (4364.9, 203.5), (4404.9, 255.4), (4444.9, 328.6), (4484.8, 274.6), (4524.4, 223.6), (4564.2, 194.1), (4604.2, 187.9), (4644.2, 213.1), (4683.9, 273.6), (4720.0, 326.3), (4722.6, 260.0), (4733.1, 214.0), (4751.6, 190.3), (4778.1, 190.9), (4812.6, 225.0), (4852.5, 291.9), (4891.5, 250.5), (4931.5, 196.9), (4971.5, 164.5), (5011.5, 155.2), (5051.5, 176.0), (5091.5, 232.4), (5131.5, 305.8), (5171.1, 358.3), (5210.7, 292.0), (5248.2, 246.0), (5288.1, 222.3), (5328.1, 222.9), (5368.1, 257.0), (5407.1, 284.9), (5444.1, 221.1), (5480.7, 177.8), (5520.3, 157.0), (5560.3, 161.2), (5600.3, 199.8), (5640.3, 269.1), (5677.8, 342.4), (5709.4, 322.6), (5735.7, 266.4), (5757.5, 231.3), (5774.9, 219.1), (5787.9, 235.5), (5796.4, 287.4), (5798.7, 250.5), (5798.7, 196.9), (5802.2, 164.5), (5812.7, 155.2), (5830.1, 176.0), (5845.9, 232.4), (5855.5, 178.6), (5868.6, 127.6), (5889.8, 98.1), (5919.0, 91.9), (5956.0, 117.1), (5996.0, 176.0), (6034.5, 107.1), (6074.5, 58.6), (6114.5, 32.0), (6154.5, 29.1), (6194.5, 58.8), (6234.4, 122.8)]",0,0,33.17
experienced,mario,Mario1-1,Success,1,0,215.22,0.785,"[(112.0, 432.0), (114.6, 371.3), (125.1, 320.5), (143.6, 291.3), (170.1, 285.4), (204.6, 310.9), (244.5, 371.6), (282.3, 422.3), (317.6, 356.0), (357.6, 310.0), (397.6, 286.3), (435.6, 286.9), (469.2, 321.0), (502.5, 387.9), (538.6, 403.8), (573.1, 370.5), (610.5, 399.9), (645.7, 403.8), (684.0, 370.5), (724.0, 399.9), (760.0, 403.8), (797.1, 370.5), (835.7, 399.9), (868.9, 403.8), (880.1, 342.6), (885.6, 301.9), (899.1, 284.0), (920.6, 292.1), (950.1, 335.1), (985.7, 331.0), (1025.3, 272.3), (1065.3, 234.4), (1105.3, 219.4), (1145.3, 231.5), (1185.3, 279.0), (1225.3, 351.4), (1264.2, 314.5), (1303.2, 260.9), (1339.8, 228.5), (1379.8, 219.2), (1419.8, 240.0), (1459.8, 296.4), (1498.5, 307.8), (1538.4, 246.6), (1578.4, 205.9), (1618.4, 188.0), (1658.4, 196.1), (1698.4, 239.1), (1737.3, 310.3), (1772.1, 383.6), (1803.5, 399.9), (1808.2, 376.4), (1808.2, 377.3), (1808.4, 411.7), (1806.8, 386.6), (1806.9, 330.4), (1811.4, 295.3), (1823.9, 283.1), (1844.4, 299.5), (1873.7, 316.0), (1912.4, 252.2), (1952.4, 208.9), (1992.4, 188.1), (2032.4, 192.3), (2072.4, 230.9), (2112.4, 300.2), (2152.4, 373.5), (2189.0, 422.3), (2223.3, 356.0), (2256.0, 310.0), (2257.2, 286.3), (2265.8, 286.9), (2280.8, 275.8), (2294.6, 214.6), (2312.3, 174.0), (2338.0, 156.0), (2371.8, 164.1), (2411.4, 207.2), (2451.4, 278.3), (2490.7, 258.6), (2530.7, 246.7), (2570.7, 284.7), (2610.7, 353.7), (2650.0, 427.0), (2681.9, 370.6), (2712.9, 319.6), (2751.3, 290.1), (2791.3, 283.9), (2831.3, 309.1), (2871.3, 369.6), (2911.3, 399.6), (2951.3, 373.3), (2991.3, 370.6), (3030.6, 400.6), (3066.3, 403.8), (3104.2, 370.5), (3144.2, 399.9), (3181.7, 395.4), (3216.7, 374.8), (3256.3, 379.3), (3295.7, 418.2), (3331.5, 378.5), (3368.8, 377.6), (3407.8, 420.0), (3441.3, 378.5), (3472.0, 324.9), (3472.1, 292.5), (3477.6, 283.2), (3491.1, 304.0), (3508.5, 235.2), (3529.7, 186.7), (3558.6, 160.1), (3595.5, 157.1), (3635.5, 186.8), (3675.5, 250.8), (3714.7, 284.9), (3754.5, 221.1), (3759.9, 177.8), (3761.8, 157.0), (3770.1, 161.2), (3775.9, 139.1), (3786.6, 80.4), (3805.4, 42.5), (3832.1, 27.4), (3866.8, 39.5), (3906.7, 87.0), (3944.8, 159.5), (3979.5, 232.8), (4018.7, 304.0), (4057.5, 240.0), (4097.5, 256.9), (4136.0, 308.1), (4170.2, 381.2), (4198.1, 346.0), (4221.1, 292.4), (4240.8, 260.0), (4266.5, 250.7), (4296.1, 271.6), (4320.9, 284.9), (4343.6, 221.1), (4374.1, 177.8), (4412.2, 157.0), (4452.2, 161.2), (4492.2, 199.8), (4532.2, 269.1), (4571.2, 342.4), (4605.9, 415.8), (4624.0, 378.5), (4624.8, 324.9), (4630.7, 292.5), (4644.6, 283.2), (4661.1, 304.0), (4673.2, 360.4), (4679.0, 306.6), (4688.3, 255.6), (4705.7, 226.1), (4731.1, 219.9), (4764.5, 245.1), (4800.5, 304.0), (4831.6, 235.1), (4869.3, 186.6), (4909.3, 160.0), (4949.3, 157.1), (4989.3, 186.8), (5029.3, 250.8), (5069.3, 324.1), (5104.0, 397.4), (5103.9, 395.0), (5106.5, 336.3), (5117.0, 298.4), (5135.5, 283.4), (5162.0, 295.5), (5196.5, 343.0), (5235.9, 415.4), (5274.8, 378.5), (5314.8, 377.6), (5354.7, 420.0), (5391.1, 378.5), (5428.8, 377.6), (5462.3, 420.0), (5489.7, 378.5), (5518.9, 324.9), (5551.0, 292.5), (5586.9, 283.2), (5626.7, 304.0), (5663.1, 360.4), (5693.0, 306.6), (5718.2, 255.6), (5738.9, 226.1), (5755.2, 219.9), (5767.0, 245.1), (5774.4, 305.6), (5776.3, 299.1), (5776.3, 240.5), (5776.7, 202.7), (5782.2, 187.8), (5795.1, 200.0), (5806.5, 247.6), (5811.9, 226.6), (5813.3, 170.4), (5820.8, 135.3), (5835.0, 123.1), (5855.4, 139.5), (5876.8, 191.4), (5893.9, 154.5), (5917.3, 100.9), (5948.7, 68.5), (5987.3, 59.2), (6027.3, 80.0), (6067.3, 136.4), (6107.3, 209.8), (6147.3, 283.1), (6187.3, 356.4), (6226.3, 429.8)]",0,0,28.4
experienced,mario,Mario1-1,Success,1,0,165.91,0.785,"[(112.0, 432.0), (113.2, 371.3), (121.8, 320.5), (138.2, 291.3), (162.8, 285.4), (195.2, 310.9), (234.4, 371.6), (271.1, 422.3), (305.3, 356.0), (345.1, 310.0), (385.1, 286.3), (423.6, 286.9), (457.8, 321.0), (492.4, 387.9), (528.8, 403.8), (560.6, 370.5), (591.3, 399.9), (621.0, 395.4), (658.0, 374.8), (698.0, 379.3), (736.9, 418.2), (770.5, 378.5), (808.0, 377.6), (843.9, 420.0), (873.7, 378.5), (900.3, 324.9), (933.8, 292.5), (973.4, 283.2), (1013.4, 304.0), (1053.4, 360.4), (1090.9, 432.0), (1122.3, 363.1), (1154.9, 314.6), (1190.0, 288.0), (1229.9, 285.1), (1269.9, 314.8), (1309.7, 378.8), (1346.3, 395.0), (1383.9, 371.6), (1417.6, 372.4), (1446.9, 406.9), (1455.2, 395.0), (1455.2, 336.3), (1457.8, 298.4), (1468.3, 283.4), (1486.8, 295.5), (1512.9, 325.4), (1543.5, 259.1), (1581.7, 213.2), (1621.7, 189.4), (1661.7, 190.0), (1701.7, 224.1), (1741.2, 291.0), (1777.1, 364.4), (1808.0, 432.0), (1806.4, 363.1), (1806.8, 314.6), (1813.2, 288.0), (1827.8, 285.1), (1850.2, 314.8), (1878.3, 289.7), (1912.9, 233.6), (1952.8, 198.4), (1992.8, 186.2), (2032.8, 202.6), (2072.8, 254.5), (2112.8, 327.7), (2151.4, 401.0), (2184.6, 395.0), (2219.9, 336.3), (2253.8, 298.4), (2288.4, 283.4), (2322.7, 295.5), (2353.7, 343.0), (2390.5, 415.4), (2428.2, 378.5), (2468.2, 377.6), (2506.7, 420.0), (2540.3, 378.5), (2578.8, 324.9), (2618.8, 292.5), (2658.8, 283.2), (2698.8, 304.0), (2738.8, 360.4), (2777.3, 432.0), (2812.1, 363.1), (2851.9, 314.6), (2891.4, 288.0), (2931.4, 285.1), (2971.4, 314.8), (3011.2, 378.8), (3048.5, 412.9), (3085.1, 349.1), (3088.2, 305.8), (3088.3, 285.0), (3089.4, 289.2), (3090.1, 267.2), (3097.6, 208.8), (3113.1, 171.2), (3136.6, 156.4), (3168.1, 168.9), (3206.7, 216.7), (3244.4, 289.2), (3280.1, 362.5), (3283.5, 432.0), (3289.7, 368.0), (3303.8, 384.9), (3323.9, 432.0), (3341.3, 368.0), (3365.8, 384.9), (3392.8, 432.0), (3414.0, 368.0), (3438.1, 384.9), (3460.7, 432.0), (3482.0, 368.0), (3511.1, 384.9), (3539.8, 432.0), (3562.3, 363.1), (3589.9, 314.6), (3622.6, 288.0), (3651.5, 285.1), (3675.3, 284.9), (3698.3, 221.2), (3721.3, 177.9), (3740.2, 157.0), (3754.7, 161.2), (3764.5, 147.8), (3777.9, 86.6), (3799.3, 45.9), (3828.7, 28.0), (3866.0, 36.1), (3906.0, 79.1), (3943.5, 150.3), (3976.6, 223.6), (3986.6, 296.9), (3997.1, 370.3), (4014.8, 422.3), (4035.8, 368.3), (4064.9, 389.3), (4096.2, 422.3), (4121.0, 356.0), (4146.3, 310.0), (4170.0, 286.3), (4189.3, 286.9), (4204.1, 321.0), (4213.9, 348.9), (4219.5, 285.1), (4228.9, 241.8), (4246.2, 221.0), (4271.5, 225.2), (4304.6, 263.8), (4336.4, 275.8), (4369.4, 214.6), (4408.8, 173.9), (4448.8, 156.0), (4488.8, 164.1), (4528.8, 207.1), (4568.4, 278.3), (4604.2, 351.6), (4635.0, 380.9), (4659.6, 317.1), (4679.8, 273.8), (4700.9, 253.0), (4730.1, 257.2), (4761.8, 295.8), (4787.4, 250.5), (4814.9, 196.9), (4850.4, 164.5), (4890.4, 155.2), (4930.4, 176.0), (4970.4, 232.4), (5010.2, 305.8), (5046.5, 379.1), (5077.9, 412.9), (5105.0, 349.1), (5137.4, 305.8), (5176.5, 285.0), (5213.5, 289.2), (5246.0, 327.8), (5264.8, 397.1), (5270.3, 395.0), (5281.9, 372.3), (5301.5, 406.1), (5326.2, 395.0), (5356.4, 372.3), (5394.0, 406.1), (5428.9, 395.0), (5462.2, 336.3), (5500.5, 298.4), (5535.4, 283.4), (5571.4, 295.5), (5604.5, 343.0), (5616.0, 415.4), (5616.2, 380.4), (5616.2, 368.5), (5616.2, 385.2), (5616.9, 432.0), (5616.7, 363.2), (5619.3, 314.8), (5629.8, 288.2), (5648.1, 285.4), (5666.1, 315.2), (5679.3, 358.3), (5686.2, 292.0), (5696.3, 246.0), (5702.1, 222.3), (5702.2, 222.9), (5705.3, 257.0), (5709.1, 323.9), (5709.4, 339.9), (5709.5, 279.0), (5710.7, 238.6), (5710.2, 221.0), (5709.7, 229.3), (5712.0, 272.7), (5714.0, 343.9), (5714.0, 322.8), (5714.0, 266.9), (5718.5, 232.1), (5726.3, 220.2), (5728.6, 236.9), (5728.9, 289.1), (5728.9, 362.3), (5728.9, 306.9), (5729.3, 256.1), (5732.4, 226.9), (5735.5, 221.0), (5736.8, 246.6), (5736.9, 307.3), (5736.4, 358.3), (5735.7, 292.0), (5736.0, 246.0), (5738.4, 222.3), (5739.8, 222.9), (5740.8, 257.0), (5740.8, 323.9), (5739.6, 339.8), (5739.5, 278.6), (5740.2, 237.9), (5743.3, 220.0), (5743.8, 228.1), (5744.6, 271.1), (5744.6, 342.3), (5743.3, 322.6), (5743.3, 266.4), (5743.5, 231.3), (5749.0, 219.1), (5757.0, 235.5), (5760.6, 287.4), (5760.8, 317.0), (5760.8, 253.5), (5762.1, 210.5), (5766.6, 189.9), (5777.1, 194.4), (5786.3, 233.3), (5791.0, 302.8), (5791.3, 242.9), (5791.6, 192.1), (5798.1, 162.9), (5809.9, 157.0), (5825.8, 182.6), (5838.4, 243.3), (5838.8, 235.0), (5839.1, 176.3), (5845.6, 138.4), (5860.1, 123.4), (5882.4, 135.5), (5905.9, 176.0), (5926.7, 107.1), (5955.3, 58.6), (5991.9, 32.0), (6031.9, 29.1), (6071.9, 58.8), (6111.9, 122.8), (6151.9, 196.1), (6191.9, 269.4)]",0,0,36.78
experienced,mario,Mario1-1,Success,1,0,185.35,0.789,"[(112.0, 432.0), (113.9, 371.3), (123.4, 320.5), (140.9, 291.3), (166.4, 285.4), (199.9, 310.9), (239.5, 371.6), (276.7, 422.3), (311.5, 356.0), (351.4, 310.0), (391.4, 286.3), (429.9, 286.9), (464.1, 321.0), (498.3, 387.9), (536.0, 403.8), (572.1, 370.5), (609.4, 399.9), (641.9, 403.8), (678.1, 370.5), (717.9, 399.9), (753.4, 403.8), (790.0, 370.5), (828.6, 399.9), (861.8, 403.8), (889.4, 342.6), (920.9, 301.9), (959.7, 284.0), (999.7, 292.1), (1039.7, 335.1), (1079.0, 406.3), (1112.8, 386.6), (1146.8, 330.4), (1186.3, 295.3), (1226.3, 283.1), (1266.3, 299.5), (1306.3, 351.4), (1344.4, 409.8), (1381.5, 377.7), (1416.9, 368.7), (1447.8, 389.8), (1455.5, 422.3), (1454.8, 356.0), (1456.0, 310.0), (1464.5, 286.3), (1481.0, 286.9), (1505.5, 321.0), (1540.2, 281.6), (1580.2, 228.0), (1620.2, 195.6), (1660.2, 186.3), (1700.2, 207.2), (1740.2, 263.5), (1778.3, 336.9), (1808.0, 410.2), (1808.7, 386.6), (1808.0, 330.6), (1812.5, 295.5), (1825.0, 283.4), (1845.5, 299.9), (1874.8, 316.4), (1913.5, 252.6), (1953.5, 209.3), (1993.5, 188.5), (2033.5, 192.7), (2073.5, 231.3), (2113.5, 300.6), (2153.4, 374.0), (2190.1, 422.3), (2224.3, 356.0), (2256.0, 310.0), (2257.2, 286.3), (2265.8, 286.9), (2280.8, 275.8), (2294.4, 214.6), (2310.6, 174.0), (2334.7, 156.0), (2366.9, 164.1), (2406.0, 207.2), (2446.0, 278.3), (2485.3, 258.6), (2525.3, 246.7), (2565.3, 284.7), (2605.3, 353.7), (2644.6, 427.0), (2677.8, 370.6), (2709.2, 319.6), (2747.6, 290.1), (2787.6, 283.9), (2827.6, 309.1), (2867.6, 369.6), (2907.6, 399.6), (2947.6, 373.3), (2987.6, 370.6), (3026.4, 400.6), (3060.7, 403.8), (3088.1, 342.6), (3088.7, 301.9), (3089.4, 284.0), (3093.4, 292.1), (3095.2, 258.8), (3103.7, 203.0), (3120.2, 168.1), (3144.7, 156.2), (3177.2, 172.9), (3216.3, 225.1), (3254.0, 298.3), (3280.1, 371.7), (3285.1, 422.3), (3293.2, 368.3), (3309.2, 389.3), (3330.1, 422.3), (3348.0, 356.0), (3369.2, 310.0), (3387.8, 286.3), (3406.6, 286.9), (3420.0, 275.8), (3431.6, 242.5), (3450.9, 271.9), (3472.0, 335.3), (3475.5, 408.7), (3482.6, 386.6), (3495.1, 374.7), (3512.7, 412.7), (3525.2, 386.6), (3540.7, 374.7), (3558.7, 412.7), (3571.5, 386.6), (3588.4, 330.4), (3612.8, 295.3), (3635.6, 283.1), (3654.0, 299.5), (3664.1, 351.4), (3669.6, 424.6), (3679.7, 370.6), (3697.3, 381.0), (3721.8, 427.8), (3745.8, 370.6), (3777.3, 381.0), (3811.3, 427.8), (3840.8, 370.6), (3876.9, 319.6), (3916.9, 290.1), (3955.6, 283.9), (3995.3, 309.1), (4016.8, 369.6), (4023.8, 422.3), (4035.4, 368.3), (4055.0, 389.3), (4079.4, 422.3), (4098.5, 368.3), (4114.1, 389.3), (4125.0, 422.3), (4129.3, 356.0), (4134.2, 310.0), (4137.4, 286.3), (4138.8, 286.9), (4143.3, 321.0), (4151.7, 387.9), (4155.0, 403.9), (4155.0, 342.8), (4159.3, 302.3), (4165.8, 284.5), (4170.2, 292.7), (4173.0, 335.9), (4173.0, 407.1), (4171.8, 386.6), (4171.8, 330.4), (4172.6, 295.3), (4176.2, 283.1), (4182.9, 299.5), (4188.0, 351.4), (4189.0, 381.0), (4189.0, 317.5), (4190.9, 274.5), (4196.7, 253.9), (4201.2, 258.4), (4205.5, 297.3), (4206.0, 366.8), (4204.8, 363.0), (4204.8, 304.3), (4205.0, 266.4), (4209.5, 251.4), (4222.0, 263.5), (4238.4, 311.0), (4250.3, 290.6), (4267.3, 234.4), (4292.4, 199.3), (4325.4, 187.1), (4364.9, 203.5), (4404.9, 255.4), (4444.9, 328.6), (4484.8, 274.6), (4524.4, 223.6), (4564.2, 194.1), (4604.2, 187.9), (4644.2, 213.1), (4683.9, 273.6), (4720.0, 326.3), (4722.6, 260.0), (4733.1, 214.0), (4751.6, 190.3), (4778.1, 190.9), (4812.6, 225.0), (4852.5, 291.9), (4891.5, 250.5), (4931.5, 196.9), (4971.5, 164.5), (5011.5, 155.2), (5051.5, 176.0), (5091.5, 232.4), (5131.5, 305.8), (5171.1, 358.3), (5210.7, 292.0), (5248.2, 246.0), (5288.1, 222.3), (5328.1, 222.9), (5368.1, 257.0), (5407.1, 284.9), (5444.1, 221.1), (5480.7, 177.8), (5520.3, 157.0), (5560.3, 161.2), (5600.3, 199.8), (5640.3, 269.1), (5677.8, 342.4), (5709.4, 322.6), (5735.7, 266.4), (5757.5, 231.3), (5774.9, 219.1), (5787.9, 235.5), (5796.4, 287.4), (5798.7, 250.5), (5798.7, 196.9), (5802.2, 164.5), (5812.7, 155.2), (5830.1, 176.0), (5845.9, 232.4), (5855.5, 178.6), (5868.6, 127.6), (5889.8, 98.1), (5919.0, 91.9), (5956.0, 117.1), (5996.0, 176.0), (6034.5, 107.1), (6074.5, 58.6), (6114.5, 32.0), (6154.5, 29.1), (6194.5, 58.8), (6234.4, 122.8)]",0,0,33.17
experienced,mario,Mario1-1,Success,1,0,208.94,0.789,"[(112.0, 432.0), (113.9, 371.3), (123.4, 320.5), (140.9, 291.3), (166.4, 285.4), (199.9, 310.9), (239.5, 371.6), (277.3, 422.3), (312.6, 356.0), (352.6, 310.0), (392.6, 286.3), (431.1, 286.9), (465.3, 321.0), (500.5, 387.9), (538.5, 403.8), (575.0, 342.6), (614.3, 301.9), (649.6, 284.0), (680.4, 292.1), (706.5, 258.6), (737.8, 246.7), (776.4, 284.7), (813.0, 258.6), (846.4, 202.4), (882.4, 167.3), (922.0, 155.1), (962.0, 171.5), (1002.0, 223.4), (1042.0, 296.6), (1082.0, 369.9), (1119.2, 422.3), (1150.9, 356.0), (1183.2, 310.0), (1222.1, 286.3), (1262.1, 286.9), (1302.1, 321.0), (1341.6, 387.9), (1377.5, 390.8), (1408.9, 370.3), (1435.8, 374.8), (1456.0, 413.7), (1456.0, 386.6), (1456.2, 330.6), (1459.7, 295.5), (1471.2, 283.4), (1490.7, 299.9), (1518.9, 316.4), (1557.1, 252.6), (1597.1, 209.3), (1637.1, 188.5), (1677.1, 192.7), (1717.1, 231.3), (1756.6, 300.6), (1792.5, 374.0), (1808.1, 422.3), (1807.7, 356.0), (1808.5, 310.0), (1816.0, 286.3), (1831.5, 286.9), (1855.0, 321.0), (1888.7, 281.6), (1928.6, 228.0), (1968.6, 195.6), (2008.6, 186.3), (2048.6, 207.2), (2088.6, 263.5), (2128.6, 336.9), (2167.6, 410.2), (2201.4, 386.6), (2238.9, 330.4), (2256.0, 295.3), (2260.5, 283.1), (2273.0, 299.5), (2288.2, 242.7), (2302.5, 191.6), (2324.2, 162.1), (2353.9, 155.9), (2391.4, 181.2), (2431.4, 241.6), (2471.1, 294.3), (2510.7, 240.3), (2550.7, 261.3), (2590.7, 317.0), (2630.7, 390.3), (2667.4, 403.8), (2698.7, 342.6), (2735.1, 301.9), (2775.1, 284.0), (2815.1, 292.1), (2855.1, 335.1), (2895.1, 406.3), (2934.8, 383.5), (2974.8, 368.8), (3014.6, 381.2), (3053.2, 429.0), (3087.2, 370.6), (3126.5, 381.0), (3165.5, 414.3), (3200.4, 382.2), (3238.7, 373.2), (3278.2, 394.3), (3316.2, 412.9), (3350.9, 369.1), (3390.0, 394.4), (3426.9, 412.9), (3459.6, 349.1), (3472.0, 305.8), (3473.9, 285.0), (3483.4, 289.2), (3498.9, 267.1), (3518.2, 208.4), (3543.2, 170.5), (3576.1, 155.4), (3615.5, 167.5), (3655.5, 215.0), (3695.5, 287.5), (3734.5, 250.5), (3760.0, 196.9), (3760.0, 164.5), (3762.3, 155.2), (3766.8, 176.0), (3770.3, 107.5), (3781.8, 59.3), (3801.3, 32.9), (3828.8, 30.3), (3864.3, 60.3), (3903.6, 124.5), (3939.1, 197.8), (3977.8, 271.2), (4016.3, 344.5), (4019.5, 417.8), (4028.1, 378.5), (4043.7, 377.6), (4067.1, 420.0), (4088.4, 378.5), (4106.2, 377.6), (4119.6, 420.0), (4126.8, 378.5), (4130.9, 324.9), (4136.4, 292.5), (4140.0, 283.2), (4145.4, 304.0), (4155.8, 360.4), (4163.8, 432.0), (4165.1, 363.1), (4166.9, 314.6), (4171.4, 288.0), (4177.8, 285.1), (4187.2, 314.8), (4193.4, 378.8), (4194.7, 354.8), (4194.8, 298.9), (4199.7, 264.1), (4210.1, 252.2), (4228.5, 268.9), (4247.9, 321.1), (4261.3, 282.5), (4277.6, 228.9), (4300.7, 196.5), (4331.9, 187.2), (4370.5, 208.0), (4410.5, 264.4), (4450.5, 336.0), (4490.2, 267.1), (4530.0, 218.6), (4569.8, 192.0), (4609.8, 189.1), (4649.8, 218.8), (4689.4, 282.8), (4720.0, 316.9), (4722.6, 253.1), (4733.1, 209.8), (4751.6, 189.0), (4778.1, 193.2), (4812.6, 231.8), (4852.5, 301.1), (4891.5, 242.6), (4931.5, 191.6), (4971.5, 162.1), (5011.5, 155.9), (5051.5, 181.1), (5091.5, 241.6), (5131.5, 314.9), (5170.9, 348.9), (5210.5, 285.1), (5248.1, 241.8), (5288.1, 221.0), (5328.1, 225.2), (5368.1, 263.8), (5407.4, 275.8), (5446.7, 214.6), (5486.0, 173.9), (5526.0, 156.0), (5566.0, 164.1), (5606.0, 207.1), (5645.7, 278.3), (5682.6, 351.6), (5713.2, 314.5), (5738.8, 260.9), (5760.0, 228.5), (5776.7, 219.2), (5789.0, 240.0), (5796.8, 296.4), (5797.6, 242.8), (5798.0, 191.9), (5804.5, 162.5), (5819.0, 156.5), (5837.4, 181.9), (5851.6, 240.0), (5859.6, 171.1), (5872.6, 122.6), (5893.7, 96.0), (5922.7, 93.1), (5959.7, 122.8), (5999.2, 166.3), (6038.2, 100.0), (6078.2, 54.0), (6118.2, 30.3), (6158.2, 30.9), (6198.2, 65.0), (6238.1, 131.9)]",0,0,29.42
experienced,mario,Mario1-1,Success,1,0,183.97,0.788,"[(112.0, 432.0), (113.9, 371.3), (123.4, 320.5), (140.9, 291.3), (166.4, 285.4), (199.9, 310.9), (239.5, 371.6), (276.7, 422.3), (311.5, 356.0), (351.4, 310.0), (391.4, 286.3), (429.9, 286.9), (464.1, 321.0), (498.3, 387.9), (536.0, 403.8), (572.1, 370.5), (609.8, 399.9), (643.9, 403.8), (681.4, 370.5), (721.4, 399.9), (757.4, 403.8), (794.5, 370.5), (832.6, 399.9), (865.3, 403.8), (880.1, 342.6), (885.6, 301.9), (899.1, 284.0), (920.6, 292.1), (950.1, 335.1), (985.7, 331.0), (1025.3, 272.3), (1065.3, 234.4), (1105.3, 219.4), (1145.3, 231.5), (1185.3, 279.0), (1225.3, 351.4), (1264.2, 314.5), (1303.2, 260.9), (1339.8, 228.5), (1379.8, 219.2), (1419.8, 240.0), (1459.8, 296.4), (1498.5, 307.8), (1538.4, 246.6), (1578.4, 205.9), (1618.4, 188.0), (1658.4, 196.1), (1698.4, 239.1), (1736.9, 310.3), (1771.1, 383.6), (1802.0, 399.9), (1808.2, 376.4), (1808.2, 377.3), (1808.4, 411.7), (1806.8, 386.6), (1806.9, 330.4), (1810.4, 295.3), (1821.9, 283.1), (1841.4, 299.5), (1869.7, 316.0), (1907.8, 252.2), (1947.8, 208.9), (1987.8, 188.1), (2027.8, 192.3), (2067.8, 230.9), (2107.8, 300.2), (2147.7, 373.5), (2184.4, 422.3), (2218.6, 356.0), (2255.2, 310.0), (2257.2, 286.3), (2265.8, 286.9), (2280.8, 275.8), (2294.6, 214.6), (2312.3, 174.0), (2338.0, 156.0), (2371.8, 164.1), (2411.4, 207.2), (2451.4, 278.3), (2490.7, 258.6), (2530.7, 246.7), (2570.7, 284.7), (2610.7, 353.7), (2650.0, 427.0), (2683.3, 370.6), (2715.9, 319.6), (2755.1, 290.1), (2795.1, 283.9), (2835.1, 309.1), (2875.1, 369.6), (2915.1, 399.6), (2954.8, 373.3), (2994.8, 370.6), (3034.4, 400.6), (3070.1, 403.8), (3108.0, 370.5), (3147.9, 399.9), (3184.9, 395.4), (3220.3, 374.8), (3260.0, 379.3), (3299.5, 418.2), (3334.3, 378.5), (3369.2, 377.6), (3407.2, 420.0), (3440.2, 378.5), (3472.0, 324.9), (3472.1, 292.5), (3477.6, 283.2), (3491.1, 304.0), (3508.5, 235.2), (3529.7, 186.7), (3558.6, 160.1), (3595.5, 157.1), (3635.5, 186.8), (3675.5, 250.8), (3714.7, 284.9), (3754.5, 221.1), (3759.9, 177.8), (3760.2, 157.0), (3764.2, 161.2), (3765.9, 139.2), (3773.4, 80.8), (3788.9, 43.2), (3812.4, 28.4), (3843.9, 40.9), (3882.7, 88.7), (3920.2, 161.2), (3956.1, 234.5), (3995.8, 307.8), (4016.8, 381.2), (4023.3, 412.9), (4034.9, 369.1), (4054.5, 394.4), (4078.6, 412.9), (4097.9, 369.1), (4113.5, 394.4), (4124.1, 412.9), (4128.5, 349.1), (4134.2, 305.8), (4137.5, 285.0), (4140.4, 289.2), (4145.5, 327.8), (4152.6, 397.1), (4154.4, 395.2), (4154.8, 336.8), (4160.7, 299.2), (4168.0, 284.4), (4173.8, 296.8), (4178.7, 344.6), (4179.4, 390.3), (4179.4, 324.3), (4180.7, 278.7), (4188.4, 255.2), (4194.8, 256.1), (4199.6, 290.5), (4200.5, 357.6), (4199.4, 371.8), (4199.3, 310.6), (4200.0, 269.9), (4203.1, 252.0), (4213.1, 260.1), (4225.4, 303.1), (4233.4, 368.0), (4233.8, 299.2), (4236.5, 250.7), (4247.0, 224.1), (4265.5, 221.3), (4292.0, 251.0), (4320.7, 294.3), (4345.9, 228.0), (4378.5, 182.0), (4417.8, 158.3), (4457.8, 158.9), (4497.8, 193.0), (4537.8, 259.9), (4575.3, 333.3), (4608.4, 406.6), (4624.0, 386.6), (4624.1, 330.4), (4626.8, 295.3), (4637.3, 283.1), (4653.9, 299.5), (4667.1, 351.4), (4674.2, 314.5), (4683.3, 260.9), (4700.3, 228.5), (4725.4, 219.2), (4758.4, 240.0), (4794.1, 296.4), (4824.3, 242.6), (4860.4, 191.6), (4900.4, 162.1), (4940.4, 155.9), (4980.4, 181.1), (5020.4, 241.6), (5060.4, 314.9), (5098.5, 388.3), (5103.8, 403.8), (5105.6, 342.6), (5113.5, 301.9), (5129.5, 284.0), (5153.4, 292.1), (5185.4, 335.1), (5223.6, 406.3), (5260.3, 386.6), (5300.2, 374.7), (5340.2, 412.7), (5377.6, 386.6), (5416.9, 374.7), (5452.2, 412.7), (5483.0, 388.1), (5511.5, 373.3), (5538.1, 385.7), (5560.3, 432.0), (5575.7, 363.1), (5590.7, 314.6), (5613.5, 288.0), (5643.8, 285.1), (5672.5, 314.8), (5696.5, 358.3), (5714.0, 292.0), (5727.4, 246.0), (5738.0, 222.3), (5747.0, 222.9), (5757.9, 257.0), (5764.3, 323.9), (5765.0, 282.5), (5765.1, 229.1), (5768.3, 196.8), (5777.1, 187.7), (5792.0, 208.6), (5803.6, 265.2), (5808.0, 275.8), (5808.0, 214.6), (5809.2, 173.9), (5817.8, 156.0), (5833.7, 164.1), (5848.1, 207.1), (5856.8, 203.0), (5864.1, 144.3), (5879.1, 106.4), (5902.2, 91.4), (5933.2, 103.5), (5971.7, 151.0), (6010.2, 130.6), (6050.2, 74.4), (6090.2, 39.3), (6130.2, 27.1), (6170.2, 43.5), (6210.2, 95.4), (6250.1, 168.6)]",0,0,33.35
experienced,mario,Mario1-1,Success,1,0,183.69,0.788,"[(112.0, 432.0), (113.9, 371.3), (123.4, 320.5), (140.9, 291.3), (166.4, 285.4), (199.9, 310.9), (239.5, 371.6), (276.7, 422.3), (311.5, 356.0), (351.4, 310.0), (391.4, 286.3), (429.9, 286.9), (464.1, 321.0), (498.3, 387.9), (536.0, 403.8), (571.2, 370.5), (606.9, 399.9), (641.1, 395.4), (680.7, 374.8), (720.7, 379.3), (760.0, 418.2), (794.1, 378.5), (830.4, 377.6), (863.8, 420.0), (880.0, 378.5), (881.2, 324.9), (889.8, 292.5), (906.2, 283.2), (930.8, 304.0), (963.2, 360.4), (1000.3, 306.6), (1040.3, 255.6), (1080.3, 226.1), (1120.3, 219.9), (1160.3, 245.1), (1200.3, 305.6), (1239.8, 358.3), (1279.2, 292.0), (1316.7, 246.0), (1354.8, 222.3), (1394.8, 222.9), (1434.8, 257.0), (1474.8, 323.9), (1513.4, 282.5), (1553.4, 228.9), (1593.4, 196.5), (1633.4, 187.2), (1673.4, 208.0), (1713.4, 264.4), (1750.9, 337.8), (1783.9, 411.1), (1808.1, 388.4), (1808.2, 373.6), (1808.3, 386.0), (1808.1, 432.0), (1806.9, 363.1), (1807.7, 314.6), (1815.2, 288.0), (1830.7, 285.1), (1854.2, 314.8), (1887.6, 289.7), (1927.4, 233.6), (1967.4, 198.4), (2007.4, 186.2), (2047.4, 202.6), (2087.4, 254.5), (2127.4, 327.7), (2166.7, 401.0), (2201.0, 395.0), (2237.9, 336.3), (2256.0, 298.4), (2259.5, 283.4), (2271.0, 295.5), (2286.4, 250.5), (2300.3, 196.9), (2321.0, 164.5), (2349.8, 155.3), (2386.4, 176.1), (2426.4, 232.5), (2466.4, 304.0), (2505.7, 240.0), (2545.7, 256.9), (2585.7, 308.1), (2625.7, 381.2), (2663.2, 412.9), (2694.7, 349.1), (2730.1, 305.8), (2770.1, 285.0), (2810.1, 289.2), (2850.1, 327.8), (2890.1, 397.1), (2929.8, 387.0), (2969.4, 369.3), (3007.9, 377.7), (3046.2, 421.0), (3080.0, 378.5), (3118.6, 377.6), (3158.2, 420.0), (3194.0, 385.0), (3230.8, 373.1), (3270.3, 389.7), (3309.0, 422.3), (3345.2, 368.3), (3382.1, 389.3), (3417.8, 422.3), (3447.5, 356.0), (3472.0, 310.0), (3473.2, 286.3), (3481.8, 286.9), (3496.8, 275.8), (3515.7, 214.6), (3539.6, 174.0), (3571.5, 156.0), (3610.5, 164.1), (3650.5, 207.2), (3690.5, 278.3), (3729.5, 258.6), (3760.1, 202.4), (3760.2, 167.3), (3761.8, 155.1), (3766.7, 171.5), (3769.6, 114.9), (3780.1, 64.2), (3798.6, 35.0), (3825.1, 29.1), (3859.6, 54.6), (3899.3, 115.3), (3935.7, 188.7), (3974.1, 262.0), (4013.1, 335.3), (4019.5, 408.7), (4028.6, 386.6), (4044.2, 374.7), (4067.6, 412.7), (4089.2, 386.6), (4106.8, 374.7), (4120.2, 412.7), (4127.7, 386.6), (4131.0, 330.4), (4136.3, 295.3), (4139.5, 283.1), (4144.3, 299.5), (4153.2, 351.4), (4159.6, 424.6), (4160.3, 370.8), (4161.0, 319.9), (4165.0, 290.5), (4170.6, 284.4), (4176.0, 309.8), (4178.7, 370.4), (4178.8, 363.2), (4178.8, 304.8), (4182.3, 267.2), (4190.7, 252.4), (4196.5, 264.8), (4201.5, 312.6), (4202.3, 385.1), (4201.1, 346.5), (4201.2, 292.9), (4202.2, 260.5), (4208.7, 251.2), (4223.0, 272.0), (4236.9, 328.4), (4238.9, 339.8), (4239.1, 278.6), (4244.6, 237.9), (4258.1, 220.0), (4279.6, 228.1), (4308.5, 271.1), (4334.7, 267.0), (4362.3, 208.3), (4397.9, 170.4), (4437.9, 155.4), (4477.9, 167.5), (4517.9, 215.0), (4557.5, 287.4), (4593.3, 360.8), (4624.7, 432.0), (4624.0, 363.1), (4624.3, 314.6), (4629.8, 288.0), (4643.3, 285.1), (4659.2, 314.8), (4670.5, 358.3), (4676.5, 292.0), (4688.5, 246.0), (4708.6, 222.3), (4736.7, 222.9), (4772.1, 257.0), (4805.5, 284.9), (4836.7, 221.1), (4875.2, 177.8), (4915.2, 157.0), (4955.2, 161.2), (4995.2, 199.8), (5035.2, 269.1), (5075.0, 342.4), (5104.0, 415.8), (5103.9, 378.5), (5107.6, 324.9), (5118.6, 292.5), (5137.5, 283.2), (5164.5, 304.0), (5199.2, 360.4), (5237.7, 432.0), (5275.2, 368.0), (5315.2, 384.9), (5354.8, 432.0), (5393.2, 368.0), (5431.3, 384.9), (5464.9, 409.1), (5494.0, 379.8), (5521.3, 373.9), (5544.7, 399.5), (5562.8, 403.8), (5575.1, 342.6), (5591.4, 301.9), (5615.7, 284.0), (5646.0, 292.1), (5673.1, 335.1), (5694.5, 331.0), (5710.3, 272.3), (5724.1, 234.4), (5736.3, 219.4), (5750.0, 231.5), (5760.5, 279.0), (5766.1, 326.3), (5766.1, 260.3), (5766.2, 214.6), (5770.6, 191.1), (5782.5, 191.9), (5797.0, 226.4), (5807.1, 293.4), (5808.0, 250.5), (5808.0, 196.9), (5811.5, 164.5), (5823.0, 155.2), (5839.4, 176.0), (5852.1, 232.4), (5858.5, 178.6), (5868.6, 127.6), (5886.7, 98.1), (5912.7, 91.9), (5946.8, 117.1), (5986.5, 176.0), (6025.0, 107.1), (6065.0, 58.6), (6105.0, 32.0), (6145.0, 29.1), (6185.0, 58.8), (6225.0, 122.8)]",0,0,33.43
experienced,mario,Mario1-1,Enemy,1,0,274.86,0.37,"[(112.0, 432.0), (114.6, 371.3), (125.1, 320.5), (143.6, 291.3), (170.1, 285.4), (204.6, 310.9), (244.5, 371.6), (282.8, 422.3), (318.7, 356.0), (358.7, 310.0), (398.7, 286.3), (436.7, 286.9), (470.3, 321.0), (503.6, 387.9), (539.7, 403.8), (577.0, 342.6), (616.3, 301.9), (651.5, 284.0), (682.4, 292.1), (708.5, 258.6), (739.7, 246.7), (778.4, 284.7), (816.2, 258.6), (854.8, 202.4), (893.9, 167.3), (933.9, 155.1), (973.9, 171.5), (1013.9, 223.4), (1053.9, 296.6), (1093.8, 369.9), (1132.1, 422.3), (1165.1, 356.0), (1203.5, 310.0), (1243.5, 286.3), (1283.5, 286.9), (1323.1, 321.0), (1362.6, 387.9), (1397.6, 403.8), (1428.2, 342.6), (1456.3, 301.9), (1491.2, 284.0), (1531.2, 292.1), (1571.2, 335.1), (1611.2, 406.3), (1647.8, 386.6), (1687.2, 330.4), (1725.7, 295.3), (1759.9, 283.1), (1795.1, 299.5), (1832.4, 316.0), (1871.1, 252.2), (1911.1, 208.9), (1951.1, 188.1), (1991.1, 192.3), (2031.1, 230.9), (2071.1, 300.2), (2111.1, 373.5), (2148.0, 417.6), (2183.4, 388.4), (2223.3, 382.5), (2263.3, 408.0), (2300.4, 395.0), (2339.3, 372.3), (2379.3, 406.1), (2417.4, 395.0), (2457.3, 372.3), (2497.3, 406.1), (2534.8, 395.0), (2574.7, 336.3), (2614.7, 298.4), (2654.7, 283.4), (2694.7, 295.5), (2734.7, 343.0), (2774.6, 415.4), (2814.5, 380.4), (2854.5, 368.5), (2894.5, 385.2), (2933.8, 432.0)]",0,0,10.28
experienced,mario,Mario1-1,Pit,1,0,207.98,0.551,"[(112.0, 432.0), (113.9, 371.3), (123.4, 320.5), (140.9, 291.3), (166.4, 285.4), (199.9, 310.9), (239.5, 371.6), (277.3, 422.3), (312.6, 356.0), (352.6, 310.0), (392.6, 286.3), (431.1, 286.9), (465.3, 321.0), (500.5, 387.9), (538.5, 403.8), (575.0, 342.6), (614.3, 301.9), (649.6, 284.0), (680.4, 292.1), (706.5, 258.6), (737.8, 246.7), (776.4, 284.7), (813.0, 258.6), (846.4, 202.4), (882.4, 167.3), (922.0, 155.1), (962.0, 171.5), (1002.0, 223.4), (1042.0, 296.6), (1082.0, 369.9), (1119.7, 422.3), (1152.2, 356.0), (1189.3, 310.0), (1229.3, 286.3), (1269.3, 286.9), (1309.3, 321.0), (1348.9, 387.9), (1384.7, 390.8), (1416.1, 370.3), (1443.0, 374.8), (1456.8, 413.7), (1456.1, 386.6), (1457.0, 330.4), (1461.5, 295.3), (1474.0, 283.1), (1494.5, 299.5), (1523.7, 316.0), (1562.5, 252.2), (1602.5, 208.9), (1642.5, 188.1), (1682.5, 192.3), (1722.5, 230.9), (1762.1, 300.2), (1797.9, 373.5), (1807.5, 422.3), (1806.4, 356.0), (1807.6, 310.0), (1816.1, 286.3), (1832.6, 286.9), (1857.1, 321.0), (1891.9, 281.6), (1931.9, 228.0), (1971.9, 195.6), (2011.9, 186.3), (2051.9, 207.2), (2091.9, 263.5), (2131.9, 336.9), (2171.2, 410.2), (2205.6, 386.6), (2243.6, 330.4), (2256.0, 295.3), (2260.5, 283.1), (2273.0, 299.5), (2288.2, 242.7), (2302.5, 191.6), (2324.2, 162.1), (2353.9, 155.9), (2391.4, 181.2), (2431.4, 241.6), (2471.1, 294.3), (2510.7, 240.3), (2550.7, 261.3), (2590.7, 317.0), (2630.7, 390.3), (2667.4, 403.8), (2698.7, 342.6), (2735.1, 301.9), (2775.1, 284.0), (2815.1, 292.1), (2855.1, 335.1), (2895.1, 406.3), (2935.1, 383.5), (2975.1, 368.8), (3015.1, 381.2), (3054.4, 429.0), (3090.5, 370.6), (3130.5, 381.0), (3169.4, 414.3), (3205.3, 382.2), (3245.1, 373.2), (3285.0, 394.3), (3323.4, 412.9), (3359.8, 349.1), (3376.0, 305.8), (3377.9, 285.0), (3387.2, 289.2), (3398.5, 267.1), (3410.7, 244.3), (3430.8, 278.1), (3451.1, 344.5), (3475.9, 417.8), (3498.0, 378.5), (3524.5, 377.6), (3550.5, 420.0), (3571.5, 378.5), (3598.0, 324.9), (3630.6, 292.5), (3659.9, 283.2), (3684.7, 304.0), (3706.8, 235.2), (3731.6, 186.7), (3751.0, 160.1), (3765.9, 157.1), (3776.0, 157.0), (3788.3, 93.2), (3808.6, 49.9), (3836.9, 29.1), (3873.2, 33.3), (3913.2, 71.9), (3952.5, 141.2), (3984.0, 214.5), (3988.5, 287.8), (4000.2, 361.2), (4019.2, 432.0), (4042.2, 368.0), (4073.3, 384.9), (4106.9, 432.0), (4133.7, 363.1), (4159.2, 314.6), (4183.4, 288.0), (4203.1, 285.1), (4218.4, 314.8), (4228.9, 358.3), (4234.0, 292.0), (4242.1, 246.0), (4258.3, 222.3), (4282.5, 222.9), (4314.6, 257.0), (4350.7, 323.9), (4368.8, 397.3), (4368.8, 470.6), (4368.8, 543.9), (4368.8, 617.3), (4368.8, 690.6)]",0,0,20.47
experienced,mario,Mario1-1,Success,1,0,216.16,0.789,"[(112.0, 432.0), (113.9, 371.3), (123.4, 320.5), (140.9, 291.3), (166.4, 285.4), (199.9, 310.9), (239.5, 371.6), (276.7, 422.3), (311.5, 356.0), (351.4, 310.0), (391.4, 286.3), (429.9, 286.9), (464.1, 321.0), (498.3, 387.9), (536.0, 403.8), (572.1, 370.5), (609.8, 399.9), (643.9, 403.8), (681.4, 370.5), (721.4, 399.9), (757.4, 403.8), (794.5, 370.5), (832.6, 399.9), (865.3, 403.8), (880.1, 342.6), (885.6, 301.9), (899.1, 284.0), (920.6, 292.1), (950.1, 335.1), (985.7, 331.0), (1025.3, 272.3), (1065.1, 234.4), (1105.1, 219.4), (1145.1, 231.5), (1185.1, 279.0), (1225.1, 351.4), (1264.1, 314.5), (1303.0, 260.9), (1338.9, 228.5), (1378.7, 219.2), (1418.7, 240.0), (1458.7, 296.4), (1497.3, 307.8), (1537.2, 246.6), (1577.2, 205.9), (1617.2, 188.0), (1657.2, 196.1), (1697.2, 239.1), (1735.7, 310.3), (1769.9, 383.6), (1800.8, 399.9), (1808.2, 376.4), (1808.2, 377.3), (1808.4, 411.7), (1806.8, 386.6), (1806.9, 330.4), (1810.4, 295.3), (1821.9, 283.1), (1841.4, 299.5), (1869.7, 316.0), (1907.8, 252.2), (1947.8, 208.9), (1987.8, 188.1), (2027.8, 192.3), (2067.8, 230.9), (2107.8, 300.2), (2147.7, 373.5), (2184.4, 422.3), (2218.6, 356.0), (2255.2, 310.0), (2257.2, 286.3), (2265.8, 286.9), (2280.8, 275.8), (2294.6, 214.6), (2312.3, 174.0), (2338.0, 156.0), (2371.8, 164.1), (2411.4, 207.2), (2451.4, 278.3), (2490.7, 258.6), (2530.7, 246.7), (2570.7, 284.7), (2610.7, 353.7), (2650.0, 427.0), (2683.3, 370.6), (2714.7, 319.6), (2753.0, 290.1), (2793.0, 283.9), (2833.0, 309.1), (2873.0, 369.6), (2913.0, 399.6), (2952.8, 373.3), (2992.8, 370.6), (3032.2, 400.6), (3067.1, 403.8), (3088.4, 342.6), (3088.0, 301.9), (3088.0, 284.0), (3088.0, 292.1), (3088.0, 335.1), (3091.5, 406.3), (3100.5, 383.5), (3116.9, 368.8), (3141.3, 381.2), (3169.6, 402.8), (3196.9, 373.5), (3231.3, 367.6), (3270.8, 393.2), (3308.3, 412.9), (3345.0, 369.1), (3383.3, 394.4), (3417.3, 412.9), (3446.7, 369.1), (3479.2, 394.4), (3511.6, 412.9), (3539.1, 369.1), (3564.0, 394.4), (3583.8, 412.9), (3602.8, 349.1), (3629.3, 305.8), (3654.2, 285.0), (3674.7, 289.2), (3690.2, 267.1), (3708.8, 208.4), (3725.0, 170.5), (3737.2, 155.4), (3744.9, 167.5), (3748.4, 215.0), (3755.8, 287.5), (3768.3, 250.5), (3787.8, 249.6), (3815.3, 292.0), (3850.8, 362.8), (3887.3, 432.0), (3922.4, 363.1), (3962.4, 314.6), (4002.3, 288.0), (4042.3, 285.1), (4081.7, 284.9), (4121.5, 241.1), (4158.4, 266.4), (4190.9, 326.2), (4208.0, 399.5), (4206.8, 330.7), (4206.8, 282.1), (4208.6, 255.5), (4218.1, 252.6), (4235.4, 282.3), (4252.1, 326.3), (4264.2, 260.0), (4283.1, 214.0), (4310.1, 190.3), (4345.0, 190.9), (4385.0, 225.0), (4425.0, 291.9), (4465.0, 307.8), (4504.7, 246.6), (4544.4, 205.9), (4584.3, 188.0), (4624.3, 196.1), (4664.3, 239.1), (4702.8, 310.3), (4720.1, 290.6), (4725.6, 234.4), (4739.1, 199.3), (4760.6, 187.1), (4790.1, 203.5), (4827.5, 255.4), (4866.7, 284.9), (4906.5, 221.1), (4946.5, 177.8), (4986.5, 157.0), (5026.5, 161.2), (5066.5, 199.8), (5106.5, 269.1), (5146.5, 342.4), (5185.7, 322.6), (5224.7, 266.4), (5262.3, 231.3), (5302.3, 219.1), (5342.3, 235.5), (5382.3, 287.4), (5421.4, 250.5), (5458.9, 196.9), (5497.4, 164.5), (5537.4, 155.2), (5577.4, 176.0), (5617.4, 232.4), (5656.6, 305.8), (5691.6, 358.3), (5720.1, 292.0), (5744.1, 246.0), (5763.7, 222.3), (5778.9, 222.9), (5789.6, 257.0), (5795.3, 284.9), (5795.7, 221.1), (5797.5, 177.8), (5806.8, 157.0), (5821.2, 161.2), (5838.2, 199.8), (5849.8, 211.8), (5858.4, 150.6), (5874.5, 109.9), (5898.6, 92.0), (5930.6, 100.1), (5969.6, 143.1), (6008.2, 139.0), (6048.1, 80.3), (6088.1, 42.4), (6128.1, 27.4), (6168.1, 39.5), (6208.1, 87.0), (6248.0, 159.4)]",0,0,28.43
experienced,mario,Mario1-1,Pit,1,0,197.29,0.611,"[(112.0, 432.0), (113.2, 371.3), (121.8, 320.5), (138.2, 291.3), (162.8, 285.4), (195.2, 310.9), (234.5, 371.6), (271.7, 422.3), (306.5, 356.0), (346.4, 310.0), (386.0, 286.3), (424.4, 286.9), (458.6, 321.0), (493.2, 387.9), (528.5, 403.8), (558.7, 370.5), (588.1, 399.9), (615.2, 395.4), (649.1, 374.8), (688.7, 379.3), (727.3, 418.2), (760.8, 378.5), (799.3, 377.6), (836.2, 420.0), (866.9, 378.5), (894.6, 324.9), (929.1, 292.5), (968.6, 283.2), (1008.6, 304.0), (1048.6, 360.4), (1086.1, 432.0), (1118.0, 363.1), (1153.4, 314.6), (1191.3, 288.0), (1231.3, 285.1), (1271.3, 314.8), (1311.0, 378.8), (1348.6, 395.0), (1387.6, 371.6), (1422.3, 372.4), (1452.8, 406.9), (1455.9, 395.0), (1457.0, 336.3), (1458.9, 298.4), (1468.4, 283.4), (1485.9, 295.5), (1511.7, 325.4), (1548.2, 259.1), (1587.7, 213.2), (1627.3, 189.4), (1667.3, 190.0), (1707.3, 224.1), (1747.1, 291.0), (1783.5, 364.4), (1808.1, 432.0), (1806.9, 363.1), (1807.1, 314.6), (1812.6, 288.0), (1826.1, 285.1), (1847.6, 314.8), (1878.9, 289.7), (1918.0, 233.6), (1957.3, 198.4), (1997.2, 186.2), (2037.2, 202.6), (2077.2, 254.5), (2117.2, 327.7), (2155.8, 401.0), (2188.9, 395.0), (2224.3, 336.3), (2258.1, 298.4), (2292.8, 283.4), (2327.1, 295.5), (2358.1, 343.0), (2394.5, 415.4), (2430.6, 378.5), (2470.6, 377.6), (2509.1, 420.0), (2543.5, 378.5), (2582.8, 324.9), (2622.8, 292.5), (2662.8, 283.2), (2702.8, 304.0), (2742.8, 360.4), (2781.7, 432.0), (2817.0, 363.1), (2856.9, 314.6), (2896.7, 288.0), (2936.7, 285.1), (2976.7, 314.8), (3016.5, 378.8), (3054.1, 412.9), (3088.0, 349.1), (3088.7, 305.8), (3088.7, 285.0), (3089.4, 289.2), (3090.2, 267.2), (3097.7, 208.8), (3113.2, 171.2), (3136.7, 156.4), (3168.2, 168.9), (3206.7, 216.7), (3244.5, 289.2), (3280.1, 362.5), (3283.5, 432.0), (3289.7, 368.0), (3303.8, 384.9), (3323.9, 432.0), (3340.4, 368.0), (3363.2, 384.9), (3387.1, 432.0), (3405.8, 368.0), (3429.2, 384.9), (3450.2, 432.0), (3469.9, 363.1), (3472.7, 314.6), (3473.5, 288.0), (3481.0, 285.1), (3495.5, 284.9), (3513.9, 221.2), (3535.9, 177.9), (3562.2, 157.0), (3596.5, 161.2), (3636.3, 199.8), (3676.3, 269.1), (3715.2, 267.0), (3754.9, 208.3), (3760.0, 170.4), (3760.1, 155.4), (3760.7, 167.5), (3760.8, 215.0), (3763.5, 287.4), (3775.0, 360.8), (3791.6, 432.0), (3804.9, 363.1), (3825.6, 314.6), (3854.3, 288.0), (3891.0, 285.1), (3931.0, 314.8), (3971.0, 378.8), (4009.8, 412.9), (4049.4, 369.1), (4089.2, 394.4), (4125.0, 412.9), (4154.6, 349.1), (4179.8, 305.8), (4200.5, 285.0), (4216.8, 289.2), (4228.6, 327.8), (4235.2, 339.8), (4236.1, 278.6), (4240.6, 237.9), (4253.1, 220.0), (4273.6, 228.1), (4300.9, 271.1), (4324.6, 267.0), (4349.6, 208.3), (4382.7, 170.4), (4422.1, 155.4), (4462.1, 167.5), (4502.1, 215.0), (4541.9, 287.4), (4578.3, 360.8), (4610.2, 432.0), (4635.4, 363.1), (4656.1, 314.6), (4672.4, 288.0), (4684.2, 285.1), (4691.6, 314.8), (4694.3, 289.8), (4702.1, 233.8), (4718.0, 198.8), (4741.8, 186.8), (4773.6, 203.4), (4812.5, 255.4), (4848.0, 328.6), (4848.1, 402.0), (4848.1, 475.3), (4848.1, 548.6), (4848.1, 622.0), (4848.1, 695.3)]",0,0,24.05
experienced,mario,Mario1-1,Success,1,0,208.85,0.785,"[(112.0, 432.0), (113.9, 371.3), (123.4, 320.5), (140.9, 291.3), (166.4, 285.4), (199.9, 310.9), (239.5, 371.6), (277.3, 422.3), (312.6, 356.0), (352.6, 310.0), (392.6, 286.3), (431.1, 286.9), (465.3, 321.0), (500.5, 387.9), (538.5, 403.8), (574.8, 342.6), (614.0, 301.9), (649.3, 284.0), (680.1, 292.1), (706.2, 258.6), (737.5, 246.7), (776.0, 284.7), (811.5, 258.6), (842.8, 202.4), (876.7, 167.3), (915.3, 155.1), (955.3, 171.5), (995.3, 223.4), (1035.3, 296.6), (1075.3, 369.9), (1113.0, 422.3), (1145.5, 356.0), (1181.4, 310.0), (1221.4, 286.3), (1261.4, 286.9), (1301.4, 321.0), (1341.0, 387.9), (1376.8, 390.8), (1408.2, 370.3), (1435.2, 374.8), (1456.0, 413.7), (1456.0, 386.6), (1456.2, 330.6), (1460.7, 295.5), (1473.2, 283.4), (1493.7, 299.9), (1522.9, 316.4), (1561.7, 252.6), (1601.7, 209.3), (1641.7, 188.5), (1681.7, 192.7), (1721.7, 231.3), (1761.3, 300.6), (1797.1, 374.0), (1807.5, 422.3), (1806.4, 356.0), (1807.6, 310.0), (1816.1, 286.3), (1832.6, 286.9), (1857.1, 321.0), (1891.9, 281.6), (1931.9, 228.0), (1971.9, 195.6), (2011.9, 186.3), (2051.9, 207.2), (2091.9, 263.5), (2131.9, 336.9), (2170.8, 410.2), (2204.7, 386.6), (2242.2, 330.4), (2256.0, 295.3), (2260.5, 283.1), (2273.0, 299.5), (2288.2, 242.7), (2302.5, 191.6), (2324.2, 162.1), (2353.9, 155.9), (2391.4, 181.2), (2431.4, 241.6), (2471.1, 294.3), (2510.7, 240.3), (2550.7, 261.3), (2590.7, 317.0), (2630.7, 390.3), (2667.4, 403.8), (2698.7, 342.6), (2735.1, 301.9), (2775.1, 284.0), (2815.1, 292.1), (2855.1, 335.1), (2895.1, 406.3), (2935.1, 383.5), (2975.1, 368.8), (3015.0, 381.2), (3053.5, 429.0), (3088.6, 370.6), (3128.4, 381.0), (3167.3, 414.3), (3202.2, 382.2), (3240.6, 373.2), (3280.1, 394.3), (3318.0, 412.9), (3352.2, 369.1), (3388.5, 394.4), (3424.9, 412.9), (3456.2, 349.1), (3472.0, 305.8), (3473.9, 285.0), (3483.4, 289.2), (3498.9, 267.1), (3518.2, 208.4), (3543.2, 170.5), (3576.1, 155.4), (3615.5, 167.5), (3655.5, 215.0), (3695.5, 287.5), (3734.5, 250.5), (3760.0, 196.9), (3760.0, 164.5), (3763.5, 155.2), (3769.6, 176.0), (3774.3, 107.3), (3787.0, 58.9), (3807.7, 32.4), (3836.4, 29.6), (3873.1, 59.4), (3912.7, 123.4), (3948.6, 196.8), (3986.6, 270.1), (4016.0, 343.4), (4020.5, 416.8), (4030.1, 378.5), (4046.7, 377.6), (4070.7, 420.0), (4091.5, 378.5), (4110.1, 377.6), (4124.5, 420.0), (4132.7, 378.5), (4137.8, 324.9), (4144.3, 292.5), (4150.4, 283.2), (4156.0, 304.0), (4164.4, 360.4), (4168.6, 432.0), (4168.2, 363.1), (4169.0, 314.6), (4172.4, 288.0), (4178.9, 285.1), (4188.6, 314.8), (4194.5, 378.8), (4195.5, 354.8), (4195.6, 298.9), (4200.2, 264.1), (4209.0, 252.2), (4225.8, 268.9), (4243.7, 321.1), (4257.3, 282.5), (4277.1, 228.9), (4304.9, 196.5), (4340.8, 187.2), (4380.8, 208.0), (4420.8, 264.4), (4460.8, 336.0), (4500.5, 267.1), (4540.0, 218.6), (4579.7, 192.0), (4619.7, 189.1), (4659.7, 218.8), (4699.5, 282.8), (4719.1, 316.9), (4720.6, 253.1), (4730.1, 209.8), (4747.6, 189.0), (4773.1, 193.2), (4806.6, 231.8), (4846.2, 301.1), (4885.2, 242.6), (4925.2, 191.6), (4965.2, 162.1), (5005.2, 155.9), (5045.2, 181.1), (5085.2, 241.6), (5125.2, 314.9), (5164.6, 348.9), (5204.3, 285.1), (5240.9, 241.8), (5280.1, 221.0), (5320.1, 225.2), (5360.1, 263.8), (5399.4, 275.8), (5439.1, 214.6), (5478.8, 173.9), (5518.8, 156.0), (5558.8, 164.1), (5598.8, 207.1), (5638.7, 278.3), (5675.6, 351.6), (5706.4, 314.5), (5732.1, 260.9), (5753.4, 228.5), (5770.2, 219.2), (5782.6, 240.0), (5790.6, 296.4), (5792.1, 242.6), (5792.5, 191.6), (5799.0, 162.1), (5812.0, 155.9), (5830.6, 181.1), (5847.8, 240.0), (5858.9, 171.1), (5875.1, 122.6), (5899.3, 96.0), (5931.4, 93.1), (5970.5, 122.8), (6010.5, 186.8), (6050.5, 260.1), (6090.5, 333.4), (6130.3, 406.8), (6167.2, 386.6), (6207.1, 330.4)]",0,0,29.27
experienced,mario,Mario1-1,Pit,1,0,213.13,0.55,"[(112.0, 432.0), (113.9, 371.3), (123.4, 320.5), (140.9, 291.3), (166.4, 285.4), (199.9, 310.9), (239.5, 371.6), (276.7, 422.3), (311.5, 356.0), (351.4, 310.0), (391.4, 286.3), (429.9, 286.9), (464.1, 321.0), (497.1, 387.9), (533.4, 403.8), (567.5, 370.5), (600.2, 399.9), (631.4, 395.4), (669.6, 374.8), (709.6, 379.3), (748.1, 418.2), (781.1, 378.5), (818.0, 377.6), (853.4, 420.0), (880.0, 378.5), (881.2, 324.9), (889.8, 292.5), (906.2, 283.2), (930.8, 304.0), (963.2, 360.4), (998.8, 306.6), (1038.5, 255.6), (1078.5, 226.1), (1118.5, 219.9), (1158.5, 245.1), (1198.5, 305.6), (1238.0, 358.3), (1277.4, 292.0), (1314.3, 246.0), (1350.9, 222.3), (1390.9, 222.9), (1430.9, 257.0), (1470.9, 323.9), (1508.0, 282.5), (1548.0, 228.9), (1588.0, 196.5), (1628.0, 187.2), (1668.0, 208.0), (1707.9, 264.4), (1744.9, 337.8), (1777.4, 411.1), (1805.4, 388.4), (1808.7, 373.6), (1808.8, 386.0), (1808.8, 432.0), (1808.0, 363.2), (1808.4, 314.8), (1814.9, 288.2), (1829.4, 285.4), (1851.9, 315.2), (1884.2, 290.1), (1923.9, 234.0), (1963.9, 198.8), (2003.9, 186.6), (2043.9, 203.0), (2083.9, 255.0), (2123.9, 328.1), (2163.1, 401.5), (2197.4, 395.0), (2233.9, 336.3), (2256.0, 298.4), (2259.5, 283.4), (2271.0, 295.5), (2286.4, 250.5), (2299.5, 196.9), (2318.7, 164.5), (2345.9, 155.3), (2381.0, 176.1), (2421.0, 232.5), (2461.0, 304.0), (2500.3, 240.0), (2540.3, 256.9), (2580.3, 308.1), (2620.3, 381.2), (2657.8, 412.9), (2689.0, 349.1), (2722.9, 305.8), (2762.6, 285.0), (2802.6, 289.2), (2842.6, 327.8), (2882.6, 397.1), (2922.6, 387.0), (2962.6, 369.3), (3002.4, 377.7), (3040.1, 421.0), (3073.0, 378.5), (3088.7, 324.9), (3088.7, 292.5), (3089.8, 283.2), (3090.9, 304.0), (3094.4, 235.5), (3105.9, 187.3), (3125.4, 160.9), (3152.9, 158.3), (3188.4, 188.3), (3227.4, 252.5), (3263.5, 325.8), (3280.8, 399.2), (3285.7, 395.0), (3295.8, 372.3), (3313.8, 406.1), (3331.9, 395.0), (3352.7, 372.3), (3379.6, 406.1), (3403.6, 395.0), (3425.3, 372.3), (3450.0, 406.1), (3470.4, 395.0), (3495.6, 372.3), (3526.0, 406.1), (3551.3, 395.0), (3576.5, 336.3), (3609.5, 298.4), (3642.1, 283.4), (3670.2, 295.5), (3694.2, 250.5), (3724.1, 196.9), (3753.8, 164.5), (3778.9, 155.3), (3799.6, 176.1), (3819.0, 107.2), (3846.4, 58.7), (3881.8, 32.1), (3921.8, 29.2), (3961.8, 58.9), (4001.8, 122.8), (4038.7, 156.9), (4073.5, 93.1), (4111.9, 49.8), (4150.8, 29.0), (4190.8, 33.2), (4230.8, 71.8), (4270.8, 141.1), (4310.8, 214.4), (4350.8, 287.8), (4368.1, 361.1), (4368.1, 434.4), (4368.1, 507.8), (4368.1, 581.1), (4368.1, 654.4), (4368.1, 727.8)]",0,0,20.0
experienced,mario,Mario1-1,Success,1,0,185.35,0.789,"[(112.0, 432.0), (113.9, 371.3), (123.4, 320.5), (140.9, 291.3), (166.4, 285.4), (199.9, 310.9), (239.5, 371.6), (276.7, 422.3), (311.5, 356.0), (351.4, 310.0), (391.4, 286.3), (429.9, 286.9), (464.1, 321.0), (498.3, 387.9), (536.0, 403.8), (572.1, 370.5), (609.4, 399.9), (641.9, 403.8), (678.1, 370.5), (717.9, 399.9), (753.4, 403.8), (790.0, 370.5), (828.6, 399.9), (861.8, 403.8), (889.4, 342.6), (920.9, 301.9), (959.7, 284.0), (999.7, 292.1), (1039.7, 335.1), (1079.0, 406.3), (1112.8, 386.6), (1146.8, 330.4), (1186.3, 295.3), (1226.3, 283.1), (1266.3, 299.5), (1306.3, 351.4), (1344.4, 409.8), (1381.5, 377.7), (1416.9, 368.7), (1447.8, 389.8), (1455.5, 422.3), (1454.8, 356.0), (1456.0, 310.0), (1464.5, 286.3), (1481.0, 286.9), (1505.5, 321.0), (1540.2, 281.6), (1580.2, 228.0), (1620.2, 195.6), (1660.2, 186.3), (1700.2, 207.2), (1740.2, 263.5), (1778.3, 336.9), (1808.0, 410.2), (1808.7, 386.6), (1808.0, 330.6), (1812.5, 295.5), (1825.0, 283.4), (1845.5, 299.9), (1874.8, 316.4), (1913.5, 252.6), (1953.5, 209.3), (1993.5, 188.5), (2033.5, 192.7), (2073.5, 231.3), (2113.5, 300.6), (2153.4, 374.0), (2190.1, 422.3), (2224.3, 356.0), (2256.0, 310.0), (2257.2, 286.3), (2265.8, 286.9), (2280.8, 275.8), (2294.4, 214.6), (2310.6, 174.0), (2334.7, 156.0), (2366.9, 164.1), (2406.0, 207.2), (2446.0, 278.3), (2485.3, 258.6), (2525.3, 246.7), (2565.3, 284.7), (2605.3, 353.7), (2644.6, 427.0), (2677.8, 370.6), (2709.2, 319.6), (2747.6, 290.1), (2787.6, 283.9), (2827.6, 309.1), (2867.6, 369.6), (2907.6, 399.6), (2947.6, 373.3), (2987.6, 370.6), (3026.4, 400.6), (3060.7, 403.8), (3088.1, 342.6), (3088.7, 301.9), (3089.4, 284.0), (3093.4, 292.1), (3095.2, 258.8), (3103.7, 203.0), (3120.2, 168.1), (3144.7, 156.2), (3177.2, 172.9), (3216.3, 225.1), (3254.0, 298.3), (3280.1, 371.7), (3285.1, 422.3), (3293.2, 368.3), (3309.2, 389.3), (3330.1, 422.3), (3348.0, 356.0), (3369.2, 310.0), (3387.8, 286.3), (3406.6, 286.9), (3420.0, 275.8), (3431.6, 242.5), (3450.9, 271.9), (3472.0, 335.3), (3475.5, 408.7), (3482.6, 386.6), (3495.1, 374.7), (3512.7, 412.7), (3525.2, 386.6), (3540.7, 374.7), (3558.7, 412.7), (3571.5, 386.6), (3588.4, 330.4), (3612.8, 295.3), (3635.6, 283.1), (3654.0, 299.5), (3664.1, 351.4), (3669.6, 424.6), (3679.7, 370.6), (3697.3, 381.0), (3721.8, 427.8), (3745.8, 370.6), (3777.3, 381.0), (3811.3, 427.8), (3840.8, 370.6), (3876.9, 319.6), (3916.9, 290.1), (3955.6, 283.9), (3995.3, 309.1), (4016.8, 369.6), (4023.8, 422.3), (4035.4, 368.3), (4055.0, 389.3), (4079.4, 422.3), (4098.5, 368.3), (4114.1, 389.3), (4125.0, 422.3), (4129.3, 356.0), (4134.2, 310.0), (4137.4, 286.3), (4138.8, 286.9), (4143.3, 321.0), (4151.7, 387.9), (4155.0, 403.9), (4155.0, 342.8), (4159.3, 302.3), (4165.8, 284.5), (4170.2, 292.7), (4173.0, 335.9), (4173.0, 407.1), (4171.8, 386.6), (4171.8, 330.4), (4172.6, 295.3), (4176.2, 283.1), (4182.9, 299.5), (4188.0, 351.4), (4189.0, 381.0), (4189.0, 317.5), (4190.9, 274.5), (4196.7, 253.9), (4201.2, 258.4), (4205.5, 297.3), (4206.0, 366.8), (4204.8, 363.0), (4204.8, 304.3), (4205.0, 266.4), (4209.5, 251.4), (4222.0, 263.5), (4238.4, 311.0), (4250.3, 290.6), (4267.3, 234.4), (4292.4, 199.3), (4325.4, 187.1), (4364.9, 203.5), (4404.9, 255.4), (4444.9, 328.6), (4484.8, 274.6), (4524.4, 223.6), (4564.2, 194.1), (4604.2, 187.9), (4644.2, 213.1), (4683.9, 273.6), (4720.0, 326.3), (4722.6, 260.0), (4733.1, 214.0), (4751.6, 190.3), (4778.1, 190.9), (4812.6, 225.0), (4852.5, 291.9), (4891.5, 250.5), (4931.5, 196.9), (4971.5, 164.5), (5011.5, 155.2), (5051.5, 176.0), (5091.5, 232.4), (5131.5, 305.8), (5171.1, 358.3), (5210.7, 292.0), (5248.2, 246.0), (5288.1, 222.3), (5328.1, 222.9), (5368.1, 257.0), (5407.1, 284.9), (5444.1, 221.1), (5480.7, 177.8), (5520.3, 157.0), (5560.3, 161.2), (5600.3, 199.8), (5640.3, 269.1), (5677.8, 342.4), (5709.4, 322.6), (5735.7, 266.4), (5757.5, 231.3), (5774.9, 219.1), (5787.9, 235.5), (5796.4, 287.4), (5798.7, 250.5), (5798.7, 196.9), (5802.2, 164.5), (5812.7, 155.2), (5830.1, 176.0), (5845.9, 232.4), (5855.5, 178.6), (5868.6, 127.6), (5889.8, 98.1), (5919.0, 91.9), (5956.0, 117.1), (5996.0, 176.0), (6034.5, 107.1), (6074.5, 58.6), (6114.5, 32.0), (6154.5, 29.1), (6194.5, 58.8), (6234.4, 122.8)]",0,0,33.17
experienced,mario,Mario1-1,Success,1,0,208.94,0.789,"[(112.0, 432.0), (113.9, 371.3), (123.4, 320.5), (140.9, 291.3), (166.4, 285.4), (199.9, 310.9), (239.5, 371.6), (277.3, 422.3), (312.6, 356.0), (352.6, 310.0), (392.6, 286.3), (431.1, 286.9), (465.3, 321.0), (500.5, 387.9), (538.5, 403.8), (575.0, 342.6), (614.3, 301.9), (649.6, 284.0), (680.4, 292.1), (706.5, 258.6), (737.8, 246.7), (776.4, 284.7), (813.0, 258.6), (846.4, 202.4), (882.4, 167.3), (922.0, 155.1), (962.0, 171.5), (1002.0, 223.4), (1042.0, 296.6), (1082.0, 369.9), (1119.2, 422.3), (1150.9, 356.0), (1183.2, 310.0), (1222.1, 286.3), (1262.1, 286.9), (1302.1, 321.0), (1341.6, 387.9), (1377.5, 390.8), (1408.9, 370.3), (1435.8, 374.8), (1456.0, 413.7), (1456.0, 386.6), (1456.2, 330.6), (1459.7, 295.5), (1471.2, 283.4), (1490.7, 299.9), (1518.9, 316.4), (1557.1, 252.6), (1597.1, 209.3), (1637.1, 188.5), (1677.1, 192.7), (1717.1, 231.3), (1756.6, 300.6), (1792.5, 374.0), (1808.1, 422.3), (1807.7, 356.0), (1808.5, 310.0), (1816.0, 286.3), (1831.5, 286.9), (1855.0, 321.0), (1888.7, 281.6), (1928.6, 228.0), (1968.6, 195.6), (2008.6, 186.3), (2048.6, 207.2), (2088.6, 263.5), (2128.6, 336.9), (2167.6, 410.2), (2201.4, 386.6), (2238.9, 330.4), (2256.0, 295.3), (2260.5, 283.1), (2273.0, 299.5), (2288.2, 242.7), (2302.5, 191.6), (2324.2, 162.1), (2353.9, 155.9), (2391.4, 181.2), (2431.4, 241.6), (2471.1, 294.3), (2510.7, 240.3), (2550.7, 261.3), (2590.7, 317.0), (2630.7, 390.3), (2667.4, 403.8), (2698.7, 342.6), (2735.1, 301.9), (2775.1, 284.0), (2815.1, 292.1), (2855.1, 335.1), (2895.1, 406.3), (2934.8, 383.5), (2974.8, 368.8), (3014.6, 381.2), (3053.2, 429.0), (3087.2, 370.6), (3126.5, 381.0), (3165.5, 414.3), (3200.4, 382.2), (3238.7, 373.2), (3278.2, 394.3), (3316.2, 412.9), (3350.9, 369.1), (3390.0, 394.4), (3426.9, 412.9), (3459.6, 349.1), (3472.0, 305.8), (3473.9, 285.0), (3483.4, 289.2), (3498.9, 267.1), (3518.2, 208.4), (3543.2, 170.5), (3576.1, 155.4), (3615.5, 167.5), (3655.5, 215.0), (3695.5, 287.5), (3734.5, 250.5), (3760.0, 196.9), (3760.0, 164.5), (3762.3, 155.2), (3766.8, 176.0), (3770.3, 107.5), (3781.8, 59.3), (3801.3, 32.9), (3828.8, 30.3), (3864.3, 60.3), (3903.6, 124.5), (3939.1, 197.8), (3977.8, 271.2), (4016.3, 344.5), (4019.5, 417.8), (4028.1, 378.5), (4043.7, 377.6), (4067.1, 420.0), (4088.4, 378.5), (4106.2, 377.6), (4119.6, 420.0), (4126.8, 378.5), (4130.9, 324.9), (4136.4, 292.5), (4140.0, 283.2), (4145.4, 304.0), (4155.8, 360.4), (4163.8, 432.0), (4165.1, 363.1), (4166.9, 314.6), (4171.4, 288.0), (4177.8, 285.1), (4187.2, 314.8), (4193.4, 378.8), (4194.7, 354.8), (4194.8, 298.9), (4199.7, 264.1), (4210.1, 252.2), (4228.5, 268.9), (4247.9, 321.1), (4261.3, 282.5), (4277.6, 228.9), (4300.7, 196.5), (4331.9, 187.2), (4370.5, 208.0), (4410.5, 264.4), (4450.5, 336.0), (4490.2, 267.1), (4530.0, 218.6), (4569.8, 192.0), (4609.8, 189.1), (4649.8, 218.8), (4689.4, 282.8), (4720.0, 316.9), (4722.6, 253.1), (4733.1, 209.8), (4751.6, 189.0), (4778.1, 193.2), (4812.6, 231.8), (4852.5, 301.1), (4891.5, 242.6), (4931.5, 191.6), (4971.5, 162.1), (5011.5, 155.9), (5051.5, 181.1), (5091.5, 241.6), (5131.5, 314.9), (5170.9, 348.9), (5210.5, 285.1), (5248.1, 241.8), (5288.1, 221.0), (5328.1, 225.2), (5368.1, 263.8), (5407.4, 275.8), (5446.7, 214.6), (5486.0, 173.9), (5526.0, 156.0), (5566.0, 164.1), (5606.0, 207.1), (5645.7, 278.3), (5682.6, 351.6), (5713.2, 314.5), (5738.8, 260.9), (5760.0, 228.5), (5776.7, 219.2), (5789.0, 240.0), (5796.8, 296.4), (5797.6, 242.8), (5798.0, 191.9), (5804.5, 162.5), (5819.0, 156.5), (5837.4, 181.9), (5851.6, 240.0), (5859.6, 171.1), (5872.6, 122.6), (5893.7, 96.0), (5922.7, 93.1), (5959.7, 122.8), (5999.2, 166.3), (6038.2, 100.0), (6078.2, 54.0), (6118.2, 30.3), (6158.2, 30.9), (6198.2, 65.0), (6238.1, 131.9)]",0,0,29.42
experienced,mario,Mario1-1,Success,1,0,216.16,0.789,"[(112.0, 432.0), (113.9, 371.3), (123.4, 320.5), (140.9, 291.3), (166.4, 285.4), (199.9, 310.9), (239.5, 371.6), (276.7, 422.3), (311.5, 356.0), (351.4, 310.0), (391.4, 286.3), (429.9, 286.9), (464.1, 321.0), (498.3, 387.9), (536.0, 403.8), (572.1, 370.5), (609.8, 399.9), (643.9, 403.8), (681.4, 370.5), (721.4, 399.9), (757.4, 403.8), (794.5, 370.5), (832.6, 399.9), (865.3, 403.8), (880.1, 342.6), (885.6, 301.9), (899.1, 284.0), (920.6, 292.1), (950.1, 335.1), (985.7, 331.0), (1025.3, 272.3), (1065.1, 234.4), (1105.1, 219.4), (1145.1, 231.5), (1185.1, 279.0), (1225.1, 351.4), (1264.1, 314.5), (1303.0, 260.9), (1338.9, 228.5), (1378.7, 219.2), (1418.7, 240.0), (1458.7, 296.4), (1497.3, 307.8), (1537.2, 246.6), (1577.2, 205.9), (1617.2, 188.0), (1657.2, 196.1), (1697.2, 239.1), (1735.7, 310.3), (1769.9, 383.6), (1800.8, 399.9), (1808.2, 376.4), (1808.2, 377.3), (1808.4, 411.7), (1806.8, 386.6), (1806.9, 330.4), (1810.4, 295.3), (1821.9, 283.1), (1841.4, 299.5), (1869.7, 316.0), (1907.8, 252.2), (1947.8, 208.9), (1987.8, 188.1), (2027.8, 192.3), (2067.8, 230.9), (2107.8, 300.2), (2147.7, 373.5), (2184.4, 422.3), (2218.6, 356.0), (2255.2, 310.0), (2257.2, 286.3), (2265.8, 286.9), (2280.8, 275.8), (2294.6, 214.6), (2312.3, 174.0), (2338.0, 156.0), (2371.8, 164.1), (2411.4, 207.2), (2451.4, 278.3), (2490.7, 258.6), (2530.7, 246.7), (2570.7, 284.7), (2610.7, 353.7), (2650.0, 427.0), (2683.3, 370.6), (2714.7, 319.6), (2753.0, 290.1), (2793.0, 283.9), (2833.0, 309.1), (2873.0, 369.6), (2913.0, 399.6), (2952.8, 373.3), (2992.8, 370.6), (3032.2, 400.6), (3067.1, 403.8), (3088.4, 342.6), (3088.0, 301.9), (3088.0, 284.0), (3088.0, 292.1), (3088.0, 335.1), (3091.5, 406.3), (3100.5, 383.5), (3116.9, 368.8), (3141.3, 381.2), (3169.6, 402.8), (3196.9, 373.5), (3231.3, 367.6), (3270.8, 393.2), (3308.3, 412.9), (3345.0, 369.1), (3383.3, 394.4), (3417.3, 412.9), (3446.7, 369.1), (3479.2, 394.4), (3511.6, 412.9), (3539.1, 369.1), (3564.0, 394.4), (3583.8, 412.9), (3602.8, 349.1), (3629.3, 305.8), (3654.2, 285.0), (3674.7, 289.2), (3690.2, 267.1), (3708.8, 208.4), (3725.0, 170.5), (3737.2, 155.4), (3744.9, 167.5), (3748.4, 215.0), (3755.8, 287.5), (3768.3, 250.5), (3787.8, 249.6), (3815.3, 292.0), (3850.8, 362.8), (3887.3, 432.0), (3922.4, 363.1), (3962.4, 314.6), (4002.3, 288.0), (4042.3, 285.1), (4081.7, 284.9), (4121.5, 241.1), (4158.4, 266.4), (4190.9, 326.2), (4208.0, 399.5), (4206.8, 330.7), (4206.8, 282.1), (4208.6, 255.5), (4218.1, 252.6), (4235.4, 282.3), (4252.1, 326.3), (4264.2, 260.0), (4283.1, 214.0), (4310.1, 190.3), (4345.0, 190.9), (4385.0, 225.0), (4425.0, 291.9), (4465.0, 307.8), (4504.7, 246.6), (4544.4, 205.9), (4584.3, 188.0), (4624.3, 196.1), (4664.3, 239.1), (4702.8, 310.3), (4720.1, 290.6), (4725.6, 234.4), (4739.1, 199.3), (4760.6, 187.1), (4790.1, 203.5), (4827.5, 255.4), (4866.7, 284.9), (4906.5, 221.1), (4946.5, 177.8), (4986.5, 157.0), (5026.5, 161.2), (5066.5, 199.8), (5106.5, 269.1), (5146.5, 342.4), (5185.7, 322.6), (5224.7, 266.4), (5262.3, 231.3), (5302.3, 219.1), (5342.3, 235.5), (5382.3, 287.4), (5421.4, 250.5), (5458.9, 196.9), (5497.4, 164.5), (5537.4, 155.2), (5577.4, 176.0), (5617.4, 232.4), (5656.6, 305.8), (5691.6, 358.3), (5720.1, 292.0), (5744.1, 246.0), (5763.7, 222.3), (5778.9, 222.9), (5789.6, 257.0), (5795.3, 284.9), (5795.7, 221.1), (5797.5, 177.8), (5806.8, 157.0), (5821.2, 161.2), (5838.2, 199.8), (5849.8, 211.8), (5858.4, 150.6), (5874.5, 109.9), (5898.6, 92.0), (5930.6, 100.1), (5969.6, 143.1), (6008.2, 139.0), (6048.1, 80.3), (6088.1, 42.4), (6128.1, 27.4), (6168.1, 39.5), (6208.1, 87.0), (6248.0, 159.4)]",0,0,28.43
experienced,mario,Mario1-1,Success,1,0,183.97,0.788,"[(112.0, 432.0), (113.9, 371.3), (123.4, 320.5), (140.9, 291.3), (166.4, 285.4), (199.9, 310.9), (239.5, 371.6), (276.7, 422.3), (311.5, 356.0), (351.4, 310.0), (391.4, 286.3), (429.9, 286.9), (464.1, 321.0), (498.3, 387.9), (536.0, 403.8), (572.1, 370.5), (609.8, 399.9), (643.9, 403.8), (681.4, 370.5), (721.4, 399.9), (757.4, 403.8), (794.5, 370.5), (832.6, 399.9), (865.3, 403.8), (880.1, 342.6), (885.6, 301.9), (899.1, 284.0), (920.6, 292.1), (950.1, 335.1), (985.7, 331.0), (1025.3, 272.3), (1065.3, 234.4), (1105.3, 219.4), (1145.3, 231.5), (1185.3, 279.0), (1225.3, 351.4), (1264.2, 314.5), (1303.2, 260.9), (1339.8, 228.5), (1379.8, 219.2), (1419.8, 240.0), (1459.8, 296.4), (1498.5, 307.8), (1538.4, 246.6), (1578.4, 205.9), (1618.4, 188.0), (1658.4, 196.1), (1698.4, 239.1), (1736.9, 310.3), (1771.1, 383.6), (1802.0, 399.9), (1808.2, 376.4), (1808.2, 377.3), (1808.4, 411.7), (1806.8, 386.6), (1806.9, 330.4), (1810.4, 295.3), (1821.9, 283.1), (1841.4, 299.5), (1869.7, 316.0), (1907.8, 252.2), (1947.8, 208.9), (1987.8, 188.1), (2027.8, 192.3), (2067.8, 230.9), (2107.8, 300.2), (2147.7, 373.5), (2184.4, 422.3), (2218.6, 356.0), (2255.2, 310.0), (2257.2, 286.3), (2265.8, 286.9), (2280.8, 275.8), (2294.6, 214.6), (2312.3, 174.0), (2338.0, 156.0), (2371.8, 164.1), (2411.4, 207.2), (2451.4, 278.3), (2490.7, 258.6), (2530.7, 246.7), (2570.7, 284.7), (2610.7, 353.7), (2650.0, 427.0), (2683.3, 370.6), (2715.9, 319.6), (2755.1, 290.1), (2795.1, 283.9), (2835.1, 309.1), (2875.1, 369.6), (2915.1, 399.6), (2954.8, 373.3), (2994.8, 370.6), (3034.4, 400.6), (3070.1, 403.8), (3108.0, 370.5), (3147.9, 399.9), (3184.9, 395.4), (3220.3, 374.8), (3260.0, 379.3), (3299.5, 418.2), (3334.3, 378.5), (3369.2, 377.6), (3407.2, 420.0), (3440.2, 378.5), (3472.0, 324.9), (3472.1, 292.5), (3477.6, 283.2), (3491.1, 304.0), (3508.5, 235.2), (3529.7, 186.7), (3558.6, 160.1), (3595.5, 157.1), (3635.5, 186.8), (3675.5, 250.8), (3714.7, 284.9), (3754.5, 221.1), (3759.9, 177.8), (3760.2, 157.0), (3764.2, 161.2), (3765.9, 139.2), (3773.4, 80.8), (3788.9, 43.2), (3812.4, 28.4), (3843.9, 40.9), (3882.7, 88.7), (3920.2, 161.2), (3956.1, 234.5), (3995.8, 307.8), (4016.8, 381.2), (4023.3, 412.9), (4034.9, 369.1), (4054.5, 394.4), (4078.6, 412.9), (4097.9, 369.1), (4113.5, 394.4), (4124.1, 412.9), (4128.5, 349.1), (4134.2, 305.8), (4137.5, 285.0), (4140.4, 289.2), (4145.5, 327.8), (4152.6, 397.1), (4154.4, 395.2), (4154.8, 336.8), (4160.7, 299.2), (4168.0, 284.4), (4173.8, 296.8), (4178.7, 344.6), (4179.4, 390.3), (4179.4, 324.3), (4180.7, 278.7), (4188.4, 255.2), (4194.8, 256.1), (4199.6, 290.5), (4200.5, 357.6), (4199.4, 371.8), (4199.3, 310.6), (4200.0, 269.9), (4203.1, 252.0), (4213.1, 260.1), (4225.4, 303.1), (4233.4, 368.0), (4233.8, 299.2), (4236.5, 250.7), (4247.0, 224.1), (4265.5, 221.3), (4292.0, 251.0), (4320.7, 294.3), (4345.9, 228.0), (4378.5, 182.0), (4417.8, 158.3), (4457.8, 158.9), (4497.8, 193.0), (4537.8, 259.9), (4575.3, 333.3), (4608.4, 406.6), (4624.0, 386.6), (4624.1, 330.4), (4626.8, 295.3), (4637.3, 283.1), (4653.9, 299.5), (4667.1, 351.4), (4674.2, 314.5), (4683.3, 260.9), (4700.3, 228.5), (4725.4, 219.2), (4758.4, 240.0), (4794.1, 296.4), (4824.3, 242.6), (4860.4, 191.6), (4900.4, 162.1), (4940.4, 155.9), (4980.4, 181.1), (5020.4, 241.6), (5060.4, 314.9), (5098.5, 388.3), (5103.8, 403.8), (5105.6, 342.6), (5113.5, 301.9), (5129.5, 284.0), (5153.4, 292.1), (5185.4, 335.1), (5223.6, 406.3), (5260.3, 386.6), (5300.2, 374.7), (5340.2, 412.7), (5377.6, 386.6), (5416.9, 374.7), (5452.2, 412.7), (5483.0, 388.1), (5511.5, 373.3), (5538.1, 385.7), (5560.3, 432.0), (5575.7, 363.1), (5590.7, 314.6), (5613.5, 288.0), (5643.8, 285.1), (5672.5, 314.8), (5696.5, 358.3), (5714.0, 292.0), (5727.4, 246.0), (5738.0, 222.3), (5747.0, 222.9), (5757.9, 257.0), (5764.3, 323.9), (5765.0, 282.5), (5765.1, 229.1), (5768.3, 196.8), (5777.1, 187.7), (5792.0, 208.6), (5803.6, 265.2), (5808.0, 275.8), (5808.0, 214.6), (5809.2, 173.9), (5817.8, 156.0), (5833.7, 164.1), (5848.1, 207.1), (5856.8, 203.0), (5864.1, 144.3), (5879.1, 106.4), (5902.2, 91.4), (5933.2, 103.5), (5971.7, 151.0), (6010.2, 130.6), (6050.2, 74.4), (6090.2, 39.3), (6130.2, 27.1), (6170.2, 43.5), (6210.2, 95.4), (6250.1, 168.6)]",0,0,33.35
experienced,mario,Mario1-1,Pit,1,0,195.49,0.55,"[(112.0, 432.0), (114.6, 371.3), (125.1, 320.5), (143.6, 291.3), (170.1, 285.4), (204.6, 310.9), (244.5, 371.6), (283.2, 422.3), (319.6, 356.0), (359.6, 310.0), (399.6, 286.3), (437.7, 286.9), (471.3, 321.0), (504.6, 387.9), (540.7, 403.8), (577.9, 342.6), (617.2, 301.9), (652.5, 284.0), (684.9, 292.1), (711.4, 258.6), (739.6, 246.7), (775.7, 284.7), (812.8, 258.6), (845.8, 202.4), (881.4, 167.3), (920.7, 155.1), (960.7, 171.5), (1000.7, 223.4), (1040.7, 296.6), (1080.7, 369.9), (1119.0, 422.3), (1152.0, 356.0), (1190.5, 310.0), (1230.5, 286.3), (1270.5, 286.9), (1310.5, 321.0), (1350.0, 387.9), (1387.4, 390.8), (1420.4, 370.3), (1448.9, 374.8), (1456.1, 413.7), (1454.8, 386.6), (1454.8, 330.4), (1459.2, 295.3), (1471.8, 283.1), (1492.2, 299.5), (1521.5, 316.0), (1560.2, 252.2), (1600.2, 208.9), (1640.2, 188.1), (1680.2, 192.3), (1720.2, 230.9), (1759.8, 300.2), (1795.7, 373.5), (1808.6, 422.3), (1808.0, 356.1), (1809.2, 310.2), (1817.8, 286.6), (1834.2, 287.2), (1858.8, 321.4), (1893.5, 282.0), (1933.5, 228.4), (1973.5, 196.0), (2013.5, 186.7), (2053.5, 207.6), (2093.5, 264.0), (2133.5, 337.3), (2173.4, 410.6), (2210.1, 386.6), (2249.8, 330.4), (2256.0, 295.3), (2260.5, 283.1), (2273.0, 299.5), (2288.2, 242.7), (2302.5, 191.6), (2324.2, 162.1), (2353.9, 155.9), (2391.4, 181.2), (2431.4, 241.6), (2471.1, 294.3), (2510.7, 240.3), (2550.7, 261.3), (2590.7, 317.0), (2630.7, 390.3), (2667.4, 403.8), (2698.7, 342.6), (2735.1, 301.9), (2775.1, 284.0), (2815.1, 292.1), (2855.1, 335.1), (2895.1, 406.3), (2935.1, 383.5), (2975.1, 368.8), (3015.1, 381.2), (3054.6, 429.0), (3091.3, 370.6), (3131.3, 381.0), (3170.7, 414.3), (3208.7, 382.2), (3248.7, 373.2), (3288.7, 394.3), (3327.1, 412.9), (3364.7, 349.1), (3376.0, 305.8), (3377.9, 285.0), (3387.2, 289.2), (3398.5, 267.1), (3410.7, 244.3), (3430.8, 278.1), (3451.1, 344.5), (3476.5, 417.8), (3503.9, 378.5), (3536.7, 377.6), (3575.7, 420.0), (3610.9, 378.5), (3650.3, 324.9), (3664.0, 292.5), (3665.2, 283.2), (3671.8, 304.0), (3678.2, 235.2), (3692.6, 186.7), (3712.1, 160.1), (3727.7, 157.1), (3738.8, 186.8), (3748.5, 250.8), (3765.5, 324.1), (3790.6, 397.5), (3817.6, 395.0), (3848.6, 336.3), (3887.0, 298.4), (3926.9, 283.4), (3965.0, 295.5), (4004.8, 343.0), (4017.9, 415.4), (4024.5, 378.5), (4038.1, 377.6), (4059.7, 420.0), (4080.7, 378.5), (4101.0, 377.6), (4117.1, 420.0), (4127.0, 378.5), (4133.7, 324.9), (4141.9, 292.5), (4146.8, 283.2), (4154.0, 304.0), (4166.4, 360.4), (4175.4, 432.0), (4176.4, 363.1), (4177.3, 314.6), (4184.2, 288.0), (4199.2, 285.1), (4216.1, 314.8), (4230.4, 358.3), (4238.8, 292.0), (4249.2, 246.0), (4267.6, 222.3), (4294.0, 222.9), (4328.4, 257.0), (4367.5, 323.9), (4368.1, 397.3), (4368.1, 470.6), (4368.1, 543.9), (4368.1, 617.3), (4368.1, 690.6)]",0,0,21.8
experienced,mario,Mario1-1,Pit,1,0,234.63,0.55,"[(112.0, 432.0), (114.6, 371.3), (125.1, 320.5), (143.6, 291.3), (170.1, 285.4), (204.6, 310.9), (244.5, 371.6), (282.8, 422.3), (318.7, 356.0), (358.7, 310.0), (398.7, 286.3), (436.7, 286.9), (470.3, 321.0), (503.6, 387.9), (539.7, 403.8), (575.5, 342.6), (614.8, 301.9), (650.1, 284.0), (680.9, 292.1), (707.0, 258.6), (738.3, 246.7), (776.9, 284.7), (814.3, 258.6), (853.4, 202.4), (893.3, 167.3), (933.3, 155.1), (973.3, 171.5), (1013.3, 223.4), (1053.3, 296.6), (1093.3, 369.9), (1131.6, 422.3), (1164.6, 356.0), (1203.1, 310.0), (1243.1, 286.3), (1283.1, 286.9), (1323.1, 321.0), (1362.7, 387.9), (1397.6, 403.8), (1428.4, 342.6), (1458.1, 301.9), (1494.6, 284.0), (1534.6, 292.1), (1574.6, 335.1), (1614.6, 406.3), (1651.2, 386.6), (1690.6, 330.4), (1729.1, 295.3), (1763.3, 283.1), (1798.5, 299.5), (1835.8, 316.0), (1874.5, 252.2), (1914.5, 208.9), (1954.5, 188.1), (1994.5, 192.3), (2034.5, 230.9), (2074.5, 300.2), (2114.5, 373.5), (2152.0, 417.6), (2186.3, 388.4), (2225.4, 382.5), (2265.4, 408.0), (2302.3, 395.0), (2340.2, 336.3), (2379.2, 298.4), (2413.9, 283.4), (2444.2, 295.5), (2471.2, 250.5), (2480.0, 196.9), (2480.8, 164.5), (2488.2, 155.3), (2499.7, 176.1), (2509.9, 107.2), (2528.2, 58.7), (2554.5, 32.1), (2588.8, 29.2), (2628.6, 58.9), (2668.6, 122.8), (2708.0, 156.9), (2743.6, 93.1), (2781.5, 49.8), (2821.5, 29.0), (2861.5, 33.2), (2901.5, 71.8), (2941.5, 141.1), (2981.5, 214.4), (3020.0, 287.8), (3057.1, 361.1), (3096.9, 432.0), (3135.7, 368.0), (3175.6, 384.9), (3212.5, 409.1), (3249.1, 379.8), (3289.1, 373.9), (3329.0, 399.5), (3365.7, 403.8), (3404.8, 370.5), (3443.4, 399.9), (3477.3, 403.8), (3514.6, 370.5), (3553.6, 399.9), (3587.4, 403.8), (3620.8, 342.6), (3659.7, 301.9), (3695.6, 284.0), (3735.0, 292.1), (3775.0, 258.6), (3815.0, 246.7), (3855.0, 284.7), (3895.0, 353.7), (3934.8, 427.0), (3973.0, 370.6), (4012.8, 319.6), (4019.5, 290.1), (4031.0, 283.9), (4049.0, 294.3), (4069.5, 240.3), (4098.0, 261.3), (4129.1, 317.0), (4155.7, 390.3), (4176.0, 403.8), (4176.0, 342.6), (4179.5, 301.9), (4191.0, 284.0), (4206.4, 292.1), (4221.1, 335.1), (4231.3, 331.0), (4240.0, 272.3), (4256.5, 234.4), (4281.0, 219.4), (4313.5, 231.5), (4352.7, 279.0), (4368.0, 351.4), (4368.0, 424.8), (4368.0, 498.1), (4368.0, 571.4), (4368.0, 644.8), (4368.0, 718.1)]",0,0,18.15
experienced,mario,Mario1-1,Success,1,0,207.39,0.785,"[(112.0, 432.0), (113.9, 371.3), (123.4, 320.5), (140.9, 291.3), (166.4, 285.4), (199.9, 310.9), (239.4, 371.6), (276.1, 422.3), (310.3, 356.0), (350.1, 310.0), (390.1, 286.3), (428.6, 286.9), (462.8, 321.0), (498.6, 387.9), (535.4, 403.8), (566.5, 370.5), (594.6, 399.9), (620.2, 395.4), (652.5, 374.8), (690.0, 379.3), (726.5, 418.2), (758.2, 378.5), (795.3, 377.6), (832.8, 420.0), (864.1, 378.5), (891.6, 324.9), (925.1, 292.5), (964.7, 283.2), (1004.7, 304.0), (1044.7, 360.4), (1082.2, 432.0), (1114.9, 363.1), (1151.4, 314.6), (1189.3, 288.0), (1229.3, 285.1), (1269.3, 314.8), (1309.1, 378.8), (1347.1, 395.0), (1386.0, 371.6), (1420.7, 372.4), (1451.2, 406.9), (1455.9, 395.0), (1457.0, 336.3), (1459.6, 298.4), (1470.1, 283.4), (1488.6, 295.5), (1515.5, 325.4), (1552.9, 259.1), (1592.9, 213.2), (1632.9, 189.4), (1672.9, 190.0), (1712.9, 224.1), (1752.7, 291.0), (1789.1, 364.4), (1808.8, 432.0), (1808.0, 363.2), (1808.4, 314.8), (1814.9, 288.2), (1829.4, 285.4), (1851.9, 315.2), (1884.2, 290.1), (1923.9, 234.0), (1963.9, 198.8), (2003.9, 186.6), (2043.9, 203.0), (2083.9, 255.0), (2123.9, 328.1), (2162.4, 401.5), (2195.4, 395.0), (2229.2, 336.3), (2256.0, 298.4), (2259.5, 283.4), (2271.0, 295.5), (2286.4, 250.5), (2300.3, 196.9), (2321.0, 164.5), (2349.8, 155.3), (2386.4, 176.1), (2426.4, 232.5), (2466.4, 304.0), (2505.7, 240.0), (2545.7, 256.9), (2585.7, 308.1), (2625.7, 381.2), (2663.2, 412.9), (2694.7, 349.1), (2730.1, 305.8), (2770.1, 285.0), (2810.1, 289.2), (2850.1, 327.8), (2890.1, 397.1), (2929.8, 387.0), (2967.3, 369.3), (3002.4, 377.7), (3034.4, 421.0), (3061.5, 378.5), (3088.0, 324.9), (3088.0, 292.5), (3088.0, 283.2), (3088.0, 304.0), (3088.4, 360.4), (3094.3, 404.5), (3107.2, 375.3), (3128.2, 369.4), (3156.5, 394.9), (3183.4, 389.1), (3208.5, 368.5), (3238.1, 373.0), (3271.6, 411.9), (3300.6, 386.6), (3334.8, 374.7), (3371.5, 412.7), (3402.3, 386.6), (3431.9, 374.7), (3457.6, 412.7), (3479.4, 386.6), (3507.1, 374.7), (3535.8, 412.7), (3558.7, 386.6), (3580.6, 330.4), (3609.4, 295.3), (3636.7, 283.1), (3659.5, 299.5), (3664.1, 351.4), (3669.6, 424.6), (3678.2, 370.6), (3694.2, 381.0), (3717.7, 427.8), (3740.5, 370.6), (3770.5, 381.0), (3801.4, 427.8), (3827.0, 370.6), (3858.4, 319.6), (3897.1, 290.1), (3936.4, 283.9), (3974.4, 309.1), (4013.9, 369.6), (4053.0, 422.3), (4090.9, 368.3), (4127.9, 389.3), (4160.1, 422.3), (4185.8, 356.0), (4207.1, 310.0), (4223.9, 286.3), (4236.3, 286.9), (4244.3, 321.0), (4247.9, 281.6), (4257.9, 228.0), (4275.8, 195.6), (4301.8, 186.3), (4335.7, 207.2), (4375.5, 263.5), (4414.8, 275.8), (4454.8, 214.6), (4494.8, 173.9), (4534.8, 156.0), (4574.8, 164.1), (4614.8, 207.1), (4653.7, 278.3), (4688.4, 351.6), (4686.8, 314.5), (4691.2, 260.9), (4703.8, 228.5), (4724.2, 219.2), (4752.8, 240.0), (4782.2, 296.4), (4805.8, 242.6), (4834.2, 191.6), (4870.6, 162.1), (4910.6, 155.9), (4950.6, 181.1), (4990.6, 241.6), (5030.4, 314.9), (5066.8, 388.3), (5097.3, 403.8), (5105.9, 342.6), (5115.4, 301.9), (5132.9, 284.0), (5158.4, 292.1), (5191.9, 335.1), (5230.1, 406.3), (5265.3, 386.6), (5304.8, 374.7), (5344.7, 412.7), (5382.1, 386.6), (5421.1, 374.7), (5455.8, 412.7), (5484.6, 386.6), (5513.6, 330.4), (5546.4, 295.3), (5582.0, 283.1), (5621.3, 299.5), (5656.6, 351.4), (5685.7, 314.5), (5709.8, 260.9), (5730.7, 228.5), (5747.5, 219.2), (5759.7, 240.0), (5767.6, 296.4), (5770.1, 307.8), (5770.1, 246.7), (5771.6, 206.2), (5777.4, 188.3), (5791.0, 196.5), (5804.3, 239.6), (5812.0, 235.0), (5814.6, 176.3), (5822.3, 138.4), (5837.1, 123.4), (5857.1, 135.5), (5875.6, 183.0), (5888.8, 162.6), (5904.6, 106.4), (5928.5, 71.3), (5960.3, 59.1), (5999.2, 75.5), (6039.2, 127.4), (6079.2, 200.6), (6119.2, 273.9), (6159.2, 347.3), (6197.8, 420.6)]",0,0,29.45
experienced,mario,Mario1-1,Pit,1,0,208.15,0.55,"[(112.0, 432.0), (114.6, 371.3), (125.1, 320.5), (143.6, 291.3), (170.1, 285.4), (204.6, 310.9), (244.5, 371.6), (282.3, 422.3), (317.6, 356.0), (357.6, 310.0), (397.6, 286.3), (435.6, 286.9), (469.2, 321.0), (502.5, 387.9), (538.6, 403.8), (574.4, 342.6), (613.7, 301.9), (649.0, 284.0), (679.8, 292.1), (705.9, 258.6), (737.2, 246.7), (775.8, 284.7), (813.0, 258.6), (848.4, 202.4), (886.5, 167.3), (926.5, 155.1), (966.5, 171.5), (1006.5, 223.4), (1046.5, 296.6), (1086.5, 369.9), (1124.7, 422.3), (1157.7, 356.0), (1195.3, 310.0), (1235.3, 286.3), (1275.3, 286.9), (1315.3, 321.0), (1354.9, 387.9), (1390.7, 390.8), (1422.1, 370.3), (1449.0, 374.8), (1456.1, 413.7), (1454.8, 386.6), (1454.8, 330.4), (1459.2, 295.3), (1471.8, 283.1), (1492.2, 299.5), (1521.5, 316.0), (1560.2, 252.2), (1600.2, 208.9), (1640.2, 188.1), (1680.2, 192.3), (1720.2, 230.9), (1759.8, 300.2), (1795.7, 373.5), (1808.6, 422.3), (1808.0, 356.1), (1809.2, 310.2), (1817.8, 286.6), (1834.2, 287.2), (1858.8, 321.4), (1893.5, 282.0), (1933.5, 228.4), (1973.5, 196.0), (2013.5, 186.7), (2053.5, 207.6), (2093.5, 264.0), (2133.5, 337.3), (2172.8, 410.6), (2207.2, 386.6), (2245.2, 330.4), (2256.0, 295.3), (2260.5, 283.1), (2273.0, 299.5), (2288.2, 242.7), (2303.6, 191.6), (2326.9, 162.1), (2358.2, 155.9), (2396.8, 181.2), (2436.8, 241.6), (2476.4, 294.3), (2516.1, 240.3), (2556.1, 261.3), (2596.1, 317.0), (2636.0, 390.3), (2672.1, 403.8), (2702.8, 342.6), (2738.7, 301.9), (2778.7, 284.0), (2818.7, 292.1), (2858.7, 335.1), (2898.7, 406.3), (2938.4, 383.5), (2978.4, 368.8), (3018.4, 381.2), (3057.7, 429.0), (3093.9, 370.6), (3133.9, 381.0), (3172.8, 414.3), (3210.4, 382.2), (3250.4, 373.2), (3290.4, 394.3), (3328.4, 412.9), (3364.3, 349.1), (3376.0, 305.8), (3377.9, 285.0), (3387.2, 289.2), (3398.5, 267.1), (3410.7, 244.3), (3430.8, 278.1), (3451.1, 344.5), (3475.9, 417.8), (3498.0, 378.5), (3524.7, 377.6), (3553.8, 420.0), (3578.0, 378.5), (3607.6, 324.9), (3642.3, 292.5), (3673.1, 283.2), (3701.8, 304.0), (3730.0, 235.2), (3760.0, 186.7), (3761.2, 160.1), (3769.8, 157.1), (3778.9, 157.0), (3790.1, 93.2), (3809.4, 49.9), (3836.7, 29.1), (3872.0, 33.3), (3911.9, 71.9), (3950.9, 141.2), (3984.0, 214.5), (3988.5, 287.8), (4000.2, 361.2), (4019.2, 432.0), (4042.2, 368.0), (4073.3, 384.9), (4106.9, 432.0), (4133.7, 363.1), (4159.2, 314.6), (4183.6, 288.0), (4204.9, 285.1), (4221.7, 314.8), (4233.8, 358.3), (4240.4, 292.0), (4251.7, 246.0), (4270.9, 222.3), (4298.2, 222.9), (4333.5, 257.0), (4368.0, 323.9), (4368.1, 397.3), (4368.1, 470.6), (4368.1, 543.9), (4368.1, 617.3), (4368.1, 690.6)]",0,0,20.47
experienced,mario,Mario1-1,Success,1,0,214.57,0.785,"[(112.0, 432.0), (113.9, 371.3), (123.4, 320.5), (140.9, 291.3), (166.4, 285.4), (199.9, 310.9), (239.5, 371.6), (277.3, 422.3), (312.6, 356.0), (352.6, 310.0), (392.6, 286.3), (431.1, 286.9), (465.3, 321.0), (500.5, 387.9), (538.5, 403.8), (576.1, 342.6), (615.4, 301.9), (650.7, 284.0), (681.5, 292.1), (707.6, 258.6), (738.9, 246.7), (777.5, 284.7), (814.1, 258.6), (846.6, 202.4), (881.6, 167.3), (920.7, 155.1), (960.7, 171.5), (1000.7, 223.4), (1040.7, 296.6), (1080.7, 369.9), (1118.5, 422.3), (1150.9, 356.0), (1188.0, 310.0), (1228.0, 286.3), (1268.0, 286.9), (1307.9, 321.0), (1347.5, 387.9), (1383.3, 390.8), (1414.7, 370.3), (1441.7, 374.8), (1456.4, 413.7), (1455.2, 386.6), (1455.2, 330.4), (1459.7, 295.3), (1472.2, 283.1), (1492.7, 299.5), (1520.2, 316.0), (1552.9, 252.2), (1592.2, 208.9), (1632.2, 188.1), (1672.2, 192.3), (1712.2, 230.9), (1751.7, 300.2), (1787.6, 373.5), (1807.7, 422.3), (1806.9, 356.0), (1808.2, 310.0), (1816.7, 286.3), (1833.2, 286.9), (1857.7, 321.0), (1887.3, 281.6), (1923.9, 228.0), (1963.9, 195.6), (2003.9, 186.3), (2043.9, 207.2), (2083.9, 263.5), (2123.9, 336.9), (2163.2, 410.2), (2197.6, 386.6), (2235.0, 330.4), (2256.0, 295.3), (2260.5, 283.1), (2273.0, 299.5), (2288.2, 242.7), (2302.5, 191.6), (2324.2, 162.1), (2353.9, 155.9), (2391.4, 181.2), (2431.4, 241.6), (2471.1, 294.3), (2510.7, 240.3), (2550.7, 261.3), (2590.7, 317.0), (2630.7, 390.3), (2667.4, 403.8), (2698.7, 342.6), (2735.1, 301.9), (2775.1, 284.0), (2815.1, 292.1), (2855.1, 335.1), (2895.1, 406.3), (2935.1, 383.5), (2975.1, 368.8), (3015.1, 381.2), (3054.0, 429.0), (3089.6, 370.6), (3129.5, 381.0), (3168.5, 414.3), (3205.1, 382.2), (3245.1, 373.2), (3285.1, 394.3), (3323.5, 412.9), (3360.0, 349.1), (3376.0, 305.8), (3377.9, 285.0), (3387.2, 289.2), (3398.5, 267.1), (3410.7, 244.3), (3430.8, 278.1), (3451.1, 344.5), (3475.9, 417.8), (3498.0, 378.5), (3524.7, 377.6), (3552.3, 420.0), (3574.8, 378.5), (3602.9, 324.9), (3636.0, 292.5), (3665.3, 283.2), (3690.2, 304.0), (3712.3, 235.2), (3737.0, 186.7), (3756.4, 160.1), (3771.4, 157.1), (3781.5, 157.0), (3793.8, 93.2), (3814.0, 49.9), (3842.3, 29.1), (3878.6, 33.3), (3918.6, 71.9), (3957.6, 141.2), (3984.0, 214.5), (3988.5, 287.8), (4000.2, 361.2), (4019.2, 432.0), (4042.2, 368.0), (4073.3, 384.9), (4106.9, 432.0), (4133.7, 363.1), (4159.2, 314.6), (4183.4, 288.0), (4203.1, 285.1), (4218.4, 314.8), (4228.9, 358.3), (4233.6, 292.0), (4240.2, 246.0), (4254.8, 222.3), (4277.4, 222.9), (4308.0, 257.0), (4342.2, 284.9), (4378.7, 221.1), (4418.7, 177.8), (4458.7, 157.0), (4498.7, 161.2), (4538.7, 199.8), (4578.6, 269.1), (4615.5, 342.4), (4647.7, 390.3), (4656.0, 324.0), (4659.5, 278.0), (4671.0, 254.3), (4690.5, 254.9), (4716.8, 289.0), (4741.2, 258.6), (4771.4, 202.4), (4809.4, 167.3), (4849.4, 155.1), (4889.4, 171.5), (4929.4, 223.4), (4969.4, 296.6), (5008.9, 369.9), (5047.1, 422.3), (5080.1, 356.0), (5115.7, 310.0), (5155.5, 286.3), (5194.1, 286.9), (5228.3, 321.0), (5264.0, 387.9), (5302.6, 403.8), (5342.5, 370.5), (5382.5, 399.9), (5419.1, 403.8), (5453.9, 342.6), (5493.1, 301.9), (5528.6, 284.0), (5566.8, 292.1), (5604.5, 335.1), (5640.8, 331.0), (5672.7, 272.3), (5700.5, 234.4), (5723.9, 219.4), (5742.9, 231.5), (5757.4, 279.0), (5767.1, 326.3), (5770.4, 260.0), (5771.2, 214.0), (5775.6, 190.3), (5787.5, 190.9), (5801.8, 225.0), (5811.2, 252.9), (5814.4, 189.1), (5820.1, 145.8), (5833.6, 125.0), (5851.1, 129.2), (5873.2, 167.8), (5890.6, 179.8), (5907.6, 118.6), (5932.5, 77.9), (5965.4, 60.0), (6004.9, 68.1), (6044.9, 111.1), (6084.9, 182.3), (6124.9, 255.6), (6164.9, 328.9), (6204.7, 402.3)]",0,0,28.48
experienced,mario,Mario1-1,Success,1,0,202.2,0.785,"[(112.0, 432.0), (113.2, 371.3), (121.8, 320.5), (138.2, 291.3), (162.8, 285.4), (195.2, 310.9), (234.5, 371.6), (271.7, 422.3), (306.5, 356.0), (346.4, 310.0), (386.4, 286.3), (424.9, 286.9), (459.1, 321.0), (494.9, 387.9), (532.9, 403.8), (568.8, 370.5), (607.8, 399.9), (646.6, 395.4), (686.6, 374.8), (726.6, 379.3), (765.9, 418.2), (800.0, 378.5), (836.3, 377.6), (869.7, 420.0), (880.2, 378.5), (881.4, 324.9), (889.9, 292.5), (906.4, 283.2), (930.9, 304.0), (963.4, 360.4), (1000.5, 306.6), (1040.3, 255.6), (1080.3, 226.1), (1120.3, 219.9), (1160.3, 245.1), (1200.3, 305.6), (1239.8, 358.3), (1279.2, 292.0), (1316.7, 246.0), (1354.9, 222.3), (1394.9, 222.9), (1434.9, 257.0), (1474.9, 323.9), (1513.4, 282.5), (1553.4, 228.9), (1593.4, 196.5), (1633.4, 187.2), (1673.4, 208.0), (1713.3, 264.4), (1750.3, 337.8), (1782.8, 411.1), (1808.1, 388.4), (1808.2, 373.6), (1808.3, 386.0), (1808.1, 432.0), (1806.9, 363.1), (1807.3, 314.6), (1813.8, 288.0), (1828.3, 285.1), (1850.8, 314.8), (1883.2, 289.7), (1922.8, 233.6), (1962.8, 198.4), (2002.8, 186.2), (2042.8, 202.6), (2082.8, 254.5), (2122.8, 327.7), (2162.1, 401.0), (2196.4, 395.0), (2232.9, 336.3), (2256.0, 298.4), (2259.5, 283.4), (2271.0, 295.5), (2286.4, 250.5), (2300.3, 196.9), (2321.0, 164.5), (2349.8, 155.3), (2386.4, 176.1), (2426.4, 232.5), (2466.4, 304.0), (2505.7, 240.0), (2545.7, 256.9), (2585.7, 308.1), (2625.7, 381.2), (2663.2, 412.9), (2694.7, 349.1), (2730.1, 305.8), (2770.1, 285.0), (2810.1, 289.2), (2850.1, 327.8), (2890.1, 397.1), (2929.8, 387.0), (2969.8, 369.3), (3009.6, 377.7), (3048.6, 421.0), (3082.7, 378.5), (3121.5, 377.6), (3160.8, 420.0), (3196.1, 385.0), (3233.7, 373.1), (3273.2, 389.7), (3311.9, 422.3), (3346.2, 368.3), (3385.6, 389.3), (3423.4, 422.3), (3455.8, 356.0), (3472.0, 310.0), (3473.2, 286.3), (3481.8, 286.9), (3496.8, 275.8), (3515.7, 214.6), (3539.6, 174.0), (3571.5, 156.0), (3610.5, 164.1), (3650.5, 207.2), (3690.5, 278.3), (3729.5, 258.6), (3760.1, 202.4), (3760.2, 167.3), (3761.4, 155.1), (3765.7, 171.5), (3768.5, 114.9), (3779.0, 64.2), (3797.5, 35.0), (3824.0, 29.1), (3858.5, 54.6), (3898.0, 115.3), (3933.8, 188.7), (3971.9, 262.0), (4010.8, 335.3), (4018.6, 408.7), (4026.7, 386.6), (4041.3, 374.7), (4063.9, 412.7), (4086.1, 386.6), (4102.9, 374.7), (4115.3, 412.7), (4121.8, 386.6), (4124.1, 330.4), (4128.6, 295.3), (4133.7, 283.1), (4139.8, 299.5), (4148.5, 351.4), (4155.4, 424.6), (4156.4, 370.7), (4157.6, 319.7), (4163.8, 290.2), (4171.5, 284.1), (4177.4, 309.4), (4181.1, 369.9), (4181.3, 363.2), (4181.3, 304.8), (4184.8, 267.2), (4192.7, 252.4), (4198.5, 264.8), (4203.9, 312.6), (4205.9, 385.1), (4204.7, 346.5), (4204.8, 292.9), (4206.1, 260.5), (4213.6, 251.2), (4229.1, 272.0), (4245.6, 328.4), (4256.2, 274.6), (4271.6, 223.6), (4295.0, 194.1), (4326.4, 187.9), (4365.1, 213.1), (4405.1, 273.6), (4444.4, 267.0), (4484.4, 208.3), (4524.4, 170.4), (4564.4, 155.4), (4604.4, 167.5), (4644.4, 215.0), (4683.3, 287.4), (4717.5, 316.9), (4722.6, 253.1), (4733.1, 209.8), (4751.6, 189.0), (4778.1, 193.2), (4812.6, 231.8), (4852.5, 301.1), (4891.5, 242.6), (4931.5, 191.6), (4971.5, 162.1), (5011.5, 155.9), (5051.5, 181.1), (5091.5, 241.6), (5131.5, 314.9), (5170.9, 348.9), (5210.5, 285.1), (5247.5, 241.8), (5287.3, 221.0), (5327.3, 225.2), (5367.3, 263.8), (5406.6, 275.8), (5444.8, 214.6), (5482.5, 173.9), (5522.4, 156.0), (5562.4, 164.1), (5602.4, 207.1), (5642.2, 278.3), (5679.2, 351.6), (5709.9, 314.5), (5735.6, 260.9), (5756.9, 228.5), (5773.7, 219.2), (5786.1, 240.0), (5794.1, 296.4), (5795.7, 242.6), (5796.0, 191.6), (5802.5, 162.1), (5815.9, 155.9), (5834.9, 181.1), (5850.6, 240.0), (5860.1, 171.1), (5874.7, 122.6), (5897.3, 96.0), (5928.0, 93.1), (5966.2, 122.8), (6006.2, 186.8), (6046.2, 260.1), (6086.2, 333.4), (6125.9, 406.8), (6162.8, 386.6), (6202.7, 330.4)]",0,0,30.22
