persona,game,world,cause_of_death,jump_count,coins_collected,avg_vx,progress_ratio,route,enemies_killed,bricks_destroyed,elapsed_time
novice,bomberman,2,Stuck,0,0,3.26,0.037,"[(48.0, 48.0), (62.9, 44.3), (62.9, 44.3), (59.2, 44.3), (62.9, 44.3), (62.9, 44.3), (59.2, 44.3), (62.9, 44.3), (62.9, 44.3), (59.2, 44.3), (62.9, 44.3), (62.9, 44.3), (59.2, 44.3), (62.9, 44.3), (62.9, 44.3), (59.2, 44.3), (62.9, 44.3), (62.9, 44.3), (59.2, 44.3), (62.9, 44.3), (62.9, 44.3), (59.2, 44.3), (62.9, 44.3), (62.9, 44.3), (59.2, 44.3), (62.9, 44.3), (62.9, 44.3), (59.2, 44.3), (62.9, 44.3), (62.9, 44.3), (59.2, 44.3), (62.9, 44.3), (62.9, 44.3), (59.2, 44.3), (62.9, 44.3), (62.9, 44.3), (59.2, 44.3), (62.9, 44.3), (62.9, 44.3)]",0,0,5.15
novice,bomberman,2,Stuck,0,0,31.29,0.741,"[(48.0, 48.0), (62.9, 51.7), (77.9, 51.7), (98.4, 51.7), (113.3, 57.3), (115.2, 72.3), (115.2, 89.1), (115.2, 107.7), (128.3, 115.2), (143.2, 115.2), (165.6, 115.2), (180.5, 124.5), (180.5, 139.5), (180.5, 160.0), (184.3, 176.8), (199.2, 180.5), (217.9, 180.5), (236.5, 182.4), (244.0, 197.3), (244.0, 212.3), (244.0, 234.7), (257.1, 244.0), (272.0, 244.0), (292.5, 244.0), (307.5, 253.3), (300.0, 268.3), (300.0, 288.8), (311.2, 303.7), (326.1, 307.5), (342.9, 307.5), (361.6, 307.5), (372.8, 320.5), (365.3, 335.5), (365.3, 356.0), (372.8, 370.9), (372.8, 372.8), (372.8, 372.8), (372.8, 372.8), (372.8, 372.8), (372.8, 372.8), (372.8, 372.8), (372.8, 372.8), (372.8, 372.8), (372.8, 372.8), (372.8, 372.8), (372.8, 372.8), (372.8, 372.8), (372.8, 372.8), (372.8, 372.8), (372.8, 372.8), (372.8, 372.8), (372.8, 372.8), (372.8, 372.8), (372.8, 372.8), (372.8, 372.8), (372.8, 372.8), (372.8, 372.8), (372.8, 372.8), (372.8, 372.8), (372.8, 372.8), (372.8, 372.8), (372.8, 372.8), (372.8, 372.8), (372.8, 372.8), (372.8, 372.8), (372.8, 372.8), (372.8, 372.8), (372.8, 372.8), (372.8, 372.8), (372.8, 372.8), (372.8, 372.8)]",0,0,9.37
novice,bomberman,2,Bomb,1,0,0.19,0.296,"[(48.0, 48.0), (48.0, 62.9), (48.0, 77.9), (48.0, 92.8), (48.0, 107.7), (48.0, 122.7), (51.7, 137.6), (51.7, 152.5), (51.7, 167.5), (51.7, 182.4), (51.7, 197.3), (51.7, 212.3), (51.7, 227.2), (51.7, 223.5), (51.7, 223.5), (51.7, 227.2), (51.7, 223.5), (51.7, 223.5), (51.7, 227.2), (51.7, 223.5), (51.7, 223.5), (51.7, 227.2), (51.7, 223.5), (51.7, 223.5), (51.7, 227.2), (51.7, 223.5), (51.7, 223.5), (51.7, 227.2), (51.7, 223.5), (51.7, 223.5), (51.7, 227.2), (51.7, 223.5), (51.7, 223.5), (51.7, 227.2), (51.7, 223.5), (51.7, 223.5), (51.7, 216.0), (51.7, 201.1), (51.7, 186.1), (51.7, 171.2), (51.7, 163.7), (51.7, 163.7), (51.7, 160.0), (51.7, 163.7), (51.7, 163.7), (51.7, 160.0), (51.7, 163.7), (51.7, 163.7), (51.7, 160.0), (51.7, 163.7), (51.7, 163.7), (51.7, 160.0), (51.7, 163.7), (51.7, 163.7), (51.7, 160.0), (51.7, 163.7), (51.7, 163.7), (51.7, 160.0), (51.7, 163.7), (51.7, 163.7), (51.7, 160.0), (51.7, 158.1), (51.7, 158.1), (51.7, 161.9), (51.7, 165.6), (51.7, 180.5), (51.7, 195.5), (51.7, 210.4), (51.7, 225.3), (51.7, 240.3), (51.7, 255.2), (51.7, 270.1), (51.7, 290.7), (51.7, 288.8), (51.7, 286.9), (51.7, 286.9), (51.7, 285.1), (51.7, 290.7), (51.7, 283.2), (51.7, 292.5), (51.7, 286.9), (51.7, 294.4), (51.7, 290.7), (51.7, 292.5), (51.7, 292.5), (51.7, 290.7), (51.7, 290.7), (51.7, 288.8), (51.7, 288.8), (51.7, 286.9), (51.7, 286.9), (51.7, 283.2), (51.7, 268.3), (51.7, 253.3), (51.7, 238.4), (51.7, 223.5), (51.7, 208.5), (51.7, 193.6), (51.7, 178.7), (51.7, 163.7), (51.7, 160.0), (51.7, 160.0), (51.7, 163.7), (51.7, 160.0), (51.7, 160.0), (51.7, 163.7), (51.7, 160.0), (51.7, 160.0), (51.7, 163.7), (51.7, 160.0), (51.7, 160.0), (51.7, 163.7), (51.7, 160.0), (51.7, 160.0), (51.7, 163.7), (51.7, 160.0), (51.7, 160.0), (51.7, 163.7), (51.7, 160.0), (51.7, 160.0), (51.7, 163.7), (51.7, 178.7), (51.7, 167.5), (51.7, 163.7), (51.7, 160.0), (51.7, 160.0), (51.7, 163.7), (51.7, 160.0), (51.7, 160.0), (51.7, 163.7), (51.7, 160.0), (51.7, 160.0), (51.7, 163.7), (51.7, 160.0), (51.7, 160.0), (51.7, 163.7), (51.7, 160.0), (51.7, 160.0), (51.7, 163.7), (51.7, 160.0), (51.7, 160.0), (51.7, 163.7), (51.7, 160.0), (51.7, 160.0), (51.7, 163.7), (51.7, 160.0), (51.7, 160.0), (51.7, 163.7), (51.7, 160.0), (51.7, 160.0), (51.7, 163.7)]",0,0,20.0
novice,bomberman,2,Bomb,1,0,4.2,0.037,"[(48.0, 48.0), (53.6, 44.3), (53.6, 44.3), (53.6, 44.3), (53.6, 44.3), (53.6, 44.3), (53.6, 44.3), (53.6, 44.3), (53.6, 44.3), (53.6, 44.3), (53.6, 44.3), (53.6, 44.3), (53.6, 44.3), (53.6, 44.3), (53.6, 44.3), (53.6, 44.3), (53.6, 44.3), (53.6, 44.3), (53.6, 44.3), (53.6, 44.3), (59.2, 44.3), (59.2, 44.3), (59.2, 44.3), (59.2, 44.3), (59.2, 44.3), (59.2, 44.3), (59.2, 44.3), (59.2, 44.3), (59.2, 44.3), (64.8, 44.3), (64.8, 44.3)]",0,0,4.0
novice,bomberman,2,Bomb,1,0,-0.93,0.0,"[(48.0, 48.0), (44.3, 48.0), (44.3, 48.0), (44.3, 48.0), (44.3, 48.0), (44.3, 48.0), (44.3, 48.0), (44.3, 48.0), (44.3, 48.0), (44.3, 48.0), (44.3, 48.0), (44.3, 48.0), (44.3, 48.0), (44.3, 48.0), (44.3, 48.0), (44.3, 48.0), (44.3, 48.0), (44.3, 48.0), (44.3, 48.0), (44.3, 48.0), (44.3, 48.0), (44.3, 48.0), (44.3, 48.0), (44.3, 48.0), (44.3, 48.0), (44.3, 48.0), (44.3, 48.0), (44.3, 48.0), (44.3, 48.0), (44.3, 48.0), (44.3, 48.0)]",0,0,4.0
novice,bomberman,2,Stuck,0,0,-0.75,0.0,"[(48.0, 48.0), (44.3, 44.3), (44.3, 44.3), (44.3, 44.3), (44.3, 44.3), (44.3, 44.3), (44.3, 44.3), (44.3, 44.3), (44.3, 44.3), (44.3, 44.3), (44.3, 44.3), (44.3, 44.3), (44.3, 44.3), (44.3, 44.3), (44.3, 44.3), (44.3, 44.3), (44.3, 44.3), (44.3, 44.3), (44.3, 44.3), (44.3, 44.3), (44.3, 44.3), (44.3, 44.3), (44.3, 44.3), (44.3, 44.3), (44.3, 44.3), (44.3, 44.3), (44.3, 44.3), (44.3, 44.3), (44.3, 44.3), (44.3, 44.3), (44.3, 44.3), (44.3, 44.3), (44.3, 44.3), (44.3, 44.3), (44.3, 44.3), (44.3, 44.3), (44.3, 44.3), (44.3, 44.3)]",0,0,5.0
novice,bomberman,2,Stuck,0,0,0.0,0.0,"[(48.0, 48.0), (48.0, 44.3), (48.0, 44.3), (48.0, 44.3), (48.0, 44.3), (48.0, 44.3), (48.0, 44.3), (48.0, 44.3), (48.0, 44.3), (48.0, 44.3), (48.0, 44.3), (48.0, 44.3), (48.0, 44.3), (48.0, 44.3), (48.0, 44.3), (48.0, 44.3), (48.0, 44.3), (48.0, 44.3), (48.0, 44.3), (48.0, 44.3), (48.0, 44.3), (48.0, 44.3), (48.0, 44.3), (48.0, 44.3), (48.0, 44.3), (48.0, 44.3), (48.0, 44.3), (48.0, 44.3), (48.0, 44.3), (48.0, 44.3), (48.0, 44.3), (48.0, 44.3), (48.0, 44.3), (48.0, 44.3), (48.0, 44.3), (48.0, 44.3), (48.0, 44.3), (48.0, 44.3)]",0,0,5.0
novice,bomberman,2,Bomb,1,0,4.2,0.037,"[(48.0, 48.0), (62.9, 48.0), (64.8, 48.0), (64.8, 48.0), (64.8, 48.0), (64.8, 48.0), (64.8, 48.0), (64.8, 48.0), (64.8, 48.0), (64.8, 48.0), (64.8, 48.0), (64.8, 48.0), (64.8, 48.0), (64.8, 48.0), (64.8, 48.0), (64.8, 48.0), (64.8, 48.0), (64.8, 48.0), (64.8, 48.0), (64.8, 48.0), (64.8, 48.0), (64.8, 48.0), (64.8, 48.0), (64.8, 48.0), (64.8, 48.0), (64.8, 48.0), (64.8, 48.0), (64.8, 48.0), (64.8, 48.0), (64.8, 48.0), (64.8, 48.0)]",0,0,4.0
novice,bomberman,2,Stuck,1,0,27.6,0.741,"[(48.0, 48.0), (62.9, 51.7), (77.9, 51.7), (98.4, 51.7), (113.3, 57.3), (115.2, 72.3), (115.2, 89.1), (115.2, 107.7), (128.3, 115.2), (143.2, 115.2), (165.6, 115.2), (180.5, 124.5), (180.5, 139.5), (180.5, 160.0), (184.3, 176.8), (199.2, 180.5), (217.9, 180.5), (236.5, 182.4), (244.0, 197.3), (244.0, 212.3), (244.0, 234.7), (257.1, 244.0), (272.0, 244.0), (292.5, 244.0), (307.5, 253.3), (307.5, 268.3), (307.5, 288.8), (311.2, 303.7), (326.1, 307.5), (342.9, 307.5), (361.6, 307.5), (372.8, 320.5), (372.8, 335.5), (372.8, 350.4), (372.8, 365.3), (372.8, 372.8), (372.8, 372.8), (372.8, 372.8), (372.8, 372.8), (372.8, 372.8), (372.8, 372.8), (372.8, 372.8), (372.8, 372.8), (372.8, 372.8), (372.8, 372.8), (372.8, 372.8), (372.8, 372.8), (372.8, 372.8), (372.8, 372.8), (372.8, 372.8), (372.8, 372.8), (372.8, 372.8), (372.8, 372.8), (372.8, 372.8), (372.8, 372.8), (372.8, 372.8), (372.8, 372.8), (372.8, 372.8), (372.8, 372.8), (372.8, 372.8), (372.8, 372.8), (372.8, 372.8), (372.8, 372.8), (372.8, 372.8), (372.8, 372.8), (372.8, 372.8), (372.8, 372.8), (372.8, 372.8), (372.8, 372.8), (372.8, 372.8), (372.8, 372.8), (372.8, 372.8), (372.8, 372.8), (372.8, 372.8), (372.8, 372.8), (372.8, 372.8), (372.8, 372.8), (372.8, 372.8), (372.8, 372.8), (372.8, 372.8)]",0,0,10.62
novice,bomberman,2,Bomb,6,0,-0.47,0.37,"[(48.0, 48.0), (44.3, 62.9), (44.3, 77.9), (44.3, 92.8), (44.3, 107.7), (44.3, 122.7), (44.3, 137.6), (44.3, 152.5), (44.3, 167.5), (44.3, 182.4), (44.3, 197.3), (44.3, 212.3), (44.3, 227.2), (44.3, 242.1), (44.3, 257.1), (44.3, 272.0), (44.3, 286.9), (44.3, 301.9), (44.3, 316.8), (44.3, 331.7), (44.3, 346.7), (44.3, 361.6), (44.3, 372.8), (44.3, 372.8), (44.3, 372.8), (44.3, 372.8), (44.3, 372.8), (44.3, 372.8), (44.3, 372.8), (44.3, 372.8), (44.3, 372.8), (44.3, 372.8), (44.3, 372.8), (44.3, 372.8), (44.3, 372.8), (44.3, 372.8), (44.3, 372.8), (44.3, 372.8), (44.3, 372.8), (44.3, 372.8), (44.3, 372.8), (44.3, 372.8), (44.3, 372.8), (44.3, 372.8), (44.3, 372.8), (44.3, 372.8), (44.3, 372.8), (44.3, 372.8), (44.3, 372.8), (44.3, 372.8), (44.3, 372.8), (44.3, 372.8), (44.3, 372.8), (44.3, 372.8), (44.3, 372.8), (44.3, 372.8), (44.3, 372.8), (44.3, 372.8), (44.3, 372.8), (44.3, 372.8), (44.3, 372.8)]",0,0,8.0
novice,bomberman,2,Stuck,1,0,27.6,0.741,"[(48.0, 48.0), (62.9, 51.7), (77.9, 51.7), (98.4, 51.7), (113.3, 57.3), (115.2, 72.3), (115.2, 89.1), (115.2, 107.7), (128.3, 115.2), (143.2, 115.2), (165.6, 115.2), (180.5, 124.5), (180.5, 139.5), (180.5, 160.0), (184.3, 176.8), (199.2, 180.5), (217.9, 180.5), (236.5, 182.4), (244.0, 197.3), (244.0, 212.3), (244.0, 234.7), (257.1, 244.0), (272.0, 244.0), (292.5, 244.0), (307.5, 253.3), (307.5, 268.3), (307.5, 288.8), (311.2, 303.7), (326.1, 307.5), (342.9, 307.5), (361.6, 307.5), (372.8, 320.5), (372.8, 335.5), (372.8, 350.4), (372.8, 365.3), (372.8, 372.8), (372.8, 372.8), (372.8, 372.8), (372.8, 372.8), (372.8, 372.8), (372.8, 372.8), (372.8, 372.8), (372.8, 372.8), (372.8, 372.8), (372.8, 372.8), (372.8, 372.8), (372.8, 372.8), (372.8, 372.8), (372.8, 372.8), (372.8, 372.8), (372.8, 372.8), (372.8, 372.8), (372.8, 372.8), (372.8, 372.8), (372.8, 372.8), (372.8, 372.8), (372.8, 372.8), (372.8, 372.8), (372.8, 372.8), (372.8, 372.8), (372.8, 372.8), (372.8, 372.8), (372.8, 372.8), (372.8, 372.8), (372.8, 372.8), (372.8, 372.8), (372.8, 372.8), (372.8, 372.8), (372.8, 372.8), (372.8, 372.8), (372.8, 372.8), (372.8, 372.8), (372.8, 372.8), (372.8, 372.8), (372.8, 372.8), (372.8, 372.8), (372.8, 372.8), (372.8, 372.8), (372.8, 372.8), (372.8, 372.8)]",0,0,10.62
novice,bomberman,2,Stuck,0,0,31.29,0.741,"[(48.0, 48.0), (62.9, 51.7), (77.9, 51.7), (98.4, 51.7), (113.3, 57.3), (115.2, 72.3), (115.2, 89.1), (115.2, 107.7), (128.3, 115.2), (143.2, 115.2), (165.6, 115.2), (180.5, 124.5), (180.5, 139.5), (180.5, 160.0), (184.3, 176.8), (199.2, 180.5), (217.9, 180.5), (236.5, 182.4), (244.0, 197.3), (244.0, 212.3), (244.0, 234.7), (257.1, 244.0), (272.0, 244.0), (292.5, 244.0), (307.5, 253.3), (300.0, 268.3), (300.0, 288.8), (311.2, 303.7), (326.1, 307.5), (342.9, 307.5), (361.6, 307.5), (372.8, 320.5), (365.3, 335.5), (365.3, 356.0), (372.8, 370.9), (372.8, 372.8), (372.8, 372.8), (372.8, 372.8), (372.8, 372.8), (372.8, 372.8), (372.8, 372.8), (372.8, 372.8), (372.8, 372.8), (372.8, 372.8), (372.8, 372.8), (372.8, 372.8), (372.8, 372.8), (372.8, 372.8), (372.8, 372.8), (372.8, 372.8), (372.8, 372.8), (372.8, 372.8), (372.8, 372.8), (372.8, 372.8), (372.8, 372.8), (372.8, 372.8), (372.8, 372.8), (372.8, 372.8), (372.8, 372.8), (372.8, 372.8), (372.8, 372.8), (372.8, 372.8), (372.8, 372.8), (372.8, 372.8), (372.8, 372.8), (372.8, 372.8), (372.8, 372.8), (372.8, 372.8), (372.8, 372.8), (372.8, 372.8), (372.8, 372.8)]",0,0,9.37
novice,bomberman,2,Bomb,6,0,-0.47,0.37,"[(48.0, 48.0), (44.3, 62.9), (44.3, 77.9), (44.3, 92.8), (44.3, 107.7), (44.3, 122.7), (44.3, 137.6), (44.3, 152.5), (44.3, 167.5), (44.3, 182.4), (44.3, 197.3), (44.3, 212.3), (44.3, 227.2), (44.3, 242.1), (44.3, 257.1), (44.3, 272.0), (44.3, 286.9), (44.3, 301.9), (44.3, 316.8), (44.3, 331.7), (44.3, 346.7), (44.3, 361.6), (44.3, 372.8), (44.3, 372.8), (44.3, 372.8), (44.3, 372.8), (44.3, 372.8), (44.3, 372.8), (44.3, 372.8), (44.3, 372.8), (44.3, 372.8), (44.3, 372.8), (44.3, 372.8), (44.3, 372.8), (44.3, 372.8), (44.3, 372.8), (44.3, 372.8), (44.3, 372.8), (44.3, 372.8), (44.3, 372.8), (44.3, 372.8), (44.3, 372.8), (44.3, 372.8), (44.3, 372.8), (44.3, 372.8), (44.3, 372.8), (44.3, 372.8), (44.3, 372.8), (44.3, 372.8), (44.3, 372.8), (44.3, 372.8), (44.3, 372.8), (44.3, 372.8), (44.3, 372.8), (44.3, 372.8), (44.3, 372.8), (44.3, 372.8), (44.3, 372.8), (44.3, 372.8), (44.3, 372.8), (44.3, 372.8)]",0,0,8.0
novice,bomberman,2,Bomb,1,0,0.19,0.296,"[(48.0, 48.0), (48.0, 62.9), (48.0, 77.9), (48.0, 92.8), (48.0, 107.7), (48.0, 122.7), (51.7, 137.6), (51.7, 152.5), (51.7, 167.5), (51.7, 182.4), (51.7, 197.3), (51.7, 212.3), (51.7, 227.2), (51.7, 223.5), (51.7, 223.5), (51.7, 227.2), (51.7, 223.5), (51.7, 223.5), (51.7, 227.2), (51.7, 223.5), (51.7, 223.5), (51.7, 227.2), (51.7, 223.5), (51.7, 223.5), (51.7, 227.2), (51.7, 223.5), (51.7, 223.5), (51.7, 227.2), (51.7, 223.5), (51.7, 223.5), (51.7, 227.2), (51.7, 223.5), (51.7, 223.5), (51.7, 227.2), (51.7, 223.5), (51.7, 223.5), (51.7, 216.0), (51.7, 201.1), (51.7, 186.1), (51.7, 171.2), (51.7, 163.7), (51.7, 163.7), (51.7, 160.0), (51.7, 163.7), (51.7, 163.7), (51.7, 160.0), (51.7, 163.7), (51.7, 163.7), (51.7, 160.0), (51.7, 163.7), (51.7, 163.7), (51.7, 160.0), (51.7, 163.7), (51.7, 163.7), (51.7, 160.0), (51.7, 163.7), (51.7, 163.7), (51.7, 160.0), (51.7, 163.7), (51.7, 163.7), (51.7, 160.0), (51.7, 158.1), (51.7, 158.1), (51.7, 161.9), (51.7, 165.6), (51.7, 180.5), (51.7, 195.5), (51.7, 210.4), (51.7, 225.3), (51.7, 240.3), (51.7, 255.2), (51.7, 270.1), (51.7, 290.7), (51.7, 288.8), (51.7, 286.9), (51.7, 286.9), (51.7, 285.1), (51.7, 290.7), (51.7, 283.2), (51.7, 292.5), (51.7, 286.9), (51.7, 294.4), (51.7, 290.7), (51.7, 292.5), (51.7, 292.5), (51.7, 290.7), (51.7, 290.7), (51.7, 288.8), (51.7, 288.8), (51.7, 286.9), (51.7, 286.9), (51.7, 283.2), (51.7, 268.3), (51.7, 253.3), (51.7, 238.4), (51.7, 223.5), (51.7, 208.5), (51.7, 193.6), (51.7, 178.7), (51.7, 163.7), (51.7, 160.0), (51.7, 160.0), (51.7, 163.7), (51.7, 160.0), (51.7, 160.0), (51.7, 163.7), (51.7, 160.0), (51.7, 160.0), (51.7, 163.7), (51.7, 160.0), (51.7, 160.0), (51.7, 163.7), (51.7, 160.0), (51.7, 160.0), (51.7, 163.7), (51.7, 160.0), (51.7, 160.0), (51.7, 163.7), (51.7, 160.0), (51.7, 160.0), (51.7, 163.7), (51.7, 178.7), (51.7, 167.5), (51.7, 163.7), (51.7, 160.0), (51.7, 160.0), (51.7, 163.7), (51.7, 160.0), (51.7, 160.0), (51.7, 163.7), (51.7, 160.0), (51.7, 160.0), (51.7, 163.7), (51.7, 160.0), (51.7, 160.0), (51.7, 163.7), (51.7, 160.0), (51.7, 160.0), (51.7, 163.7), (51.7, 160.0), (51.7, 160.0), (51.7, 163.7), (51.7, 160.0), (51.7, 160.0), (51.7, 163.7), (51.7, 160.0), (51.7, 160.0), (51.7, 163.7), (51.7, 160.0), (51.7, 160.0), (51.7, 163.7)]",0,0,20.0
novice,bomberman,2,Bomb,1,0,14.84,0.111,"[(48.0, 48.0), (62.9, 51.7), (77.9, 51.7), (98.4, 51.7), (113.3, 57.3), (115.2, 64.8), (115.2, 62.9), (115.2, 62.9), (115.2, 62.9), (115.2, 62.9), (115.2, 62.9), (115.2, 62.9), (115.2, 62.9), (115.2, 62.9), (115.2, 62.9), (115.2, 62.9), (115.2, 62.9), (115.2, 62.9), (115.2, 62.9), (115.2, 62.9), (115.2, 62.9), (115.2, 62.9), (115.2, 62.9), (115.2, 62.9), (115.2, 62.9), (115.2, 62.9), (115.2, 62.9), (115.2, 62.9), (115.2, 62.9), (115.2, 62.9), (115.2, 62.9), (115.2, 62.9)]",0,0,4.15
novice,bomberman,2,Bomb,5,0,-0.47,0.37,"[(48.0, 48.0), (44.3, 62.9), (44.3, 77.9), (44.3, 92.8), (44.3, 107.7), (44.3, 122.7), (44.3, 137.6), (44.3, 152.5), (44.3, 167.5), (44.3, 182.4), (44.3, 197.3), (44.3, 212.3), (44.3, 227.2), (44.3, 242.1), (44.3, 257.1), (44.3, 272.0), (44.3, 286.9), (44.3, 301.9), (44.3, 316.8), (44.3, 331.7), (44.3, 346.7), (44.3, 361.6), (44.3, 372.8), (44.3, 372.8), (44.3, 372.8), (44.3, 372.8), (44.3, 372.8), (44.3, 372.8), (44.3, 372.8), (44.3, 372.8), (44.3, 372.8), (44.3, 372.8), (44.3, 372.8), (44.3, 372.8), (44.3, 372.8), (44.3, 372.8), (44.3, 372.8), (44.3, 372.8), (44.3, 372.8), (44.3, 372.8), (44.3, 372.8), (44.3, 372.8), (44.3, 372.8), (44.3, 372.8), (44.3, 372.8), (44.3, 372.8), (44.3, 372.8), (44.3, 372.8), (44.3, 372.8), (44.3, 372.8), (44.3, 372.8), (44.3, 372.8), (44.3, 372.8), (44.3, 372.8), (44.3, 372.8), (44.3, 372.8), (44.3, 372.8), (44.3, 372.8), (44.3, 372.8), (44.3, 372.8), (44.3, 372.8)]",0,0,8.0
novice,bomberman,2,Stuck,0,0,11.0,0.111,"[(48.0, 48.0), (62.9, 51.7), (77.9, 51.7), (98.4, 51.7), (113.3, 57.3), (115.2, 64.8), (115.2, 68.5), (115.2, 64.8), (115.2, 64.8), (115.2, 68.5), (115.2, 64.8), (115.2, 64.8), (115.2, 68.5), (115.2, 64.8), (115.2, 64.8), (115.2, 68.5), (115.2, 64.8), (115.2, 64.8), (115.2, 68.5), (115.2, 64.8), (115.2, 64.8), (115.2, 68.5), (115.2, 64.8), (115.2, 64.8), (115.2, 68.5), (115.2, 64.8), (115.2, 64.8), (115.2, 68.5), (115.2, 64.8), (115.2, 64.8), (115.2, 68.5), (115.2, 64.8), (115.2, 64.8), (115.2, 68.5), (115.2, 64.8), (115.2, 64.8), (115.2, 68.5), (115.2, 64.8), (115.2, 64.8), (115.2, 68.5), (115.2, 64.8), (115.2, 64.8), (115.2, 68.5)]",0,0,5.6
novice,bomberman,2,Stuck,0,0,18.96,0.222,"[(48.0, 48.0), (62.9, 51.7), (77.9, 51.7), (98.4, 51.7), (113.3, 57.3), (115.2, 72.3), (115.2, 89.1), (115.2, 107.7), (128.3, 113.3), (143.2, 115.2), (165.6, 111.5), (180.5, 100.3), (180.5, 100.3), (180.5, 98.4), (180.5, 98.4), (180.5, 96.5), (180.5, 96.5), (180.5, 94.7), (180.5, 94.7), (180.5, 92.8), (180.5, 98.4), (180.5, 90.9), (180.5, 100.3), (180.5, 94.7), (180.5, 102.1), (180.5, 98.4), (180.5, 100.3), (180.5, 100.3), (180.5, 98.4), (180.5, 98.4), (180.5, 96.5), (180.5, 96.5), (180.5, 94.7), (180.5, 94.7), (180.5, 92.8), (180.5, 98.4), (180.5, 90.9), (180.5, 100.3), (180.5, 94.7), (180.5, 102.1), (180.5, 98.4), (180.5, 100.3), (180.5, 100.3), (180.5, 98.4), (180.5, 98.4), (180.5, 96.5), (180.5, 96.5), (180.5, 94.7)]",0,0,6.3
novice,bomberman,2,Stuck,0,0,28.89,0.259,"[(48.0, 48.0), (62.9, 48.0), (77.9, 48.0), (92.8, 48.0), (107.7, 48.0), (122.7, 48.0), (137.6, 48.0), (152.5, 48.0), (167.5, 48.0), (182.4, 48.0), (197.3, 48.0), (212.3, 48.0), (227.2, 48.0), (242.1, 59.2), (244.0, 64.8), (244.0, 68.5), (244.0, 64.8), (244.0, 64.8), (244.0, 68.5), (244.0, 64.8), (244.0, 64.8), (244.0, 68.5), (244.0, 64.8), (244.0, 64.8), (244.0, 68.5), (244.0, 64.8), (244.0, 64.8), (244.0, 68.5), (244.0, 64.8), (244.0, 64.8), (244.0, 68.5), (244.0, 64.8), (244.0, 64.8), (244.0, 68.5), (244.0, 64.8), (244.0, 64.8), (244.0, 68.5), (244.0, 64.8), (244.0, 64.8), (244.0, 68.5), (244.0, 64.8), (244.0, 64.8), (244.0, 68.5), (244.0, 64.8), (244.0, 64.8), (244.0, 68.5), (244.0, 64.8), (244.0, 64.8), (244.0, 68.5), (244.0, 64.8), (244.0, 64.8)]",0,0,6.78
novice,bomberman,2,Bomb,3,0,34.68,0.926,"[(48.0, 48.0), (62.9, 51.7), (77.9, 51.7), (98.4, 51.7), (113.3, 57.3), (115.2, 72.3), (115.2, 89.1), (115.2, 107.7), (128.3, 115.2), (143.2, 115.2), (165.6, 115.2), (180.5, 124.5), (180.5, 139.5), (180.5, 160.0), (184.3, 176.8), (199.2, 180.5), (217.9, 180.5), (236.5, 182.4), (244.0, 197.3), (244.0, 212.3), (244.0, 234.7), (257.1, 244.0), (272.0, 244.0), (292.5, 244.0), (307.5, 253.3), (307.5, 268.3), (307.5, 288.8), (311.2, 303.7), (326.1, 307.5), (342.9, 307.5), (361.6, 307.5), (372.8, 320.5), (372.8, 335.5), (372.8, 350.4), (372.8, 365.3), (372.8, 372.8), (372.8, 372.8), (372.8, 372.8), (372.8, 372.8), (372.8, 372.8), (372.8, 372.8), (372.8, 372.8), (372.8, 372.8), (372.8, 372.8), (372.8, 372.8), (372.8, 372.8), (372.8, 372.8), (372.8, 372.8), (372.8, 372.8), (372.8, 372.8), (372.8, 372.8), (372.8, 372.8), (372.8, 372.8), (372.8, 372.8), (372.8, 372.8), (372.8, 372.8), (372.8, 372.8), (372.8, 372.8), (372.8, 372.8), (372.8, 372.8), (372.8, 372.8), (372.8, 372.8), (372.8, 372.8), (372.8, 372.8)]",0,1,8.45
novice,bomberman,2,Bomb,3,0,34.68,0.926,"[(48.0, 48.0), (62.9, 51.7), (77.9, 51.7), (98.4, 51.7), (113.3, 57.3), (115.2, 72.3), (115.2, 89.1), (115.2, 107.7), (128.3, 115.2), (143.2, 115.2), (165.6, 115.2), (180.5, 124.5), (180.5, 139.5), (180.5, 160.0), (184.3, 176.8), (199.2, 180.5), (217.9, 180.5), (236.5, 182.4), (244.0, 197.3), (244.0, 212.3), (244.0, 234.7), (257.1, 244.0), (272.0, 244.0), (292.5, 244.0), (307.5, 253.3), (307.5, 268.3), (307.5, 288.8), (311.2, 303.7), (326.1, 307.5), (342.9, 307.5), (361.6, 307.5), (372.8, 320.5), (372.8, 335.5), (372.8, 350.4), (372.8, 365.3), (372.8, 372.8), (372.8, 372.8), (372.8, 372.8), (372.8, 372.8), (372.8, 372.8), (372.8, 372.8), (372.8, 372.8), (372.8, 372.8), (372.8, 372.8), (372.8, 372.8), (372.8, 372.8), (372.8, 372.8), (372.8, 372.8), (372.8, 372.8), (372.8, 372.8), (372.8, 372.8), (372.8, 372.8), (372.8, 372.8), (372.8, 372.8), (372.8, 372.8), (372.8, 372.8), (372.8, 372.8), (372.8, 372.8), (372.8, 372.8), (372.8, 372.8), (372.8, 372.8), (372.8, 372.8), (372.8, 372.8), (372.8, 372.8)]",0,1,8.45
novice,bomberman,2,Stuck,1,0,27.6,0.741,"[(48.0, 48.0), (62.9, 51.7), (77.9, 51.7), (98.4, 51.7), (113.3, 57.3), (115.2, 72.3), (115.2, 89.1), (115.2, 107.7), (128.3, 115.2), (143.2, 115.2), (165.6, 115.2), (180.5, 124.5), (180.5, 139.5), (180.5, 160.0), (184.3, 176.8), (199.2, 180.5), (217.9, 180.5), (236.5, 182.4), (244.0, 197.3), (244.0, 212.3), (244.0, 234.7), (257.1, 244.0), (272.0, 244.0), (292.5, 244.0), (307.5, 253.3), (307.5, 268.3), (307.5, 288.8), (311.2, 303.7), (326.1, 307.5), (342.9, 307.5), (361.6, 307.5), (372.8, 320.5), (372.8, 335.5), (372.8, 350.4), (372.8, 365.3), (372.8, 372.8), (372.8, 372.8), (372.8, 372.8), (372.8, 372.8), (372.8, 372.8), (372.8, 372.8), (372.8, 372.8), (372.8, 372.8), (372.8, 372.8), (372.8, 372.8), (372.8, 372.8), (372.8, 372.8), (372.8, 372.8), (372.8, 372.8), (372.8, 372.8), (372.8, 372.8), (372.8, 372.8), (372.8, 372.8), (372.8, 372.8), (372.8, 372.8), (372.8, 372.8), (372.8, 372.8), (372.8, 372.8), (372.8, 372.8), (372.8, 372.8), (372.8, 372.8), (372.8, 372.8), (372.8, 372.8), (372.8, 372.8), (372.8, 372.8), (372.8, 372.8), (372.8, 372.8), (372.8, 372.8), (372.8, 372.8), (372.8, 372.8), (372.8, 372.8), (372.8, 372.8), (372.8, 372.8), (372.8, 372.8), (372.8, 372.8), (372.8, 372.8), (372.8, 372.8), (372.8, 372.8), (372.8, 372.8), (372.8, 372.8)]",0,0,10.62
novice,bomberman,2,Stuck,0,0,31.29,0.741,"[(48.0, 48.0), (62.9, 51.7), (77.9, 51.7), (98.4, 51.7), (113.3, 57.3), (115.2, 72.3), (115.2, 89.1), (115.2, 107.7), (128.3, 115.2), (143.2, 115.2), (165.6, 115.2), (180.5, 124.5), (180.5, 139.5), (180.5, 160.0), (184.3, 176.8), (199.2, 180.5), (217.9, 180.5), (236.5, 182.4), (244.0, 197.3), (244.0, 212.3), (244.0, 234.7), (257.1, 244.0), (272.0, 244.0), (292.5, 244.0), (307.5, 253.3), (300.0, 268.3), (300.0, 288.8), (311.2, 303.7), (326.1, 307.5), (342.9, 307.5), (361.6, 307.5), (372.8, 320.5), (365.3, 335.5), (365.3, 356.0), (372.8, 370.9), (372.8, 372.8), (372.8, 372.8), (372.8, 372.8), (372.8, 372.8), (372.8, 372.8), (372.8, 372.8), (372.8, 372.8), (372.8, 372.8), (372.8, 372.8), (372.8, 372.8), (372.8, 372.8), (372.8, 372.8), (372.8, 372.8), (372.8, 372.8), (372.8, 372.8), (372.8, 372.8), (372.8, 372.8), (372.8, 372.8), (372.8, 372.8), (372.8, 372.8), (372.8, 372.8), (372.8, 372.8), (372.8, 372.8), (372.8, 372.8), (372.8, 372.8), (372.8, 372.8), (372.8, 372.8), (372.8, 372.8), (372.8, 372.8), (372.8, 372.8), (372.8, 372.8), (372.8, 372.8), (372.8, 372.8), (372.8, 372.8), (372.8, 372.8), (372.8, 372.8)]",0,0,9.37
novice,bomberman,2,Bomb,5,0,-0.47,0.37,"[(48.0, 48.0), (44.3, 62.9), (44.3, 77.9), (44.3, 92.8), (44.3, 107.7), (44.3, 122.7), (44.3, 137.6), (44.3, 152.5), (44.3, 167.5), (44.3, 182.4), (44.3, 197.3), (44.3, 212.3), (44.3, 227.2), (44.3, 242.1), (44.3, 257.1), (44.3, 272.0), (44.3, 286.9), (44.3, 301.9), (44.3, 316.8), (44.3, 331.7), (44.3, 346.7), (44.3, 361.6), (44.3, 372.8), (44.3, 372.8), (44.3, 372.8), (44.3, 372.8), (44.3, 372.8), (44.3, 372.8), (44.3, 372.8), (44.3, 372.8), (44.3, 372.8), (44.3, 372.8), (44.3, 372.8), (44.3, 372.8), (44.3, 372.8), (44.3, 372.8), (44.3, 372.8), (44.3, 372.8), (44.3, 372.8), (44.3, 372.8), (44.3, 372.8), (44.3, 372.8), (44.3, 372.8), (44.3, 372.8), (44.3, 372.8), (44.3, 372.8), (44.3, 372.8), (44.3, 372.8), (44.3, 372.8), (44.3, 372.8), (44.3, 372.8), (44.3, 372.8), (44.3, 372.8), (44.3, 372.8), (44.3, 372.8), (44.3, 372.8), (44.3, 372.8), (44.3, 372.8), (44.3, 372.8), (44.3, 372.8), (44.3, 372.8)]",0,0,8.0
novice,bomberman,2,Bomb,4,0,48.53,0.37,"[(48.0, 48.0), (62.9, 44.3), (77.9, 44.3), (92.8, 44.3), (107.7, 44.3), (122.7, 44.3), (137.6, 44.3), (152.5, 44.3), (167.5, 44.3), (182.4, 44.3), (197.3, 44.3), (212.3, 44.3), (227.2, 44.3), (242.1, 44.3), (257.1, 44.3), (272.0, 44.3), (286.9, 44.3), (301.9, 44.3), (316.8, 44.3), (331.7, 44.3), (346.7, 44.3), (361.6, 44.3), (376.5, 44.3), (391.5, 44.3), (406.4, 44.3), (421.3, 44.3), (436.3, 44.3), (436.3, 44.3), (436.3, 44.3), (436.3, 44.3), (436.3, 44.3), (436.3, 44.3), (436.3, 44.3), (436.3, 44.3), (436.3, 44.3), (436.3, 44.3), (436.3, 44.3), (436.3, 44.3), (436.3, 44.3), (436.3, 44.3), (436.3, 44.3), (436.3, 44.3), (436.3, 44.3), (436.3, 44.3), (436.3, 44.3), (436.3, 44.3), (436.3, 44.3), (436.3, 44.3), (436.3, 44.3), (436.3, 44.3), (436.3, 44.3), (436.3, 44.3), (436.3, 44.3), (436.3, 44.3), (436.3, 44.3), (436.3, 44.3), (436.3, 44.3), (436.3, 44.3), (436.3, 44.3), (436.3, 44.3), (436.3, 44.3)]",0,0,8.0
novice,bomberman,2,Bomb,5,0,19.44,0.741,"[(48.0, 48.0), (62.9, 51.7), (77.9, 51.7), (98.4, 51.7), (113.3, 57.3), (115.2, 72.3), (115.2, 89.1), (115.2, 107.7), (128.3, 115.2), (143.2, 115.2), (165.6, 115.2), (180.5, 124.5), (180.5, 139.5), (180.5, 154.4), (180.5, 169.3), (191.7, 180.5), (206.7, 180.5), (229.1, 180.5), (244.0, 189.9), (236.5, 204.8), (236.5, 227.2), (247.7, 242.1), (262.7, 244.0), (279.5, 244.0), (292.5, 244.0), (292.5, 244.0), (292.5, 244.0), (292.5, 244.0), (292.5, 244.0), (292.5, 244.0), (292.5, 244.0), (292.5, 244.0), (292.5, 244.0), (292.5, 244.0), (292.5, 244.0), (292.5, 244.0), (292.5, 244.0), (292.5, 244.0), (292.5, 244.0), (292.5, 244.0), (292.5, 244.0), (292.5, 244.0), (292.5, 244.0), (307.5, 253.3), (300.0, 268.3), (300.0, 288.8), (303.7, 303.7), (318.7, 307.5), (333.6, 307.5), (354.1, 307.5), (356.0, 307.5), (356.0, 307.5), (356.0, 307.5), (356.0, 307.5), (356.0, 307.5), (356.0, 307.5), (356.0, 307.5), (356.0, 307.5), (356.0, 307.5), (356.0, 307.5), (356.0, 307.5), (356.0, 307.5), (356.0, 307.5), (356.0, 307.5), (356.0, 307.5), (356.0, 307.5), (356.0, 307.5), (356.0, 307.5), (356.0, 307.5), (356.0, 307.5), (356.0, 307.5), (356.0, 307.5), (356.0, 307.5), (356.0, 307.5), (363.5, 307.5), (372.8, 322.4), (365.3, 337.3), (365.3, 357.9), (370.9, 372.8), (372.8, 372.8), (372.8, 372.8), (372.8, 372.8), (372.8, 372.8), (372.8, 372.8), (372.8, 372.8), (372.8, 372.8), (372.8, 372.8), (372.8, 372.8), (372.8, 372.8), (372.8, 372.8), (372.8, 372.8), (372.8, 372.8), (372.8, 372.8), (372.8, 372.8), (372.8, 372.8), (372.8, 372.8), (372.8, 372.8), (372.8, 372.8), (372.8, 372.8), (372.8, 372.8), (372.8, 372.8), (372.8, 372.8), (367.2, 372.8), (352.3, 372.8), (350.4, 372.8), (350.4, 372.8)]",0,0,14.02
novice,bomberman,2,Bomb,1,0,-0.93,0.0,"[(48.0, 48.0), (44.3, 44.3), (44.3, 44.3), (44.3, 44.3), (44.3, 44.3), (44.3, 44.3), (44.3, 44.3), (44.3, 44.3), (44.3, 44.3), (44.3, 44.3), (44.3, 44.3), (44.3, 44.3), (44.3, 44.3), (44.3, 44.3), (44.3, 44.3), (44.3, 44.3), (44.3, 44.3), (44.3, 44.3), (44.3, 44.3), (44.3, 44.3), (44.3, 44.3), (44.3, 44.3), (44.3, 44.3), (44.3, 44.3), (44.3, 44.3), (44.3, 44.3), (44.3, 44.3), (44.3, 44.3), (44.3, 44.3), (44.3, 44.3), (44.3, 44.3)]",0,0,4.0
novice,bomberman,2,Stuck,0,0,-0.75,0.0,"[(48.0, 48.0), (44.3, 48.0), (44.3, 48.0), (44.3, 48.0), (44.3, 48.0), (44.3, 48.0), (44.3, 48.0), (44.3, 48.0), (44.3, 48.0), (44.3, 48.0), (44.3, 48.0), (44.3, 48.0), (44.3, 48.0), (44.3, 48.0), (44.3, 48.0), (44.3, 48.0), (44.3, 48.0), (44.3, 48.0), (44.3, 48.0), (44.3, 48.0), (44.3, 48.0), (44.3, 48.0), (44.3, 48.0), (44.3, 48.0), (44.3, 48.0), (44.3, 48.0), (44.3, 48.0), (44.3, 48.0), (44.3, 48.0), (44.3, 48.0), (44.3, 48.0), (44.3, 48.0), (44.3, 48.0), (44.3, 48.0), (44.3, 48.0), (44.3, 48.0), (44.3, 48.0), (44.3, 48.0)]",0,0,5.0
novice,bomberman,2,Bomb,3,0,29.45,0.926,"[(48.0, 48.0), (62.9, 51.7), (77.9, 51.7), (98.4, 51.7), (113.3, 57.3), (115.2, 72.3), (115.2, 89.1), (115.2, 107.7), (128.3, 115.2), (143.2, 115.2), (165.6, 115.2), (180.5, 124.5), (180.5, 139.5), (180.5, 160.0), (184.3, 176.8), (199.2, 180.5), (217.9, 180.5), (236.5, 182.4), (244.0, 197.3), (244.0, 212.3), (244.0, 234.7), (257.1, 244.0), (272.0, 244.0), (292.5, 244.0), (307.5, 253.3), (307.5, 268.3), (307.5, 288.8), (311.2, 303.7), (326.1, 307.5), (342.9, 307.5), (361.6, 307.5), (372.8, 320.5), (372.8, 335.5), (372.8, 350.4), (372.8, 365.3), (372.8, 372.8), (372.8, 372.8), (372.8, 372.8), (372.8, 372.8), (372.8, 372.8), (372.8, 372.8), (372.8, 372.8), (372.8, 372.8), (372.8, 372.8), (372.8, 372.8), (372.8, 372.8), (372.8, 372.8), (372.8, 372.8), (372.8, 372.8), (372.8, 372.8), (372.8, 372.8), (372.8, 372.8), (372.8, 372.8), (372.8, 372.8), (372.8, 372.8), (372.8, 372.8), (372.8, 372.8), (372.8, 372.8), (372.8, 372.8), (372.8, 372.8), (372.8, 372.8), (372.8, 372.8), (372.8, 372.8), (372.8, 372.8), (372.8, 372.8), (372.8, 372.8), (372.8, 372.8), (372.8, 372.8), (372.8, 372.8), (372.8, 372.8), (372.8, 372.8), (372.8, 372.8), (372.8, 372.8), (372.8, 372.8), (372.8, 372.8)]",0,1,9.95
novice,bomberman,2,Bomb,1,0,14.84,0.074,"[(48.0, 48.0), (62.9, 51.7), (77.9, 44.3), (92.8, 44.3), (107.7, 44.3), (109.6, 44.3), (109.6, 44.3), (109.6, 44.3), (109.6, 44.3), (109.6, 44.3), (109.6, 44.3), (109.6, 44.3), (109.6, 44.3), (109.6, 44.3), (109.6, 44.3), (109.6, 44.3), (109.6, 44.3), (109.6, 44.3), (109.6, 44.3), (109.6, 44.3), (109.6, 44.3), (109.6, 44.3), (109.6, 44.3), (109.6, 44.3), (109.6, 44.3), (109.6, 44.3), (109.6, 44.3), (109.6, 44.3), (109.6, 44.3), (109.6, 44.3), (109.6, 44.3), (109.6, 44.3)]",0,0,4.15
novice,bomberman,2,Bomb,3,0,29.45,0.926,"[(48.0, 48.0), (62.9, 51.7), (77.9, 51.7), (98.4, 51.7), (113.3, 57.3), (115.2, 72.3), (115.2, 89.1), (115.2, 107.7), (128.3, 115.2), (143.2, 115.2), (165.6, 115.2), (180.5, 124.5), (180.5, 139.5), (180.5, 160.0), (184.3, 176.8), (199.2, 180.5), (217.9, 180.5), (236.5, 182.4), (244.0, 197.3), (244.0, 212.3), (244.0, 234.7), (257.1, 244.0), (272.0, 244.0), (292.5, 244.0), (307.5, 253.3), (307.5, 268.3), (307.5, 288.8), (311.2, 303.7), (326.1, 307.5), (342.9, 307.5), (361.6, 307.5), (372.8, 320.5), (372.8, 335.5), (372.8, 350.4), (372.8, 365.3), (372.8, 372.8), (372.8, 372.8), (372.8, 372.8), (372.8, 372.8), (372.8, 372.8), (372.8, 372.8), (372.8, 372.8), (372.8, 372.8), (372.8, 372.8), (372.8, 372.8), (372.8, 372.8), (372.8, 372.8), (372.8, 372.8), (372.8, 372.8), (372.8, 372.8), (372.8, 372.8), (372.8, 372.8), (372.8, 372.8), (372.8, 372.8), (372.8, 372.8), (372.8, 372.8), (372.8, 372.8), (372.8, 372.8), (372.8, 372.8), (372.8, 372.8), (372.8, 372.8), (372.8, 372.8), (372.8, 372.8), (372.8, 372.8), (372.8, 372.8), (372.8, 372.8), (372.8, 372.8), (372.8, 372.8), (372.8, 372.8), (372.8, 372.8), (372.8, 372.8), (372.8, 372.8), (372.8, 372.8), (372.8, 372.8), (372.8, 372.8)]",0,1,9.95
novice,bomberman,2,Bomb,3,0,34.68,0.926,"[(48.0, 48.0), (62.9, 51.7), (77.9, 51.7), (98.4, 51.7), (113.3, 57.3), (115.2, 72.3), (115.2, 89.1), (115.2, 107.7), (128.3, 115.2), (143.2, 115.2), (165.6, 115.2), (180.5, 124.5), (180.5, 139.5), (180.5, 160.0), (184.3, 176.8), (199.2, 180.5), (217.9, 180.5), (236.5, 182.4), (244.0, 197.3), (244.0, 212.3), (244.0, 234.7), (257.1, 244.0), (272.0, 244.0), (292.5, 244.0), (307.5, 253.3), (307.5, 268.3), (307.5, 288.8), (311.2, 303.7), (326.1, 307.5), (342.9, 307.5), (361.6, 307.5), (372.8, 320.5), (372.8, 335.5), (372.8, 350.4), (372.8, 365.3), (372.8, 372.8), (372.8, 372.8), (372.8, 372.8), (372.8, 372.8), (372.8, 372.8), (372.8, 372.8), (372.8, 372.8), (372.8, 372.8), (372.8, 372.8), (372.8, 372.8), (372.8, 372.8), (372.8, 372.8), (372.8, 372.8), (372.8, 372.8), (372.8, 372.8), (372.8, 372.8), (372.8, 372.8), (372.8, 372.8), (372.8, 372.8), (372.8, 372.8), (372.8, 372.8), (372.8, 372.8), (372.8, 372.8), (372.8, 372.8), (372.8, 372.8), (372.8, 372.8), (372.8, 372.8), (372.8, 372.8), (372.8, 372.8)]",0,1,8.45
novice,bomberman,2,Bomb,5,0,19.44,0.741,"[(48.0, 48.0), (62.9, 51.7), (77.9, 51.7), (98.4, 51.7), (113.3, 57.3), (115.2, 72.3), (115.2, 89.1), (115.2, 107.7), (128.3, 115.2), (143.2, 115.2), (165.6, 115.2), (180.5, 124.5), (180.5, 139.5), (180.5, 154.4), (180.5, 169.3), (191.7, 180.5), (206.7, 180.5), (229.1, 180.5), (244.0, 189.9), (236.5, 204.8), (236.5, 227.2), (247.7, 242.1), (262.7, 244.0), (279.5, 244.0), (292.5, 244.0), (292.5, 244.0), (292.5, 244.0), (292.5, 244.0), (292.5, 244.0), (292.5, 244.0), (292.5, 244.0), (292.5, 244.0), (292.5, 244.0), (292.5, 244.0), (292.5, 244.0), (292.5, 244.0), (292.5, 244.0), (292.5, 244.0), (292.5, 244.0), (292.5, 244.0), (292.5, 244.0), (292.5, 244.0), (292.5, 244.0), (307.5, 253.3), (300.0, 268.3), (300.0, 288.8), (303.7, 303.7), (318.7, 307.5), (333.6, 307.5), (354.1, 307.5), (356.0, 307.5), (356.0, 307.5), (356.0, 307.5), (356.0, 307.5), (356.0, 307.5), (356.0, 307.5), (356.0, 307.5), (356.0, 307.5), (356.0, 307.5), (356.0, 307.5), (356.0, 307.5), (356.0, 307.5), (356.0, 307.5), (356.0, 307.5), (356.0, 307.5), (356.0, 307.5), (356.0, 307.5), (356.0, 307.5), (356.0, 307.5), (356.0, 307.5), (356.0, 307.5), (356.0, 307.5), (356.0, 307.5), (356.0, 307.5), (363.5, 307.5), (372.8, 322.4), (365.3, 337.3), (365.3, 357.9), (370.9, 372.8), (372.8, 372.8), (372.8, 372.8), (372.8, 372.8), (372.8, 372.8), (372.8, 372.8), (372.8, 372.8), (372.8, 372.8), (372.8, 372.8), (372.8, 372.8), (372.8, 372.8), (372.8, 372.8), (372.8, 372.8), (372.8, 372.8), (372.8, 372.8), (372.8, 372.8), (372.8, 372.8), (372.8, 372.8), (372.8, 372.8), (372.8, 372.8), (372.8, 372.8), (372.8, 372.8), (372.8, 372.8), (372.8, 372.8), (367.2, 372.8), (352.3, 372.8), (350.4, 372.8), (350.4, 372.8)]",0,0,14.02
novice,bomberman,2,Stuck,1,0,27.6,0.741,"[(48.0, 48.0), (62.9, 51.7), (77.9, 51.7), (98.4, 51.7), (113.3, 57.3), (115.2, 72.3), (115.2, 89.1), (115.2, 107.7), (128.3, 115.2), (143.2, 115.2), (165.6, 115.2), (180.5, 124.5), (180.5, 139.5), (180.5, 160.0), (184.3, 176.8), (199.2, 180.5), (217.9, 180.5), (236.5, 182.4), (244.0, 197.3), (244.0, 212.3), (244.0, 234.7), (257.1, 244.0), (272.0, 244.0), (292.5, 244.0), (307.5, 253.3), (307.5, 268.3), (307.5, 288.8), (311.2, 303.7), (326.1, 307.5), (342.9, 307.5), (361.6, 307.5), (372.8, 320.5), (372.8, 335.5), (372.8, 350.4), (372.8, 365.3), (372.8, 372.8), (372.8, 372.8), (372.8, 372.8), (372.8, 372.8), (372.8, 372.8), (372.8, 372.8), (372.8, 372.8), (372.8, 372.8), (372.8, 372.8), (372.8, 372.8), (372.8, 372.8), (372.8, 372.8), (372.8, 372.8), (372.8, 372.8), (372.8, 372.8), (372.8, 372.8), (372.8, 372.8), (372.8, 372.8), (372.8, 372.8), (372.8, 372.8), (372.8, 372.8), (372.8, 372.8), (372.8, 372.8), (372.8, 372.8), (372.8, 372.8), (372.8, 372.8), (372.8, 372.8), (372.8, 372.8), (372.8, 372.8), (372.8, 372.8), (372.8, 372.8), (372.8, 372.8), (372.8, 372.8), (372.8, 372.8), (372.8, 372.8), (372.8, 372.8), (372.8, 372.8), (372.8, 372.8), (372.8, 372.8), (372.8, 372.8), (372.8, 372.8), (372.8, 372.8), (372.8, 372.8), (372.8, 372.8), (372.8, 372.8)]",0,0,10.62
novice,bomberman,2,Stuck,0,0,31.23,0.741,"[(48.0, 48.0), (62.9, 51.7), (77.9, 51.7), (98.4, 51.7), (113.3, 57.3), (115.2, 72.3), (115.2, 89.1), (115.2, 107.7), (128.3, 115.2), (143.2, 115.2), (165.6, 115.2), (180.5, 124.5), (180.5, 139.5), (180.5, 160.0), (184.3, 176.8), (199.2, 180.5), (217.9, 180.5), (236.5, 182.4), (244.0, 197.3), (244.0, 212.3), (244.0, 234.7), (257.1, 244.0), (272.0, 244.0), (292.5, 244.0), (307.5, 253.3), (307.5, 268.3), (300.0, 283.2), (309.3, 301.9), (324.3, 307.5), (339.2, 307.5), (359.7, 307.5), (372.8, 318.7), (365.3, 333.6), (365.3, 354.1), (372.8, 369.1), (372.8, 372.8), (372.8, 372.8), (372.8, 372.8), (372.8, 372.8), (372.8, 372.8), (372.8, 372.8), (372.8, 372.8), (372.8, 372.8), (372.8, 372.8), (372.8, 372.8), (372.8, 372.8), (372.8, 372.8), (372.8, 372.8), (372.8, 372.8), (372.8, 372.8), (372.8, 372.8), (372.8, 372.8), (372.8, 372.8), (372.8, 372.8), (372.8, 372.8), (372.8, 372.8), (372.8, 372.8), (372.8, 372.8), (372.8, 372.8), (372.8, 372.8), (372.8, 372.8), (372.8, 372.8), (372.8, 372.8), (372.8, 372.8), (372.8, 372.8), (372.8, 372.8), (372.8, 372.8), (372.8, 372.8), (372.8, 372.8), (372.8, 372.8), (372.8, 372.8)]",0,0,9.38
novice,bomberman,2,Stuck,0,0,31.29,0.741,"[(48.0, 48.0), (62.9, 51.7), (77.9, 51.7), (98.4, 51.7), (113.3, 57.3), (115.2, 72.3), (115.2, 89.1), (115.2, 107.7), (128.3, 115.2), (143.2, 115.2), (165.6, 115.2), (180.5, 124.5), (180.5, 139.5), (180.5, 160.0), (184.3, 176.8), (199.2, 180.5), (217.9, 180.5), (236.5, 182.4), (244.0, 197.3), (244.0, 212.3), (244.0, 234.7), (257.1, 244.0), (272.0, 244.0), (292.5, 244.0), (307.5, 253.3), (300.0, 268.3), (300.0, 288.8), (311.2, 303.7), (326.1, 307.5), (342.9, 307.5), (361.6, 307.5), (372.8, 320.5), (365.3, 335.5), (365.3, 356.0), (372.8, 370.9), (372.8, 372.8), (372.8, 372.8), (372.8, 372.8), (372.8, 372.8), (372.8, 372.8), (372.8, 372.8), (372.8, 372.8), (372.8, 372.8), (372.8, 372.8), (372.8, 372.8), (372.8, 372.8), (372.8, 372.8), (372.8, 372.8), (372.8, 372.8), (372.8, 372.8), (372.8, 372.8), (372.8, 372.8), (372.8, 372.8), (372.8, 372.8), (372.8, 372.8), (372.8, 372.8), (372.8, 372.8), (372.8, 372.8), (372.8, 372.8), (372.8, 372.8), (372.8, 372.8), (372.8, 372.8), (372.8, 372.8), (372.8, 372.8), (372.8, 372.8), (372.8, 372.8), (372.8, 372.8), (372.8, 372.8), (372.8, 372.8), (372.8, 372.8), (372.8, 372.8)]",0,0,9.37
novice,bomberman,2,Stuck,4,0,-0.39,0.37,"[(48.0, 48.0), (44.3, 62.9), (44.3, 77.9), (44.3, 92.8), (44.3, 107.7), (44.3, 122.7), (44.3, 137.6), (44.3, 152.5), (44.3, 167.5), (44.3, 182.4), (44.3, 197.3), (44.3, 212.3), (44.3, 227.2), (44.3, 242.1), (44.3, 257.1), (44.3, 272.0), (44.3, 286.9), (44.3, 301.9), (44.3, 316.8), (44.3, 331.7), (44.3, 346.7), (44.3, 361.6), (44.3, 372.8), (44.3, 372.8), (44.3, 372.8), (44.3, 372.8), (44.3, 372.8), (44.3, 372.8), (44.3, 372.8), (44.3, 372.8), (44.3, 372.8), (44.3, 372.8), (44.3, 372.8), (44.3, 372.8), (44.3, 372.8), (44.3, 372.8), (44.3, 372.8), (44.3, 372.8), (44.3, 372.8), (44.3, 372.8), (44.3, 372.8), (44.3, 372.8), (44.3, 372.8), (44.3, 372.8), (44.3, 372.8), (44.3, 372.8), (44.3, 372.8), (44.3, 372.8), (44.3, 372.8), (44.3, 372.8), (44.3, 372.8), (44.3, 372.8), (44.3, 372.8), (44.3, 372.8), (44.3, 372.8), (44.3, 372.8), (44.3, 372.8), (44.3, 372.8), (44.3, 372.8), (44.3, 372.8), (44.3, 372.8), (44.3, 372.8), (44.3, 372.8), (44.3, 372.8), (44.3, 372.8), (44.3, 372.8), (44.3, 372.8), (44.3, 372.8), (44.3, 372.8), (44.3, 372.8), (44.3, 372.8), (44.3, 372.8), (44.3, 372.8)]",0,0,9.62
novice,bomberman,2,Bomb,4,0,35.52,0.741,"[(48.0, 48.0), (62.9, 51.7), (77.9, 51.7), (98.4, 51.7), (113.3, 57.3), (115.2, 72.3), (115.2, 89.1), (115.2, 107.7), (128.3, 115.2), (143.2, 115.2), (165.6, 115.2), (180.5, 124.5), (180.5, 139.5), (180.5, 160.0), (184.3, 176.8), (199.2, 180.5), (217.9, 180.5), (236.5, 182.4), (244.0, 197.3), (244.0, 212.3), (244.0, 234.7), (257.1, 244.0), (272.0, 244.0), (292.5, 244.0), (307.5, 253.3), (307.5, 268.3), (307.5, 288.8), (311.2, 303.7), (326.1, 307.5), (342.9, 307.5), (361.6, 307.5), (372.8, 320.5), (372.8, 335.5), (372.8, 350.4), (372.8, 365.3), (372.8, 372.8), (372.8, 372.8), (372.8, 372.8), (372.8, 372.8), (372.8, 372.8), (372.8, 372.8), (372.8, 372.8), (372.8, 372.8), (372.8, 372.8), (372.8, 372.8), (372.8, 372.8), (372.8, 372.8), (372.8, 372.8), (372.8, 372.8), (372.8, 372.8), (372.8, 372.8), (372.8, 372.8), (372.8, 372.8), (372.8, 372.8), (372.8, 372.8), (372.8, 372.8), (372.8, 372.8), (372.8, 372.8), (372.8, 372.8), (372.8, 372.8), (372.8, 372.8), (372.8, 372.8)]",0,0,8.25
novice,bomberman,2,Stuck,0,0,32.87,0.667,"[(48.0, 48.0), (62.9, 51.7), (77.9, 51.7), (98.4, 51.7), (113.3, 57.3), (115.2, 72.3), (115.2, 89.1), (115.2, 107.7), (128.3, 115.2), (143.2, 115.2), (165.6, 115.2), (180.5, 124.5), (180.5, 139.5), (180.5, 160.0), (184.3, 176.8), (199.2, 180.5), (217.9, 180.5), (236.5, 182.4), (244.0, 197.3), (244.0, 212.3), (244.0, 234.7), (257.1, 244.0), (272.0, 244.0), (292.5, 244.0), (307.5, 253.3), (307.5, 268.3), (307.5, 288.8), (311.2, 303.7), (326.1, 307.5), (342.9, 307.5), (361.6, 301.9), (372.8, 286.9), (372.8, 290.7), (372.8, 283.2), (372.8, 292.5), (372.8, 286.9), (372.8, 294.4), (372.8, 290.7), (372.8, 292.5), (372.8, 292.5), (372.8, 290.7), (372.8, 290.7), (372.8, 288.8), (372.8, 288.8), (372.8, 286.9), (372.8, 286.9), (372.8, 285.1), (372.8, 290.7), (372.8, 283.2), (372.8, 292.5), (372.8, 286.9), (372.8, 294.4), (372.8, 290.7), (372.8, 292.5), (372.8, 292.5), (372.8, 290.7), (372.8, 290.7), (372.8, 288.8), (372.8, 288.8), (372.8, 286.9), (372.8, 286.9), (372.8, 285.1), (372.8, 290.7), (372.8, 283.2), (372.8, 292.5), (372.8, 286.9), (372.8, 294.4)]",0,0,8.92
novice,bomberman,2,Bomb,3,0,32.21,0.926,"[(48.0, 48.0), (62.9, 51.7), (77.9, 51.7), (98.4, 51.7), (113.3, 57.3), (115.2, 72.3), (115.2, 89.1), (115.2, 107.7), (128.3, 115.2), (143.2, 115.2), (165.6, 115.2), (180.5, 124.5), (180.5, 139.5), (180.5, 160.0), (184.3, 176.8), (199.2, 180.5), (217.9, 180.5), (236.5, 182.4), (244.0, 197.3), (244.0, 212.3), (244.0, 234.7), (257.1, 244.0), (272.0, 244.0), (292.5, 244.0), (307.5, 253.3), (307.5, 268.3), (307.5, 288.8), (311.2, 303.7), (326.1, 307.5), (342.9, 307.5), (361.6, 307.5), (372.8, 320.5), (372.8, 335.5), (372.8, 350.4), (372.8, 365.3), (372.8, 372.8), (372.8, 372.8), (372.8, 372.8), (372.8, 372.8), (372.8, 372.8), (372.8, 372.8), (372.8, 372.8), (372.8, 372.8), (372.8, 372.8), (372.8, 372.8), (372.8, 372.8), (372.8, 372.8), (372.8, 372.8), (372.8, 372.8), (372.8, 372.8), (372.8, 372.8), (372.8, 372.8), (372.8, 372.8), (372.8, 372.8), (372.8, 372.8), (372.8, 372.8), (372.8, 372.8), (372.8, 372.8), (372.8, 372.8), (372.8, 372.8), (372.8, 372.8), (372.8, 372.8), (372.8, 372.8), (372.8, 372.8), (372.8, 372.8), (372.8, 372.8), (372.8, 372.8), (372.8, 372.8), (372.8, 372.8)]",0,1,9.1
novice,bomberman,2,Bomb,3,0,32.21,0.926,"[(48.0, 48.0), (62.9, 51.7), (77.9, 51.7), (98.4, 51.7), (113.3, 57.3), (115.2, 72.3), (115.2, 89.1), (115.2, 107.7), (128.3, 115.2), (143.2, 115.2), (165.6, 115.2), (180.5, 124.5), (180.5, 139.5), (180.5, 160.0), (184.3, 176.8), (199.2, 180.5), (217.9, 180.5), (236.5, 182.4), (244.0, 197.3), (244.0, 212.3), (244.0, 234.7), (257.1, 244.0), (272.0, 244.0), (292.5, 244.0), (307.5, 253.3), (307.5, 268.3), (307.5, 288.8), (311.2, 303.7), (326.1, 307.5), (342.9, 307.5), (361.6, 307.5), (372.8, 320.5), (372.8, 335.5), (372.8, 350.4), (372.8, 365.3), (372.8, 372.8), (372.8, 372.8), (372.8, 372.8), (372.8, 372.8), (372.8, 372.8), (372.8, 372.8), (372.8, 372.8), (372.8, 372.8), (372.8, 372.8), (372.8, 372.8), (372.8, 372.8), (372.8, 372.8), (372.8, 372.8), (372.8, 372.8), (372.8, 372.8), (372.8, 372.8), (372.8, 372.8), (372.8, 372.8), (372.8, 372.8), (372.8, 372.8), (372.8, 372.8), (372.8, 372.8), (372.8, 372.8), (372.8, 372.8), (372.8, 372.8), (372.8, 372.8), (372.8, 372.8), (372.8, 372.8), (372.8, 372.8), (372.8, 372.8), (372.8, 372.8), (372.8, 372.8), (372.8, 372.8), (372.8, 372.8)]",0,1,9.1
novice,bomberman,2,Bomb,3,0,34.68,0.926,"[(48.0, 48.0), (62.9, 51.7), (77.9, 51.7), (98.4, 51.7), (113.3, 57.3), (115.2, 72.3), (115.2, 89.1), (115.2, 107.7), (128.3, 115.2), (143.2, 115.2), (165.6, 115.2), (180.5, 124.5), (180.5, 139.5), (180.5, 160.0), (184.3, 176.8), (199.2, 180.5), (217.9, 180.5), (236.5, 182.4), (244.0, 197.3), (244.0, 212.3), (244.0, 234.7), (257.1, 244.0), (272.0, 244.0), (292.5, 244.0), (307.5, 253.3), (307.5, 268.3), (307.5, 288.8), (311.2, 303.7), (326.1, 307.5), (342.9, 307.5), (361.6, 307.5), (372.8, 320.5), (372.8, 335.5), (372.8, 350.4), (372.8, 365.3), (372.8, 372.8), (372.8, 372.8), (372.8, 372.8), (372.8, 372.8), (372.8, 372.8), (372.8, 372.8), (372.8, 372.8), (372.8, 372.8), (372.8, 372.8), (372.8, 372.8), (372.8, 372.8), (372.8, 372.8), (372.8, 372.8), (372.8, 372.8), (372.8, 372.8), (372.8, 372.8), (372.8, 372.8), (372.8, 372.8), (372.8, 372.8), (372.8, 372.8), (372.8, 372.8), (372.8, 372.8), (372.8, 372.8), (372.8, 372.8), (372.8, 372.8), (372.8, 372.8), (372.8, 372.8), (372.8, 372.8), (372.8, 372.8)]",0,1,8.45
novice,bomberman,2,Bomb,3,0,29.45,0.926,"[(48.0, 48.0), (62.9, 51.7), (77.9, 51.7), (98.4, 51.7), (113.3, 57.3), (115.2, 72.3), (115.2, 89.1), (115.2, 107.7), (128.3, 115.2), (143.2, 115.2), (165.6, 115.2), (180.5, 124.5), (180.5, 139.5), (180.5, 160.0), (184.3, 176.8), (199.2, 180.5), (217.9, 180.5), (236.5, 182.4), (244.0, 197.3), (244.0, 212.3), (244.0, 234.7), (257.1, 244.0), (272.0, 244.0), (292.5, 244.0), (307.5, 253.3), (307.5, 268.3), (307.5, 288.8), (311.2, 303.7), (326.1, 307.5), (342.9, 307.5), (361.6, 307.5), (372.8, 320.5), (372.8, 335.5), (372.8, 350.4), (372.8, 365.3), (372.8, 372.8), (372.8, 372.8), (372.8, 372.8), (372.8, 372.8), (372.8, 372.8), (372.8, 372.8), (372.8, 372.8), (372.8, 372.8), (372.8, 372.8), (372.8, 372.8), (372.8, 372.8), (372.8, 372.8), (372.8, 372.8), (372.8, 372.8), (372.8, 372.8), (372.8, 372.8), (372.8, 372.8), (372.8, 372.8), (372.8, 372.8), (372.8, 372.8), (372.8, 372.8), (372.8, 372.8), (372.8, 372.8), (372.8, 372.8), (372.8, 372.8), (372.8, 372.8), (372.8, 372.8), (372.8, 372.8), (372.8, 372.8), (372.8, 372.8), (372.8, 372.8), (372.8, 372.8), (372.8, 372.8), (372.8, 372.8), (372.8, 372.8), (372.8, 372.8), (372.8, 372.8), (372.8, 372.8), (372.8, 372.8), (372.8, 372.8)]",0,1,9.95
novice,bomberman,2,Bomb,4,0,35.52,0.741,"[(48.0, 48.0), (62.9, 51.7), (77.9, 51.7), (98.4, 51.7), (113.3, 57.3), (115.2, 72.3), (115.2, 89.1), (115.2, 107.7), (128.3, 115.2), (143.2, 115.2), (165.6, 115.2), (180.5, 124.5), (180.5, 139.5), (180.5, 160.0), (184.3, 176.8), (199.2, 180.5), (217.9, 180.5), (236.5, 182.4), (244.0, 197.3), (244.0, 212.3), (244.0, 234.7), (257.1, 244.0), (272.0, 244.0), (292.5, 244.0), (307.5, 253.3), (307.5, 268.3), (307.5, 288.8), (311.2, 303.7), (326.1, 307.5), (342.9, 307.5), (361.6, 307.5), (372.8, 320.5), (372.8, 335.5), (372.8, 350.4), (372.8, 365.3), (372.8, 372.8), (372.8, 372.8), (372.8, 372.8), (372.8, 372.8), (372.8, 372.8), (372.8, 372.8), (372.8, 372.8), (372.8, 372.8), (372.8, 372.8), (372.8, 372.8), (372.8, 372.8), (372.8, 372.8), (372.8, 372.8), (372.8, 372.8), (372.8, 372.8), (372.8, 372.8), (372.8, 372.8), (372.8, 372.8), (372.8, 372.8), (372.8, 372.8), (372.8, 372.8), (372.8, 372.8), (372.8, 372.8), (372.8, 372.8), (372.8, 372.8), (372.8, 372.8), (372.8, 372.8)]",0,0,8.25
novice,bomberman,2,Bomb,5,0,32.21,0.926,"[(48.0, 48.0), (62.9, 51.7), (77.9, 51.7), (98.4, 51.7), (113.3, 57.3), (115.2, 72.3), (115.2, 89.1), (115.2, 107.7), (128.3, 115.2), (143.2, 115.2), (165.6, 115.2), (180.5, 124.5), (180.5, 139.5), (180.5, 160.0), (184.3, 176.8), (199.2, 180.5), (217.9, 180.5), (236.5, 182.4), (244.0, 197.3), (244.0, 212.3), (244.0, 234.7), (257.1, 244.0), (272.0, 244.0), (292.5, 244.0), (307.5, 253.3), (307.5, 268.3), (307.5, 288.8), (311.2, 303.7), (326.1, 307.5), (342.9, 307.5), (361.6, 307.5), (372.8, 320.5), (372.8, 335.5), (372.8, 350.4), (372.8, 365.3), (372.8, 372.8), (372.8, 372.8), (372.8, 372.8), (372.8, 372.8), (372.8, 372.8), (372.8, 372.8), (372.8, 372.8), (372.8, 372.8), (372.8, 372.8), (372.8, 372.8), (372.8, 372.8), (372.8, 372.8), (372.8, 372.8), (372.8, 372.8), (372.8, 372.8), (372.8, 372.8), (372.8, 372.8), (372.8, 372.8), (372.8, 372.8), (372.8, 372.8), (372.8, 372.8), (372.8, 372.8), (372.8, 372.8), (372.8, 372.8), (372.8, 372.8), (372.8, 372.8), (372.8, 372.8), (372.8, 372.8), (372.8, 372.8), (372.8, 372.8), (372.8, 372.8), (372.8, 372.8), (372.8, 372.8), (372.8, 372.8)]",0,1,9.1
novice,bomberman,2,Bomb,3,0,31.86,0.926,"[(48.0, 48.0), (62.9, 51.7), (77.9, 51.7), (98.4, 51.7), (113.3, 57.3), (115.2, 72.3), (115.2, 89.1), (115.2, 107.7), (128.3, 115.2), (143.2, 115.2), (165.6, 115.2), (180.5, 124.5), (180.5, 139.5), (180.5, 160.0), (184.3, 176.8), (199.2, 180.5), (217.9, 180.5), (236.5, 182.4), (244.0, 197.3), (244.0, 212.3), (244.0, 234.7), (257.1, 244.0), (272.0, 244.0), (292.5, 244.0), (307.5, 253.3), (307.5, 268.3), (307.5, 288.8), (311.2, 303.7), (326.1, 307.5), (342.9, 307.5), (361.6, 307.5), (372.8, 320.5), (372.8, 335.5), (372.8, 350.4), (372.8, 365.3), (372.8, 372.8), (372.8, 372.8), (372.8, 372.8), (372.8, 372.8), (372.8, 372.8), (372.8, 372.8), (372.8, 372.8), (372.8, 372.8), (372.8, 372.8), (372.8, 372.8), (372.8, 372.8), (372.8, 372.8), (372.8, 372.8), (372.8, 372.8), (372.8, 372.8), (372.8, 372.8), (372.8, 372.8), (372.8, 372.8), (372.8, 372.8), (372.8, 372.8), (372.8, 372.8), (372.8, 372.8), (372.8, 372.8), (372.8, 372.8), (372.8, 372.8), (372.8, 372.8), (372.8, 372.8), (372.8, 372.8), (372.8, 372.8), (372.8, 372.8), (372.8, 372.8), (372.8, 372.8), (372.8, 372.8), (372.8, 372.8), (372.8, 372.8)]",0,1,9.2
novice,bomberman,2,Bomb,3,0,32.21,0.926,"[(48.0, 48.0), (62.9, 51.7), (77.9, 51.7), (98.4, 51.7), (113.3, 57.3), (115.2, 72.3), (115.2, 89.1), (115.2, 107.7), (128.3, 115.2), (143.2, 115.2), (165.6, 115.2), (180.5, 124.5), (180.5, 139.5), (180.5, 160.0), (184.3, 176.8), (199.2, 180.5), (217.9, 180.5), (236.5, 182.4), (244.0, 197.3), (244.0, 212.3), (244.0, 234.7), (257.1, 244.0), (272.0, 244.0), (292.5, 244.0), (307.5, 253.3), (307.5, 268.3), (307.5, 288.8), (311.2, 303.7), (326.1, 307.5), (342.9, 307.5), (361.6, 307.5), (372.8, 320.5), (372.8, 335.5), (372.8, 350.4), (372.8, 365.3), (372.8, 372.8), (372.8, 372.8), (372.8, 372.8), (372.8, 372.8), (372.8, 372.8), (372.8, 372.8), (372.8, 372.8), (372.8, 372.8), (372.8, 372.8), (372.8, 372.8), (372.8, 372.8), (372.8, 372.8), (372.8, 372.8), (372.8, 372.8), (372.8, 372.8), (372.8, 372.8), (372.8, 372.8), (372.8, 372.8), (372.8, 372.8), (372.8, 372.8), (372.8, 372.8), (372.8, 372.8), (372.8, 372.8), (372.8, 372.8), (372.8, 372.8), (372.8, 372.8), (372.8, 372.8), (372.8, 372.8), (372.8, 372.8), (372.8, 372.8), (372.8, 372.8), (372.8, 372.8), (372.8, 372.8), (372.8, 372.8)]",0,1,9.1
novice,bomberman,2,Bomb,4,0,30.36,0.926,"[(48.0, 48.0), (62.9, 51.7), (77.9, 51.7), (98.4, 51.7), (113.3, 57.3), (115.2, 72.3), (115.2, 89.1), (115.2, 107.7), (128.3, 115.2), (143.2, 115.2), (165.6, 115.2), (180.5, 124.5), (180.5, 139.5), (180.5, 160.0), (184.3, 176.8), (199.2, 180.5), (217.9, 180.5), (236.5, 182.4), (244.0, 197.3), (244.0, 212.3), (244.0, 234.7), (257.1, 244.0), (272.0, 244.0), (292.5, 244.0), (307.5, 253.3), (307.5, 268.3), (307.5, 288.8), (311.2, 303.7), (326.1, 307.5), (342.9, 307.5), (361.6, 307.5), (372.8, 320.5), (372.8, 335.5), (372.8, 350.4), (372.8, 365.3), (372.8, 372.8), (372.8, 372.8), (372.8, 372.8), (372.8, 372.8), (372.8, 372.8), (372.8, 372.8), (372.8, 372.8), (372.8, 372.8), (372.8, 372.8), (372.8, 372.8), (372.8, 372.8), (372.8, 372.8), (372.8, 372.8), (372.8, 372.8), (372.8, 372.8), (372.8, 372.8), (372.8, 372.8), (372.8, 372.8), (372.8, 372.8), (372.8, 372.8), (372.8, 372.8), (372.8, 372.8), (372.8, 372.8), (372.8, 372.8), (372.8, 372.8), (372.8, 372.8), (372.8, 372.8), (372.8, 372.8), (372.8, 372.8), (372.8, 372.8), (372.8, 372.8), (372.8, 372.8), (363.5, 372.8), (352.3, 372.8)]",0,1,9.1
novice,bomberman,2,Bomb,5,0,34.28,0.926,"[(48.0, 48.0), (62.9, 51.7), (77.9, 51.7), (98.4, 51.7), (113.3, 57.3), (115.2, 72.3), (115.2, 89.1), (115.2, 107.7), (128.3, 115.2), (143.2, 115.2), (165.6, 115.2), (180.5, 124.5), (180.5, 139.5), (180.5, 160.0), (184.3, 176.8), (199.2, 180.5), (217.9, 180.5), (236.5, 182.4), (244.0, 197.3), (244.0, 212.3), (244.0, 234.7), (257.1, 244.0), (272.0, 244.0), (292.5, 244.0), (307.5, 253.3), (307.5, 268.3), (307.5, 288.8), (311.2, 303.7), (326.1, 307.5), (342.9, 307.5), (361.6, 307.5), (372.8, 320.5), (372.8, 335.5), (372.8, 350.4), (372.8, 365.3), (372.8, 372.8), (372.8, 372.8), (372.8, 372.8), (372.8, 372.8), (372.8, 372.8), (372.8, 372.8), (372.8, 372.8), (372.8, 372.8), (372.8, 372.8), (372.8, 372.8), (372.8, 372.8), (372.8, 372.8), (372.8, 372.8), (372.8, 372.8), (372.8, 372.8), (372.8, 372.8), (372.8, 372.8), (372.8, 372.8), (372.8, 372.8), (372.8, 372.8), (372.8, 372.8), (372.8, 372.8), (372.8, 372.8), (372.8, 372.8), (372.8, 372.8), (372.8, 372.8), (372.8, 372.8), (372.8, 372.8), (372.8, 372.8), (372.8, 372.8)]",0,1,8.55
novice,bomberman,2,Bomb,3,0,29.45,0.926,"[(48.0, 48.0), (62.9, 51.7), (77.9, 51.7), (98.4, 51.7), (113.3, 57.3), (115.2, 72.3), (115.2, 89.1), (115.2, 107.7), (128.3, 115.2), (143.2, 115.2), (165.6, 115.2), (180.5, 124.5), (180.5, 139.5), (180.5, 160.0), (184.3, 176.8), (199.2, 180.5), (217.9, 180.5), (236.5, 182.4), (244.0, 197.3), (244.0, 212.3), (244.0, 234.7), (257.1, 244.0), (272.0, 244.0), (292.5, 244.0), (307.5, 253.3), (307.5, 268.3), (307.5, 288.8), (311.2, 303.7), (326.1, 307.5), (342.9, 307.5), (361.6, 307.5), (372.8, 320.5), (372.8, 335.5), (372.8, 350.4), (372.8, 365.3), (372.8, 372.8), (372.8, 372.8), (372.8, 372.8), (372.8, 372.8), (372.8, 372.8), (372.8, 372.8), (372.8, 372.8), (372.8, 372.8), (372.8, 372.8), (372.8, 372.8), (372.8, 372.8), (372.8, 372.8), (372.8, 372.8), (372.8, 372.8), (372.8, 372.8), (372.8, 372.8), (372.8, 372.8), (372.8, 372.8), (372.8, 372.8), (372.8, 372.8), (372.8, 372.8), (372.8, 372.8), (372.8, 372.8), (372.8, 372.8), (372.8, 372.8), (372.8, 372.8), (372.8, 372.8), (372.8, 372.8), (372.8, 372.8), (372.8, 372.8), (372.8, 372.8), (372.8, 372.8), (372.8, 372.8), (372.8, 372.8), (372.8, 372.8), (372.8, 372.8), (372.8, 372.8), (372.8, 372.8), (372.8, 372.8), (372.8, 372.8)]",0,1,9.95
novice,bomberman,2,Bomb,3,0,29.45,0.926,"[(48.0, 48.0), (62.9, 51.7), (77.9, 51.7), (98.4, 51.7), (113.3, 57.3), (115.2, 72.3), (115.2, 89.1), (115.2, 107.7), (128.3, 115.2), (143.2, 115.2), (165.6, 115.2), (180.5, 124.5), (180.5, 139.5), (180.5, 160.0), (184.3, 176.8), (199.2, 180.5), (217.9, 180.5), (236.5, 182.4), (244.0, 197.3), (244.0, 212.3), (244.0, 234.7), (257.1, 244.0), (272.0, 244.0), (292.5, 244.0), (307.5, 253.3), (307.5, 268.3), (307.5, 288.8), (311.2, 303.7), (326.1, 307.5), (342.9, 307.5), (361.6, 307.5), (372.8, 320.5), (372.8, 335.5), (372.8, 350.4), (372.8, 365.3), (372.8, 372.8), (372.8, 372.8), (372.8, 372.8), (372.8, 372.8), (372.8, 372.8), (372.8, 372.8), (372.8, 372.8), (372.8, 372.8), (372.8, 372.8), (372.8, 372.8), (372.8, 372.8), (372.8, 372.8), (372.8, 372.8), (372.8, 372.8), (372.8, 372.8), (372.8, 372.8), (372.8, 372.8), (372.8, 372.8), (372.8, 372.8), (372.8, 372.8), (372.8, 372.8), (372.8, 372.8), (372.8, 372.8), (372.8, 372.8), (372.8, 372.8), (372.8, 372.8), (372.8, 372.8), (372.8, 372.8), (372.8, 372.8), (372.8, 372.8), (372.8, 372.8), (372.8, 372.8), (372.8, 372.8), (372.8, 372.8), (372.8, 372.8), (372.8, 372.8), (372.8, 372.8), (372.8, 372.8), (372.8, 372.8), (372.8, 372.8)]",0,1,9.95
novice,bomberman,2,Bomb,5,0,34.28,0.926,"[(48.0, 48.0), (62.9, 51.7), (77.9, 51.7), (98.4, 51.7), (113.3, 57.3), (115.2, 72.3), (115.2, 89.1), (115.2, 107.7), (128.3, 115.2), (143.2, 115.2), (165.6, 115.2), (180.5, 124.5), (180.5, 139.5), (180.5, 160.0), (184.3, 176.8), (199.2, 180.5), (217.9, 180.5), (236.5, 182.4), (244.0, 197.3), (244.0, 212.3), (244.0, 234.7), (257.1, 244.0), (272.0, 244.0), (292.5, 244.0), (307.5, 253.3), (307.5, 268.3), (307.5, 288.8), (311.2, 303.7), (326.1, 307.5), (342.9, 307.5), (361.6, 307.5), (372.8, 320.5), (372.8, 335.5), (372.8, 350.4), (372.8, 365.3), (372.8, 372.8), (372.8, 372.8), (372.8, 372.8), (372.8, 372.8), (372.8, 372.8), (372.8, 372.8), (372.8, 372.8), (372.8, 372.8), (372.8, 372.8), (372.8, 372.8), (372.8, 372.8), (372.8, 372.8), (372.8, 372.8), (372.8, 372.8), (372.8, 372.8), (372.8, 372.8), (372.8, 372.8), (372.8, 372.8), (372.8, 372.8), (372.8, 372.8), (372.8, 372.8), (372.8, 372.8), (372.8, 372.8), (372.8, 372.8), (372.8, 372.8), (372.8, 372.8), (372.8, 372.8), (372.8, 372.8), (372.8, 372.8), (372.8, 372.8)]",0,1,8.55
novice,bomberman,2,Bomb,4,0,30.36,0.926,"[(48.0, 48.0), (62.9, 51.7), (77.9, 51.7), (98.4, 51.7), (113.3, 57.3), (115.2, 72.3), (115.2, 89.1), (115.2, 107.7), (128.3, 115.2), (143.2, 115.2), (165.6, 115.2), (180.5, 124.5), (180.5, 139.5), (180.5, 160.0), (184.3, 176.8), (199.2, 180.5), (217.9, 180.5), (236.5, 182.4), (244.0, 197.3), (244.0, 212.3), (244.0, 234.7), (257.1, 244.0), (272.0, 244.0), (292.5, 244.0), (307.5, 253.3), (307.5, 268.3), (307.5, 288.8), (311.2, 303.7), (326.1, 307.5), (342.9, 307.5), (361.6, 307.5), (372.8, 320.5), (372.8, 335.5), (372.8, 350.4), (372.8, 365.3), (372.8, 372.8), (372.8, 372.8), (372.8, 372.8), (372.8, 372.8), (372.8, 372.8), (372.8, 372.8), (372.8, 372.8), (372.8, 372.8), (372.8, 372.8), (372.8, 372.8), (372.8, 372.8), (372.8, 372.8), (372.8, 372.8), (372.8, 372.8), (372.8, 372.8), (372.8, 372.8), (372.8, 372.8), (372.8, 372.8), (372.8, 372.8), (372.8, 372.8), (372.8, 372.8), (372.8, 372.8), (372.8, 372.8), (372.8, 372.8), (372.8, 372.8), (372.8, 372.8), (372.8, 372.8), (372.8, 372.8), (372.8, 372.8), (372.8, 372.8), (372.8, 372.8), (372.8, 372.8), (363.5, 372.8), (352.3, 372.8)]",0,1,9.1
novice,bomberman,2,Bomb,3,0,32.21,0.926,"[(48.0, 48.0), (62.9, 51.7), (77.9, 51.7), (98.4, 51.7), (113.3, 57.3), (115.2, 72.3), (115.2, 89.1), (115.2, 107.7), (128.3, 115.2), (143.2, 115.2), (165.6, 115.2), (180.5, 124.5), (180.5, 139.5), (180.5, 160.0), (184.3, 176.8), (199.2, 180.5), (217.9, 180.5), (236.5, 182.4), (244.0, 197.3), (244.0, 212.3), (244.0, 234.7), (257.1, 244.0), (272.0, 244.0), (292.5, 244.0), (307.5, 253.3), (307.5, 268.3), (307.5, 288.8), (311.2, 303.7), (326.1, 307.5), (342.9, 307.5), (361.6, 307.5), (372.8, 320.5), (372.8, 335.5), (372.8, 350.4), (372.8, 365.3), (372.8, 372.8), (372.8, 372.8), (372.8, 372.8), (372.8, 372.8), (372.8, 372.8), (372.8, 372.8), (372.8, 372.8), (372.8, 372.8), (372.8, 372.8), (372.8, 372.8), (372.8, 372.8), (372.8, 372.8), (372.8, 372.8), (372.8, 372.8), (372.8, 372.8), (372.8, 372.8), (372.8, 372.8), (372.8, 372.8), (372.8, 372.8), (372.8, 372.8), (372.8, 372.8), (372.8, 372.8), (372.8, 372.8), (372.8, 372.8), (372.8, 372.8), (372.8, 372.8), (372.8, 372.8), (372.8, 372.8), (372.8, 372.8), (372.8, 372.8), (372.8, 372.8), (372.8, 372.8), (372.8, 372.8), (372.8, 372.8)]",0,1,9.1
novice,bomberman,2,Bomb,6,0,24.22,0.926,"[(48.0, 48.0), (62.9, 51.7), (77.9, 51.7), (98.4, 51.7), (113.3, 57.3), (115.2, 72.3), (115.2, 89.1), (115.2, 107.7), (128.3, 115.2), (143.2, 115.2), (165.6, 115.2), (180.5, 124.5), (180.5, 139.5), (180.5, 160.0), (184.3, 176.8), (199.2, 180.5), (217.9, 180.5), (236.5, 182.4), (244.0, 197.3), (244.0, 212.3), (244.0, 234.7), (257.1, 244.0), (272.0, 244.0), (292.5, 244.0), (307.5, 253.3), (307.5, 268.3), (307.5, 288.8), (311.2, 303.7), (326.1, 307.5), (342.9, 307.5), (361.6, 307.5), (372.8, 320.5), (372.8, 335.5), (372.8, 350.4), (372.8, 365.3), (372.8, 372.8), (372.8, 372.8), (372.8, 372.8), (372.8, 372.8), (372.8, 372.8), (372.8, 372.8), (372.8, 372.8), (372.8, 372.8), (372.8, 372.8), (372.8, 372.8), (372.8, 372.8), (372.8, 372.8), (372.8, 372.8), (372.8, 372.8), (372.8, 372.8), (372.8, 372.8), (372.8, 372.8), (372.8, 372.8), (372.8, 372.8), (372.8, 372.8), (372.8, 372.8), (372.8, 372.8), (372.8, 372.8), (372.8, 372.8), (372.8, 372.8), (372.8, 372.8), (372.8, 372.8), (372.8, 372.8), (372.8, 372.8), (372.8, 372.8), (372.8, 372.8), (372.8, 372.8), (372.8, 372.8), (372.8, 372.8), (372.8, 372.8), (372.8, 372.8), (372.8, 372.8), (372.8, 372.8), (372.8, 372.8), (372.8, 372.8), (372.8, 372.8), (372.8, 372.8), (372.8, 372.8), (372.8, 372.8), (372.8, 372.8), (372.8, 372.8), (372.8, 372.8), (372.8, 372.8), (372.8, 372.8), (372.8, 372.8), (372.8, 372.8), (372.8, 372.8), (372.8, 372.8), (372.8, 372.8), (372.8, 372.8), (372.8, 372.8)]",0,1,12.1
novice,bomberman,2,Bomb,6,0,24.42,0.926,"[(48.0, 48.0), (62.9, 51.7), (77.9, 51.7), (98.4, 51.7), (113.3, 57.3), (115.2, 72.3), (115.2, 89.1), (115.2, 107.7), (128.3, 115.2), (143.2, 115.2), (165.6, 115.2), (180.5, 124.5), (180.5, 139.5), (180.5, 160.0), (184.3, 176.8), (199.2, 180.5), (217.9, 180.5), (236.5, 182.4), (244.0, 197.3), (244.0, 212.3), (244.0, 234.7), (257.1, 244.0), (272.0, 244.0), (292.5, 244.0), (307.5, 253.3), (307.5, 268.3), (307.5, 288.8), (311.2, 303.7), (326.1, 307.5), (342.9, 307.5), (361.6, 307.5), (372.8, 320.5), (372.8, 335.5), (372.8, 350.4), (372.8, 365.3), (372.8, 372.8), (372.8, 372.8), (372.8, 372.8), (372.8, 372.8), (372.8, 372.8), (372.8, 372.8), (372.8, 372.8), (372.8, 372.8), (372.8, 372.8), (372.8, 372.8), (372.8, 372.8), (372.8, 372.8), (372.8, 372.8), (372.8, 372.8), (372.8, 372.8), (372.8, 372.8), (372.8, 372.8), (372.8, 372.8), (372.8, 372.8), (372.8, 372.8), (372.8, 372.8), (372.8, 372.8), (372.8, 372.8), (372.8, 372.8), (372.8, 372.8), (372.8, 372.8), (372.8, 372.8), (372.8, 372.8), (372.8, 372.8), (372.8, 372.8), (372.8, 372.8), (372.8, 372.8), (372.8, 372.8), (372.8, 372.8), (372.8, 372.8), (372.8, 372.8), (372.8, 372.8), (372.8, 372.8), (372.8, 372.8), (372.8, 372.8), (372.8, 372.8), (372.8, 372.8), (372.8, 372.8), (372.8, 372.8), (372.8, 372.8), (372.8, 372.8), (372.8, 372.8), (372.8, 372.8), (372.8, 372.8), (372.8, 372.8), (372.8, 372.8), (372.8, 372.8), (372.8, 372.8), (372.8, 372.8), (372.8, 372.8), (372.8, 372.8)]",0,1,12.0
novice,bomberman,2,Bomb,4,0,34.68,0.926,"[(48.0, 48.0), (62.9, 51.7), (77.9, 51.7), (98.4, 51.7), (113.3, 57.3), (115.2, 72.3), (115.2, 89.1), (115.2, 107.7), (128.3, 115.2), (143.2, 115.2), (165.6, 115.2), (180.5, 124.5), (180.5, 139.5), (180.5, 160.0), (184.3, 176.8), (199.2, 180.5), (217.9, 180.5), (236.5, 182.4), (244.0, 197.3), (244.0, 212.3), (244.0, 234.7), (257.1, 244.0), (272.0, 244.0), (292.5, 244.0), (307.5, 253.3), (307.5, 268.3), (307.5, 288.8), (311.2, 303.7), (326.1, 307.5), (342.9, 307.5), (361.6, 307.5), (372.8, 320.5), (372.8, 335.5), (372.8, 350.4), (372.8, 365.3), (372.8, 372.8), (372.8, 372.8), (372.8, 372.8), (372.8, 372.8), (372.8, 372.8), (372.8, 372.8), (372.8, 372.8), (372.8, 372.8), (372.8, 372.8), (372.8, 372.8), (372.8, 372.8), (372.8, 372.8), (372.8, 372.8), (372.8, 372.8), (372.8, 372.8), (372.8, 372.8), (372.8, 372.8), (372.8, 372.8), (372.8, 372.8), (372.8, 372.8), (372.8, 372.8), (372.8, 372.8), (372.8, 372.8), (372.8, 372.8), (372.8, 372.8), (372.8, 372.8), (372.8, 372.8), (372.8, 372.8), (372.8, 372.8)]",0,1,8.45
novice,bomberman,2,Bomb,3,0,34.68,0.926,"[(48.0, 48.0), (62.9, 51.7), (77.9, 51.7), (98.4, 51.7), (113.3, 57.3), (115.2, 72.3), (115.2, 89.1), (115.2, 107.7), (128.3, 115.2), (143.2, 115.2), (165.6, 115.2), (180.5, 124.5), (180.5, 139.5), (180.5, 160.0), (184.3, 176.8), (199.2, 180.5), (217.9, 180.5), (236.5, 182.4), (244.0, 197.3), (244.0, 212.3), (244.0, 234.7), (257.1, 244.0), (272.0, 244.0), (292.5, 244.0), (307.5, 253.3), (307.5, 268.3), (307.5, 288.8), (311.2, 303.7), (326.1, 307.5), (342.9, 307.5), (361.6, 307.5), (372.8, 320.5), (372.8, 335.5), (372.8, 350.4), (372.8, 365.3), (372.8, 372.8), (372.8, 372.8), (372.8, 372.8), (372.8, 372.8), (372.8, 372.8), (372.8, 372.8), (372.8, 372.8), (372.8, 372.8), (372.8, 372.8), (372.8, 372.8), (372.8, 372.8), (372.8, 372.8), (372.8, 372.8), (372.8, 372.8), (372.8, 372.8), (372.8, 372.8), (372.8, 372.8), (372.8, 372.8), (372.8, 372.8), (372.8, 372.8), (372.8, 372.8), (372.8, 372.8), (372.8, 372.8), (372.8, 372.8), (372.8, 372.8), (372.8, 372.8), (372.8, 372.8), (372.8, 372.8), (372.8, 372.8)]",0,1,8.45
novice,bomberman,2,Bomb,3,0,27.14,0.926,"[(48.0, 48.0), (62.9, 51.7), (77.9, 51.7), (98.4, 51.7), (113.3, 57.3), (115.2, 72.3), (115.2, 89.1), (115.2, 107.7), (128.3, 115.2), (143.2, 115.2), (165.6, 115.2), (180.5, 124.5), (180.5, 139.5), (180.5, 160.0), (184.3, 176.8), (199.2, 180.5), (217.9, 180.5), (236.5, 182.4), (244.0, 197.3), (244.0, 212.3), (244.0, 234.7), (257.1, 244.0), (272.0, 244.0), (292.5, 244.0), (307.5, 253.3), (307.5, 268.3), (307.5, 288.8), (311.2, 303.7), (326.1, 307.5), (342.9, 307.5), (361.6, 307.5), (372.8, 320.5), (372.8, 335.5), (372.8, 350.4), (372.8, 365.3), (372.8, 372.8), (372.8, 372.8), (372.8, 372.8), (372.8, 372.8), (372.8, 372.8), (372.8, 372.8), (372.8, 372.8), (372.8, 372.8), (372.8, 372.8), (372.8, 372.8), (372.8, 372.8), (372.8, 372.8), (372.8, 372.8), (372.8, 372.8), (372.8, 372.8), (372.8, 372.8), (372.8, 372.8), (372.8, 372.8), (372.8, 372.8), (372.8, 372.8), (372.8, 372.8), (372.8, 372.8), (372.8, 372.8), (372.8, 372.8), (372.8, 372.8), (372.8, 372.8), (372.8, 372.8), (372.8, 372.8), (372.8, 372.8), (372.8, 372.8), (372.8, 372.8), (372.8, 372.8), (372.8, 372.8), (372.8, 372.8), (372.8, 372.8), (372.8, 372.8), (372.8, 372.8), (372.8, 372.8), (372.8, 372.8), (372.8, 372.8), (372.8, 372.8), (372.8, 372.8), (372.8, 372.8), (372.8, 372.8), (372.8, 372.8), (372.8, 372.8), (372.8, 372.8)]",0,1,10.8
novice,bomberman,2,Bomb,3,0,31.86,0.926,"[(48.0, 48.0), (62.9, 51.7), (77.9, 51.7), (98.4, 51.7), (113.3, 57.3), (115.2, 72.3), (115.2, 89.1), (115.2, 107.7), (128.3, 115.2), (143.2, 115.2), (165.6, 115.2), (180.5, 124.5), (180.5, 139.5), (180.5, 160.0), (184.3, 176.8), (199.2, 180.5), (217.9, 180.5), (236.5, 182.4), (244.0, 197.3), (244.0, 212.3), (244.0, 234.7), (257.1, 244.0), (272.0, 244.0), (292.5, 244.0), (307.5, 253.3), (307.5, 268.3), (307.5, 288.8), (311.2, 303.7), (326.1, 307.5), (342.9, 307.5), (361.6, 307.5), (372.8, 320.5), (372.8, 335.5), (372.8, 350.4), (372.8, 365.3), (372.8, 372.8), (372.8, 372.8), (372.8, 372.8), (372.8, 372.8), (372.8, 372.8), (372.8, 372.8), (372.8, 372.8), (372.8, 372.8), (372.8, 372.8), (372.8, 372.8), (372.8, 372.8), (372.8, 372.8), (372.8, 372.8), (372.8, 372.8), (372.8, 372.8), (372.8, 372.8), (372.8, 372.8), (372.8, 372.8), (372.8, 372.8), (372.8, 372.8), (372.8, 372.8), (372.8, 372.8), (372.8, 372.8), (372.8, 372.8), (372.8, 372.8), (372.8, 372.8), (372.8, 372.8), (372.8, 372.8), (372.8, 372.8), (372.8, 372.8), (372.8, 372.8), (372.8, 372.8), (372.8, 372.8), (372.8, 372.8), (372.8, 372.8)]",0,1,9.2
novice,bomberman,2,Bomb,3,0,31.86,0.926,"[(48.0, 48.0), (62.9, 51.7), (77.9, 51.7), (98.4, 51.7), (113.3, 57.3), (115.2, 72.3), (115.2, 89.1), (115.2, 107.7), (128.3, 115.2), (143.2, 115.2), (165.6, 115.2), (180.5, 124.5), (180.5, 139.5), (180.5, 160.0), (184.3, 176.8), (199.2, 180.5), (217.9, 180.5), (236.5, 182.4), (244.0, 197.3), (244.0, 212.3), (244.0, 234.7), (257.1, 244.0), (272.0, 244.0), (292.5, 244.0), (307.5, 253.3), (307.5, 268.3), (307.5, 288.8), (311.2, 303.7), (326.1, 307.5), (342.9, 307.5), (361.6, 307.5), (372.8, 320.5), (372.8, 335.5), (372.8, 350.4), (372.8, 365.3), (372.8, 372.8), (372.8, 372.8), (372.8, 372.8), (372.8, 372.8), (372.8, 372.8), (372.8, 372.8), (372.8, 372.8), (372.8, 372.8), (372.8, 372.8), (372.8, 372.8), (372.8, 372.8), (372.8, 372.8), (372.8, 372.8), (372.8, 372.8), (372.8, 372.8), (372.8, 372.8), (372.8, 372.8), (372.8, 372.8), (372.8, 372.8), (372.8, 372.8), (372.8, 372.8), (372.8, 372.8), (372.8, 372.8), (372.8, 372.8), (372.8, 372.8), (372.8, 372.8), (372.8, 372.8), (372.8, 372.8), (372.8, 372.8), (372.8, 372.8), (372.8, 372.8), (372.8, 372.8), (372.8, 372.8), (372.8, 372.8), (372.8, 372.8)]",0,1,9.2
novice,bomberman,2,Bomb,3,0,27.14,0.926,"[(48.0, 48.0), (62.9, 51.7), (77.9, 51.7), (98.4, 51.7), (113.3, 57.3), (115.2, 72.3), (115.2, 89.1), (115.2, 107.7), (128.3, 115.2), (143.2, 115.2), (165.6, 115.2), (180.5, 124.5), (180.5, 139.5), (180.5, 160.0), (184.3, 176.8), (199.2, 180.5), (217.9, 180.5), (236.5, 182.4), (244.0, 197.3), (244.0, 212.3), (244.0, 234.7), (257.1, 244.0), (272.0, 244.0), (292.5, 244.0), (307.5, 253.3), (307.5, 268.3), (307.5, 288.8), (311.2, 303.7), (326.1, 307.5), (342.9, 307.5), (361.6, 307.5), (372.8, 320.5), (372.8, 335.5), (372.8, 350.4), (372.8, 365.3), (372.8, 372.8), (372.8, 372.8), (372.8, 372.8), (372.8, 372.8), (372.8, 372.8), (372.8, 372.8), (372.8, 372.8), (372.8, 372.8), (372.8, 372.8), (372.8, 372.8), (372.8, 372.8), (372.8, 372.8), (372.8, 372.8), (372.8, 372.8), (372.8, 372.8), (372.8, 372.8), (372.8, 372.8), (372.8, 372.8), (372.8, 372.8), (372.8, 372.8), (372.8, 372.8), (372.8, 372.8), (372.8, 372.8), (372.8, 372.8), (372.8, 372.8), (372.8, 372.8), (372.8, 372.8), (372.8, 372.8), (372.8, 372.8), (372.8, 372.8), (372.8, 372.8), (372.8, 372.8), (372.8, 372.8), (372.8, 372.8), (372.8, 372.8), (372.8, 372.8), (372.8, 372.8), (372.8, 372.8), (372.8, 372.8), (372.8, 372.8), (372.8, 372.8), (372.8, 372.8), (372.8, 372.8), (372.8, 372.8), (372.8, 372.8), (372.8, 372.8), (372.8, 372.8)]",0,1,10.8
novice,bomberman,2,Bomb,3,0,34.68,0.926,"[(48.0, 48.0), (62.9, 51.7), (77.9, 51.7), (98.4, 51.7), (113.3, 57.3), (115.2, 72.3), (115.2, 89.1), (115.2, 107.7), (128.3, 115.2), (143.2, 115.2), (165.6, 115.2), (180.5, 124.5), (180.5, 139.5), (180.5, 160.0), (184.3, 176.8), (199.2, 180.5), (217.9, 180.5), (236.5, 182.4), (244.0, 197.3), (244.0, 212.3), (244.0, 234.7), (257.1, 244.0), (272.0, 244.0), (292.5, 244.0), (307.5, 253.3), (307.5, 268.3), (307.5, 288.8), (311.2, 303.7), (326.1, 307.5), (342.9, 307.5), (361.6, 307.5), (372.8, 320.5), (372.8, 335.5), (372.8, 350.4), (372.8, 365.3), (372.8, 372.8), (372.8, 372.8), (372.8, 372.8), (372.8, 372.8), (372.8, 372.8), (372.8, 372.8), (372.8, 372.8), (372.8, 372.8), (372.8, 372.8), (372.8, 372.8), (372.8, 372.8), (372.8, 372.8), (372.8, 372.8), (372.8, 372.8), (372.8, 372.8), (372.8, 372.8), (372.8, 372.8), (372.8, 372.8), (372.8, 372.8), (372.8, 372.8), (372.8, 372.8), (372.8, 372.8), (372.8, 372.8), (372.8, 372.8), (372.8, 372.8), (372.8, 372.8), (372.8, 372.8), (372.8, 372.8), (372.8, 372.8)]",0,1,8.45
novice,bomberman,2,Bomb,4,0,34.68,0.926,"[(48.0, 48.0), (62.9, 51.7), (77.9, 51.7), (98.4, 51.7), (113.3, 57.3), (115.2, 72.3), (115.2, 89.1), (115.2, 107.7), (128.3, 115.2), (143.2, 115.2), (165.6, 115.2), (180.5, 124.5), (180.5, 139.5), (180.5, 160.0), (184.3, 176.8), (199.2, 180.5), (217.9, 180.5), (236.5, 182.4), (244.0, 197.3), (244.0, 212.3), (244.0, 234.7), (257.1, 244.0), (272.0, 244.0), (292.5, 244.0), (307.5, 253.3), (307.5, 268.3), (307.5, 288.8), (311.2, 303.7), (326.1, 307.5), (342.9, 307.5), (361.6, 307.5), (372.8, 320.5), (372.8, 335.5), (372.8, 350.4), (372.8, 365.3), (372.8, 372.8), (372.8, 372.8), (372.8, 372.8), (372.8, 372.8), (372.8, 372.8), (372.8, 372.8), (372.8, 372.8), (372.8, 372.8), (372.8, 372.8), (372.8, 372.8), (372.8, 372.8), (372.8, 372.8), (372.8, 372.8), (372.8, 372.8), (372.8, 372.8), (372.8, 372.8), (372.8, 372.8), (372.8, 372.8), (372.8, 372.8), (372.8, 372.8), (372.8, 372.8), (372.8, 372.8), (372.8, 372.8), (372.8, 372.8), (372.8, 372.8), (372.8, 372.8), (372.8, 372.8), (372.8, 372.8), (372.8, 372.8)]",0,1,8.45
novice,bomberman,2,Bomb,3,0,35.31,0.741,"[(48.0, 48.0), (62.9, 51.7), (77.9, 51.7), (98.4, 51.7), (113.3, 57.3), (115.2, 72.3), (115.2, 89.1), (115.2, 107.7), (128.3, 115.2), (143.2, 115.2), (165.6, 115.2), (180.5, 124.5), (180.5, 139.5), (180.5, 160.0), (184.3, 176.8), (199.2, 180.5), (217.9, 180.5), (236.5, 182.4), (244.0, 197.3), (244.0, 212.3), (244.0, 234.7), (257.1, 244.0), (272.0, 244.0), (292.5, 244.0), (307.5, 253.3), (307.5, 268.3), (307.5, 288.8), (311.2, 303.7), (326.1, 307.5), (342.9, 307.5), (361.6, 307.5), (372.8, 320.5), (372.8, 335.5), (372.8, 350.4), (372.8, 365.3), (372.8, 372.8), (372.8, 372.8), (372.8, 372.8), (372.8, 372.8), (372.8, 372.8), (372.8, 372.8), (372.8, 372.8), (372.8, 372.8), (372.8, 372.8), (372.8, 372.8), (372.8, 372.8), (372.8, 372.8), (372.8, 372.8), (372.8, 372.8), (372.8, 372.8), (372.8, 372.8), (372.8, 372.8), (372.8, 372.8), (372.8, 372.8), (372.8, 372.8), (372.8, 372.8), (372.8, 372.8), (372.8, 372.8), (372.8, 372.8), (372.8, 372.8), (372.8, 372.8), (372.8, 372.8), (372.8, 372.8)]",0,0,8.3
novice,bomberman,2,Stuck,1,0,23.51,0.741,"[(48.0, 48.0), (62.9, 51.7), (77.9, 51.7), (98.4, 51.7), (113.3, 57.3), (115.2, 72.3), (115.2, 89.1), (115.2, 107.7), (128.3, 115.2), (143.2, 115.2), (165.6, 115.2), (180.5, 124.5), (180.5, 139.5), (180.5, 160.0), (184.3, 176.8), (199.2, 180.5), (217.9, 180.5), (236.5, 182.4), (244.0, 197.3), (244.0, 212.3), (244.0, 234.7), (257.1, 244.0), (272.0, 244.0), (292.5, 244.0), (307.5, 253.3), (307.5, 268.3), (307.5, 288.8), (311.2, 303.7), (326.1, 307.5), (342.9, 307.5), (361.6, 307.5), (372.8, 320.5), (372.8, 335.5), (372.8, 350.4), (372.8, 365.3), (372.8, 372.8), (372.8, 372.8), (372.8, 372.8), (372.8, 372.8), (372.8, 372.8), (372.8, 372.8), (372.8, 372.8), (372.8, 372.8), (372.8, 372.8), (372.8, 372.8), (372.8, 372.8), (372.8, 372.8), (372.8, 372.8), (372.8, 372.8), (372.8, 372.8), (372.8, 372.8), (372.8, 372.8), (372.8, 372.8), (372.8, 372.8), (372.8, 372.8), (372.8, 372.8), (372.8, 372.8), (372.8, 372.8), (372.8, 372.8), (372.8, 372.8), (372.8, 372.8), (372.8, 372.8), (372.8, 372.8), (372.8, 372.8), (372.8, 372.8), (372.8, 372.8), (372.8, 372.8), (372.8, 372.8), (372.8, 372.8), (372.8, 372.8), (372.8, 372.8), (372.8, 372.8), (372.8, 372.8), (372.8, 372.8), (372.8, 372.8), (372.8, 372.8), (372.8, 372.8), (372.8, 372.8), (372.8, 372.8), (372.8, 372.8), (372.8, 372.8), (372.8, 372.8), (372.8, 372.8), (372.8, 372.8), (372.8, 372.8), (372.8, 372.8), (372.8, 372.8), (372.8, 372.8), (372.8, 372.8), (372.8, 372.8), (372.8, 372.8), (372.8, 372.8), (372.8, 372.8), (372.8, 372.8)]",0,0,12.47
novice,bomberman,2,Bomb,6,0,34.68,0.926,"[(48.0, 48.0), (62.9, 51.7), (77.9, 51.7), (98.4, 51.7), (113.3, 57.3), (115.2, 72.3), (115.2, 89.1), (115.2, 107.7), (128.3, 115.2), (143.2, 115.2), (165.6, 115.2), (180.5, 124.5), (180.5, 139.5), (180.5, 160.0), (184.3, 176.8), (199.2, 180.5), (217.9, 180.5), (236.5, 182.4), (244.0, 197.3), (244.0, 212.3), (244.0, 234.7), (257.1, 244.0), (272.0, 244.0), (292.5, 244.0), (307.5, 253.3), (307.5, 268.3), (307.5, 288.8), (311.2, 303.7), (326.1, 307.5), (342.9, 307.5), (361.6, 307.5), (372.8, 320.5), (372.8, 335.5), (372.8, 350.4), (372.8, 365.3), (372.8, 372.8), (372.8, 372.8), (372.8, 372.8), (372.8, 372.8), (372.8, 372.8), (372.8, 372.8), (372.8, 372.8), (372.8, 372.8), (372.8, 372.8), (372.8, 372.8), (372.8, 372.8), (372.8, 372.8), (372.8, 372.8), (372.8, 372.8), (372.8, 372.8), (372.8, 372.8), (372.8, 372.8), (372.8, 372.8), (372.8, 372.8), (372.8, 372.8), (372.8, 372.8), (372.8, 372.8), (372.8, 372.8), (372.8, 372.8), (372.8, 372.8), (372.8, 372.8), (372.8, 372.8), (372.8, 372.8), (372.8, 372.8)]",0,1,8.45
novice,bomberman,2,Bomb,5,0,34.28,0.926,"[(48.0, 48.0), (62.9, 51.7), (77.9, 51.7), (98.4, 51.7), (113.3, 57.3), (115.2, 72.3), (115.2, 89.1), (115.2, 107.7), (128.3, 115.2), (143.2, 115.2), (165.6, 115.2), (180.5, 124.5), (180.5, 139.5), (180.5, 160.0), (184.3, 176.8), (199.2, 180.5), (217.9, 180.5), (236.5, 182.4), (244.0, 197.3), (244.0, 212.3), (244.0, 234.7), (257.1, 244.0), (272.0, 244.0), (292.5, 244.0), (307.5, 253.3), (307.5, 268.3), (307.5, 288.8), (311.2, 303.7), (326.1, 307.5), (342.9, 307.5), (361.6, 307.5), (372.8, 320.5), (372.8, 335.5), (372.8, 350.4), (372.8, 365.3), (372.8, 372.8), (372.8, 372.8), (372.8, 372.8), (372.8, 372.8), (372.8, 372.8), (372.8, 372.8), (372.8, 372.8), (372.8, 372.8), (372.8, 372.8), (372.8, 372.8), (372.8, 372.8), (372.8, 372.8), (372.8, 372.8), (372.8, 372.8), (372.8, 372.8), (372.8, 372.8), (372.8, 372.8), (372.8, 372.8), (372.8, 372.8), (372.8, 372.8), (372.8, 372.8), (372.8, 372.8), (372.8, 372.8), (372.8, 372.8), (372.8, 372.8), (372.8, 372.8), (372.8, 372.8), (372.8, 372.8), (372.8, 372.8), (372.8, 372.8)]",0,1,8.55
novice,bomberman,2,Stuck,1,0,22.17,0.741,"[(48.0, 48.0), (62.9, 51.7), (77.9, 51.7), (98.4, 51.7), (113.3, 57.3), (115.2, 72.3), (115.2, 89.1), (115.2, 107.7), (128.3, 115.2), (143.2, 115.2), (165.6, 115.2), (180.5, 124.5), (180.5, 139.5), (180.5, 160.0), (184.3, 176.8), (199.2, 180.5), (217.9, 180.5), (236.5, 182.4), (244.0, 197.3), (244.0, 212.3), (244.0, 234.7), (257.1, 244.0), (272.0, 244.0), (292.5, 244.0), (307.5, 253.3), (307.5, 268.3), (307.5, 288.8), (311.2, 303.7), (326.1, 307.5), (342.9, 307.5), (361.6, 307.5), (372.8, 320.5), (372.8, 335.5), (372.8, 350.4), (372.8, 365.3), (372.8, 372.8), (372.8, 372.8), (372.8, 372.8), (372.8, 372.8), (372.8, 372.8), (372.8, 372.8), (372.8, 372.8), (372.8, 372.8), (372.8, 372.8), (372.8, 372.8), (372.8, 372.8), (372.8, 372.8), (372.8, 372.8), (372.8, 372.8), (372.8, 372.8), (372.8, 372.8), (372.8, 372.8), (372.8, 372.8), (372.8, 372.8), (372.8, 372.8), (372.8, 372.8), (372.8, 372.8), (372.8, 372.8), (372.8, 372.8), (372.8, 372.8), (372.8, 372.8), (372.8, 372.8), (372.8, 372.8), (372.8, 372.8), (372.8, 372.8), (372.8, 372.8), (372.8, 372.8), (372.8, 372.8), (372.8, 372.8), (372.8, 372.8), (372.8, 372.8), (372.8, 372.8), (372.8, 372.8), (372.8, 372.8), (372.8, 372.8), (372.8, 372.8), (372.8, 372.8), (372.8, 372.8), (372.8, 372.8), (372.8, 372.8), (372.8, 372.8), (372.8, 372.8), (372.8, 372.8), (372.8, 372.8), (372.8, 372.8), (372.8, 372.8), (372.8, 372.8), (372.8, 372.8), (372.8, 372.8), (372.8, 372.8), (372.8, 372.8), (372.8, 372.8), (372.8, 372.8), (372.8, 372.8), (372.8, 372.8), (372.8, 372.8), (372.8, 372.8), (372.8, 372.8), (372.8, 372.8), (372.8, 372.8)]",0,0,13.22
novice,bomberman,2,Bomb,6,0,24.22,0.926,"[(48.0, 48.0), (62.9, 51.7), (77.9, 51.7), (98.4, 51.7), (113.3, 57.3), (115.2, 72.3), (115.2, 89.1), (115.2, 107.7), (128.3, 115.2), (143.2, 115.2), (165.6, 115.2), (180.5, 124.5), (180.5, 139.5), (180.5, 160.0), (184.3, 176.8), (199.2, 180.5), (217.9, 180.5), (236.5, 182.4), (244.0, 197.3), (244.0, 212.3), (244.0, 234.7), (257.1, 244.0), (272.0, 244.0), (292.5, 244.0), (307.5, 253.3), (307.5, 268.3), (307.5, 288.8), (311.2, 303.7), (326.1, 307.5), (342.9, 307.5), (361.6, 307.5), (372.8, 320.5), (372.8, 335.5), (372.8, 350.4), (372.8, 365.3), (372.8, 372.8), (372.8, 372.8), (372.8, 372.8), (372.8, 372.8), (372.8, 372.8), (372.8, 372.8), (372.8, 372.8), (372.8, 372.8), (372.8, 372.8), (372.8, 372.8), (372.8, 372.8), (372.8, 372.8), (372.8, 372.8), (372.8, 372.8), (372.8, 372.8), (372.8, 372.8), (372.8, 372.8), (372.8, 372.8), (372.8, 372.8), (372.8, 372.8), (372.8, 372.8), (372.8, 372.8), (372.8, 372.8), (372.8, 372.8), (372.8, 372.8), (372.8, 372.8), (372.8, 372.8), (372.8, 372.8), (372.8, 372.8), (372.8, 372.8), (372.8, 372.8), (372.8, 372.8), (372.8, 372.8), (372.8, 372.8), (372.8, 372.8), (372.8, 372.8), (372.8, 372.8), (372.8, 372.8), (372.8, 372.8), (372.8, 372.8), (372.8, 372.8), (372.8, 372.8), (372.8, 372.8), (372.8, 372.8), (372.8, 372.8), (372.8, 372.8), (372.8, 372.8), (372.8, 372.8), (372.8, 372.8), (372.8, 372.8), (372.8, 372.8), (372.8, 372.8), (372.8, 372.8), (372.8, 372.8), (372.8, 372.8), (372.8, 372.8)]",0,1,12.1
novice,bomberman,2,Bomb,6,0,24.22,0.926,"[(48.0, 48.0), (62.9, 51.7), (77.9, 51.7), (98.4, 51.7), (113.3, 57.3), (115.2, 72.3), (115.2, 89.1), (115.2, 107.7), (128.3, 115.2), (143.2, 115.2), (165.6, 115.2), (180.5, 124.5), (180.5, 139.5), (180.5, 160.0), (184.3, 176.8), (199.2, 180.5), (217.9, 180.5), (236.5, 182.4), (244.0, 197.3), (244.0, 212.3), (244.0, 234.7), (257.1, 244.0), (272.0, 244.0), (292.5, 244.0), (307.5, 253.3), (307.5, 268.3), (307.5, 288.8), (311.2, 303.7), (326.1, 307.5), (342.9, 307.5), (361.6, 307.5), (372.8, 320.5), (372.8, 335.5), (372.8, 350.4), (372.8, 365.3), (372.8, 372.8), (372.8, 372.8), (372.8, 372.8), (372.8, 372.8), (372.8, 372.8), (372.8, 372.8), (372.8, 372.8), (372.8, 372.8), (372.8, 372.8), (372.8, 372.8), (372.8, 372.8), (372.8, 372.8), (372.8, 372.8), (372.8, 372.8), (372.8, 372.8), (372.8, 372.8), (372.8, 372.8), (372.8, 372.8), (372.8, 372.8), (372.8, 372.8), (372.8, 372.8), (372.8, 372.8), (372.8, 372.8), (372.8, 372.8), (372.8, 372.8), (372.8, 372.8), (372.8, 372.8), (372.8, 372.8), (372.8, 372.8), (372.8, 372.8), (372.8, 372.8), (372.8, 372.8), (372.8, 372.8), (372.8, 372.8), (372.8, 372.8), (372.8, 372.8), (372.8, 372.8), (372.8, 372.8), (372.8, 372.8), (372.8, 372.8), (372.8, 372.8), (372.8, 372.8), (372.8, 372.8), (372.8, 372.8), (372.8, 372.8), (372.8, 372.8), (372.8, 372.8), (372.8, 372.8), (372.8, 372.8), (372.8, 372.8), (372.8, 372.8), (372.8, 372.8), (372.8, 372.8), (372.8, 372.8), (372.8, 372.8), (372.8, 372.8)]",0,1,12.1
novice,bomberman,2,Bomb,5,0,34.28,0.926,"[(48.0, 48.0), (62.9, 51.7), (77.9, 51.7), (98.4, 51.7), (113.3, 57.3), (115.2, 72.3), (115.2, 89.1), (115.2, 107.7), (128.3, 115.2), (143.2, 115.2), (165.6, 115.2), (180.5, 124.5), (180.5, 139.5), (180.5, 160.0), (184.3, 176.8), (199.2, 180.5), (217.9, 180.5), (236.5, 182.4), (244.0, 197.3), (244.0, 212.3), (244.0, 234.7), (257.1, 244.0), (272.0, 244.0), (292.5, 244.0), (307.5, 253.3), (307.5, 268.3), (307.5, 288.8), (311.2, 303.7), (326.1, 307.5), (342.9, 307.5), (361.6, 307.5), (372.8, 320.5), (372.8, 335.5), (372.8, 350.4), (372.8, 365.3), (372.8, 372.8), (372.8, 372.8), (372.8, 372.8), (372.8, 372.8), (372.8, 372.8), (372.8, 372.8), (372.8, 372.8), (372.8, 372.8), (372.8, 372.8), (372.8, 372.8), (372.8, 372.8), (372.8, 372.8), (372.8, 372.8), (372.8, 372.8), (372.8, 372.8), (372.8, 372.8), (372.8, 372.8), (372.8, 372.8), (372.8, 372.8), (372.8, 372.8), (372.8, 372.8), (372.8, 372.8), (372.8, 372.8), (372.8, 372.8), (372.8, 372.8), (372.8, 372.8), (372.8, 372.8), (372.8, 372.8), (372.8, 372.8), (372.8, 372.8)]",0,1,8.55
novice,bomberman,2,Bomb,6,0,34.68,0.926,"[(48.0, 48.0), (62.9, 51.7), (77.9, 51.7), (98.4, 51.7), (113.3, 57.3), (115.2, 72.3), (115.2, 89.1), (115.2, 107.7), (128.3, 115.2), (143.2, 115.2), (165.6, 115.2), (180.5, 124.5), (180.5, 139.5), (180.5, 160.0), (184.3, 176.8), (199.2, 180.5), (217.9, 180.5), (236.5, 182.4), (244.0, 197.3), (244.0, 212.3), (244.0, 234.7), (257.1, 244.0), (272.0, 244.0), (292.5, 244.0), (307.5, 253.3), (307.5, 268.3), (307.5, 288.8), (311.2, 303.7), (326.1, 307.5), (342.9, 307.5), (361.6, 307.5), (372.8, 320.5), (372.8, 335.5), (372.8, 350.4), (372.8, 365.3), (372.8, 372.8), (372.8, 372.8), (372.8, 372.8), (372.8, 372.8), (372.8, 372.8), (372.8, 372.8), (372.8, 372.8), (372.8, 372.8), (372.8, 372.8), (372.8, 372.8), (372.8, 372.8), (372.8, 372.8), (372.8, 372.8), (372.8, 372.8), (372.8, 372.8), (372.8, 372.8), (372.8, 372.8), (372.8, 372.8), (372.8, 372.8), (372.8, 372.8), (372.8, 372.8), (372.8, 372.8), (372.8, 372.8), (372.8, 372.8), (372.8, 372.8), (372.8, 372.8), (372.8, 372.8), (372.8, 372.8), (372.8, 372.8)]",0,1,8.45
novice,bomberman,2,Bomb,4,0,34.68,0.926,"[(48.0, 48.0), (62.9, 51.7), (77.9, 51.7), (98.4, 51.7), (113.3, 57.3), (115.2, 72.3), (115.2, 89.1), (115.2, 107.7), (128.3, 115.2), (143.2, 115.2), (165.6, 115.2), (180.5, 124.5), (180.5, 139.5), (180.5, 160.0), (184.3, 176.8), (199.2, 180.5), (217.9, 180.5), (236.5, 182.4), (244.0, 197.3), (244.0, 212.3), (244.0, 234.7), (257.1, 244.0), (272.0, 244.0), (292.5, 244.0), (307.5, 253.3), (307.5, 268.3), (307.5, 288.8), (311.2, 303.7), (326.1, 307.5), (342.9, 307.5), (361.6, 307.5), (372.8, 320.5), (372.8, 335.5), (372.8, 350.4), (372.8, 365.3), (372.8, 372.8), (372.8, 372.8), (372.8, 372.8), (372.8, 372.8), (372.8, 372.8), (372.8, 372.8), (372.8, 372.8), (372.8, 372.8), (372.8, 372.8), (372.8, 372.8), (372.8, 372.8), (372.8, 372.8), (372.8, 372.8), (372.8, 372.8), (372.8, 372.8), (372.8, 372.8), (372.8, 372.8), (372.8, 372.8), (372.8, 372.8), (372.8, 372.8), (372.8, 372.8), (372.8, 372.8), (372.8, 372.8), (372.8, 372.8), (372.8, 372.8), (372.8, 372.8), (372.8, 372.8), (372.8, 372.8), (372.8, 372.8)]",0,1,8.45
novice,bomberman,2,Bomb,3,0,29.45,0.926,"[(48.0, 48.0), (62.9, 51.7), (77.9, 51.7), (98.4, 51.7), (113.3, 57.3), (115.2, 72.3), (115.2, 89.1), (115.2, 107.7), (128.3, 115.2), (143.2, 115.2), (165.6, 115.2), (180.5, 124.5), (180.5, 139.5), (180.5, 160.0), (184.3, 176.8), (199.2, 180.5), (217.9, 180.5), (236.5, 182.4), (244.0, 197.3), (244.0, 212.3), (244.0, 234.7), (257.1, 244.0), (272.0, 244.0), (292.5, 244.0), (307.5, 253.3), (307.5, 268.3), (307.5, 288.8), (311.2, 303.7), (326.1, 307.5), (342.9, 307.5), (361.6, 307.5), (372.8, 320.5), (372.8, 335.5), (372.8, 350.4), (372.8, 365.3), (372.8, 372.8), (372.8, 372.8), (372.8, 372.8), (372.8, 372.8), (372.8, 372.8), (372.8, 372.8), (372.8, 372.8), (372.8, 372.8), (372.8, 372.8), (372.8, 372.8), (372.8, 372.8), (372.8, 372.8), (372.8, 372.8), (372.8, 372.8), (372.8, 372.8), (372.8, 372.8), (372.8, 372.8), (372.8, 372.8), (372.8, 372.8), (372.8, 372.8), (372.8, 372.8), (372.8, 372.8), (372.8, 372.8), (372.8, 372.8), (372.8, 372.8), (372.8, 372.8), (372.8, 372.8), (372.8, 372.8), (372.8, 372.8), (372.8, 372.8), (372.8, 372.8), (372.8, 372.8), (372.8, 372.8), (372.8, 372.8), (372.8, 372.8), (372.8, 372.8), (372.8, 372.8), (372.8, 372.8), (372.8, 372.8), (372.8, 372.8)]",0,1,9.95
novice,bomberman,2,Bomb,5,0,35.96,0.741,"[(48.0, 48.0), (62.9, 51.7), (77.9, 51.7), (98.4, 51.7), (113.3, 57.3), (115.2, 72.3), (115.2, 89.1), (115.2, 107.7), (128.3, 115.2), (143.2, 115.2), (165.6, 115.2), (180.5, 124.5), (180.5, 139.5), (180.5, 160.0), (184.3, 176.8), (199.2, 180.5), (217.9, 180.5), (236.5, 182.4), (244.0, 197.3), (244.0, 212.3), (244.0, 234.7), (257.1, 244.0), (272.0, 244.0), (292.5, 244.0), (307.5, 253.3), (307.5, 268.3), (307.5, 288.8), (311.2, 303.7), (326.1, 307.5), (342.9, 307.5), (361.6, 307.5), (372.8, 320.5), (372.8, 335.5), (372.8, 350.4), (372.8, 365.3), (372.8, 372.8), (372.8, 372.8), (372.8, 372.8), (372.8, 372.8), (372.8, 372.8), (372.8, 372.8), (372.8, 372.8), (372.8, 372.8), (372.8, 372.8), (372.8, 372.8), (372.8, 372.8), (372.8, 372.8), (372.8, 372.8), (372.8, 372.8), (372.8, 372.8), (372.8, 372.8), (372.8, 372.8), (372.8, 372.8), (372.8, 372.8), (372.8, 372.8), (372.8, 372.8), (372.8, 372.8), (372.8, 372.8), (372.8, 372.8), (372.8, 372.8), (372.8, 372.8), (372.8, 372.8)]",0,0,8.15
novice,bomberman,2,Bomb,7,0,34.68,0.926,"[(48.0, 48.0), (62.9, 51.7), (77.9, 51.7), (98.4, 51.7), (113.3, 57.3), (115.2, 72.3), (115.2, 89.1), (115.2, 107.7), (128.3, 115.2), (143.2, 115.2), (165.6, 115.2), (180.5, 124.5), (180.5, 139.5), (180.5, 160.0), (184.3, 176.8), (199.2, 180.5), (217.9, 180.5), (236.5, 182.4), (244.0, 197.3), (244.0, 212.3), (244.0, 234.7), (257.1, 244.0), (272.0, 244.0), (292.5, 244.0), (307.5, 253.3), (307.5, 268.3), (307.5, 288.8), (311.2, 303.7), (326.1, 307.5), (342.9, 307.5), (361.6, 307.5), (372.8, 320.5), (372.8, 335.5), (372.8, 350.4), (372.8, 365.3), (372.8, 372.8), (372.8, 372.8), (372.8, 372.8), (372.8, 372.8), (372.8, 372.8), (372.8, 372.8), (372.8, 372.8), (372.8, 372.8), (372.8, 372.8), (372.8, 372.8), (372.8, 372.8), (372.8, 372.8), (372.8, 372.8), (372.8, 372.8), (372.8, 372.8), (372.8, 372.8), (372.8, 372.8), (372.8, 372.8), (372.8, 372.8), (372.8, 372.8), (372.8, 372.8), (372.8, 372.8), (372.8, 372.8), (372.8, 372.8), (372.8, 372.8), (372.8, 372.8), (372.8, 372.8), (372.8, 372.8), (372.8, 372.8)]",0,1,8.45
novice,bomberman,2,Stuck,1,0,23.89,0.741,"[(48.0, 48.0), (62.9, 51.7), (77.9, 51.7), (98.4, 51.7), (113.3, 57.3), (115.2, 72.3), (115.2, 89.1), (115.2, 107.7), (128.3, 115.2), (143.2, 115.2), (165.6, 115.2), (180.5, 124.5), (180.5, 139.5), (180.5, 160.0), (184.3, 176.8), (199.2, 180.5), (217.9, 180.5), (236.5, 182.4), (244.0, 197.3), (244.0, 212.3), (244.0, 234.7), (257.1, 244.0), (272.0, 244.0), (292.5, 244.0), (307.5, 253.3), (307.5, 268.3), (307.5, 288.8), (311.2, 303.7), (326.1, 307.5), (342.9, 307.5), (361.6, 307.5), (372.8, 320.5), (372.8, 335.5), (372.8, 350.4), (372.8, 365.3), (372.8, 372.8), (372.8, 372.8), (372.8, 372.8), (372.8, 372.8), (372.8, 372.8), (372.8, 372.8), (372.8, 372.8), (372.8, 372.8), (372.8, 372.8), (372.8, 372.8), (372.8, 372.8), (372.8, 372.8), (372.8, 372.8), (372.8, 372.8), (372.8, 372.8), (372.8, 372.8), (372.8, 372.8), (372.8, 372.8), (372.8, 372.8), (372.8, 372.8), (372.8, 372.8), (372.8, 372.8), (372.8, 372.8), (372.8, 372.8), (372.8, 372.8), (372.8, 372.8), (372.8, 372.8), (372.8, 372.8), (372.8, 372.8), (372.8, 372.8), (372.8, 372.8), (372.8, 372.8), (372.8, 372.8), (372.8, 372.8), (372.8, 372.8), (372.8, 372.8), (372.8, 372.8), (372.8, 372.8), (372.8, 372.8), (372.8, 372.8), (372.8, 372.8), (372.8, 372.8), (372.8, 372.8), (372.8, 372.8), (372.8, 372.8), (372.8, 372.8), (372.8, 372.8), (372.8, 372.8), (372.8, 372.8), (372.8, 372.8), (372.8, 372.8), (372.8, 372.8), (372.8, 372.8), (372.8, 372.8), (372.8, 372.8), (372.8, 372.8), (372.8, 372.8), (372.8, 372.8)]",0,0,12.27
novice,bomberman,2,Bomb,2,0,31.01,0.926,"[(48.0, 48.0), (62.9, 51.7), (77.9, 51.7), (98.4, 51.7), (113.3, 57.3), (115.2, 72.3), (115.2, 89.1), (115.2, 107.7), (128.3, 115.2), (143.2, 115.2), (165.6, 115.2), (180.5, 124.5), (180.5, 139.5), (180.5, 160.0), (184.3, 176.8), (199.2, 180.5), (217.9, 180.5), (236.5, 182.4), (244.0, 197.3), (244.0, 212.3), (244.0, 234.7), (257.1, 244.0), (272.0, 244.0), (292.5, 244.0), (307.5, 253.3), (307.5, 268.3), (307.5, 288.8), (311.2, 303.7), (326.1, 307.5), (342.9, 307.5), (361.6, 307.5), (372.8, 320.5), (372.8, 335.5), (372.8, 350.4), (372.8, 365.3), (372.8, 372.8), (372.8, 372.8), (372.8, 372.8), (372.8, 372.8), (372.8, 372.8), (372.8, 372.8), (372.8, 372.8), (372.8, 372.8), (372.8, 372.8), (372.8, 372.8), (372.8, 372.8), (372.8, 372.8), (372.8, 372.8), (372.8, 372.8), (372.8, 372.8), (372.8, 372.8), (372.8, 372.8), (372.8, 372.8), (372.8, 372.8), (372.8, 372.8), (372.8, 372.8), (372.8, 372.8), (372.8, 372.8), (372.8, 372.8), (372.8, 372.8), (372.8, 372.8), (372.8, 372.8), (372.8, 372.8), (372.8, 372.8), (372.8, 372.8), (372.8, 372.8), (372.8, 372.8), (372.8, 372.8), (372.8, 372.8), (372.8, 372.8), (372.8, 372.8)]",0,1,9.45
novice,bomberman,2,Bomb,6,0,24.22,0.926,"[(48.0, 48.0), (62.9, 51.7), (77.9, 51.7), (98.4, 51.7), (113.3, 57.3), (115.2, 72.3), (115.2, 89.1), (115.2, 107.7), (128.3, 115.2), (143.2, 115.2), (165.6, 115.2), (180.5, 124.5), (180.5, 139.5), (180.5, 160.0), (184.3, 176.8), (199.2, 180.5), (217.9, 180.5), (236.5, 182.4), (244.0, 197.3), (244.0, 212.3), (244.0, 234.7), (257.1, 244.0), (272.0, 244.0), (292.5, 244.0), (307.5, 253.3), (307.5, 268.3), (307.5, 288.8), (311.2, 303.7), (326.1, 307.5), (342.9, 307.5), (361.6, 307.5), (372.8, 320.5), (372.8, 335.5), (372.8, 350.4), (372.8, 365.3), (372.8, 372.8), (372.8, 372.8), (372.8, 372.8), (372.8, 372.8), (372.8, 372.8), (372.8, 372.8), (372.8, 372.8), (372.8, 372.8), (372.8, 372.8), (372.8, 372.8), (372.8, 372.8), (372.8, 372.8), (372.8, 372.8), (372.8, 372.8), (372.8, 372.8), (372.8, 372.8), (372.8, 372.8), (372.8, 372.8), (372.8, 372.8), (372.8, 372.8), (372.8, 372.8), (372.8, 372.8), (372.8, 372.8), (372.8, 372.8), (372.8, 372.8), (372.8, 372.8), (372.8, 372.8), (372.8, 372.8), (372.8, 372.8), (372.8, 372.8), (372.8, 372.8), (372.8, 372.8), (372.8, 372.8), (372.8, 372.8), (372.8, 372.8), (372.8, 372.8), (372.8, 372.8), (372.8, 372.8), (372.8, 372.8), (372.8, 372.8), (372.8, 372.8), (372.8, 372.8), (372.8, 372.8), (372.8, 372.8), (372.8, 372.8), (372.8, 372.8), (372.8, 372.8), (372.8, 372.8), (372.8, 372.8), (372.8, 372.8), (372.8, 372.8), (372.8, 372.8), (372.8, 372.8), (372.8, 372.8), (372.8, 372.8), (372.8, 372.8)]",0,1,12.1
novice,bomberman,2,Bomb,6,0,24.22,0.926,"[(48.0, 48.0), (62.9, 51.7), (77.9, 51.7), (98.4, 51.7), (113.3, 57.3), (115.2, 72.3), (115.2, 89.1), (115.2, 107.7), (128.3, 115.2), (143.2, 115.2), (165.6, 115.2), (180.5, 124.5), (180.5, 139.5), (180.5, 160.0), (184.3, 176.8), (199.2, 180.5), (217.9, 180.5), (236.5, 182.4), (244.0, 197.3), (244.0, 212.3), (244.0, 234.7), (257.1, 244.0), (272.0, 244.0), (292.5, 244.0), (307.5, 253.3), (307.5, 268.3), (307.5, 288.8), (311.2, 303.7), (326.1, 307.5), (342.9, 307.5), (361.6, 307.5), (372.8, 320.5), (372.8, 335.5), (372.8, 350.4), (372.8, 365.3), (372.8, 372.8), (372.8, 372.8), (372.8, 372.8), (372.8, 372.8), (372.8, 372.8), (372.8, 372.8), (372.8, 372.8), (372.8, 372.8), (372.8, 372.8), (372.8, 372.8), (372.8, 372.8), (372.8, 372.8), (372.8, 372.8), (372.8, 372.8), (372.8, 372.8), (372.8, 372.8), (372.8, 372.8), (372.8, 372.8), (372.8, 372.8), (372.8, 372.8), (372.8, 372.8), (372.8, 372.8), (372.8, 372.8), (372.8, 372.8), (372.8, 372.8), (372.8, 372.8), (372.8, 372.8), (372.8, 372.8), (372.8, 372.8), (372.8, 372.8), (372.8, 372.8), (372.8, 372.8), (372.8, 372.8), (372.8, 372.8), (372.8, 372.8), (372.8, 372.8), (372.8, 372.8), (372.8, 372.8), (372.8, 372.8), (372.8, 372.8), (372.8, 372.8), (372.8, 372.8), (372.8, 372.8), (372.8, 372.8), (372.8, 372.8), (372.8, 372.8), (372.8, 372.8), (372.8, 372.8), (372.8, 372.8), (372.8, 372.8), (372.8, 372.8), (372.8, 372.8), (372.8, 372.8), (372.8, 372.8), (372.8, 372.8), (372.8, 372.8)]",0,1,12.1
novice,bomberman,2,Bomb,2,0,31.01,0.926,"[(48.0, 48.0), (62.9, 51.7), (77.9, 51.7), (98.4, 51.7), (113.3, 57.3), (115.2, 72.3), (115.2, 89.1), (115.2, 107.7), (128.3, 115.2), (143.2, 115.2), (165.6, 115.2), (180.5, 124.5), (180.5, 139.5), (180.5, 160.0), (184.3, 176.8), (199.2, 180.5), (217.9, 180.5), (236.5, 182.4), (244.0, 197.3), (244.0, 212.3), (244.0, 234.7), (257.1, 244.0), (272.0, 244.0), (292.5, 244.0), (307.5, 253.3), (307.5, 268.3), (307.5, 288.8), (311.2, 303.7), (326.1, 307.5), (342.9, 307.5), (361.6, 307.5), (372.8, 320.5), (372.8, 335.5), (372.8, 350.4), (372.8, 365.3), (372.8, 372.8), (372.8, 372.8), (372.8, 372.8), (372.8, 372.8), (372.8, 372.8), (372.8, 372.8), (372.8, 372.8), (372.8, 372.8), (372.8, 372.8), (372.8, 372.8), (372.8, 372.8), (372.8, 372.8), (372.8, 372.8), (372.8, 372.8), (372.8, 372.8), (372.8, 372.8), (372.8, 372.8), (372.8, 372.8), (372.8, 372.8), (372.8, 372.8), (372.8, 372.8), (372.8, 372.8), (372.8, 372.8), (372.8, 372.8), (372.8, 372.8), (372.8, 372.8), (372.8, 372.8), (372.8, 372.8), (372.8, 372.8), (372.8, 372.8), (372.8, 372.8), (372.8, 372.8), (372.8, 372.8), (372.8, 372.8), (372.8, 372.8), (372.8, 372.8)]",0,1,9.45
novice,bomberman,2,Bomb,7,0,34.68,0.926,"[(48.0, 48.0), (62.9, 51.7), (77.9, 51.7), (98.4, 51.7), (113.3, 57.3), (115.2, 72.3), (115.2, 89.1), (115.2, 107.7), (128.3, 115.2), (143.2, 115.2), (165.6, 115.2), (180.5, 124.5), (180.5, 139.5), (180.5, 160.0), (184.3, 176.8), (199.2, 180.5), (217.9, 180.5), (236.5, 182.4), (244.0, 197.3), (244.0, 212.3), (244.0, 234.7), (257.1, 244.0), (272.0, 244.0), (292.5, 244.0), (307.5, 253.3), (307.5, 268.3), (307.5, 288.8), (311.2, 303.7), (326.1, 307.5), (342.9, 307.5), (361.6, 307.5), (372.8, 320.5), (372.8, 335.5), (372.8, 350.4), (372.8, 365.3), (372.8, 372.8), (372.8, 372.8), (372.8, 372.8), (372.8, 372.8), (372.8, 372.8), (372.8, 372.8), (372.8, 372.8), (372.8, 372.8), (372.8, 372.8), (372.8, 372.8), (372.8, 372.8), (372.8, 372.8), (372.8, 372.8), (372.8, 372.8), (372.8, 372.8), (372.8, 372.8), (372.8, 372.8), (372.8, 372.8), (372.8, 372.8), (372.8, 372.8), (372.8, 372.8), (372.8, 372.8), (372.8, 372.8), (372.8, 372.8), (372.8, 372.8), (372.8, 372.8), (372.8, 372.8), (372.8, 372.8), (372.8, 372.8)]",0,1,8.45
novice,bomberman,2,Bomb,3,0,29.45,0.926,"[(48.0, 48.0), (62.9, 51.7), (77.9, 51.7), (98.4, 51.7), (113.3, 57.3), (115.2, 72.3), (115.2, 89.1), (115.2, 107.7), (128.3, 115.2), (143.2, 115.2), (165.6, 115.2), (180.5, 124.5), (180.5, 139.5), (180.5, 160.0), (184.3, 176.8), (199.2, 180.5), (217.9, 180.5), (236.5, 182.4), (244.0, 197.3), (244.0, 212.3), (244.0, 234.7), (257.1, 244.0), (272.0, 244.0), (292.5, 244.0), (307.5, 253.3), (307.5, 268.3), (307.5, 288.8), (311.2, 303.7), (326.1, 307.5), (342.9, 307.5), (361.6, 307.5), (372.8, 320.5), (372.8, 335.5), (372.8, 350.4), (372.8, 365.3), (372.8, 372.8), (372.8, 372.8), (372.8, 372.8), (372.8, 372.8), (372.8, 372.8), (372.8, 372.8), (372.8, 372.8), (372.8, 372.8), (372.8, 372.8), (372.8, 372.8), (372.8, 372.8), (372.8, 372.8), (372.8, 372.8), (372.8, 372.8), (372.8, 372.8), (372.8, 372.8), (372.8, 372.8), (372.8, 372.8), (372.8, 372.8), (372.8, 372.8), (372.8, 372.8), (372.8, 372.8), (372.8, 372.8), (372.8, 372.8), (372.8, 372.8), (372.8, 372.8), (372.8, 372.8), (372.8, 372.8), (372.8, 372.8), (372.8, 372.8), (372.8, 372.8), (372.8, 372.8), (372.8, 372.8), (372.8, 372.8), (372.8, 372.8), (372.8, 372.8), (372.8, 372.8), (372.8, 372.8), (372.8, 372.8), (372.8, 372.8)]",0,1,9.95
novice,bomberman,2,Bomb,4,0,24.42,0.926,"[(48.0, 48.0), (62.9, 51.7), (77.9, 51.7), (98.4, 51.7), (113.3, 57.3), (115.2, 72.3), (115.2, 89.1), (115.2, 107.7), (128.3, 115.2), (143.2, 115.2), (165.6, 115.2), (180.5, 124.5), (180.5, 139.5), (180.5, 160.0), (184.3, 176.8), (199.2, 180.5), (217.9, 180.5), (236.5, 182.4), (244.0, 197.3), (244.0, 212.3), (244.0, 234.7), (257.1, 244.0), (272.0, 244.0), (292.5, 244.0), (307.5, 253.3), (307.5, 268.3), (307.5, 288.8), (311.2, 303.7), (326.1, 307.5), (342.9, 307.5), (361.6, 307.5), (372.8, 320.5), (372.8, 335.5), (372.8, 350.4), (372.8, 365.3), (372.8, 372.8), (372.8, 372.8), (372.8, 372.8), (372.8, 372.8), (372.8, 372.8), (372.8, 372.8), (372.8, 372.8), (372.8, 372.8), (372.8, 372.8), (372.8, 372.8), (372.8, 372.8), (372.8, 372.8), (372.8, 372.8), (372.8, 372.8), (372.8, 372.8), (372.8, 372.8), (372.8, 372.8), (372.8, 372.8), (372.8, 372.8), (372.8, 372.8), (372.8, 372.8), (372.8, 372.8), (372.8, 372.8), (372.8, 372.8), (372.8, 372.8), (372.8, 372.8), (372.8, 372.8), (372.8, 372.8), (372.8, 372.8), (372.8, 372.8), (372.8, 372.8), (372.8, 372.8), (372.8, 372.8), (372.8, 372.8), (372.8, 372.8), (372.8, 372.8), (372.8, 372.8), (372.8, 372.8), (372.8, 372.8), (372.8, 372.8), (372.8, 372.8), (372.8, 372.8), (372.8, 372.8), (372.8, 372.8), (372.8, 372.8), (372.8, 372.8), (372.8, 372.8), (372.8, 372.8), (372.8, 372.8), (372.8, 372.8), (372.8, 372.8), (372.8, 372.8), (372.8, 372.8), (372.8, 372.8), (372.8, 372.8), (372.8, 372.8)]",0,1,12.0
novice,bomberman,2,Bomb,5,0,34.68,0.926,"[(48.0, 48.0), (62.9, 51.7), (77.9, 51.7), (98.4, 51.7), (113.3, 57.3), (115.2, 72.3), (115.2, 89.1), (115.2, 107.7), (128.3, 115.2), (143.2, 115.2), (165.6, 115.2), (180.5, 124.5), (180.5, 139.5), (180.5, 160.0), (184.3, 176.8), (199.2, 180.5), (217.9, 180.5), (236.5, 182.4), (244.0, 197.3), (244.0, 212.3), (244.0, 234.7), (257.1, 244.0), (272.0, 244.0), (292.5, 244.0), (307.5, 253.3), (307.5, 268.3), (307.5, 288.8), (311.2, 303.7), (326.1, 307.5), (342.9, 307.5), (361.6, 307.5), (372.8, 320.5), (372.8, 335.5), (372.8, 350.4), (372.8, 365.3), (372.8, 372.8), (372.8, 372.8), (372.8, 372.8), (372.8, 372.8), (372.8, 372.8), (372.8, 372.8), (372.8, 372.8), (372.8, 372.8), (372.8, 372.8), (372.8, 372.8), (372.8, 372.8), (372.8, 372.8), (372.8, 372.8), (372.8, 372.8), (372.8, 372.8), (372.8, 372.8), (372.8, 372.8), (372.8, 372.8), (372.8, 372.8), (372.8, 372.8), (372.8, 372.8), (372.8, 372.8), (372.8, 372.8), (372.8, 372.8), (372.8, 372.8), (372.8, 372.8), (372.8, 372.8), (372.8, 372.8), (372.8, 372.8)]",0,1,8.45
novice,bomberman,2,Bomb,2,0,35.31,0.741,"[(48.0, 48.0), (62.9, 51.7), (77.9, 51.7), (98.4, 51.7), (113.3, 57.3), (115.2, 72.3), (115.2, 89.1), (115.2, 107.7), (128.3, 115.2), (143.2, 115.2), (165.6, 115.2), (180.5, 124.5), (180.5, 139.5), (180.5, 160.0), (184.3, 176.8), (199.2, 180.5), (217.9, 180.5), (236.5, 182.4), (244.0, 197.3), (244.0, 212.3), (244.0, 234.7), (257.1, 244.0), (272.0, 244.0), (292.5, 244.0), (307.5, 253.3), (307.5, 268.3), (307.5, 288.8), (311.2, 303.7), (326.1, 307.5), (342.9, 307.5), (361.6, 307.5), (372.8, 320.5), (372.8, 335.5), (372.8, 350.4), (372.8, 365.3), (372.8, 372.8), (372.8, 372.8), (372.8, 372.8), (372.8, 372.8), (372.8, 372.8), (372.8, 372.8), (372.8, 372.8), (372.8, 372.8), (372.8, 372.8), (372.8, 372.8), (372.8, 372.8), (372.8, 372.8), (372.8, 372.8), (372.8, 372.8), (372.8, 372.8), (372.8, 372.8), (372.8, 372.8), (372.8, 372.8), (372.8, 372.8), (372.8, 372.8), (372.8, 372.8), (372.8, 372.8), (372.8, 372.8), (372.8, 372.8), (372.8, 372.8), (372.8, 372.8), (372.8, 372.8), (372.8, 372.8)]",0,0,8.3
novice,bomberman,2,Bomb,5,0,24.42,0.926,"[(48.0, 48.0), (62.9, 51.7), (77.9, 51.7), (98.4, 51.7), (113.3, 57.3), (115.2, 72.3), (115.2, 89.1), (115.2, 107.7), (128.3, 115.2), (143.2, 115.2), (165.6, 115.2), (180.5, 124.5), (180.5, 139.5), (180.5, 160.0), (184.3, 176.8), (199.2, 180.5), (217.9, 180.5), (236.5, 182.4), (244.0, 197.3), (244.0, 212.3), (244.0, 234.7), (257.1, 244.0), (272.0, 244.0), (292.5, 244.0), (307.5, 253.3), (307.5, 268.3), (307.5, 288.8), (311.2, 303.7), (326.1, 307.5), (342.9, 307.5), (361.6, 307.5), (372.8, 320.5), (372.8, 335.5), (372.8, 350.4), (372.8, 365.3), (372.8, 372.8), (372.8, 372.8), (372.8, 372.8), (372.8, 372.8), (372.8, 372.8), (372.8, 372.8), (372.8, 372.8), (372.8, 372.8), (372.8, 372.8), (372.8, 372.8), (372.8, 372.8), (372.8, 372.8), (372.8, 372.8), (372.8, 372.8), (372.8, 372.8), (372.8, 372.8), (372.8, 372.8), (372.8, 372.8), (372.8, 372.8), (372.8, 372.8), (372.8, 372.8), (372.8, 372.8), (372.8, 372.8), (372.8, 372.8), (372.8, 372.8), (372.8, 372.8), (372.8, 372.8), (372.8, 372.8), (372.8, 372.8), (372.8, 372.8), (372.8, 372.8), (372.8, 372.8), (372.8, 372.8), (372.8, 372.8), (372.8, 372.8), (372.8, 372.8), (372.8, 372.8), (372.8, 372.8), (372.8, 372.8), (372.8, 372.8), (372.8, 372.8), (372.8, 372.8), (372.8, 372.8), (372.8, 372.8), (372.8, 372.8), (372.8, 372.8), (372.8, 372.8), (372.8, 372.8), (372.8, 372.8), (372.8, 372.8), (372.8, 372.8), (372.8, 372.8), (372.8, 372.8), (372.8, 372.8), (372.8, 372.8), (372.8, 372.8)]",0,1,12.0
novice,bomberman,2,Bomb,6,0,34.68,0.926,"[(48.0, 48.0), (62.9, 51.7), (77.9, 51.7), (98.4, 51.7), (113.3, 57.3), (115.2, 72.3), (115.2, 89.1), (115.2, 107.7), (128.3, 115.2), (143.2, 115.2), (165.6, 115.2), (180.5, 124.5), (180.5, 139.5), (180.5, 160.0), (184.3, 176.8), (199.2, 180.5), (217.9, 180.5), (236.5, 182.4), (244.0, 197.3), (244.0, 212.3), (244.0, 234.7), (257.1, 244.0), (272.0, 244.0), (292.5, 244.0), (307.5, 253.3), (307.5, 268.3), (307.5, 288.8), (311.2, 303.7), (326.1, 307.5), (342.9, 307.5), (361.6, 307.5), (372.8, 320.5), (372.8, 335.5), (372.8, 350.4), (372.8, 365.3), (372.8, 372.8), (372.8, 372.8), (372.8, 372.8), (372.8, 372.8), (372.8, 372.8), (372.8, 372.8), (372.8, 372.8), (372.8, 372.8), (372.8, 372.8), (372.8, 372.8), (372.8, 372.8), (372.8, 372.8), (372.8, 372.8), (372.8, 372.8), (372.8, 372.8), (372.8, 372.8), (372.8, 372.8), (372.8, 372.8), (372.8, 372.8), (372.8, 372.8), (372.8, 372.8), (372.8, 372.8), (372.8, 372.8), (372.8, 372.8), (372.8, 372.8), (372.8, 372.8), (372.8, 372.8), (372.8, 372.8), (372.8, 372.8)]",0,1,8.45
novice,bomberman,2,Bomb,3,0,29.45,0.926,"[(48.0, 48.0), (62.9, 51.7), (77.9, 51.7), (98.4, 51.7), (113.3, 57.3), (115.2, 72.3), (115.2, 89.1), (115.2, 107.7), (128.3, 115.2), (143.2, 115.2), (165.6, 115.2), (180.5, 124.5), (180.5, 139.5), (180.5, 160.0), (184.3, 176.8), (199.2, 180.5), (217.9, 180.5), (236.5, 182.4), (244.0, 197.3), (244.0, 212.3), (244.0, 234.7), (257.1, 244.0), (272.0, 244.0), (292.5, 244.0), (307.5, 253.3), (307.5, 268.3), (307.5, 288.8), (311.2, 303.7), (326.1, 307.5), (342.9, 307.5), (361.6, 307.5), (372.8, 320.5), (372.8, 335.5), (372.8, 350.4), (372.8, 365.3), (372.8, 372.8), (372.8, 372.8), (372.8, 372.8), (372.8, 372.8), (372.8, 372.8), (372.8, 372.8), (372.8, 372.8), (372.8, 372.8), (372.8, 372.8), (372.8, 372.8), (372.8, 372.8), (372.8, 372.8), (372.8, 372.8), (372.8, 372.8), (372.8, 372.8), (372.8, 372.8), (372.8, 372.8), (372.8, 372.8), (372.8, 372.8), (372.8, 372.8), (372.8, 372.8), (372.8, 372.8), (372.8, 372.8), (372.8, 372.8), (372.8, 372.8), (372.8, 372.8), (372.8, 372.8), (372.8, 372.8), (372.8, 372.8), (372.8, 372.8), (372.8, 372.8), (372.8, 372.8), (372.8, 372.8), (372.8, 372.8), (372.8, 372.8), (372.8, 372.8), (372.8, 372.8), (372.8, 372.8), (372.8, 372.8), (372.8, 372.8)]",0,1,9.95
novice,bomberman,2,Bomb,3,0,29.45,0.926,"[(48.0, 48.0), (62.9, 51.7), (77.9, 51.7), (98.4, 51.7), (113.3, 57.3), (115.2, 72.3), (115.2, 89.1), (115.2, 107.7), (128.3, 115.2), (143.2, 115.2), (165.6, 115.2), (180.5, 124.5), (180.5, 139.5), (180.5, 160.0), (184.3, 176.8), (199.2, 180.5), (217.9, 180.5), (236.5, 182.4), (244.0, 197.3), (244.0, 212.3), (244.0, 234.7), (257.1, 244.0), (272.0, 244.0), (292.5, 244.0), (307.5, 253.3), (307.5, 268.3), (307.5, 288.8), (311.2, 303.7), (326.1, 307.5), (342.9, 307.5), (361.6, 307.5), (372.8, 320.5), (372.8, 335.5), (372.8, 350.4), (372.8, 365.3), (372.8, 372.8), (372.8, 372.8), (372.8, 372.8), (372.8, 372.8), (372.8, 372.8), (372.8, 372.8), (372.8, 372.8), (372.8, 372.8), (372.8, 372.8), (372.8, 372.8), (372.8, 372.8), (372.8, 372.8), (372.8, 372.8), (372.8, 372.8), (372.8, 372.8), (372.8, 372.8), (372.8, 372.8), (372.8, 372.8), (372.8, 372.8), (372.8, 372.8), (372.8, 372.8), (372.8, 372.8), (372.8, 372.8), (372.8, 372.8), (372.8, 372.8), (372.8, 372.8), (372.8, 372.8), (372.8, 372.8), (372.8, 372.8), (372.8, 372.8), (372.8, 372.8), (372.8, 372.8), (372.8, 372.8), (372.8, 372.8), (372.8, 372.8), (372.8, 372.8), (372.8, 372.8), (372.8, 372.8), (372.8, 372.8), (372.8, 372.8)]",0,1,9.95
novice,bomberman,2,Bomb,6,0,34.68,0.926,"[(48.0, 48.0), (62.9, 51.7), (77.9, 51.7), (98.4, 51.7), (113.3, 57.3), (115.2, 72.3), (115.2, 89.1), (115.2, 107.7), (128.3, 115.2), (143.2, 115.2), (165.6, 115.2), (180.5, 124.5), (180.5, 139.5), (180.5, 160.0), (184.3, 176.8), (199.2, 180.5), (217.9, 180.5), (236.5, 182.4), (244.0, 197.3), (244.0, 212.3), (244.0, 234.7), (257.1, 244.0), (272.0, 244.0), (292.5, 244.0), (307.5, 253.3), (307.5, 268.3), (307.5, 288.8), (311.2, 303.7), (326.1, 307.5), (342.9, 307.5), (361.6, 307.5), (372.8, 320.5), (372.8, 335.5), (372.8, 350.4), (372.8, 365.3), (372.8, 372.8), (372.8, 372.8), (372.8, 372.8), (372.8, 372.8), (372.8, 372.8), (372.8, 372.8), (372.8, 372.8), (372.8, 372.8), (372.8, 372.8), (372.8, 372.8), (372.8, 372.8), (372.8, 372.8), (372.8, 372.8), (372.8, 372.8), (372.8, 372.8), (372.8, 372.8), (372.8, 372.8), (372.8, 372.8), (372.8, 372.8), (372.8, 372.8), (372.8, 372.8), (372.8, 372.8), (372.8, 372.8), (372.8, 372.8), (372.8, 372.8), (372.8, 372.8), (372.8, 372.8), (372.8, 372.8), (372.8, 372.8)]",0,1,8.45
novice,bomberman,2,Bomb,5,0,24.42,0.926,"[(48.0, 48.0), (62.9, 51.7), (77.9, 51.7), (98.4, 51.7), (113.3, 57.3), (115.2, 72.3), (115.2, 89.1), (115.2, 107.7), (128.3, 115.2), (143.2, 115.2), (165.6, 115.2), (180.5, 124.5), (180.5, 139.5), (180.5, 160.0), (184.3, 176.8), (199.2, 180.5), (217.9, 180.5), (236.5, 182.4), (244.0, 197.3), (244.0, 212.3), (244.0, 234.7), (257.1, 244.0), (272.0, 244.0), (292.5, 244.0), (307.5, 253.3), (307.5, 268.3), (307.5, 288.8), (311.2, 303.7), (326.1, 307.5), (342.9, 307.5), (361.6, 307.5), (372.8, 320.5), (372.8, 335.5), (372.8, 350.4), (372.8, 365.3), (372.8, 372.8), (372.8, 372.8), (372.8, 372.8), (372.8, 372.8), (372.8, 372.8), (372.8, 372.8), (372.8, 372.8), (372.8, 372.8), (372.8, 372.8), (372.8, 372.8), (372.8, 372.8), (372.8, 372.8), (372.8, 372.8), (372.8, 372.8), (372.8, 372.8), (372.8, 372.8), (372.8, 372.8), (372.8, 372.8), (372.8, 372.8), (372.8, 372.8), (372.8, 372.8), (372.8, 372.8), (372.8, 372.8), (372.8, 372.8), (372.8, 372.8), (372.8, 372.8), (372.8, 372.8), (372.8, 372.8), (372.8, 372.8), (372.8, 372.8), (372.8, 372.8), (372.8, 372.8), (372.8, 372.8), (372.8, 372.8), (372.8, 372.8), (372.8, 372.8), (372.8, 372.8), (372.8, 372.8), (372.8, 372.8), (372.8, 372.8), (372.8, 372.8), (372.8, 372.8), (372.8, 372.8), (372.8, 372.8), (372.8, 372.8), (372.8, 372.8), (372.8, 372.8), (372.8, 372.8), (372.8, 372.8), (372.8, 372.8), (372.8, 372.8), (372.8, 372.8), (372.8, 372.8), (372.8, 372.8), (372.8, 372.8), (372.8, 372.8)]",0,1,12.0
novice,bomberman,2,Bomb,5,0,34.68,0.926,"[(48.0, 48.0), (62.9, 51.7), (77.9, 51.7), (98.4, 51.7), (113.3, 57.3), (115.2, 72.3), (115.2, 89.1), (115.2, 107.7), (128.3, 115.2), (143.2, 115.2), (165.6, 115.2), (180.5, 124.5), (180.5, 139.5), (180.5, 160.0), (184.3, 176.8), (199.2, 180.5), (217.9, 180.5), (236.5, 182.4), (244.0, 197.3), (244.0, 212.3), (244.0, 234.7), (257.1, 244.0), (272.0, 244.0), (292.5, 244.0), (307.5, 253.3), (307.5, 268.3), (307.5, 288.8), (311.2, 303.7), (326.1, 307.5), (342.9, 307.5), (361.6, 307.5), (372.8, 320.5), (372.8, 335.5), (372.8, 350.4), (372.8, 365.3), (372.8, 372.8), (372.8, 372.8), (372.8, 372.8), (372.8, 372.8), (372.8, 372.8), (372.8, 372.8), (372.8, 372.8), (372.8, 372.8), (372.8, 372.8), (372.8, 372.8), (372.8, 372.8), (372.8, 372.8), (372.8, 372.8), (372.8, 372.8), (372.8, 372.8), (372.8, 372.8), (372.8, 372.8), (372.8, 372.8), (372.8, 372.8), (372.8, 372.8), (372.8, 372.8), (372.8, 372.8), (372.8, 372.8), (372.8, 372.8), (372.8, 372.8), (372.8, 372.8), (372.8, 372.8), (372.8, 372.8), (372.8, 372.8)]",0,1,8.45
novice,bomberman,2,Bomb,9,0,32.03,0.889,"[(48.0, 48.0), (62.9, 51.7), (77.9, 51.7), (98.4, 51.7), (113.3, 57.3), (115.2, 72.3), (115.2, 89.1), (115.2, 107.7), (128.3, 115.2), (143.2, 115.2), (165.6, 115.2), (180.5, 124.5), (180.5, 139.5), (180.5, 160.0), (184.3, 176.8), (199.2, 180.5), (217.9, 180.5), (236.5, 182.4), (244.0, 197.3), (244.0, 212.3), (244.0, 234.7), (257.1, 244.0), (272.0, 244.0), (292.5, 244.0), (307.5, 253.3), (307.5, 268.3), (307.5, 288.8), (311.2, 303.7), (326.1, 307.5), (342.9, 307.5), (361.6, 307.5), (372.8, 320.5), (372.8, 335.5), (372.8, 350.4), (372.8, 365.3), (372.8, 372.8), (372.8, 372.8), (372.8, 372.8), (372.8, 372.8), (372.8, 372.8), (372.8, 372.8), (372.8, 372.8), (372.8, 372.8), (372.8, 372.8), (372.8, 372.8), (372.8, 372.8), (372.8, 372.8), (372.8, 372.8), (372.8, 372.8), (372.8, 372.8), (372.8, 372.8), (372.8, 372.8), (372.8, 372.8), (372.8, 372.8), (372.8, 372.8), (372.8, 372.8), (372.8, 372.8), (372.8, 372.8), (363.5, 372.8), (352.3, 372.8), (356.0, 372.8), (352.3, 372.8), (352.3, 372.8), (356.0, 372.8)]",0,1,8.45
novice,bomberman,2,Bomb,3,0,32.21,0.926,"[(48.0, 48.0), (62.9, 51.7), (77.9, 51.7), (98.4, 51.7), (113.3, 57.3), (115.2, 72.3), (115.2, 89.1), (115.2, 107.7), (128.3, 115.2), (143.2, 115.2), (165.6, 115.2), (180.5, 124.5), (180.5, 139.5), (180.5, 160.0), (184.3, 176.8), (199.2, 180.5), (217.9, 180.5), (236.5, 182.4), (244.0, 197.3), (244.0, 212.3), (244.0, 234.7), (257.1, 244.0), (272.0, 244.0), (292.5, 244.0), (307.5, 253.3), (307.5, 268.3), (307.5, 288.8), (311.2, 303.7), (326.1, 307.5), (342.9, 307.5), (361.6, 307.5), (372.8, 320.5), (372.8, 335.5), (372.8, 350.4), (372.8, 365.3), (372.8, 372.8), (372.8, 372.8), (372.8, 372.8), (372.8, 372.8), (372.8, 372.8), (372.8, 372.8), (372.8, 372.8), (372.8, 372.8), (372.8, 372.8), (372.8, 372.8), (372.8, 372.8), (372.8, 372.8), (372.8, 372.8), (372.8, 372.8), (372.8, 372.8), (372.8, 372.8), (372.8, 372.8), (372.8, 372.8), (372.8, 372.8), (372.8, 372.8), (372.8, 372.8), (372.8, 372.8), (372.8, 372.8), (372.8, 372.8), (372.8, 372.8), (372.8, 372.8), (372.8, 372.8), (372.8, 372.8), (372.8, 372.8), (372.8, 372.8), (372.8, 372.8), (372.8, 372.8), (372.8, 372.8), (372.8, 372.8)]",0,1,9.1
novice,bomberman,2,Bomb,3,0,33.36,0.926,"[(48.0, 48.0), (62.9, 51.7), (77.9, 51.7), (98.4, 51.7), (113.3, 57.3), (115.2, 72.3), (115.2, 89.1), (115.2, 107.7), (128.3, 115.2), (143.2, 115.2), (165.6, 115.2), (180.5, 124.5), (180.5, 139.5), (180.5, 160.0), (184.3, 176.8), (199.2, 180.5), (217.9, 180.5), (236.5, 182.4), (244.0, 197.3), (244.0, 212.3), (244.0, 234.7), (257.1, 244.0), (272.0, 244.0), (292.5, 244.0), (307.5, 253.3), (307.5, 268.3), (307.5, 288.8), (311.2, 303.7), (326.1, 307.5), (342.9, 307.5), (361.6, 307.5), (372.8, 320.5), (372.8, 335.5), (372.8, 350.4), (372.8, 365.3), (372.8, 372.8), (372.8, 372.8), (372.8, 372.8), (372.8, 372.8), (372.8, 372.8), (372.8, 372.8), (372.8, 372.8), (372.8, 372.8), (372.8, 372.8), (372.8, 372.8), (372.8, 372.8), (372.8, 372.8), (372.8, 372.8), (372.8, 372.8), (372.8, 372.8), (372.8, 372.8), (372.8, 372.8), (372.8, 372.8), (372.8, 372.8), (372.8, 372.8), (372.8, 372.8), (372.8, 372.8), (372.8, 372.8), (372.8, 372.8), (372.8, 372.8), (372.8, 372.8), (372.8, 372.8), (372.8, 372.8), (367.2, 372.8)]",0,1,8.45
novice,bomberman,2,Bomb,6,0,24.42,0.926,"[(48.0, 48.0), (62.9, 51.7), (77.9, 51.7), (98.4, 51.7), (113.3, 57.3), (115.2, 72.3), (115.2, 89.1), (115.2, 107.7), (128.3, 115.2), (143.2, 115.2), (165.6, 115.2), (180.5, 124.5), (180.5, 139.5), (180.5, 160.0), (184.3, 176.8), (199.2, 180.5), (217.9, 180.5), (236.5, 182.4), (244.0, 197.3), (244.0, 212.3), (244.0, 234.7), (257.1, 244.0), (272.0, 244.0), (292.5, 244.0), (307.5, 253.3), (307.5, 268.3), (307.5, 288.8), (311.2, 303.7), (326.1, 307.5), (342.9, 307.5), (361.6, 307.5), (372.8, 320.5), (372.8, 335.5), (372.8, 350.4), (372.8, 365.3), (372.8, 372.8), (372.8, 372.8), (372.8, 372.8), (372.8, 372.8), (372.8, 372.8), (372.8, 372.8), (372.8, 372.8), (372.8, 372.8), (372.8, 372.8), (372.8, 372.8), (372.8, 372.8), (372.8, 372.8), (372.8, 372.8), (372.8, 372.8), (372.8, 372.8), (372.8, 372.8), (372.8, 372.8), (372.8, 372.8), (372.8, 372.8), (372.8, 372.8), (372.8, 372.8), (372.8, 372.8), (372.8, 372.8), (372.8, 372.8), (372.8, 372.8), (372.8, 372.8), (372.8, 372.8), (372.8, 372.8), (372.8, 372.8), (372.8, 372.8), (372.8, 372.8), (372.8, 372.8), (372.8, 372.8), (372.8, 372.8), (372.8, 372.8), (372.8, 372.8), (372.8, 372.8), (372.8, 372.8), (372.8, 372.8), (372.8, 372.8), (372.8, 372.8), (372.8, 372.8), (372.8, 372.8), (372.8, 372.8), (372.8, 372.8), (372.8, 372.8), (372.8, 372.8), (372.8, 372.8), (372.8, 372.8), (372.8, 372.8), (372.8, 372.8), (372.8, 372.8), (372.8, 372.8), (372.8, 372.8), (372.8, 372.8), (372.8, 372.8)]",0,1,12.0
novice,bomberman,2,Bomb,3,0,27.14,0.926,"[(48.0, 48.0), (62.9, 51.7), (77.9, 51.7), (98.4, 51.7), (113.3, 57.3), (115.2, 72.3), (115.2, 89.1), (115.2, 107.7), (128.3, 115.2), (143.2, 115.2), (165.6, 115.2), (180.5, 124.5), (180.5, 139.5), (180.5, 160.0), (184.3, 176.8), (199.2, 180.5), (217.9, 180.5), (236.5, 182.4), (244.0, 197.3), (244.0, 212.3), (244.0, 234.7), (257.1, 244.0), (272.0, 244.0), (292.5, 244.0), (307.5, 253.3), (307.5, 268.3), (307.5, 288.8), (311.2, 303.7), (326.1, 307.5), (342.9, 307.5), (361.6, 307.5), (372.8, 320.5), (372.8, 335.5), (372.8, 350.4), (372.8, 365.3), (372.8, 372.8), (372.8, 372.8), (372.8, 372.8), (372.8, 372.8), (372.8, 372.8), (372.8, 372.8), (372.8, 372.8), (372.8, 372.8), (372.8, 372.8), (372.8, 372.8), (372.8, 372.8), (372.8, 372.8), (372.8, 372.8), (372.8, 372.8), (372.8, 372.8), (372.8, 372.8), (372.8, 372.8), (372.8, 372.8), (372.8, 372.8), (372.8, 372.8), (372.8, 372.8), (372.8, 372.8), (372.8, 372.8), (372.8, 372.8), (372.8, 372.8), (372.8, 372.8), (372.8, 372.8), (372.8, 372.8), (372.8, 372.8), (372.8, 372.8), (372.8, 372.8), (372.8, 372.8), (372.8, 372.8), (372.8, 372.8), (372.8, 372.8), (372.8, 372.8), (372.8, 372.8), (372.8, 372.8), (372.8, 372.8), (372.8, 372.8), (372.8, 372.8), (372.8, 372.8), (372.8, 372.8), (372.8, 372.8), (372.8, 372.8), (372.8, 372.8), (372.8, 372.8)]",0,1,10.8
novice,bomberman,2,Bomb,3,0,29.16,0.926,"[(48.0, 48.0), (62.9, 51.7), (77.9, 51.7), (98.4, 51.7), (113.3, 57.3), (115.2, 72.3), (115.2, 89.1), (115.2, 107.7), (128.3, 115.2), (143.2, 115.2), (165.6, 115.2), (180.5, 124.5), (180.5, 139.5), (180.5, 160.0), (184.3, 176.8), (199.2, 180.5), (217.9, 180.5), (236.5, 182.4), (244.0, 197.3), (244.0, 212.3), (244.0, 234.7), (257.1, 244.0), (272.0, 244.0), (292.5, 244.0), (307.5, 253.3), (307.5, 268.3), (307.5, 288.8), (311.2, 303.7), (326.1, 307.5), (342.9, 307.5), (361.6, 307.5), (372.8, 320.5), (372.8, 335.5), (372.8, 350.4), (372.8, 365.3), (372.8, 372.8), (372.8, 372.8), (372.8, 372.8), (372.8, 372.8), (372.8, 372.8), (372.8, 372.8), (372.8, 372.8), (372.8, 372.8), (372.8, 372.8), (372.8, 372.8), (372.8, 372.8), (372.8, 372.8), (372.8, 372.8), (372.8, 372.8), (372.8, 372.8), (372.8, 372.8), (372.8, 372.8), (372.8, 372.8), (372.8, 372.8), (372.8, 372.8), (372.8, 372.8), (372.8, 372.8), (372.8, 372.8), (372.8, 372.8), (372.8, 372.8), (372.8, 372.8), (372.8, 372.8), (372.8, 372.8), (372.8, 372.8), (372.8, 372.8), (372.8, 372.8), (372.8, 372.8), (372.8, 372.8), (372.8, 372.8), (372.8, 372.8), (372.8, 372.8), (372.8, 372.8), (372.8, 372.8), (372.8, 372.8), (372.8, 372.8), (372.8, 372.8)]",0,1,10.05
novice,bomberman,2,Bomb,3,0,29.16,0.926,"[(48.0, 48.0), (62.9, 51.7), (77.9, 51.7), (98.4, 51.7), (113.3, 57.3), (115.2, 72.3), (115.2, 89.1), (115.2, 107.7), (128.3, 115.2), (143.2, 115.2), (165.6, 115.2), (180.5, 124.5), (180.5, 139.5), (180.5, 160.0), (184.3, 176.8), (199.2, 180.5), (217.9, 180.5), (236.5, 182.4), (244.0, 197.3), (244.0, 212.3), (244.0, 234.7), (257.1, 244.0), (272.0, 244.0), (292.5, 244.0), (307.5, 253.3), (307.5, 268.3), (307.5, 288.8), (311.2, 303.7), (326.1, 307.5), (342.9, 307.5), (361.6, 307.5), (372.8, 320.5), (372.8, 335.5), (372.8, 350.4), (372.8, 365.3), (372.8, 372.8), (372.8, 372.8), (372.8, 372.8), (372.8, 372.8), (372.8, 372.8), (372.8, 372.8), (372.8, 372.8), (372.8, 372.8), (372.8, 372.8), (372.8, 372.8), (372.8, 372.8), (372.8, 372.8), (372.8, 372.8), (372.8, 372.8), (372.8, 372.8), (372.8, 372.8), (372.8, 372.8), (372.8, 372.8), (372.8, 372.8), (372.8, 372.8), (372.8, 372.8), (372.8, 372.8), (372.8, 372.8), (372.8, 372.8), (372.8, 372.8), (372.8, 372.8), (372.8, 372.8), (372.8, 372.8), (372.8, 372.8), (372.8, 372.8), (372.8, 372.8), (372.8, 372.8), (372.8, 372.8), (372.8, 372.8), (372.8, 372.8), (372.8, 372.8), (372.8, 372.8), (372.8, 372.8), (372.8, 372.8), (372.8, 372.8), (372.8, 372.8)]",0,1,10.05
novice,bomberman,2,Bomb,3,0,27.14,0.926,"[(48.0, 48.0), (62.9, 51.7), (77.9, 51.7), (98.4, 51.7), (113.3, 57.3), (115.2, 72.3), (115.2, 89.1), (115.2, 107.7), (128.3, 115.2), (143.2, 115.2), (165.6, 115.2), (180.5, 124.5), (180.5, 139.5), (180.5, 160.0), (184.3, 176.8), (199.2, 180.5), (217.9, 180.5), (236.5, 182.4), (244.0, 197.3), (244.0, 212.3), (244.0, 234.7), (257.1, 244.0), (272.0, 244.0), (292.5, 244.0), (307.5, 253.3), (307.5, 268.3), (307.5, 288.8), (311.2, 303.7), (326.1, 307.5), (342.9, 307.5), (361.6, 307.5), (372.8, 320.5), (372.8, 335.5), (372.8, 350.4), (372.8, 365.3), (372.8, 372.8), (372.8, 372.8), (372.8, 372.8), (372.8, 372.8), (372.8, 372.8), (372.8, 372.8), (372.8, 372.8), (372.8, 372.8), (372.8, 372.8), (372.8, 372.8), (372.8, 372.8), (372.8, 372.8), (372.8, 372.8), (372.8, 372.8), (372.8, 372.8), (372.8, 372.8), (372.8, 372.8), (372.8, 372.8), (372.8, 372.8), (372.8, 372.8), (372.8, 372.8), (372.8, 372.8), (372.8, 372.8), (372.8, 372.8), (372.8, 372.8), (372.8, 372.8), (372.8, 372.8), (372.8, 372.8), (372.8, 372.8), (372.8, 372.8), (372.8, 372.8), (372.8, 372.8), (372.8, 372.8), (372.8, 372.8), (372.8, 372.8), (372.8, 372.8), (372.8, 372.8), (372.8, 372.8), (372.8, 372.8), (372.8, 372.8), (372.8, 372.8), (372.8, 372.8), (372.8, 372.8), (372.8, 372.8), (372.8, 372.8), (372.8, 372.8), (372.8, 372.8)]",0,1,10.8
novice,bomberman,2,Bomb,6,0,24.42,0.926,"[(48.0, 48.0), (62.9, 51.7), (77.9, 51.7), (98.4, 51.7), (113.3, 57.3), (115.2, 72.3), (115.2, 89.1), (115.2, 107.7), (128.3, 115.2), (143.2, 115.2), (165.6, 115.2), (180.5, 124.5), (180.5, 139.5), (180.5, 160.0), (184.3, 176.8), (199.2, 180.5), (217.9, 180.5), (236.5, 182.4), (244.0, 197.3), (244.0, 212.3), (244.0, 234.7), (257.1, 244.0), (272.0, 244.0), (292.5, 244.0), (307.5, 253.3), (307.5, 268.3), (307.5, 288.8), (311.2, 303.7), (326.1, 307.5), (342.9, 307.5), (361.6, 307.5), (372.8, 320.5), (372.8, 335.5), (372.8, 350.4), (372.8, 365.3), (372.8, 372.8), (372.8, 372.8), (372.8, 372.8), (372.8, 372.8), (372.8, 372.8), (372.8, 372.8), (372.8, 372.8), (372.8, 372.8), (372.8, 372.8), (372.8, 372.8), (372.8, 372.8), (372.8, 372.8), (372.8, 372.8), (372.8, 372.8), (372.8, 372.8), (372.8, 372.8), (372.8, 372.8), (372.8, 372.8), (372.8, 372.8), (372.8, 372.8), (372.8, 372.8), (372.8, 372.8), (372.8, 372.8), (372.8, 372.8), (372.8, 372.8), (372.8, 372.8), (372.8, 372.8), (372.8, 372.8), (372.8, 372.8), (372.8, 372.8), (372.8, 372.8), (372.8, 372.8), (372.8, 372.8), (372.8, 372.8), (372.8, 372.8), (372.8, 372.8), (372.8, 372.8), (372.8, 372.8), (372.8, 372.8), (372.8, 372.8), (372.8, 372.8), (372.8, 372.8), (372.8, 372.8), (372.8, 372.8), (372.8, 372.8), (372.8, 372.8), (372.8, 372.8), (372.8, 372.8), (372.8, 372.8), (372.8, 372.8), (372.8, 372.8), (372.8, 372.8), (372.8, 372.8), (372.8, 372.8), (372.8, 372.8), (372.8, 372.8)]",0,1,12.0
novice,bomberman,2,Bomb,3,0,33.36,0.926,"[(48.0, 48.0), (62.9, 51.7), (77.9, 51.7), (98.4, 51.7), (113.3, 57.3), (115.2, 72.3), (115.2, 89.1), (115.2, 107.7), (128.3, 115.2), (143.2, 115.2), (165.6, 115.2), (180.5, 124.5), (180.5, 139.5), (180.5, 160.0), (184.3, 176.8), (199.2, 180.5), (217.9, 180.5), (236.5, 182.4), (244.0, 197.3), (244.0, 212.3), (244.0, 234.7), (257.1, 244.0), (272.0, 244.0), (292.5, 244.0), (307.5, 253.3), (307.5, 268.3), (307.5, 288.8), (311.2, 303.7), (326.1, 307.5), (342.9, 307.5), (361.6, 307.5), (372.8, 320.5), (372.8, 335.5), (372.8, 350.4), (372.8, 365.3), (372.8, 372.8), (372.8, 372.8), (372.8, 372.8), (372.8, 372.8), (372.8, 372.8), (372.8, 372.8), (372.8, 372.8), (372.8, 372.8), (372.8, 372.8), (372.8, 372.8), (372.8, 372.8), (372.8, 372.8), (372.8, 372.8), (372.8, 372.8), (372.8, 372.8), (372.8, 372.8), (372.8, 372.8), (372.8, 372.8), (372.8, 372.8), (372.8, 372.8), (372.8, 372.8), (372.8, 372.8), (372.8, 372.8), (372.8, 372.8), (372.8, 372.8), (372.8, 372.8), (372.8, 372.8), (372.8, 372.8), (367.2, 372.8)]",0,1,8.45
novice,bomberman,2,Stuck,1,0,22.26,0.741,"[(48.0, 48.0), (62.9, 51.7), (77.9, 51.7), (98.4, 51.7), (113.3, 57.3), (115.2, 72.3), (115.2, 89.1), (115.2, 107.7), (128.3, 115.2), (143.2, 115.2), (165.6, 115.2), (180.5, 124.5), (180.5, 139.5), (180.5, 160.0), (184.3, 176.8), (199.2, 180.5), (217.9, 180.5), (236.5, 182.4), (244.0, 197.3), (244.0, 212.3), (244.0, 234.7), (257.1, 244.0), (272.0, 244.0), (292.5, 244.0), (307.5, 253.3), (307.5, 268.3), (307.5, 288.8), (311.2, 303.7), (326.1, 307.5), (342.9, 307.5), (361.6, 307.5), (372.8, 320.5), (372.8, 335.5), (372.8, 350.4), (372.8, 365.3), (372.8, 372.8), (372.8, 372.8), (372.8, 372.8), (372.8, 372.8), (372.8, 372.8), (372.8, 372.8), (372.8, 372.8), (372.8, 372.8), (372.8, 372.8), (372.8, 372.8), (372.8, 372.8), (372.8, 372.8), (372.8, 372.8), (372.8, 372.8), (372.8, 372.8), (372.8, 372.8), (372.8, 372.8), (372.8, 372.8), (372.8, 372.8), (372.8, 372.8), (372.8, 372.8), (372.8, 372.8), (372.8, 372.8), (372.8, 372.8), (372.8, 372.8), (372.8, 372.8), (372.8, 372.8), (372.8, 372.8), (372.8, 372.8), (372.8, 372.8), (372.8, 372.8), (372.8, 372.8), (372.8, 372.8), (372.8, 372.8), (372.8, 372.8), (372.8, 372.8), (372.8, 372.8), (372.8, 372.8), (372.8, 372.8), (372.8, 372.8), (372.8, 372.8), (372.8, 372.8), (372.8, 372.8), (372.8, 372.8), (372.8, 372.8), (372.8, 372.8), (372.8, 372.8), (372.8, 372.8), (372.8, 372.8), (372.8, 372.8), (372.8, 372.8), (372.8, 372.8), (372.8, 372.8), (372.8, 372.8), (372.8, 372.8), (372.8, 372.8), (372.8, 372.8), (372.8, 372.8), (372.8, 372.8), (372.8, 372.8), (372.8, 372.8), (372.8, 372.8), (372.8, 372.8), (372.8, 372.8)]",0,0,13.17
novice,bomberman,2,Bomb,4,0,32.21,0.926,"[(48.0, 48.0), (62.9, 51.7), (77.9, 51.7), (98.4, 51.7), (113.3, 57.3), (115.2, 72.3), (115.2, 89.1), (115.2, 107.7), (128.3, 115.2), (143.2, 115.2), (165.6, 115.2), (180.5, 124.5), (180.5, 139.5), (180.5, 160.0), (184.3, 176.8), (199.2, 180.5), (217.9, 180.5), (236.5, 182.4), (244.0, 197.3), (244.0, 212.3), (244.0, 234.7), (257.1, 244.0), (272.0, 244.0), (292.5, 244.0), (307.5, 253.3), (307.5, 268.3), (307.5, 288.8), (311.2, 303.7), (326.1, 307.5), (342.9, 307.5), (361.6, 307.5), (372.8, 320.5), (372.8, 335.5), (372.8, 350.4), (372.8, 365.3), (372.8, 372.8), (372.8, 372.8), (372.8, 372.8), (372.8, 372.8), (372.8, 372.8), (372.8, 372.8), (372.8, 372.8), (372.8, 372.8), (372.8, 372.8), (372.8, 372.8), (372.8, 372.8), (372.8, 372.8), (372.8, 372.8), (372.8, 372.8), (372.8, 372.8), (372.8, 372.8), (372.8, 372.8), (372.8, 372.8), (372.8, 372.8), (372.8, 372.8), (372.8, 372.8), (372.8, 372.8), (372.8, 372.8), (372.8, 372.8), (372.8, 372.8), (372.8, 372.8), (372.8, 372.8), (372.8, 372.8), (372.8, 372.8), (372.8, 372.8), (372.8, 372.8), (372.8, 372.8), (372.8, 372.8), (372.8, 372.8)]",0,1,9.1
novice,bomberman,2,Bomb,5,0,32.21,0.926,"[(48.0, 48.0), (62.9, 51.7), (77.9, 51.7), (98.4, 51.7), (113.3, 57.3), (115.2, 72.3), (115.2, 89.1), (115.2, 107.7), (128.3, 115.2), (143.2, 115.2), (165.6, 115.2), (180.5, 124.5), (180.5, 139.5), (180.5, 160.0), (184.3, 176.8), (199.2, 180.5), (217.9, 180.5), (236.5, 182.4), (244.0, 197.3), (244.0, 212.3), (244.0, 234.7), (257.1, 244.0), (272.0, 244.0), (292.5, 244.0), (307.5, 253.3), (307.5, 268.3), (307.5, 288.8), (311.2, 303.7), (326.1, 307.5), (342.9, 307.5), (361.6, 307.5), (372.8, 320.5), (372.8, 335.5), (372.8, 350.4), (372.8, 365.3), (372.8, 372.8), (372.8, 372.8), (372.8, 372.8), (372.8, 372.8), (372.8, 372.8), (372.8, 372.8), (372.8, 372.8), (372.8, 372.8), (372.8, 372.8), (372.8, 372.8), (372.8, 372.8), (372.8, 372.8), (372.8, 372.8), (372.8, 372.8), (372.8, 372.8), (372.8, 372.8), (372.8, 372.8), (372.8, 372.8), (372.8, 372.8), (372.8, 372.8), (372.8, 372.8), (372.8, 372.8), (372.8, 372.8), (372.8, 372.8), (372.8, 372.8), (372.8, 372.8), (372.8, 372.8), (372.8, 372.8), (372.8, 372.8), (372.8, 372.8), (372.8, 372.8), (372.8, 372.8), (372.8, 372.8), (372.8, 372.8)]",0,1,9.1
novice,bomberman,2,Bomb,6,0,24.42,0.926,"[(48.0, 48.0), (62.9, 51.7), (77.9, 51.7), (98.4, 51.7), (113.3, 57.3), (115.2, 72.3), (115.2, 89.1), (115.2, 107.7), (128.3, 115.2), (143.2, 115.2), (165.6, 115.2), (180.5, 124.5), (180.5, 139.5), (180.5, 160.0), (184.3, 176.8), (199.2, 180.5), (217.9, 180.5), (236.5, 182.4), (244.0, 197.3), (244.0, 212.3), (244.0, 234.7), (257.1, 244.0), (272.0, 244.0), (292.5, 244.0), (307.5, 253.3), (307.5, 268.3), (307.5, 288.8), (311.2, 303.7), (326.1, 307.5), (342.9, 307.5), (361.6, 307.5), (372.8, 320.5), (372.8, 335.5), (372.8, 350.4), (372.8, 365.3), (372.8, 372.8), (372.8, 372.8), (372.8, 372.8), (372.8, 372.8), (372.8, 372.8), (372.8, 372.8), (372.8, 372.8), (372.8, 372.8), (372.8, 372.8), (372.8, 372.8), (372.8, 372.8), (372.8, 372.8), (372.8, 372.8), (372.8, 372.8), (372.8, 372.8), (372.8, 372.8), (372.8, 372.8), (372.8, 372.8), (372.8, 372.8), (372.8, 372.8), (372.8, 372.8), (372.8, 372.8), (372.8, 372.8), (372.8, 372.8), (372.8, 372.8), (372.8, 372.8), (372.8, 372.8), (372.8, 372.8), (372.8, 372.8), (372.8, 372.8), (372.8, 372.8), (372.8, 372.8), (372.8, 372.8), (372.8, 372.8), (372.8, 372.8), (372.8, 372.8), (372.8, 372.8), (372.8, 372.8), (372.8, 372.8), (372.8, 372.8), (372.8, 372.8), (372.8, 372.8), (372.8, 372.8), (372.8, 372.8), (372.8, 372.8), (372.8, 372.8), (372.8, 372.8), (372.8, 372.8), (372.8, 372.8), (372.8, 372.8), (372.8, 372.8), (372.8, 372.8), (372.8, 372.8), (372.8, 372.8), (372.8, 372.8), (372.8, 372.8)]",0,1,12.0
novice,bomberman,2,Bomb,6,0,24.42,0.926,"[(48.0, 48.0), (62.9, 51.7), (77.9, 51.7), (98.4, 51.7), (113.3, 57.3), (115.2, 72.3), (115.2, 89.1), (115.2, 107.7), (128.3, 115.2), (143.2, 115.2), (165.6, 115.2), (180.5, 124.5), (180.5, 139.5), (180.5, 160.0), (184.3, 176.8), (199.2, 180.5), (217.9, 180.5), (236.5, 182.4), (244.0, 197.3), (244.0, 212.3), (244.0, 234.7), (257.1, 244.0), (272.0, 244.0), (292.5, 244.0), (307.5, 253.3), (307.5, 268.3), (307.5, 288.8), (311.2, 303.7), (326.1, 307.5), (342.9, 307.5), (361.6, 307.5), (372.8, 320.5), (372.8, 335.5), (372.8, 350.4), (372.8, 365.3), (372.8, 372.8), (372.8, 372.8), (372.8, 372.8), (372.8, 372.8), (372.8, 372.8), (372.8, 372.8), (372.8, 372.8), (372.8, 372.8), (372.8, 372.8), (372.8, 372.8), (372.8, 372.8), (372.8, 372.8), (372.8, 372.8), (372.8, 372.8), (372.8, 372.8), (372.8, 372.8), (372.8, 372.8), (372.8, 372.8), (372.8, 372.8), (372.8, 372.8), (372.8, 372.8), (372.8, 372.8), (372.8, 372.8), (372.8, 372.8), (372.8, 372.8), (372.8, 372.8), (372.8, 372.8), (372.8, 372.8), (372.8, 372.8), (372.8, 372.8), (372.8, 372.8), (372.8, 372.8), (372.8, 372.8), (372.8, 372.8), (372.8, 372.8), (372.8, 372.8), (372.8, 372.8), (372.8, 372.8), (372.8, 372.8), (372.8, 372.8), (372.8, 372.8), (372.8, 372.8), (372.8, 372.8), (372.8, 372.8), (372.8, 372.8), (372.8, 372.8), (372.8, 372.8), (372.8, 372.8), (372.8, 372.8), (372.8, 372.8), (372.8, 372.8), (372.8, 372.8), (372.8, 372.8), (372.8, 372.8), (372.8, 372.8), (372.8, 372.8)]",0,1,12.0
novice,bomberman,2,Bomb,7,0,34.48,0.926,"[(48.0, 48.0), (62.9, 51.7), (77.9, 51.7), (98.4, 51.7), (113.3, 57.3), (115.2, 72.3), (115.2, 89.1), (115.2, 107.7), (128.3, 115.2), (143.2, 115.2), (165.6, 115.2), (180.5, 124.5), (180.5, 139.5), (180.5, 160.0), (184.3, 176.8), (199.2, 180.5), (217.9, 180.5), (236.5, 182.4), (244.0, 197.3), (244.0, 212.3), (244.0, 234.7), (257.1, 244.0), (272.0, 244.0), (292.5, 244.0), (307.5, 253.3), (307.5, 268.3), (307.5, 288.8), (311.2, 303.7), (326.1, 307.5), (342.9, 307.5), (361.6, 307.5), (372.8, 320.5), (372.8, 335.5), (372.8, 350.4), (372.8, 365.3), (372.8, 372.8), (372.8, 372.8), (372.8, 372.8), (372.8, 372.8), (372.8, 372.8), (372.8, 372.8), (372.8, 372.8), (372.8, 372.8), (372.8, 372.8), (372.8, 372.8), (372.8, 372.8), (372.8, 372.8), (372.8, 372.8), (372.8, 372.8), (372.8, 372.8), (372.8, 372.8), (372.8, 372.8), (372.8, 372.8), (372.8, 372.8), (372.8, 372.8), (372.8, 372.8), (372.8, 372.8), (372.8, 372.8), (372.8, 372.8), (372.8, 372.8), (372.8, 372.8), (372.8, 372.8), (372.8, 372.8), (372.8, 372.8)]",0,1,8.5
novice,bomberman,2,Bomb,7,0,34.48,0.926,"[(48.0, 48.0), (62.9, 51.7), (77.9, 51.7), (98.4, 51.7), (113.3, 57.3), (115.2, 72.3), (115.2, 89.1), (115.2, 107.7), (128.3, 115.2), (143.2, 115.2), (165.6, 115.2), (180.5, 124.5), (180.5, 139.5), (180.5, 160.0), (184.3, 176.8), (199.2, 180.5), (217.9, 180.5), (236.5, 182.4), (244.0, 197.3), (244.0, 212.3), (244.0, 234.7), (257.1, 244.0), (272.0, 244.0), (292.5, 244.0), (307.5, 253.3), (307.5, 268.3), (307.5, 288.8), (311.2, 303.7), (326.1, 307.5), (342.9, 307.5), (361.6, 307.5), (372.8, 320.5), (372.8, 335.5), (372.8, 350.4), (372.8, 365.3), (372.8, 372.8), (372.8, 372.8), (372.8, 372.8), (372.8, 372.8), (372.8, 372.8), (372.8, 372.8), (372.8, 372.8), (372.8, 372.8), (372.8, 372.8), (372.8, 372.8), (372.8, 372.8), (372.8, 372.8), (372.8, 372.8), (372.8, 372.8), (372.8, 372.8), (372.8, 372.8), (372.8, 372.8), (372.8, 372.8), (372.8, 372.8), (372.8, 372.8), (372.8, 372.8), (372.8, 372.8), (372.8, 372.8), (372.8, 372.8), (372.8, 372.8), (372.8, 372.8), (372.8, 372.8), (372.8, 372.8), (372.8, 372.8)]",0,1,8.5
novice,bomberman,2,Bomb,6,0,24.42,0.926,"[(48.0, 48.0), (62.9, 51.7), (77.9, 51.7), (98.4, 51.7), (113.3, 57.3), (115.2, 72.3), (115.2, 89.1), (115.2, 107.7), (128.3, 115.2), (143.2, 115.2), (165.6, 115.2), (180.5, 124.5), (180.5, 139.5), (180.5, 160.0), (184.3, 176.8), (199.2, 180.5), (217.9, 180.5), (236.5, 182.4), (244.0, 197.3), (244.0, 212.3), (244.0, 234.7), (257.1, 244.0), (272.0, 244.0), (292.5, 244.0), (307.5, 253.3), (307.5, 268.3), (307.5, 288.8), (311.2, 303.7), (326.1, 307.5), (342.9, 307.5), (361.6, 307.5), (372.8, 320.5), (372.8, 335.5), (372.8, 350.4), (372.8, 365.3), (372.8, 372.8), (372.8, 372.8), (372.8, 372.8), (372.8, 372.8), (372.8, 372.8), (372.8, 372.8), (372.8, 372.8), (372.8, 372.8), (372.8, 372.8), (372.8, 372.8), (372.8, 372.8), (372.8, 372.8), (372.8, 372.8), (372.8, 372.8), (372.8, 372.8), (372.8, 372.8), (372.8, 372.8), (372.8, 372.8), (372.8, 372.8), (372.8, 372.8), (372.8, 372.8), (372.8, 372.8), (372.8, 372.8), (372.8, 372.8), (372.8, 372.8), (372.8, 372.8), (372.8, 372.8), (372.8, 372.8), (372.8, 372.8), (372.8, 372.8), (372.8, 372.8), (372.8, 372.8), (372.8, 372.8), (372.8, 372.8), (372.8, 372.8), (372.8, 372.8), (372.8, 372.8), (372.8, 372.8), (372.8, 372.8), (372.8, 372.8), (372.8, 372.8), (372.8, 372.8), (372.8, 372.8), (372.8, 372.8), (372.8, 372.8), (372.8, 372.8), (372.8, 372.8), (372.8, 372.8), (372.8, 372.8), (372.8, 372.8), (372.8, 372.8), (372.8, 372.8), (372.8, 372.8), (372.8, 372.8), (372.8, 372.8), (372.8, 372.8)]",0,1,12.0
novice,bomberman,2,Bomb,6,0,24.42,0.926,"[(48.0, 48.0), (62.9, 51.7), (77.9, 51.7), (98.4, 51.7), (113.3, 57.3), (115.2, 72.3), (115.2, 89.1), (115.2, 107.7), (128.3, 115.2), (143.2, 115.2), (165.6, 115.2), (180.5, 124.5), (180.5, 139.5), (180.5, 160.0), (184.3, 176.8), (199.2, 180.5), (217.9, 180.5), (236.5, 182.4), (244.0, 197.3), (244.0, 212.3), (244.0, 234.7), (257.1, 244.0), (272.0, 244.0), (292.5, 244.0), (307.5, 253.3), (307.5, 268.3), (307.5, 288.8), (311.2, 303.7), (326.1, 307.5), (342.9, 307.5), (361.6, 307.5), (372.8, 320.5), (372.8, 335.5), (372.8, 350.4), (372.8, 365.3), (372.8, 372.8), (372.8, 372.8), (372.8, 372.8), (372.8, 372.8), (372.8, 372.8), (372.8, 372.8), (372.8, 372.8), (372.8, 372.8), (372.8, 372.8), (372.8, 372.8), (372.8, 372.8), (372.8, 372.8), (372.8, 372.8), (372.8, 372.8), (372.8, 372.8), (372.8, 372.8), (372.8, 372.8), (372.8, 372.8), (372.8, 372.8), (372.8, 372.8), (372.8, 372.8), (372.8, 372.8), (372.8, 372.8), (372.8, 372.8), (372.8, 372.8), (372.8, 372.8), (372.8, 372.8), (372.8, 372.8), (372.8, 372.8), (372.8, 372.8), (372.8, 372.8), (372.8, 372.8), (372.8, 372.8), (372.8, 372.8), (372.8, 372.8), (372.8, 372.8), (372.8, 372.8), (372.8, 372.8), (372.8, 372.8), (372.8, 372.8), (372.8, 372.8), (372.8, 372.8), (372.8, 372.8), (372.8, 372.8), (372.8, 372.8), (372.8, 372.8), (372.8, 372.8), (372.8, 372.8), (372.8, 372.8), (372.8, 372.8), (372.8, 372.8), (372.8, 372.8), (372.8, 372.8), (372.8, 372.8), (372.8, 372.8), (372.8, 372.8)]",0,1,12.0
novice,bomberman,2,Bomb,5,0,32.21,0.926,"[(48.0, 48.0), (62.9, 51.7), (77.9, 51.7), (98.4, 51.7), (113.3, 57.3), (115.2, 72.3), (115.2, 89.1), (115.2, 107.7), (128.3, 115.2), (143.2, 115.2), (165.6, 115.2), (180.5, 124.5), (180.5, 139.5), (180.5, 160.0), (184.3, 176.8), (199.2, 180.5), (217.9, 180.5), (236.5, 182.4), (244.0, 197.3), (244.0, 212.3), (244.0, 234.7), (257.1, 244.0), (272.0, 244.0), (292.5, 244.0), (307.5, 253.3), (307.5, 268.3), (307.5, 288.8), (311.2, 303.7), (326.1, 307.5), (342.9, 307.5), (361.6, 307.5), (372.8, 320.5), (372.8, 335.5), (372.8, 350.4), (372.8, 365.3), (372.8, 372.8), (372.8, 372.8), (372.8, 372.8), (372.8, 372.8), (372.8, 372.8), (372.8, 372.8), (372.8, 372.8), (372.8, 372.8), (372.8, 372.8), (372.8, 372.8), (372.8, 372.8), (372.8, 372.8), (372.8, 372.8), (372.8, 372.8), (372.8, 372.8), (372.8, 372.8), (372.8, 372.8), (372.8, 372.8), (372.8, 372.8), (372.8, 372.8), (372.8, 372.8), (372.8, 372.8), (372.8, 372.8), (372.8, 372.8), (372.8, 372.8), (372.8, 372.8), (372.8, 372.8), (372.8, 372.8), (372.8, 372.8), (372.8, 372.8), (372.8, 372.8), (372.8, 372.8), (372.8, 372.8), (372.8, 372.8)]",0,1,9.1
novice,bomberman,2,Stuck,1,0,22.26,0.741,"[(48.0, 48.0), (62.9, 51.7), (77.9, 51.7), (98.4, 51.7), (113.3, 57.3), (115.2, 72.3), (115.2, 89.1), (115.2, 107.7), (128.3, 115.2), (143.2, 115.2), (165.6, 115.2), (180.5, 124.5), (180.5, 139.5), (180.5, 160.0), (184.3, 176.8), (199.2, 180.5), (217.9, 180.5), (236.5, 182.4), (244.0, 197.3), (244.0, 212.3), (244.0, 234.7), (257.1, 244.0), (272.0, 244.0), (292.5, 244.0), (307.5, 253.3), (307.5, 268.3), (307.5, 288.8), (311.2, 303.7), (326.1, 307.5), (342.9, 307.5), (361.6, 307.5), (372.8, 320.5), (372.8, 335.5), (372.8, 350.4), (372.8, 365.3), (372.8, 372.8), (372.8, 372.8), (372.8, 372.8), (372.8, 372.8), (372.8, 372.8), (372.8, 372.8), (372.8, 372.8), (372.8, 372.8), (372.8, 372.8), (372.8, 372.8), (372.8, 372.8), (372.8, 372.8), (372.8, 372.8), (372.8, 372.8), (372.8, 372.8), (372.8, 372.8), (372.8, 372.8), (372.8, 372.8), (372.8, 372.8), (372.8, 372.8), (372.8, 372.8), (372.8, 372.8), (372.8, 372.8), (372.8, 372.8), (372.8, 372.8), (372.8, 372.8), (372.8, 372.8), (372.8, 372.8), (372.8, 372.8), (372.8, 372.8), (372.8, 372.8), (372.8, 372.8), (372.8, 372.8), (372.8, 372.8), (372.8, 372.8), (372.8, 372.8), (372.8, 372.8), (372.8, 372.8), (372.8, 372.8), (372.8, 372.8), (372.8, 372.8), (372.8, 372.8), (372.8, 372.8), (372.8, 372.8), (372.8, 372.8), (372.8, 372.8), (372.8, 372.8), (372.8, 372.8), (372.8, 372.8), (372.8, 372.8), (372.8, 372.8), (372.8, 372.8), (372.8, 372.8), (372.8, 372.8), (372.8, 372.8), (372.8, 372.8), (372.8, 372.8), (372.8, 372.8), (372.8, 372.8), (372.8, 372.8), (372.8, 372.8), (372.8, 372.8), (372.8, 372.8), (372.8, 372.8)]",0,0,13.17
novice,bomberman,2,Bomb,3,0,32.21,0.926,"[(48.0, 48.0), (62.9, 51.7), (77.9, 51.7), (98.4, 51.7), (113.3, 57.3), (115.2, 72.3), (115.2, 89.1), (115.2, 107.7), (128.3, 115.2), (143.2, 115.2), (165.6, 115.2), (180.5, 124.5), (180.5, 139.5), (180.5, 160.0), (184.3, 176.8), (199.2, 180.5), (217.9, 180.5), (236.5, 182.4), (244.0, 197.3), (244.0, 212.3), (244.0, 234.7), (257.1, 244.0), (272.0, 244.0), (292.5, 244.0), (307.5, 253.3), (307.5, 268.3), (307.5, 288.8), (311.2, 303.7), (326.1, 307.5), (342.9, 307.5), (361.6, 307.5), (372.8, 320.5), (372.8, 335.5), (372.8, 350.4), (372.8, 365.3), (372.8, 372.8), (372.8, 372.8), (372.8, 372.8), (372.8, 372.8), (372.8, 372.8), (372.8, 372.8), (372.8, 372.8), (372.8, 372.8), (372.8, 372.8), (372.8, 372.8), (372.8, 372.8), (372.8, 372.8), (372.8, 372.8), (372.8, 372.8), (372.8, 372.8), (372.8, 372.8), (372.8, 372.8), (372.8, 372.8), (372.8, 372.8), (372.8, 372.8), (372.8, 372.8), (372.8, 372.8), (372.8, 372.8), (372.8, 372.8), (372.8, 372.8), (372.8, 372.8), (372.8, 372.8), (372.8, 372.8), (372.8, 372.8), (372.8, 372.8), (372.8, 372.8), (372.8, 372.8), (372.8, 372.8), (372.8, 372.8)]",0,1,9.1
novice,bomberman,2,Bomb,6,0,31.68,0.926,"[(48.0, 48.0), (62.9, 51.7), (77.9, 51.7), (98.4, 51.7), (113.3, 57.3), (115.2, 72.3), (115.2, 89.1), (115.2, 107.7), (128.3, 115.2), (143.2, 115.2), (165.6, 115.2), (180.5, 124.5), (180.5, 139.5), (180.5, 160.0), (184.3, 176.8), (199.2, 180.5), (217.9, 180.5), (236.5, 182.4), (244.0, 197.3), (244.0, 212.3), (244.0, 234.7), (257.1, 244.0), (272.0, 244.0), (292.5, 244.0), (307.5, 253.3), (307.5, 268.3), (307.5, 288.8), (311.2, 303.7), (326.1, 307.5), (342.9, 307.5), (361.6, 307.5), (372.8, 320.5), (372.8, 335.5), (372.8, 350.4), (372.8, 365.3), (372.8, 372.8), (372.8, 372.8), (372.8, 372.8), (372.8, 372.8), (372.8, 372.8), (372.8, 372.8), (372.8, 372.8), (372.8, 372.8), (372.8, 372.8), (372.8, 372.8), (372.8, 372.8), (372.8, 372.8), (372.8, 372.8), (372.8, 372.8), (372.8, 372.8), (372.8, 372.8), (372.8, 372.8), (372.8, 372.8), (372.8, 372.8), (372.8, 372.8), (372.8, 372.8), (372.8, 372.8), (372.8, 372.8), (372.8, 372.8), (372.8, 372.8), (372.8, 372.8), (372.8, 372.8), (372.8, 372.8), (372.8, 372.8), (372.8, 372.8), (372.8, 372.8), (372.8, 372.8), (372.8, 372.8), (372.8, 372.8), (372.8, 372.8)]",0,1,9.25
novice,bomberman,2,Stuck,0,0,3.26,0.037,"[(48.0, 48.0), (62.9, 51.7), (62.9, 51.7), (59.2, 51.7), (62.9, 51.7), (62.9, 51.7), (59.2, 51.7), (62.9, 51.7), (62.9, 51.7), (59.2, 51.7), (62.9, 51.7), (62.9, 51.7), (59.2, 51.7), (62.9, 51.7), (62.9, 51.7), (59.2, 51.7), (62.9, 51.7), (62.9, 51.7), (59.2, 51.7), (62.9, 51.7), (62.9, 51.7), (59.2, 51.7), (62.9, 51.7), (62.9, 51.7), (59.2, 51.7), (62.9, 51.7), (62.9, 51.7), (59.2, 51.7), (62.9, 51.7), (62.9, 51.7), (59.2, 51.7), (62.9, 51.7), (62.9, 51.7), (59.2, 51.7), (62.9, 51.7), (62.9, 51.7), (59.2, 51.7), (62.9, 51.7), (62.9, 51.7)]",0,0,5.15
novice,bomberman,2,Bomb,7,0,24.42,0.926,"[(48.0, 48.0), (62.9, 51.7), (77.9, 51.7), (98.4, 51.7), (113.3, 57.3), (115.2, 72.3), (115.2, 89.1), (115.2, 107.7), (128.3, 115.2), (143.2, 115.2), (165.6, 115.2), (180.5, 124.5), (180.5, 139.5), (180.5, 160.0), (184.3, 176.8), (199.2, 180.5), (217.9, 180.5), (236.5, 182.4), (244.0, 197.3), (244.0, 212.3), (244.0, 234.7), (257.1, 244.0), (272.0, 244.0), (292.5, 244.0), (307.5, 253.3), (307.5, 268.3), (307.5, 288.8), (311.2, 303.7), (326.1, 307.5), (342.9, 307.5), (361.6, 307.5), (372.8, 320.5), (372.8, 335.5), (372.8, 350.4), (372.8, 365.3), (372.8, 372.8), (372.8, 372.8), (372.8, 372.8), (372.8, 372.8), (372.8, 372.8), (372.8, 372.8), (372.8, 372.8), (372.8, 372.8), (372.8, 372.8), (372.8, 372.8), (372.8, 372.8), (372.8, 372.8), (372.8, 372.8), (372.8, 372.8), (372.8, 372.8), (372.8, 372.8), (372.8, 372.8), (372.8, 372.8), (372.8, 372.8), (372.8, 372.8), (372.8, 372.8), (372.8, 372.8), (372.8, 372.8), (372.8, 372.8), (372.8, 372.8), (372.8, 372.8), (372.8, 372.8), (372.8, 372.8), (372.8, 372.8), (372.8, 372.8), (372.8, 372.8), (372.8, 372.8), (372.8, 372.8), (372.8, 372.8), (372.8, 372.8), (372.8, 372.8), (372.8, 372.8), (372.8, 372.8), (372.8, 372.8), (372.8, 372.8), (372.8, 372.8), (372.8, 372.8), (372.8, 372.8), (372.8, 372.8), (372.8, 372.8), (372.8, 372.8), (372.8, 372.8), (372.8, 372.8), (372.8, 372.8), (372.8, 372.8), (372.8, 372.8), (372.8, 372.8), (372.8, 372.8), (372.8, 372.8), (372.8, 372.8), (372.8, 372.8)]",0,1,12.0
novice,bomberman,2,Stuck,0,0,3.26,0.037,"[(48.0, 48.0), (62.9, 51.7), (62.9, 51.7), (59.2, 51.7), (62.9, 51.7), (62.9, 51.7), (59.2, 51.7), (62.9, 51.7), (62.9, 51.7), (59.2, 51.7), (62.9, 51.7), (62.9, 51.7), (59.2, 51.7), (62.9, 51.7), (62.9, 51.7), (59.2, 51.7), (62.9, 51.7), (62.9, 51.7), (59.2, 51.7), (62.9, 51.7), (62.9, 51.7), (59.2, 51.7), (62.9, 51.7), (62.9, 51.7), (59.2, 51.7), (62.9, 51.7), (62.9, 51.7), (59.2, 51.7), (62.9, 51.7), (62.9, 51.7), (59.2, 51.7), (62.9, 51.7), (62.9, 51.7), (59.2, 51.7), (62.9, 51.7), (62.9, 51.7), (59.2, 51.7), (62.9, 51.7), (62.9, 51.7)]",0,0,5.15
novice,bomberman,2,Bomb,7,0,24.42,0.926,"[(48.0, 48.0), (62.9, 51.7), (77.9, 51.7), (98.4, 51.7), (113.3, 57.3), (115.2, 72.3), (115.2, 89.1), (115.2, 107.7), (128.3, 115.2), (143.2, 115.2), (165.6, 115.2), (180.5, 124.5), (180.5, 139.5), (180.5, 160.0), (184.3, 176.8), (199.2, 180.5), (217.9, 180.5), (236.5, 182.4), (244.0, 197.3), (244.0, 212.3), (244.0, 234.7), (257.1, 244.0), (272.0, 244.0), (292.5, 244.0), (307.5, 253.3), (307.5, 268.3), (307.5, 288.8), (311.2, 303.7), (326.1, 307.5), (342.9, 307.5), (361.6, 307.5), (372.8, 320.5), (372.8, 335.5), (372.8, 350.4), (372.8, 365.3), (372.8, 372.8), (372.8, 372.8), (372.8, 372.8), (372.8, 372.8), (372.8, 372.8), (372.8, 372.8), (372.8, 372.8), (372.8, 372.8), (372.8, 372.8), (372.8, 372.8), (372.8, 372.8), (372.8, 372.8), (372.8, 372.8), (372.8, 372.8), (372.8, 372.8), (372.8, 372.8), (372.8, 372.8), (372.8, 372.8), (372.8, 372.8), (372.8, 372.8), (372.8, 372.8), (372.8, 372.8), (372.8, 372.8), (372.8, 372.8), (372.8, 372.8), (372.8, 372.8), (372.8, 372.8), (372.8, 372.8), (372.8, 372.8), (372.8, 372.8), (372.8, 372.8), (372.8, 372.8), (372.8, 372.8), (372.8, 372.8), (372.8, 372.8), (372.8, 372.8), (372.8, 372.8), (372.8, 372.8), (372.8, 372.8), (372.8, 372.8), (372.8, 372.8), (372.8, 372.8), (372.8, 372.8), (372.8, 372.8), (372.8, 372.8), (372.8, 372.8), (372.8, 372.8), (372.8, 372.8), (372.8, 372.8), (372.8, 372.8), (372.8, 372.8), (372.8, 372.8), (372.8, 372.8), (372.8, 372.8), (372.8, 372.8), (372.8, 372.8)]",0,1,12.0
novice,bomberman,2,Bomb,6,0,31.68,0.926,"[(48.0, 48.0), (62.9, 51.7), (77.9, 51.7), (98.4, 51.7), (113.3, 57.3), (115.2, 72.3), (115.2, 89.1), (115.2, 107.7), (128.3, 115.2), (143.2, 115.2), (165.6, 115.2), (180.5, 124.5), (180.5, 139.5), (180.5, 160.0), (184.3, 176.8), (199.2, 180.5), (217.9, 180.5), (236.5, 182.4), (244.0, 197.3), (244.0, 212.3), (244.0, 234.7), (257.1, 244.0), (272.0, 244.0), (292.5, 244.0), (307.5, 253.3), (307.5, 268.3), (307.5, 288.8), (311.2, 303.7), (326.1, 307.5), (342.9, 307.5), (361.6, 307.5), (372.8, 320.5), (372.8, 335.5), (372.8, 350.4), (372.8, 365.3), (372.8, 372.8), (372.8, 372.8), (372.8, 372.8), (372.8, 372.8), (372.8, 372.8), (372.8, 372.8), (372.8, 372.8), (372.8, 372.8), (372.8, 372.8), (372.8, 372.8), (372.8, 372.8), (372.8, 372.8), (372.8, 372.8), (372.8, 372.8), (372.8, 372.8), (372.8, 372.8), (372.8, 372.8), (372.8, 372.8), (372.8, 372.8), (372.8, 372.8), (372.8, 372.8), (372.8, 372.8), (372.8, 372.8), (372.8, 372.8), (372.8, 372.8), (372.8, 372.8), (372.8, 372.8), (372.8, 372.8), (372.8, 372.8), (372.8, 372.8), (372.8, 372.8), (372.8, 372.8), (372.8, 372.8), (372.8, 372.8), (372.8, 372.8)]",0,1,9.25
novice,bomberman,2,Bomb,3,0,32.21,0.926,"[(48.0, 48.0), (62.9, 51.7), (77.9, 51.7), (98.4, 51.7), (113.3, 57.3), (115.2, 72.3), (115.2, 89.1), (115.2, 107.7), (128.3, 115.2), (143.2, 115.2), (165.6, 115.2), (180.5, 124.5), (180.5, 139.5), (180.5, 160.0), (184.3, 176.8), (199.2, 180.5), (217.9, 180.5), (236.5, 182.4), (244.0, 197.3), (244.0, 212.3), (244.0, 234.7), (257.1, 244.0), (272.0, 244.0), (292.5, 244.0), (307.5, 253.3), (307.5, 268.3), (307.5, 288.8), (311.2, 303.7), (326.1, 307.5), (342.9, 307.5), (361.6, 307.5), (372.8, 320.5), (372.8, 335.5), (372.8, 350.4), (372.8, 365.3), (372.8, 372.8), (372.8, 372.8), (372.8, 372.8), (372.8, 372.8), (372.8, 372.8), (372.8, 372.8), (372.8, 372.8), (372.8, 372.8), (372.8, 372.8), (372.8, 372.8), (372.8, 372.8), (372.8, 372.8), (372.8, 372.8), (372.8, 372.8), (372.8, 372.8), (372.8, 372.8), (372.8, 372.8), (372.8, 372.8), (372.8, 372.8), (372.8, 372.8), (372.8, 372.8), (372.8, 372.8), (372.8, 372.8), (372.8, 372.8), (372.8, 372.8), (372.8, 372.8), (372.8, 372.8), (372.8, 372.8), (372.8, 372.8), (372.8, 372.8), (372.8, 372.8), (372.8, 372.8), (372.8, 372.8), (372.8, 372.8)]",0,1,9.1
novice,bomberman,2,Bomb,5,0,32.21,0.926,"[(48.0, 48.0), (62.9, 51.7), (77.9, 51.7), (98.4, 51.7), (113.3, 57.3), (115.2, 72.3), (115.2, 89.1), (115.2, 107.7), (128.3, 115.2), (143.2, 115.2), (165.6, 115.2), (180.5, 124.5), (180.5, 139.5), (180.5, 160.0), (184.3, 176.8), (199.2, 180.5), (217.9, 180.5), (236.5, 182.4), (244.0, 197.3), (244.0, 212.3), (244.0, 234.7), (257.1, 244.0), (272.0, 244.0), (292.5, 244.0), (307.5, 253.3), (307.5, 268.3), (307.5, 288.8), (311.2, 303.7), (326.1, 307.5), (342.9, 307.5), (361.6, 307.5), (372.8, 320.5), (372.8, 335.5), (372.8, 350.4), (372.8, 365.3), (372.8, 372.8), (372.8, 372.8), (372.8, 372.8), (372.8, 372.8), (372.8, 372.8), (372.8, 372.8), (372.8, 372.8), (372.8, 372.8), (372.8, 372.8), (372.8, 372.8), (372.8, 372.8), (372.8, 372.8), (372.8, 372.8), (372.8, 372.8), (372.8, 372.8), (372.8, 372.8), (372.8, 372.8), (372.8, 372.8), (372.8, 372.8), (372.8, 372.8), (372.8, 372.8), (372.8, 372.8), (372.8, 372.8), (372.8, 372.8), (372.8, 372.8), (372.8, 372.8), (372.8, 372.8), (372.8, 372.8), (372.8, 372.8), (372.8, 372.8), (372.8, 372.8), (372.8, 372.8), (372.8, 372.8), (372.8, 372.8)]",0,1,9.1
novice,bomberman,2,Bomb,8,0,24.42,0.926,"[(48.0, 48.0), (62.9, 51.7), (77.9, 51.7), (98.4, 51.7), (113.3, 57.3), (115.2, 72.3), (115.2, 89.1), (115.2, 107.7), (128.3, 115.2), (143.2, 115.2), (165.6, 115.2), (180.5, 124.5), (180.5, 139.5), (180.5, 160.0), (184.3, 176.8), (199.2, 180.5), (217.9, 180.5), (236.5, 182.4), (244.0, 197.3), (244.0, 212.3), (244.0, 234.7), (257.1, 244.0), (272.0, 244.0), (292.5, 244.0), (307.5, 253.3), (307.5, 268.3), (307.5, 288.8), (311.2, 303.7), (326.1, 307.5), (342.9, 307.5), (361.6, 307.5), (372.8, 320.5), (372.8, 335.5), (372.8, 350.4), (372.8, 365.3), (372.8, 372.8), (372.8, 372.8), (372.8, 372.8), (372.8, 372.8), (372.8, 372.8), (372.8, 372.8), (372.8, 372.8), (372.8, 372.8), (372.8, 372.8), (372.8, 372.8), (372.8, 372.8), (372.8, 372.8), (372.8, 372.8), (372.8, 372.8), (372.8, 372.8), (372.8, 372.8), (372.8, 372.8), (372.8, 372.8), (372.8, 372.8), (372.8, 372.8), (372.8, 372.8), (372.8, 372.8), (372.8, 372.8), (372.8, 372.8), (372.8, 372.8), (372.8, 372.8), (372.8, 372.8), (372.8, 372.8), (372.8, 372.8), (372.8, 372.8), (372.8, 372.8), (372.8, 372.8), (372.8, 372.8), (372.8, 372.8), (372.8, 372.8), (372.8, 372.8), (372.8, 372.8), (372.8, 372.8), (372.8, 372.8), (372.8, 372.8), (372.8, 372.8), (372.8, 372.8), (372.8, 372.8), (372.8, 372.8), (372.8, 372.8), (372.8, 372.8), (372.8, 372.8), (372.8, 372.8), (372.8, 372.8), (372.8, 372.8), (372.8, 372.8), (372.8, 372.8), (372.8, 372.8), (372.8, 372.8), (372.8, 372.8), (372.8, 372.8)]",0,1,12.0
novice,bomberman,2,Bomb,4,0,29.45,0.926,"[(48.0, 48.0), (62.9, 51.7), (77.9, 51.7), (98.4, 51.7), (113.3, 57.3), (115.2, 72.3), (115.2, 89.1), (115.2, 107.7), (128.3, 115.2), (143.2, 115.2), (165.6, 115.2), (180.5, 124.5), (180.5, 139.5), (180.5, 160.0), (184.3, 176.8), (199.2, 180.5), (217.9, 180.5), (236.5, 182.4), (244.0, 197.3), (244.0, 212.3), (244.0, 234.7), (257.1, 244.0), (272.0, 244.0), (292.5, 244.0), (307.5, 253.3), (307.5, 268.3), (307.5, 288.8), (311.2, 303.7), (326.1, 307.5), (342.9, 307.5), (361.6, 307.5), (372.8, 320.5), (372.8, 335.5), (372.8, 350.4), (372.8, 365.3), (372.8, 372.8), (372.8, 372.8), (372.8, 372.8), (372.8, 372.8), (372.8, 372.8), (372.8, 372.8), (372.8, 372.8), (372.8, 372.8), (372.8, 372.8), (372.8, 372.8), (372.8, 372.8), (372.8, 372.8), (372.8, 372.8), (372.8, 372.8), (372.8, 372.8), (372.8, 372.8), (372.8, 372.8), (372.8, 372.8), (372.8, 372.8), (372.8, 372.8), (372.8, 372.8), (372.8, 372.8), (372.8, 372.8), (372.8, 372.8), (372.8, 372.8), (372.8, 372.8), (372.8, 372.8), (372.8, 372.8), (372.8, 372.8), (372.8, 372.8), (372.8, 372.8), (372.8, 372.8), (372.8, 372.8), (372.8, 372.8), (372.8, 372.8), (372.8, 372.8), (372.8, 372.8), (372.8, 372.8), (372.8, 372.8), (372.8, 372.8)]",0,1,9.95
novice,bomberman,2,Bomb,4,0,24.42,0.926,"[(48.0, 48.0), (62.9, 51.7), (77.9, 51.7), (98.4, 51.7), (113.3, 57.3), (115.2, 72.3), (115.2, 89.1), (115.2, 107.7), (128.3, 115.2), (143.2, 115.2), (165.6, 115.2), (180.5, 124.5), (180.5, 139.5), (180.5, 160.0), (184.3, 176.8), (199.2, 180.5), (217.9, 180.5), (236.5, 182.4), (244.0, 197.3), (244.0, 212.3), (244.0, 234.7), (257.1, 244.0), (272.0, 244.0), (292.5, 244.0), (307.5, 253.3), (307.5, 268.3), (307.5, 288.8), (311.2, 303.7), (326.1, 307.5), (342.9, 307.5), (361.6, 307.5), (372.8, 320.5), (372.8, 335.5), (372.8, 350.4), (372.8, 365.3), (372.8, 372.8), (372.8, 372.8), (372.8, 372.8), (372.8, 372.8), (372.8, 372.8), (372.8, 372.8), (372.8, 372.8), (372.8, 372.8), (372.8, 372.8), (372.8, 372.8), (372.8, 372.8), (372.8, 372.8), (372.8, 372.8), (372.8, 372.8), (372.8, 372.8), (372.8, 372.8), (372.8, 372.8), (372.8, 372.8), (372.8, 372.8), (372.8, 372.8), (372.8, 372.8), (372.8, 372.8), (372.8, 372.8), (372.8, 372.8), (372.8, 372.8), (372.8, 372.8), (372.8, 372.8), (372.8, 372.8), (372.8, 372.8), (372.8, 372.8), (372.8, 372.8), (372.8, 372.8), (372.8, 372.8), (372.8, 372.8), (372.8, 372.8), (372.8, 372.8), (372.8, 372.8), (372.8, 372.8), (372.8, 372.8), (372.8, 372.8), (372.8, 372.8), (372.8, 372.8), (372.8, 372.8), (372.8, 372.8), (372.8, 372.8), (372.8, 372.8), (372.8, 372.8), (372.8, 372.8), (372.8, 372.8), (372.8, 372.8), (372.8, 372.8), (372.8, 372.8), (372.8, 372.8), (372.8, 372.8), (372.8, 372.8), (372.8, 372.8)]",0,1,12.0
novice,bomberman,2,Bomb,3,0,28.33,0.926,"[(48.0, 48.0), (62.9, 51.7), (77.9, 51.7), (98.4, 51.7), (113.3, 57.3), (115.2, 72.3), (115.2, 89.1), (115.2, 107.7), (128.3, 115.2), (143.2, 115.2), (165.6, 115.2), (180.5, 124.5), (180.5, 139.5), (180.5, 160.0), (184.3, 176.8), (199.2, 180.5), (217.9, 180.5), (236.5, 182.4), (244.0, 197.3), (244.0, 212.3), (244.0, 234.7), (257.1, 244.0), (272.0, 244.0), (292.5, 244.0), (307.5, 253.3), (307.5, 268.3), (307.5, 288.8), (311.2, 303.7), (326.1, 307.5), (342.9, 307.5), (361.6, 307.5), (372.8, 320.5), (372.8, 335.5), (372.8, 350.4), (372.8, 365.3), (372.8, 372.8), (372.8, 372.8), (372.8, 372.8), (372.8, 372.8), (372.8, 372.8), (372.8, 372.8), (372.8, 372.8), (372.8, 372.8), (372.8, 372.8), (372.8, 372.8), (372.8, 372.8), (372.8, 372.8), (372.8, 372.8), (372.8, 372.8), (372.8, 372.8), (372.8, 372.8), (372.8, 372.8), (372.8, 372.8), (372.8, 372.8), (372.8, 372.8), (372.8, 372.8), (372.8, 372.8), (372.8, 372.8), (372.8, 372.8), (372.8, 372.8), (372.8, 372.8), (372.8, 372.8), (372.8, 372.8), (372.8, 372.8), (372.8, 372.8), (372.8, 372.8), (372.8, 372.8), (372.8, 372.8), (372.8, 372.8), (372.8, 372.8), (372.8, 372.8), (372.8, 372.8), (372.8, 372.8), (372.8, 372.8), (370.9, 372.8)]",0,1,9.95
novice,bomberman,2,Bomb,7,0,24.42,0.926,"[(48.0, 48.0), (62.9, 51.7), (77.9, 51.7), (98.4, 51.7), (113.3, 57.3), (115.2, 72.3), (115.2, 89.1), (115.2, 107.7), (128.3, 115.2), (143.2, 115.2), (165.6, 115.2), (180.5, 124.5), (180.5, 139.5), (180.5, 160.0), (184.3, 176.8), (199.2, 180.5), (217.9, 180.5), (236.5, 182.4), (244.0, 197.3), (244.0, 212.3), (244.0, 234.7), (257.1, 244.0), (272.0, 244.0), (292.5, 244.0), (307.5, 253.3), (307.5, 268.3), (307.5, 288.8), (311.2, 303.7), (326.1, 307.5), (342.9, 307.5), (361.6, 307.5), (372.8, 320.5), (372.8, 335.5), (372.8, 350.4), (372.8, 365.3), (372.8, 372.8), (372.8, 372.8), (372.8, 372.8), (372.8, 372.8), (372.8, 372.8), (372.8, 372.8), (372.8, 372.8), (372.8, 372.8), (372.8, 372.8), (372.8, 372.8), (372.8, 372.8), (372.8, 372.8), (372.8, 372.8), (372.8, 372.8), (372.8, 372.8), (372.8, 372.8), (372.8, 372.8), (372.8, 372.8), (372.8, 372.8), (372.8, 372.8), (372.8, 372.8), (372.8, 372.8), (372.8, 372.8), (372.8, 372.8), (372.8, 372.8), (372.8, 372.8), (372.8, 372.8), (372.8, 372.8), (372.8, 372.8), (372.8, 372.8), (372.8, 372.8), (372.8, 372.8), (372.8, 372.8), (372.8, 372.8), (372.8, 372.8), (372.8, 372.8), (372.8, 372.8), (372.8, 372.8), (372.8, 372.8), (372.8, 372.8), (372.8, 372.8), (372.8, 372.8), (372.8, 372.8), (372.8, 372.8), (372.8, 372.8), (372.8, 372.8), (372.8, 372.8), (372.8, 372.8), (372.8, 372.8), (372.8, 372.8), (372.8, 372.8), (372.8, 372.8), (372.8, 372.8), (372.8, 372.8), (372.8, 372.8), (372.8, 372.8)]",0,1,12.0
novice,bomberman,2,Bomb,3,0,29.16,0.926,"[(48.0, 48.0), (62.9, 51.7), (77.9, 51.7), (98.4, 51.7), (113.3, 57.3), (115.2, 72.3), (115.2, 89.1), (115.2, 107.7), (128.3, 115.2), (143.2, 115.2), (165.6, 115.2), (180.5, 124.5), (180.5, 139.5), (180.5, 160.0), (184.3, 176.8), (199.2, 180.5), (217.9, 180.5), (236.5, 182.4), (244.0, 197.3), (244.0, 212.3), (244.0, 234.7), (257.1, 244.0), (272.0, 244.0), (292.5, 244.0), (307.5, 253.3), (307.5, 268.3), (307.5, 288.8), (311.2, 303.7), (326.1, 307.5), (342.9, 307.5), (361.6, 307.5), (372.8, 320.5), (372.8, 335.5), (372.8, 350.4), (372.8, 365.3), (372.8, 372.8), (372.8, 372.8), (372.8, 372.8), (372.8, 372.8), (372.8, 372.8), (372.8, 372.8), (372.8, 372.8), (372.8, 372.8), (372.8, 372.8), (372.8, 372.8), (372.8, 372.8), (372.8, 372.8), (372.8, 372.8), (372.8, 372.8), (372.8, 372.8), (372.8, 372.8), (372.8, 372.8), (372.8, 372.8), (372.8, 372.8), (372.8, 372.8), (372.8, 372.8), (372.8, 372.8), (372.8, 372.8), (372.8, 372.8), (372.8, 372.8), (372.8, 372.8), (372.8, 372.8), (372.8, 372.8), (372.8, 372.8), (372.8, 372.8), (372.8, 372.8), (372.8, 372.8), (372.8, 372.8), (372.8, 372.8), (372.8, 372.8), (372.8, 372.8), (372.8, 372.8), (372.8, 372.8), (372.8, 372.8), (372.8, 372.8), (372.8, 372.8)]",0,1,10.05
novice,bomberman,2,Bomb,3,0,29.16,0.926,"[(48.0, 48.0), (62.9, 51.7), (77.9, 51.7), (98.4, 51.7), (113.3, 57.3), (115.2, 72.3), (115.2, 89.1), (115.2, 107.7), (128.3, 115.2), (143.2, 115.2), (165.6, 115.2), (180.5, 124.5), (180.5, 139.5), (180.5, 160.0), (184.3, 176.8), (199.2, 180.5), (217.9, 180.5), (236.5, 182.4), (244.0, 197.3), (244.0, 212.3), (244.0, 234.7), (257.1, 244.0), (272.0, 244.0), (292.5, 244.0), (307.5, 253.3), (307.5, 268.3), (307.5, 288.8), (311.2, 303.7), (326.1, 307.5), (342.9, 307.5), (361.6, 307.5), (372.8, 320.5), (372.8, 335.5), (372.8, 350.4), (372.8, 365.3), (372.8, 372.8), (372.8, 372.8), (372.8, 372.8), (372.8, 372.8), (372.8, 372.8), (372.8, 372.8), (372.8, 372.8), (372.8, 372.8), (372.8, 372.8), (372.8, 372.8), (372.8, 372.8), (372.8, 372.8), (372.8, 372.8), (372.8, 372.8), (372.8, 372.8), (372.8, 372.8), (372.8, 372.8), (372.8, 372.8), (372.8, 372.8), (372.8, 372.8), (372.8, 372.8), (372.8, 372.8), (372.8, 372.8), (372.8, 372.8), (372.8, 372.8), (372.8, 372.8), (372.8, 372.8), (372.8, 372.8), (372.8, 372.8), (372.8, 372.8), (372.8, 372.8), (372.8, 372.8), (372.8, 372.8), (372.8, 372.8), (372.8, 372.8), (372.8, 372.8), (372.8, 372.8), (372.8, 372.8), (372.8, 372.8), (372.8, 372.8), (372.8, 372.8)]",0,1,10.05
novice,bomberman,2,Bomb,7,0,24.42,0.926,"[(48.0, 48.0), (62.9, 51.7), (77.9, 51.7), (98.4, 51.7), (113.3, 57.3), (115.2, 72.3), (115.2, 89.1), (115.2, 107.7), (128.3, 115.2), (143.2, 115.2), (165.6, 115.2), (180.5, 124.5), (180.5, 139.5), (180.5, 160.0), (184.3, 176.8), (199.2, 180.5), (217.9, 180.5), (236.5, 182.4), (244.0, 197.3), (244.0, 212.3), (244.0, 234.7), (257.1, 244.0), (272.0, 244.0), (292.5, 244.0), (307.5, 253.3), (307.5, 268.3), (307.5, 288.8), (311.2, 303.7), (326.1, 307.5), (342.9, 307.5), (361.6, 307.5), (372.8, 320.5), (372.8, 335.5), (372.8, 350.4), (372.8, 365.3), (372.8, 372.8), (372.8, 372.8), (372.8, 372.8), (372.8, 372.8), (372.8, 372.8), (372.8, 372.8), (372.8, 372.8), (372.8, 372.8), (372.8, 372.8), (372.8, 372.8), (372.8, 372.8), (372.8, 372.8), (372.8, 372.8), (372.8, 372.8), (372.8, 372.8), (372.8, 372.8), (372.8, 372.8), (372.8, 372.8), (372.8, 372.8), (372.8, 372.8), (372.8, 372.8), (372.8, 372.8), (372.8, 372.8), (372.8, 372.8), (372.8, 372.8), (372.8, 372.8), (372.8, 372.8), (372.8, 372.8), (372.8, 372.8), (372.8, 372.8), (372.8, 372.8), (372.8, 372.8), (372.8, 372.8), (372.8, 372.8), (372.8, 372.8), (372.8, 372.8), (372.8, 372.8), (372.8, 372.8), (372.8, 372.8), (372.8, 372.8), (372.8, 372.8), (372.8, 372.8), (372.8, 372.8), (372.8, 372.8), (372.8, 372.8), (372.8, 372.8), (372.8, 372.8), (372.8, 372.8), (372.8, 372.8), (372.8, 372.8), (372.8, 372.8), (372.8, 372.8), (372.8, 372.8), (372.8, 372.8), (372.8, 372.8), (372.8, 372.8)]",0,1,12.0
novice,bomberman,2,Bomb,3,0,28.33,0.926,"[(48.0, 48.0), (62.9, 51.7), (77.9, 51.7), (98.4, 51.7), (113.3, 57.3), (115.2, 72.3), (115.2, 89.1), (115.2, 107.7), (128.3, 115.2), (143.2, 115.2), (165.6, 115.2), (180.5, 124.5), (180.5, 139.5), (180.5, 160.0), (184.3, 176.8), (199.2, 180.5), (217.9, 180.5), (236.5, 182.4), (244.0, 197.3), (244.0, 212.3), (244.0, 234.7), (257.1, 244.0), (272.0, 244.0), (292.5, 244.0), (307.5, 253.3), (307.5, 268.3), (307.5, 288.8), (311.2, 303.7), (326.1, 307.5), (342.9, 307.5), (361.6, 307.5), (372.8, 320.5), (372.8, 335.5), (372.8, 350.4), (372.8, 365.3), (372.8, 372.8), (372.8, 372.8), (372.8, 372.8), (372.8, 372.8), (372.8, 372.8), (372.8, 372.8), (372.8, 372.8), (372.8, 372.8), (372.8, 372.8), (372.8, 372.8), (372.8, 372.8), (372.8, 372.8), (372.8, 372.8), (372.8, 372.8), (372.8, 372.8), (372.8, 372.8), (372.8, 372.8), (372.8, 372.8), (372.8, 372.8), (372.8, 372.8), (372.8, 372.8), (372.8, 372.8), (372.8, 372.8), (372.8, 372.8), (372.8, 372.8), (372.8, 372.8), (372.8, 372.8), (372.8, 372.8), (372.8, 372.8), (372.8, 372.8), (372.8, 372.8), (372.8, 372.8), (372.8, 372.8), (372.8, 372.8), (372.8, 372.8), (372.8, 372.8), (372.8, 372.8), (372.8, 372.8), (372.8, 372.8), (370.9, 372.8)]",0,1,9.95
novice,bomberman,2,Bomb,4,0,24.42,0.926,"[(48.0, 48.0), (62.9, 51.7), (77.9, 51.7), (98.4, 51.7), (113.3, 57.3), (115.2, 72.3), (115.2, 89.1), (115.2, 107.7), (128.3, 115.2), (143.2, 115.2), (165.6, 115.2), (180.5, 124.5), (180.5, 139.5), (180.5, 160.0), (184.3, 176.8), (199.2, 180.5), (217.9, 180.5), (236.5, 182.4), (244.0, 197.3), (244.0, 212.3), (244.0, 234.7), (257.1, 244.0), (272.0, 244.0), (292.5, 244.0), (307.5, 253.3), (307.5, 268.3), (307.5, 288.8), (311.2, 303.7), (326.1, 307.5), (342.9, 307.5), (361.6, 307.5), (372.8, 320.5), (372.8, 335.5), (372.8, 350.4), (372.8, 365.3), (372.8, 372.8), (372.8, 372.8), (372.8, 372.8), (372.8, 372.8), (372.8, 372.8), (372.8, 372.8), (372.8, 372.8), (372.8, 372.8), (372.8, 372.8), (372.8, 372.8), (372.8, 372.8), (372.8, 372.8), (372.8, 372.8), (372.8, 372.8), (372.8, 372.8), (372.8, 372.8), (372.8, 372.8), (372.8, 372.8), (372.8, 372.8), (372.8, 372.8), (372.8, 372.8), (372.8, 372.8), (372.8, 372.8), (372.8, 372.8), (372.8, 372.8), (372.8, 372.8), (372.8, 372.8), (372.8, 372.8), (372.8, 372.8), (372.8, 372.8), (372.8, 372.8), (372.8, 372.8), (372.8, 372.8), (372.8, 372.8), (372.8, 372.8), (372.8, 372.8), (372.8, 372.8), (372.8, 372.8), (372.8, 372.8), (372.8, 372.8), (372.8, 372.8), (372.8, 372.8), (372.8, 372.8), (372.8, 372.8), (372.8, 372.8), (372.8, 372.8), (372.8, 372.8), (372.8, 372.8), (372.8, 372.8), (372.8, 372.8), (372.8, 372.8), (372.8, 372.8), (372.8, 372.8), (372.8, 372.8), (372.8, 372.8), (372.8, 372.8)]",0,1,12.0
novice,bomberman,2,Bomb,7,0,24.42,0.926,"[(48.0, 48.0), (62.9, 51.7), (77.9, 51.7), (98.4, 51.7), (113.3, 57.3), (115.2, 72.3), (115.2, 89.1), (115.2, 107.7), (128.3, 115.2), (143.2, 115.2), (165.6, 115.2), (180.5, 124.5), (180.5, 139.5), (180.5, 160.0), (184.3, 176.8), (199.2, 180.5), (217.9, 180.5), (236.5, 182.4), (244.0, 197.3), (244.0, 212.3), (244.0, 234.7), (257.1, 244.0), (272.0, 244.0), (292.5, 244.0), (307.5, 253.3), (307.5, 268.3), (307.5, 288.8), (311.2, 303.7), (326.1, 307.5), (342.9, 307.5), (361.6, 307.5), (372.8, 320.5), (372.8, 335.5), (372.8, 350.4), (372.8, 365.3), (372.8, 372.8), (372.8, 372.8), (372.8, 372.8), (372.8, 372.8), (372.8, 372.8), (372.8, 372.8), (372.8, 372.8), (372.8, 372.8), (372.8, 372.8), (372.8, 372.8), (372.8, 372.8), (372.8, 372.8), (372.8, 372.8), (372.8, 372.8), (372.8, 372.8), (372.8, 372.8), (372.8, 372.8), (372.8, 372.8), (372.8, 372.8), (372.8, 372.8), (372.8, 372.8), (372.8, 372.8), (372.8, 372.8), (372.8, 372.8), (372.8, 372.8), (372.8, 372.8), (372.8, 372.8), (372.8, 372.8), (372.8, 372.8), (372.8, 372.8), (372.8, 372.8), (372.8, 372.8), (372.8, 372.8), (372.8, 372.8), (372.8, 372.8), (372.8, 372.8), (372.8, 372.8), (372.8, 372.8), (372.8, 372.8), (372.8, 372.8), (372.8, 372.8), (372.8, 372.8), (372.8, 372.8), (372.8, 372.8), (372.8, 372.8), (372.8, 372.8), (372.8, 372.8), (372.8, 372.8), (372.8, 372.8), (372.8, 372.8), (372.8, 372.8), (372.8, 372.8), (372.8, 372.8), (372.8, 372.8), (372.8, 372.8), (372.8, 372.8)]",0,1,12.0
novice,bomberman,2,Bomb,3,0,32.21,0.926,"[(48.0, 48.0), (62.9, 51.7), (77.9, 51.7), (98.4, 51.7), (113.3, 57.3), (115.2, 72.3), (115.2, 89.1), (115.2, 107.7), (128.3, 115.2), (143.2, 115.2), (165.6, 115.2), (180.5, 124.5), (180.5, 139.5), (180.5, 160.0), (184.3, 176.8), (199.2, 180.5), (217.9, 180.5), (236.5, 182.4), (244.0, 197.3), (244.0, 212.3), (244.0, 234.7), (257.1, 244.0), (272.0, 244.0), (292.5, 244.0), (307.5, 253.3), (307.5, 268.3), (307.5, 288.8), (311.2, 303.7), (326.1, 307.5), (342.9, 307.5), (361.6, 307.5), (372.8, 320.5), (372.8, 335.5), (372.8, 350.4), (372.8, 365.3), (372.8, 372.8), (372.8, 372.8), (372.8, 372.8), (372.8, 372.8), (372.8, 372.8), (372.8, 372.8), (372.8, 372.8), (372.8, 372.8), (372.8, 372.8), (372.8, 372.8), (372.8, 372.8), (372.8, 372.8), (372.8, 372.8), (372.8, 372.8), (372.8, 372.8), (372.8, 372.8), (372.8, 372.8), (372.8, 372.8), (372.8, 372.8), (372.8, 372.8), (372.8, 372.8), (372.8, 372.8), (372.8, 372.8), (372.8, 372.8), (372.8, 372.8), (372.8, 372.8), (372.8, 372.8), (372.8, 372.8), (372.8, 372.8), (372.8, 372.8), (372.8, 372.8), (372.8, 372.8), (372.8, 372.8), (372.8, 372.8)]",0,1,9.1
novice,bomberman,2,Bomb,7,0,24.42,0.926,"[(48.0, 48.0), (62.9, 51.7), (77.9, 51.7), (98.4, 51.7), (113.3, 57.3), (115.2, 72.3), (115.2, 89.1), (115.2, 107.7), (128.3, 115.2), (143.2, 115.2), (165.6, 115.2), (180.5, 124.5), (180.5, 139.5), (180.5, 160.0), (184.3, 176.8), (199.2, 180.5), (217.9, 180.5), (236.5, 182.4), (244.0, 197.3), (244.0, 212.3), (244.0, 234.7), (257.1, 244.0), (272.0, 244.0), (292.5, 244.0), (307.5, 253.3), (307.5, 268.3), (307.5, 288.8), (311.2, 303.7), (326.1, 307.5), (342.9, 307.5), (361.6, 307.5), (372.8, 320.5), (372.8, 335.5), (372.8, 350.4), (372.8, 365.3), (372.8, 372.8), (372.8, 372.8), (372.8, 372.8), (372.8, 372.8), (372.8, 372.8), (372.8, 372.8), (372.8, 372.8), (372.8, 372.8), (372.8, 372.8), (372.8, 372.8), (372.8, 372.8), (372.8, 372.8), (372.8, 372.8), (372.8, 372.8), (372.8, 372.8), (372.8, 372.8), (372.8, 372.8), (372.8, 372.8), (372.8, 372.8), (372.8, 372.8), (372.8, 372.8), (372.8, 372.8), (372.8, 372.8), (372.8, 372.8), (372.8, 372.8), (372.8, 372.8), (372.8, 372.8), (372.8, 372.8), (372.8, 372.8), (372.8, 372.8), (372.8, 372.8), (372.8, 372.8), (372.8, 372.8), (372.8, 372.8), (372.8, 372.8), (372.8, 372.8), (372.8, 372.8), (372.8, 372.8), (372.8, 372.8), (372.8, 372.8), (372.8, 372.8), (372.8, 372.8), (372.8, 372.8), (372.8, 372.8), (372.8, 372.8), (372.8, 372.8), (372.8, 372.8), (372.8, 372.8), (372.8, 372.8), (372.8, 372.8), (372.8, 372.8), (372.8, 372.8), (372.8, 372.8), (372.8, 372.8), (372.8, 372.8), (372.8, 372.8)]",0,1,12.0
novice,bomberman,2,Bomb,5,0,34.68,0.926,"[(48.0, 48.0), (62.9, 51.7), (77.9, 51.7), (98.4, 51.7), (113.3, 57.3), (115.2, 72.3), (115.2, 89.1), (115.2, 107.7), (128.3, 115.2), (143.2, 115.2), (165.6, 115.2), (180.5, 124.5), (180.5, 139.5), (180.5, 160.0), (184.3, 176.8), (199.2, 180.5), (217.9, 180.5), (236.5, 182.4), (244.0, 197.3), (244.0, 212.3), (244.0, 234.7), (257.1, 244.0), (272.0, 244.0), (292.5, 244.0), (307.5, 253.3), (307.5, 268.3), (307.5, 288.8), (311.2, 303.7), (326.1, 307.5), (342.9, 307.5), (361.6, 307.5), (372.8, 320.5), (372.8, 335.5), (372.8, 350.4), (372.8, 365.3), (372.8, 372.8), (372.8, 372.8), (372.8, 372.8), (372.8, 372.8), (372.8, 372.8), (372.8, 372.8), (372.8, 372.8), (372.8, 372.8), (372.8, 372.8), (372.8, 372.8), (372.8, 372.8), (372.8, 372.8), (372.8, 372.8), (372.8, 372.8), (372.8, 372.8), (372.8, 372.8), (372.8, 372.8), (372.8, 372.8), (372.8, 372.8), (372.8, 372.8), (372.8, 372.8), (372.8, 372.8), (372.8, 372.8), (372.8, 372.8), (372.8, 372.8), (372.8, 372.8), (372.8, 372.8), (372.8, 372.8), (372.8, 372.8)]",0,1,8.45
novice,bomberman,2,Stuck,0,0,31.12,0.741,"[(48.0, 48.0), (62.9, 51.7), (77.9, 51.7), (98.4, 51.7), (113.3, 57.3), (115.2, 72.3), (115.2, 89.1), (115.2, 107.7), (128.3, 115.2), (143.2, 115.2), (165.6, 115.2), (180.5, 124.5), (180.5, 139.5), (180.5, 160.0), (184.3, 176.8), (199.2, 180.5), (217.9, 180.5), (236.5, 182.4), (244.0, 197.3), (244.0, 212.3), (244.0, 234.7), (257.1, 244.0), (272.0, 244.0), (292.5, 244.0), (307.5, 253.3), (307.5, 268.3), (307.5, 288.8), (311.2, 303.7), (326.1, 307.5), (342.9, 307.5), (361.6, 307.5), (372.8, 320.5), (372.8, 335.5), (372.8, 350.4), (372.8, 365.3), (372.8, 372.8), (372.8, 372.8), (372.8, 372.8), (372.8, 372.8), (372.8, 372.8), (372.8, 372.8), (372.8, 372.8), (372.8, 372.8), (372.8, 372.8), (372.8, 372.8), (372.8, 372.8), (372.8, 372.8), (372.8, 372.8), (372.8, 372.8), (372.8, 372.8), (372.8, 372.8), (372.8, 372.8), (372.8, 372.8), (372.8, 372.8), (372.8, 372.8), (372.8, 372.8), (372.8, 372.8), (372.8, 372.8), (372.8, 372.8), (372.8, 372.8), (372.8, 372.8), (372.8, 372.8), (372.8, 372.8), (372.8, 372.8), (372.8, 372.8), (372.8, 372.8), (372.8, 372.8), (372.8, 372.8), (372.8, 372.8), (372.8, 372.8), (372.8, 372.8)]",0,0,9.42
novice,bomberman,2,Bomb,6,0,32.69,0.926,"[(48.0, 48.0), (62.9, 51.7), (77.9, 51.7), (98.4, 51.7), (113.3, 57.3), (115.2, 72.3), (115.2, 89.1), (115.2, 107.7), (128.3, 115.2), (143.2, 115.2), (165.6, 115.2), (180.5, 124.5), (180.5, 139.5), (180.5, 160.0), (184.3, 176.8), (199.2, 180.5), (217.9, 180.5), (236.5, 182.4), (244.0, 197.3), (244.0, 212.3), (244.0, 234.7), (257.1, 244.0), (272.0, 244.0), (292.5, 244.0), (307.5, 253.3), (307.5, 268.3), (307.5, 288.8), (311.2, 303.7), (326.1, 307.5), (342.9, 307.5), (361.6, 307.5), (372.8, 320.5), (372.8, 335.5), (372.8, 350.4), (372.8, 365.3), (372.8, 372.8), (372.8, 372.8), (372.8, 372.8), (372.8, 372.8), (372.8, 372.8), (372.8, 372.8), (372.8, 372.8), (372.8, 372.8), (372.8, 372.8), (372.8, 372.8), (372.8, 372.8), (372.8, 372.8), (372.8, 372.8), (372.8, 372.8), (372.8, 372.8), (372.8, 372.8), (372.8, 372.8), (372.8, 372.8), (372.8, 372.8), (372.8, 372.8), (372.8, 372.8), (372.8, 372.8), (372.8, 372.8), (372.8, 372.8), (372.8, 372.8), (372.8, 372.8), (372.8, 372.8), (365.3, 372.8), (350.4, 372.8)]",0,1,8.45
novice,bomberman,2,Bomb,6,0,32.69,0.926,"[(48.0, 48.0), (62.9, 51.7), (77.9, 51.7), (98.4, 51.7), (113.3, 57.3), (115.2, 72.3), (115.2, 89.1), (115.2, 107.7), (128.3, 115.2), (143.2, 115.2), (165.6, 115.2), (180.5, 124.5), (180.5, 139.5), (180.5, 160.0), (184.3, 176.8), (199.2, 180.5), (217.9, 180.5), (236.5, 182.4), (244.0, 197.3), (244.0, 212.3), (244.0, 234.7), (257.1, 244.0), (272.0, 244.0), (292.5, 244.0), (307.5, 253.3), (307.5, 268.3), (307.5, 288.8), (311.2, 303.7), (326.1, 307.5), (342.9, 307.5), (361.6, 307.5), (372.8, 320.5), (372.8, 335.5), (372.8, 350.4), (372.8, 365.3), (372.8, 372.8), (372.8, 372.8), (372.8, 372.8), (372.8, 372.8), (372.8, 372.8), (372.8, 372.8), (372.8, 372.8), (372.8, 372.8), (372.8, 372.8), (372.8, 372.8), (372.8, 372.8), (372.8, 372.8), (372.8, 372.8), (372.8, 372.8), (372.8, 372.8), (372.8, 372.8), (372.8, 372.8), (372.8, 372.8), (372.8, 372.8), (372.8, 372.8), (372.8, 372.8), (372.8, 372.8), (372.8, 372.8), (372.8, 372.8), (372.8, 372.8), (372.8, 372.8), (372.8, 372.8), (365.3, 372.8), (350.4, 372.8)]",0,1,8.45
novice,bomberman,2,Bomb,5,0,34.68,0.926,"[(48.0, 48.0), (62.9, 51.7), (77.9, 51.7), (98.4, 51.7), (113.3, 57.3), (115.2, 72.3), (115.2, 89.1), (115.2, 107.7), (128.3, 115.2), (143.2, 115.2), (165.6, 115.2), (180.5, 124.5), (180.5, 139.5), (180.5, 160.0), (184.3, 176.8), (199.2, 180.5), (217.9, 180.5), (236.5, 182.4), (244.0, 197.3), (244.0, 212.3), (244.0, 234.7), (257.1, 244.0), (272.0, 244.0), (292.5, 244.0), (307.5, 253.3), (307.5, 268.3), (307.5, 288.8), (311.2, 303.7), (326.1, 307.5), (342.9, 307.5), (361.6, 307.5), (372.8, 320.5), (372.8, 335.5), (372.8, 350.4), (372.8, 365.3), (372.8, 372.8), (372.8, 372.8), (372.8, 372.8), (372.8, 372.8), (372.8, 372.8), (372.8, 372.8), (372.8, 372.8), (372.8, 372.8), (372.8, 372.8), (372.8, 372.8), (372.8, 372.8), (372.8, 372.8), (372.8, 372.8), (372.8, 372.8), (372.8, 372.8), (372.8, 372.8), (372.8, 372.8), (372.8, 372.8), (372.8, 372.8), (372.8, 372.8), (372.8, 372.8), (372.8, 372.8), (372.8, 372.8), (372.8, 372.8), (372.8, 372.8), (372.8, 372.8), (372.8, 372.8), (372.8, 372.8), (372.8, 372.8)]",0,1,8.45
novice,bomberman,2,Bomb,7,0,24.42,0.926,"[(48.0, 48.0), (62.9, 51.7), (77.9, 51.7), (98.4, 51.7), (113.3, 57.3), (115.2, 72.3), (115.2, 89.1), (115.2, 107.7), (128.3, 115.2), (143.2, 115.2), (165.6, 115.2), (180.5, 124.5), (180.5, 139.5), (180.5, 160.0), (184.3, 176.8), (199.2, 180.5), (217.9, 180.5), (236.5, 182.4), (244.0, 197.3), (244.0, 212.3), (244.0, 234.7), (257.1, 244.0), (272.0, 244.0), (292.5, 244.0), (307.5, 253.3), (307.5, 268.3), (307.5, 288.8), (311.2, 303.7), (326.1, 307.5), (342.9, 307.5), (361.6, 307.5), (372.8, 320.5), (372.8, 335.5), (372.8, 350.4), (372.8, 365.3), (372.8, 372.8), (372.8, 372.8), (372.8, 372.8), (372.8, 372.8), (372.8, 372.8), (372.8, 372.8), (372.8, 372.8), (372.8, 372.8), (372.8, 372.8), (372.8, 372.8), (372.8, 372.8), (372.8, 372.8), (372.8, 372.8), (372.8, 372.8), (372.8, 372.8), (372.8, 372.8), (372.8, 372.8), (372.8, 372.8), (372.8, 372.8), (372.8, 372.8), (372.8, 372.8), (372.8, 372.8), (372.8, 372.8), (372.8, 372.8), (372.8, 372.8), (372.8, 372.8), (372.8, 372.8), (372.8, 372.8), (372.8, 372.8), (372.8, 372.8), (372.8, 372.8), (372.8, 372.8), (372.8, 372.8), (372.8, 372.8), (372.8, 372.8), (372.8, 372.8), (372.8, 372.8), (372.8, 372.8), (372.8, 372.8), (372.8, 372.8), (372.8, 372.8), (372.8, 372.8), (372.8, 372.8), (372.8, 372.8), (372.8, 372.8), (372.8, 372.8), (372.8, 372.8), (372.8, 372.8), (372.8, 372.8), (372.8, 372.8), (372.8, 372.8), (372.8, 372.8), (372.8, 372.8), (372.8, 372.8), (372.8, 372.8), (372.8, 372.8)]",0,1,12.0
novice,bomberman,2,Bomb,3,0,32.21,0.926,"[(48.0, 48.0), (62.9, 51.7), (77.9, 51.7), (98.4, 51.7), (113.3, 57.3), (115.2, 72.3), (115.2, 89.1), (115.2, 107.7), (128.3, 115.2), (143.2, 115.2), (165.6, 115.2), (180.5, 124.5), (180.5, 139.5), (180.5, 160.0), (184.3, 176.8), (199.2, 180.5), (217.9, 180.5), (236.5, 182.4), (244.0, 197.3), (244.0, 212.3), (244.0, 234.7), (257.1, 244.0), (272.0, 244.0), (292.5, 244.0), (307.5, 253.3), (307.5, 268.3), (307.5, 288.8), (311.2, 303.7), (326.1, 307.5), (342.9, 307.5), (361.6, 307.5), (372.8, 320.5), (372.8, 335.5), (372.8, 350.4), (372.8, 365.3), (372.8, 372.8), (372.8, 372.8), (372.8, 372.8), (372.8, 372.8), (372.8, 372.8), (372.8, 372.8), (372.8, 372.8), (372.8, 372.8), (372.8, 372.8), (372.8, 372.8), (372.8, 372.8), (372.8, 372.8), (372.8, 372.8), (372.8, 372.8), (372.8, 372.8), (372.8, 372.8), (372.8, 372.8), (372.8, 372.8), (372.8, 372.8), (372.8, 372.8), (372.8, 372.8), (372.8, 372.8), (372.8, 372.8), (372.8, 372.8), (372.8, 372.8), (372.8, 372.8), (372.8, 372.8), (372.8, 372.8), (372.8, 372.8), (372.8, 372.8), (372.8, 372.8), (372.8, 372.8), (372.8, 372.8), (372.8, 372.8)]",0,1,9.1
novice,bomberman,2,Bomb,7,0,24.42,0.926,"[(48.0, 48.0), (62.9, 51.7), (77.9, 51.7), (98.4, 51.7), (113.3, 57.3), (115.2, 72.3), (115.2, 89.1), (115.2, 107.7), (128.3, 115.2), (143.2, 115.2), (165.6, 115.2), (180.5, 124.5), (180.5, 139.5), (180.5, 160.0), (184.3, 176.8), (199.2, 180.5), (217.9, 180.5), (236.5, 182.4), (244.0, 197.3), (244.0, 212.3), (244.0, 234.7), (257.1, 244.0), (272.0, 244.0), (292.5, 244.0), (307.5, 253.3), (307.5, 268.3), (307.5, 288.8), (311.2, 303.7), (326.1, 307.5), (342.9, 307.5), (361.6, 307.5), (372.8, 320.5), (372.8, 335.5), (372.8, 350.4), (372.8, 365.3), (372.8, 372.8), (372.8, 372.8), (372.8, 372.8), (372.8, 372.8), (372.8, 372.8), (372.8, 372.8), (372.8, 372.8), (372.8, 372.8), (372.8, 372.8), (372.8, 372.8), (372.8, 372.8), (372.8, 372.8), (372.8, 372.8), (372.8, 372.8), (372.8, 372.8), (372.8, 372.8), (372.8, 372.8), (372.8, 372.8), (372.8, 372.8), (372.8, 372.8), (372.8, 372.8), (372.8, 372.8), (372.8, 372.8), (372.8, 372.8), (372.8, 372.8), (372.8, 372.8), (372.8, 372.8), (372.8, 372.8), (372.8, 372.8), (372.8, 372.8), (372.8, 372.8), (372.8, 372.8), (372.8, 372.8), (372.8, 372.8), (372.8, 372.8), (372.8, 372.8), (372.8, 372.8), (372.8, 372.8), (372.8, 372.8), (372.8, 372.8), (372.8, 372.8), (372.8, 372.8), (372.8, 372.8), (372.8, 372.8), (372.8, 372.8), (372.8, 372.8), (372.8, 372.8), (372.8, 372.8), (372.8, 372.8), (372.8, 372.8), (372.8, 372.8), (372.8, 372.8), (372.8, 372.8), (372.8, 372.8), (372.8, 372.8), (372.8, 372.8)]",0,1,12.0
novice,bomberman,2,Bomb,3,0,29.45,0.926,"[(48.0, 48.0), (62.9, 51.7), (77.9, 51.7), (98.4, 51.7), (113.3, 57.3), (115.2, 72.3), (115.2, 89.1), (115.2, 107.7), (128.3, 115.2), (143.2, 115.2), (165.6, 115.2), (180.5, 124.5), (180.5, 139.5), (180.5, 160.0), (184.3, 176.8), (199.2, 180.5), (217.9, 180.5), (236.5, 182.4), (244.0, 197.3), (244.0, 212.3), (244.0, 234.7), (257.1, 244.0), (272.0, 244.0), (292.5, 244.0), (307.5, 253.3), (307.5, 268.3), (307.5, 288.8), (311.2, 303.7), (326.1, 307.5), (342.9, 307.5), (361.6, 307.5), (372.8, 320.5), (372.8, 335.5), (372.8, 350.4), (372.8, 365.3), (372.8, 372.8), (372.8, 372.8), (372.8, 372.8), (372.8, 372.8), (372.8, 372.8), (372.8, 372.8), (372.8, 372.8), (372.8, 372.8), (372.8, 372.8), (372.8, 372.8), (372.8, 372.8), (372.8, 372.8), (372.8, 372.8), (372.8, 372.8), (372.8, 372.8), (372.8, 372.8), (372.8, 372.8), (372.8, 372.8), (372.8, 372.8), (372.8, 372.8), (372.8, 372.8), (372.8, 372.8), (372.8, 372.8), (372.8, 372.8), (372.8, 372.8), (372.8, 372.8), (372.8, 372.8), (372.8, 372.8), (372.8, 372.8), (372.8, 372.8), (372.8, 372.8), (372.8, 372.8), (372.8, 372.8), (372.8, 372.8), (372.8, 372.8), (372.8, 372.8), (372.8, 372.8), (372.8, 372.8), (372.8, 372.8), (372.8, 372.8)]",0,1,9.95
novice,bomberman,2,Bomb,6,0,34.68,0.926,"[(48.0, 48.0), (62.9, 51.7), (77.9, 51.7), (98.4, 51.7), (113.3, 57.3), (115.2, 72.3), (115.2, 89.1), (115.2, 107.7), (128.3, 115.2), (143.2, 115.2), (165.6, 115.2), (180.5, 124.5), (180.5, 139.5), (180.5, 160.0), (184.3, 176.8), (199.2, 180.5), (217.9, 180.5), (236.5, 182.4), (244.0, 197.3), (244.0, 212.3), (244.0, 234.7), (257.1, 244.0), (272.0, 244.0), (292.5, 244.0), (307.5, 253.3), (307.5, 268.3), (307.5, 288.8), (311.2, 303.7), (326.1, 307.5), (342.9, 307.5), (361.6, 307.5), (372.8, 320.5), (372.8, 335.5), (372.8, 350.4), (372.8, 365.3), (372.8, 372.8), (372.8, 372.8), (372.8, 372.8), (372.8, 372.8), (372.8, 372.8), (372.8, 372.8), (372.8, 372.8), (372.8, 372.8), (372.8, 372.8), (372.8, 372.8), (372.8, 372.8), (372.8, 372.8), (372.8, 372.8), (372.8, 372.8), (372.8, 372.8), (372.8, 372.8), (372.8, 372.8), (372.8, 372.8), (372.8, 372.8), (372.8, 372.8), (372.8, 372.8), (372.8, 372.8), (372.8, 372.8), (372.8, 372.8), (372.8, 372.8), (372.8, 372.8), (372.8, 372.8), (372.8, 372.8), (372.8, 372.8)]",0,1,8.45
novice,bomberman,2,Bomb,5,0,35.52,0.741,"[(48.0, 48.0), (62.9, 51.7), (77.9, 51.7), (98.4, 51.7), (113.3, 57.3), (115.2, 72.3), (115.2, 89.1), (115.2, 107.7), (128.3, 115.2), (143.2, 115.2), (165.6, 115.2), (180.5, 124.5), (180.5, 139.5), (180.5, 160.0), (184.3, 176.8), (199.2, 180.5), (217.9, 180.5), (236.5, 182.4), (244.0, 197.3), (244.0, 212.3), (244.0, 234.7), (257.1, 244.0), (272.0, 244.0), (292.5, 244.0), (307.5, 253.3), (307.5, 268.3), (307.5, 288.8), (311.2, 303.7), (326.1, 307.5), (342.9, 307.5), (361.6, 307.5), (372.8, 320.5), (372.8, 335.5), (372.8, 350.4), (372.8, 365.3), (372.8, 372.8), (372.8, 372.8), (372.8, 372.8), (372.8, 372.8), (372.8, 372.8), (372.8, 372.8), (372.8, 372.8), (372.8, 372.8), (372.8, 372.8), (372.8, 372.8), (372.8, 372.8), (372.8, 372.8), (372.8, 372.8), (372.8, 372.8), (372.8, 372.8), (372.8, 372.8), (372.8, 372.8), (372.8, 372.8), (372.8, 372.8), (372.8, 372.8), (372.8, 372.8), (372.8, 372.8), (372.8, 372.8), (372.8, 372.8), (372.8, 372.8), (372.8, 372.8), (372.8, 372.8)]",0,0,8.25
novice,bomberman,2,Bomb,6,0,35.96,0.741,"[(48.0, 48.0), (62.9, 51.7), (77.9, 51.7), (98.4, 51.7), (113.3, 57.3), (115.2, 72.3), (115.2, 89.1), (115.2, 107.7), (128.3, 115.2), (143.2, 115.2), (165.6, 115.2), (180.5, 124.5), (180.5, 139.5), (180.5, 160.0), (184.3, 176.8), (199.2, 180.5), (217.9, 180.5), (236.5, 182.4), (244.0, 197.3), (244.0, 212.3), (244.0, 234.7), (257.1, 244.0), (272.0, 244.0), (292.5, 244.0), (307.5, 253.3), (307.5, 268.3), (307.5, 288.8), (311.2, 303.7), (326.1, 307.5), (342.9, 307.5), (361.6, 307.5), (372.8, 320.5), (372.8, 335.5), (372.8, 350.4), (372.8, 365.3), (372.8, 372.8), (372.8, 372.8), (372.8, 372.8), (372.8, 372.8), (372.8, 372.8), (372.8, 372.8), (372.8, 372.8), (372.8, 372.8), (372.8, 372.8), (372.8, 372.8), (372.8, 372.8), (372.8, 372.8), (372.8, 372.8), (372.8, 372.8), (372.8, 372.8), (372.8, 372.8), (372.8, 372.8), (372.8, 372.8), (372.8, 372.8), (372.8, 372.8), (372.8, 372.8), (372.8, 372.8), (372.8, 372.8), (372.8, 372.8), (372.8, 372.8), (372.8, 372.8), (372.8, 372.8)]",0,0,8.15
novice,bomberman,2,Stuck,0,0,-0.5,0.37,"[(48.0, 48.0), (44.3, 62.9), (51.7, 77.9), (51.7, 98.4), (44.3, 113.3), (44.3, 128.3), (51.7, 143.2), (51.7, 165.6), (44.3, 180.5), (44.3, 195.5), (51.7, 210.4), (49.9, 232.8), (44.3, 247.7), (44.3, 262.7), (44.3, 277.6), (44.3, 292.5), (44.3, 307.5), (44.3, 322.4), (44.3, 337.3), (44.3, 352.3), (44.3, 367.2), (44.3, 372.8), (44.3, 372.8), (44.3, 372.8), (44.3, 372.8), (44.3, 372.8), (44.3, 372.8), (44.3, 372.8), (44.3, 372.8), (44.3, 372.8), (44.3, 372.8), (44.3, 372.8), (44.3, 372.8), (44.3, 372.8), (44.3, 372.8), (44.3, 372.8), (44.3, 372.8), (44.3, 372.8), (44.3, 372.8), (44.3, 372.8), (44.3, 372.8), (44.3, 372.8), (44.3, 372.8), (44.3, 372.8), (44.3, 372.8), (44.3, 372.8), (44.3, 372.8), (44.3, 372.8), (44.3, 372.8), (44.3, 372.8), (44.3, 372.8), (44.3, 372.8), (44.3, 372.8), (44.3, 372.8), (44.3, 372.8), (44.3, 372.8), (44.3, 372.8)]",0,0,7.53
novice,bomberman,2,Bomb,6,0,34.68,0.926,"[(48.0, 48.0), (62.9, 51.7), (77.9, 51.7), (98.4, 51.7), (113.3, 57.3), (115.2, 72.3), (115.2, 89.1), (115.2, 107.7), (128.3, 115.2), (143.2, 115.2), (165.6, 115.2), (180.5, 124.5), (180.5, 139.5), (180.5, 160.0), (184.3, 176.8), (199.2, 180.5), (217.9, 180.5), (236.5, 182.4), (244.0, 197.3), (244.0, 212.3), (244.0, 234.7), (257.1, 244.0), (272.0, 244.0), (292.5, 244.0), (307.5, 253.3), (307.5, 268.3), (307.5, 288.8), (311.2, 303.7), (326.1, 307.5), (342.9, 307.5), (361.6, 307.5), (372.8, 320.5), (372.8, 335.5), (372.8, 350.4), (372.8, 365.3), (372.8, 372.8), (372.8, 372.8), (372.8, 372.8), (372.8, 372.8), (372.8, 372.8), (372.8, 372.8), (372.8, 372.8), (372.8, 372.8), (372.8, 372.8), (372.8, 372.8), (372.8, 372.8), (372.8, 372.8), (372.8, 372.8), (372.8, 372.8), (372.8, 372.8), (372.8, 372.8), (372.8, 372.8), (372.8, 372.8), (372.8, 372.8), (372.8, 372.8), (372.8, 372.8), (372.8, 372.8), (372.8, 372.8), (372.8, 372.8), (372.8, 372.8), (372.8, 372.8), (372.8, 372.8), (372.8, 372.8), (372.8, 372.8)]",0,1,8.45
novice,bomberman,2,Bomb,3,0,29.45,0.926,"[(48.0, 48.0), (62.9, 51.7), (77.9, 51.7), (98.4, 51.7), (113.3, 57.3), (115.2, 72.3), (115.2, 89.1), (115.2, 107.7), (128.3, 115.2), (143.2, 115.2), (165.6, 115.2), (180.5, 124.5), (180.5, 139.5), (180.5, 160.0), (184.3, 176.8), (199.2, 180.5), (217.9, 180.5), (236.5, 182.4), (244.0, 197.3), (244.0, 212.3), (244.0, 234.7), (257.1, 244.0), (272.0, 244.0), (292.5, 244.0), (307.5, 253.3), (307.5, 268.3), (307.5, 288.8), (311.2, 303.7), (326.1, 307.5), (342.9, 307.5), (361.6, 307.5), (372.8, 320.5), (372.8, 335.5), (372.8, 350.4), (372.8, 365.3), (372.8, 372.8), (372.8, 372.8), (372.8, 372.8), (372.8, 372.8), (372.8, 372.8), (372.8, 372.8), (372.8, 372.8), (372.8, 372.8), (372.8, 372.8), (372.8, 372.8), (372.8, 372.8), (372.8, 372.8), (372.8, 372.8), (372.8, 372.8), (372.8, 372.8), (372.8, 372.8), (372.8, 372.8), (372.8, 372.8), (372.8, 372.8), (372.8, 372.8), (372.8, 372.8), (372.8, 372.8), (372.8, 372.8), (372.8, 372.8), (372.8, 372.8), (372.8, 372.8), (372.8, 372.8), (372.8, 372.8), (372.8, 372.8), (372.8, 372.8), (372.8, 372.8), (372.8, 372.8), (372.8, 372.8), (372.8, 372.8), (372.8, 372.8), (372.8, 372.8), (372.8, 372.8), (372.8, 372.8), (372.8, 372.8), (372.8, 372.8)]",0,1,9.95
novice,bomberman,2,Bomb,7,0,24.42,0.926,"[(48.0, 48.0), (62.9, 51.7), (77.9, 51.7), (98.4, 51.7), (113.3, 57.3), (115.2, 72.3), (115.2, 89.1), (115.2, 107.7), (128.3, 115.2), (143.2, 115.2), (165.6, 115.2), (180.5, 124.5), (180.5, 139.5), (180.5, 160.0), (184.3, 176.8), (199.2, 180.5), (217.9, 180.5), (236.5, 182.4), (244.0, 197.3), (244.0, 212.3), (244.0, 234.7), (257.1, 244.0), (272.0, 244.0), (292.5, 244.0), (307.5, 253.3), (307.5, 268.3), (307.5, 288.8), (311.2, 303.7), (326.1, 307.5), (342.9, 307.5), (361.6, 307.5), (372.8, 320.5), (372.8, 335.5), (372.8, 350.4), (372.8, 365.3), (372.8, 372.8), (372.8, 372.8), (372.8, 372.8), (372.8, 372.8), (372.8, 372.8), (372.8, 372.8), (372.8, 372.8), (372.8, 372.8), (372.8, 372.8), (372.8, 372.8), (372.8, 372.8), (372.8, 372.8), (372.8, 372.8), (372.8, 372.8), (372.8, 372.8), (372.8, 372.8), (372.8, 372.8), (372.8, 372.8), (372.8, 372.8), (372.8, 372.8), (372.8, 372.8), (372.8, 372.8), (372.8, 372.8), (372.8, 372.8), (372.8, 372.8), (372.8, 372.8), (372.8, 372.8), (372.8, 372.8), (372.8, 372.8), (372.8, 372.8), (372.8, 372.8), (372.8, 372.8), (372.8, 372.8), (372.8, 372.8), (372.8, 372.8), (372.8, 372.8), (372.8, 372.8), (372.8, 372.8), (372.8, 372.8), (372.8, 372.8), (372.8, 372.8), (372.8, 372.8), (372.8, 372.8), (372.8, 372.8), (372.8, 372.8), (372.8, 372.8), (372.8, 372.8), (372.8, 372.8), (372.8, 372.8), (372.8, 372.8), (372.8, 372.8), (372.8, 372.8), (372.8, 372.8), (372.8, 372.8), (372.8, 372.8), (372.8, 372.8)]",0,1,12.0
novice,bomberman,2,Bomb,3,0,32.21,0.926,"[(48.0, 48.0), (62.9, 51.7), (77.9, 51.7), (98.4, 51.7), (113.3, 57.3), (115.2, 72.3), (115.2, 89.1), (115.2, 107.7), (128.3, 115.2), (143.2, 115.2), (165.6, 115.2), (180.5, 124.5), (180.5, 139.5), (180.5, 160.0), (184.3, 176.8), (199.2, 180.5), (217.9, 180.5), (236.5, 182.4), (244.0, 197.3), (244.0, 212.3), (244.0, 234.7), (257.1, 244.0), (272.0, 244.0), (292.5, 244.0), (307.5, 253.3), (307.5, 268.3), (307.5, 288.8), (311.2, 303.7), (326.1, 307.5), (342.9, 307.5), (361.6, 307.5), (372.8, 320.5), (372.8, 335.5), (372.8, 350.4), (372.8, 365.3), (372.8, 372.8), (372.8, 372.8), (372.8, 372.8), (372.8, 372.8), (372.8, 372.8), (372.8, 372.8), (372.8, 372.8), (372.8, 372.8), (372.8, 372.8), (372.8, 372.8), (372.8, 372.8), (372.8, 372.8), (372.8, 372.8), (372.8, 372.8), (372.8, 372.8), (372.8, 372.8), (372.8, 372.8), (372.8, 372.8), (372.8, 372.8), (372.8, 372.8), (372.8, 372.8), (372.8, 372.8), (372.8, 372.8), (372.8, 372.8), (372.8, 372.8), (372.8, 372.8), (372.8, 372.8), (372.8, 372.8), (372.8, 372.8), (372.8, 372.8), (372.8, 372.8), (372.8, 372.8), (372.8, 372.8), (372.8, 372.8)]",0,1,9.1
novice,bomberman,2,Stuck,0,0,-0.5,0.37,"[(48.0, 48.0), (44.3, 62.9), (51.7, 77.9), (51.7, 98.4), (44.3, 113.3), (44.3, 128.3), (51.7, 143.2), (51.7, 165.6), (44.3, 180.5), (44.3, 195.5), (51.7, 210.4), (49.9, 232.8), (44.3, 247.7), (44.3, 262.7), (44.3, 277.6), (44.3, 292.5), (44.3, 307.5), (44.3, 322.4), (44.3, 337.3), (44.3, 352.3), (44.3, 367.2), (44.3, 372.8), (44.3, 372.8), (44.3, 372.8), (44.3, 372.8), (44.3, 372.8), (44.3, 372.8), (44.3, 372.8), (44.3, 372.8), (44.3, 372.8), (44.3, 372.8), (44.3, 372.8), (44.3, 372.8), (44.3, 372.8), (44.3, 372.8), (44.3, 372.8), (44.3, 372.8), (44.3, 372.8), (44.3, 372.8), (44.3, 372.8), (44.3, 372.8), (44.3, 372.8), (44.3, 372.8), (44.3, 372.8), (44.3, 372.8), (44.3, 372.8), (44.3, 372.8), (44.3, 372.8), (44.3, 372.8), (44.3, 372.8), (44.3, 372.8), (44.3, 372.8), (44.3, 372.8), (44.3, 372.8), (44.3, 372.8), (44.3, 372.8), (44.3, 372.8)]",0,0,7.53
novice,bomberman,2,Bomb,6,0,24.42,0.926,"[(48.0, 48.0), (62.9, 51.7), (77.9, 51.7), (98.4, 51.7), (113.3, 57.3), (115.2, 72.3), (115.2, 89.1), (115.2, 107.7), (128.3, 115.2), (143.2, 115.2), (165.6, 115.2), (180.5, 124.5), (180.5, 139.5), (180.5, 160.0), (184.3, 176.8), (199.2, 180.5), (217.9, 180.5), (236.5, 182.4), (244.0, 197.3), (244.0, 212.3), (244.0, 234.7), (257.1, 244.0), (272.0, 244.0), (292.5, 244.0), (307.5, 253.3), (307.5, 268.3), (307.5, 288.8), (311.2, 303.7), (326.1, 307.5), (342.9, 307.5), (361.6, 307.5), (372.8, 320.5), (372.8, 335.5), (372.8, 350.4), (372.8, 365.3), (372.8, 372.8), (372.8, 372.8), (372.8, 372.8), (372.8, 372.8), (372.8, 372.8), (372.8, 372.8), (372.8, 372.8), (372.8, 372.8), (372.8, 372.8), (372.8, 372.8), (372.8, 372.8), (372.8, 372.8), (372.8, 372.8), (372.8, 372.8), (372.8, 372.8), (372.8, 372.8), (372.8, 372.8), (372.8, 372.8), (372.8, 372.8), (372.8, 372.8), (372.8, 372.8), (372.8, 372.8), (372.8, 372.8), (372.8, 372.8), (372.8, 372.8), (372.8, 372.8), (372.8, 372.8), (372.8, 372.8), (372.8, 372.8), (372.8, 372.8), (372.8, 372.8), (372.8, 372.8), (372.8, 372.8), (372.8, 372.8), (372.8, 372.8), (372.8, 372.8), (372.8, 372.8), (372.8, 372.8), (372.8, 372.8), (372.8, 372.8), (372.8, 372.8), (372.8, 372.8), (372.8, 372.8), (372.8, 372.8), (372.8, 372.8), (372.8, 372.8), (372.8, 372.8), (372.8, 372.8), (372.8, 372.8), (372.8, 372.8), (372.8, 372.8), (372.8, 372.8), (372.8, 372.8), (372.8, 372.8), (372.8, 372.8), (372.8, 372.8)]",0,1,12.0
novice,bomberman,2,Bomb,3,0,34.68,0.926,"[(48.0, 48.0), (62.9, 51.7), (77.9, 51.7), (98.4, 51.7), (113.3, 57.3), (115.2, 72.3), (115.2, 89.1), (115.2, 107.7), (128.3, 115.2), (143.2, 115.2), (165.6, 115.2), (180.5, 124.5), (180.5, 139.5), (180.5, 160.0), (184.3, 176.8), (199.2, 180.5), (217.9, 180.5), (236.5, 182.4), (244.0, 197.3), (244.0, 212.3), (244.0, 234.7), (257.1, 244.0), (272.0, 244.0), (292.5, 244.0), (307.5, 253.3), (307.5, 268.3), (307.5, 288.8), (311.2, 303.7), (326.1, 307.5), (342.9, 307.5), (361.6, 307.5), (372.8, 320.5), (372.8, 335.5), (372.8, 350.4), (372.8, 365.3), (372.8, 372.8), (372.8, 372.8), (372.8, 372.8), (372.8, 372.8), (372.8, 372.8), (372.8, 372.8), (372.8, 372.8), (372.8, 372.8), (372.8, 372.8), (372.8, 372.8), (372.8, 372.8), (372.8, 372.8), (372.8, 372.8), (372.8, 372.8), (372.8, 372.8), (372.8, 372.8), (372.8, 372.8), (372.8, 372.8), (372.8, 372.8), (372.8, 372.8), (372.8, 372.8), (372.8, 372.8), (372.8, 372.8), (372.8, 372.8), (372.8, 372.8), (372.8, 372.8), (372.8, 372.8), (372.8, 372.8), (372.8, 372.8)]",0,1,8.45
novice,bomberman,2,Bomb,6,0,34.89,0.741,"[(48.0, 48.0), (62.9, 51.7), (77.9, 51.7), (98.4, 51.7), (113.3, 57.3), (115.2, 72.3), (115.2, 89.1), (115.2, 107.7), (128.3, 115.2), (143.2, 115.2), (165.6, 115.2), (180.5, 124.5), (180.5, 139.5), (180.5, 160.0), (184.3, 176.8), (199.2, 180.5), (217.9, 180.5), (236.5, 182.4), (244.0, 197.3), (244.0, 212.3), (244.0, 234.7), (257.1, 244.0), (272.0, 244.0), (292.5, 244.0), (307.5, 253.3), (307.5, 268.3), (307.5, 288.8), (311.2, 303.7), (326.1, 307.5), (342.9, 307.5), (361.6, 307.5), (372.8, 320.5), (372.8, 335.5), (372.8, 350.4), (372.8, 365.3), (372.8, 372.8), (372.8, 372.8), (372.8, 372.8), (372.8, 372.8), (372.8, 372.8), (372.8, 372.8), (372.8, 372.8), (372.8, 372.8), (372.8, 372.8), (372.8, 372.8), (372.8, 372.8), (372.8, 372.8), (372.8, 372.8), (372.8, 372.8), (372.8, 372.8), (372.8, 372.8), (372.8, 372.8), (372.8, 372.8), (372.8, 372.8), (372.8, 372.8), (372.8, 372.8), (372.8, 372.8), (372.8, 372.8), (372.8, 372.8), (372.8, 372.8), (372.8, 372.8), (372.8, 372.8), (372.8, 372.8), (372.8, 372.8)]",0,0,8.4
novice,bomberman,2,Bomb,5,0,34.68,0.926,"[(48.0, 48.0), (62.9, 51.7), (77.9, 51.7), (98.4, 51.7), (113.3, 57.3), (115.2, 72.3), (115.2, 89.1), (115.2, 107.7), (128.3, 115.2), (143.2, 115.2), (165.6, 115.2), (180.5, 124.5), (180.5, 139.5), (180.5, 160.0), (184.3, 176.8), (199.2, 180.5), (217.9, 180.5), (236.5, 182.4), (244.0, 197.3), (244.0, 212.3), (244.0, 234.7), (257.1, 244.0), (272.0, 244.0), (292.5, 244.0), (307.5, 253.3), (307.5, 268.3), (307.5, 288.8), (311.2, 303.7), (326.1, 307.5), (342.9, 307.5), (361.6, 307.5), (372.8, 320.5), (372.8, 335.5), (372.8, 350.4), (372.8, 365.3), (372.8, 372.8), (372.8, 372.8), (372.8, 372.8), (372.8, 372.8), (372.8, 372.8), (372.8, 372.8), (372.8, 372.8), (372.8, 372.8), (372.8, 372.8), (372.8, 372.8), (372.8, 372.8), (372.8, 372.8), (372.8, 372.8), (372.8, 372.8), (372.8, 372.8), (372.8, 372.8), (372.8, 372.8), (372.8, 372.8), (372.8, 372.8), (372.8, 372.8), (372.8, 372.8), (372.8, 372.8), (372.8, 372.8), (372.8, 372.8), (372.8, 372.8), (372.8, 372.8), (372.8, 372.8), (372.8, 372.8), (372.8, 372.8)]",0,1,8.45
novice,bomberman,2,Stuck,1,0,25.45,0.741,"[(48.0, 48.0), (62.9, 51.7), (77.9, 51.7), (98.4, 51.7), (113.3, 57.3), (115.2, 72.3), (115.2, 89.1), (115.2, 107.7), (128.3, 115.2), (143.2, 115.2), (165.6, 115.2), (180.5, 124.5), (180.5, 139.5), (180.5, 160.0), (184.3, 176.8), (199.2, 180.5), (217.9, 180.5), (236.5, 182.4), (244.0, 197.3), (244.0, 212.3), (244.0, 234.7), (257.1, 244.0), (272.0, 244.0), (292.5, 244.0), (307.5, 253.3), (307.5, 268.3), (307.5, 288.8), (311.2, 303.7), (326.1, 307.5), (342.9, 307.5), (361.6, 307.5), (372.8, 320.5), (372.8, 335.5), (372.8, 350.4), (372.8, 365.3), (372.8, 372.8), (372.8, 372.8), (372.8, 372.8), (372.8, 372.8), (372.8, 372.8), (372.8, 372.8), (372.8, 372.8), (372.8, 372.8), (372.8, 372.8), (372.8, 372.8), (372.8, 372.8), (372.8, 372.8), (372.8, 372.8), (372.8, 372.8), (372.8, 372.8), (372.8, 372.8), (372.8, 372.8), (372.8, 372.8), (372.8, 372.8), (372.8, 372.8), (372.8, 372.8), (372.8, 372.8), (372.8, 372.8), (372.8, 372.8), (372.8, 372.8), (372.8, 372.8), (372.8, 372.8), (372.8, 372.8), (372.8, 372.8), (372.8, 372.8), (372.8, 372.8), (372.8, 372.8), (372.8, 372.8), (372.8, 372.8), (372.8, 372.8), (372.8, 372.8), (372.8, 372.8), (372.8, 372.8), (372.8, 372.8), (372.8, 372.8), (372.8, 372.8), (372.8, 372.8), (372.8, 372.8), (372.8, 372.8), (372.8, 372.8), (372.8, 372.8), (372.8, 372.8), (372.8, 372.8), (372.8, 372.8), (372.8, 372.8), (372.8, 372.8), (372.8, 372.8)]",0,0,11.52
novice,bomberman,2,Bomb,5,0,34.68,0.926,"[(48.0, 48.0), (62.9, 51.7), (77.9, 51.7), (98.4, 51.7), (113.3, 57.3), (115.2, 72.3), (115.2, 89.1), (115.2, 107.7), (128.3, 115.2), (143.2, 115.2), (165.6, 115.2), (180.5, 124.5), (180.5, 139.5), (180.5, 160.0), (184.3, 176.8), (199.2, 180.5), (217.9, 180.5), (236.5, 182.4), (244.0, 197.3), (244.0, 212.3), (244.0, 234.7), (257.1, 244.0), (272.0, 244.0), (292.5, 244.0), (307.5, 253.3), (307.5, 268.3), (307.5, 288.8), (311.2, 303.7), (326.1, 307.5), (342.9, 307.5), (361.6, 307.5), (372.8, 320.5), (372.8, 335.5), (372.8, 350.4), (372.8, 365.3), (372.8, 372.8), (372.8, 372.8), (372.8, 372.8), (372.8, 372.8), (372.8, 372.8), (372.8, 372.8), (372.8, 372.8), (372.8, 372.8), (372.8, 372.8), (372.8, 372.8), (372.8, 372.8), (372.8, 372.8), (372.8, 372.8), (372.8, 372.8), (372.8, 372.8), (372.8, 372.8), (372.8, 372.8), (372.8, 372.8), (372.8, 372.8), (372.8, 372.8), (372.8, 372.8), (372.8, 372.8), (372.8, 372.8), (372.8, 372.8), (372.8, 372.8), (372.8, 372.8), (372.8, 372.8), (372.8, 372.8), (372.8, 372.8)]",0,1,8.45
novice,bomberman,2,Bomb,3,0,34.68,0.926,"[(48.0, 48.0), (62.9, 51.7), (77.9, 51.7), (98.4, 51.7), (113.3, 57.3), (115.2, 72.3), (115.2, 89.1), (115.2, 107.7), (128.3, 115.2), (143.2, 115.2), (165.6, 115.2), (180.5, 124.5), (180.5, 139.5), (180.5, 160.0), (184.3, 176.8), (199.2, 180.5), (217.9, 180.5), (236.5, 182.4), (244.0, 197.3), (244.0, 212.3), (244.0, 234.7), (257.1, 244.0), (272.0, 244.0), (292.5, 244.0), (307.5, 253.3), (307.5, 268.3), (307.5, 288.8), (311.2, 303.7), (326.1, 307.5), (342.9, 307.5), (361.6, 307.5), (372.8, 320.5), (372.8, 335.5), (372.8, 350.4), (372.8, 365.3), (372.8, 372.8), (372.8, 372.8), (372.8, 372.8), (372.8, 372.8), (372.8, 372.8), (372.8, 372.8), (372.8, 372.8), (372.8, 372.8), (372.8, 372.8), (372.8, 372.8), (372.8, 372.8), (372.8, 372.8), (372.8, 372.8), (372.8, 372.8), (372.8, 372.8), (372.8, 372.8), (372.8, 372.8), (372.8, 372.8), (372.8, 372.8), (372.8, 372.8), (372.8, 372.8), (372.8, 372.8), (372.8, 372.8), (372.8, 372.8), (372.8, 372.8), (372.8, 372.8), (372.8, 372.8), (372.8, 372.8), (372.8, 372.8)]",0,1,8.45
novice,bomberman,2,Bomb,6,0,24.42,0.926,"[(48.0, 48.0), (62.9, 51.7), (77.9, 51.7), (98.4, 51.7), (113.3, 57.3), (115.2, 72.3), (115.2, 89.1), (115.2, 107.7), (128.3, 115.2), (143.2, 115.2), (165.6, 115.2), (180.5, 124.5), (180.5, 139.5), (180.5, 160.0), (184.3, 176.8), (199.2, 180.5), (217.9, 180.5), (236.5, 182.4), (244.0, 197.3), (244.0, 212.3), (244.0, 234.7), (257.1, 244.0), (272.0, 244.0), (292.5, 244.0), (307.5, 253.3), (307.5, 268.3), (307.5, 288.8), (311.2, 303.7), (326.1, 307.5), (342.9, 307.5), (361.6, 307.5), (372.8, 320.5), (372.8, 335.5), (372.8, 350.4), (372.8, 365.3), (372.8, 372.8), (372.8, 372.8), (372.8, 372.8), (372.8, 372.8), (372.8, 372.8), (372.8, 372.8), (372.8, 372.8), (372.8, 372.8), (372.8, 372.8), (372.8, 372.8), (372.8, 372.8), (372.8, 372.8), (372.8, 372.8), (372.8, 372.8), (372.8, 372.8), (372.8, 372.8), (372.8, 372.8), (372.8, 372.8), (372.8, 372.8), (372.8, 372.8), (372.8, 372.8), (372.8, 372.8), (372.8, 372.8), (372.8, 372.8), (372.8, 372.8), (372.8, 372.8), (372.8, 372.8), (372.8, 372.8), (372.8, 372.8), (372.8, 372.8), (372.8, 372.8), (372.8, 372.8), (372.8, 372.8), (372.8, 372.8), (372.8, 372.8), (372.8, 372.8), (372.8, 372.8), (372.8, 372.8), (372.8, 372.8), (372.8, 372.8), (372.8, 372.8), (372.8, 372.8), (372.8, 372.8), (372.8, 372.8), (372.8, 372.8), (372.8, 372.8), (372.8, 372.8), (372.8, 372.8), (372.8, 372.8), (372.8, 372.8), (372.8, 372.8), (372.8, 372.8), (372.8, 372.8), (372.8, 372.8), (372.8, 372.8), (372.8, 372.8)]",0,1,12.0
novice,bomberman,2,Bomb,3,0,32.21,0.926,"[(48.0, 48.0), (62.9, 51.7), (77.9, 51.7), (98.4, 51.7), (113.3, 57.3), (115.2, 72.3), (115.2, 89.1), (115.2, 107.7), (128.3, 115.2), (143.2, 115.2), (165.6, 115.2), (180.5, 124.5), (180.5, 139.5), (180.5, 160.0), (184.3, 176.8), (199.2, 180.5), (217.9, 180.5), (236.5, 182.4), (244.0, 197.3), (244.0, 212.3), (244.0, 234.7), (257.1, 244.0), (272.0, 244.0), (292.5, 244.0), (307.5, 253.3), (307.5, 268.3), (307.5, 288.8), (311.2, 303.7), (326.1, 307.5), (342.9, 307.5), (361.6, 307.5), (372.8, 320.5), (372.8, 335.5), (372.8, 350.4), (372.8, 365.3), (372.8, 372.8), (372.8, 372.8), (372.8, 372.8), (372.8, 372.8), (372.8, 372.8), (372.8, 372.8), (372.8, 372.8), (372.8, 372.8), (372.8, 372.8), (372.8, 372.8), (372.8, 372.8), (372.8, 372.8), (372.8, 372.8), (372.8, 372.8), (372.8, 372.8), (372.8, 372.8), (372.8, 372.8), (372.8, 372.8), (372.8, 372.8), (372.8, 372.8), (372.8, 372.8), (372.8, 372.8), (372.8, 372.8), (372.8, 372.8), (372.8, 372.8), (372.8, 372.8), (372.8, 372.8), (372.8, 372.8), (372.8, 372.8), (372.8, 372.8), (372.8, 372.8), (372.8, 372.8), (372.8, 372.8), (372.8, 372.8)]",0,1,9.1
novice,bomberman,2,Bomb,6,0,24.42,0.926,"[(48.0, 48.0), (62.9, 51.7), (77.9, 51.7), (98.4, 51.7), (113.3, 57.3), (115.2, 72.3), (115.2, 89.1), (115.2, 107.7), (128.3, 115.2), (143.2, 115.2), (165.6, 115.2), (180.5, 124.5), (180.5, 139.5), (180.5, 160.0), (184.3, 176.8), (199.2, 180.5), (217.9, 180.5), (236.5, 182.4), (244.0, 197.3), (244.0, 212.3), (244.0, 234.7), (257.1, 244.0), (272.0, 244.0), (292.5, 244.0), (307.5, 253.3), (307.5, 268.3), (307.5, 288.8), (311.2, 303.7), (326.1, 307.5), (342.9, 307.5), (361.6, 307.5), (372.8, 320.5), (372.8, 335.5), (372.8, 350.4), (372.8, 365.3), (372.8, 372.8), (372.8, 372.8), (372.8, 372.8), (372.8, 372.8), (372.8, 372.8), (372.8, 372.8), (372.8, 372.8), (372.8, 372.8), (372.8, 372.8), (372.8, 372.8), (372.8, 372.8), (372.8, 372.8), (372.8, 372.8), (372.8, 372.8), (372.8, 372.8), (372.8, 372.8), (372.8, 372.8), (372.8, 372.8), (372.8, 372.8), (372.8, 372.8), (372.8, 372.8), (372.8, 372.8), (372.8, 372.8), (372.8, 372.8), (372.8, 372.8), (372.8, 372.8), (372.8, 372.8), (372.8, 372.8), (372.8, 372.8), (372.8, 372.8), (372.8, 372.8), (372.8, 372.8), (372.8, 372.8), (372.8, 372.8), (372.8, 372.8), (372.8, 372.8), (372.8, 372.8), (372.8, 372.8), (372.8, 372.8), (372.8, 372.8), (372.8, 372.8), (372.8, 372.8), (372.8, 372.8), (372.8, 372.8), (372.8, 372.8), (372.8, 372.8), (372.8, 372.8), (372.8, 372.8), (372.8, 372.8), (372.8, 372.8), (372.8, 372.8), (372.8, 372.8), (372.8, 372.8), (372.8, 372.8), (372.8, 372.8), (372.8, 372.8)]",0,1,12.0
novice,bomberman,2,Bomb,4,0,24.42,0.926,"[(48.0, 48.0), (62.9, 51.7), (77.9, 51.7), (98.4, 51.7), (113.3, 57.3), (115.2, 72.3), (115.2, 89.1), (115.2, 107.7), (128.3, 115.2), (143.2, 115.2), (165.6, 115.2), (180.5, 124.5), (180.5, 139.5), (180.5, 160.0), (184.3, 176.8), (199.2, 180.5), (217.9, 180.5), (236.5, 182.4), (244.0, 197.3), (244.0, 212.3), (244.0, 234.7), (257.1, 244.0), (272.0, 244.0), (292.5, 244.0), (307.5, 253.3), (307.5, 268.3), (307.5, 288.8), (311.2, 303.7), (326.1, 307.5), (342.9, 307.5), (361.6, 307.5), (372.8, 320.5), (372.8, 335.5), (372.8, 350.4), (372.8, 365.3), (372.8, 372.8), (372.8, 372.8), (372.8, 372.8), (372.8, 372.8), (372.8, 372.8), (372.8, 372.8), (372.8, 372.8), (372.8, 372.8), (372.8, 372.8), (372.8, 372.8), (372.8, 372.8), (372.8, 372.8), (372.8, 372.8), (372.8, 372.8), (372.8, 372.8), (372.8, 372.8), (372.8, 372.8), (372.8, 372.8), (372.8, 372.8), (372.8, 372.8), (372.8, 372.8), (372.8, 372.8), (372.8, 372.8), (372.8, 372.8), (372.8, 372.8), (372.8, 372.8), (372.8, 372.8), (372.8, 372.8), (372.8, 372.8), (372.8, 372.8), (372.8, 372.8), (372.8, 372.8), (372.8, 372.8), (372.8, 372.8), (372.8, 372.8), (372.8, 372.8), (372.8, 372.8), (372.8, 372.8), (372.8, 372.8), (372.8, 372.8), (372.8, 372.8), (372.8, 372.8), (372.8, 372.8), (372.8, 372.8), (372.8, 372.8), (372.8, 372.8), (372.8, 372.8), (372.8, 372.8), (372.8, 372.8), (372.8, 372.8), (372.8, 372.8), (372.8, 372.8), (372.8, 372.8), (372.8, 372.8), (372.8, 372.8), (372.8, 372.8)]",0,1,12.0
novice,bomberman,2,Bomb,6,0,24.42,0.926,"[(48.0, 48.0), (62.9, 51.7), (77.9, 51.7), (98.4, 51.7), (113.3, 57.3), (115.2, 72.3), (115.2, 89.1), (115.2, 107.7), (128.3, 115.2), (143.2, 115.2), (165.6, 115.2), (180.5, 124.5), (180.5, 139.5), (180.5, 160.0), (184.3, 176.8), (199.2, 180.5), (217.9, 180.5), (236.5, 182.4), (244.0, 197.3), (244.0, 212.3), (244.0, 234.7), (257.1, 244.0), (272.0, 244.0), (292.5, 244.0), (307.5, 253.3), (307.5, 268.3), (307.5, 288.8), (311.2, 303.7), (326.1, 307.5), (342.9, 307.5), (361.6, 307.5), (372.8, 320.5), (372.8, 335.5), (372.8, 350.4), (372.8, 365.3), (372.8, 372.8), (372.8, 372.8), (372.8, 372.8), (372.8, 372.8), (372.8, 372.8), (372.8, 372.8), (372.8, 372.8), (372.8, 372.8), (372.8, 372.8), (372.8, 372.8), (372.8, 372.8), (372.8, 372.8), (372.8, 372.8), (372.8, 372.8), (372.8, 372.8), (372.8, 372.8), (372.8, 372.8), (372.8, 372.8), (372.8, 372.8), (372.8, 372.8), (372.8, 372.8), (372.8, 372.8), (372.8, 372.8), (372.8, 372.8), (372.8, 372.8), (372.8, 372.8), (372.8, 372.8), (372.8, 372.8), (372.8, 372.8), (372.8, 372.8), (372.8, 372.8), (372.8, 372.8), (372.8, 372.8), (372.8, 372.8), (372.8, 372.8), (372.8, 372.8), (372.8, 372.8), (372.8, 372.8), (372.8, 372.8), (372.8, 372.8), (372.8, 372.8), (372.8, 372.8), (372.8, 372.8), (372.8, 372.8), (372.8, 372.8), (372.8, 372.8), (372.8, 372.8), (372.8, 372.8), (372.8, 372.8), (372.8, 372.8), (372.8, 372.8), (372.8, 372.8), (372.8, 372.8), (372.8, 372.8), (372.8, 372.8), (372.8, 372.8)]",0,1,12.0
novice,bomberman,2,Bomb,6,0,24.42,0.926,"[(48.0, 48.0), (62.9, 51.7), (77.9, 51.7), (98.4, 51.7), (113.3, 57.3), (115.2, 72.3), (115.2, 89.1), (115.2, 107.7), (128.3, 115.2), (143.2, 115.2), (165.6, 115.2), (180.5, 124.5), (180.5, 139.5), (180.5, 160.0), (184.3, 176.8), (199.2, 180.5), (217.9, 180.5), (236.5, 182.4), (244.0, 197.3), (244.0, 212.3), (244.0, 234.7), (257.1, 244.0), (272.0, 244.0), (292.5, 244.0), (307.5, 253.3), (307.5, 268.3), (307.5, 288.8), (311.2, 303.7), (326.1, 307.5), (342.9, 307.5), (361.6, 307.5), (372.8, 320.5), (372.8, 335.5), (372.8, 350.4), (372.8, 365.3), (372.8, 372.8), (372.8, 372.8), (372.8, 372.8), (372.8, 372.8), (372.8, 372.8), (372.8, 372.8), (372.8, 372.8), (372.8, 372.8), (372.8, 372.8), (372.8, 372.8), (372.8, 372.8), (372.8, 372.8), (372.8, 372.8), (372.8, 372.8), (372.8, 372.8), (372.8, 372.8), (372.8, 372.8), (372.8, 372.8), (372.8, 372.8), (372.8, 372.8), (372.8, 372.8), (372.8, 372.8), (372.8, 372.8), (372.8, 372.8), (372.8, 372.8), (372.8, 372.8), (372.8, 372.8), (372.8, 372.8), (372.8, 372.8), (372.8, 372.8), (372.8, 372.8), (372.8, 372.8), (372.8, 372.8), (372.8, 372.8), (372.8, 372.8), (372.8, 372.8), (372.8, 372.8), (372.8, 372.8), (372.8, 372.8), (372.8, 372.8), (372.8, 372.8), (372.8, 372.8), (372.8, 372.8), (372.8, 372.8), (372.8, 372.8), (372.8, 372.8), (372.8, 372.8), (372.8, 372.8), (372.8, 372.8), (372.8, 372.8), (372.8, 372.8), (372.8, 372.8), (372.8, 372.8), (372.8, 372.8), (372.8, 372.8), (372.8, 372.8)]",0,1,12.0
novice,bomberman,2,Bomb,9,0,24.42,0.926,"[(48.0, 48.0), (62.9, 51.7), (77.9, 51.7), (98.4, 51.7), (113.3, 57.3), (115.2, 72.3), (115.2, 89.1), (115.2, 107.7), (128.3, 115.2), (143.2, 115.2), (165.6, 115.2), (180.5, 124.5), (180.5, 139.5), (180.5, 160.0), (184.3, 176.8), (199.2, 180.5), (217.9, 180.5), (236.5, 182.4), (244.0, 197.3), (244.0, 212.3), (244.0, 234.7), (257.1, 244.0), (272.0, 244.0), (292.5, 244.0), (307.5, 253.3), (307.5, 268.3), (307.5, 288.8), (311.2, 303.7), (326.1, 307.5), (342.9, 307.5), (361.6, 307.5), (372.8, 320.5), (372.8, 335.5), (372.8, 350.4), (372.8, 365.3), (372.8, 372.8), (372.8, 372.8), (372.8, 372.8), (372.8, 372.8), (372.8, 372.8), (372.8, 372.8), (372.8, 372.8), (372.8, 372.8), (372.8, 372.8), (372.8, 372.8), (372.8, 372.8), (372.8, 372.8), (372.8, 372.8), (372.8, 372.8), (372.8, 372.8), (372.8, 372.8), (372.8, 372.8), (372.8, 372.8), (372.8, 372.8), (372.8, 372.8), (372.8, 372.8), (372.8, 372.8), (372.8, 372.8), (372.8, 372.8), (372.8, 372.8), (372.8, 372.8), (372.8, 372.8), (372.8, 372.8), (372.8, 372.8), (372.8, 372.8), (372.8, 372.8), (372.8, 372.8), (372.8, 372.8), (372.8, 372.8), (372.8, 372.8), (372.8, 372.8), (372.8, 372.8), (372.8, 372.8), (372.8, 372.8), (372.8, 372.8), (372.8, 372.8), (372.8, 372.8), (372.8, 372.8), (372.8, 372.8), (372.8, 372.8), (372.8, 372.8), (372.8, 372.8), (372.8, 372.8), (372.8, 372.8), (372.8, 372.8), (372.8, 372.8), (372.8, 372.8), (372.8, 372.8), (372.8, 372.8), (372.8, 372.8), (372.8, 372.8)]",0,1,12.0
novice,bomberman,2,Bomb,2,0,29.45,0.926,"[(48.0, 48.0), (62.9, 51.7), (77.9, 51.7), (98.4, 51.7), (113.3, 57.3), (115.2, 72.3), (115.2, 89.1), (115.2, 107.7), (128.3, 115.2), (143.2, 115.2), (165.6, 115.2), (180.5, 124.5), (180.5, 139.5), (180.5, 160.0), (184.3, 176.8), (199.2, 180.5), (217.9, 180.5), (236.5, 182.4), (244.0, 197.3), (244.0, 212.3), (244.0, 234.7), (257.1, 244.0), (272.0, 244.0), (292.5, 244.0), (307.5, 253.3), (307.5, 268.3), (307.5, 288.8), (311.2, 303.7), (326.1, 307.5), (342.9, 307.5), (361.6, 307.5), (372.8, 320.5), (372.8, 335.5), (372.8, 350.4), (372.8, 365.3), (372.8, 372.8), (372.8, 372.8), (372.8, 372.8), (372.8, 372.8), (372.8, 372.8), (372.8, 372.8), (372.8, 372.8), (372.8, 372.8), (372.8, 372.8), (372.8, 372.8), (372.8, 372.8), (372.8, 372.8), (372.8, 372.8), (372.8, 372.8), (372.8, 372.8), (372.8, 372.8), (372.8, 372.8), (372.8, 372.8), (372.8, 372.8), (372.8, 372.8), (372.8, 372.8), (372.8, 372.8), (372.8, 372.8), (372.8, 372.8), (372.8, 372.8), (372.8, 372.8), (372.8, 372.8), (372.8, 372.8), (372.8, 372.8), (372.8, 372.8), (372.8, 372.8), (372.8, 372.8), (372.8, 372.8), (372.8, 372.8), (372.8, 372.8), (372.8, 372.8), (372.8, 372.8), (372.8, 372.8), (372.8, 372.8), (372.8, 372.8)]",0,1,9.95
novice,bomberman,2,Bomb,2,0,29.45,0.926,"[(48.0, 48.0), (62.9, 51.7), (77.9, 51.7), (98.4, 51.7), (113.3, 57.3), (115.2, 72.3), (115.2, 89.1), (115.2, 107.7), (128.3, 115.2), (143.2, 115.2), (165.6, 115.2), (180.5, 124.5), (180.5, 139.5), (180.5, 160.0), (184.3, 176.8), (199.2, 180.5), (217.9, 180.5), (236.5, 182.4), (244.0, 197.3), (244.0, 212.3), (244.0, 234.7), (257.1, 244.0), (272.0, 244.0), (292.5, 244.0), (307.5, 253.3), (307.5, 268.3), (307.5, 288.8), (311.2, 303.7), (326.1, 307.5), (342.9, 307.5), (361.6, 307.5), (372.8, 320.5), (372.8, 335.5), (372.8, 350.4), (372.8, 365.3), (372.8, 372.8), (372.8, 372.8), (372.8, 372.8), (372.8, 372.8), (372.8, 372.8), (372.8, 372.8), (372.8, 372.8), (372.8, 372.8), (372.8, 372.8), (372.8, 372.8), (372.8, 372.8), (372.8, 372.8), (372.8, 372.8), (372.8, 372.8), (372.8, 372.8), (372.8, 372.8), (372.8, 372.8), (372.8, 372.8), (372.8, 372.8), (372.8, 372.8), (372.8, 372.8), (372.8, 372.8), (372.8, 372.8), (372.8, 372.8), (372.8, 372.8), (372.8, 372.8), (372.8, 372.8), (372.8, 372.8), (372.8, 372.8), (372.8, 372.8), (372.8, 372.8), (372.8, 372.8), (372.8, 372.8), (372.8, 372.8), (372.8, 372.8), (372.8, 372.8), (372.8, 372.8), (372.8, 372.8), (372.8, 372.8), (372.8, 372.8)]",0,1,9.95
novice,bomberman,2,Bomb,9,0,24.42,0.926,"[(48.0, 48.0), (62.9, 51.7), (77.9, 51.7), (98.4, 51.7), (113.3, 57.3), (115.2, 72.3), (115.2, 89.1), (115.2, 107.7), (128.3, 115.2), (143.2, 115.2), (165.6, 115.2), (180.5, 124.5), (180.5, 139.5), (180.5, 160.0), (184.3, 176.8), (199.2, 180.5), (217.9, 180.5), (236.5, 182.4), (244.0, 197.3), (244.0, 212.3), (244.0, 234.7), (257.1, 244.0), (272.0, 244.0), (292.5, 244.0), (307.5, 253.3), (307.5, 268.3), (307.5, 288.8), (311.2, 303.7), (326.1, 307.5), (342.9, 307.5), (361.6, 307.5), (372.8, 320.5), (372.8, 335.5), (372.8, 350.4), (372.8, 365.3), (372.8, 372.8), (372.8, 372.8), (372.8, 372.8), (372.8, 372.8), (372.8, 372.8), (372.8, 372.8), (372.8, 372.8), (372.8, 372.8), (372.8, 372.8), (372.8, 372.8), (372.8, 372.8), (372.8, 372.8), (372.8, 372.8), (372.8, 372.8), (372.8, 372.8), (372.8, 372.8), (372.8, 372.8), (372.8, 372.8), (372.8, 372.8), (372.8, 372.8), (372.8, 372.8), (372.8, 372.8), (372.8, 372.8), (372.8, 372.8), (372.8, 372.8), (372.8, 372.8), (372.8, 372.8), (372.8, 372.8), (372.8, 372.8), (372.8, 372.8), (372.8, 372.8), (372.8, 372.8), (372.8, 372.8), (372.8, 372.8), (372.8, 372.8), (372.8, 372.8), (372.8, 372.8), (372.8, 372.8), (372.8, 372.8), (372.8, 372.8), (372.8, 372.8), (372.8, 372.8), (372.8, 372.8), (372.8, 372.8), (372.8, 372.8), (372.8, 372.8), (372.8, 372.8), (372.8, 372.8), (372.8, 372.8), (372.8, 372.8), (372.8, 372.8), (372.8, 372.8), (372.8, 372.8), (372.8, 372.8), (372.8, 372.8), (372.8, 372.8)]",0,1,12.0
novice,bomberman,2,Bomb,6,0,24.42,0.926,"[(48.0, 48.0), (62.9, 51.7), (77.9, 51.7), (98.4, 51.7), (113.3, 57.3), (115.2, 72.3), (115.2, 89.1), (115.2, 107.7), (128.3, 115.2), (143.2, 115.2), (165.6, 115.2), (180.5, 124.5), (180.5, 139.5), (180.5, 160.0), (184.3, 176.8), (199.2, 180.5), (217.9, 180.5), (236.5, 182.4), (244.0, 197.3), (244.0, 212.3), (244.0, 234.7), (257.1, 244.0), (272.0, 244.0), (292.5, 244.0), (307.5, 253.3), (307.5, 268.3), (307.5, 288.8), (311.2, 303.7), (326.1, 307.5), (342.9, 307.5), (361.6, 307.5), (372.8, 320.5), (372.8, 335.5), (372.8, 350.4), (372.8, 365.3), (372.8, 372.8), (372.8, 372.8), (372.8, 372.8), (372.8, 372.8), (372.8, 372.8), (372.8, 372.8), (372.8, 372.8), (372.8, 372.8), (372.8, 372.8), (372.8, 372.8), (372.8, 372.8), (372.8, 372.8), (372.8, 372.8), (372.8, 372.8), (372.8, 372.8), (372.8, 372.8), (372.8, 372.8), (372.8, 372.8), (372.8, 372.8), (372.8, 372.8), (372.8, 372.8), (372.8, 372.8), (372.8, 372.8), (372.8, 372.8), (372.8, 372.8), (372.8, 372.8), (372.8, 372.8), (372.8, 372.8), (372.8, 372.8), (372.8, 372.8), (372.8, 372.8), (372.8, 372.8), (372.8, 372.8), (372.8, 372.8), (372.8, 372.8), (372.8, 372.8), (372.8, 372.8), (372.8, 372.8), (372.8, 372.8), (372.8, 372.8), (372.8, 372.8), (372.8, 372.8), (372.8, 372.8), (372.8, 372.8), (372.8, 372.8), (372.8, 372.8), (372.8, 372.8), (372.8, 372.8), (372.8, 372.8), (372.8, 372.8), (372.8, 372.8), (372.8, 372.8), (372.8, 372.8), (372.8, 372.8), (372.8, 372.8), (372.8, 372.8)]",0,1,12.0
novice,bomberman,2,Bomb,6,0,24.42,0.926,"[(48.0, 48.0), (62.9, 51.7), (77.9, 51.7), (98.4, 51.7), (113.3, 57.3), (115.2, 72.3), (115.2, 89.1), (115.2, 107.7), (128.3, 115.2), (143.2, 115.2), (165.6, 115.2), (180.5, 124.5), (180.5, 139.5), (180.5, 160.0), (184.3, 176.8), (199.2, 180.5), (217.9, 180.5), (236.5, 182.4), (244.0, 197.3), (244.0, 212.3), (244.0, 234.7), (257.1, 244.0), (272.0, 244.0), (292.5, 244.0), (307.5, 253.3), (307.5, 268.3), (307.5, 288.8), (311.2, 303.7), (326.1, 307.5), (342.9, 307.5), (361.6, 307.5), (372.8, 320.5), (372.8, 335.5), (372.8, 350.4), (372.8, 365.3), (372.8, 372.8), (372.8, 372.8), (372.8, 372.8), (372.8, 372.8), (372.8, 372.8), (372.8, 372.8), (372.8, 372.8), (372.8, 372.8), (372.8, 372.8), (372.8, 372.8), (372.8, 372.8), (372.8, 372.8), (372.8, 372.8), (372.8, 372.8), (372.8, 372.8), (372.8, 372.8), (372.8, 372.8), (372.8, 372.8), (372.8, 372.8), (372.8, 372.8), (372.8, 372.8), (372.8, 372.8), (372.8, 372.8), (372.8, 372.8), (372.8, 372.8), (372.8, 372.8), (372.8, 372.8), (372.8, 372.8), (372.8, 372.8), (372.8, 372.8), (372.8, 372.8), (372.8, 372.8), (372.8, 372.8), (372.8, 372.8), (372.8, 372.8), (372.8, 372.8), (372.8, 372.8), (372.8, 372.8), (372.8, 372.8), (372.8, 372.8), (372.8, 372.8), (372.8, 372.8), (372.8, 372.8), (372.8, 372.8), (372.8, 372.8), (372.8, 372.8), (372.8, 372.8), (372.8, 372.8), (372.8, 372.8), (372.8, 372.8), (372.8, 372.8), (372.8, 372.8), (372.8, 372.8), (372.8, 372.8), (372.8, 372.8), (372.8, 372.8)]",0,1,12.0
novice,bomberman,2,Bomb,6,0,24.42,0.926,"[(48.0, 48.0), (62.9, 51.7), (77.9, 51.7), (98.4, 51.7), (113.3, 57.3), (115.2, 72.3), (115.2, 89.1), (115.2, 107.7), (128.3, 115.2), (143.2, 115.2), (165.6, 115.2), (180.5, 124.5), (180.5, 139.5), (180.5, 160.0), (184.3, 176.8), (199.2, 180.5), (217.9, 180.5), (236.5, 182.4), (244.0, 197.3), (244.0, 212.3), (244.0, 234.7), (257.1, 244.0), (272.0, 244.0), (292.5, 244.0), (307.5, 253.3), (307.5, 268.3), (307.5, 288.8), (311.2, 303.7), (326.1, 307.5), (342.9, 307.5), (361.6, 307.5), (372.8, 320.5), (372.8, 335.5), (372.8, 350.4), (372.8, 365.3), (372.8, 372.8), (372.8, 372.8), (372.8, 372.8), (372.8, 372.8), (372.8, 372.8), (372.8, 372.8), (372.8, 372.8), (372.8, 372.8), (372.8, 372.8), (372.8, 372.8), (372.8, 372.8), (372.8, 372.8), (372.8, 372.8), (372.8, 372.8), (372.8, 372.8), (372.8, 372.8), (372.8, 372.8), (372.8, 372.8), (372.8, 372.8), (372.8, 372.8), (372.8, 372.8), (372.8, 372.8), (372.8, 372.8), (372.8, 372.8), (372.8, 372.8), (372.8, 372.8), (372.8, 372.8), (372.8, 372.8), (372.8, 372.8), (372.8, 372.8), (372.8, 372.8), (372.8, 372.8), (372.8, 372.8), (372.8, 372.8), (372.8, 372.8), (372.8, 372.8), (372.8, 372.8), (372.8, 372.8), (372.8, 372.8), (372.8, 372.8), (372.8, 372.8), (372.8, 372.8), (372.8, 372.8), (372.8, 372.8), (372.8, 372.8), (372.8, 372.8), (372.8, 372.8), (372.8, 372.8), (372.8, 372.8), (372.8, 372.8), (372.8, 372.8), (372.8, 372.8), (372.8, 372.8), (372.8, 372.8), (372.8, 372.8), (372.8, 372.8)]",0,1,12.0
novice,bomberman,2,Bomb,8,0,24.42,0.926,"[(48.0, 48.0), (62.9, 51.7), (77.9, 51.7), (98.4, 51.7), (113.3, 57.3), (115.2, 72.3), (115.2, 89.1), (115.2, 107.7), (128.3, 115.2), (143.2, 115.2), (165.6, 115.2), (180.5, 124.5), (180.5, 139.5), (180.5, 160.0), (184.3, 176.8), (199.2, 180.5), (217.9, 180.5), (236.5, 182.4), (244.0, 197.3), (244.0, 212.3), (244.0, 234.7), (257.1, 244.0), (272.0, 244.0), (292.5, 244.0), (307.5, 253.3), (307.5, 268.3), (307.5, 288.8), (311.2, 303.7), (326.1, 307.5), (342.9, 307.5), (361.6, 307.5), (372.8, 320.5), (372.8, 335.5), (372.8, 350.4), (372.8, 365.3), (372.8, 372.8), (372.8, 372.8), (372.8, 372.8), (372.8, 372.8), (372.8, 372.8), (372.8, 372.8), (372.8, 372.8), (372.8, 372.8), (372.8, 372.8), (372.8, 372.8), (372.8, 372.8), (372.8, 372.8), (372.8, 372.8), (372.8, 372.8), (372.8, 372.8), (372.8, 372.8), (372.8, 372.8), (372.8, 372.8), (372.8, 372.8), (372.8, 372.8), (372.8, 372.8), (372.8, 372.8), (372.8, 372.8), (372.8, 372.8), (372.8, 372.8), (372.8, 372.8), (372.8, 372.8), (372.8, 372.8), (372.8, 372.8), (372.8, 372.8), (372.8, 372.8), (372.8, 372.8), (372.8, 372.8), (372.8, 372.8), (372.8, 372.8), (372.8, 372.8), (372.8, 372.8), (372.8, 372.8), (372.8, 372.8), (372.8, 372.8), (372.8, 372.8), (372.8, 372.8), (372.8, 372.8), (372.8, 372.8), (372.8, 372.8), (372.8, 372.8), (372.8, 372.8), (372.8, 372.8), (372.8, 372.8), (372.8, 372.8), (372.8, 372.8), (372.8, 372.8), (372.8, 372.8), (372.8, 372.8), (372.8, 372.8), (372.8, 372.8)]",0,1,12.0
novice,bomberman,2,Bomb,6,0,24.42,0.926,"[(48.0, 48.0), (62.9, 51.7), (77.9, 51.7), (98.4, 51.7), (113.3, 57.3), (115.2, 72.3), (115.2, 89.1), (115.2, 107.7), (128.3, 115.2), (143.2, 115.2), (165.6, 115.2), (180.5, 124.5), (180.5, 139.5), (180.5, 160.0), (184.3, 176.8), (199.2, 180.5), (217.9, 180.5), (236.5, 182.4), (244.0, 197.3), (244.0, 212.3), (244.0, 234.7), (257.1, 244.0), (272.0, 244.0), (292.5, 244.0), (307.5, 253.3), (307.5, 268.3), (307.5, 288.8), (311.2, 303.7), (326.1, 307.5), (342.9, 307.5), (361.6, 307.5), (372.8, 320.5), (372.8, 335.5), (372.8, 350.4), (372.8, 365.3), (372.8, 372.8), (372.8, 372.8), (372.8, 372.8), (372.8, 372.8), (372.8, 372.8), (372.8, 372.8), (372.8, 372.8), (372.8, 372.8), (372.8, 372.8), (372.8, 372.8), (372.8, 372.8), (372.8, 372.8), (372.8, 372.8), (372.8, 372.8), (372.8, 372.8), (372.8, 372.8), (372.8, 372.8), (372.8, 372.8), (372.8, 372.8), (372.8, 372.8), (372.8, 372.8), (372.8, 372.8), (372.8, 372.8), (372.8, 372.8), (372.8, 372.8), (372.8, 372.8), (372.8, 372.8), (372.8, 372.8), (372.8, 372.8), (372.8, 372.8), (372.8, 372.8), (372.8, 372.8), (372.8, 372.8), (372.8, 372.8), (372.8, 372.8), (372.8, 372.8), (372.8, 372.8), (372.8, 372.8), (372.8, 372.8), (372.8, 372.8), (372.8, 372.8), (372.8, 372.8), (372.8, 372.8), (372.8, 372.8), (372.8, 372.8), (372.8, 372.8), (372.8, 372.8), (372.8, 372.8), (372.8, 372.8), (372.8, 372.8), (372.8, 372.8), (372.8, 372.8), (372.8, 372.8), (372.8, 372.8), (372.8, 372.8), (372.8, 372.8)]",0,1,12.0
novice,bomberman,2,Bomb,6,0,24.42,0.926,"[(48.0, 48.0), (62.9, 51.7), (77.9, 51.7), (98.4, 51.7), (113.3, 57.3), (115.2, 72.3), (115.2, 89.1), (115.2, 107.7), (128.3, 115.2), (143.2, 115.2), (165.6, 115.2), (180.5, 124.5), (180.5, 139.5), (180.5, 160.0), (184.3, 176.8), (199.2, 180.5), (217.9, 180.5), (236.5, 182.4), (244.0, 197.3), (244.0, 212.3), (244.0, 234.7), (257.1, 244.0), (272.0, 244.0), (292.5, 244.0), (307.5, 253.3), (307.5, 268.3), (307.5, 288.8), (311.2, 303.7), (326.1, 307.5), (342.9, 307.5), (361.6, 307.5), (372.8, 320.5), (372.8, 335.5), (372.8, 350.4), (372.8, 365.3), (372.8, 372.8), (372.8, 372.8), (372.8, 372.8), (372.8, 372.8), (372.8, 372.8), (372.8, 372.8), (372.8, 372.8), (372.8, 372.8), (372.8, 372.8), (372.8, 372.8), (372.8, 372.8), (372.8, 372.8), (372.8, 372.8), (372.8, 372.8), (372.8, 372.8), (372.8, 372.8), (372.8, 372.8), (372.8, 372.8), (372.8, 372.8), (372.8, 372.8), (372.8, 372.8), (372.8, 372.8), (372.8, 372.8), (372.8, 372.8), (372.8, 372.8), (372.8, 372.8), (372.8, 372.8), (372.8, 372.8), (372.8, 372.8), (372.8, 372.8), (372.8, 372.8), (372.8, 372.8), (372.8, 372.8), (372.8, 372.8), (372.8, 372.8), (372.8, 372.8), (372.8, 372.8), (372.8, 372.8), (372.8, 372.8), (372.8, 372.8), (372.8, 372.8), (372.8, 372.8), (372.8, 372.8), (372.8, 372.8), (372.8, 372.8), (372.8, 372.8), (372.8, 372.8), (372.8, 372.8), (372.8, 372.8), (372.8, 372.8), (372.8, 372.8), (372.8, 372.8), (372.8, 372.8), (372.8, 372.8), (372.8, 372.8), (372.8, 372.8)]",0,1,12.0
novice,bomberman,2,Bomb,8,0,24.42,0.926,"[(48.0, 48.0), (62.9, 51.7), (77.9, 51.7), (98.4, 51.7), (113.3, 57.3), (115.2, 72.3), (115.2, 89.1), (115.2, 107.7), (128.3, 115.2), (143.2, 115.2), (165.6, 115.2), (180.5, 124.5), (180.5, 139.5), (180.5, 160.0), (184.3, 176.8), (199.2, 180.5), (217.9, 180.5), (236.5, 182.4), (244.0, 197.3), (244.0, 212.3), (244.0, 234.7), (257.1, 244.0), (272.0, 244.0), (292.5, 244.0), (307.5, 253.3), (307.5, 268.3), (307.5, 288.8), (311.2, 303.7), (326.1, 307.5), (342.9, 307.5), (361.6, 307.5), (372.8, 320.5), (372.8, 335.5), (372.8, 350.4), (372.8, 365.3), (372.8, 372.8), (372.8, 372.8), (372.8, 372.8), (372.8, 372.8), (372.8, 372.8), (372.8, 372.8), (372.8, 372.8), (372.8, 372.8), (372.8, 372.8), (372.8, 372.8), (372.8, 372.8), (372.8, 372.8), (372.8, 372.8), (372.8, 372.8), (372.8, 372.8), (372.8, 372.8), (372.8, 372.8), (372.8, 372.8), (372.8, 372.8), (372.8, 372.8), (372.8, 372.8), (372.8, 372.8), (372.8, 372.8), (372.8, 372.8), (372.8, 372.8), (372.8, 372.8), (372.8, 372.8), (372.8, 372.8), (372.8, 372.8), (372.8, 372.8), (372.8, 372.8), (372.8, 372.8), (372.8, 372.8), (372.8, 372.8), (372.8, 372.8), (372.8, 372.8), (372.8, 372.8), (372.8, 372.8), (372.8, 372.8), (372.8, 372.8), (372.8, 372.8), (372.8, 372.8), (372.8, 372.8), (372.8, 372.8), (372.8, 372.8), (372.8, 372.8), (372.8, 372.8), (372.8, 372.8), (372.8, 372.8), (372.8, 372.8), (372.8, 372.8), (372.8, 372.8), (372.8, 372.8), (372.8, 372.8), (372.8, 372.8), (372.8, 372.8)]",0,1,12.0
novice,bomberman,2,Bomb,3,0,34.68,0.926,"[(48.0, 48.0), (62.9, 51.7), (77.9, 51.7), (98.4, 51.7), (113.3, 57.3), (115.2, 72.3), (115.2, 89.1), (115.2, 107.7), (128.3, 115.2), (143.2, 115.2), (165.6, 115.2), (180.5, 124.5), (180.5, 139.5), (180.5, 160.0), (184.3, 176.8), (199.2, 180.5), (217.9, 180.5), (236.5, 182.4), (244.0, 197.3), (244.0, 212.3), (244.0, 234.7), (257.1, 244.0), (272.0, 244.0), (292.5, 244.0), (307.5, 253.3), (307.5, 268.3), (307.5, 288.8), (311.2, 303.7), (326.1, 307.5), (342.9, 307.5), (361.6, 307.5), (372.8, 320.5), (372.8, 335.5), (372.8, 350.4), (372.8, 365.3), (372.8, 372.8), (372.8, 372.8), (372.8, 372.8), (372.8, 372.8), (372.8, 372.8), (372.8, 372.8), (372.8, 372.8), (372.8, 372.8), (372.8, 372.8), (372.8, 372.8), (372.8, 372.8), (372.8, 372.8), (372.8, 372.8), (372.8, 372.8), (372.8, 372.8), (372.8, 372.8), (372.8, 372.8), (372.8, 372.8), (372.8, 372.8), (372.8, 372.8), (372.8, 372.8), (372.8, 372.8), (372.8, 372.8), (372.8, 372.8), (372.8, 372.8), (372.8, 372.8), (372.8, 372.8), (372.8, 372.8), (372.8, 372.8)]",0,1,8.45
novice,bomberman,2,Bomb,3,0,34.68,0.926,"[(48.0, 48.0), (62.9, 51.7), (77.9, 51.7), (98.4, 51.7), (113.3, 57.3), (115.2, 72.3), (115.2, 89.1), (115.2, 107.7), (128.3, 115.2), (143.2, 115.2), (165.6, 115.2), (180.5, 124.5), (180.5, 139.5), (180.5, 160.0), (184.3, 176.8), (199.2, 180.5), (217.9, 180.5), (236.5, 182.4), (244.0, 197.3), (244.0, 212.3), (244.0, 234.7), (257.1, 244.0), (272.0, 244.0), (292.5, 244.0), (307.5, 253.3), (307.5, 268.3), (307.5, 288.8), (311.2, 303.7), (326.1, 307.5), (342.9, 307.5), (361.6, 307.5), (372.8, 320.5), (372.8, 335.5), (372.8, 350.4), (372.8, 365.3), (372.8, 372.8), (372.8, 372.8), (372.8, 372.8), (372.8, 372.8), (372.8, 372.8), (372.8, 372.8), (372.8, 372.8), (372.8, 372.8), (372.8, 372.8), (372.8, 372.8), (372.8, 372.8), (372.8, 372.8), (372.8, 372.8), (372.8, 372.8), (372.8, 372.8), (372.8, 372.8), (372.8, 372.8), (372.8, 372.8), (372.8, 372.8), (372.8, 372.8), (372.8, 372.8), (372.8, 372.8), (372.8, 372.8), (372.8, 372.8), (372.8, 372.8), (372.8, 372.8), (372.8, 372.8), (372.8, 372.8), (372.8, 372.8)]",0,1,8.45
novice,bomberman,2,Bomb,8,0,24.42,0.926,"[(48.0, 48.0), (62.9, 51.7), (77.9, 51.7), (98.4, 51.7), (113.3, 57.3), (115.2, 72.3), (115.2, 89.1), (115.2, 107.7), (128.3, 115.2), (143.2, 115.2), (165.6, 115.2), (180.5, 124.5), (180.5, 139.5), (180.5, 160.0), (184.3, 176.8), (199.2, 180.5), (217.9, 180.5), (236.5, 182.4), (244.0, 197.3), (244.0, 212.3), (244.0, 234.7), (257.1, 244.0), (272.0, 244.0), (292.5, 244.0), (307.5, 253.3), (307.5, 268.3), (307.5, 288.8), (311.2, 303.7), (326.1, 307.5), (342.9, 307.5), (361.6, 307.5), (372.8, 320.5), (372.8, 335.5), (372.8, 350.4), (372.8, 365.3), (372.8, 372.8), (372.8, 372.8), (372.8, 372.8), (372.8, 372.8), (372.8, 372.8), (372.8, 372.8), (372.8, 372.8), (372.8, 372.8), (372.8, 372.8), (372.8, 372.8), (372.8, 372.8), (372.8, 372.8), (372.8, 372.8), (372.8, 372.8), (372.8, 372.8), (372.8, 372.8), (372.8, 372.8), (372.8, 372.8), (372.8, 372.8), (372.8, 372.8), (372.8, 372.8), (372.8, 372.8), (372.8, 372.8), (372.8, 372.8), (372.8, 372.8), (372.8, 372.8), (372.8, 372.8), (372.8, 372.8), (372.8, 372.8), (372.8, 372.8), (372.8, 372.8), (372.8, 372.8), (372.8, 372.8), (372.8, 372.8), (372.8, 372.8), (372.8, 372.8), (372.8, 372.8), (372.8, 372.8), (372.8, 372.8), (372.8, 372.8), (372.8, 372.8), (372.8, 372.8), (372.8, 372.8), (372.8, 372.8), (372.8, 372.8), (372.8, 372.8), (372.8, 372.8), (372.8, 372.8), (372.8, 372.8), (372.8, 372.8), (372.8, 372.8), (372.8, 372.8), (372.8, 372.8), (372.8, 372.8), (372.8, 372.8), (372.8, 372.8)]",0,1,12.0
novice,bomberman,2,Bomb,6,0,24.42,0.926,"[(48.0, 48.0), (62.9, 51.7), (77.9, 51.7), (98.4, 51.7), (113.3, 57.3), (115.2, 72.3), (115.2, 89.1), (115.2, 107.7), (128.3, 115.2), (143.2, 115.2), (165.6, 115.2), (180.5, 124.5), (180.5, 139.5), (180.5, 160.0), (184.3, 176.8), (199.2, 180.5), (217.9, 180.5), (236.5, 182.4), (244.0, 197.3), (244.0, 212.3), (244.0, 234.7), (257.1, 244.0), (272.0, 244.0), (292.5, 244.0), (307.5, 253.3), (307.5, 268.3), (307.5, 288.8), (311.2, 303.7), (326.1, 307.5), (342.9, 307.5), (361.6, 307.5), (372.8, 320.5), (372.8, 335.5), (372.8, 350.4), (372.8, 365.3), (372.8, 372.8), (372.8, 372.8), (372.8, 372.8), (372.8, 372.8), (372.8, 372.8), (372.8, 372.8), (372.8, 372.8), (372.8, 372.8), (372.8, 372.8), (372.8, 372.8), (372.8, 372.8), (372.8, 372.8), (372.8, 372.8), (372.8, 372.8), (372.8, 372.8), (372.8, 372.8), (372.8, 372.8), (372.8, 372.8), (372.8, 372.8), (372.8, 372.8), (372.8, 372.8), (372.8, 372.8), (372.8, 372.8), (372.8, 372.8), (372.8, 372.8), (372.8, 372.8), (372.8, 372.8), (372.8, 372.8), (372.8, 372.8), (372.8, 372.8), (372.8, 372.8), (372.8, 372.8), (372.8, 372.8), (372.8, 372.8), (372.8, 372.8), (372.8, 372.8), (372.8, 372.8), (372.8, 372.8), (372.8, 372.8), (372.8, 372.8), (372.8, 372.8), (372.8, 372.8), (372.8, 372.8), (372.8, 372.8), (372.8, 372.8), (372.8, 372.8), (372.8, 372.8), (372.8, 372.8), (372.8, 372.8), (372.8, 372.8), (372.8, 372.8), (372.8, 372.8), (372.8, 372.8), (372.8, 372.8), (372.8, 372.8), (372.8, 372.8)]",0,1,12.0
novice,bomberman,2,Bomb,6,0,24.42,0.926,"[(48.0, 48.0), (62.9, 51.7), (77.9, 51.7), (98.4, 51.7), (113.3, 57.3), (115.2, 72.3), (115.2, 89.1), (115.2, 107.7), (128.3, 115.2), (143.2, 115.2), (165.6, 115.2), (180.5, 124.5), (180.5, 139.5), (180.5, 160.0), (184.3, 176.8), (199.2, 180.5), (217.9, 180.5), (236.5, 182.4), (244.0, 197.3), (244.0, 212.3), (244.0, 234.7), (257.1, 244.0), (272.0, 244.0), (292.5, 244.0), (307.5, 253.3), (307.5, 268.3), (307.5, 288.8), (311.2, 303.7), (326.1, 307.5), (342.9, 307.5), (361.6, 307.5), (372.8, 320.5), (372.8, 335.5), (372.8, 350.4), (372.8, 365.3), (372.8, 372.8), (372.8, 372.8), (372.8, 372.8), (372.8, 372.8), (372.8, 372.8), (372.8, 372.8), (372.8, 372.8), (372.8, 372.8), (372.8, 372.8), (372.8, 372.8), (372.8, 372.8), (372.8, 372.8), (372.8, 372.8), (372.8, 372.8), (372.8, 372.8), (372.8, 372.8), (372.8, 372.8), (372.8, 372.8), (372.8, 372.8), (372.8, 372.8), (372.8, 372.8), (372.8, 372.8), (372.8, 372.8), (372.8, 372.8), (372.8, 372.8), (372.8, 372.8), (372.8, 372.8), (372.8, 372.8), (372.8, 372.8), (372.8, 372.8), (372.8, 372.8), (372.8, 372.8), (372.8, 372.8), (372.8, 372.8), (372.8, 372.8), (372.8, 372.8), (372.8, 372.8), (372.8, 372.8), (372.8, 372.8), (372.8, 372.8), (372.8, 372.8), (372.8, 372.8), (372.8, 372.8), (372.8, 372.8), (372.8, 372.8), (372.8, 372.8), (372.8, 372.8), (372.8, 372.8), (372.8, 372.8), (372.8, 372.8), (372.8, 372.8), (372.8, 372.8), (372.8, 372.8), (372.8, 372.8), (372.8, 372.8), (372.8, 372.8)]",0,1,12.0
novice,bomberman,2,Bomb,3,0,34.68,0.926,"[(48.0, 48.0), (62.9, 51.7), (77.9, 51.7), (98.4, 51.7), (113.3, 57.3), (115.2, 72.3), (115.2, 89.1), (115.2, 107.7), (128.3, 115.2), (143.2, 115.2), (165.6, 115.2), (180.5, 124.5), (180.5, 139.5), (180.5, 160.0), (184.3, 176.8), (199.2, 180.5), (217.9, 180.5), (236.5, 182.4), (244.0, 197.3), (244.0, 212.3), (244.0, 234.7), (257.1, 244.0), (272.0, 244.0), (292.5, 244.0), (307.5, 253.3), (307.5, 268.3), (307.5, 288.8), (311.2, 303.7), (326.1, 307.5), (342.9, 307.5), (361.6, 307.5), (372.8, 320.5), (372.8, 335.5), (372.8, 350.4), (372.8, 365.3), (372.8, 372.8), (372.8, 372.8), (372.8, 372.8), (372.8, 372.8), (372.8, 372.8), (372.8, 372.8), (372.8, 372.8), (372.8, 372.8), (372.8, 372.8), (372.8, 372.8), (372.8, 372.8), (372.8, 372.8), (372.8, 372.8), (372.8, 372.8), (372.8, 372.8), (372.8, 372.8), (372.8, 372.8), (372.8, 372.8), (372.8, 372.8), (372.8, 372.8), (372.8, 372.8), (372.8, 372.8), (372.8, 372.8), (372.8, 372.8), (372.8, 372.8), (372.8, 372.8), (372.8, 372.8), (372.8, 372.8), (372.8, 372.8)]",0,1,8.45
novice,bomberman,2,Bomb,4,0,24.89,0.926,"[(48.0, 48.0), (51.7, 62.9), (51.7, 77.9), (51.7, 98.4), (55.5, 113.3), (70.4, 115.2), (87.2, 115.2), (105.9, 115.2), (115.2, 128.3), (115.2, 143.2), (115.2, 165.6), (122.7, 180.5), (137.6, 180.5), (158.1, 180.5), (174.9, 184.3), (180.5, 199.2), (180.5, 216.0), (180.5, 236.5), (195.5, 244.0), (210.4, 244.0), (232.8, 244.0), (244.0, 257.1), (244.0, 272.0), (244.0, 292.5), (251.5, 307.5), (266.4, 307.5), (286.9, 307.5), (301.9, 311.2), (307.5, 326.1), (307.5, 341.1), (307.5, 361.6), (318.7, 372.8), (333.6, 372.8), (348.5, 372.8), (363.5, 372.8), (372.8, 372.8), (372.8, 372.8), (372.8, 372.8), (372.8, 372.8), (372.8, 372.8), (372.8, 372.8), (372.8, 372.8), (372.8, 372.8), (372.8, 372.8), (372.8, 372.8), (372.8, 372.8), (372.8, 372.8), (372.8, 372.8), (372.8, 372.8), (372.8, 372.8), (372.8, 372.8), (372.8, 372.8), (372.8, 372.8), (372.8, 372.8), (372.8, 372.8), (372.8, 372.8), (372.8, 372.8), (372.8, 372.8), (372.8, 372.8), (372.8, 372.8), (372.8, 372.8), (372.8, 372.8), (372.8, 372.8), (372.8, 372.8), (372.8, 372.8), (372.8, 372.8), (372.8, 372.8), (372.8, 372.8), (372.8, 372.8), (372.8, 372.8), (372.8, 372.8), (372.8, 372.8), (372.8, 372.8), (372.8, 372.8), (372.8, 372.8), (372.8, 372.8), (372.8, 372.8), (372.8, 372.8), (372.8, 372.8), (372.8, 372.8), (372.8, 372.8), (372.8, 372.8), (372.8, 372.8), (372.8, 372.8), (372.8, 372.8), (372.8, 372.8), (372.8, 372.8), (372.8, 372.8), (372.8, 372.8), (372.8, 372.8), (372.8, 372.8)]",0,1,12.0
novice,bomberman,2,Stuck,1,0,22.26,0.741,"[(48.0, 48.0), (62.9, 51.7), (77.9, 51.7), (98.4, 51.7), (113.3, 57.3), (115.2, 72.3), (115.2, 89.1), (115.2, 107.7), (128.3, 115.2), (143.2, 115.2), (165.6, 115.2), (180.5, 124.5), (180.5, 139.5), (180.5, 160.0), (184.3, 176.8), (199.2, 180.5), (217.9, 180.5), (236.5, 182.4), (244.0, 197.3), (244.0, 212.3), (244.0, 234.7), (257.1, 244.0), (272.0, 244.0), (292.5, 244.0), (307.5, 253.3), (307.5, 268.3), (307.5, 288.8), (311.2, 303.7), (326.1, 307.5), (342.9, 307.5), (361.6, 307.5), (372.8, 320.5), (372.8, 335.5), (372.8, 350.4), (372.8, 365.3), (372.8, 372.8), (372.8, 372.8), (372.8, 372.8), (372.8, 372.8), (372.8, 372.8), (372.8, 372.8), (372.8, 372.8), (372.8, 372.8), (372.8, 372.8), (372.8, 372.8), (372.8, 372.8), (372.8, 372.8), (372.8, 372.8), (372.8, 372.8), (372.8, 372.8), (372.8, 372.8), (372.8, 372.8), (372.8, 372.8), (372.8, 372.8), (372.8, 372.8), (372.8, 372.8), (372.8, 372.8), (372.8, 372.8), (372.8, 372.8), (372.8, 372.8), (372.8, 372.8), (372.8, 372.8), (372.8, 372.8), (372.8, 372.8), (372.8, 372.8), (372.8, 372.8), (372.8, 372.8), (372.8, 372.8), (372.8, 372.8), (372.8, 372.8), (372.8, 372.8), (372.8, 372.8), (372.8, 372.8), (372.8, 372.8), (372.8, 372.8), (372.8, 372.8), (372.8, 372.8), (372.8, 372.8), (372.8, 372.8), (372.8, 372.8), (372.8, 372.8), (372.8, 372.8), (372.8, 372.8), (372.8, 372.8), (372.8, 372.8), (372.8, 372.8), (372.8, 372.8), (372.8, 372.8), (372.8, 372.8), (372.8, 372.8), (372.8, 372.8), (372.8, 372.8), (372.8, 372.8), (372.8, 372.8), (372.8, 372.8), (372.8, 372.8), (372.8, 372.8), (372.8, 372.8), (372.8, 372.8)]",0,0,13.17
novice,bomberman,2,Stuck,1,0,30.47,0.741,"[(48.0, 48.0), (62.9, 51.7), (77.9, 51.7), (98.4, 51.7), (113.3, 57.3), (115.2, 72.3), (115.2, 89.1), (115.2, 107.7), (128.3, 115.2), (143.2, 115.2), (165.6, 115.2), (180.5, 124.5), (180.5, 139.5), (180.5, 160.0), (184.3, 176.8), (199.2, 180.5), (217.9, 180.5), (236.5, 182.4), (244.0, 197.3), (244.0, 212.3), (244.0, 234.7), (257.1, 244.0), (272.0, 244.0), (292.5, 244.0), (307.5, 253.3), (307.5, 268.3), (307.5, 288.8), (311.2, 303.7), (326.1, 307.5), (342.9, 307.5), (361.6, 307.5), (372.8, 320.5), (372.8, 335.5), (372.8, 350.4), (372.8, 365.3), (372.8, 372.8), (372.8, 372.8), (372.8, 372.8), (372.8, 372.8), (372.8, 372.8), (372.8, 372.8), (372.8, 372.8), (372.8, 372.8), (372.8, 372.8), (372.8, 372.8), (372.8, 372.8), (372.8, 372.8), (372.8, 372.8), (372.8, 372.8), (372.8, 372.8), (372.8, 372.8), (372.8, 372.8), (372.8, 372.8), (372.8, 372.8), (372.8, 372.8), (372.8, 372.8), (372.8, 372.8), (372.8, 372.8), (372.8, 372.8), (372.8, 372.8), (372.8, 372.8), (372.8, 372.8), (372.8, 372.8), (372.8, 372.8), (372.8, 372.8), (372.8, 372.8), (372.8, 372.8), (372.8, 372.8), (372.8, 372.8), (372.8, 372.8), (372.8, 372.8), (372.8, 372.8), (372.8, 372.8)]",0,0,9.62
novice,bomberman,2,Bomb,5,0,24.42,0.926,"[(48.0, 48.0), (62.9, 51.7), (77.9, 51.7), (98.4, 51.7), (113.3, 57.3), (115.2, 72.3), (115.2, 89.1), (115.2, 107.7), (128.3, 115.2), (143.2, 115.2), (165.6, 115.2), (180.5, 124.5), (180.5, 139.5), (180.5, 160.0), (184.3, 176.8), (199.2, 180.5), (217.9, 180.5), (236.5, 182.4), (244.0, 197.3), (244.0, 212.3), (244.0, 234.7), (257.1, 244.0), (272.0, 244.0), (292.5, 244.0), (307.5, 253.3), (307.5, 268.3), (307.5, 288.8), (311.2, 303.7), (326.1, 307.5), (342.9, 307.5), (361.6, 307.5), (372.8, 320.5), (372.8, 335.5), (372.8, 350.4), (372.8, 365.3), (372.8, 372.8), (372.8, 372.8), (372.8, 372.8), (372.8, 372.8), (372.8, 372.8), (372.8, 372.8), (372.8, 372.8), (372.8, 372.8), (372.8, 372.8), (372.8, 372.8), (372.8, 372.8), (372.8, 372.8), (372.8, 372.8), (372.8, 372.8), (372.8, 372.8), (372.8, 372.8), (372.8, 372.8), (372.8, 372.8), (372.8, 372.8), (372.8, 372.8), (372.8, 372.8), (372.8, 372.8), (372.8, 372.8), (372.8, 372.8), (372.8, 372.8), (372.8, 372.8), (372.8, 372.8), (372.8, 372.8), (372.8, 372.8), (372.8, 372.8), (372.8, 372.8), (372.8, 372.8), (372.8, 372.8), (372.8, 372.8), (372.8, 372.8), (372.8, 372.8), (372.8, 372.8), (372.8, 372.8), (372.8, 372.8), (372.8, 372.8), (372.8, 372.8), (372.8, 372.8), (372.8, 372.8), (372.8, 372.8), (372.8, 372.8), (372.8, 372.8), (372.8, 372.8), (372.8, 372.8), (372.8, 372.8), (372.8, 372.8), (372.8, 372.8), (372.8, 372.8), (372.8, 372.8), (372.8, 372.8), (372.8, 372.8), (372.8, 372.8)]",0,1,12.0
novice,bomberman,2,Bomb,6,0,34.68,0.926,"[(48.0, 48.0), (62.9, 51.7), (77.9, 51.7), (98.4, 51.7), (113.3, 57.3), (115.2, 72.3), (115.2, 89.1), (115.2, 107.7), (128.3, 115.2), (143.2, 115.2), (165.6, 115.2), (180.5, 124.5), (180.5, 139.5), (180.5, 160.0), (184.3, 176.8), (199.2, 180.5), (217.9, 180.5), (236.5, 182.4), (244.0, 197.3), (244.0, 212.3), (244.0, 234.7), (257.1, 244.0), (272.0, 244.0), (292.5, 244.0), (307.5, 253.3), (307.5, 268.3), (307.5, 288.8), (311.2, 303.7), (326.1, 307.5), (342.9, 307.5), (361.6, 307.5), (372.8, 320.5), (372.8, 335.5), (372.8, 350.4), (372.8, 365.3), (372.8, 372.8), (372.8, 372.8), (372.8, 372.8), (372.8, 372.8), (372.8, 372.8), (372.8, 372.8), (372.8, 372.8), (372.8, 372.8), (372.8, 372.8), (372.8, 372.8), (372.8, 372.8), (372.8, 372.8), (372.8, 372.8), (372.8, 372.8), (372.8, 372.8), (372.8, 372.8), (372.8, 372.8), (372.8, 372.8), (372.8, 372.8), (372.8, 372.8), (372.8, 372.8), (372.8, 372.8), (372.8, 372.8), (372.8, 372.8), (372.8, 372.8), (372.8, 372.8), (372.8, 372.8), (372.8, 372.8), (372.8, 372.8)]",0,1,8.45
novice,bomberman,2,Bomb,6,0,34.68,0.926,"[(48.0, 48.0), (62.9, 51.7), (77.9, 51.7), (98.4, 51.7), (113.3, 57.3), (115.2, 72.3), (115.2, 89.1), (115.2, 107.7), (128.3, 115.2), (143.2, 115.2), (165.6, 115.2), (180.5, 124.5), (180.5, 139.5), (180.5, 160.0), (184.3, 176.8), (199.2, 180.5), (217.9, 180.5), (236.5, 182.4), (244.0, 197.3), (244.0, 212.3), (244.0, 234.7), (257.1, 244.0), (272.0, 244.0), (292.5, 244.0), (307.5, 253.3), (307.5, 268.3), (307.5, 288.8), (311.2, 303.7), (326.1, 307.5), (342.9, 307.5), (361.6, 307.5), (372.8, 320.5), (372.8, 335.5), (372.8, 350.4), (372.8, 365.3), (372.8, 372.8), (372.8, 372.8), (372.8, 372.8), (372.8, 372.8), (372.8, 372.8), (372.8, 372.8), (372.8, 372.8), (372.8, 372.8), (372.8, 372.8), (372.8, 372.8), (372.8, 372.8), (372.8, 372.8), (372.8, 372.8), (372.8, 372.8), (372.8, 372.8), (372.8, 372.8), (372.8, 372.8), (372.8, 372.8), (372.8, 372.8), (372.8, 372.8), (372.8, 372.8), (372.8, 372.8), (372.8, 372.8), (372.8, 372.8), (372.8, 372.8), (372.8, 372.8), (372.8, 372.8), (372.8, 372.8), (372.8, 372.8)]",0,1,8.45
novice,bomberman,2,Bomb,5,0,24.42,0.926,"[(48.0, 48.0), (62.9, 51.7), (77.9, 51.7), (98.4, 51.7), (113.3, 57.3), (115.2, 72.3), (115.2, 89.1), (115.2, 107.7), (128.3, 115.2), (143.2, 115.2), (165.6, 115.2), (180.5, 124.5), (180.5, 139.5), (180.5, 160.0), (184.3, 176.8), (199.2, 180.5), (217.9, 180.5), (236.5, 182.4), (244.0, 197.3), (244.0, 212.3), (244.0, 234.7), (257.1, 244.0), (272.0, 244.0), (292.5, 244.0), (307.5, 253.3), (307.5, 268.3), (307.5, 288.8), (311.2, 303.7), (326.1, 307.5), (342.9, 307.5), (361.6, 307.5), (372.8, 320.5), (372.8, 335.5), (372.8, 350.4), (372.8, 365.3), (372.8, 372.8), (372.8, 372.8), (372.8, 372.8), (372.8, 372.8), (372.8, 372.8), (372.8, 372.8), (372.8, 372.8), (372.8, 372.8), (372.8, 372.8), (372.8, 372.8), (372.8, 372.8), (372.8, 372.8), (372.8, 372.8), (372.8, 372.8), (372.8, 372.8), (372.8, 372.8), (372.8, 372.8), (372.8, 372.8), (372.8, 372.8), (372.8, 372.8), (372.8, 372.8), (372.8, 372.8), (372.8, 372.8), (372.8, 372.8), (372.8, 372.8), (372.8, 372.8), (372.8, 372.8), (372.8, 372.8), (372.8, 372.8), (372.8, 372.8), (372.8, 372.8), (372.8, 372.8), (372.8, 372.8), (372.8, 372.8), (372.8, 372.8), (372.8, 372.8), (372.8, 372.8), (372.8, 372.8), (372.8, 372.8), (372.8, 372.8), (372.8, 372.8), (372.8, 372.8), (372.8, 372.8), (372.8, 372.8), (372.8, 372.8), (372.8, 372.8), (372.8, 372.8), (372.8, 372.8), (372.8, 372.8), (372.8, 372.8), (372.8, 372.8), (372.8, 372.8), (372.8, 372.8), (372.8, 372.8), (372.8, 372.8), (372.8, 372.8)]",0,1,12.0
novice,bomberman,2,Bomb,4,0,24.89,0.926,"[(48.0, 48.0), (51.7, 62.9), (51.7, 77.9), (51.7, 98.4), (55.5, 113.3), (70.4, 115.2), (87.2, 115.2), (105.9, 115.2), (115.2, 128.3), (115.2, 143.2), (115.2, 165.6), (122.7, 180.5), (137.6, 180.5), (158.1, 180.5), (174.9, 184.3), (180.5, 199.2), (180.5, 216.0), (180.5, 236.5), (195.5, 244.0), (210.4, 244.0), (232.8, 244.0), (244.0, 257.1), (244.0, 272.0), (244.0, 292.5), (251.5, 307.5), (266.4, 307.5), (286.9, 307.5), (301.9, 311.2), (307.5, 326.1), (307.5, 341.1), (307.5, 361.6), (318.7, 372.8), (333.6, 372.8), (348.5, 372.8), (363.5, 372.8), (372.8, 372.8), (372.8, 372.8), (372.8, 372.8), (372.8, 372.8), (372.8, 372.8), (372.8, 372.8), (372.8, 372.8), (372.8, 372.8), (372.8, 372.8), (372.8, 372.8), (372.8, 372.8), (372.8, 372.8), (372.8, 372.8), (372.8, 372.8), (372.8, 372.8), (372.8, 372.8), (372.8, 372.8), (372.8, 372.8), (372.8, 372.8), (372.8, 372.8), (372.8, 372.8), (372.8, 372.8), (372.8, 372.8), (372.8, 372.8), (372.8, 372.8), (372.8, 372.8), (372.8, 372.8), (372.8, 372.8), (372.8, 372.8), (372.8, 372.8), (372.8, 372.8), (372.8, 372.8), (372.8, 372.8), (372.8, 372.8), (372.8, 372.8), (372.8, 372.8), (372.8, 372.8), (372.8, 372.8), (372.8, 372.8), (372.8, 372.8), (372.8, 372.8), (372.8, 372.8), (372.8, 372.8), (372.8, 372.8), (372.8, 372.8), (372.8, 372.8), (372.8, 372.8), (372.8, 372.8), (372.8, 372.8), (372.8, 372.8), (372.8, 372.8), (372.8, 372.8), (372.8, 372.8), (372.8, 372.8), (372.8, 372.8), (372.8, 372.8)]",0,1,12.0
novice,bomberman,2,Bomb,3,0,34.68,0.926,"[(48.0, 48.0), (62.9, 51.7), (77.9, 51.7), (98.4, 51.7), (113.3, 57.3), (115.2, 72.3), (115.2, 89.1), (115.2, 107.7), (128.3, 115.2), (143.2, 115.2), (165.6, 115.2), (180.5, 124.5), (180.5, 139.5), (180.5, 160.0), (184.3, 176.8), (199.2, 180.5), (217.9, 180.5), (236.5, 182.4), (244.0, 197.3), (244.0, 212.3), (244.0, 234.7), (257.1, 244.0), (272.0, 244.0), (292.5, 244.0), (307.5, 253.3), (307.5, 268.3), (307.5, 288.8), (311.2, 303.7), (326.1, 307.5), (342.9, 307.5), (361.6, 307.5), (372.8, 320.5), (372.8, 335.5), (372.8, 350.4), (372.8, 365.3), (372.8, 372.8), (372.8, 372.8), (372.8, 372.8), (372.8, 372.8), (372.8, 372.8), (372.8, 372.8), (372.8, 372.8), (372.8, 372.8), (372.8, 372.8), (372.8, 372.8), (372.8, 372.8), (372.8, 372.8), (372.8, 372.8), (372.8, 372.8), (372.8, 372.8), (372.8, 372.8), (372.8, 372.8), (372.8, 372.8), (372.8, 372.8), (372.8, 372.8), (372.8, 372.8), (372.8, 372.8), (372.8, 372.8), (372.8, 372.8), (372.8, 372.8), (372.8, 372.8), (372.8, 372.8), (372.8, 372.8), (372.8, 372.8)]",0,1,8.45
novice,bomberman,2,Stuck,0,0,2.75,0.185,"[(48.0, 48.0), (48.0, 62.9), (51.7, 77.9), (51.7, 98.4), (51.7, 113.3), (51.7, 128.3), (51.7, 143.2), (51.7, 165.6), (59.2, 180.5), (61.1, 180.5), (62.9, 180.5), (62.9, 180.5), (59.2, 180.5), (62.9, 180.5), (62.9, 180.5), (59.2, 180.5), (62.9, 180.5), (62.9, 180.5), (59.2, 180.5), (62.9, 180.5), (62.9, 180.5), (59.2, 180.5), (62.9, 180.5), (62.9, 180.5), (59.2, 180.5), (62.9, 180.5), (62.9, 180.5), (59.2, 180.5), (62.9, 180.5), (62.9, 180.5), (59.2, 180.5), (62.9, 180.5), (62.9, 180.5), (59.2, 180.5), (62.9, 180.5), (62.9, 180.5), (59.2, 180.5), (62.9, 180.5), (62.9, 180.5), (59.2, 180.5), (62.9, 180.5), (62.9, 180.5), (59.2, 180.5), (62.9, 180.5), (62.9, 180.5), (59.2, 180.5)]",0,0,6.12
novice,bomberman,2,Bomb,8,0,34.68,0.926,"[(48.0, 48.0), (62.9, 51.7), (77.9, 51.7), (98.4, 51.7), (113.3, 57.3), (115.2, 72.3), (115.2, 89.1), (115.2, 107.7), (128.3, 115.2), (143.2, 115.2), (165.6, 115.2), (180.5, 124.5), (180.5, 139.5), (180.5, 160.0), (184.3, 176.8), (199.2, 180.5), (217.9, 180.5), (236.5, 182.4), (244.0, 197.3), (244.0, 212.3), (244.0, 234.7), (257.1, 244.0), (272.0, 244.0), (292.5, 244.0), (307.5, 253.3), (307.5, 268.3), (307.5, 288.8), (311.2, 303.7), (326.1, 307.5), (342.9, 307.5), (361.6, 307.5), (372.8, 320.5), (372.8, 335.5), (372.8, 350.4), (372.8, 365.3), (372.8, 372.8), (372.8, 372.8), (372.8, 372.8), (372.8, 372.8), (372.8, 372.8), (372.8, 372.8), (372.8, 372.8), (372.8, 372.8), (372.8, 372.8), (372.8, 372.8), (372.8, 372.8), (372.8, 372.8), (372.8, 372.8), (372.8, 372.8), (372.8, 372.8), (372.8, 372.8), (372.8, 372.8), (372.8, 372.8), (372.8, 372.8), (372.8, 372.8), (372.8, 372.8), (372.8, 372.8), (372.8, 372.8), (372.8, 372.8), (372.8, 372.8), (372.8, 372.8), (372.8, 372.8), (372.8, 372.8), (372.8, 372.8)]",0,1,8.45
novice,bomberman,2,Bomb,36,0,0.23,0.37,"[(48.0, 48.0), (51.7, 62.9), (51.7, 77.9), (51.7, 98.4), (55.5, 113.3), (64.8, 115.2), (59.2, 115.2), (62.9, 115.2), (62.9, 115.2), (59.2, 115.2), (62.9, 115.2), (62.9, 115.2), (59.2, 115.2), (62.9, 115.2), (62.9, 115.2), (59.2, 115.2), (62.9, 115.2), (62.9, 115.2), (59.2, 115.2), (62.9, 115.2), (62.9, 115.2), (59.2, 115.2), (62.9, 115.2), (62.9, 115.2), (59.2, 115.2), (62.9, 115.2), (62.9, 115.2), (59.2, 115.2), (62.9, 115.2), (62.9, 115.2), (59.2, 115.2), (44.3, 124.5), (51.7, 139.5), (51.7, 160.0), (55.5, 176.8), (64.8, 180.5), (59.2, 180.5), (62.9, 180.5), (62.9, 180.5), (59.2, 180.5), (62.9, 180.5), (62.9, 180.5), (59.2, 180.5), (62.9, 180.5), (62.9, 180.5), (59.2, 180.5), (62.9, 180.5), (62.9, 180.5), (59.2, 180.5), (62.9, 180.5), (62.9, 180.5), (59.2, 180.5), (62.9, 180.5), (62.9, 180.5), (59.2, 180.5), (55.5, 180.5), (44.3, 193.6), (51.7, 208.5), (51.7, 230.9), (44.3, 245.9), (44.3, 260.8), (44.3, 275.7), (44.3, 290.7), (44.3, 305.6), (44.3, 320.5), (44.3, 335.5), (44.3, 350.4), (44.3, 365.3), (44.3, 372.8), (44.3, 372.8), (44.3, 372.8), (44.3, 372.8), (44.3, 372.8), (44.3, 372.8), (44.3, 372.8), (44.3, 372.8), (44.3, 372.8), (44.3, 372.8), (44.3, 372.8), (44.3, 372.8), (44.3, 372.8), (44.3, 372.8), (44.3, 372.8), (44.3, 372.8), (44.3, 372.8), (44.3, 372.8), (44.3, 372.8), (44.3, 372.8), (44.3, 372.8), (44.3, 372.8), (44.3, 372.8), (44.3, 372.8), (44.3, 372.8), (44.3, 372.8), (44.3, 372.8), (44.3, 372.8), (44.3, 372.8), (44.3, 372.8), (44.3, 372.8), (44.3, 372.8), (44.3, 372.8), (44.3, 372.8), (44.3, 372.8), (44.3, 372.8), (44.3, 372.8), (44.3, 372.8), (44.3, 372.8), (44.3, 372.8), (44.3, 372.8), (44.3, 372.8), (44.3, 372.8), (44.3, 372.8), (44.3, 372.8), (44.3, 372.8), (44.3, 372.8), (44.3, 372.8), (44.3, 372.8), (44.3, 372.8), (44.3, 372.8), (44.3, 372.8), (44.3, 372.8), (44.3, 372.8)]",0,0,16.25
novice,bomberman,2,Bomb,6,0,24.42,0.926,"[(48.0, 48.0), (62.9, 51.7), (77.9, 51.7), (98.4, 51.7), (113.3, 57.3), (115.2, 72.3), (115.2, 89.1), (115.2, 107.7), (128.3, 115.2), (143.2, 115.2), (165.6, 115.2), (180.5, 124.5), (180.5, 139.5), (180.5, 160.0), (184.3, 176.8), (199.2, 180.5), (217.9, 180.5), (236.5, 182.4), (244.0, 197.3), (244.0, 212.3), (244.0, 234.7), (257.1, 244.0), (272.0, 244.0), (292.5, 244.0), (307.5, 253.3), (307.5, 268.3), (307.5, 288.8), (311.2, 303.7), (326.1, 307.5), (342.9, 307.5), (361.6, 307.5), (372.8, 320.5), (372.8, 335.5), (372.8, 350.4), (372.8, 365.3), (372.8, 372.8), (372.8, 372.8), (372.8, 372.8), (372.8, 372.8), (372.8, 372.8), (372.8, 372.8), (372.8, 372.8), (372.8, 372.8), (372.8, 372.8), (372.8, 372.8), (372.8, 372.8), (372.8, 372.8), (372.8, 372.8), (372.8, 372.8), (372.8, 372.8), (372.8, 372.8), (372.8, 372.8), (372.8, 372.8), (372.8, 372.8), (372.8, 372.8), (372.8, 372.8), (372.8, 372.8), (372.8, 372.8), (372.8, 372.8), (372.8, 372.8), (372.8, 372.8), (372.8, 372.8), (372.8, 372.8), (372.8, 372.8), (372.8, 372.8), (372.8, 372.8), (372.8, 372.8), (372.8, 372.8), (372.8, 372.8), (372.8, 372.8), (372.8, 372.8), (372.8, 372.8), (372.8, 372.8), (372.8, 372.8), (372.8, 372.8), (372.8, 372.8), (372.8, 372.8), (372.8, 372.8), (372.8, 372.8), (372.8, 372.8), (372.8, 372.8), (372.8, 372.8), (372.8, 372.8), (372.8, 372.8), (372.8, 372.8), (372.8, 372.8), (372.8, 372.8), (372.8, 372.8), (372.8, 372.8), (372.8, 372.8), (372.8, 372.8)]",0,1,12.0
novice,bomberman,2,Bomb,8,0,24.42,0.926,"[(48.0, 48.0), (62.9, 51.7), (77.9, 51.7), (98.4, 51.7), (113.3, 57.3), (115.2, 72.3), (115.2, 89.1), (115.2, 107.7), (128.3, 115.2), (143.2, 115.2), (165.6, 115.2), (180.5, 124.5), (180.5, 139.5), (180.5, 160.0), (184.3, 176.8), (199.2, 180.5), (217.9, 180.5), (236.5, 182.4), (244.0, 197.3), (244.0, 212.3), (244.0, 234.7), (257.1, 244.0), (272.0, 244.0), (292.5, 244.0), (307.5, 253.3), (307.5, 268.3), (307.5, 288.8), (311.2, 303.7), (326.1, 307.5), (342.9, 307.5), (361.6, 307.5), (372.8, 320.5), (372.8, 335.5), (372.8, 350.4), (372.8, 365.3), (372.8, 372.8), (372.8, 372.8), (372.8, 372.8), (372.8, 372.8), (372.8, 372.8), (372.8, 372.8), (372.8, 372.8), (372.8, 372.8), (372.8, 372.8), (372.8, 372.8), (372.8, 372.8), (372.8, 372.8), (372.8, 372.8), (372.8, 372.8), (372.8, 372.8), (372.8, 372.8), (372.8, 372.8), (372.8, 372.8), (372.8, 372.8), (372.8, 372.8), (372.8, 372.8), (372.8, 372.8), (372.8, 372.8), (372.8, 372.8), (372.8, 372.8), (372.8, 372.8), (372.8, 372.8), (372.8, 372.8), (372.8, 372.8), (372.8, 372.8), (372.8, 372.8), (372.8, 372.8), (372.8, 372.8), (372.8, 372.8), (372.8, 372.8), (372.8, 372.8), (372.8, 372.8), (372.8, 372.8), (372.8, 372.8), (372.8, 372.8), (372.8, 372.8), (372.8, 372.8), (372.8, 372.8), (372.8, 372.8), (372.8, 372.8), (372.8, 372.8), (372.8, 372.8), (372.8, 372.8), (372.8, 372.8), (372.8, 372.8), (372.8, 372.8), (372.8, 372.8), (372.8, 372.8), (372.8, 372.8), (372.8, 372.8), (372.8, 372.8)]",0,1,12.0
novice,bomberman,2,Bomb,4,0,24.42,0.926,"[(48.0, 48.0), (62.9, 51.7), (77.9, 51.7), (98.4, 51.7), (113.3, 57.3), (115.2, 72.3), (115.2, 89.1), (115.2, 107.7), (128.3, 115.2), (143.2, 115.2), (165.6, 115.2), (180.5, 124.5), (180.5, 139.5), (180.5, 160.0), (184.3, 176.8), (199.2, 180.5), (217.9, 180.5), (236.5, 182.4), (244.0, 197.3), (244.0, 212.3), (244.0, 234.7), (257.1, 244.0), (272.0, 244.0), (292.5, 244.0), (307.5, 253.3), (307.5, 268.3), (307.5, 288.8), (311.2, 303.7), (326.1, 307.5), (342.9, 307.5), (361.6, 307.5), (372.8, 320.5), (372.8, 335.5), (372.8, 350.4), (372.8, 365.3), (372.8, 372.8), (372.8, 372.8), (372.8, 372.8), (372.8, 372.8), (372.8, 372.8), (372.8, 372.8), (372.8, 372.8), (372.8, 372.8), (372.8, 372.8), (372.8, 372.8), (372.8, 372.8), (372.8, 372.8), (372.8, 372.8), (372.8, 372.8), (372.8, 372.8), (372.8, 372.8), (372.8, 372.8), (372.8, 372.8), (372.8, 372.8), (372.8, 372.8), (372.8, 372.8), (372.8, 372.8), (372.8, 372.8), (372.8, 372.8), (372.8, 372.8), (372.8, 372.8), (372.8, 372.8), (372.8, 372.8), (372.8, 372.8), (372.8, 372.8), (372.8, 372.8), (372.8, 372.8), (372.8, 372.8), (372.8, 372.8), (372.8, 372.8), (372.8, 372.8), (372.8, 372.8), (372.8, 372.8), (372.8, 372.8), (372.8, 372.8), (372.8, 372.8), (372.8, 372.8), (372.8, 372.8), (372.8, 372.8), (372.8, 372.8), (372.8, 372.8), (372.8, 372.8), (372.8, 372.8), (372.8, 372.8), (372.8, 372.8), (372.8, 372.8), (372.8, 372.8), (372.8, 372.8), (372.8, 372.8), (372.8, 372.8), (372.8, 372.8)]",0,1,12.0
novice,bomberman,2,Bomb,4,0,24.42,0.926,"[(48.0, 48.0), (62.9, 51.7), (77.9, 51.7), (98.4, 51.7), (113.3, 57.3), (115.2, 72.3), (115.2, 89.1), (115.2, 107.7), (128.3, 115.2), (143.2, 115.2), (165.6, 115.2), (180.5, 124.5), (180.5, 139.5), (180.5, 160.0), (184.3, 176.8), (199.2, 180.5), (217.9, 180.5), (236.5, 182.4), (244.0, 197.3), (244.0, 212.3), (244.0, 234.7), (257.1, 244.0), (272.0, 244.0), (292.5, 244.0), (307.5, 253.3), (307.5, 268.3), (307.5, 288.8), (311.2, 303.7), (326.1, 307.5), (342.9, 307.5), (361.6, 307.5), (372.8, 320.5), (372.8, 335.5), (372.8, 350.4), (372.8, 365.3), (372.8, 372.8), (372.8, 372.8), (372.8, 372.8), (372.8, 372.8), (372.8, 372.8), (372.8, 372.8), (372.8, 372.8), (372.8, 372.8), (372.8, 372.8), (372.8, 372.8), (372.8, 372.8), (372.8, 372.8), (372.8, 372.8), (372.8, 372.8), (372.8, 372.8), (372.8, 372.8), (372.8, 372.8), (372.8, 372.8), (372.8, 372.8), (372.8, 372.8), (372.8, 372.8), (372.8, 372.8), (372.8, 372.8), (372.8, 372.8), (372.8, 372.8), (372.8, 372.8), (372.8, 372.8), (372.8, 372.8), (372.8, 372.8), (372.8, 372.8), (372.8, 372.8), (372.8, 372.8), (372.8, 372.8), (372.8, 372.8), (372.8, 372.8), (372.8, 372.8), (372.8, 372.8), (372.8, 372.8), (372.8, 372.8), (372.8, 372.8), (372.8, 372.8), (372.8, 372.8), (372.8, 372.8), (372.8, 372.8), (372.8, 372.8), (372.8, 372.8), (372.8, 372.8), (372.8, 372.8), (372.8, 372.8), (372.8, 372.8), (372.8, 372.8), (372.8, 372.8), (372.8, 372.8), (372.8, 372.8), (372.8, 372.8), (372.8, 372.8)]",0,1,12.0
novice,bomberman,2,Bomb,8,0,24.42,0.926,"[(48.0, 48.0), (62.9, 51.7), (77.9, 51.7), (98.4, 51.7), (113.3, 57.3), (115.2, 72.3), (115.2, 89.1), (115.2, 107.7), (128.3, 115.2), (143.2, 115.2), (165.6, 115.2), (180.5, 124.5), (180.5, 139.5), (180.5, 160.0), (184.3, 176.8), (199.2, 180.5), (217.9, 180.5), (236.5, 182.4), (244.0, 197.3), (244.0, 212.3), (244.0, 234.7), (257.1, 244.0), (272.0, 244.0), (292.5, 244.0), (307.5, 253.3), (307.5, 268.3), (307.5, 288.8), (311.2, 303.7), (326.1, 307.5), (342.9, 307.5), (361.6, 307.5), (372.8, 320.5), (372.8, 335.5), (372.8, 350.4), (372.8, 365.3), (372.8, 372.8), (372.8, 372.8), (372.8, 372.8), (372.8, 372.8), (372.8, 372.8), (372.8, 372.8), (372.8, 372.8), (372.8, 372.8), (372.8, 372.8), (372.8, 372.8), (372.8, 372.8), (372.8, 372.8), (372.8, 372.8), (372.8, 372.8), (372.8, 372.8), (372.8, 372.8), (372.8, 372.8), (372.8, 372.8), (372.8, 372.8), (372.8, 372.8), (372.8, 372.8), (372.8, 372.8), (372.8, 372.8), (372.8, 372.8), (372.8, 372.8), (372.8, 372.8), (372.8, 372.8), (372.8, 372.8), (372.8, 372.8), (372.8, 372.8), (372.8, 372.8), (372.8, 372.8), (372.8, 372.8), (372.8, 372.8), (372.8, 372.8), (372.8, 372.8), (372.8, 372.8), (372.8, 372.8), (372.8, 372.8), (372.8, 372.8), (372.8, 372.8), (372.8, 372.8), (372.8, 372.8), (372.8, 372.8), (372.8, 372.8), (372.8, 372.8), (372.8, 372.8), (372.8, 372.8), (372.8, 372.8), (372.8, 372.8), (372.8, 372.8), (372.8, 372.8), (372.8, 372.8), (372.8, 372.8), (372.8, 372.8), (372.8, 372.8)]",0,1,12.0
novice,bomberman,2,Bomb,6,0,24.42,0.926,"[(48.0, 48.0), (62.9, 51.7), (77.9, 51.7), (98.4, 51.7), (113.3, 57.3), (115.2, 72.3), (115.2, 89.1), (115.2, 107.7), (128.3, 115.2), (143.2, 115.2), (165.6, 115.2), (180.5, 124.5), (180.5, 139.5), (180.5, 160.0), (184.3, 176.8), (199.2, 180.5), (217.9, 180.5), (236.5, 182.4), (244.0, 197.3), (244.0, 212.3), (244.0, 234.7), (257.1, 244.0), (272.0, 244.0), (292.5, 244.0), (307.5, 253.3), (307.5, 268.3), (307.5, 288.8), (311.2, 303.7), (326.1, 307.5), (342.9, 307.5), (361.6, 307.5), (372.8, 320.5), (372.8, 335.5), (372.8, 350.4), (372.8, 365.3), (372.8, 372.8), (372.8, 372.8), (372.8, 372.8), (372.8, 372.8), (372.8, 372.8), (372.8, 372.8), (372.8, 372.8), (372.8, 372.8), (372.8, 372.8), (372.8, 372.8), (372.8, 372.8), (372.8, 372.8), (372.8, 372.8), (372.8, 372.8), (372.8, 372.8), (372.8, 372.8), (372.8, 372.8), (372.8, 372.8), (372.8, 372.8), (372.8, 372.8), (372.8, 372.8), (372.8, 372.8), (372.8, 372.8), (372.8, 372.8), (372.8, 372.8), (372.8, 372.8), (372.8, 372.8), (372.8, 372.8), (372.8, 372.8), (372.8, 372.8), (372.8, 372.8), (372.8, 372.8), (372.8, 372.8), (372.8, 372.8), (372.8, 372.8), (372.8, 372.8), (372.8, 372.8), (372.8, 372.8), (372.8, 372.8), (372.8, 372.8), (372.8, 372.8), (372.8, 372.8), (372.8, 372.8), (372.8, 372.8), (372.8, 372.8), (372.8, 372.8), (372.8, 372.8), (372.8, 372.8), (372.8, 372.8), (372.8, 372.8), (372.8, 372.8), (372.8, 372.8), (372.8, 372.8), (372.8, 372.8), (372.8, 372.8), (372.8, 372.8)]",0,1,12.0
novice,bomberman,2,Bomb,8,0,34.68,0.926,"[(48.0, 48.0), (62.9, 51.7), (77.9, 51.7), (98.4, 51.7), (113.3, 57.3), (115.2, 72.3), (115.2, 89.1), (115.2, 107.7), (128.3, 115.2), (143.2, 115.2), (165.6, 115.2), (180.5, 124.5), (180.5, 139.5), (180.5, 160.0), (184.3, 176.8), (199.2, 180.5), (217.9, 180.5), (236.5, 182.4), (244.0, 197.3), (244.0, 212.3), (244.0, 234.7), (257.1, 244.0), (272.0, 244.0), (292.5, 244.0), (307.5, 253.3), (307.5, 268.3), (307.5, 288.8), (311.2, 303.7), (326.1, 307.5), (342.9, 307.5), (361.6, 307.5), (372.8, 320.5), (372.8, 335.5), (372.8, 350.4), (372.8, 365.3), (372.8, 372.8), (372.8, 372.8), (372.8, 372.8), (372.8, 372.8), (372.8, 372.8), (372.8, 372.8), (372.8, 372.8), (372.8, 372.8), (372.8, 372.8), (372.8, 372.8), (372.8, 372.8), (372.8, 372.8), (372.8, 372.8), (372.8, 372.8), (372.8, 372.8), (372.8, 372.8), (372.8, 372.8), (372.8, 372.8), (372.8, 372.8), (372.8, 372.8), (372.8, 372.8), (372.8, 372.8), (372.8, 372.8), (372.8, 372.8), (372.8, 372.8), (372.8, 372.8), (372.8, 372.8), (372.8, 372.8), (372.8, 372.8)]",0,1,8.45
novice,bomberman,2,Bomb,3,0,35.96,0.741,"[(48.0, 48.0), (62.9, 51.7), (77.9, 51.7), (98.4, 51.7), (113.3, 57.3), (115.2, 72.3), (115.2, 89.1), (115.2, 107.7), (128.3, 115.2), (143.2, 115.2), (165.6, 115.2), (180.5, 124.5), (180.5, 139.5), (180.5, 160.0), (184.3, 176.8), (199.2, 180.5), (217.9, 180.5), (236.5, 182.4), (244.0, 197.3), (244.0, 212.3), (244.0, 234.7), (257.1, 244.0), (272.0, 244.0), (292.5, 244.0), (307.5, 253.3), (307.5, 268.3), (307.5, 288.8), (311.2, 303.7), (326.1, 307.5), (342.9, 307.5), (361.6, 307.5), (372.8, 320.5), (372.8, 335.5), (372.8, 350.4), (372.8, 365.3), (372.8, 372.8), (372.8, 372.8), (372.8, 372.8), (372.8, 372.8), (372.8, 372.8), (372.8, 372.8), (372.8, 372.8), (372.8, 372.8), (372.8, 372.8), (372.8, 372.8), (372.8, 372.8), (372.8, 372.8), (372.8, 372.8), (372.8, 372.8), (372.8, 372.8), (372.8, 372.8), (372.8, 372.8), (372.8, 372.8), (372.8, 372.8), (372.8, 372.8), (372.8, 372.8), (372.8, 372.8), (372.8, 372.8), (372.8, 372.8), (372.8, 372.8), (372.8, 372.8), (372.8, 372.8)]",0,0,8.15
novice,bomberman,2,Bomb,6,0,24.42,0.926,"[(48.0, 48.0), (62.9, 51.7), (77.9, 51.7), (98.4, 51.7), (113.3, 57.3), (115.2, 72.3), (115.2, 89.1), (115.2, 107.7), (128.3, 115.2), (143.2, 115.2), (165.6, 115.2), (180.5, 124.5), (180.5, 139.5), (180.5, 160.0), (184.3, 176.8), (199.2, 180.5), (217.9, 180.5), (236.5, 182.4), (244.0, 197.3), (244.0, 212.3), (244.0, 234.7), (257.1, 244.0), (272.0, 244.0), (292.5, 244.0), (307.5, 253.3), (307.5, 268.3), (307.5, 288.8), (311.2, 303.7), (326.1, 307.5), (342.9, 307.5), (361.6, 307.5), (372.8, 320.5), (372.8, 335.5), (372.8, 350.4), (372.8, 365.3), (372.8, 372.8), (372.8, 372.8), (372.8, 372.8), (372.8, 372.8), (372.8, 372.8), (372.8, 372.8), (372.8, 372.8), (372.8, 372.8), (372.8, 372.8), (372.8, 372.8), (372.8, 372.8), (372.8, 372.8), (372.8, 372.8), (372.8, 372.8), (372.8, 372.8), (372.8, 372.8), (372.8, 372.8), (372.8, 372.8), (372.8, 372.8), (372.8, 372.8), (372.8, 372.8), (372.8, 372.8), (372.8, 372.8), (372.8, 372.8), (372.8, 372.8), (372.8, 372.8), (372.8, 372.8), (372.8, 372.8), (372.8, 372.8), (372.8, 372.8), (372.8, 372.8), (372.8, 372.8), (372.8, 372.8), (372.8, 372.8), (372.8, 372.8), (372.8, 372.8), (372.8, 372.8), (372.8, 372.8), (372.8, 372.8), (372.8, 372.8), (372.8, 372.8), (372.8, 372.8), (372.8, 372.8), (372.8, 372.8), (372.8, 372.8), (372.8, 372.8), (372.8, 372.8), (372.8, 372.8), (372.8, 372.8), (372.8, 372.8), (372.8, 372.8), (372.8, 372.8), (372.8, 372.8), (372.8, 372.8), (372.8, 372.8), (372.8, 372.8)]",0,1,12.0
novice,bomberman,2,Bomb,7,0,24.42,0.926,"[(48.0, 48.0), (62.9, 51.7), (77.9, 51.7), (98.4, 51.7), (113.3, 57.3), (115.2, 72.3), (115.2, 89.1), (115.2, 107.7), (128.3, 115.2), (143.2, 115.2), (165.6, 115.2), (180.5, 124.5), (180.5, 139.5), (180.5, 160.0), (184.3, 176.8), (199.2, 180.5), (217.9, 180.5), (236.5, 182.4), (244.0, 197.3), (244.0, 212.3), (244.0, 234.7), (257.1, 244.0), (272.0, 244.0), (292.5, 244.0), (307.5, 253.3), (307.5, 268.3), (307.5, 288.8), (311.2, 303.7), (326.1, 307.5), (342.9, 307.5), (361.6, 307.5), (372.8, 320.5), (372.8, 335.5), (372.8, 350.4), (372.8, 365.3), (372.8, 372.8), (372.8, 372.8), (372.8, 372.8), (372.8, 372.8), (372.8, 372.8), (372.8, 372.8), (372.8, 372.8), (372.8, 372.8), (372.8, 372.8), (372.8, 372.8), (372.8, 372.8), (372.8, 372.8), (372.8, 372.8), (372.8, 372.8), (372.8, 372.8), (372.8, 372.8), (372.8, 372.8), (372.8, 372.8), (372.8, 372.8), (372.8, 372.8), (372.8, 372.8), (372.8, 372.8), (372.8, 372.8), (372.8, 372.8), (372.8, 372.8), (372.8, 372.8), (372.8, 372.8), (372.8, 372.8), (372.8, 372.8), (372.8, 372.8), (372.8, 372.8), (372.8, 372.8), (372.8, 372.8), (372.8, 372.8), (372.8, 372.8), (372.8, 372.8), (372.8, 372.8), (372.8, 372.8), (372.8, 372.8), (372.8, 372.8), (372.8, 372.8), (372.8, 372.8), (372.8, 372.8), (372.8, 372.8), (372.8, 372.8), (372.8, 372.8), (372.8, 372.8), (372.8, 372.8), (372.8, 372.8), (372.8, 372.8), (372.8, 372.8), (372.8, 372.8), (372.8, 372.8), (372.8, 372.8), (372.8, 372.8), (372.8, 372.8)]",0,1,12.0
novice,bomberman,2,Stuck,0,0,31.12,0.741,"[(48.0, 48.0), (62.9, 51.7), (77.9, 51.7), (98.4, 51.7), (113.3, 57.3), (115.2, 72.3), (115.2, 89.1), (115.2, 107.7), (128.3, 115.2), (143.2, 115.2), (165.6, 115.2), (180.5, 124.5), (180.5, 139.5), (180.5, 160.0), (184.3, 176.8), (199.2, 180.5), (217.9, 180.5), (236.5, 182.4), (244.0, 197.3), (244.0, 212.3), (244.0, 234.7), (257.1, 244.0), (272.0, 244.0), (292.5, 244.0), (307.5, 253.3), (307.5, 268.3), (307.5, 288.8), (311.2, 303.7), (326.1, 307.5), (342.9, 307.5), (361.6, 307.5), (372.8, 320.5), (372.8, 335.5), (372.8, 350.4), (372.8, 365.3), (372.8, 372.8), (372.8, 372.8), (372.8, 372.8), (372.8, 372.8), (372.8, 372.8), (372.8, 372.8), (372.8, 372.8), (372.8, 372.8), (372.8, 372.8), (372.8, 372.8), (372.8, 372.8), (372.8, 372.8), (372.8, 372.8), (372.8, 372.8), (372.8, 372.8), (372.8, 372.8), (372.8, 372.8), (372.8, 372.8), (372.8, 372.8), (372.8, 372.8), (372.8, 372.8), (372.8, 372.8), (372.8, 372.8), (372.8, 372.8), (372.8, 372.8), (372.8, 372.8), (372.8, 372.8), (372.8, 372.8), (372.8, 372.8), (372.8, 372.8), (372.8, 372.8), (372.8, 372.8), (372.8, 372.8), (372.8, 372.8), (372.8, 372.8), (372.8, 372.8)]",0,0,9.42
novice,bomberman,2,Bomb,5,0,34.68,0.926,"[(48.0, 48.0), (62.9, 51.7), (77.9, 51.7), (98.4, 51.7), (113.3, 57.3), (115.2, 72.3), (115.2, 89.1), (115.2, 107.7), (128.3, 115.2), (143.2, 115.2), (165.6, 115.2), (180.5, 124.5), (180.5, 139.5), (180.5, 160.0), (184.3, 176.8), (199.2, 180.5), (217.9, 180.5), (236.5, 182.4), (244.0, 197.3), (244.0, 212.3), (244.0, 234.7), (257.1, 244.0), (272.0, 244.0), (292.5, 244.0), (307.5, 253.3), (307.5, 268.3), (307.5, 288.8), (311.2, 303.7), (326.1, 307.5), (342.9, 307.5), (361.6, 307.5), (372.8, 320.5), (372.8, 335.5), (372.8, 350.4), (372.8, 365.3), (372.8, 372.8), (372.8, 372.8), (372.8, 372.8), (372.8, 372.8), (372.8, 372.8), (372.8, 372.8), (372.8, 372.8), (372.8, 372.8), (372.8, 372.8), (372.8, 372.8), (372.8, 372.8), (372.8, 372.8), (372.8, 372.8), (372.8, 372.8), (372.8, 372.8), (372.8, 372.8), (372.8, 372.8), (372.8, 372.8), (372.8, 372.8), (372.8, 372.8), (372.8, 372.8), (372.8, 372.8), (372.8, 372.8), (372.8, 372.8), (372.8, 372.8), (372.8, 372.8), (372.8, 372.8), (372.8, 372.8), (372.8, 372.8)]",0,1,8.45
novice,bomberman,2,Bomb,4,0,24.42,0.926,"[(48.0, 48.0), (62.9, 51.7), (77.9, 51.7), (98.4, 51.7), (113.3, 57.3), (115.2, 72.3), (115.2, 89.1), (115.2, 107.7), (128.3, 115.2), (143.2, 115.2), (165.6, 115.2), (180.5, 124.5), (180.5, 139.5), (180.5, 160.0), (184.3, 176.8), (199.2, 180.5), (217.9, 180.5), (236.5, 182.4), (244.0, 197.3), (244.0, 212.3), (244.0, 234.7), (257.1, 244.0), (272.0, 244.0), (292.5, 244.0), (307.5, 253.3), (307.5, 268.3), (307.5, 288.8), (311.2, 303.7), (326.1, 307.5), (342.9, 307.5), (361.6, 307.5), (372.8, 320.5), (372.8, 335.5), (372.8, 350.4), (372.8, 365.3), (372.8, 372.8), (372.8, 372.8), (372.8, 372.8), (372.8, 372.8), (372.8, 372.8), (372.8, 372.8), (372.8, 372.8), (372.8, 372.8), (372.8, 372.8), (372.8, 372.8), (372.8, 372.8), (372.8, 372.8), (372.8, 372.8), (372.8, 372.8), (372.8, 372.8), (372.8, 372.8), (372.8, 372.8), (372.8, 372.8), (372.8, 372.8), (372.8, 372.8), (372.8, 372.8), (372.8, 372.8), (372.8, 372.8), (372.8, 372.8), (372.8, 372.8), (372.8, 372.8), (372.8, 372.8), (372.8, 372.8), (372.8, 372.8), (372.8, 372.8), (372.8, 372.8), (372.8, 372.8), (372.8, 372.8), (372.8, 372.8), (372.8, 372.8), (372.8, 372.8), (372.8, 372.8), (372.8, 372.8), (372.8, 372.8), (372.8, 372.8), (372.8, 372.8), (372.8, 372.8), (372.8, 372.8), (372.8, 372.8), (372.8, 372.8), (372.8, 372.8), (372.8, 372.8), (372.8, 372.8), (372.8, 372.8), (372.8, 372.8), (372.8, 372.8), (372.8, 372.8), (372.8, 372.8), (372.8, 372.8), (372.8, 372.8), (372.8, 372.8)]",0,1,12.0
novice,bomberman,2,Bomb,4,0,24.42,0.926,"[(48.0, 48.0), (62.9, 51.7), (77.9, 51.7), (98.4, 51.7), (113.3, 57.3), (115.2, 72.3), (115.2, 89.1), (115.2, 107.7), (128.3, 115.2), (143.2, 115.2), (165.6, 115.2), (180.5, 124.5), (180.5, 139.5), (180.5, 160.0), (184.3, 176.8), (199.2, 180.5), (217.9, 180.5), (236.5, 182.4), (244.0, 197.3), (244.0, 212.3), (244.0, 234.7), (257.1, 244.0), (272.0, 244.0), (292.5, 244.0), (307.5, 253.3), (307.5, 268.3), (307.5, 288.8), (311.2, 303.7), (326.1, 307.5), (342.9, 307.5), (361.6, 307.5), (372.8, 320.5), (372.8, 335.5), (372.8, 350.4), (372.8, 365.3), (372.8, 372.8), (372.8, 372.8), (372.8, 372.8), (372.8, 372.8), (372.8, 372.8), (372.8, 372.8), (372.8, 372.8), (372.8, 372.8), (372.8, 372.8), (372.8, 372.8), (372.8, 372.8), (372.8, 372.8), (372.8, 372.8), (372.8, 372.8), (372.8, 372.8), (372.8, 372.8), (372.8, 372.8), (372.8, 372.8), (372.8, 372.8), (372.8, 372.8), (372.8, 372.8), (372.8, 372.8), (372.8, 372.8), (372.8, 372.8), (372.8, 372.8), (372.8, 372.8), (372.8, 372.8), (372.8, 372.8), (372.8, 372.8), (372.8, 372.8), (372.8, 372.8), (372.8, 372.8), (372.8, 372.8), (372.8, 372.8), (372.8, 372.8), (372.8, 372.8), (372.8, 372.8), (372.8, 372.8), (372.8, 372.8), (372.8, 372.8), (372.8, 372.8), (372.8, 372.8), (372.8, 372.8), (372.8, 372.8), (372.8, 372.8), (372.8, 372.8), (372.8, 372.8), (372.8, 372.8), (372.8, 372.8), (372.8, 372.8), (372.8, 372.8), (372.8, 372.8), (372.8, 372.8), (372.8, 372.8), (372.8, 372.8), (372.8, 372.8)]",0,1,12.0
novice,bomberman,2,Bomb,5,0,34.68,0.926,"[(48.0, 48.0), (62.9, 51.7), (77.9, 51.7), (98.4, 51.7), (113.3, 57.3), (115.2, 72.3), (115.2, 89.1), (115.2, 107.7), (128.3, 115.2), (143.2, 115.2), (165.6, 115.2), (180.5, 124.5), (180.5, 139.5), (180.5, 160.0), (184.3, 176.8), (199.2, 180.5), (217.9, 180.5), (236.5, 182.4), (244.0, 197.3), (244.0, 212.3), (244.0, 234.7), (257.1, 244.0), (272.0, 244.0), (292.5, 244.0), (307.5, 253.3), (307.5, 268.3), (307.5, 288.8), (311.2, 303.7), (326.1, 307.5), (342.9, 307.5), (361.6, 307.5), (372.8, 320.5), (372.8, 335.5), (372.8, 350.4), (372.8, 365.3), (372.8, 372.8), (372.8, 372.8), (372.8, 372.8), (372.8, 372.8), (372.8, 372.8), (372.8, 372.8), (372.8, 372.8), (372.8, 372.8), (372.8, 372.8), (372.8, 372.8), (372.8, 372.8), (372.8, 372.8), (372.8, 372.8), (372.8, 372.8), (372.8, 372.8), (372.8, 372.8), (372.8, 372.8), (372.8, 372.8), (372.8, 372.8), (372.8, 372.8), (372.8, 372.8), (372.8, 372.8), (372.8, 372.8), (372.8, 372.8), (372.8, 372.8), (372.8, 372.8), (372.8, 372.8), (372.8, 372.8), (372.8, 372.8)]",0,1,8.45
novice,bomberman,2,Bomb,7,0,24.42,0.926,"[(48.0, 48.0), (62.9, 51.7), (77.9, 51.7), (98.4, 51.7), (113.3, 57.3), (115.2, 72.3), (115.2, 89.1), (115.2, 107.7), (128.3, 115.2), (143.2, 115.2), (165.6, 115.2), (180.5, 124.5), (180.5, 139.5), (180.5, 160.0), (184.3, 176.8), (199.2, 180.5), (217.9, 180.5), (236.5, 182.4), (244.0, 197.3), (244.0, 212.3), (244.0, 234.7), (257.1, 244.0), (272.0, 244.0), (292.5, 244.0), (307.5, 253.3), (307.5, 268.3), (307.5, 288.8), (311.2, 303.7), (326.1, 307.5), (342.9, 307.5), (361.6, 307.5), (372.8, 320.5), (372.8, 335.5), (372.8, 350.4), (372.8, 365.3), (372.8, 372.8), (372.8, 372.8), (372.8, 372.8), (372.8, 372.8), (372.8, 372.8), (372.8, 372.8), (372.8, 372.8), (372.8, 372.8), (372.8, 372.8), (372.8, 372.8), (372.8, 372.8), (372.8, 372.8), (372.8, 372.8), (372.8, 372.8), (372.8, 372.8), (372.8, 372.8), (372.8, 372.8), (372.8, 372.8), (372.8, 372.8), (372.8, 372.8), (372.8, 372.8), (372.8, 372.8), (372.8, 372.8), (372.8, 372.8), (372.8, 372.8), (372.8, 372.8), (372.8, 372.8), (372.8, 372.8), (372.8, 372.8), (372.8, 372.8), (372.8, 372.8), (372.8, 372.8), (372.8, 372.8), (372.8, 372.8), (372.8, 372.8), (372.8, 372.8), (372.8, 372.8), (372.8, 372.8), (372.8, 372.8), (372.8, 372.8), (372.8, 372.8), (372.8, 372.8), (372.8, 372.8), (372.8, 372.8), (372.8, 372.8), (372.8, 372.8), (372.8, 372.8), (372.8, 372.8), (372.8, 372.8), (372.8, 372.8), (372.8, 372.8), (372.8, 372.8), (372.8, 372.8), (372.8, 372.8), (372.8, 372.8), (372.8, 372.8)]",0,1,12.0
novice,bomberman,2,Bomb,6,0,24.42,0.926,"[(48.0, 48.0), (62.9, 51.7), (77.9, 51.7), (98.4, 51.7), (113.3, 57.3), (115.2, 72.3), (115.2, 89.1), (115.2, 107.7), (128.3, 115.2), (143.2, 115.2), (165.6, 115.2), (180.5, 124.5), (180.5, 139.5), (180.5, 160.0), (184.3, 176.8), (199.2, 180.5), (217.9, 180.5), (236.5, 182.4), (244.0, 197.3), (244.0, 212.3), (244.0, 234.7), (257.1, 244.0), (272.0, 244.0), (292.5, 244.0), (307.5, 253.3), (307.5, 268.3), (307.5, 288.8), (311.2, 303.7), (326.1, 307.5), (342.9, 307.5), (361.6, 307.5), (372.8, 320.5), (372.8, 335.5), (372.8, 350.4), (372.8, 365.3), (372.8, 372.8), (372.8, 372.8), (372.8, 372.8), (372.8, 372.8), (372.8, 372.8), (372.8, 372.8), (372.8, 372.8), (372.8, 372.8), (372.8, 372.8), (372.8, 372.8), (372.8, 372.8), (372.8, 372.8), (372.8, 372.8), (372.8, 372.8), (372.8, 372.8), (372.8, 372.8), (372.8, 372.8), (372.8, 372.8), (372.8, 372.8), (372.8, 372.8), (372.8, 372.8), (372.8, 372.8), (372.8, 372.8), (372.8, 372.8), (372.8, 372.8), (372.8, 372.8), (372.8, 372.8), (372.8, 372.8), (372.8, 372.8), (372.8, 372.8), (372.8, 372.8), (372.8, 372.8), (372.8, 372.8), (372.8, 372.8), (372.8, 372.8), (372.8, 372.8), (372.8, 372.8), (372.8, 372.8), (372.8, 372.8), (372.8, 372.8), (372.8, 372.8), (372.8, 372.8), (372.8, 372.8), (372.8, 372.8), (372.8, 372.8), (372.8, 372.8), (372.8, 372.8), (372.8, 372.8), (372.8, 372.8), (372.8, 372.8), (372.8, 372.8), (372.8, 372.8), (372.8, 372.8), (372.8, 372.8), (372.8, 372.8), (372.8, 372.8)]",0,1,12.0
novice,bomberman,2,Bomb,3,0,29.45,0.926,"[(48.0, 48.0), (62.9, 51.7), (77.9, 51.7), (98.4, 51.7), (113.3, 57.3), (115.2, 72.3), (115.2, 89.1), (115.2, 107.7), (128.3, 115.2), (143.2, 115.2), (165.6, 115.2), (180.5, 124.5), (180.5, 139.5), (180.5, 160.0), (184.3, 176.8), (199.2, 180.5), (217.9, 180.5), (236.5, 182.4), (244.0, 197.3), (244.0, 212.3), (244.0, 234.7), (257.1, 244.0), (272.0, 244.0), (292.5, 244.0), (307.5, 253.3), (307.5, 268.3), (307.5, 288.8), (311.2, 303.7), (326.1, 307.5), (342.9, 307.5), (361.6, 307.5), (372.8, 320.5), (372.8, 335.5), (372.8, 350.4), (372.8, 365.3), (372.8, 372.8), (372.8, 372.8), (372.8, 372.8), (372.8, 372.8), (372.8, 372.8), (372.8, 372.8), (372.8, 372.8), (372.8, 372.8), (372.8, 372.8), (372.8, 372.8), (372.8, 372.8), (372.8, 372.8), (372.8, 372.8), (372.8, 372.8), (372.8, 372.8), (372.8, 372.8), (372.8, 372.8), (372.8, 372.8), (372.8, 372.8), (372.8, 372.8), (372.8, 372.8), (372.8, 372.8), (372.8, 372.8), (372.8, 372.8), (372.8, 372.8), (372.8, 372.8), (372.8, 372.8), (372.8, 372.8), (372.8, 372.8), (372.8, 372.8), (372.8, 372.8), (372.8, 372.8), (372.8, 372.8), (372.8, 372.8), (372.8, 372.8), (372.8, 372.8), (372.8, 372.8), (372.8, 372.8), (372.8, 372.8), (372.8, 372.8)]",0,1,9.95
novice,bomberman,2,Bomb,6,0,24.42,0.926,"[(48.0, 48.0), (62.9, 51.7), (77.9, 51.7), (98.4, 51.7), (113.3, 57.3), (115.2, 72.3), (115.2, 89.1), (115.2, 107.7), (128.3, 115.2), (143.2, 115.2), (165.6, 115.2), (180.5, 124.5), (180.5, 139.5), (180.5, 160.0), (184.3, 176.8), (199.2, 180.5), (217.9, 180.5), (236.5, 182.4), (244.0, 197.3), (244.0, 212.3), (244.0, 234.7), (257.1, 244.0), (272.0, 244.0), (292.5, 244.0), (307.5, 253.3), (307.5, 268.3), (307.5, 288.8), (311.2, 303.7), (326.1, 307.5), (342.9, 307.5), (361.6, 307.5), (372.8, 320.5), (372.8, 335.5), (372.8, 350.4), (372.8, 365.3), (372.8, 372.8), (372.8, 372.8), (372.8, 372.8), (372.8, 372.8), (372.8, 372.8), (372.8, 372.8), (372.8, 372.8), (372.8, 372.8), (372.8, 372.8), (372.8, 372.8), (372.8, 372.8), (372.8, 372.8), (372.8, 372.8), (372.8, 372.8), (372.8, 372.8), (372.8, 372.8), (372.8, 372.8), (372.8, 372.8), (372.8, 372.8), (372.8, 372.8), (372.8, 372.8), (372.8, 372.8), (372.8, 372.8), (372.8, 372.8), (372.8, 372.8), (372.8, 372.8), (372.8, 372.8), (372.8, 372.8), (372.8, 372.8), (372.8, 372.8), (372.8, 372.8), (372.8, 372.8), (372.8, 372.8), (372.8, 372.8), (372.8, 372.8), (372.8, 372.8), (372.8, 372.8), (372.8, 372.8), (372.8, 372.8), (372.8, 372.8), (372.8, 372.8), (372.8, 372.8), (372.8, 372.8), (372.8, 372.8), (372.8, 372.8), (372.8, 372.8), (372.8, 372.8), (372.8, 372.8), (372.8, 372.8), (372.8, 372.8), (372.8, 372.8), (372.8, 372.8), (372.8, 372.8), (372.8, 372.8), (372.8, 372.8), (372.8, 372.8)]",0,1,12.0
novice,bomberman,2,Bomb,4,0,24.42,0.926,"[(48.0, 48.0), (62.9, 51.7), (77.9, 51.7), (98.4, 51.7), (113.3, 57.3), (115.2, 72.3), (115.2, 89.1), (115.2, 107.7), (128.3, 115.2), (143.2, 115.2), (165.6, 115.2), (180.5, 124.5), (180.5, 139.5), (180.5, 160.0), (184.3, 176.8), (199.2, 180.5), (217.9, 180.5), (236.5, 182.4), (244.0, 197.3), (244.0, 212.3), (244.0, 234.7), (257.1, 244.0), (272.0, 244.0), (292.5, 244.0), (307.5, 253.3), (307.5, 268.3), (307.5, 288.8), (311.2, 303.7), (326.1, 307.5), (342.9, 307.5), (361.6, 307.5), (372.8, 320.5), (372.8, 335.5), (372.8, 350.4), (372.8, 365.3), (372.8, 372.8), (372.8, 372.8), (372.8, 372.8), (372.8, 372.8), (372.8, 372.8), (372.8, 372.8), (372.8, 372.8), (372.8, 372.8), (372.8, 372.8), (372.8, 372.8), (372.8, 372.8), (372.8, 372.8), (372.8, 372.8), (372.8, 372.8), (372.8, 372.8), (372.8, 372.8), (372.8, 372.8), (372.8, 372.8), (372.8, 372.8), (372.8, 372.8), (372.8, 372.8), (372.8, 372.8), (372.8, 372.8), (372.8, 372.8), (372.8, 372.8), (372.8, 372.8), (372.8, 372.8), (372.8, 372.8), (372.8, 372.8), (372.8, 372.8), (372.8, 372.8), (372.8, 372.8), (372.8, 372.8), (372.8, 372.8), (372.8, 372.8), (372.8, 372.8), (372.8, 372.8), (372.8, 372.8), (372.8, 372.8), (372.8, 372.8), (372.8, 372.8), (372.8, 372.8), (372.8, 372.8), (372.8, 372.8), (372.8, 372.8), (372.8, 372.8), (372.8, 372.8), (372.8, 372.8), (372.8, 372.8), (372.8, 372.8), (372.8, 372.8), (372.8, 372.8), (372.8, 372.8), (372.8, 372.8), (372.8, 372.8), (372.8, 372.8)]",0,1,12.0
novice,bomberman,2,Bomb,6,0,24.42,0.926,"[(48.0, 48.0), (62.9, 51.7), (77.9, 51.7), (98.4, 51.7), (113.3, 57.3), (115.2, 72.3), (115.2, 89.1), (115.2, 107.7), (128.3, 115.2), (143.2, 115.2), (165.6, 115.2), (180.5, 124.5), (180.5, 139.5), (180.5, 160.0), (184.3, 176.8), (199.2, 180.5), (217.9, 180.5), (236.5, 182.4), (244.0, 197.3), (244.0, 212.3), (244.0, 234.7), (257.1, 244.0), (272.0, 244.0), (292.5, 244.0), (307.5, 253.3), (307.5, 268.3), (307.5, 288.8), (311.2, 303.7), (326.1, 307.5), (342.9, 307.5), (361.6, 307.5), (372.8, 320.5), (372.8, 335.5), (372.8, 350.4), (372.8, 365.3), (372.8, 372.8), (372.8, 372.8), (372.8, 372.8), (372.8, 372.8), (372.8, 372.8), (372.8, 372.8), (372.8, 372.8), (372.8, 372.8), (372.8, 372.8), (372.8, 372.8), (372.8, 372.8), (372.8, 372.8), (372.8, 372.8), (372.8, 372.8), (372.8, 372.8), (372.8, 372.8), (372.8, 372.8), (372.8, 372.8), (372.8, 372.8), (372.8, 372.8), (372.8, 372.8), (372.8, 372.8), (372.8, 372.8), (372.8, 372.8), (372.8, 372.8), (372.8, 372.8), (372.8, 372.8), (372.8, 372.8), (372.8, 372.8), (372.8, 372.8), (372.8, 372.8), (372.8, 372.8), (372.8, 372.8), (372.8, 372.8), (372.8, 372.8), (372.8, 372.8), (372.8, 372.8), (372.8, 372.8), (372.8, 372.8), (372.8, 372.8), (372.8, 372.8), (372.8, 372.8), (372.8, 372.8), (372.8, 372.8), (372.8, 372.8), (372.8, 372.8), (372.8, 372.8), (372.8, 372.8), (372.8, 372.8), (372.8, 372.8), (372.8, 372.8), (372.8, 372.8), (372.8, 372.8), (372.8, 372.8), (372.8, 372.8), (372.8, 372.8)]",0,1,12.0
novice,bomberman,2,Bomb,4,0,24.42,0.926,"[(48.0, 48.0), (62.9, 51.7), (77.9, 51.7), (98.4, 51.7), (113.3, 57.3), (115.2, 72.3), (115.2, 89.1), (115.2, 107.7), (128.3, 115.2), (143.2, 115.2), (165.6, 115.2), (180.5, 124.5), (180.5, 139.5), (180.5, 160.0), (184.3, 176.8), (199.2, 180.5), (217.9, 180.5), (236.5, 182.4), (244.0, 197.3), (244.0, 212.3), (244.0, 234.7), (257.1, 244.0), (272.0, 244.0), (292.5, 244.0), (307.5, 253.3), (307.5, 268.3), (307.5, 288.8), (311.2, 303.7), (326.1, 307.5), (342.9, 307.5), (361.6, 307.5), (372.8, 320.5), (372.8, 335.5), (372.8, 350.4), (372.8, 365.3), (372.8, 372.8), (372.8, 372.8), (372.8, 372.8), (372.8, 372.8), (372.8, 372.8), (372.8, 372.8), (372.8, 372.8), (372.8, 372.8), (372.8, 372.8), (372.8, 372.8), (372.8, 372.8), (372.8, 372.8), (372.8, 372.8), (372.8, 372.8), (372.8, 372.8), (372.8, 372.8), (372.8, 372.8), (372.8, 372.8), (372.8, 372.8), (372.8, 372.8), (372.8, 372.8), (372.8, 372.8), (372.8, 372.8), (372.8, 372.8), (372.8, 372.8), (372.8, 372.8), (372.8, 372.8), (372.8, 372.8), (372.8, 372.8), (372.8, 372.8), (372.8, 372.8), (372.8, 372.8), (372.8, 372.8), (372.8, 372.8), (372.8, 372.8), (372.8, 372.8), (372.8, 372.8), (372.8, 372.8), (372.8, 372.8), (372.8, 372.8), (372.8, 372.8), (372.8, 372.8), (372.8, 372.8), (372.8, 372.8), (372.8, 372.8), (372.8, 372.8), (372.8, 372.8), (372.8, 372.8), (372.8, 372.8), (372.8, 372.8), (372.8, 372.8), (372.8, 372.8), (372.8, 372.8), (372.8, 372.8), (372.8, 372.8), (372.8, 372.8)]",0,1,12.0
novice,bomberman,2,Bomb,4,0,24.89,0.926,"[(48.0, 48.0), (51.7, 62.9), (51.7, 77.9), (51.7, 98.4), (55.5, 113.3), (70.4, 115.2), (87.2, 115.2), (105.9, 115.2), (115.2, 128.3), (115.2, 143.2), (115.2, 165.6), (122.7, 180.5), (137.6, 180.5), (158.1, 180.5), (174.9, 184.3), (180.5, 199.2), (180.5, 216.0), (180.5, 236.5), (195.5, 244.0), (210.4, 244.0), (232.8, 244.0), (244.0, 257.1), (244.0, 272.0), (244.0, 292.5), (251.5, 307.5), (266.4, 307.5), (286.9, 307.5), (301.9, 311.2), (307.5, 326.1), (307.5, 341.1), (307.5, 361.6), (318.7, 372.8), (333.6, 372.8), (348.5, 372.8), (363.5, 372.8), (372.8, 372.8), (372.8, 372.8), (372.8, 372.8), (372.8, 372.8), (372.8, 372.8), (372.8, 372.8), (372.8, 372.8), (372.8, 372.8), (372.8, 372.8), (372.8, 372.8), (372.8, 372.8), (372.8, 372.8), (372.8, 372.8), (372.8, 372.8), (372.8, 372.8), (372.8, 372.8), (372.8, 372.8), (372.8, 372.8), (372.8, 372.8), (372.8, 372.8), (372.8, 372.8), (372.8, 372.8), (372.8, 372.8), (372.8, 372.8), (372.8, 372.8), (372.8, 372.8), (372.8, 372.8), (372.8, 372.8), (372.8, 372.8), (372.8, 372.8), (372.8, 372.8), (372.8, 372.8), (372.8, 372.8), (372.8, 372.8), (372.8, 372.8), (372.8, 372.8), (372.8, 372.8), (372.8, 372.8), (372.8, 372.8), (372.8, 372.8), (372.8, 372.8), (372.8, 372.8), (372.8, 372.8), (372.8, 372.8), (372.8, 372.8), (372.8, 372.8), (372.8, 372.8), (372.8, 372.8), (372.8, 372.8), (372.8, 372.8), (372.8, 372.8), (372.8, 372.8), (372.8, 372.8), (372.8, 372.8), (372.8, 372.8), (372.8, 372.8)]",0,1,12.0
novice,bomberman,2,Bomb,4,0,24.89,0.926,"[(48.0, 48.0), (51.7, 62.9), (51.7, 77.9), (51.7, 98.4), (55.5, 113.3), (70.4, 115.2), (87.2, 115.2), (105.9, 115.2), (115.2, 128.3), (115.2, 143.2), (115.2, 165.6), (122.7, 180.5), (137.6, 180.5), (158.1, 180.5), (174.9, 184.3), (180.5, 199.2), (180.5, 216.0), (180.5, 236.5), (195.5, 244.0), (210.4, 244.0), (232.8, 244.0), (244.0, 257.1), (244.0, 272.0), (244.0, 292.5), (251.5, 307.5), (266.4, 307.5), (286.9, 307.5), (301.9, 311.2), (307.5, 326.1), (307.5, 341.1), (307.5, 361.6), (318.7, 372.8), (333.6, 372.8), (348.5, 372.8), (363.5, 372.8), (372.8, 372.8), (372.8, 372.8), (372.8, 372.8), (372.8, 372.8), (372.8, 372.8), (372.8, 372.8), (372.8, 372.8), (372.8, 372.8), (372.8, 372.8), (372.8, 372.8), (372.8, 372.8), (372.8, 372.8), (372.8, 372.8), (372.8, 372.8), (372.8, 372.8), (372.8, 372.8), (372.8, 372.8), (372.8, 372.8), (372.8, 372.8), (372.8, 372.8), (372.8, 372.8), (372.8, 372.8), (372.8, 372.8), (372.8, 372.8), (372.8, 372.8), (372.8, 372.8), (372.8, 372.8), (372.8, 372.8), (372.8, 372.8), (372.8, 372.8), (372.8, 372.8), (372.8, 372.8), (372.8, 372.8), (372.8, 372.8), (372.8, 372.8), (372.8, 372.8), (372.8, 372.8), (372.8, 372.8), (372.8, 372.8), (372.8, 372.8), (372.8, 372.8), (372.8, 372.8), (372.8, 372.8), (372.8, 372.8), (372.8, 372.8), (372.8, 372.8), (372.8, 372.8), (372.8, 372.8), (372.8, 372.8), (372.8, 372.8), (372.8, 372.8), (372.8, 372.8), (372.8, 372.8), (372.8, 372.8), (372.8, 372.8), (372.8, 372.8)]",0,1,12.0
novice,bomberman,2,Bomb,4,0,24.42,0.926,"[(48.0, 48.0), (62.9, 51.7), (77.9, 51.7), (98.4, 51.7), (113.3, 57.3), (115.2, 72.3), (115.2, 89.1), (115.2, 107.7), (128.3, 115.2), (143.2, 115.2), (165.6, 115.2), (180.5, 124.5), (180.5, 139.5), (180.5, 160.0), (184.3, 176.8), (199.2, 180.5), (217.9, 180.5), (236.5, 182.4), (244.0, 197.3), (244.0, 212.3), (244.0, 234.7), (257.1, 244.0), (272.0, 244.0), (292.5, 244.0), (307.5, 253.3), (307.5, 268.3), (307.5, 288.8), (311.2, 303.7), (326.1, 307.5), (342.9, 307.5), (361.6, 307.5), (372.8, 320.5), (372.8, 335.5), (372.8, 350.4), (372.8, 365.3), (372.8, 372.8), (372.8, 372.8), (372.8, 372.8), (372.8, 372.8), (372.8, 372.8), (372.8, 372.8), (372.8, 372.8), (372.8, 372.8), (372.8, 372.8), (372.8, 372.8), (372.8, 372.8), (372.8, 372.8), (372.8, 372.8), (372.8, 372.8), (372.8, 372.8), (372.8, 372.8), (372.8, 372.8), (372.8, 372.8), (372.8, 372.8), (372.8, 372.8), (372.8, 372.8), (372.8, 372.8), (372.8, 372.8), (372.8, 372.8), (372.8, 372.8), (372.8, 372.8), (372.8, 372.8), (372.8, 372.8), (372.8, 372.8), (372.8, 372.8), (372.8, 372.8), (372.8, 372.8), (372.8, 372.8), (372.8, 372.8), (372.8, 372.8), (372.8, 372.8), (372.8, 372.8), (372.8, 372.8), (372.8, 372.8), (372.8, 372.8), (372.8, 372.8), (372.8, 372.8), (372.8, 372.8), (372.8, 372.8), (372.8, 372.8), (372.8, 372.8), (372.8, 372.8), (372.8, 372.8), (372.8, 372.8), (372.8, 372.8), (372.8, 372.8), (372.8, 372.8), (372.8, 372.8), (372.8, 372.8), (372.8, 372.8), (372.8, 372.8)]",0,1,12.0
novice,bomberman,2,Bomb,6,0,24.42,0.926,"[(48.0, 48.0), (62.9, 51.7), (77.9, 51.7), (98.4, 51.7), (113.3, 57.3), (115.2, 72.3), (115.2, 89.1), (115.2, 107.7), (128.3, 115.2), (143.2, 115.2), (165.6, 115.2), (180.5, 124.5), (180.5, 139.5), (180.5, 160.0), (184.3, 176.8), (199.2, 180.5), (217.9, 180.5), (236.5, 182.4), (244.0, 197.3), (244.0, 212.3), (244.0, 234.7), (257.1, 244.0), (272.0, 244.0), (292.5, 244.0), (307.5, 253.3), (307.5, 268.3), (307.5, 288.8), (311.2, 303.7), (326.1, 307.5), (342.9, 307.5), (361.6, 307.5), (372.8, 320.5), (372.8, 335.5), (372.8, 350.4), (372.8, 365.3), (372.8, 372.8), (372.8, 372.8), (372.8, 372.8), (372.8, 372.8), (372.8, 372.8), (372.8, 372.8), (372.8, 372.8), (372.8, 372.8), (372.8, 372.8), (372.8, 372.8), (372.8, 372.8), (372.8, 372.8), (372.8, 372.8), (372.8, 372.8), (372.8, 372.8), (372.8, 372.8), (372.8, 372.8), (372.8, 372.8), (372.8, 372.8), (372.8, 372.8), (372.8, 372.8), (372.8, 372.8), (372.8, 372.8), (372.8, 372.8), (372.8, 372.8), (372.8, 372.8), (372.8, 372.8), (372.8, 372.8), (372.8, 372.8), (372.8, 372.8), (372.8, 372.8), (372.8, 372.8), (372.8, 372.8), (372.8, 372.8), (372.8, 372.8), (372.8, 372.8), (372.8, 372.8), (372.8, 372.8), (372.8, 372.8), (372.8, 372.8), (372.8, 372.8), (372.8, 372.8), (372.8, 372.8), (372.8, 372.8), (372.8, 372.8), (372.8, 372.8), (372.8, 372.8), (372.8, 372.8), (372.8, 372.8), (372.8, 372.8), (372.8, 372.8), (372.8, 372.8), (372.8, 372.8), (372.8, 372.8), (372.8, 372.8), (372.8, 372.8)]",0,1,12.0
novice,bomberman,2,Bomb,4,0,24.42,0.926,"[(48.0, 48.0), (62.9, 51.7), (77.9, 51.7), (98.4, 51.7), (113.3, 57.3), (115.2, 72.3), (115.2, 89.1), (115.2, 107.7), (128.3, 115.2), (143.2, 115.2), (165.6, 115.2), (180.5, 124.5), (180.5, 139.5), (180.5, 160.0), (184.3, 176.8), (199.2, 180.5), (217.9, 180.5), (236.5, 182.4), (244.0, 197.3), (244.0, 212.3), (244.0, 234.7), (257.1, 244.0), (272.0, 244.0), (292.5, 244.0), (307.5, 253.3), (307.5, 268.3), (307.5, 288.8), (311.2, 303.7), (326.1, 307.5), (342.9, 307.5), (361.6, 307.5), (372.8, 320.5), (372.8, 335.5), (372.8, 350.4), (372.8, 365.3), (372.8, 372.8), (372.8, 372.8), (372.8, 372.8), (372.8, 372.8), (372.8, 372.8), (372.8, 372.8), (372.8, 372.8), (372.8, 372.8), (372.8, 372.8), (372.8, 372.8), (372.8, 372.8), (372.8, 372.8), (372.8, 372.8), (372.8, 372.8), (372.8, 372.8), (372.8, 372.8), (372.8, 372.8), (372.8, 372.8), (372.8, 372.8), (372.8, 372.8), (372.8, 372.8), (372.8, 372.8), (372.8, 372.8), (372.8, 372.8), (372.8, 372.8), (372.8, 372.8), (372.8, 372.8), (372.8, 372.8), (372.8, 372.8), (372.8, 372.8), (372.8, 372.8), (372.8, 372.8), (372.8, 372.8), (372.8, 372.8), (372.8, 372.8), (372.8, 372.8), (372.8, 372.8), (372.8, 372.8), (372.8, 372.8), (372.8, 372.8), (372.8, 372.8), (372.8, 372.8), (372.8, 372.8), (372.8, 372.8), (372.8, 372.8), (372.8, 372.8), (372.8, 372.8), (372.8, 372.8), (372.8, 372.8), (372.8, 372.8), (372.8, 372.8), (372.8, 372.8), (372.8, 372.8), (372.8, 372.8), (372.8, 372.8), (372.8, 372.8)]",0,1,12.0
novice,bomberman,2,Bomb,7,0,34.68,0.926,"[(48.0, 48.0), (62.9, 51.7), (77.9, 51.7), (98.4, 51.7), (113.3, 57.3), (115.2, 72.3), (115.2, 89.1), (115.2, 107.7), (128.3, 115.2), (143.2, 115.2), (165.6, 115.2), (180.5, 124.5), (180.5, 139.5), (180.5, 160.0), (184.3, 176.8), (199.2, 180.5), (217.9, 180.5), (236.5, 182.4), (244.0, 197.3), (244.0, 212.3), (244.0, 234.7), (257.1, 244.0), (272.0, 244.0), (292.5, 244.0), (307.5, 253.3), (307.5, 268.3), (307.5, 288.8), (311.2, 303.7), (326.1, 307.5), (342.9, 307.5), (361.6, 307.5), (372.8, 320.5), (372.8, 335.5), (372.8, 350.4), (372.8, 365.3), (372.8, 372.8), (372.8, 372.8), (372.8, 372.8), (372.8, 372.8), (372.8, 372.8), (372.8, 372.8), (372.8, 372.8), (372.8, 372.8), (372.8, 372.8), (372.8, 372.8), (372.8, 372.8), (372.8, 372.8), (372.8, 372.8), (372.8, 372.8), (372.8, 372.8), (372.8, 372.8), (372.8, 372.8), (372.8, 372.8), (372.8, 372.8), (372.8, 372.8), (372.8, 372.8), (372.8, 372.8), (372.8, 372.8), (372.8, 372.8), (372.8, 372.8), (372.8, 372.8), (372.8, 372.8), (372.8, 372.8), (372.8, 372.8)]",0,1,8.45
novice,bomberman,2,Bomb,6,0,24.42,0.926,"[(48.0, 48.0), (62.9, 51.7), (77.9, 51.7), (98.4, 51.7), (113.3, 57.3), (115.2, 72.3), (115.2, 89.1), (115.2, 107.7), (128.3, 115.2), (143.2, 115.2), (165.6, 115.2), (180.5, 124.5), (180.5, 139.5), (180.5, 160.0), (184.3, 176.8), (199.2, 180.5), (217.9, 180.5), (236.5, 182.4), (244.0, 197.3), (244.0, 212.3), (244.0, 234.7), (257.1, 244.0), (272.0, 244.0), (292.5, 244.0), (307.5, 253.3), (307.5, 268.3), (307.5, 288.8), (311.2, 303.7), (326.1, 307.5), (342.9, 307.5), (361.6, 307.5), (372.8, 320.5), (372.8, 335.5), (372.8, 350.4), (372.8, 365.3), (372.8, 372.8), (372.8, 372.8), (372.8, 372.8), (372.8, 372.8), (372.8, 372.8), (372.8, 372.8), (372.8, 372.8), (372.8, 372.8), (372.8, 372.8), (372.8, 372.8), (372.8, 372.8), (372.8, 372.8), (372.8, 372.8), (372.8, 372.8), (372.8, 372.8), (372.8, 372.8), (372.8, 372.8), (372.8, 372.8), (372.8, 372.8), (372.8, 372.8), (372.8, 372.8), (372.8, 372.8), (372.8, 372.8), (372.8, 372.8), (372.8, 372.8), (372.8, 372.8), (372.8, 372.8), (372.8, 372.8), (372.8, 372.8), (372.8, 372.8), (372.8, 372.8), (372.8, 372.8), (372.8, 372.8), (372.8, 372.8), (372.8, 372.8), (372.8, 372.8), (372.8, 372.8), (372.8, 372.8), (372.8, 372.8), (372.8, 372.8), (372.8, 372.8), (372.8, 372.8), (372.8, 372.8), (372.8, 372.8), (372.8, 372.8), (372.8, 372.8), (372.8, 372.8), (372.8, 372.8), (372.8, 372.8), (372.8, 372.8), (372.8, 372.8), (372.8, 372.8), (372.8, 372.8), (372.8, 372.8), (372.8, 372.8), (372.8, 372.8)]",0,1,12.0
novice,bomberman,2,Bomb,3,0,32.21,0.926,"[(48.0, 48.0), (62.9, 51.7), (77.9, 51.7), (98.4, 51.7), (113.3, 57.3), (115.2, 72.3), (115.2, 89.1), (115.2, 107.7), (128.3, 115.2), (143.2, 115.2), (165.6, 115.2), (180.5, 124.5), (180.5, 139.5), (180.5, 160.0), (184.3, 176.8), (199.2, 180.5), (217.9, 180.5), (236.5, 182.4), (244.0, 197.3), (244.0, 212.3), (244.0, 234.7), (257.1, 244.0), (272.0, 244.0), (292.5, 244.0), (307.5, 253.3), (307.5, 268.3), (307.5, 288.8), (311.2, 303.7), (326.1, 307.5), (342.9, 307.5), (361.6, 307.5), (372.8, 320.5), (372.8, 335.5), (372.8, 350.4), (372.8, 365.3), (372.8, 372.8), (372.8, 372.8), (372.8, 372.8), (372.8, 372.8), (372.8, 372.8), (372.8, 372.8), (372.8, 372.8), (372.8, 372.8), (372.8, 372.8), (372.8, 372.8), (372.8, 372.8), (372.8, 372.8), (372.8, 372.8), (372.8, 372.8), (372.8, 372.8), (372.8, 372.8), (372.8, 372.8), (372.8, 372.8), (372.8, 372.8), (372.8, 372.8), (372.8, 372.8), (372.8, 372.8), (372.8, 372.8), (372.8, 372.8), (372.8, 372.8), (372.8, 372.8), (372.8, 372.8), (372.8, 372.8), (372.8, 372.8), (372.8, 372.8), (372.8, 372.8), (372.8, 372.8), (372.8, 372.8), (372.8, 372.8)]",0,1,9.1
novice,bomberman,2,Bomb,8,0,24.42,0.926,"[(48.0, 48.0), (62.9, 51.7), (77.9, 51.7), (98.4, 51.7), (113.3, 57.3), (115.2, 72.3), (115.2, 89.1), (115.2, 107.7), (128.3, 115.2), (143.2, 115.2), (165.6, 115.2), (180.5, 124.5), (180.5, 139.5), (180.5, 160.0), (184.3, 176.8), (199.2, 180.5), (217.9, 180.5), (236.5, 182.4), (244.0, 197.3), (244.0, 212.3), (244.0, 234.7), (257.1, 244.0), (272.0, 244.0), (292.5, 244.0), (307.5, 253.3), (307.5, 268.3), (307.5, 288.8), (311.2, 303.7), (326.1, 307.5), (342.9, 307.5), (361.6, 307.5), (372.8, 320.5), (372.8, 335.5), (372.8, 350.4), (372.8, 365.3), (372.8, 372.8), (372.8, 372.8), (372.8, 372.8), (372.8, 372.8), (372.8, 372.8), (372.8, 372.8), (372.8, 372.8), (372.8, 372.8), (372.8, 372.8), (372.8, 372.8), (372.8, 372.8), (372.8, 372.8), (372.8, 372.8), (372.8, 372.8), (372.8, 372.8), (372.8, 372.8), (372.8, 372.8), (372.8, 372.8), (372.8, 372.8), (372.8, 372.8), (372.8, 372.8), (372.8, 372.8), (372.8, 372.8), (372.8, 372.8), (372.8, 372.8), (372.8, 372.8), (372.8, 372.8), (372.8, 372.8), (372.8, 372.8), (372.8, 372.8), (372.8, 372.8), (372.8, 372.8), (372.8, 372.8), (372.8, 372.8), (372.8, 372.8), (372.8, 372.8), (372.8, 372.8), (372.8, 372.8), (372.8, 372.8), (372.8, 372.8), (372.8, 372.8), (372.8, 372.8), (372.8, 372.8), (372.8, 372.8), (372.8, 372.8), (372.8, 372.8), (372.8, 372.8), (372.8, 372.8), (372.8, 372.8), (372.8, 372.8), (372.8, 372.8), (372.8, 372.8), (372.8, 372.8), (372.8, 372.8), (372.8, 372.8), (372.8, 372.8)]",0,1,12.0
novice,bomberman,2,Bomb,6,0,24.89,0.926,"[(48.0, 48.0), (51.7, 62.9), (51.7, 77.9), (51.7, 98.4), (55.5, 113.3), (70.4, 115.2), (87.2, 115.2), (105.9, 115.2), (115.2, 128.3), (115.2, 143.2), (115.2, 165.6), (122.7, 180.5), (137.6, 180.5), (158.1, 180.5), (174.9, 184.3), (180.5, 199.2), (180.5, 216.0), (180.5, 236.5), (195.5, 244.0), (210.4, 244.0), (232.8, 244.0), (244.0, 257.1), (244.0, 272.0), (244.0, 292.5), (251.5, 307.5), (266.4, 307.5), (286.9, 307.5), (301.9, 311.2), (307.5, 326.1), (307.5, 341.1), (307.5, 361.6), (318.7, 372.8), (333.6, 372.8), (348.5, 372.8), (363.5, 372.8), (372.8, 372.8), (372.8, 372.8), (372.8, 372.8), (372.8, 372.8), (372.8, 372.8), (372.8, 372.8), (372.8, 372.8), (372.8, 372.8), (372.8, 372.8), (372.8, 372.8), (372.8, 372.8), (372.8, 372.8), (372.8, 372.8), (372.8, 372.8), (372.8, 372.8), (372.8, 372.8), (372.8, 372.8), (372.8, 372.8), (372.8, 372.8), (372.8, 372.8), (372.8, 372.8), (372.8, 372.8), (372.8, 372.8), (372.8, 372.8), (372.8, 372.8), (372.8, 372.8), (372.8, 372.8), (372.8, 372.8), (372.8, 372.8), (372.8, 372.8), (372.8, 372.8), (372.8, 372.8), (372.8, 372.8), (372.8, 372.8), (372.8, 372.8), (372.8, 372.8), (372.8, 372.8), (372.8, 372.8), (372.8, 372.8), (372.8, 372.8), (372.8, 372.8), (372.8, 372.8), (372.8, 372.8), (372.8, 372.8), (372.8, 372.8), (372.8, 372.8), (372.8, 372.8), (372.8, 372.8), (372.8, 372.8), (372.8, 372.8), (372.8, 372.8), (372.8, 372.8), (372.8, 372.8), (372.8, 372.8), (372.8, 372.8), (372.8, 372.8)]",0,1,12.0
novice,bomberman,2,Bomb,4,0,24.42,0.926,"[(48.0, 48.0), (62.9, 51.7), (77.9, 51.7), (98.4, 51.7), (113.3, 57.3), (115.2, 72.3), (115.2, 89.1), (115.2, 107.7), (128.3, 115.2), (143.2, 115.2), (165.6, 115.2), (180.5, 124.5), (180.5, 139.5), (180.5, 160.0), (184.3, 176.8), (199.2, 180.5), (217.9, 180.5), (236.5, 182.4), (244.0, 197.3), (244.0, 212.3), (244.0, 234.7), (257.1, 244.0), (272.0, 244.0), (292.5, 244.0), (307.5, 253.3), (307.5, 268.3), (307.5, 288.8), (311.2, 303.7), (326.1, 307.5), (342.9, 307.5), (361.6, 307.5), (372.8, 320.5), (372.8, 335.5), (372.8, 350.4), (372.8, 365.3), (372.8, 372.8), (372.8, 372.8), (372.8, 372.8), (372.8, 372.8), (372.8, 372.8), (372.8, 372.8), (372.8, 372.8), (372.8, 372.8), (372.8, 372.8), (372.8, 372.8), (372.8, 372.8), (372.8, 372.8), (372.8, 372.8), (372.8, 372.8), (372.8, 372.8), (372.8, 372.8), (372.8, 372.8), (372.8, 372.8), (372.8, 372.8), (372.8, 372.8), (372.8, 372.8), (372.8, 372.8), (372.8, 372.8), (372.8, 372.8), (372.8, 372.8), (372.8, 372.8), (372.8, 372.8), (372.8, 372.8), (372.8, 372.8), (372.8, 372.8), (372.8, 372.8), (372.8, 372.8), (372.8, 372.8), (372.8, 372.8), (372.8, 372.8), (372.8, 372.8), (372.8, 372.8), (372.8, 372.8), (372.8, 372.8), (372.8, 372.8), (372.8, 372.8), (372.8, 372.8), (372.8, 372.8), (372.8, 372.8), (372.8, 372.8), (372.8, 372.8), (372.8, 372.8), (372.8, 372.8), (372.8, 372.8), (372.8, 372.8), (372.8, 372.8), (372.8, 372.8), (372.8, 372.8), (372.8, 372.8), (372.8, 372.8), (372.8, 372.8)]",0,1,12.0
novice,bomberman,2,Bomb,4,0,24.42,0.926,"[(48.0, 48.0), (62.9, 51.7), (77.9, 51.7), (98.4, 51.7), (113.3, 57.3), (115.2, 72.3), (115.2, 89.1), (115.2, 107.7), (128.3, 115.2), (143.2, 115.2), (165.6, 115.2), (180.5, 124.5), (180.5, 139.5), (180.5, 160.0), (184.3, 176.8), (199.2, 180.5), (217.9, 180.5), (236.5, 182.4), (244.0, 197.3), (244.0, 212.3), (244.0, 234.7), (257.1, 244.0), (272.0, 244.0), (292.5, 244.0), (307.5, 253.3), (307.5, 268.3), (307.5, 288.8), (311.2, 303.7), (326.1, 307.5), (342.9, 307.5), (361.6, 307.5), (372.8, 320.5), (372.8, 335.5), (372.8, 350.4), (372.8, 365.3), (372.8, 372.8), (372.8, 372.8), (372.8, 372.8), (372.8, 372.8), (372.8, 372.8), (372.8, 372.8), (372.8, 372.8), (372.8, 372.8), (372.8, 372.8), (372.8, 372.8), (372.8, 372.8), (372.8, 372.8), (372.8, 372.8), (372.8, 372.8), (372.8, 372.8), (372.8, 372.8), (372.8, 372.8), (372.8, 372.8), (372.8, 372.8), (372.8, 372.8), (372.8, 372.8), (372.8, 372.8), (372.8, 372.8), (372.8, 372.8), (372.8, 372.8), (372.8, 372.8), (372.8, 372.8), (372.8, 372.8), (372.8, 372.8), (372.8, 372.8), (372.8, 372.8), (372.8, 372.8), (372.8, 372.8), (372.8, 372.8), (372.8, 372.8), (372.8, 372.8), (372.8, 372.8), (372.8, 372.8), (372.8, 372.8), (372.8, 372.8), (372.8, 372.8), (372.8, 372.8), (372.8, 372.8), (372.8, 372.8), (372.8, 372.8), (372.8, 372.8), (372.8, 372.8), (372.8, 372.8), (372.8, 372.8), (372.8, 372.8), (372.8, 372.8), (372.8, 372.8), (372.8, 372.8), (372.8, 372.8), (372.8, 372.8), (372.8, 372.8)]",0,1,12.0
novice,bomberman,2,Bomb,6,0,24.89,0.926,"[(48.0, 48.0), (51.7, 62.9), (51.7, 77.9), (51.7, 98.4), (55.5, 113.3), (70.4, 115.2), (87.2, 115.2), (105.9, 115.2), (115.2, 128.3), (115.2, 143.2), (115.2, 165.6), (122.7, 180.5), (137.6, 180.5), (158.1, 180.5), (174.9, 184.3), (180.5, 199.2), (180.5, 216.0), (180.5, 236.5), (195.5, 244.0), (210.4, 244.0), (232.8, 244.0), (244.0, 257.1), (244.0, 272.0), (244.0, 292.5), (251.5, 307.5), (266.4, 307.5), (286.9, 307.5), (301.9, 311.2), (307.5, 326.1), (307.5, 341.1), (307.5, 361.6), (318.7, 372.8), (333.6, 372.8), (348.5, 372.8), (363.5, 372.8), (372.8, 372.8), (372.8, 372.8), (372.8, 372.8), (372.8, 372.8), (372.8, 372.8), (372.8, 372.8), (372.8, 372.8), (372.8, 372.8), (372.8, 372.8), (372.8, 372.8), (372.8, 372.8), (372.8, 372.8), (372.8, 372.8), (372.8, 372.8), (372.8, 372.8), (372.8, 372.8), (372.8, 372.8), (372.8, 372.8), (372.8, 372.8), (372.8, 372.8), (372.8, 372.8), (372.8, 372.8), (372.8, 372.8), (372.8, 372.8), (372.8, 372.8), (372.8, 372.8), (372.8, 372.8), (372.8, 372.8), (372.8, 372.8), (372.8, 372.8), (372.8, 372.8), (372.8, 372.8), (372.8, 372.8), (372.8, 372.8), (372.8, 372.8), (372.8, 372.8), (372.8, 372.8), (372.8, 372.8), (372.8, 372.8), (372.8, 372.8), (372.8, 372.8), (372.8, 372.8), (372.8, 372.8), (372.8, 372.8), (372.8, 372.8), (372.8, 372.8), (372.8, 372.8), (372.8, 372.8), (372.8, 372.8), (372.8, 372.8), (372.8, 372.8), (372.8, 372.8), (372.8, 372.8), (372.8, 372.8), (372.8, 372.8), (372.8, 372.8)]",0,1,12.0
novice,bomberman,2,Bomb,8,0,24.42,0.926,"[(48.0, 48.0), (62.9, 51.7), (77.9, 51.7), (98.4, 51.7), (113.3, 57.3), (115.2, 72.3), (115.2, 89.1), (115.2, 107.7), (128.3, 115.2), (143.2, 115.2), (165.6, 115.2), (180.5, 124.5), (180.5, 139.5), (180.5, 160.0), (184.3, 176.8), (199.2, 180.5), (217.9, 180.5), (236.5, 182.4), (244.0, 197.3), (244.0, 212.3), (244.0, 234.7), (257.1, 244.0), (272.0, 244.0), (292.5, 244.0), (307.5, 253.3), (307.5, 268.3), (307.5, 288.8), (311.2, 303.7), (326.1, 307.5), (342.9, 307.5), (361.6, 307.5), (372.8, 320.5), (372.8, 335.5), (372.8, 350.4), (372.8, 365.3), (372.8, 372.8), (372.8, 372.8), (372.8, 372.8), (372.8, 372.8), (372.8, 372.8), (372.8, 372.8), (372.8, 372.8), (372.8, 372.8), (372.8, 372.8), (372.8, 372.8), (372.8, 372.8), (372.8, 372.8), (372.8, 372.8), (372.8, 372.8), (372.8, 372.8), (372.8, 372.8), (372.8, 372.8), (372.8, 372.8), (372.8, 372.8), (372.8, 372.8), (372.8, 372.8), (372.8, 372.8), (372.8, 372.8), (372.8, 372.8), (372.8, 372.8), (372.8, 372.8), (372.8, 372.8), (372.8, 372.8), (372.8, 372.8), (372.8, 372.8), (372.8, 372.8), (372.8, 372.8), (372.8, 372.8), (372.8, 372.8), (372.8, 372.8), (372.8, 372.8), (372.8, 372.8), (372.8, 372.8), (372.8, 372.8), (372.8, 372.8), (372.8, 372.8), (372.8, 372.8), (372.8, 372.8), (372.8, 372.8), (372.8, 372.8), (372.8, 372.8), (372.8, 372.8), (372.8, 372.8), (372.8, 372.8), (372.8, 372.8), (372.8, 372.8), (372.8, 372.8), (372.8, 372.8), (372.8, 372.8), (372.8, 372.8), (372.8, 372.8)]",0,1,12.0
novice,bomberman,2,Bomb,3,0,32.21,0.926,"[(48.0, 48.0), (62.9, 51.7), (77.9, 51.7), (98.4, 51.7), (113.3, 57.3), (115.2, 72.3), (115.2, 89.1), (115.2, 107.7), (128.3, 115.2), (143.2, 115.2), (165.6, 115.2), (180.5, 124.5), (180.5, 139.5), (180.5, 160.0), (184.3, 176.8), (199.2, 180.5), (217.9, 180.5), (236.5, 182.4), (244.0, 197.3), (244.0, 212.3), (244.0, 234.7), (257.1, 244.0), (272.0, 244.0), (292.5, 244.0), (307.5, 253.3), (307.5, 268.3), (307.5, 288.8), (311.2, 303.7), (326.1, 307.5), (342.9, 307.5), (361.6, 307.5), (372.8, 320.5), (372.8, 335.5), (372.8, 350.4), (372.8, 365.3), (372.8, 372.8), (372.8, 372.8), (372.8, 372.8), (372.8, 372.8), (372.8, 372.8), (372.8, 372.8), (372.8, 372.8), (372.8, 372.8), (372.8, 372.8), (372.8, 372.8), (372.8, 372.8), (372.8, 372.8), (372.8, 372.8), (372.8, 372.8), (372.8, 372.8), (372.8, 372.8), (372.8, 372.8), (372.8, 372.8), (372.8, 372.8), (372.8, 372.8), (372.8, 372.8), (372.8, 372.8), (372.8, 372.8), (372.8, 372.8), (372.8, 372.8), (372.8, 372.8), (372.8, 372.8), (372.8, 372.8), (372.8, 372.8), (372.8, 372.8), (372.8, 372.8), (372.8, 372.8), (372.8, 372.8), (372.8, 372.8)]",0,1,9.1
novice,bomberman,2,Bomb,8,0,24.42,0.926,"[(48.0, 48.0), (62.9, 51.7), (77.9, 51.7), (98.4, 51.7), (113.3, 57.3), (115.2, 72.3), (115.2, 89.1), (115.2, 107.7), (128.3, 115.2), (143.2, 115.2), (165.6, 115.2), (180.5, 124.5), (180.5, 139.5), (180.5, 160.0), (184.3, 176.8), (199.2, 180.5), (217.9, 180.5), (236.5, 182.4), (244.0, 197.3), (244.0, 212.3), (244.0, 234.7), (257.1, 244.0), (272.0, 244.0), (292.5, 244.0), (307.5, 253.3), (307.5, 268.3), (307.5, 288.8), (311.2, 303.7), (326.1, 307.5), (342.9, 307.5), (361.6, 307.5), (372.8, 320.5), (372.8, 335.5), (372.8, 350.4), (372.8, 365.3), (372.8, 372.8), (372.8, 372.8), (372.8, 372.8), (372.8, 372.8), (372.8, 372.8), (372.8, 372.8), (372.8, 372.8), (372.8, 372.8), (372.8, 372.8), (372.8, 372.8), (372.8, 372.8), (372.8, 372.8), (372.8, 372.8), (372.8, 372.8), (372.8, 372.8), (372.8, 372.8), (372.8, 372.8), (372.8, 372.8), (372.8, 372.8), (372.8, 372.8), (372.8, 372.8), (372.8, 372.8), (372.8, 372.8), (372.8, 372.8), (372.8, 372.8), (372.8, 372.8), (372.8, 372.8), (372.8, 372.8), (372.8, 372.8), (372.8, 372.8), (372.8, 372.8), (372.8, 372.8), (372.8, 372.8), (372.8, 372.8), (372.8, 372.8), (372.8, 372.8), (372.8, 372.8), (372.8, 372.8), (372.8, 372.8), (372.8, 372.8), (372.8, 372.8), (372.8, 372.8), (372.8, 372.8), (372.8, 372.8), (372.8, 372.8), (372.8, 372.8), (372.8, 372.8), (372.8, 372.8), (372.8, 372.8), (372.8, 372.8), (372.8, 372.8), (372.8, 372.8), (372.8, 372.8), (372.8, 372.8), (372.8, 372.8), (372.8, 372.8)]",0,1,12.0
novice,bomberman,2,Bomb,6,0,24.42,0.926,"[(48.0, 48.0), (62.9, 51.7), (77.9, 51.7), (98.4, 51.7), (113.3, 57.3), (115.2, 72.3), (115.2, 89.1), (115.2, 107.7), (128.3, 115.2), (143.2, 115.2), (165.6, 115.2), (180.5, 124.5), (180.5, 139.5), (180.5, 160.0), (184.3, 176.8), (199.2, 180.5), (217.9, 180.5), (236.5, 182.4), (244.0, 197.3), (244.0, 212.3), (244.0, 234.7), (257.1, 244.0), (272.0, 244.0), (292.5, 244.0), (307.5, 253.3), (307.5, 268.3), (307.5, 288.8), (311.2, 303.7), (326.1, 307.5), (342.9, 307.5), (361.6, 307.5), (372.8, 320.5), (372.8, 335.5), (372.8, 350.4), (372.8, 365.3), (372.8, 372.8), (372.8, 372.8), (372.8, 372.8), (372.8, 372.8), (372.8, 372.8), (372.8, 372.8), (372.8, 372.8), (372.8, 372.8), (372.8, 372.8), (372.8, 372.8), (372.8, 372.8), (372.8, 372.8), (372.8, 372.8), (372.8, 372.8), (372.8, 372.8), (372.8, 372.8), (372.8, 372.8), (372.8, 372.8), (372.8, 372.8), (372.8, 372.8), (372.8, 372.8), (372.8, 372.8), (372.8, 372.8), (372.8, 372.8), (372.8, 372.8), (372.8, 372.8), (372.8, 372.8), (372.8, 372.8), (372.8, 372.8), (372.8, 372.8), (372.8, 372.8), (372.8, 372.8), (372.8, 372.8), (372.8, 372.8), (372.8, 372.8), (372.8, 372.8), (372.8, 372.8), (372.8, 372.8), (372.8, 372.8), (372.8, 372.8), (372.8, 372.8), (372.8, 372.8), (372.8, 372.8), (372.8, 372.8), (372.8, 372.8), (372.8, 372.8), (372.8, 372.8), (372.8, 372.8), (372.8, 372.8), (372.8, 372.8), (372.8, 372.8), (372.8, 372.8), (372.8, 372.8), (372.8, 372.8), (372.8, 372.8), (372.8, 372.8)]",0,1,12.0
novice,bomberman,2,Bomb,3,0,35.51,0.741,"[(48.0, 48.0), (51.7, 62.9), (51.7, 77.9), (51.7, 98.4), (55.5, 113.3), (70.4, 115.2), (87.2, 115.2), (105.9, 115.2), (115.2, 128.3), (115.2, 143.2), (115.2, 165.6), (122.7, 180.5), (137.6, 180.5), (158.1, 180.5), (174.9, 184.3), (180.5, 199.2), (180.5, 216.0), (180.5, 236.5), (195.5, 244.0), (210.4, 244.0), (232.8, 244.0), (244.0, 257.1), (244.0, 272.0), (236.5, 288.8), (247.7, 303.7), (262.7, 307.5), (279.5, 307.5), (298.1, 307.5), (307.5, 322.4), (300.0, 337.3), (305.6, 357.9), (314.9, 372.8), (329.9, 372.8), (344.8, 372.8), (359.7, 372.8), (365.3, 372.8), (365.3, 372.8), (365.3, 372.8), (365.3, 372.8), (365.3, 372.8), (365.3, 372.8), (365.3, 372.8), (365.3, 372.8), (365.3, 372.8), (365.3, 372.8), (365.3, 372.8), (365.3, 372.8), (365.3, 372.8), (365.3, 372.8), (365.3, 372.8), (365.3, 372.8), (365.3, 372.8), (365.3, 372.8), (365.3, 372.8), (365.3, 372.8), (365.3, 372.8), (365.3, 372.8), (365.3, 372.8), (365.3, 372.8), (365.3, 372.8), (365.3, 372.8), (365.3, 372.8)]",0,0,8.2
novice,bomberman,2,Bomb,4,0,24.42,0.926,"[(48.0, 48.0), (62.9, 51.7), (77.9, 51.7), (98.4, 51.7), (113.3, 57.3), (115.2, 72.3), (115.2, 89.1), (115.2, 107.7), (128.3, 115.2), (143.2, 115.2), (165.6, 115.2), (180.5, 124.5), (180.5, 139.5), (180.5, 160.0), (184.3, 176.8), (199.2, 180.5), (217.9, 180.5), (236.5, 182.4), (244.0, 197.3), (244.0, 212.3), (244.0, 234.7), (257.1, 244.0), (272.0, 244.0), (292.5, 244.0), (307.5, 253.3), (307.5, 268.3), (307.5, 288.8), (311.2, 303.7), (326.1, 307.5), (342.9, 307.5), (361.6, 307.5), (372.8, 320.5), (372.8, 335.5), (372.8, 350.4), (372.8, 365.3), (372.8, 372.8), (372.8, 372.8), (372.8, 372.8), (372.8, 372.8), (372.8, 372.8), (372.8, 372.8), (372.8, 372.8), (372.8, 372.8), (372.8, 372.8), (372.8, 372.8), (372.8, 372.8), (372.8, 372.8), (372.8, 372.8), (372.8, 372.8), (372.8, 372.8), (372.8, 372.8), (372.8, 372.8), (372.8, 372.8), (372.8, 372.8), (372.8, 372.8), (372.8, 372.8), (372.8, 372.8), (372.8, 372.8), (372.8, 372.8), (372.8, 372.8), (372.8, 372.8), (372.8, 372.8), (372.8, 372.8), (372.8, 372.8), (372.8, 372.8), (372.8, 372.8), (372.8, 372.8), (372.8, 372.8), (372.8, 372.8), (372.8, 372.8), (372.8, 372.8), (372.8, 372.8), (372.8, 372.8), (372.8, 372.8), (372.8, 372.8), (372.8, 372.8), (372.8, 372.8), (372.8, 372.8), (372.8, 372.8), (372.8, 372.8), (372.8, 372.8), (372.8, 372.8), (372.8, 372.8), (372.8, 372.8), (372.8, 372.8), (372.8, 372.8), (372.8, 372.8), (372.8, 372.8), (372.8, 372.8), (372.8, 372.8), (372.8, 372.8)]",0,1,12.0
novice,bomberman,2,Bomb,5,0,24.42,0.926,"[(48.0, 48.0), (62.9, 51.7), (77.9, 51.7), (98.4, 51.7), (113.3, 57.3), (115.2, 72.3), (115.2, 89.1), (115.2, 107.7), (128.3, 115.2), (143.2, 115.2), (165.6, 115.2), (180.5, 124.5), (180.5, 139.5), (180.5, 160.0), (184.3, 176.8), (199.2, 180.5), (217.9, 180.5), (236.5, 182.4), (244.0, 197.3), (244.0, 212.3), (244.0, 234.7), (257.1, 244.0), (272.0, 244.0), (292.5, 244.0), (307.5, 253.3), (307.5, 268.3), (307.5, 288.8), (311.2, 303.7), (326.1, 307.5), (342.9, 307.5), (361.6, 307.5), (372.8, 320.5), (372.8, 335.5), (372.8, 350.4), (372.8, 365.3), (372.8, 372.8), (372.8, 372.8), (372.8, 372.8), (372.8, 372.8), (372.8, 372.8), (372.8, 372.8), (372.8, 372.8), (372.8, 372.8), (372.8, 372.8), (372.8, 372.8), (372.8, 372.8), (372.8, 372.8), (372.8, 372.8), (372.8, 372.8), (372.8, 372.8), (372.8, 372.8), (372.8, 372.8), (372.8, 372.8), (372.8, 372.8), (372.8, 372.8), (372.8, 372.8), (372.8, 372.8), (372.8, 372.8), (372.8, 372.8), (372.8, 372.8), (372.8, 372.8), (372.8, 372.8), (372.8, 372.8), (372.8, 372.8), (372.8, 372.8), (372.8, 372.8), (372.8, 372.8), (372.8, 372.8), (372.8, 372.8), (372.8, 372.8), (372.8, 372.8), (372.8, 372.8), (372.8, 372.8), (372.8, 372.8), (372.8, 372.8), (372.8, 372.8), (372.8, 372.8), (372.8, 372.8), (372.8, 372.8), (372.8, 372.8), (372.8, 372.8), (372.8, 372.8), (372.8, 372.8), (372.8, 372.8), (372.8, 372.8), (372.8, 372.8), (372.8, 372.8), (372.8, 372.8), (372.8, 372.8), (372.8, 372.8), (372.8, 372.8)]",0,1,12.0
novice,bomberman,2,Bomb,4,0,24.89,0.926,"[(48.0, 48.0), (51.7, 62.9), (51.7, 77.9), (51.7, 98.4), (55.5, 113.3), (70.4, 115.2), (87.2, 115.2), (105.9, 115.2), (115.2, 128.3), (115.2, 143.2), (115.2, 165.6), (122.7, 180.5), (137.6, 180.5), (158.1, 180.5), (174.9, 184.3), (180.5, 199.2), (180.5, 216.0), (180.5, 236.5), (195.5, 244.0), (210.4, 244.0), (232.8, 244.0), (244.0, 257.1), (244.0, 272.0), (244.0, 292.5), (251.5, 307.5), (266.4, 307.5), (286.9, 307.5), (301.9, 311.2), (307.5, 326.1), (307.5, 341.1), (307.5, 361.6), (318.7, 372.8), (333.6, 372.8), (348.5, 372.8), (363.5, 372.8), (372.8, 372.8), (372.8, 372.8), (372.8, 372.8), (372.8, 372.8), (372.8, 372.8), (372.8, 372.8), (372.8, 372.8), (372.8, 372.8), (372.8, 372.8), (372.8, 372.8), (372.8, 372.8), (372.8, 372.8), (372.8, 372.8), (372.8, 372.8), (372.8, 372.8), (372.8, 372.8), (372.8, 372.8), (372.8, 372.8), (372.8, 372.8), (372.8, 372.8), (372.8, 372.8), (372.8, 372.8), (372.8, 372.8), (372.8, 372.8), (372.8, 372.8), (372.8, 372.8), (372.8, 372.8), (372.8, 372.8), (372.8, 372.8), (372.8, 372.8), (372.8, 372.8), (372.8, 372.8), (372.8, 372.8), (372.8, 372.8), (372.8, 372.8), (372.8, 372.8), (372.8, 372.8), (372.8, 372.8), (372.8, 372.8), (372.8, 372.8), (372.8, 372.8), (372.8, 372.8), (372.8, 372.8), (372.8, 372.8), (372.8, 372.8), (372.8, 372.8), (372.8, 372.8), (372.8, 372.8), (372.8, 372.8), (372.8, 372.8), (372.8, 372.8), (372.8, 372.8), (372.8, 372.8), (372.8, 372.8), (372.8, 372.8), (372.8, 372.8)]",0,1,12.0
novice,bomberman,2,Bomb,4,0,24.89,0.926,"[(48.0, 48.0), (51.7, 62.9), (51.7, 77.9), (51.7, 98.4), (55.5, 113.3), (70.4, 115.2), (87.2, 115.2), (105.9, 115.2), (115.2, 128.3), (115.2, 143.2), (115.2, 165.6), (122.7, 180.5), (137.6, 180.5), (158.1, 180.5), (174.9, 184.3), (180.5, 199.2), (180.5, 216.0), (180.5, 236.5), (195.5, 244.0), (210.4, 244.0), (232.8, 244.0), (244.0, 257.1), (244.0, 272.0), (244.0, 292.5), (251.5, 307.5), (266.4, 307.5), (286.9, 307.5), (301.9, 311.2), (307.5, 326.1), (307.5, 341.1), (307.5, 361.6), (318.7, 372.8), (333.6, 372.8), (348.5, 372.8), (363.5, 372.8), (372.8, 372.8), (372.8, 372.8), (372.8, 372.8), (372.8, 372.8), (372.8, 372.8), (372.8, 372.8), (372.8, 372.8), (372.8, 372.8), (372.8, 372.8), (372.8, 372.8), (372.8, 372.8), (372.8, 372.8), (372.8, 372.8), (372.8, 372.8), (372.8, 372.8), (372.8, 372.8), (372.8, 372.8), (372.8, 372.8), (372.8, 372.8), (372.8, 372.8), (372.8, 372.8), (372.8, 372.8), (372.8, 372.8), (372.8, 372.8), (372.8, 372.8), (372.8, 372.8), (372.8, 372.8), (372.8, 372.8), (372.8, 372.8), (372.8, 372.8), (372.8, 372.8), (372.8, 372.8), (372.8, 372.8), (372.8, 372.8), (372.8, 372.8), (372.8, 372.8), (372.8, 372.8), (372.8, 372.8), (372.8, 372.8), (372.8, 372.8), (372.8, 372.8), (372.8, 372.8), (372.8, 372.8), (372.8, 372.8), (372.8, 372.8), (372.8, 372.8), (372.8, 372.8), (372.8, 372.8), (372.8, 372.8), (372.8, 372.8), (372.8, 372.8), (372.8, 372.8), (372.8, 372.8), (372.8, 372.8), (372.8, 372.8), (372.8, 372.8)]",0,1,12.0
novice,bomberman,2,Bomb,5,0,24.42,0.926,"[(48.0, 48.0), (62.9, 51.7), (77.9, 51.7), (98.4, 51.7), (113.3, 57.3), (115.2, 72.3), (115.2, 89.1), (115.2, 107.7), (128.3, 115.2), (143.2, 115.2), (165.6, 115.2), (180.5, 124.5), (180.5, 139.5), (180.5, 160.0), (184.3, 176.8), (199.2, 180.5), (217.9, 180.5), (236.5, 182.4), (244.0, 197.3), (244.0, 212.3), (244.0, 234.7), (257.1, 244.0), (272.0, 244.0), (292.5, 244.0), (307.5, 253.3), (307.5, 268.3), (307.5, 288.8), (311.2, 303.7), (326.1, 307.5), (342.9, 307.5), (361.6, 307.5), (372.8, 320.5), (372.8, 335.5), (372.8, 350.4), (372.8, 365.3), (372.8, 372.8), (372.8, 372.8), (372.8, 372.8), (372.8, 372.8), (372.8, 372.8), (372.8, 372.8), (372.8, 372.8), (372.8, 372.8), (372.8, 372.8), (372.8, 372.8), (372.8, 372.8), (372.8, 372.8), (372.8, 372.8), (372.8, 372.8), (372.8, 372.8), (372.8, 372.8), (372.8, 372.8), (372.8, 372.8), (372.8, 372.8), (372.8, 372.8), (372.8, 372.8), (372.8, 372.8), (372.8, 372.8), (372.8, 372.8), (372.8, 372.8), (372.8, 372.8), (372.8, 372.8), (372.8, 372.8), (372.8, 372.8), (372.8, 372.8), (372.8, 372.8), (372.8, 372.8), (372.8, 372.8), (372.8, 372.8), (372.8, 372.8), (372.8, 372.8), (372.8, 372.8), (372.8, 372.8), (372.8, 372.8), (372.8, 372.8), (372.8, 372.8), (372.8, 372.8), (372.8, 372.8), (372.8, 372.8), (372.8, 372.8), (372.8, 372.8), (372.8, 372.8), (372.8, 372.8), (372.8, 372.8), (372.8, 372.8), (372.8, 372.8), (372.8, 372.8), (372.8, 372.8), (372.8, 372.8), (372.8, 372.8), (372.8, 372.8)]",0,1,12.0
novice,bomberman,2,Bomb,4,0,24.42,0.926,"[(48.0, 48.0), (62.9, 51.7), (77.9, 51.7), (98.4, 51.7), (113.3, 57.3), (115.2, 72.3), (115.2, 89.1), (115.2, 107.7), (128.3, 115.2), (143.2, 115.2), (165.6, 115.2), (180.5, 124.5), (180.5, 139.5), (180.5, 160.0), (184.3, 176.8), (199.2, 180.5), (217.9, 180.5), (236.5, 182.4), (244.0, 197.3), (244.0, 212.3), (244.0, 234.7), (257.1, 244.0), (272.0, 244.0), (292.5, 244.0), (307.5, 253.3), (307.5, 268.3), (307.5, 288.8), (311.2, 303.7), (326.1, 307.5), (342.9, 307.5), (361.6, 307.5), (372.8, 320.5), (372.8, 335.5), (372.8, 350.4), (372.8, 365.3), (372.8, 372.8), (372.8, 372.8), (372.8, 372.8), (372.8, 372.8), (372.8, 372.8), (372.8, 372.8), (372.8, 372.8), (372.8, 372.8), (372.8, 372.8), (372.8, 372.8), (372.8, 372.8), (372.8, 372.8), (372.8, 372.8), (372.8, 372.8), (372.8, 372.8), (372.8, 372.8), (372.8, 372.8), (372.8, 372.8), (372.8, 372.8), (372.8, 372.8), (372.8, 372.8), (372.8, 372.8), (372.8, 372.8), (372.8, 372.8), (372.8, 372.8), (372.8, 372.8), (372.8, 372.8), (372.8, 372.8), (372.8, 372.8), (372.8, 372.8), (372.8, 372.8), (372.8, 372.8), (372.8, 372.8), (372.8, 372.8), (372.8, 372.8), (372.8, 372.8), (372.8, 372.8), (372.8, 372.8), (372.8, 372.8), (372.8, 372.8), (372.8, 372.8), (372.8, 372.8), (372.8, 372.8), (372.8, 372.8), (372.8, 372.8), (372.8, 372.8), (372.8, 372.8), (372.8, 372.8), (372.8, 372.8), (372.8, 372.8), (372.8, 372.8), (372.8, 372.8), (372.8, 372.8), (372.8, 372.8), (372.8, 372.8), (372.8, 372.8)]",0,1,12.0
novice,bomberman,2,Bomb,6,0,24.42,0.926,"[(48.0, 48.0), (62.9, 51.7), (77.9, 51.7), (98.4, 51.7), (113.3, 57.3), (115.2, 72.3), (115.2, 89.1), (115.2, 107.7), (128.3, 115.2), (143.2, 115.2), (165.6, 115.2), (180.5, 124.5), (180.5, 139.5), (180.5, 160.0), (184.3, 176.8), (199.2, 180.5), (217.9, 180.5), (236.5, 182.4), (244.0, 197.3), (244.0, 212.3), (244.0, 234.7), (257.1, 244.0), (272.0, 244.0), (292.5, 244.0), (307.5, 253.3), (307.5, 268.3), (307.5, 288.8), (311.2, 303.7), (326.1, 307.5), (342.9, 307.5), (361.6, 307.5), (372.8, 320.5), (372.8, 335.5), (372.8, 350.4), (372.8, 365.3), (372.8, 372.8), (372.8, 372.8), (372.8, 372.8), (372.8, 372.8), (372.8, 372.8), (372.8, 372.8), (372.8, 372.8), (372.8, 372.8), (372.8, 372.8), (372.8, 372.8), (372.8, 372.8), (372.8, 372.8), (372.8, 372.8), (372.8, 372.8), (372.8, 372.8), (372.8, 372.8), (372.8, 372.8), (372.8, 372.8), (372.8, 372.8), (372.8, 372.8), (372.8, 372.8), (372.8, 372.8), (372.8, 372.8), (372.8, 372.8), (372.8, 372.8), (372.8, 372.8), (372.8, 372.8), (372.8, 372.8), (372.8, 372.8), (372.8, 372.8), (372.8, 372.8), (372.8, 372.8), (372.8, 372.8), (372.8, 372.8), (372.8, 372.8), (372.8, 372.8), (372.8, 372.8), (372.8, 372.8), (372.8, 372.8), (372.8, 372.8), (372.8, 372.8), (372.8, 372.8), (372.8, 372.8), (372.8, 372.8), (372.8, 372.8), (372.8, 372.8), (372.8, 372.8), (372.8, 372.8), (372.8, 372.8), (372.8, 372.8), (372.8, 372.8), (372.8, 372.8), (372.8, 372.8), (372.8, 372.8), (372.8, 372.8), (372.8, 372.8)]",0,1,12.0
novice,bomberman,2,Bomb,8,0,24.42,0.926,"[(48.0, 48.0), (62.9, 51.7), (77.9, 51.7), (98.4, 51.7), (113.3, 57.3), (115.2, 72.3), (115.2, 89.1), (115.2, 107.7), (128.3, 115.2), (143.2, 115.2), (165.6, 115.2), (180.5, 124.5), (180.5, 139.5), (180.5, 160.0), (184.3, 176.8), (199.2, 180.5), (217.9, 180.5), (236.5, 182.4), (244.0, 197.3), (244.0, 212.3), (244.0, 234.7), (257.1, 244.0), (272.0, 244.0), (292.5, 244.0), (307.5, 253.3), (307.5, 268.3), (307.5, 288.8), (311.2, 303.7), (326.1, 307.5), (342.9, 307.5), (361.6, 307.5), (372.8, 320.5), (372.8, 335.5), (372.8, 350.4), (372.8, 365.3), (372.8, 372.8), (372.8, 372.8), (372.8, 372.8), (372.8, 372.8), (372.8, 372.8), (372.8, 372.8), (372.8, 372.8), (372.8, 372.8), (372.8, 372.8), (372.8, 372.8), (372.8, 372.8), (372.8, 372.8), (372.8, 372.8), (372.8, 372.8), (372.8, 372.8), (372.8, 372.8), (372.8, 372.8), (372.8, 372.8), (372.8, 372.8), (372.8, 372.8), (372.8, 372.8), (372.8, 372.8), (372.8, 372.8), (372.8, 372.8), (372.8, 372.8), (372.8, 372.8), (372.8, 372.8), (372.8, 372.8), (372.8, 372.8), (372.8, 372.8), (372.8, 372.8), (372.8, 372.8), (372.8, 372.8), (372.8, 372.8), (372.8, 372.8), (372.8, 372.8), (372.8, 372.8), (372.8, 372.8), (372.8, 372.8), (372.8, 372.8), (372.8, 372.8), (372.8, 372.8), (372.8, 372.8), (372.8, 372.8), (372.8, 372.8), (372.8, 372.8), (372.8, 372.8), (372.8, 372.8), (372.8, 372.8), (372.8, 372.8), (372.8, 372.8), (372.8, 372.8), (372.8, 372.8), (372.8, 372.8), (372.8, 372.8), (372.8, 372.8)]",0,1,12.0
novice,bomberman,2,Bomb,6,0,24.42,0.926,"[(48.0, 48.0), (62.9, 51.7), (77.9, 51.7), (98.4, 51.7), (113.3, 57.3), (115.2, 72.3), (115.2, 89.1), (115.2, 107.7), (128.3, 115.2), (143.2, 115.2), (165.6, 115.2), (180.5, 124.5), (180.5, 139.5), (180.5, 160.0), (184.3, 176.8), (199.2, 180.5), (217.9, 180.5), (236.5, 182.4), (244.0, 197.3), (244.0, 212.3), (244.0, 234.7), (257.1, 244.0), (272.0, 244.0), (292.5, 244.0), (307.5, 253.3), (307.5, 268.3), (307.5, 288.8), (311.2, 303.7), (326.1, 307.5), (342.9, 307.5), (361.6, 307.5), (372.8, 320.5), (372.8, 335.5), (372.8, 350.4), (372.8, 365.3), (372.8, 372.8), (372.8, 372.8), (372.8, 372.8), (372.8, 372.8), (372.8, 372.8), (372.8, 372.8), (372.8, 372.8), (372.8, 372.8), (372.8, 372.8), (372.8, 372.8), (372.8, 372.8), (372.8, 372.8), (372.8, 372.8), (372.8, 372.8), (372.8, 372.8), (372.8, 372.8), (372.8, 372.8), (372.8, 372.8), (372.8, 372.8), (372.8, 372.8), (372.8, 372.8), (372.8, 372.8), (372.8, 372.8), (372.8, 372.8), (372.8, 372.8), (372.8, 372.8), (372.8, 372.8), (372.8, 372.8), (372.8, 372.8), (372.8, 372.8), (372.8, 372.8), (372.8, 372.8), (372.8, 372.8), (372.8, 372.8), (372.8, 372.8), (372.8, 372.8), (372.8, 372.8), (372.8, 372.8), (372.8, 372.8), (372.8, 372.8), (372.8, 372.8), (372.8, 372.8), (372.8, 372.8), (372.8, 372.8), (372.8, 372.8), (372.8, 372.8), (372.8, 372.8), (372.8, 372.8), (372.8, 372.8), (372.8, 372.8), (372.8, 372.8), (372.8, 372.8), (372.8, 372.8), (372.8, 372.8), (372.8, 372.8), (372.8, 372.8)]",0,1,12.0
novice,bomberman,2,Bomb,4,0,24.42,0.926,"[(48.0, 48.0), (62.9, 51.7), (77.9, 51.7), (98.4, 51.7), (113.3, 57.3), (115.2, 72.3), (115.2, 89.1), (115.2, 107.7), (128.3, 115.2), (143.2, 115.2), (165.6, 115.2), (180.5, 124.5), (180.5, 139.5), (180.5, 160.0), (184.3, 176.8), (199.2, 180.5), (217.9, 180.5), (236.5, 182.4), (244.0, 197.3), (244.0, 212.3), (244.0, 234.7), (257.1, 244.0), (272.0, 244.0), (292.5, 244.0), (307.5, 253.3), (307.5, 268.3), (307.5, 288.8), (311.2, 303.7), (326.1, 307.5), (342.9, 307.5), (361.6, 307.5), (372.8, 320.5), (372.8, 335.5), (372.8, 350.4), (372.8, 365.3), (372.8, 372.8), (372.8, 372.8), (372.8, 372.8), (372.8, 372.8), (372.8, 372.8), (372.8, 372.8), (372.8, 372.8), (372.8, 372.8), (372.8, 372.8), (372.8, 372.8), (372.8, 372.8), (372.8, 372.8), (372.8, 372.8), (372.8, 372.8), (372.8, 372.8), (372.8, 372.8), (372.8, 372.8), (372.8, 372.8), (372.8, 372.8), (372.8, 372.8), (372.8, 372.8), (372.8, 372.8), (372.8, 372.8), (372.8, 372.8), (372.8, 372.8), (372.8, 372.8), (372.8, 372.8), (372.8, 372.8), (372.8, 372.8), (372.8, 372.8), (372.8, 372.8), (372.8, 372.8), (372.8, 372.8), (372.8, 372.8), (372.8, 372.8), (372.8, 372.8), (372.8, 372.8), (372.8, 372.8), (372.8, 372.8), (372.8, 372.8), (372.8, 372.8), (372.8, 372.8), (372.8, 372.8), (372.8, 372.8), (372.8, 372.8), (372.8, 372.8), (372.8, 372.8), (372.8, 372.8), (372.8, 372.8), (372.8, 372.8), (372.8, 372.8), (372.8, 372.8), (372.8, 372.8), (372.8, 372.8), (372.8, 372.8), (372.8, 372.8)]",0,1,12.0
novice,bomberman,2,Bomb,3,0,29.45,0.926,"[(48.0, 48.0), (62.9, 51.7), (77.9, 51.7), (98.4, 51.7), (113.3, 57.3), (115.2, 72.3), (115.2, 89.1), (115.2, 107.7), (128.3, 115.2), (143.2, 115.2), (165.6, 115.2), (180.5, 124.5), (180.5, 139.5), (180.5, 160.0), (184.3, 176.8), (199.2, 180.5), (217.9, 180.5), (236.5, 182.4), (244.0, 197.3), (244.0, 212.3), (244.0, 234.7), (257.1, 244.0), (272.0, 244.0), (292.5, 244.0), (307.5, 253.3), (307.5, 268.3), (307.5, 288.8), (311.2, 303.7), (326.1, 307.5), (342.9, 307.5), (361.6, 307.5), (372.8, 320.5), (372.8, 335.5), (372.8, 350.4), (372.8, 365.3), (372.8, 372.8), (372.8, 372.8), (372.8, 372.8), (372.8, 372.8), (372.8, 372.8), (372.8, 372.8), (372.8, 372.8), (372.8, 372.8), (372.8, 372.8), (372.8, 372.8), (372.8, 372.8), (372.8, 372.8), (372.8, 372.8), (372.8, 372.8), (372.8, 372.8), (372.8, 372.8), (372.8, 372.8), (372.8, 372.8), (372.8, 372.8), (372.8, 372.8), (372.8, 372.8), (372.8, 372.8), (372.8, 372.8), (372.8, 372.8), (372.8, 372.8), (372.8, 372.8), (372.8, 372.8), (372.8, 372.8), (372.8, 372.8), (372.8, 372.8), (372.8, 372.8), (372.8, 372.8), (372.8, 372.8), (372.8, 372.8), (372.8, 372.8), (372.8, 372.8), (372.8, 372.8), (372.8, 372.8), (372.8, 372.8), (372.8, 372.8)]",0,1,9.95
novice,bomberman,2,Bomb,6,0,24.42,0.926,"[(48.0, 48.0), (62.9, 51.7), (77.9, 51.7), (98.4, 51.7), (113.3, 57.3), (115.2, 72.3), (115.2, 89.1), (115.2, 107.7), (128.3, 115.2), (143.2, 115.2), (165.6, 115.2), (180.5, 124.5), (180.5, 139.5), (180.5, 160.0), (184.3, 176.8), (199.2, 180.5), (217.9, 180.5), (236.5, 182.4), (244.0, 197.3), (244.0, 212.3), (244.0, 234.7), (257.1, 244.0), (272.0, 244.0), (292.5, 244.0), (307.5, 253.3), (307.5, 268.3), (307.5, 288.8), (311.2, 303.7), (326.1, 307.5), (342.9, 307.5), (361.6, 307.5), (372.8, 320.5), (372.8, 335.5), (372.8, 350.4), (372.8, 365.3), (372.8, 372.8), (372.8, 372.8), (372.8, 372.8), (372.8, 372.8), (372.8, 372.8), (372.8, 372.8), (372.8, 372.8), (372.8, 372.8), (372.8, 372.8), (372.8, 372.8), (372.8, 372.8), (372.8, 372.8), (372.8, 372.8), (372.8, 372.8), (372.8, 372.8), (372.8, 372.8), (372.8, 372.8), (372.8, 372.8), (372.8, 372.8), (372.8, 372.8), (372.8, 372.8), (372.8, 372.8), (372.8, 372.8), (372.8, 372.8), (372.8, 372.8), (372.8, 372.8), (372.8, 372.8), (372.8, 372.8), (372.8, 372.8), (372.8, 372.8), (372.8, 372.8), (372.8, 372.8), (372.8, 372.8), (372.8, 372.8), (372.8, 372.8), (372.8, 372.8), (372.8, 372.8), (372.8, 372.8), (372.8, 372.8), (372.8, 372.8), (372.8, 372.8), (372.8, 372.8), (372.8, 372.8), (372.8, 372.8), (372.8, 372.8), (372.8, 372.8), (372.8, 372.8), (372.8, 372.8), (372.8, 372.8), (372.8, 372.8), (372.8, 372.8), (372.8, 372.8), (372.8, 372.8), (372.8, 372.8), (372.8, 372.8), (372.8, 372.8)]",0,1,12.0
novice,bomberman,2,Bomb,3,0,34.68,0.926,"[(48.0, 48.0), (62.9, 51.7), (77.9, 51.7), (98.4, 51.7), (113.3, 57.3), (115.2, 72.3), (115.2, 89.1), (115.2, 107.7), (128.3, 115.2), (143.2, 115.2), (165.6, 115.2), (180.5, 124.5), (180.5, 139.5), (180.5, 160.0), (184.3, 176.8), (199.2, 180.5), (217.9, 180.5), (236.5, 182.4), (244.0, 197.3), (244.0, 212.3), (244.0, 234.7), (257.1, 244.0), (272.0, 244.0), (292.5, 244.0), (307.5, 253.3), (307.5, 268.3), (307.5, 288.8), (311.2, 303.7), (326.1, 307.5), (342.9, 307.5), (361.6, 307.5), (372.8, 320.5), (372.8, 335.5), (372.8, 350.4), (372.8, 365.3), (372.8, 372.8), (372.8, 372.8), (372.8, 372.8), (372.8, 372.8), (372.8, 372.8), (372.8, 372.8), (372.8, 372.8), (372.8, 372.8), (372.8, 372.8), (372.8, 372.8), (372.8, 372.8), (372.8, 372.8), (372.8, 372.8), (372.8, 372.8), (372.8, 372.8), (372.8, 372.8), (372.8, 372.8), (372.8, 372.8), (372.8, 372.8), (372.8, 372.8), (372.8, 372.8), (372.8, 372.8), (372.8, 372.8), (372.8, 372.8), (372.8, 372.8), (372.8, 372.8), (372.8, 372.8), (372.8, 372.8), (372.8, 372.8)]",0,1,8.45
novice,bomberman,2,Bomb,3,0,34.68,0.926,"[(48.0, 48.0), (62.9, 51.7), (77.9, 51.7), (98.4, 51.7), (113.3, 57.3), (115.2, 72.3), (115.2, 89.1), (115.2, 107.7), (128.3, 115.2), (143.2, 115.2), (165.6, 115.2), (180.5, 124.5), (180.5, 139.5), (180.5, 160.0), (184.3, 176.8), (199.2, 180.5), (217.9, 180.5), (236.5, 182.4), (244.0, 197.3), (244.0, 212.3), (244.0, 234.7), (257.1, 244.0), (272.0, 244.0), (292.5, 244.0), (307.5, 253.3), (307.5, 268.3), (307.5, 288.8), (311.2, 303.7), (326.1, 307.5), (342.9, 307.5), (361.6, 307.5), (372.8, 320.5), (372.8, 335.5), (372.8, 350.4), (372.8, 365.3), (372.8, 372.8), (372.8, 372.8), (372.8, 372.8), (372.8, 372.8), (372.8, 372.8), (372.8, 372.8), (372.8, 372.8), (372.8, 372.8), (372.8, 372.8), (372.8, 372.8), (372.8, 372.8), (372.8, 372.8), (372.8, 372.8), (372.8, 372.8), (372.8, 372.8), (372.8, 372.8), (372.8, 372.8), (372.8, 372.8), (372.8, 372.8), (372.8, 372.8), (372.8, 372.8), (372.8, 372.8), (372.8, 372.8), (372.8, 372.8), (372.8, 372.8), (372.8, 372.8), (372.8, 372.8), (372.8, 372.8), (372.8, 372.8)]",0,1,8.45
novice,bomberman,2,Bomb,6,0,24.42,0.926,"[(48.0, 48.0), (62.9, 51.7), (77.9, 51.7), (98.4, 51.7), (113.3, 57.3), (115.2, 72.3), (115.2, 89.1), (115.2, 107.7), (128.3, 115.2), (143.2, 115.2), (165.6, 115.2), (180.5, 124.5), (180.5, 139.5), (180.5, 160.0), (184.3, 176.8), (199.2, 180.5), (217.9, 180.5), (236.5, 182.4), (244.0, 197.3), (244.0, 212.3), (244.0, 234.7), (257.1, 244.0), (272.0, 244.0), (292.5, 244.0), (307.5, 253.3), (307.5, 268.3), (307.5, 288.8), (311.2, 303.7), (326.1, 307.5), (342.9, 307.5), (361.6, 307.5), (372.8, 320.5), (372.8, 335.5), (372.8, 350.4), (372.8, 365.3), (372.8, 372.8), (372.8, 372.8), (372.8, 372.8), (372.8, 372.8), (372.8, 372.8), (372.8, 372.8), (372.8, 372.8), (372.8, 372.8), (372.8, 372.8), (372.8, 372.8), (372.8, 372.8), (372.8, 372.8), (372.8, 372.8), (372.8, 372.8), (372.8, 372.8), (372.8, 372.8), (372.8, 372.8), (372.8, 372.8), (372.8, 372.8), (372.8, 372.8), (372.8, 372.8), (372.8, 372.8), (372.8, 372.8), (372.8, 372.8), (372.8, 372.8), (372.8, 372.8), (372.8, 372.8), (372.8, 372.8), (372.8, 372.8), (372.8, 372.8), (372.8, 372.8), (372.8, 372.8), (372.8, 372.8), (372.8, 372.8), (372.8, 372.8), (372.8, 372.8), (372.8, 372.8), (372.8, 372.8), (372.8, 372.8), (372.8, 372.8), (372.8, 372.8), (372.8, 372.8), (372.8, 372.8), (372.8, 372.8), (372.8, 372.8), (372.8, 372.8), (372.8, 372.8), (372.8, 372.8), (372.8, 372.8), (372.8, 372.8), (372.8, 372.8), (372.8, 372.8), (372.8, 372.8), (372.8, 372.8), (372.8, 372.8), (372.8, 372.8)]",0,1,12.0
novice,bomberman,2,Bomb,3,0,29.45,0.926,"[(48.0, 48.0), (62.9, 51.7), (77.9, 51.7), (98.4, 51.7), (113.3, 57.3), (115.2, 72.3), (115.2, 89.1), (115.2, 107.7), (128.3, 115.2), (143.2, 115.2), (165.6, 115.2), (180.5, 124.5), (180.5, 139.5), (180.5, 160.0), (184.3, 176.8), (199.2, 180.5), (217.9, 180.5), (236.5, 182.4), (244.0, 197.3), (244.0, 212.3), (244.0, 234.7), (257.1, 244.0), (272.0, 244.0), (292.5, 244.0), (307.5, 253.3), (307.5, 268.3), (307.5, 288.8), (311.2, 303.7), (326.1, 307.5), (342.9, 307.5), (361.6, 307.5), (372.8, 320.5), (372.8, 335.5), (372.8, 350.4), (372.8, 365.3), (372.8, 372.8), (372.8, 372.8), (372.8, 372.8), (372.8, 372.8), (372.8, 372.8), (372.8, 372.8), (372.8, 372.8), (372.8, 372.8), (372.8, 372.8), (372.8, 372.8), (372.8, 372.8), (372.8, 372.8), (372.8, 372.8), (372.8, 372.8), (372.8, 372.8), (372.8, 372.8), (372.8, 372.8), (372.8, 372.8), (372.8, 372.8), (372.8, 372.8), (372.8, 372.8), (372.8, 372.8), (372.8, 372.8), (372.8, 372.8), (372.8, 372.8), (372.8, 372.8), (372.8, 372.8), (372.8, 372.8), (372.8, 372.8), (372.8, 372.8), (372.8, 372.8), (372.8, 372.8), (372.8, 372.8), (372.8, 372.8), (372.8, 372.8), (372.8, 372.8), (372.8, 372.8), (372.8, 372.8), (372.8, 372.8), (372.8, 372.8)]",0,1,9.95
novice,bomberman,2,Bomb,4,0,24.42,0.926,"[(48.0, 48.0), (62.9, 51.7), (77.9, 51.7), (98.4, 51.7), (113.3, 57.3), (115.2, 72.3), (115.2, 89.1), (115.2, 107.7), (128.3, 115.2), (143.2, 115.2), (165.6, 115.2), (180.5, 124.5), (180.5, 139.5), (180.5, 160.0), (184.3, 176.8), (199.2, 180.5), (217.9, 180.5), (236.5, 182.4), (244.0, 197.3), (244.0, 212.3), (244.0, 234.7), (257.1, 244.0), (272.0, 244.0), (292.5, 244.0), (307.5, 253.3), (307.5, 268.3), (307.5, 288.8), (311.2, 303.7), (326.1, 307.5), (342.9, 307.5), (361.6, 307.5), (372.8, 320.5), (372.8, 335.5), (372.8, 350.4), (372.8, 365.3), (372.8, 372.8), (372.8, 372.8), (372.8, 372.8), (372.8, 372.8), (372.8, 372.8), (372.8, 372.8), (372.8, 372.8), (372.8, 372.8), (372.8, 372.8), (372.8, 372.8), (372.8, 372.8), (372.8, 372.8), (372.8, 372.8), (372.8, 372.8), (372.8, 372.8), (372.8, 372.8), (372.8, 372.8), (372.8, 372.8), (372.8, 372.8), (372.8, 372.8), (372.8, 372.8), (372.8, 372.8), (372.8, 372.8), (372.8, 372.8), (372.8, 372.8), (372.8, 372.8), (372.8, 372.8), (372.8, 372.8), (372.8, 372.8), (372.8, 372.8), (372.8, 372.8), (372.8, 372.8), (372.8, 372.8), (372.8, 372.8), (372.8, 372.8), (372.8, 372.8), (372.8, 372.8), (372.8, 372.8), (372.8, 372.8), (372.8, 372.8), (372.8, 372.8), (372.8, 372.8), (372.8, 372.8), (372.8, 372.8), (372.8, 372.8), (372.8, 372.8), (372.8, 372.8), (372.8, 372.8), (372.8, 372.8), (372.8, 372.8), (372.8, 372.8), (372.8, 372.8), (372.8, 372.8), (372.8, 372.8), (372.8, 372.8), (372.8, 372.8)]",0,1,12.0
novice,bomberman,2,Bomb,6,0,24.42,0.926,"[(48.0, 48.0), (62.9, 51.7), (77.9, 51.7), (98.4, 51.7), (113.3, 57.3), (115.2, 72.3), (115.2, 89.1), (115.2, 107.7), (128.3, 115.2), (143.2, 115.2), (165.6, 115.2), (180.5, 124.5), (180.5, 139.5), (180.5, 160.0), (184.3, 176.8), (199.2, 180.5), (217.9, 180.5), (236.5, 182.4), (244.0, 197.3), (244.0, 212.3), (244.0, 234.7), (257.1, 244.0), (272.0, 244.0), (292.5, 244.0), (307.5, 253.3), (307.5, 268.3), (307.5, 288.8), (311.2, 303.7), (326.1, 307.5), (342.9, 307.5), (361.6, 307.5), (372.8, 320.5), (372.8, 335.5), (372.8, 350.4), (372.8, 365.3), (372.8, 372.8), (372.8, 372.8), (372.8, 372.8), (372.8, 372.8), (372.8, 372.8), (372.8, 372.8), (372.8, 372.8), (372.8, 372.8), (372.8, 372.8), (372.8, 372.8), (372.8, 372.8), (372.8, 372.8), (372.8, 372.8), (372.8, 372.8), (372.8, 372.8), (372.8, 372.8), (372.8, 372.8), (372.8, 372.8), (372.8, 372.8), (372.8, 372.8), (372.8, 372.8), (372.8, 372.8), (372.8, 372.8), (372.8, 372.8), (372.8, 372.8), (372.8, 372.8), (372.8, 372.8), (372.8, 372.8), (372.8, 372.8), (372.8, 372.8), (372.8, 372.8), (372.8, 372.8), (372.8, 372.8), (372.8, 372.8), (372.8, 372.8), (372.8, 372.8), (372.8, 372.8), (372.8, 372.8), (372.8, 372.8), (372.8, 372.8), (372.8, 372.8), (372.8, 372.8), (372.8, 372.8), (372.8, 372.8), (372.8, 372.8), (372.8, 372.8), (372.8, 372.8), (372.8, 372.8), (372.8, 372.8), (372.8, 372.8), (372.8, 372.8), (372.8, 372.8), (372.8, 372.8), (372.8, 372.8), (372.8, 372.8), (372.8, 372.8)]",0,1,12.0
novice,bomberman,2,Bomb,8,0,24.42,0.926,"[(48.0, 48.0), (62.9, 51.7), (77.9, 51.7), (98.4, 51.7), (113.3, 57.3), (115.2, 72.3), (115.2, 89.1), (115.2, 107.7), (128.3, 115.2), (143.2, 115.2), (165.6, 115.2), (180.5, 124.5), (180.5, 139.5), (180.5, 160.0), (184.3, 176.8), (199.2, 180.5), (217.9, 180.5), (236.5, 182.4), (244.0, 197.3), (244.0, 212.3), (244.0, 234.7), (257.1, 244.0), (272.0, 244.0), (292.5, 244.0), (307.5, 253.3), (307.5, 268.3), (307.5, 288.8), (311.2, 303.7), (326.1, 307.5), (342.9, 307.5), (361.6, 307.5), (372.8, 320.5), (372.8, 335.5), (372.8, 350.4), (372.8, 365.3), (372.8, 372.8), (372.8, 372.8), (372.8, 372.8), (372.8, 372.8), (372.8, 372.8), (372.8, 372.8), (372.8, 372.8), (372.8, 372.8), (372.8, 372.8), (372.8, 372.8), (372.8, 372.8), (372.8, 372.8), (372.8, 372.8), (372.8, 372.8), (372.8, 372.8), (372.8, 372.8), (372.8, 372.8), (372.8, 372.8), (372.8, 372.8), (372.8, 372.8), (372.8, 372.8), (372.8, 372.8), (372.8, 372.8), (372.8, 372.8), (372.8, 372.8), (372.8, 372.8), (372.8, 372.8), (372.8, 372.8), (372.8, 372.8), (372.8, 372.8), (372.8, 372.8), (372.8, 372.8), (372.8, 372.8), (372.8, 372.8), (372.8, 372.8), (372.8, 372.8), (372.8, 372.8), (372.8, 372.8), (372.8, 372.8), (372.8, 372.8), (372.8, 372.8), (372.8, 372.8), (372.8, 372.8), (372.8, 372.8), (372.8, 372.8), (372.8, 372.8), (372.8, 372.8), (372.8, 372.8), (372.8, 372.8), (372.8, 372.8), (372.8, 372.8), (372.8, 372.8), (372.8, 372.8), (372.8, 372.8), (372.8, 372.8), (372.8, 372.8)]",0,1,12.0
novice,bomberman,2,Bomb,4,0,24.42,0.926,"[(48.0, 48.0), (62.9, 51.7), (77.9, 51.7), (98.4, 51.7), (113.3, 57.3), (115.2, 72.3), (115.2, 89.1), (115.2, 107.7), (128.3, 115.2), (143.2, 115.2), (165.6, 115.2), (180.5, 124.5), (180.5, 139.5), (180.5, 160.0), (184.3, 176.8), (199.2, 180.5), (217.9, 180.5), (236.5, 182.4), (244.0, 197.3), (244.0, 212.3), (244.0, 234.7), (257.1, 244.0), (272.0, 244.0), (292.5, 244.0), (307.5, 253.3), (307.5, 268.3), (307.5, 288.8), (311.2, 303.7), (326.1, 307.5), (342.9, 307.5), (361.6, 307.5), (372.8, 320.5), (372.8, 335.5), (372.8, 350.4), (372.8, 365.3), (372.8, 372.8), (372.8, 372.8), (372.8, 372.8), (372.8, 372.8), (372.8, 372.8), (372.8, 372.8), (372.8, 372.8), (372.8, 372.8), (372.8, 372.8), (372.8, 372.8), (372.8, 372.8), (372.8, 372.8), (372.8, 372.8), (372.8, 372.8), (372.8, 372.8), (372.8, 372.8), (372.8, 372.8), (372.8, 372.8), (372.8, 372.8), (372.8, 372.8), (372.8, 372.8), (372.8, 372.8), (372.8, 372.8), (372.8, 372.8), (372.8, 372.8), (372.8, 372.8), (372.8, 372.8), (372.8, 372.8), (372.8, 372.8), (372.8, 372.8), (372.8, 372.8), (372.8, 372.8), (372.8, 372.8), (372.8, 372.8), (372.8, 372.8), (372.8, 372.8), (372.8, 372.8), (372.8, 372.8), (372.8, 372.8), (372.8, 372.8), (372.8, 372.8), (372.8, 372.8), (372.8, 372.8), (372.8, 372.8), (372.8, 372.8), (372.8, 372.8), (372.8, 372.8), (372.8, 372.8), (372.8, 372.8), (372.8, 372.8), (372.8, 372.8), (372.8, 372.8), (372.8, 372.8), (372.8, 372.8), (372.8, 372.8), (372.8, 372.8)]",0,1,12.0
novice,bomberman,2,Bomb,5,0,34.48,0.926,"[(48.0, 48.0), (62.9, 51.7), (77.9, 51.7), (98.4, 51.7), (113.3, 57.3), (115.2, 72.3), (115.2, 89.1), (115.2, 107.7), (128.3, 115.2), (143.2, 115.2), (165.6, 115.2), (180.5, 124.5), (180.5, 139.5), (180.5, 160.0), (184.3, 176.8), (199.2, 180.5), (217.9, 180.5), (236.5, 182.4), (244.0, 197.3), (244.0, 212.3), (244.0, 234.7), (257.1, 244.0), (272.0, 244.0), (292.5, 244.0), (307.5, 253.3), (307.5, 268.3), (307.5, 288.8), (311.2, 303.7), (326.1, 307.5), (342.9, 307.5), (361.6, 307.5), (372.8, 320.5), (372.8, 335.5), (372.8, 350.4), (372.8, 365.3), (372.8, 372.8), (372.8, 372.8), (372.8, 372.8), (372.8, 372.8), (372.8, 372.8), (372.8, 372.8), (372.8, 372.8), (372.8, 372.8), (372.8, 372.8), (372.8, 372.8), (372.8, 372.8), (372.8, 372.8), (372.8, 372.8), (372.8, 372.8), (372.8, 372.8), (372.8, 372.8), (372.8, 372.8), (372.8, 372.8), (372.8, 372.8), (372.8, 372.8), (372.8, 372.8), (372.8, 372.8), (372.8, 372.8), (372.8, 372.8), (372.8, 372.8), (372.8, 372.8), (372.8, 372.8), (372.8, 372.8), (372.8, 372.8)]",0,1,8.5
novice,bomberman,2,Bomb,6,0,24.42,0.926,"[(48.0, 48.0), (62.9, 51.7), (77.9, 51.7), (98.4, 51.7), (113.3, 57.3), (115.2, 72.3), (115.2, 89.1), (115.2, 107.7), (128.3, 115.2), (143.2, 115.2), (165.6, 115.2), (180.5, 124.5), (180.5, 139.5), (180.5, 160.0), (184.3, 176.8), (199.2, 180.5), (217.9, 180.5), (236.5, 182.4), (244.0, 197.3), (244.0, 212.3), (244.0, 234.7), (257.1, 244.0), (272.0, 244.0), (292.5, 244.0), (307.5, 253.3), (307.5, 268.3), (307.5, 288.8), (311.2, 303.7), (326.1, 307.5), (342.9, 307.5), (361.6, 307.5), (372.8, 320.5), (372.8, 335.5), (372.8, 350.4), (372.8, 365.3), (372.8, 372.8), (372.8, 372.8), (372.8, 372.8), (372.8, 372.8), (372.8, 372.8), (372.8, 372.8), (372.8, 372.8), (372.8, 372.8), (372.8, 372.8), (372.8, 372.8), (372.8, 372.8), (372.8, 372.8), (372.8, 372.8), (372.8, 372.8), (372.8, 372.8), (372.8, 372.8), (372.8, 372.8), (372.8, 372.8), (372.8, 372.8), (372.8, 372.8), (372.8, 372.8), (372.8, 372.8), (372.8, 372.8), (372.8, 372.8), (372.8, 372.8), (372.8, 372.8), (372.8, 372.8), (372.8, 372.8), (372.8, 372.8), (372.8, 372.8), (372.8, 372.8), (372.8, 372.8), (372.8, 372.8), (372.8, 372.8), (372.8, 372.8), (372.8, 372.8), (372.8, 372.8), (372.8, 372.8), (372.8, 372.8), (372.8, 372.8), (372.8, 372.8), (372.8, 372.8), (372.8, 372.8), (372.8, 372.8), (372.8, 372.8), (372.8, 372.8), (372.8, 372.8), (372.8, 372.8), (372.8, 372.8), (372.8, 372.8), (372.8, 372.8), (372.8, 372.8), (372.8, 372.8), (372.8, 372.8), (372.8, 372.8), (372.8, 372.8)]",0,1,12.0
novice,bomberman,2,Bomb,8,0,24.42,0.926,"[(48.0, 48.0), (62.9, 51.7), (77.9, 51.7), (98.4, 51.7), (113.3, 57.3), (115.2, 72.3), (115.2, 89.1), (115.2, 107.7), (128.3, 115.2), (143.2, 115.2), (165.6, 115.2), (180.5, 124.5), (180.5, 139.5), (180.5, 160.0), (184.3, 176.8), (199.2, 180.5), (217.9, 180.5), (236.5, 182.4), (244.0, 197.3), (244.0, 212.3), (244.0, 234.7), (257.1, 244.0), (272.0, 244.0), (292.5, 244.0), (307.5, 253.3), (307.5, 268.3), (307.5, 288.8), (311.2, 303.7), (326.1, 307.5), (342.9, 307.5), (361.6, 307.5), (372.8, 320.5), (372.8, 335.5), (372.8, 350.4), (372.8, 365.3), (372.8, 372.8), (372.8, 372.8), (372.8, 372.8), (372.8, 372.8), (372.8, 372.8), (372.8, 372.8), (372.8, 372.8), (372.8, 372.8), (372.8, 372.8), (372.8, 372.8), (372.8, 372.8), (372.8, 372.8), (372.8, 372.8), (372.8, 372.8), (372.8, 372.8), (372.8, 372.8), (372.8, 372.8), (372.8, 372.8), (372.8, 372.8), (372.8, 372.8), (372.8, 372.8), (372.8, 372.8), (372.8, 372.8), (372.8, 372.8), (372.8, 372.8), (372.8, 372.8), (372.8, 372.8), (372.8, 372.8), (372.8, 372.8), (372.8, 372.8), (372.8, 372.8), (372.8, 372.8), (372.8, 372.8), (372.8, 372.8), (372.8, 372.8), (372.8, 372.8), (372.8, 372.8), (372.8, 372.8), (372.8, 372.8), (372.8, 372.8), (372.8, 372.8), (372.8, 372.8), (372.8, 372.8), (372.8, 372.8), (372.8, 372.8), (372.8, 372.8), (372.8, 372.8), (372.8, 372.8), (372.8, 372.8), (372.8, 372.8), (372.8, 372.8), (372.8, 372.8), (372.8, 372.8), (372.8, 372.8), (372.8, 372.8), (372.8, 372.8)]",0,1,12.0
novice,bomberman,2,Bomb,8,0,24.42,0.926,"[(48.0, 48.0), (62.9, 51.7), (77.9, 51.7), (98.4, 51.7), (113.3, 57.3), (115.2, 72.3), (115.2, 89.1), (115.2, 107.7), (128.3, 115.2), (143.2, 115.2), (165.6, 115.2), (180.5, 124.5), (180.5, 139.5), (180.5, 160.0), (184.3, 176.8), (199.2, 180.5), (217.9, 180.5), (236.5, 182.4), (244.0, 197.3), (244.0, 212.3), (244.0, 234.7), (257.1, 244.0), (272.0, 244.0), (292.5, 244.0), (307.5, 253.3), (307.5, 268.3), (307.5, 288.8), (311.2, 303.7), (326.1, 307.5), (342.9, 307.5), (361.6, 307.5), (372.8, 320.5), (372.8, 335.5), (372.8, 350.4), (372.8, 365.3), (372.8, 372.8), (372.8, 372.8), (372.8, 372.8), (372.8, 372.8), (372.8, 372.8), (372.8, 372.8), (372.8, 372.8), (372.8, 372.8), (372.8, 372.8), (372.8, 372.8), (372.8, 372.8), (372.8, 372.8), (372.8, 372.8), (372.8, 372.8), (372.8, 372.8), (372.8, 372.8), (372.8, 372.8), (372.8, 372.8), (372.8, 372.8), (372.8, 372.8), (372.8, 372.8), (372.8, 372.8), (372.8, 372.8), (372.8, 372.8), (372.8, 372.8), (372.8, 372.8), (372.8, 372.8), (372.8, 372.8), (372.8, 372.8), (372.8, 372.8), (372.8, 372.8), (372.8, 372.8), (372.8, 372.8), (372.8, 372.8), (372.8, 372.8), (372.8, 372.8), (372.8, 372.8), (372.8, 372.8), (372.8, 372.8), (372.8, 372.8), (372.8, 372.8), (372.8, 372.8), (372.8, 372.8), (372.8, 372.8), (372.8, 372.8), (372.8, 372.8), (372.8, 372.8), (372.8, 372.8), (372.8, 372.8), (372.8, 372.8), (372.8, 372.8), (372.8, 372.8), (372.8, 372.8), (372.8, 372.8), (372.8, 372.8), (372.8, 372.8)]",0,1,12.0
novice,bomberman,2,Bomb,6,0,24.42,0.926,"[(48.0, 48.0), (62.9, 51.7), (77.9, 51.7), (98.4, 51.7), (113.3, 57.3), (115.2, 72.3), (115.2, 89.1), (115.2, 107.7), (128.3, 115.2), (143.2, 115.2), (165.6, 115.2), (180.5, 124.5), (180.5, 139.5), (180.5, 160.0), (184.3, 176.8), (199.2, 180.5), (217.9, 180.5), (236.5, 182.4), (244.0, 197.3), (244.0, 212.3), (244.0, 234.7), (257.1, 244.0), (272.0, 244.0), (292.5, 244.0), (307.5, 253.3), (307.5, 268.3), (307.5, 288.8), (311.2, 303.7), (326.1, 307.5), (342.9, 307.5), (361.6, 307.5), (372.8, 320.5), (372.8, 335.5), (372.8, 350.4), (372.8, 365.3), (372.8, 372.8), (372.8, 372.8), (372.8, 372.8), (372.8, 372.8), (372.8, 372.8), (372.8, 372.8), (372.8, 372.8), (372.8, 372.8), (372.8, 372.8), (372.8, 372.8), (372.8, 372.8), (372.8, 372.8), (372.8, 372.8), (372.8, 372.8), (372.8, 372.8), (372.8, 372.8), (372.8, 372.8), (372.8, 372.8), (372.8, 372.8), (372.8, 372.8), (372.8, 372.8), (372.8, 372.8), (372.8, 372.8), (372.8, 372.8), (372.8, 372.8), (372.8, 372.8), (372.8, 372.8), (372.8, 372.8), (372.8, 372.8), (372.8, 372.8), (372.8, 372.8), (372.8, 372.8), (372.8, 372.8), (372.8, 372.8), (372.8, 372.8), (372.8, 372.8), (372.8, 372.8), (372.8, 372.8), (372.8, 372.8), (372.8, 372.8), (372.8, 372.8), (372.8, 372.8), (372.8, 372.8), (372.8, 372.8), (372.8, 372.8), (372.8, 372.8), (372.8, 372.8), (372.8, 372.8), (372.8, 372.8), (372.8, 372.8), (372.8, 372.8), (372.8, 372.8), (372.8, 372.8), (372.8, 372.8), (372.8, 372.8), (372.8, 372.8)]",0,1,12.0
novice,bomberman,2,Bomb,5,0,34.48,0.926,"[(48.0, 48.0), (62.9, 51.7), (77.9, 51.7), (98.4, 51.7), (113.3, 57.3), (115.2, 72.3), (115.2, 89.1), (115.2, 107.7), (128.3, 115.2), (143.2, 115.2), (165.6, 115.2), (180.5, 124.5), (180.5, 139.5), (180.5, 160.0), (184.3, 176.8), (199.2, 180.5), (217.9, 180.5), (236.5, 182.4), (244.0, 197.3), (244.0, 212.3), (244.0, 234.7), (257.1, 244.0), (272.0, 244.0), (292.5, 244.0), (307.5, 253.3), (307.5, 268.3), (307.5, 288.8), (311.2, 303.7), (326.1, 307.5), (342.9, 307.5), (361.6, 307.5), (372.8, 320.5), (372.8, 335.5), (372.8, 350.4), (372.8, 365.3), (372.8, 372.8), (372.8, 372.8), (372.8, 372.8), (372.8, 372.8), (372.8, 372.8), (372.8, 372.8), (372.8, 372.8), (372.8, 372.8), (372.8, 372.8), (372.8, 372.8), (372.8, 372.8), (372.8, 372.8), (372.8, 372.8), (372.8, 372.8), (372.8, 372.8), (372.8, 372.8), (372.8, 372.8), (372.8, 372.8), (372.8, 372.8), (372.8, 372.8), (372.8, 372.8), (372.8, 372.8), (372.8, 372.8), (372.8, 372.8), (372.8, 372.8), (372.8, 372.8), (372.8, 372.8), (372.8, 372.8), (372.8, 372.8)]",0,1,8.5
novice,bomberman,2,Bomb,4,0,24.42,0.926,"[(48.0, 48.0), (62.9, 51.7), (77.9, 51.7), (98.4, 51.7), (113.3, 57.3), (115.2, 72.3), (115.2, 89.1), (115.2, 107.7), (128.3, 115.2), (143.2, 115.2), (165.6, 115.2), (180.5, 124.5), (180.5, 139.5), (180.5, 160.0), (184.3, 176.8), (199.2, 180.5), (217.9, 180.5), (236.5, 182.4), (244.0, 197.3), (244.0, 212.3), (244.0, 234.7), (257.1, 244.0), (272.0, 244.0), (292.5, 244.0), (307.5, 253.3), (307.5, 268.3), (307.5, 288.8), (311.2, 303.7), (326.1, 307.5), (342.9, 307.5), (361.6, 307.5), (372.8, 320.5), (372.8, 335.5), (372.8, 350.4), (372.8, 365.3), (372.8, 372.8), (372.8, 372.8), (372.8, 372.8), (372.8, 372.8), (372.8, 372.8), (372.8, 372.8), (372.8, 372.8), (372.8, 372.8), (372.8, 372.8), (372.8, 372.8), (372.8, 372.8), (372.8, 372.8), (372.8, 372.8), (372.8, 372.8), (372.8, 372.8), (372.8, 372.8), (372.8, 372.8), (372.8, 372.8), (372.8, 372.8), (372.8, 372.8), (372.8, 372.8), (372.8, 372.8), (372.8, 372.8), (372.8, 372.8), (372.8, 372.8), (372.8, 372.8), (372.8, 372.8), (372.8, 372.8), (372.8, 372.8), (372.8, 372.8), (372.8, 372.8), (372.8, 372.8), (372.8, 372.8), (372.8, 372.8), (372.8, 372.8), (372.8, 372.8), (372.8, 372.8), (372.8, 372.8), (372.8, 372.8), (372.8, 372.8), (372.8, 372.8), (372.8, 372.8), (372.8, 372.8), (372.8, 372.8), (372.8, 372.8), (372.8, 372.8), (372.8, 372.8), (372.8, 372.8), (372.8, 372.8), (372.8, 372.8), (372.8, 372.8), (372.8, 372.8), (372.8, 372.8), (372.8, 372.8), (372.8, 372.8), (372.8, 372.8)]",0,1,12.0
novice,bomberman,2,Bomb,4,0,24.42,0.926,"[(48.0, 48.0), (62.9, 51.7), (77.9, 51.7), (98.4, 51.7), (113.3, 57.3), (115.2, 72.3), (115.2, 89.1), (115.2, 107.7), (128.3, 115.2), (143.2, 115.2), (165.6, 115.2), (180.5, 124.5), (180.5, 139.5), (180.5, 160.0), (184.3, 176.8), (199.2, 180.5), (217.9, 180.5), (236.5, 182.4), (244.0, 197.3), (244.0, 212.3), (244.0, 234.7), (257.1, 244.0), (272.0, 244.0), (292.5, 244.0), (307.5, 253.3), (307.5, 268.3), (307.5, 288.8), (311.2, 303.7), (326.1, 307.5), (342.9, 307.5), (361.6, 307.5), (372.8, 320.5), (372.8, 335.5), (372.8, 350.4), (372.8, 365.3), (372.8, 372.8), (372.8, 372.8), (372.8, 372.8), (372.8, 372.8), (372.8, 372.8), (372.8, 372.8), (372.8, 372.8), (372.8, 372.8), (372.8, 372.8), (372.8, 372.8), (372.8, 372.8), (372.8, 372.8), (372.8, 372.8), (372.8, 372.8), (372.8, 372.8), (372.8, 372.8), (372.8, 372.8), (372.8, 372.8), (372.8, 372.8), (372.8, 372.8), (372.8, 372.8), (372.8, 372.8), (372.8, 372.8), (372.8, 372.8), (372.8, 372.8), (372.8, 372.8), (372.8, 372.8), (372.8, 372.8), (372.8, 372.8), (372.8, 372.8), (372.8, 372.8), (372.8, 372.8), (372.8, 372.8), (372.8, 372.8), (372.8, 372.8), (372.8, 372.8), (372.8, 372.8), (372.8, 372.8), (372.8, 372.8), (372.8, 372.8), (372.8, 372.8), (372.8, 372.8), (372.8, 372.8), (372.8, 372.8), (372.8, 372.8), (372.8, 372.8), (372.8, 372.8), (372.8, 372.8), (372.8, 372.8), (372.8, 372.8), (372.8, 372.8), (372.8, 372.8), (372.8, 372.8), (372.8, 372.8), (372.8, 372.8), (372.8, 372.8)]",0,1,12.0
novice,bomberman,2,Bomb,6,0,24.42,0.926,"[(48.0, 48.0), (62.9, 51.7), (77.9, 51.7), (98.4, 51.7), (113.3, 57.3), (115.2, 72.3), (115.2, 89.1), (115.2, 107.7), (128.3, 115.2), (143.2, 115.2), (165.6, 115.2), (180.5, 124.5), (180.5, 139.5), (180.5, 160.0), (184.3, 176.8), (199.2, 180.5), (217.9, 180.5), (236.5, 182.4), (244.0, 197.3), (244.0, 212.3), (244.0, 234.7), (257.1, 244.0), (272.0, 244.0), (292.5, 244.0), (307.5, 253.3), (307.5, 268.3), (307.5, 288.8), (311.2, 303.7), (326.1, 307.5), (342.9, 307.5), (361.6, 307.5), (372.8, 320.5), (372.8, 335.5), (372.8, 350.4), (372.8, 365.3), (372.8, 372.8), (372.8, 372.8), (372.8, 372.8), (372.8, 372.8), (372.8, 372.8), (372.8, 372.8), (372.8, 372.8), (372.8, 372.8), (372.8, 372.8), (372.8, 372.8), (372.8, 372.8), (372.8, 372.8), (372.8, 372.8), (372.8, 372.8), (372.8, 372.8), (372.8, 372.8), (372.8, 372.8), (372.8, 372.8), (372.8, 372.8), (372.8, 372.8), (372.8, 372.8), (372.8, 372.8), (372.8, 372.8), (372.8, 372.8), (372.8, 372.8), (372.8, 372.8), (372.8, 372.8), (372.8, 372.8), (372.8, 372.8), (372.8, 372.8), (372.8, 372.8), (372.8, 372.8), (372.8, 372.8), (372.8, 372.8), (372.8, 372.8), (372.8, 372.8), (372.8, 372.8), (372.8, 372.8), (372.8, 372.8), (372.8, 372.8), (372.8, 372.8), (372.8, 372.8), (372.8, 372.8), (372.8, 372.8), (372.8, 372.8), (372.8, 372.8), (372.8, 372.8), (372.8, 372.8), (372.8, 372.8), (372.8, 372.8), (372.8, 372.8), (372.8, 372.8), (372.8, 372.8), (372.8, 372.8), (372.8, 372.8), (372.8, 372.8)]",0,1,12.0
novice,bomberman,2,Stuck,1,0,22.17,0.741,"[(48.0, 48.0), (62.9, 51.7), (77.9, 51.7), (98.4, 51.7), (113.3, 57.3), (115.2, 72.3), (115.2, 89.1), (115.2, 107.7), (128.3, 115.2), (143.2, 115.2), (165.6, 115.2), (180.5, 124.5), (180.5, 139.5), (180.5, 160.0), (184.3, 176.8), (199.2, 180.5), (217.9, 180.5), (236.5, 182.4), (244.0, 197.3), (244.0, 212.3), (244.0, 234.7), (257.1, 244.0), (272.0, 244.0), (292.5, 244.0), (307.5, 253.3), (307.5, 268.3), (307.5, 288.8), (311.2, 303.7), (326.1, 307.5), (342.9, 307.5), (361.6, 307.5), (372.8, 320.5), (372.8, 335.5), (372.8, 350.4), (372.8, 365.3), (372.8, 372.8), (372.8, 372.8), (372.8, 372.8), (372.8, 372.8), (372.8, 372.8), (372.8, 372.8), (372.8, 372.8), (372.8, 372.8), (372.8, 372.8), (372.8, 372.8), (372.8, 372.8), (372.8, 372.8), (372.8, 372.8), (372.8, 372.8), (372.8, 372.8), (372.8, 372.8), (372.8, 372.8), (372.8, 372.8), (372.8, 372.8), (372.8, 372.8), (372.8, 372.8), (372.8, 372.8), (372.8, 372.8), (372.8, 372.8), (372.8, 372.8), (372.8, 372.8), (372.8, 372.8), (372.8, 372.8), (372.8, 372.8), (372.8, 372.8), (372.8, 372.8), (372.8, 372.8), (372.8, 372.8), (372.8, 372.8), (372.8, 372.8), (372.8, 372.8), (372.8, 372.8), (372.8, 372.8), (372.8, 372.8), (372.8, 372.8), (372.8, 372.8), (372.8, 372.8), (372.8, 372.8), (372.8, 372.8), (372.8, 372.8), (372.8, 372.8), (372.8, 372.8), (372.8, 372.8), (372.8, 372.8), (372.8, 372.8), (372.8, 372.8), (372.8, 372.8), (372.8, 372.8), (372.8, 372.8), (372.8, 372.8), (372.8, 372.8), (372.8, 372.8), (372.8, 372.8), (372.8, 372.8), (372.8, 372.8), (372.8, 372.8), (372.8, 372.8), (372.8, 372.8), (372.8, 372.8), (372.8, 372.8)]",0,0,13.22
novice,bomberman,2,Bomb,7,0,24.42,0.926,"[(48.0, 48.0), (62.9, 51.7), (77.9, 51.7), (98.4, 51.7), (113.3, 57.3), (115.2, 72.3), (115.2, 89.1), (115.2, 107.7), (128.3, 115.2), (143.2, 115.2), (165.6, 115.2), (180.5, 124.5), (180.5, 139.5), (180.5, 160.0), (184.3, 176.8), (199.2, 180.5), (217.9, 180.5), (236.5, 182.4), (244.0, 197.3), (244.0, 212.3), (244.0, 234.7), (257.1, 244.0), (272.0, 244.0), (292.5, 244.0), (307.5, 253.3), (307.5, 268.3), (307.5, 288.8), (311.2, 303.7), (326.1, 307.5), (342.9, 307.5), (361.6, 307.5), (372.8, 320.5), (372.8, 335.5), (372.8, 350.4), (372.8, 365.3), (372.8, 372.8), (372.8, 372.8), (372.8, 372.8), (372.8, 372.8), (372.8, 372.8), (372.8, 372.8), (372.8, 372.8), (372.8, 372.8), (372.8, 372.8), (372.8, 372.8), (372.8, 372.8), (372.8, 372.8), (372.8, 372.8), (372.8, 372.8), (372.8, 372.8), (372.8, 372.8), (372.8, 372.8), (372.8, 372.8), (372.8, 372.8), (372.8, 372.8), (372.8, 372.8), (372.8, 372.8), (372.8, 372.8), (372.8, 372.8), (372.8, 372.8), (372.8, 372.8), (372.8, 372.8), (372.8, 372.8), (372.8, 372.8), (372.8, 372.8), (372.8, 372.8), (372.8, 372.8), (372.8, 372.8), (372.8, 372.8), (372.8, 372.8), (372.8, 372.8), (372.8, 372.8), (372.8, 372.8), (372.8, 372.8), (372.8, 372.8), (372.8, 372.8), (372.8, 372.8), (372.8, 372.8), (372.8, 372.8), (372.8, 372.8), (372.8, 372.8), (372.8, 372.8), (372.8, 372.8), (372.8, 372.8), (372.8, 372.8), (372.8, 372.8), (372.8, 372.8), (372.8, 372.8), (372.8, 372.8), (372.8, 372.8), (372.8, 372.8)]",0,1,12.0
novice,bomberman,2,Bomb,4,0,32.21,0.926,"[(48.0, 48.0), (62.9, 51.7), (77.9, 51.7), (98.4, 51.7), (113.3, 57.3), (115.2, 72.3), (115.2, 89.1), (115.2, 107.7), (128.3, 115.2), (143.2, 115.2), (165.6, 115.2), (180.5, 124.5), (180.5, 139.5), (180.5, 160.0), (184.3, 176.8), (199.2, 180.5), (217.9, 180.5), (236.5, 182.4), (244.0, 197.3), (244.0, 212.3), (244.0, 234.7), (257.1, 244.0), (272.0, 244.0), (292.5, 244.0), (307.5, 253.3), (307.5, 268.3), (307.5, 288.8), (311.2, 303.7), (326.1, 307.5), (342.9, 307.5), (361.6, 307.5), (372.8, 320.5), (372.8, 335.5), (372.8, 350.4), (372.8, 365.3), (372.8, 372.8), (372.8, 372.8), (372.8, 372.8), (372.8, 372.8), (372.8, 372.8), (372.8, 372.8), (372.8, 372.8), (372.8, 372.8), (372.8, 372.8), (372.8, 372.8), (372.8, 372.8), (372.8, 372.8), (372.8, 372.8), (372.8, 372.8), (372.8, 372.8), (372.8, 372.8), (372.8, 372.8), (372.8, 372.8), (372.8, 372.8), (372.8, 372.8), (372.8, 372.8), (372.8, 372.8), (372.8, 372.8), (372.8, 372.8), (372.8, 372.8), (372.8, 372.8), (372.8, 372.8), (372.8, 372.8), (372.8, 372.8), (372.8, 372.8), (372.8, 372.8), (372.8, 372.8), (372.8, 372.8), (372.8, 372.8)]",0,1,9.1
novice,bomberman,2,Bomb,6,0,24.42,0.926,"[(48.0, 48.0), (62.9, 51.7), (77.9, 51.7), (98.4, 51.7), (113.3, 57.3), (115.2, 72.3), (115.2, 89.1), (115.2, 107.7), (128.3, 115.2), (143.2, 115.2), (165.6, 115.2), (180.5, 124.5), (180.5, 139.5), (180.5, 160.0), (184.3, 176.8), (199.2, 180.5), (217.9, 180.5), (236.5, 182.4), (244.0, 197.3), (244.0, 212.3), (244.0, 234.7), (257.1, 244.0), (272.0, 244.0), (292.5, 244.0), (307.5, 253.3), (307.5, 268.3), (307.5, 288.8), (311.2, 303.7), (326.1, 307.5), (342.9, 307.5), (361.6, 307.5), (372.8, 320.5), (372.8, 335.5), (372.8, 350.4), (372.8, 365.3), (372.8, 372.8), (372.8, 372.8), (372.8, 372.8), (372.8, 372.8), (372.8, 372.8), (372.8, 372.8), (372.8, 372.8), (372.8, 372.8), (372.8, 372.8), (372.8, 372.8), (372.8, 372.8), (372.8, 372.8), (372.8, 372.8), (372.8, 372.8), (372.8, 372.8), (372.8, 372.8), (372.8, 372.8), (372.8, 372.8), (372.8, 372.8), (372.8, 372.8), (372.8, 372.8), (372.8, 372.8), (372.8, 372.8), (372.8, 372.8), (372.8, 372.8), (372.8, 372.8), (372.8, 372.8), (372.8, 372.8), (372.8, 372.8), (372.8, 372.8), (372.8, 372.8), (372.8, 372.8), (372.8, 372.8), (372.8, 372.8), (372.8, 372.8), (372.8, 372.8), (372.8, 372.8), (372.8, 372.8), (372.8, 372.8), (372.8, 372.8), (372.8, 372.8), (372.8, 372.8), (372.8, 372.8), (372.8, 372.8), (372.8, 372.8), (372.8, 372.8), (372.8, 372.8), (372.8, 372.8), (372.8, 372.8), (372.8, 372.8), (372.8, 372.8), (372.8, 372.8), (372.8, 372.8), (372.8, 372.8), (372.8, 372.8), (372.8, 372.8)]",0,1,12.0
novice,bomberman,2,Bomb,6,0,24.42,0.926,"[(48.0, 48.0), (62.9, 51.7), (77.9, 51.7), (98.4, 51.7), (113.3, 57.3), (115.2, 72.3), (115.2, 89.1), (115.2, 107.7), (128.3, 115.2), (143.2, 115.2), (165.6, 115.2), (180.5, 124.5), (180.5, 139.5), (180.5, 160.0), (184.3, 176.8), (199.2, 180.5), (217.9, 180.5), (236.5, 182.4), (244.0, 197.3), (244.0, 212.3), (244.0, 234.7), (257.1, 244.0), (272.0, 244.0), (292.5, 244.0), (307.5, 253.3), (307.5, 268.3), (307.5, 288.8), (311.2, 303.7), (326.1, 307.5), (342.9, 307.5), (361.6, 307.5), (372.8, 320.5), (372.8, 335.5), (372.8, 350.4), (372.8, 365.3), (372.8, 372.8), (372.8, 372.8), (372.8, 372.8), (372.8, 372.8), (372.8, 372.8), (372.8, 372.8), (372.8, 372.8), (372.8, 372.8), (372.8, 372.8), (372.8, 372.8), (372.8, 372.8), (372.8, 372.8), (372.8, 372.8), (372.8, 372.8), (372.8, 372.8), (372.8, 372.8), (372.8, 372.8), (372.8, 372.8), (372.8, 372.8), (372.8, 372.8), (372.8, 372.8), (372.8, 372.8), (372.8, 372.8), (372.8, 372.8), (372.8, 372.8), (372.8, 372.8), (372.8, 372.8), (372.8, 372.8), (372.8, 372.8), (372.8, 372.8), (372.8, 372.8), (372.8, 372.8), (372.8, 372.8), (372.8, 372.8), (372.8, 372.8), (372.8, 372.8), (372.8, 372.8), (372.8, 372.8), (372.8, 372.8), (372.8, 372.8), (372.8, 372.8), (372.8, 372.8), (372.8, 372.8), (372.8, 372.8), (372.8, 372.8), (372.8, 372.8), (372.8, 372.8), (372.8, 372.8), (372.8, 372.8), (372.8, 372.8), (372.8, 372.8), (372.8, 372.8), (372.8, 372.8), (372.8, 372.8), (372.8, 372.8), (372.8, 372.8)]",0,1,12.0
novice,bomberman,2,Bomb,4,0,32.21,0.926,"[(48.0, 48.0), (62.9, 51.7), (77.9, 51.7), (98.4, 51.7), (113.3, 57.3), (115.2, 72.3), (115.2, 89.1), (115.2, 107.7), (128.3, 115.2), (143.2, 115.2), (165.6, 115.2), (180.5, 124.5), (180.5, 139.5), (180.5, 160.0), (184.3, 176.8), (199.2, 180.5), (217.9, 180.5), (236.5, 182.4), (244.0, 197.3), (244.0, 212.3), (244.0, 234.7), (257.1, 244.0), (272.0, 244.0), (292.5, 244.0), (307.5, 253.3), (307.5, 268.3), (307.5, 288.8), (311.2, 303.7), (326.1, 307.5), (342.9, 307.5), (361.6, 307.5), (372.8, 320.5), (372.8, 335.5), (372.8, 350.4), (372.8, 365.3), (372.8, 372.8), (372.8, 372.8), (372.8, 372.8), (372.8, 372.8), (372.8, 372.8), (372.8, 372.8), (372.8, 372.8), (372.8, 372.8), (372.8, 372.8), (372.8, 372.8), (372.8, 372.8), (372.8, 372.8), (372.8, 372.8), (372.8, 372.8), (372.8, 372.8), (372.8, 372.8), (372.8, 372.8), (372.8, 372.8), (372.8, 372.8), (372.8, 372.8), (372.8, 372.8), (372.8, 372.8), (372.8, 372.8), (372.8, 372.8), (372.8, 372.8), (372.8, 372.8), (372.8, 372.8), (372.8, 372.8), (372.8, 372.8), (372.8, 372.8), (372.8, 372.8), (372.8, 372.8), (372.8, 372.8), (372.8, 372.8)]",0,1,9.1
novice,bomberman,2,Bomb,7,0,24.42,0.926,"[(48.0, 48.0), (62.9, 51.7), (77.9, 51.7), (98.4, 51.7), (113.3, 57.3), (115.2, 72.3), (115.2, 89.1), (115.2, 107.7), (128.3, 115.2), (143.2, 115.2), (165.6, 115.2), (180.5, 124.5), (180.5, 139.5), (180.5, 160.0), (184.3, 176.8), (199.2, 180.5), (217.9, 180.5), (236.5, 182.4), (244.0, 197.3), (244.0, 212.3), (244.0, 234.7), (257.1, 244.0), (272.0, 244.0), (292.5, 244.0), (307.5, 253.3), (307.5, 268.3), (307.5, 288.8), (311.2, 303.7), (326.1, 307.5), (342.9, 307.5), (361.6, 307.5), (372.8, 320.5), (372.8, 335.5), (372.8, 350.4), (372.8, 365.3), (372.8, 372.8), (372.8, 372.8), (372.8, 372.8), (372.8, 372.8), (372.8, 372.8), (372.8, 372.8), (372.8, 372.8), (372.8, 372.8), (372.8, 372.8), (372.8, 372.8), (372.8, 372.8), (372.8, 372.8), (372.8, 372.8), (372.8, 372.8), (372.8, 372.8), (372.8, 372.8), (372.8, 372.8), (372.8, 372.8), (372.8, 372.8), (372.8, 372.8), (372.8, 372.8), (372.8, 372.8), (372.8, 372.8), (372.8, 372.8), (372.8, 372.8), (372.8, 372.8), (372.8, 372.8), (372.8, 372.8), (372.8, 372.8), (372.8, 372.8), (372.8, 372.8), (372.8, 372.8), (372.8, 372.8), (372.8, 372.8), (372.8, 372.8), (372.8, 372.8), (372.8, 372.8), (372.8, 372.8), (372.8, 372.8), (372.8, 372.8), (372.8, 372.8), (372.8, 372.8), (372.8, 372.8), (372.8, 372.8), (372.8, 372.8), (372.8, 372.8), (372.8, 372.8), (372.8, 372.8), (372.8, 372.8), (372.8, 372.8), (372.8, 372.8), (372.8, 372.8), (372.8, 372.8), (372.8, 372.8), (372.8, 372.8), (372.8, 372.8)]",0,1,12.0
novice,bomberman,2,Bomb,6,0,24.42,0.926,"[(48.0, 48.0), (62.9, 51.7), (77.9, 51.7), (98.4, 51.7), (113.3, 57.3), (115.2, 72.3), (115.2, 89.1), (115.2, 107.7), (128.3, 115.2), (143.2, 115.2), (165.6, 115.2), (180.5, 124.5), (180.5, 139.5), (180.5, 160.0), (184.3, 176.8), (199.2, 180.5), (217.9, 180.5), (236.5, 182.4), (244.0, 197.3), (244.0, 212.3), (244.0, 234.7), (257.1, 244.0), (272.0, 244.0), (292.5, 244.0), (307.5, 253.3), (307.5, 268.3), (307.5, 288.8), (311.2, 303.7), (326.1, 307.5), (342.9, 307.5), (361.6, 307.5), (372.8, 320.5), (372.8, 335.5), (372.8, 350.4), (372.8, 365.3), (372.8, 372.8), (372.8, 372.8), (372.8, 372.8), (372.8, 372.8), (372.8, 372.8), (372.8, 372.8), (372.8, 372.8), (372.8, 372.8), (372.8, 372.8), (372.8, 372.8), (372.8, 372.8), (372.8, 372.8), (372.8, 372.8), (372.8, 372.8), (372.8, 372.8), (372.8, 372.8), (372.8, 372.8), (372.8, 372.8), (372.8, 372.8), (372.8, 372.8), (372.8, 372.8), (372.8, 372.8), (372.8, 372.8), (372.8, 372.8), (372.8, 372.8), (372.8, 372.8), (372.8, 372.8), (372.8, 372.8), (372.8, 372.8), (372.8, 372.8), (372.8, 372.8), (372.8, 372.8), (372.8, 372.8), (372.8, 372.8), (372.8, 372.8), (372.8, 372.8), (372.8, 372.8), (372.8, 372.8), (372.8, 372.8), (372.8, 372.8), (372.8, 372.8), (372.8, 372.8), (372.8, 372.8), (372.8, 372.8), (372.8, 372.8), (372.8, 372.8), (372.8, 372.8), (372.8, 372.8), (372.8, 372.8), (372.8, 372.8), (372.8, 372.8), (372.8, 372.8), (372.8, 372.8), (372.8, 372.8), (372.8, 372.8), (372.8, 372.8)]",0,1,12.0
novice,bomberman,2,Bomb,4,0,29.45,0.926,"[(48.0, 48.0), (62.9, 51.7), (77.9, 51.7), (98.4, 51.7), (113.3, 57.3), (115.2, 72.3), (115.2, 89.1), (115.2, 107.7), (128.3, 115.2), (143.2, 115.2), (165.6, 115.2), (180.5, 124.5), (180.5, 139.5), (180.5, 160.0), (184.3, 176.8), (199.2, 180.5), (217.9, 180.5), (236.5, 182.4), (244.0, 197.3), (244.0, 212.3), (244.0, 234.7), (257.1, 244.0), (272.0, 244.0), (292.5, 244.0), (307.5, 253.3), (307.5, 268.3), (307.5, 288.8), (311.2, 303.7), (326.1, 307.5), (342.9, 307.5), (361.6, 307.5), (372.8, 320.5), (372.8, 335.5), (372.8, 350.4), (372.8, 365.3), (372.8, 372.8), (372.8, 372.8), (372.8, 372.8), (372.8, 372.8), (372.8, 372.8), (372.8, 372.8), (372.8, 372.8), (372.8, 372.8), (372.8, 372.8), (372.8, 372.8), (372.8, 372.8), (372.8, 372.8), (372.8, 372.8), (372.8, 372.8), (372.8, 372.8), (372.8, 372.8), (372.8, 372.8), (372.8, 372.8), (372.8, 372.8), (372.8, 372.8), (372.8, 372.8), (372.8, 372.8), (372.8, 372.8), (372.8, 372.8), (372.8, 372.8), (372.8, 372.8), (372.8, 372.8), (372.8, 372.8), (372.8, 372.8), (372.8, 372.8), (372.8, 372.8), (372.8, 372.8), (372.8, 372.8), (372.8, 372.8), (372.8, 372.8), (372.8, 372.8), (372.8, 372.8), (372.8, 372.8), (372.8, 372.8), (372.8, 372.8)]",0,1,9.95
novice,bomberman,2,Bomb,6,0,24.42,0.926,"[(48.0, 48.0), (62.9, 51.7), (77.9, 51.7), (98.4, 51.7), (113.3, 57.3), (115.2, 72.3), (115.2, 89.1), (115.2, 107.7), (128.3, 115.2), (143.2, 115.2), (165.6, 115.2), (180.5, 124.5), (180.5, 139.5), (180.5, 160.0), (184.3, 176.8), (199.2, 180.5), (217.9, 180.5), (236.5, 182.4), (244.0, 197.3), (244.0, 212.3), (244.0, 234.7), (257.1, 244.0), (272.0, 244.0), (292.5, 244.0), (307.5, 253.3), (307.5, 268.3), (307.5, 288.8), (311.2, 303.7), (326.1, 307.5), (342.9, 307.5), (361.6, 307.5), (372.8, 320.5), (372.8, 335.5), (372.8, 350.4), (372.8, 365.3), (372.8, 372.8), (372.8, 372.8), (372.8, 372.8), (372.8, 372.8), (372.8, 372.8), (372.8, 372.8), (372.8, 372.8), (372.8, 372.8), (372.8, 372.8), (372.8, 372.8), (372.8, 372.8), (372.8, 372.8), (372.8, 372.8), (372.8, 372.8), (372.8, 372.8), (372.8, 372.8), (372.8, 372.8), (372.8, 372.8), (372.8, 372.8), (372.8, 372.8), (372.8, 372.8), (372.8, 372.8), (372.8, 372.8), (372.8, 372.8), (372.8, 372.8), (372.8, 372.8), (372.8, 372.8), (372.8, 372.8), (372.8, 372.8), (372.8, 372.8), (372.8, 372.8), (372.8, 372.8), (372.8, 372.8), (372.8, 372.8), (372.8, 372.8), (372.8, 372.8), (372.8, 372.8), (372.8, 372.8), (372.8, 372.8), (372.8, 372.8), (372.8, 372.8), (372.8, 372.8), (372.8, 372.8), (372.8, 372.8), (372.8, 372.8), (372.8, 372.8), (372.8, 372.8), (372.8, 372.8), (372.8, 372.8), (372.8, 372.8), (372.8, 372.8), (372.8, 372.8), (372.8, 372.8), (372.8, 372.8), (372.8, 372.8), (372.8, 372.8)]",0,1,12.0
novice,bomberman,2,Bomb,6,0,24.42,0.926,"[(48.0, 48.0), (62.9, 51.7), (77.9, 51.7), (98.4, 51.7), (113.3, 57.3), (115.2, 72.3), (115.2, 89.1), (115.2, 107.7), (128.3, 115.2), (143.2, 115.2), (165.6, 115.2), (180.5, 124.5), (180.5, 139.5), (180.5, 160.0), (184.3, 176.8), (199.2, 180.5), (217.9, 180.5), (236.5, 182.4), (244.0, 197.3), (244.0, 212.3), (244.0, 234.7), (257.1, 244.0), (272.0, 244.0), (292.5, 244.0), (307.5, 253.3), (307.5, 268.3), (307.5, 288.8), (311.2, 303.7), (326.1, 307.5), (342.9, 307.5), (361.6, 307.5), (372.8, 320.5), (372.8, 335.5), (372.8, 350.4), (372.8, 365.3), (372.8, 372.8), (372.8, 372.8), (372.8, 372.8), (372.8, 372.8), (372.8, 372.8), (372.8, 372.8), (372.8, 372.8), (372.8, 372.8), (372.8, 372.8), (372.8, 372.8), (372.8, 372.8), (372.8, 372.8), (372.8, 372.8), (372.8, 372.8), (372.8, 372.8), (372.8, 372.8), (372.8, 372.8), (372.8, 372.8), (372.8, 372.8), (372.8, 372.8), (372.8, 372.8), (372.8, 372.8), (372.8, 372.8), (372.8, 372.8), (372.8, 372.8), (372.8, 372.8), (372.8, 372.8), (372.8, 372.8), (372.8, 372.8), (372.8, 372.8), (372.8, 372.8), (372.8, 372.8), (372.8, 372.8), (372.8, 372.8), (372.8, 372.8), (372.8, 372.8), (372.8, 372.8), (372.8, 372.8), (372.8, 372.8), (372.8, 372.8), (372.8, 372.8), (372.8, 372.8), (372.8, 372.8), (372.8, 372.8), (372.8, 372.8), (372.8, 372.8), (372.8, 372.8), (372.8, 372.8), (372.8, 372.8), (372.8, 372.8), (372.8, 372.8), (372.8, 372.8), (372.8, 372.8), (372.8, 372.8), (372.8, 372.8), (372.8, 372.8)]",0,1,12.0
novice,bomberman,2,Bomb,4,0,34.89,0.741,"[(48.0, 48.0), (62.9, 51.7), (77.9, 51.7), (98.4, 51.7), (113.3, 57.3), (115.2, 72.3), (115.2, 89.1), (115.2, 107.7), (128.3, 115.2), (143.2, 115.2), (165.6, 115.2), (180.5, 124.5), (180.5, 139.5), (180.5, 160.0), (184.3, 176.8), (199.2, 180.5), (217.9, 180.5), (236.5, 182.4), (244.0, 197.3), (244.0, 212.3), (244.0, 234.7), (257.1, 244.0), (272.0, 244.0), (292.5, 244.0), (307.5, 253.3), (307.5, 268.3), (307.5, 288.8), (311.2, 303.7), (326.1, 307.5), (342.9, 307.5), (361.6, 307.5), (372.8, 320.5), (372.8, 335.5), (372.8, 350.4), (372.8, 365.3), (372.8, 372.8), (372.8, 372.8), (372.8, 372.8), (372.8, 372.8), (372.8, 372.8), (372.8, 372.8), (372.8, 372.8), (372.8, 372.8), (372.8, 372.8), (372.8, 372.8), (372.8, 372.8), (372.8, 372.8), (372.8, 372.8), (372.8, 372.8), (372.8, 372.8), (372.8, 372.8), (372.8, 372.8), (372.8, 372.8), (372.8, 372.8), (372.8, 372.8), (372.8, 372.8), (372.8, 372.8), (372.8, 372.8), (372.8, 372.8), (372.8, 372.8), (372.8, 372.8), (372.8, 372.8), (372.8, 372.8), (372.8, 372.8)]",0,0,8.4
novice,bomberman,2,Bomb,6,0,24.42,0.926,"[(48.0, 48.0), (62.9, 51.7), (77.9, 51.7), (98.4, 51.7), (113.3, 57.3), (115.2, 72.3), (115.2, 89.1), (115.2, 107.7), (128.3, 115.2), (143.2, 115.2), (165.6, 115.2), (180.5, 124.5), (180.5, 139.5), (180.5, 160.0), (184.3, 176.8), (199.2, 180.5), (217.9, 180.5), (236.5, 182.4), (244.0, 197.3), (244.0, 212.3), (244.0, 234.7), (257.1, 244.0), (272.0, 244.0), (292.5, 244.0), (307.5, 253.3), (307.5, 268.3), (307.5, 288.8), (311.2, 303.7), (326.1, 307.5), (342.9, 307.5), (361.6, 307.5), (372.8, 320.5), (372.8, 335.5), (372.8, 350.4), (372.8, 365.3), (372.8, 372.8), (372.8, 372.8), (372.8, 372.8), (372.8, 372.8), (372.8, 372.8), (372.8, 372.8), (372.8, 372.8), (372.8, 372.8), (372.8, 372.8), (372.8, 372.8), (372.8, 372.8), (372.8, 372.8), (372.8, 372.8), (372.8, 372.8), (372.8, 372.8), (372.8, 372.8), (372.8, 372.8), (372.8, 372.8), (372.8, 372.8), (372.8, 372.8), (372.8, 372.8), (372.8, 372.8), (372.8, 372.8), (372.8, 372.8), (372.8, 372.8), (372.8, 372.8), (372.8, 372.8), (372.8, 372.8), (372.8, 372.8), (372.8, 372.8), (372.8, 372.8), (372.8, 372.8), (372.8, 372.8), (372.8, 372.8), (372.8, 372.8), (372.8, 372.8), (372.8, 372.8), (372.8, 372.8), (372.8, 372.8), (372.8, 372.8), (372.8, 372.8), (372.8, 372.8), (372.8, 372.8), (372.8, 372.8), (372.8, 372.8), (372.8, 372.8), (372.8, 372.8), (372.8, 372.8), (372.8, 372.8), (372.8, 372.8), (372.8, 372.8), (372.8, 372.8), (372.8, 372.8), (372.8, 372.8), (372.8, 372.8), (372.8, 372.8)]",0,1,12.0
novice,bomberman,2,Bomb,2,0,35.74,0.741,"[(48.0, 48.0), (62.9, 51.7), (77.9, 51.7), (98.4, 51.7), (113.3, 57.3), (115.2, 72.3), (115.2, 89.1), (115.2, 107.7), (128.3, 115.2), (143.2, 115.2), (165.6, 115.2), (180.5, 124.5), (180.5, 139.5), (180.5, 160.0), (184.3, 176.8), (199.2, 180.5), (217.9, 180.5), (236.5, 182.4), (244.0, 197.3), (244.0, 212.3), (244.0, 234.7), (257.1, 244.0), (272.0, 244.0), (292.5, 244.0), (307.5, 253.3), (307.5, 268.3), (307.5, 288.8), (311.2, 303.7), (326.1, 307.5), (342.9, 307.5), (361.6, 307.5), (372.8, 320.5), (372.8, 335.5), (372.8, 350.4), (372.8, 365.3), (372.8, 372.8), (372.8, 372.8), (372.8, 372.8), (372.8, 372.8), (372.8, 372.8), (372.8, 372.8), (372.8, 372.8), (372.8, 372.8), (372.8, 372.8), (372.8, 372.8), (372.8, 372.8), (372.8, 372.8), (372.8, 372.8), (372.8, 372.8), (372.8, 372.8), (372.8, 372.8), (372.8, 372.8), (372.8, 372.8), (372.8, 372.8), (372.8, 372.8), (372.8, 372.8), (372.8, 372.8), (372.8, 372.8), (372.8, 372.8), (372.8, 372.8), (372.8, 372.8), (372.8, 372.8)]",0,0,8.2
novice,bomberman,2,Bomb,6,0,24.42,0.926,"[(48.0, 48.0), (62.9, 51.7), (77.9, 51.7), (98.4, 51.7), (113.3, 57.3), (115.2, 72.3), (115.2, 89.1), (115.2, 107.7), (128.3, 115.2), (143.2, 115.2), (165.6, 115.2), (180.5, 124.5), (180.5, 139.5), (180.5, 160.0), (184.3, 176.8), (199.2, 180.5), (217.9, 180.5), (236.5, 182.4), (244.0, 197.3), (244.0, 212.3), (244.0, 234.7), (257.1, 244.0), (272.0, 244.0), (292.5, 244.0), (307.5, 253.3), (307.5, 268.3), (307.5, 288.8), (311.2, 303.7), (326.1, 307.5), (342.9, 307.5), (361.6, 307.5), (372.8, 320.5), (372.8, 335.5), (372.8, 350.4), (372.8, 365.3), (372.8, 372.8), (372.8, 372.8), (372.8, 372.8), (372.8, 372.8), (372.8, 372.8), (372.8, 372.8), (372.8, 372.8), (372.8, 372.8), (372.8, 372.8), (372.8, 372.8), (372.8, 372.8), (372.8, 372.8), (372.8, 372.8), (372.8, 372.8), (372.8, 372.8), (372.8, 372.8), (372.8, 372.8), (372.8, 372.8), (372.8, 372.8), (372.8, 372.8), (372.8, 372.8), (372.8, 372.8), (372.8, 372.8), (372.8, 372.8), (372.8, 372.8), (372.8, 372.8), (372.8, 372.8), (372.8, 372.8), (372.8, 372.8), (372.8, 372.8), (372.8, 372.8), (372.8, 372.8), (372.8, 372.8), (372.8, 372.8), (372.8, 372.8), (372.8, 372.8), (372.8, 372.8), (372.8, 372.8), (372.8, 372.8), (372.8, 372.8), (372.8, 372.8), (372.8, 372.8), (372.8, 372.8), (372.8, 372.8), (372.8, 372.8), (372.8, 372.8), (372.8, 372.8), (372.8, 372.8), (372.8, 372.8), (372.8, 372.8), (372.8, 372.8), (372.8, 372.8), (372.8, 372.8), (372.8, 372.8), (372.8, 372.8), (372.8, 372.8)]",0,1,12.0
novice,bomberman,2,Bomb,6,0,24.42,0.926,"[(48.0, 48.0), (62.9, 51.7), (77.9, 51.7), (98.4, 51.7), (113.3, 57.3), (115.2, 72.3), (115.2, 89.1), (115.2, 107.7), (128.3, 115.2), (143.2, 115.2), (165.6, 115.2), (180.5, 124.5), (180.5, 139.5), (180.5, 160.0), (184.3, 176.8), (199.2, 180.5), (217.9, 180.5), (236.5, 182.4), (244.0, 197.3), (244.0, 212.3), (244.0, 234.7), (257.1, 244.0), (272.0, 244.0), (292.5, 244.0), (307.5, 253.3), (307.5, 268.3), (307.5, 288.8), (311.2, 303.7), (326.1, 307.5), (342.9, 307.5), (361.6, 307.5), (372.8, 320.5), (372.8, 335.5), (372.8, 350.4), (372.8, 365.3), (372.8, 372.8), (372.8, 372.8), (372.8, 372.8), (372.8, 372.8), (372.8, 372.8), (372.8, 372.8), (372.8, 372.8), (372.8, 372.8), (372.8, 372.8), (372.8, 372.8), (372.8, 372.8), (372.8, 372.8), (372.8, 372.8), (372.8, 372.8), (372.8, 372.8), (372.8, 372.8), (372.8, 372.8), (372.8, 372.8), (372.8, 372.8), (372.8, 372.8), (372.8, 372.8), (372.8, 372.8), (372.8, 372.8), (372.8, 372.8), (372.8, 372.8), (372.8, 372.8), (372.8, 372.8), (372.8, 372.8), (372.8, 372.8), (372.8, 372.8), (372.8, 372.8), (372.8, 372.8), (372.8, 372.8), (372.8, 372.8), (372.8, 372.8), (372.8, 372.8), (372.8, 372.8), (372.8, 372.8), (372.8, 372.8), (372.8, 372.8), (372.8, 372.8), (372.8, 372.8), (372.8, 372.8), (372.8, 372.8), (372.8, 372.8), (372.8, 372.8), (372.8, 372.8), (372.8, 372.8), (372.8, 372.8), (372.8, 372.8), (372.8, 372.8), (372.8, 372.8), (372.8, 372.8), (372.8, 372.8), (372.8, 372.8), (372.8, 372.8)]",0,1,12.0
novice,bomberman,2,Bomb,6,0,24.42,0.926,"[(48.0, 48.0), (62.9, 51.7), (77.9, 51.7), (98.4, 51.7), (113.3, 57.3), (115.2, 72.3), (115.2, 89.1), (115.2, 107.7), (128.3, 115.2), (143.2, 115.2), (165.6, 115.2), (180.5, 124.5), (180.5, 139.5), (180.5, 160.0), (184.3, 176.8), (199.2, 180.5), (217.9, 180.5), (236.5, 182.4), (244.0, 197.3), (244.0, 212.3), (244.0, 234.7), (257.1, 244.0), (272.0, 244.0), (292.5, 244.0), (307.5, 253.3), (307.5, 268.3), (307.5, 288.8), (311.2, 303.7), (326.1, 307.5), (342.9, 307.5), (361.6, 307.5), (372.8, 320.5), (372.8, 335.5), (372.8, 350.4), (372.8, 365.3), (372.8, 372.8), (372.8, 372.8), (372.8, 372.8), (372.8, 372.8), (372.8, 372.8), (372.8, 372.8), (372.8, 372.8), (372.8, 372.8), (372.8, 372.8), (372.8, 372.8), (372.8, 372.8), (372.8, 372.8), (372.8, 372.8), (372.8, 372.8), (372.8, 372.8), (372.8, 372.8), (372.8, 372.8), (372.8, 372.8), (372.8, 372.8), (372.8, 372.8), (372.8, 372.8), (372.8, 372.8), (372.8, 372.8), (372.8, 372.8), (372.8, 372.8), (372.8, 372.8), (372.8, 372.8), (372.8, 372.8), (372.8, 372.8), (372.8, 372.8), (372.8, 372.8), (372.8, 372.8), (372.8, 372.8), (372.8, 372.8), (372.8, 372.8), (372.8, 372.8), (372.8, 372.8), (372.8, 372.8), (372.8, 372.8), (372.8, 372.8), (372.8, 372.8), (372.8, 372.8), (372.8, 372.8), (372.8, 372.8), (372.8, 372.8), (372.8, 372.8), (372.8, 372.8), (372.8, 372.8), (372.8, 372.8), (372.8, 372.8), (372.8, 372.8), (372.8, 372.8), (372.8, 372.8), (372.8, 372.8), (372.8, 372.8), (372.8, 372.8)]",0,1,12.0
novice,bomberman,2,Bomb,4,0,29.45,0.926,"[(48.0, 48.0), (62.9, 51.7), (77.9, 51.7), (98.4, 51.7), (113.3, 57.3), (115.2, 72.3), (115.2, 89.1), (115.2, 107.7), (128.3, 115.2), (143.2, 115.2), (165.6, 115.2), (180.5, 124.5), (180.5, 139.5), (180.5, 160.0), (184.3, 176.8), (199.2, 180.5), (217.9, 180.5), (236.5, 182.4), (244.0, 197.3), (244.0, 212.3), (244.0, 234.7), (257.1, 244.0), (272.0, 244.0), (292.5, 244.0), (307.5, 253.3), (307.5, 268.3), (307.5, 288.8), (311.2, 303.7), (326.1, 307.5), (342.9, 307.5), (361.6, 307.5), (372.8, 320.5), (372.8, 335.5), (372.8, 350.4), (372.8, 365.3), (372.8, 372.8), (372.8, 372.8), (372.8, 372.8), (372.8, 372.8), (372.8, 372.8), (372.8, 372.8), (372.8, 372.8), (372.8, 372.8), (372.8, 372.8), (372.8, 372.8), (372.8, 372.8), (372.8, 372.8), (372.8, 372.8), (372.8, 372.8), (372.8, 372.8), (372.8, 372.8), (372.8, 372.8), (372.8, 372.8), (372.8, 372.8), (372.8, 372.8), (372.8, 372.8), (372.8, 372.8), (372.8, 372.8), (372.8, 372.8), (372.8, 372.8), (372.8, 372.8), (372.8, 372.8), (372.8, 372.8), (372.8, 372.8), (372.8, 372.8), (372.8, 372.8), (372.8, 372.8), (372.8, 372.8), (372.8, 372.8), (372.8, 372.8), (372.8, 372.8), (372.8, 372.8), (372.8, 372.8), (372.8, 372.8), (372.8, 372.8)]",0,1,9.95
novice,bomberman,2,Bomb,5,0,24.22,0.926,"[(48.0, 48.0), (62.9, 51.7), (77.9, 51.7), (98.4, 51.7), (113.3, 57.3), (115.2, 72.3), (115.2, 89.1), (115.2, 107.7), (128.3, 115.2), (143.2, 115.2), (165.6, 115.2), (180.5, 124.5), (180.5, 139.5), (180.5, 160.0), (184.3, 176.8), (199.2, 180.5), (217.9, 180.5), (236.5, 182.4), (244.0, 197.3), (244.0, 212.3), (244.0, 234.7), (257.1, 244.0), (272.0, 244.0), (292.5, 244.0), (307.5, 253.3), (307.5, 268.3), (307.5, 288.8), (311.2, 303.7), (326.1, 307.5), (342.9, 307.5), (361.6, 307.5), (372.8, 320.5), (372.8, 335.5), (372.8, 350.4), (372.8, 365.3), (372.8, 372.8), (372.8, 372.8), (372.8, 372.8), (372.8, 372.8), (372.8, 372.8), (372.8, 372.8), (372.8, 372.8), (372.8, 372.8), (372.8, 372.8), (372.8, 372.8), (372.8, 372.8), (372.8, 372.8), (372.8, 372.8), (372.8, 372.8), (372.8, 372.8), (372.8, 372.8), (372.8, 372.8), (372.8, 372.8), (372.8, 372.8), (372.8, 372.8), (372.8, 372.8), (372.8, 372.8), (372.8, 372.8), (372.8, 372.8), (372.8, 372.8), (372.8, 372.8), (372.8, 372.8), (372.8, 372.8), (372.8, 372.8), (372.8, 372.8), (372.8, 372.8), (372.8, 372.8), (372.8, 372.8), (372.8, 372.8), (372.8, 372.8), (372.8, 372.8), (372.8, 372.8), (372.8, 372.8), (372.8, 372.8), (372.8, 372.8), (372.8, 372.8), (372.8, 372.8), (372.8, 372.8), (372.8, 372.8), (372.8, 372.8), (372.8, 372.8), (372.8, 372.8), (372.8, 372.8), (372.8, 372.8), (372.8, 372.8), (372.8, 372.8), (372.8, 372.8), (372.8, 372.8), (372.8, 372.8), (372.8, 372.8), (372.8, 372.8)]",0,1,12.1
novice,bomberman,2,Bomb,5,0,24.42,0.926,"[(48.0, 48.0), (62.9, 51.7), (77.9, 51.7), (98.4, 51.7), (113.3, 57.3), (115.2, 72.3), (115.2, 89.1), (115.2, 107.7), (128.3, 115.2), (143.2, 115.2), (165.6, 115.2), (180.5, 124.5), (180.5, 139.5), (180.5, 160.0), (184.3, 176.8), (199.2, 180.5), (217.9, 180.5), (236.5, 182.4), (244.0, 197.3), (244.0, 212.3), (244.0, 234.7), (257.1, 244.0), (272.0, 244.0), (292.5, 244.0), (307.5, 253.3), (307.5, 268.3), (307.5, 288.8), (311.2, 303.7), (326.1, 307.5), (342.9, 307.5), (361.6, 307.5), (372.8, 320.5), (372.8, 335.5), (372.8, 350.4), (372.8, 365.3), (372.8, 372.8), (372.8, 372.8), (372.8, 372.8), (372.8, 372.8), (372.8, 372.8), (372.8, 372.8), (372.8, 372.8), (372.8, 372.8), (372.8, 372.8), (372.8, 372.8), (372.8, 372.8), (372.8, 372.8), (372.8, 372.8), (372.8, 372.8), (372.8, 372.8), (372.8, 372.8), (372.8, 372.8), (372.8, 372.8), (372.8, 372.8), (372.8, 372.8), (372.8, 372.8), (372.8, 372.8), (372.8, 372.8), (372.8, 372.8), (372.8, 372.8), (372.8, 372.8), (372.8, 372.8), (372.8, 372.8), (372.8, 372.8), (372.8, 372.8), (372.8, 372.8), (372.8, 372.8), (372.8, 372.8), (372.8, 372.8), (372.8, 372.8), (372.8, 372.8), (372.8, 372.8), (372.8, 372.8), (372.8, 372.8), (372.8, 372.8), (372.8, 372.8), (372.8, 372.8), (372.8, 372.8), (372.8, 372.8), (372.8, 372.8), (372.8, 372.8), (372.8, 372.8), (372.8, 372.8), (372.8, 372.8), (372.8, 372.8), (372.8, 372.8), (372.8, 372.8), (372.8, 372.8), (372.8, 372.8), (372.8, 372.8), (372.8, 372.8)]",0,1,12.0
novice,bomberman,2,Bomb,4,0,34.89,0.741,"[(48.0, 48.0), (62.9, 51.7), (77.9, 51.7), (98.4, 51.7), (113.3, 57.3), (115.2, 72.3), (115.2, 89.1), (115.2, 107.7), (128.3, 115.2), (143.2, 115.2), (165.6, 115.2), (180.5, 124.5), (180.5, 139.5), (180.5, 160.0), (184.3, 176.8), (199.2, 180.5), (217.9, 180.5), (236.5, 182.4), (244.0, 197.3), (244.0, 212.3), (244.0, 234.7), (257.1, 244.0), (272.0, 244.0), (292.5, 244.0), (307.5, 253.3), (307.5, 268.3), (307.5, 288.8), (311.2, 303.7), (326.1, 307.5), (342.9, 307.5), (361.6, 307.5), (372.8, 320.5), (372.8, 335.5), (372.8, 350.4), (372.8, 365.3), (372.8, 372.8), (372.8, 372.8), (372.8, 372.8), (372.8, 372.8), (372.8, 372.8), (372.8, 372.8), (372.8, 372.8), (372.8, 372.8), (372.8, 372.8), (372.8, 372.8), (372.8, 372.8), (372.8, 372.8), (372.8, 372.8), (372.8, 372.8), (372.8, 372.8), (372.8, 372.8), (372.8, 372.8), (372.8, 372.8), (372.8, 372.8), (372.8, 372.8), (372.8, 372.8), (372.8, 372.8), (372.8, 372.8), (372.8, 372.8), (372.8, 372.8), (372.8, 372.8), (372.8, 372.8), (372.8, 372.8), (372.8, 372.8)]",0,0,8.4
novice,bomberman,2,Bomb,5,0,24.42,0.926,"[(48.0, 48.0), (62.9, 51.7), (77.9, 51.7), (98.4, 51.7), (113.3, 57.3), (115.2, 72.3), (115.2, 89.1), (115.2, 107.7), (128.3, 115.2), (143.2, 115.2), (165.6, 115.2), (180.5, 124.5), (180.5, 139.5), (180.5, 160.0), (184.3, 176.8), (199.2, 180.5), (217.9, 180.5), (236.5, 182.4), (244.0, 197.3), (244.0, 212.3), (244.0, 234.7), (257.1, 244.0), (272.0, 244.0), (292.5, 244.0), (307.5, 253.3), (307.5, 268.3), (307.5, 288.8), (311.2, 303.7), (326.1, 307.5), (342.9, 307.5), (361.6, 307.5), (372.8, 320.5), (372.8, 335.5), (372.8, 350.4), (372.8, 365.3), (372.8, 372.8), (372.8, 372.8), (372.8, 372.8), (372.8, 372.8), (372.8, 372.8), (372.8, 372.8), (372.8, 372.8), (372.8, 372.8), (372.8, 372.8), (372.8, 372.8), (372.8, 372.8), (372.8, 372.8), (372.8, 372.8), (372.8, 372.8), (372.8, 372.8), (372.8, 372.8), (372.8, 372.8), (372.8, 372.8), (372.8, 372.8), (372.8, 372.8), (372.8, 372.8), (372.8, 372.8), (372.8, 372.8), (372.8, 372.8), (372.8, 372.8), (372.8, 372.8), (372.8, 372.8), (372.8, 372.8), (372.8, 372.8), (372.8, 372.8), (372.8, 372.8), (372.8, 372.8), (372.8, 372.8), (372.8, 372.8), (372.8, 372.8), (372.8, 372.8), (372.8, 372.8), (372.8, 372.8), (372.8, 372.8), (372.8, 372.8), (372.8, 372.8), (372.8, 372.8), (372.8, 372.8), (372.8, 372.8), (372.8, 372.8), (372.8, 372.8), (372.8, 372.8), (372.8, 372.8), (372.8, 372.8), (372.8, 372.8), (372.8, 372.8), (372.8, 372.8), (372.8, 372.8), (372.8, 372.8), (372.8, 372.8), (372.8, 372.8)]",0,1,12.0
novice,bomberman,2,Bomb,6,0,24.42,0.926,"[(48.0, 48.0), (62.9, 51.7), (77.9, 51.7), (98.4, 51.7), (113.3, 57.3), (115.2, 72.3), (115.2, 89.1), (115.2, 107.7), (128.3, 115.2), (143.2, 115.2), (165.6, 115.2), (180.5, 124.5), (180.5, 139.5), (180.5, 160.0), (184.3, 176.8), (199.2, 180.5), (217.9, 180.5), (236.5, 182.4), (244.0, 197.3), (244.0, 212.3), (244.0, 234.7), (257.1, 244.0), (272.0, 244.0), (292.5, 244.0), (307.5, 253.3), (307.5, 268.3), (307.5, 288.8), (311.2, 303.7), (326.1, 307.5), (342.9, 307.5), (361.6, 307.5), (372.8, 320.5), (372.8, 335.5), (372.8, 350.4), (372.8, 365.3), (372.8, 372.8), (372.8, 372.8), (372.8, 372.8), (372.8, 372.8), (372.8, 372.8), (372.8, 372.8), (372.8, 372.8), (372.8, 372.8), (372.8, 372.8), (372.8, 372.8), (372.8, 372.8), (372.8, 372.8), (372.8, 372.8), (372.8, 372.8), (372.8, 372.8), (372.8, 372.8), (372.8, 372.8), (372.8, 372.8), (372.8, 372.8), (372.8, 372.8), (372.8, 372.8), (372.8, 372.8), (372.8, 372.8), (372.8, 372.8), (372.8, 372.8), (372.8, 372.8), (372.8, 372.8), (372.8, 372.8), (372.8, 372.8), (372.8, 372.8), (372.8, 372.8), (372.8, 372.8), (372.8, 372.8), (372.8, 372.8), (372.8, 372.8), (372.8, 372.8), (372.8, 372.8), (372.8, 372.8), (372.8, 372.8), (372.8, 372.8), (372.8, 372.8), (372.8, 372.8), (372.8, 372.8), (372.8, 372.8), (372.8, 372.8), (372.8, 372.8), (372.8, 372.8), (372.8, 372.8), (372.8, 372.8), (372.8, 372.8), (372.8, 372.8), (372.8, 372.8), (372.8, 372.8), (372.8, 372.8), (372.8, 372.8), (372.8, 372.8)]",0,1,12.0
novice,bomberman,2,Bomb,6,0,24.42,0.926,"[(48.0, 48.0), (62.9, 51.7), (77.9, 51.7), (98.4, 51.7), (113.3, 57.3), (115.2, 72.3), (115.2, 89.1), (115.2, 107.7), (128.3, 115.2), (143.2, 115.2), (165.6, 115.2), (180.5, 124.5), (180.5, 139.5), (180.5, 160.0), (184.3, 176.8), (199.2, 180.5), (217.9, 180.5), (236.5, 182.4), (244.0, 197.3), (244.0, 212.3), (244.0, 234.7), (257.1, 244.0), (272.0, 244.0), (292.5, 244.0), (307.5, 253.3), (307.5, 268.3), (307.5, 288.8), (311.2, 303.7), (326.1, 307.5), (342.9, 307.5), (361.6, 307.5), (372.8, 320.5), (372.8, 335.5), (372.8, 350.4), (372.8, 365.3), (372.8, 372.8), (372.8, 372.8), (372.8, 372.8), (372.8, 372.8), (372.8, 372.8), (372.8, 372.8), (372.8, 372.8), (372.8, 372.8), (372.8, 372.8), (372.8, 372.8), (372.8, 372.8), (372.8, 372.8), (372.8, 372.8), (372.8, 372.8), (372.8, 372.8), (372.8, 372.8), (372.8, 372.8), (372.8, 372.8), (372.8, 372.8), (372.8, 372.8), (372.8, 372.8), (372.8, 372.8), (372.8, 372.8), (372.8, 372.8), (372.8, 372.8), (372.8, 372.8), (372.8, 372.8), (372.8, 372.8), (372.8, 372.8), (372.8, 372.8), (372.8, 372.8), (372.8, 372.8), (372.8, 372.8), (372.8, 372.8), (372.8, 372.8), (372.8, 372.8), (372.8, 372.8), (372.8, 372.8), (372.8, 372.8), (372.8, 372.8), (372.8, 372.8), (372.8, 372.8), (372.8, 372.8), (372.8, 372.8), (372.8, 372.8), (372.8, 372.8), (372.8, 372.8), (372.8, 372.8), (372.8, 372.8), (372.8, 372.8), (372.8, 372.8), (372.8, 372.8), (372.8, 372.8), (372.8, 372.8), (372.8, 372.8), (372.8, 372.8)]",0,1,12.0
novice,bomberman,2,Bomb,6,0,24.42,0.926,"[(48.0, 48.0), (62.9, 51.7), (77.9, 51.7), (98.4, 51.7), (113.3, 57.3), (115.2, 72.3), (115.2, 89.1), (115.2, 107.7), (128.3, 115.2), (143.2, 115.2), (165.6, 115.2), (180.5, 124.5), (180.5, 139.5), (180.5, 160.0), (184.3, 176.8), (199.2, 180.5), (217.9, 180.5), (236.5, 182.4), (244.0, 197.3), (244.0, 212.3), (244.0, 234.7), (257.1, 244.0), (272.0, 244.0), (292.5, 244.0), (307.5, 253.3), (307.5, 268.3), (307.5, 288.8), (311.2, 303.7), (326.1, 307.5), (342.9, 307.5), (361.6, 307.5), (372.8, 320.5), (372.8, 335.5), (372.8, 350.4), (372.8, 365.3), (372.8, 372.8), (372.8, 372.8), (372.8, 372.8), (372.8, 372.8), (372.8, 372.8), (372.8, 372.8), (372.8, 372.8), (372.8, 372.8), (372.8, 372.8), (372.8, 372.8), (372.8, 372.8), (372.8, 372.8), (372.8, 372.8), (372.8, 372.8), (372.8, 372.8), (372.8, 372.8), (372.8, 372.8), (372.8, 372.8), (372.8, 372.8), (372.8, 372.8), (372.8, 372.8), (372.8, 372.8), (372.8, 372.8), (372.8, 372.8), (372.8, 372.8), (372.8, 372.8), (372.8, 372.8), (372.8, 372.8), (372.8, 372.8), (372.8, 372.8), (372.8, 372.8), (372.8, 372.8), (372.8, 372.8), (372.8, 372.8), (372.8, 372.8), (372.8, 372.8), (372.8, 372.8), (372.8, 372.8), (372.8, 372.8), (372.8, 372.8), (372.8, 372.8), (372.8, 372.8), (372.8, 372.8), (372.8, 372.8), (372.8, 372.8), (372.8, 372.8), (372.8, 372.8), (372.8, 372.8), (372.8, 372.8), (372.8, 372.8), (372.8, 372.8), (372.8, 372.8), (372.8, 372.8), (372.8, 372.8), (372.8, 372.8), (372.8, 372.8)]",0,1,12.0
novice,bomberman,2,Bomb,6,0,24.42,0.926,"[(48.0, 48.0), (62.9, 51.7), (77.9, 51.7), (98.4, 51.7), (113.3, 57.3), (115.2, 72.3), (115.2, 89.1), (115.2, 107.7), (128.3, 115.2), (143.2, 115.2), (165.6, 115.2), (180.5, 124.5), (180.5, 139.5), (180.5, 160.0), (184.3, 176.8), (199.2, 180.5), (217.9, 180.5), (236.5, 182.4), (244.0, 197.3), (244.0, 212.3), (244.0, 234.7), (257.1, 244.0), (272.0, 244.0), (292.5, 244.0), (307.5, 253.3), (307.5, 268.3), (307.5, 288.8), (311.2, 303.7), (326.1, 307.5), (342.9, 307.5), (361.6, 307.5), (372.8, 320.5), (372.8, 335.5), (372.8, 350.4), (372.8, 365.3), (372.8, 372.8), (372.8, 372.8), (372.8, 372.8), (372.8, 372.8), (372.8, 372.8), (372.8, 372.8), (372.8, 372.8), (372.8, 372.8), (372.8, 372.8), (372.8, 372.8), (372.8, 372.8), (372.8, 372.8), (372.8, 372.8), (372.8, 372.8), (372.8, 372.8), (372.8, 372.8), (372.8, 372.8), (372.8, 372.8), (372.8, 372.8), (372.8, 372.8), (372.8, 372.8), (372.8, 372.8), (372.8, 372.8), (372.8, 372.8), (372.8, 372.8), (372.8, 372.8), (372.8, 372.8), (372.8, 372.8), (372.8, 372.8), (372.8, 372.8), (372.8, 372.8), (372.8, 372.8), (372.8, 372.8), (372.8, 372.8), (372.8, 372.8), (372.8, 372.8), (372.8, 372.8), (372.8, 372.8), (372.8, 372.8), (372.8, 372.8), (372.8, 372.8), (372.8, 372.8), (372.8, 372.8), (372.8, 372.8), (372.8, 372.8), (372.8, 372.8), (372.8, 372.8), (372.8, 372.8), (372.8, 372.8), (372.8, 372.8), (372.8, 372.8), (372.8, 372.8), (372.8, 372.8), (372.8, 372.8), (372.8, 372.8), (372.8, 372.8)]",0,1,12.0
novice,bomberman,2,Bomb,5,0,24.42,0.926,"[(48.0, 48.0), (62.9, 51.7), (77.9, 51.7), (98.4, 51.7), (113.3, 57.3), (115.2, 72.3), (115.2, 89.1), (115.2, 107.7), (128.3, 115.2), (143.2, 115.2), (165.6, 115.2), (180.5, 124.5), (180.5, 139.5), (180.5, 160.0), (184.3, 176.8), (199.2, 180.5), (217.9, 180.5), (236.5, 182.4), (244.0, 197.3), (244.0, 212.3), (244.0, 234.7), (257.1, 244.0), (272.0, 244.0), (292.5, 244.0), (307.5, 253.3), (307.5, 268.3), (307.5, 288.8), (311.2, 303.7), (326.1, 307.5), (342.9, 307.5), (361.6, 307.5), (372.8, 320.5), (372.8, 335.5), (372.8, 350.4), (372.8, 365.3), (372.8, 372.8), (372.8, 372.8), (372.8, 372.8), (372.8, 372.8), (372.8, 372.8), (372.8, 372.8), (372.8, 372.8), (372.8, 372.8), (372.8, 372.8), (372.8, 372.8), (372.8, 372.8), (372.8, 372.8), (372.8, 372.8), (372.8, 372.8), (372.8, 372.8), (372.8, 372.8), (372.8, 372.8), (372.8, 372.8), (372.8, 372.8), (372.8, 372.8), (372.8, 372.8), (372.8, 372.8), (372.8, 372.8), (372.8, 372.8), (372.8, 372.8), (372.8, 372.8), (372.8, 372.8), (372.8, 372.8), (372.8, 372.8), (372.8, 372.8), (372.8, 372.8), (372.8, 372.8), (372.8, 372.8), (372.8, 372.8), (372.8, 372.8), (372.8, 372.8), (372.8, 372.8), (372.8, 372.8), (372.8, 372.8), (372.8, 372.8), (372.8, 372.8), (372.8, 372.8), (372.8, 372.8), (372.8, 372.8), (372.8, 372.8), (372.8, 372.8), (372.8, 372.8), (372.8, 372.8), (372.8, 372.8), (372.8, 372.8), (372.8, 372.8), (372.8, 372.8), (372.8, 372.8), (372.8, 372.8), (372.8, 372.8), (372.8, 372.8)]",0,1,12.0
novice,bomberman,2,Bomb,5,0,24.42,0.926,"[(48.0, 48.0), (62.9, 51.7), (77.9, 51.7), (98.4, 51.7), (113.3, 57.3), (115.2, 72.3), (115.2, 89.1), (115.2, 107.7), (128.3, 115.2), (143.2, 115.2), (165.6, 115.2), (180.5, 124.5), (180.5, 139.5), (180.5, 160.0), (184.3, 176.8), (199.2, 180.5), (217.9, 180.5), (236.5, 182.4), (244.0, 197.3), (244.0, 212.3), (244.0, 234.7), (257.1, 244.0), (272.0, 244.0), (292.5, 244.0), (307.5, 253.3), (307.5, 268.3), (307.5, 288.8), (311.2, 303.7), (326.1, 307.5), (342.9, 307.5), (361.6, 307.5), (372.8, 320.5), (372.8, 335.5), (372.8, 350.4), (372.8, 365.3), (372.8, 372.8), (372.8, 372.8), (372.8, 372.8), (372.8, 372.8), (372.8, 372.8), (372.8, 372.8), (372.8, 372.8), (372.8, 372.8), (372.8, 372.8), (372.8, 372.8), (372.8, 372.8), (372.8, 372.8), (372.8, 372.8), (372.8, 372.8), (372.8, 372.8), (372.8, 372.8), (372.8, 372.8), (372.8, 372.8), (372.8, 372.8), (372.8, 372.8), (372.8, 372.8), (372.8, 372.8), (372.8, 372.8), (372.8, 372.8), (372.8, 372.8), (372.8, 372.8), (372.8, 372.8), (372.8, 372.8), (372.8, 372.8), (372.8, 372.8), (372.8, 372.8), (372.8, 372.8), (372.8, 372.8), (372.8, 372.8), (372.8, 372.8), (372.8, 372.8), (372.8, 372.8), (372.8, 372.8), (372.8, 372.8), (372.8, 372.8), (372.8, 372.8), (372.8, 372.8), (372.8, 372.8), (372.8, 372.8), (372.8, 372.8), (372.8, 372.8), (372.8, 372.8), (372.8, 372.8), (372.8, 372.8), (372.8, 372.8), (372.8, 372.8), (372.8, 372.8), (372.8, 372.8), (372.8, 372.8), (372.8, 372.8), (372.8, 372.8)]",0,1,12.0
novice,bomberman,2,Bomb,3,0,32.21,0.926,"[(48.0, 48.0), (62.9, 51.7), (77.9, 51.7), (98.4, 51.7), (113.3, 57.3), (115.2, 72.3), (115.2, 89.1), (115.2, 107.7), (128.3, 115.2), (143.2, 115.2), (165.6, 115.2), (180.5, 124.5), (180.5, 139.5), (180.5, 160.0), (184.3, 176.8), (199.2, 180.5), (217.9, 180.5), (236.5, 182.4), (244.0, 197.3), (244.0, 212.3), (244.0, 234.7), (257.1, 244.0), (272.0, 244.0), (292.5, 244.0), (307.5, 253.3), (307.5, 268.3), (307.5, 288.8), (311.2, 303.7), (326.1, 307.5), (342.9, 307.5), (361.6, 307.5), (372.8, 320.5), (372.8, 335.5), (372.8, 350.4), (372.8, 365.3), (372.8, 372.8), (372.8, 372.8), (372.8, 372.8), (372.8, 372.8), (372.8, 372.8), (372.8, 372.8), (372.8, 372.8), (372.8, 372.8), (372.8, 372.8), (372.8, 372.8), (372.8, 372.8), (372.8, 372.8), (372.8, 372.8), (372.8, 372.8), (372.8, 372.8), (372.8, 372.8), (372.8, 372.8), (372.8, 372.8), (372.8, 372.8), (372.8, 372.8), (372.8, 372.8), (372.8, 372.8), (372.8, 372.8), (372.8, 372.8), (372.8, 372.8), (372.8, 372.8), (372.8, 372.8), (372.8, 372.8), (372.8, 372.8), (372.8, 372.8), (372.8, 372.8), (372.8, 372.8), (372.8, 372.8), (372.8, 372.8)]",0,1,9.1
novice,bomberman,2,Bomb,5,0,18.32,0.926,"[(48.0, 48.0), (62.9, 51.7), (77.9, 51.7), (98.4, 51.7), (113.3, 57.3), (115.2, 72.3), (115.2, 89.1), (115.2, 107.7), (128.3, 115.2), (143.2, 115.2), (165.6, 115.2), (180.5, 124.5), (180.5, 139.5), (180.5, 160.0), (184.3, 176.8), (199.2, 180.5), (217.9, 180.5), (236.5, 182.4), (244.0, 197.3), (244.0, 212.3), (244.0, 234.7), (257.1, 244.0), (272.0, 244.0), (292.5, 244.0), (307.5, 253.3), (307.5, 257.1), (307.5, 260.8), (307.5, 264.5), (307.5, 262.7), (307.5, 260.8), (307.5, 258.9), (307.5, 257.1), (307.5, 272.0), (307.5, 292.5), (314.9, 307.5), (329.9, 307.5), (350.4, 307.5), (365.3, 309.3), (372.8, 318.7), (372.8, 313.1), (372.8, 316.8), (372.8, 314.9), (372.8, 314.9), (372.8, 316.8), (372.8, 316.8), (372.8, 318.7), (372.8, 318.7), (372.8, 320.5), (372.8, 320.5), (372.8, 322.4), (372.8, 316.8), (372.8, 324.3), (372.8, 314.9), (372.8, 320.5), (372.8, 313.1), (372.8, 316.8), (372.8, 314.9), (372.8, 314.9), (372.8, 316.8), (372.8, 316.8), (372.8, 318.7), (372.8, 318.7), (372.8, 320.5), (372.8, 320.5), (372.8, 335.5), (372.8, 350.4), (372.8, 365.3), (372.8, 372.8), (372.8, 372.8), (372.8, 372.8), (372.8, 372.8), (372.8, 372.8), (372.8, 372.8), (372.8, 372.8), (372.8, 372.8), (372.8, 372.8), (372.8, 372.8), (372.8, 372.8), (372.8, 372.8), (372.8, 372.8), (372.8, 372.8), (372.8, 372.8), (372.8, 372.8), (372.8, 372.8), (372.8, 372.8), (372.8, 372.8), (372.8, 372.8), (372.8, 372.8), (372.8, 372.8), (372.8, 372.8), (372.8, 372.8), (372.8, 372.8), (372.8, 372.8), (372.8, 372.8), (372.8, 372.8), (372.8, 372.8), (372.8, 372.8), (372.8, 372.8), (372.8, 372.8), (372.8, 372.8), (372.8, 372.8), (372.8, 372.8), (372.8, 372.8), (372.8, 372.8), (372.8, 372.8), (372.8, 372.8), (372.8, 372.8), (372.8, 372.8), (372.8, 372.8), (372.8, 372.8), (372.8, 372.8), (372.8, 372.8), (372.8, 372.8), (372.8, 372.8), (372.8, 372.8), (372.8, 372.8), (372.8, 372.8), (372.8, 372.8), (372.8, 372.8), (372.8, 372.8), (372.8, 372.8)]",0,1,16.0
novice,bomberman,2,Bomb,4,0,24.42,0.926,"[(48.0, 48.0), (62.9, 51.7), (77.9, 51.7), (98.4, 51.7), (113.3, 57.3), (115.2, 72.3), (115.2, 89.1), (115.2, 107.7), (128.3, 115.2), (143.2, 115.2), (165.6, 115.2), (180.5, 124.5), (180.5, 139.5), (180.5, 160.0), (184.3, 176.8), (199.2, 180.5), (217.9, 180.5), (236.5, 182.4), (244.0, 197.3), (244.0, 212.3), (244.0, 234.7), (257.1, 244.0), (272.0, 244.0), (292.5, 244.0), (307.5, 253.3), (307.5, 268.3), (307.5, 288.8), (311.2, 303.7), (326.1, 307.5), (342.9, 307.5), (361.6, 307.5), (372.8, 320.5), (372.8, 335.5), (372.8, 350.4), (372.8, 365.3), (372.8, 372.8), (372.8, 372.8), (372.8, 372.8), (372.8, 372.8), (372.8, 372.8), (372.8, 372.8), (372.8, 372.8), (372.8, 372.8), (372.8, 372.8), (372.8, 372.8), (372.8, 372.8), (372.8, 372.8), (372.8, 372.8), (372.8, 372.8), (372.8, 372.8), (372.8, 372.8), (372.8, 372.8), (372.8, 372.8), (372.8, 372.8), (372.8, 372.8), (372.8, 372.8), (372.8, 372.8), (372.8, 372.8), (372.8, 372.8), (372.8, 372.8), (372.8, 372.8), (372.8, 372.8), (372.8, 372.8), (372.8, 372.8), (372.8, 372.8), (372.8, 372.8), (372.8, 372.8), (372.8, 372.8), (372.8, 372.8), (372.8, 372.8), (372.8, 372.8), (372.8, 372.8), (372.8, 372.8), (372.8, 372.8), (372.8, 372.8), (372.8, 372.8), (372.8, 372.8), (372.8, 372.8), (372.8, 372.8), (372.8, 372.8), (372.8, 372.8), (372.8, 372.8), (372.8, 372.8), (372.8, 372.8), (372.8, 372.8), (372.8, 372.8), (372.8, 372.8), (372.8, 372.8), (372.8, 372.8), (372.8, 372.8), (372.8, 372.8)]",0,1,12.0
novice,bomberman,2,Bomb,5,0,34.68,0.926,"[(48.0, 48.0), (62.9, 51.7), (77.9, 51.7), (98.4, 51.7), (113.3, 57.3), (115.2, 72.3), (115.2, 89.1), (115.2, 107.7), (128.3, 115.2), (143.2, 115.2), (165.6, 115.2), (180.5, 124.5), (180.5, 139.5), (180.5, 160.0), (184.3, 176.8), (199.2, 180.5), (217.9, 180.5), (236.5, 182.4), (244.0, 197.3), (244.0, 212.3), (244.0, 234.7), (257.1, 244.0), (272.0, 244.0), (292.5, 244.0), (307.5, 253.3), (307.5, 268.3), (307.5, 288.8), (311.2, 303.7), (326.1, 307.5), (342.9, 307.5), (361.6, 307.5), (372.8, 320.5), (372.8, 335.5), (372.8, 350.4), (372.8, 365.3), (372.8, 372.8), (372.8, 372.8), (372.8, 372.8), (372.8, 372.8), (372.8, 372.8), (372.8, 372.8), (372.8, 372.8), (372.8, 372.8), (372.8, 372.8), (372.8, 372.8), (372.8, 372.8), (372.8, 372.8), (372.8, 372.8), (372.8, 372.8), (372.8, 372.8), (372.8, 372.8), (372.8, 372.8), (372.8, 372.8), (372.8, 372.8), (372.8, 372.8), (372.8, 372.8), (372.8, 372.8), (372.8, 372.8), (372.8, 372.8), (372.8, 372.8), (372.8, 372.8), (372.8, 372.8), (372.8, 372.8), (372.8, 372.8)]",0,1,8.45
novice,bomberman,2,Bomb,4,0,24.42,0.741,"[(48.0, 48.0), (62.9, 51.7), (77.9, 51.7), (98.4, 51.7), (113.3, 57.3), (115.2, 72.3), (115.2, 89.1), (115.2, 107.7), (128.3, 115.2), (143.2, 115.2), (165.6, 115.2), (180.5, 124.5), (180.5, 139.5), (180.5, 160.0), (184.3, 176.8), (199.2, 180.5), (217.9, 180.5), (236.5, 182.4), (244.0, 197.3), (244.0, 212.3), (244.0, 234.7), (257.1, 244.0), (272.0, 244.0), (292.5, 244.0), (307.5, 253.3), (307.5, 268.3), (307.5, 272.0), (307.5, 275.7), (307.5, 272.0), (307.5, 272.0), (307.5, 275.7), (307.5, 275.7), (307.5, 277.6), (307.5, 298.1), (320.5, 307.5), (335.5, 307.5), (356.0, 307.5), (370.9, 314.9), (372.8, 316.8), (372.8, 318.7), (372.8, 318.7), (372.8, 320.5), (372.8, 320.5), (372.8, 322.4), (372.8, 316.8), (372.8, 324.3), (372.8, 314.9), (372.8, 320.5), (372.8, 313.1), (372.8, 316.8), (372.8, 314.9), (372.8, 314.9), (372.8, 316.8), (372.8, 316.8), (372.8, 318.7), (372.8, 318.7), (372.8, 320.5), (372.8, 320.5), (372.8, 322.4), (372.8, 316.8), (372.8, 324.3), (372.8, 322.4), (372.8, 322.4), (372.8, 337.3), (372.8, 352.3), (372.8, 367.2), (372.8, 372.8), (372.8, 372.8), (372.8, 372.8), (372.8, 372.8), (372.8, 372.8), (372.8, 372.8), (372.8, 372.8), (372.8, 372.8), (372.8, 372.8), (372.8, 372.8), (372.8, 372.8), (372.8, 372.8), (372.8, 372.8), (372.8, 372.8), (372.8, 372.8), (372.8, 372.8), (372.8, 372.8), (372.8, 372.8), (372.8, 372.8), (372.8, 372.8), (372.8, 372.8), (372.8, 372.8), (372.8, 372.8), (372.8, 372.8), (372.8, 372.8)]",0,0,12.0
novice,bomberman,2,Bomb,5,0,24.42,0.926,"[(48.0, 48.0), (62.9, 51.7), (77.9, 51.7), (98.4, 51.7), (113.3, 57.3), (115.2, 72.3), (115.2, 89.1), (115.2, 107.7), (128.3, 115.2), (143.2, 115.2), (165.6, 115.2), (180.5, 124.5), (180.5, 139.5), (180.5, 160.0), (184.3, 176.8), (199.2, 180.5), (217.9, 180.5), (236.5, 182.4), (244.0, 197.3), (244.0, 212.3), (244.0, 234.7), (257.1, 244.0), (272.0, 244.0), (292.5, 244.0), (307.5, 253.3), (307.5, 268.3), (307.5, 288.8), (311.2, 303.7), (326.1, 307.5), (342.9, 307.5), (361.6, 307.5), (372.8, 320.5), (372.8, 335.5), (372.8, 350.4), (372.8, 365.3), (372.8, 372.8), (372.8, 372.8), (372.8, 372.8), (372.8, 372.8), (372.8, 372.8), (372.8, 372.8), (372.8, 372.8), (372.8, 372.8), (372.8, 372.8), (372.8, 372.8), (372.8, 372.8), (372.8, 372.8), (372.8, 372.8), (372.8, 372.8), (372.8, 372.8), (372.8, 372.8), (372.8, 372.8), (372.8, 372.8), (372.8, 372.8), (372.8, 372.8), (372.8, 372.8), (372.8, 372.8), (372.8, 372.8), (372.8, 372.8), (372.8, 372.8), (372.8, 372.8), (372.8, 372.8), (372.8, 372.8), (372.8, 372.8), (372.8, 372.8), (372.8, 372.8), (372.8, 372.8), (372.8, 372.8), (372.8, 372.8), (372.8, 372.8), (372.8, 372.8), (372.8, 372.8), (372.8, 372.8), (372.8, 372.8), (372.8, 372.8), (372.8, 372.8), (372.8, 372.8), (372.8, 372.8), (372.8, 372.8), (372.8, 372.8), (372.8, 372.8), (372.8, 372.8), (372.8, 372.8), (372.8, 372.8), (372.8, 372.8), (372.8, 372.8), (372.8, 372.8), (372.8, 372.8), (372.8, 372.8), (372.8, 372.8), (372.8, 372.8)]",0,1,12.0
novice,bomberman,2,Bomb,5,0,24.42,0.926,"[(48.0, 48.0), (62.9, 51.7), (77.9, 51.7), (98.4, 51.7), (113.3, 57.3), (115.2, 72.3), (115.2, 89.1), (115.2, 107.7), (128.3, 115.2), (143.2, 115.2), (165.6, 115.2), (180.5, 124.5), (180.5, 139.5), (180.5, 160.0), (184.3, 176.8), (199.2, 180.5), (217.9, 180.5), (236.5, 182.4), (244.0, 197.3), (244.0, 212.3), (244.0, 234.7), (257.1, 244.0), (272.0, 244.0), (292.5, 244.0), (307.5, 253.3), (307.5, 268.3), (307.5, 288.8), (311.2, 303.7), (326.1, 307.5), (342.9, 307.5), (361.6, 307.5), (372.8, 320.5), (372.8, 335.5), (372.8, 350.4), (372.8, 365.3), (372.8, 372.8), (372.8, 372.8), (372.8, 372.8), (372.8, 372.8), (372.8, 372.8), (372.8, 372.8), (372.8, 372.8), (372.8, 372.8), (372.8, 372.8), (372.8, 372.8), (372.8, 372.8), (372.8, 372.8), (372.8, 372.8), (372.8, 372.8), (372.8, 372.8), (372.8, 372.8), (372.8, 372.8), (372.8, 372.8), (372.8, 372.8), (372.8, 372.8), (372.8, 372.8), (372.8, 372.8), (372.8, 372.8), (372.8, 372.8), (372.8, 372.8), (372.8, 372.8), (372.8, 372.8), (372.8, 372.8), (372.8, 372.8), (372.8, 372.8), (372.8, 372.8), (372.8, 372.8), (372.8, 372.8), (372.8, 372.8), (372.8, 372.8), (372.8, 372.8), (372.8, 372.8), (372.8, 372.8), (372.8, 372.8), (372.8, 372.8), (372.8, 372.8), (372.8, 372.8), (372.8, 372.8), (372.8, 372.8), (372.8, 372.8), (372.8, 372.8), (372.8, 372.8), (372.8, 372.8), (372.8, 372.8), (372.8, 372.8), (372.8, 372.8), (372.8, 372.8), (372.8, 372.8), (372.8, 372.8), (372.8, 372.8), (372.8, 372.8)]",0,1,12.0
novice,bomberman,2,Bomb,5,0,34.68,0.926,"[(48.0, 48.0), (62.9, 51.7), (77.9, 51.7), (98.4, 51.7), (113.3, 57.3), (115.2, 72.3), (115.2, 89.1), (115.2, 107.7), (128.3, 115.2), (143.2, 115.2), (165.6, 115.2), (180.5, 124.5), (180.5, 139.5), (180.5, 160.0), (184.3, 176.8), (199.2, 180.5), (217.9, 180.5), (236.5, 182.4), (244.0, 197.3), (244.0, 212.3), (244.0, 234.7), (257.1, 244.0), (272.0, 244.0), (292.5, 244.0), (307.5, 253.3), (307.5, 268.3), (307.5, 288.8), (311.2, 303.7), (326.1, 307.5), (342.9, 307.5), (361.6, 307.5), (372.8, 320.5), (372.8, 335.5), (372.8, 350.4), (372.8, 365.3), (372.8, 372.8), (372.8, 372.8), (372.8, 372.8), (372.8, 372.8), (372.8, 372.8), (372.8, 372.8), (372.8, 372.8), (372.8, 372.8), (372.8, 372.8), (372.8, 372.8), (372.8, 372.8), (372.8, 372.8), (372.8, 372.8), (372.8, 372.8), (372.8, 372.8), (372.8, 372.8), (372.8, 372.8), (372.8, 372.8), (372.8, 372.8), (372.8, 372.8), (372.8, 372.8), (372.8, 372.8), (372.8, 372.8), (372.8, 372.8), (372.8, 372.8), (372.8, 372.8), (372.8, 372.8), (372.8, 372.8), (372.8, 372.8)]",0,1,8.45
novice,bomberman,2,Bomb,4,0,24.42,0.926,"[(48.0, 48.0), (62.9, 51.7), (77.9, 51.7), (98.4, 51.7), (113.3, 57.3), (115.2, 72.3), (115.2, 89.1), (115.2, 107.7), (128.3, 115.2), (143.2, 115.2), (165.6, 115.2), (180.5, 124.5), (180.5, 139.5), (180.5, 160.0), (184.3, 176.8), (199.2, 180.5), (217.9, 180.5), (236.5, 182.4), (244.0, 197.3), (244.0, 212.3), (244.0, 234.7), (257.1, 244.0), (272.0, 244.0), (292.5, 244.0), (307.5, 253.3), (307.5, 268.3), (307.5, 288.8), (311.2, 303.7), (326.1, 307.5), (342.9, 307.5), (361.6, 307.5), (372.8, 320.5), (372.8, 335.5), (372.8, 350.4), (372.8, 365.3), (372.8, 372.8), (372.8, 372.8), (372.8, 372.8), (372.8, 372.8), (372.8, 372.8), (372.8, 372.8), (372.8, 372.8), (372.8, 372.8), (372.8, 372.8), (372.8, 372.8), (372.8, 372.8), (372.8, 372.8), (372.8, 372.8), (372.8, 372.8), (372.8, 372.8), (372.8, 372.8), (372.8, 372.8), (372.8, 372.8), (372.8, 372.8), (372.8, 372.8), (372.8, 372.8), (372.8, 372.8), (372.8, 372.8), (372.8, 372.8), (372.8, 372.8), (372.8, 372.8), (372.8, 372.8), (372.8, 372.8), (372.8, 372.8), (372.8, 372.8), (372.8, 372.8), (372.8, 372.8), (372.8, 372.8), (372.8, 372.8), (372.8, 372.8), (372.8, 372.8), (372.8, 372.8), (372.8, 372.8), (372.8, 372.8), (372.8, 372.8), (372.8, 372.8), (372.8, 372.8), (372.8, 372.8), (372.8, 372.8), (372.8, 372.8), (372.8, 372.8), (372.8, 372.8), (372.8, 372.8), (372.8, 372.8), (372.8, 372.8), (372.8, 372.8), (372.8, 372.8), (372.8, 372.8), (372.8, 372.8), (372.8, 372.8), (372.8, 372.8)]",0,1,12.0
novice,bomberman,2,Bomb,5,0,18.32,0.926,"[(48.0, 48.0), (62.9, 51.7), (77.9, 51.7), (98.4, 51.7), (113.3, 57.3), (115.2, 72.3), (115.2, 89.1), (115.2, 107.7), (128.3, 115.2), (143.2, 115.2), (165.6, 115.2), (180.5, 124.5), (180.5, 139.5), (180.5, 160.0), (184.3, 176.8), (199.2, 180.5), (217.9, 180.5), (236.5, 182.4), (244.0, 197.3), (244.0, 212.3), (244.0, 234.7), (257.1, 244.0), (272.0, 244.0), (292.5, 244.0), (307.5, 253.3), (307.5, 257.1), (307.5, 260.8), (307.5, 264.5), (307.5, 262.7), (307.5, 260.8), (307.5, 258.9), (307.5, 257.1), (307.5, 272.0), (307.5, 292.5), (314.9, 307.5), (329.9, 307.5), (350.4, 307.5), (365.3, 309.3), (372.8, 318.7), (372.8, 313.1), (372.8, 316.8), (372.8, 314.9), (372.8, 314.9), (372.8, 316.8), (372.8, 316.8), (372.8, 318.7), (372.8, 318.7), (372.8, 320.5), (372.8, 320.5), (372.8, 322.4), (372.8, 316.8), (372.8, 324.3), (372.8, 314.9), (372.8, 320.5), (372.8, 313.1), (372.8, 316.8), (372.8, 314.9), (372.8, 314.9), (372.8, 316.8), (372.8, 316.8), (372.8, 318.7), (372.8, 318.7), (372.8, 320.5), (372.8, 320.5), (372.8, 335.5), (372.8, 350.4), (372.8, 365.3), (372.8, 372.8), (372.8, 372.8), (372.8, 372.8), (372.8, 372.8), (372.8, 372.8), (372.8, 372.8), (372.8, 372.8), (372.8, 372.8), (372.8, 372.8), (372.8, 372.8), (372.8, 372.8), (372.8, 372.8), (372.8, 372.8), (372.8, 372.8), (372.8, 372.8), (372.8, 372.8), (372.8, 372.8), (372.8, 372.8), (372.8, 372.8), (372.8, 372.8), (372.8, 372.8), (372.8, 372.8), (372.8, 372.8), (372.8, 372.8), (372.8, 372.8), (372.8, 372.8), (372.8, 372.8), (372.8, 372.8), (372.8, 372.8), (372.8, 372.8), (372.8, 372.8), (372.8, 372.8), (372.8, 372.8), (372.8, 372.8), (372.8, 372.8), (372.8, 372.8), (372.8, 372.8), (372.8, 372.8), (372.8, 372.8), (372.8, 372.8), (372.8, 372.8), (372.8, 372.8), (372.8, 372.8), (372.8, 372.8), (372.8, 372.8), (372.8, 372.8), (372.8, 372.8), (372.8, 372.8), (372.8, 372.8), (372.8, 372.8), (372.8, 372.8), (372.8, 372.8), (372.8, 372.8), (372.8, 372.8)]",0,1,16.0
novice,bomberman,2,Stuck,0,0,31.12,0.741,"[(48.0, 48.0), (62.9, 51.7), (77.9, 51.7), (98.4, 51.7), (113.3, 57.3), (115.2, 72.3), (115.2, 89.1), (115.2, 107.7), (128.3, 115.2), (143.2, 115.2), (165.6, 115.2), (180.5, 124.5), (180.5, 139.5), (180.5, 160.0), (184.3, 176.8), (199.2, 180.5), (217.9, 180.5), (236.5, 182.4), (244.0, 197.3), (244.0, 212.3), (244.0, 234.7), (257.1, 244.0), (272.0, 244.0), (292.5, 244.0), (307.5, 253.3), (307.5, 268.3), (307.5, 288.8), (311.2, 303.7), (326.1, 307.5), (342.9, 307.5), (361.6, 307.5), (372.8, 320.5), (372.8, 335.5), (372.8, 350.4), (372.8, 365.3), (372.8, 372.8), (372.8, 372.8), (372.8, 372.8), (372.8, 372.8), (372.8, 372.8), (372.8, 372.8), (372.8, 372.8), (372.8, 372.8), (372.8, 372.8), (372.8, 372.8), (372.8, 372.8), (372.8, 372.8), (372.8, 372.8), (372.8, 372.8), (372.8, 372.8), (372.8, 372.8), (372.8, 372.8), (372.8, 372.8), (372.8, 372.8), (372.8, 372.8), (372.8, 372.8), (372.8, 372.8), (372.8, 372.8), (372.8, 372.8), (372.8, 372.8), (372.8, 372.8), (372.8, 372.8), (372.8, 372.8), (372.8, 372.8), (372.8, 372.8), (372.8, 372.8), (372.8, 372.8), (372.8, 372.8), (372.8, 372.8), (372.8, 372.8), (372.8, 372.8)]",0,0,9.42
novice,bomberman,2,Bomb,7,0,24.42,0.926,"[(48.0, 48.0), (62.9, 51.7), (77.9, 51.7), (98.4, 51.7), (113.3, 57.3), (115.2, 72.3), (115.2, 89.1), (115.2, 107.7), (128.3, 115.2), (143.2, 115.2), (165.6, 115.2), (180.5, 124.5), (180.5, 139.5), (180.5, 160.0), (184.3, 176.8), (199.2, 180.5), (217.9, 180.5), (236.5, 182.4), (244.0, 197.3), (244.0, 212.3), (244.0, 234.7), (257.1, 244.0), (272.0, 244.0), (292.5, 244.0), (307.5, 253.3), (307.5, 268.3), (307.5, 288.8), (311.2, 303.7), (326.1, 307.5), (342.9, 307.5), (361.6, 307.5), (372.8, 320.5), (372.8, 335.5), (372.8, 350.4), (372.8, 365.3), (372.8, 372.8), (372.8, 372.8), (372.8, 372.8), (372.8, 372.8), (372.8, 372.8), (372.8, 372.8), (372.8, 372.8), (372.8, 372.8), (372.8, 372.8), (372.8, 372.8), (372.8, 372.8), (372.8, 372.8), (372.8, 372.8), (372.8, 372.8), (372.8, 372.8), (372.8, 372.8), (372.8, 372.8), (372.8, 372.8), (372.8, 372.8), (372.8, 372.8), (372.8, 372.8), (372.8, 372.8), (372.8, 372.8), (372.8, 372.8), (372.8, 372.8), (372.8, 372.8), (372.8, 372.8), (372.8, 372.8), (372.8, 372.8), (372.8, 372.8), (372.8, 372.8), (372.8, 372.8), (372.8, 372.8), (372.8, 372.8), (372.8, 372.8), (372.8, 372.8), (372.8, 372.8), (372.8, 372.8), (372.8, 372.8), (372.8, 372.8), (372.8, 372.8), (372.8, 372.8), (372.8, 372.8), (372.8, 372.8), (372.8, 372.8), (372.8, 372.8), (372.8, 372.8), (372.8, 372.8), (372.8, 372.8), (372.8, 372.8), (372.8, 372.8), (372.8, 372.8), (372.8, 372.8), (372.8, 372.8), (372.8, 372.8), (372.8, 372.8)]",0,1,12.0
novice,bomberman,2,Bomb,4,0,24.42,0.926,"[(48.0, 48.0), (62.9, 51.7), (77.9, 51.7), (98.4, 51.7), (113.3, 57.3), (115.2, 72.3), (115.2, 89.1), (115.2, 107.7), (128.3, 115.2), (143.2, 115.2), (165.6, 115.2), (180.5, 124.5), (180.5, 139.5), (180.5, 160.0), (184.3, 176.8), (199.2, 180.5), (217.9, 180.5), (236.5, 182.4), (244.0, 197.3), (244.0, 212.3), (244.0, 234.7), (257.1, 244.0), (272.0, 244.0), (292.5, 244.0), (307.5, 253.3), (307.5, 268.3), (307.5, 288.8), (311.2, 303.7), (326.1, 307.5), (342.9, 307.5), (361.6, 307.5), (372.8, 320.5), (372.8, 335.5), (372.8, 350.4), (372.8, 365.3), (372.8, 372.8), (372.8, 372.8), (372.8, 372.8), (372.8, 372.8), (372.8, 372.8), (372.8, 372.8), (372.8, 372.8), (372.8, 372.8), (372.8, 372.8), (372.8, 372.8), (372.8, 372.8), (372.8, 372.8), (372.8, 372.8), (372.8, 372.8), (372.8, 372.8), (372.8, 372.8), (372.8, 372.8), (372.8, 372.8), (372.8, 372.8), (372.8, 372.8), (372.8, 372.8), (372.8, 372.8), (372.8, 372.8), (372.8, 372.8), (372.8, 372.8), (372.8, 372.8), (372.8, 372.8), (372.8, 372.8), (372.8, 372.8), (372.8, 372.8), (372.8, 372.8), (372.8, 372.8), (372.8, 372.8), (372.8, 372.8), (372.8, 372.8), (372.8, 372.8), (372.8, 372.8), (372.8, 372.8), (372.8, 372.8), (372.8, 372.8), (372.8, 372.8), (372.8, 372.8), (372.8, 372.8), (372.8, 372.8), (372.8, 372.8), (372.8, 372.8), (372.8, 372.8), (372.8, 372.8), (372.8, 372.8), (372.8, 372.8), (372.8, 372.8), (372.8, 372.8), (372.8, 372.8), (372.8, 372.8), (372.8, 372.8), (372.8, 372.8)]",0,1,12.0
novice,bomberman,2,Bomb,1,0,24.42,0.926,"[(48.0, 48.0), (62.9, 51.7), (77.9, 51.7), (98.4, 51.7), (113.3, 57.3), (115.2, 72.3), (115.2, 89.1), (115.2, 107.7), (128.3, 115.2), (143.2, 115.2), (165.6, 115.2), (180.5, 124.5), (180.5, 139.5), (180.5, 160.0), (184.3, 176.8), (199.2, 180.5), (217.9, 180.5), (236.5, 182.4), (244.0, 197.3), (244.0, 212.3), (244.0, 234.7), (257.1, 244.0), (272.0, 244.0), (292.5, 244.0), (307.5, 253.3), (307.5, 268.3), (307.5, 288.8), (311.2, 303.7), (326.1, 307.5), (342.9, 307.5), (361.6, 307.5), (372.8, 320.5), (372.8, 335.5), (372.8, 350.4), (372.8, 365.3), (372.8, 372.8), (372.8, 372.8), (372.8, 372.8), (372.8, 372.8), (372.8, 372.8), (372.8, 372.8), (372.8, 372.8), (372.8, 372.8), (372.8, 372.8), (372.8, 372.8), (372.8, 372.8), (372.8, 372.8), (372.8, 372.8), (372.8, 372.8), (372.8, 372.8), (372.8, 372.8), (372.8, 372.8), (372.8, 372.8), (372.8, 372.8), (372.8, 372.8), (372.8, 372.8), (372.8, 372.8), (372.8, 372.8), (372.8, 372.8), (372.8, 372.8), (372.8, 372.8), (372.8, 372.8), (372.8, 372.8), (372.8, 372.8), (372.8, 372.8), (372.8, 372.8), (372.8, 372.8), (372.8, 372.8), (372.8, 372.8), (372.8, 372.8), (372.8, 372.8), (372.8, 372.8), (372.8, 372.8), (372.8, 372.8), (372.8, 372.8), (372.8, 372.8), (372.8, 372.8), (372.8, 372.8), (372.8, 372.8), (372.8, 372.8), (372.8, 372.8), (372.8, 372.8), (372.8, 372.8), (372.8, 372.8), (372.8, 372.8), (372.8, 372.8), (372.8, 372.8), (372.8, 372.8), (372.8, 372.8), (372.8, 372.8), (372.8, 372.8)]",0,1,12.0
novice,bomberman,2,Bomb,8,0,24.42,0.926,"[(48.0, 48.0), (62.9, 51.7), (77.9, 51.7), (98.4, 51.7), (113.3, 57.3), (115.2, 72.3), (115.2, 89.1), (115.2, 107.7), (128.3, 115.2), (143.2, 115.2), (165.6, 115.2), (180.5, 124.5), (180.5, 139.5), (180.5, 160.0), (184.3, 176.8), (199.2, 180.5), (217.9, 180.5), (236.5, 182.4), (244.0, 197.3), (244.0, 212.3), (244.0, 234.7), (257.1, 244.0), (272.0, 244.0), (292.5, 244.0), (307.5, 253.3), (307.5, 268.3), (307.5, 288.8), (311.2, 303.7), (326.1, 307.5), (342.9, 307.5), (361.6, 307.5), (372.8, 320.5), (372.8, 335.5), (372.8, 350.4), (372.8, 365.3), (372.8, 372.8), (372.8, 372.8), (372.8, 372.8), (372.8, 372.8), (372.8, 372.8), (372.8, 372.8), (372.8, 372.8), (372.8, 372.8), (372.8, 372.8), (372.8, 372.8), (372.8, 372.8), (372.8, 372.8), (372.8, 372.8), (372.8, 372.8), (372.8, 372.8), (372.8, 372.8), (372.8, 372.8), (372.8, 372.8), (372.8, 372.8), (372.8, 372.8), (372.8, 372.8), (372.8, 372.8), (372.8, 372.8), (372.8, 372.8), (372.8, 372.8), (372.8, 372.8), (372.8, 372.8), (372.8, 372.8), (372.8, 372.8), (372.8, 372.8), (372.8, 372.8), (372.8, 372.8), (372.8, 372.8), (372.8, 372.8), (372.8, 372.8), (372.8, 372.8), (372.8, 372.8), (372.8, 372.8), (372.8, 372.8), (372.8, 372.8), (372.8, 372.8), (372.8, 372.8), (372.8, 372.8), (372.8, 372.8), (372.8, 372.8), (372.8, 372.8), (372.8, 372.8), (372.8, 372.8), (372.8, 372.8), (372.8, 372.8), (372.8, 372.8), (372.8, 372.8), (372.8, 372.8), (372.8, 372.8), (372.8, 372.8), (372.8, 372.8)]",0,1,12.0
novice,bomberman,2,Bomb,5,0,24.42,0.926,"[(48.0, 48.0), (62.9, 51.7), (77.9, 51.7), (98.4, 51.7), (113.3, 57.3), (115.2, 72.3), (115.2, 89.1), (115.2, 107.7), (128.3, 115.2), (143.2, 115.2), (165.6, 115.2), (180.5, 124.5), (180.5, 139.5), (180.5, 160.0), (184.3, 176.8), (199.2, 180.5), (217.9, 180.5), (236.5, 182.4), (244.0, 197.3), (244.0, 212.3), (244.0, 234.7), (257.1, 244.0), (272.0, 244.0), (292.5, 244.0), (307.5, 253.3), (307.5, 268.3), (307.5, 288.8), (311.2, 303.7), (326.1, 307.5), (342.9, 307.5), (361.6, 307.5), (372.8, 320.5), (372.8, 335.5), (372.8, 350.4), (372.8, 365.3), (372.8, 372.8), (372.8, 372.8), (372.8, 372.8), (372.8, 372.8), (372.8, 372.8), (372.8, 372.8), (372.8, 372.8), (372.8, 372.8), (372.8, 372.8), (372.8, 372.8), (372.8, 372.8), (372.8, 372.8), (372.8, 372.8), (372.8, 372.8), (372.8, 372.8), (372.8, 372.8), (372.8, 372.8), (372.8, 372.8), (372.8, 372.8), (372.8, 372.8), (372.8, 372.8), (372.8, 372.8), (372.8, 372.8), (372.8, 372.8), (372.8, 372.8), (372.8, 372.8), (372.8, 372.8), (372.8, 372.8), (372.8, 372.8), (372.8, 372.8), (372.8, 372.8), (372.8, 372.8), (372.8, 372.8), (372.8, 372.8), (372.8, 372.8), (372.8, 372.8), (372.8, 372.8), (372.8, 372.8), (372.8, 372.8), (372.8, 372.8), (372.8, 372.8), (372.8, 372.8), (372.8, 372.8), (372.8, 372.8), (372.8, 372.8), (372.8, 372.8), (372.8, 372.8), (372.8, 372.8), (372.8, 372.8), (372.8, 372.8), (372.8, 372.8), (372.8, 372.8), (372.8, 372.8), (372.8, 372.8), (372.8, 372.8), (372.8, 372.8)]",0,1,12.0
novice,bomberman,2,Bomb,5,0,24.42,0.926,"[(48.0, 48.0), (62.9, 51.7), (77.9, 51.7), (98.4, 51.7), (113.3, 57.3), (115.2, 72.3), (115.2, 89.1), (115.2, 107.7), (128.3, 115.2), (143.2, 115.2), (165.6, 115.2), (180.5, 124.5), (180.5, 139.5), (180.5, 160.0), (184.3, 176.8), (199.2, 180.5), (217.9, 180.5), (236.5, 182.4), (244.0, 197.3), (244.0, 212.3), (244.0, 234.7), (257.1, 244.0), (272.0, 244.0), (292.5, 244.0), (307.5, 253.3), (307.5, 268.3), (307.5, 288.8), (311.2, 303.7), (326.1, 307.5), (342.9, 307.5), (361.6, 307.5), (372.8, 320.5), (372.8, 335.5), (372.8, 350.4), (372.8, 365.3), (372.8, 372.8), (372.8, 372.8), (372.8, 372.8), (372.8, 372.8), (372.8, 372.8), (372.8, 372.8), (372.8, 372.8), (372.8, 372.8), (372.8, 372.8), (372.8, 372.8), (372.8, 372.8), (372.8, 372.8), (372.8, 372.8), (372.8, 372.8), (372.8, 372.8), (372.8, 372.8), (372.8, 372.8), (372.8, 372.8), (372.8, 372.8), (372.8, 372.8), (372.8, 372.8), (372.8, 372.8), (372.8, 372.8), (372.8, 372.8), (372.8, 372.8), (372.8, 372.8), (372.8, 372.8), (372.8, 372.8), (372.8, 372.8), (372.8, 372.8), (372.8, 372.8), (372.8, 372.8), (372.8, 372.8), (372.8, 372.8), (372.8, 372.8), (372.8, 372.8), (372.8, 372.8), (372.8, 372.8), (372.8, 372.8), (372.8, 372.8), (372.8, 372.8), (372.8, 372.8), (372.8, 372.8), (372.8, 372.8), (372.8, 372.8), (372.8, 372.8), (372.8, 372.8), (372.8, 372.8), (372.8, 372.8), (372.8, 372.8), (372.8, 372.8), (372.8, 372.8), (372.8, 372.8), (372.8, 372.8), (372.8, 372.8), (372.8, 372.8)]",0,1,12.0
novice,bomberman,2,Bomb,8,0,24.42,0.926,"[(48.0, 48.0), (62.9, 51.7), (77.9, 51.7), (98.4, 51.7), (113.3, 57.3), (115.2, 72.3), (115.2, 89.1), (115.2, 107.7), (128.3, 115.2), (143.2, 115.2), (165.6, 115.2), (180.5, 124.5), (180.5, 139.5), (180.5, 160.0), (184.3, 176.8), (199.2, 180.5), (217.9, 180.5), (236.5, 182.4), (244.0, 197.3), (244.0, 212.3), (244.0, 234.7), (257.1, 244.0), (272.0, 244.0), (292.5, 244.0), (307.5, 253.3), (307.5, 268.3), (307.5, 288.8), (311.2, 303.7), (326.1, 307.5), (342.9, 307.5), (361.6, 307.5), (372.8, 320.5), (372.8, 335.5), (372.8, 350.4), (372.8, 365.3), (372.8, 372.8), (372.8, 372.8), (372.8, 372.8), (372.8, 372.8), (372.8, 372.8), (372.8, 372.8), (372.8, 372.8), (372.8, 372.8), (372.8, 372.8), (372.8, 372.8), (372.8, 372.8), (372.8, 372.8), (372.8, 372.8), (372.8, 372.8), (372.8, 372.8), (372.8, 372.8), (372.8, 372.8), (372.8, 372.8), (372.8, 372.8), (372.8, 372.8), (372.8, 372.8), (372.8, 372.8), (372.8, 372.8), (372.8, 372.8), (372.8, 372.8), (372.8, 372.8), (372.8, 372.8), (372.8, 372.8), (372.8, 372.8), (372.8, 372.8), (372.8, 372.8), (372.8, 372.8), (372.8, 372.8), (372.8, 372.8), (372.8, 372.8), (372.8, 372.8), (372.8, 372.8), (372.8, 372.8), (372.8, 372.8), (372.8, 372.8), (372.8, 372.8), (372.8, 372.8), (372.8, 372.8), (372.8, 372.8), (372.8, 372.8), (372.8, 372.8), (372.8, 372.8), (372.8, 372.8), (372.8, 372.8), (372.8, 372.8), (372.8, 372.8), (372.8, 372.8), (372.8, 372.8), (372.8, 372.8), (372.8, 372.8), (372.8, 372.8)]",0,1,12.0
novice,bomberman,2,Bomb,1,0,24.42,0.926,"[(48.0, 48.0), (62.9, 51.7), (77.9, 51.7), (98.4, 51.7), (113.3, 57.3), (115.2, 72.3), (115.2, 89.1), (115.2, 107.7), (128.3, 115.2), (143.2, 115.2), (165.6, 115.2), (180.5, 124.5), (180.5, 139.5), (180.5, 160.0), (184.3, 176.8), (199.2, 180.5), (217.9, 180.5), (236.5, 182.4), (244.0, 197.3), (244.0, 212.3), (244.0, 234.7), (257.1, 244.0), (272.0, 244.0), (292.5, 244.0), (307.5, 253.3), (307.5, 268.3), (307.5, 288.8), (311.2, 303.7), (326.1, 307.5), (342.9, 307.5), (361.6, 307.5), (372.8, 320.5), (372.8, 335.5), (372.8, 350.4), (372.8, 365.3), (372.8, 372.8), (372.8, 372.8), (372.8, 372.8), (372.8, 372.8), (372.8, 372.8), (372.8, 372.8), (372.8, 372.8), (372.8, 372.8), (372.8, 372.8), (372.8, 372.8), (372.8, 372.8), (372.8, 372.8), (372.8, 372.8), (372.8, 372.8), (372.8, 372.8), (372.8, 372.8), (372.8, 372.8), (372.8, 372.8), (372.8, 372.8), (372.8, 372.8), (372.8, 372.8), (372.8, 372.8), (372.8, 372.8), (372.8, 372.8), (372.8, 372.8), (372.8, 372.8), (372.8, 372.8), (372.8, 372.8), (372.8, 372.8), (372.8, 372.8), (372.8, 372.8), (372.8, 372.8), (372.8, 372.8), (372.8, 372.8), (372.8, 372.8), (372.8, 372.8), (372.8, 372.8), (372.8, 372.8), (372.8, 372.8), (372.8, 372.8), (372.8, 372.8), (372.8, 372.8), (372.8, 372.8), (372.8, 372.8), (372.8, 372.8), (372.8, 372.8), (372.8, 372.8), (372.8, 372.8), (372.8, 372.8), (372.8, 372.8), (372.8, 372.8), (372.8, 372.8), (372.8, 372.8), (372.8, 372.8), (372.8, 372.8), (372.8, 372.8)]",0,1,12.0
novice,bomberman,2,Bomb,4,0,24.42,0.926,"[(48.0, 48.0), (62.9, 51.7), (77.9, 51.7), (98.4, 51.7), (113.3, 57.3), (115.2, 72.3), (115.2, 89.1), (115.2, 107.7), (128.3, 115.2), (143.2, 115.2), (165.6, 115.2), (180.5, 124.5), (180.5, 139.5), (180.5, 160.0), (184.3, 176.8), (199.2, 180.5), (217.9, 180.5), (236.5, 182.4), (244.0, 197.3), (244.0, 212.3), (244.0, 234.7), (257.1, 244.0), (272.0, 244.0), (292.5, 244.0), (307.5, 253.3), (307.5, 268.3), (307.5, 288.8), (311.2, 303.7), (326.1, 307.5), (342.9, 307.5), (361.6, 307.5), (372.8, 320.5), (372.8, 335.5), (372.8, 350.4), (372.8, 365.3), (372.8, 372.8), (372.8, 372.8), (372.8, 372.8), (372.8, 372.8), (372.8, 372.8), (372.8, 372.8), (372.8, 372.8), (372.8, 372.8), (372.8, 372.8), (372.8, 372.8), (372.8, 372.8), (372.8, 372.8), (372.8, 372.8), (372.8, 372.8), (372.8, 372.8), (372.8, 372.8), (372.8, 372.8), (372.8, 372.8), (372.8, 372.8), (372.8, 372.8), (372.8, 372.8), (372.8, 372.8), (372.8, 372.8), (372.8, 372.8), (372.8, 372.8), (372.8, 372.8), (372.8, 372.8), (372.8, 372.8), (372.8, 372.8), (372.8, 372.8), (372.8, 372.8), (372.8, 372.8), (372.8, 372.8), (372.8, 372.8), (372.8, 372.8), (372.8, 372.8), (372.8, 372.8), (372.8, 372.8), (372.8, 372.8), (372.8, 372.8), (372.8, 372.8), (372.8, 372.8), (372.8, 372.8), (372.8, 372.8), (372.8, 372.8), (372.8, 372.8), (372.8, 372.8), (372.8, 372.8), (372.8, 372.8), (372.8, 372.8), (372.8, 372.8), (372.8, 372.8), (372.8, 372.8), (372.8, 372.8), (372.8, 372.8), (372.8, 372.8)]",0,1,12.0
novice,bomberman,2,Bomb,8,0,24.42,0.926,"[(48.0, 48.0), (62.9, 51.7), (77.9, 51.7), (98.4, 51.7), (113.3, 57.3), (115.2, 72.3), (115.2, 89.1), (115.2, 107.7), (128.3, 115.2), (143.2, 115.2), (165.6, 115.2), (180.5, 124.5), (180.5, 139.5), (180.5, 160.0), (184.3, 176.8), (199.2, 180.5), (217.9, 180.5), (236.5, 182.4), (244.0, 197.3), (244.0, 212.3), (244.0, 234.7), (257.1, 244.0), (272.0, 244.0), (292.5, 244.0), (307.5, 253.3), (307.5, 268.3), (307.5, 288.8), (311.2, 303.7), (326.1, 307.5), (342.9, 307.5), (361.6, 307.5), (372.8, 320.5), (372.8, 335.5), (372.8, 350.4), (372.8, 365.3), (372.8, 372.8), (372.8, 372.8), (372.8, 372.8), (372.8, 372.8), (372.8, 372.8), (372.8, 372.8), (372.8, 372.8), (372.8, 372.8), (372.8, 372.8), (372.8, 372.8), (372.8, 372.8), (372.8, 372.8), (372.8, 372.8), (372.8, 372.8), (372.8, 372.8), (372.8, 372.8), (372.8, 372.8), (372.8, 372.8), (372.8, 372.8), (372.8, 372.8), (372.8, 372.8), (372.8, 372.8), (372.8, 372.8), (372.8, 372.8), (372.8, 372.8), (372.8, 372.8), (372.8, 372.8), (372.8, 372.8), (372.8, 372.8), (372.8, 372.8), (372.8, 372.8), (372.8, 372.8), (372.8, 372.8), (372.8, 372.8), (372.8, 372.8), (372.8, 372.8), (372.8, 372.8), (372.8, 372.8), (372.8, 372.8), (372.8, 372.8), (372.8, 372.8), (372.8, 372.8), (372.8, 372.8), (372.8, 372.8), (372.8, 372.8), (372.8, 372.8), (372.8, 372.8), (372.8, 372.8), (372.8, 372.8), (372.8, 372.8), (372.8, 372.8), (372.8, 372.8), (372.8, 372.8), (372.8, 372.8), (372.8, 372.8), (372.8, 372.8)]",0,1,12.0
novice,bomberman,2,Stuck,1,0,27.48,0.741,"[(48.0, 48.0), (62.9, 51.7), (77.9, 51.7), (98.4, 51.7), (113.3, 57.3), (115.2, 72.3), (115.2, 89.1), (115.2, 107.7), (128.3, 115.2), (143.2, 115.2), (165.6, 115.2), (180.5, 124.5), (180.5, 139.5), (180.5, 160.0), (184.3, 176.8), (199.2, 180.5), (217.9, 180.5), (236.5, 182.4), (244.0, 197.3), (244.0, 212.3), (244.0, 234.7), (257.1, 244.0), (272.0, 244.0), (292.5, 244.0), (307.5, 253.3), (307.5, 268.3), (307.5, 288.8), (311.2, 303.7), (326.1, 307.5), (342.9, 307.5), (361.6, 307.5), (372.8, 320.5), (372.8, 335.5), (372.8, 350.4), (372.8, 365.3), (372.8, 372.8), (372.8, 372.8), (372.8, 372.8), (372.8, 372.8), (372.8, 372.8), (372.8, 372.8), (372.8, 372.8), (372.8, 372.8), (372.8, 372.8), (372.8, 372.8), (372.8, 372.8), (372.8, 372.8), (372.8, 372.8), (372.8, 372.8), (372.8, 372.8), (372.8, 372.8), (372.8, 372.8), (372.8, 372.8), (372.8, 372.8), (372.8, 372.8), (372.8, 372.8), (372.8, 372.8), (372.8, 372.8), (372.8, 372.8), (372.8, 372.8), (372.8, 372.8), (372.8, 372.8), (372.8, 372.8), (372.8, 372.8), (372.8, 372.8), (372.8, 372.8), (372.8, 372.8), (372.8, 372.8), (372.8, 372.8), (372.8, 372.8), (372.8, 372.8), (372.8, 372.8), (372.8, 372.8), (372.8, 372.8), (372.8, 372.8), (372.8, 372.8), (372.8, 372.8), (372.8, 372.8), (372.8, 372.8), (372.8, 372.8), (372.8, 372.8)]",0,0,10.67
novice,bomberman,2,Bomb,4,0,24.42,0.926,"[(48.0, 48.0), (62.9, 51.7), (77.9, 51.7), (98.4, 51.7), (113.3, 57.3), (115.2, 72.3), (115.2, 89.1), (115.2, 107.7), (128.3, 115.2), (143.2, 115.2), (165.6, 115.2), (180.5, 124.5), (180.5, 139.5), (180.5, 160.0), (184.3, 176.8), (199.2, 180.5), (217.9, 180.5), (236.5, 182.4), (244.0, 197.3), (244.0, 212.3), (244.0, 234.7), (257.1, 244.0), (272.0, 244.0), (292.5, 244.0), (307.5, 253.3), (307.5, 268.3), (307.5, 288.8), (311.2, 303.7), (326.1, 307.5), (342.9, 307.5), (361.6, 307.5), (372.8, 320.5), (372.8, 335.5), (372.8, 350.4), (372.8, 365.3), (372.8, 372.8), (372.8, 372.8), (372.8, 372.8), (372.8, 372.8), (372.8, 372.8), (372.8, 372.8), (372.8, 372.8), (372.8, 372.8), (372.8, 372.8), (372.8, 372.8), (372.8, 372.8), (372.8, 372.8), (372.8, 372.8), (372.8, 372.8), (372.8, 372.8), (372.8, 372.8), (372.8, 372.8), (372.8, 372.8), (372.8, 372.8), (372.8, 372.8), (372.8, 372.8), (372.8, 372.8), (372.8, 372.8), (372.8, 372.8), (372.8, 372.8), (372.8, 372.8), (372.8, 372.8), (372.8, 372.8), (372.8, 372.8), (372.8, 372.8), (372.8, 372.8), (372.8, 372.8), (372.8, 372.8), (372.8, 372.8), (372.8, 372.8), (372.8, 372.8), (372.8, 372.8), (372.8, 372.8), (372.8, 372.8), (372.8, 372.8), (372.8, 372.8), (372.8, 372.8), (372.8, 372.8), (372.8, 372.8), (372.8, 372.8), (372.8, 372.8), (372.8, 372.8), (372.8, 372.8), (372.8, 372.8), (372.8, 372.8), (372.8, 372.8), (372.8, 372.8), (372.8, 372.8), (372.8, 372.8), (372.8, 372.8), (372.8, 372.8)]",0,1,12.0
novice,bomberman,2,Bomb,6,0,18.32,0.926,"[(48.0, 48.0), (62.9, 51.7), (77.9, 51.7), (98.4, 51.7), (113.3, 57.3), (115.2, 72.3), (115.2, 89.1), (115.2, 107.7), (128.3, 115.2), (143.2, 115.2), (165.6, 115.2), (180.5, 124.5), (180.5, 139.5), (180.5, 160.0), (184.3, 176.8), (199.2, 180.5), (217.9, 180.5), (236.5, 182.4), (244.0, 197.3), (244.0, 212.3), (244.0, 234.7), (257.1, 244.0), (272.0, 244.0), (292.5, 244.0), (307.5, 253.3), (307.5, 255.2), (307.5, 257.1), (307.5, 257.1), (307.5, 258.9), (307.5, 253.3), (307.5, 260.8), (307.5, 258.9), (307.5, 257.1), (307.5, 272.0), (307.5, 292.5), (314.9, 307.5), (329.9, 307.5), (350.4, 307.5), (365.3, 309.3), (372.8, 324.3), (372.8, 314.9), (372.8, 320.5), (372.8, 313.1), (372.8, 316.8), (372.8, 314.9), (372.8, 314.9), (372.8, 316.8), (372.8, 316.8), (372.8, 318.7), (372.8, 318.7), (372.8, 320.5), (372.8, 320.5), (372.8, 322.4), (372.8, 316.8), (372.8, 324.3), (372.8, 314.9), (372.8, 320.5), (372.8, 313.1), (372.8, 316.8), (372.8, 314.9), (372.8, 314.9), (372.8, 316.8), (372.8, 316.8), (372.8, 318.7), (372.8, 333.6), (372.8, 348.5), (372.8, 363.5), (372.8, 372.8), (372.8, 372.8), (372.8, 372.8), (372.8, 372.8), (372.8, 372.8), (372.8, 372.8), (372.8, 372.8), (372.8, 372.8), (372.8, 372.8), (372.8, 372.8), (372.8, 372.8), (372.8, 372.8), (372.8, 372.8), (372.8, 372.8), (372.8, 372.8), (372.8, 372.8), (372.8, 372.8), (372.8, 372.8), (372.8, 372.8), (372.8, 372.8), (372.8, 372.8), (372.8, 372.8), (372.8, 372.8), (372.8, 372.8), (372.8, 372.8), (372.8, 372.8), (372.8, 372.8), (372.8, 372.8), (372.8, 372.8), (372.8, 372.8), (372.8, 372.8), (372.8, 372.8), (372.8, 372.8), (372.8, 372.8), (372.8, 372.8), (372.8, 372.8), (372.8, 372.8), (372.8, 372.8), (372.8, 372.8), (372.8, 372.8), (372.8, 372.8), (372.8, 372.8), (372.8, 372.8), (372.8, 372.8), (372.8, 372.8), (372.8, 372.8), (372.8, 372.8), (372.8, 372.8), (372.8, 372.8), (372.8, 372.8), (372.8, 372.8), (372.8, 372.8), (372.8, 372.8), (372.8, 372.8)]",0,1,16.0
novice,bomberman,2,Bomb,6,0,24.42,0.926,"[(48.0, 48.0), (62.9, 51.7), (77.9, 51.7), (98.4, 51.7), (113.3, 57.3), (115.2, 72.3), (115.2, 89.1), (115.2, 107.7), (128.3, 115.2), (143.2, 115.2), (165.6, 115.2), (180.5, 124.5), (180.5, 139.5), (180.5, 160.0), (184.3, 176.8), (199.2, 180.5), (217.9, 180.5), (236.5, 182.4), (244.0, 197.3), (244.0, 212.3), (244.0, 234.7), (257.1, 244.0), (272.0, 244.0), (292.5, 244.0), (307.5, 253.3), (307.5, 268.3), (307.5, 288.8), (311.2, 303.7), (326.1, 307.5), (342.9, 307.5), (361.6, 307.5), (372.8, 320.5), (372.8, 335.5), (372.8, 350.4), (372.8, 365.3), (372.8, 372.8), (372.8, 372.8), (372.8, 372.8), (372.8, 372.8), (372.8, 372.8), (372.8, 372.8), (372.8, 372.8), (372.8, 372.8), (372.8, 372.8), (372.8, 372.8), (372.8, 372.8), (372.8, 372.8), (372.8, 372.8), (372.8, 372.8), (372.8, 372.8), (372.8, 372.8), (372.8, 372.8), (372.8, 372.8), (372.8, 372.8), (372.8, 372.8), (372.8, 372.8), (372.8, 372.8), (372.8, 372.8), (372.8, 372.8), (372.8, 372.8), (372.8, 372.8), (372.8, 372.8), (372.8, 372.8), (372.8, 372.8), (372.8, 372.8), (372.8, 372.8), (372.8, 372.8), (372.8, 372.8), (372.8, 372.8), (372.8, 372.8), (372.8, 372.8), (372.8, 372.8), (372.8, 372.8), (372.8, 372.8), (372.8, 372.8), (372.8, 372.8), (372.8, 372.8), (372.8, 372.8), (372.8, 372.8), (372.8, 372.8), (372.8, 372.8), (372.8, 372.8), (372.8, 372.8), (372.8, 372.8), (372.8, 372.8), (372.8, 372.8), (372.8, 372.8), (372.8, 372.8), (372.8, 372.8), (372.8, 372.8), (372.8, 372.8)]",0,1,12.0
novice,bomberman,2,Bomb,6,0,24.42,0.926,"[(48.0, 48.0), (62.9, 51.7), (77.9, 51.7), (98.4, 51.7), (113.3, 57.3), (115.2, 72.3), (115.2, 89.1), (115.2, 107.7), (128.3, 115.2), (143.2, 115.2), (165.6, 115.2), (180.5, 124.5), (180.5, 139.5), (180.5, 160.0), (184.3, 176.8), (199.2, 180.5), (217.9, 180.5), (236.5, 182.4), (244.0, 197.3), (244.0, 212.3), (244.0, 234.7), (257.1, 244.0), (272.0, 244.0), (292.5, 244.0), (307.5, 253.3), (307.5, 268.3), (307.5, 288.8), (311.2, 303.7), (326.1, 307.5), (342.9, 307.5), (361.6, 307.5), (372.8, 320.5), (372.8, 335.5), (372.8, 350.4), (372.8, 365.3), (372.8, 372.8), (372.8, 372.8), (372.8, 372.8), (372.8, 372.8), (372.8, 372.8), (372.8, 372.8), (372.8, 372.8), (372.8, 372.8), (372.8, 372.8), (372.8, 372.8), (372.8, 372.8), (372.8, 372.8), (372.8, 372.8), (372.8, 372.8), (372.8, 372.8), (372.8, 372.8), (372.8, 372.8), (372.8, 372.8), (372.8, 372.8), (372.8, 372.8), (372.8, 372.8), (372.8, 372.8), (372.8, 372.8), (372.8, 372.8), (372.8, 372.8), (372.8, 372.8), (372.8, 372.8), (372.8, 372.8), (372.8, 372.8), (372.8, 372.8), (372.8, 372.8), (372.8, 372.8), (372.8, 372.8), (372.8, 372.8), (372.8, 372.8), (372.8, 372.8), (372.8, 372.8), (372.8, 372.8), (372.8, 372.8), (372.8, 372.8), (372.8, 372.8), (372.8, 372.8), (372.8, 372.8), (372.8, 372.8), (372.8, 372.8), (372.8, 372.8), (372.8, 372.8), (372.8, 372.8), (372.8, 372.8), (372.8, 372.8), (372.8, 372.8), (372.8, 372.8), (372.8, 372.8), (372.8, 372.8), (372.8, 372.8), (372.8, 372.8)]",0,1,12.0
novice,bomberman,2,Bomb,6,0,24.42,0.926,"[(48.0, 48.0), (62.9, 51.7), (77.9, 51.7), (98.4, 51.7), (113.3, 57.3), (115.2, 72.3), (115.2, 89.1), (115.2, 107.7), (128.3, 115.2), (143.2, 115.2), (165.6, 115.2), (180.5, 124.5), (180.5, 139.5), (180.5, 160.0), (184.3, 176.8), (199.2, 180.5), (217.9, 180.5), (236.5, 182.4), (244.0, 197.3), (244.0, 212.3), (244.0, 234.7), (257.1, 244.0), (272.0, 244.0), (292.5, 244.0), (307.5, 253.3), (307.5, 268.3), (307.5, 288.8), (311.2, 303.7), (326.1, 307.5), (342.9, 307.5), (361.6, 307.5), (372.8, 320.5), (372.8, 335.5), (372.8, 350.4), (372.8, 365.3), (372.8, 372.8), (372.8, 372.8), (372.8, 372.8), (372.8, 372.8), (372.8, 372.8), (372.8, 372.8), (372.8, 372.8), (372.8, 372.8), (372.8, 372.8), (372.8, 372.8), (372.8, 372.8), (372.8, 372.8), (372.8, 372.8), (372.8, 372.8), (372.8, 372.8), (372.8, 372.8), (372.8, 372.8), (372.8, 372.8), (372.8, 372.8), (372.8, 372.8), (372.8, 372.8), (372.8, 372.8), (372.8, 372.8), (372.8, 372.8), (372.8, 372.8), (372.8, 372.8), (372.8, 372.8), (372.8, 372.8), (372.8, 372.8), (372.8, 372.8), (372.8, 372.8), (372.8, 372.8), (372.8, 372.8), (372.8, 372.8), (372.8, 372.8), (372.8, 372.8), (372.8, 372.8), (372.8, 372.8), (372.8, 372.8), (372.8, 372.8), (372.8, 372.8), (372.8, 372.8), (372.8, 372.8), (372.8, 372.8), (372.8, 372.8), (372.8, 372.8), (372.8, 372.8), (372.8, 372.8), (372.8, 372.8), (372.8, 372.8), (372.8, 372.8), (372.8, 372.8), (372.8, 372.8), (372.8, 372.8), (372.8, 372.8), (372.8, 372.8)]",0,1,12.0
novice,bomberman,2,Bomb,6,0,24.42,0.926,"[(48.0, 48.0), (62.9, 51.7), (77.9, 51.7), (98.4, 51.7), (113.3, 57.3), (115.2, 72.3), (115.2, 89.1), (115.2, 107.7), (128.3, 115.2), (143.2, 115.2), (165.6, 115.2), (180.5, 124.5), (180.5, 139.5), (180.5, 160.0), (184.3, 176.8), (199.2, 180.5), (217.9, 180.5), (236.5, 182.4), (244.0, 197.3), (244.0, 212.3), (244.0, 234.7), (257.1, 244.0), (272.0, 244.0), (292.5, 244.0), (307.5, 253.3), (307.5, 268.3), (307.5, 288.8), (311.2, 303.7), (326.1, 307.5), (342.9, 307.5), (361.6, 307.5), (372.8, 320.5), (372.8, 335.5), (372.8, 350.4), (372.8, 365.3), (372.8, 372.8), (372.8, 372.8), (372.8, 372.8), (372.8, 372.8), (372.8, 372.8), (372.8, 372.8), (372.8, 372.8), (372.8, 372.8), (372.8, 372.8), (372.8, 372.8), (372.8, 372.8), (372.8, 372.8), (372.8, 372.8), (372.8, 372.8), (372.8, 372.8), (372.8, 372.8), (372.8, 372.8), (372.8, 372.8), (372.8, 372.8), (372.8, 372.8), (372.8, 372.8), (372.8, 372.8), (372.8, 372.8), (372.8, 372.8), (372.8, 372.8), (372.8, 372.8), (372.8, 372.8), (372.8, 372.8), (372.8, 372.8), (372.8, 372.8), (372.8, 372.8), (372.8, 372.8), (372.8, 372.8), (372.8, 372.8), (372.8, 372.8), (372.8, 372.8), (372.8, 372.8), (372.8, 372.8), (372.8, 372.8), (372.8, 372.8), (372.8, 372.8), (372.8, 372.8), (372.8, 372.8), (372.8, 372.8), (372.8, 372.8), (372.8, 372.8), (372.8, 372.8), (372.8, 372.8), (372.8, 372.8), (372.8, 372.8), (372.8, 372.8), (372.8, 372.8), (372.8, 372.8), (372.8, 372.8), (372.8, 372.8), (372.8, 372.8)]",0,1,12.0
novice,bomberman,2,Bomb,6,0,18.32,0.926,"[(48.0, 48.0), (62.9, 51.7), (77.9, 51.7), (98.4, 51.7), (113.3, 57.3), (115.2, 72.3), (115.2, 89.1), (115.2, 107.7), (128.3, 115.2), (143.2, 115.2), (165.6, 115.2), (180.5, 124.5), (180.5, 139.5), (180.5, 160.0), (184.3, 176.8), (199.2, 180.5), (217.9, 180.5), (236.5, 182.4), (244.0, 197.3), (244.0, 212.3), (244.0, 234.7), (257.1, 244.0), (272.0, 244.0), (292.5, 244.0), (307.5, 253.3), (307.5, 255.2), (307.5, 257.1), (307.5, 257.1), (307.5, 258.9), (307.5, 253.3), (307.5, 260.8), (307.5, 258.9), (307.5, 257.1), (307.5, 272.0), (307.5, 292.5), (314.9, 307.5), (329.9, 307.5), (350.4, 307.5), (365.3, 309.3), (372.8, 324.3), (372.8, 314.9), (372.8, 320.5), (372.8, 313.1), (372.8, 316.8), (372.8, 314.9), (372.8, 314.9), (372.8, 316.8), (372.8, 316.8), (372.8, 318.7), (372.8, 318.7), (372.8, 320.5), (372.8, 320.5), (372.8, 322.4), (372.8, 316.8), (372.8, 324.3), (372.8, 314.9), (372.8, 320.5), (372.8, 313.1), (372.8, 316.8), (372.8, 314.9), (372.8, 314.9), (372.8, 316.8), (372.8, 316.8), (372.8, 318.7), (372.8, 333.6), (372.8, 348.5), (372.8, 363.5), (372.8, 372.8), (372.8, 372.8), (372.8, 372.8), (372.8, 372.8), (372.8, 372.8), (372.8, 372.8), (372.8, 372.8), (372.8, 372.8), (372.8, 372.8), (372.8, 372.8), (372.8, 372.8), (372.8, 372.8), (372.8, 372.8), (372.8, 372.8), (372.8, 372.8), (372.8, 372.8), (372.8, 372.8), (372.8, 372.8), (372.8, 372.8), (372.8, 372.8), (372.8, 372.8), (372.8, 372.8), (372.8, 372.8), (372.8, 372.8), (372.8, 372.8), (372.8, 372.8), (372.8, 372.8), (372.8, 372.8), (372.8, 372.8), (372.8, 372.8), (372.8, 372.8), (372.8, 372.8), (372.8, 372.8), (372.8, 372.8), (372.8, 372.8), (372.8, 372.8), (372.8, 372.8), (372.8, 372.8), (372.8, 372.8), (372.8, 372.8), (372.8, 372.8), (372.8, 372.8), (372.8, 372.8), (372.8, 372.8), (372.8, 372.8), (372.8, 372.8), (372.8, 372.8), (372.8, 372.8), (372.8, 372.8), (372.8, 372.8), (372.8, 372.8), (372.8, 372.8), (372.8, 372.8), (372.8, 372.8)]",0,1,16.0
novice,bomberman,2,Bomb,4,0,24.42,0.926,"[(48.0, 48.0), (62.9, 51.7), (77.9, 51.7), (98.4, 51.7), (113.3, 57.3), (115.2, 72.3), (115.2, 89.1), (115.2, 107.7), (128.3, 115.2), (143.2, 115.2), (165.6, 115.2), (180.5, 124.5), (180.5, 139.5), (180.5, 160.0), (184.3, 176.8), (199.2, 180.5), (217.9, 180.5), (236.5, 182.4), (244.0, 197.3), (244.0, 212.3), (244.0, 234.7), (257.1, 244.0), (272.0, 244.0), (292.5, 244.0), (307.5, 253.3), (307.5, 268.3), (307.5, 288.8), (311.2, 303.7), (326.1, 307.5), (342.9, 307.5), (361.6, 307.5), (372.8, 320.5), (372.8, 335.5), (372.8, 350.4), (372.8, 365.3), (372.8, 372.8), (372.8, 372.8), (372.8, 372.8), (372.8, 372.8), (372.8, 372.8), (372.8, 372.8), (372.8, 372.8), (372.8, 372.8), (372.8, 372.8), (372.8, 372.8), (372.8, 372.8), (372.8, 372.8), (372.8, 372.8), (372.8, 372.8), (372.8, 372.8), (372.8, 372.8), (372.8, 372.8), (372.8, 372.8), (372.8, 372.8), (372.8, 372.8), (372.8, 372.8), (372.8, 372.8), (372.8, 372.8), (372.8, 372.8), (372.8, 372.8), (372.8, 372.8), (372.8, 372.8), (372.8, 372.8), (372.8, 372.8), (372.8, 372.8), (372.8, 372.8), (372.8, 372.8), (372.8, 372.8), (372.8, 372.8), (372.8, 372.8), (372.8, 372.8), (372.8, 372.8), (372.8, 372.8), (372.8, 372.8), (372.8, 372.8), (372.8, 372.8), (372.8, 372.8), (372.8, 372.8), (372.8, 372.8), (372.8, 372.8), (372.8, 372.8), (372.8, 372.8), (372.8, 372.8), (372.8, 372.8), (372.8, 372.8), (372.8, 372.8), (372.8, 372.8), (372.8, 372.8), (372.8, 372.8), (372.8, 372.8), (372.8, 372.8)]",0,1,12.0
novice,bomberman,2,Bomb,6,0,24.42,0.926,"[(48.0, 48.0), (62.9, 51.7), (77.9, 51.7), (98.4, 51.7), (113.3, 57.3), (115.2, 72.3), (115.2, 89.1), (115.2, 107.7), (128.3, 115.2), (143.2, 115.2), (165.6, 115.2), (180.5, 124.5), (180.5, 139.5), (180.5, 160.0), (184.3, 176.8), (199.2, 180.5), (217.9, 180.5), (236.5, 182.4), (244.0, 197.3), (244.0, 212.3), (244.0, 234.7), (257.1, 244.0), (272.0, 244.0), (292.5, 244.0), (307.5, 253.3), (307.5, 268.3), (307.5, 288.8), (311.2, 303.7), (326.1, 307.5), (342.9, 307.5), (361.6, 307.5), (372.8, 320.5), (372.8, 335.5), (372.8, 350.4), (372.8, 365.3), (372.8, 372.8), (372.8, 372.8), (372.8, 372.8), (372.8, 372.8), (372.8, 372.8), (372.8, 372.8), (372.8, 372.8), (372.8, 372.8), (372.8, 372.8), (372.8, 372.8), (372.8, 372.8), (372.8, 372.8), (372.8, 372.8), (372.8, 372.8), (372.8, 372.8), (372.8, 372.8), (372.8, 372.8), (372.8, 372.8), (372.8, 372.8), (372.8, 372.8), (372.8, 372.8), (372.8, 372.8), (372.8, 372.8), (372.8, 372.8), (372.8, 372.8), (372.8, 372.8), (372.8, 372.8), (372.8, 372.8), (372.8, 372.8), (372.8, 372.8), (372.8, 372.8), (372.8, 372.8), (372.8, 372.8), (372.8, 372.8), (372.8, 372.8), (372.8, 372.8), (372.8, 372.8), (372.8, 372.8), (372.8, 372.8), (372.8, 372.8), (372.8, 372.8), (372.8, 372.8), (372.8, 372.8), (372.8, 372.8), (372.8, 372.8), (372.8, 372.8), (372.8, 372.8), (372.8, 372.8), (372.8, 372.8), (372.8, 372.8), (372.8, 372.8), (372.8, 372.8), (372.8, 372.8), (372.8, 372.8), (372.8, 372.8), (372.8, 372.8)]",0,1,12.0
novice,bomberman,2,Bomb,7,0,24.42,0.926,"[(48.0, 48.0), (62.9, 51.7), (77.9, 51.7), (98.4, 51.7), (113.3, 57.3), (115.2, 72.3), (115.2, 89.1), (115.2, 107.7), (128.3, 115.2), (143.2, 115.2), (165.6, 115.2), (180.5, 124.5), (180.5, 139.5), (180.5, 160.0), (184.3, 176.8), (199.2, 180.5), (217.9, 180.5), (236.5, 182.4), (244.0, 197.3), (244.0, 212.3), (244.0, 234.7), (257.1, 244.0), (272.0, 244.0), (292.5, 244.0), (307.5, 253.3), (307.5, 268.3), (307.5, 288.8), (311.2, 303.7), (326.1, 307.5), (342.9, 307.5), (361.6, 307.5), (372.8, 320.5), (372.8, 335.5), (372.8, 350.4), (372.8, 365.3), (372.8, 372.8), (372.8, 372.8), (372.8, 372.8), (372.8, 372.8), (372.8, 372.8), (372.8, 372.8), (372.8, 372.8), (372.8, 372.8), (372.8, 372.8), (372.8, 372.8), (372.8, 372.8), (372.8, 372.8), (372.8, 372.8), (372.8, 372.8), (372.8, 372.8), (372.8, 372.8), (372.8, 372.8), (372.8, 372.8), (372.8, 372.8), (372.8, 372.8), (372.8, 372.8), (372.8, 372.8), (372.8, 372.8), (372.8, 372.8), (372.8, 372.8), (372.8, 372.8), (372.8, 372.8), (372.8, 372.8), (372.8, 372.8), (372.8, 372.8), (372.8, 372.8), (372.8, 372.8), (372.8, 372.8), (372.8, 372.8), (372.8, 372.8), (372.8, 372.8), (372.8, 372.8), (372.8, 372.8), (372.8, 372.8), (372.8, 372.8), (372.8, 372.8), (372.8, 372.8), (372.8, 372.8), (372.8, 372.8), (372.8, 372.8), (372.8, 372.8), (372.8, 372.8), (372.8, 372.8), (372.8, 372.8), (372.8, 372.8), (372.8, 372.8), (372.8, 372.8), (372.8, 372.8), (372.8, 372.8), (372.8, 372.8), (372.8, 372.8)]",0,1,12.0
novice,bomberman,2,Bomb,4,0,24.32,0.926,"[(48.0, 48.0), (62.9, 51.7), (77.9, 51.7), (98.4, 51.7), (113.3, 57.3), (115.2, 72.3), (115.2, 89.1), (115.2, 107.7), (128.3, 115.2), (143.2, 115.2), (165.6, 115.2), (180.5, 124.5), (180.5, 139.5), (180.5, 160.0), (184.3, 176.8), (199.2, 180.5), (217.9, 180.5), (236.5, 182.4), (244.0, 197.3), (244.0, 212.3), (244.0, 234.7), (257.1, 244.0), (272.0, 244.0), (292.5, 244.0), (307.5, 253.3), (307.5, 268.3), (307.5, 288.8), (311.2, 303.7), (326.1, 307.5), (342.9, 307.5), (361.6, 307.5), (372.8, 320.5), (367.2, 335.5), (372.8, 350.4), (372.8, 365.3), (372.8, 372.8), (372.8, 372.8), (372.8, 372.8), (372.8, 372.8), (372.8, 372.8), (372.8, 372.8), (372.8, 372.8), (372.8, 372.8), (372.8, 372.8), (372.8, 372.8), (372.8, 372.8), (372.8, 372.8), (372.8, 372.8), (372.8, 372.8), (372.8, 372.8), (372.8, 372.8), (372.8, 372.8), (372.8, 372.8), (372.8, 372.8), (372.8, 372.8), (372.8, 372.8), (372.8, 372.8), (372.8, 372.8), (372.8, 372.8), (372.8, 372.8), (372.8, 372.8), (372.8, 372.8), (372.8, 372.8), (372.8, 372.8), (372.8, 372.8), (372.8, 372.8), (372.8, 372.8), (372.8, 372.8), (372.8, 372.8), (372.8, 372.8), (372.8, 372.8), (372.8, 372.8), (372.8, 372.8), (372.8, 372.8), (372.8, 372.8), (372.8, 372.8), (372.8, 372.8), (372.8, 372.8), (372.8, 372.8), (372.8, 372.8), (372.8, 372.8), (372.8, 372.8), (372.8, 372.8), (372.8, 372.8), (372.8, 372.8), (372.8, 372.8), (372.8, 372.8), (372.8, 372.8), (372.8, 372.8), (372.8, 372.8), (372.8, 372.8)]",0,1,12.05
novice,bomberman,2,Bomb,7,0,24.42,0.926,"[(48.0, 48.0), (62.9, 51.7), (77.9, 51.7), (98.4, 51.7), (113.3, 57.3), (115.2, 72.3), (115.2, 89.1), (115.2, 107.7), (128.3, 115.2), (143.2, 115.2), (165.6, 115.2), (180.5, 124.5), (180.5, 139.5), (180.5, 160.0), (184.3, 176.8), (199.2, 180.5), (217.9, 180.5), (236.5, 182.4), (244.0, 197.3), (244.0, 212.3), (244.0, 234.7), (257.1, 244.0), (272.0, 244.0), (292.5, 244.0), (307.5, 253.3), (307.5, 268.3), (307.5, 288.8), (311.2, 303.7), (326.1, 307.5), (342.9, 307.5), (361.6, 307.5), (372.8, 320.5), (372.8, 335.5), (372.8, 350.4), (372.8, 365.3), (372.8, 372.8), (372.8, 372.8), (372.8, 372.8), (372.8, 372.8), (372.8, 372.8), (372.8, 372.8), (372.8, 372.8), (372.8, 372.8), (372.8, 372.8), (372.8, 372.8), (372.8, 372.8), (372.8, 372.8), (372.8, 372.8), (372.8, 372.8), (372.8, 372.8), (372.8, 372.8), (372.8, 372.8), (372.8, 372.8), (372.8, 372.8), (372.8, 372.8), (372.8, 372.8), (372.8, 372.8), (372.8, 372.8), (372.8, 372.8), (372.8, 372.8), (372.8, 372.8), (372.8, 372.8), (372.8, 372.8), (372.8, 372.8), (372.8, 372.8), (372.8, 372.8), (372.8, 372.8), (372.8, 372.8), (372.8, 372.8), (372.8, 372.8), (372.8, 372.8), (372.8, 372.8), (372.8, 372.8), (372.8, 372.8), (372.8, 372.8), (372.8, 372.8), (372.8, 372.8), (372.8, 372.8), (372.8, 372.8), (372.8, 372.8), (372.8, 372.8), (372.8, 372.8), (372.8, 372.8), (372.8, 372.8), (372.8, 372.8), (372.8, 372.8), (372.8, 372.8), (372.8, 372.8), (372.8, 372.8), (372.8, 372.8), (372.8, 372.8)]",0,1,12.0
novice,bomberman,2,Bomb,1,0,24.42,0.926,"[(48.0, 48.0), (62.9, 51.7), (77.9, 51.7), (98.4, 51.7), (113.3, 57.3), (115.2, 72.3), (115.2, 89.1), (115.2, 107.7), (128.3, 115.2), (143.2, 115.2), (165.6, 115.2), (180.5, 124.5), (180.5, 139.5), (180.5, 160.0), (184.3, 176.8), (199.2, 180.5), (217.9, 180.5), (236.5, 182.4), (244.0, 197.3), (244.0, 212.3), (244.0, 234.7), (257.1, 244.0), (272.0, 244.0), (292.5, 244.0), (307.5, 253.3), (307.5, 268.3), (307.5, 288.8), (311.2, 303.7), (326.1, 307.5), (342.9, 307.5), (361.6, 307.5), (372.8, 320.5), (372.8, 335.5), (372.8, 350.4), (372.8, 365.3), (372.8, 372.8), (372.8, 372.8), (372.8, 372.8), (372.8, 372.8), (372.8, 372.8), (372.8, 372.8), (372.8, 372.8), (372.8, 372.8), (372.8, 372.8), (372.8, 372.8), (372.8, 372.8), (372.8, 372.8), (372.8, 372.8), (372.8, 372.8), (372.8, 372.8), (372.8, 372.8), (372.8, 372.8), (372.8, 372.8), (372.8, 372.8), (372.8, 372.8), (372.8, 372.8), (372.8, 372.8), (372.8, 372.8), (372.8, 372.8), (372.8, 372.8), (372.8, 372.8), (372.8, 372.8), (372.8, 372.8), (372.8, 372.8), (372.8, 372.8), (372.8, 372.8), (372.8, 372.8), (372.8, 372.8), (372.8, 372.8), (372.8, 372.8), (372.8, 372.8), (372.8, 372.8), (372.8, 372.8), (372.8, 372.8), (372.8, 372.8), (372.8, 372.8), (372.8, 372.8), (372.8, 372.8), (372.8, 372.8), (372.8, 372.8), (372.8, 372.8), (372.8, 372.8), (372.8, 372.8), (372.8, 372.8), (372.8, 372.8), (372.8, 372.8), (372.8, 372.8), (372.8, 372.8), (372.8, 372.8), (372.8, 372.8), (372.8, 372.8)]",0,1,12.0
novice,bomberman,2,Bomb,6,0,24.42,0.926,"[(48.0, 48.0), (62.9, 51.7), (77.9, 51.7), (98.4, 51.7), (113.3, 57.3), (115.2, 72.3), (115.2, 89.1), (115.2, 107.7), (128.3, 115.2), (143.2, 115.2), (165.6, 115.2), (180.5, 124.5), (180.5, 139.5), (180.5, 160.0), (184.3, 176.8), (199.2, 180.5), (217.9, 180.5), (236.5, 182.4), (244.0, 197.3), (244.0, 212.3), (244.0, 234.7), (257.1, 244.0), (272.0, 244.0), (292.5, 244.0), (307.5, 253.3), (307.5, 268.3), (307.5, 288.8), (311.2, 303.7), (326.1, 307.5), (342.9, 307.5), (361.6, 307.5), (372.8, 320.5), (372.8, 335.5), (372.8, 350.4), (372.8, 365.3), (372.8, 372.8), (372.8, 372.8), (372.8, 372.8), (372.8, 372.8), (372.8, 372.8), (372.8, 372.8), (372.8, 372.8), (372.8, 372.8), (372.8, 372.8), (372.8, 372.8), (372.8, 372.8), (372.8, 372.8), (372.8, 372.8), (372.8, 372.8), (372.8, 372.8), (372.8, 372.8), (372.8, 372.8), (372.8, 372.8), (372.8, 372.8), (372.8, 372.8), (372.8, 372.8), (372.8, 372.8), (372.8, 372.8), (372.8, 372.8), (372.8, 372.8), (372.8, 372.8), (372.8, 372.8), (372.8, 372.8), (372.8, 372.8), (372.8, 372.8), (372.8, 372.8), (372.8, 372.8), (372.8, 372.8), (372.8, 372.8), (372.8, 372.8), (372.8, 372.8), (372.8, 372.8), (372.8, 372.8), (372.8, 372.8), (372.8, 372.8), (372.8, 372.8), (372.8, 372.8), (372.8, 372.8), (372.8, 372.8), (372.8, 372.8), (372.8, 372.8), (372.8, 372.8), (372.8, 372.8), (372.8, 372.8), (372.8, 372.8), (372.8, 372.8), (372.8, 372.8), (372.8, 372.8), (372.8, 372.8), (372.8, 372.8), (372.8, 372.8)]",0,1,12.0
novice,bomberman,2,Bomb,6,0,24.42,0.926,"[(48.0, 48.0), (62.9, 51.7), (77.9, 51.7), (98.4, 51.7), (113.3, 57.3), (115.2, 72.3), (115.2, 89.1), (115.2, 107.7), (128.3, 115.2), (143.2, 115.2), (165.6, 115.2), (180.5, 124.5), (180.5, 139.5), (180.5, 160.0), (184.3, 176.8), (199.2, 180.5), (217.9, 180.5), (236.5, 182.4), (244.0, 197.3), (244.0, 212.3), (244.0, 234.7), (257.1, 244.0), (272.0, 244.0), (292.5, 244.0), (307.5, 253.3), (307.5, 268.3), (307.5, 288.8), (311.2, 303.7), (326.1, 307.5), (342.9, 307.5), (361.6, 307.5), (372.8, 320.5), (372.8, 335.5), (372.8, 350.4), (372.8, 365.3), (372.8, 372.8), (372.8, 372.8), (372.8, 372.8), (372.8, 372.8), (372.8, 372.8), (372.8, 372.8), (372.8, 372.8), (372.8, 372.8), (372.8, 372.8), (372.8, 372.8), (372.8, 372.8), (372.8, 372.8), (372.8, 372.8), (372.8, 372.8), (372.8, 372.8), (372.8, 372.8), (372.8, 372.8), (372.8, 372.8), (372.8, 372.8), (372.8, 372.8), (372.8, 372.8), (372.8, 372.8), (372.8, 372.8), (372.8, 372.8), (372.8, 372.8), (372.8, 372.8), (372.8, 372.8), (372.8, 372.8), (372.8, 372.8), (372.8, 372.8), (372.8, 372.8), (372.8, 372.8), (372.8, 372.8), (372.8, 372.8), (372.8, 372.8), (372.8, 372.8), (372.8, 372.8), (372.8, 372.8), (372.8, 372.8), (372.8, 372.8), (372.8, 372.8), (372.8, 372.8), (372.8, 372.8), (372.8, 372.8), (372.8, 372.8), (372.8, 372.8), (372.8, 372.8), (372.8, 372.8), (372.8, 372.8), (372.8, 372.8), (372.8, 372.8), (372.8, 372.8), (372.8, 372.8), (372.8, 372.8), (372.8, 372.8), (372.8, 372.8)]",0,1,12.0
novice,bomberman,2,Bomb,1,0,24.42,0.926,"[(48.0, 48.0), (62.9, 51.7), (77.9, 51.7), (98.4, 51.7), (113.3, 57.3), (115.2, 72.3), (115.2, 89.1), (115.2, 107.7), (128.3, 115.2), (143.2, 115.2), (165.6, 115.2), (180.5, 124.5), (180.5, 139.5), (180.5, 160.0), (184.3, 176.8), (199.2, 180.5), (217.9, 180.5), (236.5, 182.4), (244.0, 197.3), (244.0, 212.3), (244.0, 234.7), (257.1, 244.0), (272.0, 244.0), (292.5, 244.0), (307.5, 253.3), (307.5, 268.3), (307.5, 288.8), (311.2, 303.7), (326.1, 307.5), (342.9, 307.5), (361.6, 307.5), (372.8, 320.5), (372.8, 335.5), (372.8, 350.4), (372.8, 365.3), (372.8, 372.8), (372.8, 372.8), (372.8, 372.8), (372.8, 372.8), (372.8, 372.8), (372.8, 372.8), (372.8, 372.8), (372.8, 372.8), (372.8, 372.8), (372.8, 372.8), (372.8, 372.8), (372.8, 372.8), (372.8, 372.8), (372.8, 372.8), (372.8, 372.8), (372.8, 372.8), (372.8, 372.8), (372.8, 372.8), (372.8, 372.8), (372.8, 372.8), (372.8, 372.8), (372.8, 372.8), (372.8, 372.8), (372.8, 372.8), (372.8, 372.8), (372.8, 372.8), (372.8, 372.8), (372.8, 372.8), (372.8, 372.8), (372.8, 372.8), (372.8, 372.8), (372.8, 372.8), (372.8, 372.8), (372.8, 372.8), (372.8, 372.8), (372.8, 372.8), (372.8, 372.8), (372.8, 372.8), (372.8, 372.8), (372.8, 372.8), (372.8, 372.8), (372.8, 372.8), (372.8, 372.8), (372.8, 372.8), (372.8, 372.8), (372.8, 372.8), (372.8, 372.8), (372.8, 372.8), (372.8, 372.8), (372.8, 372.8), (372.8, 372.8), (372.8, 372.8), (372.8, 372.8), (372.8, 372.8), (372.8, 372.8), (372.8, 372.8)]",0,1,12.0
novice,bomberman,2,Bomb,7,0,24.42,0.926,"[(48.0, 48.0), (62.9, 51.7), (77.9, 51.7), (98.4, 51.7), (113.3, 57.3), (115.2, 72.3), (115.2, 89.1), (115.2, 107.7), (128.3, 115.2), (143.2, 115.2), (165.6, 115.2), (180.5, 124.5), (180.5, 139.5), (180.5, 160.0), (184.3, 176.8), (199.2, 180.5), (217.9, 180.5), (236.5, 182.4), (244.0, 197.3), (244.0, 212.3), (244.0, 234.7), (257.1, 244.0), (272.0, 244.0), (292.5, 244.0), (307.5, 253.3), (307.5, 268.3), (307.5, 288.8), (311.2, 303.7), (326.1, 307.5), (342.9, 307.5), (361.6, 307.5), (372.8, 320.5), (372.8, 335.5), (372.8, 350.4), (372.8, 365.3), (372.8, 372.8), (372.8, 372.8), (372.8, 372.8), (372.8, 372.8), (372.8, 372.8), (372.8, 372.8), (372.8, 372.8), (372.8, 372.8), (372.8, 372.8), (372.8, 372.8), (372.8, 372.8), (372.8, 372.8), (372.8, 372.8), (372.8, 372.8), (372.8, 372.8), (372.8, 372.8), (372.8, 372.8), (372.8, 372.8), (372.8, 372.8), (372.8, 372.8), (372.8, 372.8), (372.8, 372.8), (372.8, 372.8), (372.8, 372.8), (372.8, 372.8), (372.8, 372.8), (372.8, 372.8), (372.8, 372.8), (372.8, 372.8), (372.8, 372.8), (372.8, 372.8), (372.8, 372.8), (372.8, 372.8), (372.8, 372.8), (372.8, 372.8), (372.8, 372.8), (372.8, 372.8), (372.8, 372.8), (372.8, 372.8), (372.8, 372.8), (372.8, 372.8), (372.8, 372.8), (372.8, 372.8), (372.8, 372.8), (372.8, 372.8), (372.8, 372.8), (372.8, 372.8), (372.8, 372.8), (372.8, 372.8), (372.8, 372.8), (372.8, 372.8), (372.8, 372.8), (372.8, 372.8), (372.8, 372.8), (372.8, 372.8), (372.8, 372.8)]",0,1,12.0
novice,bomberman,2,Bomb,4,0,24.32,0.926,"[(48.0, 48.0), (62.9, 51.7), (77.9, 51.7), (98.4, 51.7), (113.3, 57.3), (115.2, 72.3), (115.2, 89.1), (115.2, 107.7), (128.3, 115.2), (143.2, 115.2), (165.6, 115.2), (180.5, 124.5), (180.5, 139.5), (180.5, 160.0), (184.3, 176.8), (199.2, 180.5), (217.9, 180.5), (236.5, 182.4), (244.0, 197.3), (244.0, 212.3), (244.0, 234.7), (257.1, 244.0), (272.0, 244.0), (292.5, 244.0), (307.5, 253.3), (307.5, 268.3), (307.5, 288.8), (311.2, 303.7), (326.1, 307.5), (342.9, 307.5), (361.6, 307.5), (372.8, 320.5), (367.2, 335.5), (372.8, 350.4), (372.8, 365.3), (372.8, 372.8), (372.8, 372.8), (372.8, 372.8), (372.8, 372.8), (372.8, 372.8), (372.8, 372.8), (372.8, 372.8), (372.8, 372.8), (372.8, 372.8), (372.8, 372.8), (372.8, 372.8), (372.8, 372.8), (372.8, 372.8), (372.8, 372.8), (372.8, 372.8), (372.8, 372.8), (372.8, 372.8), (372.8, 372.8), (372.8, 372.8), (372.8, 372.8), (372.8, 372.8), (372.8, 372.8), (372.8, 372.8), (372.8, 372.8), (372.8, 372.8), (372.8, 372.8), (372.8, 372.8), (372.8, 372.8), (372.8, 372.8), (372.8, 372.8), (372.8, 372.8), (372.8, 372.8), (372.8, 372.8), (372.8, 372.8), (372.8, 372.8), (372.8, 372.8), (372.8, 372.8), (372.8, 372.8), (372.8, 372.8), (372.8, 372.8), (372.8, 372.8), (372.8, 372.8), (372.8, 372.8), (372.8, 372.8), (372.8, 372.8), (372.8, 372.8), (372.8, 372.8), (372.8, 372.8), (372.8, 372.8), (372.8, 372.8), (372.8, 372.8), (372.8, 372.8), (372.8, 372.8), (372.8, 372.8), (372.8, 372.8), (372.8, 372.8)]",0,1,12.05
novice,bomberman,2,Bomb,6,0,24.42,0.926,"[(48.0, 48.0), (62.9, 51.7), (77.9, 51.7), (98.4, 51.7), (113.3, 57.3), (115.2, 72.3), (115.2, 89.1), (115.2, 107.7), (128.3, 115.2), (143.2, 115.2), (165.6, 115.2), (180.5, 124.5), (180.5, 139.5), (180.5, 160.0), (184.3, 176.8), (199.2, 180.5), (217.9, 180.5), (236.5, 182.4), (244.0, 197.3), (244.0, 212.3), (244.0, 234.7), (257.1, 244.0), (272.0, 244.0), (292.5, 244.0), (307.5, 253.3), (307.5, 268.3), (307.5, 288.8), (311.2, 303.7), (326.1, 307.5), (342.9, 307.5), (361.6, 307.5), (372.8, 320.5), (372.8, 335.5), (372.8, 350.4), (372.8, 365.3), (372.8, 372.8), (372.8, 372.8), (372.8, 372.8), (372.8, 372.8), (372.8, 372.8), (372.8, 372.8), (372.8, 372.8), (372.8, 372.8), (372.8, 372.8), (372.8, 372.8), (372.8, 372.8), (372.8, 372.8), (372.8, 372.8), (372.8, 372.8), (372.8, 372.8), (372.8, 372.8), (372.8, 372.8), (372.8, 372.8), (372.8, 372.8), (372.8, 372.8), (372.8, 372.8), (372.8, 372.8), (372.8, 372.8), (372.8, 372.8), (372.8, 372.8), (372.8, 372.8), (372.8, 372.8), (372.8, 372.8), (372.8, 372.8), (372.8, 372.8), (372.8, 372.8), (372.8, 372.8), (372.8, 372.8), (372.8, 372.8), (372.8, 372.8), (372.8, 372.8), (372.8, 372.8), (372.8, 372.8), (372.8, 372.8), (372.8, 372.8), (372.8, 372.8), (372.8, 372.8), (372.8, 372.8), (372.8, 372.8), (372.8, 372.8), (372.8, 372.8), (372.8, 372.8), (372.8, 372.8), (372.8, 372.8), (372.8, 372.8), (372.8, 372.8), (372.8, 372.8), (372.8, 372.8), (372.8, 372.8), (372.8, 372.8), (372.8, 372.8)]",0,1,12.0
novice,bomberman,2,Bomb,3,0,24.42,0.926,"[(48.0, 48.0), (62.9, 51.7), (77.9, 51.7), (98.4, 51.7), (113.3, 57.3), (115.2, 72.3), (115.2, 89.1), (115.2, 107.7), (128.3, 115.2), (143.2, 115.2), (165.6, 115.2), (180.5, 124.5), (180.5, 139.5), (180.5, 160.0), (184.3, 176.8), (199.2, 180.5), (217.9, 180.5), (236.5, 182.4), (244.0, 197.3), (244.0, 212.3), (244.0, 234.7), (257.1, 244.0), (272.0, 244.0), (292.5, 244.0), (307.5, 253.3), (307.5, 268.3), (307.5, 288.8), (311.2, 303.7), (326.1, 307.5), (342.9, 307.5), (361.6, 307.5), (372.8, 320.5), (372.8, 335.5), (372.8, 350.4), (372.8, 365.3), (372.8, 372.8), (372.8, 372.8), (372.8, 372.8), (372.8, 372.8), (372.8, 372.8), (372.8, 372.8), (372.8, 372.8), (372.8, 372.8), (372.8, 372.8), (372.8, 372.8), (372.8, 372.8), (372.8, 372.8), (372.8, 372.8), (372.8, 372.8), (372.8, 372.8), (372.8, 372.8), (372.8, 372.8), (372.8, 372.8), (372.8, 372.8), (372.8, 372.8), (372.8, 372.8), (372.8, 372.8), (372.8, 372.8), (372.8, 372.8), (372.8, 372.8), (372.8, 372.8), (372.8, 372.8), (372.8, 372.8), (372.8, 372.8), (372.8, 372.8), (372.8, 372.8), (372.8, 372.8), (372.8, 372.8), (372.8, 372.8), (372.8, 372.8), (372.8, 372.8), (372.8, 372.8), (372.8, 372.8), (372.8, 372.8), (372.8, 372.8), (372.8, 372.8), (372.8, 372.8), (372.8, 372.8), (372.8, 372.8), (372.8, 372.8), (372.8, 372.8), (372.8, 372.8), (372.8, 372.8), (372.8, 372.8), (372.8, 372.8), (372.8, 372.8), (372.8, 372.8), (372.8, 372.8), (372.8, 372.8), (372.8, 372.8), (372.8, 372.8)]",0,1,12.0
novice,bomberman,2,Bomb,4,0,24.42,0.926,"[(48.0, 48.0), (62.9, 51.7), (77.9, 51.7), (98.4, 51.7), (113.3, 57.3), (115.2, 72.3), (115.2, 89.1), (115.2, 107.7), (128.3, 115.2), (143.2, 115.2), (165.6, 115.2), (180.5, 124.5), (180.5, 139.5), (180.5, 160.0), (184.3, 176.8), (199.2, 180.5), (217.9, 180.5), (236.5, 182.4), (244.0, 197.3), (244.0, 212.3), (244.0, 234.7), (257.1, 244.0), (272.0, 244.0), (292.5, 244.0), (307.5, 253.3), (307.5, 268.3), (307.5, 288.8), (311.2, 303.7), (326.1, 307.5), (342.9, 307.5), (361.6, 307.5), (372.8, 320.5), (372.8, 335.5), (372.8, 350.4), (372.8, 365.3), (372.8, 372.8), (372.8, 372.8), (372.8, 372.8), (372.8, 372.8), (372.8, 372.8), (372.8, 372.8), (372.8, 372.8), (372.8, 372.8), (372.8, 372.8), (372.8, 372.8), (372.8, 372.8), (372.8, 372.8), (372.8, 372.8), (372.8, 372.8), (372.8, 372.8), (372.8, 372.8), (372.8, 372.8), (372.8, 372.8), (372.8, 372.8), (372.8, 372.8), (372.8, 372.8), (372.8, 372.8), (372.8, 372.8), (372.8, 372.8), (372.8, 372.8), (372.8, 372.8), (372.8, 372.8), (372.8, 372.8), (372.8, 372.8), (372.8, 372.8), (372.8, 372.8), (372.8, 372.8), (372.8, 372.8), (372.8, 372.8), (372.8, 372.8), (372.8, 372.8), (372.8, 372.8), (372.8, 372.8), (372.8, 372.8), (372.8, 372.8), (372.8, 372.8), (372.8, 372.8), (372.8, 372.8), (372.8, 372.8), (372.8, 372.8), (372.8, 372.8), (372.8, 372.8), (372.8, 372.8), (372.8, 372.8), (372.8, 372.8), (372.8, 372.8), (372.8, 372.8), (372.8, 372.8), (372.8, 372.8), (372.8, 372.8), (372.8, 372.8)]",0,1,12.0
novice,bomberman,2,Bomb,6,0,24.42,0.926,"[(48.0, 48.0), (62.9, 51.7), (77.9, 51.7), (98.4, 51.7), (113.3, 57.3), (115.2, 72.3), (115.2, 89.1), (115.2, 107.7), (128.3, 115.2), (143.2, 115.2), (165.6, 115.2), (180.5, 124.5), (180.5, 139.5), (180.5, 160.0), (184.3, 176.8), (199.2, 180.5), (217.9, 180.5), (236.5, 182.4), (244.0, 197.3), (244.0, 212.3), (244.0, 234.7), (257.1, 244.0), (272.0, 244.0), (292.5, 244.0), (307.5, 253.3), (307.5, 268.3), (307.5, 288.8), (311.2, 303.7), (326.1, 307.5), (342.9, 307.5), (361.6, 307.5), (372.8, 320.5), (372.8, 335.5), (372.8, 350.4), (372.8, 365.3), (372.8, 372.8), (372.8, 372.8), (372.8, 372.8), (372.8, 372.8), (372.8, 372.8), (372.8, 372.8), (372.8, 372.8), (372.8, 372.8), (372.8, 372.8), (372.8, 372.8), (372.8, 372.8), (372.8, 372.8), (372.8, 372.8), (372.8, 372.8), (372.8, 372.8), (372.8, 372.8), (372.8, 372.8), (372.8, 372.8), (372.8, 372.8), (372.8, 372.8), (372.8, 372.8), (372.8, 372.8), (372.8, 372.8), (372.8, 372.8), (372.8, 372.8), (372.8, 372.8), (372.8, 372.8), (372.8, 372.8), (372.8, 372.8), (372.8, 372.8), (372.8, 372.8), (372.8, 372.8), (372.8, 372.8), (372.8, 372.8), (372.8, 372.8), (372.8, 372.8), (372.8, 372.8), (372.8, 372.8), (372.8, 372.8), (372.8, 372.8), (372.8, 372.8), (372.8, 372.8), (372.8, 372.8), (372.8, 372.8), (372.8, 372.8), (372.8, 372.8), (372.8, 372.8), (372.8, 372.8), (372.8, 372.8), (372.8, 372.8), (372.8, 372.8), (372.8, 372.8), (372.8, 372.8), (372.8, 372.8), (372.8, 372.8), (372.8, 372.8)]",0,1,12.0
novice,bomberman,2,Bomb,6,0,24.42,0.926,"[(48.0, 48.0), (62.9, 51.7), (77.9, 51.7), (98.4, 51.7), (113.3, 57.3), (115.2, 72.3), (115.2, 89.1), (115.2, 107.7), (128.3, 115.2), (143.2, 115.2), (165.6, 115.2), (180.5, 124.5), (180.5, 139.5), (180.5, 160.0), (184.3, 176.8), (199.2, 180.5), (217.9, 180.5), (236.5, 182.4), (244.0, 197.3), (244.0, 212.3), (244.0, 234.7), (257.1, 244.0), (272.0, 244.0), (292.5, 244.0), (307.5, 253.3), (307.5, 268.3), (307.5, 288.8), (311.2, 303.7), (326.1, 307.5), (342.9, 307.5), (361.6, 307.5), (372.8, 320.5), (372.8, 335.5), (372.8, 350.4), (372.8, 365.3), (372.8, 372.8), (372.8, 372.8), (372.8, 372.8), (372.8, 372.8), (372.8, 372.8), (372.8, 372.8), (372.8, 372.8), (372.8, 372.8), (372.8, 372.8), (372.8, 372.8), (372.8, 372.8), (372.8, 372.8), (372.8, 372.8), (372.8, 372.8), (372.8, 372.8), (372.8, 372.8), (372.8, 372.8), (372.8, 372.8), (372.8, 372.8), (372.8, 372.8), (372.8, 372.8), (372.8, 372.8), (372.8, 372.8), (372.8, 372.8), (372.8, 372.8), (372.8, 372.8), (372.8, 372.8), (372.8, 372.8), (372.8, 372.8), (372.8, 372.8), (372.8, 372.8), (372.8, 372.8), (372.8, 372.8), (372.8, 372.8), (372.8, 372.8), (372.8, 372.8), (372.8, 372.8), (372.8, 372.8), (372.8, 372.8), (372.8, 372.8), (372.8, 372.8), (372.8, 372.8), (372.8, 372.8), (372.8, 372.8), (372.8, 372.8), (372.8, 372.8), (372.8, 372.8), (372.8, 372.8), (372.8, 372.8), (372.8, 372.8), (372.8, 372.8), (372.8, 372.8), (372.8, 372.8), (372.8, 372.8), (372.8, 372.8), (372.8, 372.8)]",0,1,12.0
novice,bomberman,2,Bomb,6,0,24.42,0.926,"[(48.0, 48.0), (62.9, 51.7), (77.9, 51.7), (98.4, 51.7), (113.3, 57.3), (115.2, 72.3), (115.2, 89.1), (115.2, 107.7), (128.3, 115.2), (143.2, 115.2), (165.6, 115.2), (180.5, 124.5), (180.5, 139.5), (180.5, 160.0), (184.3, 176.8), (199.2, 180.5), (217.9, 180.5), (236.5, 182.4), (244.0, 197.3), (244.0, 212.3), (244.0, 234.7), (257.1, 244.0), (272.0, 244.0), (292.5, 244.0), (307.5, 253.3), (307.5, 268.3), (307.5, 288.8), (311.2, 303.7), (326.1, 307.5), (342.9, 307.5), (361.6, 307.5), (372.8, 320.5), (372.8, 335.5), (372.8, 350.4), (372.8, 365.3), (372.8, 372.8), (372.8, 372.8), (372.8, 372.8), (372.8, 372.8), (372.8, 372.8), (372.8, 372.8), (372.8, 372.8), (372.8, 372.8), (372.8, 372.8), (372.8, 372.8), (372.8, 372.8), (372.8, 372.8), (372.8, 372.8), (372.8, 372.8), (372.8, 372.8), (372.8, 372.8), (372.8, 372.8), (372.8, 372.8), (372.8, 372.8), (372.8, 372.8), (372.8, 372.8), (372.8, 372.8), (372.8, 372.8), (372.8, 372.8), (372.8, 372.8), (372.8, 372.8), (372.8, 372.8), (372.8, 372.8), (372.8, 372.8), (372.8, 372.8), (372.8, 372.8), (372.8, 372.8), (372.8, 372.8), (372.8, 372.8), (372.8, 372.8), (372.8, 372.8), (372.8, 372.8), (372.8, 372.8), (372.8, 372.8), (372.8, 372.8), (372.8, 372.8), (372.8, 372.8), (372.8, 372.8), (372.8, 372.8), (372.8, 372.8), (372.8, 372.8), (372.8, 372.8), (372.8, 372.8), (372.8, 372.8), (372.8, 372.8), (372.8, 372.8), (372.8, 372.8), (372.8, 372.8), (372.8, 372.8), (372.8, 372.8), (372.8, 372.8)]",0,1,12.0
novice,bomberman,2,Bomb,6,0,24.42,0.926,"[(48.0, 48.0), (62.9, 51.7), (77.9, 51.7), (98.4, 51.7), (113.3, 57.3), (115.2, 72.3), (115.2, 89.1), (115.2, 107.7), (128.3, 115.2), (143.2, 115.2), (165.6, 115.2), (180.5, 124.5), (180.5, 139.5), (180.5, 160.0), (184.3, 176.8), (199.2, 180.5), (217.9, 180.5), (236.5, 182.4), (244.0, 197.3), (244.0, 212.3), (244.0, 234.7), (257.1, 244.0), (272.0, 244.0), (292.5, 244.0), (307.5, 253.3), (307.5, 268.3), (307.5, 288.8), (311.2, 303.7), (326.1, 307.5), (342.9, 307.5), (361.6, 307.5), (372.8, 320.5), (372.8, 335.5), (372.8, 350.4), (372.8, 365.3), (372.8, 372.8), (372.8, 372.8), (372.8, 372.8), (372.8, 372.8), (372.8, 372.8), (372.8, 372.8), (372.8, 372.8), (372.8, 372.8), (372.8, 372.8), (372.8, 372.8), (372.8, 372.8), (372.8, 372.8), (372.8, 372.8), (372.8, 372.8), (372.8, 372.8), (372.8, 372.8), (372.8, 372.8), (372.8, 372.8), (372.8, 372.8), (372.8, 372.8), (372.8, 372.8), (372.8, 372.8), (372.8, 372.8), (372.8, 372.8), (372.8, 372.8), (372.8, 372.8), (372.8, 372.8), (372.8, 372.8), (372.8, 372.8), (372.8, 372.8), (372.8, 372.8), (372.8, 372.8), (372.8, 372.8), (372.8, 372.8), (372.8, 372.8), (372.8, 372.8), (372.8, 372.8), (372.8, 372.8), (372.8, 372.8), (372.8, 372.8), (372.8, 372.8), (372.8, 372.8), (372.8, 372.8), (372.8, 372.8), (372.8, 372.8), (372.8, 372.8), (372.8, 372.8), (372.8, 372.8), (372.8, 372.8), (372.8, 372.8), (372.8, 372.8), (372.8, 372.8), (372.8, 372.8), (372.8, 372.8), (372.8, 372.8), (372.8, 372.8)]",0,1,12.0
novice,bomberman,2,Bomb,6,0,24.42,0.926,"[(48.0, 48.0), (62.9, 51.7), (77.9, 51.7), (98.4, 51.7), (113.3, 57.3), (115.2, 72.3), (115.2, 89.1), (115.2, 107.7), (128.3, 115.2), (143.2, 115.2), (165.6, 115.2), (180.5, 124.5), (180.5, 139.5), (180.5, 160.0), (184.3, 176.8), (199.2, 180.5), (217.9, 180.5), (236.5, 182.4), (244.0, 197.3), (244.0, 212.3), (244.0, 234.7), (257.1, 244.0), (272.0, 244.0), (292.5, 244.0), (307.5, 253.3), (307.5, 268.3), (307.5, 288.8), (311.2, 303.7), (326.1, 307.5), (342.9, 307.5), (361.6, 307.5), (372.8, 320.5), (372.8, 335.5), (372.8, 350.4), (372.8, 365.3), (372.8, 372.8), (372.8, 372.8), (372.8, 372.8), (372.8, 372.8), (372.8, 372.8), (372.8, 372.8), (372.8, 372.8), (372.8, 372.8), (372.8, 372.8), (372.8, 372.8), (372.8, 372.8), (372.8, 372.8), (372.8, 372.8), (372.8, 372.8), (372.8, 372.8), (372.8, 372.8), (372.8, 372.8), (372.8, 372.8), (372.8, 372.8), (372.8, 372.8), (372.8, 372.8), (372.8, 372.8), (372.8, 372.8), (372.8, 372.8), (372.8, 372.8), (372.8, 372.8), (372.8, 372.8), (372.8, 372.8), (372.8, 372.8), (372.8, 372.8), (372.8, 372.8), (372.8, 372.8), (372.8, 372.8), (372.8, 372.8), (372.8, 372.8), (372.8, 372.8), (372.8, 372.8), (372.8, 372.8), (372.8, 372.8), (372.8, 372.8), (372.8, 372.8), (372.8, 372.8), (372.8, 372.8), (372.8, 372.8), (372.8, 372.8), (372.8, 372.8), (372.8, 372.8), (372.8, 372.8), (372.8, 372.8), (372.8, 372.8), (372.8, 372.8), (372.8, 372.8), (372.8, 372.8), (372.8, 372.8), (372.8, 372.8), (372.8, 372.8)]",0,1,12.0
novice,bomberman,2,Bomb,6,0,24.42,0.926,"[(48.0, 48.0), (62.9, 51.7), (77.9, 51.7), (98.4, 51.7), (113.3, 57.3), (115.2, 72.3), (115.2, 89.1), (115.2, 107.7), (128.3, 115.2), (143.2, 115.2), (165.6, 115.2), (180.5, 124.5), (180.5, 139.5), (180.5, 160.0), (184.3, 176.8), (199.2, 180.5), (217.9, 180.5), (236.5, 182.4), (244.0, 197.3), (244.0, 212.3), (244.0, 234.7), (257.1, 244.0), (272.0, 244.0), (292.5, 244.0), (307.5, 253.3), (307.5, 268.3), (307.5, 288.8), (311.2, 303.7), (326.1, 307.5), (342.9, 307.5), (361.6, 307.5), (372.8, 320.5), (372.8, 335.5), (372.8, 350.4), (372.8, 365.3), (372.8, 372.8), (372.8, 372.8), (372.8, 372.8), (372.8, 372.8), (372.8, 372.8), (372.8, 372.8), (372.8, 372.8), (372.8, 372.8), (372.8, 372.8), (372.8, 372.8), (372.8, 372.8), (372.8, 372.8), (372.8, 372.8), (372.8, 372.8), (372.8, 372.8), (372.8, 372.8), (372.8, 372.8), (372.8, 372.8), (372.8, 372.8), (372.8, 372.8), (372.8, 372.8), (372.8, 372.8), (372.8, 372.8), (372.8, 372.8), (372.8, 372.8), (372.8, 372.8), (372.8, 372.8), (372.8, 372.8), (372.8, 372.8), (372.8, 372.8), (372.8, 372.8), (372.8, 372.8), (372.8, 372.8), (372.8, 372.8), (372.8, 372.8), (372.8, 372.8), (372.8, 372.8), (372.8, 372.8), (372.8, 372.8), (372.8, 372.8), (372.8, 372.8), (372.8, 372.8), (372.8, 372.8), (372.8, 372.8), (372.8, 372.8), (372.8, 372.8), (372.8, 372.8), (372.8, 372.8), (372.8, 372.8), (372.8, 372.8), (372.8, 372.8), (372.8, 372.8), (372.8, 372.8), (372.8, 372.8), (372.8, 372.8), (372.8, 372.8)]",0,1,12.0
novice,bomberman,2,Bomb,4,0,24.42,0.926,"[(48.0, 48.0), (62.9, 51.7), (77.9, 51.7), (98.4, 51.7), (113.3, 57.3), (115.2, 72.3), (115.2, 89.1), (115.2, 107.7), (128.3, 115.2), (143.2, 115.2), (165.6, 115.2), (180.5, 124.5), (180.5, 139.5), (180.5, 160.0), (184.3, 176.8), (199.2, 180.5), (217.9, 180.5), (236.5, 182.4), (244.0, 197.3), (244.0, 212.3), (244.0, 234.7), (257.1, 244.0), (272.0, 244.0), (292.5, 244.0), (307.5, 253.3), (307.5, 268.3), (307.5, 288.8), (311.2, 303.7), (326.1, 307.5), (342.9, 307.5), (361.6, 307.5), (372.8, 320.5), (372.8, 335.5), (372.8, 350.4), (372.8, 365.3), (372.8, 372.8), (372.8, 372.8), (372.8, 372.8), (372.8, 372.8), (372.8, 372.8), (372.8, 372.8), (372.8, 372.8), (372.8, 372.8), (372.8, 372.8), (372.8, 372.8), (372.8, 372.8), (372.8, 372.8), (372.8, 372.8), (372.8, 372.8), (372.8, 372.8), (372.8, 372.8), (372.8, 372.8), (372.8, 372.8), (372.8, 372.8), (372.8, 372.8), (372.8, 372.8), (372.8, 372.8), (372.8, 372.8), (372.8, 372.8), (372.8, 372.8), (372.8, 372.8), (372.8, 372.8), (372.8, 372.8), (372.8, 372.8), (372.8, 372.8), (372.8, 372.8), (372.8, 372.8), (372.8, 372.8), (372.8, 372.8), (372.8, 372.8), (372.8, 372.8), (372.8, 372.8), (372.8, 372.8), (372.8, 372.8), (372.8, 372.8), (372.8, 372.8), (372.8, 372.8), (372.8, 372.8), (372.8, 372.8), (372.8, 372.8), (372.8, 372.8), (372.8, 372.8), (372.8, 372.8), (372.8, 372.8), (372.8, 372.8), (372.8, 372.8), (372.8, 372.8), (372.8, 372.8), (372.8, 372.8), (372.8, 372.8), (372.8, 372.8)]",0,1,12.0
novice,bomberman,2,Bomb,9,0,24.42,0.926,"[(48.0, 48.0), (62.9, 51.7), (77.9, 51.7), (98.4, 51.7), (113.3, 57.3), (115.2, 72.3), (115.2, 89.1), (115.2, 107.7), (128.3, 115.2), (143.2, 115.2), (165.6, 115.2), (180.5, 124.5), (180.5, 139.5), (180.5, 160.0), (184.3, 176.8), (199.2, 180.5), (217.9, 180.5), (236.5, 182.4), (244.0, 197.3), (244.0, 212.3), (244.0, 234.7), (257.1, 244.0), (272.0, 244.0), (292.5, 244.0), (307.5, 253.3), (307.5, 268.3), (307.5, 288.8), (311.2, 303.7), (326.1, 307.5), (342.9, 307.5), (361.6, 307.5), (372.8, 320.5), (372.8, 335.5), (372.8, 350.4), (372.8, 365.3), (372.8, 372.8), (372.8, 372.8), (372.8, 372.8), (372.8, 372.8), (372.8, 372.8), (372.8, 372.8), (372.8, 372.8), (372.8, 372.8), (372.8, 372.8), (372.8, 372.8), (372.8, 372.8), (372.8, 372.8), (372.8, 372.8), (372.8, 372.8), (372.8, 372.8), (372.8, 372.8), (372.8, 372.8), (372.8, 372.8), (372.8, 372.8), (372.8, 372.8), (372.8, 372.8), (372.8, 372.8), (372.8, 372.8), (372.8, 372.8), (372.8, 372.8), (372.8, 372.8), (372.8, 372.8), (372.8, 372.8), (372.8, 372.8), (372.8, 372.8), (372.8, 372.8), (372.8, 372.8), (372.8, 372.8), (372.8, 372.8), (372.8, 372.8), (372.8, 372.8), (372.8, 372.8), (372.8, 372.8), (372.8, 372.8), (372.8, 372.8), (372.8, 372.8), (372.8, 372.8), (372.8, 372.8), (372.8, 372.8), (372.8, 372.8), (372.8, 372.8), (372.8, 372.8), (372.8, 372.8), (372.8, 372.8), (372.8, 372.8), (372.8, 372.8), (372.8, 372.8), (372.8, 372.8), (372.8, 372.8), (372.8, 372.8), (372.8, 372.8)]",0,1,12.0
novice,bomberman,2,Bomb,7,0,24.42,0.926,"[(48.0, 48.0), (62.9, 51.7), (77.9, 51.7), (98.4, 51.7), (113.3, 57.3), (115.2, 72.3), (115.2, 89.1), (115.2, 107.7), (128.3, 115.2), (143.2, 115.2), (165.6, 115.2), (180.5, 124.5), (180.5, 139.5), (180.5, 160.0), (184.3, 176.8), (199.2, 180.5), (217.9, 180.5), (236.5, 182.4), (244.0, 197.3), (244.0, 212.3), (244.0, 234.7), (257.1, 244.0), (272.0, 244.0), (292.5, 244.0), (307.5, 253.3), (307.5, 268.3), (307.5, 288.8), (311.2, 303.7), (326.1, 307.5), (342.9, 307.5), (361.6, 307.5), (372.8, 320.5), (372.8, 335.5), (372.8, 350.4), (372.8, 365.3), (372.8, 372.8), (372.8, 372.8), (372.8, 372.8), (372.8, 372.8), (372.8, 372.8), (372.8, 372.8), (372.8, 372.8), (372.8, 372.8), (372.8, 372.8), (372.8, 372.8), (372.8, 372.8), (372.8, 372.8), (372.8, 372.8), (372.8, 372.8), (372.8, 372.8), (372.8, 372.8), (372.8, 372.8), (372.8, 372.8), (372.8, 372.8), (372.8, 372.8), (372.8, 372.8), (372.8, 372.8), (372.8, 372.8), (372.8, 372.8), (372.8, 372.8), (372.8, 372.8), (372.8, 372.8), (372.8, 372.8), (372.8, 372.8), (372.8, 372.8), (372.8, 372.8), (372.8, 372.8), (372.8, 372.8), (372.8, 372.8), (372.8, 372.8), (372.8, 372.8), (372.8, 372.8), (372.8, 372.8), (372.8, 372.8), (372.8, 372.8), (372.8, 372.8), (372.8, 372.8), (372.8, 372.8), (372.8, 372.8), (372.8, 372.8), (372.8, 372.8), (372.8, 372.8), (372.8, 372.8), (372.8, 372.8), (372.8, 372.8), (372.8, 372.8), (372.8, 372.8), (372.8, 372.8), (372.8, 372.8), (372.8, 372.8), (372.8, 372.8)]",0,1,12.0
novice,bomberman,2,Bomb,7,0,24.42,0.926,"[(48.0, 48.0), (62.9, 51.7), (77.9, 51.7), (98.4, 51.7), (113.3, 57.3), (115.2, 72.3), (115.2, 89.1), (115.2, 107.7), (128.3, 115.2), (143.2, 115.2), (165.6, 115.2), (180.5, 124.5), (180.5, 139.5), (180.5, 160.0), (184.3, 176.8), (199.2, 180.5), (217.9, 180.5), (236.5, 182.4), (244.0, 197.3), (244.0, 212.3), (244.0, 234.7), (257.1, 244.0), (272.0, 244.0), (292.5, 244.0), (307.5, 253.3), (307.5, 268.3), (307.5, 288.8), (311.2, 303.7), (326.1, 307.5), (342.9, 307.5), (361.6, 307.5), (372.8, 320.5), (372.8, 335.5), (372.8, 350.4), (372.8, 365.3), (372.8, 372.8), (372.8, 372.8), (372.8, 372.8), (372.8, 372.8), (372.8, 372.8), (372.8, 372.8), (372.8, 372.8), (372.8, 372.8), (372.8, 372.8), (372.8, 372.8), (372.8, 372.8), (372.8, 372.8), (372.8, 372.8), (372.8, 372.8), (372.8, 372.8), (372.8, 372.8), (372.8, 372.8), (372.8, 372.8), (372.8, 372.8), (372.8, 372.8), (372.8, 372.8), (372.8, 372.8), (372.8, 372.8), (372.8, 372.8), (372.8, 372.8), (372.8, 372.8), (372.8, 372.8), (372.8, 372.8), (372.8, 372.8), (372.8, 372.8), (372.8, 372.8), (372.8, 372.8), (372.8, 372.8), (372.8, 372.8), (372.8, 372.8), (372.8, 372.8), (372.8, 372.8), (372.8, 372.8), (372.8, 372.8), (372.8, 372.8), (372.8, 372.8), (372.8, 372.8), (372.8, 372.8), (372.8, 372.8), (372.8, 372.8), (372.8, 372.8), (372.8, 372.8), (372.8, 372.8), (372.8, 372.8), (372.8, 372.8), (372.8, 372.8), (372.8, 372.8), (372.8, 372.8), (372.8, 372.8), (372.8, 372.8), (372.8, 372.8)]",0,1,12.0
novice,bomberman,2,Bomb,8,0,24.42,0.926,"[(48.0, 48.0), (62.9, 51.7), (77.9, 51.7), (98.4, 51.7), (113.3, 57.3), (115.2, 72.3), (115.2, 89.1), (115.2, 107.7), (128.3, 115.2), (143.2, 115.2), (165.6, 115.2), (180.5, 124.5), (180.5, 139.5), (180.5, 160.0), (184.3, 176.8), (199.2, 180.5), (217.9, 180.5), (236.5, 182.4), (244.0, 197.3), (244.0, 212.3), (244.0, 234.7), (257.1, 244.0), (272.0, 244.0), (292.5, 244.0), (307.5, 253.3), (307.5, 268.3), (307.5, 288.8), (311.2, 303.7), (326.1, 307.5), (342.9, 307.5), (361.6, 307.5), (372.8, 320.5), (372.8, 335.5), (372.8, 350.4), (372.8, 365.3), (372.8, 372.8), (372.8, 372.8), (372.8, 372.8), (372.8, 372.8), (372.8, 372.8), (372.8, 372.8), (372.8, 372.8), (372.8, 372.8), (372.8, 372.8), (372.8, 372.8), (372.8, 372.8), (372.8, 372.8), (372.8, 372.8), (372.8, 372.8), (372.8, 372.8), (372.8, 372.8), (372.8, 372.8), (372.8, 372.8), (372.8, 372.8), (372.8, 372.8), (372.8, 372.8), (372.8, 372.8), (372.8, 372.8), (372.8, 372.8), (372.8, 372.8), (372.8, 372.8), (372.8, 372.8), (372.8, 372.8), (372.8, 372.8), (372.8, 372.8), (372.8, 372.8), (372.8, 372.8), (372.8, 372.8), (372.8, 372.8), (372.8, 372.8), (372.8, 372.8), (372.8, 372.8), (372.8, 372.8), (372.8, 372.8), (372.8, 372.8), (372.8, 372.8), (372.8, 372.8), (372.8, 372.8), (372.8, 372.8), (372.8, 372.8), (372.8, 372.8), (372.8, 372.8), (372.8, 372.8), (372.8, 372.8), (372.8, 372.8), (372.8, 372.8), (372.8, 372.8), (372.8, 372.8), (372.8, 372.8), (372.8, 372.8), (372.8, 372.8)]",0,1,12.0
novice,bomberman,2,Bomb,7,0,23.02,0.926,"[(48.0, 48.0), (62.9, 51.7), (77.9, 51.7), (98.4, 51.7), (113.3, 57.3), (115.2, 72.3), (115.2, 89.1), (115.2, 107.7), (128.3, 115.2), (143.2, 115.2), (165.6, 115.2), (180.5, 124.5), (180.5, 139.5), (180.5, 160.0), (184.3, 176.8), (199.2, 180.5), (217.9, 180.5), (236.5, 182.4), (244.0, 197.3), (244.0, 212.3), (244.0, 234.7), (257.1, 244.0), (272.0, 244.0), (292.5, 244.0), (307.5, 253.3), (307.5, 268.3), (307.5, 288.8), (311.2, 303.7), (326.1, 307.5), (342.9, 307.5), (361.6, 307.5), (372.8, 320.5), (372.8, 335.5), (372.8, 350.4), (372.8, 365.3), (372.8, 372.8), (372.8, 372.8), (372.8, 372.8), (372.8, 372.8), (372.8, 372.8), (372.8, 372.8), (372.8, 372.8), (372.8, 372.8), (372.8, 372.8), (372.8, 372.8), (372.8, 372.8), (372.8, 372.8), (372.8, 372.8), (372.8, 372.8), (372.8, 372.8), (372.8, 372.8), (372.8, 372.8), (372.8, 372.8), (372.8, 372.8), (372.8, 372.8), (372.8, 372.8), (372.8, 372.8), (372.8, 372.8), (372.8, 372.8), (372.8, 372.8), (372.8, 372.8), (372.8, 372.8), (372.8, 372.8), (372.8, 372.8), (372.8, 372.8), (372.8, 372.8), (372.8, 372.8), (372.8, 372.8), (372.8, 372.8), (372.8, 372.8), (372.8, 372.8), (372.8, 372.8), (372.8, 372.8), (372.8, 372.8), (372.8, 372.8), (372.8, 372.8), (372.8, 372.8), (372.8, 372.8), (372.8, 372.8), (372.8, 372.8), (372.8, 372.8), (372.8, 372.8), (372.8, 372.8), (372.8, 372.8), (367.2, 372.8), (352.3, 372.8), (352.3, 372.8), (356.0, 372.8), (352.3, 372.8), (352.3, 372.8), (356.0, 372.8)]",0,1,12.0
novice,bomberman,2,Bomb,5,0,24.42,0.926,"[(48.0, 48.0), (62.9, 51.7), (77.9, 51.7), (98.4, 51.7), (113.3, 57.3), (115.2, 72.3), (115.2, 89.1), (115.2, 107.7), (128.3, 115.2), (143.2, 115.2), (165.6, 115.2), (180.5, 124.5), (180.5, 139.5), (180.5, 160.0), (184.3, 176.8), (199.2, 180.5), (217.9, 180.5), (236.5, 182.4), (244.0, 197.3), (244.0, 212.3), (244.0, 234.7), (257.1, 244.0), (272.0, 244.0), (292.5, 244.0), (307.5, 253.3), (307.5, 268.3), (307.5, 288.8), (311.2, 303.7), (326.1, 307.5), (342.9, 307.5), (361.6, 307.5), (372.8, 320.5), (372.8, 335.5), (372.8, 350.4), (372.8, 365.3), (372.8, 372.8), (372.8, 372.8), (372.8, 372.8), (372.8, 372.8), (372.8, 372.8), (372.8, 372.8), (372.8, 372.8), (372.8, 372.8), (372.8, 372.8), (372.8, 372.8), (372.8, 372.8), (372.8, 372.8), (372.8, 372.8), (372.8, 372.8), (372.8, 372.8), (372.8, 372.8), (372.8, 372.8), (372.8, 372.8), (372.8, 372.8), (372.8, 372.8), (372.8, 372.8), (372.8, 372.8), (372.8, 372.8), (372.8, 372.8), (372.8, 372.8), (372.8, 372.8), (372.8, 372.8), (372.8, 372.8), (372.8, 372.8), (372.8, 372.8), (372.8, 372.8), (372.8, 372.8), (372.8, 372.8), (372.8, 372.8), (372.8, 372.8), (372.8, 372.8), (372.8, 372.8), (372.8, 372.8), (372.8, 372.8), (372.8, 372.8), (372.8, 372.8), (372.8, 372.8), (372.8, 372.8), (372.8, 372.8), (372.8, 372.8), (372.8, 372.8), (372.8, 372.8), (372.8, 372.8), (372.8, 372.8), (372.8, 372.8), (372.8, 372.8), (372.8, 372.8), (372.8, 372.8), (372.8, 372.8), (372.8, 372.8), (372.8, 372.8)]",0,1,12.0
novice,bomberman,2,Bomb,5,0,24.42,0.926,"[(48.0, 48.0), (62.9, 51.7), (77.9, 51.7), (98.4, 51.7), (113.3, 57.3), (115.2, 72.3), (115.2, 89.1), (115.2, 107.7), (128.3, 115.2), (143.2, 115.2), (165.6, 115.2), (180.5, 124.5), (180.5, 139.5), (180.5, 160.0), (184.3, 176.8), (199.2, 180.5), (217.9, 180.5), (236.5, 182.4), (244.0, 197.3), (244.0, 212.3), (244.0, 234.7), (257.1, 244.0), (272.0, 244.0), (292.5, 244.0), (307.5, 253.3), (307.5, 268.3), (307.5, 288.8), (311.2, 303.7), (326.1, 307.5), (342.9, 307.5), (361.6, 307.5), (372.8, 320.5), (372.8, 335.5), (372.8, 350.4), (372.8, 365.3), (372.8, 372.8), (372.8, 372.8), (372.8, 372.8), (372.8, 372.8), (372.8, 372.8), (372.8, 372.8), (372.8, 372.8), (372.8, 372.8), (372.8, 372.8), (372.8, 372.8), (372.8, 372.8), (372.8, 372.8), (372.8, 372.8), (372.8, 372.8), (372.8, 372.8), (372.8, 372.8), (372.8, 372.8), (372.8, 372.8), (372.8, 372.8), (372.8, 372.8), (372.8, 372.8), (372.8, 372.8), (372.8, 372.8), (372.8, 372.8), (372.8, 372.8), (372.8, 372.8), (372.8, 372.8), (372.8, 372.8), (372.8, 372.8), (372.8, 372.8), (372.8, 372.8), (372.8, 372.8), (372.8, 372.8), (372.8, 372.8), (372.8, 372.8), (372.8, 372.8), (372.8, 372.8), (372.8, 372.8), (372.8, 372.8), (372.8, 372.8), (372.8, 372.8), (372.8, 372.8), (372.8, 372.8), (372.8, 372.8), (372.8, 372.8), (372.8, 372.8), (372.8, 372.8), (372.8, 372.8), (372.8, 372.8), (372.8, 372.8), (372.8, 372.8), (372.8, 372.8), (372.8, 372.8), (372.8, 372.8), (372.8, 372.8), (372.8, 372.8)]",0,1,12.0
novice,bomberman,2,Bomb,7,0,23.02,0.926,"[(48.0, 48.0), (62.9, 51.7), (77.9, 51.7), (98.4, 51.7), (113.3, 57.3), (115.2, 72.3), (115.2, 89.1), (115.2, 107.7), (128.3, 115.2), (143.2, 115.2), (165.6, 115.2), (180.5, 124.5), (180.5, 139.5), (180.5, 160.0), (184.3, 176.8), (199.2, 180.5), (217.9, 180.5), (236.5, 182.4), (244.0, 197.3), (244.0, 212.3), (244.0, 234.7), (257.1, 244.0), (272.0, 244.0), (292.5, 244.0), (307.5, 253.3), (307.5, 268.3), (307.5, 288.8), (311.2, 303.7), (326.1, 307.5), (342.9, 307.5), (361.6, 307.5), (372.8, 320.5), (372.8, 335.5), (372.8, 350.4), (372.8, 365.3), (372.8, 372.8), (372.8, 372.8), (372.8, 372.8), (372.8, 372.8), (372.8, 372.8), (372.8, 372.8), (372.8, 372.8), (372.8, 372.8), (372.8, 372.8), (372.8, 372.8), (372.8, 372.8), (372.8, 372.8), (372.8, 372.8), (372.8, 372.8), (372.8, 372.8), (372.8, 372.8), (372.8, 372.8), (372.8, 372.8), (372.8, 372.8), (372.8, 372.8), (372.8, 372.8), (372.8, 372.8), (372.8, 372.8), (372.8, 372.8), (372.8, 372.8), (372.8, 372.8), (372.8, 372.8), (372.8, 372.8), (372.8, 372.8), (372.8, 372.8), (372.8, 372.8), (372.8, 372.8), (372.8, 372.8), (372.8, 372.8), (372.8, 372.8), (372.8, 372.8), (372.8, 372.8), (372.8, 372.8), (372.8, 372.8), (372.8, 372.8), (372.8, 372.8), (372.8, 372.8), (372.8, 372.8), (372.8, 372.8), (372.8, 372.8), (372.8, 372.8), (372.8, 372.8), (372.8, 372.8), (372.8, 372.8), (367.2, 372.8), (352.3, 372.8), (352.3, 372.8), (356.0, 372.8), (352.3, 372.8), (352.3, 372.8), (356.0, 372.8)]",0,1,12.0
novice,bomberman,2,Bomb,8,0,24.42,0.926,"[(48.0, 48.0), (62.9, 51.7), (77.9, 51.7), (98.4, 51.7), (113.3, 57.3), (115.2, 72.3), (115.2, 89.1), (115.2, 107.7), (128.3, 115.2), (143.2, 115.2), (165.6, 115.2), (180.5, 124.5), (180.5, 139.5), (180.5, 160.0), (184.3, 176.8), (199.2, 180.5), (217.9, 180.5), (236.5, 182.4), (244.0, 197.3), (244.0, 212.3), (244.0, 234.7), (257.1, 244.0), (272.0, 244.0), (292.5, 244.0), (307.5, 253.3), (307.5, 268.3), (307.5, 288.8), (311.2, 303.7), (326.1, 307.5), (342.9, 307.5), (361.6, 307.5), (372.8, 320.5), (372.8, 335.5), (372.8, 350.4), (372.8, 365.3), (372.8, 372.8), (372.8, 372.8), (372.8, 372.8), (372.8, 372.8), (372.8, 372.8), (372.8, 372.8), (372.8, 372.8), (372.8, 372.8), (372.8, 372.8), (372.8, 372.8), (372.8, 372.8), (372.8, 372.8), (372.8, 372.8), (372.8, 372.8), (372.8, 372.8), (372.8, 372.8), (372.8, 372.8), (372.8, 372.8), (372.8, 372.8), (372.8, 372.8), (372.8, 372.8), (372.8, 372.8), (372.8, 372.8), (372.8, 372.8), (372.8, 372.8), (372.8, 372.8), (372.8, 372.8), (372.8, 372.8), (372.8, 372.8), (372.8, 372.8), (372.8, 372.8), (372.8, 372.8), (372.8, 372.8), (372.8, 372.8), (372.8, 372.8), (372.8, 372.8), (372.8, 372.8), (372.8, 372.8), (372.8, 372.8), (372.8, 372.8), (372.8, 372.8), (372.8, 372.8), (372.8, 372.8), (372.8, 372.8), (372.8, 372.8), (372.8, 372.8), (372.8, 372.8), (372.8, 372.8), (372.8, 372.8), (372.8, 372.8), (372.8, 372.8), (372.8, 372.8), (372.8, 372.8), (372.8, 372.8), (372.8, 372.8), (372.8, 372.8)]",0,1,12.0
novice,bomberman,2,Bomb,7,0,24.42,0.926,"[(48.0, 48.0), (62.9, 51.7), (77.9, 51.7), (98.4, 51.7), (113.3, 57.3), (115.2, 72.3), (115.2, 89.1), (115.2, 107.7), (128.3, 115.2), (143.2, 115.2), (165.6, 115.2), (180.5, 124.5), (180.5, 139.5), (180.5, 160.0), (184.3, 176.8), (199.2, 180.5), (217.9, 180.5), (236.5, 182.4), (244.0, 197.3), (244.0, 212.3), (244.0, 234.7), (257.1, 244.0), (272.0, 244.0), (292.5, 244.0), (307.5, 253.3), (307.5, 268.3), (307.5, 288.8), (311.2, 303.7), (326.1, 307.5), (342.9, 307.5), (361.6, 307.5), (372.8, 320.5), (372.8, 335.5), (372.8, 350.4), (372.8, 365.3), (372.8, 372.8), (372.8, 372.8), (372.8, 372.8), (372.8, 372.8), (372.8, 372.8), (372.8, 372.8), (372.8, 372.8), (372.8, 372.8), (372.8, 372.8), (372.8, 372.8), (372.8, 372.8), (372.8, 372.8), (372.8, 372.8), (372.8, 372.8), (372.8, 372.8), (372.8, 372.8), (372.8, 372.8), (372.8, 372.8), (372.8, 372.8), (372.8, 372.8), (372.8, 372.8), (372.8, 372.8), (372.8, 372.8), (372.8, 372.8), (372.8, 372.8), (372.8, 372.8), (372.8, 372.8), (372.8, 372.8), (372.8, 372.8), (372.8, 372.8), (372.8, 372.8), (372.8, 372.8), (372.8, 372.8), (372.8, 372.8), (372.8, 372.8), (372.8, 372.8), (372.8, 372.8), (372.8, 372.8), (372.8, 372.8), (372.8, 372.8), (372.8, 372.8), (372.8, 372.8), (372.8, 372.8), (372.8, 372.8), (372.8, 372.8), (372.8, 372.8), (372.8, 372.8), (372.8, 372.8), (372.8, 372.8), (372.8, 372.8), (372.8, 372.8), (372.8, 372.8), (372.8, 372.8), (372.8, 372.8), (372.8, 372.8), (372.8, 372.8)]",0,1,12.0
novice,bomberman,2,Bomb,6,0,24.42,0.926,"[(48.0, 48.0), (62.9, 51.7), (77.9, 51.7), (98.4, 51.7), (113.3, 57.3), (115.2, 72.3), (115.2, 89.1), (115.2, 107.7), (128.3, 115.2), (143.2, 115.2), (165.6, 115.2), (180.5, 124.5), (180.5, 139.5), (180.5, 160.0), (184.3, 176.8), (199.2, 180.5), (217.9, 180.5), (236.5, 182.4), (244.0, 197.3), (244.0, 212.3), (244.0, 234.7), (257.1, 244.0), (272.0, 244.0), (292.5, 244.0), (307.5, 253.3), (307.5, 268.3), (307.5, 288.8), (311.2, 303.7), (326.1, 307.5), (342.9, 307.5), (361.6, 307.5), (372.8, 320.5), (372.8, 335.5), (372.8, 350.4), (372.8, 365.3), (372.8, 372.8), (372.8, 372.8), (372.8, 372.8), (372.8, 372.8), (372.8, 372.8), (372.8, 372.8), (372.8, 372.8), (372.8, 372.8), (372.8, 372.8), (372.8, 372.8), (372.8, 372.8), (372.8, 372.8), (372.8, 372.8), (372.8, 372.8), (372.8, 372.8), (372.8, 372.8), (372.8, 372.8), (372.8, 372.8), (372.8, 372.8), (372.8, 372.8), (372.8, 372.8), (372.8, 372.8), (372.8, 372.8), (372.8, 372.8), (372.8, 372.8), (372.8, 372.8), (372.8, 372.8), (372.8, 372.8), (372.8, 372.8), (372.8, 372.8), (372.8, 372.8), (372.8, 372.8), (372.8, 372.8), (372.8, 372.8), (372.8, 372.8), (372.8, 372.8), (372.8, 372.8), (372.8, 372.8), (372.8, 372.8), (372.8, 372.8), (372.8, 372.8), (372.8, 372.8), (372.8, 372.8), (372.8, 372.8), (372.8, 372.8), (372.8, 372.8), (372.8, 372.8), (372.8, 372.8), (372.8, 372.8), (372.8, 372.8), (372.8, 372.8), (372.8, 372.8), (372.8, 372.8), (372.8, 372.8), (372.8, 372.8), (372.8, 372.8)]",0,1,12.0
novice,bomberman,2,Bomb,8,0,24.42,0.926,"[(48.0, 48.0), (62.9, 51.7), (77.9, 51.7), (98.4, 51.7), (113.3, 57.3), (115.2, 72.3), (115.2, 89.1), (115.2, 107.7), (128.3, 115.2), (143.2, 115.2), (165.6, 115.2), (180.5, 124.5), (180.5, 139.5), (180.5, 160.0), (184.3, 176.8), (199.2, 180.5), (217.9, 180.5), (236.5, 182.4), (244.0, 197.3), (244.0, 212.3), (244.0, 234.7), (257.1, 244.0), (272.0, 244.0), (292.5, 244.0), (307.5, 253.3), (307.5, 268.3), (307.5, 288.8), (311.2, 303.7), (326.1, 307.5), (342.9, 307.5), (361.6, 307.5), (372.8, 320.5), (372.8, 335.5), (372.8, 350.4), (372.8, 365.3), (372.8, 372.8), (372.8, 372.8), (372.8, 372.8), (372.8, 372.8), (372.8, 372.8), (372.8, 372.8), (372.8, 372.8), (372.8, 372.8), (372.8, 372.8), (372.8, 372.8), (372.8, 372.8), (372.8, 372.8), (372.8, 372.8), (372.8, 372.8), (372.8, 372.8), (372.8, 372.8), (372.8, 372.8), (372.8, 372.8), (372.8, 372.8), (372.8, 372.8), (372.8, 372.8), (372.8, 372.8), (372.8, 372.8), (372.8, 372.8), (372.8, 372.8), (372.8, 372.8), (372.8, 372.8), (372.8, 372.8), (372.8, 372.8), (372.8, 372.8), (372.8, 372.8), (372.8, 372.8), (372.8, 372.8), (372.8, 372.8), (372.8, 372.8), (372.8, 372.8), (372.8, 372.8), (372.8, 372.8), (372.8, 372.8), (372.8, 372.8), (372.8, 372.8), (372.8, 372.8), (372.8, 372.8), (372.8, 372.8), (372.8, 372.8), (372.8, 372.8), (372.8, 372.8), (372.8, 372.8), (372.8, 372.8), (372.8, 372.8), (372.8, 372.8), (372.8, 372.8), (372.8, 372.8), (372.8, 372.8), (372.8, 372.8), (372.8, 372.8)]",0,1,12.0
novice,bomberman,2,Bomb,6,0,35.96,0.741,"[(48.0, 48.0), (62.9, 51.7), (77.9, 51.7), (98.4, 51.7), (113.3, 57.3), (115.2, 72.3), (115.2, 89.1), (115.2, 107.7), (128.3, 115.2), (143.2, 115.2), (165.6, 115.2), (180.5, 124.5), (180.5, 139.5), (180.5, 160.0), (184.3, 176.8), (199.2, 180.5), (217.9, 180.5), (236.5, 182.4), (244.0, 197.3), (244.0, 212.3), (244.0, 234.7), (257.1, 244.0), (272.0, 244.0), (292.5, 244.0), (307.5, 253.3), (307.5, 268.3), (307.5, 288.8), (311.2, 303.7), (326.1, 307.5), (342.9, 307.5), (361.6, 307.5), (372.8, 320.5), (372.8, 335.5), (372.8, 350.4), (372.8, 365.3), (372.8, 372.8), (372.8, 372.8), (372.8, 372.8), (372.8, 372.8), (372.8, 372.8), (372.8, 372.8), (372.8, 372.8), (372.8, 372.8), (372.8, 372.8), (372.8, 372.8), (372.8, 372.8), (372.8, 372.8), (372.8, 372.8), (372.8, 372.8), (372.8, 372.8), (372.8, 372.8), (372.8, 372.8), (372.8, 372.8), (372.8, 372.8), (372.8, 372.8), (372.8, 372.8), (372.8, 372.8), (372.8, 372.8), (372.8, 372.8), (372.8, 372.8), (372.8, 372.8), (372.8, 372.8)]",0,0,8.15
novice,bomberman,2,Bomb,9,0,24.42,0.926,"[(48.0, 48.0), (62.9, 51.7), (77.9, 51.7), (98.4, 51.7), (113.3, 57.3), (115.2, 72.3), (115.2, 89.1), (115.2, 107.7), (128.3, 115.2), (143.2, 115.2), (165.6, 115.2), (180.5, 124.5), (180.5, 139.5), (180.5, 160.0), (184.3, 176.8), (199.2, 180.5), (217.9, 180.5), (236.5, 182.4), (244.0, 197.3), (244.0, 212.3), (244.0, 234.7), (257.1, 244.0), (272.0, 244.0), (292.5, 244.0), (307.5, 253.3), (307.5, 268.3), (307.5, 288.8), (311.2, 303.7), (326.1, 307.5), (342.9, 307.5), (361.6, 307.5), (372.8, 320.5), (372.8, 335.5), (372.8, 350.4), (372.8, 365.3), (372.8, 372.8), (372.8, 372.8), (372.8, 372.8), (372.8, 372.8), (372.8, 372.8), (372.8, 372.8), (372.8, 372.8), (372.8, 372.8), (372.8, 372.8), (372.8, 372.8), (372.8, 372.8), (372.8, 372.8), (372.8, 372.8), (372.8, 372.8), (372.8, 372.8), (372.8, 372.8), (372.8, 372.8), (372.8, 372.8), (372.8, 372.8), (372.8, 372.8), (372.8, 372.8), (372.8, 372.8), (372.8, 372.8), (372.8, 372.8), (372.8, 372.8), (372.8, 372.8), (372.8, 372.8), (372.8, 372.8), (372.8, 372.8), (372.8, 372.8), (372.8, 372.8), (372.8, 372.8), (372.8, 372.8), (372.8, 372.8), (372.8, 372.8), (372.8, 372.8), (372.8, 372.8), (372.8, 372.8), (372.8, 372.8), (372.8, 372.8), (372.8, 372.8), (372.8, 372.8), (372.8, 372.8), (372.8, 372.8), (372.8, 372.8), (372.8, 372.8), (372.8, 372.8), (372.8, 372.8), (372.8, 372.8), (372.8, 372.8), (372.8, 372.8), (372.8, 372.8), (372.8, 372.8), (372.8, 372.8), (372.8, 372.8), (372.8, 372.8)]",0,1,12.0
novice,bomberman,2,Bomb,5,0,24.42,0.926,"[(48.0, 48.0), (62.9, 51.7), (77.9, 51.7), (98.4, 51.7), (113.3, 57.3), (115.2, 72.3), (115.2, 89.1), (115.2, 107.7), (128.3, 115.2), (143.2, 115.2), (165.6, 115.2), (180.5, 124.5), (180.5, 139.5), (180.5, 160.0), (184.3, 176.8), (199.2, 180.5), (217.9, 180.5), (236.5, 182.4), (244.0, 197.3), (244.0, 212.3), (244.0, 234.7), (257.1, 244.0), (272.0, 244.0), (292.5, 244.0), (307.5, 253.3), (307.5, 268.3), (307.5, 288.8), (311.2, 303.7), (326.1, 307.5), (342.9, 307.5), (361.6, 307.5), (372.8, 320.5), (372.8, 335.5), (372.8, 350.4), (372.8, 365.3), (372.8, 372.8), (372.8, 372.8), (372.8, 372.8), (372.8, 372.8), (372.8, 372.8), (372.8, 372.8), (372.8, 372.8), (372.8, 372.8), (372.8, 372.8), (372.8, 372.8), (372.8, 372.8), (372.8, 372.8), (372.8, 372.8), (372.8, 372.8), (372.8, 372.8), (372.8, 372.8), (372.8, 372.8), (372.8, 372.8), (372.8, 372.8), (372.8, 372.8), (372.8, 372.8), (372.8, 372.8), (372.8, 372.8), (372.8, 372.8), (372.8, 372.8), (372.8, 372.8), (372.8, 372.8), (372.8, 372.8), (372.8, 372.8), (372.8, 372.8), (372.8, 372.8), (372.8, 372.8), (372.8, 372.8), (372.8, 372.8), (372.8, 372.8), (372.8, 372.8), (372.8, 372.8), (372.8, 372.8), (372.8, 372.8), (372.8, 372.8), (372.8, 372.8), (372.8, 372.8), (372.8, 372.8), (372.8, 372.8), (372.8, 372.8), (372.8, 372.8), (372.8, 372.8), (372.8, 372.8), (372.8, 372.8), (372.8, 372.8), (372.8, 372.8), (372.8, 372.8), (372.8, 372.8), (372.8, 372.8), (372.8, 372.8), (372.8, 372.8)]",0,1,12.0
novice,bomberman,2,Bomb,10,0,24.42,0.926,"[(48.0, 48.0), (62.9, 51.7), (77.9, 51.7), (98.4, 51.7), (113.3, 57.3), (115.2, 72.3), (115.2, 89.1), (115.2, 107.7), (128.3, 115.2), (143.2, 115.2), (165.6, 115.2), (180.5, 124.5), (180.5, 139.5), (180.5, 160.0), (184.3, 176.8), (199.2, 180.5), (217.9, 180.5), (236.5, 182.4), (244.0, 197.3), (244.0, 212.3), (244.0, 234.7), (257.1, 244.0), (272.0, 244.0), (292.5, 244.0), (307.5, 253.3), (307.5, 268.3), (307.5, 288.8), (311.2, 303.7), (326.1, 307.5), (342.9, 307.5), (361.6, 307.5), (372.8, 320.5), (372.8, 335.5), (372.8, 350.4), (372.8, 365.3), (372.8, 372.8), (372.8, 372.8), (372.8, 372.8), (372.8, 372.8), (372.8, 372.8), (372.8, 372.8), (372.8, 372.8), (372.8, 372.8), (372.8, 372.8), (372.8, 372.8), (372.8, 372.8), (372.8, 372.8), (372.8, 372.8), (372.8, 372.8), (372.8, 372.8), (372.8, 372.8), (372.8, 372.8), (372.8, 372.8), (372.8, 372.8), (372.8, 372.8), (372.8, 372.8), (372.8, 372.8), (372.8, 372.8), (372.8, 372.8), (372.8, 372.8), (372.8, 372.8), (372.8, 372.8), (372.8, 372.8), (372.8, 372.8), (372.8, 372.8), (372.8, 372.8), (372.8, 372.8), (372.8, 372.8), (372.8, 372.8), (372.8, 372.8), (372.8, 372.8), (372.8, 372.8), (372.8, 372.8), (372.8, 372.8), (372.8, 372.8), (372.8, 372.8), (372.8, 372.8), (372.8, 372.8), (372.8, 372.8), (372.8, 372.8), (372.8, 372.8), (372.8, 372.8), (372.8, 372.8), (372.8, 372.8), (372.8, 372.8), (372.8, 372.8), (372.8, 372.8), (372.8, 372.8), (372.8, 372.8), (372.8, 372.8), (372.8, 372.8)]",0,1,12.0
novice,bomberman,2,Bomb,10,0,24.42,0.926,"[(48.0, 48.0), (62.9, 51.7), (77.9, 51.7), (98.4, 51.7), (113.3, 57.3), (115.2, 72.3), (115.2, 89.1), (115.2, 107.7), (128.3, 115.2), (143.2, 115.2), (165.6, 115.2), (180.5, 124.5), (180.5, 139.5), (180.5, 160.0), (184.3, 176.8), (199.2, 180.5), (217.9, 180.5), (236.5, 182.4), (244.0, 197.3), (244.0, 212.3), (244.0, 234.7), (257.1, 244.0), (272.0, 244.0), (292.5, 244.0), (307.5, 253.3), (307.5, 268.3), (307.5, 288.8), (311.2, 303.7), (326.1, 307.5), (342.9, 307.5), (361.6, 307.5), (372.8, 320.5), (372.8, 335.5), (372.8, 350.4), (372.8, 365.3), (372.8, 372.8), (372.8, 372.8), (372.8, 372.8), (372.8, 372.8), (372.8, 372.8), (372.8, 372.8), (372.8, 372.8), (372.8, 372.8), (372.8, 372.8), (372.8, 372.8), (372.8, 372.8), (372.8, 372.8), (372.8, 372.8), (372.8, 372.8), (372.8, 372.8), (372.8, 372.8), (372.8, 372.8), (372.8, 372.8), (372.8, 372.8), (372.8, 372.8), (372.8, 372.8), (372.8, 372.8), (372.8, 372.8), (372.8, 372.8), (372.8, 372.8), (372.8, 372.8), (372.8, 372.8), (372.8, 372.8), (372.8, 372.8), (372.8, 372.8), (372.8, 372.8), (372.8, 372.8), (372.8, 372.8), (372.8, 372.8), (372.8, 372.8), (372.8, 372.8), (372.8, 372.8), (372.8, 372.8), (372.8, 372.8), (372.8, 372.8), (372.8, 372.8), (372.8, 372.8), (372.8, 372.8), (372.8, 372.8), (372.8, 372.8), (372.8, 372.8), (372.8, 372.8), (372.8, 372.8), (372.8, 372.8), (372.8, 372.8), (372.8, 372.8), (372.8, 372.8), (372.8, 372.8), (372.8, 372.8), (372.8, 372.8), (372.8, 372.8)]",0,1,12.0
novice,bomberman,2,Bomb,5,0,24.42,0.926,"[(48.0, 48.0), (62.9, 51.7), (77.9, 51.7), (98.4, 51.7), (113.3, 57.3), (115.2, 72.3), (115.2, 89.1), (115.2, 107.7), (128.3, 115.2), (143.2, 115.2), (165.6, 115.2), (180.5, 124.5), (180.5, 139.5), (180.5, 160.0), (184.3, 176.8), (199.2, 180.5), (217.9, 180.5), (236.5, 182.4), (244.0, 197.3), (244.0, 212.3), (244.0, 234.7), (257.1, 244.0), (272.0, 244.0), (292.5, 244.0), (307.5, 253.3), (307.5, 268.3), (307.5, 288.8), (311.2, 303.7), (326.1, 307.5), (342.9, 307.5), (361.6, 307.5), (372.8, 320.5), (372.8, 335.5), (372.8, 350.4), (372.8, 365.3), (372.8, 372.8), (372.8, 372.8), (372.8, 372.8), (372.8, 372.8), (372.8, 372.8), (372.8, 372.8), (372.8, 372.8), (372.8, 372.8), (372.8, 372.8), (372.8, 372.8), (372.8, 372.8), (372.8, 372.8), (372.8, 372.8), (372.8, 372.8), (372.8, 372.8), (372.8, 372.8), (372.8, 372.8), (372.8, 372.8), (372.8, 372.8), (372.8, 372.8), (372.8, 372.8), (372.8, 372.8), (372.8, 372.8), (372.8, 372.8), (372.8, 372.8), (372.8, 372.8), (372.8, 372.8), (372.8, 372.8), (372.8, 372.8), (372.8, 372.8), (372.8, 372.8), (372.8, 372.8), (372.8, 372.8), (372.8, 372.8), (372.8, 372.8), (372.8, 372.8), (372.8, 372.8), (372.8, 372.8), (372.8, 372.8), (372.8, 372.8), (372.8, 372.8), (372.8, 372.8), (372.8, 372.8), (372.8, 372.8), (372.8, 372.8), (372.8, 372.8), (372.8, 372.8), (372.8, 372.8), (372.8, 372.8), (372.8, 372.8), (372.8, 372.8), (372.8, 372.8), (372.8, 372.8), (372.8, 372.8), (372.8, 372.8), (372.8, 372.8)]",0,1,12.0
novice,bomberman,2,Bomb,9,0,24.42,0.926,"[(48.0, 48.0), (62.9, 51.7), (77.9, 51.7), (98.4, 51.7), (113.3, 57.3), (115.2, 72.3), (115.2, 89.1), (115.2, 107.7), (128.3, 115.2), (143.2, 115.2), (165.6, 115.2), (180.5, 124.5), (180.5, 139.5), (180.5, 160.0), (184.3, 176.8), (199.2, 180.5), (217.9, 180.5), (236.5, 182.4), (244.0, 197.3), (244.0, 212.3), (244.0, 234.7), (257.1, 244.0), (272.0, 244.0), (292.5, 244.0), (307.5, 253.3), (307.5, 268.3), (307.5, 288.8), (311.2, 303.7), (326.1, 307.5), (342.9, 307.5), (361.6, 307.5), (372.8, 320.5), (372.8, 335.5), (372.8, 350.4), (372.8, 365.3), (372.8, 372.8), (372.8, 372.8), (372.8, 372.8), (372.8, 372.8), (372.8, 372.8), (372.8, 372.8), (372.8, 372.8), (372.8, 372.8), (372.8, 372.8), (372.8, 372.8), (372.8, 372.8), (372.8, 372.8), (372.8, 372.8), (372.8, 372.8), (372.8, 372.8), (372.8, 372.8), (372.8, 372.8), (372.8, 372.8), (372.8, 372.8), (372.8, 372.8), (372.8, 372.8), (372.8, 372.8), (372.8, 372.8), (372.8, 372.8), (372.8, 372.8), (372.8, 372.8), (372.8, 372.8), (372.8, 372.8), (372.8, 372.8), (372.8, 372.8), (372.8, 372.8), (372.8, 372.8), (372.8, 372.8), (372.8, 372.8), (372.8, 372.8), (372.8, 372.8), (372.8, 372.8), (372.8, 372.8), (372.8, 372.8), (372.8, 372.8), (372.8, 372.8), (372.8, 372.8), (372.8, 372.8), (372.8, 372.8), (372.8, 372.8), (372.8, 372.8), (372.8, 372.8), (372.8, 372.8), (372.8, 372.8), (372.8, 372.8), (372.8, 372.8), (372.8, 372.8), (372.8, 372.8), (372.8, 372.8), (372.8, 372.8), (372.8, 372.8)]",0,1,12.0
novice,bomberman,2,Bomb,8,0,24.42,0.926,"[(48.0, 48.0), (62.9, 51.7), (77.9, 51.7), (98.4, 51.7), (113.3, 57.3), (115.2, 72.3), (115.2, 89.1), (115.2, 107.7), (128.3, 115.2), (143.2, 115.2), (165.6, 115.2), (180.5, 124.5), (180.5, 139.5), (180.5, 160.0), (184.3, 176.8), (199.2, 180.5), (217.9, 180.5), (236.5, 182.4), (244.0, 197.3), (244.0, 212.3), (244.0, 234.7), (257.1, 244.0), (272.0, 244.0), (292.5, 244.0), (307.5, 253.3), (307.5, 268.3), (307.5, 288.8), (311.2, 303.7), (326.1, 307.5), (342.9, 307.5), (361.6, 307.5), (372.8, 320.5), (372.8, 335.5), (372.8, 350.4), (372.8, 365.3), (372.8, 372.8), (372.8, 372.8), (372.8, 372.8), (372.8, 372.8), (372.8, 372.8), (372.8, 372.8), (372.8, 372.8), (372.8, 372.8), (372.8, 372.8), (372.8, 372.8), (372.8, 372.8), (372.8, 372.8), (372.8, 372.8), (372.8, 372.8), (372.8, 372.8), (372.8, 372.8), (372.8, 372.8), (372.8, 372.8), (372.8, 372.8), (372.8, 372.8), (372.8, 372.8), (372.8, 372.8), (372.8, 372.8), (372.8, 372.8), (372.8, 372.8), (372.8, 372.8), (372.8, 372.8), (372.8, 372.8), (372.8, 372.8), (372.8, 372.8), (372.8, 372.8), (372.8, 372.8), (372.8, 372.8), (372.8, 372.8), (372.8, 372.8), (372.8, 372.8), (372.8, 372.8), (372.8, 372.8), (372.8, 372.8), (372.8, 372.8), (372.8, 372.8), (372.8, 372.8), (372.8, 372.8), (372.8, 372.8), (372.8, 372.8), (372.8, 372.8), (372.8, 372.8), (372.8, 372.8), (372.8, 372.8), (372.8, 372.8), (372.8, 372.8), (372.8, 372.8), (372.8, 372.8), (372.8, 372.8), (372.8, 372.8), (372.8, 372.8)]",0,1,12.0
novice,bomberman,2,Bomb,3,0,24.42,0.926,"[(48.0, 48.0), (62.9, 51.7), (77.9, 51.7), (98.4, 51.7), (113.3, 57.3), (115.2, 72.3), (115.2, 89.1), (115.2, 107.7), (128.3, 115.2), (143.2, 115.2), (165.6, 115.2), (180.5, 124.5), (180.5, 139.5), (180.5, 160.0), (184.3, 176.8), (199.2, 180.5), (217.9, 180.5), (236.5, 182.4), (244.0, 197.3), (244.0, 212.3), (244.0, 234.7), (257.1, 244.0), (272.0, 244.0), (292.5, 244.0), (307.5, 253.3), (307.5, 268.3), (307.5, 288.8), (311.2, 303.7), (326.1, 307.5), (342.9, 307.5), (361.6, 307.5), (372.8, 320.5), (372.8, 335.5), (372.8, 350.4), (372.8, 365.3), (372.8, 372.8), (372.8, 372.8), (372.8, 372.8), (372.8, 372.8), (372.8, 372.8), (372.8, 372.8), (372.8, 372.8), (372.8, 372.8), (372.8, 372.8), (372.8, 372.8), (372.8, 372.8), (372.8, 372.8), (372.8, 372.8), (372.8, 372.8), (372.8, 372.8), (372.8, 372.8), (372.8, 372.8), (372.8, 372.8), (372.8, 372.8), (372.8, 372.8), (372.8, 372.8), (372.8, 372.8), (372.8, 372.8), (372.8, 372.8), (372.8, 372.8), (372.8, 372.8), (372.8, 372.8), (372.8, 372.8), (372.8, 372.8), (372.8, 372.8), (372.8, 372.8), (372.8, 372.8), (372.8, 372.8), (372.8, 372.8), (372.8, 372.8), (372.8, 372.8), (372.8, 372.8), (372.8, 372.8), (372.8, 372.8), (372.8, 372.8), (372.8, 372.8), (372.8, 372.8), (372.8, 372.8), (372.8, 372.8), (372.8, 372.8), (372.8, 372.8), (372.8, 372.8), (372.8, 372.8), (372.8, 372.8), (372.8, 372.8), (372.8, 372.8), (372.8, 372.8), (372.8, 372.8), (372.8, 372.8), (372.8, 372.8), (372.8, 372.8)]",0,1,12.0
novice,bomberman,2,Bomb,12,0,24.42,0.926,"[(48.0, 48.0), (62.9, 51.7), (77.9, 51.7), (98.4, 51.7), (113.3, 57.3), (115.2, 72.3), (115.2, 89.1), (115.2, 107.7), (128.3, 115.2), (143.2, 115.2), (165.6, 115.2), (180.5, 124.5), (180.5, 139.5), (180.5, 160.0), (184.3, 176.8), (199.2, 180.5), (217.9, 180.5), (236.5, 182.4), (244.0, 197.3), (244.0, 212.3), (244.0, 234.7), (257.1, 244.0), (272.0, 244.0), (292.5, 244.0), (307.5, 253.3), (307.5, 268.3), (307.5, 288.8), (311.2, 303.7), (326.1, 307.5), (342.9, 307.5), (361.6, 307.5), (372.8, 320.5), (372.8, 335.5), (372.8, 350.4), (372.8, 365.3), (372.8, 372.8), (372.8, 372.8), (372.8, 372.8), (372.8, 372.8), (372.8, 372.8), (372.8, 372.8), (372.8, 372.8), (372.8, 372.8), (372.8, 372.8), (372.8, 372.8), (372.8, 372.8), (372.8, 372.8), (372.8, 372.8), (372.8, 372.8), (372.8, 372.8), (372.8, 372.8), (372.8, 372.8), (372.8, 372.8), (372.8, 372.8), (372.8, 372.8), (372.8, 372.8), (372.8, 372.8), (372.8, 372.8), (372.8, 372.8), (372.8, 372.8), (372.8, 372.8), (372.8, 372.8), (372.8, 372.8), (372.8, 372.8), (372.8, 372.8), (372.8, 372.8), (372.8, 372.8), (372.8, 372.8), (372.8, 372.8), (372.8, 372.8), (372.8, 372.8), (372.8, 372.8), (372.8, 372.8), (372.8, 372.8), (372.8, 372.8), (372.8, 372.8), (372.8, 372.8), (372.8, 372.8), (372.8, 372.8), (372.8, 372.8), (372.8, 372.8), (372.8, 372.8), (372.8, 372.8), (372.8, 372.8), (372.8, 372.8), (372.8, 372.8), (372.8, 372.8), (372.8, 372.8), (372.8, 372.8), (372.8, 372.8), (372.8, 372.8)]",0,1,12.0
novice,bomberman,2,Stuck,1,0,30.96,0.741,"[(48.0, 48.0), (62.9, 51.7), (77.9, 51.7), (98.4, 51.7), (113.3, 57.3), (115.2, 72.3), (115.2, 89.1), (115.2, 107.7), (128.3, 115.2), (143.2, 115.2), (165.6, 115.2), (180.5, 124.5), (180.5, 139.5), (180.5, 160.0), (184.3, 176.8), (199.2, 180.5), (217.9, 180.5), (236.5, 182.4), (244.0, 197.3), (244.0, 212.3), (244.0, 234.7), (257.1, 244.0), (272.0, 244.0), (292.5, 244.0), (307.5, 253.3), (307.5, 268.3), (307.5, 288.8), (311.2, 303.7), (326.1, 307.5), (342.9, 307.5), (361.6, 307.5), (372.8, 320.5), (372.8, 335.5), (372.8, 350.4), (372.8, 365.3), (372.8, 372.8), (372.8, 372.8), (372.8, 372.8), (372.8, 372.8), (372.8, 372.8), (372.8, 372.8), (372.8, 372.8), (372.8, 372.8), (372.8, 372.8), (372.8, 372.8), (372.8, 372.8), (372.8, 372.8), (372.8, 372.8), (372.8, 372.8), (372.8, 372.8), (372.8, 372.8), (372.8, 372.8), (372.8, 372.8), (372.8, 372.8), (372.8, 372.8), (372.8, 372.8), (372.8, 372.8), (372.8, 372.8), (372.8, 372.8), (372.8, 372.8), (372.8, 372.8), (372.8, 372.8), (372.8, 372.8), (372.8, 372.8), (372.8, 372.8), (372.8, 372.8), (372.8, 372.8), (372.8, 372.8), (372.8, 372.8), (372.8, 372.8), (372.8, 372.8), (372.8, 372.8)]",0,0,9.47
novice,bomberman,2,Bomb,7,0,24.42,0.926,"[(48.0, 48.0), (62.9, 51.7), (77.9, 51.7), (98.4, 51.7), (113.3, 57.3), (115.2, 72.3), (115.2, 89.1), (115.2, 107.7), (128.3, 115.2), (143.2, 115.2), (165.6, 115.2), (180.5, 124.5), (180.5, 139.5), (180.5, 160.0), (184.3, 176.8), (199.2, 180.5), (217.9, 180.5), (236.5, 182.4), (244.0, 197.3), (244.0, 212.3), (244.0, 234.7), (257.1, 244.0), (272.0, 244.0), (292.5, 244.0), (307.5, 253.3), (307.5, 268.3), (307.5, 288.8), (311.2, 303.7), (326.1, 307.5), (342.9, 307.5), (361.6, 307.5), (372.8, 320.5), (372.8, 335.5), (372.8, 350.4), (372.8, 365.3), (372.8, 372.8), (372.8, 372.8), (372.8, 372.8), (372.8, 372.8), (372.8, 372.8), (372.8, 372.8), (372.8, 372.8), (372.8, 372.8), (372.8, 372.8), (372.8, 372.8), (372.8, 372.8), (372.8, 372.8), (372.8, 372.8), (372.8, 372.8), (372.8, 372.8), (372.8, 372.8), (372.8, 372.8), (372.8, 372.8), (372.8, 372.8), (372.8, 372.8), (372.8, 372.8), (372.8, 372.8), (372.8, 372.8), (372.8, 372.8), (372.8, 372.8), (372.8, 372.8), (372.8, 372.8), (372.8, 372.8), (372.8, 372.8), (372.8, 372.8), (372.8, 372.8), (372.8, 372.8), (372.8, 372.8), (372.8, 372.8), (372.8, 372.8), (372.8, 372.8), (372.8, 372.8), (372.8, 372.8), (372.8, 372.8), (372.8, 372.8), (372.8, 372.8), (372.8, 372.8), (372.8, 372.8), (372.8, 372.8), (372.8, 372.8), (372.8, 372.8), (372.8, 372.8), (372.8, 372.8), (372.8, 372.8), (372.8, 372.8), (372.8, 372.8), (372.8, 372.8), (372.8, 372.8), (372.8, 372.8), (372.8, 372.8), (372.8, 372.8)]",0,1,12.0
novice,bomberman,2,Bomb,6,0,22.56,0.889,"[(48.0, 48.0), (62.9, 51.7), (77.9, 51.7), (98.4, 51.7), (113.3, 57.3), (115.2, 72.3), (115.2, 89.1), (115.2, 107.7), (128.3, 115.2), (143.2, 115.2), (165.6, 115.2), (180.5, 124.5), (180.5, 139.5), (180.5, 160.0), (184.3, 176.8), (199.2, 180.5), (217.9, 180.5), (236.5, 182.4), (244.0, 197.3), (244.0, 212.3), (244.0, 234.7), (257.1, 244.0), (272.0, 244.0), (292.5, 244.0), (307.5, 253.3), (307.5, 268.3), (307.5, 288.8), (311.2, 303.7), (326.1, 307.5), (342.9, 307.5), (361.6, 307.5), (372.8, 320.5), (372.8, 335.5), (372.8, 350.4), (372.8, 365.3), (372.8, 372.8), (372.8, 372.8), (372.8, 372.8), (372.8, 372.8), (372.8, 372.8), (372.8, 372.8), (372.8, 372.8), (372.8, 372.8), (372.8, 372.8), (372.8, 372.8), (372.8, 372.8), (372.8, 372.8), (372.8, 372.8), (372.8, 372.8), (372.8, 372.8), (372.8, 372.8), (372.8, 372.8), (372.8, 372.8), (372.8, 372.8), (372.8, 372.8), (372.8, 372.8), (372.8, 372.8), (372.8, 372.8), (372.8, 372.8), (372.8, 372.8), (372.8, 372.8), (372.8, 372.8), (372.8, 372.8), (372.8, 372.8), (372.8, 372.8), (372.8, 372.8), (372.8, 372.8), (372.8, 372.8), (372.8, 372.8), (372.8, 372.8), (372.8, 372.8), (372.8, 372.8), (372.8, 372.8), (372.8, 372.8), (372.8, 372.8), (372.8, 372.8), (372.8, 372.8), (372.8, 372.8), (372.8, 372.8), (372.8, 372.8), (372.8, 372.8), (372.8, 372.8), (372.8, 372.8), (372.8, 372.8), (372.8, 372.8), (372.8, 372.8), (372.8, 372.8), (372.8, 372.8), (372.8, 372.8), (365.3, 372.8), (350.4, 372.8)]",0,1,12.0
novice,bomberman,2,Bomb,6,0,24.42,0.926,"[(48.0, 48.0), (62.9, 51.7), (77.9, 51.7), (98.4, 51.7), (113.3, 57.3), (115.2, 72.3), (115.2, 89.1), (115.2, 107.7), (128.3, 115.2), (143.2, 115.2), (165.6, 115.2), (180.5, 124.5), (180.5, 139.5), (180.5, 160.0), (184.3, 176.8), (199.2, 180.5), (217.9, 180.5), (236.5, 182.4), (244.0, 197.3), (244.0, 212.3), (244.0, 234.7), (257.1, 244.0), (272.0, 244.0), (292.5, 244.0), (307.5, 253.3), (307.5, 268.3), (307.5, 288.8), (311.2, 303.7), (326.1, 307.5), (342.9, 307.5), (361.6, 307.5), (372.8, 320.5), (372.8, 335.5), (372.8, 350.4), (372.8, 365.3), (372.8, 372.8), (372.8, 372.8), (372.8, 372.8), (372.8, 372.8), (372.8, 372.8), (372.8, 372.8), (372.8, 372.8), (372.8, 372.8), (372.8, 372.8), (372.8, 372.8), (372.8, 372.8), (372.8, 372.8), (372.8, 372.8), (372.8, 372.8), (372.8, 372.8), (372.8, 372.8), (372.8, 372.8), (372.8, 372.8), (372.8, 372.8), (372.8, 372.8), (372.8, 372.8), (372.8, 372.8), (372.8, 372.8), (372.8, 372.8), (372.8, 372.8), (372.8, 372.8), (372.8, 372.8), (372.8, 372.8), (372.8, 372.8), (372.8, 372.8), (372.8, 372.8), (372.8, 372.8), (372.8, 372.8), (372.8, 372.8), (372.8, 372.8), (372.8, 372.8), (372.8, 372.8), (372.8, 372.8), (372.8, 372.8), (372.8, 372.8), (372.8, 372.8), (372.8, 372.8), (372.8, 372.8), (372.8, 372.8), (372.8, 372.8), (372.8, 372.8), (372.8, 372.8), (372.8, 372.8), (372.8, 372.8), (372.8, 372.8), (372.8, 372.8), (372.8, 372.8), (372.8, 372.8), (372.8, 372.8), (372.8, 372.8), (372.8, 372.8)]",0,1,12.0
novice,bomberman,2,Bomb,6,0,24.42,0.926,"[(48.0, 48.0), (62.9, 51.7), (77.9, 51.7), (98.4, 51.7), (113.3, 57.3), (115.2, 72.3), (115.2, 89.1), (115.2, 107.7), (128.3, 115.2), (143.2, 115.2), (165.6, 115.2), (180.5, 124.5), (180.5, 139.5), (180.5, 160.0), (184.3, 176.8), (199.2, 180.5), (217.9, 180.5), (236.5, 182.4), (244.0, 197.3), (244.0, 212.3), (244.0, 234.7), (257.1, 244.0), (272.0, 244.0), (292.5, 244.0), (307.5, 253.3), (307.5, 268.3), (307.5, 288.8), (311.2, 303.7), (326.1, 307.5), (342.9, 307.5), (361.6, 307.5), (372.8, 320.5), (372.8, 335.5), (372.8, 350.4), (372.8, 365.3), (372.8, 372.8), (372.8, 372.8), (372.8, 372.8), (372.8, 372.8), (372.8, 372.8), (372.8, 372.8), (372.8, 372.8), (372.8, 372.8), (372.8, 372.8), (372.8, 372.8), (372.8, 372.8), (372.8, 372.8), (372.8, 372.8), (372.8, 372.8), (372.8, 372.8), (372.8, 372.8), (372.8, 372.8), (372.8, 372.8), (372.8, 372.8), (372.8, 372.8), (372.8, 372.8), (372.8, 372.8), (372.8, 372.8), (372.8, 372.8), (372.8, 372.8), (372.8, 372.8), (372.8, 372.8), (372.8, 372.8), (372.8, 372.8), (372.8, 372.8), (372.8, 372.8), (372.8, 372.8), (372.8, 372.8), (372.8, 372.8), (372.8, 372.8), (372.8, 372.8), (372.8, 372.8), (372.8, 372.8), (372.8, 372.8), (372.8, 372.8), (372.8, 372.8), (372.8, 372.8), (372.8, 372.8), (372.8, 372.8), (372.8, 372.8), (372.8, 372.8), (372.8, 372.8), (372.8, 372.8), (372.8, 372.8), (372.8, 372.8), (372.8, 372.8), (372.8, 372.8), (372.8, 372.8), (372.8, 372.8), (372.8, 372.8), (372.8, 372.8)]",0,1,12.0
novice,bomberman,2,Bomb,7,0,24.42,0.926,"[(48.0, 48.0), (62.9, 51.7), (77.9, 51.7), (98.4, 51.7), (113.3, 57.3), (115.2, 72.3), (115.2, 89.1), (115.2, 107.7), (128.3, 115.2), (143.2, 115.2), (165.6, 115.2), (180.5, 124.5), (180.5, 139.5), (180.5, 160.0), (184.3, 176.8), (199.2, 180.5), (217.9, 180.5), (236.5, 182.4), (244.0, 197.3), (244.0, 212.3), (244.0, 234.7), (257.1, 244.0), (272.0, 244.0), (292.5, 244.0), (307.5, 253.3), (307.5, 268.3), (307.5, 288.8), (311.2, 303.7), (326.1, 307.5), (342.9, 307.5), (361.6, 307.5), (372.8, 320.5), (372.8, 335.5), (372.8, 350.4), (372.8, 365.3), (372.8, 372.8), (372.8, 372.8), (372.8, 372.8), (372.8, 372.8), (372.8, 372.8), (372.8, 372.8), (372.8, 372.8), (372.8, 372.8), (372.8, 372.8), (372.8, 372.8), (372.8, 372.8), (372.8, 372.8), (372.8, 372.8), (372.8, 372.8), (372.8, 372.8), (372.8, 372.8), (372.8, 372.8), (372.8, 372.8), (372.8, 372.8), (372.8, 372.8), (372.8, 372.8), (372.8, 372.8), (372.8, 372.8), (372.8, 372.8), (372.8, 372.8), (372.8, 372.8), (372.8, 372.8), (372.8, 372.8), (372.8, 372.8), (372.8, 372.8), (372.8, 372.8), (372.8, 372.8), (372.8, 372.8), (372.8, 372.8), (372.8, 372.8), (372.8, 372.8), (372.8, 372.8), (372.8, 372.8), (372.8, 372.8), (372.8, 372.8), (372.8, 372.8), (372.8, 372.8), (372.8, 372.8), (372.8, 372.8), (372.8, 372.8), (372.8, 372.8), (372.8, 372.8), (372.8, 372.8), (372.8, 372.8), (372.8, 372.8), (372.8, 372.8), (372.8, 372.8), (372.8, 372.8), (372.8, 372.8), (372.8, 372.8), (372.8, 372.8)]",0,1,12.0
novice,bomberman,2,Bomb,12,0,24.42,0.926,"[(48.0, 48.0), (62.9, 51.7), (77.9, 51.7), (98.4, 51.7), (113.3, 57.3), (115.2, 72.3), (115.2, 89.1), (115.2, 107.7), (128.3, 115.2), (143.2, 115.2), (165.6, 115.2), (180.5, 124.5), (180.5, 139.5), (180.5, 160.0), (184.3, 176.8), (199.2, 180.5), (217.9, 180.5), (236.5, 182.4), (244.0, 197.3), (244.0, 212.3), (244.0, 234.7), (257.1, 244.0), (272.0, 244.0), (292.5, 244.0), (307.5, 253.3), (307.5, 268.3), (307.5, 288.8), (311.2, 303.7), (326.1, 307.5), (342.9, 307.5), (361.6, 307.5), (372.8, 320.5), (372.8, 335.5), (372.8, 350.4), (372.8, 365.3), (372.8, 372.8), (372.8, 372.8), (372.8, 372.8), (372.8, 372.8), (372.8, 372.8), (372.8, 372.8), (372.8, 372.8), (372.8, 372.8), (372.8, 372.8), (372.8, 372.8), (372.8, 372.8), (372.8, 372.8), (372.8, 372.8), (372.8, 372.8), (372.8, 372.8), (372.8, 372.8), (372.8, 372.8), (372.8, 372.8), (372.8, 372.8), (372.8, 372.8), (372.8, 372.8), (372.8, 372.8), (372.8, 372.8), (372.8, 372.8), (372.8, 372.8), (372.8, 372.8), (372.8, 372.8), (372.8, 372.8), (372.8, 372.8), (372.8, 372.8), (372.8, 372.8), (372.8, 372.8), (372.8, 372.8), (372.8, 372.8), (372.8, 372.8), (372.8, 372.8), (372.8, 372.8), (372.8, 372.8), (372.8, 372.8), (372.8, 372.8), (372.8, 372.8), (372.8, 372.8), (372.8, 372.8), (372.8, 372.8), (372.8, 372.8), (372.8, 372.8), (372.8, 372.8), (372.8, 372.8), (372.8, 372.8), (372.8, 372.8), (372.8, 372.8), (372.8, 372.8), (372.8, 372.8), (372.8, 372.8), (372.8, 372.8), (372.8, 372.8)]",0,1,12.0
novice,bomberman,2,Bomb,3,0,24.42,0.926,"[(48.0, 48.0), (62.9, 51.7), (77.9, 51.7), (98.4, 51.7), (113.3, 57.3), (115.2, 72.3), (115.2, 89.1), (115.2, 107.7), (128.3, 115.2), (143.2, 115.2), (165.6, 115.2), (180.5, 124.5), (180.5, 139.5), (180.5, 160.0), (184.3, 176.8), (199.2, 180.5), (217.9, 180.5), (236.5, 182.4), (244.0, 197.3), (244.0, 212.3), (244.0, 234.7), (257.1, 244.0), (272.0, 244.0), (292.5, 244.0), (307.5, 253.3), (307.5, 268.3), (307.5, 288.8), (311.2, 303.7), (326.1, 307.5), (342.9, 307.5), (361.6, 307.5), (372.8, 320.5), (372.8, 335.5), (372.8, 350.4), (372.8, 365.3), (372.8, 372.8), (372.8, 372.8), (372.8, 372.8), (372.8, 372.8), (372.8, 372.8), (372.8, 372.8), (372.8, 372.8), (372.8, 372.8), (372.8, 372.8), (372.8, 372.8), (372.8, 372.8), (372.8, 372.8), (372.8, 372.8), (372.8, 372.8), (372.8, 372.8), (372.8, 372.8), (372.8, 372.8), (372.8, 372.8), (372.8, 372.8), (372.8, 372.8), (372.8, 372.8), (372.8, 372.8), (372.8, 372.8), (372.8, 372.8), (372.8, 372.8), (372.8, 372.8), (372.8, 372.8), (372.8, 372.8), (372.8, 372.8), (372.8, 372.8), (372.8, 372.8), (372.8, 372.8), (372.8, 372.8), (372.8, 372.8), (372.8, 372.8), (372.8, 372.8), (372.8, 372.8), (372.8, 372.8), (372.8, 372.8), (372.8, 372.8), (372.8, 372.8), (372.8, 372.8), (372.8, 372.8), (372.8, 372.8), (372.8, 372.8), (372.8, 372.8), (372.8, 372.8), (372.8, 372.8), (372.8, 372.8), (372.8, 372.8), (372.8, 372.8), (372.8, 372.8), (372.8, 372.8), (372.8, 372.8), (372.8, 372.8), (372.8, 372.8)]",0,1,12.0
novice,bomberman,2,Bomb,9,0,24.42,0.926,"[(48.0, 48.0), (62.9, 51.7), (77.9, 51.7), (98.4, 51.7), (113.3, 57.3), (115.2, 72.3), (115.2, 89.1), (115.2, 107.7), (128.3, 115.2), (143.2, 115.2), (165.6, 115.2), (180.5, 124.5), (180.5, 139.5), (180.5, 160.0), (184.3, 176.8), (199.2, 180.5), (217.9, 180.5), (236.5, 182.4), (244.0, 197.3), (244.0, 212.3), (244.0, 234.7), (257.1, 244.0), (272.0, 244.0), (292.5, 244.0), (307.5, 253.3), (307.5, 268.3), (307.5, 288.8), (311.2, 303.7), (326.1, 307.5), (342.9, 307.5), (361.6, 307.5), (372.8, 320.5), (372.8, 335.5), (372.8, 350.4), (372.8, 365.3), (372.8, 372.8), (372.8, 372.8), (372.8, 372.8), (372.8, 372.8), (372.8, 372.8), (372.8, 372.8), (372.8, 372.8), (372.8, 372.8), (372.8, 372.8), (372.8, 372.8), (372.8, 372.8), (372.8, 372.8), (372.8, 372.8), (372.8, 372.8), (372.8, 372.8), (372.8, 372.8), (372.8, 372.8), (372.8, 372.8), (372.8, 372.8), (372.8, 372.8), (372.8, 372.8), (372.8, 372.8), (372.8, 372.8), (372.8, 372.8), (372.8, 372.8), (372.8, 372.8), (372.8, 372.8), (372.8, 372.8), (372.8, 372.8), (372.8, 372.8), (372.8, 372.8), (372.8, 372.8), (372.8, 372.8), (372.8, 372.8), (372.8, 372.8), (372.8, 372.8), (372.8, 372.8), (372.8, 372.8), (372.8, 372.8), (372.8, 372.8), (372.8, 372.8), (372.8, 372.8), (372.8, 372.8), (372.8, 372.8), (372.8, 372.8), (372.8, 372.8), (372.8, 372.8), (372.8, 372.8), (372.8, 372.8), (372.8, 372.8), (372.8, 372.8), (372.8, 372.8), (372.8, 372.8), (372.8, 372.8), (372.8, 372.8), (372.8, 372.8)]",0,1,12.0
novice,bomberman,2,Bomb,2,0,24.42,0.926,"[(48.0, 48.0), (62.9, 51.7), (77.9, 51.7), (98.4, 51.7), (113.3, 57.3), (115.2, 72.3), (115.2, 89.1), (115.2, 107.7), (128.3, 115.2), (143.2, 115.2), (165.6, 115.2), (180.5, 124.5), (180.5, 139.5), (180.5, 160.0), (184.3, 176.8), (199.2, 180.5), (217.9, 180.5), (236.5, 182.4), (244.0, 197.3), (244.0, 212.3), (244.0, 234.7), (257.1, 244.0), (272.0, 244.0), (292.5, 244.0), (307.5, 253.3), (307.5, 268.3), (307.5, 288.8), (311.2, 303.7), (326.1, 307.5), (342.9, 307.5), (361.6, 307.5), (372.8, 320.5), (372.8, 335.5), (372.8, 350.4), (372.8, 365.3), (372.8, 372.8), (372.8, 372.8), (372.8, 372.8), (372.8, 372.8), (372.8, 372.8), (372.8, 372.8), (372.8, 372.8), (372.8, 372.8), (372.8, 372.8), (372.8, 372.8), (372.8, 372.8), (372.8, 372.8), (372.8, 372.8), (372.8, 372.8), (372.8, 372.8), (372.8, 372.8), (372.8, 372.8), (372.8, 372.8), (372.8, 372.8), (372.8, 372.8), (372.8, 372.8), (372.8, 372.8), (372.8, 372.8), (372.8, 372.8), (372.8, 372.8), (372.8, 372.8), (372.8, 372.8), (372.8, 372.8), (372.8, 372.8), (372.8, 372.8), (372.8, 372.8), (372.8, 372.8), (372.8, 372.8), (372.8, 372.8), (372.8, 372.8), (372.8, 372.8), (372.8, 372.8), (372.8, 372.8), (372.8, 372.8), (372.8, 372.8), (372.8, 372.8), (372.8, 372.8), (372.8, 372.8), (372.8, 372.8), (372.8, 372.8), (372.8, 372.8), (372.8, 372.8), (372.8, 372.8), (372.8, 372.8), (372.8, 372.8), (372.8, 372.8), (372.8, 372.8), (372.8, 372.8), (372.8, 372.8), (372.8, 372.8), (372.8, 372.8)]",0,1,12.0
novice,bomberman,2,Bomb,3,0,24.42,0.926,"[(48.0, 48.0), (62.9, 51.7), (77.9, 51.7), (98.4, 51.7), (113.3, 57.3), (115.2, 72.3), (115.2, 89.1), (115.2, 107.7), (128.3, 115.2), (143.2, 115.2), (165.6, 115.2), (180.5, 124.5), (180.5, 139.5), (180.5, 160.0), (184.3, 176.8), (199.2, 180.5), (217.9, 180.5), (236.5, 182.4), (244.0, 197.3), (244.0, 212.3), (244.0, 234.7), (257.1, 244.0), (272.0, 244.0), (292.5, 244.0), (307.5, 253.3), (307.5, 268.3), (307.5, 288.8), (311.2, 303.7), (326.1, 307.5), (342.9, 307.5), (361.6, 307.5), (372.8, 320.5), (367.2, 335.5), (372.8, 350.4), (372.8, 365.3), (372.8, 372.8), (372.8, 372.8), (372.8, 372.8), (372.8, 372.8), (372.8, 372.8), (372.8, 372.8), (372.8, 372.8), (372.8, 372.8), (372.8, 372.8), (372.8, 372.8), (372.8, 372.8), (372.8, 372.8), (372.8, 372.8), (372.8, 372.8), (372.8, 372.8), (372.8, 372.8), (372.8, 372.8), (372.8, 372.8), (372.8, 372.8), (372.8, 372.8), (372.8, 372.8), (372.8, 372.8), (372.8, 372.8), (372.8, 372.8), (372.8, 372.8), (372.8, 372.8), (372.8, 372.8), (372.8, 372.8), (372.8, 372.8), (372.8, 372.8), (372.8, 372.8), (372.8, 372.8), (372.8, 372.8), (372.8, 372.8), (372.8, 372.8), (372.8, 372.8), (372.8, 372.8), (372.8, 372.8), (372.8, 372.8), (372.8, 372.8), (372.8, 372.8), (372.8, 372.8), (372.8, 372.8), (372.8, 372.8), (372.8, 372.8), (372.8, 372.8), (372.8, 372.8), (372.8, 372.8), (372.8, 372.8), (372.8, 372.8), (372.8, 372.8), (372.8, 372.8), (372.8, 372.8), (372.8, 372.8), (372.8, 372.8), (372.8, 372.8)]",0,1,12.0
novice,bomberman,2,Bomb,5,0,24.42,0.926,"[(48.0, 48.0), (62.9, 51.7), (77.9, 51.7), (98.4, 51.7), (113.3, 57.3), (115.2, 72.3), (115.2, 89.1), (115.2, 107.7), (128.3, 115.2), (143.2, 115.2), (165.6, 115.2), (180.5, 124.5), (180.5, 139.5), (180.5, 160.0), (184.3, 176.8), (199.2, 180.5), (217.9, 180.5), (236.5, 182.4), (244.0, 197.3), (244.0, 212.3), (244.0, 234.7), (257.1, 244.0), (272.0, 244.0), (292.5, 244.0), (307.5, 253.3), (307.5, 268.3), (307.5, 288.8), (311.2, 303.7), (326.1, 307.5), (342.9, 307.5), (361.6, 307.5), (372.8, 320.5), (372.8, 335.5), (372.8, 350.4), (372.8, 365.3), (372.8, 372.8), (372.8, 372.8), (372.8, 372.8), (372.8, 372.8), (372.8, 372.8), (372.8, 372.8), (372.8, 372.8), (372.8, 372.8), (372.8, 372.8), (372.8, 372.8), (372.8, 372.8), (372.8, 372.8), (372.8, 372.8), (372.8, 372.8), (372.8, 372.8), (372.8, 372.8), (372.8, 372.8), (372.8, 372.8), (372.8, 372.8), (372.8, 372.8), (372.8, 372.8), (372.8, 372.8), (372.8, 372.8), (372.8, 372.8), (372.8, 372.8), (372.8, 372.8), (372.8, 372.8), (372.8, 372.8), (372.8, 372.8), (372.8, 372.8), (372.8, 372.8), (372.8, 372.8), (372.8, 372.8), (372.8, 372.8), (372.8, 372.8), (372.8, 372.8), (372.8, 372.8), (372.8, 372.8), (372.8, 372.8), (372.8, 372.8), (372.8, 372.8), (372.8, 372.8), (372.8, 372.8), (372.8, 372.8), (372.8, 372.8), (372.8, 372.8), (372.8, 372.8), (372.8, 372.8), (372.8, 372.8), (372.8, 372.8), (372.8, 372.8), (372.8, 372.8), (372.8, 372.8), (372.8, 372.8), (372.8, 372.8), (372.8, 372.8)]",0,1,12.0
novice,bomberman,2,Bomb,9,0,24.42,0.926,"[(48.0, 48.0), (62.9, 51.7), (77.9, 51.7), (98.4, 51.7), (113.3, 57.3), (115.2, 72.3), (115.2, 89.1), (115.2, 107.7), (128.3, 115.2), (143.2, 115.2), (165.6, 115.2), (180.5, 124.5), (180.5, 139.5), (180.5, 160.0), (184.3, 176.8), (199.2, 180.5), (217.9, 180.5), (236.5, 182.4), (244.0, 197.3), (244.0, 212.3), (244.0, 234.7), (257.1, 244.0), (272.0, 244.0), (292.5, 244.0), (307.5, 253.3), (307.5, 268.3), (307.5, 288.8), (311.2, 303.7), (326.1, 307.5), (342.9, 307.5), (361.6, 307.5), (372.8, 320.5), (372.8, 335.5), (372.8, 350.4), (372.8, 365.3), (372.8, 372.8), (372.8, 372.8), (372.8, 372.8), (372.8, 372.8), (372.8, 372.8), (372.8, 372.8), (372.8, 372.8), (372.8, 372.8), (372.8, 372.8), (372.8, 372.8), (372.8, 372.8), (372.8, 372.8), (372.8, 372.8), (372.8, 372.8), (372.8, 372.8), (372.8, 372.8), (372.8, 372.8), (372.8, 372.8), (372.8, 372.8), (372.8, 372.8), (372.8, 372.8), (372.8, 372.8), (372.8, 372.8), (372.8, 372.8), (372.8, 372.8), (372.8, 372.8), (372.8, 372.8), (372.8, 372.8), (372.8, 372.8), (372.8, 372.8), (372.8, 372.8), (372.8, 372.8), (372.8, 372.8), (372.8, 372.8), (372.8, 372.8), (372.8, 372.8), (372.8, 372.8), (372.8, 372.8), (372.8, 372.8), (372.8, 372.8), (372.8, 372.8), (372.8, 372.8), (372.8, 372.8), (372.8, 372.8), (372.8, 372.8), (372.8, 372.8), (372.8, 372.8), (372.8, 372.8), (372.8, 372.8), (372.8, 372.8), (372.8, 372.8), (372.8, 372.8), (372.8, 372.8), (372.8, 372.8), (372.8, 372.8), (372.8, 372.8)]",0,1,12.0
novice,bomberman,2,Bomb,6,0,24.42,0.926,"[(48.0, 48.0), (62.9, 51.7), (77.9, 51.7), (98.4, 51.7), (113.3, 57.3), (115.2, 72.3), (115.2, 89.1), (115.2, 107.7), (128.3, 115.2), (143.2, 115.2), (165.6, 115.2), (180.5, 124.5), (180.5, 139.5), (180.5, 160.0), (184.3, 176.8), (199.2, 180.5), (217.9, 180.5), (236.5, 182.4), (244.0, 197.3), (244.0, 212.3), (244.0, 234.7), (257.1, 244.0), (272.0, 244.0), (292.5, 244.0), (307.5, 253.3), (307.5, 268.3), (307.5, 288.8), (311.2, 303.7), (326.1, 307.5), (342.9, 307.5), (361.6, 307.5), (372.8, 320.5), (372.8, 335.5), (372.8, 350.4), (372.8, 365.3), (372.8, 372.8), (372.8, 372.8), (372.8, 372.8), (372.8, 372.8), (372.8, 372.8), (372.8, 372.8), (372.8, 372.8), (372.8, 372.8), (372.8, 372.8), (372.8, 372.8), (372.8, 372.8), (372.8, 372.8), (372.8, 372.8), (372.8, 372.8), (372.8, 372.8), (372.8, 372.8), (372.8, 372.8), (372.8, 372.8), (372.8, 372.8), (372.8, 372.8), (372.8, 372.8), (372.8, 372.8), (372.8, 372.8), (372.8, 372.8), (372.8, 372.8), (372.8, 372.8), (372.8, 372.8), (372.8, 372.8), (372.8, 372.8), (372.8, 372.8), (372.8, 372.8), (372.8, 372.8), (372.8, 372.8), (372.8, 372.8), (372.8, 372.8), (372.8, 372.8), (372.8, 372.8), (372.8, 372.8), (372.8, 372.8), (372.8, 372.8), (372.8, 372.8), (372.8, 372.8), (372.8, 372.8), (372.8, 372.8), (372.8, 372.8), (372.8, 372.8), (372.8, 372.8), (372.8, 372.8), (372.8, 372.8), (372.8, 372.8), (372.8, 372.8), (372.8, 372.8), (372.8, 372.8), (372.8, 372.8), (372.8, 372.8), (372.8, 372.8)]",0,1,12.0
novice,bomberman,2,Bomb,6,0,24.42,0.926,"[(48.0, 48.0), (62.9, 51.7), (77.9, 51.7), (98.4, 51.7), (113.3, 57.3), (115.2, 72.3), (115.2, 89.1), (115.2, 107.7), (128.3, 115.2), (143.2, 115.2), (165.6, 115.2), (180.5, 124.5), (180.5, 139.5), (180.5, 160.0), (184.3, 176.8), (199.2, 180.5), (217.9, 180.5), (236.5, 182.4), (244.0, 197.3), (244.0, 212.3), (244.0, 234.7), (257.1, 244.0), (272.0, 244.0), (292.5, 244.0), (307.5, 253.3), (307.5, 268.3), (307.5, 288.8), (311.2, 303.7), (326.1, 307.5), (342.9, 307.5), (361.6, 307.5), (372.8, 320.5), (372.8, 335.5), (372.8, 350.4), (372.8, 365.3), (372.8, 372.8), (372.8, 372.8), (372.8, 372.8), (372.8, 372.8), (372.8, 372.8), (372.8, 372.8), (372.8, 372.8), (372.8, 372.8), (372.8, 372.8), (372.8, 372.8), (372.8, 372.8), (372.8, 372.8), (372.8, 372.8), (372.8, 372.8), (372.8, 372.8), (372.8, 372.8), (372.8, 372.8), (372.8, 372.8), (372.8, 372.8), (372.8, 372.8), (372.8, 372.8), (372.8, 372.8), (372.8, 372.8), (372.8, 372.8), (372.8, 372.8), (372.8, 372.8), (372.8, 372.8), (372.8, 372.8), (372.8, 372.8), (372.8, 372.8), (372.8, 372.8), (372.8, 372.8), (372.8, 372.8), (372.8, 372.8), (372.8, 372.8), (372.8, 372.8), (372.8, 372.8), (372.8, 372.8), (372.8, 372.8), (372.8, 372.8), (372.8, 372.8), (372.8, 372.8), (372.8, 372.8), (372.8, 372.8), (372.8, 372.8), (372.8, 372.8), (372.8, 372.8), (372.8, 372.8), (372.8, 372.8), (372.8, 372.8), (372.8, 372.8), (372.8, 372.8), (372.8, 372.8), (372.8, 372.8), (372.8, 372.8), (372.8, 372.8)]",0,1,12.0
novice,bomberman,2,Bomb,9,0,24.42,0.926,"[(48.0, 48.0), (62.9, 51.7), (77.9, 51.7), (98.4, 51.7), (113.3, 57.3), (115.2, 72.3), (115.2, 89.1), (115.2, 107.7), (128.3, 115.2), (143.2, 115.2), (165.6, 115.2), (180.5, 124.5), (180.5, 139.5), (180.5, 160.0), (184.3, 176.8), (199.2, 180.5), (217.9, 180.5), (236.5, 182.4), (244.0, 197.3), (244.0, 212.3), (244.0, 234.7), (257.1, 244.0), (272.0, 244.0), (292.5, 244.0), (307.5, 253.3), (307.5, 268.3), (307.5, 288.8), (311.2, 303.7), (326.1, 307.5), (342.9, 307.5), (361.6, 307.5), (372.8, 320.5), (372.8, 335.5), (372.8, 350.4), (372.8, 365.3), (372.8, 372.8), (372.8, 372.8), (372.8, 372.8), (372.8, 372.8), (372.8, 372.8), (372.8, 372.8), (372.8, 372.8), (372.8, 372.8), (372.8, 372.8), (372.8, 372.8), (372.8, 372.8), (372.8, 372.8), (372.8, 372.8), (372.8, 372.8), (372.8, 372.8), (372.8, 372.8), (372.8, 372.8), (372.8, 372.8), (372.8, 372.8), (372.8, 372.8), (372.8, 372.8), (372.8, 372.8), (372.8, 372.8), (372.8, 372.8), (372.8, 372.8), (372.8, 372.8), (372.8, 372.8), (372.8, 372.8), (372.8, 372.8), (372.8, 372.8), (372.8, 372.8), (372.8, 372.8), (372.8, 372.8), (372.8, 372.8), (372.8, 372.8), (372.8, 372.8), (372.8, 372.8), (372.8, 372.8), (372.8, 372.8), (372.8, 372.8), (372.8, 372.8), (372.8, 372.8), (372.8, 372.8), (372.8, 372.8), (372.8, 372.8), (372.8, 372.8), (372.8, 372.8), (372.8, 372.8), (372.8, 372.8), (372.8, 372.8), (372.8, 372.8), (372.8, 372.8), (372.8, 372.8), (372.8, 372.8), (372.8, 372.8), (372.8, 372.8)]",0,1,12.0
novice,bomberman,2,Bomb,5,0,24.42,0.926,"[(48.0, 48.0), (62.9, 51.7), (77.9, 51.7), (98.4, 51.7), (113.3, 57.3), (115.2, 72.3), (115.2, 89.1), (115.2, 107.7), (128.3, 115.2), (143.2, 115.2), (165.6, 115.2), (180.5, 124.5), (180.5, 139.5), (180.5, 160.0), (184.3, 176.8), (199.2, 180.5), (217.9, 180.5), (236.5, 182.4), (244.0, 197.3), (244.0, 212.3), (244.0, 234.7), (257.1, 244.0), (272.0, 244.0), (292.5, 244.0), (307.5, 253.3), (307.5, 268.3), (307.5, 288.8), (311.2, 303.7), (326.1, 307.5), (342.9, 307.5), (361.6, 307.5), (372.8, 320.5), (372.8, 335.5), (372.8, 350.4), (372.8, 365.3), (372.8, 372.8), (372.8, 372.8), (372.8, 372.8), (372.8, 372.8), (372.8, 372.8), (372.8, 372.8), (372.8, 372.8), (372.8, 372.8), (372.8, 372.8), (372.8, 372.8), (372.8, 372.8), (372.8, 372.8), (372.8, 372.8), (372.8, 372.8), (372.8, 372.8), (372.8, 372.8), (372.8, 372.8), (372.8, 372.8), (372.8, 372.8), (372.8, 372.8), (372.8, 372.8), (372.8, 372.8), (372.8, 372.8), (372.8, 372.8), (372.8, 372.8), (372.8, 372.8), (372.8, 372.8), (372.8, 372.8), (372.8, 372.8), (372.8, 372.8), (372.8, 372.8), (372.8, 372.8), (372.8, 372.8), (372.8, 372.8), (372.8, 372.8), (372.8, 372.8), (372.8, 372.8), (372.8, 372.8), (372.8, 372.8), (372.8, 372.8), (372.8, 372.8), (372.8, 372.8), (372.8, 372.8), (372.8, 372.8), (372.8, 372.8), (372.8, 372.8), (372.8, 372.8), (372.8, 372.8), (372.8, 372.8), (372.8, 372.8), (372.8, 372.8), (372.8, 372.8), (372.8, 372.8), (372.8, 372.8), (372.8, 372.8), (372.8, 372.8)]",0,1,12.0
novice,bomberman,2,Bomb,3,0,24.42,0.926,"[(48.0, 48.0), (62.9, 51.7), (77.9, 51.7), (98.4, 51.7), (113.3, 57.3), (115.2, 72.3), (115.2, 89.1), (115.2, 107.7), (128.3, 115.2), (143.2, 115.2), (165.6, 115.2), (180.5, 124.5), (180.5, 139.5), (180.5, 160.0), (184.3, 176.8), (199.2, 180.5), (217.9, 180.5), (236.5, 182.4), (244.0, 197.3), (244.0, 212.3), (244.0, 234.7), (257.1, 244.0), (272.0, 244.0), (292.5, 244.0), (307.5, 253.3), (307.5, 268.3), (307.5, 288.8), (311.2, 303.7), (326.1, 307.5), (342.9, 307.5), (361.6, 307.5), (372.8, 320.5), (367.2, 335.5), (372.8, 350.4), (372.8, 365.3), (372.8, 372.8), (372.8, 372.8), (372.8, 372.8), (372.8, 372.8), (372.8, 372.8), (372.8, 372.8), (372.8, 372.8), (372.8, 372.8), (372.8, 372.8), (372.8, 372.8), (372.8, 372.8), (372.8, 372.8), (372.8, 372.8), (372.8, 372.8), (372.8, 372.8), (372.8, 372.8), (372.8, 372.8), (372.8, 372.8), (372.8, 372.8), (372.8, 372.8), (372.8, 372.8), (372.8, 372.8), (372.8, 372.8), (372.8, 372.8), (372.8, 372.8), (372.8, 372.8), (372.8, 372.8), (372.8, 372.8), (372.8, 372.8), (372.8, 372.8), (372.8, 372.8), (372.8, 372.8), (372.8, 372.8), (372.8, 372.8), (372.8, 372.8), (372.8, 372.8), (372.8, 372.8), (372.8, 372.8), (372.8, 372.8), (372.8, 372.8), (372.8, 372.8), (372.8, 372.8), (372.8, 372.8), (372.8, 372.8), (372.8, 372.8), (372.8, 372.8), (372.8, 372.8), (372.8, 372.8), (372.8, 372.8), (372.8, 372.8), (372.8, 372.8), (372.8, 372.8), (372.8, 372.8), (372.8, 372.8), (372.8, 372.8), (372.8, 372.8)]",0,1,12.0
novice,bomberman,2,Bomb,7,0,24.42,0.926,"[(48.0, 48.0), (62.9, 51.7), (77.9, 51.7), (98.4, 51.7), (113.3, 57.3), (115.2, 72.3), (115.2, 89.1), (115.2, 107.7), (128.3, 115.2), (143.2, 115.2), (165.6, 115.2), (180.5, 124.5), (180.5, 139.5), (180.5, 160.0), (184.3, 176.8), (199.2, 180.5), (217.9, 180.5), (236.5, 182.4), (244.0, 197.3), (244.0, 212.3), (244.0, 234.7), (257.1, 244.0), (272.0, 244.0), (292.5, 244.0), (307.5, 253.3), (307.5, 268.3), (307.5, 288.8), (311.2, 303.7), (326.1, 307.5), (342.9, 307.5), (361.6, 307.5), (372.8, 320.5), (372.8, 335.5), (372.8, 350.4), (372.8, 365.3), (372.8, 372.8), (372.8, 372.8), (372.8, 372.8), (372.8, 372.8), (372.8, 372.8), (372.8, 372.8), (372.8, 372.8), (372.8, 372.8), (372.8, 372.8), (372.8, 372.8), (372.8, 372.8), (372.8, 372.8), (372.8, 372.8), (372.8, 372.8), (372.8, 372.8), (372.8, 372.8), (372.8, 372.8), (372.8, 372.8), (372.8, 372.8), (372.8, 372.8), (372.8, 372.8), (372.8, 372.8), (372.8, 372.8), (372.8, 372.8), (372.8, 372.8), (372.8, 372.8), (372.8, 372.8), (372.8, 372.8), (372.8, 372.8), (372.8, 372.8), (372.8, 372.8), (372.8, 372.8), (372.8, 372.8), (372.8, 372.8), (372.8, 372.8), (372.8, 372.8), (372.8, 372.8), (372.8, 372.8), (372.8, 372.8), (372.8, 372.8), (372.8, 372.8), (372.8, 372.8), (372.8, 372.8), (372.8, 372.8), (372.8, 372.8), (372.8, 372.8), (372.8, 372.8), (372.8, 372.8), (372.8, 372.8), (372.8, 372.8), (372.8, 372.8), (372.8, 372.8), (372.8, 372.8), (372.8, 372.8), (372.8, 372.8), (372.8, 372.8)]",0,1,12.0
novice,bomberman,2,Bomb,1,0,24.42,0.926,"[(48.0, 48.0), (62.9, 51.7), (77.9, 51.7), (98.4, 51.7), (113.3, 57.3), (115.2, 72.3), (115.2, 89.1), (115.2, 107.7), (128.3, 115.2), (143.2, 115.2), (165.6, 115.2), (180.5, 124.5), (180.5, 139.5), (180.5, 160.0), (184.3, 176.8), (199.2, 180.5), (217.9, 180.5), (236.5, 182.4), (244.0, 197.3), (244.0, 212.3), (244.0, 234.7), (257.1, 244.0), (272.0, 244.0), (292.5, 244.0), (307.5, 253.3), (307.5, 268.3), (307.5, 288.8), (311.2, 303.7), (326.1, 307.5), (342.9, 307.5), (361.6, 307.5), (372.8, 320.5), (372.8, 335.5), (372.8, 350.4), (372.8, 365.3), (372.8, 372.8), (372.8, 372.8), (372.8, 372.8), (372.8, 372.8), (372.8, 372.8), (372.8, 372.8), (372.8, 372.8), (372.8, 372.8), (372.8, 372.8), (372.8, 372.8), (372.8, 372.8), (372.8, 372.8), (372.8, 372.8), (372.8, 372.8), (372.8, 372.8), (372.8, 372.8), (372.8, 372.8), (372.8, 372.8), (372.8, 372.8), (372.8, 372.8), (372.8, 372.8), (372.8, 372.8), (372.8, 372.8), (372.8, 372.8), (372.8, 372.8), (372.8, 372.8), (372.8, 372.8), (372.8, 372.8), (372.8, 372.8), (372.8, 372.8), (372.8, 372.8), (372.8, 372.8), (372.8, 372.8), (372.8, 372.8), (372.8, 372.8), (372.8, 372.8), (372.8, 372.8), (372.8, 372.8), (372.8, 372.8), (372.8, 372.8), (372.8, 372.8), (372.8, 372.8), (372.8, 372.8), (372.8, 372.8), (372.8, 372.8), (372.8, 372.8), (372.8, 372.8), (372.8, 372.8), (372.8, 372.8), (372.8, 372.8), (372.8, 372.8), (372.8, 372.8), (372.8, 372.8), (372.8, 372.8), (372.8, 372.8), (372.8, 372.8)]",0,1,12.0
novice,bomberman,2,Bomb,3,0,24.42,0.926,"[(48.0, 48.0), (62.9, 51.7), (77.9, 51.7), (98.4, 51.7), (113.3, 57.3), (115.2, 72.3), (115.2, 89.1), (115.2, 107.7), (128.3, 115.2), (143.2, 115.2), (165.6, 115.2), (180.5, 124.5), (180.5, 139.5), (180.5, 160.0), (184.3, 176.8), (199.2, 180.5), (217.9, 180.5), (236.5, 182.4), (244.0, 197.3), (244.0, 212.3), (244.0, 234.7), (257.1, 244.0), (272.0, 244.0), (292.5, 244.0), (307.5, 253.3), (307.5, 268.3), (307.5, 288.8), (311.2, 303.7), (326.1, 307.5), (342.9, 307.5), (361.6, 307.5), (372.8, 320.5), (372.8, 335.5), (372.8, 350.4), (372.8, 365.3), (372.8, 372.8), (372.8, 372.8), (372.8, 372.8), (372.8, 372.8), (372.8, 372.8), (372.8, 372.8), (372.8, 372.8), (372.8, 372.8), (372.8, 372.8), (372.8, 372.8), (372.8, 372.8), (372.8, 372.8), (372.8, 372.8), (372.8, 372.8), (372.8, 372.8), (372.8, 372.8), (372.8, 372.8), (372.8, 372.8), (372.8, 372.8), (372.8, 372.8), (372.8, 372.8), (372.8, 372.8), (372.8, 372.8), (372.8, 372.8), (372.8, 372.8), (372.8, 372.8), (372.8, 372.8), (372.8, 372.8), (372.8, 372.8), (372.8, 372.8), (372.8, 372.8), (372.8, 372.8), (372.8, 372.8), (372.8, 372.8), (372.8, 372.8), (372.8, 372.8), (372.8, 372.8), (372.8, 372.8), (372.8, 372.8), (372.8, 372.8), (372.8, 372.8), (372.8, 372.8), (372.8, 372.8), (372.8, 372.8), (372.8, 372.8), (372.8, 372.8), (372.8, 372.8), (372.8, 372.8), (372.8, 372.8), (372.8, 372.8), (372.8, 372.8), (372.8, 372.8), (372.8, 372.8), (372.8, 372.8), (372.8, 372.8), (372.8, 372.8)]",0,1,12.0
novice,bomberman,2,Bomb,7,0,23.96,0.926,"[(48.0, 48.0), (62.9, 51.7), (77.9, 51.7), (98.4, 51.7), (113.3, 57.3), (115.2, 72.3), (115.2, 89.1), (115.2, 107.7), (128.3, 115.2), (143.2, 115.2), (165.6, 115.2), (180.5, 124.5), (180.5, 139.5), (180.5, 160.0), (184.3, 176.8), (199.2, 180.5), (217.9, 180.5), (236.5, 182.4), (244.0, 197.3), (244.0, 212.3), (244.0, 234.7), (257.1, 244.0), (272.0, 244.0), (292.5, 244.0), (307.5, 253.3), (307.5, 268.3), (307.5, 288.8), (311.2, 303.7), (326.1, 307.5), (342.9, 307.5), (361.6, 307.5), (372.8, 320.5), (372.8, 335.5), (372.8, 350.4), (372.8, 365.3), (372.8, 372.8), (372.8, 372.8), (372.8, 372.8), (372.8, 372.8), (372.8, 372.8), (372.8, 372.8), (372.8, 372.8), (372.8, 372.8), (372.8, 372.8), (372.8, 372.8), (372.8, 372.8), (372.8, 372.8), (372.8, 372.8), (372.8, 372.8), (372.8, 372.8), (372.8, 372.8), (372.8, 372.8), (372.8, 372.8), (372.8, 372.8), (372.8, 372.8), (372.8, 372.8), (372.8, 372.8), (372.8, 372.8), (372.8, 372.8), (372.8, 372.8), (372.8, 372.8), (372.8, 372.8), (372.8, 372.8), (372.8, 372.8), (372.8, 372.8), (372.8, 372.8), (372.8, 372.8), (372.8, 372.8), (372.8, 372.8), (372.8, 372.8), (372.8, 372.8), (372.8, 372.8), (372.8, 372.8), (372.8, 372.8), (372.8, 372.8), (372.8, 372.8), (372.8, 372.8), (372.8, 372.8), (372.8, 372.8), (372.8, 372.8), (372.8, 372.8), (372.8, 372.8), (372.8, 372.8), (372.8, 372.8), (372.8, 372.8), (372.8, 372.8), (372.8, 372.8), (372.8, 372.8), (372.8, 372.8), (372.8, 372.8), (367.2, 372.8)]",0,1,12.0
novice,bomberman,2,Bomb,2,0,24.42,0.926,"[(48.0, 48.0), (62.9, 51.7), (77.9, 51.7), (98.4, 51.7), (113.3, 57.3), (115.2, 72.3), (115.2, 89.1), (115.2, 107.7), (128.3, 115.2), (143.2, 115.2), (165.6, 115.2), (180.5, 124.5), (180.5, 139.5), (180.5, 160.0), (184.3, 176.8), (199.2, 180.5), (217.9, 180.5), (236.5, 182.4), (244.0, 197.3), (244.0, 212.3), (244.0, 234.7), (257.1, 244.0), (272.0, 244.0), (292.5, 244.0), (307.5, 253.3), (307.5, 268.3), (307.5, 288.8), (311.2, 303.7), (326.1, 307.5), (342.9, 307.5), (361.6, 307.5), (372.8, 320.5), (372.8, 335.5), (372.8, 350.4), (372.8, 365.3), (372.8, 372.8), (372.8, 372.8), (372.8, 372.8), (372.8, 372.8), (372.8, 372.8), (372.8, 372.8), (372.8, 372.8), (372.8, 372.8), (372.8, 372.8), (372.8, 372.8), (372.8, 372.8), (372.8, 372.8), (372.8, 372.8), (372.8, 372.8), (372.8, 372.8), (372.8, 372.8), (372.8, 372.8), (372.8, 372.8), (372.8, 372.8), (372.8, 372.8), (372.8, 372.8), (372.8, 372.8), (372.8, 372.8), (372.8, 372.8), (372.8, 372.8), (372.8, 372.8), (372.8, 372.8), (372.8, 372.8), (372.8, 372.8), (372.8, 372.8), (372.8, 372.8), (372.8, 372.8), (372.8, 372.8), (372.8, 372.8), (372.8, 372.8), (372.8, 372.8), (372.8, 372.8), (372.8, 372.8), (372.8, 372.8), (372.8, 372.8), (372.8, 372.8), (372.8, 372.8), (372.8, 372.8), (372.8, 372.8), (372.8, 372.8), (372.8, 372.8), (372.8, 372.8), (372.8, 372.8), (372.8, 372.8), (372.8, 372.8), (372.8, 372.8), (372.8, 372.8), (372.8, 372.8), (372.8, 372.8), (372.8, 372.8), (372.8, 372.8)]",0,1,12.0
novice,bomberman,2,Bomb,9,0,24.42,0.926,"[(48.0, 48.0), (62.9, 51.7), (77.9, 51.7), (98.4, 51.7), (113.3, 57.3), (115.2, 72.3), (115.2, 89.1), (115.2, 107.7), (128.3, 115.2), (143.2, 115.2), (165.6, 115.2), (180.5, 124.5), (180.5, 139.5), (180.5, 160.0), (184.3, 176.8), (199.2, 180.5), (217.9, 180.5), (236.5, 182.4), (244.0, 197.3), (244.0, 212.3), (244.0, 234.7), (257.1, 244.0), (272.0, 244.0), (292.5, 244.0), (307.5, 253.3), (307.5, 268.3), (307.5, 288.8), (311.2, 303.7), (326.1, 307.5), (342.9, 307.5), (361.6, 307.5), (372.8, 320.5), (372.8, 335.5), (372.8, 350.4), (372.8, 365.3), (372.8, 372.8), (372.8, 372.8), (372.8, 372.8), (372.8, 372.8), (372.8, 372.8), (372.8, 372.8), (372.8, 372.8), (372.8, 372.8), (372.8, 372.8), (372.8, 372.8), (372.8, 372.8), (372.8, 372.8), (372.8, 372.8), (372.8, 372.8), (372.8, 372.8), (372.8, 372.8), (372.8, 372.8), (372.8, 372.8), (372.8, 372.8), (372.8, 372.8), (372.8, 372.8), (372.8, 372.8), (372.8, 372.8), (372.8, 372.8), (372.8, 372.8), (372.8, 372.8), (372.8, 372.8), (372.8, 372.8), (372.8, 372.8), (372.8, 372.8), (372.8, 372.8), (372.8, 372.8), (372.8, 372.8), (372.8, 372.8), (372.8, 372.8), (372.8, 372.8), (372.8, 372.8), (372.8, 372.8), (372.8, 372.8), (372.8, 372.8), (372.8, 372.8), (372.8, 372.8), (372.8, 372.8), (372.8, 372.8), (372.8, 372.8), (372.8, 372.8), (372.8, 372.8), (372.8, 372.8), (372.8, 372.8), (372.8, 372.8), (372.8, 372.8), (372.8, 372.8), (372.8, 372.8), (372.8, 372.8), (372.8, 372.8), (372.8, 372.8)]",0,1,12.0
novice,bomberman,2,Bomb,9,0,24.42,0.926,"[(48.0, 48.0), (62.9, 51.7), (77.9, 51.7), (98.4, 51.7), (113.3, 57.3), (115.2, 72.3), (115.2, 89.1), (115.2, 107.7), (128.3, 115.2), (143.2, 115.2), (165.6, 115.2), (180.5, 124.5), (180.5, 139.5), (180.5, 160.0), (184.3, 176.8), (199.2, 180.5), (217.9, 180.5), (236.5, 182.4), (244.0, 197.3), (244.0, 212.3), (244.0, 234.7), (257.1, 244.0), (272.0, 244.0), (292.5, 244.0), (307.5, 253.3), (307.5, 268.3), (307.5, 288.8), (311.2, 303.7), (326.1, 307.5), (342.9, 307.5), (361.6, 307.5), (372.8, 320.5), (372.8, 335.5), (372.8, 350.4), (372.8, 365.3), (372.8, 372.8), (372.8, 372.8), (372.8, 372.8), (372.8, 372.8), (372.8, 372.8), (372.8, 372.8), (372.8, 372.8), (372.8, 372.8), (372.8, 372.8), (372.8, 372.8), (372.8, 372.8), (372.8, 372.8), (372.8, 372.8), (372.8, 372.8), (372.8, 372.8), (372.8, 372.8), (372.8, 372.8), (372.8, 372.8), (372.8, 372.8), (372.8, 372.8), (372.8, 372.8), (372.8, 372.8), (372.8, 372.8), (372.8, 372.8), (372.8, 372.8), (372.8, 372.8), (372.8, 372.8), (372.8, 372.8), (372.8, 372.8), (372.8, 372.8), (372.8, 372.8), (372.8, 372.8), (372.8, 372.8), (372.8, 372.8), (372.8, 372.8), (372.8, 372.8), (372.8, 372.8), (372.8, 372.8), (372.8, 372.8), (372.8, 372.8), (372.8, 372.8), (372.8, 372.8), (372.8, 372.8), (372.8, 372.8), (372.8, 372.8), (372.8, 372.8), (372.8, 372.8), (372.8, 372.8), (372.8, 372.8), (372.8, 372.8), (372.8, 372.8), (372.8, 372.8), (372.8, 372.8), (372.8, 372.8), (372.8, 372.8), (372.8, 372.8)]",0,1,12.0
novice,bomberman,2,Bomb,2,0,24.42,0.926,"[(48.0, 48.0), (62.9, 51.7), (77.9, 51.7), (98.4, 51.7), (113.3, 57.3), (115.2, 72.3), (115.2, 89.1), (115.2, 107.7), (128.3, 115.2), (143.2, 115.2), (165.6, 115.2), (180.5, 124.5), (180.5, 139.5), (180.5, 160.0), (184.3, 176.8), (199.2, 180.5), (217.9, 180.5), (236.5, 182.4), (244.0, 197.3), (244.0, 212.3), (244.0, 234.7), (257.1, 244.0), (272.0, 244.0), (292.5, 244.0), (307.5, 253.3), (307.5, 268.3), (307.5, 288.8), (311.2, 303.7), (326.1, 307.5), (342.9, 307.5), (361.6, 307.5), (372.8, 320.5), (372.8, 335.5), (372.8, 350.4), (372.8, 365.3), (372.8, 372.8), (372.8, 372.8), (372.8, 372.8), (372.8, 372.8), (372.8, 372.8), (372.8, 372.8), (372.8, 372.8), (372.8, 372.8), (372.8, 372.8), (372.8, 372.8), (372.8, 372.8), (372.8, 372.8), (372.8, 372.8), (372.8, 372.8), (372.8, 372.8), (372.8, 372.8), (372.8, 372.8), (372.8, 372.8), (372.8, 372.8), (372.8, 372.8), (372.8, 372.8), (372.8, 372.8), (372.8, 372.8), (372.8, 372.8), (372.8, 372.8), (372.8, 372.8), (372.8, 372.8), (372.8, 372.8), (372.8, 372.8), (372.8, 372.8), (372.8, 372.8), (372.8, 372.8), (372.8, 372.8), (372.8, 372.8), (372.8, 372.8), (372.8, 372.8), (372.8, 372.8), (372.8, 372.8), (372.8, 372.8), (372.8, 372.8), (372.8, 372.8), (372.8, 372.8), (372.8, 372.8), (372.8, 372.8), (372.8, 372.8), (372.8, 372.8), (372.8, 372.8), (372.8, 372.8), (372.8, 372.8), (372.8, 372.8), (372.8, 372.8), (372.8, 372.8), (372.8, 372.8), (372.8, 372.8), (372.8, 372.8), (372.8, 372.8)]",0,1,12.0
novice,bomberman,2,Bomb,7,0,23.96,0.926,"[(48.0, 48.0), (62.9, 51.7), (77.9, 51.7), (98.4, 51.7), (113.3, 57.3), (115.2, 72.3), (115.2, 89.1), (115.2, 107.7), (128.3, 115.2), (143.2, 115.2), (165.6, 115.2), (180.5, 124.5), (180.5, 139.5), (180.5, 160.0), (184.3, 176.8), (199.2, 180.5), (217.9, 180.5), (236.5, 182.4), (244.0, 197.3), (244.0, 212.3), (244.0, 234.7), (257.1, 244.0), (272.0, 244.0), (292.5, 244.0), (307.5, 253.3), (307.5, 268.3), (307.5, 288.8), (311.2, 303.7), (326.1, 307.5), (342.9, 307.5), (361.6, 307.5), (372.8, 320.5), (372.8, 335.5), (372.8, 350.4), (372.8, 365.3), (372.8, 372.8), (372.8, 372.8), (372.8, 372.8), (372.8, 372.8), (372.8, 372.8), (372.8, 372.8), (372.8, 372.8), (372.8, 372.8), (372.8, 372.8), (372.8, 372.8), (372.8, 372.8), (372.8, 372.8), (372.8, 372.8), (372.8, 372.8), (372.8, 372.8), (372.8, 372.8), (372.8, 372.8), (372.8, 372.8), (372.8, 372.8), (372.8, 372.8), (372.8, 372.8), (372.8, 372.8), (372.8, 372.8), (372.8, 372.8), (372.8, 372.8), (372.8, 372.8), (372.8, 372.8), (372.8, 372.8), (372.8, 372.8), (372.8, 372.8), (372.8, 372.8), (372.8, 372.8), (372.8, 372.8), (372.8, 372.8), (372.8, 372.8), (372.8, 372.8), (372.8, 372.8), (372.8, 372.8), (372.8, 372.8), (372.8, 372.8), (372.8, 372.8), (372.8, 372.8), (372.8, 372.8), (372.8, 372.8), (372.8, 372.8), (372.8, 372.8), (372.8, 372.8), (372.8, 372.8), (372.8, 372.8), (372.8, 372.8), (372.8, 372.8), (372.8, 372.8), (372.8, 372.8), (372.8, 372.8), (372.8, 372.8), (367.2, 372.8)]",0,1,12.0
novice,bomberman,2,Bomb,3,0,24.42,0.926,"[(48.0, 48.0), (62.9, 51.7), (77.9, 51.7), (98.4, 51.7), (113.3, 57.3), (115.2, 72.3), (115.2, 89.1), (115.2, 107.7), (128.3, 115.2), (143.2, 115.2), (165.6, 115.2), (180.5, 124.5), (180.5, 139.5), (180.5, 160.0), (184.3, 176.8), (199.2, 180.5), (217.9, 180.5), (236.5, 182.4), (244.0, 197.3), (244.0, 212.3), (244.0, 234.7), (257.1, 244.0), (272.0, 244.0), (292.5, 244.0), (307.5, 253.3), (307.5, 268.3), (307.5, 288.8), (311.2, 303.7), (326.1, 307.5), (342.9, 307.5), (361.6, 307.5), (372.8, 320.5), (372.8, 335.5), (372.8, 350.4), (372.8, 365.3), (372.8, 372.8), (372.8, 372.8), (372.8, 372.8), (372.8, 372.8), (372.8, 372.8), (372.8, 372.8), (372.8, 372.8), (372.8, 372.8), (372.8, 372.8), (372.8, 372.8), (372.8, 372.8), (372.8, 372.8), (372.8, 372.8), (372.8, 372.8), (372.8, 372.8), (372.8, 372.8), (372.8, 372.8), (372.8, 372.8), (372.8, 372.8), (372.8, 372.8), (372.8, 372.8), (372.8, 372.8), (372.8, 372.8), (372.8, 372.8), (372.8, 372.8), (372.8, 372.8), (372.8, 372.8), (372.8, 372.8), (372.8, 372.8), (372.8, 372.8), (372.8, 372.8), (372.8, 372.8), (372.8, 372.8), (372.8, 372.8), (372.8, 372.8), (372.8, 372.8), (372.8, 372.8), (372.8, 372.8), (372.8, 372.8), (372.8, 372.8), (372.8, 372.8), (372.8, 372.8), (372.8, 372.8), (372.8, 372.8), (372.8, 372.8), (372.8, 372.8), (372.8, 372.8), (372.8, 372.8), (372.8, 372.8), (372.8, 372.8), (372.8, 372.8), (372.8, 372.8), (372.8, 372.8), (372.8, 372.8), (372.8, 372.8), (372.8, 372.8)]",0,1,12.0
novice,bomberman,2,Bomb,2,0,24.42,0.926,"[(48.0, 48.0), (62.9, 51.7), (77.9, 51.7), (98.4, 51.7), (113.3, 57.3), (115.2, 72.3), (115.2, 89.1), (115.2, 107.7), (128.3, 115.2), (143.2, 115.2), (165.6, 115.2), (180.5, 124.5), (180.5, 139.5), (180.5, 160.0), (184.3, 176.8), (199.2, 180.5), (217.9, 180.5), (236.5, 182.4), (244.0, 197.3), (244.0, 212.3), (244.0, 234.7), (257.1, 244.0), (272.0, 244.0), (292.5, 244.0), (307.5, 253.3), (307.5, 268.3), (307.5, 288.8), (311.2, 303.7), (326.1, 307.5), (342.9, 307.5), (361.6, 307.5), (372.8, 320.5), (372.8, 335.5), (372.8, 350.4), (372.8, 365.3), (372.8, 372.8), (372.8, 372.8), (372.8, 372.8), (372.8, 372.8), (372.8, 372.8), (372.8, 372.8), (372.8, 372.8), (372.8, 372.8), (372.8, 372.8), (372.8, 372.8), (372.8, 372.8), (372.8, 372.8), (372.8, 372.8), (372.8, 372.8), (372.8, 372.8), (372.8, 372.8), (372.8, 372.8), (372.8, 372.8), (372.8, 372.8), (372.8, 372.8), (372.8, 372.8), (372.8, 372.8), (372.8, 372.8), (372.8, 372.8), (372.8, 372.8), (372.8, 372.8), (372.8, 372.8), (372.8, 372.8), (372.8, 372.8), (372.8, 372.8), (372.8, 372.8), (372.8, 372.8), (372.8, 372.8), (372.8, 372.8), (372.8, 372.8), (372.8, 372.8), (372.8, 372.8), (372.8, 372.8), (372.8, 372.8), (372.8, 372.8), (372.8, 372.8), (372.8, 372.8), (372.8, 372.8), (372.8, 372.8), (372.8, 372.8), (372.8, 372.8), (372.8, 372.8), (372.8, 372.8), (372.8, 372.8), (372.8, 372.8), (372.8, 372.8), (372.8, 372.8), (372.8, 372.8), (372.8, 372.8), (372.8, 372.8), (372.8, 372.8)]",0,1,12.0
novice,bomberman,2,Bomb,1,0,24.42,0.926,"[(48.0, 48.0), (62.9, 51.7), (77.9, 51.7), (98.4, 51.7), (113.3, 57.3), (115.2, 72.3), (115.2, 89.1), (115.2, 107.7), (128.3, 115.2), (143.2, 115.2), (165.6, 115.2), (180.5, 124.5), (180.5, 139.5), (180.5, 160.0), (184.3, 176.8), (199.2, 180.5), (217.9, 180.5), (236.5, 182.4), (244.0, 197.3), (244.0, 212.3), (244.0, 234.7), (257.1, 244.0), (272.0, 244.0), (292.5, 244.0), (307.5, 253.3), (307.5, 268.3), (307.5, 288.8), (311.2, 303.7), (326.1, 307.5), (342.9, 307.5), (361.6, 307.5), (372.8, 320.5), (372.8, 335.5), (372.8, 350.4), (372.8, 365.3), (372.8, 372.8), (372.8, 372.8), (372.8, 372.8), (372.8, 372.8), (372.8, 372.8), (372.8, 372.8), (372.8, 372.8), (372.8, 372.8), (372.8, 372.8), (372.8, 372.8), (372.8, 372.8), (372.8, 372.8), (372.8, 372.8), (372.8, 372.8), (372.8, 372.8), (372.8, 372.8), (372.8, 372.8), (372.8, 372.8), (372.8, 372.8), (372.8, 372.8), (372.8, 372.8), (372.8, 372.8), (372.8, 372.8), (372.8, 372.8), (372.8, 372.8), (372.8, 372.8), (372.8, 372.8), (372.8, 372.8), (372.8, 372.8), (372.8, 372.8), (372.8, 372.8), (372.8, 372.8), (372.8, 372.8), (372.8, 372.8), (372.8, 372.8), (372.8, 372.8), (372.8, 372.8), (372.8, 372.8), (372.8, 372.8), (372.8, 372.8), (372.8, 372.8), (372.8, 372.8), (372.8, 372.8), (372.8, 372.8), (372.8, 372.8), (372.8, 372.8), (372.8, 372.8), (372.8, 372.8), (372.8, 372.8), (372.8, 372.8), (372.8, 372.8), (372.8, 372.8), (372.8, 372.8), (372.8, 372.8), (372.8, 372.8), (372.8, 372.8)]",0,1,12.0
novice,bomberman,2,Bomb,1,0,24.42,0.926,"[(48.0, 48.0), (62.9, 51.7), (77.9, 51.7), (98.4, 51.7), (113.3, 57.3), (115.2, 72.3), (115.2, 89.1), (115.2, 107.7), (128.3, 115.2), (143.2, 115.2), (165.6, 115.2), (180.5, 124.5), (180.5, 139.5), (180.5, 160.0), (184.3, 176.8), (199.2, 180.5), (217.9, 180.5), (236.5, 182.4), (244.0, 197.3), (244.0, 212.3), (244.0, 234.7), (257.1, 244.0), (272.0, 244.0), (292.5, 244.0), (307.5, 253.3), (307.5, 268.3), (307.5, 288.8), (311.2, 303.7), (326.1, 307.5), (342.9, 307.5), (361.6, 307.5), (372.8, 320.5), (372.8, 335.5), (372.8, 350.4), (372.8, 365.3), (372.8, 372.8), (372.8, 372.8), (372.8, 372.8), (372.8, 372.8), (372.8, 372.8), (372.8, 372.8), (372.8, 372.8), (372.8, 372.8), (372.8, 372.8), (372.8, 372.8), (372.8, 372.8), (372.8, 372.8), (372.8, 372.8), (372.8, 372.8), (372.8, 372.8), (372.8, 372.8), (372.8, 372.8), (372.8, 372.8), (372.8, 372.8), (372.8, 372.8), (372.8, 372.8), (372.8, 372.8), (372.8, 372.8), (372.8, 372.8), (372.8, 372.8), (372.8, 372.8), (372.8, 372.8), (372.8, 372.8), (372.8, 372.8), (372.8, 372.8), (372.8, 372.8), (372.8, 372.8), (372.8, 372.8), (372.8, 372.8), (372.8, 372.8), (372.8, 372.8), (372.8, 372.8), (372.8, 372.8), (372.8, 372.8), (372.8, 372.8), (372.8, 372.8), (372.8, 372.8), (372.8, 372.8), (372.8, 372.8), (372.8, 372.8), (372.8, 372.8), (372.8, 372.8), (372.8, 372.8), (372.8, 372.8), (372.8, 372.8), (372.8, 372.8), (372.8, 372.8), (372.8, 372.8), (372.8, 372.8), (372.8, 372.8), (372.8, 372.8)]",0,1,12.0
novice,bomberman,2,Bomb,4,0,24.42,0.926,"[(48.0, 48.0), (62.9, 51.7), (77.9, 51.7), (98.4, 51.7), (113.3, 57.3), (115.2, 72.3), (115.2, 89.1), (115.2, 107.7), (128.3, 115.2), (143.2, 115.2), (165.6, 115.2), (180.5, 124.5), (180.5, 139.5), (180.5, 160.0), (184.3, 176.8), (199.2, 180.5), (217.9, 180.5), (236.5, 182.4), (244.0, 197.3), (244.0, 212.3), (244.0, 234.7), (257.1, 244.0), (272.0, 244.0), (292.5, 244.0), (307.5, 253.3), (307.5, 268.3), (307.5, 288.8), (311.2, 303.7), (326.1, 307.5), (342.9, 307.5), (361.6, 307.5), (372.8, 320.5), (372.8, 335.5), (372.8, 350.4), (372.8, 365.3), (372.8, 372.8), (372.8, 372.8), (372.8, 372.8), (372.8, 372.8), (372.8, 372.8), (372.8, 372.8), (372.8, 372.8), (372.8, 372.8), (372.8, 372.8), (372.8, 372.8), (372.8, 372.8), (372.8, 372.8), (372.8, 372.8), (372.8, 372.8), (372.8, 372.8), (372.8, 372.8), (372.8, 372.8), (372.8, 372.8), (372.8, 372.8), (372.8, 372.8), (372.8, 372.8), (372.8, 372.8), (372.8, 372.8), (372.8, 372.8), (372.8, 372.8), (372.8, 372.8), (372.8, 372.8), (372.8, 372.8), (372.8, 372.8), (372.8, 372.8), (372.8, 372.8), (372.8, 372.8), (372.8, 372.8), (372.8, 372.8), (372.8, 372.8), (372.8, 372.8), (372.8, 372.8), (372.8, 372.8), (372.8, 372.8), (372.8, 372.8), (372.8, 372.8), (372.8, 372.8), (372.8, 372.8), (372.8, 372.8), (372.8, 372.8), (372.8, 372.8), (372.8, 372.8), (372.8, 372.8), (372.8, 372.8), (372.8, 372.8), (372.8, 372.8), (372.8, 372.8), (372.8, 372.8), (372.8, 372.8), (372.8, 372.8), (372.8, 372.8)]",0,1,12.0
novice,bomberman,2,Bomb,1,0,24.42,0.926,"[(48.0, 48.0), (62.9, 51.7), (77.9, 51.7), (98.4, 51.7), (113.3, 57.3), (115.2, 72.3), (115.2, 89.1), (115.2, 107.7), (128.3, 115.2), (143.2, 115.2), (165.6, 115.2), (180.5, 124.5), (180.5, 139.5), (180.5, 160.0), (184.3, 176.8), (199.2, 180.5), (217.9, 180.5), (236.5, 182.4), (244.0, 197.3), (244.0, 212.3), (244.0, 234.7), (257.1, 244.0), (272.0, 244.0), (292.5, 244.0), (307.5, 253.3), (307.5, 268.3), (307.5, 288.8), (311.2, 303.7), (326.1, 307.5), (342.9, 307.5), (361.6, 307.5), (372.8, 320.5), (372.8, 335.5), (372.8, 350.4), (372.8, 365.3), (372.8, 372.8), (372.8, 372.8), (372.8, 372.8), (372.8, 372.8), (372.8, 372.8), (372.8, 372.8), (372.8, 372.8), (372.8, 372.8), (372.8, 372.8), (372.8, 372.8), (372.8, 372.8), (372.8, 372.8), (372.8, 372.8), (372.8, 372.8), (372.8, 372.8), (372.8, 372.8), (372.8, 372.8), (372.8, 372.8), (372.8, 372.8), (372.8, 372.8), (372.8, 372.8), (372.8, 372.8), (372.8, 372.8), (372.8, 372.8), (372.8, 372.8), (372.8, 372.8), (372.8, 372.8), (372.8, 372.8), (372.8, 372.8), (372.8, 372.8), (372.8, 372.8), (372.8, 372.8), (372.8, 372.8), (372.8, 372.8), (372.8, 372.8), (372.8, 372.8), (372.8, 372.8), (372.8, 372.8), (372.8, 372.8), (372.8, 372.8), (372.8, 372.8), (372.8, 372.8), (372.8, 372.8), (372.8, 372.8), (372.8, 372.8), (372.8, 372.8), (372.8, 372.8), (372.8, 372.8), (372.8, 372.8), (372.8, 372.8), (372.8, 372.8), (372.8, 372.8), (372.8, 372.8), (372.8, 372.8), (372.8, 372.8), (372.8, 372.8)]",0,1,12.0
novice,bomberman,2,Bomb,6,0,24.42,0.926,"[(48.0, 48.0), (62.9, 51.7), (77.9, 51.7), (98.4, 51.7), (113.3, 57.3), (115.2, 72.3), (115.2, 89.1), (115.2, 107.7), (128.3, 115.2), (143.2, 115.2), (165.6, 115.2), (180.5, 124.5), (180.5, 139.5), (180.5, 160.0), (184.3, 176.8), (199.2, 180.5), (217.9, 180.5), (236.5, 182.4), (244.0, 197.3), (244.0, 212.3), (244.0, 234.7), (257.1, 244.0), (272.0, 244.0), (292.5, 244.0), (307.5, 253.3), (307.5, 268.3), (307.5, 288.8), (311.2, 303.7), (326.1, 307.5), (342.9, 307.5), (361.6, 307.5), (372.8, 320.5), (372.8, 335.5), (372.8, 350.4), (372.8, 365.3), (372.8, 372.8), (372.8, 372.8), (372.8, 372.8), (372.8, 372.8), (372.8, 372.8), (372.8, 372.8), (372.8, 372.8), (372.8, 372.8), (372.8, 372.8), (372.8, 372.8), (372.8, 372.8), (372.8, 372.8), (372.8, 372.8), (372.8, 372.8), (372.8, 372.8), (372.8, 372.8), (372.8, 372.8), (372.8, 372.8), (372.8, 372.8), (372.8, 372.8), (372.8, 372.8), (372.8, 372.8), (372.8, 372.8), (372.8, 372.8), (372.8, 372.8), (372.8, 372.8), (372.8, 372.8), (372.8, 372.8), (372.8, 372.8), (372.8, 372.8), (372.8, 372.8), (372.8, 372.8), (372.8, 372.8), (372.8, 372.8), (372.8, 372.8), (372.8, 372.8), (372.8, 372.8), (372.8, 372.8), (372.8, 372.8), (372.8, 372.8), (372.8, 372.8), (372.8, 372.8), (372.8, 372.8), (372.8, 372.8), (372.8, 372.8), (372.8, 372.8), (372.8, 372.8), (372.8, 372.8), (372.8, 372.8), (372.8, 372.8), (372.8, 372.8), (372.8, 372.8), (372.8, 372.8), (372.8, 372.8), (372.8, 372.8), (372.8, 372.8)]",0,1,12.0
