persona,game,world,cause_of_death,jump_count,coins_collected,avg_vx,progress_ratio,route,enemies_killed,elapsed_time
experienced,meatboy,3,Stuck,0,0,0.0,0.088,"[(73.0, 621.0), (73.0, 627.3), (73.0, 627.0), (73.0, 627.9), (73.0, 627.3), (73.0, 627.0), (73.0, 627.9), (73.0, 627.3), (73.0, 627.0), (73.0, 627.9), (73.0, 627.3), (73.0, 627.0), (73.0, 627.9), (73.0, 627.3), (73.0, 627.0), (73.0, 627.9), (73.0, 627.3), (73.0, 627.0), (73.0, 627.9), (73.0, 627.3), (73.0, 627.0), (73.0, 627.9), (73.0, 627.3), (73.0, 627.0), (73.0, 627.9), (73.0, 627.3), (73.0, 627.0), (73.0, 627.9), (73.0, 627.3), (73.0, 627.0), (73.0, 627.9), (73.0, 627.3), (73.0, 627.0), (73.0, 627.9), (73.0, 627.3), (73.0, 627.0), (73.0, 627.9), (73.0, 627.3)]",0,5.0
experienced,meatboy,3,Stuck,1,0,0.0,0.088,"[(73.0, 621.0), (73.0, 627.3), (73.0, 627.0), (73.0, 627.9), (73.0, 627.3), (73.0, 627.0), (73.0, 627.9), (73.0, 627.3), (73.0, 627.0), (73.0, 627.9), (73.0, 627.3), (73.0, 627.0), (73.0, 627.9), (73.0, 627.3), (73.0, 627.0), (73.0, 627.9), (73.0, 627.3), (73.0, 627.0), (73.0, 627.9), (73.0, 627.3), (73.0, 627.0), (73.0, 627.9), (73.0, 627.3), (73.0, 627.0), (73.0, 627.9), (73.0, 627.3), (73.0, 627.0), (73.0, 627.9), (73.0, 627.3), (73.0, 627.0), (73.0, 627.9), (73.0, 627.3), (73.0, 627.0), (73.0, 627.9), (73.0, 627.3), (73.0, 627.0), (73.0, 627.9), (73.0, 627.3)]",0,5.0
experienced,meatboy,3,Stuck,34,0,9.06,0.101,"[(73.0, 621.0), (73.0, 617.3), (73.0, 610.2), (73.0, 622.0), (151.0, 603.4), (73.0, 584.8), (73.0, 591.9), (124.7, 582.9), (84.3, 564.3), (73.0, 564.3), (73.0, 583.2), (114.3, 584.6), (97.7, 566.0), (73.0, 563.6), (73.0, 580.2), (104.0, 586.6), (111.0, 567.9), (73.0, 563.2), (73.0, 577.4), (93.7, 588.8), (124.3, 570.2), (73.0, 563.1), (73.0, 574.9), (93.7, 584.6), (124.3, 565.9), (73.0, 558.9), (73.0, 570.7), (83.3, 587.1), (137.7, 568.5), (73.0, 559.1), (73.0, 568.5), (73.0, 596.8), (151.0, 578.2), (73.0, 559.6), (73.0, 566.6), (73.0, 592.6), (144.6, 579.0), (73.0, 560.3), (73.0, 565.1), (73.0, 588.6), (135.0, 580.0), (73.0, 561.4), (73.0, 563.8), (73.0, 585.0), (124.7, 581.4), (84.3, 562.8)]",0,6.0
experienced,meatboy,3,Stuck,16,0,8.52,0.137,"[(73.0, 621.0), (124.7, 606.3), (84.3, 560.2), (93.2, 543.1), (132.4, 550.2), (149.3, 576.1), (150.3, 620.9), (127.5, 627.0), (107.7, 573.6), (132.5, 564.2), (143.6, 573.6), (146.1, 601.9), (141.9, 627.0), (108.8, 598.2), (112.1, 566.8), (142.9, 566.9), (146.8, 585.7), (149.3, 623.4), (128.7, 627.3), (103.9, 580.1), (124.4, 565.2), (144.2, 572.3), (146.7, 598.2), (146.2, 627.9), (113.7, 612.8), (105.5, 570.4), (136.6, 565.7), (144.8, 579.8), (147.2, 612.8), (136.7, 627.9), (108.1, 585.5), (123.0, 565.1), (142.8, 569.8), (145.2, 593.4), (146.4, 627.3), (114.9, 612.2), (106.7, 569.8), (137.8, 565.1), (146.0, 579.2), (148.4, 612.2), (137.9, 627.9)]",0,5.42
experienced,meatboy,3,Stuck,0,0,0.0,0.088,"[(73.0, 621.0), (73.0, 627.3), (73.0, 627.0), (73.0, 627.9), (73.0, 627.3), (73.0, 627.0), (73.0, 627.9), (73.0, 627.3), (73.0, 627.0), (73.0, 627.9), (73.0, 627.3), (73.0, 627.0), (73.0, 627.9), (73.0, 627.3), (73.0, 627.0), (73.0, 627.9), (73.0, 627.3), (73.0, 627.0), (73.0, 627.9), (73.0, 627.3), (73.0, 627.0), (73.0, 627.9), (73.0, 627.3), (73.0, 627.0), (73.0, 627.9), (73.0, 627.3), (73.0, 627.0), (73.0, 627.9), (73.0, 627.3), (73.0, 627.0), (73.0, 627.9), (73.0, 627.3), (73.0, 627.0), (73.0, 627.9), (73.0, 627.3), (73.0, 627.0), (73.0, 627.9), (73.0, 627.3)]",0,5.0
experienced,meatboy,3,Stuck,3,0,34.79,0.182,"[(73.0, 621.0), (98.2, 627.3), (138.2, 612.5), (151.7, 612.6), (151.7, 627.3), (151.7, 627.0), (151.7, 627.9), (151.7, 627.3), (151.7, 627.0), (151.7, 627.9), (151.7, 627.3), (151.7, 627.0), (151.7, 627.9), (151.7, 627.3), (151.7, 627.0), (151.7, 627.9), (151.7, 627.3), (151.7, 627.0), (151.7, 627.9), (151.7, 627.3), (151.7, 627.0), (151.7, 627.9), (151.7, 627.3), (151.7, 627.0), (151.7, 627.9), (151.7, 627.3), (151.7, 627.0), (151.7, 627.9), (151.7, 627.3), (151.7, 627.0), (151.7, 627.9), (151.7, 627.3), (151.7, 627.0), (151.7, 627.9), (151.7, 627.3), (151.7, 627.0), (151.7, 627.9), (151.7, 627.3), (151.7, 627.0), (151.7, 627.9)]",0,5.23
experienced,meatboy,3,Stuck,3,0,26.84,0.181,"[(73.0, 621.0), (98.2, 623.1), (138.2, 618.4), (151.2, 627.3), (149.2, 627.0), (147.2, 627.9), (145.2, 627.3), (143.2, 627.0), (141.2, 627.9), (139.2, 627.3), (137.2, 627.0), (135.2, 627.9), (133.2, 627.3), (131.2, 627.0), (129.2, 627.9), (131.3, 627.3), (142.7, 627.0), (151.0, 627.9), (151.0, 627.3), (151.0, 627.0), (151.0, 627.9), (151.0, 627.3), (151.0, 627.0), (151.0, 627.9), (151.0, 627.3), (151.0, 627.0), (151.0, 627.9), (151.0, 627.3), (151.0, 627.0), (151.0, 627.9), (151.0, 627.3), (151.0, 627.0), (151.0, 627.9), (151.0, 627.3), (151.0, 627.0), (151.0, 627.9), (151.0, 627.3), (151.0, 627.0), (151.0, 627.9), (151.0, 627.3)]",0,5.23
experienced,meatboy,3,Stuck,4,0,12.81,0.182,"[(73.0, 621.0), (93.2, 617.3), (132.4, 610.2), (143.6, 622.0), (147.2, 612.2), (149.7, 612.3), (150.3, 620.0), (147.4, 610.6), (144.5, 620.1), (144.1, 627.9), (146.1, 627.3), (148.1, 627.0), (150.1, 627.9), (150.8, 627.3), (150.8, 627.0), (150.8, 627.9), (150.8, 627.3), (150.8, 627.0), (150.8, 627.9), (150.8, 627.3), (150.8, 627.0), (150.8, 627.9), (150.8, 627.3), (150.8, 627.0), (150.8, 627.9), (150.8, 627.3), (150.8, 627.0), (150.8, 627.9), (150.8, 627.3), (150.8, 627.0), (150.8, 627.9), (150.8, 627.3), (150.8, 627.0), (150.8, 627.9), (150.8, 627.3), (150.8, 627.0), (150.8, 627.9), (150.8, 627.3), (150.8, 627.0), (150.8, 627.9)]",0,5.25
experienced,meatboy,3,Stuck,1,0,0.0,0.088,"[(73.0, 621.0), (73.0, 627.3), (73.0, 627.0), (73.0, 627.9), (73.0, 627.3), (73.0, 627.0), (73.0, 627.9), (73.0, 627.3), (73.0, 627.0), (73.0, 627.9), (73.0, 627.3), (73.0, 627.0), (73.0, 627.9), (73.0, 627.3), (73.0, 627.0), (73.0, 627.9), (73.0, 627.3), (73.0, 627.0), (73.0, 627.9), (73.0, 627.3), (73.0, 627.0), (73.0, 627.9), (73.0, 627.3), (73.0, 627.0), (73.0, 627.9), (73.0, 627.3), (73.0, 627.0), (73.0, 627.9), (73.0, 627.3), (73.0, 627.0), (73.0, 627.9), (73.0, 627.3), (73.0, 627.0), (73.0, 627.9), (73.0, 627.3), (73.0, 627.0), (73.0, 627.9), (73.0, 627.3)]",0,5.0
experienced,meatboy,3,Stuck,1,0,0.0,0.088,"[(73.0, 621.0), (73.0, 627.3), (73.0, 627.0), (73.0, 627.9), (73.0, 627.3), (73.0, 627.0), (73.0, 627.9), (73.0, 627.3), (73.0, 627.0), (73.0, 627.9), (73.0, 627.3), (73.0, 627.0), (73.0, 627.9), (73.0, 627.3), (73.0, 627.0), (73.0, 627.9), (73.0, 627.3), (73.0, 627.0), (73.0, 627.9), (73.0, 627.3), (73.0, 627.0), (73.0, 627.9), (73.0, 627.3), (73.0, 627.0), (73.0, 627.9), (73.0, 627.3), (73.0, 627.0), (73.0, 627.9), (73.0, 627.3), (73.0, 627.0), (73.0, 627.9), (73.0, 627.3), (73.0, 627.0), (73.0, 627.9), (73.0, 627.3), (73.0, 627.0), (73.0, 627.9), (73.0, 627.3)]",0,5.0
experienced,meatboy,3,Stuck,16,0,8.52,0.137,"[(73.0, 621.0), (124.7, 606.3), (84.3, 560.2), (93.2, 543.1), (132.4, 550.2), (149.3, 576.1), (150.3, 620.9), (127.5, 627.0), (107.7, 573.6), (132.5, 564.2), (143.6, 573.6), (146.1, 601.9), (141.9, 627.0), (108.8, 598.2), (112.1, 566.8), (142.9, 566.9), (146.8, 585.7), (149.3, 623.4), (128.7, 627.3), (103.9, 580.1), (124.4, 565.2), (144.2, 572.3), (146.7, 598.2), (146.2, 627.9), (113.7, 612.8), (105.5, 570.4), (136.6, 565.7), (144.8, 579.8), (147.2, 612.8), (136.7, 627.9), (108.1, 585.5), (123.0, 565.1), (142.8, 569.8), (145.2, 593.4), (146.4, 627.3), (114.9, 612.2), (106.7, 569.8), (137.8, 565.1), (146.0, 579.2), (148.4, 612.2), (137.9, 627.9)]",0,5.42
experienced,meatboy,3,Stuck,34,0,9.06,0.101,"[(73.0, 621.0), (73.0, 617.3), (73.0, 610.2), (73.0, 622.0), (151.0, 603.4), (73.0, 584.8), (73.0, 591.9), (124.7, 582.9), (84.3, 564.3), (73.0, 564.3), (73.0, 583.2), (114.3, 584.6), (97.7, 566.0), (73.0, 563.6), (73.0, 580.2), (104.0, 586.6), (111.0, 567.9), (73.0, 563.2), (73.0, 577.4), (93.7, 588.8), (124.3, 570.2), (73.0, 563.1), (73.0, 574.9), (93.7, 584.6), (124.3, 565.9), (73.0, 558.9), (73.0, 570.7), (83.3, 587.1), (137.7, 568.5), (73.0, 559.1), (73.0, 568.5), (73.0, 596.8), (151.0, 578.2), (73.0, 559.6), (73.0, 566.6), (73.0, 592.6), (144.6, 579.0), (73.0, 560.3), (73.0, 565.1), (73.0, 588.6), (135.0, 580.0), (73.0, 561.4), (73.0, 563.8), (73.0, 585.0), (124.7, 581.4), (84.3, 562.8)]",0,6.0
experienced,meatboy,3,Stuck,4,0,12.81,0.182,"[(73.0, 621.0), (93.2, 617.3), (132.4, 610.2), (143.6, 622.0), (147.2, 612.2), (149.7, 612.3), (150.3, 620.0), (147.4, 610.6), (144.5, 620.1), (144.1, 627.9), (146.1, 627.3), (148.1, 627.0), (150.1, 627.9), (150.8, 627.3), (150.8, 627.0), (150.8, 627.9), (150.8, 627.3), (150.8, 627.0), (150.8, 627.9), (150.8, 627.3), (150.8, 627.0), (150.8, 627.9), (150.8, 627.3), (150.8, 627.0), (150.8, 627.9), (150.8, 627.3), (150.8, 627.0), (150.8, 627.9), (150.8, 627.3), (150.8, 627.0), (150.8, 627.9), (150.8, 627.3), (150.8, 627.0), (150.8, 627.9), (150.8, 627.3), (150.8, 627.0), (150.8, 627.9), (150.8, 627.3), (150.8, 627.0), (150.8, 627.9)]",0,5.25
experienced,meatboy,3,Stuck,3,0,26.84,0.181,"[(73.0, 621.0), (98.2, 623.1), (138.2, 618.4), (151.2, 627.3), (149.2, 627.0), (147.2, 627.9), (145.2, 627.3), (143.2, 627.0), (141.2, 627.9), (139.2, 627.3), (137.2, 627.0), (135.2, 627.9), (133.2, 627.3), (131.2, 627.0), (129.2, 627.9), (131.3, 627.3), (142.7, 627.0), (151.0, 627.9), (151.0, 627.3), (151.0, 627.0), (151.0, 627.9), (151.0, 627.3), (151.0, 627.0), (151.0, 627.9), (151.0, 627.3), (151.0, 627.0), (151.0, 627.9), (151.0, 627.3), (151.0, 627.0), (151.0, 627.9), (151.0, 627.3), (151.0, 627.0), (151.0, 627.9), (151.0, 627.3), (151.0, 627.0), (151.0, 627.9), (151.0, 627.3), (151.0, 627.0), (151.0, 627.9), (151.0, 627.3)]",0,5.23
experienced,meatboy,3,Stuck,1,0,15.03,0.181,"[(73.0, 621.0), (98.2, 627.3), (136.9, 612.5), (151.0, 612.6), (151.0, 627.3), (151.0, 627.0), (151.0, 627.9), (151.0, 627.3), (151.0, 627.0), (151.0, 627.9), (151.0, 627.3), (151.0, 627.0), (151.0, 627.9), (151.0, 627.3), (151.0, 627.0), (151.0, 627.9), (151.0, 627.3), (151.0, 627.0), (151.0, 627.9), (151.0, 627.3), (151.0, 627.0), (151.0, 627.9), (151.0, 627.3), (151.0, 627.0), (151.0, 627.9), (151.0, 627.3), (151.0, 627.0), (151.0, 627.9), (151.0, 627.3), (151.0, 627.0), (151.0, 627.9), (151.0, 627.3), (151.0, 627.0), (151.0, 627.9), (151.0, 627.3), (151.0, 627.0), (151.0, 627.9), (151.0, 627.3), (151.0, 627.0), (151.0, 627.9)]",0,5.25
experienced,meatboy,3,Stuck,28,0,11.34,0.156,"[(73.0, 621.0), (124.7, 606.3), (84.3, 560.2), (93.2, 543.1), (133.2, 550.2), (150.3, 576.1), (147.4, 620.9), (125.7, 604.8), (127.2, 567.9), (130.1, 565.5), (127.2, 582.0), (125.7, 617.4), (111.2, 598.8), (123.1, 577.2), (127.7, 582.0), (126.6, 605.6), (121.2, 627.0), (114.3, 581.1), (130.5, 576.4), (129.4, 590.5), (129.7, 623.5), (114.2, 597.9), (126.1, 576.4), (126.4, 581.1), (125.3, 604.7), (119.8, 627.0), (112.9, 581.1), (129.2, 576.4), (128.1, 590.5), (128.4, 623.5), (112.8, 597.9), (126.2, 576.4), (130.8, 581.1), (129.7, 604.7), (124.3, 627.0), (117.4, 581.1), (127.8, 576.4), (126.7, 590.5), (127.1, 623.5), (111.5, 597.9), (124.8, 576.4)]",0,5.42
experienced,meatboy,3,Stuck,4,0,1.11,0.088,"[(73.0, 621.0), (135.0, 604.4), (73.0, 551.4), (77.3, 542.0), (108.8, 551.5), (118.5, 579.8), (88.8, 626.9), (73.0, 627.3), (73.0, 627.0), (73.0, 627.9), (73.0, 627.3), (73.0, 627.0), (73.0, 627.9), (73.0, 627.3), (73.0, 627.0), (73.0, 627.9), (73.0, 627.3), (73.0, 627.0), (73.0, 627.9), (73.0, 627.3), (73.0, 627.0), (73.0, 627.9), (73.0, 627.3), (73.0, 627.0), (73.0, 627.9), (73.0, 627.3), (73.0, 627.0), (73.0, 627.9), (73.0, 627.3), (73.0, 627.0), (73.0, 627.9), (73.0, 627.3), (73.0, 627.0), (73.0, 627.9), (73.0, 627.3), (73.0, 627.0), (73.0, 627.9), (73.0, 627.3), (73.0, 627.0)]",0,5.13
experienced,meatboy,3,Stuck,10,0,49.07,0.374,"[(73.0, 621.0), (151.0, 561.9), (155.3, 511.6), (191.2, 480.2), (231.2, 467.7), (271.2, 474.0), (311.2, 499.1), (311.7, 523.3), (311.0, 472.2), (311.0, 457.9), (311.7, 465.0), (311.7, 491.0), (311.7, 530.2), (311.0, 483.2), (311.0, 459.1), (311.7, 461.5), (311.7, 482.7), (311.7, 520.2), (311.0, 495.4), (311.0, 461.5), (311.7, 459.1), (311.7, 475.6), (311.7, 510.3), (311.0, 508.8), (311.0, 465.0), (311.7, 457.9), (311.7, 469.7), (311.7, 500.4), (311.7, 523.3), (311.0, 472.2), (311.0, 457.9), (311.7, 465.0), (311.7, 491.0), (311.7, 530.2), (311.0, 483.2), (311.0, 459.1), (311.7, 461.5), (311.7, 482.7), (311.7, 520.2), (311.0, 495.4), (311.0, 461.5), (311.7, 459.1), (311.7, 475.6), (311.7, 510.3), (311.0, 508.8), (311.0, 465.0)]",0,6.05
experienced,meatboy,3,Stuck,16,0,33.91,0.182,"[(73.0, 621.0), (91.0, 627.3), (89.1, 611.4), (124.8, 616.1), (151.0, 617.4), (151.0, 610.3), (151.0, 622.1), (151.0, 611.2), (151.0, 613.6), (151.0, 617.8), (151.0, 610.8), (151.0, 622.6), (151.0, 611.2), (151.0, 613.6), (151.0, 617.8), (151.0, 610.8), (151.0, 622.6), (151.0, 611.2), (151.0, 613.6), (151.0, 617.8), (151.0, 610.8), (151.0, 622.6), (151.0, 611.2), (151.0, 613.6), (151.0, 617.8), (151.0, 610.8), (151.0, 622.6), (151.0, 611.2), (151.0, 613.6), (151.0, 617.8), (151.0, 610.8), (151.0, 622.6), (151.0, 611.2), (151.0, 613.6), (151.0, 617.8), (151.0, 610.8), (151.0, 622.6), (151.0, 611.2), (151.0, 613.6), (151.0, 617.8), (151.0, 610.8)]",0,5.42
experienced,meatboy,3,Stuck,0,0,0.0,0.088,"[(73.0, 621.0), (73.0, 627.3), (73.0, 627.0), (73.0, 627.9), (73.0, 627.3), (73.0, 627.0), (73.0, 627.9), (73.0, 627.3), (73.0, 627.0), (73.0, 627.9), (73.0, 627.3), (73.0, 627.0), (73.0, 627.9), (73.0, 627.3), (73.0, 627.0), (73.0, 627.9), (73.0, 627.3), (73.0, 627.0), (73.0, 627.9), (73.0, 627.3), (73.0, 627.0), (73.0, 627.9), (73.0, 627.3), (73.0, 627.0), (73.0, 627.9), (73.0, 627.3), (73.0, 627.0), (73.0, 627.9), (73.0, 627.3), (73.0, 627.0), (73.0, 627.9), (73.0, 627.3), (73.0, 627.0), (73.0, 627.9), (73.0, 627.3), (73.0, 627.0), (73.0, 627.9), (73.0, 627.3)]",0,5.0
experienced,meatboy,3,Stuck,10,0,49.07,0.374,"[(73.0, 621.0), (151.0, 561.9), (155.3, 511.6), (191.2, 480.2), (231.2, 467.7), (271.2, 474.0), (311.2, 499.1), (311.7, 523.3), (311.0, 472.2), (311.0, 457.9), (311.7, 465.0), (311.7, 491.0), (311.7, 530.2), (311.0, 483.2), (311.0, 459.1), (311.7, 461.5), (311.7, 482.7), (311.7, 520.2), (311.0, 495.4), (311.0, 461.5), (311.7, 459.1), (311.7, 475.6), (311.7, 510.3), (311.0, 508.8), (311.0, 465.0), (311.7, 457.9), (311.7, 469.7), (311.7, 500.4), (311.7, 523.3), (311.0, 472.2), (311.0, 457.9), (311.7, 465.0), (311.7, 491.0), (311.7, 530.2), (311.0, 483.2), (311.0, 459.1), (311.7, 461.5), (311.7, 482.7), (311.7, 520.2), (311.0, 495.4), (311.0, 461.5), (311.7, 459.1), (311.7, 475.6), (311.7, 510.3), (311.0, 508.8), (311.0, 465.0)]",0,6.05
experienced,meatboy,3,Stuck,28,0,11.34,0.156,"[(73.0, 621.0), (124.7, 606.3), (84.3, 560.2), (93.2, 543.1), (133.2, 550.2), (150.3, 576.1), (147.4, 620.9), (125.7, 604.8), (127.2, 567.9), (130.1, 565.5), (127.2, 582.0), (125.7, 617.4), (111.2, 598.8), (123.1, 577.2), (127.7, 582.0), (126.6, 605.6), (121.2, 627.0), (114.3, 581.1), (130.5, 576.4), (129.4, 590.5), (129.7, 623.5), (114.2, 597.9), (126.1, 576.4), (126.4, 581.1), (125.3, 604.7), (119.8, 627.0), (112.9, 581.1), (129.2, 576.4), (128.1, 590.5), (128.4, 623.5), (112.8, 597.9), (126.2, 576.4), (130.8, 581.1), (129.7, 604.7), (124.3, 627.0), (117.4, 581.1), (127.8, 576.4), (126.7, 590.5), (127.1, 623.5), (111.5, 597.9), (124.8, 576.4)]",0,5.42
experienced,meatboy,3,Stuck,34,0,9.06,0.101,"[(73.0, 621.0), (73.0, 617.3), (73.0, 610.2), (73.0, 622.0), (151.0, 603.4), (73.0, 584.8), (73.0, 591.9), (124.7, 582.9), (84.3, 564.3), (73.0, 564.3), (73.0, 583.2), (114.3, 584.6), (97.7, 566.0), (73.0, 563.6), (73.0, 580.2), (104.0, 586.6), (111.0, 567.9), (73.0, 563.2), (73.0, 577.4), (93.7, 588.8), (124.3, 570.2), (73.0, 563.1), (73.0, 574.9), (93.7, 584.6), (124.3, 565.9), (73.0, 558.9), (73.0, 570.7), (83.3, 587.1), (137.7, 568.5), (73.0, 559.1), (73.0, 568.5), (73.0, 596.8), (151.0, 578.2), (73.0, 559.6), (73.0, 566.6), (73.0, 592.6), (144.6, 579.0), (73.0, 560.3), (73.0, 565.1), (73.0, 588.6), (135.0, 580.0), (73.0, 561.4), (73.0, 563.8), (73.0, 585.0), (124.7, 581.4), (84.3, 562.8)]",0,6.0
experienced,meatboy,3,Stuck,16,0,8.52,0.137,"[(73.0, 621.0), (124.7, 606.3), (84.3, 560.2), (93.2, 543.1), (132.4, 550.2), (149.3, 576.1), (150.3, 620.9), (127.5, 627.0), (107.7, 573.6), (132.5, 564.2), (143.6, 573.6), (146.1, 601.9), (141.9, 627.0), (108.8, 598.2), (112.1, 566.8), (142.9, 566.9), (146.8, 585.7), (149.3, 623.4), (128.7, 627.3), (103.9, 580.1), (124.4, 565.2), (144.2, 572.3), (146.7, 598.2), (146.2, 627.9), (113.7, 612.8), (105.5, 570.4), (136.6, 565.7), (144.8, 579.8), (147.2, 612.8), (136.7, 627.9), (108.1, 585.5), (123.0, 565.1), (142.8, 569.8), (145.2, 593.4), (146.4, 627.3), (114.9, 612.2), (106.7, 569.8), (137.8, 565.1), (146.0, 579.2), (148.4, 612.2), (137.9, 627.9)]",0,5.42
experienced,meatboy,3,Stuck,1,0,0.0,0.088,"[(73.0, 621.0), (73.0, 627.3), (73.0, 627.0), (73.0, 627.9), (73.0, 627.3), (73.0, 627.0), (73.0, 627.9), (73.0, 627.3), (73.0, 627.0), (73.0, 627.9), (73.0, 627.3), (73.0, 627.0), (73.0, 627.9), (73.0, 627.3), (73.0, 627.0), (73.0, 627.9), (73.0, 627.3), (73.0, 627.0), (73.0, 627.9), (73.0, 627.3), (73.0, 627.0), (73.0, 627.9), (73.0, 627.3), (73.0, 627.0), (73.0, 627.9), (73.0, 627.3), (73.0, 627.0), (73.0, 627.9), (73.0, 627.3), (73.0, 627.0), (73.0, 627.9), (73.0, 627.3), (73.0, 627.0), (73.0, 627.9), (73.0, 627.3), (73.0, 627.0), (73.0, 627.9), (73.0, 627.3)]",0,5.0
experienced,meatboy,3,Stuck,0,0,0.0,0.088,"[(73.0, 621.0), (73.0, 627.3), (73.0, 627.0), (73.0, 627.9), (73.0, 627.3), (73.0, 627.0), (73.0, 627.9), (73.0, 627.3), (73.0, 627.0), (73.0, 627.9), (73.0, 627.3), (73.0, 627.0), (73.0, 627.9), (73.0, 627.3), (73.0, 627.0), (73.0, 627.9), (73.0, 627.3), (73.0, 627.0), (73.0, 627.9), (73.0, 627.3), (73.0, 627.0), (73.0, 627.9), (73.0, 627.3), (73.0, 627.0), (73.0, 627.9), (73.0, 627.3), (73.0, 627.0), (73.0, 627.9), (73.0, 627.3), (73.0, 627.0), (73.0, 627.9), (73.0, 627.3), (73.0, 627.0), (73.0, 627.9), (73.0, 627.3), (73.0, 627.0), (73.0, 627.9), (73.0, 627.3)]",0,5.0
experienced,meatboy,3,Stuck,2,0,-0.69,0.088,"[(73.0, 621.0), (124.7, 606.3), (140.2, 606.4), (100.8, 625.2), (73.0, 627.3), (73.0, 627.0), (73.0, 627.9), (73.0, 627.3), (73.0, 627.0), (73.0, 627.9), (73.0, 627.3), (73.0, 627.0), (73.0, 627.9), (73.0, 627.3), (73.0, 627.0), (73.0, 627.9), (73.0, 627.3), (73.0, 627.0), (73.0, 627.9), (73.0, 627.3), (73.0, 627.0), (73.0, 627.9), (73.0, 627.3), (73.0, 627.0), (73.0, 627.9), (73.0, 627.3), (73.0, 627.0), (73.0, 627.9), (73.0, 627.3), (73.0, 627.0), (73.0, 627.9), (73.0, 627.3), (73.0, 627.0), (73.0, 627.9), (73.0, 627.3), (73.0, 627.0), (73.0, 627.9), (73.0, 627.3), (73.0, 627.0)]",0,5.15
experienced,meatboy,3,Stuck,20,0,8.06,0.132,"[(73.0, 621.0), (135.7, 604.4), (73.0, 551.4), (98.2, 542.0), (137.4, 551.5), (150.3, 579.8), (147.4, 626.9), (122.2, 627.3), (102.4, 573.9), (127.9, 564.5), (143.4, 573.9), (145.8, 602.2), (142.5, 627.0), (110.8, 598.2), (114.2, 566.8), (141.4, 566.9), (143.8, 585.7), (146.3, 623.4), (123.4, 627.3), (103.7, 573.9), (129.2, 564.5), (144.6, 573.9), (147.1, 602.2), (143.7, 627.0), (112.1, 598.2), (115.4, 566.8), (142.6, 566.9), (145.1, 585.7), (147.5, 623.4), (124.7, 627.3), (104.9, 573.9), (129.7, 564.5), (140.8, 573.9), (143.2, 602.2), (139.1, 627.0), (105.9, 598.2), (109.3, 566.8), (140.1, 566.9), (144.0, 585.7), (146.4, 623.4), (125.9, 627.3)]",0,5.4
experienced,meatboy,3,Success,6,0,153.22,0.878,"[(73.0, 621.0), (73.0, 612.1), (83.8, 563.4), (123.2, 536.8), (151.0, 534.5), (130.3, 526.6), (75.2, 474.2), (108.2, 469.5), (148.2, 483.7), (188.2, 516.7), (228.2, 531.9), (240.8, 483.2), (242.2, 446.3), (275.8, 428.3), (315.8, 429.0), (351.5, 405.9), (362.6, 362.0), (400.4, 336.8), (440.4, 330.5), (480.4, 339.3), (520.4, 339.0), (540.2, 285.6), (565.1, 251.0), (605.1, 235.3), (645.1, 238.5), (621.7, 211.4), (554.2, 154.1), (532.2, 115.6), (555.8, 96.0), (595.8, 95.2), (635.8, 113.3), (675.8, 150.2), (715.8, 205.9)]",0,4.32
experienced,meatboy,3,Stuck,9,0,48.12,0.374,"[(73.0, 621.0), (151.0, 561.9), (155.3, 511.6), (191.2, 480.2), (231.2, 467.7), (271.2, 474.0), (311.2, 499.1), (311.7, 523.3), (311.0, 472.2), (311.0, 457.9), (311.0, 465.0), (311.0, 491.0), (311.0, 530.2), (311.0, 489.5), (311.0, 460.4), (311.7, 460.5), (311.7, 479.3), (311.7, 515.6), (311.0, 509.1), (311.0, 465.3), (311.0, 458.2), (311.0, 470.0), (311.0, 500.7), (311.0, 531.3), (311.0, 477.9), (311.0, 458.7), (311.7, 463.4), (311.7, 487.0), (311.7, 525.5), (311.0, 495.7), (311.0, 461.8), (311.0, 459.4), (311.0, 475.9), (311.0, 510.6), (311.0, 516.2), (311.0, 467.5), (311.0, 458.1), (311.7, 467.5), (311.7, 495.8), (311.7, 531.0), (311.0, 483.5), (311.0, 459.4), (311.0, 461.8), (311.0, 483.0), (311.0, 520.5), (311.0, 502.2)]",0,6.05
experienced,meatboy,3,Success,6,0,153.22,0.878,"[(73.0, 621.0), (73.0, 612.1), (83.8, 563.4), (123.2, 536.8), (151.0, 534.5), (130.3, 526.6), (75.2, 474.2), (108.2, 469.5), (148.2, 483.7), (188.2, 516.7), (228.2, 531.9), (240.8, 483.2), (242.2, 446.3), (275.8, 428.3), (315.8, 429.0), (351.5, 405.9), (362.6, 362.0), (400.4, 336.8), (440.4, 330.5), (480.4, 339.3), (520.4, 339.0), (540.2, 285.6), (565.1, 251.0), (605.1, 235.3), (645.1, 238.5), (621.7, 211.4), (554.2, 154.1), (532.2, 115.6), (555.8, 96.0), (595.8, 95.2), (635.8, 113.3), (675.8, 150.2), (715.8, 205.9)]",0,4.32
experienced,meatboy,3,Stuck,9,0,48.12,0.374,"[(73.0, 621.0), (151.0, 561.9), (155.3, 511.6), (191.2, 480.2), (231.2, 467.7), (271.2, 474.0), (311.2, 499.1), (311.7, 523.3), (311.0, 472.2), (311.0, 457.9), (311.0, 465.0), (311.0, 491.0), (311.0, 530.2), (311.0, 489.5), (311.0, 460.4), (311.7, 460.5), (311.7, 479.3), (311.7, 515.6), (311.0, 509.1), (311.0, 465.3), (311.0, 458.2), (311.0, 470.0), (311.0, 500.7), (311.0, 531.3), (311.0, 477.9), (311.0, 458.7), (311.7, 463.4), (311.7, 487.0), (311.7, 525.5), (311.0, 495.7), (311.0, 461.8), (311.0, 459.4), (311.0, 475.9), (311.0, 510.6), (311.0, 516.2), (311.0, 467.5), (311.0, 458.1), (311.7, 467.5), (311.7, 495.8), (311.7, 531.0), (311.0, 483.5), (311.0, 459.4), (311.0, 461.8), (311.0, 483.0), (311.0, 520.5), (311.0, 502.2)]",0,6.05
experienced,meatboy,3,Stuck,10,0,49.07,0.374,"[(73.0, 621.0), (151.0, 561.9), (155.3, 511.6), (191.2, 480.2), (231.2, 467.7), (271.2, 474.0), (311.2, 499.1), (311.7, 523.3), (311.0, 472.2), (311.0, 457.9), (311.7, 465.0), (311.7, 491.0), (311.7, 530.2), (311.0, 483.2), (311.0, 459.1), (311.7, 461.5), (311.7, 482.7), (311.7, 520.2), (311.0, 495.4), (311.0, 461.5), (311.7, 459.1), (311.7, 475.6), (311.7, 510.3), (311.0, 508.8), (311.0, 465.0), (311.7, 457.9), (311.7, 469.7), (311.7, 500.4), (311.7, 523.3), (311.0, 472.2), (311.0, 457.9), (311.7, 465.0), (311.7, 491.0), (311.7, 530.2), (311.0, 483.2), (311.0, 459.1), (311.7, 461.5), (311.7, 482.7), (311.7, 520.2), (311.0, 495.4), (311.0, 461.5), (311.7, 459.1), (311.7, 475.6), (311.7, 510.3), (311.0, 508.8), (311.0, 465.0)]",0,6.05
experienced,meatboy,3,Stuck,20,0,8.06,0.132,"[(73.0, 621.0), (135.7, 604.4), (73.0, 551.4), (98.2, 542.0), (137.4, 551.5), (150.3, 579.8), (147.4, 626.9), (122.2, 627.3), (102.4, 573.9), (127.9, 564.5), (143.4, 573.9), (145.8, 602.2), (142.5, 627.0), (110.8, 598.2), (114.2, 566.8), (141.4, 566.9), (143.8, 585.7), (146.3, 623.4), (123.4, 627.3), (103.7, 573.9), (129.2, 564.5), (144.6, 573.9), (147.1, 602.2), (143.7, 627.0), (112.1, 598.2), (115.4, 566.8), (142.6, 566.9), (145.1, 585.7), (147.5, 623.4), (124.7, 627.3), (104.9, 573.9), (129.7, 564.5), (140.8, 573.9), (143.2, 602.2), (139.1, 627.0), (105.9, 598.2), (109.3, 566.8), (140.1, 566.9), (144.0, 585.7), (146.4, 623.4), (125.9, 627.3)]",0,5.4
experienced,meatboy,3,Stuck,30,0,17.38,0.181,"[(73.0, 621.0), (135.7, 604.4), (73.0, 551.4), (98.2, 542.0), (138.2, 551.5), (97.7, 527.5), (113.0, 492.2), (218.4, 487.5), (311.0, 501.7), (206.5, 483.1), (114.4, 490.2), (93.7, 496.3), (175.5, 489.2), (252.5, 501.0), (297.7, 517.4), (194.7, 508.0), (105.2, 517.5), (80.2, 545.8), (116.0, 592.9), (132.1, 621.3), (151.0, 618.9), (75.2, 563.0), (108.2, 558.3), (143.8, 572.5), (151.0, 605.5), (143.8, 627.3), (135.1, 573.9), (138.0, 564.5), (135.1, 573.9), (135.1, 602.2), (137.2, 627.0), (120.2, 579.5), (137.9, 564.6), (138.2, 571.7), (140.0, 597.7), (142.2, 627.9), (127.0, 579.2), (140.7, 564.3), (141.3, 571.4), (147.8, 597.4), (147.4, 627.9), (125.3, 585.5), (137.9, 560.5), (141.8, 562.8), (144.2, 584.1), (151.0, 624.1)]",0,6.03
experienced,meatboy,3,Stuck,10,0,51.01,0.375,"[(73.0, 621.0), (97.4, 612.1), (114.3, 563.4), (151.0, 533.5), (176.2, 522.5), (216.2, 530.4), (245.3, 483.2), (284.6, 446.3), (290.3, 419.1), (208.5, 357.0), (131.5, 313.9), (73.7, 289.5), (103.2, 284.0), (143.2, 297.4), (183.2, 329.6), (223.2, 380.6), (263.2, 450.5), (303.2, 531.0), (311.0, 494.1), (311.0, 487.1), (311.0, 498.9), (311.0, 529.5), (311.0, 493.5), (311.0, 486.5), (311.0, 498.3), (311.0, 528.9), (311.0, 493.5), (311.0, 486.5), (311.0, 498.3), (311.0, 528.9), (311.0, 493.5), (311.0, 486.5), (311.0, 498.3), (311.0, 528.9), (311.0, 493.5), (311.0, 486.5), (311.0, 498.3), (311.0, 528.9), (311.0, 493.5), (311.0, 486.5), (311.0, 498.3), (311.0, 528.9), (311.0, 493.5), (311.0, 486.5), (311.0, 498.3)]",0,5.95
experienced,meatboy,3,Stuck,9,0,48.95,0.374,"[(73.0, 621.0), (151.0, 561.9), (155.3, 511.6), (191.2, 480.2), (231.2, 467.7), (271.2, 474.0), (311.2, 499.1), (311.7, 523.3), (311.0, 472.2), (311.0, 457.9), (311.0, 465.0), (311.0, 491.0), (311.0, 530.2), (311.0, 489.5), (311.0, 460.4), (311.7, 460.5), (311.7, 479.3), (311.7, 515.6), (311.0, 509.1), (311.0, 465.3), (311.0, 458.2), (311.0, 470.0), (311.0, 500.7), (311.0, 531.3), (311.0, 477.9), (311.0, 458.7), (311.7, 463.4), (311.7, 487.0), (311.7, 525.5), (311.0, 495.7), (311.0, 461.8), (311.0, 459.4), (311.0, 475.9), (311.0, 510.6), (311.0, 516.2), (311.0, 467.5), (311.0, 458.1), (311.7, 467.5), (311.7, 495.8), (311.7, 531.0), (311.0, 483.5), (311.0, 459.4), (311.0, 461.8), (311.0, 483.0), (311.0, 520.5), (311.0, 502.2)]",0,6.05
experienced,meatboy,3,Stuck,1,0,0.0,0.088,"[(73.0, 621.0), (73.0, 627.3), (73.0, 627.0), (73.0, 627.9), (73.0, 627.3), (73.0, 627.0), (73.0, 627.9), (73.0, 627.3), (73.0, 627.0), (73.0, 627.9), (73.0, 627.3), (73.0, 627.0), (73.0, 627.9), (73.0, 627.3), (73.0, 627.0), (73.0, 627.9), (73.0, 627.3), (73.0, 627.0), (73.0, 627.9), (73.0, 627.3), (73.0, 627.0), (73.0, 627.9), (73.0, 627.3), (73.0, 627.0), (73.0, 627.9), (73.0, 627.3), (73.0, 627.0), (73.0, 627.9), (73.0, 627.3), (73.0, 627.0), (73.0, 627.9), (73.0, 627.3), (73.0, 627.0), (73.0, 627.9), (73.0, 627.3), (73.0, 627.0), (73.0, 627.9), (73.0, 627.3)]",0,5.0
experienced,meatboy,3,Stuck,10,0,19.53,0.195,"[(73.0, 621.0), (73.0, 612.1), (75.9, 563.4), (83.8, 536.8), (123.2, 534.5), (130.3, 526.6), (75.2, 474.2), (108.2, 469.5), (148.2, 483.7), (188.2, 516.7), (220.9, 495.4), (211.8, 453.8), (172.4, 431.0), (132.4, 427.1), (92.4, 442.0), (80.2, 475.8), (118.2, 528.4), (151.7, 594.8), (150.3, 619.3), (120.8, 568.2), (80.8, 536.1), (88.2, 522.7), (128.2, 528.2), (151.7, 552.5), (73.7, 496.6), (103.2, 491.9), (143.2, 506.1), (183.2, 531.3), (221.0, 508.8), (223.4, 462.4), (187.4, 434.9), (147.4, 426.3), (107.4, 436.5), (73.7, 465.5), (103.2, 513.4), (143.2, 580.2), (151.0, 627.0), (125.8, 573.6), (85.8, 539.0), (83.8, 523.3), (123.2, 526.5), (151.0, 548.4), (73.0, 498.5), (98.2, 491.5), (138.2, 503.3), (178.2, 531.0), (217.4, 515.9), (225.7, 467.2), (192.4, 437.4)]",0,6.5
experienced,meatboy,3,Stuck,2,0,57.53,0.375,"[(73.0, 621.0), (97.4, 612.1), (112.1, 563.4), (122.3, 535.1), (160.1, 530.4), (199.4, 483.4), (239.4, 446.5), (279.4, 434.0), (311.7, 441.0), (311.7, 467.0), (311.7, 506.2), (311.7, 531.9), (311.7, 531.3), (311.7, 531.0), (311.7, 531.9), (311.7, 531.3), (311.7, 531.0), (311.7, 531.9), (311.7, 531.3), (311.7, 531.0), (311.7, 531.9), (311.7, 531.3), (311.7, 531.0), (311.7, 531.9), (311.7, 531.3), (311.7, 531.0), (311.7, 531.9), (311.7, 531.3), (311.7, 531.0), (311.7, 531.9), (311.7, 531.3), (311.7, 531.0), (311.7, 531.9), (311.7, 531.3), (311.7, 531.0), (311.7, 531.9), (311.7, 531.3), (311.7, 531.0), (311.7, 531.9), (311.7, 531.3), (311.7, 531.0), (311.7, 531.9), (311.7, 531.3), (311.7, 531.0), (311.7, 531.9)]",0,5.97
experienced,meatboy,3,Success,6,0,153.22,0.878,"[(73.0, 621.0), (73.0, 612.1), (83.8, 563.4), (123.2, 536.8), (151.0, 534.5), (130.3, 526.6), (75.2, 474.2), (108.2, 469.5), (148.2, 483.7), (188.2, 516.7), (228.2, 531.9), (240.8, 483.2), (242.2, 446.3), (275.8, 428.3), (315.8, 429.0), (351.5, 405.9), (362.6, 362.0), (400.4, 336.8), (440.4, 330.5), (480.4, 339.3), (520.4, 339.0), (540.2, 285.6), (565.1, 251.0), (605.1, 235.3), (645.1, 238.5), (621.7, 211.4), (554.2, 154.1), (532.2, 115.6), (555.8, 96.0), (595.8, 95.2), (635.8, 113.3), (675.8, 150.2), (715.8, 205.9)]",0,4.32
experienced,meatboy,3,Stuck,2,0,57.53,0.375,"[(73.0, 621.0), (97.4, 612.1), (112.1, 563.4), (122.3, 535.1), (160.1, 530.4), (199.4, 483.4), (239.4, 446.5), (279.4, 434.0), (311.7, 441.0), (311.7, 467.0), (311.7, 506.2), (311.7, 531.9), (311.7, 531.3), (311.7, 531.0), (311.7, 531.9), (311.7, 531.3), (311.7, 531.0), (311.7, 531.9), (311.7, 531.3), (311.7, 531.0), (311.7, 531.9), (311.7, 531.3), (311.7, 531.0), (311.7, 531.9), (311.7, 531.3), (311.7, 531.0), (311.7, 531.9), (311.7, 531.3), (311.7, 531.0), (311.7, 531.9), (311.7, 531.3), (311.7, 531.0), (311.7, 531.9), (311.7, 531.3), (311.7, 531.0), (311.7, 531.9), (311.7, 531.3), (311.7, 531.0), (311.7, 531.9), (311.7, 531.3), (311.7, 531.0), (311.7, 531.9), (311.7, 531.3), (311.7, 531.0), (311.7, 531.9)]",0,5.97
experienced,meatboy,3,Stuck,10,0,51.01,0.375,"[(73.0, 621.0), (97.4, 612.1), (114.3, 563.4), (151.0, 533.5), (176.2, 522.5), (216.2, 530.4), (245.3, 483.2), (284.6, 446.3), (290.3, 419.1), (208.5, 357.0), (131.5, 313.9), (73.7, 289.5), (103.2, 284.0), (143.2, 297.4), (183.2, 329.6), (223.2, 380.6), (263.2, 450.5), (303.2, 531.0), (311.0, 494.1), (311.0, 487.1), (311.0, 498.9), (311.0, 529.5), (311.0, 493.5), (311.0, 486.5), (311.0, 498.3), (311.0, 528.9), (311.0, 493.5), (311.0, 486.5), (311.0, 498.3), (311.0, 528.9), (311.0, 493.5), (311.0, 486.5), (311.0, 498.3), (311.0, 528.9), (311.0, 493.5), (311.0, 486.5), (311.0, 498.3), (311.0, 528.9), (311.0, 493.5), (311.0, 486.5), (311.0, 498.3), (311.0, 528.9), (311.0, 493.5), (311.0, 486.5), (311.0, 498.3)]",0,5.95
experienced,meatboy,3,Stuck,9,0,48.95,0.374,"[(73.0, 621.0), (151.0, 561.9), (155.3, 511.6), (191.2, 480.2), (231.2, 467.7), (271.2, 474.0), (311.2, 499.1), (311.7, 523.3), (311.0, 472.2), (311.0, 457.9), (311.0, 465.0), (311.0, 491.0), (311.0, 530.2), (311.0, 489.5), (311.0, 460.4), (311.7, 460.5), (311.7, 479.3), (311.7, 515.6), (311.0, 509.1), (311.0, 465.3), (311.0, 458.2), (311.0, 470.0), (311.0, 500.7), (311.0, 531.3), (311.0, 477.9), (311.0, 458.7), (311.7, 463.4), (311.7, 487.0), (311.7, 525.5), (311.0, 495.7), (311.0, 461.8), (311.0, 459.4), (311.0, 475.9), (311.0, 510.6), (311.0, 516.2), (311.0, 467.5), (311.0, 458.1), (311.7, 467.5), (311.7, 495.8), (311.7, 531.0), (311.0, 483.5), (311.0, 459.4), (311.0, 461.8), (311.0, 483.0), (311.0, 520.5), (311.0, 502.2)]",0,6.05
experienced,meatboy,3,Stuck,11,0,57.23,0.374,"[(73.0, 621.0), (151.0, 561.9), (155.3, 511.6), (191.2, 480.2), (231.2, 467.7), (271.2, 474.0), (311.2, 499.1), (311.7, 523.3), (311.0, 493.9), (311.0, 496.2), (311.0, 517.5), (311.0, 501.9), (311.7, 492.5), (311.7, 502.0), (311.7, 530.3), (311.0, 496.2), (311.0, 493.9), (311.0, 510.4), (311.0, 515.9), (311.7, 493.1), (311.7, 497.9), (311.7, 521.4), (311.0, 499.7), (311.0, 492.7), (311.0, 504.5), (311.0, 531.0), (311.7, 494.9), (311.7, 494.9), (311.7, 513.8), (311.0, 508.8), (311.0, 492.7), (311.0, 499.8), (311.0, 525.7), (311.7, 497.8), (311.7, 493.1), (311.7, 507.3), (311.7, 523.3), (311.0, 493.9), (311.0, 496.2), (311.0, 517.5), (311.0, 501.9), (311.7, 492.5), (311.7, 502.0)]",0,5.62
experienced,meatboy,3,Stuck,4,0,53.42,0.375,"[(73.0, 621.0), (98.2, 619.3), (118.6, 568.2), (145.5, 536.8), (166.2, 529.8), (205.4, 495.4), (245.4, 453.8), (285.4, 437.5), (290.3, 420.9), (208.5, 358.8), (131.5, 315.7), (73.7, 291.3), (103.2, 285.8), (143.2, 299.2), (183.2, 331.4), (223.2, 382.4), (263.2, 452.3), (303.2, 531.0), (311.0, 531.9), (311.0, 531.3), (311.0, 531.0), (311.0, 531.9), (311.0, 531.3), (311.0, 531.0), (311.0, 531.9), (311.0, 531.3), (311.0, 531.0), (311.0, 531.9), (311.0, 531.3), (311.0, 531.0), (311.0, 531.9), (311.0, 531.3), (311.0, 531.0), (311.0, 531.9), (311.0, 531.3), (311.0, 531.0), (311.0, 531.9), (311.0, 531.3), (311.0, 531.0), (311.0, 531.9), (311.0, 531.3), (311.0, 531.0), (311.0, 531.9), (311.0, 531.3), (311.0, 531.0)]",0,5.95
experienced,meatboy,3,Stuck,11,0,49.66,0.374,"[(73.0, 621.0), (97.4, 612.1), (107.9, 563.4), (112.3, 536.8), (148.1, 534.5), (78.8, 476.1), (88.4, 425.8), (128.4, 394.4), (168.4, 381.9), (208.4, 388.1), (248.4, 413.3), (288.4, 457.3), (311.7, 509.2), (311.0, 508.8), (311.0, 481.1), (311.0, 483.5), (311.0, 504.7), (311.0, 515.9), (311.0, 482.1), (311.7, 482.2), (311.7, 501.0), (311.7, 523.3), (311.0, 483.4), (311.0, 481.1), (311.0, 497.6), (311.0, 531.0), (311.0, 485.1), (311.7, 480.4), (311.7, 494.5), (311.7, 527.3), (311.0, 487.0), (311.0, 479.9), (311.0, 491.7), (311.0, 522.4), (311.0, 489.2), (311.7, 479.8), (311.7, 489.2), (311.7, 517.5), (311.0, 495.4), (311.0, 479.9), (311.0, 487.0), (311.0, 513.0), (311.0, 501.9), (311.0, 480.4), (311.7, 485.1), (311.7, 508.7), (311.0, 508.8)]",0,6.15
experienced,meatboy,3,Stuck,0,0,23.59,0.181,"[(73.0, 621.0), (98.2, 627.3), (138.2, 627.0), (151.5, 627.9), (150.3, 627.3), (151.0, 627.0), (151.5, 627.9), (150.3, 627.3), (151.0, 627.0), (151.5, 627.9), (150.3, 627.3), (151.0, 627.0), (151.5, 627.9), (150.3, 627.3), (151.0, 627.0), (151.5, 627.9), (150.3, 627.3), (151.0, 627.0), (151.5, 627.9), (150.3, 627.3), (151.0, 627.0), (151.5, 627.9), (150.3, 627.3), (151.0, 627.0), (151.5, 627.9), (150.3, 627.3), (151.0, 627.0), (151.5, 627.9), (150.3, 627.3), (151.0, 627.0), (151.5, 627.9), (150.3, 627.3), (151.0, 627.0), (151.5, 627.9), (150.3, 627.3), (151.0, 627.0), (151.5, 627.9), (150.3, 627.3), (151.0, 627.0), (151.5, 627.9)]",0,5.23
experienced,meatboy,3,Stuck,0,0,34.79,0.182,"[(73.0, 621.0), (98.2, 627.3), (138.2, 627.0), (151.7, 627.9), (151.7, 627.3), (151.7, 627.0), (151.7, 627.9), (151.7, 627.3), (151.7, 627.0), (151.7, 627.9), (151.7, 627.3), (151.7, 627.0), (151.7, 627.9), (151.7, 627.3), (151.7, 627.0), (151.7, 627.9), (151.7, 627.3), (151.7, 627.0), (151.7, 627.9), (151.7, 627.3), (151.7, 627.0), (151.7, 627.9), (151.7, 627.3), (151.7, 627.0), (151.7, 627.9), (151.7, 627.3), (151.7, 627.0), (151.7, 627.9), (151.7, 627.3), (151.7, 627.0), (151.7, 627.9), (151.7, 627.3), (151.7, 627.0), (151.7, 627.9), (151.7, 627.3), (151.7, 627.0), (151.7, 627.9), (151.7, 627.3), (151.7, 627.0), (151.7, 627.9)]",0,5.23
experienced,meatboy,3,Stuck,0,0,34.79,0.182,"[(73.0, 621.0), (98.2, 627.3), (138.2, 627.0), (151.7, 627.9), (151.7, 627.3), (151.7, 627.0), (151.7, 627.9), (151.7, 627.3), (151.7, 627.0), (151.7, 627.9), (151.7, 627.3), (151.7, 627.0), (151.7, 627.9), (151.7, 627.3), (151.7, 627.0), (151.7, 627.9), (151.7, 627.3), (151.7, 627.0), (151.7, 627.9), (151.7, 627.3), (151.7, 627.0), (151.7, 627.9), (151.7, 627.3), (151.7, 627.0), (151.7, 627.9), (151.7, 627.3), (151.7, 627.0), (151.7, 627.9), (151.7, 627.3), (151.7, 627.0), (151.7, 627.9), (151.7, 627.3), (151.7, 627.0), (151.7, 627.9), (151.7, 627.3), (151.7, 627.0), (151.7, 627.9), (151.7, 627.3), (151.7, 627.0), (151.7, 627.9)]",0,5.23
experienced,meatboy,3,Success,6,0,153.22,0.878,"[(73.0, 621.0), (73.0, 612.1), (83.8, 563.4), (123.2, 536.8), (151.0, 534.5), (130.3, 526.6), (75.2, 474.2), (108.2, 469.5), (148.2, 483.7), (188.2, 516.7), (228.2, 531.9), (240.8, 483.2), (242.2, 446.3), (275.8, 428.3), (315.8, 429.0), (351.5, 405.9), (362.6, 362.0), (400.4, 336.8), (440.4, 330.5), (480.4, 339.3), (520.4, 339.0), (540.2, 285.6), (565.1, 251.0), (605.1, 235.3), (645.1, 238.5), (621.7, 211.4), (554.2, 154.1), (532.2, 115.6), (555.8, 96.0), (595.8, 95.2), (635.8, 113.3), (675.8, 150.2), (715.8, 205.9)]",0,4.32
experienced,meatboy,3,Stuck,4,0,53.42,0.375,"[(73.0, 621.0), (98.2, 619.3), (118.6, 568.2), (145.5, 536.8), (166.2, 529.8), (205.4, 495.4), (245.4, 453.8), (285.4, 437.5), (290.3, 420.9), (208.5, 358.8), (131.5, 315.7), (73.7, 291.3), (103.2, 285.8), (143.2, 299.2), (183.2, 331.4), (223.2, 382.4), (263.2, 452.3), (303.2, 531.0), (311.0, 531.9), (311.0, 531.3), (311.0, 531.0), (311.0, 531.9), (311.0, 531.3), (311.0, 531.0), (311.0, 531.9), (311.0, 531.3), (311.0, 531.0), (311.0, 531.9), (311.0, 531.3), (311.0, 531.0), (311.0, 531.9), (311.0, 531.3), (311.0, 531.0), (311.0, 531.9), (311.0, 531.3), (311.0, 531.0), (311.0, 531.9), (311.0, 531.3), (311.0, 531.0), (311.0, 531.9), (311.0, 531.3), (311.0, 531.0), (311.0, 531.9), (311.0, 531.3), (311.0, 531.0)]",0,5.95
experienced,meatboy,3,Stuck,10,0,51.01,0.375,"[(73.0, 621.0), (97.4, 612.1), (114.3, 563.4), (151.0, 533.5), (176.2, 522.5), (216.2, 530.4), (245.3, 483.2), (284.6, 446.3), (290.3, 419.1), (208.5, 357.0), (131.5, 313.9), (73.7, 289.5), (103.2, 284.0), (143.2, 297.4), (183.2, 329.6), (223.2, 380.6), (263.2, 450.5), (303.2, 531.0), (311.0, 494.1), (311.0, 487.1), (311.0, 498.9), (311.0, 529.5), (311.0, 493.5), (311.0, 486.5), (311.0, 498.3), (311.0, 528.9), (311.0, 493.5), (311.0, 486.5), (311.0, 498.3), (311.0, 528.9), (311.0, 493.5), (311.0, 486.5), (311.0, 498.3), (311.0, 528.9), (311.0, 493.5), (311.0, 486.5), (311.0, 498.3), (311.0, 528.9), (311.0, 493.5), (311.0, 486.5), (311.0, 498.3), (311.0, 528.9), (311.0, 493.5), (311.0, 486.5), (311.0, 498.3)]",0,5.95
experienced,meatboy,3,Stuck,2,0,57.53,0.375,"[(73.0, 621.0), (97.4, 612.1), (112.1, 563.4), (122.3, 535.1), (160.1, 530.4), (199.4, 483.4), (239.4, 446.5), (279.4, 434.0), (311.7, 441.0), (311.7, 467.0), (311.7, 506.2), (311.7, 531.9), (311.7, 531.3), (311.7, 531.0), (311.7, 531.9), (311.7, 531.3), (311.7, 531.0), (311.7, 531.9), (311.7, 531.3), (311.7, 531.0), (311.7, 531.9), (311.7, 531.3), (311.7, 531.0), (311.7, 531.9), (311.7, 531.3), (311.7, 531.0), (311.7, 531.9), (311.7, 531.3), (311.7, 531.0), (311.7, 531.9), (311.7, 531.3), (311.7, 531.0), (311.7, 531.9), (311.7, 531.3), (311.7, 531.0), (311.7, 531.9), (311.7, 531.3), (311.7, 531.0), (311.7, 531.9), (311.7, 531.3), (311.7, 531.0), (311.7, 531.9), (311.7, 531.3), (311.7, 531.0), (311.7, 531.9)]",0,5.97
experienced,meatboy,3,Stuck,107,0,32.44,0.367,"[(73.0, 621.0), (98.2, 627.3), (138.2, 627.0), (147.4, 591.4), (145.9, 549.8), (151.7, 533.5), (151.7, 538.3), (120.0, 523.5), (77.3, 463.9), (113.2, 454.5), (153.2, 463.9), (193.2, 492.2), (233.2, 531.3), (273.2, 531.0), (311.0, 531.9), (308.1, 514.9), (305.2, 522.0), (303.8, 506.6), (300.9, 499.5), (299.4, 511.3), (311.0, 515.9), (308.1, 499.5), (305.2, 506.6), (306.7, 531.0), (305.6, 514.0), (304.4, 521.1), (304.8, 507.3), (303.7, 500.3), (304.0, 512.1), (304.8, 521.1), (305.4, 514.0), (306.1, 525.8), (309.7, 503.8), (310.3, 501.4), (311.0, 517.9), (230.5, 451.2), (167.5, 403.3), (109.8, 374.3), (75.2, 364.1), (108.2, 372.7), (148.2, 400.2), (188.2, 446.6), (228.2, 511.7), (268.2, 531.9), (308.2, 531.3), (308.1, 515.4), (305.2, 520.1), (303.8, 508.8), (300.9, 499.4), (299.4, 508.8), (309.6, 523.3), (308.1, 499.9), (305.2, 504.7), (305.2, 528.3), (305.3, 514.5)]",0,7.25
experienced,meatboy,3,Stuck,1,0,59.03,0.374,"[(73.0, 621.0), (151.0, 561.9), (155.3, 511.6), (191.2, 480.2), (231.2, 467.7), (271.2, 474.0), (311.2, 499.1), (311.7, 531.3), (311.7, 531.0), (311.7, 531.9), (311.7, 531.3), (311.7, 531.0), (311.7, 531.9), (311.7, 531.3), (311.7, 531.0), (311.7, 531.9), (311.7, 531.3), (311.7, 531.0), (311.7, 531.9), (311.7, 531.3), (311.7, 531.0), (311.7, 531.9), (311.7, 531.3), (311.7, 531.0), (311.7, 531.9), (311.7, 531.3), (311.7, 531.0), (311.7, 531.9), (311.7, 531.3), (311.7, 531.0), (311.7, 531.9), (311.7, 531.3), (311.7, 531.0), (311.7, 531.9), (311.7, 531.3), (311.7, 531.0), (311.7, 531.9), (311.7, 531.3), (311.7, 531.0), (311.7, 531.9), (311.7, 531.3), (311.7, 531.0), (311.7, 531.9)]",0,5.62
experienced,meatboy,3,Stuck,2,0,56.45,0.374,"[(73.0, 621.0), (97.4, 612.1), (115.9, 563.4), (149.9, 536.8), (78.8, 476.0), (88.4, 425.8), (128.4, 394.4), (168.4, 381.8), (208.4, 388.1), (248.4, 413.3), (288.4, 457.2), (311.7, 509.2), (311.7, 531.0), (311.7, 531.9), (311.7, 531.3), (311.7, 531.0), (311.7, 531.9), (311.7, 531.3), (311.7, 531.0), (311.7, 531.9), (311.7, 531.3), (311.7, 531.0), (311.7, 531.9), (311.7, 531.3), (311.7, 531.0), (311.7, 531.9), (311.7, 531.3), (311.7, 531.0), (311.7, 531.9), (311.7, 531.3), (311.7, 531.0), (311.7, 531.9), (311.7, 531.3), (311.7, 531.0), (311.7, 531.9), (311.7, 531.3), (311.7, 531.0), (311.7, 531.9), (311.7, 531.3), (311.7, 531.0), (311.7, 531.9), (311.7, 531.3), (311.7, 531.0), (311.7, 531.9), (311.7, 531.3), (311.7, 531.0)]",0,6.02
experienced,meatboy,3,Stuck,7,0,15.71,0.179,"[(73.0, 621.0), (73.0, 619.3), (73.0, 568.2), (75.2, 536.1), (75.9, 522.7), (105.3, 528.2), (145.3, 552.5), (144.5, 595.7), (146.7, 627.0), (110.8, 573.6), (73.0, 539.0), (73.7, 523.3), (95.3, 526.5), (135.3, 548.4), (148.1, 589.3), (150.3, 627.3), (120.8, 585.2), (80.8, 545.9), (73.7, 525.5), (86.0, 523.9), (125.3, 541.2), (148.8, 577.3), (151.7, 624.3), (130.8, 597.9), (90.8, 554.0), (75.9, 528.8), (79.5, 522.5), (115.3, 535.1), (151.0, 566.5), (151.7, 614.4), (140.2, 611.9), (100.8, 563.2), (75.2, 533.4), (75.9, 522.4), (105.3, 530.2), (145.3, 556.9), (150.3, 602.4), (146.7, 627.0), (110.8, 573.6), (73.0, 539.0), (73.7, 523.3), (95.3, 526.5), (135.3, 548.4), (148.1, 589.3)]",0,5.75
experienced,meatboy,3,Stuck,9,0,46.21,0.374,"[(73.0, 621.0), (151.0, 561.9), (151.0, 511.6), (176.2, 480.2), (216.2, 467.7), (256.2, 474.0), (296.2, 499.1), (311.0, 523.3), (311.0, 472.2), (311.0, 457.9), (311.7, 465.0), (311.7, 491.0), (311.7, 530.2), (311.0, 483.2), (311.0, 459.1), (311.7, 461.5), (311.7, 482.7), (311.7, 520.2), (311.0, 495.4), (311.0, 461.5), (311.0, 459.1), (311.7, 475.6), (311.7, 510.3), (311.0, 508.8), (311.0, 465.0), (311.0, 457.9), (311.7, 469.7), (311.7, 500.4), (311.0, 523.3), (311.0, 472.2), (311.0, 457.9), (311.7, 465.0), (311.7, 491.0), (311.7, 530.2), (311.0, 483.2), (311.0, 459.1), (311.7, 461.5), (311.7, 482.7), (311.7, 520.2), (311.0, 495.4), (311.0, 461.5), (311.0, 459.1), (311.7, 475.6), (311.7, 510.3), (311.0, 508.8), (311.0, 465.0)]",0,6.05
experienced,meatboy,3,Stuck,6,0,91.58,0.952,"[(73.0, 621.0), (97.4, 612.1), (112.9, 563.4), (147.5, 533.5), (171.2, 522.5), (211.2, 530.4), (240.3, 483.2), (279.6, 446.3), (319.6, 428.3), (359.6, 429.0), (395.3, 405.9), (424.7, 362.0), (464.7, 340.0), (504.7, 339.0), (544.0, 285.6), (584.0, 251.0), (624.0, 235.3), (664.0, 238.5), (696.8, 207.4), (732.5, 186.4), (772.5, 191.2), (791.0, 214.7), (791.7, 243.3), (791.7, 243.0), (791.7, 243.9), (791.7, 243.3), (791.7, 243.0), (791.7, 243.9), (791.7, 243.3), (791.7, 243.0), (791.7, 243.9), (791.7, 243.3), (791.7, 243.0), (791.7, 243.9), (791.7, 243.3), (791.7, 243.0), (791.7, 243.9), (791.7, 243.3), (791.7, 243.0), (791.7, 243.9), (791.7, 243.3), (791.7, 243.0), (791.7, 243.9), (791.7, 243.3), (791.7, 243.0), (791.7, 243.9), (791.7, 243.3), (791.7, 243.0), (791.7, 243.9), (791.7, 243.3), (791.7, 243.0), (791.7, 243.9), (791.7, 243.3), (791.7, 243.0), (791.7, 243.9), (791.7, 243.3), (791.7, 243.0), (791.7, 243.9), (791.7, 243.3)]",0,7.85
experienced,meatboy,3,Success,6,0,153.22,0.878,"[(73.0, 621.0), (73.0, 612.1), (83.8, 563.4), (123.2, 536.8), (151.0, 534.5), (130.3, 526.6), (75.2, 474.2), (108.2, 469.5), (148.2, 483.7), (188.2, 516.7), (228.2, 531.9), (240.8, 483.2), (242.2, 446.3), (275.8, 428.3), (315.8, 429.0), (351.5, 405.9), (362.6, 362.0), (400.4, 336.8), (440.4, 330.5), (480.4, 339.3), (520.4, 339.0), (540.2, 285.6), (565.1, 251.0), (605.1, 235.3), (645.1, 238.5), (621.7, 211.4), (554.2, 154.1), (532.2, 115.6), (555.8, 96.0), (595.8, 95.2), (635.8, 113.3), (675.8, 150.2), (715.8, 205.9)]",0,4.32
experienced,meatboy,3,Stuck,6,0,91.58,0.952,"[(73.0, 621.0), (97.4, 612.1), (112.9, 563.4), (147.5, 533.5), (171.2, 522.5), (211.2, 530.4), (240.3, 483.2), (279.6, 446.3), (319.6, 428.3), (359.6, 429.0), (395.3, 405.9), (424.7, 362.0), (464.7, 340.0), (504.7, 339.0), (544.0, 285.6), (584.0, 251.0), (624.0, 235.3), (664.0, 238.5), (696.8, 207.4), (732.5, 186.4), (772.5, 191.2), (791.0, 214.7), (791.7, 243.3), (791.7, 243.0), (791.7, 243.9), (791.7, 243.3), (791.7, 243.0), (791.7, 243.9), (791.7, 243.3), (791.7, 243.0), (791.7, 243.9), (791.7, 243.3), (791.7, 243.0), (791.7, 243.9), (791.7, 243.3), (791.7, 243.0), (791.7, 243.9), (791.7, 243.3), (791.7, 243.0), (791.7, 243.9), (791.7, 243.3), (791.7, 243.0), (791.7, 243.9), (791.7, 243.3), (791.7, 243.0), (791.7, 243.9), (791.7, 243.3), (791.7, 243.0), (791.7, 243.9), (791.7, 243.3), (791.7, 243.0), (791.7, 243.9), (791.7, 243.3), (791.7, 243.0), (791.7, 243.9), (791.7, 243.3), (791.7, 243.0), (791.7, 243.9), (791.7, 243.3)]",0,7.85
experienced,meatboy,3,Stuck,2,0,57.53,0.375,"[(73.0, 621.0), (97.4, 612.1), (112.1, 563.4), (122.3, 535.1), (160.1, 530.4), (199.4, 483.4), (239.4, 446.5), (279.4, 434.0), (311.7, 441.0), (311.7, 467.0), (311.7, 506.2), (311.7, 531.9), (311.7, 531.3), (311.7, 531.0), (311.7, 531.9), (311.7, 531.3), (311.7, 531.0), (311.7, 531.9), (311.7, 531.3), (311.7, 531.0), (311.7, 531.9), (311.7, 531.3), (311.7, 531.0), (311.7, 531.9), (311.7, 531.3), (311.7, 531.0), (311.7, 531.9), (311.7, 531.3), (311.7, 531.0), (311.7, 531.9), (311.7, 531.3), (311.7, 531.0), (311.7, 531.9), (311.7, 531.3), (311.7, 531.0), (311.7, 531.9), (311.7, 531.3), (311.7, 531.0), (311.7, 531.9), (311.7, 531.3), (311.7, 531.0), (311.7, 531.9), (311.7, 531.3), (311.7, 531.0), (311.7, 531.9)]",0,5.97
experienced,meatboy,3,Stuck,10,0,51.01,0.375,"[(73.0, 621.0), (97.4, 612.1), (114.3, 563.4), (151.0, 533.5), (176.2, 522.5), (216.2, 530.4), (245.3, 483.2), (284.6, 446.3), (290.3, 419.1), (208.5, 357.0), (131.5, 313.9), (73.7, 289.5), (103.2, 284.0), (143.2, 297.4), (183.2, 329.6), (223.2, 380.6), (263.2, 450.5), (303.2, 531.0), (311.0, 494.1), (311.0, 487.1), (311.0, 498.9), (311.0, 529.5), (311.0, 493.5), (311.0, 486.5), (311.0, 498.3), (311.0, 528.9), (311.0, 493.5), (311.0, 486.5), (311.0, 498.3), (311.0, 528.9), (311.0, 493.5), (311.0, 486.5), (311.0, 498.3), (311.0, 528.9), (311.0, 493.5), (311.0, 486.5), (311.0, 498.3), (311.0, 528.9), (311.0, 493.5), (311.0, 486.5), (311.0, 498.3), (311.0, 528.9), (311.0, 493.5), (311.0, 486.5), (311.0, 498.3)]",0,5.95
experienced,meatboy,3,Success,9,0,156.63,0.878,"[(73.0, 621.0), (98.2, 627.3), (138.2, 627.0), (151.0, 591.4), (151.0, 549.8), (153.2, 527.0), (186.2, 523.1), (226.2, 531.9), (266.2, 531.3), (306.2, 531.0), (311.0, 490.1), (311.7, 450.8), (315.3, 430.4), (351.2, 428.8), (391.2, 428.0), (431.2, 428.0), (471.2, 435.0), (471.0, 387.5), (471.0, 350.6), (478.2, 332.6), (516.2, 333.3), (556.2, 339.3), (595.9, 303.7), (635.9, 262.1), (642.3, 229.1), (566.9, 167.1), (533.3, 123.9), (546.0, 99.6), (585.8, 94.1), (625.8, 107.5), (665.8, 139.7), (705.8, 190.7)]",0,4.22
experienced,meatboy,3,Stuck,2,0,34.54,0.181,"[(73.0, 621.0), (97.4, 623.1), (137.4, 618.4), (151.7, 627.3), (151.7, 627.0), (151.7, 627.9), (151.7, 627.3), (151.7, 627.0), (151.7, 627.9), (151.7, 627.3), (151.7, 627.0), (151.7, 627.9), (151.7, 627.3), (151.7, 627.0), (151.7, 627.9), (151.7, 627.3), (151.7, 627.0), (151.7, 627.9), (151.7, 627.3), (151.7, 627.0), (151.7, 627.9), (151.7, 627.3), (151.7, 627.0), (151.7, 627.9), (151.7, 627.3), (151.7, 627.0), (151.7, 627.9), (151.7, 627.3), (151.7, 627.0), (151.7, 627.9), (151.7, 627.3), (151.7, 627.0), (151.7, 627.9), (151.7, 627.3), (151.7, 627.0), (151.7, 627.9), (151.7, 627.3), (151.7, 627.0), (151.7, 627.9), (151.7, 627.3)]",0,5.25
experienced,meatboy,3,Stuck,8,0,13.38,0.142,"[(73.0, 621.0), (73.0, 612.1), (83.8, 563.4), (123.2, 549.4), (124.3, 534.5), (80.2, 494.0), (118.2, 494.1), (158.2, 512.9), (198.2, 531.0), (219.9, 515.9), (186.5, 467.2), (146.5, 437.4), (106.5, 426.4), (73.7, 434.2), (103.2, 460.9), (143.2, 506.4), (183.2, 531.3), (223.2, 531.0), (218.8, 483.5), (180.2, 446.6), (140.2, 428.6), (100.2, 429.3), (75.2, 449.0), (108.2, 487.4), (148.2, 544.7), (85.1, 519.5), (93.2, 502.4), (133.2, 509.5), (173.2, 531.0), (213.2, 531.9), (210.9, 496.3), (171.5, 454.7), (131.5, 431.9), (91.5, 428.0), (80.2, 442.9), (118.2, 476.6), (158.2, 529.2), (198.2, 531.3), (227.7, 516.2), (205.2, 467.5), (165.2, 437.6), (125.2, 426.6), (85.2, 434.5), (83.8, 461.2), (123.2, 506.7), (151.7, 563.4), (75.2, 507.5), (108.2, 502.8)]",0,6.3
experienced,meatboy,3,Stuck,8,0,2.44,0.088,"[(73.0, 621.0), (137.7, 594.5), (73.0, 530.1), (73.0, 484.6), (88.2, 457.9), (128.2, 450.0), (168.2, 461.0), (208.2, 490.9), (246.2, 531.3), (228.8, 484.1), (203.3, 447.2), (183.2, 429.2), (168.4, 429.9), (160.9, 449.6), (188.4, 488.0), (228.4, 531.3), (216.7, 489.2), (184.2, 449.9), (156.9, 429.5), (130.2, 427.9), (91.9, 445.2), (80.2, 481.3), (118.2, 536.3), (151.7, 604.8), (78.8, 550.3), (73.0, 500.1), (80.2, 468.7), (118.2, 456.1), (158.2, 462.4), (198.2, 487.5), (238.2, 531.5), (235.9, 496.3), (209.2, 454.7), (187.7, 431.9), (171.6, 428.0), (160.8, 442.9), (178.4, 476.6), (218.4, 529.2), (224.9, 501.9), (191.8, 458.0), (163.3, 432.8), (138.4, 426.5), (101.9, 439.1), (75.2, 470.5), (108.2, 520.7), (148.2, 589.8), (99.3, 565.8)]",0,6.22
experienced,meatboy,3,Stuck,14,0,48.63,0.375,"[(73.0, 621.0), (98.2, 627.3), (138.2, 627.0), (151.7, 591.4), (151.7, 549.8), (151.7, 533.5), (151.7, 538.3), (99.3, 501.0), (83.8, 458.7), (123.2, 456.3), (163.2, 472.9), (203.2, 508.2), (243.2, 531.3), (275.3, 524.2), (281.3, 484.3), (283.0, 482.0), (286.1, 498.5), (305.1, 531.0), (311.0, 477.6), (308.8, 454.4), (311.7, 456.7), (311.7, 478.0), (311.7, 515.5), (311.7, 531.3), (311.7, 531.0), (311.7, 531.9), (311.7, 531.3), (311.7, 531.0), (311.7, 531.9), (311.7, 531.3), (311.7, 531.0), (311.7, 531.9), (311.7, 531.3), (311.7, 531.0), (311.7, 531.9), (311.7, 531.3), (311.7, 531.0), (311.7, 531.9), (311.7, 531.3), (311.7, 531.0), (311.7, 531.9), (311.7, 531.3), (311.7, 531.0), (311.7, 531.9), (311.7, 531.3), (311.7, 531.0), (311.7, 531.9), (311.7, 531.3), (311.7, 531.0), (311.7, 531.9), (311.7, 531.3), (311.7, 531.0), (311.7, 531.9), (311.7, 531.3), (311.7, 531.0), (311.7, 531.9)]",0,7.4
experienced,meatboy,3,Stuck,11,0,31.94,0.182,"[(73.0, 621.0), (151.0, 561.9), (151.0, 552.5), (151.0, 561.9), (151.0, 590.2), (151.0, 627.0), (151.7, 590.9), (151.7, 590.9), (151.7, 609.8), (151.0, 604.8), (151.0, 588.7), (151.0, 595.8), (151.0, 621.7), (151.7, 593.8), (151.7, 589.1), (151.7, 603.3), (151.7, 619.3), (151.0, 589.9), (151.0, 592.2), (151.0, 613.5), (151.0, 597.9), (151.7, 588.5), (151.7, 598.0), (151.7, 626.3), (151.0, 592.2), (151.0, 589.9), (151.0, 606.4), (151.0, 611.9), (151.7, 589.1), (151.7, 593.9), (151.7, 617.4), (151.0, 595.7), (151.0, 588.7), (151.0, 600.5), (151.0, 627.0), (151.7, 590.9), (151.7, 590.9), (151.7, 609.8), (151.0, 604.8)]",0,5.12
experienced,meatboy,3,Success,9,0,156.63,0.878,"[(73.0, 621.0), (98.2, 627.3), (138.2, 627.0), (151.0, 591.4), (151.0, 549.8), (153.2, 527.0), (186.2, 523.1), (226.2, 531.9), (266.2, 531.3), (306.2, 531.0), (311.0, 490.1), (311.7, 450.8), (315.3, 430.4), (351.2, 428.8), (391.2, 428.0), (431.2, 428.0), (471.2, 435.0), (471.0, 387.5), (471.0, 350.6), (478.2, 332.6), (516.2, 333.3), (556.2, 339.3), (595.9, 303.7), (635.9, 262.1), (642.3, 229.1), (566.9, 167.1), (533.3, 123.9), (546.0, 99.6), (585.8, 94.1), (625.8, 107.5), (665.8, 139.7), (705.8, 190.7)]",0,4.22
experienced,meatboy,3,Success,6,0,153.22,0.878,"[(73.0, 621.0), (73.0, 612.1), (83.8, 563.4), (123.2, 536.8), (151.0, 534.5), (130.3, 526.6), (75.2, 474.2), (108.2, 469.5), (148.2, 483.7), (188.2, 516.7), (228.2, 531.9), (240.8, 483.2), (242.2, 446.3), (275.8, 428.3), (315.8, 429.0), (351.5, 405.9), (362.6, 362.0), (400.4, 336.8), (440.4, 330.5), (480.4, 339.3), (520.4, 339.0), (540.2, 285.6), (565.1, 251.0), (605.1, 235.3), (645.1, 238.5), (621.7, 211.4), (554.2, 154.1), (532.2, 115.6), (555.8, 96.0), (595.8, 95.2), (635.8, 113.3), (675.8, 150.2), (715.8, 205.9)]",0,4.32
experienced,meatboy,3,Stuck,6,0,91.58,0.952,"[(73.0, 621.0), (97.4, 612.1), (112.9, 563.4), (147.5, 533.5), (171.2, 522.5), (211.2, 530.4), (240.3, 483.2), (279.6, 446.3), (319.6, 428.3), (359.6, 429.0), (395.3, 405.9), (424.7, 362.0), (464.7, 340.0), (504.7, 339.0), (544.0, 285.6), (584.0, 251.0), (624.0, 235.3), (664.0, 238.5), (696.8, 207.4), (732.5, 186.4), (772.5, 191.2), (791.0, 214.7), (791.7, 243.3), (791.7, 243.0), (791.7, 243.9), (791.7, 243.3), (791.7, 243.0), (791.7, 243.9), (791.7, 243.3), (791.7, 243.0), (791.7, 243.9), (791.7, 243.3), (791.7, 243.0), (791.7, 243.9), (791.7, 243.3), (791.7, 243.0), (791.7, 243.9), (791.7, 243.3), (791.7, 243.0), (791.7, 243.9), (791.7, 243.3), (791.7, 243.0), (791.7, 243.9), (791.7, 243.3), (791.7, 243.0), (791.7, 243.9), (791.7, 243.3), (791.7, 243.0), (791.7, 243.9), (791.7, 243.3), (791.7, 243.0), (791.7, 243.9), (791.7, 243.3), (791.7, 243.0), (791.7, 243.9), (791.7, 243.3), (791.7, 243.0), (791.7, 243.9), (791.7, 243.3)]",0,7.85
experienced,meatboy,3,Stuck,10,0,51.01,0.375,"[(73.0, 621.0), (97.4, 612.1), (114.3, 563.4), (151.0, 533.5), (176.2, 522.5), (216.2, 530.4), (245.3, 483.2), (284.6, 446.3), (290.3, 419.1), (208.5, 357.0), (131.5, 313.9), (73.7, 289.5), (103.2, 284.0), (143.2, 297.4), (183.2, 329.6), (223.2, 380.6), (263.2, 450.5), (303.2, 531.0), (311.0, 494.1), (311.0, 487.1), (311.0, 498.9), (311.0, 529.5), (311.0, 493.5), (311.0, 486.5), (311.0, 498.3), (311.0, 528.9), (311.0, 493.5), (311.0, 486.5), (311.0, 498.3), (311.0, 528.9), (311.0, 493.5), (311.0, 486.5), (311.0, 498.3), (311.0, 528.9), (311.0, 493.5), (311.0, 486.5), (311.0, 498.3), (311.0, 528.9), (311.0, 493.5), (311.0, 486.5), (311.0, 498.3), (311.0, 528.9), (311.0, 493.5), (311.0, 486.5), (311.0, 498.3)]",0,5.95
experienced,meatboy,3,Stuck,8,0,88.66,0.952,"[(73.0, 621.0), (98.2, 627.3), (138.2, 627.0), (151.7, 591.4), (149.6, 549.8), (100.1, 496.2), (83.8, 441.3), (123.2, 405.1), (163.2, 387.9), (203.2, 389.5), (243.2, 409.9), (283.2, 449.1), (290.3, 472.5), (214.9, 410.5), (181.3, 367.3), (194.0, 343.0), (233.8, 337.5), (273.8, 350.8), (313.8, 383.0), (353.8, 434.1), (393.1, 387.2), (433.1, 350.3), (473.1, 337.8), (513.1, 316.8), (553.1, 270.4), (593.1, 242.9), (633.1, 234.3), (673.1, 243.0), (706.6, 189.6), (746.6, 155.0), (786.6, 139.3), (791.0, 142.5), (791.0, 164.4), (791.0, 202.3), (791.0, 242.0), (791.0, 243.3), (791.0, 243.0), (791.0, 243.9), (791.0, 243.3), (791.0, 243.0), (791.0, 243.9), (791.0, 243.3), (791.0, 243.0), (791.0, 243.9), (791.0, 243.3), (791.0, 243.0), (791.0, 243.9), (791.0, 243.3), (791.0, 243.0), (791.0, 243.9), (791.0, 243.3), (791.0, 243.0), (791.0, 243.9), (791.0, 243.3), (791.0, 243.0), (791.0, 243.9), (791.0, 243.3), (791.0, 243.0), (791.0, 243.9), (791.0, 243.3), (791.0, 243.0), (791.0, 243.9), (791.0, 243.3), (791.0, 243.0), (791.0, 243.9), (791.0, 243.3), (791.0, 243.0), (791.0, 243.9), (791.0, 243.3), (791.0, 243.0), (791.0, 243.9), (791.0, 243.3)]",0,9.48
experienced,meatboy,3,Success,31,0,66.46,0.897,"[(73.0, 621.0), (78.1, 612.1), (77.3, 563.4), (113.2, 535.1), (153.2, 530.4), (191.0, 508.8), (193.4, 462.4), (157.4, 434.9), (117.4, 426.3), (77.4, 436.5), (93.2, 465.5), (133.2, 513.4), (120.7, 522.2), (77.3, 462.5), (113.2, 421.7), (153.2, 399.7), (193.2, 396.6), (233.2, 412.3), (273.2, 446.8), (311.0, 500.2), (230.5, 481.6), (179.0, 488.7), (136.7, 514.6), (122.7, 559.4), (151.0, 623.0), (135.8, 580.2), (95.8, 543.3), (77.3, 525.3), (113.2, 526.0), (151.0, 545.7), (73.0, 478.9), (98.2, 431.0), (138.2, 402.0), (178.2, 391.8), (218.2, 400.4), (258.2, 427.9), (298.2, 474.3), (311.7, 521.3), (310.3, 531.9), (291.3, 487.0), (275.9, 479.9), (273.4, 491.7), (271.0, 522.4), (267.2, 489.2), (263.0, 449.9), (298.2, 429.5), (338.2, 427.9), (378.2, 435.0), (418.2, 435.9), (434.4, 435.3), (440.4, 388.1), (440.6, 351.2), (463.5, 333.2), (503.5, 333.9), (543.5, 339.3), (583.5, 339.0), (622.8, 349.6), (569.0, 322.2), (502.7, 319.9), (482.1, 336.4), (506.9, 339.0), (546.9, 339.9), (586.9, 339.3), (626.2, 352.2), (569.0, 325.5), (498.9, 323.1), (473.1, 339.6), (501.5, 339.3), (541.5, 339.0), (581.5, 339.9), (621.5, 355.2), (585.0, 341.6), (663.0, 274.9), (658.7, 227.0), (655.8, 197.9), (680.9, 187.7), (720.9, 196.4)]",0,10.22
experienced,meatboy,3,Stuck,8,0,30.51,0.268,"[(73.0, 621.0), (73.0, 612.1), (83.8, 563.4), (123.2, 536.8), (151.0, 534.5), (151.0, 551.0), (73.7, 494.9), (103.2, 478.4), (143.2, 485.5), (183.2, 511.4), (223.2, 531.0), (218.8, 483.5), (180.2, 446.6), (140.2, 428.6), (100.2, 429.3), (75.2, 449.0), (108.2, 487.4), (148.2, 544.7), (151.7, 588.8), (151.7, 627.0), (130.8, 573.6), (90.8, 539.0), (80.2, 523.3), (118.2, 526.5), (151.7, 548.4), (73.7, 493.1), (103.2, 476.5), (143.2, 483.6), (183.2, 509.6), (223.2, 531.0), (218.8, 483.5), (180.2, 446.6), (140.2, 428.6), (100.2, 429.3), (75.2, 449.0), (108.2, 487.4), (148.2, 544.7), (151.7, 588.8), (151.7, 627.0), (130.8, 573.6), (90.8, 539.0), (80.2, 523.3), (118.2, 526.5), (151.7, 548.4), (73.7, 493.1), (103.2, 476.5), (143.2, 483.6), (183.2, 509.6), (223.2, 531.0)]",0,6.4
experienced,meatboy,3,Stuck,5,0,77.03,0.798,"[(73.0, 621.0), (98.2, 627.3), (138.2, 627.0), (151.7, 591.4), (151.7, 549.8), (155.3, 529.0), (191.2, 529.0), (231.2, 531.9), (271.2, 531.3), (308.3, 489.2), (311.7, 449.9), (315.3, 429.5), (351.2, 427.9), (389.0, 412.8), (419.6, 366.4), (459.6, 343.3), (471.7, 343.3), (440.0, 325.7), (368.2, 266.0), (340.4, 225.2), (358.8, 203.2), (398.8, 200.1), (438.8, 215.8), (478.8, 250.3), (518.8, 303.7), (558.8, 339.0), (598.8, 343.4), (631.7, 365.8), (631.7, 403.9), (631.7, 427.3), (631.7, 376.2), (631.7, 344.1), (651.2, 330.7), (663.7, 336.2), (663.7, 339.0), (663.7, 339.9), (663.7, 339.3), (663.7, 339.0), (663.7, 339.9), (663.7, 339.3), (663.7, 339.0), (663.7, 339.9), (663.7, 339.3), (663.7, 339.0), (663.7, 339.9), (663.7, 339.3), (663.7, 339.0), (663.7, 339.9), (663.7, 339.3), (663.7, 339.0), (663.7, 339.9), (663.7, 339.3), (663.7, 339.0), (663.7, 339.9), (663.7, 339.3), (663.7, 339.0), (663.7, 339.9), (663.7, 339.3), (663.7, 339.0), (663.7, 339.9), (663.7, 339.3), (663.7, 339.0), (663.7, 339.9), (663.7, 339.3), (663.7, 339.0), (663.7, 339.9), (663.7, 339.3), (663.7, 339.0), (663.7, 339.9), (663.7, 339.3)]",0,9.23
experienced,meatboy,3,Stuck,2,0,30.73,0.182,"[(73.0, 621.0), (98.2, 627.3), (138.2, 627.0), (147.4, 591.4), (111.6, 549.8), (73.0, 527.0), (98.2, 523.1), (138.2, 538.0), (151.0, 571.8), (151.7, 611.4), (151.7, 627.3), (151.7, 627.0), (151.7, 627.9), (151.7, 627.3), (151.7, 627.0), (151.7, 627.9), (151.7, 627.3), (151.7, 627.0), (151.7, 627.9), (151.7, 627.3), (151.7, 627.0), (151.7, 627.9), (151.7, 627.3), (151.7, 627.0), (151.7, 627.9), (151.7, 627.3), (151.7, 627.0), (151.7, 627.9), (151.7, 627.3), (151.7, 627.0), (151.7, 627.9), (151.7, 627.3), (151.7, 627.0), (151.7, 627.9), (151.7, 627.3), (151.7, 627.0), (151.7, 627.9), (151.7, 627.3), (151.7, 627.0), (151.7, 627.9), (151.7, 627.3), (151.7, 627.0), (151.7, 627.9), (151.7, 627.3), (151.7, 627.0)]",0,5.9
experienced,meatboy,3,Stuck,13,0,42.79,0.374,"[(73.0, 621.0), (98.2, 627.3), (138.2, 627.0), (151.0, 591.4), (151.0, 549.8), (151.0, 533.5), (151.0, 538.3), (100.1, 501.0), (127.1, 440.2), (232.0, 430.8), (311.7, 440.3), (259.3, 404.8), (179.0, 349.8), (104.0, 313.7), (80.2, 296.4), (118.2, 298.0), (158.2, 318.4), (198.2, 357.7), (238.2, 415.8), (278.2, 492.8), (311.7, 523.3), (311.0, 472.2), (311.0, 442.2), (311.0, 437.5), (301.4, 439.5), (219.2, 375.1), (141.6, 329.6), (73.0, 302.9), (98.2, 295.1), (138.2, 306.1), (178.2, 335.9), (218.2, 384.6), (258.2, 452.1), (298.2, 531.0), (311.0, 495.4), (311.0, 453.8), (311.0, 437.5), (311.0, 442.3), (260.1, 405.0), (179.7, 350.0), (104.7, 313.9), (80.2, 296.6), (118.2, 298.2), (158.2, 318.6), (198.2, 357.9), (238.2, 416.0), (278.2, 493.0), (311.7, 523.3)]",0,6.28
experienced,meatboy,3,Success,31,0,66.46,0.897,"[(73.0, 621.0), (78.1, 612.1), (77.3, 563.4), (113.2, 535.1), (153.2, 530.4), (191.0, 508.8), (193.4, 462.4), (157.4, 434.9), (117.4, 426.3), (77.4, 436.5), (93.2, 465.5), (133.2, 513.4), (120.7, 522.2), (77.3, 462.5), (113.2, 421.7), (153.2, 399.7), (193.2, 396.6), (233.2, 412.3), (273.2, 446.8), (311.0, 500.2), (230.5, 481.6), (179.0, 488.7), (136.7, 514.6), (122.7, 559.4), (151.0, 623.0), (135.8, 580.2), (95.8, 543.3), (77.3, 525.3), (113.2, 526.0), (151.0, 545.7), (73.0, 478.9), (98.2, 431.0), (138.2, 402.0), (178.2, 391.8), (218.2, 400.4), (258.2, 427.9), (298.2, 474.3), (311.7, 521.3), (310.3, 531.9), (291.3, 487.0), (275.9, 479.9), (273.4, 491.7), (271.0, 522.4), (267.2, 489.2), (263.0, 449.9), (298.2, 429.5), (338.2, 427.9), (378.2, 435.0), (418.2, 435.9), (434.4, 435.3), (440.4, 388.1), (440.6, 351.2), (463.5, 333.2), (503.5, 333.9), (543.5, 339.3), (583.5, 339.0), (622.8, 349.6), (569.0, 322.2), (502.7, 319.9), (482.1, 336.4), (506.9, 339.0), (546.9, 339.9), (586.9, 339.3), (626.2, 352.2), (569.0, 325.5), (498.9, 323.1), (473.1, 339.6), (501.5, 339.3), (541.5, 339.0), (581.5, 339.9), (621.5, 355.2), (585.0, 341.6), (663.0, 274.9), (658.7, 227.0), (655.8, 197.9), (680.9, 187.7), (720.9, 196.4)]",0,10.22
experienced,meatboy,3,Success,6,0,153.22,0.878,"[(73.0, 621.0), (73.0, 612.1), (83.8, 563.4), (123.2, 536.8), (151.0, 534.5), (130.3, 526.6), (75.2, 474.2), (108.2, 469.5), (148.2, 483.7), (188.2, 516.7), (228.2, 531.9), (240.8, 483.2), (242.2, 446.3), (275.8, 428.3), (315.8, 429.0), (351.5, 405.9), (362.6, 362.0), (400.4, 336.8), (440.4, 330.5), (480.4, 339.3), (520.4, 339.0), (540.2, 285.6), (565.1, 251.0), (605.1, 235.3), (645.1, 238.5), (621.7, 211.4), (554.2, 154.1), (532.2, 115.6), (555.8, 96.0), (595.8, 95.2), (635.8, 113.3), (675.8, 150.2), (715.8, 205.9)]",0,4.32
experienced,meatboy,3,Success,9,0,156.63,0.878,"[(73.0, 621.0), (98.2, 627.3), (138.2, 627.0), (151.0, 591.4), (151.0, 549.8), (153.2, 527.0), (186.2, 523.1), (226.2, 531.9), (266.2, 531.3), (306.2, 531.0), (311.0, 490.1), (311.7, 450.8), (315.3, 430.4), (351.2, 428.8), (391.2, 428.0), (431.2, 428.0), (471.2, 435.0), (471.0, 387.5), (471.0, 350.6), (478.2, 332.6), (516.2, 333.3), (556.2, 339.3), (595.9, 303.7), (635.9, 262.1), (642.3, 229.1), (566.9, 167.1), (533.3, 123.9), (546.0, 99.6), (585.8, 94.1), (625.8, 107.5), (665.8, 139.7), (705.8, 190.7)]",0,4.22
experienced,meatboy,3,Stuck,8,0,88.66,0.952,"[(73.0, 621.0), (98.2, 627.3), (138.2, 627.0), (151.7, 591.4), (149.6, 549.8), (100.1, 496.2), (83.8, 441.3), (123.2, 405.1), (163.2, 387.9), (203.2, 389.5), (243.2, 409.9), (283.2, 449.1), (290.3, 472.5), (214.9, 410.5), (181.3, 367.3), (194.0, 343.0), (233.8, 337.5), (273.8, 350.8), (313.8, 383.0), (353.8, 434.1), (393.1, 387.2), (433.1, 350.3), (473.1, 337.8), (513.1, 316.8), (553.1, 270.4), (593.1, 242.9), (633.1, 234.3), (673.1, 243.0), (706.6, 189.6), (746.6, 155.0), (786.6, 139.3), (791.0, 142.5), (791.0, 164.4), (791.0, 202.3), (791.0, 242.0), (791.0, 243.3), (791.0, 243.0), (791.0, 243.9), (791.0, 243.3), (791.0, 243.0), (791.0, 243.9), (791.0, 243.3), (791.0, 243.0), (791.0, 243.9), (791.0, 243.3), (791.0, 243.0), (791.0, 243.9), (791.0, 243.3), (791.0, 243.0), (791.0, 243.9), (791.0, 243.3), (791.0, 243.0), (791.0, 243.9), (791.0, 243.3), (791.0, 243.0), (791.0, 243.9), (791.0, 243.3), (791.0, 243.0), (791.0, 243.9), (791.0, 243.3), (791.0, 243.0), (791.0, 243.9), (791.0, 243.3), (791.0, 243.0), (791.0, 243.9), (791.0, 243.3), (791.0, 243.0), (791.0, 243.9), (791.0, 243.3), (791.0, 243.0), (791.0, 243.9), (791.0, 243.3)]",0,9.48
experienced,meatboy,3,Stuck,8,0,10.57,0.137,"[(73.0, 621.0), (73.7, 619.3), (75.9, 568.2), (83.8, 538.2), (123.2, 533.5), (151.0, 547.7), (73.0, 502.4), (98.2, 493.0), (138.2, 502.4), (178.2, 530.7), (218.2, 531.3), (236.3, 502.8), (205.2, 458.9), (165.2, 433.7), (125.2, 427.4), (85.2, 440.0), (83.8, 471.4), (123.2, 521.6), (151.0, 581.6), (151.0, 621.3), (135.8, 585.2), (95.8, 545.9), (77.3, 525.5), (113.2, 523.9), (151.0, 541.2), (151.0, 576.4), (151.0, 616.1), (138.4, 591.4), (98.6, 549.8), (75.2, 527.0), (108.2, 523.1), (148.2, 538.0), (151.7, 571.5), (151.7, 611.2), (142.5, 597.9), (103.6, 554.0), (73.7, 528.8), (103.2, 522.5), (143.2, 535.1), (151.0, 566.5), (151.0, 606.2), (145.9, 604.8), (108.6, 558.4), (73.0, 530.9), (98.2, 522.3), (138.2, 532.5), (151.0, 561.5), (151.7, 601.2), (148.6, 611.9), (113.6, 563.2)]",0,6.53
experienced,meatboy,3,Stuck,0,0,0.0,0.088,"[(73.0, 621.0), (73.0, 627.3), (73.0, 627.0), (73.0, 627.9), (73.0, 627.3), (73.0, 627.0), (73.0, 627.9), (73.0, 627.3), (73.0, 627.0), (73.0, 627.9), (73.0, 627.3), (73.0, 627.0), (73.0, 627.9), (73.0, 627.3), (73.0, 627.0), (73.0, 627.9), (73.0, 627.3), (73.0, 627.0), (73.0, 627.9), (73.0, 627.3), (73.0, 627.0), (73.0, 627.9), (73.0, 627.3), (73.0, 627.0), (73.0, 627.9), (73.0, 627.3), (73.0, 627.0), (73.0, 627.9), (73.0, 627.3), (73.0, 627.0), (73.0, 627.9), (73.0, 627.3), (73.0, 627.0), (73.0, 627.9), (73.0, 627.3), (73.0, 627.0), (73.0, 627.9), (73.0, 627.3)]",0,5.0
experienced,meatboy,3,Stuck,1,0,34.79,0.182,"[(73.0, 621.0), (98.2, 627.3), (138.2, 627.0), (151.7, 627.9), (151.7, 627.3), (151.7, 627.0), (151.7, 627.9), (151.7, 627.3), (151.7, 627.0), (151.7, 627.9), (151.7, 627.3), (151.7, 627.0), (151.7, 627.9), (151.7, 627.3), (151.7, 627.0), (151.7, 627.9), (151.7, 627.3), (151.7, 627.0), (151.7, 627.9), (151.7, 627.3), (151.7, 627.0), (151.7, 627.9), (151.7, 627.3), (151.7, 627.0), (151.7, 627.9), (151.7, 627.3), (151.7, 627.0), (151.7, 627.9), (151.7, 627.3), (151.7, 627.0), (151.7, 627.9), (151.7, 627.3), (151.7, 627.0), (151.7, 627.9), (151.7, 627.3), (151.7, 627.0), (151.7, 627.9), (151.7, 627.3), (151.7, 627.0), (151.7, 627.9)]",0,5.23
experienced,meatboy,3,Stuck,1,0,0.0,0.088,"[(73.0, 621.0), (73.0, 627.3), (73.0, 627.0), (73.0, 627.9), (73.0, 627.3), (73.0, 627.0), (73.0, 627.9), (73.0, 627.3), (73.0, 627.0), (73.0, 627.9), (73.0, 627.3), (73.0, 627.0), (73.0, 627.9), (73.0, 627.3), (73.0, 627.0), (73.0, 627.9), (73.0, 627.3), (73.0, 627.0), (73.0, 627.9), (73.0, 627.3), (73.0, 627.0), (73.0, 627.9), (73.0, 627.3), (73.0, 627.0), (73.0, 627.9), (73.0, 627.3), (73.0, 627.0), (73.0, 627.9), (73.0, 627.3), (73.0, 627.0), (73.0, 627.9), (73.0, 627.3), (73.0, 627.0), (73.0, 627.9), (73.0, 627.3), (73.0, 627.0), (73.0, 627.9), (73.0, 627.3)]",0,5.0
experienced,meatboy,3,Stuck,52,0,68.5,0.759,"[(73.0, 621.0), (73.0, 612.1), (83.8, 563.4), (123.2, 536.8), (151.0, 534.5), (130.3, 526.6), (75.2, 474.2), (108.2, 469.5), (148.2, 483.7), (188.2, 516.7), (220.9, 495.4), (233.5, 453.8), (272.8, 431.0), (312.8, 427.1), (352.8, 435.9), (392.8, 435.3), (432.8, 435.0), (469.1, 435.9), (465.0, 415.0), (462.1, 412.7), (459.2, 429.2), (460.8, 426.2), (461.9, 430.9), (464.4, 393.2), (465.6, 354.0), (484.0, 333.5), (524.0, 332.0), (564.0, 339.0), (604.0, 343.4), (631.0, 365.8), (631.0, 403.9), (631.0, 427.3), (605.8, 376.2), (585.0, 344.1), (582.8, 330.7), (588.6, 336.2), (626.6, 360.5), (631.0, 399.3), (631.0, 435.0), (616.6, 381.6), (585.0, 347.0), (582.8, 331.3), (585.7, 334.5), (621.6, 356.4), (631.7, 394.3), (631.7, 434.0), (620.9, 387.2), (585.0, 350.3), (583.6, 332.3), (583.6, 333.0), (616.6, 352.7), (631.0, 389.4), (631.0, 429.1), (624.5, 393.2), (586.6, 353.9), (583.6, 333.5), (582.1, 331.9), (611.6, 349.2), (631.7, 384.4), (631.7, 424.1), (627.4, 399.4), (591.6, 357.8), (584.3, 335.0), (581.4, 331.1), (606.6, 346.0), (631.0, 379.5)]",0,8.75
experienced,meatboy,3,Stuck,4,0,56.77,0.375,"[(73.0, 621.0), (98.2, 627.3), (138.2, 612.2), (151.0, 563.5), (151.7, 533.6), (171.2, 522.6), (211.2, 530.5), (251.2, 517.1), (291.2, 517.1), (311.7, 531.3), (311.7, 531.0), (311.7, 531.9), (311.7, 531.3), (311.7, 531.0), (311.7, 531.9), (311.7, 531.3), (311.7, 531.0), (311.7, 531.9), (311.7, 531.3), (311.7, 531.0), (311.7, 531.9), (311.7, 531.3), (311.7, 531.0), (311.7, 531.9), (311.7, 531.3), (311.7, 531.0), (311.7, 531.9), (311.7, 531.3), (311.7, 531.0), (311.7, 531.9), (311.7, 531.3), (311.7, 531.0), (311.7, 531.9), (311.7, 531.3), (311.7, 531.0), (311.7, 531.9), (311.7, 531.3), (311.7, 531.0), (311.7, 531.9), (311.7, 531.3), (311.7, 531.0), (311.7, 531.9), (311.7, 531.3), (311.7, 531.0), (311.7, 531.9), (311.7, 531.3)]",0,6.07
experienced,meatboy,3,Success,9,0,156.63,0.878,"[(73.0, 621.0), (98.2, 627.3), (138.2, 627.0), (151.0, 591.4), (151.0, 549.8), (153.2, 527.0), (186.2, 523.1), (226.2, 531.9), (266.2, 531.3), (306.2, 531.0), (311.0, 490.1), (311.7, 450.8), (315.3, 430.4), (351.2, 428.8), (391.2, 428.0), (431.2, 428.0), (471.2, 435.0), (471.0, 387.5), (471.0, 350.6), (478.2, 332.6), (516.2, 333.3), (556.2, 339.3), (595.9, 303.7), (635.9, 262.1), (642.3, 229.1), (566.9, 167.1), (533.3, 123.9), (546.0, 99.6), (585.8, 94.1), (625.8, 107.5), (665.8, 139.7), (705.8, 190.7)]",0,4.22
experienced,meatboy,3,Success,6,0,153.22,0.878,"[(73.0, 621.0), (73.0, 612.1), (83.8, 563.4), (123.2, 536.8), (151.0, 534.5), (130.3, 526.6), (75.2, 474.2), (108.2, 469.5), (148.2, 483.7), (188.2, 516.7), (228.2, 531.9), (240.8, 483.2), (242.2, 446.3), (275.8, 428.3), (315.8, 429.0), (351.5, 405.9), (362.6, 362.0), (400.4, 336.8), (440.4, 330.5), (480.4, 339.3), (520.4, 339.0), (540.2, 285.6), (565.1, 251.0), (605.1, 235.3), (645.1, 238.5), (621.7, 211.4), (554.2, 154.1), (532.2, 115.6), (555.8, 96.0), (595.8, 95.2), (635.8, 113.3), (675.8, 150.2), (715.8, 205.9)]",0,4.32
experienced,meatboy,3,Success,31,0,66.46,0.897,"[(73.0, 621.0), (78.1, 612.1), (77.3, 563.4), (113.2, 535.1), (153.2, 530.4), (191.0, 508.8), (193.4, 462.4), (157.4, 434.9), (117.4, 426.3), (77.4, 436.5), (93.2, 465.5), (133.2, 513.4), (120.7, 522.2), (77.3, 462.5), (113.2, 421.7), (153.2, 399.7), (193.2, 396.6), (233.2, 412.3), (273.2, 446.8), (311.0, 500.2), (230.5, 481.6), (179.0, 488.7), (136.7, 514.6), (122.7, 559.4), (151.0, 623.0), (135.8, 580.2), (95.8, 543.3), (77.3, 525.3), (113.2, 526.0), (151.0, 545.7), (73.0, 478.9), (98.2, 431.0), (138.2, 402.0), (178.2, 391.8), (218.2, 400.4), (258.2, 427.9), (298.2, 474.3), (311.7, 521.3), (310.3, 531.9), (291.3, 487.0), (275.9, 479.9), (273.4, 491.7), (271.0, 522.4), (267.2, 489.2), (263.0, 449.9), (298.2, 429.5), (338.2, 427.9), (378.2, 435.0), (418.2, 435.9), (434.4, 435.3), (440.4, 388.1), (440.6, 351.2), (463.5, 333.2), (503.5, 333.9), (543.5, 339.3), (583.5, 339.0), (622.8, 349.6), (569.0, 322.2), (502.7, 319.9), (482.1, 336.4), (506.9, 339.0), (546.9, 339.9), (586.9, 339.3), (626.2, 352.2), (569.0, 325.5), (498.9, 323.1), (473.1, 339.6), (501.5, 339.3), (541.5, 339.0), (581.5, 339.9), (621.5, 355.2), (585.0, 341.6), (663.0, 274.9), (658.7, 227.0), (655.8, 197.9), (680.9, 187.7), (720.9, 196.4)]",0,10.22
experienced,meatboy,3,Stuck,8,0,88.66,0.952,"[(73.0, 621.0), (98.2, 627.3), (138.2, 627.0), (151.7, 591.4), (149.6, 549.8), (100.1, 496.2), (83.8, 441.3), (123.2, 405.1), (163.2, 387.9), (203.2, 389.5), (243.2, 409.9), (283.2, 449.1), (290.3, 472.5), (214.9, 410.5), (181.3, 367.3), (194.0, 343.0), (233.8, 337.5), (273.8, 350.8), (313.8, 383.0), (353.8, 434.1), (393.1, 387.2), (433.1, 350.3), (473.1, 337.8), (513.1, 316.8), (553.1, 270.4), (593.1, 242.9), (633.1, 234.3), (673.1, 243.0), (706.6, 189.6), (746.6, 155.0), (786.6, 139.3), (791.0, 142.5), (791.0, 164.4), (791.0, 202.3), (791.0, 242.0), (791.0, 243.3), (791.0, 243.0), (791.0, 243.9), (791.0, 243.3), (791.0, 243.0), (791.0, 243.9), (791.0, 243.3), (791.0, 243.0), (791.0, 243.9), (791.0, 243.3), (791.0, 243.0), (791.0, 243.9), (791.0, 243.3), (791.0, 243.0), (791.0, 243.9), (791.0, 243.3), (791.0, 243.0), (791.0, 243.9), (791.0, 243.3), (791.0, 243.0), (791.0, 243.9), (791.0, 243.3), (791.0, 243.0), (791.0, 243.9), (791.0, 243.3), (791.0, 243.0), (791.0, 243.9), (791.0, 243.3), (791.0, 243.0), (791.0, 243.9), (791.0, 243.3), (791.0, 243.0), (791.0, 243.9), (791.0, 243.3), (791.0, 243.0), (791.0, 243.9), (791.0, 243.3)]",0,9.48
experienced,meatboy,3,Stuck,1,0,14.36,0.181,"[(73.0, 621.0), (98.2, 627.3), (138.2, 627.0), (151.0, 627.9), (151.0, 627.3), (151.0, 627.0), (151.0, 627.9), (151.0, 627.3), (151.0, 627.0), (151.0, 627.9), (151.0, 627.3), (151.0, 627.0), (151.0, 627.9), (151.0, 627.3), (151.0, 627.0), (151.0, 627.9), (151.0, 627.3), (151.0, 627.0), (151.0, 627.9), (151.0, 627.3), (151.0, 627.0), (151.0, 627.9), (151.0, 627.3), (151.0, 627.0), (151.0, 627.9), (151.0, 627.3), (151.0, 627.0), (151.0, 627.9), (151.0, 627.3), (151.0, 627.0), (151.0, 627.9), (151.0, 627.3), (151.0, 627.0), (151.0, 627.9), (151.0, 627.3), (151.0, 627.0), (151.0, 627.9), (151.0, 627.3), (151.0, 627.0), (151.0, 627.9)]",0,5.23
experienced,meatboy,3,Stuck,1,0,0.88,0.088,"[(73.0, 621.0), (75.4, 627.3), (88.2, 627.0), (109.9, 627.9), (76.5, 627.3), (73.0, 627.0), (73.0, 627.9), (73.0, 627.3), (73.0, 627.0), (73.0, 627.9), (73.0, 627.3), (73.0, 627.0), (73.0, 627.9), (73.0, 627.3), (73.0, 627.0), (73.0, 627.9), (73.0, 627.3), (73.0, 627.0), (73.0, 627.9), (73.0, 627.3), (73.0, 627.0), (73.0, 627.9), (73.0, 627.3), (73.0, 627.0), (73.0, 627.9), (73.0, 627.3), (73.0, 627.0), (73.0, 627.9), (73.0, 627.3), (73.0, 627.0), (73.0, 627.9), (73.0, 627.3), (73.0, 627.0), (73.0, 627.9), (73.0, 627.3), (73.0, 627.0), (73.0, 627.9), (73.0, 627.3), (73.0, 627.0), (73.0, 627.9)]",0,5.3
experienced,meatboy,3,Stuck,0,0,23.59,0.181,"[(73.0, 621.0), (98.2, 627.3), (138.2, 627.0), (151.5, 627.9), (150.3, 627.3), (151.0, 627.0), (151.5, 627.9), (150.3, 627.3), (151.0, 627.0), (151.5, 627.9), (150.3, 627.3), (151.0, 627.0), (151.5, 627.9), (150.3, 627.3), (151.0, 627.0), (151.5, 627.9), (150.3, 627.3), (151.0, 627.0), (151.5, 627.9), (150.3, 627.3), (151.0, 627.0), (151.5, 627.9), (150.3, 627.3), (151.0, 627.0), (151.5, 627.9), (150.3, 627.3), (151.0, 627.0), (151.5, 627.9), (150.3, 627.3), (151.0, 627.0), (151.5, 627.9), (150.3, 627.3), (151.0, 627.0), (151.5, 627.9), (150.3, 627.3), (151.0, 627.0), (151.5, 627.9), (150.3, 627.3), (151.0, 627.0), (151.5, 627.9)]",0,5.23
experienced,meatboy,3,Stuck,9,0,31.63,0.286,"[(73.0, 621.0), (73.0, 612.1), (83.8, 563.4), (123.2, 545.3), (130.3, 528.7), (75.2, 476.3), (108.2, 471.6), (148.2, 485.7), (188.2, 518.7), (228.2, 531.9), (232.1, 489.5), (195.2, 450.2), (155.2, 429.8), (115.2, 428.2), (75.2, 445.5), (93.2, 481.6), (133.2, 536.5), (151.0, 590.9), (151.0, 627.0), (125.8, 573.6), (85.8, 539.0), (83.8, 523.3), (123.2, 526.5), (151.0, 548.4), (73.7, 498.5), (103.2, 491.5), (143.2, 503.3), (183.2, 531.0), (223.2, 531.9), (234.6, 496.3), (200.2, 454.7), (160.2, 431.9), (120.2, 428.0), (80.2, 442.9), (88.2, 476.6), (128.2, 529.2), (151.7, 586.6), (151.7, 626.3), (130.8, 579.2), (90.8, 542.3), (80.2, 524.3), (118.2, 525.0), (151.7, 544.7), (73.0, 500.7), (98.2, 491.3), (138.2, 500.7), (178.2, 529.0), (218.2, 531.3)]",0,6.37
experienced,meatboy,3,Stuck,0,0,34.79,0.182,"[(73.0, 621.0), (98.2, 627.3), (138.2, 627.0), (151.7, 627.9), (151.7, 627.3), (151.7, 627.0), (151.7, 627.9), (151.7, 627.3), (151.7, 627.0), (151.7, 627.9), (151.7, 627.3), (151.7, 627.0), (151.7, 627.9), (151.7, 627.3), (151.7, 627.0), (151.7, 627.9), (151.7, 627.3), (151.7, 627.0), (151.7, 627.9), (151.7, 627.3), (151.7, 627.0), (151.7, 627.9), (151.7, 627.3), (151.7, 627.0), (151.7, 627.9), (151.7, 627.3), (151.7, 627.0), (151.7, 627.9), (151.7, 627.3), (151.7, 627.0), (151.7, 627.9), (151.7, 627.3), (151.7, 627.0), (151.7, 627.9), (151.7, 627.3), (151.7, 627.0), (151.7, 627.9), (151.7, 627.3), (151.7, 627.0), (151.7, 627.9)]",0,5.23
experienced,meatboy,3,Stuck,6,0,19.69,0.214,"[(73.0, 621.0), (144.6, 561.9), (130.8, 511.6), (90.8, 480.2), (80.2, 467.7), (118.2, 474.0), (158.2, 499.1), (198.2, 531.3), (204.7, 502.8), (166.5, 458.9), (126.5, 433.7), (86.5, 427.4), (83.8, 440.0), (123.2, 471.4), (163.2, 521.6), (203.2, 531.0), (191.5, 495.4), (151.5, 453.8), (111.5, 431.0), (73.0, 427.1), (98.2, 442.0), (138.2, 475.8), (178.2, 528.4), (212.3, 531.3), (186.5, 477.9), (146.5, 443.3), (106.5, 427.6), (73.7, 430.8), (103.2, 452.7), (143.2, 493.6), (183.2, 531.9), (204.9, 523.3), (171.5, 472.2), (131.5, 440.1), (91.5, 426.7), (80.2, 432.2), (118.2, 456.5), (158.2, 499.7), (198.2, 531.0), (204.7, 502.2), (166.5, 458.3), (126.5, 433.1), (86.5, 426.8), (83.8, 439.4), (123.2, 470.8), (163.2, 521.0)]",0,6.05
experienced,meatboy,3,Success,31,0,66.46,0.897,"[(73.0, 621.0), (78.1, 612.1), (77.3, 563.4), (113.2, 535.1), (153.2, 530.4), (191.0, 508.8), (193.4, 462.4), (157.4, 434.9), (117.4, 426.3), (77.4, 436.5), (93.2, 465.5), (133.2, 513.4), (120.7, 522.2), (77.3, 462.5), (113.2, 421.7), (153.2, 399.7), (193.2, 396.6), (233.2, 412.3), (273.2, 446.8), (311.0, 500.2), (230.5, 481.6), (179.0, 488.7), (136.7, 514.6), (122.7, 559.4), (151.0, 623.0), (135.8, 580.2), (95.8, 543.3), (77.3, 525.3), (113.2, 526.0), (151.0, 545.7), (73.0, 478.9), (98.2, 431.0), (138.2, 402.0), (178.2, 391.8), (218.2, 400.4), (258.2, 427.9), (298.2, 474.3), (311.7, 521.3), (310.3, 531.9), (291.3, 487.0), (275.9, 479.9), (273.4, 491.7), (271.0, 522.4), (267.2, 489.2), (263.0, 449.9), (298.2, 429.5), (338.2, 427.9), (378.2, 435.0), (418.2, 435.9), (434.4, 435.3), (440.4, 388.1), (440.6, 351.2), (463.5, 333.2), (503.5, 333.9), (543.5, 339.3), (583.5, 339.0), (622.8, 349.6), (569.0, 322.2), (502.7, 319.9), (482.1, 336.4), (506.9, 339.0), (546.9, 339.9), (586.9, 339.3), (626.2, 352.2), (569.0, 325.5), (498.9, 323.1), (473.1, 339.6), (501.5, 339.3), (541.5, 339.0), (581.5, 339.9), (621.5, 355.2), (585.0, 341.6), (663.0, 274.9), (658.7, 227.0), (655.8, 197.9), (680.9, 187.7), (720.9, 196.4)]",0,10.22
experienced,meatboy,3,Success,6,0,153.22,0.878,"[(73.0, 621.0), (73.0, 612.1), (83.8, 563.4), (123.2, 536.8), (151.0, 534.5), (130.3, 526.6), (75.2, 474.2), (108.2, 469.5), (148.2, 483.7), (188.2, 516.7), (228.2, 531.9), (240.8, 483.2), (242.2, 446.3), (275.8, 428.3), (315.8, 429.0), (351.5, 405.9), (362.6, 362.0), (400.4, 336.8), (440.4, 330.5), (480.4, 339.3), (520.4, 339.0), (540.2, 285.6), (565.1, 251.0), (605.1, 235.3), (645.1, 238.5), (621.7, 211.4), (554.2, 154.1), (532.2, 115.6), (555.8, 96.0), (595.8, 95.2), (635.8, 113.3), (675.8, 150.2), (715.8, 205.9)]",0,4.32
experienced,meatboy,3,Success,9,0,156.63,0.878,"[(73.0, 621.0), (98.2, 627.3), (138.2, 627.0), (151.0, 591.4), (151.0, 549.8), (153.2, 527.0), (186.2, 523.1), (226.2, 531.9), (266.2, 531.3), (306.2, 531.0), (311.0, 490.1), (311.7, 450.8), (315.3, 430.4), (351.2, 428.8), (391.2, 428.0), (431.2, 428.0), (471.2, 435.0), (471.0, 387.5), (471.0, 350.6), (478.2, 332.6), (516.2, 333.3), (556.2, 339.3), (595.9, 303.7), (635.9, 262.1), (642.3, 229.1), (566.9, 167.1), (533.3, 123.9), (546.0, 99.6), (585.8, 94.1), (625.8, 107.5), (665.8, 139.7), (705.8, 190.7)]",0,4.22
experienced,meatboy,3,Stuck,8,0,88.66,0.952,"[(73.0, 621.0), (98.2, 627.3), (138.2, 627.0), (151.7, 591.4), (149.6, 549.8), (100.1, 496.2), (83.8, 441.3), (123.2, 405.1), (163.2, 387.9), (203.2, 389.5), (243.2, 409.9), (283.2, 449.1), (290.3, 472.5), (214.9, 410.5), (181.3, 367.3), (194.0, 343.0), (233.8, 337.5), (273.8, 350.8), (313.8, 383.0), (353.8, 434.1), (393.1, 387.2), (433.1, 350.3), (473.1, 337.8), (513.1, 316.8), (553.1, 270.4), (593.1, 242.9), (633.1, 234.3), (673.1, 243.0), (706.6, 189.6), (746.6, 155.0), (786.6, 139.3), (791.0, 142.5), (791.0, 164.4), (791.0, 202.3), (791.0, 242.0), (791.0, 243.3), (791.0, 243.0), (791.0, 243.9), (791.0, 243.3), (791.0, 243.0), (791.0, 243.9), (791.0, 243.3), (791.0, 243.0), (791.0, 243.9), (791.0, 243.3), (791.0, 243.0), (791.0, 243.9), (791.0, 243.3), (791.0, 243.0), (791.0, 243.9), (791.0, 243.3), (791.0, 243.0), (791.0, 243.9), (791.0, 243.3), (791.0, 243.0), (791.0, 243.9), (791.0, 243.3), (791.0, 243.0), (791.0, 243.9), (791.0, 243.3), (791.0, 243.0), (791.0, 243.9), (791.0, 243.3), (791.0, 243.0), (791.0, 243.9), (791.0, 243.3), (791.0, 243.0), (791.0, 243.9), (791.0, 243.3), (791.0, 243.0), (791.0, 243.9), (791.0, 243.3)]",0,9.48
experienced,meatboy,3,Stuck,1,0,34.65,0.182,"[(73.0, 621.0), (79.5, 627.3), (115.3, 627.0), (151.0, 627.9), (151.0, 627.3), (151.0, 627.0), (151.0, 627.9), (151.0, 627.3), (151.0, 627.0), (151.0, 627.9), (151.0, 627.3), (151.0, 627.0), (151.0, 627.9), (151.0, 627.3), (151.0, 627.0), (151.0, 627.9), (151.0, 627.3), (151.0, 627.0), (151.0, 627.9), (151.0, 627.3), (151.0, 627.0), (151.0, 627.9), (151.0, 627.3), (151.0, 627.0), (151.0, 627.9), (151.0, 627.3), (151.0, 627.0), (151.0, 627.9), (151.0, 627.3), (151.0, 627.0), (151.0, 627.9), (151.0, 627.3), (151.0, 627.0), (151.0, 627.9), (151.0, 627.3), (151.0, 627.0), (151.0, 627.9), (151.0, 627.3), (151.0, 627.0), (151.0, 627.9)]",0,5.32
experienced,meatboy,3,Stuck,1,0,59.03,0.374,"[(73.0, 621.0), (151.7, 561.9), (155.3, 511.6), (191.2, 480.2), (231.2, 467.7), (271.2, 474.0), (311.2, 499.1), (311.7, 531.3), (311.7, 531.0), (311.7, 531.9), (311.7, 531.3), (311.7, 531.0), (311.7, 531.9), (311.7, 531.3), (311.7, 531.0), (311.7, 531.9), (311.7, 531.3), (311.7, 531.0), (311.7, 531.9), (311.7, 531.3), (311.7, 531.0), (311.7, 531.9), (311.7, 531.3), (311.7, 531.0), (311.7, 531.9), (311.7, 531.3), (311.7, 531.0), (311.7, 531.9), (311.7, 531.3), (311.7, 531.0), (311.7, 531.9), (311.7, 531.3), (311.7, 531.0), (311.7, 531.9), (311.7, 531.3), (311.7, 531.0), (311.7, 531.9), (311.7, 531.3), (311.7, 531.0), (311.7, 531.9), (311.7, 531.3), (311.7, 531.0), (311.7, 531.9)]",0,5.62
experienced,meatboy,3,Stuck,1,0,7.55,0.134,"[(73.0, 621.0), (98.2, 627.3), (108.9, 627.0), (110.3, 627.9), (111.8, 627.3), (111.8, 627.0), (111.8, 627.9), (111.8, 627.3), (111.8, 627.0), (111.8, 627.9), (111.8, 627.3), (111.8, 627.0), (111.8, 627.9), (111.8, 627.3), (111.8, 627.0), (111.8, 627.9), (111.8, 627.3), (111.8, 627.0), (111.8, 627.9), (111.8, 627.3), (111.8, 627.0), (111.8, 627.9), (111.8, 627.3), (111.8, 627.0), (111.8, 627.9), (111.8, 627.3), (111.8, 627.0), (111.8, 627.9), (111.8, 627.3), (111.8, 627.0), (111.8, 627.9), (111.8, 627.3), (111.8, 627.0), (111.8, 627.9), (111.8, 627.3), (111.8, 627.0), (111.8, 627.9), (111.8, 627.3), (111.8, 627.0)]",0,5.13
experienced,meatboy,3,Stuck,28,0,56.37,0.796,"[(73.0, 621.0), (76.8, 627.3), (83.8, 627.0), (115.9, 591.4), (106.8, 549.8), (73.7, 527.0), (103.2, 523.1), (143.2, 538.0), (89.0, 492.9), (88.2, 440.2), (128.2, 406.5), (168.2, 391.6), (208.2, 395.5), (248.2, 418.3), (288.2, 459.9), (311.7, 510.4), (310.3, 531.0), (295.8, 487.3), (284.3, 480.2), (281.4, 492.0), (278.5, 522.7), (271.3, 489.2), (262.6, 449.9), (295.6, 429.5), (335.6, 427.9), (375.6, 435.0), (415.6, 435.9), (430.3, 435.3), (431.4, 435.0), (432.6, 435.9), (455.7, 435.3), (470.3, 420.2), (447.2, 386.4), (442.8, 386.4), (439.9, 405.3), (438.5, 427.3), (422.6, 376.2), (431.3, 344.1), (470.6, 330.7), (510.6, 336.2), (550.6, 339.0), (590.6, 339.9), (627.7, 355.2), (558.7, 331.9), (497.6, 334.3), (486.0, 303.4), (513.8, 261.8), (553.8, 239.0), (593.8, 235.1), (633.8, 250.0), (663.7, 283.5), (663.7, 323.2), (663.0, 339.3), (663.5, 339.0), (662.3, 339.9), (663.0, 339.3), (663.5, 339.0), (662.3, 339.9), (663.0, 339.3), (663.5, 339.0), (662.3, 339.9), (663.0, 339.3), (663.5, 339.0), (662.3, 339.9), (663.0, 339.3), (663.5, 339.0), (662.3, 339.9), (663.0, 339.3), (663.5, 339.0), (662.3, 339.9), (663.0, 339.3), (663.5, 339.0), (662.3, 339.9), (663.0, 339.3), (663.5, 339.0), (662.3, 339.9), (663.0, 339.3), (663.5, 339.0), (662.3, 339.9), (663.0, 339.3), (663.5, 339.0), (662.3, 339.9), (663.0, 339.3), (663.5, 339.0), (662.3, 339.9), (663.0, 339.3)]",0,11.45
experienced,meatboy,3,Stuck,5,0,55.14,0.375,"[(73.0, 621.0), (98.2, 612.1), (138.2, 563.4), (151.0, 536.8), (151.0, 534.5), (130.3, 526.6), (75.2, 464.6), (108.2, 421.4), (148.2, 408.1), (188.2, 415.2), (228.2, 441.1), (268.2, 485.9), (308.2, 531.3), (311.7, 531.0), (311.7, 531.9), (311.7, 531.3), (311.7, 531.0), (311.7, 531.9), (311.7, 531.3), (311.7, 531.0), (311.7, 531.9), (311.7, 531.3), (311.7, 531.0), (311.7, 531.9), (311.7, 531.3), (311.7, 531.0), (311.7, 531.9), (311.7, 531.3), (311.7, 531.0), (311.7, 531.9), (311.7, 531.3), (311.7, 531.0), (311.7, 531.9), (311.7, 531.3), (311.7, 531.0), (311.7, 531.9), (311.7, 531.3), (311.7, 531.0), (311.7, 531.9), (311.7, 531.3), (311.7, 531.0), (311.7, 531.9), (311.7, 531.3), (311.7, 531.0), (311.7, 531.9), (311.7, 531.3), (311.7, 531.0), (311.7, 531.9)]",0,6.33
experienced,meatboy,3,Stuck,9,0,11.45,0.142,"[(73.0, 621.0), (73.0, 612.1), (75.2, 563.4), (77.3, 536.8), (113.2, 534.5), (151.0, 551.0), (73.0, 484.2), (98.2, 474.8), (138.2, 484.3), (178.2, 512.6), (206.1, 501.9), (187.2, 458.0), (147.2, 432.8), (107.2, 426.5), (73.7, 439.1), (103.2, 470.5), (143.2, 520.7), (183.2, 531.0), (187.1, 490.1), (150.2, 450.8), (110.2, 430.4), (73.0, 428.8), (98.2, 446.1), (138.2, 482.2), (178.2, 531.0), (197.9, 477.6), (172.4, 443.0), (132.4, 427.3), (92.4, 430.5), (80.2, 452.4), (118.2, 493.3), (151.7, 549.4), (73.0, 500.3), (98.2, 493.3), (138.2, 505.1), (178.2, 531.0), (196.3, 502.2), (165.2, 458.3), (125.2, 433.1), (85.2, 426.8), (83.8, 439.4), (123.2, 470.8), (163.2, 521.0), (192.7, 516.2), (170.2, 467.5), (130.2, 437.6), (90.2, 426.6), (80.2, 434.5), (118.2, 461.2)]",0,6.4
experienced,meatboy,3,Success,9,0,156.63,0.878,"[(73.0, 621.0), (98.2, 627.3), (138.2, 627.0), (151.0, 591.4), (151.0, 549.8), (153.2, 527.0), (186.2, 523.1), (226.2, 531.9), (266.2, 531.3), (306.2, 531.0), (311.0, 490.1), (311.7, 450.8), (315.3, 430.4), (351.2, 428.8), (391.2, 428.0), (431.2, 428.0), (471.2, 435.0), (471.0, 387.5), (471.0, 350.6), (478.2, 332.6), (516.2, 333.3), (556.2, 339.3), (595.9, 303.7), (635.9, 262.1), (642.3, 229.1), (566.9, 167.1), (533.3, 123.9), (546.0, 99.6), (585.8, 94.1), (625.8, 107.5), (665.8, 139.7), (705.8, 190.7)]",0,4.22
experienced,meatboy,3,Success,6,0,153.22,0.878,"[(73.0, 621.0), (73.0, 612.1), (83.8, 563.4), (123.2, 536.8), (151.0, 534.5), (130.3, 526.6), (75.2, 474.2), (108.2, 469.5), (148.2, 483.7), (188.2, 516.7), (228.2, 531.9), (240.8, 483.2), (242.2, 446.3), (275.8, 428.3), (315.8, 429.0), (351.5, 405.9), (362.6, 362.0), (400.4, 336.8), (440.4, 330.5), (480.4, 339.3), (520.4, 339.0), (540.2, 285.6), (565.1, 251.0), (605.1, 235.3), (645.1, 238.5), (621.7, 211.4), (554.2, 154.1), (532.2, 115.6), (555.8, 96.0), (595.8, 95.2), (635.8, 113.3), (675.8, 150.2), (715.8, 205.9)]",0,4.32
experienced,meatboy,3,Success,31,0,66.46,0.897,"[(73.0, 621.0), (78.1, 612.1), (77.3, 563.4), (113.2, 535.1), (153.2, 530.4), (191.0, 508.8), (193.4, 462.4), (157.4, 434.9), (117.4, 426.3), (77.4, 436.5), (93.2, 465.5), (133.2, 513.4), (120.7, 522.2), (77.3, 462.5), (113.2, 421.7), (153.2, 399.7), (193.2, 396.6), (233.2, 412.3), (273.2, 446.8), (311.0, 500.2), (230.5, 481.6), (179.0, 488.7), (136.7, 514.6), (122.7, 559.4), (151.0, 623.0), (135.8, 580.2), (95.8, 543.3), (77.3, 525.3), (113.2, 526.0), (151.0, 545.7), (73.0, 478.9), (98.2, 431.0), (138.2, 402.0), (178.2, 391.8), (218.2, 400.4), (258.2, 427.9), (298.2, 474.3), (311.7, 521.3), (310.3, 531.9), (291.3, 487.0), (275.9, 479.9), (273.4, 491.7), (271.0, 522.4), (267.2, 489.2), (263.0, 449.9), (298.2, 429.5), (338.2, 427.9), (378.2, 435.0), (418.2, 435.9), (434.4, 435.3), (440.4, 388.1), (440.6, 351.2), (463.5, 333.2), (503.5, 333.9), (543.5, 339.3), (583.5, 339.0), (622.8, 349.6), (569.0, 322.2), (502.7, 319.9), (482.1, 336.4), (506.9, 339.0), (546.9, 339.9), (586.9, 339.3), (626.2, 352.2), (569.0, 325.5), (498.9, 323.1), (473.1, 339.6), (501.5, 339.3), (541.5, 339.0), (581.5, 339.9), (621.5, 355.2), (585.0, 341.6), (663.0, 274.9), (658.7, 227.0), (655.8, 197.9), (680.9, 187.7), (720.9, 196.4)]",0,10.22
experienced,meatboy,3,Stuck,8,0,88.66,0.952,"[(73.0, 621.0), (98.2, 627.3), (138.2, 627.0), (151.7, 591.4), (149.6, 549.8), (100.1, 496.2), (83.8, 441.3), (123.2, 405.1), (163.2, 387.9), (203.2, 389.5), (243.2, 409.9), (283.2, 449.1), (290.3, 472.5), (214.9, 410.5), (181.3, 367.3), (194.0, 343.0), (233.8, 337.5), (273.8, 350.8), (313.8, 383.0), (353.8, 434.1), (393.1, 387.2), (433.1, 350.3), (473.1, 337.8), (513.1, 316.8), (553.1, 270.4), (593.1, 242.9), (633.1, 234.3), (673.1, 243.0), (706.6, 189.6), (746.6, 155.0), (786.6, 139.3), (791.0, 142.5), (791.0, 164.4), (791.0, 202.3), (791.0, 242.0), (791.0, 243.3), (791.0, 243.0), (791.0, 243.9), (791.0, 243.3), (791.0, 243.0), (791.0, 243.9), (791.0, 243.3), (791.0, 243.0), (791.0, 243.9), (791.0, 243.3), (791.0, 243.0), (791.0, 243.9), (791.0, 243.3), (791.0, 243.0), (791.0, 243.9), (791.0, 243.3), (791.0, 243.0), (791.0, 243.9), (791.0, 243.3), (791.0, 243.0), (791.0, 243.9), (791.0, 243.3), (791.0, 243.0), (791.0, 243.9), (791.0, 243.3), (791.0, 243.0), (791.0, 243.9), (791.0, 243.3), (791.0, 243.0), (791.0, 243.9), (791.0, 243.3), (791.0, 243.0), (791.0, 243.9), (791.0, 243.3), (791.0, 243.0), (791.0, 243.9), (791.0, 243.3)]",0,9.48
experienced,meatboy,3,Stuck,5,0,52.57,0.567,"[(73.0, 621.0), (93.2, 627.3), (133.2, 627.0), (148.8, 573.6), (115.8, 539.0), (75.8, 523.3), (93.2, 526.5), (133.2, 548.4), (109.7, 530.8), (80.2, 473.5), (118.2, 448.8), (158.2, 451.1), (198.2, 472.4), (238.2, 512.4), (270.9, 495.4), (274.8, 453.8), (296.1, 431.0), (336.1, 427.1), (376.1, 435.9), (414.1, 435.3), (415.2, 435.0), (416.3, 435.9), (417.4, 435.3), (418.6, 435.0), (419.7, 435.9), (420.8, 435.3), (421.9, 435.0), (423.0, 435.9), (424.1, 435.3), (425.2, 435.0), (426.3, 435.9), (427.4, 435.3), (428.6, 435.0), (429.7, 435.9), (430.8, 435.3), (448.6, 435.0), (471.7, 435.9), (471.7, 435.3), (471.7, 435.0), (471.7, 435.9), (471.7, 435.3), (471.7, 435.0), (471.7, 435.9), (471.7, 435.3), (471.7, 435.0), (471.7, 435.9), (471.7, 435.3), (471.7, 435.0), (471.7, 435.9), (471.7, 435.3), (471.7, 435.0), (471.7, 435.9), (471.7, 435.3), (471.7, 435.0), (471.7, 435.9), (471.7, 435.3), (471.7, 435.0), (471.7, 435.9), (471.7, 435.3), (471.7, 435.0), (471.7, 435.9), (471.7, 435.3), (471.7, 435.0), (471.7, 435.9), (471.7, 435.3), (471.7, 435.0), (471.7, 435.9), (471.7, 435.3), (471.7, 435.0), (471.7, 435.9), (471.7, 435.3), (471.7, 435.0), (471.7, 435.9)]",0,9.67
experienced,meatboy,3,Success,17,0,176.73,0.933,"[(73.0, 621.0), (93.2, 619.3), (107.2, 568.2), (77.4, 536.1), (93.2, 524.1), (133.2, 531.2), (138.4, 543.5), (77.3, 495.3), (113.2, 493.0), (153.2, 509.5), (193.2, 515.9), (233.2, 467.2), (273.2, 437.8), (313.2, 430.8), (353.2, 413.7), (393.2, 367.4), (433.2, 340.1), (473.2, 333.1), (513.2, 323.9), (546.7, 275.2), (586.7, 245.4), (626.7, 234.4), (666.7, 242.2), (691.5, 195.2), (702.6, 171.1), (741.9, 173.5), (781.9, 194.7), (791.7, 232.2), (788.6, 232.1), (785.7, 227.4), (784.3, 241.5)]",0,4.08
experienced,meatboy,3,Stuck,1,0,34.42,0.182,"[(73.0, 621.0), (78.3, 627.3), (113.3, 627.0), (149.7, 627.9), (151.7, 627.3), (151.7, 627.0), (151.7, 627.9), (151.7, 627.3), (151.7, 627.0), (151.7, 627.9), (151.7, 627.3), (151.7, 627.0), (151.7, 627.9), (151.7, 627.3), (151.7, 627.0), (151.7, 627.9), (151.7, 627.3), (151.7, 627.0), (151.7, 627.9), (151.7, 627.3), (151.7, 627.0), (151.7, 627.9), (151.7, 627.3), (151.7, 627.0), (151.7, 627.9), (151.7, 627.3), (151.7, 627.0), (151.7, 627.9), (151.7, 627.3), (151.7, 627.0), (151.7, 627.9), (151.7, 627.3), (151.7, 627.0), (151.7, 627.9), (151.7, 627.3), (151.7, 627.0), (151.7, 627.9), (151.7, 627.3), (151.7, 627.0), (151.7, 627.9), (151.7, 627.3)]",0,5.33
experienced,meatboy,3,Stuck,1,0,0.38,0.088,"[(73.0, 621.0), (73.0, 627.3), (73.0, 627.0), (73.0, 627.9), (73.0, 627.3), (73.0, 627.0), (73.0, 627.9), (73.0, 627.3), (73.0, 627.0), (73.0, 627.9), (73.0, 627.3), (73.0, 627.0), (73.0, 627.9), (73.0, 627.3), (73.0, 627.0), (73.0, 627.9), (73.0, 627.3), (73.0, 627.0), (73.0, 627.9), (73.0, 627.3), (73.0, 627.0), (73.0, 627.9), (73.0, 627.3), (73.0, 627.0), (73.0, 627.9), (73.0, 627.3), (73.0, 627.0), (73.0, 627.9), (73.0, 627.3), (73.0, 627.0), (73.0, 627.9), (73.0, 627.3), (73.0, 627.0), (73.0, 627.9), (73.0, 627.3), (73.0, 627.0), (73.0, 627.9), (73.0, 627.3)]",0,5.0
experienced,meatboy,3,Success,5,0,163.78,0.878,"[(73.0, 621.0), (144.6, 561.9), (130.8, 511.6), (90.8, 480.2), (80.2, 467.7), (118.2, 474.0), (158.2, 499.1), (198.2, 531.3), (237.4, 516.2), (248.6, 467.5), (256.8, 437.6), (294.6, 426.6), (334.6, 434.5), (359.4, 387.2), (379.2, 350.3), (419.2, 332.3), (459.2, 333.0), (499.2, 339.3), (537.1, 316.8), (548.2, 270.4), (583.8, 242.9), (623.8, 234.3), (663.8, 244.5), (591.4, 187.7), (540.5, 137.4), (535.8, 106.0), (570.8, 93.5), (610.8, 99.8), (650.8, 124.9), (690.8, 168.9), (730.8, 231.7)]",0,4.0
experienced,meatboy,3,Stuck,1,0,34.68,0.182,"[(73.0, 621.0), (78.1, 627.3), (111.1, 627.0), (151.1, 627.9), (151.7, 627.3), (151.7, 627.0), (151.7, 627.9), (151.7, 627.3), (151.7, 627.0), (151.7, 627.9), (151.7, 627.3), (151.7, 627.0), (151.7, 627.9), (151.7, 627.3), (151.7, 627.0), (151.7, 627.9), (151.7, 627.3), (151.7, 627.0), (151.7, 627.9), (151.7, 627.3), (151.7, 627.0), (151.7, 627.9), (151.7, 627.3), (151.7, 627.0), (151.7, 627.9), (151.7, 627.3), (151.7, 627.0), (151.7, 627.9), (151.7, 627.3), (151.7, 627.0), (151.7, 627.9), (151.7, 627.3), (151.7, 627.0), (151.7, 627.9), (151.7, 627.3), (151.7, 627.0), (151.7, 627.9), (151.7, 627.3), (151.7, 627.0), (151.7, 627.9), (151.7, 627.3)]",0,5.33
experienced,meatboy,3,Success,5,0,163.78,0.878,"[(73.0, 621.0), (144.6, 561.9), (130.8, 511.6), (90.8, 480.2), (80.2, 467.7), (118.2, 474.0), (158.2, 499.1), (198.2, 531.3), (237.4, 516.2), (248.6, 467.5), (256.8, 437.6), (294.6, 426.6), (334.6, 434.5), (359.4, 387.2), (379.2, 350.3), (419.2, 332.3), (459.2, 333.0), (499.2, 339.3), (537.1, 316.8), (548.2, 270.4), (583.8, 242.9), (623.8, 234.3), (663.8, 244.5), (591.4, 187.7), (540.5, 137.4), (535.8, 106.0), (570.8, 93.5), (610.8, 99.8), (650.8, 124.9), (690.8, 168.9), (730.8, 231.7)]",0,4.0
experienced,meatboy,3,Success,17,0,176.73,0.933,"[(73.0, 621.0), (93.2, 619.3), (107.2, 568.2), (77.4, 536.1), (93.2, 524.1), (133.2, 531.2), (138.4, 543.5), (77.3, 495.3), (113.2, 493.0), (153.2, 509.5), (193.2, 515.9), (233.2, 467.2), (273.2, 437.8), (313.2, 430.8), (353.2, 413.7), (393.2, 367.4), (433.2, 340.1), (473.2, 333.1), (513.2, 323.9), (546.7, 275.2), (586.7, 245.4), (626.7, 234.4), (666.7, 242.2), (691.5, 195.2), (702.6, 171.1), (741.9, 173.5), (781.9, 194.7), (791.7, 232.2), (788.6, 232.1), (785.7, 227.4), (784.3, 241.5)]",0,4.08
experienced,meatboy,3,Success,31,0,66.46,0.897,"[(73.0, 621.0), (78.1, 612.1), (77.3, 563.4), (113.2, 535.1), (153.2, 530.4), (191.0, 508.8), (193.4, 462.4), (157.4, 434.9), (117.4, 426.3), (77.4, 436.5), (93.2, 465.5), (133.2, 513.4), (120.7, 522.2), (77.3, 462.5), (113.2, 421.7), (153.2, 399.7), (193.2, 396.6), (233.2, 412.3), (273.2, 446.8), (311.0, 500.2), (230.5, 481.6), (179.0, 488.7), (136.7, 514.6), (122.7, 559.4), (151.0, 623.0), (135.8, 580.2), (95.8, 543.3), (77.3, 525.3), (113.2, 526.0), (151.0, 545.7), (73.0, 478.9), (98.2, 431.0), (138.2, 402.0), (178.2, 391.8), (218.2, 400.4), (258.2, 427.9), (298.2, 474.3), (311.7, 521.3), (310.3, 531.9), (291.3, 487.0), (275.9, 479.9), (273.4, 491.7), (271.0, 522.4), (267.2, 489.2), (263.0, 449.9), (298.2, 429.5), (338.2, 427.9), (378.2, 435.0), (418.2, 435.9), (434.4, 435.3), (440.4, 388.1), (440.6, 351.2), (463.5, 333.2), (503.5, 333.9), (543.5, 339.3), (583.5, 339.0), (622.8, 349.6), (569.0, 322.2), (502.7, 319.9), (482.1, 336.4), (506.9, 339.0), (546.9, 339.9), (586.9, 339.3), (626.2, 352.2), (569.0, 325.5), (498.9, 323.1), (473.1, 339.6), (501.5, 339.3), (541.5, 339.0), (581.5, 339.9), (621.5, 355.2), (585.0, 341.6), (663.0, 274.9), (658.7, 227.0), (655.8, 197.9), (680.9, 187.7), (720.9, 196.4)]",0,10.22
experienced,meatboy,3,Success,6,0,153.22,0.878,"[(73.0, 621.0), (73.0, 612.1), (83.8, 563.4), (123.2, 536.8), (151.0, 534.5), (130.3, 526.6), (75.2, 474.2), (108.2, 469.5), (148.2, 483.7), (188.2, 516.7), (228.2, 531.9), (240.8, 483.2), (242.2, 446.3), (275.8, 428.3), (315.8, 429.0), (351.5, 405.9), (362.6, 362.0), (400.4, 336.8), (440.4, 330.5), (480.4, 339.3), (520.4, 339.0), (540.2, 285.6), (565.1, 251.0), (605.1, 235.3), (645.1, 238.5), (621.7, 211.4), (554.2, 154.1), (532.2, 115.6), (555.8, 96.0), (595.8, 95.2), (635.8, 113.3), (675.8, 150.2), (715.8, 205.9)]",0,4.32
experienced,meatboy,3,Success,8,0,124.81,0.878,"[(73.0, 621.0), (73.0, 612.1), (75.2, 563.4), (88.2, 536.8), (128.2, 534.5), (131.1, 526.6), (75.2, 474.2), (108.2, 469.5), (148.2, 483.7), (188.2, 516.7), (220.9, 495.4), (226.3, 453.8), (261.9, 431.0), (301.9, 427.1), (341.2, 419.9), (353.8, 371.2), (386.6, 341.4), (426.6, 330.4), (466.6, 338.2), (409.0, 291.3), (352.3, 238.7), (341.9, 204.9), (373.8, 190.0), (413.8, 194.0), (453.8, 216.7), (493.8, 258.4), (533.8, 318.8), (566.6, 303.4), (570.5, 261.8), (590.3, 239.0), (630.3, 235.1), (663.7, 250.0), (652.7, 269.1), (574.3, 204.8), (535.0, 159.2), (541.9, 132.5), (580.8, 124.7), (620.8, 135.7), (660.8, 165.5), (700.8, 214.2)]",0,5.3
experienced,meatboy,3,Stuck,1,0,0.08,0.088,"[(73.0, 621.0), (77.6, 627.3), (73.0, 627.0), (73.0, 627.9), (73.0, 627.3), (73.0, 627.0), (73.0, 627.9), (73.0, 627.3), (73.0, 627.0), (73.0, 627.9), (73.0, 627.3), (73.0, 627.0), (73.0, 627.9), (73.0, 627.3), (73.0, 627.0), (73.0, 627.9), (73.0, 627.3), (73.0, 627.0), (73.0, 627.9), (73.0, 627.3), (73.0, 627.0), (73.0, 627.9), (73.0, 627.3), (73.0, 627.0), (73.0, 627.9), (73.0, 627.3), (73.0, 627.0), (73.0, 627.9), (73.0, 627.3), (73.0, 627.0), (73.0, 627.9), (73.0, 627.3), (73.0, 627.0), (73.0, 627.9), (73.0, 627.3), (73.0, 627.0), (73.0, 627.9), (73.0, 627.3)]",0,5.0
experienced,meatboy,3,Stuck,3,0,50.31,0.566,"[(73.0, 621.0), (93.2, 627.3), (111.3, 598.8), (80.2, 554.9), (88.2, 529.7), (128.2, 523.4), (168.2, 531.3), (205.3, 489.2), (245.3, 449.9), (285.3, 429.5), (325.3, 427.9), (365.3, 435.0), (405.3, 435.9), (414.2, 435.3), (415.3, 435.0), (416.4, 435.9), (417.5, 435.3), (418.6, 435.0), (419.7, 435.9), (420.8, 435.3), (421.9, 435.0), (423.1, 435.9), (424.2, 435.3), (425.3, 435.0), (426.4, 435.9), (427.5, 435.3), (428.6, 435.0), (429.7, 435.9), (430.8, 435.3), (448.6, 435.0), (470.8, 435.9), (470.3, 435.3), (471.0, 435.0), (471.5, 435.9), (470.3, 435.3), (471.0, 435.0), (471.5, 435.9), (470.3, 435.3), (471.0, 435.0), (471.5, 435.9), (470.3, 435.3), (471.0, 435.0), (471.5, 435.9), (470.3, 435.3), (471.0, 435.0), (471.5, 435.9), (470.3, 435.3), (471.0, 435.0), (471.5, 435.9), (470.3, 435.3), (471.0, 435.0), (471.5, 435.9), (470.3, 435.3), (471.0, 435.0), (471.5, 435.9), (470.3, 435.3), (471.0, 435.0), (471.5, 435.9), (470.3, 435.3), (471.0, 435.0), (471.5, 435.9), (470.3, 435.3), (471.0, 435.0), (471.5, 435.9), (470.3, 435.3), (471.0, 435.0), (471.5, 435.9)]",0,8.87
experienced,meatboy,3,Stuck,1,0,34.79,0.182,"[(73.0, 621.0), (98.2, 627.3), (138.2, 627.0), (151.7, 627.9), (151.7, 627.3), (151.7, 627.0), (151.7, 627.9), (151.7, 627.3), (151.7, 627.0), (151.7, 627.9), (151.7, 627.3), (151.7, 627.0), (151.7, 627.9), (151.7, 627.3), (151.7, 627.0), (151.7, 627.9), (151.7, 627.3), (151.7, 627.0), (151.7, 627.9), (151.7, 627.3), (151.7, 627.0), (151.7, 627.9), (151.7, 627.3), (151.7, 627.0), (151.7, 627.9), (151.7, 627.3), (151.7, 627.0), (151.7, 627.9), (151.7, 627.3), (151.7, 627.0), (151.7, 627.9), (151.7, 627.3), (151.7, 627.0), (151.7, 627.9), (151.7, 627.3), (151.7, 627.0), (151.7, 627.9), (151.7, 627.3), (151.7, 627.0), (151.7, 627.9)]",0,5.23
experienced,meatboy,3,Stuck,1,0,0.14,0.088,"[(73.0, 621.0), (73.0, 627.3), (73.0, 627.0), (73.0, 627.9), (73.0, 627.3), (73.0, 627.0), (73.0, 627.9), (73.0, 627.3), (73.0, 627.0), (73.0, 627.9), (73.0, 627.3), (73.0, 627.0), (73.0, 627.9), (73.0, 627.3), (73.0, 627.0), (73.0, 627.9), (73.0, 627.3), (73.0, 627.0), (73.0, 627.9), (73.0, 627.3), (73.0, 627.0), (73.0, 627.9), (73.0, 627.3), (73.0, 627.0), (73.0, 627.9), (73.0, 627.3), (73.0, 627.0), (73.0, 627.9), (73.0, 627.3), (73.0, 627.0), (73.0, 627.9), (73.0, 627.3), (73.0, 627.0), (73.0, 627.9), (73.0, 627.3), (73.0, 627.0), (73.0, 627.9), (73.0, 627.3)]",0,5.0
experienced,meatboy,3,Stuck,17,0,34.31,0.374,"[(73.0, 621.0), (98.2, 627.3), (138.2, 627.0), (150.3, 591.4), (147.4, 549.8), (151.0, 533.5), (151.0, 538.3), (100.1, 501.0), (83.8, 446.0), (123.2, 426.4), (163.2, 431.1), (203.2, 454.7), (243.2, 497.1), (283.2, 531.0), (311.7, 515.9), (231.0, 454.7), (132.4, 402.1), (75.2, 368.4), (108.2, 353.5), (148.2, 357.4), (188.2, 380.2), (228.2, 421.8), (268.2, 482.3), (308.2, 531.9), (271.0, 479.3), (168.8, 419.7), (73.6, 378.8), (93.2, 356.9), (133.2, 353.7), (173.2, 369.4), (213.2, 404.0), (253.2, 457.4), (293.2, 529.6), (311.0, 506.6), (205.9, 439.8), (108.6, 391.9), (80.2, 362.9), (118.2, 352.7), (158.2, 361.3), (198.2, 388.8), (238.2, 435.2), (278.2, 500.3), (311.7, 523.3), (244.3, 462.6), (144.5, 407.7), (73.7, 371.6), (103.2, 354.3), (143.2, 355.9), (183.2, 376.3), (223.2, 415.6), (263.2, 473.7), (303.2, 531.3)]",0,6.88
