persona,game,world,cause_of_death,jump_count,coins_collected,avg_vx,progress_ratio,route,enemies_killed,bricks_destroyed,elapsed_time
speedrunner,meatboy,4,Stuck,0,0,35.95,0.374,"[(73.0, 685.0), (120.3, 691.3), (200.3, 691.0), (280.3, 691.9), (309.7, 691.3), (311.0, 691.0), (310.3, 691.9), (311.0, 691.3), (311.0, 691.0), (309.7, 691.9), (311.0, 691.3), (310.3, 691.0), (311.0, 691.9), (311.0, 691.3), (309.7, 691.0), (311.0, 691.9), (310.3, 691.3), (311.0, 691.0), (311.0, 691.9), (309.7, 691.3), (311.0, 691.0), (310.3, 691.9), (311.0, 691.3), (311.0, 691.0), (309.7, 691.9), (311.0, 691.3), (310.3, 691.0), (311.0, 691.9), (311.0, 691.3), (309.7, 691.0), (311.0, 691.9), (310.3, 691.3), (311.0, 691.0), (311.0, 691.9), (309.7, 691.3), (311.0, 691.0), (310.3, 691.9), (311.0, 691.3), (311.0, 691.0), (309.7, 691.9), (311.0, 691.3)]",0,0,5.42
speedrunner,meatboy,4,Stuck,1,0,0.0,0.088,"[(73.0, 685.0), (73.0, 691.3), (73.0, 691.0), (73.0, 691.9), (73.0, 691.3), (73.0, 691.0), (73.0, 691.9), (73.0, 691.3), (73.0, 691.0), (73.0, 691.9), (73.0, 691.3), (73.0, 691.0), (73.0, 691.9), (73.0, 691.3), (73.0, 691.0), (73.0, 691.9), (73.0, 691.3), (73.0, 691.0), (73.0, 691.9), (73.0, 691.3), (73.0, 691.0), (73.0, 691.9), (73.0, 691.3), (73.0, 691.0), (73.0, 691.9), (73.0, 691.3), (73.0, 691.0), (73.0, 691.9), (73.0, 691.3), (73.0, 691.0), (73.0, 691.9), (73.0, 691.3), (73.0, 691.0), (73.0, 691.9), (73.0, 691.3), (73.0, 691.0), (73.0, 691.9), (73.0, 691.3)]",0,0,5.02
speedrunner,meatboy,4,Pit,1,0,-510.7,0.0,"[(73.0, 685.0), (77.7, 683.3), (26.1, 632.2), (-53.9, 600.1), (-133.9, 586.7), (-213.9, 592.2), (-293.9, 616.5), (-373.9, 659.7), (-453.9, 721.7), (-533.9, 802.6)]",0,0,1.27
speedrunner,meatboy,4,Stuck,7,0,0.0,0.088,"[(73.0, 685.0), (73.0, 691.3), (73.0, 637.9), (73.0, 603.3), (73.0, 587.6), (73.0, 590.8), (73.0, 612.7), (73.0, 653.6), (73.0, 691.9), (73.0, 638.5), (73.0, 603.9), (73.0, 588.2), (73.0, 591.4), (73.0, 613.3), (73.0, 654.2), (73.0, 691.9), (73.0, 638.5), (73.0, 603.9), (73.0, 588.2), (73.0, 591.4), (73.0, 613.3), (73.0, 654.2), (73.0, 691.9), (73.0, 638.5), (73.0, 603.9), (73.0, 588.2), (73.0, 591.4), (73.0, 613.3), (73.0, 654.2), (73.0, 691.9), (73.0, 638.5), (73.0, 603.9), (73.0, 588.2), (73.0, 591.4), (73.0, 613.3), (73.0, 654.2), (73.0, 691.9), (73.0, 638.5), (73.0, 603.9), (73.0, 588.2), (73.0, 591.4)]",0,0,5.38
speedrunner,meatboy,4,Stuck,1,0,43.3,0.374,"[(73.0, 685.0), (99.7, 687.1), (179.0, 682.4), (259.0, 691.3), (311.0, 691.0), (311.0, 691.9), (311.0, 691.3), (311.0, 691.0), (311.0, 691.9), (311.0, 691.3), (311.0, 691.0), (311.0, 691.9), (311.0, 691.3), (311.0, 691.0), (311.0, 691.9), (311.0, 691.3), (311.0, 691.0), (311.0, 691.9), (311.0, 691.3), (311.0, 691.0), (311.0, 691.9), (311.0, 691.3), (311.0, 691.0), (311.0, 691.9), (311.0, 691.3), (311.0, 691.0), (311.0, 691.9), (311.0, 691.3), (311.0, 691.0), (311.0, 691.9), (311.0, 691.3), (311.0, 691.0), (311.0, 691.9), (311.0, 691.3), (311.0, 691.0), (311.0, 691.9), (311.0, 691.3), (311.0, 691.0), (311.0, 691.9), (311.0, 691.3), (311.0, 691.0)]",0,0,5.45
speedrunner,meatboy,4,Stuck,0,0,43.02,0.374,"[(73.0, 685.0), (77.0, 691.3), (140.3, 691.0), (220.3, 691.9), (300.3, 691.3), (311.0, 691.0), (311.0, 691.9), (311.0, 691.3), (311.0, 691.0), (311.0, 691.9), (311.0, 691.3), (311.0, 691.0), (311.0, 691.9), (311.0, 691.3), (311.0, 691.0), (311.0, 691.9), (311.0, 691.3), (311.0, 691.0), (311.0, 691.9), (311.0, 691.3), (311.0, 691.0), (311.0, 691.9), (311.0, 691.3), (311.0, 691.0), (311.0, 691.9), (311.0, 691.3), (311.0, 691.0), (311.0, 691.9), (311.0, 691.3), (311.0, 691.0), (311.0, 691.9), (311.0, 691.3), (311.0, 691.0), (311.0, 691.9), (311.0, 691.3), (311.0, 691.0), (311.0, 691.9), (311.0, 691.3), (311.0, 691.0), (311.0, 691.9), (311.0, 691.3), (311.0, 691.0)]",0,0,5.52
speedrunner,meatboy,4,Stuck,3,0,42.15,0.374,"[(73.0, 685.0), (120.3, 691.3), (200.3, 691.0), (280.3, 650.1), (269.7, 615.8), (215.0, 613.5), (244.3, 630.0), (311.0, 664.9), (311.0, 691.9), (311.0, 691.3), (311.0, 691.0), (311.0, 691.9), (311.0, 691.3), (311.0, 691.0), (311.0, 691.9), (311.0, 691.3), (311.0, 691.0), (311.0, 691.9), (311.0, 691.3), (311.0, 691.0), (311.0, 691.9), (311.0, 691.3), (311.0, 691.0), (311.0, 691.9), (311.0, 691.3), (311.0, 691.0), (311.0, 691.9), (311.0, 691.3), (311.0, 691.0), (311.0, 691.9), (311.0, 691.3), (311.0, 691.0), (311.0, 691.9), (311.0, 691.3), (311.0, 691.0), (311.0, 691.9), (311.0, 691.3), (311.0, 691.0), (311.0, 691.9), (311.0, 691.3), (311.0, 691.0)]",0,0,5.43
speedrunner,meatboy,4,Pit,5,0,-219.65,0.0,"[(73.0, 685.0), (60.6, 691.3), (68.4, 691.0), (87.1, 691.9), (148.8, 691.3), (228.8, 691.0), (308.8, 691.9), (300.7, 672.0), (218.5, 607.6), (140.8, 562.1), (68.5, 535.4), (-4.1, 527.6), (-73.0, 538.6), (-135.3, 568.4), (-196.6, 617.1), (-275.4, 684.6), (-355.3, 771.0)]",0,0,2.23
speedrunner,meatboy,4,Stuck,0,0,0.0,0.088,"[(73.0, 685.0), (73.0, 691.3), (73.0, 691.0), (73.0, 691.9), (73.0, 691.3), (73.0, 691.0), (73.0, 691.9), (73.0, 691.3), (73.0, 691.0), (73.0, 691.9), (73.0, 691.3), (73.0, 691.0), (73.0, 691.9), (73.0, 691.3), (73.0, 691.0), (73.0, 691.9), (73.0, 691.3), (73.0, 691.0), (73.0, 691.9), (73.0, 691.3), (73.0, 691.0), (73.0, 691.9), (73.0, 691.3), (73.0, 691.0), (73.0, 691.9), (73.0, 691.3), (73.0, 691.0), (73.0, 691.9), (73.0, 691.3), (73.0, 691.0), (73.0, 691.9), (73.0, 691.3), (73.0, 691.0), (73.0, 691.9), (73.0, 691.3), (73.0, 691.0), (73.0, 691.9), (73.0, 691.3)]",0,0,5.02
speedrunner,meatboy,4,Stuck,1,0,43.82,0.374,"[(73.0, 685.0), (120.3, 691.3), (200.3, 691.0), (280.3, 691.9), (311.0, 691.3), (311.0, 691.0), (311.0, 691.9), (311.0, 691.3), (311.0, 691.0), (311.0, 691.9), (311.0, 691.3), (311.0, 691.0), (311.0, 691.9), (311.0, 691.3), (311.0, 691.0), (311.0, 691.9), (311.0, 691.3), (311.0, 691.0), (311.0, 691.9), (311.0, 691.3), (311.0, 691.0), (311.0, 691.9), (311.0, 691.3), (311.0, 691.0), (311.0, 691.9), (311.0, 691.3), (311.0, 691.0), (311.0, 691.9), (311.0, 691.3), (311.0, 691.0), (311.0, 691.9), (311.0, 691.3), (311.0, 691.0), (311.0, 691.9), (311.0, 691.3), (311.0, 691.0), (311.0, 691.9), (311.0, 691.3), (311.0, 691.0), (311.0, 691.9), (311.0, 691.3)]",0,0,5.42
speedrunner,meatboy,4,Stuck,1,0,0.0,0.088,"[(73.0, 685.0), (73.0, 691.3), (73.0, 691.0), (73.0, 691.9), (73.0, 691.3), (73.0, 691.0), (73.0, 691.9), (73.0, 691.3), (73.0, 691.0), (73.0, 691.9), (73.0, 691.3), (73.0, 691.0), (73.0, 691.9), (73.0, 691.3), (73.0, 691.0), (73.0, 691.9), (73.0, 691.3), (73.0, 691.0), (73.0, 691.9), (73.0, 691.3), (73.0, 691.0), (73.0, 691.9), (73.0, 691.3), (73.0, 691.0), (73.0, 691.9), (73.0, 691.3), (73.0, 691.0), (73.0, 691.9), (73.0, 691.3), (73.0, 691.0), (73.0, 691.9), (73.0, 691.3), (73.0, 691.0), (73.0, 691.9), (73.0, 691.3), (73.0, 691.0), (73.0, 691.9), (73.0, 691.3)]",0,0,5.02
speedrunner,meatboy,4,Stuck,15,0,29.46,0.31,"[(73.0, 685.0), (85.6, 681.3), (111.2, 674.2), (131.6, 686.0), (162.2, 676.1), (194.5, 678.5), (224.3, 681.1), (257.3, 674.0), (285.0, 685.8), (311.0, 649.9), (311.0, 610.7), (311.0, 590.2), (311.0, 588.7), (311.0, 605.9), (307.0, 642.0), (243.7, 691.0), (190.3, 674.0), (143.5, 681.1), (114.5, 667.3), (113.1, 660.3), (113.1, 672.1), (117.1, 681.1), (135.4, 674.0), (148.4, 685.8), (171.7, 676.0), (196.7, 678.3), (219.2, 681.1), (244.9, 674.0), (265.2, 685.8), (288.7, 649.9), (309.7, 610.7), (311.0, 590.2), (311.0, 588.7), (311.0, 605.9), (307.0, 642.0), (243.7, 691.0), (190.3, 674.0), (143.5, 681.1), (114.5, 667.3), (113.1, 660.3), (113.1, 672.1), (117.1, 681.1), (135.4, 674.0), (148.4, 685.8), (171.7, 676.0), (196.7, 678.3), (219.2, 681.1), (244.9, 674.0)]",0,0,6.35
speedrunner,meatboy,4,Stuck,0,0,43.82,0.374,"[(73.0, 685.0), (120.3, 691.3), (200.3, 691.0), (280.3, 691.9), (311.0, 691.3), (311.0, 691.0), (311.0, 691.9), (311.0, 691.3), (311.0, 691.0), (311.0, 691.9), (311.0, 691.3), (311.0, 691.0), (311.0, 691.9), (311.0, 691.3), (311.0, 691.0), (311.0, 691.9), (311.0, 691.3), (311.0, 691.0), (311.0, 691.9), (311.0, 691.3), (311.0, 691.0), (311.0, 691.9), (311.0, 691.3), (311.0, 691.0), (311.0, 691.9), (311.0, 691.3), (311.0, 691.0), (311.0, 691.9), (311.0, 691.3), (311.0, 691.0), (311.0, 691.9), (311.0, 691.3), (311.0, 691.0), (311.0, 691.9), (311.0, 691.3), (311.0, 691.0), (311.0, 691.9), (311.0, 691.3), (311.0, 691.0), (311.0, 691.9), (311.0, 691.3)]",0,0,5.42
speedrunner,meatboy,4,Pit,0,0,-484.06,0.0,"[(73.0, 685.0), (69.0, 691.3), (5.7, 691.0), (-74.3, 701.6), (-154.3, 731.0), (-234.3, 779.3), (-314.3, 846.5)]",0,0,0.8
speedrunner,meatboy,4,Pit,0,0,-553.33,0.0,"[(73.0, 685.0), (25.7, 691.3), (-54.3, 697.2), (-134.3, 721.9), (-214.3, 765.5), (-294.3, 827.9)]",0,0,0.7
speedrunner,meatboy,4,Stuck,107,0,19.76,0.312,"[(73.0, 685.0), (120.3, 687.1), (200.3, 682.4), (280.3, 687.1), (269.7, 667.3), (215.0, 665.0), (244.3, 681.5), (300.7, 674.6), (226.0, 665.2), (223.3, 674.6), (294.0, 686.9), (249.0, 666.5), (214.3, 668.9), (264.0, 690.1), (280.0, 670.5), (217.3, 665.8), (236.0, 679.9), (311.0, 683.9), (232.3, 665.3), (219.0, 672.4), (284.0, 688.8), (259.3, 667.5), (214.0, 667.5), (254.0, 686.4), (290.3, 672.4), (221.0, 665.3), (229.0, 677.1), (304.0, 685.3), (240.0, 665.8), (216.0, 670.5), (274.0, 691.0), (269.7, 668.8), (215.0, 666.5), (244.3, 683.0), (300.7, 674.6), (226.0, 665.2), (223.3, 674.6), (294.0, 686.9), (249.0, 666.5), (214.3, 668.9), (264.0, 690.1), (280.0, 670.5)]",0,0,5.5
speedrunner,meatboy,4,Pit,6,0,-168.28,0.0,"[(73.0, 685.0), (49.0, 691.3), (45.5, 678.4), (37.8, 676.1), (35.5, 691.0), (32.0, 674.8), (26.3, 679.5), (26.8, 681.4), (19.3, 674.3), (15.6, 686.1), (14.3, 676.5), (7.3, 676.6), (5.5, 691.3), (1.0, 674.3), (-4.0, 681.4), (-9.3, 677.6), (-55.8, 675.2), (-135.8, 691.7), (-215.8, 727.1), (-295.8, 781.3), (-375.8, 854.3)]",0,0,2.67
speedrunner,meatboy,4,Stuck,123,0,-7.41,0.04,"[(73.0, 685.0), (68.3, 691.3), (62.9, 637.9), (57.6, 603.3), (52.3, 587.6), (46.9, 590.8), (41.6, 612.7), (36.3, 653.6), (30.9, 675.9), (25.6, 637.5), (20.3, 635.2), (14.9, 651.7), (9.6, 687.0), (8.6, 681.7), (8.1, 688.8), (11.9, 681.8), (16.4, 688.9), (17.1, 681.8), (15.8, 688.9), (10.2, 643.4), (14.6, 619.2), (19.1, 621.6), (23.5, 642.8), (27.9, 682.9), (28.7, 653.2), (28.3, 646.2), (27.8, 658.0), (27.4, 688.6), (31.2, 681.7), (35.7, 688.8), (36.4, 681.8), (35.1, 688.9), (29.4, 643.3), (23.2, 606.4), (19.7, 588.4), (24.1, 589.1), (28.6, 608.8), (33.0, 647.2), (38.1, 688.8), (36.7, 681.8), (34.8, 683.3)]",0,0,5.38
speedrunner,meatboy,4,Stuck,1,0,43.82,0.374,"[(73.0, 685.0), (120.3, 691.3), (200.3, 691.0), (280.3, 691.9), (311.0, 691.3), (311.0, 691.0), (311.0, 691.9), (311.0, 691.3), (311.0, 691.0), (311.0, 691.9), (311.0, 691.3), (311.0, 691.0), (311.0, 691.9), (311.0, 691.3), (311.0, 691.0), (311.0, 691.9), (311.0, 691.3), (311.0, 691.0), (311.0, 691.9), (311.0, 691.3), (311.0, 691.0), (311.0, 691.9), (311.0, 691.3), (311.0, 691.0), (311.0, 691.9), (311.0, 691.3), (311.0, 691.0), (311.0, 691.9), (311.0, 691.3), (311.0, 691.0), (311.0, 691.9), (311.0, 691.3), (311.0, 691.0), (311.0, 691.9), (311.0, 691.3), (311.0, 691.0), (311.0, 691.9), (311.0, 691.3), (311.0, 691.0), (311.0, 691.9), (311.0, 691.3)]",0,0,5.42
speedrunner,meatboy,4,Pit,1,0,-92.85,0.0,"[(73.0, 685.0), (71.3, 691.3), (58.0, 691.0), (38.7, 691.9), (18.2, 691.3), (-4.4, 691.0), (-21.5, 701.6), (-32.2, 731.0), (-37.7, 779.3), (-38.4, 846.5)]",0,0,1.2
speedrunner,meatboy,4,Pit,1,0,-247.73,0.0,"[(73.0, 685.0), (44.9, 681.3), (4.4, 674.2), (-28.0, 686.0), (-60.4, 716.7), (-92.9, 766.2), (-125.3, 834.5)]",0,0,0.83
speedrunner,meatboy,4,Stuck,1,0,0.0,0.088,"[(73.0, 685.0), (73.0, 691.3), (73.0, 691.0), (73.0, 691.9), (73.0, 691.3), (73.0, 691.0), (73.0, 691.9), (73.0, 691.3), (73.0, 691.0), (73.0, 691.9), (73.0, 691.3), (73.0, 691.0), (73.0, 691.9), (73.0, 691.3), (73.0, 691.0), (73.0, 691.9), (73.0, 691.3), (73.0, 691.0), (73.0, 691.9), (73.0, 691.3), (73.0, 691.0), (73.0, 691.9), (73.0, 691.3), (73.0, 691.0), (73.0, 691.9), (73.0, 691.3), (73.0, 691.0), (73.0, 691.9), (73.0, 691.3), (73.0, 691.0), (73.0, 691.9), (73.0, 691.3), (73.0, 691.0), (73.0, 691.9), (73.0, 691.3), (73.0, 691.0), (73.0, 691.9), (73.0, 691.3)]",0,0,5.02
speedrunner,meatboy,4,Pit,2,0,-323.95,0.0,"[(73.0, 685.0), (25.7, 691.3), (-46.3, 662.8), (-46.3, 618.9), (17.7, 593.7), (25.7, 587.4), (-34.3, 600.0), (-114.3, 631.4), (-194.3, 681.6), (-274.3, 750.7), (-354.3, 838.7)]",0,0,1.35
speedrunner,meatboy,4,Stuck,0,0,43.8,0.374,"[(73.0, 685.0), (118.7, 691.3), (194.0, 691.0), (271.0, 691.9), (311.0, 691.3), (311.0, 691.0), (311.0, 691.9), (311.0, 691.3), (311.0, 691.0), (311.0, 691.9), (311.0, 691.3), (311.0, 691.0), (311.0, 691.9), (311.0, 691.3), (311.0, 691.0), (311.0, 691.9), (311.0, 691.3), (311.0, 691.0), (311.0, 691.9), (311.0, 691.3), (311.0, 691.0), (311.0, 691.9), (311.0, 691.3), (311.0, 691.0), (311.0, 691.9), (311.0, 691.3), (311.0, 691.0), (311.0, 691.9), (311.0, 691.3), (311.0, 691.0), (311.0, 691.9), (311.0, 691.3), (311.0, 691.0), (311.0, 691.9), (311.0, 691.3), (311.0, 691.0), (311.0, 691.9), (311.0, 691.3), (311.0, 691.0), (311.0, 691.9), (311.0, 691.3)]",0,0,5.43
speedrunner,meatboy,4,Stuck,1,0,43.82,0.374,"[(73.0, 685.0), (120.3, 676.1), (200.3, 627.4), (280.3, 597.5), (311.0, 586.5), (311.0, 594.4), (311.0, 621.1), (311.0, 660.5), (311.0, 691.3), (311.0, 691.0), (311.0, 691.9), (311.0, 691.3), (311.0, 691.0), (311.0, 691.9), (311.0, 691.3), (311.0, 691.0), (311.0, 691.9), (311.0, 691.3), (311.0, 691.0), (311.0, 691.9), (311.0, 691.3), (311.0, 691.0), (311.0, 691.9), (311.0, 691.3), (311.0, 691.0), (311.0, 691.9), (311.0, 691.3), (311.0, 691.0), (311.0, 691.9), (311.0, 691.3), (311.0, 691.0), (311.0, 691.9), (311.0, 691.3), (311.0, 691.0), (311.0, 691.9), (311.0, 691.3), (311.0, 691.0), (311.0, 691.9), (311.0, 691.3), (311.0, 691.0), (311.0, 691.9)]",0,0,5.42
speedrunner,meatboy,4,Stuck,50,0,8.36,0.163,"[(73.0, 685.0), (77.0, 687.1), (81.0, 682.4), (83.8, 687.1), (82.6, 682.4), (85.6, 687.2), (91.7, 682.5), (94.9, 687.2), (93.7, 682.5), (96.8, 687.2), (102.9, 682.6), (104.8, 687.3), (105.3, 682.6), (108.8, 687.3), (114.8, 682.6), (116.8, 687.4), (117.3, 682.7), (120.7, 687.4), (126.8, 682.7), (130.5, 687.5), (130.7, 682.8), (131.4, 691.3), (135.3, 691.0), (135.3, 691.9), (135.3, 691.3), (135.3, 691.0), (135.3, 691.9), (135.3, 691.3), (135.3, 691.0), (135.3, 691.9), (135.3, 691.3), (135.3, 691.0), (135.3, 691.9), (135.3, 691.3), (135.3, 691.0), (135.3, 691.9), (135.3, 691.3), (135.3, 691.0), (135.3, 691.9), (135.3, 691.3), (135.3, 691.0), (135.3, 691.9), (135.3, 691.3), (135.3, 691.0), (135.3, 691.9), (135.3, 691.3), (135.3, 691.0), (135.3, 691.9), (135.3, 691.3), (135.3, 691.0), (135.3, 691.9), (135.3, 691.3), (135.3, 691.0), (135.3, 691.9), (135.3, 691.3), (135.3, 691.0)]",0,0,7.45
speedrunner,meatboy,4,Stuck,0,0,0.0,0.088,"[(73.0, 685.0), (73.0, 691.3), (73.0, 691.0), (73.0, 691.9), (73.0, 691.3), (73.0, 691.0), (73.0, 691.9), (73.0, 691.3), (73.0, 691.0), (73.0, 691.9), (73.0, 691.3), (73.0, 691.0), (73.0, 691.9), (73.0, 691.3), (73.0, 691.0), (73.0, 691.9), (73.0, 691.3), (73.0, 691.0), (73.0, 691.9), (73.0, 691.3), (73.0, 691.0), (73.0, 691.9), (73.0, 691.3), (73.0, 691.0), (73.0, 691.9), (73.0, 691.3), (73.0, 691.0), (73.0, 691.9), (73.0, 691.3), (73.0, 691.0), (73.0, 691.9), (73.0, 691.3), (73.0, 691.0), (73.0, 691.9), (73.0, 691.3), (73.0, 691.0), (73.0, 691.9), (73.0, 691.3)]",0,0,5.02
speedrunner,meatboy,4,Stuck,1,0,-10.92,0.022,"[(73.0, 685.0), (68.3, 691.3), (65.4, 691.0), (62.5, 691.9), (59.6, 691.3), (56.7, 691.0), (53.8, 691.9), (50.9, 691.3), (48.1, 691.0), (45.2, 691.9), (42.3, 691.3), (39.4, 691.0), (36.5, 691.9), (33.6, 691.3), (30.7, 691.0), (27.8, 691.9), (24.9, 691.3), (22.1, 691.0), (19.2, 691.9), (16.3, 691.3), (13.4, 691.0), (10.5, 691.9), (7.6, 691.3), (4.7, 691.0), (1.8, 691.9), (-1.1, 691.3), (-3.9, 691.0), (-6.8, 691.9), (-7.1, 691.3), (-7.7, 691.0), (-4.8, 691.9), (-1.9, 691.3), (1.0, 691.0), (3.9, 691.9), (6.8, 691.3), (9.7, 691.0), (12.6, 691.9), (15.4, 691.3)]",0,0,5.02
speedrunner,meatboy,4,Pit,0,0,-24.43,0.0,"[(73.0, 685.0), (68.3, 691.3), (65.4, 691.0), (62.5, 691.9), (59.6, 691.3), (56.7, 691.0), (53.8, 691.9), (50.9, 691.3), (48.1, 691.0), (45.2, 691.9), (42.3, 691.3), (39.4, 691.0), (36.5, 691.9), (33.6, 691.3), (30.7, 691.0), (27.8, 691.9), (24.9, 691.3), (22.1, 691.0), (19.2, 691.9), (16.3, 691.3), (13.4, 691.0), (10.5, 691.9), (7.6, 691.3), (4.7, 691.0), (1.8, 691.9), (-1.1, 691.3), (-3.9, 691.0), (-6.8, 691.9), (-10.9, 693.9), (-16.3, 714.0), (-21.6, 752.8), (-26.9, 810.5)]",0,0,4.2
speedrunner,meatboy,4,Pit,14,0,-176.16,0.0,"[(73.0, 685.0), (49.0, 681.3), (25.2, 674.2), (9.8, 686.0), (-13.5, 676.1), (-14.8, 678.5), (-47.3, 699.7), (-83.0, 739.8), (-113.3, 798.7)]",0,0,1.15
speedrunner,meatboy,4,Stuck,15,0,29.46,0.31,"[(73.0, 685.0), (85.6, 681.3), (111.2, 674.2), (131.6, 686.0), (162.2, 676.1), (194.5, 678.5), (224.3, 681.1), (257.3, 674.0), (285.0, 685.8), (311.0, 649.9), (311.0, 610.7), (311.0, 590.2), (311.0, 588.7), (311.0, 605.9), (307.0, 642.0), (243.7, 691.0), (190.3, 674.0), (143.5, 681.1), (114.5, 667.3), (113.1, 660.3), (113.1, 672.1), (117.1, 681.1), (135.4, 674.0), (148.4, 685.8), (171.7, 676.0), (196.7, 678.3), (219.2, 681.1), (244.9, 674.0), (265.2, 685.8), (288.7, 649.9), (309.7, 610.7), (311.0, 590.2), (311.0, 588.7), (311.0, 605.9), (307.0, 642.0), (243.7, 691.0), (190.3, 674.0), (143.5, 681.1), (114.5, 667.3), (113.1, 660.3), (113.1, 672.1), (117.1, 681.1), (135.4, 674.0), (148.4, 685.8), (171.7, 676.0), (196.7, 678.3), (219.2, 681.1), (244.9, 674.0)]",0,0,6.35
speedrunner,meatboy,4,Pit,58,0,-119.44,0.0,"[(73.0, 685.0), (66.1, 687.1), (55.7, 682.4), (21.2, 687.1), (7.4, 682.4), (10.2, 676.2), (47.5, 666.8), (84.8, 676.2), (109.2, 685.9), (125.8, 683.6), (133.9, 686.0), (101.2, 683.7), (35.4, 686.0), (-19.0, 683.7), (-39.3, 700.2), (-62.7, 735.6), (-126.0, 789.8)]",0,0,2.25
speedrunner,meatboy,4,Stuck,1,0,0.0,0.088,"[(73.0, 685.0), (73.0, 691.3), (73.0, 691.0), (73.0, 691.9), (73.0, 691.3), (73.0, 691.0), (73.0, 691.9), (73.0, 691.3), (73.0, 691.0), (73.0, 691.9), (73.0, 691.3), (73.0, 691.0), (73.0, 691.9), (73.0, 691.3), (73.0, 691.0), (73.0, 691.9), (73.0, 691.3), (73.0, 691.0), (73.0, 691.9), (73.0, 691.3), (73.0, 691.0), (73.0, 691.9), (73.0, 691.3), (73.0, 691.0), (73.0, 691.9), (73.0, 691.3), (73.0, 691.0), (73.0, 691.9), (73.0, 691.3), (73.0, 691.0), (73.0, 691.9), (73.0, 691.3), (73.0, 691.0), (73.0, 691.9), (73.0, 691.3), (73.0, 691.0), (73.0, 691.9), (73.0, 691.3)]",0,0,5.02
speedrunner,meatboy,4,Pit,17,0,-97.98,0.0,"[(73.0, 685.0), (74.2, 676.1), (92.6, 642.3), (94.6, 642.3), (94.6, 661.2), (80.3, 683.3), (103.6, 639.1), (107.4, 634.4), (108.0, 648.6), (108.0, 681.6), (105.5, 675.2), (105.8, 677.6), (109.8, 676.6), (125.0, 648.1), (130.6, 650.5), (131.5, 671.7), (138.1, 679.2), (155.7, 674.5), (168.1, 688.6), (193.5, 675.2), (217.8, 680.0), (241.1, 679.2), (266.1, 674.5), (285.7, 688.6), (310.0, 644.0), (311.0, 607.1), (311.0, 589.0), (311.0, 589.8), (311.0, 609.4), (273.7, 647.9), (195.6, 683.3), (144.2, 673.9), (98.1, 683.3), (74.1, 665.4), (69.1, 660.7), (50.8, 674.9), (47.1, 668.8), (70.8, 636.2), (65.7, 636.2), (62.9, 655.1), (46.9, 691.0), (38.1, 637.6), (-31.2, 603.0), (-111.2, 587.3), (-191.2, 590.5), (-271.2, 612.4), (-351.2, 653.3), (-431.2, 712.9), (-511.2, 791.4)]",0,0,6.48
speedrunner,meatboy,4,Pit,5,0,-219.65,0.0,"[(73.0, 685.0), (60.6, 691.3), (68.4, 691.0), (87.1, 691.9), (148.8, 691.3), (228.8, 691.0), (308.8, 691.9), (300.7, 672.0), (218.5, 607.6), (140.8, 562.1), (68.5, 535.4), (-4.1, 527.6), (-73.0, 538.6), (-135.3, 568.4), (-196.6, 617.1), (-275.4, 684.6), (-355.3, 771.0)]",0,0,2.23
speedrunner,meatboy,4,Stuck,1,0,42.63,0.374,"[(73.0, 685.0), (120.3, 691.3), (200.3, 691.0), (280.3, 655.4), (311.0, 613.8), (311.0, 591.0), (311.0, 587.1), (311.0, 602.0), (311.0, 635.5), (311.0, 675.2), (311.0, 691.3), (311.0, 691.0), (311.0, 691.9), (311.0, 691.3), (311.0, 691.0), (311.0, 691.9), (311.0, 691.3), (311.0, 691.0), (311.0, 691.9), (311.0, 691.3), (311.0, 691.0), (311.0, 691.9), (311.0, 691.3), (311.0, 691.0), (311.0, 691.9), (311.0, 691.3), (311.0, 691.0), (311.0, 691.9), (311.0, 691.3), (311.0, 691.0), (311.0, 691.9), (311.0, 691.3), (311.0, 691.0), (311.0, 691.9), (311.0, 691.3), (311.0, 691.0), (311.0, 691.9), (311.0, 691.3), (311.0, 691.0), (311.0, 691.9), (311.0, 691.3), (311.0, 691.0)]",0,0,5.57
speedrunner,meatboy,4,Pit,1,0,-559.17,0.0,"[(73.0, 685.0), (25.7, 687.1), (-54.3, 682.4), (-134.3, 696.5), (-214.3, 729.5), (-294.3, 781.4), (-374.3, 852.1)]",0,0,0.8
speedrunner,meatboy,4,Stuck,13,0,41.18,0.374,"[(73.0, 685.0), (110.3, 687.1), (158.3, 682.4), (206.3, 687.1), (254.3, 682.4), (305.0, 687.2), (311.0, 682.5), (311.0, 691.3), (311.0, 691.0), (311.0, 691.9), (311.0, 691.3), (311.0, 691.0), (311.0, 691.9), (311.0, 691.3), (311.0, 691.0), (311.0, 691.9), (311.0, 691.3), (311.0, 691.0), (311.0, 691.9), (311.0, 691.3), (311.0, 691.0), (311.0, 691.9), (311.0, 691.3), (311.0, 691.0), (311.0, 691.9), (311.0, 691.3), (311.0, 691.0), (311.0, 691.9), (311.0, 691.3), (311.0, 691.0), (311.0, 691.9), (311.0, 691.3), (311.0, 691.0), (311.0, 691.9), (311.0, 691.3), (311.0, 691.0), (311.0, 691.9), (311.0, 691.3), (311.0, 691.0), (311.0, 691.9), (311.0, 691.3), (311.0, 691.0), (311.0, 691.9)]",0,0,5.63
speedrunner,meatboy,4,Stuck,12,0,43.82,0.374,"[(73.0, 685.0), (120.3, 687.1), (200.3, 682.4), (280.3, 687.1), (311.0, 682.4), (311.0, 691.3), (311.0, 691.0), (311.0, 691.9), (311.0, 691.3), (311.0, 691.0), (311.0, 691.9), (311.0, 691.3), (311.0, 691.0), (311.0, 691.9), (311.0, 691.3), (311.0, 691.0), (311.0, 691.9), (311.0, 691.3), (311.0, 691.0), (311.0, 691.9), (311.0, 691.3), (311.0, 691.0), (311.0, 691.9), (311.0, 691.3), (311.0, 691.0), (311.0, 691.9), (311.0, 691.3), (311.0, 691.0), (311.0, 691.9), (311.0, 691.3), (311.0, 691.0), (311.0, 691.9), (311.0, 691.3), (311.0, 691.0), (311.0, 691.9), (311.0, 691.3), (311.0, 691.0), (311.0, 691.9), (311.0, 691.3), (311.0, 691.0), (311.0, 691.9)]",0,0,5.42
speedrunner,meatboy,4,Stuck,1,0,43.02,0.374,"[(73.0, 685.0), (77.0, 691.3), (140.3, 691.0), (220.3, 691.9), (300.3, 691.3), (311.0, 691.0), (311.0, 691.9), (311.0, 691.3), (311.0, 691.0), (311.0, 691.9), (311.0, 691.3), (311.0, 691.0), (311.0, 691.9), (311.0, 691.3), (311.0, 691.0), (311.0, 691.9), (311.0, 691.3), (311.0, 691.0), (311.0, 691.9), (311.0, 691.3), (311.0, 691.0), (311.0, 691.9), (311.0, 691.3), (311.0, 691.0), (311.0, 691.9), (311.0, 691.3), (311.0, 691.0), (311.0, 691.9), (311.0, 691.3), (311.0, 691.0), (311.0, 691.9), (311.0, 691.3), (311.0, 691.0), (311.0, 691.9), (311.0, 691.3), (311.0, 691.0), (311.0, 691.9), (311.0, 691.3), (311.0, 691.0), (311.0, 691.9), (311.0, 691.3), (311.0, 691.0)]",0,0,5.52
speedrunner,meatboy,4,Stuck,1,0,43.82,0.374,"[(73.0, 685.0), (120.3, 676.1), (200.3, 627.4), (280.3, 597.5), (311.0, 586.5), (311.0, 594.4), (311.0, 621.1), (311.0, 660.5), (311.0, 691.3), (311.0, 691.0), (311.0, 691.9), (311.0, 691.3), (311.0, 691.0), (311.0, 691.9), (311.0, 691.3), (311.0, 691.0), (311.0, 691.9), (311.0, 691.3), (311.0, 691.0), (311.0, 691.9), (311.0, 691.3), (311.0, 691.0), (311.0, 691.9), (311.0, 691.3), (311.0, 691.0), (311.0, 691.9), (311.0, 691.3), (311.0, 691.0), (311.0, 691.9), (311.0, 691.3), (311.0, 691.0), (311.0, 691.9), (311.0, 691.3), (311.0, 691.0), (311.0, 691.9), (311.0, 691.3), (311.0, 691.0), (311.0, 691.9), (311.0, 691.3), (311.0, 691.0), (311.0, 691.9)]",0,0,5.42
speedrunner,meatboy,4,Stuck,1,0,43.82,0.374,"[(73.0, 685.0), (120.3, 676.1), (200.3, 627.4), (280.3, 597.5), (311.0, 586.5), (311.0, 594.4), (311.0, 621.1), (311.0, 660.5), (311.0, 691.3), (311.0, 691.0), (311.0, 691.9), (311.0, 691.3), (311.0, 691.0), (311.0, 691.9), (311.0, 691.3), (311.0, 691.0), (311.0, 691.9), (311.0, 691.3), (311.0, 691.0), (311.0, 691.9), (311.0, 691.3), (311.0, 691.0), (311.0, 691.9), (311.0, 691.3), (311.0, 691.0), (311.0, 691.9), (311.0, 691.3), (311.0, 691.0), (311.0, 691.9), (311.0, 691.3), (311.0, 691.0), (311.0, 691.9), (311.0, 691.3), (311.0, 691.0), (311.0, 691.9), (311.0, 691.3), (311.0, 691.0), (311.0, 691.9), (311.0, 691.3), (311.0, 691.0), (311.0, 691.9)]",0,0,5.42
speedrunner,meatboy,4,Stuck,1,0,43.82,0.374,"[(73.0, 685.0), (120.3, 691.3), (200.3, 691.0), (280.3, 691.9), (311.0, 691.3), (311.0, 691.0), (311.0, 691.9), (311.0, 691.3), (311.0, 691.0), (311.0, 691.9), (311.0, 691.3), (311.0, 691.0), (311.0, 691.9), (311.0, 691.3), (311.0, 691.0), (311.0, 691.9), (311.0, 691.3), (311.0, 691.0), (311.0, 691.9), (311.0, 691.3), (311.0, 691.0), (311.0, 691.9), (311.0, 691.3), (311.0, 691.0), (311.0, 691.9), (311.0, 691.3), (311.0, 691.0), (311.0, 691.9), (311.0, 691.3), (311.0, 691.0), (311.0, 691.9), (311.0, 691.3), (311.0, 691.0), (311.0, 691.9), (311.0, 691.3), (311.0, 691.0), (311.0, 691.9), (311.0, 691.3), (311.0, 691.0), (311.0, 691.9), (311.0, 691.3)]",0,0,5.42
speedrunner,meatboy,4,Stuck,1,0,0.0,0.088,"[(73.0, 685.0), (73.0, 691.3), (73.0, 691.0), (73.0, 691.9), (73.0, 691.3), (73.0, 691.0), (73.0, 691.9), (73.0, 691.3), (73.0, 691.0), (73.0, 691.9), (73.0, 691.3), (73.0, 691.0), (73.0, 691.9), (73.0, 691.3), (73.0, 691.0), (73.0, 691.9), (73.0, 691.3), (73.0, 691.0), (73.0, 691.9), (73.0, 691.3), (73.0, 691.0), (73.0, 691.9), (73.0, 691.3), (73.0, 691.0), (73.0, 691.9), (73.0, 691.3), (73.0, 691.0), (73.0, 691.9), (73.0, 691.3), (73.0, 691.0), (73.0, 691.9), (73.0, 691.3), (73.0, 691.0), (73.0, 691.9), (73.0, 691.3), (73.0, 691.0), (73.0, 691.9), (73.0, 691.3)]",0,0,5.02
speedrunner,meatboy,4,Stuck,15,0,29.46,0.31,"[(73.0, 685.0), (85.6, 681.3), (111.2, 674.2), (131.6, 686.0), (162.2, 676.1), (194.5, 678.5), (224.3, 681.1), (257.3, 674.0), (285.0, 685.8), (311.0, 649.9), (311.0, 610.7), (311.0, 590.2), (311.0, 588.7), (311.0, 605.9), (307.0, 642.0), (243.7, 691.0), (190.3, 674.0), (143.5, 681.1), (114.5, 667.3), (113.1, 660.3), (113.1, 672.1), (117.1, 681.1), (135.4, 674.0), (148.4, 685.8), (171.7, 676.0), (196.7, 678.3), (219.2, 681.1), (244.9, 674.0), (265.2, 685.8), (288.7, 649.9), (309.7, 610.7), (311.0, 590.2), (311.0, 588.7), (311.0, 605.9), (307.0, 642.0), (243.7, 691.0), (190.3, 674.0), (143.5, 681.1), (114.5, 667.3), (113.1, 660.3), (113.1, 672.1), (117.1, 681.1), (135.4, 674.0), (148.4, 685.8), (171.7, 676.0), (196.7, 678.3), (219.2, 681.1), (244.9, 674.0)]",0,0,6.35
speedrunner,meatboy,4,Pit,2,0,-134.53,0.0,"[(73.0, 685.0), (25.7, 691.3), (-23.3, 670.5), (-51.2, 624.2), (-73.8, 596.7), (-91.0, 588.1), (-102.9, 598.3), (-109.4, 627.3), (-110.9, 675.2), (-110.9, 741.9), (-110.9, 827.5)]",0,0,1.37
speedrunner,meatboy,4,Stuck,1,0,0.0,0.088,"[(73.0, 685.0), (73.0, 691.3), (73.0, 691.0), (73.0, 691.9), (73.0, 691.3), (73.0, 691.0), (73.0, 691.9), (73.0, 691.3), (73.0, 691.0), (73.0, 691.9), (73.0, 691.3), (73.0, 691.0), (73.0, 691.9), (73.0, 691.3), (73.0, 691.0), (73.0, 691.9), (73.0, 691.3), (73.0, 691.0), (73.0, 691.9), (73.0, 691.3), (73.0, 691.0), (73.0, 691.9), (73.0, 691.3), (73.0, 691.0), (73.0, 691.9), (73.0, 691.3), (73.0, 691.0), (73.0, 691.9), (73.0, 691.3), (73.0, 691.0), (73.0, 691.9), (73.0, 691.3), (73.0, 691.0), (73.0, 691.9), (73.0, 691.3), (73.0, 691.0), (73.0, 691.9), (73.0, 691.3)]",0,0,5.02
speedrunner,meatboy,4,Stuck,25,0,40.73,0.605,"[(73.0, 685.0), (85.1, 691.3), (106.7, 674.3), (125.2, 681.4), (135.4, 683.9), (161.4, 684.0), (179.4, 662.0), (257.2, 618.0), (311.0, 593.3), (311.0, 588.6), (240.0, 529.9), (216.0, 479.7), (237.3, 454.6), (261.3, 454.6), (274.7, 473.4), (311.0, 511.2), (240.0, 456.7), (216.0, 406.4), (237.3, 375.0), (266.7, 362.5), (280.0, 368.8), (293.3, 393.9), (306.7, 437.9), (269.7, 428.5), (215.0, 371.2), (232.1, 332.7), (255.4, 313.1), (284.1, 312.3), (312.8, 330.4), (338.8, 367.3), (351.4, 423.0), (367.8, 412.8), (377.3, 412.9), (389.5, 431.7), (450.5, 426.1), (492.7, 421.9), (418.0, 357.6), (412.7, 312.0), (431.3, 285.3), (450.0, 277.5), (463.3, 288.5), (476.7, 318.3), (490.0, 367.0), (503.0, 421.9), (503.0, 435.9), (503.0, 435.3), (503.0, 435.0), (503.0, 435.9), (503.0, 435.3), (503.0, 435.0), (503.0, 435.9), (503.0, 435.3), (503.0, 435.0), (503.0, 435.9), (503.0, 435.3), (503.0, 435.0), (503.0, 435.9), (503.0, 435.3), (503.0, 435.0), (503.0, 435.9), (503.0, 435.3), (503.0, 435.0), (503.0, 435.9), (503.0, 435.3), (503.0, 435.0), (503.0, 435.9), (503.0, 435.3), (503.0, 435.0), (503.0, 435.9), (503.0, 435.3), (503.0, 435.0), (503.0, 435.9), (503.0, 435.3), (503.0, 435.0), (503.0, 435.9), (503.0, 435.3), (503.0, 435.0)]",0,0,10.18
speedrunner,meatboy,4,Stuck,10,0,41.64,0.374,"[(73.0, 685.0), (119.6, 681.3), (199.2, 674.2), (279.0, 686.0), (269.7, 666.9), (215.0, 664.6), (244.3, 681.1), (311.0, 691.9), (311.0, 691.3), (311.0, 691.0), (311.0, 691.9), (311.0, 691.3), (311.0, 691.0), (311.0, 691.9), (311.0, 691.3), (311.0, 691.0), (311.0, 691.9), (311.0, 691.3), (311.0, 691.0), (311.0, 691.9), (311.0, 691.3), (311.0, 691.0), (311.0, 691.9), (311.0, 691.3), (311.0, 691.0), (311.0, 691.9), (311.0, 691.3), (311.0, 691.0), (311.0, 691.9), (311.0, 691.3), (311.0, 691.0), (311.0, 691.9), (311.0, 691.3), (311.0, 691.0), (311.0, 691.9), (311.0, 691.3), (311.0, 691.0), (311.0, 691.9), (311.0, 691.3), (311.0, 691.0), (311.0, 691.9), (311.0, 691.3)]",0,0,5.5
speedrunner,meatboy,4,Stuck,5,0,42.28,0.374,"[(73.0, 685.0), (81.0, 676.1), (153.7, 627.4), (191.0, 603.0), (223.0, 603.1), (255.0, 621.9), (287.0, 659.6), (311.0, 691.0), (311.0, 691.9), (311.0, 691.3), (311.0, 691.0), (311.0, 691.9), (311.0, 691.3), (311.0, 691.0), (311.0, 691.9), (311.0, 691.3), (311.0, 691.0), (311.0, 691.9), (311.0, 691.3), (311.0, 691.0), (311.0, 691.9), (311.0, 691.3), (311.0, 691.0), (311.0, 691.9), (311.0, 691.3), (311.0, 691.0), (311.0, 691.9), (311.0, 691.3), (311.0, 691.0), (311.0, 691.9), (311.0, 691.3), (311.0, 691.0), (311.0, 691.9), (311.0, 691.3), (311.0, 691.0), (311.0, 691.9), (311.0, 691.3), (311.0, 691.0), (311.0, 691.9), (311.0, 691.3), (311.0, 691.0), (311.0, 691.9)]",0,0,5.55
speedrunner,meatboy,4,Stuck,1,0,43.82,0.374,"[(73.0, 685.0), (120.3, 691.3), (200.3, 691.0), (280.3, 691.9), (311.0, 691.3), (311.0, 691.0), (311.0, 691.9), (311.0, 691.3), (311.0, 691.0), (311.0, 691.9), (311.0, 691.3), (311.0, 691.0), (311.0, 691.9), (311.0, 691.3), (311.0, 691.0), (311.0, 691.9), (311.0, 691.3), (311.0, 691.0), (311.0, 691.9), (311.0, 691.3), (311.0, 691.0), (311.0, 691.9), (311.0, 691.3), (311.0, 691.0), (311.0, 691.9), (311.0, 691.3), (311.0, 691.0), (311.0, 691.9), (311.0, 691.3), (311.0, 691.0), (311.0, 691.9), (311.0, 691.3), (311.0, 691.0), (311.0, 691.9), (311.0, 691.3), (311.0, 691.0), (311.0, 691.9), (311.0, 691.3), (311.0, 691.0), (311.0, 691.9), (311.0, 691.3)]",0,0,5.42
speedrunner,meatboy,4,Pit,1,0,-102.58,0.0,"[(73.0, 685.0), (68.3, 691.3), (65.4, 691.0), (62.5, 691.9), (59.6, 691.3), (56.7, 691.0), (53.8, 691.9), (50.9, 691.3), (48.1, 691.0), (45.2, 691.9), (42.3, 691.3), (39.4, 691.0), (36.5, 691.9), (33.6, 691.3), (30.7, 691.0), (27.8, 691.9), (24.9, 691.3), (22.1, 691.0), (19.2, 691.9), (16.3, 691.3), (13.4, 691.0), (10.5, 691.9), (7.6, 691.3), (4.7, 691.0), (1.8, 691.9), (-1.1, 691.3), (-3.9, 691.0), (-6.8, 691.9), (-9.0, 699.2), (-9.0, 726.3), (-71.0, 718.5), (-151.5, 720.9), (-231.5, 742.1), (-311.5, 782.2), (-387.5, 841.1)]",0,0,4.55
speedrunner,meatboy,4,Stuck,1,0,43.82,0.374,"[(73.0, 685.0), (120.3, 676.1), (200.3, 627.4), (280.3, 597.5), (311.0, 586.5), (311.0, 594.4), (311.0, 621.1), (311.0, 660.5), (311.0, 691.3), (311.0, 691.0), (311.0, 691.9), (311.0, 691.3), (311.0, 691.0), (311.0, 691.9), (311.0, 691.3), (311.0, 691.0), (311.0, 691.9), (311.0, 691.3), (311.0, 691.0), (311.0, 691.9), (311.0, 691.3), (311.0, 691.0), (311.0, 691.9), (311.0, 691.3), (311.0, 691.0), (311.0, 691.9), (311.0, 691.3), (311.0, 691.0), (311.0, 691.9), (311.0, 691.3), (311.0, 691.0), (311.0, 691.9), (311.0, 691.3), (311.0, 691.0), (311.0, 691.9), (311.0, 691.3), (311.0, 691.0), (311.0, 691.9), (311.0, 691.3), (311.0, 691.0), (311.0, 691.9)]",0,0,5.42
speedrunner,meatboy,4,Pit,2,0,-495.88,0.0,"[(73.0, 685.0), (25.7, 691.3), (-41.0, 670.5), (-57.0, 633.6), (-129.0, 631.3), (-209.0, 647.8), (-289.0, 683.2), (-369.0, 737.4), (-449.0, 810.4)]",0,0,1.13
speedrunner,meatboy,4,Stuck,0,0,10.77,0.155,"[(73.0, 685.0), (114.0, 691.3), (129.0, 691.0), (129.0, 691.9), (129.0, 691.3), (129.0, 691.0), (129.0, 691.9), (129.0, 691.3), (129.0, 691.0), (129.0, 691.9), (129.0, 691.3), (129.0, 691.0), (129.0, 691.9), (129.0, 691.3), (129.0, 691.0), (129.0, 691.9), (129.0, 691.3), (129.0, 691.0), (129.0, 691.9), (129.0, 691.3), (129.0, 691.0), (129.0, 691.9), (129.0, 691.3), (129.0, 691.0), (129.0, 691.9), (129.0, 691.3), (129.0, 691.0), (129.0, 691.9), (129.0, 691.3), (129.0, 691.0), (129.0, 691.9), (129.0, 691.3), (129.0, 691.0), (129.0, 691.9), (129.0, 691.3), (129.0, 691.0), (129.0, 691.9), (129.0, 691.3), (129.0, 691.0), (129.0, 691.9)]",0,0,5.2
speedrunner,meatboy,4,Stuck,20,0,17.57,0.288,"[(73.0, 685.0), (120.3, 691.3), (200.3, 691.0), (280.3, 674.8), (269.7, 652.2), (215.0, 647.5), (244.3, 661.7), (300.7, 680.2), (226.0, 653.5), (223.3, 658.2), (294.0, 681.8), (249.0, 657.7), (214.3, 655.3), (264.0, 671.8), (311.0, 679.9), (232.3, 652.6), (219.0, 657.4), (284.0, 681.0), (290.3, 660.7), (221.0, 651.3), (229.0, 660.8), (304.0, 689.1), (269.7, 656.6), (215.0, 651.9), (244.3, 666.1), (309.7, 683.3), (249.0, 653.7), (214.3, 653.7), (264.0, 672.6), (311.0, 679.2), (232.3, 651.9), (219.0, 656.6), (284.0, 680.2), (290.3, 660.7), (221.0, 651.3), (229.0, 660.8), (304.0, 689.1), (269.7, 656.6), (215.0, 651.9), (244.3, 666.1), (309.7, 683.3), (249.0, 653.7)]",0,0,5.48
speedrunner,meatboy,4,Stuck,15,0,29.46,0.31,"[(73.0, 685.0), (85.6, 681.3), (111.2, 674.2), (131.6, 686.0), (162.2, 676.1), (194.5, 678.5), (224.3, 681.1), (257.3, 674.0), (285.0, 685.8), (311.0, 649.9), (311.0, 610.7), (311.0, 590.2), (311.0, 588.7), (311.0, 605.9), (307.0, 642.0), (243.7, 691.0), (190.3, 674.0), (143.5, 681.1), (114.5, 667.3), (113.1, 660.3), (113.1, 672.1), (117.1, 681.1), (135.4, 674.0), (148.4, 685.8), (171.7, 676.0), (196.7, 678.3), (219.2, 681.1), (244.9, 674.0), (265.2, 685.8), (288.7, 649.9), (309.7, 610.7), (311.0, 590.2), (311.0, 588.7), (311.0, 605.9), (307.0, 642.0), (243.7, 691.0), (190.3, 674.0), (143.5, 681.1), (114.5, 667.3), (113.1, 660.3), (113.1, 672.1), (117.1, 681.1), (135.4, 674.0), (148.4, 685.8), (171.7, 676.0), (196.7, 678.3), (219.2, 681.1), (244.9, 674.0)]",0,0,6.35
speedrunner,meatboy,4,Pit,3,0,-189.12,0.0,"[(73.0, 685.0), (77.0, 691.3), (140.3, 691.0), (220.3, 691.9), (299.5, 675.5), (249.0, 622.5), (169.3, 569.9), (95.0, 536.2), (26.0, 521.2), (-37.7, 525.2), (-96.0, 548.0), (-149.0, 589.6), (-196.7, 650.1), (-239.0, 729.4), (-276.0, 827.5)]",0,0,1.9
speedrunner,meatboy,4,Stuck,0,0,42.76,0.374,"[(73.0, 685.0), (73.0, 691.3), (120.3, 691.0), (200.3, 691.9), (280.3, 691.3), (311.0, 691.0), (311.0, 691.9), (311.0, 691.3), (311.0, 691.0), (311.0, 691.9), (311.0, 691.3), (311.0, 691.0), (311.0, 691.9), (311.0, 691.3), (311.0, 691.0), (311.0, 691.9), (311.0, 691.3), (311.0, 691.0), (311.0, 691.9), (311.0, 691.3), (311.0, 691.0), (311.0, 691.9), (311.0, 691.3), (311.0, 691.0), (311.0, 691.9), (311.0, 691.3), (311.0, 691.0), (311.0, 691.9), (311.0, 691.3), (311.0, 691.0), (311.0, 691.9), (311.0, 691.3), (311.0, 691.0), (311.0, 691.9), (311.0, 691.3), (311.0, 691.0), (311.0, 691.9), (311.0, 691.3), (311.0, 691.0), (311.0, 691.9), (311.0, 691.3), (311.0, 691.0)]",0,0,5.55
speedrunner,meatboy,4,Stuck,5,0,40.57,0.374,"[(73.0, 685.0), (96.4, 691.3), (98.2, 662.6), (116.9, 662.6), (194.2, 681.5), (274.2, 682.9), (311.0, 685.3), (311.0, 691.3), (311.0, 691.0), (311.0, 691.9), (311.0, 691.3), (311.0, 691.0), (311.0, 691.9), (311.0, 691.3), (311.0, 691.0), (311.0, 691.9), (311.0, 691.3), (311.0, 691.0), (311.0, 691.9), (311.0, 691.3), (311.0, 691.0), (311.0, 691.9), (311.0, 691.3), (311.0, 691.0), (311.0, 691.9), (311.0, 691.3), (311.0, 691.0), (311.0, 691.9), (311.0, 691.3), (311.0, 691.0), (311.0, 691.9), (311.0, 691.3), (311.0, 691.0), (311.0, 691.9), (311.0, 691.3), (311.0, 691.0), (311.0, 691.9), (311.0, 691.3), (311.0, 691.0), (311.0, 691.9), (311.0, 691.3), (311.0, 691.0), (311.0, 691.9)]",0,0,5.7
speedrunner,meatboy,4,Stuck,25,0,40.73,0.605,"[(73.0, 685.0), (85.1, 691.3), (106.7, 674.3), (125.2, 681.4), (135.4, 683.9), (161.4, 684.0), (179.4, 662.0), (257.2, 618.0), (311.0, 593.3), (311.0, 588.6), (240.0, 529.9), (216.0, 479.7), (237.3, 454.6), (261.3, 454.6), (274.7, 473.4), (311.0, 511.2), (240.0, 456.7), (216.0, 406.4), (237.3, 375.0), (266.7, 362.5), (280.0, 368.8), (293.3, 393.9), (306.7, 437.9), (269.7, 428.5), (215.0, 371.2), (232.1, 332.7), (255.4, 313.1), (284.1, 312.3), (312.8, 330.4), (338.8, 367.3), (351.4, 423.0), (367.8, 412.8), (377.3, 412.9), (389.5, 431.7), (450.5, 426.1), (492.7, 421.9), (418.0, 357.6), (412.7, 312.0), (431.3, 285.3), (450.0, 277.5), (463.3, 288.5), (476.7, 318.3), (490.0, 367.0), (503.0, 421.9), (503.0, 435.9), (503.0, 435.3), (503.0, 435.0), (503.0, 435.9), (503.0, 435.3), (503.0, 435.0), (503.0, 435.9), (503.0, 435.3), (503.0, 435.0), (503.0, 435.9), (503.0, 435.3), (503.0, 435.0), (503.0, 435.9), (503.0, 435.3), (503.0, 435.0), (503.0, 435.9), (503.0, 435.3), (503.0, 435.0), (503.0, 435.9), (503.0, 435.3), (503.0, 435.0), (503.0, 435.9), (503.0, 435.3), (503.0, 435.0), (503.0, 435.9), (503.0, 435.3), (503.0, 435.0), (503.0, 435.9), (503.0, 435.3), (503.0, 435.0), (503.0, 435.9), (503.0, 435.3), (503.0, 435.0)]",0,0,10.18
speedrunner,meatboy,4,Pit,1,0,-553.33,0.0,"[(73.0, 685.0), (25.7, 691.3), (-54.3, 697.2), (-134.3, 721.9), (-214.3, 765.5), (-294.3, 827.9)]",0,0,0.7
speedrunner,meatboy,4,Stuck,1,0,43.28,0.374,"[(73.0, 685.0), (112.1, 683.3), (181.4, 673.9), (261.4, 683.3), (311.0, 691.3), (311.0, 691.0), (311.0, 691.9), (311.0, 691.3), (311.0, 691.0), (311.0, 691.9), (311.0, 691.3), (311.0, 691.0), (311.0, 691.9), (311.0, 691.3), (311.0, 691.0), (311.0, 691.9), (311.0, 691.3), (311.0, 691.0), (311.0, 691.9), (311.0, 691.3), (311.0, 691.0), (311.0, 691.9), (311.0, 691.3), (311.0, 691.0), (311.0, 691.9), (311.0, 691.3), (311.0, 691.0), (311.0, 691.9), (311.0, 691.3), (311.0, 691.0), (311.0, 691.9), (311.0, 691.3), (311.0, 691.0), (311.0, 691.9), (311.0, 691.3), (311.0, 691.0), (311.0, 691.9), (311.0, 691.3), (311.0, 691.0), (311.0, 691.9), (311.0, 691.3)]",0,0,5.45
speedrunner,meatboy,4,Stuck,15,0,29.46,0.31,"[(73.0, 685.0), (85.6, 681.3), (111.2, 674.2), (131.6, 686.0), (162.2, 676.1), (194.5, 678.5), (224.3, 681.1), (257.3, 674.0), (285.0, 685.8), (311.0, 649.9), (311.0, 610.7), (311.0, 590.2), (311.0, 588.7), (311.0, 605.9), (307.0, 642.0), (243.7, 691.0), (190.3, 674.0), (143.5, 681.1), (114.5, 667.3), (113.1, 660.3), (113.1, 672.1), (117.1, 681.1), (135.4, 674.0), (148.4, 685.8), (171.7, 676.0), (196.7, 678.3), (219.2, 681.1), (244.9, 674.0), (265.2, 685.8), (288.7, 649.9), (309.7, 610.7), (311.0, 590.2), (311.0, 588.7), (311.0, 605.9), (307.0, 642.0), (243.7, 691.0), (190.3, 674.0), (143.5, 681.1), (114.5, 667.3), (113.1, 660.3), (113.1, 672.1), (117.1, 681.1), (135.4, 674.0), (148.4, 685.8), (171.7, 676.0), (196.7, 678.3), (219.2, 681.1), (244.9, 674.0)]",0,0,6.35
speedrunner,meatboy,4,Stuck,1,0,43.82,0.374,"[(73.0, 685.0), (120.3, 676.1), (200.3, 627.4), (280.3, 597.5), (311.0, 586.5), (311.0, 594.4), (311.0, 621.1), (311.0, 660.5), (311.0, 691.3), (311.0, 691.0), (311.0, 691.9), (311.0, 691.3), (311.0, 691.0), (311.0, 691.9), (311.0, 691.3), (311.0, 691.0), (311.0, 691.9), (311.0, 691.3), (311.0, 691.0), (311.0, 691.9), (311.0, 691.3), (311.0, 691.0), (311.0, 691.9), (311.0, 691.3), (311.0, 691.0), (311.0, 691.9), (311.0, 691.3), (311.0, 691.0), (311.0, 691.9), (311.0, 691.3), (311.0, 691.0), (311.0, 691.9), (311.0, 691.3), (311.0, 691.0), (311.0, 691.9), (311.0, 691.3), (311.0, 691.0), (311.0, 691.9), (311.0, 691.3), (311.0, 691.0), (311.0, 691.9)]",0,0,5.42
speedrunner,meatboy,4,Stuck,25,0,40.73,0.605,"[(73.0, 685.0), (85.1, 691.3), (106.7, 674.3), (125.2, 681.4), (135.4, 683.9), (161.4, 684.0), (179.4, 662.0), (257.2, 618.0), (311.0, 593.3), (311.0, 588.6), (240.0, 529.9), (216.0, 479.7), (237.3, 454.6), (261.3, 454.6), (274.7, 473.4), (311.0, 511.2), (240.0, 456.7), (216.0, 406.4), (237.3, 375.0), (266.7, 362.5), (280.0, 368.8), (293.3, 393.9), (306.7, 437.9), (269.7, 428.5), (215.0, 371.2), (232.1, 332.7), (255.4, 313.1), (284.1, 312.3), (312.8, 330.4), (338.8, 367.3), (351.4, 423.0), (367.8, 412.8), (377.3, 412.9), (389.5, 431.7), (450.5, 426.1), (492.7, 421.9), (418.0, 357.6), (412.7, 312.0), (431.3, 285.3), (450.0, 277.5), (463.3, 288.5), (476.7, 318.3), (490.0, 367.0), (503.0, 421.9), (503.0, 435.9), (503.0, 435.3), (503.0, 435.0), (503.0, 435.9), (503.0, 435.3), (503.0, 435.0), (503.0, 435.9), (503.0, 435.3), (503.0, 435.0), (503.0, 435.9), (503.0, 435.3), (503.0, 435.0), (503.0, 435.9), (503.0, 435.3), (503.0, 435.0), (503.0, 435.9), (503.0, 435.3), (503.0, 435.0), (503.0, 435.9), (503.0, 435.3), (503.0, 435.0), (503.0, 435.9), (503.0, 435.3), (503.0, 435.0), (503.0, 435.9), (503.0, 435.3), (503.0, 435.0), (503.0, 435.9), (503.0, 435.3), (503.0, 435.0), (503.0, 435.9), (503.0, 435.3), (503.0, 435.0)]",0,0,10.18
speedrunner,meatboy,4,Stuck,3,0,38.34,0.374,"[(73.0, 685.0), (85.6, 676.1), (121.2, 659.7), (152.8, 666.8), (179.2, 691.0), (221.4, 667.1), (259.8, 671.8), (294.2, 683.7), (311.0, 632.6), (311.0, 600.5), (311.0, 587.1), (311.0, 592.6), (311.0, 616.9), (311.0, 655.7), (311.0, 691.0), (311.0, 691.9), (311.0, 691.3), (311.0, 691.0), (311.0, 691.9), (311.0, 691.3), (311.0, 691.0), (311.0, 691.9), (311.0, 691.3), (311.0, 691.0), (311.0, 691.9), (311.0, 691.3), (311.0, 691.0), (311.0, 691.9), (311.0, 691.3), (311.0, 691.0), (311.0, 691.9), (311.0, 691.3), (311.0, 691.0), (311.0, 691.9), (311.0, 691.3), (311.0, 691.0), (311.0, 691.9), (311.0, 691.3), (311.0, 691.0), (311.0, 691.9), (311.0, 691.3), (311.0, 691.0), (311.0, 691.9), (311.0, 691.3), (311.0, 691.0), (311.0, 691.9), (311.0, 691.3)]",0,0,6.17
speedrunner,meatboy,4,Stuck,1,0,42.18,0.374,"[(73.0, 685.0), (81.0, 676.1), (155.0, 627.4), (235.0, 597.5), (311.0, 586.5), (311.0, 594.4), (311.0, 621.1), (311.0, 660.5), (311.0, 691.3), (311.0, 691.0), (311.0, 691.9), (311.0, 691.3), (311.0, 691.0), (311.0, 691.9), (311.0, 691.3), (311.0, 691.0), (311.0, 691.9), (311.0, 691.3), (311.0, 691.0), (311.0, 691.9), (311.0, 691.3), (311.0, 691.0), (311.0, 691.9), (311.0, 691.3), (311.0, 691.0), (311.0, 691.9), (311.0, 691.3), (311.0, 691.0), (311.0, 691.9), (311.0, 691.3), (311.0, 691.0), (311.0, 691.9), (311.0, 691.3), (311.0, 691.0), (311.0, 691.9), (311.0, 691.3), (311.0, 691.0), (311.0, 691.9), (311.0, 691.3), (311.0, 691.0), (311.0, 691.9), (311.0, 691.3)]",0,0,5.5
speedrunner,meatboy,4,Stuck,10,0,39.99,0.374,"[(73.0, 685.0), (34.2, 687.1), (44.4, 682.4), (120.3, 691.3), (200.3, 691.0), (280.3, 691.9), (311.0, 643.2), (311.0, 606.3), (311.0, 588.3), (311.0, 589.0), (311.0, 608.7), (311.0, 645.4), (311.0, 685.1), (311.0, 662.8), (311.0, 618.9), (311.0, 593.7), (311.0, 587.4), (311.0, 600.0), (311.0, 631.4), (311.0, 671.1), (311.0, 684.2), (311.0, 633.1), (311.0, 600.9), (311.0, 587.6), (311.0, 593.1), (311.0, 617.4), (311.0, 656.2), (311.0, 691.0), (311.0, 650.1), (311.0, 610.8), (311.0, 590.4), (311.0, 588.8), (311.0, 606.1), (311.0, 641.3), (311.0, 681.0), (311.0, 669.6), (311.0, 623.3), (311.0, 595.8), (311.0, 587.2), (311.0, 597.4), (311.0, 626.4), (311.0, 666.1), (311.0, 691.9), (311.0, 638.5), (311.0, 603.9)]",0,0,5.93
speedrunner,meatboy,4,Pit,2,0,-132.86,0.0,"[(73.0, 685.0), (120.3, 676.1), (200.3, 627.4), (276.3, 597.5), (295.0, 586.5), (311.0, 594.4), (240.0, 537.3), (216.0, 487.0), (197.3, 455.6), (181.3, 443.1), (104.7, 449.3), (28.7, 474.5), (10.0, 518.5), (-6.0, 581.3), (-66.0, 663.0), (-146.0, 763.5)]",0,0,2.1
speedrunner,meatboy,4,Success,6,0,245.38,0.878,"[(73.0, 685.0), (120.3, 691.3), (200.3, 691.0), (279.3, 647.3), (269.7, 605.7), (215.0, 548.4), (244.3, 509.9), (300.7, 482.3), (226.0, 417.9), (223.3, 372.4), (294.0, 345.7), (374.0, 337.9), (454.0, 348.9), (482.3, 351.0), (413.0, 289.0), (421.0, 245.8), (496.0, 221.5), (575.9, 216.0), (655.7, 229.4), (683.0, 243.0)]",0,0,2.62
speedrunner,meatboy,4,Stuck,1,0,43.82,0.374,"[(73.0, 685.0), (120.3, 676.1), (200.3, 627.4), (280.3, 597.5), (311.0, 586.5), (311.0, 594.4), (311.0, 621.1), (311.0, 660.5), (311.0, 691.3), (311.0, 691.0), (311.0, 691.9), (311.0, 691.3), (311.0, 691.0), (311.0, 691.9), (311.0, 691.3), (311.0, 691.0), (311.0, 691.9), (311.0, 691.3), (311.0, 691.0), (311.0, 691.9), (311.0, 691.3), (311.0, 691.0), (311.0, 691.9), (311.0, 691.3), (311.0, 691.0), (311.0, 691.9), (311.0, 691.3), (311.0, 691.0), (311.0, 691.9), (311.0, 691.3), (311.0, 691.0), (311.0, 691.9), (311.0, 691.3), (311.0, 691.0), (311.0, 691.9), (311.0, 691.3), (311.0, 691.0), (311.0, 691.9), (311.0, 691.3), (311.0, 691.0), (311.0, 691.9)]",0,0,5.42
speedrunner,meatboy,4,Stuck,0,0,0.0,0.088,"[(73.0, 685.0), (73.0, 691.3), (73.0, 691.0), (73.0, 691.9), (73.0, 691.3), (73.0, 691.0), (73.0, 691.9), (73.0, 691.3), (73.0, 691.0), (73.0, 691.9), (73.0, 691.3), (73.0, 691.0), (73.0, 691.9), (73.0, 691.3), (73.0, 691.0), (73.0, 691.9), (73.0, 691.3), (73.0, 691.0), (73.0, 691.9), (73.0, 691.3), (73.0, 691.0), (73.0, 691.9), (73.0, 691.3), (73.0, 691.0), (73.0, 691.9), (73.0, 691.3), (73.0, 691.0), (73.0, 691.9), (73.0, 691.3), (73.0, 691.0), (73.0, 691.9), (73.0, 691.3), (73.0, 691.0), (73.0, 691.9), (73.0, 691.3), (73.0, 691.0), (73.0, 691.9), (73.0, 691.3)]",0,0,5.02
speedrunner,meatboy,4,Stuck,1,0,43.82,0.374,"[(73.0, 685.0), (120.3, 676.1), (200.3, 627.4), (280.3, 597.5), (311.0, 586.5), (311.0, 594.4), (311.0, 621.1), (311.0, 660.5), (311.0, 691.3), (311.0, 691.0), (311.0, 691.9), (311.0, 691.3), (311.0, 691.0), (311.0, 691.9), (311.0, 691.3), (311.0, 691.0), (311.0, 691.9), (311.0, 691.3), (311.0, 691.0), (311.0, 691.9), (311.0, 691.3), (311.0, 691.0), (311.0, 691.9), (311.0, 691.3), (311.0, 691.0), (311.0, 691.9), (311.0, 691.3), (311.0, 691.0), (311.0, 691.9), (311.0, 691.3), (311.0, 691.0), (311.0, 691.9), (311.0, 691.3), (311.0, 691.0), (311.0, 691.9), (311.0, 691.3), (311.0, 691.0), (311.0, 691.9), (311.0, 691.3), (311.0, 691.0), (311.0, 691.9)]",0,0,5.42
speedrunner,meatboy,4,Pit,2,0,-575.8,0.0,"[(73.0, 685.0), (25.7, 691.3), (-54.3, 662.8), (-134.3, 618.9), (-214.3, 593.7), (-294.3, 587.4), (-374.3, 600.0), (-454.3, 631.4), (-534.3, 681.6), (-614.3, 750.7), (-694.3, 838.7)]",0,0,1.35
speedrunner,meatboy,4,Stuck,15,0,29.46,0.31,"[(73.0, 685.0), (85.6, 681.3), (111.2, 674.2), (131.6, 686.0), (162.2, 676.1), (194.5, 678.5), (224.3, 681.1), (257.3, 674.0), (285.0, 685.8), (311.0, 649.9), (311.0, 610.7), (311.0, 590.2), (311.0, 588.7), (311.0, 605.9), (307.0, 642.0), (243.7, 691.0), (190.3, 674.0), (143.5, 681.1), (114.5, 667.3), (113.1, 660.3), (113.1, 672.1), (117.1, 681.1), (135.4, 674.0), (148.4, 685.8), (171.7, 676.0), (196.7, 678.3), (219.2, 681.1), (244.9, 674.0), (265.2, 685.8), (288.7, 649.9), (309.7, 610.7), (311.0, 590.2), (311.0, 588.7), (311.0, 605.9), (307.0, 642.0), (243.7, 691.0), (190.3, 674.0), (143.5, 681.1), (114.5, 667.3), (113.1, 660.3), (113.1, 672.1), (117.1, 681.1), (135.4, 674.0), (148.4, 685.8), (171.7, 676.0), (196.7, 678.3), (219.2, 681.1), (244.9, 674.0)]",0,0,6.35
speedrunner,meatboy,4,Stuck,1,0,43.82,0.374,"[(73.0, 685.0), (120.3, 676.1), (200.3, 627.4), (280.3, 597.5), (311.0, 588.1), (311.0, 597.6), (311.0, 625.9), (311.0, 665.5), (311.0, 691.9), (311.0, 691.3), (311.0, 691.0), (311.0, 691.9), (311.0, 691.3), (311.0, 691.0), (311.0, 691.9), (311.0, 691.3), (311.0, 691.0), (311.0, 691.9), (311.0, 691.3), (311.0, 691.0), (311.0, 691.9), (311.0, 691.3), (311.0, 691.0), (311.0, 691.9), (311.0, 691.3), (311.0, 691.0), (311.0, 691.9), (311.0, 691.3), (311.0, 691.0), (311.0, 691.9), (311.0, 691.3), (311.0, 691.0), (311.0, 691.9), (311.0, 691.3), (311.0, 691.0), (311.0, 691.9), (311.0, 691.3), (311.0, 691.0), (311.0, 691.9), (311.0, 691.3), (311.0, 691.0)]",0,0,5.42
speedrunner,meatboy,4,Stuck,1,0,43.82,0.374,"[(73.0, 685.0), (120.3, 676.1), (200.3, 627.4), (280.3, 597.5), (311.0, 586.5), (311.0, 594.4), (311.0, 621.1), (311.0, 660.5), (311.0, 691.3), (311.0, 691.0), (311.0, 691.9), (311.0, 691.3), (311.0, 691.0), (311.0, 691.9), (311.0, 691.3), (311.0, 691.0), (311.0, 691.9), (311.0, 691.3), (311.0, 691.0), (311.0, 691.9), (311.0, 691.3), (311.0, 691.0), (311.0, 691.9), (311.0, 691.3), (311.0, 691.0), (311.0, 691.9), (311.0, 691.3), (311.0, 691.0), (311.0, 691.9), (311.0, 691.3), (311.0, 691.0), (311.0, 691.9), (311.0, 691.3), (311.0, 691.0), (311.0, 691.9), (311.0, 691.3), (311.0, 691.0), (311.0, 691.9), (311.0, 691.3), (311.0, 691.0), (311.0, 691.9)]",0,0,5.42
speedrunner,meatboy,4,Pit,14,0,-63.42,0.0,"[(73.0, 685.0), (89.0, 691.3), (152.3, 691.0), (232.1, 676.2), (282.8, 676.3), (286.4, 684.0), (311.9, 660.7), (240.0, 600.8), (200.0, 550.6), (165.3, 519.2), (130.7, 506.6), (96.0, 512.9), (50.7, 538.0), (8.0, 582.0), (-2.5, 644.8), (-24.1, 726.5), (-57.7, 827.0)]",0,0,2.17
speedrunner,meatboy,4,Stuck,5,0,42.7,0.374,"[(73.0, 685.0), (120.3, 687.1), (200.3, 682.4), (275.0, 687.1), (311.0, 682.4), (311.0, 691.3), (311.0, 691.0), (311.0, 691.9), (311.0, 691.3), (311.0, 691.0), (311.0, 691.9), (311.0, 691.3), (311.0, 691.0), (311.0, 691.9), (311.0, 691.3), (311.0, 691.0), (311.0, 691.9), (311.0, 691.3), (311.0, 691.0), (311.0, 691.9), (311.0, 691.3), (311.0, 691.0), (311.0, 691.9), (311.0, 691.3), (311.0, 691.0), (311.0, 691.9), (311.0, 691.3), (311.0, 691.0), (311.0, 691.9), (311.0, 691.3), (311.0, 691.0), (311.0, 691.9), (311.0, 691.3), (311.0, 691.0), (311.0, 691.9), (311.0, 691.3), (311.0, 691.0), (311.0, 691.9), (311.0, 691.3), (311.0, 691.0), (311.0, 691.9)]",0,0,5.43
speedrunner,meatboy,4,Stuck,2,0,41.21,0.374,"[(73.0, 685.0), (88.5, 691.3), (89.8, 676.2), (145.8, 627.5), (225.8, 597.6), (305.8, 586.6), (311.0, 594.5), (311.0, 621.2), (311.0, 660.6), (311.0, 691.3), (311.0, 691.0), (311.0, 691.9), (311.0, 691.3), (311.0, 691.0), (311.0, 691.9), (311.0, 691.3), (311.0, 691.0), (311.0, 691.9), (311.0, 691.3), (311.0, 691.0), (311.0, 691.9), (311.0, 691.3), (311.0, 691.0), (311.0, 691.9), (311.0, 691.3), (311.0, 691.0), (311.0, 691.9), (311.0, 691.3), (311.0, 691.0), (311.0, 691.9), (311.0, 691.3), (311.0, 691.0), (311.0, 691.9), (311.0, 691.3), (311.0, 691.0), (311.0, 691.9), (311.0, 691.3), (311.0, 691.0), (311.0, 691.9), (311.0, 691.3), (311.0, 691.0), (311.0, 691.9), (311.0, 691.3)]",0,0,5.65
speedrunner,meatboy,4,Stuck,1,0,43.82,0.374,"[(73.0, 685.0), (120.3, 676.1), (200.3, 627.4), (280.3, 597.5), (311.0, 586.5), (311.0, 594.4), (311.0, 621.1), (311.0, 660.5), (311.0, 691.3), (311.0, 691.0), (311.0, 691.9), (311.0, 691.3), (311.0, 691.0), (311.0, 691.9), (311.0, 691.3), (311.0, 691.0), (311.0, 691.9), (311.0, 691.3), (311.0, 691.0), (311.0, 691.9), (311.0, 691.3), (311.0, 691.0), (311.0, 691.9), (311.0, 691.3), (311.0, 691.0), (311.0, 691.9), (311.0, 691.3), (311.0, 691.0), (311.0, 691.9), (311.0, 691.3), (311.0, 691.0), (311.0, 691.9), (311.0, 691.3), (311.0, 691.0), (311.0, 691.9), (311.0, 691.3), (311.0, 691.0), (311.0, 691.9), (311.0, 691.3), (311.0, 691.0), (311.0, 691.9)]",0,0,5.42
speedrunner,meatboy,4,Pit,12,0,-36.07,0.02,"[(73.0, 685.0), (49.1, 676.1), (58.3, 642.3), (26.3, 642.3), (29.5, 661.2), (2.5, 683.3), (19.9, 648.4), (-2.8, 648.4), (-0.4, 667.2), (-11.2, 705.0), (-9.0, 745.7), (-9.0, 785.4), (9.7, 835.7)]",0,0,1.63
speedrunner,meatboy,4,Stuck,1,0,43.82,0.374,"[(73.0, 685.0), (120.3, 676.1), (200.3, 627.4), (280.3, 597.5), (311.0, 586.5), (311.0, 594.4), (311.0, 621.1), (311.0, 660.5), (311.0, 691.3), (311.0, 691.0), (311.0, 691.9), (311.0, 691.3), (311.0, 691.0), (311.0, 691.9), (311.0, 691.3), (311.0, 691.0), (311.0, 691.9), (311.0, 691.3), (311.0, 691.0), (311.0, 691.9), (311.0, 691.3), (311.0, 691.0), (311.0, 691.9), (311.0, 691.3), (311.0, 691.0), (311.0, 691.9), (311.0, 691.3), (311.0, 691.0), (311.0, 691.9), (311.0, 691.3), (311.0, 691.0), (311.0, 691.9), (311.0, 691.3), (311.0, 691.0), (311.0, 691.9), (311.0, 691.3), (311.0, 691.0), (311.0, 691.9), (311.0, 691.3), (311.0, 691.0), (311.0, 691.9)]",0,0,5.42
speedrunner,meatboy,4,Stuck,4,0,37.62,0.374,"[(73.0, 685.0), (85.1, 691.3), (106.7, 674.3), (114.5, 681.4), (136.6, 691.3), (151.1, 691.0), (169.2, 691.9), (195.6, 691.3), (244.4, 691.0), (311.0, 691.9), (311.0, 691.3), (311.0, 691.0), (311.0, 691.9), (311.0, 691.3), (311.0, 691.0), (311.0, 691.9), (311.0, 691.3), (311.0, 691.0), (311.0, 691.9), (311.0, 691.3), (311.0, 691.0), (311.0, 691.9), (311.0, 691.3), (311.0, 691.0), (311.0, 691.9), (311.0, 691.3), (311.0, 691.0), (311.0, 691.9), (311.0, 691.3), (311.0, 691.0), (311.0, 691.9), (311.0, 691.3), (311.0, 691.0), (311.0, 691.9), (311.0, 691.3), (311.0, 691.0), (311.0, 691.9), (311.0, 691.3), (311.0, 691.0), (311.0, 691.9), (311.0, 691.3), (311.0, 691.0), (311.0, 691.9), (311.0, 691.3), (311.0, 691.0), (311.0, 691.9), (311.0, 691.3)]",0,0,6.15
speedrunner,meatboy,4,Stuck,25,0,40.73,0.605,"[(73.0, 685.0), (85.1, 691.3), (106.7, 674.3), (125.2, 681.4), (135.4, 683.9), (161.4, 684.0), (179.4, 662.0), (257.2, 618.0), (311.0, 593.3), (311.0, 588.6), (240.0, 529.9), (216.0, 479.7), (237.3, 454.6), (261.3, 454.6), (274.7, 473.4), (311.0, 511.2), (240.0, 456.7), (216.0, 406.4), (237.3, 375.0), (266.7, 362.5), (280.0, 368.8), (293.3, 393.9), (306.7, 437.9), (269.7, 428.5), (215.0, 371.2), (232.1, 332.7), (255.4, 313.1), (284.1, 312.3), (312.8, 330.4), (338.8, 367.3), (351.4, 423.0), (367.8, 412.8), (377.3, 412.9), (389.5, 431.7), (450.5, 426.1), (492.7, 421.9), (418.0, 357.6), (412.7, 312.0), (431.3, 285.3), (450.0, 277.5), (463.3, 288.5), (476.7, 318.3), (490.0, 367.0), (503.0, 421.9), (503.0, 435.9), (503.0, 435.3), (503.0, 435.0), (503.0, 435.9), (503.0, 435.3), (503.0, 435.0), (503.0, 435.9), (503.0, 435.3), (503.0, 435.0), (503.0, 435.9), (503.0, 435.3), (503.0, 435.0), (503.0, 435.9), (503.0, 435.3), (503.0, 435.0), (503.0, 435.9), (503.0, 435.3), (503.0, 435.0), (503.0, 435.9), (503.0, 435.3), (503.0, 435.0), (503.0, 435.9), (503.0, 435.3), (503.0, 435.0), (503.0, 435.9), (503.0, 435.3), (503.0, 435.0), (503.0, 435.9), (503.0, 435.3), (503.0, 435.0), (503.0, 435.9), (503.0, 435.3), (503.0, 435.0)]",0,0,10.18
speedrunner,meatboy,4,Stuck,1,0,43.82,0.374,"[(73.0, 685.0), (120.3, 676.1), (200.3, 627.4), (280.3, 597.5), (311.0, 586.5), (311.0, 594.4), (311.0, 621.1), (311.0, 660.5), (311.0, 691.3), (311.0, 691.0), (311.0, 691.9), (311.0, 691.3), (311.0, 691.0), (311.0, 691.9), (311.0, 691.3), (311.0, 691.0), (311.0, 691.9), (311.0, 691.3), (311.0, 691.0), (311.0, 691.9), (311.0, 691.3), (311.0, 691.0), (311.0, 691.9), (311.0, 691.3), (311.0, 691.0), (311.0, 691.9), (311.0, 691.3), (311.0, 691.0), (311.0, 691.9), (311.0, 691.3), (311.0, 691.0), (311.0, 691.9), (311.0, 691.3), (311.0, 691.0), (311.0, 691.9), (311.0, 691.3), (311.0, 691.0), (311.0, 691.9), (311.0, 691.3), (311.0, 691.0), (311.0, 691.9)]",0,0,5.42
speedrunner,meatboy,4,Stuck,4,0,35.73,0.374,"[(73.0, 685.0), (102.6, 681.3), (139.6, 674.2), (179.8, 686.0), (254.3, 676.1), (290.3, 657.7), (221.0, 648.3), (227.6, 657.7), (286.9, 686.0), (311.0, 649.2), (311.0, 609.9), (311.0, 589.5), (311.0, 587.9), (311.0, 605.2), (311.0, 640.4), (311.0, 680.1), (311.0, 691.9), (311.0, 691.3), (311.0, 691.0), (311.0, 691.9), (311.0, 691.3), (311.0, 691.0), (311.0, 691.9), (311.0, 691.3), (311.0, 691.0), (311.0, 691.9), (311.0, 691.3), (311.0, 691.0), (311.0, 691.9), (311.0, 691.3), (311.0, 691.0), (311.0, 691.9), (311.0, 691.3), (311.0, 691.0), (311.0, 691.9), (311.0, 691.3), (311.0, 691.0), (311.0, 691.9), (311.0, 691.3), (311.0, 691.0), (311.0, 691.9), (311.0, 691.3), (311.0, 691.0), (311.0, 691.9), (311.0, 691.3), (311.0, 691.0), (311.0, 691.9), (311.0, 691.3)]",0,0,6.35
speedrunner,meatboy,4,Pit,1,0,-169.81,0.0,"[(73.0, 685.0), (69.0, 691.3), (5.7, 691.0), (-13.5, 701.6), (-9.0, 731.0), (-9.0, 770.7), (-29.0, 814.8)]",0,0,0.88
speedrunner,meatboy,4,Stuck,25,0,40.73,0.605,"[(73.0, 685.0), (85.1, 691.3), (106.7, 674.3), (125.2, 681.4), (135.4, 683.9), (161.4, 684.0), (179.4, 662.0), (257.2, 618.0), (311.0, 593.3), (311.0, 588.6), (240.0, 529.9), (216.0, 479.7), (237.3, 454.6), (261.3, 454.6), (274.7, 473.4), (311.0, 511.2), (240.0, 456.7), (216.0, 406.4), (237.3, 375.0), (266.7, 362.5), (280.0, 368.8), (293.3, 393.9), (306.7, 437.9), (269.7, 428.5), (215.0, 371.2), (232.1, 332.7), (255.4, 313.1), (284.1, 312.3), (312.8, 330.4), (338.8, 367.3), (351.4, 423.0), (367.8, 412.8), (377.3, 412.9), (389.5, 431.7), (450.5, 426.1), (492.7, 421.9), (418.0, 357.6), (412.7, 312.0), (431.3, 285.3), (450.0, 277.5), (463.3, 288.5), (476.7, 318.3), (490.0, 367.0), (503.0, 421.9), (503.0, 435.9), (503.0, 435.3), (503.0, 435.0), (503.0, 435.9), (503.0, 435.3), (503.0, 435.0), (503.0, 435.9), (503.0, 435.3), (503.0, 435.0), (503.0, 435.9), (503.0, 435.3), (503.0, 435.0), (503.0, 435.9), (503.0, 435.3), (503.0, 435.0), (503.0, 435.9), (503.0, 435.3), (503.0, 435.0), (503.0, 435.9), (503.0, 435.3), (503.0, 435.0), (503.0, 435.9), (503.0, 435.3), (503.0, 435.0), (503.0, 435.9), (503.0, 435.3), (503.0, 435.0), (503.0, 435.9), (503.0, 435.3), (503.0, 435.0), (503.0, 435.9), (503.0, 435.3), (503.0, 435.0)]",0,0,10.18
speedrunner,meatboy,4,Success,6,0,245.38,0.878,"[(73.0, 685.0), (120.3, 691.3), (200.3, 691.0), (279.3, 647.3), (269.7, 605.7), (215.0, 548.4), (244.3, 509.9), (300.7, 482.3), (226.0, 417.9), (223.3, 372.4), (294.0, 345.7), (374.0, 337.9), (454.0, 348.9), (482.3, 351.0), (413.0, 289.0), (421.0, 245.8), (496.0, 221.5), (575.9, 216.0), (655.7, 229.4), (683.0, 243.0)]",0,0,2.62
speedrunner,meatboy,4,Stuck,15,0,43.82,0.374,"[(73.0, 685.0), (120.3, 676.1), (200.3, 653.3), (280.3, 658.0), (311.0, 681.6), (311.0, 677.9), (311.0, 675.5), (311.0, 691.0), (311.0, 674.8), (311.0, 679.5), (311.0, 681.4), (311.0, 674.3), (311.0, 686.1), (311.0, 676.5), (311.0, 676.6), (311.0, 691.3), (311.0, 674.3), (311.0, 681.4), (311.0, 679.5), (311.0, 674.8), (311.0, 688.9), (311.0, 675.5), (311.0, 677.9), (311.0, 683.6), (311.0, 674.2), (311.0, 683.6), (311.0, 677.9), (311.0, 675.5), (311.0, 691.0), (311.0, 674.8), (311.0, 679.5), (311.0, 681.4), (311.0, 674.3), (311.0, 686.1), (311.0, 676.5), (311.0, 676.6), (311.0, 691.3), (311.0, 674.3), (311.0, 681.4), (311.0, 679.5), (311.0, 674.8)]",0,0,5.42
speedrunner,meatboy,4,Stuck,0,0,43.26,0.374,"[(73.0, 685.0), (120.3, 691.3), (200.3, 691.0), (278.3, 691.9), (311.0, 691.3), (311.0, 691.0), (311.0, 691.9), (311.0, 691.3), (311.0, 691.0), (311.0, 691.9), (311.0, 691.3), (311.0, 691.0), (311.0, 691.9), (311.0, 691.3), (311.0, 691.0), (311.0, 691.9), (311.0, 691.3), (311.0, 691.0), (311.0, 691.9), (311.0, 691.3), (311.0, 691.0), (311.0, 691.9), (311.0, 691.3), (311.0, 691.0), (311.0, 691.9), (311.0, 691.3), (311.0, 691.0), (311.0, 691.9), (311.0, 691.3), (311.0, 691.0), (311.0, 691.9), (311.0, 691.3), (311.0, 691.0), (311.0, 691.9), (311.0, 691.3), (311.0, 691.0), (311.0, 691.9), (311.0, 691.3), (311.0, 691.0), (311.0, 691.9), (311.0, 691.3)]",0,0,5.42
speedrunner,meatboy,4,Stuck,1,0,-1.5,0.079,"[(73.0, 685.0), (64.0, 691.3), (65.5, 691.0), (65.5, 691.9), (65.5, 691.3), (65.5, 691.0), (65.5, 691.9), (65.5, 691.3), (65.5, 691.0), (65.5, 691.9), (65.5, 691.3), (65.5, 691.0), (65.5, 691.9), (65.5, 691.3), (65.5, 691.0), (65.5, 691.9), (65.5, 691.3), (65.5, 691.0), (65.5, 691.9), (65.5, 691.3), (65.5, 691.0), (65.5, 691.9), (65.5, 691.3), (65.5, 691.0), (65.5, 691.9), (65.5, 691.3), (65.5, 691.0), (65.5, 691.9), (65.5, 691.3), (65.5, 691.0), (65.5, 691.9), (65.5, 691.3), (65.5, 691.0), (65.5, 691.9), (65.5, 691.3), (65.5, 691.0), (65.5, 691.9), (65.5, 691.3)]",0,0,5.02
speedrunner,meatboy,4,Stuck,0,0,0.0,0.088,"[(73.0, 685.0), (73.0, 691.3), (73.0, 691.0), (73.0, 691.9), (73.0, 691.3), (73.0, 691.0), (73.0, 691.9), (73.0, 691.3), (73.0, 691.0), (73.0, 691.9), (73.0, 691.3), (73.0, 691.0), (73.0, 691.9), (73.0, 691.3), (73.0, 691.0), (73.0, 691.9), (73.0, 691.3), (73.0, 691.0), (73.0, 691.9), (73.0, 691.3), (73.0, 691.0), (73.0, 691.9), (73.0, 691.3), (73.0, 691.0), (73.0, 691.9), (73.0, 691.3), (73.0, 691.0), (73.0, 691.9), (73.0, 691.3), (73.0, 691.0), (73.0, 691.9), (73.0, 691.3), (73.0, 691.0), (73.0, 691.9), (73.0, 691.3), (73.0, 691.0), (73.0, 691.9), (73.0, 691.3)]",0,0,5.02
speedrunner,meatboy,4,Stuck,25,0,40.73,0.605,"[(73.0, 685.0), (85.1, 691.3), (106.7, 674.3), (125.2, 681.4), (135.4, 683.9), (161.4, 684.0), (179.4, 662.0), (257.2, 618.0), (311.0, 593.3), (311.0, 588.6), (240.0, 529.9), (216.0, 479.7), (237.3, 454.6), (261.3, 454.6), (274.7, 473.4), (311.0, 511.2), (240.0, 456.7), (216.0, 406.4), (237.3, 375.0), (266.7, 362.5), (280.0, 368.8), (293.3, 393.9), (306.7, 437.9), (269.7, 428.5), (215.0, 371.2), (232.1, 332.7), (255.4, 313.1), (284.1, 312.3), (312.8, 330.4), (338.8, 367.3), (351.4, 423.0), (367.8, 412.8), (377.3, 412.9), (389.5, 431.7), (450.5, 426.1), (492.7, 421.9), (418.0, 357.6), (412.7, 312.0), (431.3, 285.3), (450.0, 277.5), (463.3, 288.5), (476.7, 318.3), (490.0, 367.0), (503.0, 421.9), (503.0, 435.9), (503.0, 435.3), (503.0, 435.0), (503.0, 435.9), (503.0, 435.3), (503.0, 435.0), (503.0, 435.9), (503.0, 435.3), (503.0, 435.0), (503.0, 435.9), (503.0, 435.3), (503.0, 435.0), (503.0, 435.9), (503.0, 435.3), (503.0, 435.0), (503.0, 435.9), (503.0, 435.3), (503.0, 435.0), (503.0, 435.9), (503.0, 435.3), (503.0, 435.0), (503.0, 435.9), (503.0, 435.3), (503.0, 435.0), (503.0, 435.9), (503.0, 435.3), (503.0, 435.0), (503.0, 435.9), (503.0, 435.3), (503.0, 435.0), (503.0, 435.9), (503.0, 435.3), (503.0, 435.0)]",0,0,10.18
speedrunner,meatboy,4,Stuck,1,0,0.0,0.088,"[(73.0, 685.0), (73.0, 691.3), (73.0, 691.0), (73.0, 691.9), (73.0, 691.3), (73.0, 691.0), (73.0, 691.9), (73.0, 691.3), (73.0, 691.0), (73.0, 691.9), (73.0, 691.3), (73.0, 691.0), (73.0, 691.9), (73.0, 691.3), (73.0, 691.0), (73.0, 691.9), (73.0, 691.3), (73.0, 691.0), (73.0, 691.9), (73.0, 691.3), (73.0, 691.0), (73.0, 691.9), (73.0, 691.3), (73.0, 691.0), (73.0, 691.9), (73.0, 691.3), (73.0, 691.0), (73.0, 691.9), (73.0, 691.3), (73.0, 691.0), (73.0, 691.9), (73.0, 691.3), (73.0, 691.0), (73.0, 691.9), (73.0, 691.3), (73.0, 691.0), (73.0, 691.9), (73.0, 691.3)]",0,0,5.02
speedrunner,meatboy,4,Stuck,1,0,-7.6,0.042,"[(73.0, 685.0), (34.8, 691.3), (34.9, 691.0), (34.9, 691.9), (34.9, 691.3), (34.9, 691.0), (34.9, 691.9), (34.9, 691.3), (34.9, 691.0), (34.9, 691.9), (34.9, 691.3), (34.9, 691.0), (34.9, 691.9), (34.9, 691.3), (34.9, 691.0), (34.9, 691.9), (34.9, 691.3), (34.9, 691.0), (34.9, 691.9), (34.9, 691.3), (34.9, 691.0), (34.9, 691.9), (34.9, 691.3), (34.9, 691.0), (34.9, 691.9), (34.9, 691.3), (34.9, 691.0), (34.9, 691.9), (34.9, 691.3), (34.9, 691.0), (34.9, 691.9), (34.9, 691.3), (34.9, 691.0), (34.9, 691.9), (34.9, 691.3), (34.9, 691.0), (34.9, 691.9), (34.9, 691.3)]",0,0,5.02
speedrunner,meatboy,4,Stuck,2,0,41.64,0.374,"[(73.0, 685.0), (120.3, 691.3), (200.3, 691.0), (280.3, 691.9), (311.0, 656.3), (311.0, 614.7), (311.0, 591.9), (311.0, 588.0), (311.0, 602.9), (311.0, 636.3), (311.0, 676.0), (311.0, 691.3), (311.0, 691.0), (311.0, 691.9), (311.0, 691.3), (311.0, 691.0), (311.0, 691.9), (311.0, 691.3), (311.0, 691.0), (311.0, 691.9), (311.0, 691.3), (311.0, 691.0), (311.0, 691.9), (311.0, 691.3), (311.0, 691.0), (311.0, 691.9), (311.0, 691.3), (311.0, 691.0), (311.0, 691.9), (311.0, 691.3), (311.0, 691.0), (311.0, 691.9), (311.0, 691.3), (311.0, 691.0), (311.0, 691.9), (311.0, 691.3), (311.0, 691.0), (311.0, 691.9), (311.0, 691.3), (311.0, 691.0), (311.0, 691.9), (311.0, 691.3), (311.0, 691.0)]",0,0,5.7
speedrunner,meatboy,4,Stuck,2,0,43.82,0.374,"[(73.0, 685.0), (120.3, 681.3), (200.3, 674.2), (280.3, 686.0), (311.0, 691.9), (311.0, 691.3), (311.0, 691.0), (311.0, 691.9), (311.0, 691.3), (311.0, 691.0), (311.0, 691.9), (311.0, 691.3), (311.0, 691.0), (311.0, 691.9), (311.0, 691.3), (311.0, 691.0), (311.0, 691.9), (311.0, 691.3), (311.0, 691.0), (311.0, 691.9), (311.0, 691.3), (311.0, 691.0), (311.0, 691.9), (311.0, 691.3), (311.0, 691.0), (311.0, 691.9), (311.0, 691.3), (311.0, 691.0), (311.0, 691.9), (311.0, 691.3), (311.0, 691.0), (311.0, 691.9), (311.0, 691.3), (311.0, 691.0), (311.0, 691.9), (311.0, 691.3), (311.0, 691.0), (311.0, 691.9), (311.0, 691.3), (311.0, 691.0), (311.0, 691.9)]",0,0,5.42
speedrunner,meatboy,4,Stuck,7,0,43.21,0.374,"[(73.0, 685.0), (120.3, 691.3), (197.8, 655.7), (277.8, 614.1), (311.0, 591.3), (311.0, 587.4), (311.0, 602.3), (311.0, 635.8), (311.0, 675.4), (311.0, 661.9), (311.0, 618.0), (311.0, 592.8), (311.0, 586.5), (311.0, 599.1), (311.0, 630.5), (311.0, 670.2), (311.0, 668.8), (311.0, 622.4), (311.0, 594.9), (311.0, 586.3), (311.0, 596.5), (311.0, 625.5), (311.0, 665.2), (311.0, 675.9), (311.0, 627.2), (311.0, 597.4), (311.0, 586.4), (311.0, 594.2), (311.0, 620.9), (311.0, 660.3), (311.0, 683.3), (311.0, 632.2), (311.0, 600.1), (311.0, 586.7), (311.0, 592.2), (311.0, 616.5), (311.0, 655.3), (311.0, 691.0), (311.0, 637.6), (311.0, 603.0), (311.0, 587.3)]",0,0,5.43
speedrunner,meatboy,4,Stuck,3,0,41.13,0.374,"[(73.0, 685.0), (81.0, 691.3), (106.7, 672.6), (173.3, 668.0), (253.3, 682.1), (311.0, 691.9), (311.0, 691.3), (311.0, 691.0), (311.0, 691.9), (311.0, 691.3), (311.0, 691.0), (311.0, 691.9), (311.0, 691.3), (311.0, 691.0), (311.0, 691.9), (311.0, 691.3), (311.0, 691.0), (311.0, 691.9), (311.0, 691.3), (311.0, 691.0), (311.0, 691.9), (311.0, 691.3), (311.0, 691.0), (311.0, 691.9), (311.0, 691.3), (311.0, 691.0), (311.0, 691.9), (311.0, 691.3), (311.0, 691.0), (311.0, 691.9), (311.0, 691.3), (311.0, 691.0), (311.0, 691.9), (311.0, 691.3), (311.0, 691.0), (311.0, 691.9), (311.0, 691.3), (311.0, 691.0), (311.0, 691.9), (311.0, 691.3), (311.0, 691.0), (311.0, 691.9), (311.0, 691.3)]",0,0,5.6
speedrunner,meatboy,4,Stuck,2,0,41.53,0.374,"[(73.0, 685.0), (99.8, 691.3), (132.0, 649.2), (189.6, 609.9), (243.2, 589.5), (291.6, 587.9), (311.0, 605.2), (311.0, 640.7), (311.0, 681.6), (311.0, 691.9), (311.0, 691.3), (311.0, 691.0), (311.0, 691.9), (311.0, 691.3), (311.0, 691.0), (311.0, 691.9), (311.0, 691.3), (311.0, 691.0), (311.0, 691.9), (311.0, 691.3), (311.0, 691.0), (311.0, 691.9), (311.0, 691.3), (311.0, 691.0), (311.0, 691.9), (311.0, 691.3), (311.0, 691.0), (311.0, 691.9), (311.0, 691.3), (311.0, 691.0), (311.0, 691.9), (311.0, 691.3), (311.0, 691.0), (311.0, 691.9), (311.0, 691.3), (311.0, 691.0), (311.0, 691.9), (311.0, 691.3), (311.0, 691.0), (311.0, 691.9), (311.0, 691.3), (311.0, 691.0), (311.0, 691.9)]",0,0,5.67
speedrunner,meatboy,4,Stuck,2,0,41.52,0.374,"[(73.0, 685.0), (120.3, 687.1), (200.3, 682.4), (280.3, 691.3), (311.0, 662.8), (311.0, 618.9), (311.0, 593.7), (311.0, 587.4), (311.0, 600.0), (311.0, 631.4), (311.0, 671.1), (311.0, 691.0), (311.0, 691.9), (311.0, 691.3), (311.0, 691.0), (311.0, 691.9), (311.0, 691.3), (311.0, 691.0), (311.0, 691.9), (311.0, 691.3), (311.0, 691.0), (311.0, 691.9), (311.0, 691.3), (311.0, 691.0), (311.0, 691.9), (311.0, 691.3), (311.0, 691.0), (311.0, 691.9), (311.0, 691.3), (311.0, 691.0), (311.0, 691.9), (311.0, 691.3), (311.0, 691.0), (311.0, 691.9), (311.0, 691.3), (311.0, 691.0), (311.0, 691.9), (311.0, 691.3), (311.0, 691.0), (311.0, 691.9), (311.0, 691.3), (311.0, 691.0), (311.0, 691.9)]",0,0,5.72
speedrunner,meatboy,4,Stuck,25,0,40.73,0.605,"[(73.0, 685.0), (85.1, 691.3), (106.7, 674.3), (125.2, 681.4), (135.4, 683.9), (161.4, 684.0), (179.4, 662.0), (257.2, 618.0), (311.0, 593.3), (311.0, 588.6), (240.0, 529.9), (216.0, 479.7), (237.3, 454.6), (261.3, 454.6), (274.7, 473.4), (311.0, 511.2), (240.0, 456.7), (216.0, 406.4), (237.3, 375.0), (266.7, 362.5), (280.0, 368.8), (293.3, 393.9), (306.7, 437.9), (269.7, 428.5), (215.0, 371.2), (232.1, 332.7), (255.4, 313.1), (284.1, 312.3), (312.8, 330.4), (338.8, 367.3), (351.4, 423.0), (367.8, 412.8), (377.3, 412.9), (389.5, 431.7), (450.5, 426.1), (492.7, 421.9), (418.0, 357.6), (412.7, 312.0), (431.3, 285.3), (450.0, 277.5), (463.3, 288.5), (476.7, 318.3), (490.0, 367.0), (503.0, 421.9), (503.0, 435.9), (503.0, 435.3), (503.0, 435.0), (503.0, 435.9), (503.0, 435.3), (503.0, 435.0), (503.0, 435.9), (503.0, 435.3), (503.0, 435.0), (503.0, 435.9), (503.0, 435.3), (503.0, 435.0), (503.0, 435.9), (503.0, 435.3), (503.0, 435.0), (503.0, 435.9), (503.0, 435.3), (503.0, 435.0), (503.0, 435.9), (503.0, 435.3), (503.0, 435.0), (503.0, 435.9), (503.0, 435.3), (503.0, 435.0), (503.0, 435.9), (503.0, 435.3), (503.0, 435.0), (503.0, 435.9), (503.0, 435.3), (503.0, 435.0), (503.0, 435.9), (503.0, 435.3), (503.0, 435.0)]",0,0,10.18
speedrunner,meatboy,4,Stuck,25,0,40.73,0.605,"[(73.0, 685.0), (85.1, 691.3), (106.7, 674.3), (125.2, 681.4), (135.4, 683.9), (161.4, 684.0), (179.4, 662.0), (257.2, 618.0), (311.0, 593.3), (311.0, 588.6), (240.0, 529.9), (216.0, 479.7), (237.3, 454.6), (261.3, 454.6), (274.7, 473.4), (311.0, 511.2), (240.0, 456.7), (216.0, 406.4), (237.3, 375.0), (266.7, 362.5), (280.0, 368.8), (293.3, 393.9), (306.7, 437.9), (269.7, 428.5), (215.0, 371.2), (232.1, 332.7), (255.4, 313.1), (284.1, 312.3), (312.8, 330.4), (338.8, 367.3), (351.4, 423.0), (367.8, 412.8), (377.3, 412.9), (389.5, 431.7), (450.5, 426.1), (492.7, 421.9), (418.0, 357.6), (412.7, 312.0), (431.3, 285.3), (450.0, 277.5), (463.3, 288.5), (476.7, 318.3), (490.0, 367.0), (503.0, 421.9), (503.0, 435.9), (503.0, 435.3), (503.0, 435.0), (503.0, 435.9), (503.0, 435.3), (503.0, 435.0), (503.0, 435.9), (503.0, 435.3), (503.0, 435.0), (503.0, 435.9), (503.0, 435.3), (503.0, 435.0), (503.0, 435.9), (503.0, 435.3), (503.0, 435.0), (503.0, 435.9), (503.0, 435.3), (503.0, 435.0), (503.0, 435.9), (503.0, 435.3), (503.0, 435.0), (503.0, 435.9), (503.0, 435.3), (503.0, 435.0), (503.0, 435.9), (503.0, 435.3), (503.0, 435.0), (503.0, 435.9), (503.0, 435.3), (503.0, 435.0), (503.0, 435.9), (503.0, 435.3), (503.0, 435.0)]",0,0,10.18
speedrunner,meatboy,4,Stuck,1,0,39.95,0.374,"[(73.0, 685.0), (95.0, 691.3), (137.0, 691.0), (166.3, 691.9), (190.0, 691.3), (215.0, 691.0), (248.3, 691.9), (286.7, 691.3), (307.3, 691.0), (311.0, 691.9), (311.0, 691.3), (311.0, 691.0), (311.0, 691.9), (311.0, 691.3), (311.0, 691.0), (311.0, 691.9), (311.0, 691.3), (311.0, 691.0), (311.0, 691.9), (311.0, 691.3), (311.0, 691.0), (311.0, 691.9), (311.0, 691.3), (311.0, 691.0), (311.0, 691.9), (311.0, 691.3), (311.0, 691.0), (311.0, 691.9), (311.0, 691.3), (311.0, 691.0), (311.0, 691.9), (311.0, 691.3), (311.0, 691.0), (311.0, 691.9), (311.0, 691.3), (311.0, 691.0), (311.0, 691.9), (311.0, 691.3), (311.0, 691.0), (311.0, 691.9), (311.0, 691.3), (311.0, 691.0), (311.0, 691.9), (311.0, 691.3), (311.0, 691.0)]",0,0,5.95
speedrunner,meatboy,4,Stuck,25,0,40.73,0.605,"[(73.0, 685.0), (85.1, 691.3), (106.7, 674.3), (125.2, 681.4), (135.4, 683.9), (161.4, 684.0), (179.4, 662.0), (257.2, 618.0), (311.0, 593.3), (311.0, 588.6), (240.0, 529.9), (216.0, 479.7), (237.3, 454.6), (261.3, 454.6), (274.7, 473.4), (311.0, 511.2), (240.0, 456.7), (216.0, 406.4), (237.3, 375.0), (266.7, 362.5), (280.0, 368.8), (293.3, 393.9), (306.7, 437.9), (269.7, 428.5), (215.0, 371.2), (232.1, 332.7), (255.4, 313.1), (284.1, 312.3), (312.8, 330.4), (338.8, 367.3), (351.4, 423.0), (367.8, 412.8), (377.3, 412.9), (389.5, 431.7), (450.5, 426.1), (492.7, 421.9), (418.0, 357.6), (412.7, 312.0), (431.3, 285.3), (450.0, 277.5), (463.3, 288.5), (476.7, 318.3), (490.0, 367.0), (503.0, 421.9), (503.0, 435.9), (503.0, 435.3), (503.0, 435.0), (503.0, 435.9), (503.0, 435.3), (503.0, 435.0), (503.0, 435.9), (503.0, 435.3), (503.0, 435.0), (503.0, 435.9), (503.0, 435.3), (503.0, 435.0), (503.0, 435.9), (503.0, 435.3), (503.0, 435.0), (503.0, 435.9), (503.0, 435.3), (503.0, 435.0), (503.0, 435.9), (503.0, 435.3), (503.0, 435.0), (503.0, 435.9), (503.0, 435.3), (503.0, 435.0), (503.0, 435.9), (503.0, 435.3), (503.0, 435.0), (503.0, 435.9), (503.0, 435.3), (503.0, 435.0), (503.0, 435.9), (503.0, 435.3), (503.0, 435.0)]",0,0,10.18
speedrunner,meatboy,4,Stuck,1,0,42.94,0.374,"[(73.0, 685.0), (116.3, 691.3), (184.3, 691.0), (260.0, 691.9), (311.0, 691.3), (311.0, 691.0), (311.0, 691.9), (311.0, 691.3), (311.0, 691.0), (311.0, 691.9), (311.0, 691.3), (311.0, 691.0), (311.0, 691.9), (311.0, 691.3), (311.0, 691.0), (311.0, 691.9), (311.0, 691.3), (311.0, 691.0), (311.0, 691.9), (311.0, 691.3), (311.0, 691.0), (311.0, 691.9), (311.0, 691.3), (311.0, 691.0), (311.0, 691.9), (311.0, 691.3), (311.0, 691.0), (311.0, 691.9), (311.0, 691.3), (311.0, 691.0), (311.0, 691.9), (311.0, 691.3), (311.0, 691.0), (311.0, 691.9), (311.0, 691.3), (311.0, 691.0), (311.0, 691.9), (311.0, 691.3), (311.0, 691.0), (311.0, 691.9), (311.0, 691.3)]",0,0,5.45
speedrunner,meatboy,4,Stuck,10,0,42.25,0.374,"[(73.0, 685.0), (116.3, 687.1), (193.6, 682.4), (272.6, 687.1), (311.0, 682.4), (311.0, 691.3), (311.0, 691.0), (311.0, 691.9), (311.0, 691.3), (311.0, 691.0), (311.0, 691.9), (311.0, 691.3), (311.0, 691.0), (311.0, 691.9), (311.0, 691.3), (311.0, 691.0), (311.0, 691.9), (311.0, 691.3), (311.0, 691.0), (311.0, 691.9), (311.0, 691.3), (311.0, 691.0), (311.0, 691.9), (311.0, 691.3), (311.0, 691.0), (311.0, 691.9), (311.0, 691.3), (311.0, 691.0), (311.0, 691.9), (311.0, 691.3), (311.0, 691.0), (311.0, 691.9), (311.0, 691.3), (311.0, 691.0), (311.0, 691.9), (311.0, 691.3), (311.0, 691.0), (311.0, 691.9), (311.0, 691.3), (311.0, 691.0), (311.0, 691.9)]",0,0,5.43
speedrunner,meatboy,4,Stuck,25,0,40.73,0.605,"[(73.0, 685.0), (85.1, 691.3), (106.7, 674.3), (125.2, 681.4), (135.4, 683.9), (161.4, 684.0), (179.4, 662.0), (257.2, 618.0), (311.0, 593.3), (311.0, 588.6), (240.0, 529.9), (216.0, 479.7), (237.3, 454.6), (261.3, 454.6), (274.7, 473.4), (311.0, 511.2), (240.0, 456.7), (216.0, 406.4), (237.3, 375.0), (266.7, 362.5), (280.0, 368.8), (293.3, 393.9), (306.7, 437.9), (269.7, 428.5), (215.0, 371.2), (232.1, 332.7), (255.4, 313.1), (284.1, 312.3), (312.8, 330.4), (338.8, 367.3), (351.4, 423.0), (367.8, 412.8), (377.3, 412.9), (389.5, 431.7), (450.5, 426.1), (492.7, 421.9), (418.0, 357.6), (412.7, 312.0), (431.3, 285.3), (450.0, 277.5), (463.3, 288.5), (476.7, 318.3), (490.0, 367.0), (503.0, 421.9), (503.0, 435.9), (503.0, 435.3), (503.0, 435.0), (503.0, 435.9), (503.0, 435.3), (503.0, 435.0), (503.0, 435.9), (503.0, 435.3), (503.0, 435.0), (503.0, 435.9), (503.0, 435.3), (503.0, 435.0), (503.0, 435.9), (503.0, 435.3), (503.0, 435.0), (503.0, 435.9), (503.0, 435.3), (503.0, 435.0), (503.0, 435.9), (503.0, 435.3), (503.0, 435.0), (503.0, 435.9), (503.0, 435.3), (503.0, 435.0), (503.0, 435.9), (503.0, 435.3), (503.0, 435.0), (503.0, 435.9), (503.0, 435.3), (503.0, 435.0), (503.0, 435.9), (503.0, 435.3), (503.0, 435.0)]",0,0,10.18
speedrunner,meatboy,4,Stuck,25,0,40.73,0.605,"[(73.0, 685.0), (85.1, 691.3), (106.7, 674.3), (125.2, 681.4), (135.4, 683.9), (161.4, 684.0), (179.4, 662.0), (257.2, 618.0), (311.0, 593.3), (311.0, 588.6), (240.0, 529.9), (216.0, 479.7), (237.3, 454.6), (261.3, 454.6), (274.7, 473.4), (311.0, 511.2), (240.0, 456.7), (216.0, 406.4), (237.3, 375.0), (266.7, 362.5), (280.0, 368.8), (293.3, 393.9), (306.7, 437.9), (269.7, 428.5), (215.0, 371.2), (232.1, 332.7), (255.4, 313.1), (284.1, 312.3), (312.8, 330.4), (338.8, 367.3), (351.4, 423.0), (367.8, 412.8), (377.3, 412.9), (389.5, 431.7), (450.5, 426.1), (492.7, 421.9), (418.0, 357.6), (412.7, 312.0), (431.3, 285.3), (450.0, 277.5), (463.3, 288.5), (476.7, 318.3), (490.0, 367.0), (503.0, 421.9), (503.0, 435.9), (503.0, 435.3), (503.0, 435.0), (503.0, 435.9), (503.0, 435.3), (503.0, 435.0), (503.0, 435.9), (503.0, 435.3), (503.0, 435.0), (503.0, 435.9), (503.0, 435.3), (503.0, 435.0), (503.0, 435.9), (503.0, 435.3), (503.0, 435.0), (503.0, 435.9), (503.0, 435.3), (503.0, 435.0), (503.0, 435.9), (503.0, 435.3), (503.0, 435.0), (503.0, 435.9), (503.0, 435.3), (503.0, 435.0), (503.0, 435.9), (503.0, 435.3), (503.0, 435.0), (503.0, 435.9), (503.0, 435.3), (503.0, 435.0), (503.0, 435.9), (503.0, 435.3), (503.0, 435.0)]",0,0,10.18
speedrunner,meatboy,4,Stuck,1,0,40.62,0.374,"[(73.0, 685.0), (34.8, 691.3), (62.8, 691.0), (142.5, 691.9), (222.5, 691.3), (302.5, 691.0), (311.0, 691.9), (311.0, 691.3), (311.0, 691.0), (311.0, 691.9), (311.0, 691.3), (311.0, 691.0), (311.0, 691.9), (311.0, 691.3), (311.0, 691.0), (311.0, 691.9), (311.0, 691.3), (311.0, 691.0), (311.0, 691.9), (311.0, 691.3), (311.0, 691.0), (311.0, 691.9), (311.0, 691.3), (311.0, 691.0), (311.0, 691.9), (311.0, 691.3), (311.0, 691.0), (311.0, 691.9), (311.0, 691.3), (311.0, 691.0), (311.0, 691.9), (311.0, 691.3), (311.0, 691.0), (311.0, 691.9), (311.0, 691.3), (311.0, 691.0), (311.0, 691.9), (311.0, 691.3), (311.0, 691.0), (311.0, 691.9), (311.0, 691.3), (311.0, 691.0), (311.0, 691.9)]",0,0,5.65
speedrunner,meatboy,4,Stuck,4,0,38.0,0.374,"[(73.0, 685.0), (85.1, 691.3), (106.7, 674.3), (114.5, 681.4), (136.6, 691.3), (151.1, 691.0), (169.2, 691.9), (195.6, 691.3), (246.7, 691.0), (311.0, 691.9), (311.0, 691.3), (311.0, 691.0), (311.0, 691.9), (311.0, 691.3), (311.0, 691.0), (311.0, 691.9), (311.0, 691.3), (311.0, 691.0), (311.0, 691.9), (311.0, 691.3), (311.0, 691.0), (311.0, 691.9), (311.0, 691.3), (311.0, 691.0), (311.0, 691.9), (311.0, 691.3), (311.0, 691.0), (311.0, 691.9), (311.0, 691.3), (311.0, 691.0), (311.0, 691.9), (311.0, 691.3), (311.0, 691.0), (311.0, 691.9), (311.0, 691.3), (311.0, 691.0), (311.0, 691.9), (311.0, 691.3), (311.0, 691.0), (311.0, 691.9), (311.0, 691.3), (311.0, 691.0), (311.0, 691.9), (311.0, 691.3), (311.0, 691.0), (311.0, 691.9), (311.0, 691.3)]",0,0,6.15
speedrunner,meatboy,4,Stuck,4,0,-1.08,0.081,"[(73.0, 685.0), (67.3, 683.3), (67.3, 632.2), (67.3, 613.6), (67.3, 618.4), (67.3, 641.9), (67.3, 684.4), (67.3, 691.0), (67.3, 691.9), (67.3, 691.3), (67.3, 691.0), (67.3, 691.9), (67.3, 691.3), (67.3, 691.0), (67.3, 691.9), (67.3, 691.3), (67.3, 691.0), (67.3, 691.9), (67.3, 691.3), (67.3, 691.0), (67.3, 691.9), (67.3, 691.3), (67.3, 691.0), (67.3, 691.9), (67.3, 691.3), (67.3, 691.0), (67.3, 691.9), (67.3, 691.3), (67.3, 691.0), (67.3, 691.9), (67.3, 691.3), (67.3, 691.0), (67.3, 691.9), (67.3, 691.3), (67.3, 691.0), (67.3, 691.9), (67.3, 691.3), (67.3, 691.0), (67.3, 691.9), (67.3, 691.3)]",0,0,5.25
speedrunner,meatboy,4,Stuck,1,0,0.0,0.088,"[(73.0, 685.0), (73.0, 691.3), (73.0, 691.0), (73.0, 691.9), (73.0, 691.3), (73.0, 691.0), (73.0, 691.9), (73.0, 691.3), (73.0, 691.0), (73.0, 691.9), (73.0, 691.3), (73.0, 691.0), (73.0, 691.9), (73.0, 691.3), (73.0, 691.0), (73.0, 691.9), (73.0, 691.3), (73.0, 691.0), (73.0, 691.9), (73.0, 691.3), (73.0, 691.0), (73.0, 691.9), (73.0, 691.3), (73.0, 691.0), (73.0, 691.9), (73.0, 691.3), (73.0, 691.0), (73.0, 691.9), (73.0, 691.3), (73.0, 691.0), (73.0, 691.9), (73.0, 691.3), (73.0, 691.0), (73.0, 691.9), (73.0, 691.3), (73.0, 691.0), (73.0, 691.9), (73.0, 691.3)]",0,0,5.02
speedrunner,meatboy,4,Pit,23,0,239.87,1.0,"[(73.0, 685.0), (120.3, 687.1), (200.3, 682.4), (279.3, 691.3), (300.7, 665.2), (226.0, 600.8), (221.9, 573.4), (262.1, 575.8), (290.3, 571.5), (221.0, 509.5), (224.8, 478.5), (244.4, 478.5), (265.8, 497.4), (300.7, 520.0), (226.0, 455.6), (223.3, 412.5), (266.3, 405.5), (329.0, 417.3), (408.0, 435.9), (484.0, 435.3), (482.3, 399.5), (413.0, 337.5), (421.0, 321.8), (496.0, 328.9), (574.0, 339.0), (650.0, 339.9), (632.0, 294.7), (569.3, 235.1), (583.7, 205.2), (646.7, 205.3), (601.0, 156.4), (566.3, 103.8), (602.8, 84.8), (651.0, 89.5), (731.0, 113.1), (807.0, 115.3), (885.7, 73.2), (965.4, 33.9), (1045.1, 13.5), (1124.7, 11.9), (1202.4, 29.2), (1274.7, 65.3), (1341.7, 120.3), (1403.4, 194.1), (1459.7, 286.7), (1510.7, 398.2), (1556.4, 528.5), (1596.7, 677.7), (1631.7, 845.7)]",0,0,6.4
speedrunner,meatboy,4,Stuck,71,0,25.56,0.361,"[(73.0, 685.0), (120.3, 683.3), (200.3, 673.9), (280.2, 683.3), (280.0, 668.3), (217.3, 663.7), (236.0, 677.8), (311.0, 678.5), (232.3, 659.9), (219.0, 667.0), (283.9, 691.0), (259.3, 668.8), (214.0, 668.9), (254.0, 687.7), (290.3, 648.6), (221.0, 641.5), (229.0, 653.3), (303.4, 684.0), (259.3, 664.6), (214.0, 662.3), (254.0, 678.8), (290.3, 669.5), (221.0, 662.5), (229.0, 674.3), (302.5, 679.4), (240.0, 659.6), (216.0, 664.3), (274.0, 687.9), (269.7, 670.2), (215.0, 667.8), (244.3, 684.3), (300.7, 650.8), (226.0, 641.4), (223.3, 650.8), (293.5, 679.1), (269.7, 666.2), (215.0, 661.5), (244.3, 675.7), (300.7, 671.7), (226.0, 662.3), (223.3, 671.8), (292.6, 681.3)]",0,0,5.52
speedrunner,meatboy,4,Stuck,25,0,40.73,0.605,"[(73.0, 685.0), (85.1, 691.3), (106.7, 674.3), (125.2, 681.4), (135.4, 683.9), (161.4, 684.0), (179.4, 662.0), (257.2, 618.0), (311.0, 593.3), (311.0, 588.6), (240.0, 529.9), (216.0, 479.7), (237.3, 454.6), (261.3, 454.6), (274.7, 473.4), (311.0, 511.2), (240.0, 456.7), (216.0, 406.4), (237.3, 375.0), (266.7, 362.5), (280.0, 368.8), (293.3, 393.9), (306.7, 437.9), (269.7, 428.5), (215.0, 371.2), (232.1, 332.7), (255.4, 313.1), (284.1, 312.3), (312.8, 330.4), (338.8, 367.3), (351.4, 423.0), (367.8, 412.8), (377.3, 412.9), (389.5, 431.7), (450.5, 426.1), (492.7, 421.9), (418.0, 357.6), (412.7, 312.0), (431.3, 285.3), (450.0, 277.5), (463.3, 288.5), (476.7, 318.3), (490.0, 367.0), (503.0, 421.9), (503.0, 435.9), (503.0, 435.3), (503.0, 435.0), (503.0, 435.9), (503.0, 435.3), (503.0, 435.0), (503.0, 435.9), (503.0, 435.3), (503.0, 435.0), (503.0, 435.9), (503.0, 435.3), (503.0, 435.0), (503.0, 435.9), (503.0, 435.3), (503.0, 435.0), (503.0, 435.9), (503.0, 435.3), (503.0, 435.0), (503.0, 435.9), (503.0, 435.3), (503.0, 435.0), (503.0, 435.9), (503.0, 435.3), (503.0, 435.0), (503.0, 435.9), (503.0, 435.3), (503.0, 435.0), (503.0, 435.9), (503.0, 435.3), (503.0, 435.0), (503.0, 435.9), (503.0, 435.3), (503.0, 435.0)]",0,0,10.18
speedrunner,meatboy,4,Stuck,1,0,43.82,0.374,"[(73.0, 685.0), (120.3, 691.3), (200.3, 691.0), (280.3, 691.9), (311.0, 691.3), (311.0, 691.0), (311.0, 691.9), (311.0, 691.3), (311.0, 691.0), (311.0, 691.9), (311.0, 691.3), (311.0, 691.0), (311.0, 691.9), (311.0, 691.3), (311.0, 691.0), (311.0, 691.9), (311.0, 691.3), (311.0, 691.0), (311.0, 691.9), (311.0, 691.3), (311.0, 691.0), (311.0, 691.9), (311.0, 691.3), (311.0, 691.0), (311.0, 691.9), (311.0, 691.3), (311.0, 691.0), (311.0, 691.9), (311.0, 691.3), (311.0, 691.0), (311.0, 691.9), (311.0, 691.3), (311.0, 691.0), (311.0, 691.9), (311.0, 691.3), (311.0, 691.0), (311.0, 691.9), (311.0, 691.3), (311.0, 691.0), (311.0, 691.9), (311.0, 691.3)]",0,0,5.42
speedrunner,meatboy,4,Success,6,0,245.38,0.878,"[(73.0, 685.0), (120.3, 691.3), (200.3, 691.0), (279.3, 647.3), (269.7, 605.7), (215.0, 548.4), (244.3, 509.9), (300.7, 482.3), (226.0, 417.9), (223.3, 372.4), (294.0, 345.7), (374.0, 337.9), (454.0, 348.9), (482.3, 351.0), (413.0, 289.0), (421.0, 245.8), (496.0, 221.5), (575.9, 216.0), (655.7, 229.4), (683.0, 243.0)]",0,0,2.62
speedrunner,meatboy,4,Stuck,1,0,42.94,0.374,"[(73.0, 685.0), (116.3, 691.3), (184.3, 691.0), (260.0, 691.9), (311.0, 691.3), (311.0, 691.0), (311.0, 691.9), (311.0, 691.3), (311.0, 691.0), (311.0, 691.9), (311.0, 691.3), (311.0, 691.0), (311.0, 691.9), (311.0, 691.3), (311.0, 691.0), (311.0, 691.9), (311.0, 691.3), (311.0, 691.0), (311.0, 691.9), (311.0, 691.3), (311.0, 691.0), (311.0, 691.9), (311.0, 691.3), (311.0, 691.0), (311.0, 691.9), (311.0, 691.3), (311.0, 691.0), (311.0, 691.9), (311.0, 691.3), (311.0, 691.0), (311.0, 691.9), (311.0, 691.3), (311.0, 691.0), (311.0, 691.9), (311.0, 691.3), (311.0, 691.0), (311.0, 691.9), (311.0, 691.3), (311.0, 691.0), (311.0, 691.9), (311.0, 691.3)]",0,0,5.45
speedrunner,meatboy,4,Stuck,25,0,40.73,0.605,"[(73.0, 685.0), (85.1, 691.3), (106.7, 674.3), (125.2, 681.4), (135.4, 683.9), (161.4, 684.0), (179.4, 662.0), (257.2, 618.0), (311.0, 593.3), (311.0, 588.6), (240.0, 529.9), (216.0, 479.7), (237.3, 454.6), (261.3, 454.6), (274.7, 473.4), (311.0, 511.2), (240.0, 456.7), (216.0, 406.4), (237.3, 375.0), (266.7, 362.5), (280.0, 368.8), (293.3, 393.9), (306.7, 437.9), (269.7, 428.5), (215.0, 371.2), (232.1, 332.7), (255.4, 313.1), (284.1, 312.3), (312.8, 330.4), (338.8, 367.3), (351.4, 423.0), (367.8, 412.8), (377.3, 412.9), (389.5, 431.7), (450.5, 426.1), (492.7, 421.9), (418.0, 357.6), (412.7, 312.0), (431.3, 285.3), (450.0, 277.5), (463.3, 288.5), (476.7, 318.3), (490.0, 367.0), (503.0, 421.9), (503.0, 435.9), (503.0, 435.3), (503.0, 435.0), (503.0, 435.9), (503.0, 435.3), (503.0, 435.0), (503.0, 435.9), (503.0, 435.3), (503.0, 435.0), (503.0, 435.9), (503.0, 435.3), (503.0, 435.0), (503.0, 435.9), (503.0, 435.3), (503.0, 435.0), (503.0, 435.9), (503.0, 435.3), (503.0, 435.0), (503.0, 435.9), (503.0, 435.3), (503.0, 435.0), (503.0, 435.9), (503.0, 435.3), (503.0, 435.0), (503.0, 435.9), (503.0, 435.3), (503.0, 435.0), (503.0, 435.9), (503.0, 435.3), (503.0, 435.0), (503.0, 435.9), (503.0, 435.3), (503.0, 435.0)]",0,0,10.18
speedrunner,meatboy,4,Stuck,26,0,14.14,0.267,"[(73.0, 685.0), (93.2, 691.3), (131.3, 637.9), (167.0, 603.3), (197.3, 587.6), (203.6, 590.8), (186.2, 612.7), (185.4, 653.6), (173.9, 691.9), (206.1, 661.9), (279.3, 652.5), (290.3, 639.4), (221.0, 577.4), (227.6, 534.2), (221.6, 509.9), (248.7, 504.4), (250.0, 517.7), (264.7, 549.9), (292.7, 601.0), (311.0, 646.5), (311.0, 686.1), (311.0, 643.4), (311.0, 606.4), (311.0, 588.4), (311.0, 589.2), (240.0, 531.2), (216.0, 480.9), (214.1, 449.5), (221.1, 437.0), (203.8, 443.2), (192.5, 468.4), (172.8, 512.4), (169.0, 575.2), (159.0, 656.8), (188.4, 669.6), (257.2, 653.6), (311.0, 660.7), (232.3, 593.9), (219.0, 546.0), (225.1, 517.0), (241.7, 506.8), (245.7, 515.4), (268.3, 542.9), (277.7, 589.3), (311.0, 639.3), (311.0, 679.0), (311.0, 655.4), (311.0, 613.8), (311.0, 591.0), (311.0, 587.1), (259.3, 546.5), (214.0, 491.6), (220.3, 455.5), (222.1, 438.2), (202.1, 439.8), (194.9, 460.2), (179.0, 499.5), (167.3, 557.6), (160.2, 634.6), (177.2, 684.2), (237.2, 654.7), (311.0, 657.1), (249.0, 608.8), (214.3, 556.2), (231.3, 522.5)]",0,0,8.62
speedrunner,meatboy,4,Stuck,9,0,42.21,0.374,"[(73.0, 685.0), (116.3, 687.1), (193.5, 682.4), (272.3, 687.1), (311.0, 682.4), (311.0, 691.3), (311.0, 691.0), (311.0, 691.9), (311.0, 691.3), (311.0, 691.0), (311.0, 691.9), (311.0, 691.3), (311.0, 691.0), (311.0, 691.9), (311.0, 691.3), (311.0, 691.0), (311.0, 691.9), (311.0, 691.3), (311.0, 691.0), (311.0, 691.9), (311.0, 691.3), (311.0, 691.0), (311.0, 691.9), (311.0, 691.3), (311.0, 691.0), (311.0, 691.9), (311.0, 691.3), (311.0, 691.0), (311.0, 691.9), (311.0, 691.3), (311.0, 691.0), (311.0, 691.9), (311.0, 691.3), (311.0, 691.0), (311.0, 691.9), (311.0, 691.3), (311.0, 691.0), (311.0, 691.9), (311.0, 691.3), (311.0, 691.0), (311.0, 691.9)]",0,0,5.43
speedrunner,meatboy,4,Stuck,0,0,43.82,0.374,"[(73.0, 685.0), (120.3, 691.3), (200.3, 691.0), (280.3, 691.9), (311.0, 691.3), (311.0, 691.0), (311.0, 691.9), (311.0, 691.3), (311.0, 691.0), (311.0, 691.9), (311.0, 691.3), (311.0, 691.0), (311.0, 691.9), (311.0, 691.3), (311.0, 691.0), (311.0, 691.9), (311.0, 691.3), (311.0, 691.0), (311.0, 691.9), (311.0, 691.3), (311.0, 691.0), (311.0, 691.9), (311.0, 691.3), (311.0, 691.0), (311.0, 691.9), (311.0, 691.3), (311.0, 691.0), (311.0, 691.9), (311.0, 691.3), (311.0, 691.0), (311.0, 691.9), (311.0, 691.3), (311.0, 691.0), (311.0, 691.9), (311.0, 691.3), (311.0, 691.0), (311.0, 691.9), (311.0, 691.3), (311.0, 691.0), (311.0, 691.9), (311.0, 691.3)]",0,0,5.42
speedrunner,meatboy,4,Pit,23,0,239.87,1.0,"[(73.0, 685.0), (120.3, 687.1), (200.3, 682.4), (279.3, 691.3), (300.7, 665.2), (226.0, 600.8), (221.9, 573.4), (262.1, 575.8), (290.3, 571.5), (221.0, 509.5), (224.8, 478.5), (244.4, 478.5), (265.8, 497.4), (300.7, 520.0), (226.0, 455.6), (223.3, 412.5), (266.3, 405.5), (329.0, 417.3), (408.0, 435.9), (484.0, 435.3), (482.3, 399.5), (413.0, 337.5), (421.0, 321.8), (496.0, 328.9), (574.0, 339.0), (650.0, 339.9), (632.0, 294.7), (569.3, 235.1), (583.7, 205.2), (646.7, 205.3), (601.0, 156.4), (566.3, 103.8), (602.8, 84.8), (651.0, 89.5), (731.0, 113.1), (807.0, 115.3), (885.7, 73.2), (965.4, 33.9), (1045.1, 13.5), (1124.7, 11.9), (1202.4, 29.2), (1274.7, 65.3), (1341.7, 120.3), (1403.4, 194.1), (1459.7, 286.7), (1510.7, 398.2), (1556.4, 528.5), (1596.7, 677.7), (1631.7, 845.7)]",0,0,6.4
speedrunner,meatboy,4,Stuck,25,0,40.73,0.605,"[(73.0, 685.0), (85.1, 691.3), (106.7, 674.3), (125.2, 681.4), (135.4, 683.9), (161.4, 684.0), (179.4, 662.0), (257.2, 618.0), (311.0, 593.3), (311.0, 588.6), (240.0, 529.9), (216.0, 479.7), (237.3, 454.6), (261.3, 454.6), (274.7, 473.4), (311.0, 511.2), (240.0, 456.7), (216.0, 406.4), (237.3, 375.0), (266.7, 362.5), (280.0, 368.8), (293.3, 393.9), (306.7, 437.9), (269.7, 428.5), (215.0, 371.2), (232.1, 332.7), (255.4, 313.1), (284.1, 312.3), (312.8, 330.4), (338.8, 367.3), (351.4, 423.0), (367.8, 412.8), (377.3, 412.9), (389.5, 431.7), (450.5, 426.1), (492.7, 421.9), (418.0, 357.6), (412.7, 312.0), (431.3, 285.3), (450.0, 277.5), (463.3, 288.5), (476.7, 318.3), (490.0, 367.0), (503.0, 421.9), (503.0, 435.9), (503.0, 435.3), (503.0, 435.0), (503.0, 435.9), (503.0, 435.3), (503.0, 435.0), (503.0, 435.9), (503.0, 435.3), (503.0, 435.0), (503.0, 435.9), (503.0, 435.3), (503.0, 435.0), (503.0, 435.9), (503.0, 435.3), (503.0, 435.0), (503.0, 435.9), (503.0, 435.3), (503.0, 435.0), (503.0, 435.9), (503.0, 435.3), (503.0, 435.0), (503.0, 435.9), (503.0, 435.3), (503.0, 435.0), (503.0, 435.9), (503.0, 435.3), (503.0, 435.0), (503.0, 435.9), (503.0, 435.3), (503.0, 435.0), (503.0, 435.9), (503.0, 435.3), (503.0, 435.0)]",0,0,10.18
speedrunner,meatboy,4,Stuck,25,0,40.73,0.605,"[(73.0, 685.0), (85.1, 691.3), (106.7, 674.3), (125.2, 681.4), (135.4, 683.9), (161.4, 684.0), (179.4, 662.0), (257.2, 618.0), (311.0, 593.3), (311.0, 588.6), (240.0, 529.9), (216.0, 479.7), (237.3, 454.6), (261.3, 454.6), (274.7, 473.4), (311.0, 511.2), (240.0, 456.7), (216.0, 406.4), (237.3, 375.0), (266.7, 362.5), (280.0, 368.8), (293.3, 393.9), (306.7, 437.9), (269.7, 428.5), (215.0, 371.2), (232.1, 332.7), (255.4, 313.1), (284.1, 312.3), (312.8, 330.4), (338.8, 367.3), (351.4, 423.0), (367.8, 412.8), (377.3, 412.9), (389.5, 431.7), (450.5, 426.1), (492.7, 421.9), (418.0, 357.6), (412.7, 312.0), (431.3, 285.3), (450.0, 277.5), (463.3, 288.5), (476.7, 318.3), (490.0, 367.0), (503.0, 421.9), (503.0, 435.9), (503.0, 435.3), (503.0, 435.0), (503.0, 435.9), (503.0, 435.3), (503.0, 435.0), (503.0, 435.9), (503.0, 435.3), (503.0, 435.0), (503.0, 435.9), (503.0, 435.3), (503.0, 435.0), (503.0, 435.9), (503.0, 435.3), (503.0, 435.0), (503.0, 435.9), (503.0, 435.3), (503.0, 435.0), (503.0, 435.9), (503.0, 435.3), (503.0, 435.0), (503.0, 435.9), (503.0, 435.3), (503.0, 435.0), (503.0, 435.9), (503.0, 435.3), (503.0, 435.0), (503.0, 435.9), (503.0, 435.3), (503.0, 435.0), (503.0, 435.9), (503.0, 435.3), (503.0, 435.0)]",0,0,10.18
speedrunner,meatboy,4,Stuck,10,0,35.09,0.374,"[(73.0, 685.0), (120.3, 687.1), (200.3, 682.4), (279.3, 691.3), (300.7, 665.2), (226.0, 600.8), (223.3, 573.4), (276.3, 575.8), (269.7, 548.4), (215.0, 491.0), (230.2, 470.8), (248.5, 475.6), (268.6, 499.2), (311.0, 539.1), (311.0, 578.8), (311.0, 618.5), (311.0, 658.2), (311.0, 691.3), (311.0, 691.0), (311.0, 691.9), (311.0, 691.3), (311.0, 691.0), (311.0, 691.9), (311.0, 691.3), (311.0, 691.0), (311.0, 691.9), (311.0, 691.3), (311.0, 691.0), (311.0, 691.9), (311.0, 691.3), (311.0, 691.0), (311.0, 691.9), (311.0, 691.3), (311.0, 691.0), (311.0, 691.9), (311.0, 691.3), (311.0, 691.0), (311.0, 691.9), (311.0, 691.3), (311.0, 691.0), (311.0, 691.9), (311.0, 691.3), (311.0, 691.0), (311.0, 691.9), (311.0, 691.3), (311.0, 691.0), (311.0, 691.9), (311.0, 691.3)]",0,0,6.3
speedrunner,meatboy,4,Stuck,25,0,40.73,0.605,"[(73.0, 685.0), (85.1, 691.3), (106.7, 674.3), (125.2, 681.4), (135.4, 683.9), (161.4, 684.0), (179.4, 662.0), (257.2, 618.0), (311.0, 593.3), (311.0, 588.6), (240.0, 529.9), (216.0, 479.7), (237.3, 454.6), (261.3, 454.6), (274.7, 473.4), (311.0, 511.2), (240.0, 456.7), (216.0, 406.4), (237.3, 375.0), (266.7, 362.5), (280.0, 368.8), (293.3, 393.9), (306.7, 437.9), (269.7, 428.5), (215.0, 371.2), (232.1, 332.7), (255.4, 313.1), (284.1, 312.3), (312.8, 330.4), (338.8, 367.3), (351.4, 423.0), (367.8, 412.8), (377.3, 412.9), (389.5, 431.7), (450.5, 426.1), (492.7, 421.9), (418.0, 357.6), (412.7, 312.0), (431.3, 285.3), (450.0, 277.5), (463.3, 288.5), (476.7, 318.3), (490.0, 367.0), (503.0, 421.9), (503.0, 435.9), (503.0, 435.3), (503.0, 435.0), (503.0, 435.9), (503.0, 435.3), (503.0, 435.0), (503.0, 435.9), (503.0, 435.3), (503.0, 435.0), (503.0, 435.9), (503.0, 435.3), (503.0, 435.0), (503.0, 435.9), (503.0, 435.3), (503.0, 435.0), (503.0, 435.9), (503.0, 435.3), (503.0, 435.0), (503.0, 435.9), (503.0, 435.3), (503.0, 435.0), (503.0, 435.9), (503.0, 435.3), (503.0, 435.0), (503.0, 435.9), (503.0, 435.3), (503.0, 435.0), (503.0, 435.9), (503.0, 435.3), (503.0, 435.0), (503.0, 435.9), (503.0, 435.3), (503.0, 435.0)]",0,0,10.18
speedrunner,meatboy,4,Stuck,1,0,3.32,0.108,"[(73.0, 685.0), (74.3, 691.3), (78.0, 691.0), (83.0, 691.9), (87.7, 691.3), (89.7, 691.0), (89.7, 691.9), (89.7, 691.3), (89.7, 691.0), (89.7, 691.9), (89.7, 691.3), (89.7, 691.0), (89.7, 691.9), (89.7, 691.3), (89.7, 691.0), (89.7, 691.9), (89.7, 691.3), (89.7, 691.0), (89.7, 691.9), (89.7, 691.3), (89.7, 691.0), (89.7, 691.9), (89.7, 691.3), (89.7, 691.0), (89.7, 691.9), (89.7, 691.3), (89.7, 691.0), (89.7, 691.9), (89.7, 691.3), (89.7, 691.0), (89.7, 691.9), (89.7, 691.3), (89.7, 691.0), (89.7, 691.9), (89.7, 691.3), (89.7, 691.0), (89.7, 691.9), (89.7, 691.3)]",0,0,5.02
speedrunner,meatboy,4,Stuck,1,0,-0.27,0.086,"[(73.0, 685.0), (71.7, 691.3), (71.7, 691.0), (71.7, 691.9), (71.7, 691.3), (71.7, 691.0), (71.7, 691.9), (71.7, 691.3), (71.7, 691.0), (71.7, 691.9), (71.7, 691.3), (71.7, 691.0), (71.7, 691.9), (71.7, 691.3), (71.7, 691.0), (71.7, 691.9), (71.7, 691.3), (71.7, 691.0), (71.7, 691.9), (71.7, 691.3), (71.7, 691.0), (71.7, 691.9), (71.7, 691.3), (71.7, 691.0), (71.7, 691.9), (71.7, 691.3), (71.7, 691.0), (71.7, 691.9), (71.7, 691.3), (71.7, 691.0), (71.7, 691.9), (71.7, 691.3), (71.7, 691.0), (71.7, 691.9), (71.7, 691.3), (71.7, 691.0), (71.7, 691.9), (71.7, 691.3)]",0,0,5.02
speedrunner,meatboy,4,Pit,16,0,-52.83,0.0,"[(73.0, 685.0), (34.8, 691.3), (48.6, 676.5), (67.4, 676.6), (79.9, 688.8), (81.0, 681.8), (81.0, 688.8), (43.7, 681.8), (-32.3, 693.6), (-43.0, 724.2), (-9.0, 767.8), (5.5, 812.0)]",0,0,1.55
speedrunner,meatboy,4,Stuck,3,0,43.09,0.374,"[(73.0, 685.0), (110.7, 683.3), (188.4, 632.2), (267.9, 600.8), (311.0, 593.8), (311.0, 605.6), (311.0, 636.2), (311.0, 675.9), (311.0, 691.3), (311.0, 691.0), (311.0, 691.9), (311.0, 691.3), (311.0, 691.0), (311.0, 691.9), (311.0, 691.3), (311.0, 691.0), (311.0, 691.9), (311.0, 691.3), (311.0, 691.0), (311.0, 691.9), (311.0, 691.3), (311.0, 691.0), (311.0, 691.9), (311.0, 691.3), (311.0, 691.0), (311.0, 691.9), (311.0, 691.3), (311.0, 691.0), (311.0, 691.9), (311.0, 691.3), (311.0, 691.0), (311.0, 691.9), (311.0, 691.3), (311.0, 691.0), (311.0, 691.9), (311.0, 691.3), (311.0, 691.0), (311.0, 691.9), (311.0, 691.3), (311.0, 691.0), (311.0, 691.9)]",0,0,5.45
speedrunner,meatboy,4,Pit,23,0,239.87,1.0,"[(73.0, 685.0), (120.3, 687.1), (200.3, 682.4), (279.3, 691.3), (300.7, 665.2), (226.0, 600.8), (221.9, 573.4), (262.1, 575.8), (290.3, 571.5), (221.0, 509.5), (224.8, 478.5), (244.4, 478.5), (265.8, 497.4), (300.7, 520.0), (226.0, 455.6), (223.3, 412.5), (266.3, 405.5), (329.0, 417.3), (408.0, 435.9), (484.0, 435.3), (482.3, 399.5), (413.0, 337.5), (421.0, 321.8), (496.0, 328.9), (574.0, 339.0), (650.0, 339.9), (632.0, 294.7), (569.3, 235.1), (583.7, 205.2), (646.7, 205.3), (601.0, 156.4), (566.3, 103.8), (602.8, 84.8), (651.0, 89.5), (731.0, 113.1), (807.0, 115.3), (885.7, 73.2), (965.4, 33.9), (1045.1, 13.5), (1124.7, 11.9), (1202.4, 29.2), (1274.7, 65.3), (1341.7, 120.3), (1403.4, 194.1), (1459.7, 286.7), (1510.7, 398.2), (1556.4, 528.5), (1596.7, 677.7), (1631.7, 845.7)]",0,0,6.4
speedrunner,meatboy,4,Pit,25,0,214.72,1.0,"[(73.0, 685.0), (120.3, 687.1), (200.3, 682.4), (279.3, 691.3), (300.7, 665.2), (226.0, 600.8), (223.3, 555.3), (281.2, 541.7), (269.7, 507.1), (215.0, 449.8), (235.8, 415.1), (265.5, 410.4), (289.8, 424.5), (308.8, 457.5), (240.0, 403.6), (216.0, 353.3), (254.7, 331.3), (318.6, 333.6), (398.6, 354.9), (478.6, 394.9), (451.3, 370.9), (406.0, 319.6), (431.8, 312.5), (460.8, 324.3), (484.5, 355.0), (482.3, 371.9), (413.0, 309.8), (418.2, 271.6), (460.5, 266.9), (528.2, 281.0), (608.1, 314.0), (663.0, 324.2), (592.0, 262.5), (568.0, 212.3), (603.8, 193.9), (652.7, 187.6), (578.0, 123.2), (575.3, 80.2), (618.3, 73.1), (681.0, 84.9), (761.0, 115.6), (837.0, 107.3), (916.7, 56.3), (996.3, 24.1), (1076.0, 10.7), (1155.5, 16.2), (1231.2, 40.5), (1301.5, 83.7), (1366.5, 145.7), (1426.2, 226.6), (1480.5, 326.3), (1529.5, 444.9), (1573.2, 582.2), (1611.5, 738.5)]",0,0,7.15
speedrunner,meatboy,4,Stuck,25,0,40.73,0.605,"[(73.0, 685.0), (85.1, 691.3), (106.7, 674.3), (125.2, 681.4), (135.4, 683.9), (161.4, 684.0), (179.4, 662.0), (257.2, 618.0), (311.0, 593.3), (311.0, 588.6), (240.0, 529.9), (216.0, 479.7), (237.3, 454.6), (261.3, 454.6), (274.7, 473.4), (311.0, 511.2), (240.0, 456.7), (216.0, 406.4), (237.3, 375.0), (266.7, 362.5), (280.0, 368.8), (293.3, 393.9), (306.7, 437.9), (269.7, 428.5), (215.0, 371.2), (232.1, 332.7), (255.4, 313.1), (284.1, 312.3), (312.8, 330.4), (338.8, 367.3), (351.4, 423.0), (367.8, 412.8), (377.3, 412.9), (389.5, 431.7), (450.5, 426.1), (492.7, 421.9), (418.0, 357.6), (412.7, 312.0), (431.3, 285.3), (450.0, 277.5), (463.3, 288.5), (476.7, 318.3), (490.0, 367.0), (503.0, 421.9), (503.0, 435.9), (503.0, 435.3), (503.0, 435.0), (503.0, 435.9), (503.0, 435.3), (503.0, 435.0), (503.0, 435.9), (503.0, 435.3), (503.0, 435.0), (503.0, 435.9), (503.0, 435.3), (503.0, 435.0), (503.0, 435.9), (503.0, 435.3), (503.0, 435.0), (503.0, 435.9), (503.0, 435.3), (503.0, 435.0), (503.0, 435.9), (503.0, 435.3), (503.0, 435.0), (503.0, 435.9), (503.0, 435.3), (503.0, 435.0), (503.0, 435.9), (503.0, 435.3), (503.0, 435.0), (503.0, 435.9), (503.0, 435.3), (503.0, 435.0), (503.0, 435.9), (503.0, 435.3), (503.0, 435.0)]",0,0,10.18
speedrunner,meatboy,4,Stuck,2,0,2.62,0.104,"[(73.0, 685.0), (73.0, 687.1), (73.0, 682.4), (75.6, 687.1), (82.6, 682.4), (86.2, 691.3), (86.2, 691.0), (86.2, 691.9), (86.2, 691.3), (86.2, 691.0), (86.2, 691.9), (86.2, 691.3), (86.2, 691.0), (86.2, 691.9), (86.2, 691.3), (86.2, 691.0), (86.2, 691.9), (86.2, 691.3), (86.2, 691.0), (86.2, 691.9), (86.2, 691.3), (86.2, 691.0), (86.2, 691.9), (86.2, 691.3), (86.2, 691.0), (86.2, 691.9), (86.2, 691.3), (86.2, 691.0), (86.2, 691.9), (86.2, 691.3), (86.2, 691.0), (86.2, 691.9), (86.2, 691.3), (86.2, 691.0), (86.2, 691.9), (86.2, 691.3), (86.2, 691.0), (86.2, 691.9)]",0,0,5.02
speedrunner,meatboy,4,Pit,23,0,239.87,1.0,"[(73.0, 685.0), (120.3, 687.1), (200.3, 682.4), (279.3, 691.3), (300.7, 665.2), (226.0, 600.8), (221.9, 573.4), (262.1, 575.8), (290.3, 571.5), (221.0, 509.5), (224.8, 478.5), (244.4, 478.5), (265.8, 497.4), (300.7, 520.0), (226.0, 455.6), (223.3, 412.5), (266.3, 405.5), (329.0, 417.3), (408.0, 435.9), (484.0, 435.3), (482.3, 399.5), (413.0, 337.5), (421.0, 321.8), (496.0, 328.9), (574.0, 339.0), (650.0, 339.9), (632.0, 294.7), (569.3, 235.1), (583.7, 205.2), (646.7, 205.3), (601.0, 156.4), (566.3, 103.8), (602.8, 84.8), (651.0, 89.5), (731.0, 113.1), (807.0, 115.3), (885.7, 73.2), (965.4, 33.9), (1045.1, 13.5), (1124.7, 11.9), (1202.4, 29.2), (1274.7, 65.3), (1341.7, 120.3), (1403.4, 194.1), (1459.7, 286.7), (1510.7, 398.2), (1556.4, 528.5), (1596.7, 677.7), (1631.7, 845.7)]",0,0,6.4
speedrunner,meatboy,4,Stuck,3,0,43.82,0.374,"[(73.0, 685.0), (120.3, 687.1), (200.3, 682.4), (280.3, 687.1), (311.0, 682.4), (311.0, 691.3), (311.0, 691.0), (311.0, 691.9), (311.0, 691.3), (311.0, 691.0), (311.0, 691.9), (311.0, 691.3), (311.0, 691.0), (311.0, 691.9), (311.0, 691.3), (311.0, 691.0), (311.0, 691.9), (311.0, 691.3), (311.0, 691.0), (311.0, 691.9), (311.0, 691.3), (311.0, 691.0), (311.0, 691.9), (311.0, 691.3), (311.0, 691.0), (311.0, 691.9), (311.0, 691.3), (311.0, 691.0), (311.0, 691.9), (311.0, 691.3), (311.0, 691.0), (311.0, 691.9), (311.0, 691.3), (311.0, 691.0), (311.0, 691.9), (311.0, 691.3), (311.0, 691.0), (311.0, 691.9), (311.0, 691.3), (311.0, 691.0), (311.0, 691.9)]",0,0,5.42
speedrunner,meatboy,4,Stuck,0,0,40.07,0.374,"[(73.0, 685.0), (85.6, 691.3), (115.6, 691.0), (151.6, 691.9), (188.9, 691.3), (222.9, 691.0), (267.6, 691.9), (311.0, 691.3), (311.0, 691.0), (311.0, 691.9), (311.0, 691.3), (311.0, 691.0), (311.0, 691.9), (311.0, 691.3), (311.0, 691.0), (311.0, 691.9), (311.0, 691.3), (311.0, 691.0), (311.0, 691.9), (311.0, 691.3), (311.0, 691.0), (311.0, 691.9), (311.0, 691.3), (311.0, 691.0), (311.0, 691.9), (311.0, 691.3), (311.0, 691.0), (311.0, 691.9), (311.0, 691.3), (311.0, 691.0), (311.0, 691.9), (311.0, 691.3), (311.0, 691.0), (311.0, 691.9), (311.0, 691.3), (311.0, 691.0), (311.0, 691.9), (311.0, 691.3), (311.0, 691.0), (311.0, 691.9), (311.0, 691.3), (311.0, 691.0), (311.0, 691.9), (311.0, 691.3), (311.0, 691.0)]",0,0,5.87
speedrunner,meatboy,4,Stuck,3,0,43.82,0.374,"[(73.0, 685.0), (120.3, 687.1), (200.3, 682.4), (280.3, 691.3), (311.0, 691.0), (311.0, 691.9), (311.0, 691.3), (311.0, 691.0), (311.0, 691.9), (311.0, 691.3), (311.0, 691.0), (311.0, 691.9), (311.0, 691.3), (311.0, 691.0), (311.0, 691.9), (311.0, 691.3), (311.0, 691.0), (311.0, 691.9), (311.0, 691.3), (311.0, 691.0), (311.0, 691.9), (311.0, 691.3), (311.0, 691.0), (311.0, 691.9), (311.0, 691.3), (311.0, 691.0), (311.0, 691.9), (311.0, 691.3), (311.0, 691.0), (311.0, 691.9), (311.0, 691.3), (311.0, 691.0), (311.0, 691.9), (311.0, 691.3), (311.0, 691.0), (311.0, 691.9), (311.0, 691.3), (311.0, 691.0), (311.0, 691.9), (311.0, 691.3), (311.0, 691.0)]",0,0,5.42
speedrunner,meatboy,4,Stuck,25,0,40.73,0.605,"[(73.0, 685.0), (85.1, 691.3), (106.7, 674.3), (125.2, 681.4), (135.4, 683.9), (161.4, 684.0), (179.4, 662.0), (257.2, 618.0), (311.0, 593.3), (311.0, 588.6), (240.0, 529.9), (216.0, 479.7), (237.3, 454.6), (261.3, 454.6), (274.7, 473.4), (311.0, 511.2), (240.0, 456.7), (216.0, 406.4), (237.3, 375.0), (266.7, 362.5), (280.0, 368.8), (293.3, 393.9), (306.7, 437.9), (269.7, 428.5), (215.0, 371.2), (232.1, 332.7), (255.4, 313.1), (284.1, 312.3), (312.8, 330.4), (338.8, 367.3), (351.4, 423.0), (367.8, 412.8), (377.3, 412.9), (389.5, 431.7), (450.5, 426.1), (492.7, 421.9), (418.0, 357.6), (412.7, 312.0), (431.3, 285.3), (450.0, 277.5), (463.3, 288.5), (476.7, 318.3), (490.0, 367.0), (503.0, 421.9), (503.0, 435.9), (503.0, 435.3), (503.0, 435.0), (503.0, 435.9), (503.0, 435.3), (503.0, 435.0), (503.0, 435.9), (503.0, 435.3), (503.0, 435.0), (503.0, 435.9), (503.0, 435.3), (503.0, 435.0), (503.0, 435.9), (503.0, 435.3), (503.0, 435.0), (503.0, 435.9), (503.0, 435.3), (503.0, 435.0), (503.0, 435.9), (503.0, 435.3), (503.0, 435.0), (503.0, 435.9), (503.0, 435.3), (503.0, 435.0), (503.0, 435.9), (503.0, 435.3), (503.0, 435.0), (503.0, 435.9), (503.0, 435.3), (503.0, 435.0), (503.0, 435.9), (503.0, 435.3), (503.0, 435.0)]",0,0,10.18
speedrunner,meatboy,4,Stuck,25,0,40.73,0.605,"[(73.0, 685.0), (85.1, 691.3), (106.7, 674.3), (125.2, 681.4), (135.4, 683.9), (161.4, 684.0), (179.4, 662.0), (257.2, 618.0), (311.0, 593.3), (311.0, 588.6), (240.0, 529.9), (216.0, 479.7), (237.3, 454.6), (261.3, 454.6), (274.7, 473.4), (311.0, 511.2), (240.0, 456.7), (216.0, 406.4), (237.3, 375.0), (266.7, 362.5), (280.0, 368.8), (293.3, 393.9), (306.7, 437.9), (269.7, 428.5), (215.0, 371.2), (232.1, 332.7), (255.4, 313.1), (284.1, 312.3), (312.8, 330.4), (338.8, 367.3), (351.4, 423.0), (367.8, 412.8), (377.3, 412.9), (389.5, 431.7), (450.5, 426.1), (492.7, 421.9), (418.0, 357.6), (412.7, 312.0), (431.3, 285.3), (450.0, 277.5), (463.3, 288.5), (476.7, 318.3), (490.0, 367.0), (503.0, 421.9), (503.0, 435.9), (503.0, 435.3), (503.0, 435.0), (503.0, 435.9), (503.0, 435.3), (503.0, 435.0), (503.0, 435.9), (503.0, 435.3), (503.0, 435.0), (503.0, 435.9), (503.0, 435.3), (503.0, 435.0), (503.0, 435.9), (503.0, 435.3), (503.0, 435.0), (503.0, 435.9), (503.0, 435.3), (503.0, 435.0), (503.0, 435.9), (503.0, 435.3), (503.0, 435.0), (503.0, 435.9), (503.0, 435.3), (503.0, 435.0), (503.0, 435.9), (503.0, 435.3), (503.0, 435.0), (503.0, 435.9), (503.0, 435.3), (503.0, 435.0), (503.0, 435.9), (503.0, 435.3), (503.0, 435.0)]",0,0,10.18
speedrunner,meatboy,4,Stuck,43,0,0.0,0.088,"[(73.0, 685.0), (73.0, 683.3), (73.0, 673.9), (73.0, 683.3), (73.0, 679.5), (73.0, 674.8), (73.0, 688.9), (73.0, 675.5), (73.0, 677.9), (73.0, 683.6), (73.0, 674.2), (73.0, 683.6), (73.0, 677.9), (73.0, 675.5), (73.0, 691.0), (73.0, 674.8), (73.0, 679.5), (73.0, 681.4), (73.0, 674.3), (73.0, 686.1), (73.0, 676.5), (73.0, 676.6), (73.0, 691.3), (73.0, 674.3), (73.0, 681.4), (73.0, 679.5), (73.0, 674.8), (73.0, 688.9), (73.0, 675.5), (73.0, 677.9), (73.0, 683.6), (73.0, 674.2), (73.0, 683.6), (73.0, 677.9), (73.0, 675.5), (73.0, 691.0), (73.0, 674.8), (73.0, 679.5)]",0,0,5.02
speedrunner,meatboy,4,Stuck,13,0,-9.13,0.029,"[(73.0, 685.0), (53.5, 691.3), (62.4, 637.9), (65.6, 603.3), (64.7, 587.6), (61.6, 590.8), (52.6, 612.7), (46.6, 653.6), (39.6, 683.6), (44.5, 632.5), (45.1, 600.3), (43.8, 587.0), (42.2, 592.5), (38.2, 616.8), (34.2, 660.0), (27.8, 668.8), (28.4, 622.4), (25.9, 594.9), (21.9, 586.3), (19.3, 596.5), (15.3, 625.5), (11.3, 673.4), (22.7, 691.9), (40.2, 638.5), (41.7, 603.9), (41.3, 588.2), (40.6, 591.4), (36.9, 613.3), (32.9, 654.2), (28.8, 675.9), (34.0, 627.2), (37.4, 597.4), (40.4, 586.4), (40.4, 594.2), (38.4, 620.9), (32.5, 666.4), (27.5, 683.9), (27.0, 684.0), (31.3, 676.2), (27.9, 627.5), (25.2, 597.6)]",0,0,5.38
speedrunner,meatboy,4,Stuck,0,0,39.92,0.374,"[(73.0, 685.0), (110.7, 691.3), (148.7, 691.0), (178.7, 691.9), (205.3, 691.3), (228.7, 691.0), (255.7, 691.9), (284.0, 691.3), (311.0, 691.0), (311.0, 691.9), (311.0, 691.3), (311.0, 691.0), (311.0, 691.9), (311.0, 691.3), (311.0, 691.0), (311.0, 691.9), (311.0, 691.3), (311.0, 691.0), (311.0, 691.9), (311.0, 691.3), (311.0, 691.0), (311.0, 691.9), (311.0, 691.3), (311.0, 691.0), (311.0, 691.9), (311.0, 691.3), (311.0, 691.0), (311.0, 691.9), (311.0, 691.3), (311.0, 691.0), (311.0, 691.9), (311.0, 691.3), (311.0, 691.0), (311.0, 691.9), (311.0, 691.3), (311.0, 691.0), (311.0, 691.9), (311.0, 691.3), (311.0, 691.0), (311.0, 691.9), (311.0, 691.3), (311.0, 691.0), (311.0, 691.9), (311.0, 691.3), (311.0, 691.0)]",0,0,5.95
speedrunner,meatboy,4,Stuck,25,0,40.73,0.605,"[(73.0, 685.0), (85.1, 691.3), (106.7, 674.3), (125.2, 681.4), (135.4, 683.9), (161.4, 684.0), (179.4, 662.0), (257.2, 618.0), (311.0, 593.3), (311.0, 588.6), (240.0, 529.9), (216.0, 479.7), (237.3, 454.6), (261.3, 454.6), (274.7, 473.4), (311.0, 511.2), (240.0, 456.7), (216.0, 406.4), (237.3, 375.0), (266.7, 362.5), (280.0, 368.8), (293.3, 393.9), (306.7, 437.9), (269.7, 428.5), (215.0, 371.2), (232.1, 332.7), (255.4, 313.1), (284.1, 312.3), (312.8, 330.4), (338.8, 367.3), (351.4, 423.0), (367.8, 412.8), (377.3, 412.9), (389.5, 431.7), (450.5, 426.1), (492.7, 421.9), (418.0, 357.6), (412.7, 312.0), (431.3, 285.3), (450.0, 277.5), (463.3, 288.5), (476.7, 318.3), (490.0, 367.0), (503.0, 421.9), (503.0, 435.9), (503.0, 435.3), (503.0, 435.0), (503.0, 435.9), (503.0, 435.3), (503.0, 435.0), (503.0, 435.9), (503.0, 435.3), (503.0, 435.0), (503.0, 435.9), (503.0, 435.3), (503.0, 435.0), (503.0, 435.9), (503.0, 435.3), (503.0, 435.0), (503.0, 435.9), (503.0, 435.3), (503.0, 435.0), (503.0, 435.9), (503.0, 435.3), (503.0, 435.0), (503.0, 435.9), (503.0, 435.3), (503.0, 435.0), (503.0, 435.9), (503.0, 435.3), (503.0, 435.0), (503.0, 435.9), (503.0, 435.3), (503.0, 435.0), (503.0, 435.9), (503.0, 435.3), (503.0, 435.0)]",0,0,10.18
speedrunner,meatboy,4,Pit,23,0,239.87,1.0,"[(73.0, 685.0), (120.3, 687.1), (200.3, 682.4), (279.3, 691.3), (300.7, 665.2), (226.0, 600.8), (221.9, 573.4), (262.1, 575.8), (290.3, 571.5), (221.0, 509.5), (224.8, 478.5), (244.4, 478.5), (265.8, 497.4), (300.7, 520.0), (226.0, 455.6), (223.3, 412.5), (266.3, 405.5), (329.0, 417.3), (408.0, 435.9), (484.0, 435.3), (482.3, 399.5), (413.0, 337.5), (421.0, 321.8), (496.0, 328.9), (574.0, 339.0), (650.0, 339.9), (632.0, 294.7), (569.3, 235.1), (583.7, 205.2), (646.7, 205.3), (601.0, 156.4), (566.3, 103.8), (602.8, 84.8), (651.0, 89.5), (731.0, 113.1), (807.0, 115.3), (885.7, 73.2), (965.4, 33.9), (1045.1, 13.5), (1124.7, 11.9), (1202.4, 29.2), (1274.7, 65.3), (1341.7, 120.3), (1403.4, 194.1), (1459.7, 286.7), (1510.7, 398.2), (1556.4, 528.5), (1596.7, 677.7), (1631.7, 845.7)]",0,0,6.4
speedrunner,meatboy,4,Success,6,0,245.38,0.878,"[(73.0, 685.0), (120.3, 691.3), (200.3, 691.0), (279.3, 647.3), (269.7, 605.7), (215.0, 548.4), (244.3, 509.9), (300.7, 482.3), (226.0, 417.9), (223.3, 372.4), (294.0, 345.7), (374.0, 337.9), (454.0, 348.9), (482.3, 351.0), (413.0, 289.0), (421.0, 245.8), (496.0, 221.5), (575.9, 216.0), (655.7, 229.4), (683.0, 243.0)]",0,0,2.62
speedrunner,meatboy,4,Pit,33,0,197.55,1.0,"[(73.0, 685.0), (120.3, 687.1), (200.3, 682.4), (279.3, 691.3), (300.7, 665.2), (226.0, 600.8), (221.9, 573.4), (262.1, 575.8), (290.3, 571.5), (221.0, 509.5), (224.8, 478.5), (244.4, 478.5), (265.8, 497.4), (300.7, 520.0), (226.0, 455.6), (223.3, 410.1), (255.0, 396.4), (281.3, 403.5), (302.3, 429.5), (290.3, 441.8), (221.0, 379.7), (226.2, 338.7), (268.5, 331.7), (326.8, 343.5), (404.4, 374.1), (481.3, 423.6), (451.3, 388.9), (406.0, 341.8), (446.0, 337.1), (482.3, 327.5), (413.0, 265.5), (419.6, 230.5), (461.9, 228.2), (526.9, 244.7), (606.9, 280.1), (642.3, 300.5), (573.0, 238.5), (579.6, 203.6), (636.8, 201.2), (611.3, 161.3), (566.0, 106.3), (597.5, 82.5), (642.1, 84.9), (721.0, 106.1), (798.0, 115.9), (875.8, 80.3), (955.5, 38.7), (1035.2, 15.9), (1114.8, 12.0), (1191.2, 26.9), (1262.2, 60.6), (1327.8, 113.2), (1388.2, 184.7), (1443.2, 275.0), (1492.8, 384.1), (1537.2, 512.1), (1576.2, 658.9), (1609.8, 824.6)]",0,0,7.62
speedrunner,meatboy,4,Stuck,0,0,43.82,0.374,"[(73.0, 685.0), (120.3, 691.3), (200.3, 691.0), (280.3, 691.9), (311.0, 691.3), (311.0, 691.0), (311.0, 691.9), (311.0, 691.3), (311.0, 691.0), (311.0, 691.9), (311.0, 691.3), (311.0, 691.0), (311.0, 691.9), (311.0, 691.3), (311.0, 691.0), (311.0, 691.9), (311.0, 691.3), (311.0, 691.0), (311.0, 691.9), (311.0, 691.3), (311.0, 691.0), (311.0, 691.9), (311.0, 691.3), (311.0, 691.0), (311.0, 691.9), (311.0, 691.3), (311.0, 691.0), (311.0, 691.9), (311.0, 691.3), (311.0, 691.0), (311.0, 691.9), (311.0, 691.3), (311.0, 691.0), (311.0, 691.9), (311.0, 691.3), (311.0, 691.0), (311.0, 691.9), (311.0, 691.3), (311.0, 691.0), (311.0, 691.9), (311.0, 691.3)]",0,0,5.42
speedrunner,meatboy,4,Pit,47,0,147.96,1.0,"[(73.0, 685.0), (120.3, 687.1), (200.3, 682.4), (279.3, 691.3), (300.7, 665.2), (226.0, 600.8), (221.9, 555.3), (274.8, 545.9), (269.7, 512.5), (215.0, 455.2), (235.8, 420.5), (265.5, 415.8), (289.8, 429.9), (310.3, 462.9), (240.0, 409.0), (216.0, 358.7), (253.3, 340.3), (299.3, 345.0), (364.2, 368.6), (426.5, 411.0), (503.3, 435.3), (461.7, 382.8), (407.0, 325.5), (422.2, 316.1), (440.5, 325.6), (453.5, 353.9), (465.4, 401.0), (492.7, 421.5), (418.0, 357.1), (415.3, 335.2), (486.0, 339.9), (441.0, 292.2), (406.3, 239.6), (437.2, 216.7), (476.8, 219.0), (525.3, 240.3), (604.8, 280.3), (642.3, 304.3), (573.0, 242.3), (576.7, 201.3), (617.7, 194.2), (652.7, 194.1), (578.0, 129.8), (575.3, 84.2), (607.0, 70.6), (633.3, 77.7), (654.3, 103.6), (652.7, 130.0), (578.0, 65.6), (573.9, 20.0), (612.7, 10.6), (660.2, 20.1), (731.4, 48.4), (809.9, 95.5), (884.7, 106.9), (957.0, 109.3), (1024.0, 130.5), (1085.7, 170.6), (1142.0, 229.5), (1193.0, 307.3), (1238.7, 403.9), (1279.0, 519.3), (1314.0, 653.6), (1343.7, 806.7)]",0,0,8.43
speedrunner,meatboy,4,Success,6,0,245.38,0.878,"[(73.0, 685.0), (120.3, 691.3), (200.3, 691.0), (279.3, 647.3), (269.7, 605.7), (215.0, 548.4), (244.3, 509.9), (300.7, 482.3), (226.0, 417.9), (223.3, 372.4), (294.0, 345.7), (374.0, 337.9), (454.0, 348.9), (482.3, 351.0), (413.0, 289.0), (421.0, 245.8), (496.0, 221.5), (575.9, 216.0), (655.7, 229.4), (683.0, 243.0)]",0,0,2.62
speedrunner,meatboy,4,Stuck,1,0,43.82,0.374,"[(73.0, 685.0), (120.3, 687.1), (200.3, 682.4), (280.3, 691.3), (311.0, 691.0), (311.0, 691.9), (311.0, 691.3), (311.0, 691.0), (311.0, 691.9), (311.0, 691.3), (311.0, 691.0), (311.0, 691.9), (311.0, 691.3), (311.0, 691.0), (311.0, 691.9), (311.0, 691.3), (311.0, 691.0), (311.0, 691.9), (311.0, 691.3), (311.0, 691.0), (311.0, 691.9), (311.0, 691.3), (311.0, 691.0), (311.0, 691.9), (311.0, 691.3), (311.0, 691.0), (311.0, 691.9), (311.0, 691.3), (311.0, 691.0), (311.0, 691.9), (311.0, 691.3), (311.0, 691.0), (311.0, 691.9), (311.0, 691.3), (311.0, 691.0), (311.0, 691.9), (311.0, 691.3), (311.0, 691.0), (311.0, 691.9), (311.0, 691.3), (311.0, 691.0)]",0,0,5.42
speedrunner,meatboy,4,Stuck,3,0,40.23,0.374,"[(73.0, 685.0), (116.3, 687.1), (196.0, 682.4), (275.0, 691.3), (311.0, 662.8), (311.0, 618.9), (311.0, 593.7), (311.0, 587.4), (311.0, 600.0), (311.0, 631.4), (311.0, 671.1), (311.0, 691.0), (311.0, 691.9), (311.0, 691.3), (311.0, 691.0), (311.0, 691.9), (311.0, 691.3), (311.0, 691.0), (311.0, 691.9), (311.0, 691.3), (311.0, 691.0), (311.0, 691.9), (311.0, 691.3), (311.0, 691.0), (311.0, 691.9), (311.0, 691.3), (311.0, 691.0), (311.0, 691.9), (311.0, 691.3), (311.0, 691.0), (311.0, 691.9), (311.0, 691.3), (311.0, 691.0), (311.0, 691.9), (311.0, 691.3), (311.0, 691.0), (311.0, 691.9), (311.0, 691.3), (311.0, 691.0), (311.0, 691.9), (311.0, 691.3), (311.0, 691.0), (311.0, 691.9)]",0,0,5.72
speedrunner,meatboy,4,Pit,23,0,239.87,1.0,"[(73.0, 685.0), (120.3, 687.1), (200.3, 682.4), (279.3, 691.3), (300.7, 665.2), (226.0, 600.8), (221.9, 573.4), (262.1, 575.8), (290.3, 571.5), (221.0, 509.5), (224.8, 478.5), (244.4, 478.5), (265.8, 497.4), (300.7, 520.0), (226.0, 455.6), (223.3, 412.5), (266.3, 405.5), (329.0, 417.3), (408.0, 435.9), (484.0, 435.3), (482.3, 399.5), (413.0, 337.5), (421.0, 321.8), (496.0, 328.9), (574.0, 339.0), (650.0, 339.9), (632.0, 294.7), (569.3, 235.1), (583.7, 205.2), (646.7, 205.3), (601.0, 156.4), (566.3, 103.8), (602.8, 84.8), (651.0, 89.5), (731.0, 113.1), (807.0, 115.3), (885.7, 73.2), (965.4, 33.9), (1045.1, 13.5), (1124.7, 11.9), (1202.4, 29.2), (1274.7, 65.3), (1341.7, 120.3), (1403.4, 194.1), (1459.7, 286.7), (1510.7, 398.2), (1556.4, 528.5), (1596.7, 677.7), (1631.7, 845.7)]",0,0,6.4
speedrunner,meatboy,4,Stuck,3,0,44.1,0.374,"[(73.0, 685.0), (120.3, 691.3), (200.2, 667.4), (279.8, 672.1), (311.0, 691.0), (311.0, 691.9), (311.0, 691.3), (311.0, 691.0), (311.0, 691.9), (311.0, 691.3), (311.0, 691.0), (311.0, 691.9), (311.0, 691.3), (311.0, 691.0), (311.0, 691.9), (311.0, 691.3), (311.0, 691.0), (311.0, 691.9), (311.0, 691.3), (311.0, 691.0), (311.0, 691.9), (311.0, 691.3), (311.0, 691.0), (311.0, 691.9), (311.0, 691.3), (311.0, 691.0), (311.0, 691.9), (311.0, 691.3), (311.0, 691.0), (311.0, 691.9), (311.0, 691.3), (311.0, 691.0), (311.0, 691.9), (311.0, 691.3), (311.0, 691.0), (311.0, 691.9), (311.0, 691.3), (311.0, 691.0), (311.0, 691.9), (311.0, 691.3), (311.0, 691.0)]",0,0,5.37
speedrunner,meatboy,4,Pit,23,0,239.87,1.0,"[(73.0, 685.0), (120.3, 687.1), (200.3, 682.4), (279.3, 691.3), (300.7, 665.2), (226.0, 600.8), (221.9, 573.4), (262.1, 575.8), (290.3, 571.5), (221.0, 509.5), (224.8, 478.5), (244.4, 478.5), (265.8, 497.4), (300.7, 520.0), (226.0, 455.6), (223.3, 412.5), (266.3, 405.5), (329.0, 417.3), (408.0, 435.9), (484.0, 435.3), (482.3, 399.5), (413.0, 337.5), (421.0, 321.8), (496.0, 328.9), (574.0, 339.0), (650.0, 339.9), (632.0, 294.7), (569.3, 235.1), (583.7, 205.2), (646.7, 205.3), (601.0, 156.4), (566.3, 103.8), (602.8, 84.8), (651.0, 89.5), (731.0, 113.1), (807.0, 115.3), (885.7, 73.2), (965.4, 33.9), (1045.1, 13.5), (1124.7, 11.9), (1202.4, 29.2), (1274.7, 65.3), (1341.7, 120.3), (1403.4, 194.1), (1459.7, 286.7), (1510.7, 398.2), (1556.4, 528.5), (1596.7, 677.7), (1631.7, 845.7)]",0,0,6.4
speedrunner,meatboy,4,Stuck,9,0,43.29,0.374,"[(73.0, 685.0), (120.3, 687.1), (200.2, 682.4), (278.9, 691.3), (311.0, 655.2), (311.0, 655.2), (311.0, 674.1), (311.0, 691.0), (311.0, 691.9), (311.0, 691.3), (311.0, 691.0), (311.0, 691.9), (311.0, 691.3), (311.0, 691.0), (311.0, 691.9), (311.0, 691.3), (311.0, 691.0), (311.0, 691.9), (311.0, 691.3), (311.0, 691.0), (311.0, 691.9), (311.0, 691.3), (311.0, 691.0), (311.0, 691.9), (311.0, 691.3), (311.0, 691.0), (311.0, 691.9), (311.0, 691.3), (311.0, 691.0), (311.0, 691.9), (311.0, 691.3), (311.0, 691.0), (311.0, 691.9), (311.0, 691.3), (311.0, 691.0), (311.0, 691.9), (311.0, 691.3), (311.0, 691.0), (311.0, 691.9), (311.0, 691.3), (311.0, 691.0)]",0,0,5.45
speedrunner,meatboy,4,Pit,23,0,240.01,1.0,"[(73.0, 685.0), (120.3, 687.1), (200.3, 682.4), (279.3, 691.3), (300.7, 665.2), (226.0, 600.8), (221.9, 573.4), (262.1, 575.8), (290.3, 571.5), (221.0, 509.5), (224.8, 478.5), (244.4, 478.5), (265.8, 497.4), (300.7, 520.0), (226.0, 455.6), (223.3, 412.5), (266.3, 405.5), (329.0, 417.3), (408.0, 435.9), (484.0, 435.3), (482.3, 399.5), (413.0, 337.5), (421.0, 321.8), (496.0, 328.9), (574.0, 339.0), (650.0, 339.9), (632.0, 294.7), (569.3, 235.1), (583.7, 205.2), (646.7, 205.3), (601.0, 156.4), (566.3, 103.8), (602.8, 84.8), (651.0, 89.5), (731.0, 113.1), (807.0, 115.3), (885.7, 73.2), (965.4, 33.9), (1045.1, 13.5), (1124.7, 11.9), (1202.4, 29.2), (1274.7, 65.3), (1341.7, 120.3), (1403.4, 194.1), (1459.7, 286.7), (1510.7, 398.2), (1556.4, 528.5), (1596.7, 677.7), (1631.7, 845.7)]",0,0,6.4
speedrunner,meatboy,4,Pit,23,0,239.87,1.0,"[(73.0, 685.0), (120.3, 687.1), (200.3, 682.4), (279.3, 691.3), (300.7, 665.2), (226.0, 600.8), (221.9, 573.4), (262.1, 575.8), (290.3, 571.5), (221.0, 509.5), (224.8, 478.5), (244.4, 478.5), (265.8, 497.4), (300.7, 520.0), (226.0, 455.6), (223.3, 412.5), (266.3, 405.5), (329.0, 417.3), (408.0, 435.9), (484.0, 435.3), (482.3, 399.5), (413.0, 337.5), (421.0, 321.8), (496.0, 328.9), (574.0, 339.0), (650.0, 339.9), (632.0, 294.7), (569.3, 235.1), (583.7, 205.2), (646.7, 205.3), (601.0, 156.4), (566.3, 103.8), (602.8, 84.8), (651.0, 89.5), (731.0, 113.1), (807.0, 115.3), (885.7, 73.2), (965.4, 33.9), (1045.1, 13.5), (1124.7, 11.9), (1202.4, 29.2), (1274.7, 65.3), (1341.7, 120.3), (1403.4, 194.1), (1459.7, 286.7), (1510.7, 398.2), (1556.4, 528.5), (1596.7, 677.7), (1631.7, 845.7)]",0,0,6.4
speedrunner,meatboy,4,Stuck,31,0,21.07,0.299,"[(73.0, 685.0), (94.1, 687.1), (119.8, 682.4), (142.0, 691.3), (174.7, 691.0), (218.0, 691.9), (272.0, 691.3), (311.0, 684.2), (249.0, 622.7), (214.3, 570.1), (243.8, 536.4), (289.1, 524.2), (269.7, 489.7), (215.0, 432.4), (230.2, 400.4), (248.5, 398.1), (261.5, 414.6), (267.9, 449.9), (267.5, 504.1), (311.0, 572.0), (232.3, 505.3), (219.0, 457.4), (240.0, 443.4), (255.7, 450.5), (266.0, 476.5), (310.4, 521.2), (249.0, 481.3), (214.3, 428.7), (235.3, 405.8), (252.3, 408.1), (263.9, 429.4), (267.0, 469.4), (274.2, 528.3), (290.3, 561.2), (221.0, 499.2), (224.8, 458.2), (244.4, 451.2), (258.8, 463.0), (272.0, 493.6), (300.7, 524.5), (226.0, 460.2), (221.9, 414.6), (242.3, 405.2), (257.3, 414.7), (266.9, 443.0), (266.3, 490.1), (294.2, 556.1), (259.3, 536.6), (214.0, 481.6), (232.8, 454.1), (250.4, 454.2), (262.8, 473.0), (299.5, 510.7), (259.3, 484.2)]",0,0,7.08
speedrunner,meatboy,4,Pit,23,0,239.87,1.0,"[(73.0, 685.0), (120.3, 687.1), (200.3, 682.4), (279.3, 691.3), (300.7, 665.2), (226.0, 600.8), (221.9, 573.4), (262.1, 575.8), (290.3, 571.5), (221.0, 509.5), (224.8, 478.5), (244.4, 478.5), (265.8, 497.4), (300.7, 520.0), (226.0, 455.6), (223.3, 412.5), (266.3, 405.5), (329.0, 417.3), (408.0, 435.9), (484.0, 435.3), (482.3, 399.5), (413.0, 337.5), (421.0, 321.8), (496.0, 328.9), (574.0, 339.0), (650.0, 339.9), (632.0, 294.7), (569.3, 235.1), (583.7, 205.2), (646.7, 205.3), (601.0, 156.4), (566.3, 103.8), (602.8, 84.8), (651.0, 89.5), (731.0, 113.1), (807.0, 115.3), (885.7, 73.2), (965.4, 33.9), (1045.1, 13.5), (1124.7, 11.9), (1202.4, 29.2), (1274.7, 65.3), (1341.7, 120.3), (1403.4, 194.1), (1459.7, 286.7), (1510.7, 398.2), (1556.4, 528.5), (1596.7, 677.7), (1631.7, 845.7)]",0,0,6.4
speedrunner,meatboy,4,Pit,24,0,243.8,1.0,"[(73.0, 685.0), (120.3, 687.1), (200.3, 682.4), (279.3, 691.3), (300.7, 665.2), (226.0, 600.8), (223.3, 555.3), (281.2, 541.7), (269.7, 507.1), (215.0, 449.8), (235.8, 415.1), (265.5, 410.4), (289.8, 424.5), (308.8, 457.5), (240.0, 403.6), (216.0, 353.3), (256.1, 334.9), (325.7, 339.6), (405.0, 363.2), (481.8, 405.6), (451.3, 382.5), (406.0, 335.4), (446.0, 330.7), (525.0, 339.3), (601.0, 339.0), (663.0, 331.6), (601.0, 270.2), (566.3, 217.6), (597.2, 194.6), (663.0, 197.0), (584.3, 130.2), (571.0, 82.4), (613.2, 73.0), (671.0, 82.4), (751.0, 110.7), (827.0, 115.0), (906.7, 61.6), (986.3, 27.0), (1066.0, 11.3), (1145.7, 14.5), (1223.3, 36.4), (1295.7, 77.3), (1362.7, 136.9), (1424.3, 215.4), (1480.7, 312.8), (1531.7, 429.0), (1577.3, 564.0), (1617.7, 717.9)]",0,0,6.37
speedrunner,meatboy,4,Success,6,0,245.38,0.878,"[(73.0, 685.0), (120.3, 691.3), (200.3, 691.0), (279.3, 647.3), (269.7, 605.7), (215.0, 548.4), (244.3, 509.9), (300.7, 482.3), (226.0, 417.9), (223.3, 372.4), (294.0, 345.7), (374.0, 337.9), (454.0, 348.9), (482.3, 351.0), (413.0, 289.0), (421.0, 245.8), (496.0, 221.5), (575.9, 216.0), (655.7, 229.4), (683.0, 243.0)]",0,0,2.62
speedrunner,meatboy,4,Pit,25,0,214.72,1.0,"[(73.0, 685.0), (120.3, 687.1), (200.3, 682.4), (279.3, 691.3), (300.7, 665.2), (226.0, 600.8), (223.3, 555.3), (281.2, 541.7), (269.7, 507.1), (215.0, 449.8), (235.8, 415.1), (265.5, 410.4), (289.8, 424.5), (308.8, 457.5), (240.0, 403.6), (216.0, 353.3), (254.7, 331.3), (318.6, 333.6), (398.6, 354.9), (478.6, 394.9), (451.3, 370.9), (406.0, 319.6), (431.8, 312.5), (460.8, 324.3), (484.5, 355.0), (482.3, 371.9), (413.0, 309.8), (418.2, 271.6), (460.5, 266.9), (528.2, 281.0), (608.1, 314.0), (663.0, 324.2), (592.0, 262.5), (568.0, 212.3), (603.8, 193.9), (652.7, 187.6), (578.0, 123.2), (575.3, 80.2), (618.3, 73.1), (681.0, 84.9), (761.0, 115.6), (837.0, 107.3), (916.7, 56.3), (996.3, 24.1), (1076.0, 10.7), (1155.5, 16.2), (1231.2, 40.5), (1301.5, 83.7), (1366.5, 145.7), (1426.2, 226.6), (1480.5, 326.3), (1529.5, 444.9), (1573.2, 582.2), (1611.5, 738.5)]",0,0,7.15
speedrunner,meatboy,4,Stuck,1,0,3.59,0.109,"[(73.0, 685.0), (75.6, 687.1), (82.6, 682.4), (88.5, 691.3), (91.0, 691.0), (91.0, 691.9), (91.0, 691.3), (91.0, 691.0), (91.0, 691.9), (91.0, 691.3), (91.0, 691.0), (91.0, 691.9), (91.0, 691.3), (91.0, 691.0), (91.0, 691.9), (91.0, 691.3), (91.0, 691.0), (91.0, 691.9), (91.0, 691.3), (91.0, 691.0), (91.0, 691.9), (91.0, 691.3), (91.0, 691.0), (91.0, 691.9), (91.0, 691.3), (91.0, 691.0), (91.0, 691.9), (91.0, 691.3), (91.0, 691.0), (91.0, 691.9), (91.0, 691.3), (91.0, 691.0), (91.0, 691.9), (91.0, 691.3), (91.0, 691.0), (91.0, 691.9), (91.0, 691.3), (91.0, 691.0)]",0,0,5.02
speedrunner,meatboy,4,Stuck,7,0,40.99,0.374,"[(73.0, 685.0), (120.3, 691.3), (200.3, 691.0), (276.3, 691.9), (311.0, 643.2), (311.0, 606.3), (311.0, 588.3), (311.0, 589.0), (311.0, 608.7), (311.0, 645.4), (311.0, 685.1), (311.0, 649.2), (311.0, 609.9), (311.0, 589.5), (311.0, 587.9), (311.0, 605.2), (311.0, 640.4), (311.0, 680.1), (311.0, 655.4), (311.0, 613.8), (311.0, 591.0), (311.0, 587.1), (311.0, 602.0), (311.0, 635.5), (311.0, 675.2), (311.0, 661.9), (311.0, 618.0), (311.0, 592.8), (311.0, 586.5), (311.0, 599.1), (311.0, 630.5), (311.0, 670.2), (311.0, 668.8), (311.0, 622.4), (311.0, 594.9), (311.0, 586.3), (311.0, 596.5), (311.0, 625.5), (311.0, 665.2), (311.0, 675.9), (311.0, 627.2), (311.0, 597.4), (311.0, 586.4)]",0,0,5.67
speedrunner,meatboy,4,Stuck,1,0,43.3,0.374,"[(73.0, 685.0), (116.3, 691.3), (184.3, 691.0), (260.0, 691.9), (311.0, 691.3), (311.0, 691.0), (311.0, 691.9), (311.0, 691.3), (311.0, 691.0), (311.0, 691.9), (311.0, 691.3), (311.0, 691.0), (311.0, 691.9), (311.0, 691.3), (311.0, 691.0), (311.0, 691.9), (311.0, 691.3), (311.0, 691.0), (311.0, 691.9), (311.0, 691.3), (311.0, 691.0), (311.0, 691.9), (311.0, 691.3), (311.0, 691.0), (311.0, 691.9), (311.0, 691.3), (311.0, 691.0), (311.0, 691.9), (311.0, 691.3), (311.0, 691.0), (311.0, 691.9), (311.0, 691.3), (311.0, 691.0), (311.0, 691.9), (311.0, 691.3), (311.0, 691.0), (311.0, 691.9), (311.0, 691.3), (311.0, 691.0), (311.0, 691.9), (311.0, 691.3)]",0,0,5.45
speedrunner,meatboy,4,Pit,23,0,239.87,1.0,"[(73.0, 685.0), (120.3, 687.1), (200.3, 682.4), (279.3, 691.3), (300.7, 665.2), (226.0, 600.8), (221.9, 573.4), (262.1, 575.8), (290.3, 571.5), (221.0, 509.5), (224.8, 478.5), (244.4, 478.5), (265.8, 497.4), (300.7, 520.0), (226.0, 455.6), (223.3, 412.5), (266.3, 405.5), (329.0, 417.3), (408.0, 435.9), (484.0, 435.3), (482.3, 399.5), (413.0, 337.5), (421.0, 321.8), (496.0, 328.9), (574.0, 339.0), (650.0, 339.9), (632.0, 294.7), (569.3, 235.1), (583.7, 205.2), (646.7, 205.3), (601.0, 156.4), (566.3, 103.8), (602.8, 84.8), (651.0, 89.5), (731.0, 113.1), (807.0, 115.3), (885.7, 73.2), (965.4, 33.9), (1045.1, 13.5), (1124.7, 11.9), (1202.4, 29.2), (1274.7, 65.3), (1341.7, 120.3), (1403.4, 194.1), (1459.7, 286.7), (1510.7, 398.2), (1556.4, 528.5), (1596.7, 677.7), (1631.7, 845.7)]",0,0,6.4
speedrunner,meatboy,4,Stuck,54,0,13.24,0.275,"[(73.0, 685.0), (120.3, 691.3), (200.3, 691.0), (280.3, 691.9), (290.3, 662.6), (221.0, 615.9), (229.0, 613.6), (304.0, 630.1), (240.0, 599.2), (216.0, 599.2), (274.0, 618.1), (280.0, 612.2), (217.3, 594.5), (236.0, 601.6), (311.0, 627.5), (240.0, 597.8), (216.0, 597.8), (274.0, 616.7), (280.0, 610.8), (217.3, 601.4), (236.0, 610.8), (311.0, 639.1), (240.0, 602.5), (216.0, 600.2), (274.0, 616.7), (280.0, 609.4), (217.3, 600.0), (236.0, 609.4), (311.0, 637.7), (240.0, 601.1), (216.0, 598.8), (274.0, 615.3), (280.0, 607.9), (217.3, 598.5), (236.0, 608.0), (311.0, 636.3), (240.0, 599.7), (216.0, 597.3), (274.0, 613.9), (280.0, 606.5), (217.3, 597.1), (236.0, 606.6), (311.0, 634.8), (240.0, 598.3), (216.0, 595.9)]",0,0,5.92
speedrunner,meatboy,4,Stuck,0,0,43.82,0.374,"[(73.0, 685.0), (120.3, 691.3), (200.3, 691.0), (280.3, 691.9), (311.0, 691.3), (311.0, 691.0), (311.0, 691.9), (311.0, 691.3), (311.0, 691.0), (311.0, 691.9), (311.0, 691.3), (311.0, 691.0), (311.0, 691.9), (311.0, 691.3), (311.0, 691.0), (311.0, 691.9), (311.0, 691.3), (311.0, 691.0), (311.0, 691.9), (311.0, 691.3), (311.0, 691.0), (311.0, 691.9), (311.0, 691.3), (311.0, 691.0), (311.0, 691.9), (311.0, 691.3), (311.0, 691.0), (311.0, 691.9), (311.0, 691.3), (311.0, 691.0), (311.0, 691.9), (311.0, 691.3), (311.0, 691.0), (311.0, 691.9), (311.0, 691.3), (311.0, 691.0), (311.0, 691.9), (311.0, 691.3), (311.0, 691.0), (311.0, 691.9), (311.0, 691.3)]",0,0,5.42
speedrunner,meatboy,4,Pit,23,0,239.87,1.0,"[(73.0, 685.0), (120.3, 687.1), (200.3, 682.4), (279.3, 691.3), (300.7, 665.2), (226.0, 600.8), (221.9, 573.4), (262.1, 575.8), (290.3, 571.5), (221.0, 509.5), (224.8, 478.5), (244.4, 478.5), (265.8, 497.4), (300.7, 520.0), (226.0, 455.6), (223.3, 412.5), (266.3, 405.5), (329.0, 417.3), (408.0, 435.9), (484.0, 435.3), (482.3, 399.5), (413.0, 337.5), (421.0, 321.8), (496.0, 328.9), (574.0, 339.0), (650.0, 339.9), (632.0, 294.7), (569.3, 235.1), (583.7, 205.2), (646.7, 205.3), (601.0, 156.4), (566.3, 103.8), (602.8, 84.8), (651.0, 89.5), (731.0, 113.1), (807.0, 115.3), (885.7, 73.2), (965.4, 33.9), (1045.1, 13.5), (1124.7, 11.9), (1202.4, 29.2), (1274.7, 65.3), (1341.7, 120.3), (1403.4, 194.1), (1459.7, 286.7), (1510.7, 398.2), (1556.4, 528.5), (1596.7, 677.7), (1631.7, 845.7)]",0,0,6.4
speedrunner,meatboy,4,Pit,25,0,214.72,1.0,"[(73.0, 685.0), (120.3, 687.1), (200.3, 682.4), (279.3, 691.3), (300.7, 665.2), (226.0, 600.8), (223.3, 555.3), (281.2, 541.7), (269.7, 507.1), (215.0, 449.8), (235.8, 415.1), (265.5, 410.4), (289.8, 424.5), (308.8, 457.5), (240.0, 403.6), (216.0, 353.3), (254.7, 331.3), (318.6, 333.6), (398.6, 354.9), (478.6, 394.9), (451.3, 370.9), (406.0, 319.6), (431.8, 312.5), (460.8, 324.3), (484.5, 355.0), (482.3, 371.9), (413.0, 309.8), (418.2, 271.6), (460.5, 266.9), (528.2, 281.0), (608.1, 314.0), (663.0, 324.2), (592.0, 262.5), (568.0, 212.3), (603.8, 193.9), (652.7, 187.6), (578.0, 123.2), (575.3, 80.2), (618.3, 73.1), (681.0, 84.9), (761.0, 115.6), (837.0, 107.3), (916.7, 56.3), (996.3, 24.1), (1076.0, 10.7), (1155.5, 16.2), (1231.2, 40.5), (1301.5, 83.7), (1366.5, 145.7), (1426.2, 226.6), (1480.5, 326.3), (1529.5, 444.9), (1573.2, 582.2), (1611.5, 738.5)]",0,0,7.15
speedrunner,meatboy,4,Stuck,8,0,37.25,0.374,"[(73.0, 685.0), (73.0, 691.3), (93.8, 674.3), (93.2, 681.4), (102.9, 683.3), (131.2, 673.9), (124.7, 683.3), (144.9, 683.7), (223.3, 686.0), (303.3, 691.3), (311.0, 691.0), (311.0, 691.9), (311.0, 691.3), (311.0, 691.0), (311.0, 691.9), (311.0, 691.3), (311.0, 691.0), (311.0, 691.9), (311.0, 691.3), (311.0, 691.0), (311.0, 691.9), (311.0, 691.3), (311.0, 691.0), (311.0, 691.9), (311.0, 691.3), (311.0, 691.0), (311.0, 691.9), (311.0, 691.3), (311.0, 691.0), (311.0, 691.9), (311.0, 691.3), (311.0, 691.0), (311.0, 691.9), (311.0, 691.3), (311.0, 691.0), (311.0, 691.9), (311.0, 691.3), (311.0, 691.0), (311.0, 691.9), (311.0, 691.3), (311.0, 691.0), (311.0, 691.9), (311.0, 691.3), (311.0, 691.0), (311.0, 691.9), (311.0, 691.3), (311.0, 691.0)]",0,0,6.18
speedrunner,meatboy,4,Pit,39,0,-7.83,0.05,"[(73.0, 685.0), (34.2, 681.3), (25.4, 674.2), (14.4, 686.0), (-7.5, 677.9), (19.0, 675.5), (36.5, 691.0), (58.5, 674.8), (50.4, 679.5), (-12.5, 684.2), (-0.7, 667.5), (16.6, 674.6), (11.8, 686.9), (5.9, 682.2), (4.7, 681.1), (12.4, 674.1), (27.0, 685.9), (25.5, 676.0), (23.1, 678.4), (0.7, 691.9), (19.5, 675.5), (37.8, 677.9), (33.8, 681.1), (14.1, 674.0), (-15.0, 685.8), (13.1, 676.2), (39.6, 676.3), (45.4, 684.0), (22.6, 674.6), (-28.1, 684.1), (-9.0, 712.4), (-9.0, 752.0), (-5.0, 792.5), (41.7, 847.5)]",0,0,4.4
speedrunner,meatboy,4,Success,6,0,245.38,0.878,"[(73.0, 685.0), (120.3, 691.3), (200.3, 691.0), (279.3, 647.3), (269.7, 605.7), (215.0, 548.4), (244.3, 509.9), (300.7, 482.3), (226.0, 417.9), (223.3, 372.4), (294.0, 345.7), (374.0, 337.9), (454.0, 348.9), (482.3, 351.0), (413.0, 289.0), (421.0, 245.8), (496.0, 221.5), (575.9, 216.0), (655.7, 229.4), (683.0, 243.0)]",0,0,2.62
speedrunner,meatboy,4,Stuck,1,0,0.0,0.088,"[(73.0, 685.0), (73.0, 691.3), (73.0, 691.0), (73.0, 691.9), (73.0, 691.3), (73.0, 691.0), (73.0, 691.9), (73.0, 691.3), (73.0, 691.0), (73.0, 691.9), (73.0, 691.3), (73.0, 691.0), (73.0, 691.9), (73.0, 691.3), (73.0, 691.0), (73.0, 691.9), (73.0, 691.3), (73.0, 691.0), (73.0, 691.9), (73.0, 691.3), (73.0, 691.0), (73.0, 691.9), (73.0, 691.3), (73.0, 691.0), (73.0, 691.9), (73.0, 691.3), (73.0, 691.0), (73.0, 691.9), (73.0, 691.3), (73.0, 691.0), (73.0, 691.9), (73.0, 691.3), (73.0, 691.0), (73.0, 691.9), (73.0, 691.3), (73.0, 691.0), (73.0, 691.9), (73.0, 691.3)]",0,0,5.02
speedrunner,meatboy,4,Success,6,0,245.38,0.878,"[(73.0, 685.0), (120.3, 691.3), (200.3, 691.0), (279.3, 647.3), (269.7, 605.7), (215.0, 548.4), (244.3, 509.9), (300.7, 482.3), (226.0, 417.9), (223.3, 372.4), (294.0, 345.7), (374.0, 337.9), (454.0, 348.9), (482.3, 351.0), (413.0, 289.0), (421.0, 245.8), (496.0, 221.5), (575.9, 216.0), (655.7, 229.4), (683.0, 243.0)]",0,0,2.62
speedrunner,meatboy,4,Pit,33,0,197.55,1.0,"[(73.0, 685.0), (120.3, 687.1), (200.3, 682.4), (279.3, 691.3), (300.7, 665.2), (226.0, 600.8), (221.9, 573.4), (262.1, 575.8), (290.3, 571.5), (221.0, 509.5), (224.8, 478.5), (244.4, 478.5), (265.8, 497.4), (300.7, 520.0), (226.0, 455.6), (223.3, 410.1), (255.0, 396.4), (281.3, 403.5), (302.3, 429.5), (290.3, 441.8), (221.0, 379.7), (226.2, 338.7), (268.5, 331.7), (326.8, 343.5), (404.4, 374.1), (481.3, 423.6), (451.3, 388.9), (406.0, 341.8), (446.0, 337.1), (482.3, 327.5), (413.0, 265.5), (419.6, 230.5), (461.9, 228.2), (526.9, 244.7), (606.9, 280.1), (642.3, 300.5), (573.0, 238.5), (579.6, 203.6), (636.8, 201.2), (611.3, 161.3), (566.0, 106.3), (597.5, 82.5), (642.1, 84.9), (721.0, 106.1), (798.0, 115.9), (875.8, 80.3), (955.5, 38.7), (1035.2, 15.9), (1114.8, 12.0), (1191.2, 26.9), (1262.2, 60.6), (1327.8, 113.2), (1388.2, 184.7), (1443.2, 275.0), (1492.8, 384.1), (1537.2, 512.1), (1576.2, 658.9), (1609.8, 824.6)]",0,0,7.62
speedrunner,meatboy,4,Stuck,1,0,42.94,0.374,"[(73.0, 685.0), (116.3, 691.3), (184.3, 691.0), (260.0, 691.9), (311.0, 691.3), (311.0, 691.0), (311.0, 691.9), (311.0, 691.3), (311.0, 691.0), (311.0, 691.9), (311.0, 691.3), (311.0, 691.0), (311.0, 691.9), (311.0, 691.3), (311.0, 691.0), (311.0, 691.9), (311.0, 691.3), (311.0, 691.0), (311.0, 691.9), (311.0, 691.3), (311.0, 691.0), (311.0, 691.9), (311.0, 691.3), (311.0, 691.0), (311.0, 691.9), (311.0, 691.3), (311.0, 691.0), (311.0, 691.9), (311.0, 691.3), (311.0, 691.0), (311.0, 691.9), (311.0, 691.3), (311.0, 691.0), (311.0, 691.9), (311.0, 691.3), (311.0, 691.0), (311.0, 691.9), (311.0, 691.3), (311.0, 691.0), (311.0, 691.9), (311.0, 691.3)]",0,0,5.45
speedrunner,meatboy,4,Success,6,0,245.38,0.878,"[(73.0, 685.0), (120.3, 691.3), (200.3, 691.0), (279.3, 647.3), (269.7, 605.7), (215.0, 548.4), (244.3, 509.9), (300.7, 482.3), (226.0, 417.9), (223.3, 372.4), (294.0, 345.7), (374.0, 337.9), (454.0, 348.9), (482.3, 351.0), (413.0, 289.0), (421.0, 245.8), (496.0, 221.5), (575.9, 216.0), (655.7, 229.4), (683.0, 243.0)]",0,0,2.62
speedrunner,meatboy,4,Stuck,1,0,42.1,0.374,"[(73.0, 685.0), (116.3, 691.3), (184.3, 691.0), (242.0, 691.9), (280.0, 691.3), (311.0, 691.0), (311.0, 691.9), (311.0, 691.3), (311.0, 691.0), (311.0, 691.9), (311.0, 691.3), (311.0, 691.0), (311.0, 691.9), (311.0, 691.3), (311.0, 691.0), (311.0, 691.9), (311.0, 691.3), (311.0, 691.0), (311.0, 691.9), (311.0, 691.3), (311.0, 691.0), (311.0, 691.9), (311.0, 691.3), (311.0, 691.0), (311.0, 691.9), (311.0, 691.3), (311.0, 691.0), (311.0, 691.9), (311.0, 691.3), (311.0, 691.0), (311.0, 691.9), (311.0, 691.3), (311.0, 691.0), (311.0, 691.9), (311.0, 691.3), (311.0, 691.0), (311.0, 691.9), (311.0, 691.3), (311.0, 691.0), (311.0, 691.9), (311.0, 691.3), (311.0, 691.0)]",0,0,5.57
speedrunner,meatboy,4,Pit,23,0,239.87,1.0,"[(73.0, 685.0), (120.3, 687.1), (200.3, 682.4), (279.3, 691.3), (300.7, 665.2), (226.0, 600.8), (221.9, 573.4), (262.1, 575.8), (290.3, 571.5), (221.0, 509.5), (224.8, 478.5), (244.4, 478.5), (265.8, 497.4), (300.7, 520.0), (226.0, 455.6), (223.3, 412.5), (266.3, 405.5), (329.0, 417.3), (408.0, 435.9), (484.0, 435.3), (482.3, 399.5), (413.0, 337.5), (421.0, 321.8), (496.0, 328.9), (574.0, 339.0), (650.0, 339.9), (632.0, 294.7), (569.3, 235.1), (583.7, 205.2), (646.7, 205.3), (601.0, 156.4), (566.3, 103.8), (602.8, 84.8), (651.0, 89.5), (731.0, 113.1), (807.0, 115.3), (885.7, 73.2), (965.4, 33.9), (1045.1, 13.5), (1124.7, 11.9), (1202.4, 29.2), (1274.7, 65.3), (1341.7, 120.3), (1403.4, 194.1), (1459.7, 286.7), (1510.7, 398.2), (1556.4, 528.5), (1596.7, 677.7), (1631.7, 845.7)]",0,0,6.4
speedrunner,meatboy,4,Pit,23,0,239.87,1.0,"[(73.0, 685.0), (120.3, 687.1), (200.3, 682.4), (279.3, 691.3), (300.7, 665.2), (226.0, 600.8), (221.9, 573.4), (262.1, 575.8), (290.3, 571.5), (221.0, 509.5), (224.8, 478.5), (244.4, 478.5), (265.8, 497.4), (300.7, 520.0), (226.0, 455.6), (223.3, 412.5), (266.3, 405.5), (329.0, 417.3), (408.0, 435.9), (484.0, 435.3), (482.3, 399.5), (413.0, 337.5), (421.0, 321.8), (496.0, 328.9), (574.0, 339.0), (650.0, 339.9), (632.0, 294.7), (569.3, 235.1), (583.7, 205.2), (646.7, 205.3), (601.0, 156.4), (566.3, 103.8), (602.8, 84.8), (651.0, 89.5), (731.0, 113.1), (807.0, 115.3), (885.7, 73.2), (965.4, 33.9), (1045.1, 13.5), (1124.7, 11.9), (1202.4, 29.2), (1274.7, 65.3), (1341.7, 120.3), (1403.4, 194.1), (1459.7, 286.7), (1510.7, 398.2), (1556.4, 528.5), (1596.7, 677.7), (1631.7, 845.7)]",0,0,6.4
speedrunner,meatboy,4,Success,6,0,245.38,0.878,"[(73.0, 685.0), (120.3, 691.3), (200.3, 691.0), (279.3, 647.3), (269.7, 605.7), (215.0, 548.4), (244.3, 509.9), (300.7, 482.3), (226.0, 417.9), (223.3, 372.4), (294.0, 345.7), (374.0, 337.9), (454.0, 348.9), (482.3, 351.0), (413.0, 289.0), (421.0, 245.8), (496.0, 221.5), (575.9, 216.0), (655.7, 229.4), (683.0, 243.0)]",0,0,2.62
speedrunner,meatboy,4,Success,6,0,245.38,0.878,"[(73.0, 685.0), (120.3, 691.3), (200.3, 691.0), (279.3, 647.3), (269.7, 605.7), (215.0, 548.4), (244.3, 509.9), (300.7, 482.3), (226.0, 417.9), (223.3, 372.4), (294.0, 345.7), (374.0, 337.9), (454.0, 348.9), (482.3, 351.0), (413.0, 289.0), (421.0, 245.8), (496.0, 221.5), (575.9, 216.0), (655.7, 229.4), (683.0, 243.0)]",0,0,2.62
speedrunner,meatboy,4,Stuck,6,0,39.06,0.374,"[(73.0, 685.0), (77.0, 691.3), (131.3, 655.7), (211.3, 614.1), (291.1, 595.3), (259.3, 550.0), (214.0, 495.1), (252.6, 459.0), (311.0, 441.7), (311.0, 443.3), (311.0, 463.7), (311.0, 500.8), (311.0, 540.5), (311.0, 580.2), (311.0, 619.9), (311.0, 659.6), (311.0, 691.3), (311.0, 691.0), (311.0, 691.9), (311.0, 691.3), (311.0, 691.0), (311.0, 691.9), (311.0, 691.3), (311.0, 691.0), (311.0, 691.9), (311.0, 691.3), (311.0, 691.0), (311.0, 691.9), (311.0, 691.3), (311.0, 691.0), (311.0, 691.9), (311.0, 691.3), (311.0, 691.0), (311.0, 691.9), (311.0, 691.3), (311.0, 691.0), (311.0, 691.9), (311.0, 691.3), (311.0, 691.0), (311.0, 691.9), (311.0, 691.3), (311.0, 691.0), (311.0, 691.9), (311.0, 691.3), (311.0, 691.0), (311.0, 691.9)]",0,0,6.02
speedrunner,meatboy,4,Success,6,0,245.38,0.878,"[(73.0, 685.0), (120.3, 691.3), (200.3, 691.0), (279.3, 647.3), (269.7, 605.7), (215.0, 548.4), (244.3, 509.9), (300.7, 482.3), (226.0, 417.9), (223.3, 372.4), (294.0, 345.7), (374.0, 337.9), (454.0, 348.9), (482.3, 351.0), (413.0, 289.0), (421.0, 245.8), (496.0, 221.5), (575.9, 216.0), (655.7, 229.4), (683.0, 243.0)]",0,0,2.62
speedrunner,meatboy,4,Success,6,0,245.38,0.878,"[(73.0, 685.0), (120.3, 691.3), (200.3, 691.0), (279.3, 647.3), (269.7, 605.7), (215.0, 548.4), (244.3, 509.9), (300.7, 482.3), (226.0, 417.9), (223.3, 372.4), (294.0, 345.7), (374.0, 337.9), (454.0, 348.9), (482.3, 351.0), (413.0, 289.0), (421.0, 245.8), (496.0, 221.5), (575.9, 216.0), (655.7, 229.4), (683.0, 243.0)]",0,0,2.62
speedrunner,meatboy,4,Success,6,0,245.38,0.878,"[(73.0, 685.0), (120.3, 691.3), (200.3, 691.0), (279.3, 647.3), (269.7, 605.7), (215.0, 548.4), (244.3, 509.9), (300.7, 482.3), (226.0, 417.9), (223.3, 372.4), (294.0, 345.7), (374.0, 337.9), (454.0, 348.9), (482.3, 351.0), (413.0, 289.0), (421.0, 245.8), (496.0, 221.5), (575.9, 216.0), (655.7, 229.4), (683.0, 243.0)]",0,0,2.62
speedrunner,meatboy,4,Success,6,0,245.35,0.878,"[(73.0, 685.0), (120.3, 691.3), (200.3, 691.0), (279.3, 647.3), (269.7, 605.7), (215.0, 548.4), (244.3, 509.9), (300.7, 482.3), (226.0, 417.9), (223.3, 372.4), (294.0, 345.7), (374.0, 337.9), (454.0, 348.9), (482.3, 351.0), (413.0, 289.0), (421.0, 245.8), (496.0, 221.5), (575.9, 216.0), (655.6, 229.4), (683.0, 243.0)]",0,0,2.62
speedrunner,meatboy,4,Success,6,0,245.38,0.878,"[(73.0, 685.0), (120.3, 691.3), (200.3, 691.0), (279.3, 647.3), (269.7, 605.7), (215.0, 548.4), (244.3, 509.9), (300.7, 482.3), (226.0, 417.9), (223.3, 372.4), (294.0, 345.7), (374.0, 337.9), (454.0, 348.9), (482.3, 351.0), (413.0, 289.0), (421.0, 245.8), (496.0, 221.5), (575.9, 216.0), (655.7, 229.4), (683.0, 243.0)]",0,0,2.62
speedrunner,meatboy,4,Success,6,0,245.38,0.878,"[(73.0, 685.0), (120.3, 691.3), (200.3, 691.0), (279.3, 647.3), (269.7, 605.7), (215.0, 548.4), (244.3, 509.9), (300.7, 482.3), (226.0, 417.9), (223.3, 372.4), (294.0, 345.7), (374.0, 337.9), (454.0, 348.9), (482.3, 351.0), (413.0, 289.0), (421.0, 245.8), (496.0, 221.5), (575.9, 216.0), (655.7, 229.4), (683.0, 243.0)]",0,0,2.62
speedrunner,meatboy,4,Success,6,0,245.38,0.878,"[(73.0, 685.0), (120.3, 691.3), (200.3, 691.0), (279.3, 647.3), (269.7, 605.7), (215.0, 548.4), (244.3, 509.9), (300.7, 482.3), (226.0, 417.9), (223.3, 372.4), (294.0, 345.7), (374.0, 337.9), (454.0, 348.9), (482.3, 351.0), (413.0, 289.0), (421.0, 245.8), (496.0, 221.5), (575.9, 216.0), (655.7, 229.4), (683.0, 243.0)]",0,0,2.62
speedrunner,meatboy,4,Stuck,3,0,42.66,0.374,"[(73.0, 685.0), (115.3, 687.1), (193.3, 682.4), (272.1, 683.3), (311.0, 643.4), (311.0, 641.1), (311.0, 657.6), (311.0, 691.0), (311.0, 691.9), (311.0, 691.3), (311.0, 691.0), (311.0, 691.9), (311.0, 691.3), (311.0, 691.0), (311.0, 691.9), (311.0, 691.3), (311.0, 691.0), (311.0, 691.9), (311.0, 691.3), (311.0, 691.0), (311.0, 691.9), (311.0, 691.3), (311.0, 691.0), (311.0, 691.9), (311.0, 691.3), (311.0, 691.0), (311.0, 691.9), (311.0, 691.3), (311.0, 691.0), (311.0, 691.9), (311.0, 691.3), (311.0, 691.0), (311.0, 691.9), (311.0, 691.3), (311.0, 691.0), (311.0, 691.9), (311.0, 691.3), (311.0, 691.0), (311.0, 691.9), (311.0, 691.3), (311.0, 691.0), (311.0, 691.9), (311.0, 691.3)]",0,0,5.6
speedrunner,meatboy,4,Success,6,0,245.38,0.878,"[(73.0, 685.0), (120.3, 691.3), (200.3, 691.0), (279.3, 647.3), (269.7, 605.7), (215.0, 548.4), (244.3, 509.9), (300.7, 482.3), (226.0, 417.9), (223.3, 372.4), (294.0, 345.7), (374.0, 337.9), (454.0, 348.9), (482.3, 351.0), (413.0, 289.0), (421.0, 245.8), (496.0, 221.5), (575.9, 216.0), (655.7, 229.4), (683.0, 243.0)]",0,0,2.62
speedrunner,meatboy,4,Pit,23,0,239.87,1.0,"[(73.0, 685.0), (120.3, 687.1), (200.3, 682.4), (279.3, 691.3), (300.7, 665.2), (226.0, 600.8), (221.9, 573.4), (262.1, 575.8), (290.3, 571.5), (221.0, 509.5), (224.8, 478.5), (244.4, 478.5), (265.8, 497.4), (300.7, 520.0), (226.0, 455.6), (223.3, 412.5), (266.3, 405.5), (329.0, 417.3), (408.0, 435.9), (484.0, 435.3), (482.3, 399.5), (413.0, 337.5), (421.0, 321.8), (496.0, 328.9), (574.0, 339.0), (650.0, 339.9), (632.0, 294.7), (569.3, 235.1), (583.7, 205.2), (646.7, 205.3), (601.0, 156.4), (566.3, 103.8), (602.8, 84.8), (651.0, 89.5), (731.0, 113.1), (807.0, 115.3), (885.7, 73.2), (965.4, 33.9), (1045.1, 13.5), (1124.7, 11.9), (1202.4, 29.2), (1274.7, 65.3), (1341.7, 120.3), (1403.4, 194.1), (1459.7, 286.7), (1510.7, 398.2), (1556.4, 528.5), (1596.7, 677.7), (1631.7, 845.7)]",0,0,6.4
speedrunner,meatboy,4,Success,6,0,245.38,0.878,"[(73.0, 685.0), (120.3, 691.3), (200.3, 691.0), (279.3, 647.3), (269.7, 605.7), (215.0, 548.4), (244.3, 509.9), (300.7, 482.3), (226.0, 417.9), (223.3, 372.4), (294.0, 345.7), (374.0, 337.9), (454.0, 348.9), (482.3, 351.0), (413.0, 289.0), (421.0, 245.8), (496.0, 221.5), (575.9, 216.0), (655.7, 229.4), (683.0, 243.0)]",0,0,2.62
speedrunner,meatboy,4,Pit,23,0,239.87,1.0,"[(73.0, 685.0), (120.3, 687.1), (200.3, 682.4), (279.3, 691.3), (300.7, 665.2), (226.0, 600.8), (221.9, 573.4), (262.1, 575.8), (290.3, 571.5), (221.0, 509.5), (224.8, 478.5), (244.4, 478.5), (265.8, 497.4), (300.7, 520.0), (226.0, 455.6), (223.3, 412.5), (266.3, 405.5), (329.0, 417.3), (408.0, 435.9), (484.0, 435.3), (482.3, 399.5), (413.0, 337.5), (421.0, 321.8), (496.0, 328.9), (574.0, 339.0), (650.0, 339.9), (632.0, 294.7), (569.3, 235.1), (583.7, 205.2), (646.7, 205.3), (601.0, 156.4), (566.3, 103.8), (602.8, 84.8), (651.0, 89.5), (731.0, 113.1), (807.0, 115.3), (885.7, 73.2), (965.4, 33.9), (1045.1, 13.5), (1124.7, 11.9), (1202.4, 29.2), (1274.7, 65.3), (1341.7, 120.3), (1403.4, 194.1), (1459.7, 286.7), (1510.7, 398.2), (1556.4, 528.5), (1596.7, 677.7), (1631.7, 845.7)]",0,0,6.4
speedrunner,meatboy,4,Success,6,0,245.38,0.878,"[(73.0, 685.0), (120.3, 691.3), (200.3, 691.0), (279.3, 647.3), (269.7, 605.7), (215.0, 548.4), (244.3, 509.9), (300.7, 482.3), (226.0, 417.9), (223.3, 372.4), (294.0, 345.7), (374.0, 337.9), (454.0, 348.9), (482.3, 351.0), (413.0, 289.0), (421.0, 245.8), (496.0, 221.5), (575.9, 216.0), (655.7, 229.4), (683.0, 243.0)]",0,0,2.62
speedrunner,meatboy,4,Stuck,25,0,64.55,0.797,"[(73.0, 685.0), (120.3, 687.1), (200.3, 682.4), (279.3, 691.3), (300.7, 665.2), (226.0, 600.8), (221.9, 555.3), (274.8, 545.9), (269.7, 512.5), (215.0, 455.2), (235.8, 420.5), (265.5, 415.8), (289.8, 429.9), (310.3, 462.9), (240.0, 409.0), (216.0, 358.7), (256.1, 340.3), (326.4, 345.0), (405.5, 368.6), (482.6, 411.0), (451.3, 387.9), (406.0, 340.8), (446.0, 336.1), (482.3, 326.5), (413.0, 264.5), (419.6, 229.5), (461.9, 227.2), (526.9, 243.7), (606.8, 279.1), (663.0, 327.9), (663.0, 339.9), (663.0, 339.3), (663.0, 339.0), (663.0, 339.9), (663.0, 339.3), (663.0, 339.0), (663.0, 339.9), (663.0, 339.3), (663.0, 339.0), (663.0, 339.9), (663.0, 339.3), (663.0, 339.0), (663.0, 339.9), (663.0, 339.3), (663.0, 339.0), (663.0, 339.9), (663.0, 339.3), (663.0, 339.0), (663.0, 339.9), (663.0, 339.3), (663.0, 339.0), (663.0, 339.9), (663.0, 339.3), (663.0, 339.0), (663.0, 339.9), (663.0, 339.3), (663.0, 339.0), (663.0, 339.9), (663.0, 339.3), (663.0, 339.0), (663.0, 339.9), (663.0, 339.3), (663.0, 339.0), (663.0, 339.9), (663.0, 339.3), (663.0, 339.0)]",0,0,8.75
speedrunner,meatboy,4,Stuck,23,0,37.99,0.374,"[(73.0, 685.0), (102.2, 687.1), (165.3, 682.4), (244.1, 687.1), (300.7, 672.6), (226.0, 608.2), (220.5, 568.2), (269.2, 563.5), (311.0, 577.7), (311.0, 610.5), (311.0, 650.2), (311.0, 689.8), (311.0, 691.3), (311.0, 691.0), (311.0, 691.9), (311.0, 691.3), (311.0, 691.0), (311.0, 691.9), (311.0, 691.3), (311.0, 691.0), (311.0, 691.9), (311.0, 691.3), (311.0, 691.0), (311.0, 691.9), (311.0, 691.3), (311.0, 691.0), (311.0, 691.9), (311.0, 691.3), (311.0, 691.0), (311.0, 691.9), (311.0, 691.3), (311.0, 691.0), (311.0, 691.9), (311.0, 691.3), (311.0, 691.0), (311.0, 691.9), (311.0, 691.3), (311.0, 691.0), (311.0, 691.9), (311.0, 691.3), (311.0, 691.0), (311.0, 691.9), (311.0, 691.3), (311.0, 691.0), (311.0, 691.9)]",0,0,5.98
speedrunner,meatboy,4,Success,6,0,245.38,0.878,"[(73.0, 685.0), (120.3, 691.3), (200.3, 691.0), (279.3, 647.3), (269.7, 605.7), (215.0, 548.4), (244.3, 509.9), (300.7, 482.3), (226.0, 417.9), (223.3, 372.4), (294.0, 345.7), (374.0, 337.9), (454.0, 348.9), (482.3, 351.0), (413.0, 289.0), (421.0, 245.8), (496.0, 221.5), (575.9, 216.0), (655.7, 229.4), (683.0, 243.0)]",0,0,2.62
speedrunner,meatboy,4,Stuck,1,0,39.09,0.374,"[(73.0, 685.0), (83.2, 691.3), (103.9, 691.0), (135.2, 691.9), (177.2, 691.3), (211.2, 691.0), (246.6, 691.9), (283.2, 691.3), (311.0, 691.0), (311.0, 691.9), (311.0, 691.3), (311.0, 691.0), (311.0, 691.9), (311.0, 691.3), (311.0, 691.0), (311.0, 691.9), (311.0, 691.3), (311.0, 691.0), (311.0, 691.9), (311.0, 691.3), (311.0, 691.0), (311.0, 691.9), (311.0, 691.3), (311.0, 691.0), (311.0, 691.9), (311.0, 691.3), (311.0, 691.0), (311.0, 691.9), (311.0, 691.3), (311.0, 691.0), (311.0, 691.9), (311.0, 691.3), (311.0, 691.0), (311.0, 691.9), (311.0, 691.3), (311.0, 691.0), (311.0, 691.9), (311.0, 691.3), (311.0, 691.0), (311.0, 691.9), (311.0, 691.3), (311.0, 691.0), (311.0, 691.9), (311.0, 691.3), (311.0, 691.0)]",0,0,5.95
speedrunner,meatboy,4,Stuck,1,0,42.21,0.374,"[(73.0, 685.0), (120.3, 691.3), (198.3, 691.0), (274.3, 691.9), (311.0, 691.3), (311.0, 691.0), (311.0, 691.9), (311.0, 691.3), (311.0, 691.0), (311.0, 691.9), (311.0, 691.3), (311.0, 691.0), (311.0, 691.9), (311.0, 691.3), (311.0, 691.0), (311.0, 691.9), (311.0, 691.3), (311.0, 691.0), (311.0, 691.9), (311.0, 691.3), (311.0, 691.0), (311.0, 691.9), (311.0, 691.3), (311.0, 691.0), (311.0, 691.9), (311.0, 691.3), (311.0, 691.0), (311.0, 691.9), (311.0, 691.3), (311.0, 691.0), (311.0, 691.9), (311.0, 691.3), (311.0, 691.0), (311.0, 691.9), (311.0, 691.3), (311.0, 691.0), (311.0, 691.9), (311.0, 691.3), (311.0, 691.0), (311.0, 691.9), (311.0, 691.3)]",0,0,5.43
speedrunner,meatboy,4,Pit,23,0,239.87,1.0,"[(73.0, 685.0), (120.3, 687.1), (200.3, 682.4), (279.3, 691.3), (300.7, 665.2), (226.0, 600.8), (221.9, 573.4), (262.1, 575.8), (290.3, 571.5), (221.0, 509.5), (224.8, 478.5), (244.4, 478.5), (265.8, 497.4), (300.7, 520.0), (226.0, 455.6), (223.3, 412.5), (266.3, 405.5), (329.0, 417.3), (408.0, 435.9), (484.0, 435.3), (482.3, 399.5), (413.0, 337.5), (421.0, 321.8), (496.0, 328.9), (574.0, 339.0), (650.0, 339.9), (632.0, 294.7), (569.3, 235.1), (583.7, 205.2), (646.7, 205.3), (601.0, 156.4), (566.3, 103.8), (602.8, 84.8), (651.0, 89.5), (731.0, 113.1), (807.0, 115.3), (885.7, 73.2), (965.4, 33.9), (1045.1, 13.5), (1124.7, 11.9), (1202.4, 29.2), (1274.7, 65.3), (1341.7, 120.3), (1403.4, 194.1), (1459.7, 286.7), (1510.7, 398.2), (1556.4, 528.5), (1596.7, 677.7), (1631.7, 845.7)]",0,0,6.4
speedrunner,meatboy,4,Success,6,0,245.38,0.878,"[(73.0, 685.0), (120.3, 691.3), (200.3, 691.0), (279.3, 647.3), (269.7, 605.7), (215.0, 548.4), (244.3, 509.9), (300.7, 482.3), (226.0, 417.9), (223.3, 372.4), (294.0, 345.7), (374.0, 337.9), (454.0, 348.9), (482.3, 351.0), (413.0, 289.0), (421.0, 245.8), (496.0, 221.5), (575.9, 216.0), (655.7, 229.4), (683.0, 243.0)]",0,0,2.62
speedrunner,meatboy,4,Success,6,0,245.38,0.878,"[(73.0, 685.0), (120.3, 691.3), (200.3, 691.0), (279.3, 647.3), (269.7, 605.7), (215.0, 548.4), (244.3, 509.9), (300.7, 482.3), (226.0, 417.9), (223.3, 372.4), (294.0, 345.7), (374.0, 337.9), (454.0, 348.9), (482.3, 351.0), (413.0, 289.0), (421.0, 245.8), (496.0, 221.5), (575.9, 216.0), (655.7, 229.4), (683.0, 243.0)]",0,0,2.62
speedrunner,meatboy,4,Success,6,0,245.38,0.878,"[(73.0, 685.0), (120.3, 691.3), (200.3, 691.0), (279.3, 647.3), (269.7, 605.7), (215.0, 548.4), (244.3, 509.9), (300.7, 482.3), (226.0, 417.9), (223.3, 372.4), (294.0, 345.7), (374.0, 337.9), (454.0, 348.9), (482.3, 351.0), (413.0, 289.0), (421.0, 245.8), (496.0, 221.5), (575.9, 216.0), (655.7, 229.4), (683.0, 243.0)]",0,0,2.62
speedrunner,meatboy,4,Success,6,0,245.38,0.878,"[(73.0, 685.0), (120.3, 691.3), (200.3, 691.0), (279.3, 647.3), (269.7, 605.7), (215.0, 548.4), (244.3, 509.9), (300.7, 482.3), (226.0, 417.9), (223.3, 372.4), (294.0, 345.7), (374.0, 337.9), (454.0, 348.9), (482.3, 351.0), (413.0, 289.0), (421.0, 245.8), (496.0, 221.5), (575.9, 216.0), (655.7, 229.4), (683.0, 243.0)]",0,0,2.62
speedrunner,meatboy,4,Success,6,0,245.38,0.878,"[(73.0, 685.0), (120.3, 691.3), (200.3, 691.0), (279.3, 647.3), (269.7, 605.7), (215.0, 548.4), (244.3, 509.9), (300.7, 482.3), (226.0, 417.9), (223.3, 372.4), (294.0, 345.7), (374.0, 337.9), (454.0, 348.9), (482.3, 351.0), (413.0, 289.0), (421.0, 245.8), (496.0, 221.5), (575.9, 216.0), (655.7, 229.4), (683.0, 243.0)]",0,0,2.62
speedrunner,meatboy,4,Success,6,0,245.38,0.878,"[(73.0, 685.0), (120.3, 691.3), (200.3, 691.0), (279.3, 647.3), (269.7, 605.7), (215.0, 548.4), (244.3, 509.9), (300.7, 482.3), (226.0, 417.9), (223.3, 372.4), (294.0, 345.7), (374.0, 337.9), (454.0, 348.9), (482.3, 351.0), (413.0, 289.0), (421.0, 245.8), (496.0, 221.5), (575.9, 216.0), (655.7, 229.4), (683.0, 243.0)]",0,0,2.62
speedrunner,meatboy,4,Success,6,0,245.38,0.878,"[(73.0, 685.0), (120.3, 691.3), (200.3, 691.0), (279.3, 647.3), (269.7, 605.7), (215.0, 548.4), (244.3, 509.9), (300.7, 482.3), (226.0, 417.9), (223.3, 372.4), (294.0, 345.7), (374.0, 337.9), (454.0, 348.9), (482.3, 351.0), (413.0, 289.0), (421.0, 245.8), (496.0, 221.5), (575.9, 216.0), (655.7, 229.4), (683.0, 243.0)]",0,0,2.62
speedrunner,meatboy,4,Success,6,0,245.35,0.878,"[(73.0, 685.0), (120.3, 691.3), (200.3, 691.0), (279.3, 647.3), (269.7, 605.7), (215.0, 548.4), (244.3, 509.9), (300.7, 482.3), (226.0, 417.9), (223.3, 372.4), (294.0, 345.7), (374.0, 337.9), (454.0, 348.9), (482.3, 351.0), (413.0, 289.0), (421.0, 245.8), (496.0, 221.5), (575.9, 216.0), (655.6, 229.4), (683.0, 243.0)]",0,0,2.62
speedrunner,meatboy,4,Success,6,0,245.38,0.878,"[(73.0, 685.0), (120.3, 691.3), (200.3, 691.0), (279.3, 647.3), (269.7, 605.7), (215.0, 548.4), (244.3, 509.9), (300.7, 482.3), (226.0, 417.9), (223.3, 372.4), (294.0, 345.7), (374.0, 337.9), (454.0, 348.9), (482.3, 351.0), (413.0, 289.0), (421.0, 245.8), (496.0, 221.5), (575.9, 216.0), (655.7, 229.4), (683.0, 243.0)]",0,0,2.62
speedrunner,meatboy,4,Success,6,0,245.38,0.878,"[(73.0, 685.0), (120.3, 691.3), (200.3, 691.0), (279.3, 647.3), (269.7, 605.7), (215.0, 548.4), (244.3, 509.9), (300.7, 482.3), (226.0, 417.9), (223.3, 372.4), (294.0, 345.7), (374.0, 337.9), (454.0, 348.9), (482.3, 351.0), (413.0, 289.0), (421.0, 245.8), (496.0, 221.5), (575.9, 216.0), (655.7, 229.4), (683.0, 243.0)]",0,0,2.62
speedrunner,meatboy,4,Success,6,0,245.38,0.878,"[(73.0, 685.0), (120.3, 691.3), (200.3, 691.0), (279.3, 647.3), (269.7, 605.7), (215.0, 548.4), (244.3, 509.9), (300.7, 482.3), (226.0, 417.9), (223.3, 372.4), (294.0, 345.7), (374.0, 337.9), (454.0, 348.9), (482.3, 351.0), (413.0, 289.0), (421.0, 245.8), (496.0, 221.5), (575.9, 216.0), (655.7, 229.4), (683.0, 243.0)]",0,0,2.62
speedrunner,meatboy,4,Success,6,0,245.38,0.878,"[(73.0, 685.0), (120.3, 691.3), (200.3, 691.0), (279.3, 647.3), (269.7, 605.7), (215.0, 548.4), (244.3, 509.9), (300.7, 482.3), (226.0, 417.9), (223.3, 372.4), (294.0, 345.7), (374.0, 337.9), (454.0, 348.9), (482.3, 351.0), (413.0, 289.0), (421.0, 245.8), (496.0, 221.5), (575.9, 216.0), (655.7, 229.4), (683.0, 243.0)]",0,0,2.62
speedrunner,meatboy,4,Success,6,0,245.38,0.878,"[(73.0, 685.0), (120.3, 691.3), (200.3, 691.0), (279.3, 647.3), (269.7, 605.7), (215.0, 548.4), (244.3, 509.9), (300.7, 482.3), (226.0, 417.9), (223.3, 372.4), (294.0, 345.7), (374.0, 337.9), (454.0, 348.9), (482.3, 351.0), (413.0, 289.0), (421.0, 245.8), (496.0, 221.5), (575.9, 216.0), (655.7, 229.4), (683.0, 243.0)]",0,0,2.62
speedrunner,meatboy,4,Success,6,0,245.38,0.878,"[(73.0, 685.0), (120.3, 691.3), (200.3, 691.0), (279.3, 647.3), (269.7, 605.7), (215.0, 548.4), (244.3, 509.9), (300.7, 482.3), (226.0, 417.9), (223.3, 372.4), (294.0, 345.7), (374.0, 337.9), (454.0, 348.9), (482.3, 351.0), (413.0, 289.0), (421.0, 245.8), (496.0, 221.5), (575.9, 216.0), (655.7, 229.4), (683.0, 243.0)]",0,0,2.62
speedrunner,meatboy,4,Success,6,0,245.38,0.878,"[(73.0, 685.0), (120.3, 691.3), (200.3, 691.0), (279.3, 647.3), (269.7, 605.7), (215.0, 548.4), (244.3, 509.9), (300.7, 482.3), (226.0, 417.9), (223.3, 372.4), (294.0, 345.7), (374.0, 337.9), (454.0, 348.9), (482.3, 351.0), (413.0, 289.0), (421.0, 245.8), (496.0, 221.5), (575.9, 216.0), (655.7, 229.4), (683.0, 243.0)]",0,0,2.62
speedrunner,meatboy,4,Success,6,0,245.38,0.878,"[(73.0, 685.0), (120.3, 691.3), (200.3, 691.0), (279.3, 647.3), (269.7, 605.7), (215.0, 548.4), (244.3, 509.9), (300.7, 482.3), (226.0, 417.9), (223.3, 372.4), (294.0, 345.7), (374.0, 337.9), (454.0, 348.9), (482.3, 351.0), (413.0, 289.0), (421.0, 245.8), (496.0, 221.5), (575.9, 216.0), (655.7, 229.4), (683.0, 243.0)]",0,0,2.62
speedrunner,meatboy,4,Success,6,0,245.38,0.878,"[(73.0, 685.0), (120.3, 691.3), (200.3, 691.0), (279.3, 647.3), (269.7, 605.7), (215.0, 548.4), (244.3, 509.9), (300.7, 482.3), (226.0, 417.9), (223.3, 372.4), (294.0, 345.7), (374.0, 337.9), (454.0, 348.9), (482.3, 351.0), (413.0, 289.0), (421.0, 245.8), (496.0, 221.5), (575.9, 216.0), (655.7, 229.4), (683.0, 243.0)]",0,0,2.62
speedrunner,meatboy,4,Success,6,0,245.38,0.878,"[(73.0, 685.0), (120.3, 691.3), (200.3, 691.0), (279.3, 647.3), (269.7, 605.7), (215.0, 548.4), (244.3, 509.9), (300.7, 482.3), (226.0, 417.9), (223.3, 372.4), (294.0, 345.7), (374.0, 337.9), (454.0, 348.9), (482.3, 351.0), (413.0, 289.0), (421.0, 245.8), (496.0, 221.5), (575.9, 216.0), (655.7, 229.4), (683.0, 243.0)]",0,0,2.62
speedrunner,meatboy,4,Success,6,0,245.38,0.878,"[(73.0, 685.0), (120.3, 691.3), (200.3, 691.0), (279.3, 647.3), (269.7, 605.7), (215.0, 548.4), (244.3, 509.9), (300.7, 482.3), (226.0, 417.9), (223.3, 372.4), (294.0, 345.7), (374.0, 337.9), (454.0, 348.9), (482.3, 351.0), (413.0, 289.0), (421.0, 245.8), (496.0, 221.5), (575.9, 216.0), (655.7, 229.4), (683.0, 243.0)]",0,0,2.62
speedrunner,meatboy,4,Success,6,0,245.38,0.878,"[(73.0, 685.0), (120.3, 691.3), (200.3, 691.0), (279.3, 647.3), (269.7, 605.7), (215.0, 548.4), (244.3, 509.9), (300.7, 482.3), (226.0, 417.9), (223.3, 372.4), (294.0, 345.7), (374.0, 337.9), (454.0, 348.9), (482.3, 351.0), (413.0, 289.0), (421.0, 245.8), (496.0, 221.5), (575.9, 216.0), (655.7, 229.4), (683.0, 243.0)]",0,0,2.62
speedrunner,meatboy,4,Success,6,0,245.38,0.878,"[(73.0, 685.0), (120.3, 691.3), (200.3, 691.0), (279.3, 647.3), (269.7, 605.7), (215.0, 548.4), (244.3, 509.9), (300.7, 482.3), (226.0, 417.9), (223.3, 372.4), (294.0, 345.7), (374.0, 337.9), (454.0, 348.9), (482.3, 351.0), (413.0, 289.0), (421.0, 245.8), (496.0, 221.5), (575.9, 216.0), (655.7, 229.4), (683.0, 243.0)]",0,0,2.62
speedrunner,meatboy,4,Success,6,0,245.38,0.878,"[(73.0, 685.0), (120.3, 691.3), (200.3, 691.0), (279.3, 647.3), (269.7, 605.7), (215.0, 548.4), (244.3, 509.9), (300.7, 482.3), (226.0, 417.9), (223.3, 372.4), (294.0, 345.7), (374.0, 337.9), (454.0, 348.9), (482.3, 351.0), (413.0, 289.0), (421.0, 245.8), (496.0, 221.5), (575.9, 216.0), (655.7, 229.4), (683.0, 243.0)]",0,0,2.62
speedrunner,meatboy,4,Success,6,0,245.38,0.878,"[(73.0, 685.0), (120.3, 691.3), (200.3, 691.0), (279.3, 647.3), (269.7, 605.7), (215.0, 548.4), (244.3, 509.9), (300.7, 482.3), (226.0, 417.9), (223.3, 372.4), (294.0, 345.7), (374.0, 337.9), (454.0, 348.9), (482.3, 351.0), (413.0, 289.0), (421.0, 245.8), (496.0, 221.5), (575.9, 216.0), (655.7, 229.4), (683.0, 243.0)]",0,0,2.62
speedrunner,meatboy,4,Success,6,0,245.38,0.878,"[(73.0, 685.0), (120.3, 691.3), (200.3, 691.0), (279.3, 647.3), (269.7, 605.7), (215.0, 548.4), (244.3, 509.9), (300.7, 482.3), (226.0, 417.9), (223.3, 372.4), (294.0, 345.7), (374.0, 337.9), (454.0, 348.9), (482.3, 351.0), (413.0, 289.0), (421.0, 245.8), (496.0, 221.5), (575.9, 216.0), (655.7, 229.4), (683.0, 243.0)]",0,0,2.62
speedrunner,meatboy,4,Success,6,0,245.38,0.878,"[(73.0, 685.0), (120.3, 691.3), (200.3, 691.0), (279.3, 647.3), (269.7, 605.7), (215.0, 548.4), (244.3, 509.9), (300.7, 482.3), (226.0, 417.9), (223.3, 372.4), (294.0, 345.7), (374.0, 337.9), (454.0, 348.9), (482.3, 351.0), (413.0, 289.0), (421.0, 245.8), (496.0, 221.5), (575.9, 216.0), (655.7, 229.4), (683.0, 243.0)]",0,0,2.62
speedrunner,meatboy,4,Success,6,0,245.38,0.878,"[(73.0, 685.0), (120.3, 691.3), (200.3, 691.0), (279.3, 647.3), (269.7, 605.7), (215.0, 548.4), (244.3, 509.9), (300.7, 482.3), (226.0, 417.9), (223.3, 372.4), (294.0, 345.7), (374.0, 337.9), (454.0, 348.9), (482.3, 351.0), (413.0, 289.0), (421.0, 245.8), (496.0, 221.5), (575.9, 216.0), (655.7, 229.4), (683.0, 243.0)]",0,0,2.62
speedrunner,meatboy,4,Success,6,0,245.38,0.878,"[(73.0, 685.0), (120.3, 691.3), (200.3, 691.0), (279.3, 647.3), (269.7, 605.7), (215.0, 548.4), (244.3, 509.9), (300.7, 482.3), (226.0, 417.9), (223.3, 372.4), (294.0, 345.7), (374.0, 337.9), (454.0, 348.9), (482.3, 351.0), (413.0, 289.0), (421.0, 245.8), (496.0, 221.5), (575.9, 216.0), (655.7, 229.4), (683.0, 243.0)]",0,0,2.62
speedrunner,meatboy,4,Success,6,0,245.38,0.878,"[(73.0, 685.0), (120.3, 691.3), (200.3, 691.0), (279.3, 647.3), (269.7, 605.7), (215.0, 548.4), (244.3, 509.9), (300.7, 482.3), (226.0, 417.9), (223.3, 372.4), (294.0, 345.7), (374.0, 337.9), (454.0, 348.9), (482.3, 351.0), (413.0, 289.0), (421.0, 245.8), (496.0, 221.5), (575.9, 216.0), (655.7, 229.4), (683.0, 243.0)]",0,0,2.62
speedrunner,meatboy,4,Success,6,0,245.38,0.878,"[(73.0, 685.0), (120.3, 691.3), (200.3, 691.0), (279.3, 647.3), (269.7, 605.7), (215.0, 548.4), (244.3, 509.9), (300.7, 482.3), (226.0, 417.9), (223.3, 372.4), (294.0, 345.7), (374.0, 337.9), (454.0, 348.9), (482.3, 351.0), (413.0, 289.0), (421.0, 245.8), (496.0, 221.5), (575.9, 216.0), (655.7, 229.4), (683.0, 243.0)]",0,0,2.62
speedrunner,meatboy,4,Success,6,0,245.38,0.878,"[(73.0, 685.0), (120.3, 691.3), (200.3, 691.0), (279.3, 647.3), (269.7, 605.7), (215.0, 548.4), (244.3, 509.9), (300.7, 482.3), (226.0, 417.9), (223.3, 372.4), (294.0, 345.7), (374.0, 337.9), (454.0, 348.9), (482.3, 351.0), (413.0, 289.0), (421.0, 245.8), (496.0, 221.5), (575.9, 216.0), (655.7, 229.4), (683.0, 243.0)]",0,0,2.62
speedrunner,meatboy,4,Success,6,0,245.38,0.878,"[(73.0, 685.0), (120.3, 691.3), (200.3, 691.0), (279.3, 647.3), (269.7, 605.7), (215.0, 548.4), (244.3, 509.9), (300.7, 482.3), (226.0, 417.9), (223.3, 372.4), (294.0, 345.7), (374.0, 337.9), (454.0, 348.9), (482.3, 351.0), (413.0, 289.0), (421.0, 245.8), (496.0, 221.5), (575.9, 216.0), (655.7, 229.4), (683.0, 243.0)]",0,0,2.62
speedrunner,meatboy,4,Success,6,0,245.38,0.878,"[(73.0, 685.0), (120.3, 691.3), (200.3, 691.0), (279.3, 647.3), (269.7, 605.7), (215.0, 548.4), (244.3, 509.9), (300.7, 482.3), (226.0, 417.9), (223.3, 372.4), (294.0, 345.7), (374.0, 337.9), (454.0, 348.9), (482.3, 351.0), (413.0, 289.0), (421.0, 245.8), (496.0, 221.5), (575.9, 216.0), (655.7, 229.4), (683.0, 243.0)]",0,0,2.62
speedrunner,meatboy,4,Success,6,0,245.38,0.878,"[(73.0, 685.0), (120.3, 691.3), (200.3, 691.0), (279.3, 647.3), (269.7, 605.7), (215.0, 548.4), (244.3, 509.9), (300.7, 482.3), (226.0, 417.9), (223.3, 372.4), (294.0, 345.7), (374.0, 337.9), (454.0, 348.9), (482.3, 351.0), (413.0, 289.0), (421.0, 245.8), (496.0, 221.5), (575.9, 216.0), (655.7, 229.4), (683.0, 243.0)]",0,0,2.62
speedrunner,meatboy,4,Success,6,0,245.83,0.878,"[(73.0, 685.0), (120.3, 691.3), (200.3, 691.0), (280.3, 647.3), (269.7, 605.7), (215.0, 548.4), (244.3, 509.9), (300.7, 482.3), (226.0, 417.9), (223.3, 372.4), (294.0, 345.7), (374.0, 337.9), (454.0, 348.9), (482.3, 351.0), (413.0, 289.0), (421.0, 245.8), (496.0, 221.5), (576.0, 216.0), (655.8, 229.4), (683.0, 243.0)]",0,0,2.62
speedrunner,meatboy,4,Success,6,0,245.38,0.878,"[(73.0, 685.0), (120.3, 691.3), (200.3, 691.0), (279.3, 647.3), (269.7, 605.7), (215.0, 548.4), (244.3, 509.9), (300.7, 482.3), (226.0, 417.9), (223.3, 372.4), (294.0, 345.7), (374.0, 337.9), (454.0, 348.9), (482.3, 351.0), (413.0, 289.0), (421.0, 245.8), (496.0, 221.5), (575.9, 216.0), (655.7, 229.4), (683.0, 243.0)]",0,0,2.62
speedrunner,meatboy,4,Success,6,0,245.38,0.878,"[(73.0, 685.0), (120.3, 691.3), (200.3, 691.0), (279.3, 647.3), (269.7, 605.7), (215.0, 548.4), (244.3, 509.9), (300.7, 482.3), (226.0, 417.9), (223.3, 372.4), (294.0, 345.7), (374.0, 337.9), (454.0, 348.9), (482.3, 351.0), (413.0, 289.0), (421.0, 245.8), (496.0, 221.5), (575.9, 216.0), (655.7, 229.4), (683.0, 243.0)]",0,0,2.62
speedrunner,meatboy,4,Success,6,0,245.38,0.878,"[(73.0, 685.0), (120.3, 691.3), (200.3, 691.0), (279.3, 647.3), (269.7, 605.7), (215.0, 548.4), (244.3, 509.9), (300.7, 482.3), (226.0, 417.9), (223.3, 372.4), (294.0, 345.7), (374.0, 337.9), (454.0, 348.9), (482.3, 351.0), (413.0, 289.0), (421.0, 245.8), (496.0, 221.5), (575.9, 216.0), (655.7, 229.4), (683.0, 243.0)]",0,0,2.62
speedrunner,meatboy,4,Success,6,0,245.38,0.878,"[(73.0, 685.0), (120.3, 691.3), (200.3, 691.0), (279.3, 647.3), (269.7, 605.7), (215.0, 548.4), (244.3, 509.9), (300.7, 482.3), (226.0, 417.9), (223.3, 372.4), (294.0, 345.7), (374.0, 337.9), (454.0, 348.9), (482.3, 351.0), (413.0, 289.0), (421.0, 245.8), (496.0, 221.5), (575.9, 216.0), (655.7, 229.4), (683.0, 243.0)]",0,0,2.62
speedrunner,meatboy,4,Success,6,0,245.38,0.878,"[(73.0, 685.0), (120.3, 691.3), (200.3, 691.0), (279.3, 647.3), (269.7, 605.7), (215.0, 548.4), (244.3, 509.9), (300.7, 482.3), (226.0, 417.9), (223.3, 372.4), (294.0, 345.7), (374.0, 337.9), (454.0, 348.9), (482.3, 351.0), (413.0, 289.0), (421.0, 245.8), (496.0, 221.5), (575.9, 216.0), (655.7, 229.4), (683.0, 243.0)]",0,0,2.62
speedrunner,meatboy,4,Success,6,0,245.38,0.878,"[(73.0, 685.0), (120.3, 691.3), (200.3, 691.0), (279.3, 647.3), (269.7, 605.7), (215.0, 548.4), (244.3, 509.9), (300.7, 482.3), (226.0, 417.9), (223.3, 372.4), (294.0, 345.7), (374.0, 337.9), (454.0, 348.9), (482.3, 351.0), (413.0, 289.0), (421.0, 245.8), (496.0, 221.5), (575.9, 216.0), (655.7, 229.4), (683.0, 243.0)]",0,0,2.62
speedrunner,meatboy,4,Success,6,0,245.38,0.878,"[(73.0, 685.0), (120.3, 691.3), (200.3, 691.0), (279.3, 647.3), (269.7, 605.7), (215.0, 548.4), (244.3, 509.9), (300.7, 482.3), (226.0, 417.9), (223.3, 372.4), (294.0, 345.7), (374.0, 337.9), (454.0, 348.9), (482.3, 351.0), (413.0, 289.0), (421.0, 245.8), (496.0, 221.5), (575.9, 216.0), (655.7, 229.4), (683.0, 243.0)]",0,0,2.62
speedrunner,meatboy,4,Success,6,0,245.38,0.878,"[(73.0, 685.0), (120.3, 691.3), (200.3, 691.0), (279.3, 647.3), (269.7, 605.7), (215.0, 548.4), (244.3, 509.9), (300.7, 482.3), (226.0, 417.9), (223.3, 372.4), (294.0, 345.7), (374.0, 337.9), (454.0, 348.9), (482.3, 351.0), (413.0, 289.0), (421.0, 245.8), (496.0, 221.5), (575.9, 216.0), (655.7, 229.4), (683.0, 243.0)]",0,0,2.62
speedrunner,meatboy,4,Success,6,0,245.38,0.878,"[(73.0, 685.0), (120.3, 691.3), (200.3, 691.0), (279.3, 647.3), (269.7, 605.7), (215.0, 548.4), (244.3, 509.9), (300.7, 482.3), (226.0, 417.9), (223.3, 372.4), (294.0, 345.7), (374.0, 337.9), (454.0, 348.9), (482.3, 351.0), (413.0, 289.0), (421.0, 245.8), (496.0, 221.5), (575.9, 216.0), (655.7, 229.4), (683.0, 243.0)]",0,0,2.62
speedrunner,meatboy,4,Success,6,0,245.38,0.878,"[(73.0, 685.0), (120.3, 691.3), (200.3, 691.0), (279.3, 647.3), (269.7, 605.7), (215.0, 548.4), (244.3, 509.9), (300.7, 482.3), (226.0, 417.9), (223.3, 372.4), (294.0, 345.7), (374.0, 337.9), (454.0, 348.9), (482.3, 351.0), (413.0, 289.0), (421.0, 245.8), (496.0, 221.5), (575.9, 216.0), (655.7, 229.4), (683.0, 243.0)]",0,0,2.62
speedrunner,meatboy,4,Success,6,0,245.38,0.878,"[(73.0, 685.0), (120.3, 691.3), (200.3, 691.0), (279.3, 647.3), (269.7, 605.7), (215.0, 548.4), (244.3, 509.9), (300.7, 482.3), (226.0, 417.9), (223.3, 372.4), (294.0, 345.7), (374.0, 337.9), (454.0, 348.9), (482.3, 351.0), (413.0, 289.0), (421.0, 245.8), (496.0, 221.5), (575.9, 216.0), (655.7, 229.4), (683.0, 243.0)]",0,0,2.62
speedrunner,meatboy,4,Success,6,0,245.38,0.878,"[(73.0, 685.0), (120.3, 691.3), (200.3, 691.0), (279.3, 647.3), (269.7, 605.7), (215.0, 548.4), (244.3, 509.9), (300.7, 482.3), (226.0, 417.9), (223.3, 372.4), (294.0, 345.7), (374.0, 337.9), (454.0, 348.9), (482.3, 351.0), (413.0, 289.0), (421.0, 245.8), (496.0, 221.5), (575.9, 216.0), (655.7, 229.4), (683.0, 243.0)]",0,0,2.62
speedrunner,meatboy,4,Success,6,0,245.38,0.878,"[(73.0, 685.0), (120.3, 691.3), (200.3, 691.0), (279.3, 647.3), (269.7, 605.7), (215.0, 548.4), (244.3, 509.9), (300.7, 482.3), (226.0, 417.9), (223.3, 372.4), (294.0, 345.7), (374.0, 337.9), (454.0, 348.9), (482.3, 351.0), (413.0, 289.0), (421.0, 245.8), (496.0, 221.5), (575.9, 216.0), (655.7, 229.4), (683.0, 243.0)]",0,0,2.62
speedrunner,meatboy,4,Success,6,0,245.38,0.878,"[(73.0, 685.0), (120.3, 691.3), (200.3, 691.0), (279.3, 647.3), (269.7, 605.7), (215.0, 548.4), (244.3, 509.9), (300.7, 482.3), (226.0, 417.9), (223.3, 372.4), (294.0, 345.7), (374.0, 337.9), (454.0, 348.9), (482.3, 351.0), (413.0, 289.0), (421.0, 245.8), (496.0, 221.5), (575.9, 216.0), (655.7, 229.4), (683.0, 243.0)]",0,0,2.62
speedrunner,meatboy,4,Success,6,0,245.38,0.878,"[(73.0, 685.0), (120.3, 691.3), (200.3, 691.0), (279.3, 647.3), (269.7, 605.7), (215.0, 548.4), (244.3, 509.9), (300.7, 482.3), (226.0, 417.9), (223.3, 372.4), (294.0, 345.7), (374.0, 337.9), (454.0, 348.9), (482.3, 351.0), (413.0, 289.0), (421.0, 245.8), (496.0, 221.5), (575.9, 216.0), (655.7, 229.4), (683.0, 243.0)]",0,0,2.62
speedrunner,meatboy,4,Success,6,0,245.38,0.878,"[(73.0, 685.0), (120.3, 691.3), (200.3, 691.0), (279.3, 647.3), (269.7, 605.7), (215.0, 548.4), (244.3, 509.9), (300.7, 482.3), (226.0, 417.9), (223.3, 372.4), (294.0, 345.7), (374.0, 337.9), (454.0, 348.9), (482.3, 351.0), (413.0, 289.0), (421.0, 245.8), (496.0, 221.5), (575.9, 216.0), (655.7, 229.4), (683.0, 243.0)]",0,0,2.62
speedrunner,meatboy,4,Success,6,0,245.38,0.878,"[(73.0, 685.0), (120.3, 691.3), (200.3, 691.0), (279.3, 647.3), (269.7, 605.7), (215.0, 548.4), (244.3, 509.9), (300.7, 482.3), (226.0, 417.9), (223.3, 372.4), (294.0, 345.7), (374.0, 337.9), (454.0, 348.9), (482.3, 351.0), (413.0, 289.0), (421.0, 245.8), (496.0, 221.5), (575.9, 216.0), (655.7, 229.4), (683.0, 243.0)]",0,0,2.62
speedrunner,meatboy,4,Success,6,0,245.38,0.878,"[(73.0, 685.0), (120.3, 691.3), (200.3, 691.0), (279.3, 647.3), (269.7, 605.7), (215.0, 548.4), (244.3, 509.9), (300.7, 482.3), (226.0, 417.9), (223.3, 372.4), (294.0, 345.7), (374.0, 337.9), (454.0, 348.9), (482.3, 351.0), (413.0, 289.0), (421.0, 245.8), (496.0, 221.5), (575.9, 216.0), (655.7, 229.4), (683.0, 243.0)]",0,0,2.62
speedrunner,meatboy,4,Success,6,0,245.38,0.878,"[(73.0, 685.0), (120.3, 691.3), (200.3, 691.0), (279.3, 647.3), (269.7, 605.7), (215.0, 548.4), (244.3, 509.9), (300.7, 482.3), (226.0, 417.9), (223.3, 372.4), (294.0, 345.7), (374.0, 337.9), (454.0, 348.9), (482.3, 351.0), (413.0, 289.0), (421.0, 245.8), (496.0, 221.5), (575.9, 216.0), (655.7, 229.4), (683.0, 243.0)]",0,0,2.62
speedrunner,meatboy,4,Success,6,0,245.38,0.878,"[(73.0, 685.0), (120.3, 691.3), (200.3, 691.0), (279.3, 647.3), (269.7, 605.7), (215.0, 548.4), (244.3, 509.9), (300.7, 482.3), (226.0, 417.9), (223.3, 372.4), (294.0, 345.7), (374.0, 337.9), (454.0, 348.9), (482.3, 351.0), (413.0, 289.0), (421.0, 245.8), (496.0, 221.5), (575.9, 216.0), (655.7, 229.4), (683.0, 243.0)]",0,0,2.62
speedrunner,meatboy,4,Success,6,0,245.38,0.878,"[(73.0, 685.0), (120.3, 691.3), (200.3, 691.0), (279.3, 647.3), (269.7, 605.7), (215.0, 548.4), (244.3, 509.9), (300.7, 482.3), (226.0, 417.9), (223.3, 372.4), (294.0, 345.7), (374.0, 337.9), (454.0, 348.9), (482.3, 351.0), (413.0, 289.0), (421.0, 245.8), (496.0, 221.5), (575.9, 216.0), (655.7, 229.4), (683.0, 243.0)]",0,0,2.62
speedrunner,meatboy,4,Success,6,0,245.38,0.878,"[(73.0, 685.0), (120.3, 691.3), (200.3, 691.0), (279.3, 647.3), (269.7, 605.7), (215.0, 548.4), (244.3, 509.9), (300.7, 482.3), (226.0, 417.9), (223.3, 372.4), (294.0, 345.7), (374.0, 337.9), (454.0, 348.9), (482.3, 351.0), (413.0, 289.0), (421.0, 245.8), (496.0, 221.5), (575.9, 216.0), (655.7, 229.4), (683.0, 243.0)]",0,0,2.62
speedrunner,meatboy,4,Success,6,0,245.38,0.878,"[(73.0, 685.0), (120.3, 691.3), (200.3, 691.0), (279.3, 647.3), (269.7, 605.7), (215.0, 548.4), (244.3, 509.9), (300.7, 482.3), (226.0, 417.9), (223.3, 372.4), (294.0, 345.7), (374.0, 337.9), (454.0, 348.9), (482.3, 351.0), (413.0, 289.0), (421.0, 245.8), (496.0, 221.5), (575.9, 216.0), (655.7, 229.4), (683.0, 243.0)]",0,0,2.62
speedrunner,meatboy,4,Success,6,0,245.38,0.878,"[(73.0, 685.0), (120.3, 691.3), (200.3, 691.0), (279.3, 647.3), (269.7, 605.7), (215.0, 548.4), (244.3, 509.9), (300.7, 482.3), (226.0, 417.9), (223.3, 372.4), (294.0, 345.7), (374.0, 337.9), (454.0, 348.9), (482.3, 351.0), (413.0, 289.0), (421.0, 245.8), (496.0, 221.5), (575.9, 216.0), (655.7, 229.4), (683.0, 243.0)]",0,0,2.62
speedrunner,meatboy,4,Success,6,0,245.38,0.878,"[(73.0, 685.0), (120.3, 691.3), (200.3, 691.0), (279.3, 647.3), (269.7, 605.7), (215.0, 548.4), (244.3, 509.9), (300.7, 482.3), (226.0, 417.9), (223.3, 372.4), (294.0, 345.7), (374.0, 337.9), (454.0, 348.9), (482.3, 351.0), (413.0, 289.0), (421.0, 245.8), (496.0, 221.5), (575.9, 216.0), (655.7, 229.4), (683.0, 243.0)]",0,0,2.62
speedrunner,meatboy,4,Success,6,0,245.38,0.878,"[(73.0, 685.0), (120.3, 691.3), (200.3, 691.0), (279.3, 647.3), (269.7, 605.7), (215.0, 548.4), (244.3, 509.9), (300.7, 482.3), (226.0, 417.9), (223.3, 372.4), (294.0, 345.7), (374.0, 337.9), (454.0, 348.9), (482.3, 351.0), (413.0, 289.0), (421.0, 245.8), (496.0, 221.5), (575.9, 216.0), (655.7, 229.4), (683.0, 243.0)]",0,0,2.62
speedrunner,meatboy,4,Success,6,0,245.38,0.878,"[(73.0, 685.0), (120.3, 691.3), (200.3, 691.0), (279.3, 647.3), (269.7, 605.7), (215.0, 548.4), (244.3, 509.9), (300.7, 482.3), (226.0, 417.9), (223.3, 372.4), (294.0, 345.7), (374.0, 337.9), (454.0, 348.9), (482.3, 351.0), (413.0, 289.0), (421.0, 245.8), (496.0, 221.5), (575.9, 216.0), (655.7, 229.4), (683.0, 243.0)]",0,0,2.62
speedrunner,meatboy,4,Success,6,0,245.38,0.878,"[(73.0, 685.0), (120.3, 691.3), (200.3, 691.0), (279.3, 647.3), (269.7, 605.7), (215.0, 548.4), (244.3, 509.9), (300.7, 482.3), (226.0, 417.9), (223.3, 372.4), (294.0, 345.7), (374.0, 337.9), (454.0, 348.9), (482.3, 351.0), (413.0, 289.0), (421.0, 245.8), (496.0, 221.5), (575.9, 216.0), (655.7, 229.4), (683.0, 243.0)]",0,0,2.62
speedrunner,meatboy,4,Success,6,0,245.83,0.878,"[(73.0, 685.0), (120.3, 691.3), (200.3, 691.0), (280.3, 647.3), (269.7, 605.7), (215.0, 548.4), (244.3, 509.9), (300.7, 482.3), (226.0, 417.9), (223.3, 372.4), (294.0, 345.7), (374.0, 337.9), (454.0, 348.9), (482.3, 351.0), (413.0, 289.0), (421.0, 245.8), (496.0, 221.5), (576.0, 216.0), (655.8, 229.4), (683.0, 243.0)]",0,0,2.62
speedrunner,meatboy,4,Success,6,0,245.38,0.878,"[(73.0, 685.0), (120.3, 691.3), (200.3, 691.0), (279.3, 647.3), (269.7, 605.7), (215.0, 548.4), (244.3, 509.9), (300.7, 482.3), (226.0, 417.9), (223.3, 372.4), (294.0, 345.7), (374.0, 337.9), (454.0, 348.9), (482.3, 351.0), (413.0, 289.0), (421.0, 245.8), (496.0, 221.5), (575.9, 216.0), (655.7, 229.4), (683.0, 243.0)]",0,0,2.62
speedrunner,meatboy,4,Stuck,5,0,63.93,0.605,"[(73.0, 685.0), (120.3, 691.3), (200.3, 691.0), (279.3, 650.1), (269.7, 607.3), (215.0, 550.0), (244.3, 511.5), (300.7, 483.9), (226.0, 419.6), (223.3, 374.0), (294.0, 347.3), (374.0, 339.5), (454.0, 350.5), (503.0, 380.3), (503.0, 420.0), (503.0, 435.3), (503.0, 435.0), (503.0, 435.9), (503.0, 435.3), (503.0, 435.0), (503.0, 435.9), (503.0, 435.3), (503.0, 435.0), (503.0, 435.9), (503.0, 435.3), (503.0, 435.0), (503.0, 435.9), (503.0, 435.3), (503.0, 435.0), (503.0, 435.9), (503.0, 435.3), (503.0, 435.0), (503.0, 435.9), (503.0, 435.3), (503.0, 435.0), (503.0, 435.9), (503.0, 435.3), (503.0, 435.0), (503.0, 435.9), (503.0, 435.3), (503.0, 435.0), (503.0, 435.9), (503.0, 435.3), (503.0, 435.0), (503.0, 435.9), (503.0, 435.3), (503.0, 435.0), (503.0, 435.9), (503.0, 435.3), (503.0, 435.0)]",0,0,6.6
speedrunner,meatboy,4,Success,6,0,245.38,0.878,"[(73.0, 685.0), (120.3, 691.3), (200.3, 691.0), (279.3, 647.3), (269.7, 605.7), (215.0, 548.4), (244.3, 509.9), (300.7, 482.3), (226.0, 417.9), (223.3, 372.4), (294.0, 345.7), (374.0, 337.9), (454.0, 348.9), (482.3, 351.0), (413.0, 289.0), (421.0, 245.8), (496.0, 221.5), (575.9, 216.0), (655.7, 229.4), (683.0, 243.0)]",0,0,2.62
speedrunner,meatboy,4,Success,6,0,245.38,0.878,"[(73.0, 685.0), (120.3, 691.3), (200.3, 691.0), (279.3, 647.3), (269.7, 605.7), (215.0, 548.4), (244.3, 509.9), (300.7, 482.3), (226.0, 417.9), (223.3, 372.4), (294.0, 345.7), (374.0, 337.9), (454.0, 348.9), (482.3, 351.0), (413.0, 289.0), (421.0, 245.8), (496.0, 221.5), (575.9, 216.0), (655.7, 229.4), (683.0, 243.0)]",0,0,2.62
speedrunner,meatboy,4,Success,6,0,245.38,0.878,"[(73.0, 685.0), (120.3, 691.3), (200.3, 691.0), (279.3, 647.3), (269.7, 605.7), (215.0, 548.4), (244.3, 509.9), (300.7, 482.3), (226.0, 417.9), (223.3, 372.4), (294.0, 345.7), (374.0, 337.9), (454.0, 348.9), (482.3, 351.0), (413.0, 289.0), (421.0, 245.8), (496.0, 221.5), (575.9, 216.0), (655.7, 229.4), (683.0, 243.0)]",0,0,2.62
speedrunner,meatboy,4,Success,6,0,245.76,0.878,"[(73.0, 685.0), (120.3, 691.3), (200.3, 691.0), (280.3, 647.3), (269.7, 605.7), (215.0, 548.4), (244.3, 509.9), (300.7, 482.3), (226.0, 417.9), (223.3, 372.4), (294.0, 345.7), (374.0, 337.9), (454.0, 348.9), (482.3, 351.0), (413.0, 289.0), (421.0, 245.8), (496.0, 221.5), (575.9, 216.0), (655.7, 229.4), (683.0, 243.0)]",0,0,2.62
speedrunner,meatboy,4,Success,6,0,245.38,0.878,"[(73.0, 685.0), (120.3, 691.3), (200.3, 691.0), (279.3, 647.3), (269.7, 605.7), (215.0, 548.4), (244.3, 509.9), (300.7, 482.3), (226.0, 417.9), (223.3, 372.4), (294.0, 345.7), (374.0, 337.9), (454.0, 348.9), (482.3, 351.0), (413.0, 289.0), (421.0, 245.8), (496.0, 221.5), (575.9, 216.0), (655.7, 229.4), (683.0, 243.0)]",0,0,2.62
speedrunner,meatboy,4,Success,6,0,245.38,0.878,"[(73.0, 685.0), (120.3, 691.3), (200.3, 691.0), (279.3, 647.3), (269.7, 605.7), (215.0, 548.4), (244.3, 509.9), (300.7, 482.3), (226.0, 417.9), (223.3, 372.4), (294.0, 345.7), (374.0, 337.9), (454.0, 348.9), (482.3, 351.0), (413.0, 289.0), (421.0, 245.8), (496.0, 221.5), (575.9, 216.0), (655.7, 229.4), (683.0, 243.0)]",0,0,2.62
speedrunner,meatboy,4,Success,6,0,245.38,0.878,"[(73.0, 685.0), (120.3, 691.3), (200.3, 691.0), (279.3, 647.3), (269.7, 605.7), (215.0, 548.4), (244.3, 509.9), (300.7, 482.3), (226.0, 417.9), (223.3, 372.4), (294.0, 345.7), (374.0, 337.9), (454.0, 348.9), (482.3, 351.0), (413.0, 289.0), (421.0, 245.8), (496.0, 221.5), (575.9, 216.0), (655.7, 229.4), (683.0, 243.0)]",0,0,2.62
speedrunner,meatboy,4,Success,6,0,245.38,0.878,"[(73.0, 685.0), (120.3, 691.3), (200.3, 691.0), (279.3, 647.3), (269.7, 605.7), (215.0, 548.4), (244.3, 509.9), (300.7, 482.3), (226.0, 417.9), (223.3, 372.4), (294.0, 345.7), (374.0, 337.9), (454.0, 348.9), (482.3, 351.0), (413.0, 289.0), (421.0, 245.8), (496.0, 221.5), (575.9, 216.0), (655.7, 229.4), (683.0, 243.0)]",0,0,2.62
speedrunner,meatboy,4,Success,6,0,245.38,0.878,"[(73.0, 685.0), (120.3, 691.3), (200.3, 691.0), (279.3, 647.3), (269.7, 605.7), (215.0, 548.4), (244.3, 509.9), (300.7, 482.3), (226.0, 417.9), (223.3, 372.4), (294.0, 345.7), (374.0, 337.9), (454.0, 348.9), (482.3, 351.0), (413.0, 289.0), (421.0, 245.8), (496.0, 221.5), (575.9, 216.0), (655.7, 229.4), (683.0, 243.0)]",0,0,2.62
speedrunner,meatboy,4,Success,6,0,245.38,0.878,"[(73.0, 685.0), (120.3, 691.3), (200.3, 691.0), (279.3, 647.3), (269.7, 605.7), (215.0, 548.4), (244.3, 509.9), (300.7, 482.3), (226.0, 417.9), (223.3, 372.4), (294.0, 345.7), (374.0, 337.9), (454.0, 348.9), (482.3, 351.0), (413.0, 289.0), (421.0, 245.8), (496.0, 221.5), (575.9, 216.0), (655.7, 229.4), (683.0, 243.0)]",0,0,2.62
speedrunner,meatboy,4,Success,6,0,245.38,0.878,"[(73.0, 685.0), (120.3, 691.3), (200.3, 691.0), (279.3, 647.3), (269.7, 605.7), (215.0, 548.4), (244.3, 509.9), (300.7, 482.3), (226.0, 417.9), (223.3, 372.4), (294.0, 345.7), (374.0, 337.9), (454.0, 348.9), (482.3, 351.0), (413.0, 289.0), (421.0, 245.8), (496.0, 221.5), (575.9, 216.0), (655.7, 229.4), (683.0, 243.0)]",0,0,2.62
speedrunner,meatboy,4,Success,6,0,245.38,0.878,"[(73.0, 685.0), (120.3, 691.3), (200.3, 691.0), (279.3, 647.3), (269.7, 605.7), (215.0, 548.4), (244.3, 509.9), (300.7, 482.3), (226.0, 417.9), (223.3, 372.4), (294.0, 345.7), (374.0, 337.9), (454.0, 348.9), (482.3, 351.0), (413.0, 289.0), (421.0, 245.8), (496.0, 221.5), (575.9, 216.0), (655.7, 229.4), (683.0, 243.0)]",0,0,2.62
speedrunner,meatboy,4,Success,6,0,245.38,0.878,"[(73.0, 685.0), (120.3, 691.3), (200.3, 691.0), (279.3, 647.3), (269.7, 605.7), (215.0, 548.4), (244.3, 509.9), (300.7, 482.3), (226.0, 417.9), (223.3, 372.4), (294.0, 345.7), (374.0, 337.9), (454.0, 348.9), (482.3, 351.0), (413.0, 289.0), (421.0, 245.8), (496.0, 221.5), (575.9, 216.0), (655.7, 229.4), (683.0, 243.0)]",0,0,2.62
speedrunner,meatboy,4,Success,6,0,245.38,0.878,"[(73.0, 685.0), (120.3, 691.3), (200.3, 691.0), (279.3, 647.3), (269.7, 605.7), (215.0, 548.4), (244.3, 509.9), (300.7, 482.3), (226.0, 417.9), (223.3, 372.4), (294.0, 345.7), (374.0, 337.9), (454.0, 348.9), (482.3, 351.0), (413.0, 289.0), (421.0, 245.8), (496.0, 221.5), (575.9, 216.0), (655.7, 229.4), (683.0, 243.0)]",0,0,2.62
speedrunner,meatboy,4,Success,7,0,245.38,0.878,"[(73.0, 685.0), (120.3, 691.3), (200.3, 691.0), (279.3, 647.3), (269.7, 605.7), (215.0, 548.4), (244.3, 509.9), (300.7, 482.3), (226.0, 417.9), (223.3, 372.4), (294.0, 345.7), (374.0, 337.9), (454.0, 348.9), (482.3, 351.0), (413.0, 289.0), (421.0, 245.8), (496.0, 221.5), (575.9, 216.0), (655.7, 229.4), (683.0, 243.0)]",0,0,2.62
speedrunner,meatboy,4,Success,6,0,245.38,0.878,"[(73.0, 685.0), (120.3, 691.3), (200.3, 691.0), (279.3, 647.3), (269.7, 605.7), (215.0, 548.4), (244.3, 509.9), (300.7, 482.3), (226.0, 417.9), (223.3, 372.4), (294.0, 345.7), (374.0, 337.9), (454.0, 348.9), (482.3, 351.0), (413.0, 289.0), (421.0, 245.8), (496.0, 221.5), (575.9, 216.0), (655.7, 229.4), (683.0, 243.0)]",0,0,2.62
speedrunner,meatboy,4,Success,6,0,245.38,0.878,"[(73.0, 685.0), (120.3, 691.3), (200.3, 691.0), (279.3, 647.3), (269.7, 605.7), (215.0, 548.4), (244.3, 509.9), (300.7, 482.3), (226.0, 417.9), (223.3, 372.4), (294.0, 345.7), (374.0, 337.9), (454.0, 348.9), (482.3, 351.0), (413.0, 289.0), (421.0, 245.8), (496.0, 221.5), (575.9, 216.0), (655.7, 229.4), (683.0, 243.0)]",0,0,2.62
speedrunner,meatboy,4,Success,6,0,245.38,0.878,"[(73.0, 685.0), (120.3, 691.3), (200.3, 691.0), (279.3, 647.3), (269.7, 605.7), (215.0, 548.4), (244.3, 509.9), (300.7, 482.3), (226.0, 417.9), (223.3, 372.4), (294.0, 345.7), (374.0, 337.9), (454.0, 348.9), (482.3, 351.0), (413.0, 289.0), (421.0, 245.8), (496.0, 221.5), (575.9, 216.0), (655.7, 229.4), (683.0, 243.0)]",0,0,2.62
speedrunner,meatboy,4,Success,6,0,245.38,0.878,"[(73.0, 685.0), (120.3, 691.3), (200.3, 691.0), (279.3, 647.3), (269.7, 605.7), (215.0, 548.4), (244.3, 509.9), (300.7, 482.3), (226.0, 417.9), (223.3, 372.4), (294.0, 345.7), (374.0, 337.9), (454.0, 348.9), (482.3, 351.0), (413.0, 289.0), (421.0, 245.8), (496.0, 221.5), (575.9, 216.0), (655.7, 229.4), (683.0, 243.0)]",0,0,2.62
speedrunner,meatboy,4,Success,6,0,245.38,0.878,"[(73.0, 685.0), (120.3, 691.3), (200.3, 691.0), (279.3, 647.3), (269.7, 605.7), (215.0, 548.4), (244.3, 509.9), (300.7, 482.3), (226.0, 417.9), (223.3, 372.4), (294.0, 345.7), (374.0, 337.9), (454.0, 348.9), (482.3, 351.0), (413.0, 289.0), (421.0, 245.8), (496.0, 221.5), (575.9, 216.0), (655.7, 229.4), (683.0, 243.0)]",0,0,2.62
speedrunner,meatboy,4,Stuck,6,0,43.4,0.374,"[(73.0, 685.0), (120.3, 691.3), (200.3, 691.0), (278.2, 676.2), (311.0, 676.3), (311.0, 691.0), (311.0, 691.9), (311.0, 691.3), (311.0, 691.0), (311.0, 691.9), (311.0, 691.3), (311.0, 691.0), (311.0, 691.9), (311.0, 691.3), (311.0, 691.0), (311.0, 691.9), (311.0, 691.3), (311.0, 691.0), (311.0, 691.9), (311.0, 691.3), (311.0, 691.0), (311.0, 691.9), (311.0, 691.3), (311.0, 691.0), (311.0, 691.9), (311.0, 691.3), (311.0, 691.0), (311.0, 691.9), (311.0, 691.3), (311.0, 691.0), (311.0, 691.9), (311.0, 691.3), (311.0, 691.0), (311.0, 691.9), (311.0, 691.3), (311.0, 691.0), (311.0, 691.9), (311.0, 691.3), (311.0, 691.0), (311.0, 691.9), (311.0, 691.3)]",0,0,5.42
speedrunner,meatboy,4,Success,6,0,245.38,0.878,"[(73.0, 685.0), (120.3, 691.3), (200.3, 691.0), (279.3, 647.3), (269.7, 605.7), (215.0, 548.4), (244.3, 509.9), (300.7, 482.3), (226.0, 417.9), (223.3, 372.4), (294.0, 345.7), (374.0, 337.9), (454.0, 348.9), (482.3, 351.0), (413.0, 289.0), (421.0, 245.8), (496.0, 221.5), (575.9, 216.0), (655.7, 229.4), (683.0, 243.0)]",0,0,2.62
speedrunner,meatboy,4,Success,6,0,245.38,0.878,"[(73.0, 685.0), (120.3, 691.3), (200.3, 691.0), (279.3, 647.3), (269.7, 605.7), (215.0, 548.4), (244.3, 509.9), (300.7, 482.3), (226.0, 417.9), (223.3, 372.4), (294.0, 345.7), (374.0, 337.9), (454.0, 348.9), (482.3, 351.0), (413.0, 289.0), (421.0, 245.8), (496.0, 221.5), (575.9, 216.0), (655.7, 229.4), (683.0, 243.0)]",0,0,2.62
speedrunner,meatboy,4,Success,6,0,245.38,0.878,"[(73.0, 685.0), (120.3, 691.3), (200.3, 691.0), (279.3, 647.3), (269.7, 605.7), (215.0, 548.4), (244.3, 509.9), (300.7, 482.3), (226.0, 417.9), (223.3, 372.4), (294.0, 345.7), (374.0, 337.9), (454.0, 348.9), (482.3, 351.0), (413.0, 289.0), (421.0, 245.8), (496.0, 221.5), (575.9, 216.0), (655.7, 229.4), (683.0, 243.0)]",0,0,2.62
speedrunner,meatboy,4,Success,6,0,245.38,0.878,"[(73.0, 685.0), (120.3, 691.3), (200.3, 691.0), (279.3, 647.3), (269.7, 605.7), (215.0, 548.4), (244.3, 509.9), (300.7, 482.3), (226.0, 417.9), (223.3, 372.4), (294.0, 345.7), (374.0, 337.9), (454.0, 348.9), (482.3, 351.0), (413.0, 289.0), (421.0, 245.8), (496.0, 221.5), (575.9, 216.0), (655.7, 229.4), (683.0, 243.0)]",0,0,2.62
speedrunner,meatboy,4,Success,6,0,245.38,0.878,"[(73.0, 685.0), (120.3, 691.3), (200.3, 691.0), (279.3, 647.3), (269.7, 605.7), (215.0, 548.4), (244.3, 509.9), (300.7, 482.3), (226.0, 417.9), (223.3, 372.4), (294.0, 345.7), (374.0, 337.9), (454.0, 348.9), (482.3, 351.0), (413.0, 289.0), (421.0, 245.8), (496.0, 221.5), (575.9, 216.0), (655.7, 229.4), (683.0, 243.0)]",0,0,2.62
speedrunner,meatboy,4,Success,6,0,245.38,0.878,"[(73.0, 685.0), (120.3, 691.3), (200.3, 691.0), (279.3, 647.3), (269.7, 605.7), (215.0, 548.4), (244.3, 509.9), (300.7, 482.3), (226.0, 417.9), (223.3, 372.4), (294.0, 345.7), (374.0, 337.9), (454.0, 348.9), (482.3, 351.0), (413.0, 289.0), (421.0, 245.8), (496.0, 221.5), (575.9, 216.0), (655.7, 229.4), (683.0, 243.0)]",0,0,2.62
speedrunner,meatboy,4,Success,6,0,245.38,0.878,"[(73.0, 685.0), (120.3, 691.3), (200.3, 691.0), (279.3, 647.3), (269.7, 605.7), (215.0, 548.4), (244.3, 509.9), (300.7, 482.3), (226.0, 417.9), (223.3, 372.4), (294.0, 345.7), (374.0, 337.9), (454.0, 348.9), (482.3, 351.0), (413.0, 289.0), (421.0, 245.8), (496.0, 221.5), (575.9, 216.0), (655.7, 229.4), (683.0, 243.0)]",0,0,2.62
speedrunner,meatboy,4,Success,6,0,245.38,0.878,"[(73.0, 685.0), (120.3, 691.3), (200.3, 691.0), (279.3, 647.3), (269.7, 605.7), (215.0, 548.4), (244.3, 509.9), (300.7, 482.3), (226.0, 417.9), (223.3, 372.4), (294.0, 345.7), (374.0, 337.9), (454.0, 348.9), (482.3, 351.0), (413.0, 289.0), (421.0, 245.8), (496.0, 221.5), (575.9, 216.0), (655.7, 229.4), (683.0, 243.0)]",0,0,2.62
speedrunner,meatboy,4,Success,6,0,245.38,0.878,"[(73.0, 685.0), (120.3, 691.3), (200.3, 691.0), (279.3, 647.3), (269.7, 605.7), (215.0, 548.4), (244.3, 509.9), (300.7, 482.3), (226.0, 417.9), (223.3, 372.4), (294.0, 345.7), (374.0, 337.9), (454.0, 348.9), (482.3, 351.0), (413.0, 289.0), (421.0, 245.8), (496.0, 221.5), (575.9, 216.0), (655.7, 229.4), (683.0, 243.0)]",0,0,2.62
speedrunner,meatboy,4,Success,6,0,245.83,0.878,"[(73.0, 685.0), (120.3, 691.3), (200.3, 691.0), (280.3, 647.3), (269.7, 605.7), (215.0, 548.4), (244.3, 509.9), (300.7, 482.3), (226.0, 417.9), (223.3, 372.4), (294.0, 345.7), (374.0, 337.9), (454.0, 348.9), (482.3, 351.0), (413.0, 289.0), (421.0, 245.8), (496.0, 221.5), (576.0, 216.0), (655.8, 229.4), (683.0, 243.0)]",0,0,2.62
speedrunner,meatboy,4,Success,6,0,245.38,0.878,"[(73.0, 685.0), (120.3, 691.3), (200.3, 691.0), (279.3, 647.3), (269.7, 605.7), (215.0, 548.4), (244.3, 509.9), (300.7, 482.3), (226.0, 417.9), (223.3, 372.4), (294.0, 345.7), (374.0, 337.9), (454.0, 348.9), (482.3, 351.0), (413.0, 289.0), (421.0, 245.8), (496.0, 221.5), (575.9, 216.0), (655.7, 229.4), (683.0, 243.0)]",0,0,2.62
speedrunner,meatboy,4,Success,6,0,245.38,0.878,"[(73.0, 685.0), (120.3, 691.3), (200.3, 691.0), (279.3, 647.3), (269.7, 605.7), (215.0, 548.4), (244.3, 509.9), (300.7, 482.3), (226.0, 417.9), (223.3, 372.4), (294.0, 345.7), (374.0, 337.9), (454.0, 348.9), (482.3, 351.0), (413.0, 289.0), (421.0, 245.8), (496.0, 221.5), (575.9, 216.0), (655.7, 229.4), (683.0, 243.0)]",0,0,2.62
speedrunner,meatboy,4,Success,6,0,245.38,0.878,"[(73.0, 685.0), (120.3, 691.3), (200.3, 691.0), (279.3, 647.3), (269.7, 605.7), (215.0, 548.4), (244.3, 509.9), (300.7, 482.3), (226.0, 417.9), (223.3, 372.4), (294.0, 345.7), (374.0, 337.9), (454.0, 348.9), (482.3, 351.0), (413.0, 289.0), (421.0, 245.8), (496.0, 221.5), (575.9, 216.0), (655.7, 229.4), (683.0, 243.0)]",0,0,2.62
speedrunner,meatboy,4,Success,6,0,245.38,0.878,"[(73.0, 685.0), (120.3, 691.3), (200.3, 691.0), (279.3, 647.3), (269.7, 605.7), (215.0, 548.4), (244.3, 509.9), (300.7, 482.3), (226.0, 417.9), (223.3, 372.4), (294.0, 345.7), (374.0, 337.9), (454.0, 348.9), (482.3, 351.0), (413.0, 289.0), (421.0, 245.8), (496.0, 221.5), (575.9, 216.0), (655.7, 229.4), (683.0, 243.0)]",0,0,2.62
speedrunner,meatboy,4,Success,6,0,245.38,0.878,"[(73.0, 685.0), (120.3, 691.3), (200.3, 691.0), (279.3, 647.3), (269.7, 605.7), (215.0, 548.4), (244.3, 509.9), (300.7, 482.3), (226.0, 417.9), (223.3, 372.4), (294.0, 345.7), (374.0, 337.9), (454.0, 348.9), (482.3, 351.0), (413.0, 289.0), (421.0, 245.8), (496.0, 221.5), (575.9, 216.0), (655.7, 229.4), (683.0, 243.0)]",0,0,2.62
speedrunner,meatboy,4,Success,7,0,245.38,0.878,"[(73.0, 685.0), (120.3, 691.3), (200.3, 691.0), (279.3, 647.3), (269.7, 605.7), (215.0, 548.4), (244.3, 509.9), (300.7, 482.3), (226.0, 417.9), (223.3, 372.4), (294.0, 345.7), (374.0, 337.9), (454.0, 348.9), (482.3, 351.0), (413.0, 289.0), (421.0, 245.8), (496.0, 221.5), (575.9, 216.0), (655.7, 229.4), (683.0, 243.0)]",0,0,2.62
speedrunner,meatboy,4,Success,6,0,245.38,0.878,"[(73.0, 685.0), (120.3, 691.3), (200.3, 691.0), (279.3, 647.3), (269.7, 605.7), (215.0, 548.4), (244.3, 509.9), (300.7, 482.3), (226.0, 417.9), (223.3, 372.4), (294.0, 345.7), (374.0, 337.9), (454.0, 348.9), (482.3, 351.0), (413.0, 289.0), (421.0, 245.8), (496.0, 221.5), (575.9, 216.0), (655.7, 229.4), (683.0, 243.0)]",0,0,2.62
speedrunner,meatboy,4,Success,6,0,245.38,0.878,"[(73.0, 685.0), (120.3, 691.3), (200.3, 691.0), (279.3, 647.3), (269.7, 605.7), (215.0, 548.4), (244.3, 509.9), (300.7, 482.3), (226.0, 417.9), (223.3, 372.4), (294.0, 345.7), (374.0, 337.9), (454.0, 348.9), (482.3, 351.0), (413.0, 289.0), (421.0, 245.8), (496.0, 221.5), (575.9, 216.0), (655.7, 229.4), (683.0, 243.0)]",0,0,2.62
speedrunner,meatboy,4,Success,6,0,245.38,0.878,"[(73.0, 685.0), (120.3, 691.3), (200.3, 691.0), (279.3, 647.3), (269.7, 605.7), (215.0, 548.4), (244.3, 509.9), (300.7, 482.3), (226.0, 417.9), (223.3, 372.4), (294.0, 345.7), (374.0, 337.9), (454.0, 348.9), (482.3, 351.0), (413.0, 289.0), (421.0, 245.8), (496.0, 221.5), (575.9, 216.0), (655.7, 229.4), (683.0, 243.0)]",0,0,2.62
speedrunner,meatboy,4,Success,6,0,245.73,0.878,"[(73.0, 685.0), (120.3, 691.3), (200.3, 691.0), (280.3, 647.3), (269.7, 605.7), (215.0, 548.4), (244.3, 509.9), (300.7, 482.3), (226.0, 417.9), (223.3, 372.4), (294.0, 345.7), (374.0, 337.9), (454.0, 348.9), (482.3, 351.0), (413.0, 289.0), (421.0, 245.8), (496.0, 221.5), (575.9, 216.0), (655.6, 229.4), (683.0, 243.0)]",0,0,2.62
speedrunner,meatboy,4,Success,6,0,245.38,0.878,"[(73.0, 685.0), (120.3, 691.3), (200.3, 691.0), (279.3, 647.3), (269.7, 605.7), (215.0, 548.4), (244.3, 509.9), (300.7, 482.3), (226.0, 417.9), (223.3, 372.4), (294.0, 345.7), (374.0, 337.9), (454.0, 348.9), (482.3, 351.0), (413.0, 289.0), (421.0, 245.8), (496.0, 221.5), (575.9, 216.0), (655.7, 229.4), (683.0, 243.0)]",0,0,2.62
speedrunner,meatboy,4,Success,6,0,245.38,0.878,"[(73.0, 685.0), (120.3, 691.3), (200.3, 691.0), (279.3, 647.3), (269.7, 605.7), (215.0, 548.4), (244.3, 509.9), (300.7, 482.3), (226.0, 417.9), (223.3, 372.4), (294.0, 345.7), (374.0, 337.9), (454.0, 348.9), (482.3, 351.0), (413.0, 289.0), (421.0, 245.8), (496.0, 221.5), (575.9, 216.0), (655.7, 229.4), (683.0, 243.0)]",0,0,2.62
speedrunner,meatboy,4,Success,6,0,245.83,0.878,"[(73.0, 685.0), (120.3, 691.3), (200.3, 691.0), (280.3, 647.3), (269.7, 605.7), (215.0, 548.4), (244.3, 509.9), (300.7, 482.3), (226.0, 417.9), (223.3, 372.4), (294.0, 345.7), (374.0, 337.9), (454.0, 348.9), (482.3, 351.0), (413.0, 289.0), (421.0, 245.8), (496.0, 221.5), (576.0, 216.0), (655.8, 229.4), (683.0, 243.0)]",0,0,2.62
speedrunner,meatboy,4,Success,6,0,245.83,0.878,"[(73.0, 685.0), (120.3, 691.3), (200.3, 691.0), (280.3, 647.3), (269.7, 605.7), (215.0, 548.4), (244.3, 509.9), (300.7, 482.3), (226.0, 417.9), (223.3, 372.4), (294.0, 345.7), (374.0, 337.9), (454.0, 348.9), (482.3, 351.0), (413.0, 289.0), (421.0, 245.8), (496.0, 221.5), (576.0, 216.0), (655.8, 229.4), (683.0, 243.0)]",0,0,2.62
speedrunner,meatboy,4,Success,6,0,245.38,0.878,"[(73.0, 685.0), (120.3, 691.3), (200.3, 691.0), (279.3, 647.3), (269.7, 605.7), (215.0, 548.4), (244.3, 509.9), (300.7, 482.3), (226.0, 417.9), (223.3, 372.4), (294.0, 345.7), (374.0, 337.9), (454.0, 348.9), (482.3, 351.0), (413.0, 289.0), (421.0, 245.8), (496.0, 221.5), (575.9, 216.0), (655.7, 229.4), (683.0, 243.0)]",0,0,2.62
speedrunner,meatboy,4,Success,6,0,245.38,0.878,"[(73.0, 685.0), (120.3, 691.3), (200.3, 691.0), (279.3, 647.3), (269.7, 605.7), (215.0, 548.4), (244.3, 509.9), (300.7, 482.3), (226.0, 417.9), (223.3, 372.4), (294.0, 345.7), (374.0, 337.9), (454.0, 348.9), (482.3, 351.0), (413.0, 289.0), (421.0, 245.8), (496.0, 221.5), (575.9, 216.0), (655.7, 229.4), (683.0, 243.0)]",0,0,2.62
speedrunner,meatboy,4,Success,6,0,245.38,0.878,"[(73.0, 685.0), (120.3, 691.3), (200.3, 691.0), (279.3, 647.3), (269.7, 605.7), (215.0, 548.4), (244.3, 509.9), (300.7, 482.3), (226.0, 417.9), (223.3, 372.4), (294.0, 345.7), (374.0, 337.9), (454.0, 348.9), (482.3, 351.0), (413.0, 289.0), (421.0, 245.8), (496.0, 221.5), (575.9, 216.0), (655.7, 229.4), (683.0, 243.0)]",0,0,2.62
speedrunner,meatboy,4,Success,6,0,245.38,0.878,"[(73.0, 685.0), (120.3, 691.3), (200.3, 691.0), (279.3, 647.3), (269.7, 605.7), (215.0, 548.4), (244.3, 509.9), (300.7, 482.3), (226.0, 417.9), (223.3, 372.4), (294.0, 345.7), (374.0, 337.9), (454.0, 348.9), (482.3, 351.0), (413.0, 289.0), (421.0, 245.8), (496.0, 221.5), (575.9, 216.0), (655.7, 229.4), (683.0, 243.0)]",0,0,2.62
speedrunner,meatboy,4,Success,6,0,245.38,0.878,"[(73.0, 685.0), (120.3, 691.3), (200.3, 691.0), (279.3, 647.3), (269.7, 605.7), (215.0, 548.4), (244.3, 509.9), (300.7, 482.3), (226.0, 417.9), (223.3, 372.4), (294.0, 345.7), (374.0, 337.9), (454.0, 348.9), (482.3, 351.0), (413.0, 289.0), (421.0, 245.8), (496.0, 221.5), (575.9, 216.0), (655.7, 229.4), (683.0, 243.0)]",0,0,2.62
speedrunner,meatboy,4,Success,6,0,245.38,0.878,"[(73.0, 685.0), (120.3, 691.3), (200.3, 691.0), (279.3, 647.3), (269.7, 605.7), (215.0, 548.4), (244.3, 509.9), (300.7, 482.3), (226.0, 417.9), (223.3, 372.4), (294.0, 345.7), (374.0, 337.9), (454.0, 348.9), (482.3, 351.0), (413.0, 289.0), (421.0, 245.8), (496.0, 221.5), (575.9, 216.0), (655.7, 229.4), (683.0, 243.0)]",0,0,2.62
speedrunner,meatboy,4,Success,6,0,248.48,0.878,"[(73.0, 685.0), (120.3, 691.3), (200.3, 691.0), (279.3, 651.6), (269.7, 611.2), (215.0, 553.9), (244.3, 515.4), (300.7, 487.8), (226.0, 423.4), (223.3, 377.9), (294.0, 351.2), (374.0, 343.4), (454.0, 354.4), (482.3, 356.5), (413.0, 294.5), (421.0, 251.3), (496.0, 227.0), (575.8, 221.5), (655.7, 234.9), (700.3, 243.9)]",0,0,2.58
speedrunner,meatboy,4,Success,6,0,245.38,0.878,"[(73.0, 685.0), (120.3, 691.3), (200.3, 691.0), (279.3, 647.3), (269.7, 605.7), (215.0, 548.4), (244.3, 509.9), (300.7, 482.3), (226.0, 417.9), (223.3, 372.4), (294.0, 345.7), (374.0, 337.9), (454.0, 348.9), (482.3, 351.0), (413.0, 289.0), (421.0, 245.8), (496.0, 221.5), (575.9, 216.0), (655.7, 229.4), (683.0, 243.0)]",0,0,2.62
speedrunner,meatboy,4,Success,6,0,245.38,0.878,"[(73.0, 685.0), (120.3, 691.3), (200.3, 691.0), (279.3, 647.3), (269.7, 605.7), (215.0, 548.4), (244.3, 509.9), (300.7, 482.3), (226.0, 417.9), (223.3, 372.4), (294.0, 345.7), (374.0, 337.9), (454.0, 348.9), (482.3, 351.0), (413.0, 289.0), (421.0, 245.8), (496.0, 221.5), (575.9, 216.0), (655.7, 229.4), (683.0, 243.0)]",0,0,2.62
speedrunner,meatboy,4,Success,7,0,245.38,0.878,"[(73.0, 685.0), (120.3, 691.3), (200.3, 691.0), (279.3, 647.3), (269.7, 605.7), (215.0, 548.4), (244.3, 509.9), (300.7, 482.3), (226.0, 417.9), (223.3, 372.4), (294.0, 345.7), (374.0, 337.9), (454.0, 348.9), (482.3, 351.0), (413.0, 289.0), (421.0, 245.8), (496.0, 221.5), (575.9, 216.0), (655.7, 229.4), (683.0, 243.0)]",0,0,2.62
speedrunner,meatboy,4,Success,7,0,245.38,0.878,"[(73.0, 685.0), (120.3, 691.3), (200.3, 691.0), (279.3, 647.3), (269.7, 605.7), (215.0, 548.4), (244.3, 509.9), (300.7, 482.3), (226.0, 417.9), (223.3, 372.4), (294.0, 345.7), (374.0, 337.9), (454.0, 348.9), (482.3, 351.0), (413.0, 289.0), (421.0, 245.8), (496.0, 221.5), (575.9, 216.0), (655.7, 229.4), (683.0, 243.0)]",0,0,2.62
speedrunner,meatboy,4,Success,7,0,245.38,0.878,"[(73.0, 685.0), (120.3, 691.3), (200.3, 691.0), (279.3, 647.3), (269.7, 605.7), (215.0, 548.4), (244.3, 509.9), (300.7, 482.3), (226.0, 417.9), (223.3, 372.4), (294.0, 345.7), (374.0, 337.9), (454.0, 348.9), (482.3, 351.0), (413.0, 289.0), (421.0, 245.8), (496.0, 221.5), (575.9, 216.0), (655.7, 229.4), (683.0, 243.0)]",0,0,2.62
speedrunner,meatboy,4,Success,6,0,245.38,0.878,"[(73.0, 685.0), (120.3, 691.3), (200.3, 691.0), (279.3, 647.3), (269.7, 605.7), (215.0, 548.4), (244.3, 509.9), (300.7, 482.3), (226.0, 417.9), (223.3, 372.4), (294.0, 345.7), (374.0, 337.9), (454.0, 348.9), (482.3, 351.0), (413.0, 289.0), (421.0, 245.8), (496.0, 221.5), (575.9, 216.0), (655.7, 229.4), (683.0, 243.0)]",0,0,2.62
speedrunner,meatboy,4,Success,6,0,245.38,0.878,"[(73.0, 685.0), (120.3, 691.3), (200.3, 691.0), (279.3, 647.3), (269.7, 605.7), (215.0, 548.4), (244.3, 509.9), (300.7, 482.3), (226.0, 417.9), (223.3, 372.4), (294.0, 345.7), (374.0, 337.9), (454.0, 348.9), (482.3, 351.0), (413.0, 289.0), (421.0, 245.8), (496.0, 221.5), (575.9, 216.0), (655.7, 229.4), (683.0, 243.0)]",0,0,2.62
speedrunner,meatboy,4,Success,6,0,245.38,0.878,"[(73.0, 685.0), (120.3, 691.3), (200.3, 691.0), (279.3, 647.3), (269.7, 605.7), (215.0, 548.4), (244.3, 509.9), (300.7, 482.3), (226.0, 417.9), (223.3, 372.4), (294.0, 345.7), (374.0, 337.9), (454.0, 348.9), (482.3, 351.0), (413.0, 289.0), (421.0, 245.8), (496.0, 221.5), (575.9, 216.0), (655.7, 229.4), (683.0, 243.0)]",0,0,2.62
speedrunner,meatboy,4,Stuck,11,0,78.32,0.797,"[(73.0, 685.0), (120.3, 691.3), (199.3, 684.2), (279.3, 644.3), (269.7, 605.1), (215.0, 547.8), (242.9, 515.8), (311.0, 513.5), (232.3, 446.7), (219.0, 398.8), (284.0, 369.8), (363.8, 359.6), (443.3, 368.2), (492.7, 381.9), (418.0, 317.5), (415.3, 272.0), (486.0, 245.3), (566.0, 237.4), (645.9, 248.4), (663.0, 278.3), (663.0, 318.0), (663.0, 339.0), (663.0, 339.9), (663.0, 339.3), (663.0, 339.0), (663.0, 339.9), (663.0, 339.3), (663.0, 339.0), (663.0, 339.9), (663.0, 339.3), (663.0, 339.0), (663.0, 339.9), (663.0, 339.3), (663.0, 339.0), (663.0, 339.9), (663.0, 339.3), (663.0, 339.0), (663.0, 339.9), (663.0, 339.3), (663.0, 339.0), (663.0, 339.9), (663.0, 339.3), (663.0, 339.0), (663.0, 339.9), (663.0, 339.3), (663.0, 339.0), (663.0, 339.9), (663.0, 339.3), (663.0, 339.0), (663.0, 339.9), (663.0, 339.3), (663.0, 339.0), (663.0, 339.9), (663.0, 339.3), (663.0, 339.0), (663.0, 339.9)]",0,0,7.4
speedrunner,meatboy,4,Success,6,0,245.35,0.878,"[(73.0, 685.0), (120.3, 691.3), (200.3, 691.0), (279.3, 647.3), (269.7, 605.7), (215.0, 548.4), (244.3, 509.9), (300.7, 482.3), (226.0, 417.9), (223.3, 372.4), (294.0, 345.7), (374.0, 337.9), (454.0, 348.9), (482.3, 351.0), (413.0, 289.0), (421.0, 245.8), (496.0, 221.5), (575.9, 216.0), (655.6, 229.4), (683.0, 243.0)]",0,0,2.62
speedrunner,meatboy,4,Success,6,0,245.38,0.878,"[(73.0, 685.0), (120.3, 691.3), (200.3, 691.0), (279.3, 647.3), (269.7, 605.7), (215.0, 548.4), (244.3, 509.9), (300.7, 482.3), (226.0, 417.9), (223.3, 372.4), (294.0, 345.7), (374.0, 337.9), (454.0, 348.9), (482.3, 351.0), (413.0, 289.0), (421.0, 245.8), (496.0, 221.5), (575.9, 216.0), (655.7, 229.4), (683.0, 243.0)]",0,0,2.62
speedrunner,meatboy,4,Success,6,0,245.38,0.878,"[(73.0, 685.0), (120.3, 691.3), (200.3, 691.0), (279.3, 647.3), (269.7, 605.7), (215.0, 548.4), (244.3, 509.9), (300.7, 482.3), (226.0, 417.9), (223.3, 372.4), (294.0, 345.7), (374.0, 337.9), (454.0, 348.9), (482.3, 351.0), (413.0, 289.0), (421.0, 245.8), (496.0, 221.5), (575.9, 216.0), (655.7, 229.4), (683.0, 243.0)]",0,0,2.62
speedrunner,meatboy,4,Success,6,0,245.38,0.878,"[(73.0, 685.0), (120.3, 691.3), (200.3, 691.0), (279.3, 647.3), (269.7, 605.7), (215.0, 548.4), (244.3, 509.9), (300.7, 482.3), (226.0, 417.9), (223.3, 372.4), (294.0, 345.7), (374.0, 337.9), (454.0, 348.9), (482.3, 351.0), (413.0, 289.0), (421.0, 245.8), (496.0, 221.5), (575.9, 216.0), (655.7, 229.4), (683.0, 243.0)]",0,0,2.62
speedrunner,meatboy,4,Success,6,0,245.83,0.878,"[(73.0, 685.0), (120.3, 691.3), (200.3, 691.0), (280.3, 647.3), (269.7, 605.7), (215.0, 548.4), (244.3, 509.9), (300.7, 482.3), (226.0, 417.9), (223.3, 372.4), (294.0, 345.7), (374.0, 337.9), (454.0, 348.9), (482.3, 351.0), (413.0, 289.0), (421.0, 245.8), (496.0, 221.5), (576.0, 216.0), (655.8, 229.4), (683.0, 243.0)]",0,0,2.62
speedrunner,meatboy,4,Success,6,0,245.83,0.878,"[(73.0, 685.0), (120.3, 691.3), (200.3, 691.0), (280.3, 647.3), (269.7, 605.7), (215.0, 548.4), (244.3, 509.9), (300.7, 482.3), (226.0, 417.9), (223.3, 372.4), (294.0, 345.7), (374.0, 337.9), (454.0, 348.9), (482.3, 351.0), (413.0, 289.0), (421.0, 245.8), (496.0, 221.5), (576.0, 216.0), (655.8, 229.4), (683.0, 243.0)]",0,0,2.62
speedrunner,meatboy,4,Success,7,0,245.38,0.878,"[(73.0, 685.0), (120.3, 691.3), (200.3, 691.0), (279.3, 647.3), (269.7, 605.7), (215.0, 548.4), (244.3, 509.9), (300.7, 482.3), (226.0, 417.9), (223.3, 372.4), (294.0, 345.7), (374.0, 337.9), (454.0, 348.9), (482.3, 351.0), (413.0, 289.0), (421.0, 245.8), (496.0, 221.5), (575.9, 216.0), (655.7, 229.4), (683.0, 243.0)]",0,0,2.62
speedrunner,meatboy,4,Success,6,0,245.83,0.878,"[(73.0, 685.0), (120.3, 691.3), (200.3, 691.0), (280.3, 647.3), (269.7, 605.7), (215.0, 548.4), (244.3, 509.9), (300.7, 482.3), (226.0, 417.9), (223.3, 372.4), (294.0, 345.7), (374.0, 337.9), (454.0, 348.9), (482.3, 351.0), (413.0, 289.0), (421.0, 245.8), (496.0, 221.5), (576.0, 216.0), (655.8, 229.4), (683.0, 243.0)]",0,0,2.62
speedrunner,meatboy,4,Success,6,0,245.38,0.878,"[(73.0, 685.0), (120.3, 691.3), (200.3, 691.0), (279.3, 647.3), (269.7, 605.7), (215.0, 548.4), (244.3, 509.9), (300.7, 482.3), (226.0, 417.9), (223.3, 372.4), (294.0, 345.7), (374.0, 337.9), (454.0, 348.9), (482.3, 351.0), (413.0, 289.0), (421.0, 245.8), (496.0, 221.5), (575.9, 216.0), (655.7, 229.4), (683.0, 243.0)]",0,0,2.62
speedrunner,meatboy,4,Success,6,0,245.38,0.878,"[(73.0, 685.0), (120.3, 691.3), (200.3, 691.0), (279.3, 647.3), (269.7, 605.7), (215.0, 548.4), (244.3, 509.9), (300.7, 482.3), (226.0, 417.9), (223.3, 372.4), (294.0, 345.7), (374.0, 337.9), (454.0, 348.9), (482.3, 351.0), (413.0, 289.0), (421.0, 245.8), (496.0, 221.5), (575.9, 216.0), (655.7, 229.4), (683.0, 243.0)]",0,0,2.62
speedrunner,meatboy,4,Success,6,0,245.38,0.878,"[(73.0, 685.0), (120.3, 691.3), (200.3, 691.0), (279.3, 647.3), (269.7, 605.7), (215.0, 548.4), (244.3, 509.9), (300.7, 482.3), (226.0, 417.9), (223.3, 372.4), (294.0, 345.7), (374.0, 337.9), (454.0, 348.9), (482.3, 351.0), (413.0, 289.0), (421.0, 245.8), (496.0, 221.5), (575.9, 216.0), (655.7, 229.4), (683.0, 243.0)]",0,0,2.62
speedrunner,meatboy,4,Success,7,0,245.38,0.878,"[(73.0, 685.0), (120.3, 691.3), (200.3, 691.0), (279.3, 647.3), (269.7, 605.7), (215.0, 548.4), (244.3, 509.9), (300.7, 482.3), (226.0, 417.9), (223.3, 372.4), (294.0, 345.7), (374.0, 337.9), (454.0, 348.9), (482.3, 351.0), (413.0, 289.0), (421.0, 245.8), (496.0, 221.5), (575.9, 216.0), (655.7, 229.4), (683.0, 243.0)]",0,0,2.62
speedrunner,meatboy,4,Success,6,0,245.38,0.878,"[(73.0, 685.0), (120.3, 691.3), (200.3, 691.0), (279.3, 647.3), (269.7, 605.7), (215.0, 548.4), (244.3, 509.9), (300.7, 482.3), (226.0, 417.9), (223.3, 372.4), (294.0, 345.7), (374.0, 337.9), (454.0, 348.9), (482.3, 351.0), (413.0, 289.0), (421.0, 245.8), (496.0, 221.5), (575.9, 216.0), (655.7, 229.4), (683.0, 243.0)]",0,0,2.62
speedrunner,meatboy,4,Success,6,0,245.38,0.878,"[(73.0, 685.0), (120.3, 691.3), (200.3, 691.0), (279.3, 647.3), (269.7, 605.7), (215.0, 548.4), (244.3, 509.9), (300.7, 482.3), (226.0, 417.9), (223.3, 372.4), (294.0, 345.7), (374.0, 337.9), (454.0, 348.9), (482.3, 351.0), (413.0, 289.0), (421.0, 245.8), (496.0, 221.5), (575.9, 216.0), (655.7, 229.4), (683.0, 243.0)]",0,0,2.62
speedrunner,meatboy,4,Success,6,0,245.38,0.878,"[(73.0, 685.0), (120.3, 691.3), (200.3, 691.0), (279.3, 647.3), (269.7, 605.7), (215.0, 548.4), (244.3, 509.9), (300.7, 482.3), (226.0, 417.9), (223.3, 372.4), (294.0, 345.7), (374.0, 337.9), (454.0, 348.9), (482.3, 351.0), (413.0, 289.0), (421.0, 245.8), (496.0, 221.5), (575.9, 216.0), (655.7, 229.4), (683.0, 243.0)]",0,0,2.62
speedrunner,meatboy,4,Success,6,0,245.38,0.878,"[(73.0, 685.0), (120.3, 691.3), (200.3, 691.0), (279.3, 647.3), (269.7, 605.7), (215.0, 548.4), (244.3, 509.9), (300.7, 482.3), (226.0, 417.9), (223.3, 372.4), (294.0, 345.7), (374.0, 337.9), (454.0, 348.9), (482.3, 351.0), (413.0, 289.0), (421.0, 245.8), (496.0, 221.5), (575.9, 216.0), (655.7, 229.4), (683.0, 243.0)]",0,0,2.62
speedrunner,meatboy,4,Success,6,0,245.38,0.878,"[(73.0, 685.0), (120.3, 691.3), (200.3, 691.0), (279.3, 647.3), (269.7, 605.7), (215.0, 548.4), (244.3, 509.9), (300.7, 482.3), (226.0, 417.9), (223.3, 372.4), (294.0, 345.7), (374.0, 337.9), (454.0, 348.9), (482.3, 351.0), (413.0, 289.0), (421.0, 245.8), (496.0, 221.5), (575.9, 216.0), (655.7, 229.4), (683.0, 243.0)]",0,0,2.62
speedrunner,meatboy,4,Success,6,0,245.38,0.878,"[(73.0, 685.0), (120.3, 691.3), (200.3, 691.0), (279.3, 647.3), (269.7, 605.7), (215.0, 548.4), (244.3, 509.9), (300.7, 482.3), (226.0, 417.9), (223.3, 372.4), (294.0, 345.7), (374.0, 337.9), (454.0, 348.9), (482.3, 351.0), (413.0, 289.0), (421.0, 245.8), (496.0, 221.5), (575.9, 216.0), (655.7, 229.4), (683.0, 243.0)]",0,0,2.62
speedrunner,meatboy,4,Success,7,0,245.38,0.878,"[(73.0, 685.0), (120.3, 691.3), (200.3, 691.0), (279.3, 647.3), (269.7, 605.7), (215.0, 548.4), (244.3, 509.9), (300.7, 482.3), (226.0, 417.9), (223.3, 372.4), (294.0, 345.7), (374.0, 337.9), (454.0, 348.9), (482.3, 351.0), (413.0, 289.0), (421.0, 245.8), (496.0, 221.5), (575.9, 216.0), (655.7, 229.4), (683.0, 243.0)]",0,0,2.62
speedrunner,meatboy,4,Success,6,0,245.38,0.878,"[(73.0, 685.0), (120.3, 691.3), (200.3, 691.0), (279.3, 647.3), (269.7, 605.7), (215.0, 548.4), (244.3, 509.9), (300.7, 482.3), (226.0, 417.9), (223.3, 372.4), (294.0, 345.7), (374.0, 337.9), (454.0, 348.9), (482.3, 351.0), (413.0, 289.0), (421.0, 245.8), (496.0, 221.5), (575.9, 216.0), (655.7, 229.4), (683.0, 243.0)]",0,0,2.62
speedrunner,meatboy,4,Success,6,0,245.38,0.878,"[(73.0, 685.0), (120.3, 691.3), (200.3, 691.0), (279.3, 647.3), (269.7, 605.7), (215.0, 548.4), (244.3, 509.9), (300.7, 482.3), (226.0, 417.9), (223.3, 372.4), (294.0, 345.7), (374.0, 337.9), (454.0, 348.9), (482.3, 351.0), (413.0, 289.0), (421.0, 245.8), (496.0, 221.5), (575.9, 216.0), (655.7, 229.4), (683.0, 243.0)]",0,0,2.62
speedrunner,meatboy,4,Success,6,0,245.38,0.878,"[(73.0, 685.0), (120.3, 691.3), (200.3, 691.0), (279.3, 647.3), (269.7, 605.7), (215.0, 548.4), (244.3, 509.9), (300.7, 482.3), (226.0, 417.9), (223.3, 372.4), (294.0, 345.7), (374.0, 337.9), (454.0, 348.9), (482.3, 351.0), (413.0, 289.0), (421.0, 245.8), (496.0, 221.5), (575.9, 216.0), (655.7, 229.4), (683.0, 243.0)]",0,0,2.62
speedrunner,meatboy,4,Success,6,0,245.83,0.878,"[(73.0, 685.0), (120.3, 691.3), (200.3, 691.0), (280.3, 647.3), (269.7, 605.7), (215.0, 548.4), (244.3, 509.9), (300.7, 482.3), (226.0, 417.9), (223.3, 372.4), (294.0, 345.7), (374.0, 337.9), (454.0, 348.9), (482.3, 351.0), (413.0, 289.0), (421.0, 245.8), (496.0, 221.5), (576.0, 216.0), (655.8, 229.4), (683.0, 243.0)]",0,0,2.62
speedrunner,meatboy,4,Success,6,0,245.38,0.878,"[(73.0, 685.0), (120.3, 691.3), (200.3, 691.0), (279.3, 647.3), (269.7, 605.7), (215.0, 548.4), (244.3, 509.9), (300.7, 482.3), (226.0, 417.9), (223.3, 372.4), (294.0, 345.7), (374.0, 337.9), (454.0, 348.9), (482.3, 351.0), (413.0, 289.0), (421.0, 245.8), (496.0, 221.5), (575.9, 216.0), (655.7, 229.4), (683.0, 243.0)]",0,0,2.62
speedrunner,meatboy,4,Success,6,0,245.38,0.878,"[(73.0, 685.0), (120.3, 691.3), (200.3, 691.0), (279.3, 647.3), (269.7, 605.7), (215.0, 548.4), (244.3, 509.9), (300.7, 482.3), (226.0, 417.9), (223.3, 372.4), (294.0, 345.7), (374.0, 337.9), (454.0, 348.9), (482.3, 351.0), (413.0, 289.0), (421.0, 245.8), (496.0, 221.5), (575.9, 216.0), (655.7, 229.4), (683.0, 243.0)]",0,0,2.62
speedrunner,meatboy,4,Success,6,0,245.38,0.878,"[(73.0, 685.0), (120.3, 691.3), (200.3, 691.0), (279.3, 647.3), (269.7, 605.7), (215.0, 548.4), (244.3, 509.9), (300.7, 482.3), (226.0, 417.9), (223.3, 372.4), (294.0, 345.7), (374.0, 337.9), (454.0, 348.9), (482.3, 351.0), (413.0, 289.0), (421.0, 245.8), (496.0, 221.5), (575.9, 216.0), (655.7, 229.4), (683.0, 243.0)]",0,0,2.62
speedrunner,meatboy,4,Success,6,0,245.83,0.878,"[(73.0, 685.0), (120.3, 691.3), (200.3, 691.0), (280.3, 647.3), (269.7, 605.7), (215.0, 548.4), (244.3, 509.9), (300.7, 482.3), (226.0, 417.9), (223.3, 372.4), (294.0, 345.7), (374.0, 337.9), (454.0, 348.9), (482.3, 351.0), (413.0, 289.0), (421.0, 245.8), (496.0, 221.5), (576.0, 216.0), (655.8, 229.4), (683.0, 243.0)]",0,0,2.62
speedrunner,meatboy,4,Success,6,0,245.38,0.878,"[(73.0, 685.0), (120.3, 691.3), (200.3, 691.0), (279.3, 647.3), (269.7, 605.7), (215.0, 548.4), (244.3, 509.9), (300.7, 482.3), (226.0, 417.9), (223.3, 372.4), (294.0, 345.7), (374.0, 337.9), (454.0, 348.9), (482.3, 351.0), (413.0, 289.0), (421.0, 245.8), (496.0, 221.5), (575.9, 216.0), (655.7, 229.4), (683.0, 243.0)]",0,0,2.62
speedrunner,meatboy,4,Success,6,0,245.38,0.878,"[(73.0, 685.0), (120.3, 691.3), (200.3, 691.0), (279.3, 647.3), (269.7, 605.7), (215.0, 548.4), (244.3, 509.9), (300.7, 482.3), (226.0, 417.9), (223.3, 372.4), (294.0, 345.7), (374.0, 337.9), (454.0, 348.9), (482.3, 351.0), (413.0, 289.0), (421.0, 245.8), (496.0, 221.5), (575.9, 216.0), (655.7, 229.4), (683.0, 243.0)]",0,0,2.62
speedrunner,meatboy,4,Success,6,0,245.38,0.878,"[(73.0, 685.0), (120.3, 691.3), (200.3, 691.0), (279.3, 647.3), (269.7, 605.7), (215.0, 548.4), (244.3, 509.9), (300.7, 482.3), (226.0, 417.9), (223.3, 372.4), (294.0, 345.7), (374.0, 337.9), (454.0, 348.9), (482.3, 351.0), (413.0, 289.0), (421.0, 245.8), (496.0, 221.5), (575.9, 216.0), (655.7, 229.4), (683.0, 243.0)]",0,0,2.62
speedrunner,meatboy,4,Success,6,0,245.38,0.878,"[(73.0, 685.0), (120.3, 691.3), (200.3, 691.0), (279.3, 647.3), (269.7, 605.7), (215.0, 548.4), (244.3, 509.9), (300.7, 482.3), (226.0, 417.9), (223.3, 372.4), (294.0, 345.7), (374.0, 337.9), (454.0, 348.9), (482.3, 351.0), (413.0, 289.0), (421.0, 245.8), (496.0, 221.5), (575.9, 216.0), (655.7, 229.4), (683.0, 243.0)]",0,0,2.62
speedrunner,meatboy,4,Success,6,0,245.38,0.878,"[(73.0, 685.0), (120.3, 691.3), (200.3, 691.0), (279.3, 647.3), (269.7, 605.7), (215.0, 548.4), (244.3, 509.9), (300.7, 482.3), (226.0, 417.9), (223.3, 372.4), (294.0, 345.7), (374.0, 337.9), (454.0, 348.9), (482.3, 351.0), (413.0, 289.0), (421.0, 245.8), (496.0, 221.5), (575.9, 216.0), (655.7, 229.4), (683.0, 243.0)]",0,0,2.62
speedrunner,meatboy,4,Success,6,0,245.38,0.878,"[(73.0, 685.0), (120.3, 691.3), (200.3, 691.0), (279.3, 647.3), (269.7, 605.7), (215.0, 548.4), (244.3, 509.9), (300.7, 482.3), (226.0, 417.9), (223.3, 372.4), (294.0, 345.7), (374.0, 337.9), (454.0, 348.9), (482.3, 351.0), (413.0, 289.0), (421.0, 245.8), (496.0, 221.5), (575.9, 216.0), (655.7, 229.4), (683.0, 243.0)]",0,0,2.62
speedrunner,meatboy,4,Success,6,0,245.38,0.878,"[(73.0, 685.0), (120.3, 691.3), (200.3, 691.0), (279.3, 647.3), (269.7, 605.7), (215.0, 548.4), (244.3, 509.9), (300.7, 482.3), (226.0, 417.9), (223.3, 372.4), (294.0, 345.7), (374.0, 337.9), (454.0, 348.9), (482.3, 351.0), (413.0, 289.0), (421.0, 245.8), (496.0, 221.5), (575.9, 216.0), (655.7, 229.4), (683.0, 243.0)]",0,0,2.62
speedrunner,meatboy,4,Success,7,0,248.03,0.878,"[(73.0, 685.0), (120.3, 691.3), (199.3, 691.0), (278.3, 654.1), (269.7, 612.5), (215.0, 555.2), (244.3, 516.7), (300.7, 489.1), (226.0, 424.8), (223.3, 379.2), (294.0, 352.5), (374.0, 344.7), (453.9, 355.7), (482.3, 357.9), (413.0, 295.8), (421.0, 252.7), (496.0, 228.3), (575.8, 222.8), (655.8, 236.2), (700.3, 243.9)]",0,0,2.58
speedrunner,meatboy,4,Success,6,0,245.83,0.878,"[(73.0, 685.0), (120.3, 691.3), (200.3, 691.0), (280.3, 647.3), (269.7, 605.7), (215.0, 548.4), (244.3, 509.9), (300.7, 482.3), (226.0, 417.9), (223.3, 372.4), (294.0, 345.7), (374.0, 337.9), (454.0, 348.9), (482.3, 351.0), (413.0, 289.0), (421.0, 245.8), (496.0, 221.5), (576.0, 216.0), (655.8, 229.4), (683.0, 243.0)]",0,0,2.62
speedrunner,meatboy,4,Success,6,0,245.38,0.878,"[(73.0, 685.0), (120.3, 691.3), (200.3, 691.0), (279.3, 647.3), (269.7, 605.7), (215.0, 548.4), (244.3, 509.9), (300.7, 482.3), (226.0, 417.9), (223.3, 372.4), (294.0, 345.7), (374.0, 337.9), (454.0, 348.9), (482.3, 351.0), (413.0, 289.0), (421.0, 245.8), (496.0, 221.5), (575.9, 216.0), (655.7, 229.4), (683.0, 243.0)]",0,0,2.62
speedrunner,meatboy,4,Success,6,0,245.38,0.878,"[(73.0, 685.0), (120.3, 691.3), (200.3, 691.0), (279.3, 647.3), (269.7, 605.7), (215.0, 548.4), (244.3, 509.9), (300.7, 482.3), (226.0, 417.9), (223.3, 372.4), (294.0, 345.7), (374.0, 337.9), (454.0, 348.9), (482.3, 351.0), (413.0, 289.0), (421.0, 245.8), (496.0, 221.5), (575.9, 216.0), (655.7, 229.4), (683.0, 243.0)]",0,0,2.62
speedrunner,meatboy,4,Success,6,0,245.38,0.878,"[(73.0, 685.0), (120.3, 691.3), (200.3, 691.0), (279.3, 647.3), (269.7, 605.7), (215.0, 548.4), (244.3, 509.9), (300.7, 482.3), (226.0, 417.9), (223.3, 372.4), (294.0, 345.7), (374.0, 337.9), (454.0, 348.9), (482.3, 351.0), (413.0, 289.0), (421.0, 245.8), (496.0, 221.5), (575.9, 216.0), (655.7, 229.4), (683.0, 243.0)]",0,0,2.62
speedrunner,meatboy,4,Success,6,0,245.38,0.878,"[(73.0, 685.0), (120.3, 691.3), (200.3, 691.0), (279.3, 647.3), (269.7, 605.7), (215.0, 548.4), (244.3, 509.9), (300.7, 482.3), (226.0, 417.9), (223.3, 372.4), (294.0, 345.7), (374.0, 337.9), (454.0, 348.9), (482.3, 351.0), (413.0, 289.0), (421.0, 245.8), (496.0, 221.5), (575.9, 216.0), (655.7, 229.4), (683.0, 243.0)]",0,0,2.62
speedrunner,meatboy,4,Success,6,0,245.38,0.878,"[(73.0, 685.0), (120.3, 691.3), (200.3, 691.0), (279.3, 647.3), (269.7, 605.7), (215.0, 548.4), (244.3, 509.9), (300.7, 482.3), (226.0, 417.9), (223.3, 372.4), (294.0, 345.7), (374.0, 337.9), (454.0, 348.9), (482.3, 351.0), (413.0, 289.0), (421.0, 245.8), (496.0, 221.5), (575.9, 216.0), (655.7, 229.4), (683.0, 243.0)]",0,0,2.62
speedrunner,meatboy,4,Success,6,0,245.38,0.878,"[(73.0, 685.0), (120.3, 691.3), (200.3, 691.0), (279.3, 647.3), (269.7, 605.7), (215.0, 548.4), (244.3, 509.9), (300.7, 482.3), (226.0, 417.9), (223.3, 372.4), (294.0, 345.7), (374.0, 337.9), (454.0, 348.9), (482.3, 351.0), (413.0, 289.0), (421.0, 245.8), (496.0, 221.5), (575.9, 216.0), (655.7, 229.4), (683.0, 243.0)]",0,0,2.62
speedrunner,meatboy,4,Success,6,0,245.38,0.878,"[(73.0, 685.0), (120.3, 691.3), (200.3, 691.0), (279.3, 647.3), (269.7, 605.7), (215.0, 548.4), (244.3, 509.9), (300.7, 482.3), (226.0, 417.9), (223.3, 372.4), (294.0, 345.7), (374.0, 337.9), (454.0, 348.9), (482.3, 351.0), (413.0, 289.0), (421.0, 245.8), (496.0, 221.5), (575.9, 216.0), (655.7, 229.4), (683.0, 243.0)]",0,0,2.62
speedrunner,meatboy,4,Success,6,0,245.38,0.878,"[(73.0, 685.0), (120.3, 691.3), (200.3, 691.0), (279.3, 647.3), (269.7, 605.7), (215.0, 548.4), (244.3, 509.9), (300.7, 482.3), (226.0, 417.9), (223.3, 372.4), (294.0, 345.7), (374.0, 337.9), (454.0, 348.9), (482.3, 351.0), (413.0, 289.0), (421.0, 245.8), (496.0, 221.5), (575.9, 216.0), (655.7, 229.4), (683.0, 243.0)]",0,0,2.62
speedrunner,meatboy,4,Success,6,0,245.38,0.878,"[(73.0, 685.0), (120.3, 691.3), (200.3, 691.0), (279.3, 647.3), (269.7, 605.7), (215.0, 548.4), (244.3, 509.9), (300.7, 482.3), (226.0, 417.9), (223.3, 372.4), (294.0, 345.7), (374.0, 337.9), (454.0, 348.9), (482.3, 351.0), (413.0, 289.0), (421.0, 245.8), (496.0, 221.5), (575.9, 216.0), (655.7, 229.4), (683.0, 243.0)]",0,0,2.62
speedrunner,meatboy,4,Success,6,0,245.38,0.878,"[(73.0, 685.0), (120.3, 691.3), (200.3, 691.0), (279.3, 647.3), (269.7, 605.7), (215.0, 548.4), (244.3, 509.9), (300.7, 482.3), (226.0, 417.9), (223.3, 372.4), (294.0, 345.7), (374.0, 337.9), (454.0, 348.9), (482.3, 351.0), (413.0, 289.0), (421.0, 245.8), (496.0, 221.5), (575.9, 216.0), (655.7, 229.4), (683.0, 243.0)]",0,0,2.62
speedrunner,meatboy,4,Success,6,0,245.38,0.878,"[(73.0, 685.0), (120.3, 691.3), (200.3, 691.0), (279.3, 647.3), (269.7, 605.7), (215.0, 548.4), (244.3, 509.9), (300.7, 482.3), (226.0, 417.9), (223.3, 372.4), (294.0, 345.7), (374.0, 337.9), (454.0, 348.9), (482.3, 351.0), (413.0, 289.0), (421.0, 245.8), (496.0, 221.5), (575.9, 216.0), (655.7, 229.4), (683.0, 243.0)]",0,0,2.62
speedrunner,meatboy,4,Success,6,0,245.38,0.878,"[(73.0, 685.0), (120.3, 691.3), (200.3, 691.0), (279.3, 647.3), (269.7, 605.7), (215.0, 548.4), (244.3, 509.9), (300.7, 482.3), (226.0, 417.9), (223.3, 372.4), (294.0, 345.7), (374.0, 337.9), (454.0, 348.9), (482.3, 351.0), (413.0, 289.0), (421.0, 245.8), (496.0, 221.5), (575.9, 216.0), (655.7, 229.4), (683.0, 243.0)]",0,0,2.62
speedrunner,meatboy,4,Success,6,0,245.38,0.878,"[(73.0, 685.0), (120.3, 691.3), (200.3, 691.0), (279.3, 647.3), (269.7, 605.7), (215.0, 548.4), (244.3, 509.9), (300.7, 482.3), (226.0, 417.9), (223.3, 372.4), (294.0, 345.7), (374.0, 337.9), (454.0, 348.9), (482.3, 351.0), (413.0, 289.0), (421.0, 245.8), (496.0, 221.5), (575.9, 216.0), (655.7, 229.4), (683.0, 243.0)]",0,0,2.62
speedrunner,meatboy,4,Stuck,5,0,38.64,0.374,"[(73.0, 685.0), (120.3, 691.3), (199.3, 684.2), (279.3, 644.3), (269.7, 605.1), (215.0, 547.8), (244.3, 513.0), (311.0, 508.4), (311.0, 522.5), (311.0, 555.3), (311.0, 595.0), (311.0, 634.7), (311.0, 674.4), (311.0, 691.3), (311.0, 691.0), (311.0, 691.9), (311.0, 691.3), (311.0, 691.0), (311.0, 691.9), (311.0, 691.3), (311.0, 691.0), (311.0, 691.9), (311.0, 691.3), (311.0, 691.0), (311.0, 691.9), (311.0, 691.3), (311.0, 691.0), (311.0, 691.9), (311.0, 691.3), (311.0, 691.0), (311.0, 691.9), (311.0, 691.3), (311.0, 691.0), (311.0, 691.9), (311.0, 691.3), (311.0, 691.0), (311.0, 691.9), (311.0, 691.3), (311.0, 691.0), (311.0, 691.9), (311.0, 691.3), (311.0, 691.0), (311.0, 691.9), (311.0, 691.3), (311.0, 691.0)]",0,0,5.88
speedrunner,meatboy,4,Success,6,0,245.38,0.878,"[(73.0, 685.0), (120.3, 691.3), (200.3, 691.0), (279.3, 647.3), (269.7, 605.7), (215.0, 548.4), (244.3, 509.9), (300.7, 482.3), (226.0, 417.9), (223.3, 372.4), (294.0, 345.7), (374.0, 337.9), (454.0, 348.9), (482.3, 351.0), (413.0, 289.0), (421.0, 245.8), (496.0, 221.5), (575.9, 216.0), (655.7, 229.4), (683.0, 243.0)]",0,0,2.62
speedrunner,meatboy,4,Success,6,0,245.38,0.878,"[(73.0, 685.0), (120.3, 691.3), (200.3, 691.0), (279.3, 647.3), (269.7, 605.7), (215.0, 548.4), (244.3, 509.9), (300.7, 482.3), (226.0, 417.9), (223.3, 372.4), (294.0, 345.7), (374.0, 337.9), (454.0, 348.9), (482.3, 351.0), (413.0, 289.0), (421.0, 245.8), (496.0, 221.5), (575.9, 216.0), (655.7, 229.4), (683.0, 243.0)]",0,0,2.62
speedrunner,meatboy,4,Stuck,6,0,43.4,0.374,"[(73.0, 685.0), (120.3, 691.3), (200.3, 691.0), (278.2, 676.2), (311.0, 676.3), (311.0, 691.0), (311.0, 691.9), (311.0, 691.3), (311.0, 691.0), (311.0, 691.9), (311.0, 691.3), (311.0, 691.0), (311.0, 691.9), (311.0, 691.3), (311.0, 691.0), (311.0, 691.9), (311.0, 691.3), (311.0, 691.0), (311.0, 691.9), (311.0, 691.3), (311.0, 691.0), (311.0, 691.9), (311.0, 691.3), (311.0, 691.0), (311.0, 691.9), (311.0, 691.3), (311.0, 691.0), (311.0, 691.9), (311.0, 691.3), (311.0, 691.0), (311.0, 691.9), (311.0, 691.3), (311.0, 691.0), (311.0, 691.9), (311.0, 691.3), (311.0, 691.0), (311.0, 691.9), (311.0, 691.3), (311.0, 691.0), (311.0, 691.9), (311.0, 691.3)]",0,0,5.42
speedrunner,meatboy,4,Success,6,0,245.38,0.878,"[(73.0, 685.0), (120.3, 691.3), (200.3, 691.0), (279.3, 647.3), (269.7, 605.7), (215.0, 548.4), (244.3, 509.9), (300.7, 482.3), (226.0, 417.9), (223.3, 372.4), (294.0, 345.7), (374.0, 337.9), (454.0, 348.9), (482.3, 351.0), (413.0, 289.0), (421.0, 245.8), (496.0, 221.5), (575.9, 216.0), (655.7, 229.4), (683.0, 243.0)]",0,0,2.62
speedrunner,meatboy,4,Success,6,0,245.38,0.878,"[(73.0, 685.0), (120.3, 691.3), (200.3, 691.0), (279.3, 647.3), (269.7, 605.7), (215.0, 548.4), (244.3, 509.9), (300.7, 482.3), (226.0, 417.9), (223.3, 372.4), (294.0, 345.7), (374.0, 337.9), (454.0, 348.9), (482.3, 351.0), (413.0, 289.0), (421.0, 245.8), (496.0, 221.5), (575.9, 216.0), (655.7, 229.4), (683.0, 243.0)]",0,0,2.62
