persona,game,world,cause_of_death,jump_count,coins_collected,avg_vx,progress_ratio,route,enemies_killed,elapsed_time
novice,meatboy,10,Stuck,1,0,133.31,0.961,"[(73.0, 653.0), (98.2, 659.3), (138.2, 659.0), (178.2, 659.9), (218.2, 659.3), (258.2, 659.0), (298.2, 659.9), (338.2, 659.3), (378.2, 659.0), (418.2, 659.9), (458.2, 659.3), (498.2, 659.0), (538.2, 659.9), (578.2, 659.3), (618.2, 659.0), (658.2, 659.9), (698.2, 659.3), (738.2, 659.0), (778.2, 659.9), (818.2, 659.3), (858.2, 659.0), (898.2, 659.9), (938.2, 659.3), (978.2, 659.0), (1015.0, 659.9), (1015.0, 659.3), (1015.0, 659.0), (1015.0, 659.9), (1015.0, 659.3), (1015.0, 659.0), (1015.0, 659.9), (1015.0, 659.3), (1015.0, 659.0), (1015.0, 659.9), (1015.0, 659.3), (1015.0, 659.0), (1015.0, 659.9), (1015.0, 659.3), (1015.0, 659.0), (1015.0, 659.9), (1015.0, 659.3), (1015.0, 659.0), (1015.0, 659.9), (1015.0, 659.3), (1015.0, 659.0), (1015.0, 659.9), (1015.0, 659.3), (1015.0, 659.0), (1015.0, 659.9), (1015.0, 659.3), (1015.0, 659.0), (1015.0, 659.9), (1015.0, 659.3), (1015.0, 659.0), (1015.0, 659.9), (1015.0, 659.3), (1015.0, 659.0), (1015.0, 659.9), (1015.0, 659.3)]",0,7.8
novice,meatboy,10,Stuck,1,0,-3.1,0.039,"[(73.0, 653.0), (55.0, 659.3), (54.9, 659.0), (50.7, 659.9), (50.3, 659.3), (50.2, 659.0), (46.0, 659.9), (45.7, 659.3), (45.6, 659.0), (41.3, 659.9), (43.2, 659.3), (42.7, 659.0), (41.4, 659.9), (43.2, 659.3), (42.7, 659.0), (41.4, 659.9), (43.2, 659.3), (42.7, 659.0), (41.4, 659.9), (43.2, 659.3), (42.7, 659.0), (41.4, 659.9), (43.2, 659.3), (42.7, 659.0), (41.4, 659.9), (43.2, 659.3), (42.7, 659.0), (41.4, 659.9), (43.2, 659.3), (42.7, 659.0), (41.4, 659.9), (43.2, 659.3), (42.7, 659.0), (41.4, 659.9), (43.2, 659.3), (42.7, 659.0), (41.4, 659.9), (43.2, 659.3)]",0,5.02
novice,meatboy,10,Stuck,0,0,-6.32,0.039,"[(73.0, 653.0), (91.0, 659.3), (61.3, 659.0), (41.0, 659.9), (41.0, 659.3), (41.0, 659.0), (41.0, 659.9), (41.0, 659.3), (41.0, 659.0), (41.0, 659.9), (41.0, 659.3), (41.0, 659.0), (41.0, 659.9), (41.0, 659.3), (41.0, 659.0), (41.0, 659.9), (41.0, 659.3), (41.0, 659.0), (41.0, 659.9), (41.0, 659.3), (41.0, 659.0), (41.0, 659.9), (41.0, 659.3), (41.0, 659.0), (41.0, 659.9), (41.0, 659.3), (41.0, 659.0), (41.0, 659.9), (41.0, 659.3), (41.0, 659.0), (41.0, 659.9), (41.0, 659.3), (41.0, 659.0), (41.0, 659.9), (41.0, 659.3), (41.0, 659.0), (41.0, 659.9), (41.0, 659.3)]",0,5.02
novice,meatboy,10,Stuck,0,0,133.31,0.961,"[(73.0, 653.0), (98.2, 659.3), (138.2, 659.0), (178.2, 659.9), (218.2, 659.3), (258.2, 659.0), (298.2, 659.9), (338.2, 659.3), (378.2, 659.0), (418.2, 659.9), (458.2, 659.3), (498.2, 659.0), (538.2, 659.9), (578.2, 659.3), (618.2, 659.0), (658.2, 659.9), (698.2, 659.3), (738.2, 659.0), (778.2, 659.9), (818.2, 659.3), (858.2, 659.0), (898.2, 659.9), (938.2, 659.3), (978.2, 659.0), (1015.0, 659.9), (1015.0, 659.3), (1015.0, 659.0), (1015.0, 659.9), (1015.0, 659.3), (1015.0, 659.0), (1015.0, 659.9), (1015.0, 659.3), (1015.0, 659.0), (1015.0, 659.9), (1015.0, 659.3), (1015.0, 659.0), (1015.0, 659.9), (1015.0, 659.3), (1015.0, 659.0), (1015.0, 659.9), (1015.0, 659.3), (1015.0, 659.0), (1015.0, 659.9), (1015.0, 659.3), (1015.0, 659.0), (1015.0, 659.9), (1015.0, 659.3), (1015.0, 659.0), (1015.0, 659.9), (1015.0, 659.3), (1015.0, 659.0), (1015.0, 659.9), (1015.0, 659.3), (1015.0, 659.0), (1015.0, 659.9), (1015.0, 659.3), (1015.0, 659.0), (1015.0, 659.9), (1015.0, 659.3)]",0,7.8
novice,meatboy,10,Stuck,1,0,133.31,0.961,"[(73.0, 653.0), (98.2, 659.3), (138.2, 659.0), (178.2, 659.9), (218.2, 659.3), (258.2, 659.0), (298.2, 659.9), (338.2, 659.3), (378.2, 659.0), (418.2, 659.9), (458.2, 659.3), (498.2, 659.0), (538.2, 659.9), (578.2, 659.3), (618.2, 659.0), (658.2, 659.9), (698.2, 659.3), (738.2, 659.0), (778.2, 659.9), (818.2, 659.3), (858.2, 659.0), (898.2, 659.9), (938.2, 659.3), (978.2, 659.0), (1015.0, 659.9), (1015.0, 659.3), (1015.0, 659.0), (1015.0, 659.9), (1015.0, 659.3), (1015.0, 659.0), (1015.0, 659.9), (1015.0, 659.3), (1015.0, 659.0), (1015.0, 659.9), (1015.0, 659.3), (1015.0, 659.0), (1015.0, 659.9), (1015.0, 659.3), (1015.0, 659.0), (1015.0, 659.9), (1015.0, 659.3), (1015.0, 659.0), (1015.0, 659.9), (1015.0, 659.3), (1015.0, 659.0), (1015.0, 659.9), (1015.0, 659.3), (1015.0, 659.0), (1015.0, 659.9), (1015.0, 659.3), (1015.0, 659.0), (1015.0, 659.9), (1015.0, 659.3), (1015.0, 659.0), (1015.0, 659.9), (1015.0, 659.3), (1015.0, 659.0), (1015.0, 659.9), (1015.0, 659.3)]",0,7.8
novice,meatboy,10,Stuck,0,0,116.71,0.962,"[(73.0, 653.0), (52.2, 659.3), (57.7, 659.0), (95.7, 659.9), (135.7, 659.3), (175.7, 659.0), (215.7, 659.9), (255.7, 659.3), (295.7, 659.0), (335.7, 659.9), (375.7, 659.3), (415.7, 659.0), (455.7, 659.9), (495.7, 659.3), (535.7, 659.0), (575.7, 659.9), (615.7, 659.3), (655.7, 659.0), (695.7, 659.9), (735.7, 659.3), (775.7, 659.0), (815.7, 659.9), (855.7, 659.3), (895.7, 659.0), (935.7, 659.9), (975.7, 659.3), (1015.7, 659.0), (1015.7, 659.9), (1015.7, 659.3), (1015.7, 659.0), (1015.7, 659.9), (1015.7, 659.3), (1015.7, 659.0), (1015.7, 659.9), (1015.7, 659.3), (1015.7, 659.0), (1015.7, 659.9), (1015.7, 659.3), (1015.7, 659.0), (1015.7, 659.9), (1015.7, 659.3), (1015.7, 659.0), (1015.7, 659.9), (1015.7, 659.3), (1015.7, 659.0), (1015.7, 659.9), (1015.7, 659.3), (1015.7, 659.0), (1015.7, 659.9), (1015.7, 659.3), (1015.7, 659.0), (1015.7, 659.9), (1015.7, 659.3), (1015.7, 659.0), (1015.7, 659.9), (1015.7, 659.3), (1015.7, 659.0), (1015.7, 659.9), (1015.7, 659.3), (1015.7, 659.0), (1015.7, 659.9)]",0,8.08
novice,meatboy,10,Stuck,1,0,133.31,0.961,"[(73.0, 653.0), (98.2, 659.3), (138.2, 659.0), (178.2, 659.9), (218.2, 659.3), (258.2, 659.0), (298.2, 659.9), (338.2, 659.3), (378.2, 659.0), (418.2, 659.9), (458.2, 659.3), (498.2, 659.0), (538.2, 659.9), (578.2, 659.3), (618.2, 659.0), (658.2, 659.9), (698.2, 659.3), (738.2, 659.0), (778.2, 659.9), (818.2, 659.3), (858.2, 659.0), (898.2, 659.9), (938.2, 659.3), (978.2, 659.0), (1015.0, 659.9), (1015.0, 659.3), (1015.0, 659.0), (1015.0, 659.9), (1015.0, 659.3), (1015.0, 659.0), (1015.0, 659.9), (1015.0, 659.3), (1015.0, 659.0), (1015.0, 659.9), (1015.0, 659.3), (1015.0, 659.0), (1015.0, 659.9), (1015.0, 659.3), (1015.0, 659.0), (1015.0, 659.9), (1015.0, 659.3), (1015.0, 659.0), (1015.0, 659.9), (1015.0, 659.3), (1015.0, 659.0), (1015.0, 659.9), (1015.0, 659.3), (1015.0, 659.0), (1015.0, 659.9), (1015.0, 659.3), (1015.0, 659.0), (1015.0, 659.9), (1015.0, 659.3), (1015.0, 659.0), (1015.0, 659.9), (1015.0, 659.3), (1015.0, 659.0), (1015.0, 659.9), (1015.0, 659.3)]",0,7.8
novice,meatboy,10,Stuck,32,0,133.31,0.961,"[(73.0, 653.0), (98.2, 659.3), (138.2, 659.0), (178.2, 659.9), (218.2, 659.3), (258.2, 659.0), (298.2, 659.9), (338.2, 659.3), (378.2, 659.0), (418.2, 659.9), (458.2, 659.3), (498.2, 659.0), (538.2, 659.9), (578.2, 659.3), (618.2, 659.0), (658.2, 659.9), (698.2, 659.3), (738.2, 659.0), (778.2, 659.9), (818.2, 659.3), (858.2, 659.0), (898.2, 659.9), (938.2, 659.3), (978.2, 659.0), (1015.0, 657.4), (1015.0, 655.9), (1015.0, 654.8), (1015.0, 653.9), (1015.0, 653.3), (1015.0, 653.0), (1015.0, 659.3), (1015.0, 659.0), (1015.0, 659.2), (1015.0, 657.4), (1015.0, 655.9), (1015.0, 654.8), (1015.0, 653.9), (1015.0, 653.3), (1015.0, 653.0), (1015.0, 659.3), (1015.0, 659.0), (1015.0, 659.2), (1015.0, 657.4), (1015.0, 655.9), (1015.0, 654.8), (1015.0, 653.9), (1015.0, 653.3), (1015.0, 653.0), (1015.0, 659.3), (1015.0, 659.0), (1015.0, 659.2), (1015.0, 657.4), (1015.0, 655.9), (1015.0, 654.8), (1015.0, 653.9), (1015.0, 653.3), (1015.0, 653.0), (1015.0, 659.3), (1015.0, 659.0)]",0,7.8
novice,meatboy,10,Stuck,0,0,117.07,0.962,"[(73.0, 653.0), (83.8, 659.3), (122.2, 659.0), (144.0, 659.9), (172.7, 659.3), (203.9, 659.0), (225.7, 659.9), (240.4, 659.3), (265.1, 659.0), (295.6, 659.9), (327.8, 659.3), (359.1, 659.0), (389.3, 659.9), (413.9, 659.3), (440.8, 659.0), (462.6, 659.9), (494.3, 659.3), (534.3, 659.0), (574.3, 659.9), (603.5, 659.3), (632.7, 659.0), (662.1, 659.9), (680.1, 659.3), (701.2, 659.0), (729.4, 659.9), (754.1, 659.3), (780.9, 659.0), (811.2, 659.9), (851.2, 659.3), (891.2, 659.0), (931.2, 659.9), (968.2, 659.3), (999.4, 659.0), (1015.0, 659.9), (1015.0, 659.3), (1015.0, 659.0), (1015.0, 659.9), (1015.0, 659.3), (1015.0, 659.0), (1015.0, 659.9), (1015.0, 659.3), (1015.0, 659.0), (1015.0, 659.9), (1015.0, 659.3), (1015.0, 659.0), (1015.0, 659.9), (1015.0, 659.3), (1015.0, 659.0), (1015.0, 659.9), (1015.0, 659.3), (1015.0, 659.0), (1015.0, 659.9), (1015.0, 659.3), (1015.0, 659.0), (1015.0, 659.9), (1015.0, 659.3), (1015.0, 659.0), (1015.0, 659.9), (1015.0, 659.3), (1015.0, 659.0), (1015.0, 659.9), (1015.0, 659.3), (1015.0, 659.0), (1015.0, 659.9), (1015.0, 659.3), (1015.0, 659.0), (1015.0, 659.9)]",0,8.88
novice,meatboy,10,Stuck,0,0,133.31,0.961,"[(73.0, 653.0), (98.2, 659.3), (138.2, 659.0), (178.2, 659.9), (218.2, 659.3), (258.2, 659.0), (298.2, 659.9), (338.2, 659.3), (378.2, 659.0), (418.2, 659.9), (458.2, 659.3), (498.2, 659.0), (538.2, 659.9), (578.2, 659.3), (618.2, 659.0), (658.2, 659.9), (698.2, 659.3), (738.2, 659.0), (778.2, 659.9), (818.2, 659.3), (858.2, 659.0), (898.2, 659.9), (938.2, 659.3), (978.2, 659.0), (1015.0, 659.9), (1015.0, 659.3), (1015.0, 659.0), (1015.0, 659.9), (1015.0, 659.3), (1015.0, 659.0), (1015.0, 659.9), (1015.0, 659.3), (1015.0, 659.0), (1015.0, 659.9), (1015.0, 659.3), (1015.0, 659.0), (1015.0, 659.9), (1015.0, 659.3), (1015.0, 659.0), (1015.0, 659.9), (1015.0, 659.3), (1015.0, 659.0), (1015.0, 659.9), (1015.0, 659.3), (1015.0, 659.0), (1015.0, 659.9), (1015.0, 659.3), (1015.0, 659.0), (1015.0, 659.9), (1015.0, 659.3), (1015.0, 659.0), (1015.0, 659.9), (1015.0, 659.3), (1015.0, 659.0), (1015.0, 659.9), (1015.0, 659.3), (1015.0, 659.0), (1015.0, 659.9), (1015.0, 659.3)]",0,7.8
novice,meatboy,10,Stuck,0,0,133.31,0.961,"[(73.0, 653.0), (98.2, 659.3), (138.2, 659.0), (178.2, 659.9), (218.2, 659.3), (258.2, 659.0), (298.2, 659.9), (338.2, 659.3), (378.2, 659.0), (418.2, 659.9), (458.2, 659.3), (498.2, 659.0), (538.2, 659.9), (578.2, 659.3), (618.2, 659.0), (658.2, 659.9), (698.2, 659.3), (738.2, 659.0), (778.2, 659.9), (818.2, 659.3), (858.2, 659.0), (898.2, 659.9), (938.2, 659.3), (978.2, 659.0), (1015.0, 659.9), (1015.0, 659.3), (1015.0, 659.0), (1015.0, 659.9), (1015.0, 659.3), (1015.0, 659.0), (1015.0, 659.9), (1015.0, 659.3), (1015.0, 659.0), (1015.0, 659.9), (1015.0, 659.3), (1015.0, 659.0), (1015.0, 659.9), (1015.0, 659.3), (1015.0, 659.0), (1015.0, 659.9), (1015.0, 659.3), (1015.0, 659.0), (1015.0, 659.9), (1015.0, 659.3), (1015.0, 659.0), (1015.0, 659.9), (1015.0, 659.3), (1015.0, 659.0), (1015.0, 659.9), (1015.0, 659.3), (1015.0, 659.0), (1015.0, 659.9), (1015.0, 659.3), (1015.0, 659.0), (1015.0, 659.9), (1015.0, 659.3), (1015.0, 659.0), (1015.0, 659.9), (1015.0, 659.3)]",0,7.8
novice,meatboy,10,Stuck,0,0,117.07,0.962,"[(73.0, 653.0), (83.8, 659.3), (122.2, 659.0), (144.0, 659.9), (172.7, 659.3), (203.9, 659.0), (225.7, 659.9), (240.4, 659.3), (265.1, 659.0), (295.6, 659.9), (327.8, 659.3), (359.1, 659.0), (389.3, 659.9), (413.9, 659.3), (440.8, 659.0), (462.6, 659.9), (494.3, 659.3), (534.3, 659.0), (574.3, 659.9), (603.5, 659.3), (632.7, 659.0), (662.1, 659.9), (680.1, 659.3), (701.2, 659.0), (729.4, 659.9), (754.1, 659.3), (780.9, 659.0), (811.2, 659.9), (851.2, 659.3), (891.2, 659.0), (931.2, 659.9), (968.2, 659.3), (999.4, 659.0), (1015.0, 659.9), (1015.0, 659.3), (1015.0, 659.0), (1015.0, 659.9), (1015.0, 659.3), (1015.0, 659.0), (1015.0, 659.9), (1015.0, 659.3), (1015.0, 659.0), (1015.0, 659.9), (1015.0, 659.3), (1015.0, 659.0), (1015.0, 659.9), (1015.0, 659.3), (1015.0, 659.0), (1015.0, 659.9), (1015.0, 659.3), (1015.0, 659.0), (1015.0, 659.9), (1015.0, 659.3), (1015.0, 659.0), (1015.0, 659.9), (1015.0, 659.3), (1015.0, 659.0), (1015.0, 659.9), (1015.0, 659.3), (1015.0, 659.0), (1015.0, 659.9), (1015.0, 659.3), (1015.0, 659.0), (1015.0, 659.9), (1015.0, 659.3), (1015.0, 659.0), (1015.0, 659.9)]",0,8.88
novice,meatboy,10,Stuck,32,0,133.31,0.961,"[(73.0, 653.0), (98.2, 659.3), (138.2, 659.0), (178.2, 659.9), (218.2, 659.3), (258.2, 659.0), (298.2, 659.9), (338.2, 659.3), (378.2, 659.0), (418.2, 659.9), (458.2, 659.3), (498.2, 659.0), (538.2, 659.9), (578.2, 659.3), (618.2, 659.0), (658.2, 659.9), (698.2, 659.3), (738.2, 659.0), (778.2, 659.9), (818.2, 659.3), (858.2, 659.0), (898.2, 659.9), (938.2, 659.3), (978.2, 659.0), (1015.0, 657.4), (1015.0, 655.9), (1015.0, 654.8), (1015.0, 653.9), (1015.0, 653.3), (1015.0, 653.0), (1015.0, 659.3), (1015.0, 659.0), (1015.0, 659.2), (1015.0, 657.4), (1015.0, 655.9), (1015.0, 654.8), (1015.0, 653.9), (1015.0, 653.3), (1015.0, 653.0), (1015.0, 659.3), (1015.0, 659.0), (1015.0, 659.2), (1015.0, 657.4), (1015.0, 655.9), (1015.0, 654.8), (1015.0, 653.9), (1015.0, 653.3), (1015.0, 653.0), (1015.0, 659.3), (1015.0, 659.0), (1015.0, 659.2), (1015.0, 657.4), (1015.0, 655.9), (1015.0, 654.8), (1015.0, 653.9), (1015.0, 653.3), (1015.0, 653.0), (1015.0, 659.3), (1015.0, 659.0)]",0,7.8
novice,meatboy,10,Stuck,1,0,133.31,0.961,"[(73.0, 653.0), (98.2, 659.3), (138.2, 659.0), (178.2, 659.9), (218.2, 659.3), (258.2, 659.0), (298.2, 659.9), (338.2, 659.3), (378.2, 659.0), (418.2, 659.9), (458.2, 659.3), (498.2, 659.0), (538.2, 659.9), (578.2, 659.3), (618.2, 659.0), (658.2, 659.9), (698.2, 659.3), (738.2, 659.0), (778.2, 659.9), (818.2, 659.3), (858.2, 659.0), (898.2, 659.9), (938.2, 659.3), (978.2, 659.0), (1015.0, 659.9), (1015.0, 659.3), (1015.0, 659.0), (1015.0, 659.9), (1015.0, 659.3), (1015.0, 659.0), (1015.0, 659.9), (1015.0, 659.3), (1015.0, 659.0), (1015.0, 659.9), (1015.0, 659.3), (1015.0, 659.0), (1015.0, 659.9), (1015.0, 659.3), (1015.0, 659.0), (1015.0, 659.9), (1015.0, 659.3), (1015.0, 659.0), (1015.0, 659.9), (1015.0, 659.3), (1015.0, 659.0), (1015.0, 659.9), (1015.0, 659.3), (1015.0, 659.0), (1015.0, 659.9), (1015.0, 659.3), (1015.0, 659.0), (1015.0, 659.9), (1015.0, 659.3), (1015.0, 659.0), (1015.0, 659.9), (1015.0, 659.3), (1015.0, 659.0), (1015.0, 659.9), (1015.0, 659.3)]",0,7.8
novice,meatboy,10,Stuck,15,0,122.16,0.961,"[(73.0, 653.0), (98.2, 659.3), (138.2, 659.0), (178.2, 659.9), (218.2, 659.3), (258.2, 659.0), (298.2, 659.9), (338.2, 659.3), (378.2, 659.0), (418.2, 659.9), (458.2, 659.3), (498.2, 659.0), (538.2, 659.9), (578.2, 659.3), (618.2, 659.0), (658.2, 659.9), (698.2, 659.3), (738.2, 659.0), (778.2, 659.9), (818.2, 659.3), (858.2, 659.0), (898.2, 659.9), (938.2, 659.3), (978.2, 659.0), (1015.0, 659.9), (1002.0, 659.0), (1014.3, 654.8), (1015.2, 659.3), (1012.2, 659.0), (1008.6, 659.2), (1015.0, 659.3), (1015.7, 653.3), (1009.3, 659.9), (1010.7, 659.3), (1012.8, 655.9), (1015.0, 659.9), (1014.6, 659.3), (1007.5, 659.0), (1014.3, 659.9), (1015.0, 653.9), (1011.9, 659.0), (1010.4, 659.9), (1010.7, 657.4), (1015.7, 659.0), (1015.0, 653.0), (1007.4, 659.3), (1012.8, 659.0), (1014.3, 654.8), (1015.2, 659.3), (1012.2, 659.0), (1008.6, 659.2), (1015.0, 659.3), (1015.7, 653.3), (1009.3, 659.9), (1010.7, 659.3), (1012.8, 655.9), (1015.0, 659.9), (1014.6, 659.3), (1007.5, 659.0)]",0,7.8
novice,meatboy,10,Stuck,0,0,105.77,0.962,"[(73.0, 653.0), (91.0, 659.3), (91.1, 659.0), (95.3, 659.9), (95.7, 659.3), (95.8, 659.0), (100.0, 659.9), (100.3, 659.3), (100.4, 659.0), (104.7, 659.9), (105.0, 659.3), (105.1, 659.0), (109.3, 659.9), (109.7, 659.3), (109.8, 659.0), (123.3, 659.9), (136.9, 659.3), (156.3, 659.0), (171.9, 659.9), (211.9, 659.3), (251.9, 659.0), (291.9, 659.9), (331.9, 659.3), (371.9, 659.0), (411.9, 659.9), (451.9, 659.3), (491.9, 659.0), (531.9, 659.9), (571.9, 659.3), (611.9, 659.0), (651.9, 659.9), (691.9, 659.3), (731.9, 659.0), (771.9, 659.9), (811.9, 659.3), (851.9, 659.0), (891.9, 659.9), (931.9, 659.3), (971.9, 659.0), (1001.2, 659.9), (1010.7, 659.3), (1015.0, 659.0), (1015.0, 659.9), (1015.0, 659.3), (1015.0, 659.0), (1015.0, 659.9), (1015.0, 659.3), (1015.0, 659.0), (1015.0, 659.9), (1015.0, 659.3), (1015.0, 659.0), (1015.0, 659.9), (1015.0, 659.3), (1015.0, 659.0), (1015.0, 659.9), (1015.0, 659.3), (1015.0, 659.0), (1015.0, 659.9), (1015.0, 659.3), (1015.0, 659.0), (1015.0, 659.9), (1015.0, 659.3), (1015.0, 659.0), (1015.0, 659.9), (1015.0, 659.3), (1015.0, 659.0), (1015.0, 659.9), (1015.0, 659.3), (1015.0, 659.0), (1015.0, 659.9), (1015.0, 659.3), (1015.0, 659.0), (1015.0, 659.9), (1015.0, 659.3)]",0,9.82
novice,meatboy,10,Stuck,0,0,129.92,0.961,"[(73.0, 653.0), (91.0, 659.3), (105.1, 659.0), (115.3, 659.9), (154.8, 659.3), (194.8, 659.0), (234.8, 659.9), (274.8, 659.3), (314.8, 659.0), (354.8, 659.9), (394.8, 659.3), (434.8, 659.0), (474.8, 659.9), (514.8, 659.3), (554.8, 659.0), (594.8, 659.9), (634.8, 659.3), (674.8, 659.0), (714.8, 659.9), (754.8, 659.3), (794.8, 659.0), (834.8, 659.9), (874.8, 659.3), (914.8, 659.0), (954.8, 659.9), (994.8, 659.3), (1015.7, 659.0), (1015.7, 659.9), (1015.7, 659.3), (1015.7, 659.0), (1015.7, 659.9), (1015.7, 659.3), (1015.7, 659.0), (1015.7, 659.9), (1015.7, 659.3), (1015.7, 659.0), (1015.7, 659.9), (1015.7, 659.3), (1015.7, 659.0), (1015.7, 659.9), (1015.7, 659.3), (1015.7, 659.0), (1015.7, 659.9), (1015.7, 659.3), (1015.7, 659.0), (1015.7, 659.9), (1015.7, 659.3), (1015.7, 659.0), (1015.7, 659.9), (1015.7, 659.3), (1015.7, 659.0), (1015.7, 659.9), (1015.7, 659.3), (1015.7, 659.0), (1015.7, 659.9), (1015.7, 659.3), (1015.7, 659.0), (1015.7, 659.9), (1015.7, 659.3), (1015.7, 659.0), (1015.7, 659.9)]",0,8.02
novice,meatboy,10,Stuck,1,0,133.31,0.961,"[(73.0, 653.0), (98.2, 659.3), (138.2, 659.0), (178.2, 659.9), (218.2, 659.3), (258.2, 659.0), (298.2, 659.9), (338.2, 659.3), (378.2, 659.0), (418.2, 659.9), (458.2, 659.3), (498.2, 659.0), (538.2, 659.9), (578.2, 659.3), (618.2, 659.0), (658.2, 659.9), (698.2, 659.3), (738.2, 659.0), (778.2, 659.9), (818.2, 659.3), (858.2, 659.0), (898.2, 659.9), (938.2, 659.3), (978.2, 659.0), (1015.0, 659.9), (1015.0, 659.3), (1015.0, 659.0), (1015.0, 659.9), (1015.0, 659.3), (1015.0, 659.0), (1015.0, 659.9), (1015.0, 659.3), (1015.0, 659.0), (1015.0, 659.9), (1015.0, 659.3), (1015.0, 659.0), (1015.0, 659.9), (1015.0, 659.3), (1015.0, 659.0), (1015.0, 659.9), (1015.0, 659.3), (1015.0, 659.0), (1015.0, 659.9), (1015.0, 659.3), (1015.0, 659.0), (1015.0, 659.9), (1015.0, 659.3), (1015.0, 659.0), (1015.0, 659.9), (1015.0, 659.3), (1015.0, 659.0), (1015.0, 659.9), (1015.0, 659.3), (1015.0, 659.0), (1015.0, 659.9), (1015.0, 659.3), (1015.0, 659.0), (1015.0, 659.9), (1015.0, 659.3)]",0,7.8
novice,meatboy,10,Stuck,1,0,133.31,0.961,"[(73.0, 653.0), (98.2, 659.3), (138.2, 659.0), (178.2, 659.9), (218.2, 659.3), (258.2, 659.0), (298.2, 659.9), (338.2, 659.3), (378.2, 659.0), (418.2, 659.9), (458.2, 659.3), (498.2, 659.0), (538.2, 659.9), (578.2, 659.3), (618.2, 659.0), (658.2, 659.9), (698.2, 659.3), (738.2, 659.0), (778.2, 659.9), (818.2, 659.3), (858.2, 659.0), (898.2, 659.9), (938.2, 659.3), (978.2, 659.0), (1015.0, 659.9), (1015.0, 659.3), (1015.0, 659.0), (1015.0, 659.9), (1015.0, 659.3), (1015.0, 659.0), (1015.0, 659.9), (1015.0, 659.3), (1015.0, 659.0), (1015.0, 659.9), (1015.0, 659.3), (1015.0, 659.0), (1015.0, 659.9), (1015.0, 659.3), (1015.0, 659.0), (1015.0, 659.9), (1015.0, 659.3), (1015.0, 659.0), (1015.0, 659.9), (1015.0, 659.3), (1015.0, 659.0), (1015.0, 659.9), (1015.0, 659.3), (1015.0, 659.0), (1015.0, 659.9), (1015.0, 659.3), (1015.0, 659.0), (1015.0, 659.9), (1015.0, 659.3), (1015.0, 659.0), (1015.0, 659.9), (1015.0, 659.3), (1015.0, 659.0), (1015.0, 659.9), (1015.0, 659.3)]",0,7.8
novice,meatboy,10,Stuck,1,0,20.72,0.792,"[(73.0, 653.0), (55.0, 659.3), (84.7, 659.0), (124.7, 659.9), (164.7, 659.3), (204.7, 659.0), (244.7, 659.9), (266.0, 659.3), (270.7, 659.0), (268.8, 659.9), (272.0, 659.3), (276.7, 659.0), (274.8, 659.9), (278.0, 659.3), (282.7, 659.0), (280.8, 659.9), (284.0, 659.3), (288.7, 659.0), (286.8, 659.9), (290.0, 659.3), (294.7, 659.0), (292.8, 659.9), (296.0, 659.3), (300.7, 659.0), (298.8, 659.9), (302.0, 659.3), (306.7, 659.0), (304.8, 659.9), (308.0, 659.3), (312.7, 659.0), (310.8, 659.9), (314.0, 659.3), (318.7, 659.0), (316.8, 659.9), (320.0, 659.3), (324.7, 659.0), (322.8, 659.9), (326.0, 659.3), (330.7, 659.0), (328.8, 659.9), (332.0, 659.3), (336.7, 659.0), (334.8, 659.9), (338.0, 659.3), (342.7, 659.0), (340.8, 659.9), (344.0, 659.3), (348.7, 659.0), (346.8, 659.9), (350.0, 659.3), (354.7, 659.0), (352.8, 659.9), (356.0, 659.3), (360.7, 659.0), (358.8, 659.9), (362.0, 659.3), (366.7, 659.0), (364.8, 659.9), (368.0, 659.3), (372.7, 659.0), (370.8, 659.9), (374.0, 659.3), (378.7, 659.0), (376.8, 659.9), (380.0, 659.3), (384.7, 659.0), (382.8, 659.9), (386.0, 659.3), (390.7, 659.0), (388.8, 659.9), (392.0, 659.3), (396.7, 659.0), (394.8, 659.9), (398.0, 659.3), (402.7, 659.0), (400.8, 659.9), (404.0, 659.3), (408.7, 659.0), (406.8, 659.9), (410.0, 659.3), (414.7, 659.0), (412.8, 659.9), (416.0, 659.3), (420.7, 659.0), (418.8, 659.9), (422.0, 659.3), (426.7, 659.0), (424.8, 659.9), (428.0, 659.3), (432.7, 659.0), (430.8, 659.9), (434.0, 659.3), (438.7, 659.0), (436.8, 659.9), (440.0, 659.3), (444.7, 659.0), (442.8, 659.9), (446.0, 659.3), (450.7, 659.0), (448.8, 659.9), (452.0, 659.3), (456.7, 659.0), (454.8, 659.9), (458.0, 659.3), (462.7, 659.0), (460.8, 659.9), (464.0, 659.3), (468.7, 659.0), (466.8, 659.9), (470.0, 659.3), (474.7, 659.0), (472.8, 659.9), (476.0, 659.3), (480.7, 659.0), (478.8, 659.9), (482.0, 659.3), (486.7, 659.0), (484.8, 659.9), (488.0, 659.3), (492.7, 659.0), (490.8, 659.9), (494.0, 659.3), (498.7, 659.0), (496.8, 659.9), (500.0, 659.3), (504.7, 659.0), (502.8, 659.9), (506.0, 659.3), (510.7, 659.0), (508.8, 659.9), (512.0, 659.3), (516.7, 659.0), (514.8, 659.9), (518.0, 659.3), (522.7, 659.0), (520.8, 659.9), (524.0, 659.3), (528.7, 659.0), (526.8, 659.9), (530.0, 659.3), (534.7, 659.0), (532.8, 659.9), (536.0, 659.3), (540.7, 659.0), (538.8, 659.9), (542.0, 659.3), (546.7, 659.0), (544.8, 659.9), (548.0, 659.3), (552.7, 659.0), (550.8, 659.9), (554.0, 659.3), (558.7, 659.0), (556.8, 659.9), (583.1, 659.3), (623.1, 659.0), (663.1, 659.9), (703.1, 659.3), (717.5, 659.0), (715.6, 659.9), (718.8, 659.3), (723.5, 659.0), (721.6, 659.9), (724.8, 659.3), (729.5, 659.0), (727.6, 659.9), (730.8, 659.3), (735.5, 659.0), (733.6, 659.9), (736.8, 659.3), (741.5, 659.0), (739.6, 659.9), (742.8, 659.3), (747.5, 659.0), (745.6, 659.9), (748.8, 659.3), (753.5, 659.0), (751.6, 659.9), (754.8, 659.3), (759.5, 659.0), (757.6, 659.9), (760.8, 659.3), (765.5, 659.0), (763.6, 659.9), (766.8, 659.3), (771.5, 659.0), (769.6, 659.9), (772.8, 659.3), (777.5, 659.0), (775.6, 659.9), (778.8, 659.3), (783.5, 659.0), (781.6, 659.9), (784.8, 659.3), (789.5, 659.0), (787.6, 659.9), (790.8, 659.3), (795.5, 659.0), (793.6, 659.9), (796.8, 659.3), (801.5, 659.0), (799.6, 659.9), (802.8, 659.3), (807.5, 659.0), (805.6, 659.9), (808.8, 659.3), (813.5, 659.0), (811.6, 659.9), (814.8, 659.3), (819.5, 659.0), (817.6, 659.9), (820.8, 659.3), (825.5, 659.0), (823.6, 659.9), (826.8, 659.3), (831.5, 659.0), (829.6, 659.9), (832.8, 659.3), (837.5, 659.0), (835.6, 659.9), (838.8, 659.3), (843.5, 659.0), (841.6, 659.9), (844.8, 659.3), (849.5, 659.0), (847.6, 659.9), (850.8, 659.3), (855.5, 659.0), (853.6, 659.9), (856.8, 659.3), (861.5, 659.0), (859.6, 659.9), (862.8, 659.3), (867.5, 659.0), (865.6, 659.9), (868.8, 659.3), (873.5, 659.0), (871.6, 659.9), (874.8, 659.3), (877.1, 635.4), (864.6, 628.4), (866.6, 640.2), (859.7, 659.9), (861.7, 659.3), (859.8, 659.0), (857.7, 659.9), (859.7, 659.3), (857.8, 659.0), (855.7, 659.9), (857.7, 659.3), (855.8, 659.0), (853.7, 659.9), (855.7, 659.3), (853.8, 659.0), (851.7, 659.9), (853.7, 659.3), (851.8, 659.0), (849.7, 659.9), (851.7, 659.3), (849.8, 659.0), (847.7, 659.9), (849.7, 659.3), (847.8, 659.0), (845.7, 659.9), (847.7, 659.3), (845.8, 659.0), (843.7, 659.9), (845.7, 659.3), (843.8, 659.0), (841.7, 659.9), (843.7, 659.3), (841.8, 659.0), (839.7, 659.9), (841.7, 659.3), (839.8, 659.0), (837.7, 659.9), (839.7, 659.3)]",0,36.85
novice,meatboy,10,Stuck,1,0,20.72,0.792,"[(73.0, 653.0), (55.0, 659.3), (84.7, 659.0), (124.7, 659.9), (164.7, 659.3), (204.7, 659.0), (244.7, 659.9), (266.0, 659.3), (270.7, 659.0), (268.8, 659.9), (272.0, 659.3), (276.7, 659.0), (274.8, 659.9), (278.0, 659.3), (282.7, 659.0), (280.8, 659.9), (284.0, 659.3), (288.7, 659.0), (286.8, 659.9), (290.0, 659.3), (294.7, 659.0), (292.8, 659.9), (296.0, 659.3), (300.7, 659.0), (298.8, 659.9), (302.0, 659.3), (306.7, 659.0), (304.8, 659.9), (308.0, 659.3), (312.7, 659.0), (310.8, 659.9), (314.0, 659.3), (318.7, 659.0), (316.8, 659.9), (320.0, 659.3), (324.7, 659.0), (322.8, 659.9), (326.0, 659.3), (330.7, 659.0), (328.8, 659.9), (332.0, 659.3), (336.7, 659.0), (334.8, 659.9), (338.0, 659.3), (342.7, 659.0), (340.8, 659.9), (344.0, 659.3), (348.7, 659.0), (346.8, 659.9), (350.0, 659.3), (354.7, 659.0), (352.8, 659.9), (356.0, 659.3), (360.7, 659.0), (358.8, 659.9), (362.0, 659.3), (366.7, 659.0), (364.8, 659.9), (368.0, 659.3), (372.7, 659.0), (370.8, 659.9), (374.0, 659.3), (378.7, 659.0), (376.8, 659.9), (380.0, 659.3), (384.7, 659.0), (382.8, 659.9), (386.0, 659.3), (390.7, 659.0), (388.8, 659.9), (392.0, 659.3), (396.7, 659.0), (394.8, 659.9), (398.0, 659.3), (402.7, 659.0), (400.8, 659.9), (404.0, 659.3), (408.7, 659.0), (406.8, 659.9), (410.0, 659.3), (414.7, 659.0), (412.8, 659.9), (416.0, 659.3), (420.7, 659.0), (418.8, 659.9), (422.0, 659.3), (426.7, 659.0), (424.8, 659.9), (428.0, 659.3), (432.7, 659.0), (430.8, 659.9), (434.0, 659.3), (438.7, 659.0), (436.8, 659.9), (440.0, 659.3), (444.7, 659.0), (442.8, 659.9), (446.0, 659.3), (450.7, 659.0), (448.8, 659.9), (452.0, 659.3), (456.7, 659.0), (454.8, 659.9), (458.0, 659.3), (462.7, 659.0), (460.8, 659.9), (464.0, 659.3), (468.7, 659.0), (466.8, 659.9), (470.0, 659.3), (474.7, 659.0), (472.8, 659.9), (476.0, 659.3), (480.7, 659.0), (478.8, 659.9), (482.0, 659.3), (486.7, 659.0), (484.8, 659.9), (488.0, 659.3), (492.7, 659.0), (490.8, 659.9), (494.0, 659.3), (498.7, 659.0), (496.8, 659.9), (500.0, 659.3), (504.7, 659.0), (502.8, 659.9), (506.0, 659.3), (510.7, 659.0), (508.8, 659.9), (512.0, 659.3), (516.7, 659.0), (514.8, 659.9), (518.0, 659.3), (522.7, 659.0), (520.8, 659.9), (524.0, 659.3), (528.7, 659.0), (526.8, 659.9), (530.0, 659.3), (534.7, 659.0), (532.8, 659.9), (536.0, 659.3), (540.7, 659.0), (538.8, 659.9), (542.0, 659.3), (546.7, 659.0), (544.8, 659.9), (548.0, 659.3), (552.7, 659.0), (550.8, 659.9), (554.0, 659.3), (558.7, 659.0), (556.8, 659.9), (583.1, 659.3), (623.1, 659.0), (663.1, 659.9), (703.1, 659.3), (717.5, 659.0), (715.6, 659.9), (718.8, 659.3), (723.5, 659.0), (721.6, 659.9), (724.8, 659.3), (729.5, 659.0), (727.6, 659.9), (730.8, 659.3), (735.5, 659.0), (733.6, 659.9), (736.8, 659.3), (741.5, 659.0), (739.6, 659.9), (742.8, 659.3), (747.5, 659.0), (745.6, 659.9), (748.8, 659.3), (753.5, 659.0), (751.6, 659.9), (754.8, 659.3), (759.5, 659.0), (757.6, 659.9), (760.8, 659.3), (765.5, 659.0), (763.6, 659.9), (766.8, 659.3), (771.5, 659.0), (769.6, 659.9), (772.8, 659.3), (777.5, 659.0), (775.6, 659.9), (778.8, 659.3), (783.5, 659.0), (781.6, 659.9), (784.8, 659.3), (789.5, 659.0), (787.6, 659.9), (790.8, 659.3), (795.5, 659.0), (793.6, 659.9), (796.8, 659.3), (801.5, 659.0), (799.6, 659.9), (802.8, 659.3), (807.5, 659.0), (805.6, 659.9), (808.8, 659.3), (813.5, 659.0), (811.6, 659.9), (814.8, 659.3), (819.5, 659.0), (817.6, 659.9), (820.8, 659.3), (825.5, 659.0), (823.6, 659.9), (826.8, 659.3), (831.5, 659.0), (829.6, 659.9), (832.8, 659.3), (837.5, 659.0), (835.6, 659.9), (838.8, 659.3), (843.5, 659.0), (841.6, 659.9), (844.8, 659.3), (849.5, 659.0), (847.6, 659.9), (850.8, 659.3), (855.5, 659.0), (853.6, 659.9), (856.8, 659.3), (861.5, 659.0), (859.6, 659.9), (862.8, 659.3), (867.5, 659.0), (865.6, 659.9), (868.8, 659.3), (873.5, 659.0), (871.6, 659.9), (874.8, 659.3), (877.1, 635.4), (864.6, 628.4), (866.6, 640.2), (859.7, 659.9), (861.7, 659.3), (859.8, 659.0), (857.7, 659.9), (859.7, 659.3), (857.8, 659.0), (855.7, 659.9), (857.7, 659.3), (855.8, 659.0), (853.7, 659.9), (855.7, 659.3), (853.8, 659.0), (851.7, 659.9), (853.7, 659.3), (851.8, 659.0), (849.7, 659.9), (851.7, 659.3), (849.8, 659.0), (847.7, 659.9), (849.7, 659.3), (847.8, 659.0), (845.7, 659.9), (847.7, 659.3), (845.8, 659.0), (843.7, 659.9), (845.7, 659.3), (843.8, 659.0), (841.7, 659.9), (843.7, 659.3), (841.8, 659.0), (839.7, 659.9), (841.7, 659.3), (839.8, 659.0), (837.7, 659.9), (839.7, 659.3)]",0,36.85
novice,meatboy,10,Stuck,1,0,133.31,0.961,"[(73.0, 653.0), (98.2, 659.3), (138.2, 659.0), (178.2, 659.9), (218.2, 659.3), (258.2, 659.0), (298.2, 659.9), (338.2, 659.3), (378.2, 659.0), (418.2, 659.9), (458.2, 659.3), (498.2, 659.0), (538.2, 659.9), (578.2, 659.3), (618.2, 659.0), (658.2, 659.9), (698.2, 659.3), (738.2, 659.0), (778.2, 659.9), (818.2, 659.3), (858.2, 659.0), (898.2, 659.9), (938.2, 659.3), (978.2, 659.0), (1015.0, 659.9), (1015.0, 659.3), (1015.0, 659.0), (1015.0, 659.9), (1015.0, 659.3), (1015.0, 659.0), (1015.0, 659.9), (1015.0, 659.3), (1015.0, 659.0), (1015.0, 659.9), (1015.0, 659.3), (1015.0, 659.0), (1015.0, 659.9), (1015.0, 659.3), (1015.0, 659.0), (1015.0, 659.9), (1015.0, 659.3), (1015.0, 659.0), (1015.0, 659.9), (1015.0, 659.3), (1015.0, 659.0), (1015.0, 659.9), (1015.0, 659.3), (1015.0, 659.0), (1015.0, 659.9), (1015.0, 659.3), (1015.0, 659.0), (1015.0, 659.9), (1015.0, 659.3), (1015.0, 659.0), (1015.0, 659.9), (1015.0, 659.3), (1015.0, 659.0), (1015.0, 659.9), (1015.0, 659.3)]",0,7.8
novice,meatboy,10,Stuck,1,0,133.31,0.961,"[(73.0, 653.0), (98.2, 659.3), (138.2, 659.0), (178.2, 659.9), (218.2, 659.3), (258.2, 659.0), (298.2, 659.9), (338.2, 659.3), (378.2, 659.0), (418.2, 659.9), (458.2, 659.3), (498.2, 659.0), (538.2, 659.9), (578.2, 659.3), (618.2, 659.0), (658.2, 659.9), (698.2, 659.3), (738.2, 659.0), (778.2, 659.9), (818.2, 659.3), (858.2, 659.0), (898.2, 659.9), (938.2, 659.3), (978.2, 659.0), (1015.0, 659.9), (1015.0, 659.3), (1015.0, 659.0), (1015.0, 659.9), (1015.0, 659.3), (1015.0, 659.0), (1015.0, 659.9), (1015.0, 659.3), (1015.0, 659.0), (1015.0, 659.9), (1015.0, 659.3), (1015.0, 659.0), (1015.0, 659.9), (1015.0, 659.3), (1015.0, 659.0), (1015.0, 659.9), (1015.0, 659.3), (1015.0, 659.0), (1015.0, 659.9), (1015.0, 659.3), (1015.0, 659.0), (1015.0, 659.9), (1015.0, 659.3), (1015.0, 659.0), (1015.0, 659.9), (1015.0, 659.3), (1015.0, 659.0), (1015.0, 659.9), (1015.0, 659.3), (1015.0, 659.0), (1015.0, 659.9), (1015.0, 659.3), (1015.0, 659.0), (1015.0, 659.9), (1015.0, 659.3)]",0,7.8
novice,meatboy,10,Stuck,0,0,129.92,0.961,"[(73.0, 653.0), (91.0, 659.3), (105.1, 659.0), (115.3, 659.9), (154.8, 659.3), (194.8, 659.0), (234.8, 659.9), (274.8, 659.3), (314.8, 659.0), (354.8, 659.9), (394.8, 659.3), (434.8, 659.0), (474.8, 659.9), (514.8, 659.3), (554.8, 659.0), (594.8, 659.9), (634.8, 659.3), (674.8, 659.0), (714.8, 659.9), (754.8, 659.3), (794.8, 659.0), (834.8, 659.9), (874.8, 659.3), (914.8, 659.0), (954.8, 659.9), (994.8, 659.3), (1015.7, 659.0), (1015.7, 659.9), (1015.7, 659.3), (1015.7, 659.0), (1015.7, 659.9), (1015.7, 659.3), (1015.7, 659.0), (1015.7, 659.9), (1015.7, 659.3), (1015.7, 659.0), (1015.7, 659.9), (1015.7, 659.3), (1015.7, 659.0), (1015.7, 659.9), (1015.7, 659.3), (1015.7, 659.0), (1015.7, 659.9), (1015.7, 659.3), (1015.7, 659.0), (1015.7, 659.9), (1015.7, 659.3), (1015.7, 659.0), (1015.7, 659.9), (1015.7, 659.3), (1015.7, 659.0), (1015.7, 659.9), (1015.7, 659.3), (1015.7, 659.0), (1015.7, 659.9), (1015.7, 659.3), (1015.7, 659.0), (1015.7, 659.9), (1015.7, 659.3), (1015.7, 659.0), (1015.7, 659.9)]",0,8.02
novice,meatboy,10,Stuck,1,0,133.31,0.961,"[(73.0, 653.0), (98.2, 659.3), (138.2, 659.0), (178.2, 659.9), (218.2, 659.3), (258.2, 659.0), (298.2, 659.9), (338.2, 659.3), (378.2, 659.0), (418.2, 659.9), (458.2, 659.3), (498.2, 659.0), (538.2, 659.9), (578.2, 659.3), (618.2, 659.0), (658.2, 659.9), (698.2, 659.3), (738.2, 659.0), (778.2, 659.9), (818.2, 659.3), (858.2, 659.0), (898.2, 659.9), (938.2, 659.3), (978.2, 659.0), (1015.0, 659.9), (1015.0, 659.3), (1015.0, 659.0), (1015.0, 659.9), (1015.0, 659.3), (1015.0, 659.0), (1015.0, 659.9), (1015.0, 659.3), (1015.0, 659.0), (1015.0, 659.9), (1015.0, 659.3), (1015.0, 659.0), (1015.0, 659.9), (1015.0, 659.3), (1015.0, 659.0), (1015.0, 659.9), (1015.0, 659.3), (1015.0, 659.0), (1015.0, 659.9), (1015.0, 659.3), (1015.0, 659.0), (1015.0, 659.9), (1015.0, 659.3), (1015.0, 659.0), (1015.0, 659.9), (1015.0, 659.3), (1015.0, 659.0), (1015.0, 659.9), (1015.0, 659.3), (1015.0, 659.0), (1015.0, 659.9), (1015.0, 659.3), (1015.0, 659.0), (1015.0, 659.9), (1015.0, 659.3)]",0,7.8
novice,meatboy,10,Stuck,0,0,61.19,0.925,"[(73.0, 653.0), (89.3, 659.3), (109.5, 659.0), (117.9, 659.9), (125.8, 659.3), (134.8, 659.0), (140.6, 659.9), (148.4, 659.3), (157.4, 659.0), (163.3, 659.9), (171.1, 659.3), (180.1, 659.0), (185.9, 659.9), (193.8, 659.3), (202.7, 659.0), (208.6, 659.9), (216.4, 659.3), (225.4, 659.0), (231.2, 659.9), (239.1, 659.3), (248.1, 659.0), (253.9, 659.9), (274.7, 659.3), (290.1, 659.0), (301.4, 659.9), (324.1, 659.3), (339.6, 659.0), (355.4, 659.9), (374.7, 659.3), (384.1, 659.0), (393.4, 659.9), (400.4, 659.3), (406.8, 659.0), (416.1, 659.9), (423.1, 659.3), (429.5, 659.0), (438.8, 659.9), (445.8, 659.3), (452.1, 659.0), (461.4, 659.9), (468.4, 659.3), (486.9, 659.0), (503.4, 659.9), (528.3, 659.3), (547.6, 659.0), (575.8, 659.9), (597.1, 659.3), (611.3, 659.0), (626.9, 659.9), (646.3, 659.3), (655.6, 659.0), (664.9, 659.9), (671.9, 659.3), (678.3, 659.0), (687.6, 659.9), (694.6, 659.3), (701.0, 659.0), (710.2, 659.9), (717.2, 659.3), (723.6, 659.0), (732.9, 659.9), (739.9, 659.3), (746.3, 659.0), (755.6, 659.9), (762.6, 659.3), (769.0, 659.0), (778.2, 659.9), (785.2, 659.3), (791.6, 659.0), (800.9, 659.9), (823.6, 659.3), (840.8, 659.0), (868.1, 659.9), (889.9, 659.3), (917.4, 659.0), (932.6, 659.9), (953.2, 659.3), (970.0, 659.0), (982.9, 659.9), (985.1, 659.3), (983.5, 659.0), (985.9, 659.9), (984.5, 659.3), (982.8, 659.0), (985.2, 659.9), (983.8, 659.3), (982.1, 659.0), (984.6, 659.9), (983.1, 659.3), (981.5, 659.0), (983.9, 659.9), (982.5, 659.3), (980.8, 659.0), (983.2, 659.9), (981.8, 659.3), (980.1, 659.0), (982.6, 659.9), (981.1, 659.3), (979.5, 659.0), (981.9, 659.9), (980.5, 659.3), (978.8, 659.0), (981.2, 659.9), (979.8, 659.3), (978.1, 659.0), (980.6, 659.9), (979.1, 659.3), (977.5, 659.0), (979.9, 659.9), (978.5, 659.3), (976.8, 659.0)]",0,14.77
novice,meatboy,10,Saw,6,0,97.4,0.341,"[(73.0, 653.0), (91.0, 659.3), (62.0, 630.8), (53.8, 586.9), (87.0, 561.7), (127.0, 555.4), (167.0, 563.3), (201.2, 563.0), (176.1, 534.2), (167.8, 531.2), (201.1, 555.9), (222.8, 563.0), (193.7, 525.0), (197.1, 535.6), (235.1, 563.0), (241.6, 563.9), (214.3, 525.9), (229.2, 541.2), (269.2, 563.9), (261.8, 528.3), (275.4, 486.7), (315.3, 463.9), (355.3, 460.0)]",0,2.95
novice,meatboy,10,Stuck,0,0,0.0,0.069,"[(73.0, 653.0), (73.0, 659.3), (73.0, 659.0), (73.0, 659.9), (73.0, 659.3), (73.0, 659.0), (73.0, 659.9), (73.0, 659.3), (73.0, 659.0), (73.0, 659.9), (73.0, 659.3), (73.0, 659.0), (73.0, 659.9), (73.0, 659.3), (73.0, 659.0), (73.0, 659.9), (73.0, 659.3), (73.0, 659.0), (73.0, 659.9), (73.0, 659.3), (73.0, 659.0), (73.0, 659.9), (73.0, 659.3), (73.0, 659.0), (73.0, 659.9), (73.0, 659.3), (73.0, 659.0), (73.0, 659.9), (73.0, 659.3), (73.0, 659.0), (73.0, 659.9), (73.0, 659.3), (73.0, 659.0), (73.0, 659.9), (73.0, 659.3), (73.0, 659.0), (73.0, 659.9), (73.0, 659.3)]",0,5.02
novice,meatboy,10,Stuck,2,0,133.31,0.961,"[(73.0, 653.0), (98.2, 659.3), (138.2, 659.0), (178.2, 659.9), (218.2, 659.3), (258.2, 659.0), (298.2, 659.9), (338.2, 659.3), (378.2, 659.0), (418.2, 659.9), (458.2, 659.3), (498.2, 659.0), (538.2, 659.9), (578.2, 659.3), (618.2, 659.0), (658.2, 659.9), (698.2, 659.3), (738.2, 659.0), (778.2, 659.9), (818.2, 659.3), (858.2, 659.0), (898.2, 659.9), (938.2, 659.3), (978.2, 659.0), (1015.0, 653.9), (1015.0, 659.0), (1015.0, 659.9), (1015.0, 659.3), (1015.0, 659.0), (1015.0, 659.9), (1015.0, 659.3), (1015.0, 659.0), (1015.0, 659.9), (1015.0, 659.3), (1015.0, 659.0), (1015.0, 659.9), (1015.0, 659.3), (1015.0, 659.0), (1015.0, 659.9), (1015.0, 659.3), (1015.0, 659.0), (1015.0, 659.9), (1015.0, 659.3), (1015.0, 659.0), (1015.0, 659.9), (1015.0, 659.3), (1015.0, 659.0), (1015.0, 659.9), (1015.0, 659.3), (1015.0, 659.0), (1015.0, 659.9), (1015.0, 659.3), (1015.0, 659.0), (1015.0, 659.9), (1015.0, 659.3), (1015.0, 659.0), (1015.0, 659.9), (1015.0, 659.3), (1015.0, 659.0)]",0,7.8
novice,meatboy,10,Stuck,1,0,133.31,0.961,"[(73.0, 653.0), (98.2, 659.3), (138.2, 659.0), (178.2, 659.9), (218.2, 659.3), (258.2, 659.0), (298.2, 659.9), (338.2, 659.3), (378.2, 659.0), (418.2, 659.9), (458.2, 659.3), (498.2, 659.0), (538.2, 659.9), (578.2, 659.3), (618.2, 659.0), (658.2, 659.9), (698.2, 659.3), (738.2, 659.0), (778.2, 659.9), (818.2, 659.3), (858.2, 659.0), (898.2, 659.9), (938.2, 659.3), (978.2, 659.0), (1015.0, 659.9), (1015.0, 659.3), (1015.0, 659.0), (1015.0, 659.9), (1015.0, 659.3), (1015.0, 659.0), (1015.0, 659.9), (1015.0, 659.3), (1015.0, 659.0), (1015.0, 659.9), (1015.0, 659.3), (1015.0, 659.0), (1015.0, 659.9), (1015.0, 659.3), (1015.0, 659.0), (1015.0, 659.9), (1015.0, 659.3), (1015.0, 659.0), (1015.0, 659.9), (1015.0, 659.3), (1015.0, 659.0), (1015.0, 659.9), (1015.0, 659.3), (1015.0, 659.0), (1015.0, 659.9), (1015.0, 659.3), (1015.0, 659.0), (1015.0, 659.9), (1015.0, 659.3), (1015.0, 659.0), (1015.0, 659.9), (1015.0, 659.3), (1015.0, 659.0), (1015.0, 659.9), (1015.0, 659.3)]",0,7.8
novice,meatboy,10,Stuck,1,0,133.31,0.961,"[(73.0, 653.0), (98.2, 659.3), (138.2, 659.0), (178.2, 659.9), (218.2, 659.3), (258.2, 659.0), (298.2, 659.9), (338.2, 659.3), (378.2, 659.0), (418.2, 659.9), (458.2, 659.3), (498.2, 659.0), (538.2, 659.9), (578.2, 659.3), (618.2, 659.0), (658.2, 659.9), (698.2, 659.3), (738.2, 659.0), (778.2, 659.9), (818.2, 659.3), (858.2, 659.0), (898.2, 659.9), (938.2, 659.3), (978.2, 659.0), (1015.0, 659.9), (1015.0, 659.3), (1015.0, 659.0), (1015.0, 659.9), (1015.0, 659.3), (1015.0, 659.0), (1015.0, 659.9), (1015.0, 659.3), (1015.0, 659.0), (1015.0, 659.9), (1015.0, 659.3), (1015.0, 659.0), (1015.0, 659.9), (1015.0, 659.3), (1015.0, 659.0), (1015.0, 659.9), (1015.0, 659.3), (1015.0, 659.0), (1015.0, 659.9), (1015.0, 659.3), (1015.0, 659.0), (1015.0, 659.9), (1015.0, 659.3), (1015.0, 659.0), (1015.0, 659.9), (1015.0, 659.3), (1015.0, 659.0), (1015.0, 659.9), (1015.0, 659.3), (1015.0, 659.0), (1015.0, 659.9), (1015.0, 659.3), (1015.0, 659.0), (1015.0, 659.9), (1015.0, 659.3)]",0,7.8
novice,meatboy,10,Stuck,2,0,133.31,0.961,"[(73.0, 653.0), (98.2, 659.3), (138.2, 659.0), (178.2, 659.9), (218.2, 659.3), (258.2, 659.0), (298.2, 659.9), (338.2, 659.3), (378.2, 659.0), (418.2, 659.9), (458.2, 659.3), (498.2, 659.0), (538.2, 659.9), (578.2, 659.3), (618.2, 659.0), (658.2, 659.9), (698.2, 659.3), (738.2, 659.0), (778.2, 659.9), (818.2, 659.3), (858.2, 659.0), (898.2, 659.9), (938.2, 659.3), (978.2, 659.0), (1015.0, 653.9), (1015.0, 659.0), (1015.0, 659.9), (1015.0, 659.3), (1015.0, 659.0), (1015.0, 659.9), (1015.0, 659.3), (1015.0, 659.0), (1015.0, 659.9), (1015.0, 659.3), (1015.0, 659.0), (1015.0, 659.9), (1015.0, 659.3), (1015.0, 659.0), (1015.0, 659.9), (1015.0, 659.3), (1015.0, 659.0), (1015.0, 659.9), (1015.0, 659.3), (1015.0, 659.0), (1015.0, 659.9), (1015.0, 659.3), (1015.0, 659.0), (1015.0, 659.9), (1015.0, 659.3), (1015.0, 659.0), (1015.0, 659.9), (1015.0, 659.3), (1015.0, 659.0), (1015.0, 659.9), (1015.0, 659.3), (1015.0, 659.0), (1015.0, 659.9), (1015.0, 659.3), (1015.0, 659.0)]",0,7.8
novice,meatboy,10,Stuck,0,0,61.19,0.925,"[(73.0, 653.0), (89.3, 659.3), (109.5, 659.0), (117.9, 659.9), (125.8, 659.3), (134.8, 659.0), (140.6, 659.9), (148.4, 659.3), (157.4, 659.0), (163.3, 659.9), (171.1, 659.3), (180.1, 659.0), (185.9, 659.9), (193.8, 659.3), (202.7, 659.0), (208.6, 659.9), (216.4, 659.3), (225.4, 659.0), (231.2, 659.9), (239.1, 659.3), (248.1, 659.0), (253.9, 659.9), (274.7, 659.3), (290.1, 659.0), (301.4, 659.9), (324.1, 659.3), (339.6, 659.0), (355.4, 659.9), (374.7, 659.3), (384.1, 659.0), (393.4, 659.9), (400.4, 659.3), (406.8, 659.0), (416.1, 659.9), (423.1, 659.3), (429.5, 659.0), (438.8, 659.9), (445.8, 659.3), (452.1, 659.0), (461.4, 659.9), (468.4, 659.3), (486.9, 659.0), (503.4, 659.9), (528.3, 659.3), (547.6, 659.0), (575.8, 659.9), (597.1, 659.3), (611.3, 659.0), (626.9, 659.9), (646.3, 659.3), (655.6, 659.0), (664.9, 659.9), (671.9, 659.3), (678.3, 659.0), (687.6, 659.9), (694.6, 659.3), (701.0, 659.0), (710.2, 659.9), (717.2, 659.3), (723.6, 659.0), (732.9, 659.9), (739.9, 659.3), (746.3, 659.0), (755.6, 659.9), (762.6, 659.3), (769.0, 659.0), (778.2, 659.9), (785.2, 659.3), (791.6, 659.0), (800.9, 659.9), (823.6, 659.3), (840.8, 659.0), (868.1, 659.9), (889.9, 659.3), (917.4, 659.0), (932.6, 659.9), (953.2, 659.3), (970.0, 659.0), (982.9, 659.9), (985.1, 659.3), (983.5, 659.0), (985.9, 659.9), (984.5, 659.3), (982.8, 659.0), (985.2, 659.9), (983.8, 659.3), (982.1, 659.0), (984.6, 659.9), (983.1, 659.3), (981.5, 659.0), (983.9, 659.9), (982.5, 659.3), (980.8, 659.0), (983.2, 659.9), (981.8, 659.3), (980.1, 659.0), (982.6, 659.9), (981.1, 659.3), (979.5, 659.0), (981.9, 659.9), (980.5, 659.3), (978.8, 659.0), (981.2, 659.9), (979.8, 659.3), (978.1, 659.0), (980.6, 659.9), (979.1, 659.3), (977.5, 659.0), (979.9, 659.9), (978.5, 659.3), (976.8, 659.0)]",0,14.77
novice,meatboy,10,Stuck,1,0,133.31,0.961,"[(73.0, 653.0), (98.2, 659.3), (138.2, 659.0), (178.2, 659.9), (218.2, 659.3), (258.2, 659.0), (298.2, 659.9), (338.2, 659.3), (378.2, 659.0), (418.2, 659.9), (458.2, 659.3), (498.2, 659.0), (538.2, 659.9), (578.2, 659.3), (618.2, 659.0), (658.2, 659.9), (698.2, 659.3), (738.2, 659.0), (778.2, 659.9), (818.2, 659.3), (858.2, 659.0), (898.2, 659.9), (938.2, 659.3), (978.2, 659.0), (1015.0, 659.9), (1015.0, 659.3), (1015.0, 659.0), (1015.0, 659.9), (1015.0, 659.3), (1015.0, 659.0), (1015.0, 659.9), (1015.0, 659.3), (1015.0, 659.0), (1015.0, 659.9), (1015.0, 659.3), (1015.0, 659.0), (1015.0, 659.9), (1015.0, 659.3), (1015.0, 659.0), (1015.0, 659.9), (1015.0, 659.3), (1015.0, 659.0), (1015.0, 659.9), (1015.0, 659.3), (1015.0, 659.0), (1015.0, 659.9), (1015.0, 659.3), (1015.0, 659.0), (1015.0, 659.9), (1015.0, 659.3), (1015.0, 659.0), (1015.0, 659.9), (1015.0, 659.3), (1015.0, 659.0), (1015.0, 659.9), (1015.0, 659.3), (1015.0, 659.0), (1015.0, 659.9), (1015.0, 659.3)]",0,7.8
novice,meatboy,10,Stuck,1,0,109.32,0.939,"[(73.0, 653.0), (98.2, 659.3), (138.2, 659.0), (172.2, 659.9), (204.4, 659.3), (235.6, 659.0), (257.4, 659.9), (289.1, 659.3), (329.1, 659.0), (369.1, 659.9), (409.1, 659.3), (449.1, 659.0), (489.1, 659.9), (529.1, 659.3), (568.1, 659.0), (589.9, 659.9), (604.6, 659.3), (629.3, 659.0), (648.6, 659.9), (676.9, 659.3), (697.8, 659.0), (716.6, 659.9), (756.6, 659.3), (796.6, 659.0), (836.6, 659.9), (876.6, 659.3), (916.6, 659.0), (950.6, 659.9), (971.9, 659.3), (971.2, 659.0), (978.4, 659.9), (976.1, 659.3), (972.3, 659.0), (972.9, 659.9), (975.3, 659.3), (979.1, 659.0), (976.3, 659.9), (978.6, 659.3), (982.4, 659.0), (979.6, 659.9), (981.9, 659.3), (985.7, 659.0), (982.9, 659.9), (985.3, 659.3), (989.1, 659.0), (991.3, 659.9), (991.3, 659.3), (991.3, 659.0), (991.3, 659.9), (991.3, 659.3), (991.3, 659.0), (991.3, 659.9), (991.3, 659.3), (991.3, 659.0), (991.3, 659.9), (991.3, 659.3), (991.3, 659.0), (991.3, 659.9), (991.3, 659.3), (991.3, 659.0), (991.3, 659.9), (991.3, 659.3), (991.3, 659.0), (991.3, 659.9)]",0,8.4
novice,meatboy,10,Stuck,0,0,18.43,0.193,"[(73.0, 653.0), (84.3, 659.3), (90.6, 659.0), (99.9, 659.9), (106.9, 659.3), (113.3, 659.0), (122.6, 659.9), (129.6, 659.3), (136.0, 659.0), (145.3, 659.9), (152.3, 659.3), (158.6, 659.0), (167.9, 659.9), (174.9, 659.3), (181.3, 659.0), (190.6, 659.9), (197.6, 659.3), (203.3, 659.0), (203.3, 659.9), (203.3, 659.3), (203.3, 659.0), (203.3, 659.9), (203.3, 659.3), (203.3, 659.0), (203.3, 659.9), (203.3, 659.3), (203.3, 659.0), (203.3, 659.9), (203.3, 659.3), (203.3, 659.0), (203.3, 659.9), (203.3, 659.3), (203.3, 659.0), (203.3, 659.9), (203.3, 659.3), (203.3, 659.0), (203.3, 659.9), (203.3, 659.3), (203.3, 659.0), (203.3, 659.9), (203.3, 659.3), (203.3, 659.0), (203.3, 659.9), (203.3, 659.3), (203.3, 659.0), (203.3, 659.9), (203.3, 659.3), (203.3, 659.0), (203.3, 659.9), (203.3, 659.3), (203.3, 659.0), (203.3, 659.9), (203.3, 659.3), (203.3, 659.0)]",0,7.07
novice,meatboy,10,Stuck,32,0,23.51,0.206,"[(73.0, 653.0), (98.2, 659.3), (138.2, 659.0), (157.0, 659.9), (173.9, 659.3), (189.6, 659.0), (204.0, 659.9), (218.4, 659.3), (238.8, 659.0), (246.6, 631.9), (226.7, 629.6), (229.9, 646.1), (238.9, 645.6), (219.0, 643.2), (222.2, 659.7), (228.8, 631.3), (208.9, 629.0), (212.1, 645.5), (221.1, 645.6), (231.6, 643.2), (243.4, 659.7), (229.7, 650.3), (217.3, 659.8), (226.6, 659.3), (241.9, 659.0), (243.6, 628.7), (230.8, 631.1), (220.9, 652.3), (222.6, 650.2), (209.8, 654.9), (220.2, 631.1), (205.7, 628.7), (189.7, 645.3), (211.0, 659.3), (222.8, 632.9), (207.1, 628.3), (207.3, 642.4), (219.1, 647.2), (215.0, 642.5), (208.0, 656.6), (206.7, 636.5), (192.1, 638.9), (180.4, 659.0), (190.1, 628.7), (196.9, 631.1), (209.4, 652.3), (219.1, 643.2)]",0,6.15
novice,meatboy,10,Stuck,1,0,133.31,0.961,"[(73.0, 653.0), (98.2, 659.3), (138.2, 659.0), (178.2, 659.9), (218.2, 659.3), (258.2, 659.0), (298.2, 659.9), (338.2, 659.3), (378.2, 659.0), (418.2, 659.9), (458.2, 659.3), (498.2, 659.0), (538.2, 659.9), (578.2, 659.3), (618.2, 659.0), (658.2, 659.9), (698.2, 659.3), (738.2, 659.0), (778.2, 659.9), (818.2, 659.3), (858.2, 659.0), (898.2, 659.9), (938.2, 659.3), (978.2, 659.0), (1015.0, 659.9), (1015.0, 659.3), (1015.0, 659.0), (1015.0, 659.9), (1015.0, 659.3), (1015.0, 659.0), (1015.0, 659.9), (1015.0, 659.3), (1015.0, 659.0), (1015.0, 659.9), (1015.0, 659.3), (1015.0, 659.0), (1015.0, 659.9), (1015.0, 659.3), (1015.0, 659.0), (1015.0, 659.9), (1015.0, 659.3), (1015.0, 659.0), (1015.0, 659.9), (1015.0, 659.3), (1015.0, 659.0), (1015.0, 659.9), (1015.0, 659.3), (1015.0, 659.0), (1015.0, 659.9), (1015.0, 659.3), (1015.0, 659.0), (1015.0, 659.9), (1015.0, 659.3), (1015.0, 659.0), (1015.0, 659.9), (1015.0, 659.3), (1015.0, 659.0), (1015.0, 659.9), (1015.0, 659.3)]",0,7.8
novice,meatboy,10,Stuck,1,0,35.27,0.263,"[(73.0, 653.0), (73.0, 659.3), (93.2, 659.0), (133.2, 659.9), (173.2, 659.3), (213.2, 659.0), (253.2, 659.9), (278.2, 659.3), (278.2, 659.0), (278.2, 659.9), (278.2, 659.3), (278.2, 659.0), (278.2, 659.9), (278.2, 659.3), (278.2, 659.0), (278.2, 659.9), (278.2, 659.3), (278.2, 659.0), (278.2, 659.9), (278.2, 659.3), (278.2, 659.0), (278.2, 659.9), (278.2, 659.3), (278.2, 659.0), (278.2, 659.9), (278.2, 659.3), (278.2, 659.0), (278.2, 659.9), (278.2, 659.3), (278.2, 659.0), (278.2, 659.9), (278.2, 659.3), (278.2, 659.0), (278.2, 659.9), (278.2, 659.3), (278.2, 659.0), (278.2, 659.9), (278.2, 659.3), (278.2, 659.0), (278.2, 659.9), (278.2, 659.3), (278.2, 659.0), (278.2, 659.9), (278.2, 659.3)]",0,5.82
novice,meatboy,10,Stuck,16,0,93.01,0.807,"[(73.0, 653.0), (98.2, 659.3), (112.6, 652.2), (121.8, 601.1), (151.7, 568.9), (171.2, 555.6), (211.2, 561.1), (251.2, 563.0), (291.2, 563.9), (331.2, 571.2), (371.2, 598.3), (411.2, 644.3), (451.2, 659.9), (491.2, 659.3), (531.2, 659.0), (571.2, 659.9), (611.2, 659.3), (651.2, 659.0), (691.2, 659.9), (731.2, 659.3), (771.2, 659.0), (811.2, 659.9), (851.2, 659.3), (891.2, 659.0), (931.2, 659.9), (947.3, 624.3), (983.0, 608.8), (921.0, 557.0), (864.3, 527.0), (853.9, 529.4), (885.8, 550.6), (925.8, 590.6), (965.8, 649.6), (983.0, 636.8), (980.8, 590.4), (980.8, 562.9), (983.0, 554.3), (983.0, 564.5), (983.0, 593.5), (921.0, 551.6), (864.3, 521.6), (853.9, 524.0), (885.8, 545.2), (925.8, 585.3), (965.8, 644.2), (983.0, 636.8), (980.8, 590.4), (980.8, 562.9), (983.0, 554.3), (983.0, 564.5), (983.0, 593.5), (921.0, 551.6), (864.3, 521.6), (853.9, 524.0), (885.8, 545.2), (925.8, 585.3), (965.8, 644.2), (983.0, 636.8), (980.8, 590.4), (980.8, 562.9), (983.0, 554.3), (983.0, 564.5), (983.0, 593.5), (921.0, 551.6), (864.3, 521.6)]",0,8.63
novice,meatboy,10,Stuck,16,0,93.01,0.807,"[(73.0, 653.0), (98.2, 659.3), (112.6, 652.2), (121.8, 601.1), (151.7, 568.9), (171.2, 555.6), (211.2, 561.1), (251.2, 563.0), (291.2, 563.9), (331.2, 571.2), (371.2, 598.3), (411.2, 644.3), (451.2, 659.9), (491.2, 659.3), (531.2, 659.0), (571.2, 659.9), (611.2, 659.3), (651.2, 659.0), (691.2, 659.9), (731.2, 659.3), (771.2, 659.0), (811.2, 659.9), (851.2, 659.3), (891.2, 659.0), (931.2, 659.9), (947.3, 624.3), (983.0, 608.8), (921.0, 557.0), (864.3, 527.0), (853.9, 529.4), (885.8, 550.6), (925.8, 590.6), (965.8, 649.6), (983.0, 636.8), (980.8, 590.4), (980.8, 562.9), (983.0, 554.3), (983.0, 564.5), (983.0, 593.5), (921.0, 551.6), (864.3, 521.6), (853.9, 524.0), (885.8, 545.2), (925.8, 585.3), (965.8, 644.2), (983.0, 636.8), (980.8, 590.4), (980.8, 562.9), (983.0, 554.3), (983.0, 564.5), (983.0, 593.5), (921.0, 551.6), (864.3, 521.6), (853.9, 524.0), (885.8, 545.2), (925.8, 585.3), (965.8, 644.2), (983.0, 636.8), (980.8, 590.4), (980.8, 562.9), (983.0, 554.3), (983.0, 564.5), (983.0, 593.5), (921.0, 551.6), (864.3, 521.6)]",0,8.63
novice,meatboy,10,Stuck,1,0,133.31,0.961,"[(73.0, 653.0), (98.2, 659.3), (138.2, 659.0), (178.2, 659.9), (218.2, 659.3), (258.2, 659.0), (298.2, 659.9), (338.2, 659.3), (378.2, 659.0), (418.2, 659.9), (458.2, 659.3), (498.2, 659.0), (538.2, 659.9), (578.2, 659.3), (618.2, 659.0), (658.2, 659.9), (698.2, 659.3), (738.2, 659.0), (778.2, 659.9), (818.2, 659.3), (858.2, 659.0), (898.2, 659.9), (938.2, 659.3), (978.2, 659.0), (1015.0, 659.9), (1015.0, 659.3), (1015.0, 659.0), (1015.0, 659.9), (1015.0, 659.3), (1015.0, 659.0), (1015.0, 659.9), (1015.0, 659.3), (1015.0, 659.0), (1015.0, 659.9), (1015.0, 659.3), (1015.0, 659.0), (1015.0, 659.9), (1015.0, 659.3), (1015.0, 659.0), (1015.0, 659.9), (1015.0, 659.3), (1015.0, 659.0), (1015.0, 659.9), (1015.0, 659.3), (1015.0, 659.0), (1015.0, 659.9), (1015.0, 659.3), (1015.0, 659.0), (1015.0, 659.9), (1015.0, 659.3), (1015.0, 659.0), (1015.0, 659.9), (1015.0, 659.3), (1015.0, 659.0), (1015.0, 659.9), (1015.0, 659.3), (1015.0, 659.0), (1015.0, 659.9), (1015.0, 659.3)]",0,7.8
novice,meatboy,10,Stuck,1,0,109.32,0.939,"[(73.0, 653.0), (98.2, 659.3), (138.2, 659.0), (172.2, 659.9), (204.4, 659.3), (235.6, 659.0), (257.4, 659.9), (289.1, 659.3), (329.1, 659.0), (369.1, 659.9), (409.1, 659.3), (449.1, 659.0), (489.1, 659.9), (529.1, 659.3), (568.1, 659.0), (589.9, 659.9), (604.6, 659.3), (629.3, 659.0), (648.6, 659.9), (676.9, 659.3), (697.8, 659.0), (716.6, 659.9), (756.6, 659.3), (796.6, 659.0), (836.6, 659.9), (876.6, 659.3), (916.6, 659.0), (950.6, 659.9), (971.9, 659.3), (971.2, 659.0), (978.4, 659.9), (976.1, 659.3), (972.3, 659.0), (972.9, 659.9), (975.3, 659.3), (979.1, 659.0), (976.3, 659.9), (978.6, 659.3), (982.4, 659.0), (979.6, 659.9), (981.9, 659.3), (985.7, 659.0), (982.9, 659.9), (985.3, 659.3), (989.1, 659.0), (991.3, 659.9), (991.3, 659.3), (991.3, 659.0), (991.3, 659.9), (991.3, 659.3), (991.3, 659.0), (991.3, 659.9), (991.3, 659.3), (991.3, 659.0), (991.3, 659.9), (991.3, 659.3), (991.3, 659.0), (991.3, 659.9), (991.3, 659.3), (991.3, 659.0), (991.3, 659.9), (991.3, 659.3), (991.3, 659.0), (991.3, 659.9)]",0,8.4
novice,meatboy,10,Stuck,1,0,133.31,0.961,"[(73.0, 653.0), (98.2, 659.3), (138.2, 659.0), (178.2, 659.9), (218.2, 659.3), (258.2, 659.0), (298.2, 659.9), (338.2, 659.3), (378.2, 659.0), (418.2, 659.9), (458.2, 659.3), (498.2, 659.0), (538.2, 659.9), (578.2, 659.3), (618.2, 659.0), (658.2, 659.9), (698.2, 659.3), (738.2, 659.0), (778.2, 659.9), (818.2, 659.3), (858.2, 659.0), (898.2, 659.9), (938.2, 659.3), (978.2, 659.0), (1015.0, 659.9), (1015.0, 659.3), (1015.0, 659.0), (1015.0, 659.9), (1015.0, 659.3), (1015.0, 659.0), (1015.0, 659.9), (1015.0, 659.3), (1015.0, 659.0), (1015.0, 659.9), (1015.0, 659.3), (1015.0, 659.0), (1015.0, 659.9), (1015.0, 659.3), (1015.0, 659.0), (1015.0, 659.9), (1015.0, 659.3), (1015.0, 659.0), (1015.0, 659.9), (1015.0, 659.3), (1015.0, 659.0), (1015.0, 659.9), (1015.0, 659.3), (1015.0, 659.0), (1015.0, 659.9), (1015.0, 659.3), (1015.0, 659.0), (1015.0, 659.9), (1015.0, 659.3), (1015.0, 659.0), (1015.0, 659.9), (1015.0, 659.3), (1015.0, 659.0), (1015.0, 659.9), (1015.0, 659.3)]",0,7.8
novice,meatboy,10,Stuck,2,0,133.31,0.961,"[(73.0, 653.0), (98.2, 659.3), (138.2, 659.0), (178.2, 659.9), (218.2, 659.3), (258.2, 659.0), (298.2, 659.9), (338.2, 659.3), (378.2, 659.0), (418.2, 659.9), (458.2, 659.3), (498.2, 659.0), (538.2, 659.9), (578.2, 659.3), (618.2, 659.0), (658.2, 659.9), (698.2, 659.3), (738.2, 659.0), (778.2, 659.9), (818.2, 659.3), (858.2, 659.0), (898.2, 659.9), (938.2, 659.3), (978.2, 659.0), (1015.0, 653.9), (1015.0, 659.0), (1015.0, 659.9), (1015.0, 659.3), (1015.0, 659.0), (1015.0, 659.9), (1015.0, 659.3), (1015.0, 659.0), (1015.0, 659.9), (1015.0, 659.3), (1015.0, 659.0), (1015.0, 659.9), (1015.0, 659.3), (1015.0, 659.0), (1015.0, 659.9), (1015.0, 659.3), (1015.0, 659.0), (1015.0, 659.9), (1015.0, 659.3), (1015.0, 659.0), (1015.0, 659.9), (1015.0, 659.3), (1015.0, 659.0), (1015.0, 659.9), (1015.0, 659.3), (1015.0, 659.0), (1015.0, 659.9), (1015.0, 659.3), (1015.0, 659.0), (1015.0, 659.9), (1015.0, 659.3), (1015.0, 659.0), (1015.0, 659.9), (1015.0, 659.3), (1015.0, 659.0)]",0,7.8
novice,meatboy,10,Stuck,1,0,133.31,0.961,"[(73.0, 653.0), (98.2, 659.3), (138.2, 659.0), (178.2, 659.9), (218.2, 659.3), (258.2, 659.0), (298.2, 659.9), (338.2, 659.3), (378.2, 659.0), (418.2, 659.9), (458.2, 659.3), (498.2, 659.0), (538.2, 659.9), (578.2, 659.3), (618.2, 659.0), (658.2, 659.9), (698.2, 659.3), (738.2, 659.0), (778.2, 659.9), (818.2, 659.3), (858.2, 659.0), (898.2, 659.9), (938.2, 659.3), (978.2, 659.0), (1015.0, 659.9), (1015.0, 659.3), (1015.0, 659.0), (1015.0, 659.9), (1015.0, 659.3), (1015.0, 659.0), (1015.0, 659.9), (1015.0, 659.3), (1015.0, 659.0), (1015.0, 659.9), (1015.0, 659.3), (1015.0, 659.0), (1015.0, 659.9), (1015.0, 659.3), (1015.0, 659.0), (1015.0, 659.9), (1015.0, 659.3), (1015.0, 659.0), (1015.0, 659.9), (1015.0, 659.3), (1015.0, 659.0), (1015.0, 659.9), (1015.0, 659.3), (1015.0, 659.0), (1015.0, 659.9), (1015.0, 659.3), (1015.0, 659.0), (1015.0, 659.9), (1015.0, 659.3), (1015.0, 659.0), (1015.0, 659.9), (1015.0, 659.3), (1015.0, 659.0), (1015.0, 659.9), (1015.0, 659.3)]",0,7.8
novice,meatboy,10,Stuck,0,0,-6.01,0.039,"[(73.0, 653.0), (47.8, 659.3), (41.0, 659.0), (41.0, 659.9), (41.0, 659.3), (41.0, 659.0), (41.0, 659.9), (41.0, 659.3), (41.0, 659.0), (41.0, 659.9), (41.0, 659.3), (41.0, 659.0), (41.0, 659.9), (41.0, 659.3), (41.0, 659.0), (41.0, 659.9), (41.0, 659.3), (41.0, 659.0), (41.0, 659.9), (41.0, 659.3), (41.0, 659.0), (41.0, 659.9), (41.0, 659.3), (41.0, 659.0), (41.0, 659.9), (41.0, 659.3), (41.0, 659.0), (41.0, 659.9), (41.0, 659.3), (41.0, 659.0), (41.0, 659.9), (41.0, 659.3), (41.0, 659.0), (41.0, 659.9), (41.0, 659.3), (41.0, 659.0), (41.0, 659.9), (41.0, 659.3)]",0,5.02
novice,meatboy,10,Stuck,2,0,41.89,0.323,"[(73.0, 653.0), (93.8, 659.3), (109.2, 659.0), (134.7, 659.9), (154.7, 659.3), (183.1, 659.0), (205.0, 659.9), (221.5, 659.3), (246.3, 659.0), (258.8, 659.9), (269.7, 621.9), (308.2, 637.2), (339.8, 659.9), (341.1, 659.3), (341.1, 659.0), (341.1, 659.9), (341.1, 659.3), (341.1, 659.0), (341.1, 659.9), (341.1, 659.3), (341.1, 659.0), (341.1, 659.9), (341.1, 659.3), (341.1, 659.0), (341.1, 659.9), (341.1, 659.3), (341.1, 659.0), (341.1, 659.9), (341.1, 659.3), (341.1, 659.0), (341.1, 659.9), (341.1, 659.3), (341.1, 659.0), (341.1, 659.9), (341.1, 659.3), (341.1, 659.0), (341.1, 659.9), (341.1, 659.3), (341.1, 659.0), (341.1, 659.9), (341.1, 659.3), (341.1, 659.0), (341.1, 659.9), (341.1, 659.3), (341.1, 659.0), (341.1, 659.9), (341.1, 659.3), (341.1, 659.0), (341.1, 659.9)]",0,6.4
novice,meatboy,10,Stuck,0,0,0.0,0.069,"[(73.0, 653.0), (73.0, 659.3), (73.0, 659.0), (73.0, 659.9), (73.0, 659.3), (73.0, 659.0), (73.0, 659.9), (73.0, 659.3), (73.0, 659.0), (73.0, 659.9), (73.0, 659.3), (73.0, 659.0), (73.0, 659.9), (73.0, 659.3), (73.0, 659.0), (73.0, 659.9), (73.0, 659.3), (73.0, 659.0), (73.0, 659.9), (73.0, 659.3), (73.0, 659.0), (73.0, 659.9), (73.0, 659.3), (73.0, 659.0), (73.0, 659.9), (73.0, 659.3), (73.0, 659.0), (73.0, 659.9), (73.0, 659.3), (73.0, 659.0), (73.0, 659.9), (73.0, 659.3), (73.0, 659.0), (73.0, 659.9), (73.0, 659.3), (73.0, 659.0), (73.0, 659.9), (73.0, 659.3)]",0,5.02
novice,meatboy,10,Saw,7,0,111.21,0.447,"[(73.0, 653.0), (98.2, 644.1), (138.2, 595.4), (151.7, 568.8), (151.0, 566.5), (151.7, 583.0), (89.7, 557.1), (41.7, 554.7), (71.2, 571.2), (111.2, 606.6), (149.9, 659.0), (187.8, 659.9), (221.8, 659.3), (243.1, 659.0), (259.0, 659.9), (297.6, 631.3), (337.6, 629.0), (377.6, 645.5), (414.3, 659.3), (454.3, 629.0), (494.3, 631.4), (533.8, 652.6), (573.8, 617.2), (599.0, 579.6), (599.0, 572.5), (599.0, 584.3), (528.1, 552.9), (477.2, 552.9)]",0,3.63
novice,meatboy,10,Stuck,16,0,93.01,0.807,"[(73.0, 653.0), (98.2, 659.3), (112.6, 652.2), (121.8, 601.1), (151.7, 568.9), (171.2, 555.6), (211.2, 561.1), (251.2, 563.0), (291.2, 563.9), (331.2, 571.2), (371.2, 598.3), (411.2, 644.3), (451.2, 659.9), (491.2, 659.3), (531.2, 659.0), (571.2, 659.9), (611.2, 659.3), (651.2, 659.0), (691.2, 659.9), (731.2, 659.3), (771.2, 659.0), (811.2, 659.9), (851.2, 659.3), (891.2, 659.0), (931.2, 659.9), (947.3, 624.3), (983.0, 608.8), (921.0, 557.0), (864.3, 527.0), (853.9, 529.4), (885.8, 550.6), (925.8, 590.6), (965.8, 649.6), (983.0, 636.8), (980.8, 590.4), (980.8, 562.9), (983.0, 554.3), (983.0, 564.5), (983.0, 593.5), (921.0, 551.6), (864.3, 521.6), (853.9, 524.0), (885.8, 545.2), (925.8, 585.3), (965.8, 644.2), (983.0, 636.8), (980.8, 590.4), (980.8, 562.9), (983.0, 554.3), (983.0, 564.5), (983.0, 593.5), (921.0, 551.6), (864.3, 521.6), (853.9, 524.0), (885.8, 545.2), (925.8, 585.3), (965.8, 644.2), (983.0, 636.8), (980.8, 590.4), (980.8, 562.9), (983.0, 554.3), (983.0, 564.5), (983.0, 593.5), (921.0, 551.6), (864.3, 521.6)]",0,8.63
novice,meatboy,10,Stuck,1,0,133.31,0.961,"[(73.0, 653.0), (98.2, 659.3), (138.2, 659.0), (178.2, 659.9), (218.2, 659.3), (258.2, 659.0), (298.2, 659.9), (338.2, 659.3), (378.2, 659.0), (418.2, 659.9), (458.2, 659.3), (498.2, 659.0), (538.2, 659.9), (578.2, 659.3), (618.2, 659.0), (658.2, 659.9), (698.2, 659.3), (738.2, 659.0), (778.2, 659.9), (818.2, 659.3), (858.2, 659.0), (898.2, 659.9), (938.2, 659.3), (978.2, 659.0), (1015.0, 659.9), (1015.0, 659.3), (1015.0, 659.0), (1015.0, 659.9), (1015.0, 659.3), (1015.0, 659.0), (1015.0, 659.9), (1015.0, 659.3), (1015.0, 659.0), (1015.0, 659.9), (1015.0, 659.3), (1015.0, 659.0), (1015.0, 659.9), (1015.0, 659.3), (1015.0, 659.0), (1015.0, 659.9), (1015.0, 659.3), (1015.0, 659.0), (1015.0, 659.9), (1015.0, 659.3), (1015.0, 659.0), (1015.0, 659.9), (1015.0, 659.3), (1015.0, 659.0), (1015.0, 659.9), (1015.0, 659.3), (1015.0, 659.0), (1015.0, 659.9), (1015.0, 659.3), (1015.0, 659.0), (1015.0, 659.9), (1015.0, 659.3), (1015.0, 659.0), (1015.0, 659.9), (1015.0, 659.3)]",0,7.8
novice,meatboy,10,Stuck,2,0,133.31,0.961,"[(73.0, 653.0), (98.2, 659.3), (138.2, 659.0), (178.2, 659.9), (218.2, 659.3), (258.2, 659.0), (298.2, 659.9), (338.2, 659.3), (378.2, 659.0), (418.2, 659.9), (458.2, 659.3), (498.2, 659.0), (538.2, 659.9), (578.2, 659.3), (618.2, 659.0), (658.2, 659.9), (698.2, 659.3), (738.2, 659.0), (778.2, 659.9), (818.2, 659.3), (858.2, 659.0), (898.2, 659.9), (938.2, 659.3), (978.2, 659.0), (1015.0, 653.9), (1015.0, 659.0), (1015.0, 659.9), (1015.0, 659.3), (1015.0, 659.0), (1015.0, 659.9), (1015.0, 659.3), (1015.0, 659.0), (1015.0, 659.9), (1015.0, 659.3), (1015.0, 659.0), (1015.0, 659.9), (1015.0, 659.3), (1015.0, 659.0), (1015.0, 659.9), (1015.0, 659.3), (1015.0, 659.0), (1015.0, 659.9), (1015.0, 659.3), (1015.0, 659.0), (1015.0, 659.9), (1015.0, 659.3), (1015.0, 659.0), (1015.0, 659.9), (1015.0, 659.3), (1015.0, 659.0), (1015.0, 659.9), (1015.0, 659.3), (1015.0, 659.0), (1015.0, 659.9), (1015.0, 659.3), (1015.0, 659.0), (1015.0, 659.9), (1015.0, 659.3), (1015.0, 659.0)]",0,7.8
novice,meatboy,10,Stuck,1,0,133.31,0.961,"[(73.0, 653.0), (98.2, 659.3), (138.2, 659.0), (178.2, 659.9), (218.2, 659.3), (258.2, 659.0), (298.2, 659.9), (338.2, 659.3), (378.2, 659.0), (418.2, 659.9), (458.2, 659.3), (498.2, 659.0), (538.2, 659.9), (578.2, 659.3), (618.2, 659.0), (658.2, 659.9), (698.2, 659.3), (738.2, 659.0), (778.2, 659.9), (818.2, 659.3), (858.2, 659.0), (898.2, 659.9), (938.2, 659.3), (978.2, 659.0), (1015.0, 659.9), (1015.0, 659.3), (1015.0, 659.0), (1015.0, 659.9), (1015.0, 659.3), (1015.0, 659.0), (1015.0, 659.9), (1015.0, 659.3), (1015.0, 659.0), (1015.0, 659.9), (1015.0, 659.3), (1015.0, 659.0), (1015.0, 659.9), (1015.0, 659.3), (1015.0, 659.0), (1015.0, 659.9), (1015.0, 659.3), (1015.0, 659.0), (1015.0, 659.9), (1015.0, 659.3), (1015.0, 659.0), (1015.0, 659.9), (1015.0, 659.3), (1015.0, 659.0), (1015.0, 659.9), (1015.0, 659.3), (1015.0, 659.0), (1015.0, 659.9), (1015.0, 659.3), (1015.0, 659.0), (1015.0, 659.9), (1015.0, 659.3), (1015.0, 659.0), (1015.0, 659.9), (1015.0, 659.3)]",0,7.8
novice,meatboy,10,Stuck,2,0,133.23,0.962,"[(73.0, 653.0), (98.2, 659.3), (138.2, 659.0), (178.2, 659.9), (218.2, 659.3), (258.2, 659.0), (298.2, 659.9), (338.2, 659.3), (378.2, 659.0), (418.2, 659.9), (458.2, 659.3), (498.2, 659.0), (538.2, 659.9), (578.2, 659.3), (618.2, 659.0), (658.2, 659.9), (698.2, 659.3), (738.2, 659.0), (778.2, 659.9), (818.2, 659.3), (858.2, 659.0), (898.2, 659.9), (938.2, 659.3), (978.2, 659.0), (997.0, 653.9), (1015.7, 659.0), (1015.7, 659.9), (1015.7, 659.3), (1015.7, 659.0), (1015.7, 659.9), (1015.7, 659.3), (1015.7, 659.0), (1015.7, 659.9), (1015.7, 659.3), (1015.7, 659.0), (1015.7, 659.9), (1015.7, 659.3), (1015.7, 659.0), (1015.7, 659.9), (1015.7, 659.3), (1015.7, 659.0), (1015.7, 659.9), (1015.7, 659.3), (1015.7, 659.0), (1015.7, 659.9), (1015.7, 659.3), (1015.7, 659.0), (1015.7, 659.9), (1015.7, 659.3), (1015.7, 659.0), (1015.7, 659.9), (1015.7, 659.3), (1015.7, 659.0), (1015.7, 659.9), (1015.7, 659.3), (1015.7, 659.0), (1015.7, 659.9), (1015.7, 659.3), (1015.7, 659.0)]",0,7.8
novice,meatboy,10,Stuck,1,0,59.99,0.962,"[(73.0, 653.0), (91.0, 659.3), (91.1, 659.0), (95.3, 659.9), (95.7, 659.3), (95.8, 659.0), (100.0, 659.9), (100.3, 659.3), (100.4, 659.0), (104.7, 659.9), (105.0, 659.3), (105.1, 659.0), (109.3, 659.9), (109.7, 659.3), (109.8, 659.0), (114.0, 659.9), (114.3, 659.3), (114.4, 659.0), (118.7, 659.9), (119.0, 659.3), (119.1, 659.0), (123.3, 659.9), (123.7, 659.3), (123.8, 659.0), (128.0, 659.9), (128.3, 659.3), (128.4, 659.0), (132.7, 659.9), (133.0, 659.3), (133.1, 659.0), (137.3, 659.9), (137.7, 659.3), (137.8, 659.0), (142.0, 659.9), (142.3, 659.3), (142.4, 659.0), (146.7, 659.9), (147.0, 659.3), (147.1, 659.0), (151.3, 659.9), (151.7, 659.3), (151.8, 659.0), (156.0, 659.9), (156.3, 659.3), (156.4, 659.0), (160.7, 659.9), (161.0, 659.3), (161.1, 659.0), (165.3, 659.9), (165.7, 659.3), (165.8, 659.0), (170.0, 659.9), (170.3, 659.3), (170.4, 659.0), (174.7, 659.9), (175.0, 659.3), (175.1, 659.0), (179.3, 659.9), (179.7, 659.3), (179.8, 659.0), (184.0, 659.9), (184.3, 659.3), (184.4, 659.0), (188.7, 659.9), (189.0, 659.3), (189.1, 659.0), (193.3, 659.9), (193.7, 659.3), (193.8, 659.0), (198.0, 659.9), (232.8, 659.3), (272.8, 659.0), (312.8, 659.9), (352.8, 659.3), (392.8, 659.0), (432.8, 659.9), (472.8, 659.3), (512.8, 659.0), (552.8, 659.9), (586.9, 659.3), (606.4, 659.0), (621.9, 659.9), (633.6, 659.3), (644.1, 659.0), (680.7, 659.9), (720.7, 659.3), (760.7, 659.0), (800.7, 659.9), (840.7, 659.3), (880.7, 659.0), (920.7, 659.9), (954.9, 659.3), (956.7, 659.0), (962.6, 659.9), (963.3, 659.3), (962.7, 659.0), (968.6, 659.9), (969.3, 659.3), (968.7, 659.0), (974.6, 659.9), (983.3, 659.3), (1015.7, 659.0), (1015.7, 659.9), (1015.7, 659.3), (1015.7, 659.0), (1015.7, 659.9), (1015.7, 659.3), (1015.7, 659.0), (1015.7, 659.9), (1015.7, 659.3), (1015.7, 659.0), (1015.7, 659.9), (1015.7, 659.3), (1015.7, 659.0), (1015.7, 659.9), (1015.7, 659.3), (1015.7, 659.0), (1015.7, 659.9), (1015.7, 659.3), (1015.7, 659.0), (1015.7, 659.9), (1015.7, 659.3), (1015.7, 659.0), (1015.7, 659.9), (1015.7, 659.3), (1015.7, 659.0), (1015.7, 659.9), (1015.7, 659.3)]",0,16.93
novice,meatboy,10,Stuck,2,0,124.76,0.962,"[(73.0, 653.0), (98.2, 659.3), (138.2, 659.0), (178.2, 659.9), (218.2, 659.3), (258.2, 659.0), (298.2, 659.9), (338.2, 659.3), (378.2, 659.0), (418.2, 659.9), (458.2, 659.3), (498.2, 659.0), (538.2, 659.9), (578.2, 659.3), (618.2, 659.0), (658.2, 659.9), (698.2, 659.3), (738.2, 659.0), (778.2, 659.9), (818.2, 659.3), (858.2, 659.0), (898.2, 659.9), (938.2, 659.3), (976.2, 659.0), (983.0, 618.1), (978.7, 578.8), (980.8, 558.4), (983.0, 556.8), (983.0, 574.1), (983.0, 609.3), (983.0, 649.0), (1008.2, 659.9), (1015.0, 659.3), (1015.0, 659.0), (1015.0, 659.9), (1015.0, 659.3), (1015.0, 659.0), (1015.0, 659.9), (1015.0, 659.3), (1015.0, 659.0), (1015.0, 659.9), (1015.0, 659.3), (1015.0, 659.0), (1015.0, 659.9), (1015.0, 659.3), (1015.0, 659.0), (1015.0, 659.9), (1015.0, 659.3), (1015.0, 659.0), (1015.0, 659.9), (1015.0, 659.3), (1015.0, 659.0), (1015.0, 659.9), (1015.0, 659.3), (1015.0, 659.0), (1015.0, 659.9), (1015.0, 659.3), (1015.0, 659.0), (1015.0, 659.9), (1015.0, 659.3), (1015.0, 659.0), (1015.0, 659.9), (1015.0, 659.3)]",0,8.35
novice,meatboy,10,Stuck,1,0,133.31,0.961,"[(73.0, 653.0), (98.2, 659.3), (138.2, 659.0), (178.2, 659.9), (218.2, 659.3), (258.2, 659.0), (298.2, 659.9), (338.2, 659.3), (378.2, 659.0), (418.2, 659.9), (458.2, 659.3), (498.2, 659.0), (538.2, 659.9), (578.2, 659.3), (618.2, 659.0), (658.2, 659.9), (698.2, 659.3), (738.2, 659.0), (778.2, 659.9), (818.2, 659.3), (858.2, 659.0), (898.2, 659.9), (938.2, 659.3), (978.2, 659.0), (1015.0, 659.9), (1015.0, 659.3), (1015.0, 659.0), (1015.0, 659.9), (1015.0, 659.3), (1015.0, 659.0), (1015.0, 659.9), (1015.0, 659.3), (1015.0, 659.0), (1015.0, 659.9), (1015.0, 659.3), (1015.0, 659.0), (1015.0, 659.9), (1015.0, 659.3), (1015.0, 659.0), (1015.0, 659.9), (1015.0, 659.3), (1015.0, 659.0), (1015.0, 659.9), (1015.0, 659.3), (1015.0, 659.0), (1015.0, 659.9), (1015.0, 659.3), (1015.0, 659.0), (1015.0, 659.9), (1015.0, 659.3), (1015.0, 659.0), (1015.0, 659.9), (1015.0, 659.3), (1015.0, 659.0), (1015.0, 659.9), (1015.0, 659.3), (1015.0, 659.0), (1015.0, 659.9), (1015.0, 659.3)]",0,7.8
novice,meatboy,10,Stuck,0,0,-6.06,0.039,"[(73.0, 653.0), (61.8, 659.3), (55.4, 659.0), (46.1, 659.9), (41.0, 659.3), (41.0, 659.0), (41.0, 659.9), (41.0, 659.3), (41.0, 659.0), (41.0, 659.9), (41.0, 659.3), (41.0, 659.0), (41.0, 659.9), (41.0, 659.3), (41.0, 659.0), (41.0, 659.9), (41.0, 659.3), (41.0, 659.0), (41.0, 659.9), (41.0, 659.3), (41.0, 659.0), (41.0, 659.9), (41.0, 659.3), (41.0, 659.0), (41.0, 659.9), (41.0, 659.3), (41.0, 659.0), (41.0, 659.9), (41.0, 659.3), (41.0, 659.0), (41.0, 659.9), (41.0, 659.3), (41.0, 659.0), (41.0, 659.9), (41.0, 659.3), (41.0, 659.0), (41.0, 659.9), (41.0, 659.3)]",0,5.02
novice,meatboy,10,Stuck,7,0,14.79,0.155,"[(73.0, 653.0), (70.8, 659.3), (41.0, 659.0), (41.0, 618.1), (41.0, 593.0), (41.0, 595.4), (41.0, 616.6), (123.4, 549.9), (201.8, 527.9), (274.8, 548.0), (342.4, 586.8), (404.8, 644.5), (426.3, 659.0), (391.6, 659.9), (351.6, 659.3), (311.6, 659.0), (271.6, 659.9), (231.6, 659.3), (191.6, 659.0), (151.6, 659.9), (111.6, 659.3), (71.6, 659.0), (41.0, 659.9), (41.0, 611.2), (41.0, 591.4), (41.0, 596.2), (51.3, 606.4), (133.5, 542.0), (211.2, 529.4), (283.5, 551.8), (350.5, 593.0), (412.2, 653.1), (423.7, 659.3), (386.6, 659.0), (346.6, 659.9), (306.6, 659.3), (266.6, 659.0), (226.6, 659.9), (186.6, 659.3), (146.6, 659.0), (106.6, 659.9), (66.6, 659.3), (41.0, 659.0), (41.0, 605.6), (41.0, 591.0), (41.0, 598.1), (61.7, 597.3), (143.5, 535.3)]",0,6.3
novice,meatboy,10,Stuck,16,0,93.01,0.807,"[(73.0, 653.0), (98.2, 659.3), (112.6, 652.2), (121.8, 601.1), (151.7, 568.9), (171.2, 555.6), (211.2, 561.1), (251.2, 563.0), (291.2, 563.9), (331.2, 571.2), (371.2, 598.3), (411.2, 644.3), (451.2, 659.9), (491.2, 659.3), (531.2, 659.0), (571.2, 659.9), (611.2, 659.3), (651.2, 659.0), (691.2, 659.9), (731.2, 659.3), (771.2, 659.0), (811.2, 659.9), (851.2, 659.3), (891.2, 659.0), (931.2, 659.9), (947.3, 624.3), (983.0, 608.8), (921.0, 557.0), (864.3, 527.0), (853.9, 529.4), (885.8, 550.6), (925.8, 590.6), (965.8, 649.6), (983.0, 636.8), (980.8, 590.4), (980.8, 562.9), (983.0, 554.3), (983.0, 564.5), (983.0, 593.5), (921.0, 551.6), (864.3, 521.6), (853.9, 524.0), (885.8, 545.2), (925.8, 585.3), (965.8, 644.2), (983.0, 636.8), (980.8, 590.4), (980.8, 562.9), (983.0, 554.3), (983.0, 564.5), (983.0, 593.5), (921.0, 551.6), (864.3, 521.6), (853.9, 524.0), (885.8, 545.2), (925.8, 585.3), (965.8, 644.2), (983.0, 636.8), (980.8, 590.4), (980.8, 562.9), (983.0, 554.3), (983.0, 564.5), (983.0, 593.5), (921.0, 551.6), (864.3, 521.6)]",0,8.63
novice,meatboy,10,Stuck,2,0,124.76,0.962,"[(73.0, 653.0), (98.2, 659.3), (138.2, 659.0), (178.2, 659.9), (218.2, 659.3), (258.2, 659.0), (298.2, 659.9), (338.2, 659.3), (378.2, 659.0), (418.2, 659.9), (458.2, 659.3), (498.2, 659.0), (538.2, 659.9), (578.2, 659.3), (618.2, 659.0), (658.2, 659.9), (698.2, 659.3), (738.2, 659.0), (778.2, 659.9), (818.2, 659.3), (858.2, 659.0), (898.2, 659.9), (938.2, 659.3), (976.2, 659.0), (983.0, 618.1), (978.7, 578.8), (980.8, 558.4), (983.0, 556.8), (983.0, 574.1), (983.0, 609.3), (983.0, 649.0), (1008.2, 659.9), (1015.0, 659.3), (1015.0, 659.0), (1015.0, 659.9), (1015.0, 659.3), (1015.0, 659.0), (1015.0, 659.9), (1015.0, 659.3), (1015.0, 659.0), (1015.0, 659.9), (1015.0, 659.3), (1015.0, 659.0), (1015.0, 659.9), (1015.0, 659.3), (1015.0, 659.0), (1015.0, 659.9), (1015.0, 659.3), (1015.0, 659.0), (1015.0, 659.9), (1015.0, 659.3), (1015.0, 659.0), (1015.0, 659.9), (1015.0, 659.3), (1015.0, 659.0), (1015.0, 659.9), (1015.0, 659.3), (1015.0, 659.0), (1015.0, 659.9), (1015.0, 659.3), (1015.0, 659.0), (1015.0, 659.9), (1015.0, 659.3)]",0,8.35
novice,meatboy,10,Stuck,1,0,133.31,0.961,"[(73.0, 653.0), (98.2, 659.3), (138.2, 659.0), (178.2, 659.9), (218.2, 659.3), (258.2, 659.0), (298.2, 659.9), (338.2, 659.3), (378.2, 659.0), (418.2, 659.9), (458.2, 659.3), (498.2, 659.0), (538.2, 659.9), (578.2, 659.3), (618.2, 659.0), (658.2, 659.9), (698.2, 659.3), (738.2, 659.0), (778.2, 659.9), (818.2, 659.3), (858.2, 659.0), (898.2, 659.9), (938.2, 659.3), (978.2, 659.0), (1015.0, 659.9), (1015.0, 659.3), (1015.0, 659.0), (1015.0, 659.9), (1015.0, 659.3), (1015.0, 659.0), (1015.0, 659.9), (1015.0, 659.3), (1015.0, 659.0), (1015.0, 659.9), (1015.0, 659.3), (1015.0, 659.0), (1015.0, 659.9), (1015.0, 659.3), (1015.0, 659.0), (1015.0, 659.9), (1015.0, 659.3), (1015.0, 659.0), (1015.0, 659.9), (1015.0, 659.3), (1015.0, 659.0), (1015.0, 659.9), (1015.0, 659.3), (1015.0, 659.0), (1015.0, 659.9), (1015.0, 659.3), (1015.0, 659.0), (1015.0, 659.9), (1015.0, 659.3), (1015.0, 659.0), (1015.0, 659.9), (1015.0, 659.3), (1015.0, 659.0), (1015.0, 659.9), (1015.0, 659.3)]",0,7.8
novice,meatboy,10,Stuck,1,0,59.99,0.962,"[(73.0, 653.0), (91.0, 659.3), (91.1, 659.0), (95.3, 659.9), (95.7, 659.3), (95.8, 659.0), (100.0, 659.9), (100.3, 659.3), (100.4, 659.0), (104.7, 659.9), (105.0, 659.3), (105.1, 659.0), (109.3, 659.9), (109.7, 659.3), (109.8, 659.0), (114.0, 659.9), (114.3, 659.3), (114.4, 659.0), (118.7, 659.9), (119.0, 659.3), (119.1, 659.0), (123.3, 659.9), (123.7, 659.3), (123.8, 659.0), (128.0, 659.9), (128.3, 659.3), (128.4, 659.0), (132.7, 659.9), (133.0, 659.3), (133.1, 659.0), (137.3, 659.9), (137.7, 659.3), (137.8, 659.0), (142.0, 659.9), (142.3, 659.3), (142.4, 659.0), (146.7, 659.9), (147.0, 659.3), (147.1, 659.0), (151.3, 659.9), (151.7, 659.3), (151.8, 659.0), (156.0, 659.9), (156.3, 659.3), (156.4, 659.0), (160.7, 659.9), (161.0, 659.3), (161.1, 659.0), (165.3, 659.9), (165.7, 659.3), (165.8, 659.0), (170.0, 659.9), (170.3, 659.3), (170.4, 659.0), (174.7, 659.9), (175.0, 659.3), (175.1, 659.0), (179.3, 659.9), (179.7, 659.3), (179.8, 659.0), (184.0, 659.9), (184.3, 659.3), (184.4, 659.0), (188.7, 659.9), (189.0, 659.3), (189.1, 659.0), (193.3, 659.9), (193.7, 659.3), (193.8, 659.0), (198.0, 659.9), (232.8, 659.3), (272.8, 659.0), (312.8, 659.9), (352.8, 659.3), (392.8, 659.0), (432.8, 659.9), (472.8, 659.3), (512.8, 659.0), (552.8, 659.9), (586.9, 659.3), (606.4, 659.0), (621.9, 659.9), (633.6, 659.3), (644.1, 659.0), (680.7, 659.9), (720.7, 659.3), (760.7, 659.0), (800.7, 659.9), (840.7, 659.3), (880.7, 659.0), (920.7, 659.9), (954.9, 659.3), (956.7, 659.0), (962.6, 659.9), (963.3, 659.3), (962.7, 659.0), (968.6, 659.9), (969.3, 659.3), (968.7, 659.0), (974.6, 659.9), (983.3, 659.3), (1015.7, 659.0), (1015.7, 659.9), (1015.7, 659.3), (1015.7, 659.0), (1015.7, 659.9), (1015.7, 659.3), (1015.7, 659.0), (1015.7, 659.9), (1015.7, 659.3), (1015.7, 659.0), (1015.7, 659.9), (1015.7, 659.3), (1015.7, 659.0), (1015.7, 659.9), (1015.7, 659.3), (1015.7, 659.0), (1015.7, 659.9), (1015.7, 659.3), (1015.7, 659.0), (1015.7, 659.9), (1015.7, 659.3), (1015.7, 659.0), (1015.7, 659.9), (1015.7, 659.3), (1015.7, 659.0), (1015.7, 659.9), (1015.7, 659.3)]",0,16.93
novice,meatboy,10,Stuck,1,0,0.0,0.069,"[(73.0, 653.0), (73.0, 659.3), (73.0, 659.0), (73.0, 659.9), (73.0, 659.3), (73.0, 659.0), (73.0, 659.9), (73.0, 659.3), (73.0, 659.0), (73.0, 659.9), (73.0, 659.3), (73.0, 659.0), (73.0, 659.9), (73.0, 659.3), (73.0, 659.0), (73.0, 659.9), (73.0, 659.3), (73.0, 659.0), (73.0, 659.9), (73.0, 659.3), (73.0, 659.0), (73.0, 659.9), (73.0, 659.3), (73.0, 659.0), (73.0, 659.9), (73.0, 659.3), (73.0, 659.0), (73.0, 659.9), (73.0, 659.3), (73.0, 659.0), (73.0, 659.9), (73.0, 659.3), (73.0, 659.0), (73.0, 659.9), (73.0, 659.3), (73.0, 659.0), (73.0, 659.9), (73.0, 659.3)]",0,5.02
novice,meatboy,10,Stuck,1,0,133.31,0.961,"[(73.0, 653.0), (98.2, 659.3), (138.2, 659.0), (178.2, 659.9), (218.2, 659.3), (258.2, 659.0), (298.2, 659.9), (338.2, 659.3), (378.2, 659.0), (418.2, 659.9), (458.2, 659.3), (498.2, 659.0), (538.2, 659.9), (578.2, 659.3), (618.2, 659.0), (658.2, 659.9), (698.2, 659.3), (738.2, 659.0), (778.2, 659.9), (818.2, 659.3), (858.2, 659.0), (898.2, 659.9), (938.2, 659.3), (978.2, 659.0), (1015.0, 659.9), (1015.0, 659.3), (1015.0, 659.0), (1015.0, 659.9), (1015.0, 659.3), (1015.0, 659.0), (1015.0, 659.9), (1015.0, 659.3), (1015.0, 659.0), (1015.0, 659.9), (1015.0, 659.3), (1015.0, 659.0), (1015.0, 659.9), (1015.0, 659.3), (1015.0, 659.0), (1015.0, 659.9), (1015.0, 659.3), (1015.0, 659.0), (1015.0, 659.9), (1015.0, 659.3), (1015.0, 659.0), (1015.0, 659.9), (1015.0, 659.3), (1015.0, 659.0), (1015.0, 659.9), (1015.0, 659.3), (1015.0, 659.0), (1015.0, 659.9), (1015.0, 659.3), (1015.0, 659.0), (1015.0, 659.9), (1015.0, 659.3), (1015.0, 659.0), (1015.0, 659.9), (1015.0, 659.3)]",0,7.8
novice,meatboy,10,Stuck,1,0,97.11,0.961,"[(73.0, 653.0), (98.2, 659.3), (112.6, 659.0), (110.7, 659.9), (113.9, 659.3), (118.6, 659.0), (116.7, 659.9), (119.9, 659.3), (124.6, 659.0), (122.7, 659.9), (125.9, 659.3), (130.6, 659.0), (128.7, 659.9), (131.9, 659.3), (136.6, 659.0), (134.7, 659.9), (137.9, 659.3), (142.6, 659.0), (140.7, 659.9), (143.9, 659.3), (148.6, 659.0), (146.7, 659.9), (149.9, 659.3), (167.8, 659.0), (184.5, 659.9), (208.6, 659.3), (248.6, 659.0), (288.6, 659.9), (328.6, 659.3), (368.6, 659.0), (408.6, 659.9), (448.6, 659.3), (488.6, 659.0), (528.6, 659.9), (568.6, 659.3), (608.6, 659.0), (648.6, 659.9), (688.6, 659.3), (728.6, 659.0), (768.6, 659.9), (808.6, 659.3), (848.6, 659.0), (888.6, 659.9), (928.6, 659.3), (966.6, 659.0), (969.6, 659.9), (972.8, 659.3), (980.2, 659.0), (1015.0, 659.9), (1015.0, 659.3), (1015.0, 659.0), (1015.0, 659.9), (1015.0, 659.3), (1015.0, 659.0), (1015.0, 659.9), (1015.0, 659.3), (1015.0, 659.0), (1015.0, 659.9), (1015.0, 659.3), (1015.0, 659.0), (1015.0, 659.9), (1015.0, 659.3), (1015.0, 659.0), (1015.0, 659.9), (1015.0, 659.3), (1015.0, 659.0), (1015.0, 659.9), (1015.0, 659.3), (1015.0, 659.0), (1015.0, 659.9), (1015.0, 659.3), (1015.0, 659.0), (1015.0, 659.9), (1015.0, 659.3), (1015.0, 659.0), (1015.0, 659.9), (1015.0, 659.3), (1015.0, 659.0), (1015.0, 659.9), (1015.0, 659.3)]",0,10.63
novice,meatboy,10,Stuck,1,0,0.0,0.069,"[(73.0, 653.0), (73.0, 659.3), (73.0, 659.0), (73.0, 659.9), (73.0, 659.3), (73.0, 659.0), (73.0, 659.9), (73.0, 659.3), (73.0, 659.0), (73.0, 659.9), (73.0, 659.3), (73.0, 659.0), (73.0, 659.9), (73.0, 659.3), (73.0, 659.0), (73.0, 659.9), (73.0, 659.3), (73.0, 659.0), (73.0, 659.9), (73.0, 659.3), (73.0, 659.0), (73.0, 659.9), (73.0, 659.3), (73.0, 659.0), (73.0, 659.9), (73.0, 659.3), (73.0, 659.0), (73.0, 659.9), (73.0, 659.3), (73.0, 659.0), (73.0, 659.9), (73.0, 659.3), (73.0, 659.0), (73.0, 659.9), (73.0, 659.3), (73.0, 659.0), (73.0, 659.9), (73.0, 659.3)]",0,5.02
novice,meatboy,10,Stuck,32,0,133.31,0.961,"[(73.0, 653.0), (98.2, 659.3), (138.2, 659.0), (178.2, 659.9), (218.2, 659.3), (258.2, 659.0), (298.2, 659.9), (338.2, 659.3), (378.2, 659.0), (418.2, 659.9), (458.2, 659.3), (498.2, 659.0), (538.2, 659.9), (578.2, 659.3), (618.2, 659.0), (658.2, 659.9), (698.2, 659.3), (738.2, 659.0), (778.2, 659.9), (818.2, 659.3), (858.2, 659.0), (898.2, 659.9), (938.2, 659.3), (978.2, 659.0), (1015.0, 659.9), (1015.0, 659.0), (1015.0, 659.2), (1015.0, 657.4), (1015.0, 655.9), (1015.0, 654.8), (1015.0, 653.9), (1015.0, 653.3), (1015.0, 653.0), (1015.0, 659.3), (1015.0, 659.0), (1015.0, 659.2), (1015.0, 657.4), (1015.0, 655.9), (1015.0, 654.8), (1015.0, 653.9), (1015.0, 653.3), (1015.0, 653.0), (1015.0, 659.3), (1015.0, 659.0), (1015.0, 659.2), (1015.0, 657.4), (1015.0, 655.9), (1015.0, 654.8), (1015.0, 653.9), (1015.0, 653.3), (1015.0, 653.0), (1015.0, 659.3), (1015.0, 659.0), (1015.0, 659.2), (1015.0, 657.4), (1015.0, 655.9), (1015.0, 654.8), (1015.0, 653.9), (1015.0, 653.3)]",0,7.8
novice,meatboy,10,Stuck,1,0,133.31,0.961,"[(73.0, 653.0), (98.2, 659.3), (138.2, 659.0), (178.2, 659.9), (218.2, 659.3), (258.2, 659.0), (298.2, 659.9), (338.2, 659.3), (378.2, 659.0), (418.2, 659.9), (458.2, 659.3), (498.2, 659.0), (538.2, 659.9), (578.2, 659.3), (618.2, 659.0), (658.2, 659.9), (698.2, 659.3), (738.2, 659.0), (778.2, 659.9), (818.2, 659.3), (858.2, 659.0), (898.2, 659.9), (938.2, 659.3), (978.2, 659.0), (1015.0, 659.9), (1015.0, 659.3), (1015.0, 659.0), (1015.0, 659.9), (1015.0, 659.3), (1015.0, 659.0), (1015.0, 659.9), (1015.0, 659.3), (1015.0, 659.0), (1015.0, 659.9), (1015.0, 659.3), (1015.0, 659.0), (1015.0, 659.9), (1015.0, 659.3), (1015.0, 659.0), (1015.0, 659.9), (1015.0, 659.3), (1015.0, 659.0), (1015.0, 659.9), (1015.0, 659.3), (1015.0, 659.0), (1015.0, 659.9), (1015.0, 659.3), (1015.0, 659.0), (1015.0, 659.9), (1015.0, 659.3), (1015.0, 659.0), (1015.0, 659.9), (1015.0, 659.3), (1015.0, 659.0), (1015.0, 659.9), (1015.0, 659.3), (1015.0, 659.0), (1015.0, 659.9), (1015.0, 659.3)]",0,7.8
novice,meatboy,10,Stuck,16,0,93.01,0.807,"[(73.0, 653.0), (98.2, 659.3), (112.6, 652.2), (121.8, 601.1), (151.7, 568.9), (171.2, 555.6), (211.2, 561.1), (251.2, 563.0), (291.2, 563.9), (331.2, 571.2), (371.2, 598.3), (411.2, 644.3), (451.2, 659.9), (491.2, 659.3), (531.2, 659.0), (571.2, 659.9), (611.2, 659.3), (651.2, 659.0), (691.2, 659.9), (731.2, 659.3), (771.2, 659.0), (811.2, 659.9), (851.2, 659.3), (891.2, 659.0), (931.2, 659.9), (947.3, 624.3), (983.0, 608.8), (921.0, 557.0), (864.3, 527.0), (853.9, 529.4), (885.8, 550.6), (925.8, 590.6), (965.8, 649.6), (983.0, 636.8), (980.8, 590.4), (980.8, 562.9), (983.0, 554.3), (983.0, 564.5), (983.0, 593.5), (921.0, 551.6), (864.3, 521.6), (853.9, 524.0), (885.8, 545.2), (925.8, 585.3), (965.8, 644.2), (983.0, 636.8), (980.8, 590.4), (980.8, 562.9), (983.0, 554.3), (983.0, 564.5), (983.0, 593.5), (921.0, 551.6), (864.3, 521.6), (853.9, 524.0), (885.8, 545.2), (925.8, 585.3), (965.8, 644.2), (983.0, 636.8), (980.8, 590.4), (980.8, 562.9), (983.0, 554.3), (983.0, 564.5), (983.0, 593.5), (921.0, 551.6), (864.3, 521.6)]",0,8.63
novice,meatboy,10,Stuck,2,0,124.76,0.962,"[(73.0, 653.0), (98.2, 659.3), (138.2, 659.0), (178.2, 659.9), (218.2, 659.3), (258.2, 659.0), (298.2, 659.9), (338.2, 659.3), (378.2, 659.0), (418.2, 659.9), (458.2, 659.3), (498.2, 659.0), (538.2, 659.9), (578.2, 659.3), (618.2, 659.0), (658.2, 659.9), (698.2, 659.3), (738.2, 659.0), (778.2, 659.9), (818.2, 659.3), (858.2, 659.0), (898.2, 659.9), (938.2, 659.3), (976.2, 659.0), (983.0, 618.1), (978.7, 578.8), (980.8, 558.4), (983.0, 556.8), (983.0, 574.1), (983.0, 609.3), (983.0, 649.0), (1008.2, 659.9), (1015.0, 659.3), (1015.0, 659.0), (1015.0, 659.9), (1015.0, 659.3), (1015.0, 659.0), (1015.0, 659.9), (1015.0, 659.3), (1015.0, 659.0), (1015.0, 659.9), (1015.0, 659.3), (1015.0, 659.0), (1015.0, 659.9), (1015.0, 659.3), (1015.0, 659.0), (1015.0, 659.9), (1015.0, 659.3), (1015.0, 659.0), (1015.0, 659.9), (1015.0, 659.3), (1015.0, 659.0), (1015.0, 659.9), (1015.0, 659.3), (1015.0, 659.0), (1015.0, 659.9), (1015.0, 659.3), (1015.0, 659.0), (1015.0, 659.9), (1015.0, 659.3), (1015.0, 659.0), (1015.0, 659.9), (1015.0, 659.3)]",0,8.35
novice,meatboy,10,Stuck,1,0,133.31,0.961,"[(73.0, 653.0), (98.2, 659.3), (138.2, 659.0), (178.2, 659.9), (218.2, 659.3), (258.2, 659.0), (298.2, 659.9), (338.2, 659.3), (378.2, 659.0), (418.2, 659.9), (458.2, 659.3), (498.2, 659.0), (538.2, 659.9), (578.2, 659.3), (618.2, 659.0), (658.2, 659.9), (698.2, 659.3), (738.2, 659.0), (778.2, 659.9), (818.2, 659.3), (858.2, 659.0), (898.2, 659.9), (938.2, 659.3), (978.2, 659.0), (1015.0, 659.9), (1015.0, 659.3), (1015.0, 659.0), (1015.0, 659.9), (1015.0, 659.3), (1015.0, 659.0), (1015.0, 659.9), (1015.0, 659.3), (1015.0, 659.0), (1015.0, 659.9), (1015.0, 659.3), (1015.0, 659.0), (1015.0, 659.9), (1015.0, 659.3), (1015.0, 659.0), (1015.0, 659.9), (1015.0, 659.3), (1015.0, 659.0), (1015.0, 659.9), (1015.0, 659.3), (1015.0, 659.0), (1015.0, 659.9), (1015.0, 659.3), (1015.0, 659.0), (1015.0, 659.9), (1015.0, 659.3), (1015.0, 659.0), (1015.0, 659.9), (1015.0, 659.3), (1015.0, 659.0), (1015.0, 659.9), (1015.0, 659.3), (1015.0, 659.0), (1015.0, 659.9), (1015.0, 659.3)]",0,7.8
novice,meatboy,10,Stuck,32,0,133.31,0.961,"[(73.0, 653.0), (98.2, 659.3), (138.2, 659.0), (178.2, 659.9), (218.2, 659.3), (258.2, 659.0), (298.2, 659.9), (338.2, 659.3), (378.2, 659.0), (418.2, 659.9), (458.2, 659.3), (498.2, 659.0), (538.2, 659.9), (578.2, 659.3), (618.2, 659.0), (658.2, 659.9), (698.2, 659.3), (738.2, 659.0), (778.2, 659.9), (818.2, 659.3), (858.2, 659.0), (898.2, 659.9), (938.2, 659.3), (978.2, 659.0), (1015.0, 659.9), (1015.0, 659.0), (1015.0, 659.2), (1015.0, 657.4), (1015.0, 655.9), (1015.0, 654.8), (1015.0, 653.9), (1015.0, 653.3), (1015.0, 653.0), (1015.0, 659.3), (1015.0, 659.0), (1015.0, 659.2), (1015.0, 657.4), (1015.0, 655.9), (1015.0, 654.8), (1015.0, 653.9), (1015.0, 653.3), (1015.0, 653.0), (1015.0, 659.3), (1015.0, 659.0), (1015.0, 659.2), (1015.0, 657.4), (1015.0, 655.9), (1015.0, 654.8), (1015.0, 653.9), (1015.0, 653.3), (1015.0, 653.0), (1015.0, 659.3), (1015.0, 659.0), (1015.0, 659.2), (1015.0, 657.4), (1015.0, 655.9), (1015.0, 654.8), (1015.0, 653.9), (1015.0, 653.3)]",0,7.8
novice,meatboy,10,Stuck,2,0,124.48,0.962,"[(73.0, 653.0), (98.2, 659.3), (136.2, 659.0), (154.0, 659.9), (194.0, 659.3), (234.0, 659.0), (274.0, 659.9), (314.0, 659.3), (354.0, 659.0), (394.0, 659.9), (434.0, 659.3), (474.0, 659.0), (514.0, 659.9), (554.0, 659.3), (594.0, 659.0), (634.0, 659.9), (674.0, 659.3), (714.0, 659.0), (754.0, 659.9), (794.0, 659.3), (834.0, 659.0), (874.0, 659.9), (914.0, 659.3), (954.0, 659.0), (972.8, 637.6), (983.7, 591.3), (983.7, 563.8), (983.7, 555.2), (983.7, 565.4), (983.7, 594.4), (983.7, 634.1), (993.8, 659.9), (1015.7, 659.3), (1015.7, 659.0), (1015.7, 659.9), (1015.7, 659.3), (1015.7, 659.0), (1015.7, 659.9), (1015.7, 659.3), (1015.7, 659.0), (1015.7, 659.9), (1015.7, 659.3), (1015.7, 659.0), (1015.7, 659.9), (1015.7, 659.3), (1015.7, 659.0), (1015.7, 659.9), (1015.7, 659.3), (1015.7, 659.0), (1015.7, 659.9), (1015.7, 659.3), (1015.7, 659.0), (1015.7, 659.9), (1015.7, 659.3), (1015.7, 659.0), (1015.7, 659.9), (1015.7, 659.3), (1015.7, 659.0), (1015.7, 659.9), (1015.7, 659.3), (1015.7, 659.0), (1015.7, 659.9), (1015.7, 659.3), (1015.7, 659.0)]",0,8.4
novice,meatboy,10,Stuck,1,0,4.49,0.09,"[(73.0, 653.0), (93.8, 659.3), (95.5, 659.0), (95.5, 659.9), (95.5, 659.3), (95.5, 659.0), (95.5, 659.9), (95.5, 659.3), (95.5, 659.0), (95.5, 659.9), (95.5, 659.3), (95.5, 659.0), (95.5, 659.9), (95.5, 659.3), (95.5, 659.0), (95.5, 659.9), (95.5, 659.3), (95.5, 659.0), (95.5, 659.9), (95.5, 659.3), (95.5, 659.0), (95.5, 659.9), (95.5, 659.3), (95.5, 659.0), (95.5, 659.9), (95.5, 659.3), (95.5, 659.0), (95.5, 659.9), (95.5, 659.3), (95.5, 659.0), (95.5, 659.9), (95.5, 659.3), (95.5, 659.0), (95.5, 659.9), (95.5, 659.3), (95.5, 659.0), (95.5, 659.9), (95.5, 659.3)]",0,5.02
novice,meatboy,10,Stuck,4,0,121.18,0.961,"[(73.0, 653.0), (98.2, 659.3), (122.6, 652.2), (151.0, 601.1), (148.8, 568.9), (174.0, 555.6), (214.0, 561.1), (254.0, 563.0), (294.0, 563.9), (334.0, 579.2), (374.0, 613.4), (414.0, 659.0), (454.0, 659.9), (494.0, 659.3), (534.0, 659.0), (574.0, 659.9), (614.0, 659.3), (654.0, 659.0), (694.0, 659.9), (734.0, 659.3), (774.0, 659.0), (814.0, 659.9), (854.0, 659.3), (894.0, 659.0), (934.0, 659.9), (955.3, 644.8), (982.3, 596.1), (980.8, 566.2), (980.8, 555.2), (983.7, 563.1), (983.7, 589.8), (983.7, 629.2), (987.3, 659.3), (1015.7, 659.0), (1015.7, 659.9), (1015.7, 659.3), (1015.7, 659.0), (1015.7, 659.9), (1015.7, 659.3), (1015.7, 659.0), (1015.7, 659.9), (1015.7, 659.3), (1015.7, 659.0), (1015.7, 659.9), (1015.7, 659.3), (1015.7, 659.0), (1015.7, 659.9), (1015.7, 659.3), (1015.7, 659.0), (1015.7, 659.9), (1015.7, 659.3), (1015.7, 659.0), (1015.7, 659.9), (1015.7, 659.3), (1015.7, 659.0), (1015.7, 659.9), (1015.7, 659.3), (1015.7, 659.0), (1015.7, 659.9), (1015.7, 659.3), (1015.7, 659.0), (1015.7, 659.9), (1015.7, 659.3), (1015.7, 659.0), (1015.7, 659.9)]",0,8.55
novice,meatboy,10,Stuck,4,0,132.48,0.962,"[(73.0, 653.0), (98.2, 659.3), (138.2, 659.0), (178.2, 659.9), (218.2, 659.3), (258.2, 659.0), (298.2, 659.9), (338.2, 659.3), (378.2, 659.0), (418.2, 659.9), (458.2, 659.3), (498.2, 659.0), (538.2, 659.9), (578.2, 644.8), (599.7, 596.1), (599.7, 566.2), (619.2, 555.2), (659.2, 563.1), (699.2, 563.3), (739.2, 563.0), (779.2, 541.5), (819.2, 534.5), (859.2, 546.3), (899.2, 576.9), (939.2, 626.4), (979.2, 659.0), (1015.0, 659.9), (1015.0, 659.3), (1015.0, 659.0), (1015.0, 659.9), (1015.0, 659.3), (1015.0, 659.0), (1015.0, 659.9), (1015.0, 659.3), (1015.0, 659.0), (1015.0, 659.9), (1015.0, 659.3), (1015.0, 659.0), (1015.0, 659.9), (1015.0, 659.3), (1015.0, 659.0), (1015.0, 659.9), (1015.0, 659.3), (1015.0, 659.0), (1015.0, 659.9), (1015.0, 659.3), (1015.0, 659.0), (1015.0, 659.9), (1015.0, 659.3), (1015.0, 659.0), (1015.0, 659.9), (1015.0, 659.3), (1015.0, 659.0), (1015.0, 659.9), (1015.0, 659.3), (1015.0, 659.0), (1015.0, 659.9), (1015.0, 659.3), (1015.0, 659.0)]",0,7.85
novice,meatboy,10,Stuck,2,0,124.84,0.961,"[(73.0, 653.0), (98.2, 659.3), (138.2, 612.1), (151.7, 575.2), (151.7, 565.8), (151.7, 575.3), (151.7, 603.6), (161.8, 646.1), (201.2, 659.9), (241.2, 659.3), (281.2, 659.0), (321.2, 659.9), (361.2, 659.3), (401.2, 659.0), (441.2, 659.9), (481.2, 659.3), (521.2, 659.0), (561.2, 659.9), (601.2, 659.3), (641.2, 659.0), (681.2, 659.9), (721.2, 659.3), (761.2, 659.0), (801.2, 659.9), (841.2, 659.3), (881.2, 659.0), (921.2, 659.9), (961.2, 659.3), (1001.2, 659.0), (1015.7, 659.9), (1015.7, 659.3), (1015.7, 659.0), (1015.7, 659.9), (1015.7, 659.3), (1015.7, 659.0), (1015.7, 659.9), (1015.7, 659.3), (1015.7, 659.0), (1015.7, 659.9), (1015.7, 659.3), (1015.7, 659.0), (1015.7, 659.9), (1015.7, 659.3), (1015.7, 659.0), (1015.7, 659.9), (1015.7, 659.3), (1015.7, 659.0), (1015.7, 659.9), (1015.7, 659.3), (1015.7, 659.0), (1015.7, 659.9), (1015.7, 659.3), (1015.7, 659.0), (1015.7, 659.9), (1015.7, 659.3), (1015.7, 659.0), (1015.7, 659.9), (1015.7, 659.3), (1015.7, 659.0), (1015.7, 659.9), (1015.7, 659.3), (1015.7, 659.0), (1015.7, 659.9)]",0,8.38
novice,meatboy,10,Saw,7,0,109.79,0.444,"[(73.0, 653.0), (91.0, 659.3), (61.3, 652.2), (45.3, 601.1), (81.2, 568.9), (121.2, 555.6), (161.2, 561.1), (182.4, 563.0), (187.1, 563.9), (185.2, 563.3), (188.4, 563.0), (174.2, 538.9), (172.2, 531.8), (208.4, 543.6), (248.4, 563.9), (288.4, 563.3), (328.4, 576.2), (368.4, 608.1), (408.4, 658.7), (448.4, 659.3), (488.4, 659.0), (528.4, 659.9), (568.4, 659.3), (582.8, 659.0), (589.6, 618.1), (599.7, 593.0), (527.4, 538.3), (476.5, 531.2)]",0,3.65
novice,meatboy,10,Stuck,16,0,93.01,0.807,"[(73.0, 653.0), (98.2, 659.3), (112.6, 652.2), (121.8, 601.1), (151.7, 568.9), (171.2, 555.6), (211.2, 561.1), (251.2, 563.0), (291.2, 563.9), (331.2, 571.2), (371.2, 598.3), (411.2, 644.3), (451.2, 659.9), (491.2, 659.3), (531.2, 659.0), (571.2, 659.9), (611.2, 659.3), (651.2, 659.0), (691.2, 659.9), (731.2, 659.3), (771.2, 659.0), (811.2, 659.9), (851.2, 659.3), (891.2, 659.0), (931.2, 659.9), (947.3, 624.3), (983.0, 608.8), (921.0, 557.0), (864.3, 527.0), (853.9, 529.4), (885.8, 550.6), (925.8, 590.6), (965.8, 649.6), (983.0, 636.8), (980.8, 590.4), (980.8, 562.9), (983.0, 554.3), (983.0, 564.5), (983.0, 593.5), (921.0, 551.6), (864.3, 521.6), (853.9, 524.0), (885.8, 545.2), (925.8, 585.3), (965.8, 644.2), (983.0, 636.8), (980.8, 590.4), (980.8, 562.9), (983.0, 554.3), (983.0, 564.5), (983.0, 593.5), (921.0, 551.6), (864.3, 521.6), (853.9, 524.0), (885.8, 545.2), (925.8, 585.3), (965.8, 644.2), (983.0, 636.8), (980.8, 590.4), (980.8, 562.9), (983.0, 554.3), (983.0, 564.5), (983.0, 593.5), (921.0, 551.6), (864.3, 521.6)]",0,8.63
novice,meatboy,10,Stuck,4,0,132.48,0.962,"[(73.0, 653.0), (98.2, 659.3), (138.2, 659.0), (178.2, 659.9), (218.2, 659.3), (258.2, 659.0), (298.2, 659.9), (338.2, 659.3), (378.2, 659.0), (418.2, 659.9), (458.2, 659.3), (498.2, 659.0), (538.2, 659.9), (578.2, 644.8), (599.7, 596.1), (599.7, 566.2), (619.2, 555.2), (659.2, 563.1), (699.2, 563.3), (739.2, 563.0), (779.2, 541.5), (819.2, 534.5), (859.2, 546.3), (899.2, 576.9), (939.2, 626.4), (979.2, 659.0), (1015.0, 659.9), (1015.0, 659.3), (1015.0, 659.0), (1015.0, 659.9), (1015.0, 659.3), (1015.0, 659.0), (1015.0, 659.9), (1015.0, 659.3), (1015.0, 659.0), (1015.0, 659.9), (1015.0, 659.3), (1015.0, 659.0), (1015.0, 659.9), (1015.0, 659.3), (1015.0, 659.0), (1015.0, 659.9), (1015.0, 659.3), (1015.0, 659.0), (1015.0, 659.9), (1015.0, 659.3), (1015.0, 659.0), (1015.0, 659.9), (1015.0, 659.3), (1015.0, 659.0), (1015.0, 659.9), (1015.0, 659.3), (1015.0, 659.0), (1015.0, 659.9), (1015.0, 659.3), (1015.0, 659.0), (1015.0, 659.9), (1015.0, 659.3), (1015.0, 659.0)]",0,7.85
novice,meatboy,10,Stuck,4,0,121.18,0.961,"[(73.0, 653.0), (98.2, 659.3), (122.6, 652.2), (151.0, 601.1), (148.8, 568.9), (174.0, 555.6), (214.0, 561.1), (254.0, 563.0), (294.0, 563.9), (334.0, 579.2), (374.0, 613.4), (414.0, 659.0), (454.0, 659.9), (494.0, 659.3), (534.0, 659.0), (574.0, 659.9), (614.0, 659.3), (654.0, 659.0), (694.0, 659.9), (734.0, 659.3), (774.0, 659.0), (814.0, 659.9), (854.0, 659.3), (894.0, 659.0), (934.0, 659.9), (955.3, 644.8), (982.3, 596.1), (980.8, 566.2), (980.8, 555.2), (983.7, 563.1), (983.7, 589.8), (983.7, 629.2), (987.3, 659.3), (1015.7, 659.0), (1015.7, 659.9), (1015.7, 659.3), (1015.7, 659.0), (1015.7, 659.9), (1015.7, 659.3), (1015.7, 659.0), (1015.7, 659.9), (1015.7, 659.3), (1015.7, 659.0), (1015.7, 659.9), (1015.7, 659.3), (1015.7, 659.0), (1015.7, 659.9), (1015.7, 659.3), (1015.7, 659.0), (1015.7, 659.9), (1015.7, 659.3), (1015.7, 659.0), (1015.7, 659.9), (1015.7, 659.3), (1015.7, 659.0), (1015.7, 659.9), (1015.7, 659.3), (1015.7, 659.0), (1015.7, 659.9), (1015.7, 659.3), (1015.7, 659.0), (1015.7, 659.9), (1015.7, 659.3), (1015.7, 659.0), (1015.7, 659.9)]",0,8.55
novice,meatboy,10,Stuck,2,0,124.48,0.962,"[(73.0, 653.0), (98.2, 659.3), (136.2, 659.0), (154.0, 659.9), (194.0, 659.3), (234.0, 659.0), (274.0, 659.9), (314.0, 659.3), (354.0, 659.0), (394.0, 659.9), (434.0, 659.3), (474.0, 659.0), (514.0, 659.9), (554.0, 659.3), (594.0, 659.0), (634.0, 659.9), (674.0, 659.3), (714.0, 659.0), (754.0, 659.9), (794.0, 659.3), (834.0, 659.0), (874.0, 659.9), (914.0, 659.3), (954.0, 659.0), (972.8, 637.6), (983.7, 591.3), (983.7, 563.8), (983.7, 555.2), (983.7, 565.4), (983.7, 594.4), (983.7, 634.1), (993.8, 659.9), (1015.7, 659.3), (1015.7, 659.0), (1015.7, 659.9), (1015.7, 659.3), (1015.7, 659.0), (1015.7, 659.9), (1015.7, 659.3), (1015.7, 659.0), (1015.7, 659.9), (1015.7, 659.3), (1015.7, 659.0), (1015.7, 659.9), (1015.7, 659.3), (1015.7, 659.0), (1015.7, 659.9), (1015.7, 659.3), (1015.7, 659.0), (1015.7, 659.9), (1015.7, 659.3), (1015.7, 659.0), (1015.7, 659.9), (1015.7, 659.3), (1015.7, 659.0), (1015.7, 659.9), (1015.7, 659.3), (1015.7, 659.0), (1015.7, 659.9), (1015.7, 659.3), (1015.7, 659.0), (1015.7, 659.9), (1015.7, 659.3), (1015.7, 659.0)]",0,8.4
novice,meatboy,10,Stuck,3,0,128.86,0.961,"[(73.0, 653.0), (93.8, 659.3), (121.7, 659.0), (151.9, 659.9), (191.9, 659.3), (231.9, 659.0), (271.9, 659.9), (311.9, 659.3), (351.9, 659.0), (391.9, 659.9), (431.9, 659.3), (471.9, 659.0), (511.9, 618.1), (551.9, 593.0), (591.9, 595.4), (599.0, 616.6), (614.2, 656.7), (654.2, 659.3), (694.2, 659.0), (734.2, 659.9), (774.2, 659.3), (814.2, 659.0), (854.2, 659.9), (894.2, 659.3), (934.2, 659.0), (974.2, 659.9), (1014.2, 659.3), (1015.7, 659.0), (1015.7, 659.9), (1015.7, 659.3), (1015.7, 659.0), (1015.7, 659.9), (1015.7, 659.3), (1015.7, 659.0), (1015.7, 659.9), (1015.7, 659.3), (1015.7, 659.0), (1015.7, 659.9), (1015.7, 659.3), (1015.7, 659.0), (1015.7, 659.9), (1015.7, 659.3), (1015.7, 659.0), (1015.7, 659.9), (1015.7, 659.3), (1015.7, 659.0), (1015.7, 659.9), (1015.7, 659.3), (1015.7, 659.0), (1015.7, 659.9), (1015.7, 659.3), (1015.7, 659.0), (1015.7, 659.9), (1015.7, 659.3), (1015.7, 659.0), (1015.7, 659.9), (1015.7, 659.3), (1015.7, 659.0), (1015.7, 659.9), (1015.7, 659.3), (1015.7, 659.0)]",0,8.08
novice,meatboy,10,Stuck,1,0,133.31,0.961,"[(73.0, 653.0), (98.2, 659.3), (138.2, 659.0), (178.2, 659.9), (218.2, 659.3), (258.2, 659.0), (298.2, 659.9), (338.2, 659.3), (378.2, 659.0), (418.2, 659.9), (458.2, 659.3), (498.2, 659.0), (538.2, 659.9), (578.2, 659.3), (618.2, 659.0), (658.2, 659.9), (698.2, 659.3), (738.2, 659.0), (778.2, 659.9), (818.2, 659.3), (858.2, 659.0), (898.2, 659.9), (938.2, 659.3), (978.2, 659.0), (1015.0, 659.9), (1015.0, 659.3), (1015.0, 659.0), (1015.0, 659.9), (1015.0, 659.3), (1015.0, 659.0), (1015.0, 659.9), (1015.0, 659.3), (1015.0, 659.0), (1015.0, 659.9), (1015.0, 659.3), (1015.0, 659.0), (1015.0, 659.9), (1015.0, 659.3), (1015.0, 659.0), (1015.0, 659.9), (1015.0, 659.3), (1015.0, 659.0), (1015.0, 659.9), (1015.0, 659.3), (1015.0, 659.0), (1015.0, 659.9), (1015.0, 659.3), (1015.0, 659.0), (1015.0, 659.9), (1015.0, 659.3), (1015.0, 659.0), (1015.0, 659.9), (1015.0, 659.3), (1015.0, 659.0), (1015.0, 659.9), (1015.0, 659.3), (1015.0, 659.0), (1015.0, 659.9), (1015.0, 659.3)]",0,7.8
novice,meatboy,10,Stuck,1,0,133.31,0.961,"[(73.0, 653.0), (98.2, 659.3), (138.2, 659.0), (178.2, 659.9), (218.2, 659.3), (258.2, 659.0), (298.2, 659.9), (338.2, 659.3), (378.2, 659.0), (418.2, 659.9), (458.2, 659.3), (498.2, 659.0), (538.2, 659.9), (578.2, 659.3), (618.2, 659.0), (658.2, 659.9), (698.2, 659.3), (738.2, 659.0), (778.2, 659.9), (818.2, 659.3), (858.2, 659.0), (898.2, 659.9), (938.2, 659.3), (978.2, 659.0), (1015.0, 659.9), (1015.0, 659.3), (1015.0, 659.0), (1015.0, 659.9), (1015.0, 659.3), (1015.0, 659.0), (1015.0, 659.9), (1015.0, 659.3), (1015.0, 659.0), (1015.0, 659.9), (1015.0, 659.3), (1015.0, 659.0), (1015.0, 659.9), (1015.0, 659.3), (1015.0, 659.0), (1015.0, 659.9), (1015.0, 659.3), (1015.0, 659.0), (1015.0, 659.9), (1015.0, 659.3), (1015.0, 659.0), (1015.0, 659.9), (1015.0, 659.3), (1015.0, 659.0), (1015.0, 659.9), (1015.0, 659.3), (1015.0, 659.0), (1015.0, 659.9), (1015.0, 659.3), (1015.0, 659.0), (1015.0, 659.9), (1015.0, 659.3), (1015.0, 659.0), (1015.0, 659.9), (1015.0, 659.3)]",0,7.8
novice,meatboy,10,Stuck,0,0,124.75,0.961,"[(73.0, 653.0), (98.2, 659.3), (122.6, 659.0), (141.5, 659.9), (160.4, 659.3), (178.1, 659.0), (196.9, 659.9), (213.8, 659.3), (229.4, 659.0), (257.9, 659.9), (297.9, 659.3), (337.9, 659.0), (377.9, 659.9), (417.9, 659.3), (457.9, 659.0), (497.9, 659.9), (537.9, 659.3), (577.9, 659.0), (617.9, 659.9), (657.9, 659.3), (697.9, 659.0), (737.9, 659.9), (777.9, 659.3), (817.9, 659.0), (857.9, 659.9), (897.9, 659.3), (937.9, 659.0), (977.9, 659.9), (1015.0, 659.3), (1015.0, 659.0), (1015.0, 659.9), (1015.0, 659.3), (1015.0, 659.0), (1015.0, 659.9), (1015.0, 659.3), (1015.0, 659.0), (1015.0, 659.9), (1015.0, 659.3), (1015.0, 659.0), (1015.0, 659.9), (1015.0, 659.3), (1015.0, 659.0), (1015.0, 659.9), (1015.0, 659.3), (1015.0, 659.0), (1015.0, 659.9), (1015.0, 659.3), (1015.0, 659.0), (1015.0, 659.9), (1015.0, 659.3), (1015.0, 659.0), (1015.0, 659.9), (1015.0, 659.3), (1015.0, 659.0), (1015.0, 659.9), (1015.0, 659.3), (1015.0, 659.0), (1015.0, 659.9), (1015.0, 659.3), (1015.0, 659.0), (1015.0, 659.9), (1015.0, 659.3), (1015.0, 659.0)]",0,8.33
novice,meatboy,10,Stuck,1,0,133.31,0.961,"[(73.0, 653.0), (98.2, 659.3), (138.2, 659.0), (178.2, 659.9), (218.2, 659.3), (258.2, 659.0), (298.2, 659.9), (338.2, 659.3), (378.2, 659.0), (418.2, 659.9), (458.2, 659.3), (498.2, 659.0), (538.2, 659.9), (578.2, 659.3), (618.2, 659.0), (658.2, 659.9), (698.2, 659.3), (738.2, 659.0), (778.2, 659.9), (818.2, 659.3), (858.2, 659.0), (898.2, 659.9), (938.2, 659.3), (978.2, 659.0), (1015.0, 659.9), (1015.0, 659.3), (1015.0, 659.0), (1015.0, 659.9), (1015.0, 659.3), (1015.0, 659.0), (1015.0, 659.9), (1015.0, 659.3), (1015.0, 659.0), (1015.0, 659.9), (1015.0, 659.3), (1015.0, 659.0), (1015.0, 659.9), (1015.0, 659.3), (1015.0, 659.0), (1015.0, 659.9), (1015.0, 659.3), (1015.0, 659.0), (1015.0, 659.9), (1015.0, 659.3), (1015.0, 659.0), (1015.0, 659.9), (1015.0, 659.3), (1015.0, 659.0), (1015.0, 659.9), (1015.0, 659.3), (1015.0, 659.0), (1015.0, 659.9), (1015.0, 659.3), (1015.0, 659.0), (1015.0, 659.9), (1015.0, 659.3), (1015.0, 659.0), (1015.0, 659.9), (1015.0, 659.3)]",0,7.8
novice,meatboy,10,Stuck,1,0,133.31,0.961,"[(73.0, 653.0), (98.2, 659.3), (138.2, 659.0), (178.2, 659.9), (218.2, 659.3), (258.2, 659.0), (298.2, 659.9), (338.2, 659.3), (378.2, 659.0), (418.2, 659.9), (458.2, 659.3), (498.2, 659.0), (538.2, 659.9), (578.2, 659.3), (618.2, 659.0), (658.2, 659.9), (698.2, 659.3), (738.2, 659.0), (778.2, 659.9), (818.2, 659.3), (858.2, 659.0), (898.2, 659.9), (938.2, 659.3), (978.2, 659.0), (1015.0, 659.9), (1015.0, 659.3), (1015.0, 659.0), (1015.0, 659.9), (1015.0, 659.3), (1015.0, 659.0), (1015.0, 659.9), (1015.0, 659.3), (1015.0, 659.0), (1015.0, 659.9), (1015.0, 659.3), (1015.0, 659.0), (1015.0, 659.9), (1015.0, 659.3), (1015.0, 659.0), (1015.0, 659.9), (1015.0, 659.3), (1015.0, 659.0), (1015.0, 659.9), (1015.0, 659.3), (1015.0, 659.0), (1015.0, 659.9), (1015.0, 659.3), (1015.0, 659.0), (1015.0, 659.9), (1015.0, 659.3), (1015.0, 659.0), (1015.0, 659.9), (1015.0, 659.3), (1015.0, 659.0), (1015.0, 659.9), (1015.0, 659.3), (1015.0, 659.0), (1015.0, 659.9), (1015.0, 659.3)]",0,7.8
novice,meatboy,10,Stuck,16,0,93.01,0.807,"[(73.0, 653.0), (98.2, 659.3), (112.6, 652.2), (121.8, 601.1), (151.7, 568.9), (171.2, 555.6), (211.2, 561.1), (251.2, 563.0), (291.2, 563.9), (331.2, 571.2), (371.2, 598.3), (411.2, 644.3), (451.2, 659.9), (491.2, 659.3), (531.2, 659.0), (571.2, 659.9), (611.2, 659.3), (651.2, 659.0), (691.2, 659.9), (731.2, 659.3), (771.2, 659.0), (811.2, 659.9), (851.2, 659.3), (891.2, 659.0), (931.2, 659.9), (947.3, 624.3), (983.0, 608.8), (921.0, 557.0), (864.3, 527.0), (853.9, 529.4), (885.8, 550.6), (925.8, 590.6), (965.8, 649.6), (983.0, 636.8), (980.8, 590.4), (980.8, 562.9), (983.0, 554.3), (983.0, 564.5), (983.0, 593.5), (921.0, 551.6), (864.3, 521.6), (853.9, 524.0), (885.8, 545.2), (925.8, 585.3), (965.8, 644.2), (983.0, 636.8), (980.8, 590.4), (980.8, 562.9), (983.0, 554.3), (983.0, 564.5), (983.0, 593.5), (921.0, 551.6), (864.3, 521.6), (853.9, 524.0), (885.8, 545.2), (925.8, 585.3), (965.8, 644.2), (983.0, 636.8), (980.8, 590.4), (980.8, 562.9), (983.0, 554.3), (983.0, 564.5), (983.0, 593.5), (921.0, 551.6), (864.3, 521.6)]",0,8.63
novice,meatboy,10,Stuck,4,0,132.48,0.962,"[(73.0, 653.0), (98.2, 659.3), (138.2, 659.0), (178.2, 659.9), (218.2, 659.3), (258.2, 659.0), (298.2, 659.9), (338.2, 659.3), (378.2, 659.0), (418.2, 659.9), (458.2, 659.3), (498.2, 659.0), (538.2, 659.9), (578.2, 644.8), (599.7, 596.1), (599.7, 566.2), (619.2, 555.2), (659.2, 563.1), (699.2, 563.3), (739.2, 563.0), (779.2, 541.5), (819.2, 534.5), (859.2, 546.3), (899.2, 576.9), (939.2, 626.4), (979.2, 659.0), (1015.0, 659.9), (1015.0, 659.3), (1015.0, 659.0), (1015.0, 659.9), (1015.0, 659.3), (1015.0, 659.0), (1015.0, 659.9), (1015.0, 659.3), (1015.0, 659.0), (1015.0, 659.9), (1015.0, 659.3), (1015.0, 659.0), (1015.0, 659.9), (1015.0, 659.3), (1015.0, 659.0), (1015.0, 659.9), (1015.0, 659.3), (1015.0, 659.0), (1015.0, 659.9), (1015.0, 659.3), (1015.0, 659.0), (1015.0, 659.9), (1015.0, 659.3), (1015.0, 659.0), (1015.0, 659.9), (1015.0, 659.3), (1015.0, 659.0), (1015.0, 659.9), (1015.0, 659.3), (1015.0, 659.0), (1015.0, 659.9), (1015.0, 659.3), (1015.0, 659.0)]",0,7.85
novice,meatboy,10,Stuck,2,0,124.48,0.962,"[(73.0, 653.0), (98.2, 659.3), (136.2, 659.0), (154.0, 659.9), (194.0, 659.3), (234.0, 659.0), (274.0, 659.9), (314.0, 659.3), (354.0, 659.0), (394.0, 659.9), (434.0, 659.3), (474.0, 659.0), (514.0, 659.9), (554.0, 659.3), (594.0, 659.0), (634.0, 659.9), (674.0, 659.3), (714.0, 659.0), (754.0, 659.9), (794.0, 659.3), (834.0, 659.0), (874.0, 659.9), (914.0, 659.3), (954.0, 659.0), (972.8, 637.6), (983.7, 591.3), (983.7, 563.8), (983.7, 555.2), (983.7, 565.4), (983.7, 594.4), (983.7, 634.1), (993.8, 659.9), (1015.7, 659.3), (1015.7, 659.0), (1015.7, 659.9), (1015.7, 659.3), (1015.7, 659.0), (1015.7, 659.9), (1015.7, 659.3), (1015.7, 659.0), (1015.7, 659.9), (1015.7, 659.3), (1015.7, 659.0), (1015.7, 659.9), (1015.7, 659.3), (1015.7, 659.0), (1015.7, 659.9), (1015.7, 659.3), (1015.7, 659.0), (1015.7, 659.9), (1015.7, 659.3), (1015.7, 659.0), (1015.7, 659.9), (1015.7, 659.3), (1015.7, 659.0), (1015.7, 659.9), (1015.7, 659.3), (1015.7, 659.0), (1015.7, 659.9), (1015.7, 659.3), (1015.7, 659.0), (1015.7, 659.9), (1015.7, 659.3), (1015.7, 659.0)]",0,8.4
novice,meatboy,10,Stuck,4,0,121.18,0.961,"[(73.0, 653.0), (98.2, 659.3), (122.6, 652.2), (151.0, 601.1), (148.8, 568.9), (174.0, 555.6), (214.0, 561.1), (254.0, 563.0), (294.0, 563.9), (334.0, 579.2), (374.0, 613.4), (414.0, 659.0), (454.0, 659.9), (494.0, 659.3), (534.0, 659.0), (574.0, 659.9), (614.0, 659.3), (654.0, 659.0), (694.0, 659.9), (734.0, 659.3), (774.0, 659.0), (814.0, 659.9), (854.0, 659.3), (894.0, 659.0), (934.0, 659.9), (955.3, 644.8), (982.3, 596.1), (980.8, 566.2), (980.8, 555.2), (983.7, 563.1), (983.7, 589.8), (983.7, 629.2), (987.3, 659.3), (1015.7, 659.0), (1015.7, 659.9), (1015.7, 659.3), (1015.7, 659.0), (1015.7, 659.9), (1015.7, 659.3), (1015.7, 659.0), (1015.7, 659.9), (1015.7, 659.3), (1015.7, 659.0), (1015.7, 659.9), (1015.7, 659.3), (1015.7, 659.0), (1015.7, 659.9), (1015.7, 659.3), (1015.7, 659.0), (1015.7, 659.9), (1015.7, 659.3), (1015.7, 659.0), (1015.7, 659.9), (1015.7, 659.3), (1015.7, 659.0), (1015.7, 659.9), (1015.7, 659.3), (1015.7, 659.0), (1015.7, 659.9), (1015.7, 659.3), (1015.7, 659.0), (1015.7, 659.9), (1015.7, 659.3), (1015.7, 659.0), (1015.7, 659.9)]",0,8.55
novice,meatboy,10,Stuck,3,0,130.82,0.961,"[(73.0, 653.0), (98.2, 659.3), (138.2, 659.0), (178.2, 659.9), (218.2, 659.3), (258.2, 659.0), (298.2, 659.9), (338.2, 659.3), (378.2, 659.0), (418.2, 659.9), (458.2, 659.3), (498.2, 630.8), (538.2, 595.4), (578.2, 593.1), (599.7, 609.6), (609.8, 644.9), (649.2, 659.9), (689.2, 659.3), (729.2, 659.0), (769.2, 659.9), (809.2, 659.3), (849.2, 659.0), (889.2, 659.9), (929.2, 659.3), (969.2, 659.0), (1009.2, 659.9), (1015.0, 659.3), (1015.0, 659.0), (1015.0, 659.9), (1015.0, 659.3), (1015.0, 659.0), (1015.0, 659.9), (1015.0, 659.3), (1015.0, 659.0), (1015.0, 659.9), (1015.0, 659.3), (1015.0, 659.0), (1015.0, 659.9), (1015.0, 659.3), (1015.0, 659.0), (1015.0, 659.9), (1015.0, 659.3), (1015.0, 659.0), (1015.0, 659.9), (1015.0, 659.3), (1015.0, 659.0), (1015.0, 659.9), (1015.0, 659.3), (1015.0, 659.0), (1015.0, 659.9), (1015.0, 659.3), (1015.0, 659.0), (1015.0, 659.9), (1015.0, 659.3), (1015.0, 659.0), (1015.0, 659.9), (1015.0, 659.3), (1015.0, 659.0), (1015.0, 659.9), (1015.0, 659.3)]",0,7.97
novice,meatboy,10,Stuck,1,0,133.31,0.961,"[(73.0, 653.0), (98.2, 659.3), (138.2, 659.0), (178.2, 659.9), (218.2, 659.3), (258.2, 659.0), (298.2, 659.9), (338.2, 659.3), (378.2, 659.0), (418.2, 659.9), (458.2, 659.3), (498.2, 659.0), (538.2, 659.9), (578.2, 659.3), (618.2, 659.0), (658.2, 659.9), (698.2, 659.3), (738.2, 659.0), (778.2, 659.9), (818.2, 659.3), (858.2, 659.0), (898.2, 659.9), (938.2, 659.3), (978.2, 659.0), (1015.0, 659.9), (1015.0, 659.3), (1015.0, 659.0), (1015.0, 659.9), (1015.0, 659.3), (1015.0, 659.0), (1015.0, 659.9), (1015.0, 659.3), (1015.0, 659.0), (1015.0, 659.9), (1015.0, 659.3), (1015.0, 659.0), (1015.0, 659.9), (1015.0, 659.3), (1015.0, 659.0), (1015.0, 659.9), (1015.0, 659.3), (1015.0, 659.0), (1015.0, 659.9), (1015.0, 659.3), (1015.0, 659.0), (1015.0, 659.9), (1015.0, 659.3), (1015.0, 659.0), (1015.0, 659.9), (1015.0, 659.3), (1015.0, 659.0), (1015.0, 659.9), (1015.0, 659.3), (1015.0, 659.0), (1015.0, 659.9), (1015.0, 659.3), (1015.0, 659.0), (1015.0, 659.9), (1015.0, 659.3)]",0,7.8
novice,meatboy,10,Stuck,2,0,83.31,0.962,"[(73.0, 653.0), (98.2, 659.3), (122.6, 659.0), (128.5, 659.9), (129.3, 659.3), (128.6, 659.0), (134.5, 659.9), (135.3, 659.3), (134.6, 659.0), (140.5, 659.9), (141.3, 659.3), (140.6, 659.0), (146.5, 659.9), (147.3, 659.3), (146.6, 659.0), (152.5, 659.9), (153.3, 659.3), (152.6, 659.0), (158.5, 659.9), (159.3, 659.3), (158.6, 659.0), (164.5, 659.9), (165.3, 659.3), (164.6, 659.0), (170.5, 659.9), (171.3, 659.3), (170.6, 659.0), (176.5, 659.9), (177.3, 659.3), (176.6, 659.0), (182.5, 659.9), (183.3, 659.3), (182.6, 659.0), (188.5, 659.9), (189.3, 659.3), (188.6, 659.0), (194.5, 659.9), (195.3, 659.3), (194.6, 659.0), (226.0, 659.9), (266.0, 659.3), (306.0, 659.0), (346.0, 659.9), (386.0, 659.3), (426.0, 659.0), (466.0, 659.9), (506.0, 659.3), (546.0, 659.0), (586.0, 659.9), (626.0, 659.3), (666.0, 659.0), (706.0, 659.9), (746.0, 659.3), (786.0, 659.0), (826.0, 659.9), (866.0, 659.3), (906.0, 659.0), (934.3, 659.9), (961.8, 629.6), (983.7, 631.9), (983.7, 653.2), (1013.2, 659.0), (1015.7, 659.9), (1015.7, 659.3), (1015.7, 659.0), (1015.7, 659.9), (1015.7, 659.3), (1015.7, 659.0), (1015.7, 659.9), (1015.7, 659.3), (1015.7, 659.0), (1015.7, 659.9), (1015.7, 659.3), (1015.7, 659.0), (1015.7, 659.9), (1015.7, 659.3), (1015.7, 659.0), (1015.7, 659.9), (1015.7, 659.3), (1015.7, 659.0), (1015.7, 659.9), (1015.7, 659.3), (1015.7, 659.0), (1015.7, 659.9), (1015.7, 659.3), (1015.7, 659.0), (1015.7, 659.9), (1015.7, 659.3), (1015.7, 659.0), (1015.7, 659.9), (1015.7, 659.3), (1015.7, 659.0), (1015.7, 659.9), (1015.7, 659.3)]",0,12.43
novice,meatboy,10,Stuck,1,0,133.31,0.961,"[(73.0, 653.0), (98.2, 659.3), (138.2, 659.0), (178.2, 659.9), (218.2, 659.3), (258.2, 659.0), (298.2, 659.9), (338.2, 659.3), (378.2, 659.0), (418.2, 659.9), (458.2, 659.3), (498.2, 659.0), (538.2, 659.9), (578.2, 659.3), (618.2, 659.0), (658.2, 659.9), (698.2, 659.3), (738.2, 659.0), (778.2, 659.9), (818.2, 659.3), (858.2, 659.0), (898.2, 659.9), (938.2, 659.3), (978.2, 659.0), (1015.0, 659.9), (1015.0, 659.3), (1015.0, 659.0), (1015.0, 659.9), (1015.0, 659.3), (1015.0, 659.0), (1015.0, 659.9), (1015.0, 659.3), (1015.0, 659.0), (1015.0, 659.9), (1015.0, 659.3), (1015.0, 659.0), (1015.0, 659.9), (1015.0, 659.3), (1015.0, 659.0), (1015.0, 659.9), (1015.0, 659.3), (1015.0, 659.0), (1015.0, 659.9), (1015.0, 659.3), (1015.0, 659.0), (1015.0, 659.9), (1015.0, 659.3), (1015.0, 659.0), (1015.0, 659.9), (1015.0, 659.3), (1015.0, 659.0), (1015.0, 659.9), (1015.0, 659.3), (1015.0, 659.0), (1015.0, 659.9), (1015.0, 659.3), (1015.0, 659.0), (1015.0, 659.9), (1015.0, 659.3)]",0,7.8
novice,meatboy,10,Stuck,6,0,128.09,0.961,"[(73.0, 653.0), (91.0, 659.3), (107.8, 630.8), (147.8, 586.9), (151.7, 561.7), (181.2, 555.4), (221.2, 563.3), (261.2, 563.0), (301.2, 563.9), (341.2, 579.2), (381.2, 613.4), (421.2, 659.0), (461.2, 659.9), (501.2, 659.3), (541.2, 659.0), (581.2, 659.9), (621.2, 659.3), (661.2, 659.0), (701.2, 659.9), (741.2, 659.3), (781.2, 659.0), (821.2, 659.9), (861.2, 659.3), (901.2, 659.0), (929.5, 659.9), (957.0, 613.9), (983.7, 609.3), (983.7, 623.4), (983.7, 656.2), (1011.2, 659.3), (1015.7, 657.4), (1015.7, 659.0), (1015.7, 659.9), (1015.7, 659.3), (1015.7, 659.0), (1015.7, 659.9), (1015.7, 659.3), (1015.7, 659.0), (1015.7, 659.9), (1015.7, 659.3), (1015.7, 659.0), (1015.7, 659.9), (1015.7, 659.3), (1015.7, 659.0), (1015.7, 659.9), (1015.7, 659.3), (1015.7, 659.0), (1015.7, 659.9), (1015.7, 659.3), (1015.7, 659.0), (1015.7, 659.9), (1015.7, 659.3), (1015.7, 659.0), (1015.7, 659.9), (1015.7, 659.3), (1015.7, 659.0), (1015.7, 659.9), (1015.7, 659.3), (1015.7, 659.0), (1015.7, 659.9), (1015.7, 659.3)]",0,8.05
novice,meatboy,10,Stuck,9,0,46.64,0.962,"[(73.0, 653.0), (91.0, 659.3), (91.1, 659.0), (95.3, 659.9), (95.7, 659.3), (95.8, 659.0), (100.0, 659.9), (100.3, 659.3), (100.4, 659.0), (104.7, 659.9), (105.0, 659.3), (105.1, 659.0), (109.3, 659.9), (109.7, 659.3), (109.8, 659.0), (114.0, 659.9), (114.3, 659.3), (114.4, 659.0), (118.7, 659.9), (119.0, 659.3), (119.1, 659.0), (123.3, 659.9), (123.7, 659.3), (123.8, 659.0), (128.0, 659.9), (128.3, 659.3), (128.4, 659.0), (132.7, 659.9), (133.0, 659.3), (133.1, 659.0), (137.3, 659.9), (137.7, 659.3), (137.8, 659.0), (142.0, 659.9), (142.3, 659.3), (142.4, 659.0), (146.7, 659.9), (147.0, 659.3), (147.1, 659.0), (151.3, 659.9), (151.7, 659.3), (151.8, 659.0), (156.0, 659.9), (156.3, 659.3), (156.4, 659.0), (160.7, 659.9), (161.0, 659.3), (161.1, 659.0), (165.3, 659.9), (165.7, 659.3), (165.8, 659.0), (170.0, 659.9), (170.3, 659.3), (170.4, 659.0), (174.7, 659.9), (175.0, 659.3), (175.1, 659.0), (179.3, 659.9), (179.7, 659.3), (179.8, 659.0), (184.0, 659.9), (184.3, 659.3), (184.4, 659.0), (188.7, 659.9), (189.0, 659.3), (189.1, 659.0), (193.3, 659.9), (193.7, 659.3), (193.8, 659.0), (198.0, 659.9), (209.6, 659.3), (222.3, 659.0), (241.2, 659.9), (267.1, 659.3), (307.1, 659.0), (347.1, 659.9), (387.1, 659.3), (427.1, 659.0), (467.1, 659.9), (507.1, 659.3), (547.1, 659.0), (575.4, 659.9), (579.8, 659.3), (584.5, 659.0), (582.6, 659.9), (585.8, 659.3), (590.5, 659.0), (588.6, 659.9), (591.8, 659.3), (596.5, 659.0), (594.6, 659.9), (597.8, 659.3), (602.5, 659.0), (600.6, 659.9), (603.8, 659.3), (608.5, 659.0), (606.6, 659.9), (609.8, 659.3), (614.5, 659.0), (612.6, 659.9), (615.8, 659.3), (620.5, 659.0), (618.6, 659.9), (621.8, 659.3), (626.5, 659.0), (624.6, 659.9), (627.8, 659.3), (632.5, 659.0), (630.6, 659.9), (633.8, 659.3), (638.5, 659.0), (636.6, 659.9), (639.8, 659.3), (644.5, 659.0), (642.6, 659.9), (662.5, 659.3), (679.7, 659.0), (693.1, 659.9), (732.9, 659.3), (772.9, 659.0), (812.9, 659.9), (852.9, 659.3), (891.0, 659.0), (908.8, 659.9), (914.7, 659.3), (924.8, 615.9), (964.4, 608.8), (980.8, 620.6), (983.7, 651.3), (988.4, 659.0), (1010.2, 659.0), (1001.3, 654.8), (1010.3, 659.3), (995.8, 655.9), (1006.9, 659.9), (994.9, 657.4), (1015.3, 659.0), (1001.1, 659.2), (1002.7, 653.9), (1015.7, 659.0), (1015.7, 659.9), (1015.7, 659.3), (1015.7, 659.0), (1015.7, 659.9), (1015.7, 659.3), (1015.7, 659.0), (1015.7, 659.9), (1015.7, 659.3), (1015.7, 659.0), (1015.7, 659.9), (1015.7, 659.3), (1015.7, 659.0), (1015.7, 659.9), (1015.7, 659.3), (1015.7, 659.0), (1015.7, 659.9), (1015.7, 659.3), (1015.7, 659.0), (1015.7, 659.9), (1015.7, 659.3), (1015.7, 659.0), (1015.7, 659.9), (1015.7, 659.3)]",0,21.6
novice,meatboy,10,Stuck,16,0,93.01,0.807,"[(73.0, 653.0), (98.2, 659.3), (112.6, 652.2), (121.8, 601.1), (151.7, 568.9), (171.2, 555.6), (211.2, 561.1), (251.2, 563.0), (291.2, 563.9), (331.2, 571.2), (371.2, 598.3), (411.2, 644.3), (451.2, 659.9), (491.2, 659.3), (531.2, 659.0), (571.2, 659.9), (611.2, 659.3), (651.2, 659.0), (691.2, 659.9), (731.2, 659.3), (771.2, 659.0), (811.2, 659.9), (851.2, 659.3), (891.2, 659.0), (931.2, 659.9), (947.3, 624.3), (983.0, 608.8), (921.0, 557.0), (864.3, 527.0), (853.9, 529.4), (885.8, 550.6), (925.8, 590.6), (965.8, 649.6), (983.0, 636.8), (980.8, 590.4), (980.8, 562.9), (983.0, 554.3), (983.0, 564.5), (983.0, 593.5), (921.0, 551.6), (864.3, 521.6), (853.9, 524.0), (885.8, 545.2), (925.8, 585.3), (965.8, 644.2), (983.0, 636.8), (980.8, 590.4), (980.8, 562.9), (983.0, 554.3), (983.0, 564.5), (983.0, 593.5), (921.0, 551.6), (864.3, 521.6), (853.9, 524.0), (885.8, 545.2), (925.8, 585.3), (965.8, 644.2), (983.0, 636.8), (980.8, 590.4), (980.8, 562.9), (983.0, 554.3), (983.0, 564.5), (983.0, 593.5), (921.0, 551.6), (864.3, 521.6)]",0,8.63
novice,meatboy,10,Stuck,4,0,132.48,0.962,"[(73.0, 653.0), (98.2, 659.3), (138.2, 659.0), (178.2, 659.9), (218.2, 659.3), (258.2, 659.0), (298.2, 659.9), (338.2, 659.3), (378.2, 659.0), (418.2, 659.9), (458.2, 659.3), (498.2, 659.0), (538.2, 659.9), (578.2, 644.8), (599.7, 596.1), (599.7, 566.2), (619.2, 555.2), (659.2, 563.1), (699.2, 563.3), (739.2, 563.0), (779.2, 541.5), (819.2, 534.5), (859.2, 546.3), (899.2, 576.9), (939.2, 626.4), (979.2, 659.0), (1015.0, 659.9), (1015.0, 659.3), (1015.0, 659.0), (1015.0, 659.9), (1015.0, 659.3), (1015.0, 659.0), (1015.0, 659.9), (1015.0, 659.3), (1015.0, 659.0), (1015.0, 659.9), (1015.0, 659.3), (1015.0, 659.0), (1015.0, 659.9), (1015.0, 659.3), (1015.0, 659.0), (1015.0, 659.9), (1015.0, 659.3), (1015.0, 659.0), (1015.0, 659.9), (1015.0, 659.3), (1015.0, 659.0), (1015.0, 659.9), (1015.0, 659.3), (1015.0, 659.0), (1015.0, 659.9), (1015.0, 659.3), (1015.0, 659.0), (1015.0, 659.9), (1015.0, 659.3), (1015.0, 659.0), (1015.0, 659.9), (1015.0, 659.3), (1015.0, 659.0)]",0,7.85
novice,meatboy,10,Stuck,9,0,46.64,0.962,"[(73.0, 653.0), (91.0, 659.3), (91.1, 659.0), (95.3, 659.9), (95.7, 659.3), (95.8, 659.0), (100.0, 659.9), (100.3, 659.3), (100.4, 659.0), (104.7, 659.9), (105.0, 659.3), (105.1, 659.0), (109.3, 659.9), (109.7, 659.3), (109.8, 659.0), (114.0, 659.9), (114.3, 659.3), (114.4, 659.0), (118.7, 659.9), (119.0, 659.3), (119.1, 659.0), (123.3, 659.9), (123.7, 659.3), (123.8, 659.0), (128.0, 659.9), (128.3, 659.3), (128.4, 659.0), (132.7, 659.9), (133.0, 659.3), (133.1, 659.0), (137.3, 659.9), (137.7, 659.3), (137.8, 659.0), (142.0, 659.9), (142.3, 659.3), (142.4, 659.0), (146.7, 659.9), (147.0, 659.3), (147.1, 659.0), (151.3, 659.9), (151.7, 659.3), (151.8, 659.0), (156.0, 659.9), (156.3, 659.3), (156.4, 659.0), (160.7, 659.9), (161.0, 659.3), (161.1, 659.0), (165.3, 659.9), (165.7, 659.3), (165.8, 659.0), (170.0, 659.9), (170.3, 659.3), (170.4, 659.0), (174.7, 659.9), (175.0, 659.3), (175.1, 659.0), (179.3, 659.9), (179.7, 659.3), (179.8, 659.0), (184.0, 659.9), (184.3, 659.3), (184.4, 659.0), (188.7, 659.9), (189.0, 659.3), (189.1, 659.0), (193.3, 659.9), (193.7, 659.3), (193.8, 659.0), (198.0, 659.9), (209.6, 659.3), (222.3, 659.0), (241.2, 659.9), (267.1, 659.3), (307.1, 659.0), (347.1, 659.9), (387.1, 659.3), (427.1, 659.0), (467.1, 659.9), (507.1, 659.3), (547.1, 659.0), (575.4, 659.9), (579.8, 659.3), (584.5, 659.0), (582.6, 659.9), (585.8, 659.3), (590.5, 659.0), (588.6, 659.9), (591.8, 659.3), (596.5, 659.0), (594.6, 659.9), (597.8, 659.3), (602.5, 659.0), (600.6, 659.9), (603.8, 659.3), (608.5, 659.0), (606.6, 659.9), (609.8, 659.3), (614.5, 659.0), (612.6, 659.9), (615.8, 659.3), (620.5, 659.0), (618.6, 659.9), (621.8, 659.3), (626.5, 659.0), (624.6, 659.9), (627.8, 659.3), (632.5, 659.0), (630.6, 659.9), (633.8, 659.3), (638.5, 659.0), (636.6, 659.9), (639.8, 659.3), (644.5, 659.0), (642.6, 659.9), (662.5, 659.3), (679.7, 659.0), (693.1, 659.9), (732.9, 659.3), (772.9, 659.0), (812.9, 659.9), (852.9, 659.3), (891.0, 659.0), (908.8, 659.9), (914.7, 659.3), (924.8, 615.9), (964.4, 608.8), (980.8, 620.6), (983.7, 651.3), (988.4, 659.0), (1010.2, 659.0), (1001.3, 654.8), (1010.3, 659.3), (995.8, 655.9), (1006.9, 659.9), (994.9, 657.4), (1015.3, 659.0), (1001.1, 659.2), (1002.7, 653.9), (1015.7, 659.0), (1015.7, 659.9), (1015.7, 659.3), (1015.7, 659.0), (1015.7, 659.9), (1015.7, 659.3), (1015.7, 659.0), (1015.7, 659.9), (1015.7, 659.3), (1015.7, 659.0), (1015.7, 659.9), (1015.7, 659.3), (1015.7, 659.0), (1015.7, 659.9), (1015.7, 659.3), (1015.7, 659.0), (1015.7, 659.9), (1015.7, 659.3), (1015.7, 659.0), (1015.7, 659.9), (1015.7, 659.3), (1015.7, 659.0), (1015.7, 659.9), (1015.7, 659.3)]",0,21.6
novice,meatboy,10,Stuck,4,0,121.18,0.961,"[(73.0, 653.0), (98.2, 659.3), (122.6, 652.2), (151.0, 601.1), (148.8, 568.9), (174.0, 555.6), (214.0, 561.1), (254.0, 563.0), (294.0, 563.9), (334.0, 579.2), (374.0, 613.4), (414.0, 659.0), (454.0, 659.9), (494.0, 659.3), (534.0, 659.0), (574.0, 659.9), (614.0, 659.3), (654.0, 659.0), (694.0, 659.9), (734.0, 659.3), (774.0, 659.0), (814.0, 659.9), (854.0, 659.3), (894.0, 659.0), (934.0, 659.9), (955.3, 644.8), (982.3, 596.1), (980.8, 566.2), (980.8, 555.2), (983.7, 563.1), (983.7, 589.8), (983.7, 629.2), (987.3, 659.3), (1015.7, 659.0), (1015.7, 659.9), (1015.7, 659.3), (1015.7, 659.0), (1015.7, 659.9), (1015.7, 659.3), (1015.7, 659.0), (1015.7, 659.9), (1015.7, 659.3), (1015.7, 659.0), (1015.7, 659.9), (1015.7, 659.3), (1015.7, 659.0), (1015.7, 659.9), (1015.7, 659.3), (1015.7, 659.0), (1015.7, 659.9), (1015.7, 659.3), (1015.7, 659.0), (1015.7, 659.9), (1015.7, 659.3), (1015.7, 659.0), (1015.7, 659.9), (1015.7, 659.3), (1015.7, 659.0), (1015.7, 659.9), (1015.7, 659.3), (1015.7, 659.0), (1015.7, 659.9), (1015.7, 659.3), (1015.7, 659.0), (1015.7, 659.9)]",0,8.55
novice,meatboy,10,Stuck,5,0,63.79,0.617,"[(73.0, 653.0), (91.0, 659.3), (62.0, 630.8), (53.8, 586.9), (87.0, 561.7), (127.0, 555.4), (167.0, 563.3), (175.1, 563.0), (174.4, 563.9), (180.3, 563.3), (181.1, 563.0), (180.4, 563.9), (186.3, 563.3), (187.1, 563.0), (186.4, 563.9), (177.6, 541.1), (169.8, 531.7), (203.2, 541.1), (243.2, 563.3), (238.3, 548.2), (261.2, 531.8), (301.2, 538.9), (341.2, 564.8), (381.2, 609.6), (421.2, 659.3), (461.2, 659.0), (485.7, 659.9), (504.6, 659.3), (530.4, 659.0), (568.4, 659.9), (571.4, 659.3), (574.7, 659.0), (579.3, 659.9), (577.4, 659.3), (580.7, 659.0), (585.3, 659.9), (583.4, 659.3), (586.7, 659.0), (591.3, 659.9), (589.4, 659.3), (592.7, 659.0), (597.3, 659.9), (595.4, 659.3), (598.7, 659.0), (603.3, 659.9), (601.4, 659.3), (604.7, 659.0), (609.3, 659.9), (607.4, 659.3), (610.7, 659.0), (615.3, 659.9), (613.4, 659.3), (616.7, 659.0), (621.3, 659.9), (619.4, 659.3), (622.7, 659.0), (627.3, 659.9), (625.4, 659.3), (628.7, 659.0), (633.3, 659.9), (631.4, 659.3), (634.7, 659.0), (639.3, 659.9), (637.4, 659.3), (640.7, 659.0), (645.3, 659.9), (643.4, 659.3), (646.7, 659.0), (651.3, 659.9)]",0,9.07
novice,meatboy,10,Stuck,5,0,96.31,0.961,"[(73.0, 653.0), (91.0, 659.3), (91.1, 659.0), (95.3, 659.9), (95.7, 659.3), (95.8, 659.0), (100.0, 659.9), (100.3, 659.3), (100.4, 659.0), (104.7, 659.9), (105.0, 659.3), (105.1, 659.0), (109.3, 659.9), (109.7, 659.3), (109.8, 659.0), (114.0, 659.9), (114.3, 659.3), (114.4, 659.0), (118.7, 659.9), (119.7, 629.6), (155.3, 631.9), (195.3, 653.2), (235.3, 659.0), (275.3, 659.9), (315.3, 659.3), (355.3, 659.0), (395.3, 659.9), (435.3, 659.3), (475.3, 659.0), (515.3, 659.9), (555.3, 659.3), (595.3, 659.0), (635.3, 659.9), (675.3, 659.3), (715.3, 659.0), (755.3, 659.9), (795.3, 659.3), (835.3, 659.0), (875.3, 659.9), (915.3, 659.3), (949.5, 659.0), (971.2, 630.0), (952.0, 600.6), (880.2, 540.9), (852.4, 525.5), (870.8, 532.6), (910.8, 558.5), (950.8, 603.3), (983.7, 659.0), (1013.2, 659.9), (1015.7, 659.3), (1015.7, 659.0), (1015.7, 659.9), (1015.7, 659.3), (1015.7, 659.0), (1015.7, 659.9), (1015.7, 659.3), (1015.7, 659.0), (1015.7, 659.9), (1015.7, 659.3), (1015.7, 659.0), (1015.7, 659.9), (1015.7, 659.3), (1015.7, 659.0), (1015.7, 659.9), (1015.7, 659.3), (1015.7, 659.0), (1015.7, 659.9), (1015.7, 659.3), (1015.7, 659.0), (1015.7, 659.9), (1015.7, 659.3), (1015.7, 659.0), (1015.7, 659.9), (1015.7, 659.3), (1015.7, 659.0), (1015.7, 659.9), (1015.7, 659.3), (1015.7, 659.0), (1015.7, 659.9)]",0,10.65
novice,meatboy,10,Saw,5,0,132.03,0.444,"[(73.0, 653.0), (91.0, 659.3), (73.2, 612.1), (93.0, 575.2), (133.0, 557.1), (173.0, 557.9), (213.0, 563.3), (253.0, 563.0), (293.0, 563.9), (333.0, 579.2), (373.0, 613.4), (413.0, 659.0), (453.0, 659.9), (493.0, 659.3), (533.0, 659.0), (573.0, 659.9), (581.1, 659.3), (593.4, 612.1), (599.0, 581.1), (599.0, 578.8), (599.0, 595.3), (568.7, 588.0), (496.9, 537.3), (469.1, 532.6)]",0,3.07
novice,meatboy,10,Saw,3,0,238.27,0.374,"[(73.0, 653.0), (91.0, 659.3), (89.9, 630.8), (109.7, 586.9), (149.7, 561.7), (189.7, 555.4), (229.7, 563.3), (269.7, 563.0), (309.7, 558.2), (349.7, 534.9), (389.7, 539.6)]",0,1.35
novice,meatboy,10,Stuck,1,0,0.0,0.069,"[(73.0, 653.0), (73.0, 659.3), (73.0, 659.0), (73.0, 659.9), (73.0, 659.3), (73.0, 659.0), (73.0, 659.9), (73.0, 659.3), (73.0, 659.0), (73.0, 659.9), (73.0, 659.3), (73.0, 659.0), (73.0, 659.9), (73.0, 659.3), (73.0, 659.0), (73.0, 659.9), (73.0, 659.3), (73.0, 659.0), (73.0, 659.9), (73.0, 659.3), (73.0, 659.0), (73.0, 659.9), (73.0, 659.3), (73.0, 659.0), (73.0, 659.9), (73.0, 659.3), (73.0, 659.0), (73.0, 659.9), (73.0, 659.3), (73.0, 659.0), (73.0, 659.9), (73.0, 659.3), (73.0, 659.0), (73.0, 659.9), (73.0, 659.3), (73.0, 659.0), (73.0, 659.9), (73.0, 659.3)]",0,5.02
novice,meatboy,10,Stuck,1,0,87.81,0.962,"[(73.0, 653.0), (98.2, 659.3), (112.6, 659.0), (110.7, 659.9), (113.9, 659.3), (118.6, 659.0), (116.7, 659.9), (119.9, 659.3), (124.6, 659.0), (122.7, 659.9), (125.9, 659.3), (130.6, 659.0), (128.7, 659.9), (131.9, 659.3), (136.6, 659.0), (134.7, 659.9), (137.9, 659.3), (142.6, 659.0), (140.7, 659.9), (143.9, 659.3), (148.6, 659.0), (146.7, 659.9), (149.9, 659.3), (154.6, 659.0), (152.7, 659.9), (155.9, 659.3), (160.6, 659.0), (173.5, 659.9), (187.4, 659.3), (200.1, 659.0), (237.6, 659.9), (277.6, 659.3), (317.6, 659.0), (357.6, 659.9), (397.6, 659.3), (437.6, 659.0), (477.6, 659.9), (517.6, 659.3), (557.6, 659.0), (597.6, 659.9), (637.6, 659.3), (677.6, 659.0), (717.6, 659.9), (757.6, 659.3), (797.6, 659.0), (837.6, 659.9), (877.6, 659.3), (917.6, 659.0), (936.4, 659.9), (937.2, 659.3), (936.5, 659.0), (942.4, 659.9), (943.2, 659.3), (942.5, 659.0), (948.4, 659.9), (949.2, 659.3), (948.5, 659.0), (954.4, 659.9), (955.2, 659.3), (954.5, 659.0), (960.4, 659.9), (961.2, 659.3), (960.5, 659.0), (966.4, 659.9), (967.2, 659.3), (966.5, 659.0), (972.4, 659.9), (973.2, 659.3), (972.5, 659.0), (1003.9, 659.9), (1015.7, 659.3), (1015.7, 659.0), (1015.7, 659.9), (1015.7, 659.3), (1015.7, 659.0), (1015.7, 659.9), (1015.7, 659.3), (1015.7, 659.0), (1015.7, 659.9), (1015.7, 659.3), (1015.7, 659.0), (1015.7, 659.9), (1015.7, 659.3), (1015.7, 659.0), (1015.7, 659.9)]",0,11.2
novice,meatboy,10,Stuck,16,0,93.01,0.807,"[(73.0, 653.0), (98.2, 659.3), (112.6, 652.2), (121.8, 601.1), (151.7, 568.9), (171.2, 555.6), (211.2, 561.1), (251.2, 563.0), (291.2, 563.9), (331.2, 571.2), (371.2, 598.3), (411.2, 644.3), (451.2, 659.9), (491.2, 659.3), (531.2, 659.0), (571.2, 659.9), (611.2, 659.3), (651.2, 659.0), (691.2, 659.9), (731.2, 659.3), (771.2, 659.0), (811.2, 659.9), (851.2, 659.3), (891.2, 659.0), (931.2, 659.9), (947.3, 624.3), (983.0, 608.8), (921.0, 557.0), (864.3, 527.0), (853.9, 529.4), (885.8, 550.6), (925.8, 590.6), (965.8, 649.6), (983.0, 636.8), (980.8, 590.4), (980.8, 562.9), (983.0, 554.3), (983.0, 564.5), (983.0, 593.5), (921.0, 551.6), (864.3, 521.6), (853.9, 524.0), (885.8, 545.2), (925.8, 585.3), (965.8, 644.2), (983.0, 636.8), (980.8, 590.4), (980.8, 562.9), (983.0, 554.3), (983.0, 564.5), (983.0, 593.5), (921.0, 551.6), (864.3, 521.6), (853.9, 524.0), (885.8, 545.2), (925.8, 585.3), (965.8, 644.2), (983.0, 636.8), (980.8, 590.4), (980.8, 562.9), (983.0, 554.3), (983.0, 564.5), (983.0, 593.5), (921.0, 551.6), (864.3, 521.6)]",0,8.63
novice,meatboy,10,Stuck,5,0,96.31,0.961,"[(73.0, 653.0), (91.0, 659.3), (91.1, 659.0), (95.3, 659.9), (95.7, 659.3), (95.8, 659.0), (100.0, 659.9), (100.3, 659.3), (100.4, 659.0), (104.7, 659.9), (105.0, 659.3), (105.1, 659.0), (109.3, 659.9), (109.7, 659.3), (109.8, 659.0), (114.0, 659.9), (114.3, 659.3), (114.4, 659.0), (118.7, 659.9), (119.7, 629.6), (155.3, 631.9), (195.3, 653.2), (235.3, 659.0), (275.3, 659.9), (315.3, 659.3), (355.3, 659.0), (395.3, 659.9), (435.3, 659.3), (475.3, 659.0), (515.3, 659.9), (555.3, 659.3), (595.3, 659.0), (635.3, 659.9), (675.3, 659.3), (715.3, 659.0), (755.3, 659.9), (795.3, 659.3), (835.3, 659.0), (875.3, 659.9), (915.3, 659.3), (949.5, 659.0), (971.2, 630.0), (952.0, 600.6), (880.2, 540.9), (852.4, 525.5), (870.8, 532.6), (910.8, 558.5), (950.8, 603.3), (983.7, 659.0), (1013.2, 659.9), (1015.7, 659.3), (1015.7, 659.0), (1015.7, 659.9), (1015.7, 659.3), (1015.7, 659.0), (1015.7, 659.9), (1015.7, 659.3), (1015.7, 659.0), (1015.7, 659.9), (1015.7, 659.3), (1015.7, 659.0), (1015.7, 659.9), (1015.7, 659.3), (1015.7, 659.0), (1015.7, 659.9), (1015.7, 659.3), (1015.7, 659.0), (1015.7, 659.9), (1015.7, 659.3), (1015.7, 659.0), (1015.7, 659.9), (1015.7, 659.3), (1015.7, 659.0), (1015.7, 659.9), (1015.7, 659.3), (1015.7, 659.0), (1015.7, 659.9), (1015.7, 659.3), (1015.7, 659.0), (1015.7, 659.9)]",0,10.65
novice,meatboy,10,Stuck,4,0,132.48,0.962,"[(73.0, 653.0), (98.2, 659.3), (138.2, 659.0), (178.2, 659.9), (218.2, 659.3), (258.2, 659.0), (298.2, 659.9), (338.2, 659.3), (378.2, 659.0), (418.2, 659.9), (458.2, 659.3), (498.2, 659.0), (538.2, 659.9), (578.2, 644.8), (599.7, 596.1), (599.7, 566.2), (619.2, 555.2), (659.2, 563.1), (699.2, 563.3), (739.2, 563.0), (779.2, 541.5), (819.2, 534.5), (859.2, 546.3), (899.2, 576.9), (939.2, 626.4), (979.2, 659.0), (1015.0, 659.9), (1015.0, 659.3), (1015.0, 659.0), (1015.0, 659.9), (1015.0, 659.3), (1015.0, 659.0), (1015.0, 659.9), (1015.0, 659.3), (1015.0, 659.0), (1015.0, 659.9), (1015.0, 659.3), (1015.0, 659.0), (1015.0, 659.9), (1015.0, 659.3), (1015.0, 659.0), (1015.0, 659.9), (1015.0, 659.3), (1015.0, 659.0), (1015.0, 659.9), (1015.0, 659.3), (1015.0, 659.0), (1015.0, 659.9), (1015.0, 659.3), (1015.0, 659.0), (1015.0, 659.9), (1015.0, 659.3), (1015.0, 659.0), (1015.0, 659.9), (1015.0, 659.3), (1015.0, 659.0), (1015.0, 659.9), (1015.0, 659.3), (1015.0, 659.0)]",0,7.85
novice,meatboy,10,Stuck,4,0,121.18,0.961,"[(73.0, 653.0), (98.2, 659.3), (122.6, 652.2), (151.0, 601.1), (148.8, 568.9), (174.0, 555.6), (214.0, 561.1), (254.0, 563.0), (294.0, 563.9), (334.0, 579.2), (374.0, 613.4), (414.0, 659.0), (454.0, 659.9), (494.0, 659.3), (534.0, 659.0), (574.0, 659.9), (614.0, 659.3), (654.0, 659.0), (694.0, 659.9), (734.0, 659.3), (774.0, 659.0), (814.0, 659.9), (854.0, 659.3), (894.0, 659.0), (934.0, 659.9), (955.3, 644.8), (982.3, 596.1), (980.8, 566.2), (980.8, 555.2), (983.7, 563.1), (983.7, 589.8), (983.7, 629.2), (987.3, 659.3), (1015.7, 659.0), (1015.7, 659.9), (1015.7, 659.3), (1015.7, 659.0), (1015.7, 659.9), (1015.7, 659.3), (1015.7, 659.0), (1015.7, 659.9), (1015.7, 659.3), (1015.7, 659.0), (1015.7, 659.9), (1015.7, 659.3), (1015.7, 659.0), (1015.7, 659.9), (1015.7, 659.3), (1015.7, 659.0), (1015.7, 659.9), (1015.7, 659.3), (1015.7, 659.0), (1015.7, 659.9), (1015.7, 659.3), (1015.7, 659.0), (1015.7, 659.9), (1015.7, 659.3), (1015.7, 659.0), (1015.7, 659.9), (1015.7, 659.3), (1015.7, 659.0), (1015.7, 659.9), (1015.7, 659.3), (1015.7, 659.0), (1015.7, 659.9)]",0,8.55
novice,meatboy,10,Stuck,1,0,133.31,0.961,"[(73.0, 653.0), (98.2, 659.3), (138.2, 659.0), (178.2, 659.9), (218.2, 659.3), (258.2, 659.0), (298.2, 659.9), (338.2, 659.3), (378.2, 659.0), (418.2, 659.9), (458.2, 659.3), (498.2, 659.0), (538.2, 659.9), (578.2, 659.3), (618.2, 659.0), (658.2, 659.9), (698.2, 659.3), (738.2, 659.0), (778.2, 659.9), (818.2, 659.3), (858.2, 659.0), (898.2, 659.9), (938.2, 659.3), (978.2, 659.0), (1015.0, 659.9), (1015.0, 659.3), (1015.0, 659.0), (1015.0, 659.9), (1015.0, 659.3), (1015.0, 659.0), (1015.0, 659.9), (1015.0, 659.3), (1015.0, 659.0), (1015.0, 659.9), (1015.0, 659.3), (1015.0, 659.0), (1015.0, 659.9), (1015.0, 659.3), (1015.0, 659.0), (1015.0, 659.9), (1015.0, 659.3), (1015.0, 659.0), (1015.0, 659.9), (1015.0, 659.3), (1015.0, 659.0), (1015.0, 659.9), (1015.0, 659.3), (1015.0, 659.0), (1015.0, 659.9), (1015.0, 659.3), (1015.0, 659.0), (1015.0, 659.9), (1015.0, 659.3), (1015.0, 659.0), (1015.0, 659.9), (1015.0, 659.3), (1015.0, 659.0), (1015.0, 659.9), (1015.0, 659.3)]",0,7.8
novice,meatboy,10,Stuck,5,0,116.34,0.962,"[(73.0, 653.0), (98.2, 659.3), (122.6, 659.0), (141.5, 659.9), (160.4, 659.3), (175.4, 659.0), (186.5, 659.9), (201.1, 659.3), (240.9, 659.0), (280.9, 659.9), (320.9, 659.3), (360.9, 659.0), (400.9, 659.9), (440.9, 659.3), (480.9, 659.0), (520.9, 659.9), (560.9, 659.3), (600.9, 659.0), (640.9, 659.9), (680.9, 659.3), (720.9, 659.0), (760.9, 659.9), (800.9, 659.3), (840.9, 659.0), (880.9, 659.9), (920.9, 659.3), (938.0, 630.8), (976.7, 586.9), (980.8, 561.7), (972.7, 545.8), (905.7, 497.6), (935.2, 495.3), (975.2, 511.8), (983.0, 546.5), (983.0, 586.2), (983.0, 625.9), (985.2, 659.3), (1012.3, 659.0), (1015.0, 659.2), (1015.0, 659.3), (1015.0, 659.0), (1015.0, 659.9), (1015.0, 659.3), (1015.0, 659.0), (1015.0, 659.9), (1015.0, 659.3), (1015.0, 659.0), (1015.0, 659.9), (1015.0, 659.3), (1015.0, 659.0), (1015.0, 659.9), (1015.0, 659.3), (1015.0, 659.0), (1015.0, 659.9), (1015.0, 659.3), (1015.0, 659.0), (1015.0, 659.9), (1015.0, 659.3), (1015.0, 659.0), (1015.0, 659.9), (1015.0, 659.3), (1015.0, 659.0), (1015.0, 659.9), (1015.0, 659.3), (1015.0, 659.0), (1015.0, 659.9), (1015.0, 659.3), (1015.0, 659.0)]",0,8.95
novice,meatboy,10,Stuck,15,0,41.3,0.807,"[(73.0, 653.0), (91.0, 659.3), (91.1, 659.0), (95.3, 659.9), (95.7, 659.3), (95.8, 659.0), (100.0, 659.9), (100.3, 659.3), (100.4, 659.0), (104.7, 659.9), (105.0, 659.3), (105.1, 659.0), (109.3, 659.9), (109.7, 659.3), (109.8, 659.0), (114.0, 659.9), (114.3, 659.3), (114.4, 659.0), (118.7, 659.9), (119.0, 659.3), (119.1, 659.0), (123.3, 659.9), (123.7, 659.3), (123.8, 659.0), (128.0, 659.9), (128.3, 659.3), (128.4, 659.0), (132.7, 659.9), (133.0, 659.3), (133.1, 659.0), (137.3, 659.9), (137.7, 659.3), (137.8, 659.0), (142.0, 659.9), (142.3, 659.3), (142.4, 659.0), (146.7, 659.9), (147.0, 659.3), (147.1, 659.0), (151.3, 659.9), (151.7, 659.3), (151.8, 659.0), (156.0, 659.9), (156.3, 659.3), (156.4, 659.0), (160.7, 659.9), (161.0, 659.3), (161.1, 659.0), (165.3, 659.9), (165.7, 659.3), (165.8, 659.0), (170.0, 659.9), (170.3, 659.3), (170.4, 659.0), (174.7, 659.9), (175.0, 659.3), (175.1, 659.0), (179.3, 659.9), (179.7, 659.3), (179.8, 659.0), (184.0, 659.9), (184.3, 659.3), (184.4, 659.0), (188.7, 659.9), (189.0, 659.3), (189.1, 659.0), (193.3, 659.9), (193.7, 659.3), (193.8, 659.0), (198.0, 659.9), (198.3, 659.3), (198.4, 659.0), (202.7, 659.9), (203.0, 659.3), (203.1, 659.0), (207.3, 659.9), (207.7, 659.3), (207.8, 659.0), (212.0, 659.9), (212.3, 659.3), (212.4, 659.0), (216.7, 659.9), (228.2, 644.8), (258.5, 628.4), (298.5, 635.5), (338.5, 659.0), (378.5, 659.9), (418.5, 659.3), (458.5, 659.0), (498.5, 659.9), (538.5, 659.3), (573.9, 644.2), (604.2, 627.8), (644.2, 634.9), (684.2, 659.0), (724.2, 659.9), (764.2, 659.3), (804.2, 659.0), (844.2, 659.9), (884.2, 659.3), (924.2, 659.0), (941.3, 634.9), (980.0, 627.8), (931.3, 598.7), (868.9, 594.0), (852.7, 608.1), (880.8, 641.1), (920.8, 659.3), (939.7, 636.8), (976.7, 627.4), (941.7, 600.3), (874.2, 593.2), (852.2, 605.1), (875.8, 635.7), (915.8, 659.0), (937.1, 643.9), (971.7, 627.5), (952.0, 602.5), (880.2, 593.1), (852.4, 602.5), (870.8, 630.8), (910.8, 659.9), (935.3, 651.3), (966.7, 627.9), (962.3, 611.3), (886.9, 593.2), (853.3, 600.3), (866.0, 626.3), (905.8, 659.3), (934.2, 659.0), (961.7, 628.7), (972.7, 620.4), (894.3, 593.7), (855.0, 598.4), (861.9, 622.0), (900.8, 659.0), (935.0, 659.9), (956.7, 629.7), (983.0, 629.7), (902.5, 594.4), (857.4, 596.8)]",0,18.75
novice,meatboy,10,Stuck,1,0,51.68,0.962,"[(73.0, 653.0), (93.8, 659.3), (101.0, 659.0), (106.8, 659.9), (110.3, 659.3), (108.8, 659.0), (113.8, 659.9), (113.7, 659.3), (112.1, 659.0), (117.1, 659.9), (117.0, 659.3), (115.4, 659.0), (120.4, 659.9), (120.3, 659.3), (118.8, 659.0), (123.8, 659.9), (123.7, 659.3), (122.1, 659.0), (127.1, 659.9), (127.0, 659.3), (125.4, 659.0), (130.4, 659.9), (130.3, 659.3), (128.8, 659.0), (133.8, 659.9), (133.7, 659.3), (132.1, 659.0), (137.1, 659.9), (137.0, 659.3), (135.4, 659.0), (140.4, 659.9), (140.3, 659.3), (138.8, 659.0), (143.8, 659.9), (143.7, 659.3), (142.1, 659.0), (147.1, 659.9), (147.0, 659.3), (145.4, 659.0), (150.4, 659.9), (150.3, 659.3), (148.8, 659.0), (153.8, 659.9), (153.7, 659.3), (152.1, 659.0), (157.1, 659.9), (157.0, 659.3), (155.4, 659.0), (160.4, 659.9), (160.3, 659.3), (158.8, 659.0), (163.8, 659.9), (163.7, 659.3), (162.1, 659.0), (167.1, 659.9), (167.0, 659.3), (165.4, 659.0), (170.4, 659.9), (170.3, 659.3), (168.8, 659.0), (173.8, 659.9), (173.7, 659.3), (172.1, 659.0), (177.1, 659.9), (177.0, 659.3), (175.4, 659.0), (180.4, 659.9), (180.3, 659.3), (178.8, 659.0), (183.8, 659.9), (183.7, 659.3), (182.1, 659.0), (187.1, 659.9), (187.0, 659.3), (185.4, 659.0), (190.4, 659.9), (190.3, 659.3), (188.8, 659.0), (193.8, 659.9), (193.7, 659.3), (192.1, 659.0), (197.1, 659.9), (205.0, 659.3), (244.6, 659.0), (284.6, 659.9), (324.6, 659.3), (364.6, 659.0), (404.6, 659.9), (444.6, 659.3), (484.6, 659.0), (524.6, 659.9), (564.6, 659.3), (589.1, 659.0), (607.9, 659.9), (626.8, 659.3), (644.5, 659.0), (684.5, 659.9), (724.5, 659.3), (764.5, 659.0), (804.5, 659.9), (844.5, 659.3), (884.5, 659.0), (924.5, 659.9), (932.6, 659.3), (931.9, 659.0), (937.8, 659.9), (938.6, 659.3), (937.9, 659.0), (943.8, 659.9), (944.6, 659.3), (943.9, 659.0), (949.8, 659.9), (950.6, 659.3), (949.9, 659.0), (955.8, 659.9), (956.6, 659.3), (955.9, 659.0), (961.8, 659.9), (962.6, 659.3), (961.9, 659.0), (967.8, 659.9), (968.6, 659.3), (967.9, 659.0), (973.8, 659.9), (974.6, 659.3), (991.6, 659.0), (1007.2, 659.9), (999.1, 659.3), (1004.7, 659.0), (1005.6, 659.9), (995.1, 659.3), (1003.4, 659.0), (1004.8, 659.9), (1009.2, 659.3), (1015.0, 659.0), (1015.0, 659.9), (1015.0, 659.3), (1015.0, 659.0), (1015.0, 659.9)]",0,18.52
novice,meatboy,10,Stuck,19,0,87.13,0.807,"[(73.0, 653.0), (91.0, 659.3), (89.9, 635.4), (109.7, 628.4), (149.7, 640.2), (187.7, 659.9), (193.2, 637.1), (212.5, 627.7), (252.5, 637.1), (292.5, 659.3), (332.5, 659.0), (372.5, 659.9), (412.5, 659.3), (452.5, 659.0), (492.5, 659.9), (532.5, 659.3), (566.7, 659.0), (570.9, 634.9), (595.3, 627.8), (635.3, 639.6), (675.3, 659.9), (715.3, 659.3), (755.3, 659.0), (795.3, 659.9), (835.3, 659.3), (875.3, 659.0), (915.3, 659.9), (934.2, 637.1), (971.2, 627.7), (942.4, 600.6), (874.9, 593.5), (852.9, 605.3), (876.6, 636.0), (916.6, 659.0), (932.7, 632.6), (972.4, 628.0), (952.0, 607.4), (880.2, 598.0), (852.4, 607.4), (870.8, 635.7), (910.8, 659.0), (927.9, 634.9), (966.7, 627.8), (962.3, 616.4), (886.9, 598.4), (853.3, 605.5), (866.0, 631.4), (905.8, 659.9), (924.7, 637.1), (961.7, 627.7), (972.7, 625.5), (894.3, 598.8), (855.0, 603.6), (861.9, 627.2), (900.8, 659.3), (922.1, 644.2), (956.7, 627.8), (983.0, 634.9), (902.5, 599.6), (857.4, 602.0), (858.5, 623.2), (895.8, 659.0), (920.3, 651.6), (951.7, 628.2), (983.7, 633.0), (911.4, 600.6), (860.5, 600.6)]",0,8.9
novice,meatboy,10,Stuck,3,0,129.58,0.961,"[(73.0, 653.0), (93.8, 659.3), (122.7, 612.1), (151.0, 575.2), (158.2, 557.1), (196.2, 557.9), (236.2, 563.3), (276.2, 563.0), (316.2, 567.4), (356.2, 589.8), (396.2, 631.0), (436.2, 659.0), (476.2, 659.9), (516.2, 659.3), (556.2, 659.0), (596.2, 659.9), (636.2, 659.3), (676.2, 659.0), (716.2, 659.9), (756.2, 659.3), (796.2, 659.0), (836.2, 659.9), (876.2, 659.3), (916.2, 659.0), (956.2, 659.9), (996.2, 659.3), (1015.0, 659.0), (1015.0, 659.9), (1015.0, 659.3), (1015.0, 659.0), (1015.0, 659.9), (1015.0, 659.3), (1015.0, 659.0), (1015.0, 659.9), (1015.0, 659.3), (1015.0, 659.0), (1015.0, 659.9), (1015.0, 659.3), (1015.0, 659.0), (1015.0, 659.9), (1015.0, 659.3), (1015.0, 659.0), (1015.0, 659.9), (1015.0, 659.3), (1015.0, 659.0), (1015.0, 659.9), (1015.0, 659.3), (1015.0, 659.0), (1015.0, 659.9), (1015.0, 659.3), (1015.0, 659.0), (1015.0, 659.9), (1015.0, 659.3), (1015.0, 659.0), (1015.0, 659.9), (1015.0, 659.3), (1015.0, 659.0), (1015.0, 659.9), (1015.0, 659.3), (1015.0, 659.0), (1015.0, 659.9)]",0,8.0
novice,meatboy,10,Stuck,5,0,116.34,0.962,"[(73.0, 653.0), (98.2, 659.3), (122.6, 659.0), (141.5, 659.9), (160.4, 659.3), (175.4, 659.0), (186.5, 659.9), (201.1, 659.3), (240.9, 659.0), (280.9, 659.9), (320.9, 659.3), (360.9, 659.0), (400.9, 659.9), (440.9, 659.3), (480.9, 659.0), (520.9, 659.9), (560.9, 659.3), (600.9, 659.0), (640.9, 659.9), (680.9, 659.3), (720.9, 659.0), (760.9, 659.9), (800.9, 659.3), (840.9, 659.0), (880.9, 659.9), (920.9, 659.3), (938.0, 630.8), (976.7, 586.9), (980.8, 561.7), (972.7, 545.8), (905.7, 497.6), (935.2, 495.3), (975.2, 511.8), (983.0, 546.5), (983.0, 586.2), (983.0, 625.9), (985.2, 659.3), (1012.3, 659.0), (1015.0, 659.2), (1015.0, 659.3), (1015.0, 659.0), (1015.0, 659.9), (1015.0, 659.3), (1015.0, 659.0), (1015.0, 659.9), (1015.0, 659.3), (1015.0, 659.0), (1015.0, 659.9), (1015.0, 659.3), (1015.0, 659.0), (1015.0, 659.9), (1015.0, 659.3), (1015.0, 659.0), (1015.0, 659.9), (1015.0, 659.3), (1015.0, 659.0), (1015.0, 659.9), (1015.0, 659.3), (1015.0, 659.0), (1015.0, 659.9), (1015.0, 659.3), (1015.0, 659.0), (1015.0, 659.9), (1015.0, 659.3), (1015.0, 659.0), (1015.0, 659.9), (1015.0, 659.3), (1015.0, 659.0)]",0,8.95
novice,meatboy,10,Stuck,16,0,93.01,0.807,"[(73.0, 653.0), (98.2, 659.3), (112.6, 652.2), (121.8, 601.1), (151.7, 568.9), (171.2, 555.6), (211.2, 561.1), (251.2, 563.0), (291.2, 563.9), (331.2, 571.2), (371.2, 598.3), (411.2, 644.3), (451.2, 659.9), (491.2, 659.3), (531.2, 659.0), (571.2, 659.9), (611.2, 659.3), (651.2, 659.0), (691.2, 659.9), (731.2, 659.3), (771.2, 659.0), (811.2, 659.9), (851.2, 659.3), (891.2, 659.0), (931.2, 659.9), (947.3, 624.3), (983.0, 608.8), (921.0, 557.0), (864.3, 527.0), (853.9, 529.4), (885.8, 550.6), (925.8, 590.6), (965.8, 649.6), (983.0, 636.8), (980.8, 590.4), (980.8, 562.9), (983.0, 554.3), (983.0, 564.5), (983.0, 593.5), (921.0, 551.6), (864.3, 521.6), (853.9, 524.0), (885.8, 545.2), (925.8, 585.3), (965.8, 644.2), (983.0, 636.8), (980.8, 590.4), (980.8, 562.9), (983.0, 554.3), (983.0, 564.5), (983.0, 593.5), (921.0, 551.6), (864.3, 521.6), (853.9, 524.0), (885.8, 545.2), (925.8, 585.3), (965.8, 644.2), (983.0, 636.8), (980.8, 590.4), (980.8, 562.9), (983.0, 554.3), (983.0, 564.5), (983.0, 593.5), (921.0, 551.6), (864.3, 521.6)]",0,8.63
novice,meatboy,10,Stuck,5,0,96.31,0.961,"[(73.0, 653.0), (91.0, 659.3), (91.1, 659.0), (95.3, 659.9), (95.7, 659.3), (95.8, 659.0), (100.0, 659.9), (100.3, 659.3), (100.4, 659.0), (104.7, 659.9), (105.0, 659.3), (105.1, 659.0), (109.3, 659.9), (109.7, 659.3), (109.8, 659.0), (114.0, 659.9), (114.3, 659.3), (114.4, 659.0), (118.7, 659.9), (119.7, 629.6), (155.3, 631.9), (195.3, 653.2), (235.3, 659.0), (275.3, 659.9), (315.3, 659.3), (355.3, 659.0), (395.3, 659.9), (435.3, 659.3), (475.3, 659.0), (515.3, 659.9), (555.3, 659.3), (595.3, 659.0), (635.3, 659.9), (675.3, 659.3), (715.3, 659.0), (755.3, 659.9), (795.3, 659.3), (835.3, 659.0), (875.3, 659.9), (915.3, 659.3), (949.5, 659.0), (971.2, 630.0), (952.0, 600.6), (880.2, 540.9), (852.4, 525.5), (870.8, 532.6), (910.8, 558.5), (950.8, 603.3), (983.7, 659.0), (1013.2, 659.9), (1015.7, 659.3), (1015.7, 659.0), (1015.7, 659.9), (1015.7, 659.3), (1015.7, 659.0), (1015.7, 659.9), (1015.7, 659.3), (1015.7, 659.0), (1015.7, 659.9), (1015.7, 659.3), (1015.7, 659.0), (1015.7, 659.9), (1015.7, 659.3), (1015.7, 659.0), (1015.7, 659.9), (1015.7, 659.3), (1015.7, 659.0), (1015.7, 659.9), (1015.7, 659.3), (1015.7, 659.0), (1015.7, 659.9), (1015.7, 659.3), (1015.7, 659.0), (1015.7, 659.9), (1015.7, 659.3), (1015.7, 659.0), (1015.7, 659.9), (1015.7, 659.3), (1015.7, 659.0), (1015.7, 659.9)]",0,10.65
novice,meatboy,10,Stuck,19,0,87.13,0.807,"[(73.0, 653.0), (91.0, 659.3), (89.9, 635.4), (109.7, 628.4), (149.7, 640.2), (187.7, 659.9), (193.2, 637.1), (212.5, 627.7), (252.5, 637.1), (292.5, 659.3), (332.5, 659.0), (372.5, 659.9), (412.5, 659.3), (452.5, 659.0), (492.5, 659.9), (532.5, 659.3), (566.7, 659.0), (570.9, 634.9), (595.3, 627.8), (635.3, 639.6), (675.3, 659.9), (715.3, 659.3), (755.3, 659.0), (795.3, 659.9), (835.3, 659.3), (875.3, 659.0), (915.3, 659.9), (934.2, 637.1), (971.2, 627.7), (942.4, 600.6), (874.9, 593.5), (852.9, 605.3), (876.6, 636.0), (916.6, 659.0), (932.7, 632.6), (972.4, 628.0), (952.0, 607.4), (880.2, 598.0), (852.4, 607.4), (870.8, 635.7), (910.8, 659.0), (927.9, 634.9), (966.7, 627.8), (962.3, 616.4), (886.9, 598.4), (853.3, 605.5), (866.0, 631.4), (905.8, 659.9), (924.7, 637.1), (961.7, 627.7), (972.7, 625.5), (894.3, 598.8), (855.0, 603.6), (861.9, 627.2), (900.8, 659.3), (922.1, 644.2), (956.7, 627.8), (983.0, 634.9), (902.5, 599.6), (857.4, 602.0), (858.5, 623.2), (895.8, 659.0), (920.3, 651.6), (951.7, 628.2), (983.7, 633.0), (911.4, 600.6), (860.5, 600.6)]",0,8.9
novice,meatboy,10,Stuck,2,0,122.57,0.961,"[(73.0, 653.0), (98.2, 659.3), (122.6, 659.0), (141.5, 659.9), (160.4, 659.3), (178.1, 659.0), (218.1, 659.9), (258.1, 659.3), (298.1, 659.0), (338.1, 659.9), (378.1, 659.3), (418.1, 659.0), (458.1, 659.9), (498.1, 659.3), (538.1, 659.0), (578.1, 659.9), (618.1, 659.3), (658.1, 659.0), (698.1, 659.9), (738.1, 659.3), (778.1, 659.0), (818.1, 659.9), (858.1, 659.3), (898.1, 659.0), (938.1, 659.9), (959.3, 644.8), (983.7, 596.1), (983.7, 566.2), (983.7, 555.2), (983.7, 563.1), (983.7, 589.8), (983.7, 629.2), (987.3, 659.3), (1015.7, 659.0), (1015.7, 659.9), (1015.7, 659.3), (1015.7, 659.0), (1015.7, 659.9), (1015.7, 659.3), (1015.7, 659.0), (1015.7, 659.9), (1015.7, 659.3), (1015.7, 659.0), (1015.7, 659.9), (1015.7, 659.3), (1015.7, 659.0), (1015.7, 659.9), (1015.7, 659.3), (1015.7, 659.0), (1015.7, 659.9), (1015.7, 659.3), (1015.7, 659.0), (1015.7, 659.9), (1015.7, 659.3), (1015.7, 659.0), (1015.7, 659.9), (1015.7, 659.3), (1015.7, 659.0), (1015.7, 659.9), (1015.7, 659.3), (1015.7, 659.0), (1015.7, 659.9), (1015.7, 659.3), (1015.7, 659.0), (1015.7, 659.9)]",0,8.55
novice,meatboy,10,Stuck,5,0,91.58,0.961,"[(73.0, 653.0), (98.2, 659.3), (136.2, 659.0), (139.2, 659.9), (142.4, 659.3), (147.1, 659.0), (145.2, 659.9), (148.4, 659.3), (153.1, 659.0), (151.2, 659.9), (154.4, 659.3), (159.1, 659.0), (157.2, 659.9), (160.4, 659.3), (165.1, 659.0), (163.2, 659.9), (166.4, 659.3), (171.1, 659.0), (169.2, 659.9), (172.4, 659.3), (177.1, 659.0), (175.2, 659.9), (178.4, 659.3), (183.1, 659.0), (181.2, 659.9), (184.4, 659.3), (189.1, 659.0), (187.2, 659.9), (190.4, 659.3), (195.1, 659.0), (193.2, 659.9), (196.4, 659.3), (231.0, 659.0), (271.0, 637.6), (311.0, 625.4), (351.0, 647.8), (391.0, 659.9), (431.0, 659.3), (471.0, 659.0), (511.0, 618.1), (551.0, 578.8), (591.0, 558.4), (631.0, 556.8), (671.0, 563.0), (711.0, 563.9), (751.0, 565.9), (791.0, 535.6), (831.0, 538.0), (871.0, 559.2), (911.0, 599.3), (951.0, 658.2), (991.0, 659.3), (1015.7, 659.0), (1015.7, 659.9), (1015.7, 659.3), (1015.7, 659.0), (1015.7, 659.9), (1015.7, 659.3), (1015.7, 659.0), (1015.7, 659.9), (1015.7, 659.3), (1015.7, 659.0), (1015.7, 659.9), (1015.7, 659.3), (1015.7, 659.0), (1015.7, 659.9), (1015.7, 659.3), (1015.7, 659.0), (1015.7, 659.9), (1015.7, 659.3), (1015.7, 659.0), (1015.7, 659.9), (1015.7, 659.3), (1015.7, 659.0), (1015.7, 659.9), (1015.7, 659.3), (1015.7, 659.0), (1015.7, 659.9), (1015.7, 659.3), (1015.7, 659.0), (1015.7, 659.9), (1015.7, 659.3), (1015.7, 659.0), (1015.7, 659.9), (1015.7, 659.3)]",0,11.28
novice,meatboy,10,Stuck,10,0,68.2,0.961,"[(73.0, 653.0), (91.0, 659.3), (62.0, 635.4), (53.8, 628.4), (87.0, 640.2), (125.1, 659.9), (130.5, 637.1), (149.8, 627.7), (189.8, 637.1), (229.8, 659.3), (237.9, 659.0), (237.3, 659.9), (243.2, 659.3), (243.9, 659.0), (243.3, 659.9), (249.2, 659.3), (249.9, 659.0), (249.3, 659.9), (240.4, 637.1), (232.6, 625.4), (266.1, 647.8), (306.1, 659.9), (346.1, 659.3), (386.1, 659.0), (426.1, 659.9), (466.1, 659.3), (506.1, 659.0), (546.1, 659.9), (567.3, 659.3), (572.0, 659.0), (570.1, 659.9), (573.3, 659.3), (578.0, 659.0), (576.1, 659.9), (579.3, 659.3), (584.0, 659.0), (582.1, 659.9), (585.3, 659.3), (590.0, 659.0), (588.1, 659.9), (591.3, 659.3), (596.0, 659.0), (594.1, 659.9), (597.3, 659.3), (602.0, 659.0), (600.1, 659.9), (603.3, 659.3), (608.0, 659.0), (606.1, 659.9), (609.3, 659.3), (614.0, 659.0), (612.1, 659.9), (615.3, 659.3), (620.0, 659.0), (618.1, 659.9), (621.3, 659.3), (626.0, 659.0), (624.1, 659.9), (627.3, 659.3), (632.0, 659.0), (630.1, 659.9), (633.3, 659.3), (638.0, 659.0), (636.1, 659.9), (639.3, 659.3), (644.0, 659.0), (650.8, 631.9), (689.9, 629.6), (729.9, 646.1), (769.9, 659.3), (809.9, 659.0), (849.9, 659.9), (889.9, 659.3), (911.2, 644.2), (945.8, 627.8), (983.0, 634.9), (902.5, 568.2), (857.4, 534.8), (858.5, 534.8), (895.8, 553.7), (935.8, 591.4), (975.8, 648.0), (1015.8, 659.0), (1015.7, 659.9), (1015.7, 659.3), (1015.7, 659.0), (1015.7, 659.9), (1015.7, 659.3), (1015.7, 659.0), (1015.7, 659.9), (1015.7, 659.3), (1015.7, 659.0), (1015.7, 659.9), (1015.7, 659.3), (1015.7, 659.0), (1015.7, 659.9), (1015.7, 659.3), (1015.7, 659.0), (1015.7, 659.9), (1015.7, 659.3), (1015.7, 659.0), (1015.7, 659.9), (1015.7, 659.3), (1015.7, 659.0), (1015.7, 659.9), (1015.7, 659.3), (1015.7, 659.0), (1015.7, 659.9), (1015.7, 659.3), (1015.7, 659.0), (1015.7, 659.9), (1015.7, 659.3), (1015.7, 659.0), (1015.7, 659.9)]",0,15.12
novice,meatboy,10,Stuck,8,0,55.78,0.469,"[(73.0, 653.0), (91.0, 659.3), (62.0, 635.4), (53.8, 628.4), (87.0, 640.2), (125.1, 659.9), (105.3, 659.3), (76.2, 629.0), (91.1, 631.4), (131.1, 652.6), (152.3, 659.0), (158.4, 630.0), (193.9, 630.0), (233.9, 648.9), (273.9, 644.2), (313.9, 644.3), (353.9, 659.0), (393.9, 659.9), (433.9, 659.3), (473.9, 659.0), (491.0, 659.9), (506.9, 659.3), (505.4, 659.0), (502.6, 659.9), (506.2, 659.3), (504.8, 659.0), (501.9, 659.9), (505.6, 659.3), (504.1, 659.0), (501.2, 659.9), (504.9, 659.3), (503.4, 659.0), (500.6, 659.9), (504.2, 659.3), (502.8, 659.0), (499.9, 659.9), (503.6, 659.3), (502.1, 659.0), (499.2, 659.9), (502.9, 659.3), (501.4, 659.0), (498.6, 659.9), (502.2, 659.3), (500.8, 659.0), (497.9, 659.9), (501.6, 659.3), (500.1, 659.0), (497.2, 659.9), (500.9, 659.3), (499.4, 659.0), (496.6, 659.9), (500.2, 659.3), (498.8, 659.0), (495.9, 659.9), (499.6, 659.3), (498.1, 659.0), (495.2, 659.9)]",0,7.57
novice,meatboy,10,Stuck,2,0,26.41,0.22,"[(73.0, 653.0), (93.8, 659.3), (103.8, 612.1), (142.1, 575.2), (153.2, 557.1), (186.1, 557.9), (219.7, 563.3), (226.3, 563.0), (232.0, 563.9), (232.0, 563.3), (232.0, 563.0), (232.0, 563.9), (232.0, 563.3), (232.0, 563.0), (232.0, 563.9), (232.0, 563.3), (232.0, 563.0), (232.0, 563.9), (232.0, 563.3), (232.0, 563.0), (232.0, 563.9), (232.0, 563.3), (232.0, 563.0), (232.0, 563.9), (232.0, 563.3), (232.0, 563.0), (232.0, 563.9), (232.0, 563.3), (232.0, 563.0), (232.0, 563.9), (232.0, 563.3), (232.0, 563.0), (232.0, 563.9), (232.0, 563.3), (232.0, 563.0), (232.0, 563.9), (232.0, 563.3), (232.0, 563.0), (232.0, 563.9), (232.0, 563.3), (232.0, 563.0), (232.0, 563.9), (232.0, 563.3), (232.0, 563.0), (232.0, 563.9)]",0,5.9
novice,meatboy,10,Stuck,3,0,126.82,0.962,"[(73.0, 653.0), (98.2, 659.3), (122.6, 659.0), (141.5, 659.9), (160.4, 659.3), (175.4, 659.0), (186.5, 659.9), (226.1, 659.3), (266.1, 659.0), (306.1, 659.9), (346.1, 659.3), (386.1, 659.0), (426.1, 659.9), (466.1, 659.3), (506.1, 659.0), (546.1, 659.9), (586.1, 659.3), (626.1, 659.0), (666.1, 659.9), (706.1, 659.3), (746.1, 659.0), (786.1, 659.9), (826.1, 659.3), (866.1, 659.0), (906.1, 659.9), (927.4, 644.8), (961.9, 611.0), (983.7, 611.0), (983.7, 629.9), (987.3, 659.3), (1011.5, 659.0), (1015.7, 659.0), (1015.7, 659.9), (1015.7, 659.3), (1015.7, 659.0), (1015.7, 659.9), (1015.7, 659.3), (1015.7, 659.0), (1015.7, 659.9), (1015.7, 659.3), (1015.7, 659.0), (1015.7, 659.9), (1015.7, 659.3), (1015.7, 659.0), (1015.7, 659.9), (1015.7, 659.3), (1015.7, 659.0), (1015.7, 659.9), (1015.7, 659.3), (1015.7, 659.0), (1015.7, 659.9), (1015.7, 659.3), (1015.7, 659.0), (1015.7, 659.9), (1015.7, 659.3), (1015.7, 659.0), (1015.7, 659.9), (1015.7, 659.3), (1015.7, 659.0), (1015.7, 659.9), (1015.7, 659.3), (1015.7, 659.0)]",0,8.17
novice,meatboy,10,Stuck,5,0,116.34,0.962,"[(73.0, 653.0), (98.2, 659.3), (122.6, 659.0), (141.5, 659.9), (160.4, 659.3), (175.4, 659.0), (186.5, 659.9), (201.1, 659.3), (240.9, 659.0), (280.9, 659.9), (320.9, 659.3), (360.9, 659.0), (400.9, 659.9), (440.9, 659.3), (480.9, 659.0), (520.9, 659.9), (560.9, 659.3), (600.9, 659.0), (640.9, 659.9), (680.9, 659.3), (720.9, 659.0), (760.9, 659.9), (800.9, 659.3), (840.9, 659.0), (880.9, 659.9), (920.9, 659.3), (938.0, 630.8), (976.7, 586.9), (980.8, 561.7), (972.7, 545.8), (905.7, 497.6), (935.2, 495.3), (975.2, 511.8), (983.0, 546.5), (983.0, 586.2), (983.0, 625.9), (985.2, 659.3), (1012.3, 659.0), (1015.0, 659.2), (1015.0, 659.3), (1015.0, 659.0), (1015.0, 659.9), (1015.0, 659.3), (1015.0, 659.0), (1015.0, 659.9), (1015.0, 659.3), (1015.0, 659.0), (1015.0, 659.9), (1015.0, 659.3), (1015.0, 659.0), (1015.0, 659.9), (1015.0, 659.3), (1015.0, 659.0), (1015.0, 659.9), (1015.0, 659.3), (1015.0, 659.0), (1015.0, 659.9), (1015.0, 659.3), (1015.0, 659.0), (1015.0, 659.9), (1015.0, 659.3), (1015.0, 659.0), (1015.0, 659.9), (1015.0, 659.3), (1015.0, 659.0), (1015.0, 659.9), (1015.0, 659.3), (1015.0, 659.0)]",0,8.95
novice,meatboy,10,Stuck,16,0,93.01,0.807,"[(73.0, 653.0), (98.2, 659.3), (112.6, 652.2), (121.8, 601.1), (151.7, 568.9), (171.2, 555.6), (211.2, 561.1), (251.2, 563.0), (291.2, 563.9), (331.2, 571.2), (371.2, 598.3), (411.2, 644.3), (451.2, 659.9), (491.2, 659.3), (531.2, 659.0), (571.2, 659.9), (611.2, 659.3), (651.2, 659.0), (691.2, 659.9), (731.2, 659.3), (771.2, 659.0), (811.2, 659.9), (851.2, 659.3), (891.2, 659.0), (931.2, 659.9), (947.3, 624.3), (983.0, 608.8), (921.0, 557.0), (864.3, 527.0), (853.9, 529.4), (885.8, 550.6), (925.8, 590.6), (965.8, 649.6), (983.0, 636.8), (980.8, 590.4), (980.8, 562.9), (983.0, 554.3), (983.0, 564.5), (983.0, 593.5), (921.0, 551.6), (864.3, 521.6), (853.9, 524.0), (885.8, 545.2), (925.8, 585.3), (965.8, 644.2), (983.0, 636.8), (980.8, 590.4), (980.8, 562.9), (983.0, 554.3), (983.0, 564.5), (983.0, 593.5), (921.0, 551.6), (864.3, 521.6), (853.9, 524.0), (885.8, 545.2), (925.8, 585.3), (965.8, 644.2), (983.0, 636.8), (980.8, 590.4), (980.8, 562.9), (983.0, 554.3), (983.0, 564.5), (983.0, 593.5), (921.0, 551.6), (864.3, 521.6)]",0,8.63
novice,meatboy,10,Stuck,10,0,68.2,0.961,"[(73.0, 653.0), (91.0, 659.3), (62.0, 635.4), (53.8, 628.4), (87.0, 640.2), (125.1, 659.9), (130.5, 637.1), (149.8, 627.7), (189.8, 637.1), (229.8, 659.3), (237.9, 659.0), (237.3, 659.9), (243.2, 659.3), (243.9, 659.0), (243.3, 659.9), (249.2, 659.3), (249.9, 659.0), (249.3, 659.9), (240.4, 637.1), (232.6, 625.4), (266.1, 647.8), (306.1, 659.9), (346.1, 659.3), (386.1, 659.0), (426.1, 659.9), (466.1, 659.3), (506.1, 659.0), (546.1, 659.9), (567.3, 659.3), (572.0, 659.0), (570.1, 659.9), (573.3, 659.3), (578.0, 659.0), (576.1, 659.9), (579.3, 659.3), (584.0, 659.0), (582.1, 659.9), (585.3, 659.3), (590.0, 659.0), (588.1, 659.9), (591.3, 659.3), (596.0, 659.0), (594.1, 659.9), (597.3, 659.3), (602.0, 659.0), (600.1, 659.9), (603.3, 659.3), (608.0, 659.0), (606.1, 659.9), (609.3, 659.3), (614.0, 659.0), (612.1, 659.9), (615.3, 659.3), (620.0, 659.0), (618.1, 659.9), (621.3, 659.3), (626.0, 659.0), (624.1, 659.9), (627.3, 659.3), (632.0, 659.0), (630.1, 659.9), (633.3, 659.3), (638.0, 659.0), (636.1, 659.9), (639.3, 659.3), (644.0, 659.0), (650.8, 631.9), (689.9, 629.6), (729.9, 646.1), (769.9, 659.3), (809.9, 659.0), (849.9, 659.9), (889.9, 659.3), (911.2, 644.2), (945.8, 627.8), (983.0, 634.9), (902.5, 568.2), (857.4, 534.8), (858.5, 534.8), (895.8, 553.7), (935.8, 591.4), (975.8, 648.0), (1015.8, 659.0), (1015.7, 659.9), (1015.7, 659.3), (1015.7, 659.0), (1015.7, 659.9), (1015.7, 659.3), (1015.7, 659.0), (1015.7, 659.9), (1015.7, 659.3), (1015.7, 659.0), (1015.7, 659.9), (1015.7, 659.3), (1015.7, 659.0), (1015.7, 659.9), (1015.7, 659.3), (1015.7, 659.0), (1015.7, 659.9), (1015.7, 659.3), (1015.7, 659.0), (1015.7, 659.9), (1015.7, 659.3), (1015.7, 659.0), (1015.7, 659.9), (1015.7, 659.3), (1015.7, 659.0), (1015.7, 659.9), (1015.7, 659.3), (1015.7, 659.0), (1015.7, 659.9), (1015.7, 659.3), (1015.7, 659.0), (1015.7, 659.9)]",0,15.12
novice,meatboy,10,Stuck,5,0,96.31,0.961,"[(73.0, 653.0), (91.0, 659.3), (91.1, 659.0), (95.3, 659.9), (95.7, 659.3), (95.8, 659.0), (100.0, 659.9), (100.3, 659.3), (100.4, 659.0), (104.7, 659.9), (105.0, 659.3), (105.1, 659.0), (109.3, 659.9), (109.7, 659.3), (109.8, 659.0), (114.0, 659.9), (114.3, 659.3), (114.4, 659.0), (118.7, 659.9), (119.7, 629.6), (155.3, 631.9), (195.3, 653.2), (235.3, 659.0), (275.3, 659.9), (315.3, 659.3), (355.3, 659.0), (395.3, 659.9), (435.3, 659.3), (475.3, 659.0), (515.3, 659.9), (555.3, 659.3), (595.3, 659.0), (635.3, 659.9), (675.3, 659.3), (715.3, 659.0), (755.3, 659.9), (795.3, 659.3), (835.3, 659.0), (875.3, 659.9), (915.3, 659.3), (949.5, 659.0), (971.2, 630.0), (952.0, 600.6), (880.2, 540.9), (852.4, 525.5), (870.8, 532.6), (910.8, 558.5), (950.8, 603.3), (983.7, 659.0), (1013.2, 659.9), (1015.7, 659.3), (1015.7, 659.0), (1015.7, 659.9), (1015.7, 659.3), (1015.7, 659.0), (1015.7, 659.9), (1015.7, 659.3), (1015.7, 659.0), (1015.7, 659.9), (1015.7, 659.3), (1015.7, 659.0), (1015.7, 659.9), (1015.7, 659.3), (1015.7, 659.0), (1015.7, 659.9), (1015.7, 659.3), (1015.7, 659.0), (1015.7, 659.9), (1015.7, 659.3), (1015.7, 659.0), (1015.7, 659.9), (1015.7, 659.3), (1015.7, 659.0), (1015.7, 659.9), (1015.7, 659.3), (1015.7, 659.0), (1015.7, 659.9), (1015.7, 659.3), (1015.7, 659.0), (1015.7, 659.9)]",0,10.65
novice,meatboy,10,Stuck,1,0,57.3,0.962,"[(73.0, 653.0), (91.0, 659.3), (105.1, 659.0), (115.3, 659.9), (121.0, 659.3), (120.3, 659.0), (126.2, 659.9), (127.0, 659.3), (126.3, 659.0), (132.2, 659.9), (133.0, 659.3), (132.3, 659.0), (138.2, 659.9), (139.0, 659.3), (138.3, 659.0), (144.2, 659.9), (145.0, 659.3), (144.3, 659.0), (150.2, 659.9), (151.0, 659.3), (150.3, 659.0), (156.2, 659.9), (157.0, 659.3), (156.3, 659.0), (162.2, 659.9), (163.0, 659.3), (162.3, 659.0), (168.2, 659.9), (169.0, 659.3), (168.3, 659.0), (174.2, 659.9), (175.0, 659.3), (174.3, 659.0), (180.2, 659.9), (181.0, 659.3), (180.3, 659.0), (186.2, 659.9), (187.0, 659.3), (186.3, 659.0), (192.2, 659.9), (193.0, 659.3), (192.3, 659.0), (198.2, 659.9), (215.1, 659.3), (248.6, 659.0), (288.6, 659.9), (328.6, 659.3), (368.6, 659.0), (408.6, 659.9), (448.6, 659.3), (488.6, 659.0), (528.6, 659.9), (568.6, 659.3), (583.0, 659.0), (581.1, 659.9), (584.3, 659.3), (589.0, 659.0), (587.1, 659.9), (590.3, 659.3), (595.0, 659.0), (593.1, 659.9), (596.3, 659.3), (601.0, 659.0), (599.1, 659.9), (602.3, 659.3), (607.0, 659.0), (605.1, 659.9), (608.3, 659.3), (613.0, 659.0), (611.1, 659.9), (614.3, 659.3), (619.0, 659.0), (617.1, 659.9), (620.3, 659.3), (625.0, 659.0), (623.1, 659.9), (626.3, 659.3), (631.0, 659.0), (629.1, 659.9), (632.3, 659.3), (637.0, 659.0), (635.1, 659.9), (638.3, 659.3), (643.0, 659.0), (641.1, 659.9), (644.3, 659.3), (678.9, 659.0), (718.9, 659.9), (758.9, 659.3), (798.9, 659.0), (838.9, 659.9), (878.9, 659.3), (918.9, 659.0), (937.7, 659.9), (938.5, 659.3), (937.8, 659.0), (943.7, 659.9), (944.5, 659.3), (943.8, 659.0), (949.7, 659.9), (950.5, 659.3), (949.8, 659.0), (955.7, 659.9), (956.5, 659.3), (955.8, 659.0), (961.7, 659.9), (962.5, 659.3), (961.8, 659.0), (967.7, 659.9), (968.5, 659.3), (967.8, 659.0), (973.7, 659.9), (974.5, 659.3), (993.7, 659.0), (1015.7, 659.9), (1015.7, 659.3), (1015.7, 659.0), (1015.7, 659.9), (1015.7, 659.3), (1015.7, 659.0), (1015.7, 659.9), (1015.7, 659.3), (1015.7, 659.0), (1015.7, 659.9), (1015.7, 659.3), (1015.7, 659.0), (1015.7, 659.9), (1015.7, 659.3), (1015.7, 659.0), (1015.7, 659.9)]",0,17.2
novice,meatboy,10,Stuck,1,0,-5.92,0.039,"[(73.0, 653.0), (91.0, 659.3), (79.1, 659.0), (48.3, 659.9), (41.0, 659.3), (41.0, 659.0), (41.0, 659.9), (41.0, 659.3), (41.0, 659.0), (41.0, 659.9), (41.0, 659.3), (41.0, 659.0), (41.0, 659.9), (41.0, 659.3), (41.0, 659.0), (41.0, 659.9), (41.0, 659.3), (41.0, 659.0), (41.0, 659.9), (41.0, 659.3), (41.0, 659.0), (41.0, 659.9), (41.0, 659.3), (41.0, 659.0), (41.0, 659.9), (41.0, 659.3), (41.0, 659.0), (41.0, 659.9), (41.0, 659.3), (41.0, 659.0), (41.0, 659.9), (41.0, 659.3), (41.0, 659.0), (41.0, 659.9), (41.0, 659.3), (41.0, 659.0), (41.0, 659.9), (41.0, 659.3)]",0,5.02
novice,meatboy,10,Stuck,1,0,-6.32,0.039,"[(73.0, 653.0), (91.0, 659.3), (61.3, 659.0), (41.0, 659.9), (41.0, 659.3), (41.0, 659.0), (41.0, 659.9), (41.0, 659.3), (41.0, 659.0), (41.0, 659.9), (41.0, 659.3), (41.0, 659.0), (41.0, 659.9), (41.0, 659.3), (41.0, 659.0), (41.0, 659.9), (41.0, 659.3), (41.0, 659.0), (41.0, 659.9), (41.0, 659.3), (41.0, 659.0), (41.0, 659.9), (41.0, 659.3), (41.0, 659.0), (41.0, 659.9), (41.0, 659.3), (41.0, 659.0), (41.0, 659.9), (41.0, 659.3), (41.0, 659.0), (41.0, 659.9), (41.0, 659.3), (41.0, 659.0), (41.0, 659.9), (41.0, 659.3), (41.0, 659.0), (41.0, 659.9), (41.0, 659.3)]",0,5.02
novice,meatboy,10,Stuck,4,0,141.66,0.962,"[(73.0, 653.0), (98.2, 659.3), (138.2, 659.0), (178.2, 659.9), (218.2, 659.3), (258.2, 659.0), (298.2, 659.9), (338.2, 659.3), (378.2, 659.0), (418.2, 659.9), (458.2, 659.3), (498.2, 659.0), (538.2, 637.6), (578.2, 591.3), (599.7, 563.8), (629.2, 555.2), (669.2, 563.0), (709.2, 538.9), (749.2, 531.8), (789.2, 543.6), (829.2, 574.3), (869.2, 623.7), (909.2, 659.0), (949.2, 659.9), (989.2, 659.3), (1015.0, 659.0), (1015.0, 659.9), (1015.0, 659.3), (1015.0, 659.0), (1015.0, 659.9), (1015.0, 659.3), (1015.0, 659.0), (1015.0, 659.9), (1015.0, 659.3), (1015.0, 659.0), (1015.0, 659.9), (1015.0, 659.3), (1015.0, 659.0), (1015.0, 659.9), (1015.0, 659.3), (1015.0, 659.0), (1015.0, 659.9), (1015.0, 659.3), (1015.0, 659.0), (1015.0, 659.9), (1015.0, 659.3), (1015.0, 659.0), (1015.0, 659.9), (1015.0, 659.3), (1015.0, 659.0), (1015.0, 659.9), (1015.0, 659.3), (1015.0, 659.0), (1015.0, 659.9), (1015.0, 659.3)]",0,7.25
novice,meatboy,10,Saw,8,0,141.41,0.371,"[(73.0, 653.0), (98.2, 659.3), (122.6, 659.0), (126.1, 637.6), (151.7, 597.0), (79.4, 541.4), (43.2, 534.3), (76.2, 546.1), (116.2, 576.8), (151.0, 624.0), (176.2, 659.3), (190.6, 659.0), (197.4, 621.0), (236.6, 631.6), (276.6, 659.0), (316.6, 605.6), (356.6, 571.0)]",0,2.25
novice,meatboy,10,Stuck,2,0,133.23,0.962,"[(73.0, 653.0), (98.2, 659.3), (138.2, 659.0), (178.2, 659.9), (218.2, 659.3), (258.2, 659.0), (298.2, 659.9), (338.2, 659.3), (378.2, 659.0), (418.2, 659.9), (458.2, 659.3), (498.2, 659.0), (538.2, 659.9), (578.2, 659.3), (618.2, 659.0), (658.2, 659.9), (698.2, 659.3), (738.2, 659.0), (778.2, 659.9), (818.2, 659.3), (858.2, 659.0), (898.2, 659.9), (938.2, 659.3), (978.2, 659.0), (997.0, 653.9), (1015.7, 659.0), (1015.7, 659.9), (1015.7, 659.3), (1015.7, 659.0), (1015.7, 659.9), (1015.7, 659.3), (1015.7, 659.0), (1015.7, 659.9), (1015.7, 659.3), (1015.7, 659.0), (1015.7, 659.9), (1015.7, 659.3), (1015.7, 659.0), (1015.7, 659.9), (1015.7, 659.3), (1015.7, 659.0), (1015.7, 659.9), (1015.7, 659.3), (1015.7, 659.0), (1015.7, 659.9), (1015.7, 659.3), (1015.7, 659.0), (1015.7, 659.9), (1015.7, 659.3), (1015.7, 659.0), (1015.7, 659.9), (1015.7, 659.3), (1015.7, 659.0), (1015.7, 659.9), (1015.7, 659.3), (1015.7, 659.0), (1015.7, 659.9), (1015.7, 659.3), (1015.7, 659.0)]",0,7.8
novice,meatboy,10,Stuck,5,0,116.34,0.962,"[(73.0, 653.0), (98.2, 659.3), (122.6, 659.0), (141.5, 659.9), (160.4, 659.3), (175.4, 659.0), (186.5, 659.9), (201.1, 659.3), (240.9, 659.0), (280.9, 659.9), (320.9, 659.3), (360.9, 659.0), (400.9, 659.9), (440.9, 659.3), (480.9, 659.0), (520.9, 659.9), (560.9, 659.3), (600.9, 659.0), (640.9, 659.9), (680.9, 659.3), (720.9, 659.0), (760.9, 659.9), (800.9, 659.3), (840.9, 659.0), (880.9, 659.9), (920.9, 659.3), (938.0, 630.8), (976.7, 586.9), (980.8, 561.7), (972.7, 545.8), (905.7, 497.6), (935.2, 495.3), (975.2, 511.8), (983.0, 546.5), (983.0, 586.2), (983.0, 625.9), (985.2, 659.3), (1012.3, 659.0), (1015.0, 659.2), (1015.0, 659.3), (1015.0, 659.0), (1015.0, 659.9), (1015.0, 659.3), (1015.0, 659.0), (1015.0, 659.9), (1015.0, 659.3), (1015.0, 659.0), (1015.0, 659.9), (1015.0, 659.3), (1015.0, 659.0), (1015.0, 659.9), (1015.0, 659.3), (1015.0, 659.0), (1015.0, 659.9), (1015.0, 659.3), (1015.0, 659.0), (1015.0, 659.9), (1015.0, 659.3), (1015.0, 659.0), (1015.0, 659.9), (1015.0, 659.3), (1015.0, 659.0), (1015.0, 659.9), (1015.0, 659.3), (1015.0, 659.0), (1015.0, 659.9), (1015.0, 659.3), (1015.0, 659.0)]",0,8.95
novice,meatboy,10,Stuck,16,0,93.01,0.807,"[(73.0, 653.0), (98.2, 659.3), (112.6, 652.2), (121.8, 601.1), (151.7, 568.9), (171.2, 555.6), (211.2, 561.1), (251.2, 563.0), (291.2, 563.9), (331.2, 571.2), (371.2, 598.3), (411.2, 644.3), (451.2, 659.9), (491.2, 659.3), (531.2, 659.0), (571.2, 659.9), (611.2, 659.3), (651.2, 659.0), (691.2, 659.9), (731.2, 659.3), (771.2, 659.0), (811.2, 659.9), (851.2, 659.3), (891.2, 659.0), (931.2, 659.9), (947.3, 624.3), (983.0, 608.8), (921.0, 557.0), (864.3, 527.0), (853.9, 529.4), (885.8, 550.6), (925.8, 590.6), (965.8, 649.6), (983.0, 636.8), (980.8, 590.4), (980.8, 562.9), (983.0, 554.3), (983.0, 564.5), (983.0, 593.5), (921.0, 551.6), (864.3, 521.6), (853.9, 524.0), (885.8, 545.2), (925.8, 585.3), (965.8, 644.2), (983.0, 636.8), (980.8, 590.4), (980.8, 562.9), (983.0, 554.3), (983.0, 564.5), (983.0, 593.5), (921.0, 551.6), (864.3, 521.6), (853.9, 524.0), (885.8, 545.2), (925.8, 585.3), (965.8, 644.2), (983.0, 636.8), (980.8, 590.4), (980.8, 562.9), (983.0, 554.3), (983.0, 564.5), (983.0, 593.5), (921.0, 551.6), (864.3, 521.6)]",0,8.63
novice,meatboy,10,Stuck,5,0,96.31,0.961,"[(73.0, 653.0), (91.0, 659.3), (91.1, 659.0), (95.3, 659.9), (95.7, 659.3), (95.8, 659.0), (100.0, 659.9), (100.3, 659.3), (100.4, 659.0), (104.7, 659.9), (105.0, 659.3), (105.1, 659.0), (109.3, 659.9), (109.7, 659.3), (109.8, 659.0), (114.0, 659.9), (114.3, 659.3), (114.4, 659.0), (118.7, 659.9), (119.7, 629.6), (155.3, 631.9), (195.3, 653.2), (235.3, 659.0), (275.3, 659.9), (315.3, 659.3), (355.3, 659.0), (395.3, 659.9), (435.3, 659.3), (475.3, 659.0), (515.3, 659.9), (555.3, 659.3), (595.3, 659.0), (635.3, 659.9), (675.3, 659.3), (715.3, 659.0), (755.3, 659.9), (795.3, 659.3), (835.3, 659.0), (875.3, 659.9), (915.3, 659.3), (949.5, 659.0), (971.2, 630.0), (952.0, 600.6), (880.2, 540.9), (852.4, 525.5), (870.8, 532.6), (910.8, 558.5), (950.8, 603.3), (983.7, 659.0), (1013.2, 659.9), (1015.7, 659.3), (1015.7, 659.0), (1015.7, 659.9), (1015.7, 659.3), (1015.7, 659.0), (1015.7, 659.9), (1015.7, 659.3), (1015.7, 659.0), (1015.7, 659.9), (1015.7, 659.3), (1015.7, 659.0), (1015.7, 659.9), (1015.7, 659.3), (1015.7, 659.0), (1015.7, 659.9), (1015.7, 659.3), (1015.7, 659.0), (1015.7, 659.9), (1015.7, 659.3), (1015.7, 659.0), (1015.7, 659.9), (1015.7, 659.3), (1015.7, 659.0), (1015.7, 659.9), (1015.7, 659.3), (1015.7, 659.0), (1015.7, 659.9), (1015.7, 659.3), (1015.7, 659.0), (1015.7, 659.9)]",0,10.65
novice,meatboy,10,Stuck,10,0,68.2,0.961,"[(73.0, 653.0), (91.0, 659.3), (62.0, 635.4), (53.8, 628.4), (87.0, 640.2), (125.1, 659.9), (130.5, 637.1), (149.8, 627.7), (189.8, 637.1), (229.8, 659.3), (237.9, 659.0), (237.3, 659.9), (243.2, 659.3), (243.9, 659.0), (243.3, 659.9), (249.2, 659.3), (249.9, 659.0), (249.3, 659.9), (240.4, 637.1), (232.6, 625.4), (266.1, 647.8), (306.1, 659.9), (346.1, 659.3), (386.1, 659.0), (426.1, 659.9), (466.1, 659.3), (506.1, 659.0), (546.1, 659.9), (567.3, 659.3), (572.0, 659.0), (570.1, 659.9), (573.3, 659.3), (578.0, 659.0), (576.1, 659.9), (579.3, 659.3), (584.0, 659.0), (582.1, 659.9), (585.3, 659.3), (590.0, 659.0), (588.1, 659.9), (591.3, 659.3), (596.0, 659.0), (594.1, 659.9), (597.3, 659.3), (602.0, 659.0), (600.1, 659.9), (603.3, 659.3), (608.0, 659.0), (606.1, 659.9), (609.3, 659.3), (614.0, 659.0), (612.1, 659.9), (615.3, 659.3), (620.0, 659.0), (618.1, 659.9), (621.3, 659.3), (626.0, 659.0), (624.1, 659.9), (627.3, 659.3), (632.0, 659.0), (630.1, 659.9), (633.3, 659.3), (638.0, 659.0), (636.1, 659.9), (639.3, 659.3), (644.0, 659.0), (650.8, 631.9), (689.9, 629.6), (729.9, 646.1), (769.9, 659.3), (809.9, 659.0), (849.9, 659.9), (889.9, 659.3), (911.2, 644.2), (945.8, 627.8), (983.0, 634.9), (902.5, 568.2), (857.4, 534.8), (858.5, 534.8), (895.8, 553.7), (935.8, 591.4), (975.8, 648.0), (1015.8, 659.0), (1015.7, 659.9), (1015.7, 659.3), (1015.7, 659.0), (1015.7, 659.9), (1015.7, 659.3), (1015.7, 659.0), (1015.7, 659.9), (1015.7, 659.3), (1015.7, 659.0), (1015.7, 659.9), (1015.7, 659.3), (1015.7, 659.0), (1015.7, 659.9), (1015.7, 659.3), (1015.7, 659.0), (1015.7, 659.9), (1015.7, 659.3), (1015.7, 659.0), (1015.7, 659.9), (1015.7, 659.3), (1015.7, 659.0), (1015.7, 659.9), (1015.7, 659.3), (1015.7, 659.0), (1015.7, 659.9), (1015.7, 659.3), (1015.7, 659.0), (1015.7, 659.9), (1015.7, 659.3), (1015.7, 659.0), (1015.7, 659.9)]",0,15.12
novice,meatboy,10,Stuck,2,0,132.81,0.961,"[(73.0, 653.0), (98.2, 659.3), (138.2, 659.0), (178.2, 659.9), (218.2, 659.3), (258.2, 659.0), (298.2, 659.9), (338.2, 659.3), (378.2, 659.0), (418.2, 659.9), (458.2, 659.3), (498.2, 659.0), (538.2, 659.9), (578.2, 659.3), (618.2, 659.0), (658.2, 659.9), (698.2, 659.3), (738.2, 659.0), (778.2, 659.9), (818.2, 659.3), (858.2, 659.0), (898.2, 659.9), (938.2, 659.3), (976.2, 659.0), (983.0, 618.1), (983.0, 593.0), (983.0, 595.4), (983.0, 616.6), (983.0, 654.2), (1008.2, 659.0), (1015.0, 659.9), (1015.0, 659.3), (1015.0, 659.0), (1015.0, 659.9), (1015.0, 659.3), (1015.0, 659.0), (1015.0, 659.9), (1015.0, 659.3), (1015.0, 659.0), (1015.0, 659.9), (1015.0, 659.3), (1015.0, 659.0), (1015.0, 659.9), (1015.0, 659.3), (1015.0, 659.0), (1015.0, 659.9), (1015.0, 659.3), (1015.0, 659.0), (1015.0, 659.9), (1015.0, 659.3), (1015.0, 659.0), (1015.0, 659.9), (1015.0, 659.3), (1015.0, 659.0), (1015.0, 659.9), (1015.0, 659.3), (1015.0, 659.0), (1015.0, 659.9), (1015.0, 659.3)]",0,7.8
novice,meatboy,10,Stuck,1,0,7.57,0.107,"[(73.0, 653.0), (93.8, 659.3), (101.0, 659.0), (106.8, 659.9), (112.5, 659.3), (112.5, 659.0), (112.5, 659.9), (112.5, 659.3), (112.5, 659.0), (112.5, 659.9), (112.5, 659.3), (112.5, 659.0), (112.5, 659.9), (112.5, 659.3), (112.5, 659.0), (112.5, 659.9), (112.5, 659.3), (112.5, 659.0), (112.5, 659.9), (112.5, 659.3), (112.5, 659.0), (112.5, 659.9), (112.5, 659.3), (112.5, 659.0), (112.5, 659.9), (112.5, 659.3), (112.5, 659.0), (112.5, 659.9), (112.5, 659.3), (112.5, 659.0), (112.5, 659.9), (112.5, 659.3), (112.5, 659.0), (112.5, 659.9), (112.5, 659.3), (112.5, 659.0), (112.5, 659.9), (112.5, 659.3), (112.5, 659.0), (112.5, 659.9)]",0,5.22
novice,meatboy,10,Stuck,1,0,27.7,0.623,"[(73.0, 653.0), (91.0, 659.3), (91.1, 659.0), (95.3, 659.9), (95.7, 659.3), (95.8, 659.0), (100.0, 659.9), (100.3, 659.3), (100.4, 659.0), (104.7, 659.9), (105.0, 659.3), (105.1, 659.0), (109.3, 659.9), (109.7, 659.3), (109.8, 659.0), (114.0, 659.9), (114.3, 659.3), (114.4, 659.0), (118.7, 659.9), (119.0, 659.3), (119.1, 659.0), (123.3, 659.9), (123.7, 659.3), (123.8, 659.0), (128.0, 659.9), (128.3, 659.3), (128.4, 659.0), (132.7, 659.9), (133.0, 659.3), (133.1, 659.0), (137.3, 659.9), (137.7, 659.3), (137.8, 659.0), (142.0, 659.9), (142.3, 659.3), (142.4, 659.0), (146.7, 659.9), (147.0, 659.3), (147.1, 659.0), (151.3, 659.9), (151.7, 659.3), (151.8, 659.0), (156.0, 659.9), (156.3, 659.3), (156.4, 659.0), (160.7, 659.9), (161.0, 659.3), (161.1, 659.0), (165.3, 659.9), (165.7, 659.3), (165.8, 659.0), (170.0, 659.9), (170.3, 659.3), (170.4, 659.0), (174.7, 659.9), (175.0, 659.3), (175.1, 659.0), (179.3, 659.9), (179.7, 659.3), (179.8, 659.0), (184.0, 659.9), (184.3, 659.3), (184.4, 659.0), (188.7, 659.9), (189.0, 659.3), (189.1, 659.0), (193.3, 659.9), (193.7, 659.3), (193.8, 659.0), (198.0, 659.9), (198.3, 659.3), (198.4, 659.0), (202.7, 659.9), (203.0, 659.3), (203.1, 659.0), (207.3, 659.9), (207.7, 659.3), (207.8, 659.0), (212.0, 659.9), (212.3, 659.3), (212.4, 659.0), (216.7, 659.9), (217.0, 659.3), (217.1, 659.0), (221.3, 659.9), (221.7, 659.3), (221.8, 659.0), (226.0, 659.9), (226.3, 659.3), (226.4, 659.0), (230.7, 659.9), (231.0, 659.3), (231.1, 659.0), (235.3, 659.9), (235.7, 659.3), (235.8, 659.0), (240.0, 659.9), (240.3, 659.3), (240.4, 659.0), (244.7, 659.9), (245.0, 659.3), (245.1, 659.0), (249.3, 659.9), (249.7, 659.3), (249.8, 659.0), (254.0, 659.9), (254.3, 659.3), (271.1, 659.0), (311.1, 659.9), (351.1, 659.3), (389.2, 659.0), (406.9, 659.9), (420.8, 659.3), (433.5, 659.0), (444.9, 659.9), (458.8, 659.3), (477.6, 659.0), (495.2, 659.9), (512.7, 659.3), (529.1, 659.0), (547.9, 659.9), (579.1, 659.3), (580.8, 659.0), (586.7, 659.9), (587.5, 659.3), (586.8, 659.0), (592.7, 659.9), (593.5, 659.3), (592.8, 659.0), (598.7, 659.9), (599.5, 659.3), (598.8, 659.0), (604.7, 659.9), (605.5, 659.3), (604.8, 659.0), (610.7, 659.9), (611.5, 659.3), (610.8, 659.0), (616.7, 659.9), (617.5, 659.3), (616.8, 659.0), (622.7, 659.9), (623.5, 659.3), (622.8, 659.0), (628.7, 659.9), (629.5, 659.3), (628.8, 659.0), (634.7, 659.9), (635.5, 659.3), (634.8, 659.0), (640.7, 659.9), (641.5, 659.3), (640.8, 659.0), (646.7, 659.9), (647.5, 659.3), (646.8, 659.0), (652.7, 659.9), (653.5, 659.3), (652.8, 659.0)]",0,21.12
novice,meatboy,10,Stuck,2,0,126.43,0.962,"[(73.0, 653.0), (98.2, 659.3), (138.2, 659.0), (178.2, 659.9), (218.2, 659.3), (258.2, 659.0), (298.2, 659.9), (338.2, 659.3), (378.2, 659.0), (418.2, 659.9), (458.2, 659.3), (498.2, 659.0), (538.2, 659.9), (578.2, 659.3), (618.2, 659.0), (658.2, 659.9), (698.2, 659.3), (738.2, 659.0), (778.2, 659.9), (818.2, 659.3), (858.2, 659.0), (898.2, 659.9), (938.2, 659.3), (955.3, 630.8), (983.0, 586.9), (983.0, 561.7), (983.0, 555.4), (983.0, 568.0), (983.0, 599.4), (983.0, 639.1), (998.2, 659.0), (1015.0, 659.9), (1015.0, 659.3), (1015.0, 659.0), (1015.0, 659.9), (1015.0, 659.3), (1015.0, 659.0), (1015.0, 659.9), (1015.0, 659.3), (1015.0, 659.0), (1015.0, 659.9), (1015.0, 659.3), (1015.0, 659.0), (1015.0, 659.9), (1015.0, 659.3), (1015.0, 659.0), (1015.0, 659.9), (1015.0, 659.3), (1015.0, 659.0), (1015.0, 659.9), (1015.0, 659.3), (1015.0, 659.0), (1015.0, 659.9), (1015.0, 659.3), (1015.0, 659.0), (1015.0, 659.9), (1015.0, 659.3), (1015.0, 659.0), (1015.0, 659.9), (1015.0, 659.3), (1015.0, 659.0), (1015.0, 659.9)]",0,8.25
novice,meatboy,10,Stuck,1,0,133.23,0.962,"[(73.0, 653.0), (98.2, 659.3), (138.2, 659.0), (178.2, 659.9), (218.2, 659.3), (258.2, 659.0), (298.2, 659.9), (338.2, 659.3), (378.2, 659.0), (418.2, 659.9), (458.2, 659.3), (498.2, 659.0), (538.2, 659.9), (578.2, 659.3), (618.2, 659.0), (658.2, 659.9), (698.2, 659.3), (738.2, 659.0), (778.2, 659.9), (818.2, 659.3), (858.2, 659.0), (898.2, 659.9), (938.2, 659.3), (976.2, 659.0), (994.0, 659.9), (1015.7, 659.3), (1015.7, 659.0), (1015.7, 659.9), (1015.7, 659.3), (1015.7, 659.0), (1015.7, 659.9), (1015.7, 659.3), (1015.7, 659.0), (1015.7, 659.9), (1015.7, 659.3), (1015.7, 659.0), (1015.7, 659.9), (1015.7, 659.3), (1015.7, 659.0), (1015.7, 659.9), (1015.7, 659.3), (1015.7, 659.0), (1015.7, 659.9), (1015.7, 659.3), (1015.7, 659.0), (1015.7, 659.9), (1015.7, 659.3), (1015.7, 659.0), (1015.7, 659.9), (1015.7, 659.3), (1015.7, 659.0), (1015.7, 659.9), (1015.7, 659.3), (1015.7, 659.0), (1015.7, 659.9), (1015.7, 659.3), (1015.7, 659.0), (1015.7, 659.9), (1015.7, 659.3)]",0,7.8
novice,meatboy,10,Stuck,3,0,96.98,0.962,"[(73.0, 653.0), (98.2, 659.3), (122.6, 659.0), (128.5, 659.9), (129.3, 659.3), (128.6, 659.0), (134.5, 659.9), (135.3, 659.3), (134.6, 659.0), (140.5, 659.9), (141.3, 659.3), (140.6, 659.0), (146.5, 659.9), (147.3, 659.3), (146.6, 659.0), (152.5, 659.9), (153.3, 659.3), (152.6, 659.0), (158.5, 659.9), (159.3, 659.3), (158.6, 659.0), (164.5, 659.9), (165.3, 659.3), (164.6, 659.0), (183.5, 659.9), (209.3, 659.3), (249.3, 659.0), (289.3, 659.9), (329.3, 659.3), (369.3, 659.0), (409.3, 659.9), (449.3, 659.3), (489.3, 659.0), (529.3, 659.9), (569.3, 659.3), (609.3, 659.0), (649.3, 659.9), (689.3, 659.3), (729.3, 659.0), (769.3, 659.9), (809.3, 659.3), (849.3, 659.0), (889.3, 659.9), (929.3, 659.3), (946.4, 635.4), (983.0, 628.4), (978.7, 640.2), (993.8, 659.9), (1015.7, 659.3), (1015.7, 659.0), (1015.7, 659.9), (1015.7, 659.3), (1015.7, 659.0), (1015.7, 659.9), (1015.7, 659.3), (1015.7, 659.0), (1015.7, 659.9), (1015.7, 659.3), (1015.7, 659.0), (1015.7, 659.9), (1015.7, 659.3), (1015.7, 659.0), (1015.7, 659.9), (1015.7, 659.3), (1015.7, 659.0), (1015.7, 659.9), (1015.7, 659.3), (1015.7, 659.0), (1015.7, 659.9), (1015.7, 659.3), (1015.7, 659.0), (1015.7, 659.9), (1015.7, 659.3), (1015.7, 659.0), (1015.7, 659.9), (1015.7, 659.3), (1015.7, 659.0), (1015.7, 659.9), (1015.7, 659.3), (1015.7, 659.0)]",0,10.63
novice,meatboy,10,Stuck,5,0,116.34,0.962,"[(73.0, 653.0), (98.2, 659.3), (122.6, 659.0), (141.5, 659.9), (160.4, 659.3), (175.4, 659.0), (186.5, 659.9), (201.1, 659.3), (240.9, 659.0), (280.9, 659.9), (320.9, 659.3), (360.9, 659.0), (400.9, 659.9), (440.9, 659.3), (480.9, 659.0), (520.9, 659.9), (560.9, 659.3), (600.9, 659.0), (640.9, 659.9), (680.9, 659.3), (720.9, 659.0), (760.9, 659.9), (800.9, 659.3), (840.9, 659.0), (880.9, 659.9), (920.9, 659.3), (938.0, 630.8), (976.7, 586.9), (980.8, 561.7), (972.7, 545.8), (905.7, 497.6), (935.2, 495.3), (975.2, 511.8), (983.0, 546.5), (983.0, 586.2), (983.0, 625.9), (985.2, 659.3), (1012.3, 659.0), (1015.0, 659.2), (1015.0, 659.3), (1015.0, 659.0), (1015.0, 659.9), (1015.0, 659.3), (1015.0, 659.0), (1015.0, 659.9), (1015.0, 659.3), (1015.0, 659.0), (1015.0, 659.9), (1015.0, 659.3), (1015.0, 659.0), (1015.0, 659.9), (1015.0, 659.3), (1015.0, 659.0), (1015.0, 659.9), (1015.0, 659.3), (1015.0, 659.0), (1015.0, 659.9), (1015.0, 659.3), (1015.0, 659.0), (1015.0, 659.9), (1015.0, 659.3), (1015.0, 659.0), (1015.0, 659.9), (1015.0, 659.3), (1015.0, 659.0), (1015.0, 659.9), (1015.0, 659.3), (1015.0, 659.0)]",0,8.95
novice,meatboy,10,Stuck,16,0,93.01,0.807,"[(73.0, 653.0), (98.2, 659.3), (112.6, 652.2), (121.8, 601.1), (151.7, 568.9), (171.2, 555.6), (211.2, 561.1), (251.2, 563.0), (291.2, 563.9), (331.2, 571.2), (371.2, 598.3), (411.2, 644.3), (451.2, 659.9), (491.2, 659.3), (531.2, 659.0), (571.2, 659.9), (611.2, 659.3), (651.2, 659.0), (691.2, 659.9), (731.2, 659.3), (771.2, 659.0), (811.2, 659.9), (851.2, 659.3), (891.2, 659.0), (931.2, 659.9), (947.3, 624.3), (983.0, 608.8), (921.0, 557.0), (864.3, 527.0), (853.9, 529.4), (885.8, 550.6), (925.8, 590.6), (965.8, 649.6), (983.0, 636.8), (980.8, 590.4), (980.8, 562.9), (983.0, 554.3), (983.0, 564.5), (983.0, 593.5), (921.0, 551.6), (864.3, 521.6), (853.9, 524.0), (885.8, 545.2), (925.8, 585.3), (965.8, 644.2), (983.0, 636.8), (980.8, 590.4), (980.8, 562.9), (983.0, 554.3), (983.0, 564.5), (983.0, 593.5), (921.0, 551.6), (864.3, 521.6), (853.9, 524.0), (885.8, 545.2), (925.8, 585.3), (965.8, 644.2), (983.0, 636.8), (980.8, 590.4), (980.8, 562.9), (983.0, 554.3), (983.0, 564.5), (983.0, 593.5), (921.0, 551.6), (864.3, 521.6)]",0,8.63
novice,meatboy,10,Stuck,10,0,68.2,0.961,"[(73.0, 653.0), (91.0, 659.3), (62.0, 635.4), (53.8, 628.4), (87.0, 640.2), (125.1, 659.9), (130.5, 637.1), (149.8, 627.7), (189.8, 637.1), (229.8, 659.3), (237.9, 659.0), (237.3, 659.9), (243.2, 659.3), (243.9, 659.0), (243.3, 659.9), (249.2, 659.3), (249.9, 659.0), (249.3, 659.9), (240.4, 637.1), (232.6, 625.4), (266.1, 647.8), (306.1, 659.9), (346.1, 659.3), (386.1, 659.0), (426.1, 659.9), (466.1, 659.3), (506.1, 659.0), (546.1, 659.9), (567.3, 659.3), (572.0, 659.0), (570.1, 659.9), (573.3, 659.3), (578.0, 659.0), (576.1, 659.9), (579.3, 659.3), (584.0, 659.0), (582.1, 659.9), (585.3, 659.3), (590.0, 659.0), (588.1, 659.9), (591.3, 659.3), (596.0, 659.0), (594.1, 659.9), (597.3, 659.3), (602.0, 659.0), (600.1, 659.9), (603.3, 659.3), (608.0, 659.0), (606.1, 659.9), (609.3, 659.3), (614.0, 659.0), (612.1, 659.9), (615.3, 659.3), (620.0, 659.0), (618.1, 659.9), (621.3, 659.3), (626.0, 659.0), (624.1, 659.9), (627.3, 659.3), (632.0, 659.0), (630.1, 659.9), (633.3, 659.3), (638.0, 659.0), (636.1, 659.9), (639.3, 659.3), (644.0, 659.0), (650.8, 631.9), (689.9, 629.6), (729.9, 646.1), (769.9, 659.3), (809.9, 659.0), (849.9, 659.9), (889.9, 659.3), (911.2, 644.2), (945.8, 627.8), (983.0, 634.9), (902.5, 568.2), (857.4, 534.8), (858.5, 534.8), (895.8, 553.7), (935.8, 591.4), (975.8, 648.0), (1015.8, 659.0), (1015.7, 659.9), (1015.7, 659.3), (1015.7, 659.0), (1015.7, 659.9), (1015.7, 659.3), (1015.7, 659.0), (1015.7, 659.9), (1015.7, 659.3), (1015.7, 659.0), (1015.7, 659.9), (1015.7, 659.3), (1015.7, 659.0), (1015.7, 659.9), (1015.7, 659.3), (1015.7, 659.0), (1015.7, 659.9), (1015.7, 659.3), (1015.7, 659.0), (1015.7, 659.9), (1015.7, 659.3), (1015.7, 659.0), (1015.7, 659.9), (1015.7, 659.3), (1015.7, 659.0), (1015.7, 659.9), (1015.7, 659.3), (1015.7, 659.0), (1015.7, 659.9), (1015.7, 659.3), (1015.7, 659.0), (1015.7, 659.9)]",0,15.12
novice,meatboy,10,Stuck,5,0,96.31,0.961,"[(73.0, 653.0), (91.0, 659.3), (91.1, 659.0), (95.3, 659.9), (95.7, 659.3), (95.8, 659.0), (100.0, 659.9), (100.3, 659.3), (100.4, 659.0), (104.7, 659.9), (105.0, 659.3), (105.1, 659.0), (109.3, 659.9), (109.7, 659.3), (109.8, 659.0), (114.0, 659.9), (114.3, 659.3), (114.4, 659.0), (118.7, 659.9), (119.7, 629.6), (155.3, 631.9), (195.3, 653.2), (235.3, 659.0), (275.3, 659.9), (315.3, 659.3), (355.3, 659.0), (395.3, 659.9), (435.3, 659.3), (475.3, 659.0), (515.3, 659.9), (555.3, 659.3), (595.3, 659.0), (635.3, 659.9), (675.3, 659.3), (715.3, 659.0), (755.3, 659.9), (795.3, 659.3), (835.3, 659.0), (875.3, 659.9), (915.3, 659.3), (949.5, 659.0), (971.2, 630.0), (952.0, 600.6), (880.2, 540.9), (852.4, 525.5), (870.8, 532.6), (910.8, 558.5), (950.8, 603.3), (983.7, 659.0), (1013.2, 659.9), (1015.7, 659.3), (1015.7, 659.0), (1015.7, 659.9), (1015.7, 659.3), (1015.7, 659.0), (1015.7, 659.9), (1015.7, 659.3), (1015.7, 659.0), (1015.7, 659.9), (1015.7, 659.3), (1015.7, 659.0), (1015.7, 659.9), (1015.7, 659.3), (1015.7, 659.0), (1015.7, 659.9), (1015.7, 659.3), (1015.7, 659.0), (1015.7, 659.9), (1015.7, 659.3), (1015.7, 659.0), (1015.7, 659.9), (1015.7, 659.3), (1015.7, 659.0), (1015.7, 659.9), (1015.7, 659.3), (1015.7, 659.0), (1015.7, 659.9), (1015.7, 659.3), (1015.7, 659.0), (1015.7, 659.9)]",0,10.65
novice,meatboy,10,Stuck,1,0,81.11,0.962,"[(73.0, 653.0), (98.2, 659.3), (122.6, 659.0), (128.5, 659.9), (129.3, 659.3), (128.6, 659.0), (134.5, 659.9), (135.3, 659.3), (134.6, 659.0), (140.5, 659.9), (141.3, 659.3), (140.6, 659.0), (146.5, 659.9), (147.3, 659.3), (146.6, 659.0), (152.5, 659.9), (153.3, 659.3), (152.6, 659.0), (158.5, 659.9), (159.3, 659.3), (158.6, 659.0), (164.5, 659.9), (165.3, 659.3), (164.6, 659.0), (170.5, 659.9), (171.3, 659.3), (170.6, 659.0), (176.5, 659.9), (177.3, 659.3), (176.6, 659.0), (182.5, 659.9), (183.3, 659.3), (182.6, 659.0), (188.5, 659.9), (189.3, 659.3), (188.6, 659.0), (194.5, 659.9), (195.3, 659.3), (194.6, 659.0), (226.0, 659.9), (266.0, 659.3), (306.0, 659.0), (346.0, 659.9), (386.0, 659.3), (426.0, 659.0), (466.0, 659.9), (506.0, 659.3), (546.0, 659.0), (586.0, 659.9), (626.0, 659.3), (666.0, 659.0), (706.0, 659.9), (746.0, 659.3), (786.0, 659.0), (826.0, 659.9), (866.0, 659.3), (906.0, 659.0), (946.0, 659.9), (954.1, 659.3), (953.4, 659.0), (959.3, 659.9), (960.1, 659.3), (959.4, 659.0), (965.3, 659.9), (966.1, 659.3), (965.4, 659.0), (971.3, 659.9), (972.1, 659.3), (971.4, 659.0), (977.3, 659.9), (1014.3, 659.3), (1015.7, 659.0), (1015.7, 659.9), (1015.7, 659.3), (1015.7, 659.0), (1015.7, 659.9), (1015.7, 659.3), (1015.7, 659.0), (1015.7, 659.9), (1015.7, 659.3), (1015.7, 659.0), (1015.7, 659.9), (1015.7, 659.3), (1015.7, 659.0), (1015.7, 659.9), (1015.7, 659.3), (1015.7, 659.0), (1015.7, 659.9), (1015.7, 659.3), (1015.7, 659.0), (1015.7, 659.9), (1015.7, 659.3), (1015.7, 659.0), (1015.7, 659.9)]",0,12.43
novice,meatboy,10,Saw,7,0,134.23,0.446,"[(73.0, 653.0), (98.2, 659.3), (122.6, 659.0), (128.5, 618.1), (150.3, 582.7), (151.0, 578.0), (149.6, 592.2), (151.7, 625.0), (179.2, 659.9), (197.0, 621.0), (237.0, 631.6), (277.0, 659.0), (317.0, 659.9), (357.0, 659.3), (397.0, 659.0), (437.0, 659.9), (477.0, 659.3), (517.0, 659.0), (557.0, 659.9), (578.3, 644.8), (599.0, 598.9), (537.0, 543.6), (480.3, 534.2)]",0,2.98
novice,meatboy,10,Stuck,21,0,108.54,0.931,"[(73.0, 653.0), (91.0, 659.3), (73.2, 612.1), (93.0, 575.2), (133.0, 557.1), (173.0, 557.9), (213.0, 563.3), (253.0, 563.0), (293.0, 563.9), (333.0, 579.2), (373.0, 613.4), (413.0, 659.0), (453.0, 659.9), (493.0, 659.3), (533.0, 659.0), (573.0, 659.9), (589.1, 624.3), (599.7, 582.7), (603.3, 559.9), (639.2, 556.0), (679.2, 563.9), (719.2, 563.3), (759.2, 564.8), (799.2, 582.4), (839.2, 618.9), (879.2, 659.3), (903.6, 652.2), (935.0, 601.1), (975.0, 568.9), (977.2, 555.6), (983.7, 561.1), (983.0, 585.4), (983.0, 628.6), (987.3, 659.3), (980.8, 623.7), (983.7, 582.1), (981.6, 559.3), (980.8, 555.4), (980.8, 570.3), (981.6, 604.0), (983.7, 647.8), (982.9, 651.6), (976.5, 600.5), (983.0, 568.3), (983.7, 555.0), (983.7, 560.5), (983.0, 584.8), (983.0, 628.0), (987.3, 659.3), (980.8, 623.7), (983.7, 582.1), (981.6, 559.3), (980.8, 555.4), (980.8, 570.3), (981.6, 604.0), (983.7, 647.8), (982.9, 651.6), (976.5, 600.5), (983.0, 568.3), (983.7, 555.0), (983.7, 560.5), (983.0, 584.8), (983.0, 628.0), (987.3, 659.3)]",0,8.5
novice,meatboy,10,Stuck,4,0,112.82,0.961,"[(73.0, 653.0), (98.2, 659.3), (138.2, 659.0), (178.2, 659.9), (218.2, 659.3), (258.2, 659.0), (298.2, 659.9), (338.2, 659.3), (378.2, 659.0), (418.2, 659.9), (458.2, 659.3), (498.2, 659.0), (538.2, 659.9), (578.2, 659.3), (618.2, 659.0), (658.2, 659.9), (698.2, 659.3), (738.2, 659.0), (778.2, 659.9), (818.2, 659.3), (858.2, 659.0), (898.2, 659.9), (938.2, 659.3), (976.2, 659.0), (983.0, 618.1), (978.7, 578.8), (980.8, 559.2), (981.6, 559.2), (983.0, 578.1), (983.0, 615.8), (987.3, 659.0), (1015.7, 659.9), (1015.0, 659.3), (1015.0, 659.0), (1015.0, 659.9), (1015.0, 659.3), (1015.0, 659.0), (1015.0, 659.9), (1015.0, 659.3), (1015.0, 659.0), (1015.0, 659.9), (1015.0, 659.3), (1015.0, 659.0), (1015.0, 659.9), (1015.0, 659.3), (1015.0, 659.0), (1015.0, 659.9), (1015.0, 659.3), (1015.0, 659.0), (1015.0, 659.9), (1015.0, 659.3), (1015.0, 659.0), (1015.0, 659.9), (1015.0, 659.3), (1015.0, 659.0), (1015.0, 659.9), (1015.0, 659.3), (1015.0, 659.0), (1015.0, 659.9), (1015.0, 659.3), (1015.0, 659.0), (1015.0, 659.9), (1015.0, 659.3)]",0,8.35
novice,meatboy,10,Stuck,1,0,129.86,0.961,"[(73.0, 653.0), (98.2, 659.3), (115.3, 659.0), (131.2, 659.9), (167.3, 659.3), (207.3, 659.0), (247.3, 659.9), (287.3, 659.3), (327.3, 659.0), (367.3, 659.9), (407.3, 659.3), (447.3, 659.0), (487.3, 659.9), (527.3, 659.3), (567.3, 659.0), (607.3, 659.9), (647.3, 659.3), (687.3, 659.0), (727.3, 659.9), (767.3, 659.3), (807.3, 659.0), (847.3, 659.9), (887.3, 659.3), (927.3, 659.0), (955.7, 659.9), (976.8, 659.3), (996.5, 659.0), (1015.0, 659.9), (1015.0, 659.3), (1015.0, 659.0), (1015.0, 659.9), (1015.0, 659.3), (1015.0, 659.0), (1015.0, 659.9), (1015.0, 659.3), (1015.0, 659.0), (1015.0, 659.9), (1015.0, 659.3), (1015.0, 659.0), (1015.0, 659.9), (1015.0, 659.3), (1015.0, 659.0), (1015.0, 659.9), (1015.0, 659.3), (1015.0, 659.0), (1015.0, 659.9), (1015.0, 659.3), (1015.0, 659.0), (1015.0, 659.9), (1015.0, 659.3), (1015.0, 659.0), (1015.0, 659.9), (1015.0, 659.3), (1015.0, 659.0), (1015.0, 659.9), (1015.0, 659.3), (1015.0, 659.0), (1015.0, 659.9), (1015.0, 659.3), (1015.0, 659.0)]",0,7.97
novice,meatboy,10,Stuck,3,0,125.74,0.961,"[(73.0, 653.0), (98.2, 659.3), (138.2, 659.0), (178.2, 659.9), (218.2, 659.3), (258.2, 659.0), (298.2, 659.9), (338.2, 659.3), (378.2, 659.0), (418.2, 659.9), (458.2, 659.3), (498.2, 659.0), (538.2, 659.9), (578.2, 659.3), (618.2, 659.0), (658.2, 659.9), (698.2, 659.3), (738.2, 659.0), (778.2, 659.9), (818.2, 659.3), (858.2, 659.0), (898.2, 659.9), (938.2, 659.3), (962.6, 652.2), (983.0, 601.1), (983.0, 568.9), (983.0, 555.6), (983.0, 561.1), (983.0, 585.4), (983.0, 624.2), (985.2, 659.0), (1012.3, 659.9), (1015.0, 659.2), (1015.0, 659.3), (1015.0, 659.0), (1015.0, 659.9), (1015.0, 659.3), (1015.0, 659.0), (1015.0, 659.9), (1015.0, 659.3), (1015.0, 659.0), (1015.0, 659.9), (1015.0, 659.3), (1015.0, 659.0), (1015.0, 659.9), (1015.0, 659.3), (1015.0, 659.0), (1015.0, 659.9), (1015.0, 659.3), (1015.0, 659.0), (1015.0, 659.9), (1015.0, 659.3), (1015.0, 659.0), (1015.0, 659.9), (1015.0, 659.3), (1015.0, 659.0), (1015.0, 659.9), (1015.0, 659.3), (1015.0, 659.0), (1015.0, 659.9), (1015.0, 659.3), (1015.0, 659.0), (1015.0, 659.9)]",0,8.3
novice,meatboy,10,Stuck,5,0,116.34,0.962,"[(73.0, 653.0), (98.2, 659.3), (122.6, 659.0), (141.5, 659.9), (160.4, 659.3), (175.4, 659.0), (186.5, 659.9), (201.1, 659.3), (240.9, 659.0), (280.9, 659.9), (320.9, 659.3), (360.9, 659.0), (400.9, 659.9), (440.9, 659.3), (480.9, 659.0), (520.9, 659.9), (560.9, 659.3), (600.9, 659.0), (640.9, 659.9), (680.9, 659.3), (720.9, 659.0), (760.9, 659.9), (800.9, 659.3), (840.9, 659.0), (880.9, 659.9), (920.9, 659.3), (938.0, 630.8), (976.7, 586.9), (980.8, 561.7), (972.7, 545.8), (905.7, 497.6), (935.2, 495.3), (975.2, 511.8), (983.0, 546.5), (983.0, 586.2), (983.0, 625.9), (985.2, 659.3), (1012.3, 659.0), (1015.0, 659.2), (1015.0, 659.3), (1015.0, 659.0), (1015.0, 659.9), (1015.0, 659.3), (1015.0, 659.0), (1015.0, 659.9), (1015.0, 659.3), (1015.0, 659.0), (1015.0, 659.9), (1015.0, 659.3), (1015.0, 659.0), (1015.0, 659.9), (1015.0, 659.3), (1015.0, 659.0), (1015.0, 659.9), (1015.0, 659.3), (1015.0, 659.0), (1015.0, 659.9), (1015.0, 659.3), (1015.0, 659.0), (1015.0, 659.9), (1015.0, 659.3), (1015.0, 659.0), (1015.0, 659.9), (1015.0, 659.3), (1015.0, 659.0), (1015.0, 659.9), (1015.0, 659.3), (1015.0, 659.0)]",0,8.95
novice,meatboy,10,Stuck,16,0,93.01,0.807,"[(73.0, 653.0), (98.2, 659.3), (112.6, 652.2), (121.8, 601.1), (151.7, 568.9), (171.2, 555.6), (211.2, 561.1), (251.2, 563.0), (291.2, 563.9), (331.2, 571.2), (371.2, 598.3), (411.2, 644.3), (451.2, 659.9), (491.2, 659.3), (531.2, 659.0), (571.2, 659.9), (611.2, 659.3), (651.2, 659.0), (691.2, 659.9), (731.2, 659.3), (771.2, 659.0), (811.2, 659.9), (851.2, 659.3), (891.2, 659.0), (931.2, 659.9), (947.3, 624.3), (983.0, 608.8), (921.0, 557.0), (864.3, 527.0), (853.9, 529.4), (885.8, 550.6), (925.8, 590.6), (965.8, 649.6), (983.0, 636.8), (980.8, 590.4), (980.8, 562.9), (983.0, 554.3), (983.0, 564.5), (983.0, 593.5), (921.0, 551.6), (864.3, 521.6), (853.9, 524.0), (885.8, 545.2), (925.8, 585.3), (965.8, 644.2), (983.0, 636.8), (980.8, 590.4), (980.8, 562.9), (983.0, 554.3), (983.0, 564.5), (983.0, 593.5), (921.0, 551.6), (864.3, 521.6), (853.9, 524.0), (885.8, 545.2), (925.8, 585.3), (965.8, 644.2), (983.0, 636.8), (980.8, 590.4), (980.8, 562.9), (983.0, 554.3), (983.0, 564.5), (983.0, 593.5), (921.0, 551.6), (864.3, 521.6)]",0,8.63
novice,meatboy,10,Stuck,5,0,96.31,0.961,"[(73.0, 653.0), (91.0, 659.3), (91.1, 659.0), (95.3, 659.9), (95.7, 659.3), (95.8, 659.0), (100.0, 659.9), (100.3, 659.3), (100.4, 659.0), (104.7, 659.9), (105.0, 659.3), (105.1, 659.0), (109.3, 659.9), (109.7, 659.3), (109.8, 659.0), (114.0, 659.9), (114.3, 659.3), (114.4, 659.0), (118.7, 659.9), (119.7, 629.6), (155.3, 631.9), (195.3, 653.2), (235.3, 659.0), (275.3, 659.9), (315.3, 659.3), (355.3, 659.0), (395.3, 659.9), (435.3, 659.3), (475.3, 659.0), (515.3, 659.9), (555.3, 659.3), (595.3, 659.0), (635.3, 659.9), (675.3, 659.3), (715.3, 659.0), (755.3, 659.9), (795.3, 659.3), (835.3, 659.0), (875.3, 659.9), (915.3, 659.3), (949.5, 659.0), (971.2, 630.0), (952.0, 600.6), (880.2, 540.9), (852.4, 525.5), (870.8, 532.6), (910.8, 558.5), (950.8, 603.3), (983.7, 659.0), (1013.2, 659.9), (1015.7, 659.3), (1015.7, 659.0), (1015.7, 659.9), (1015.7, 659.3), (1015.7, 659.0), (1015.7, 659.9), (1015.7, 659.3), (1015.7, 659.0), (1015.7, 659.9), (1015.7, 659.3), (1015.7, 659.0), (1015.7, 659.9), (1015.7, 659.3), (1015.7, 659.0), (1015.7, 659.9), (1015.7, 659.3), (1015.7, 659.0), (1015.7, 659.9), (1015.7, 659.3), (1015.7, 659.0), (1015.7, 659.9), (1015.7, 659.3), (1015.7, 659.0), (1015.7, 659.9), (1015.7, 659.3), (1015.7, 659.0), (1015.7, 659.9), (1015.7, 659.3), (1015.7, 659.0), (1015.7, 659.9)]",0,10.65
novice,meatboy,10,Stuck,10,0,68.2,0.961,"[(73.0, 653.0), (91.0, 659.3), (62.0, 635.4), (53.8, 628.4), (87.0, 640.2), (125.1, 659.9), (130.5, 637.1), (149.8, 627.7), (189.8, 637.1), (229.8, 659.3), (237.9, 659.0), (237.3, 659.9), (243.2, 659.3), (243.9, 659.0), (243.3, 659.9), (249.2, 659.3), (249.9, 659.0), (249.3, 659.9), (240.4, 637.1), (232.6, 625.4), (266.1, 647.8), (306.1, 659.9), (346.1, 659.3), (386.1, 659.0), (426.1, 659.9), (466.1, 659.3), (506.1, 659.0), (546.1, 659.9), (567.3, 659.3), (572.0, 659.0), (570.1, 659.9), (573.3, 659.3), (578.0, 659.0), (576.1, 659.9), (579.3, 659.3), (584.0, 659.0), (582.1, 659.9), (585.3, 659.3), (590.0, 659.0), (588.1, 659.9), (591.3, 659.3), (596.0, 659.0), (594.1, 659.9), (597.3, 659.3), (602.0, 659.0), (600.1, 659.9), (603.3, 659.3), (608.0, 659.0), (606.1, 659.9), (609.3, 659.3), (614.0, 659.0), (612.1, 659.9), (615.3, 659.3), (620.0, 659.0), (618.1, 659.9), (621.3, 659.3), (626.0, 659.0), (624.1, 659.9), (627.3, 659.3), (632.0, 659.0), (630.1, 659.9), (633.3, 659.3), (638.0, 659.0), (636.1, 659.9), (639.3, 659.3), (644.0, 659.0), (650.8, 631.9), (689.9, 629.6), (729.9, 646.1), (769.9, 659.3), (809.9, 659.0), (849.9, 659.9), (889.9, 659.3), (911.2, 644.2), (945.8, 627.8), (983.0, 634.9), (902.5, 568.2), (857.4, 534.8), (858.5, 534.8), (895.8, 553.7), (935.8, 591.4), (975.8, 648.0), (1015.8, 659.0), (1015.7, 659.9), (1015.7, 659.3), (1015.7, 659.0), (1015.7, 659.9), (1015.7, 659.3), (1015.7, 659.0), (1015.7, 659.9), (1015.7, 659.3), (1015.7, 659.0), (1015.7, 659.9), (1015.7, 659.3), (1015.7, 659.0), (1015.7, 659.9), (1015.7, 659.3), (1015.7, 659.0), (1015.7, 659.9), (1015.7, 659.3), (1015.7, 659.0), (1015.7, 659.9), (1015.7, 659.3), (1015.7, 659.0), (1015.7, 659.9), (1015.7, 659.3), (1015.7, 659.0), (1015.7, 659.9), (1015.7, 659.3), (1015.7, 659.0), (1015.7, 659.9), (1015.7, 659.3), (1015.7, 659.0), (1015.7, 659.9)]",0,15.12
novice,meatboy,10,Stuck,6,0,80.44,0.962,"[(73.0, 653.0), (91.0, 659.3), (61.3, 652.2), (45.3, 601.1), (81.2, 568.9), (121.2, 555.6), (161.2, 561.1), (182.4, 563.0), (217.0, 563.9), (257.0, 563.3), (297.0, 564.8), (337.0, 582.4), (377.0, 618.9), (417.0, 659.3), (457.0, 659.0), (497.0, 659.9), (537.0, 659.3), (575.1, 659.0), (578.1, 659.9), (581.3, 659.3), (585.9, 659.0), (584.1, 659.9), (587.3, 659.3), (591.9, 659.0), (590.1, 659.9), (593.3, 659.3), (597.9, 659.0), (596.1, 659.9), (599.3, 659.3), (603.9, 659.0), (602.1, 659.9), (605.3, 659.3), (609.9, 659.0), (608.1, 659.9), (611.3, 659.3), (615.9, 659.0), (614.1, 659.9), (617.3, 659.3), (621.9, 659.0), (620.1, 659.9), (623.3, 659.3), (627.9, 659.0), (626.1, 659.9), (629.3, 659.3), (633.9, 659.0), (632.1, 659.9), (635.3, 659.3), (639.9, 659.0), (638.1, 659.9), (641.3, 659.3), (645.9, 659.0), (658.8, 659.9), (698.8, 659.3), (738.8, 659.0), (778.8, 659.9), (818.8, 659.3), (858.8, 659.0), (898.8, 659.9), (906.9, 659.3), (919.3, 612.1), (959.2, 592.3), (983.0, 597.1), (983.0, 620.6), (985.2, 659.4), (1015.0, 659.3), (1015.0, 659.0), (1015.0, 659.9), (1015.0, 659.3), (1015.0, 659.0), (1015.0, 659.9), (1015.0, 659.3), (1015.0, 659.0), (1015.0, 659.9), (1015.0, 659.3), (1015.0, 659.0), (1015.0, 659.9), (1015.0, 659.3), (1015.0, 659.0), (1015.0, 659.9), (1015.0, 659.3), (1015.0, 659.0), (1015.0, 659.9), (1015.0, 659.3), (1015.0, 659.0), (1015.0, 659.9), (1015.0, 659.3), (1015.0, 659.0), (1015.0, 659.9), (1015.0, 659.3), (1015.0, 659.0), (1015.0, 659.9), (1015.0, 659.3), (1015.0, 659.0), (1015.0, 659.9), (1015.0, 659.3), (1015.0, 659.0), (1015.0, 659.9)]",0,12.88
novice,meatboy,10,Stuck,17,0,79.09,0.757,"[(73.0, 653.0), (91.0, 659.3), (73.2, 615.9), (93.0, 608.8), (133.0, 620.6), (173.0, 651.3), (191.8, 659.0), (198.2, 628.7), (235.8, 631.1), (275.8, 652.3), (315.8, 659.0), (355.8, 659.9), (395.8, 659.3), (435.8, 659.0), (475.8, 659.9), (515.8, 659.3), (555.8, 659.0), (570.3, 659.9), (568.4, 659.3), (587.7, 629.0), (627.7, 631.4), (667.7, 652.6), (707.7, 659.0), (747.7, 659.9), (787.7, 659.3), (827.7, 659.0), (867.7, 659.9), (907.7, 659.3), (941.9, 659.0), (963.6, 630.0), (943.0, 600.6), (847.2, 540.9), (795.4, 525.5), (789.8, 532.6), (824.4, 558.5), (864.4, 603.3), (904.4, 659.0), (938.6, 659.9), (960.2, 629.7), (943.0, 600.3), (847.2, 540.6), (795.4, 525.2), (789.8, 532.3), (824.4, 558.2), (864.4, 603.0), (904.4, 659.0), (938.6, 659.9), (960.2, 629.7), (943.0, 600.3), (847.2, 540.6), (795.4, 525.2), (789.8, 532.3), (824.4, 558.2), (864.4, 603.0), (904.4, 659.0), (938.6, 659.9), (960.2, 629.7), (943.0, 600.3), (847.2, 540.6), (795.4, 525.2), (789.8, 532.3), (824.4, 558.2), (864.4, 603.0), (904.4, 659.0), (938.6, 659.9), (960.2, 629.7), (943.0, 600.3), (847.2, 540.6)]",0,9.05
novice,meatboy,10,Stuck,2,0,41.86,0.961,"[(73.0, 653.0), (91.0, 659.3), (91.1, 659.0), (95.3, 659.9), (95.7, 659.3), (95.8, 659.0), (100.0, 659.9), (100.3, 659.3), (100.4, 659.0), (104.7, 659.9), (105.0, 659.3), (105.1, 659.0), (109.3, 659.9), (109.7, 659.3), (109.8, 659.0), (114.0, 659.9), (114.3, 659.3), (114.4, 659.0), (118.7, 659.9), (119.0, 659.3), (119.1, 659.0), (123.3, 659.9), (123.7, 659.3), (123.8, 659.0), (128.0, 659.9), (128.3, 659.3), (128.4, 659.0), (132.7, 659.9), (133.0, 659.3), (133.1, 659.0), (137.3, 659.9), (137.7, 659.3), (137.8, 659.0), (142.0, 659.9), (142.3, 659.3), (142.4, 659.0), (146.7, 659.9), (147.0, 659.3), (147.1, 659.0), (151.3, 659.9), (151.7, 659.3), (151.8, 659.0), (156.0, 659.9), (156.3, 659.3), (156.4, 659.0), (160.7, 659.9), (161.0, 659.3), (161.1, 659.0), (165.3, 659.9), (165.7, 659.3), (165.8, 659.0), (170.0, 659.9), (170.3, 659.3), (170.4, 659.0), (174.7, 659.9), (175.0, 659.3), (175.1, 659.0), (179.3, 659.9), (179.7, 659.3), (179.8, 659.0), (184.0, 659.9), (184.3, 659.3), (184.4, 659.0), (188.7, 659.9), (189.0, 659.3), (189.1, 659.0), (193.3, 659.9), (193.7, 659.3), (193.8, 659.0), (198.0, 659.9), (198.3, 659.3), (198.4, 659.0), (202.7, 659.9), (203.0, 659.3), (203.1, 659.0), (207.3, 659.9), (207.7, 659.3), (207.8, 659.0), (212.0, 659.9), (212.3, 659.3), (212.4, 659.0), (216.7, 659.9), (217.0, 659.3), (217.1, 659.0), (221.3, 659.9), (221.7, 659.3), (221.8, 659.0), (226.0, 659.9), (226.3, 659.3), (226.4, 659.0), (230.7, 659.9), (231.0, 659.3), (245.1, 659.0), (255.3, 659.9), (269.0, 659.3), (308.7, 659.0), (348.7, 659.9), (388.7, 659.3), (428.7, 659.0), (468.7, 659.9), (508.7, 659.3), (548.7, 659.0), (577.1, 659.9), (581.5, 659.3), (586.2, 659.0), (584.3, 659.9), (587.5, 659.3), (592.2, 659.0), (590.3, 659.9), (593.5, 659.3), (598.2, 659.0), (596.3, 659.9), (599.5, 659.3), (604.2, 659.0), (602.3, 659.9), (605.5, 659.3), (610.2, 659.0), (608.3, 659.9), (611.5, 659.3), (616.2, 659.0), (614.3, 659.9), (617.5, 659.3), (622.2, 659.0), (620.3, 659.9), (623.5, 659.3), (628.2, 659.0), (626.3, 659.9), (629.5, 659.3), (634.2, 659.0), (632.3, 659.9), (635.5, 659.3), (640.2, 659.0), (638.3, 659.9), (641.5, 659.3), (646.2, 659.0), (659.1, 659.9), (699.1, 659.3), (739.1, 659.0), (779.1, 659.9), (819.1, 659.3), (859.1, 659.0), (899.1, 659.9), (933.2, 659.3), (935.0, 659.0), (940.9, 659.9), (941.7, 659.3), (941.0, 659.0), (946.9, 659.9), (947.7, 659.3), (947.0, 659.0), (952.9, 659.9), (953.7, 659.3), (953.0, 659.0), (958.9, 659.9), (959.7, 659.3), (959.0, 659.0), (962.4, 637.6), (983.0, 628.2), (983.0, 637.7), (990.2, 659.3), (1015.0, 659.0), (1015.0, 659.9), (1015.0, 659.3), (1015.0, 659.0), (1015.0, 659.9), (1015.0, 659.3), (1015.0, 659.0), (1015.0, 659.9), (1015.0, 659.3), (1015.0, 659.0), (1015.0, 659.9), (1015.0, 659.3), (1015.0, 659.0), (1015.0, 659.9), (1015.0, 659.3), (1015.0, 659.0), (1015.0, 659.9), (1015.0, 659.3), (1015.0, 659.0)]",0,23.8
novice,meatboy,10,Stuck,1,0,-2.69,0.043,"[(73.0, 653.0), (91.0, 659.3), (79.1, 659.0), (48.3, 659.9), (43.8, 659.3), (45.6, 659.0), (45.3, 659.9), (43.2, 659.3), (41.7, 659.0), (41.0, 659.9), (41.0, 659.3), (41.0, 659.0), (41.4, 659.9), (43.8, 659.3), (45.6, 659.0), (45.3, 659.9), (43.2, 659.3), (41.7, 659.0), (41.0, 659.9), (41.0, 659.3), (41.0, 659.0), (41.4, 659.9), (43.8, 659.3), (45.6, 659.0), (45.3, 659.9), (43.2, 659.3), (41.7, 659.0), (41.0, 659.9), (41.0, 659.3), (41.0, 659.0), (41.4, 659.9), (43.8, 659.3), (45.6, 659.0), (45.3, 659.9), (43.2, 659.3), (41.7, 659.0), (41.0, 659.9), (41.0, 659.3)]",0,5.02
novice,meatboy,10,Stuck,2,0,132.43,0.961,"[(73.0, 653.0), (98.2, 659.3), (138.2, 659.0), (178.2, 659.9), (218.2, 659.3), (258.2, 659.0), (298.2, 659.9), (338.2, 659.3), (378.2, 659.0), (418.2, 659.9), (458.2, 659.3), (498.2, 659.0), (538.2, 659.9), (578.2, 659.3), (618.2, 659.0), (658.2, 659.9), (698.2, 659.3), (738.2, 659.0), (778.2, 659.9), (818.2, 659.3), (858.2, 659.0), (898.2, 659.9), (938.2, 659.3), (955.3, 635.4), (983.0, 628.4), (983.0, 640.2), (990.2, 659.9), (1015.0, 659.3), (1015.0, 659.0), (1015.0, 659.9), (1015.0, 659.3), (1015.0, 659.0), (1015.0, 659.9), (1015.0, 659.3), (1015.0, 659.0), (1015.0, 659.9), (1015.0, 659.3), (1015.0, 659.0), (1015.0, 659.9), (1015.0, 659.3), (1015.0, 659.0), (1015.0, 659.9), (1015.0, 659.3), (1015.0, 659.0), (1015.0, 659.9), (1015.0, 659.3), (1015.0, 659.0), (1015.0, 659.9), (1015.0, 659.3), (1015.0, 659.0), (1015.0, 659.9), (1015.0, 659.3), (1015.0, 659.0), (1015.0, 659.9), (1015.0, 659.3), (1015.0, 659.0), (1015.0, 659.9), (1015.0, 659.3), (1015.0, 659.0)]",0,7.8
novice,meatboy,10,Stuck,1,0,133.31,0.961,"[(73.0, 653.0), (98.2, 659.3), (138.2, 659.0), (178.2, 659.9), (218.2, 659.3), (258.2, 659.0), (298.2, 659.9), (338.2, 659.3), (378.2, 659.0), (418.2, 659.9), (458.2, 659.3), (498.2, 659.0), (538.2, 659.9), (578.2, 659.3), (618.2, 659.0), (658.2, 659.9), (698.2, 659.3), (738.2, 659.0), (778.2, 659.9), (818.2, 659.3), (858.2, 659.0), (898.2, 659.9), (938.2, 659.3), (978.2, 659.0), (1015.0, 659.9), (1015.0, 659.3), (1015.0, 659.0), (1015.0, 659.9), (1015.0, 659.3), (1015.0, 659.0), (1015.0, 659.9), (1015.0, 659.3), (1015.0, 659.0), (1015.0, 659.9), (1015.0, 659.3), (1015.0, 659.0), (1015.0, 659.9), (1015.0, 659.3), (1015.0, 659.0), (1015.0, 659.9), (1015.0, 659.3), (1015.0, 659.0), (1015.0, 659.9), (1015.0, 659.3), (1015.0, 659.0), (1015.0, 659.9), (1015.0, 659.3), (1015.0, 659.0), (1015.0, 659.9), (1015.0, 659.3), (1015.0, 659.0), (1015.0, 659.9), (1015.0, 659.3), (1015.0, 659.0), (1015.0, 659.9), (1015.0, 659.3), (1015.0, 659.0), (1015.0, 659.9), (1015.0, 659.3)]",0,7.8
novice,meatboy,10,Stuck,5,0,116.34,0.962,"[(73.0, 653.0), (98.2, 659.3), (122.6, 659.0), (141.5, 659.9), (160.4, 659.3), (175.4, 659.0), (186.5, 659.9), (201.1, 659.3), (240.9, 659.0), (280.9, 659.9), (320.9, 659.3), (360.9, 659.0), (400.9, 659.9), (440.9, 659.3), (480.9, 659.0), (520.9, 659.9), (560.9, 659.3), (600.9, 659.0), (640.9, 659.9), (680.9, 659.3), (720.9, 659.0), (760.9, 659.9), (800.9, 659.3), (840.9, 659.0), (880.9, 659.9), (920.9, 659.3), (938.0, 630.8), (976.7, 586.9), (980.8, 561.7), (972.7, 545.8), (905.7, 497.6), (935.2, 495.3), (975.2, 511.8), (983.0, 546.5), (983.0, 586.2), (983.0, 625.9), (985.2, 659.3), (1012.3, 659.0), (1015.0, 659.2), (1015.0, 659.3), (1015.0, 659.0), (1015.0, 659.9), (1015.0, 659.3), (1015.0, 659.0), (1015.0, 659.9), (1015.0, 659.3), (1015.0, 659.0), (1015.0, 659.9), (1015.0, 659.3), (1015.0, 659.0), (1015.0, 659.9), (1015.0, 659.3), (1015.0, 659.0), (1015.0, 659.9), (1015.0, 659.3), (1015.0, 659.0), (1015.0, 659.9), (1015.0, 659.3), (1015.0, 659.0), (1015.0, 659.9), (1015.0, 659.3), (1015.0, 659.0), (1015.0, 659.9), (1015.0, 659.3), (1015.0, 659.0), (1015.0, 659.9), (1015.0, 659.3), (1015.0, 659.0)]",0,8.95
novice,meatboy,10,Stuck,16,0,93.01,0.807,"[(73.0, 653.0), (98.2, 659.3), (112.6, 652.2), (121.8, 601.1), (151.7, 568.9), (171.2, 555.6), (211.2, 561.1), (251.2, 563.0), (291.2, 563.9), (331.2, 571.2), (371.2, 598.3), (411.2, 644.3), (451.2, 659.9), (491.2, 659.3), (531.2, 659.0), (571.2, 659.9), (611.2, 659.3), (651.2, 659.0), (691.2, 659.9), (731.2, 659.3), (771.2, 659.0), (811.2, 659.9), (851.2, 659.3), (891.2, 659.0), (931.2, 659.9), (947.3, 624.3), (983.0, 608.8), (921.0, 557.0), (864.3, 527.0), (853.9, 529.4), (885.8, 550.6), (925.8, 590.6), (965.8, 649.6), (983.0, 636.8), (980.8, 590.4), (980.8, 562.9), (983.0, 554.3), (983.0, 564.5), (983.0, 593.5), (921.0, 551.6), (864.3, 521.6), (853.9, 524.0), (885.8, 545.2), (925.8, 585.3), (965.8, 644.2), (983.0, 636.8), (980.8, 590.4), (980.8, 562.9), (983.0, 554.3), (983.0, 564.5), (983.0, 593.5), (921.0, 551.6), (864.3, 521.6), (853.9, 524.0), (885.8, 545.2), (925.8, 585.3), (965.8, 644.2), (983.0, 636.8), (980.8, 590.4), (980.8, 562.9), (983.0, 554.3), (983.0, 564.5), (983.0, 593.5), (921.0, 551.6), (864.3, 521.6)]",0,8.63
novice,meatboy,10,Stuck,17,0,79.09,0.757,"[(73.0, 653.0), (91.0, 659.3), (73.2, 615.9), (93.0, 608.8), (133.0, 620.6), (173.0, 651.3), (191.8, 659.0), (198.2, 628.7), (235.8, 631.1), (275.8, 652.3), (315.8, 659.0), (355.8, 659.9), (395.8, 659.3), (435.8, 659.0), (475.8, 659.9), (515.8, 659.3), (555.8, 659.0), (570.3, 659.9), (568.4, 659.3), (587.7, 629.0), (627.7, 631.4), (667.7, 652.6), (707.7, 659.0), (747.7, 659.9), (787.7, 659.3), (827.7, 659.0), (867.7, 659.9), (907.7, 659.3), (941.9, 659.0), (963.6, 630.0), (943.0, 600.6), (847.2, 540.9), (795.4, 525.5), (789.8, 532.6), (824.4, 558.5), (864.4, 603.3), (904.4, 659.0), (938.6, 659.9), (960.2, 629.7), (943.0, 600.3), (847.2, 540.6), (795.4, 525.2), (789.8, 532.3), (824.4, 558.2), (864.4, 603.0), (904.4, 659.0), (938.6, 659.9), (960.2, 629.7), (943.0, 600.3), (847.2, 540.6), (795.4, 525.2), (789.8, 532.3), (824.4, 558.2), (864.4, 603.0), (904.4, 659.0), (938.6, 659.9), (960.2, 629.7), (943.0, 600.3), (847.2, 540.6), (795.4, 525.2), (789.8, 532.3), (824.4, 558.2), (864.4, 603.0), (904.4, 659.0), (938.6, 659.9), (960.2, 629.7), (943.0, 600.3), (847.2, 540.6)]",0,9.05
novice,meatboy,10,Stuck,10,0,68.2,0.961,"[(73.0, 653.0), (91.0, 659.3), (62.0, 635.4), (53.8, 628.4), (87.0, 640.2), (125.1, 659.9), (130.5, 637.1), (149.8, 627.7), (189.8, 637.1), (229.8, 659.3), (237.9, 659.0), (237.3, 659.9), (243.2, 659.3), (243.9, 659.0), (243.3, 659.9), (249.2, 659.3), (249.9, 659.0), (249.3, 659.9), (240.4, 637.1), (232.6, 625.4), (266.1, 647.8), (306.1, 659.9), (346.1, 659.3), (386.1, 659.0), (426.1, 659.9), (466.1, 659.3), (506.1, 659.0), (546.1, 659.9), (567.3, 659.3), (572.0, 659.0), (570.1, 659.9), (573.3, 659.3), (578.0, 659.0), (576.1, 659.9), (579.3, 659.3), (584.0, 659.0), (582.1, 659.9), (585.3, 659.3), (590.0, 659.0), (588.1, 659.9), (591.3, 659.3), (596.0, 659.0), (594.1, 659.9), (597.3, 659.3), (602.0, 659.0), (600.1, 659.9), (603.3, 659.3), (608.0, 659.0), (606.1, 659.9), (609.3, 659.3), (614.0, 659.0), (612.1, 659.9), (615.3, 659.3), (620.0, 659.0), (618.1, 659.9), (621.3, 659.3), (626.0, 659.0), (624.1, 659.9), (627.3, 659.3), (632.0, 659.0), (630.1, 659.9), (633.3, 659.3), (638.0, 659.0), (636.1, 659.9), (639.3, 659.3), (644.0, 659.0), (650.8, 631.9), (689.9, 629.6), (729.9, 646.1), (769.9, 659.3), (809.9, 659.0), (849.9, 659.9), (889.9, 659.3), (911.2, 644.2), (945.8, 627.8), (983.0, 634.9), (902.5, 568.2), (857.4, 534.8), (858.5, 534.8), (895.8, 553.7), (935.8, 591.4), (975.8, 648.0), (1015.8, 659.0), (1015.7, 659.9), (1015.7, 659.3), (1015.7, 659.0), (1015.7, 659.9), (1015.7, 659.3), (1015.7, 659.0), (1015.7, 659.9), (1015.7, 659.3), (1015.7, 659.0), (1015.7, 659.9), (1015.7, 659.3), (1015.7, 659.0), (1015.7, 659.9), (1015.7, 659.3), (1015.7, 659.0), (1015.7, 659.9), (1015.7, 659.3), (1015.7, 659.0), (1015.7, 659.9), (1015.7, 659.3), (1015.7, 659.0), (1015.7, 659.9), (1015.7, 659.3), (1015.7, 659.0), (1015.7, 659.9), (1015.7, 659.3), (1015.7, 659.0), (1015.7, 659.9), (1015.7, 659.3), (1015.7, 659.0), (1015.7, 659.9)]",0,15.12
novice,meatboy,10,Saw,5,0,296.5,0.383,"[(73.0, 653.0), (91.0, 659.3), (61.3, 652.2), (81.0, 604.7), (124.3, 577.4), (54.3, 550.4), (160.5, 525.3), (262.2, 538.2), (358.5, 570.1)]",0,1.13
novice,meatboy,10,Stuck,4,0,125.62,0.961,"[(73.0, 653.0), (93.8, 659.3), (122.7, 612.1), (151.0, 575.2), (158.2, 557.1), (196.2, 557.9), (236.2, 563.3), (276.2, 563.0), (316.2, 567.4), (356.2, 589.8), (396.2, 631.0), (436.2, 659.0), (476.2, 659.9), (516.2, 659.3), (556.2, 659.0), (596.2, 659.9), (636.2, 659.3), (676.2, 659.0), (716.2, 659.9), (756.2, 659.3), (796.2, 659.0), (836.2, 659.9), (876.2, 659.3), (916.2, 659.0), (935.0, 637.6), (972.0, 591.3), (983.7, 568.2), (983.7, 568.2), (983.7, 587.1), (983.7, 623.3), (987.3, 659.0), (1015.7, 659.9), (1015.7, 659.3), (1015.7, 659.0), (1015.7, 659.9), (1015.7, 659.3), (1015.7, 659.0), (1015.7, 659.9), (1015.7, 659.3), (1015.7, 659.0), (1015.7, 659.9), (1015.7, 659.3), (1015.7, 659.0), (1015.7, 659.9), (1015.7, 659.3), (1015.7, 659.0), (1015.7, 659.9), (1015.7, 659.3), (1015.7, 659.0), (1015.7, 659.9), (1015.7, 659.3), (1015.7, 659.0), (1015.7, 659.9), (1015.7, 659.3), (1015.7, 659.0), (1015.7, 659.9), (1015.7, 659.3), (1015.7, 659.0), (1015.7, 659.9), (1015.7, 659.3), (1015.7, 659.0), (1015.7, 659.9), (1015.7, 659.3)]",0,8.28
novice,meatboy,10,Saw,3,0,194.65,0.373,"[(73.0, 653.0), (91.0, 659.3), (73.2, 612.1), (93.0, 575.2), (133.0, 557.1), (173.0, 557.9), (213.0, 563.3), (253.0, 563.0), (252.2, 534.2), (260.0, 498.8), (299.2, 496.5), (339.2, 513.0), (379.2, 548.3)]",0,1.65
novice,meatboy,10,Stuck,2,0,126.84,0.962,"[(73.0, 653.0), (98.2, 659.3), (122.6, 659.0), (141.5, 659.9), (160.4, 659.3), (175.4, 659.0), (186.5, 659.9), (226.1, 659.3), (266.1, 659.0), (306.1, 659.9), (346.1, 659.3), (386.1, 659.0), (426.1, 659.9), (466.1, 659.3), (506.1, 659.0), (546.1, 659.9), (586.1, 659.3), (626.1, 659.0), (666.1, 659.9), (706.1, 659.3), (746.1, 659.0), (786.1, 659.9), (826.1, 659.3), (866.1, 659.0), (906.1, 659.9), (927.4, 644.8), (961.9, 611.0), (983.7, 611.0), (983.7, 629.9), (987.3, 659.3), (1015.7, 659.0), (1015.7, 659.9), (1015.7, 659.3), (1015.7, 659.0), (1015.7, 659.9), (1015.7, 659.3), (1015.7, 659.0), (1015.7, 659.9), (1015.7, 659.3), (1015.7, 659.0), (1015.7, 659.9), (1015.7, 659.3), (1015.7, 659.0), (1015.7, 659.9), (1015.7, 659.3), (1015.7, 659.0), (1015.7, 659.9), (1015.7, 659.3), (1015.7, 659.0), (1015.7, 659.9), (1015.7, 659.3), (1015.7, 659.0), (1015.7, 659.9), (1015.7, 659.3), (1015.7, 659.0), (1015.7, 659.9), (1015.7, 659.3), (1015.7, 659.0), (1015.7, 659.9), (1015.7, 659.3), (1015.7, 659.0), (1015.7, 659.9)]",0,8.17
novice,meatboy,10,Saw,8,0,35.51,0.444,"[(73.0, 653.0), (91.0, 659.3), (62.0, 630.8), (53.8, 586.9), (87.0, 561.7), (127.0, 555.4), (167.0, 563.3), (163.3, 563.0), (164.1, 563.9), (160.8, 563.3), (161.3, 563.0), (162.1, 563.9), (158.8, 563.3), (159.3, 563.0), (160.1, 563.9), (156.8, 563.3), (157.3, 563.0), (158.1, 563.9), (154.8, 563.3), (155.3, 563.0), (156.1, 563.9), (152.8, 563.3), (153.3, 563.0), (151.9, 534.2), (183.3, 531.2), (223.3, 555.9), (263.3, 563.0), (303.3, 563.9), (343.3, 579.2), (383.3, 613.4), (423.3, 659.0), (463.3, 659.9), (487.7, 659.3), (493.6, 659.0), (494.4, 659.9), (493.7, 659.3), (499.6, 659.0), (500.4, 659.9), (499.7, 659.3), (505.6, 659.0), (506.4, 659.9), (505.7, 659.3), (511.6, 659.0), (512.4, 659.9), (511.7, 659.3), (517.6, 659.0), (518.4, 659.9), (517.7, 659.3), (523.6, 659.0), (524.4, 659.9), (523.7, 659.3), (529.6, 659.0), (530.4, 659.9), (529.7, 659.3), (535.6, 659.0), (536.4, 659.9), (535.7, 659.3), (541.6, 659.0), (542.4, 659.9), (541.7, 659.3), (547.6, 659.0), (548.4, 659.9), (547.7, 659.3), (553.6, 659.0), (554.4, 659.9), (553.7, 659.3), (559.6, 659.0), (560.4, 659.9), (559.7, 659.3), (565.6, 659.0), (566.4, 659.9), (565.7, 659.3), (571.6, 659.0), (554.5, 643.9), (568.1, 598.0), (599.7, 591.0), (599.0, 602.8), (601.2, 633.4), (622.5, 659.0), (594.7, 623.4), (592.2, 583.8), (599.7, 576.7), (599.7, 588.5), (588.7, 604.9), (510.3, 540.5), (471.0, 531.1)]",0,11.37
novice,meatboy,10,Stuck,1,0,133.31,0.961,"[(73.0, 653.0), (98.2, 659.3), (138.2, 659.0), (178.2, 659.9), (218.2, 659.3), (258.2, 659.0), (298.2, 659.9), (338.2, 659.3), (378.2, 659.0), (418.2, 659.9), (458.2, 659.3), (498.2, 659.0), (538.2, 659.9), (578.2, 659.3), (618.2, 659.0), (658.2, 659.9), (698.2, 659.3), (738.2, 659.0), (778.2, 659.9), (818.2, 659.3), (858.2, 659.0), (898.2, 659.9), (938.2, 659.3), (978.2, 659.0), (1015.0, 659.9), (1015.0, 659.3), (1015.0, 659.0), (1015.0, 659.9), (1015.0, 659.3), (1015.0, 659.0), (1015.0, 659.9), (1015.0, 659.3), (1015.0, 659.0), (1015.0, 659.9), (1015.0, 659.3), (1015.0, 659.0), (1015.0, 659.9), (1015.0, 659.3), (1015.0, 659.0), (1015.0, 659.9), (1015.0, 659.3), (1015.0, 659.0), (1015.0, 659.9), (1015.0, 659.3), (1015.0, 659.0), (1015.0, 659.9), (1015.0, 659.3), (1015.0, 659.0), (1015.0, 659.9), (1015.0, 659.3), (1015.0, 659.0), (1015.0, 659.9), (1015.0, 659.3), (1015.0, 659.0), (1015.0, 659.9), (1015.0, 659.3), (1015.0, 659.0), (1015.0, 659.9), (1015.0, 659.3)]",0,7.8
novice,meatboy,10,Stuck,5,0,116.34,0.962,"[(73.0, 653.0), (98.2, 659.3), (122.6, 659.0), (141.5, 659.9), (160.4, 659.3), (175.4, 659.0), (186.5, 659.9), (201.1, 659.3), (240.9, 659.0), (280.9, 659.9), (320.9, 659.3), (360.9, 659.0), (400.9, 659.9), (440.9, 659.3), (480.9, 659.0), (520.9, 659.9), (560.9, 659.3), (600.9, 659.0), (640.9, 659.9), (680.9, 659.3), (720.9, 659.0), (760.9, 659.9), (800.9, 659.3), (840.9, 659.0), (880.9, 659.9), (920.9, 659.3), (938.0, 630.8), (976.7, 586.9), (980.8, 561.7), (972.7, 545.8), (905.7, 497.6), (935.2, 495.3), (975.2, 511.8), (983.0, 546.5), (983.0, 586.2), (983.0, 625.9), (985.2, 659.3), (1012.3, 659.0), (1015.0, 659.2), (1015.0, 659.3), (1015.0, 659.0), (1015.0, 659.9), (1015.0, 659.3), (1015.0, 659.0), (1015.0, 659.9), (1015.0, 659.3), (1015.0, 659.0), (1015.0, 659.9), (1015.0, 659.3), (1015.0, 659.0), (1015.0, 659.9), (1015.0, 659.3), (1015.0, 659.0), (1015.0, 659.9), (1015.0, 659.3), (1015.0, 659.0), (1015.0, 659.9), (1015.0, 659.3), (1015.0, 659.0), (1015.0, 659.9), (1015.0, 659.3), (1015.0, 659.0), (1015.0, 659.9), (1015.0, 659.3), (1015.0, 659.0), (1015.0, 659.9), (1015.0, 659.3), (1015.0, 659.0)]",0,8.95
novice,meatboy,10,Stuck,16,0,93.01,0.807,"[(73.0, 653.0), (98.2, 659.3), (112.6, 652.2), (121.8, 601.1), (151.7, 568.9), (171.2, 555.6), (211.2, 561.1), (251.2, 563.0), (291.2, 563.9), (331.2, 571.2), (371.2, 598.3), (411.2, 644.3), (451.2, 659.9), (491.2, 659.3), (531.2, 659.0), (571.2, 659.9), (611.2, 659.3), (651.2, 659.0), (691.2, 659.9), (731.2, 659.3), (771.2, 659.0), (811.2, 659.9), (851.2, 659.3), (891.2, 659.0), (931.2, 659.9), (947.3, 624.3), (983.0, 608.8), (921.0, 557.0), (864.3, 527.0), (853.9, 529.4), (885.8, 550.6), (925.8, 590.6), (965.8, 649.6), (983.0, 636.8), (980.8, 590.4), (980.8, 562.9), (983.0, 554.3), (983.0, 564.5), (983.0, 593.5), (921.0, 551.6), (864.3, 521.6), (853.9, 524.0), (885.8, 545.2), (925.8, 585.3), (965.8, 644.2), (983.0, 636.8), (980.8, 590.4), (980.8, 562.9), (983.0, 554.3), (983.0, 564.5), (983.0, 593.5), (921.0, 551.6), (864.3, 521.6), (853.9, 524.0), (885.8, 545.2), (925.8, 585.3), (965.8, 644.2), (983.0, 636.8), (980.8, 590.4), (980.8, 562.9), (983.0, 554.3), (983.0, 564.5), (983.0, 593.5), (921.0, 551.6), (864.3, 521.6)]",0,8.63
novice,meatboy,10,Stuck,10,0,68.2,0.961,"[(73.0, 653.0), (91.0, 659.3), (62.0, 635.4), (53.8, 628.4), (87.0, 640.2), (125.1, 659.9), (130.5, 637.1), (149.8, 627.7), (189.8, 637.1), (229.8, 659.3), (237.9, 659.0), (237.3, 659.9), (243.2, 659.3), (243.9, 659.0), (243.3, 659.9), (249.2, 659.3), (249.9, 659.0), (249.3, 659.9), (240.4, 637.1), (232.6, 625.4), (266.1, 647.8), (306.1, 659.9), (346.1, 659.3), (386.1, 659.0), (426.1, 659.9), (466.1, 659.3), (506.1, 659.0), (546.1, 659.9), (567.3, 659.3), (572.0, 659.0), (570.1, 659.9), (573.3, 659.3), (578.0, 659.0), (576.1, 659.9), (579.3, 659.3), (584.0, 659.0), (582.1, 659.9), (585.3, 659.3), (590.0, 659.0), (588.1, 659.9), (591.3, 659.3), (596.0, 659.0), (594.1, 659.9), (597.3, 659.3), (602.0, 659.0), (600.1, 659.9), (603.3, 659.3), (608.0, 659.0), (606.1, 659.9), (609.3, 659.3), (614.0, 659.0), (612.1, 659.9), (615.3, 659.3), (620.0, 659.0), (618.1, 659.9), (621.3, 659.3), (626.0, 659.0), (624.1, 659.9), (627.3, 659.3), (632.0, 659.0), (630.1, 659.9), (633.3, 659.3), (638.0, 659.0), (636.1, 659.9), (639.3, 659.3), (644.0, 659.0), (650.8, 631.9), (689.9, 629.6), (729.9, 646.1), (769.9, 659.3), (809.9, 659.0), (849.9, 659.9), (889.9, 659.3), (911.2, 644.2), (945.8, 627.8), (983.0, 634.9), (902.5, 568.2), (857.4, 534.8), (858.5, 534.8), (895.8, 553.7), (935.8, 591.4), (975.8, 648.0), (1015.8, 659.0), (1015.7, 659.9), (1015.7, 659.3), (1015.7, 659.0), (1015.7, 659.9), (1015.7, 659.3), (1015.7, 659.0), (1015.7, 659.9), (1015.7, 659.3), (1015.7, 659.0), (1015.7, 659.9), (1015.7, 659.3), (1015.7, 659.0), (1015.7, 659.9), (1015.7, 659.3), (1015.7, 659.0), (1015.7, 659.9), (1015.7, 659.3), (1015.7, 659.0), (1015.7, 659.9), (1015.7, 659.3), (1015.7, 659.0), (1015.7, 659.9), (1015.7, 659.3), (1015.7, 659.0), (1015.7, 659.9), (1015.7, 659.3), (1015.7, 659.0), (1015.7, 659.9), (1015.7, 659.3), (1015.7, 659.0), (1015.7, 659.9)]",0,15.12
novice,meatboy,10,Stuck,17,0,79.09,0.757,"[(73.0, 653.0), (91.0, 659.3), (73.2, 615.9), (93.0, 608.8), (133.0, 620.6), (173.0, 651.3), (191.8, 659.0), (198.2, 628.7), (235.8, 631.1), (275.8, 652.3), (315.8, 659.0), (355.8, 659.9), (395.8, 659.3), (435.8, 659.0), (475.8, 659.9), (515.8, 659.3), (555.8, 659.0), (570.3, 659.9), (568.4, 659.3), (587.7, 629.0), (627.7, 631.4), (667.7, 652.6), (707.7, 659.0), (747.7, 659.9), (787.7, 659.3), (827.7, 659.0), (867.7, 659.9), (907.7, 659.3), (941.9, 659.0), (963.6, 630.0), (943.0, 600.6), (847.2, 540.9), (795.4, 525.5), (789.8, 532.6), (824.4, 558.5), (864.4, 603.3), (904.4, 659.0), (938.6, 659.9), (960.2, 629.7), (943.0, 600.3), (847.2, 540.6), (795.4, 525.2), (789.8, 532.3), (824.4, 558.2), (864.4, 603.0), (904.4, 659.0), (938.6, 659.9), (960.2, 629.7), (943.0, 600.3), (847.2, 540.6), (795.4, 525.2), (789.8, 532.3), (824.4, 558.2), (864.4, 603.0), (904.4, 659.0), (938.6, 659.9), (960.2, 629.7), (943.0, 600.3), (847.2, 540.6), (795.4, 525.2), (789.8, 532.3), (824.4, 558.2), (864.4, 603.0), (904.4, 659.0), (938.6, 659.9), (960.2, 629.7), (943.0, 600.3), (847.2, 540.6)]",0,9.05
novice,meatboy,10,Stuck,1,0,115.19,0.961,"[(73.0, 653.0), (98.2, 659.3), (122.6, 659.0), (128.5, 659.9), (129.3, 659.3), (128.6, 659.0), (134.5, 659.9), (135.3, 659.3), (134.6, 659.0), (140.5, 659.9), (141.3, 659.3), (140.6, 659.0), (172.0, 659.9), (212.0, 659.3), (252.0, 659.0), (292.0, 659.9), (332.0, 659.3), (372.0, 659.0), (412.0, 659.9), (452.0, 659.3), (492.0, 659.0), (532.0, 659.9), (572.0, 659.3), (612.0, 659.0), (652.0, 659.9), (692.0, 659.3), (732.0, 659.0), (772.0, 659.9), (812.0, 659.3), (852.0, 659.0), (892.0, 659.9), (932.0, 659.3), (972.0, 659.0), (1012.0, 659.9), (1015.7, 659.3), (1015.7, 659.0), (1015.7, 659.9), (1015.7, 659.3), (1015.7, 659.0), (1015.7, 659.9), (1015.7, 659.3), (1015.7, 659.0), (1015.7, 659.9), (1015.7, 659.3), (1015.7, 659.0), (1015.7, 659.9), (1015.7, 659.3), (1015.7, 659.0), (1015.7, 659.9), (1015.7, 659.3), (1015.7, 659.0), (1015.7, 659.9), (1015.7, 659.3), (1015.7, 659.0), (1015.7, 659.9), (1015.7, 659.3), (1015.7, 659.0), (1015.7, 659.9), (1015.7, 659.3), (1015.7, 659.0), (1015.7, 659.9), (1015.7, 659.3), (1015.7, 659.0), (1015.7, 659.9), (1015.7, 659.3), (1015.7, 659.0), (1015.7, 659.9), (1015.7, 659.3)]",0,9.02
novice,meatboy,10,Stuck,3,0,125.97,0.961,"[(73.0, 653.0), (98.2, 659.3), (138.2, 659.0), (178.2, 659.9), (218.2, 659.3), (258.2, 659.0), (298.2, 659.9), (338.2, 659.3), (378.2, 659.0), (418.2, 659.9), (458.2, 659.3), (498.2, 659.0), (538.2, 659.9), (578.2, 659.3), (618.2, 659.0), (658.2, 659.9), (698.2, 659.3), (738.2, 659.0), (778.2, 659.9), (818.2, 659.3), (858.2, 659.0), (898.2, 659.9), (938.2, 659.3), (955.3, 630.8), (983.0, 586.9), (978.7, 561.7), (983.7, 555.4), (983.7, 568.0), (983.7, 599.4), (983.7, 639.1), (993.8, 659.0), (1014.4, 653.3), (1015.7, 659.9), (1015.7, 659.3), (1015.7, 659.0), (1015.7, 659.9), (1015.7, 659.3), (1015.7, 659.0), (1015.7, 659.9), (1015.7, 659.3), (1015.7, 659.0), (1015.7, 659.9), (1015.7, 659.3), (1015.7, 659.0), (1015.7, 659.9), (1015.7, 659.3), (1015.7, 659.0), (1015.7, 659.9), (1015.7, 659.3), (1015.7, 659.0), (1015.7, 659.9), (1015.7, 659.3), (1015.7, 659.0), (1015.7, 659.9), (1015.7, 659.3), (1015.7, 659.0), (1015.7, 659.9), (1015.7, 659.3), (1015.7, 659.0), (1015.7, 659.9), (1015.7, 659.3), (1015.7, 659.0)]",0,8.25
novice,meatboy,10,Stuck,1,0,133.31,0.961,"[(73.0, 653.0), (98.2, 659.3), (138.2, 659.0), (178.2, 659.9), (218.2, 659.3), (258.2, 659.0), (298.2, 659.9), (338.2, 659.3), (378.2, 659.0), (418.2, 659.9), (458.2, 659.3), (498.2, 659.0), (538.2, 659.9), (578.2, 659.3), (618.2, 659.0), (658.2, 659.9), (698.2, 659.3), (738.2, 659.0), (778.2, 659.9), (818.2, 659.3), (858.2, 659.0), (898.2, 659.9), (938.2, 659.3), (978.2, 659.0), (1015.0, 659.9), (1015.0, 659.3), (1015.0, 659.0), (1015.0, 659.9), (1015.0, 659.3), (1015.0, 659.0), (1015.0, 659.9), (1015.0, 659.3), (1015.0, 659.0), (1015.0, 659.9), (1015.0, 659.3), (1015.0, 659.0), (1015.0, 659.9), (1015.0, 659.3), (1015.0, 659.0), (1015.0, 659.9), (1015.0, 659.3), (1015.0, 659.0), (1015.0, 659.9), (1015.0, 659.3), (1015.0, 659.0), (1015.0, 659.9), (1015.0, 659.3), (1015.0, 659.0), (1015.0, 659.9), (1015.0, 659.3), (1015.0, 659.0), (1015.0, 659.9), (1015.0, 659.3), (1015.0, 659.0), (1015.0, 659.9), (1015.0, 659.3), (1015.0, 659.0), (1015.0, 659.9), (1015.0, 659.3)]",0,7.8
novice,meatboy,10,Stuck,7,0,90.43,0.929,"[(73.0, 653.0), (98.2, 659.3), (122.6, 659.0), (128.5, 659.9), (129.3, 659.3), (128.6, 659.0), (134.5, 659.9), (135.3, 659.3), (134.6, 659.0), (140.5, 659.9), (141.3, 659.3), (140.6, 659.0), (146.5, 659.9), (147.3, 659.3), (146.6, 659.0), (152.5, 659.9), (153.3, 659.3), (152.6, 659.0), (158.5, 659.9), (159.3, 659.3), (158.6, 659.0), (164.5, 659.9), (165.3, 659.3), (164.6, 659.0), (183.5, 659.9), (209.3, 659.3), (249.3, 659.0), (289.3, 659.9), (329.3, 659.3), (369.3, 659.0), (409.3, 659.9), (449.3, 659.3), (489.3, 659.0), (529.3, 659.9), (569.3, 659.3), (609.3, 659.0), (649.3, 659.9), (689.3, 659.3), (729.3, 659.0), (769.3, 659.9), (809.3, 659.3), (849.3, 659.0), (889.3, 659.9), (923.5, 659.3), (945.2, 612.1), (983.0, 575.2), (983.0, 557.1), (983.0, 557.9), (983.0, 577.6), (983.0, 614.3), (983.0, 654.0), (983.7, 636.8), (976.5, 590.4), (983.0, 562.9), (983.0, 554.3), (983.0, 564.5), (983.0, 593.5), (983.0, 633.2), (983.4, 659.9), (982.3, 611.2), (980.8, 574.3), (983.0, 556.3), (983.0, 557.0), (983.0, 576.7), (983.0, 613.4), (983.0, 653.1), (983.7, 636.8), (976.5, 590.4), (983.0, 562.9), (983.0, 554.3), (983.0, 564.5), (983.0, 593.5), (983.0, 633.2), (983.4, 659.9), (982.3, 611.2), (980.8, 574.3), (983.0, 556.3), (983.0, 557.0), (983.0, 576.7), (983.0, 613.4), (983.0, 653.1), (983.7, 636.8)]",0,10.88
novice,meatboy,10,Stuck,1,0,-6.32,0.039,"[(73.0, 653.0), (91.0, 659.3), (61.3, 659.0), (41.0, 659.9), (41.0, 659.3), (41.0, 659.0), (41.0, 659.9), (41.0, 659.3), (41.0, 659.0), (41.0, 659.9), (41.0, 659.3), (41.0, 659.0), (41.0, 659.9), (41.0, 659.3), (41.0, 659.0), (41.0, 659.9), (41.0, 659.3), (41.0, 659.0), (41.0, 659.9), (41.0, 659.3), (41.0, 659.0), (41.0, 659.9), (41.0, 659.3), (41.0, 659.0), (41.0, 659.9), (41.0, 659.3), (41.0, 659.0), (41.0, 659.9), (41.0, 659.3), (41.0, 659.0), (41.0, 659.9), (41.0, 659.3), (41.0, 659.0), (41.0, 659.9), (41.0, 659.3), (41.0, 659.0), (41.0, 659.9), (41.0, 659.3)]",0,5.02
novice,meatboy,10,Saw,5,0,49.64,0.445,"[(73.0, 653.0), (98.2, 659.3), (112.6, 659.0), (110.7, 659.9), (113.9, 659.3), (118.6, 659.0), (116.7, 659.9), (119.9, 659.3), (124.6, 659.0), (122.7, 659.9), (125.9, 659.3), (130.6, 659.0), (128.7, 659.9), (131.9, 659.3), (136.6, 659.0), (134.7, 659.9), (137.9, 659.3), (142.6, 659.0), (140.7, 659.9), (143.9, 659.3), (148.6, 659.0), (146.7, 659.9), (149.9, 659.3), (154.6, 659.0), (152.7, 659.9), (155.9, 659.3), (160.6, 659.0), (158.7, 659.9), (161.9, 659.3), (166.6, 659.0), (164.7, 659.9), (167.9, 659.3), (172.6, 659.0), (170.7, 659.9), (173.9, 659.3), (178.6, 659.0), (176.7, 659.9), (179.9, 659.3), (184.6, 659.0), (182.7, 659.9), (185.9, 659.3), (190.6, 659.0), (188.7, 659.9), (191.9, 659.3), (196.6, 659.0), (194.7, 659.9), (214.6, 659.3), (234.3, 621.3), (274.3, 634.2), (314.3, 659.3), (354.3, 659.0), (394.3, 659.9), (434.3, 659.3), (474.3, 659.0), (514.3, 659.9), (554.3, 659.3), (578.8, 652.2), (599.0, 601.1), (548.1, 551.5), (485.6, 534.3)]",0,7.95
novice,meatboy,10,Stuck,5,0,116.34,0.962,"[(73.0, 653.0), (98.2, 659.3), (122.6, 659.0), (141.5, 659.9), (160.4, 659.3), (175.4, 659.0), (186.5, 659.9), (201.1, 659.3), (240.9, 659.0), (280.9, 659.9), (320.9, 659.3), (360.9, 659.0), (400.9, 659.9), (440.9, 659.3), (480.9, 659.0), (520.9, 659.9), (560.9, 659.3), (600.9, 659.0), (640.9, 659.9), (680.9, 659.3), (720.9, 659.0), (760.9, 659.9), (800.9, 659.3), (840.9, 659.0), (880.9, 659.9), (920.9, 659.3), (938.0, 630.8), (976.7, 586.9), (980.8, 561.7), (972.7, 545.8), (905.7, 497.6), (935.2, 495.3), (975.2, 511.8), (983.0, 546.5), (983.0, 586.2), (983.0, 625.9), (985.2, 659.3), (1012.3, 659.0), (1015.0, 659.2), (1015.0, 659.3), (1015.0, 659.0), (1015.0, 659.9), (1015.0, 659.3), (1015.0, 659.0), (1015.0, 659.9), (1015.0, 659.3), (1015.0, 659.0), (1015.0, 659.9), (1015.0, 659.3), (1015.0, 659.0), (1015.0, 659.9), (1015.0, 659.3), (1015.0, 659.0), (1015.0, 659.9), (1015.0, 659.3), (1015.0, 659.0), (1015.0, 659.9), (1015.0, 659.3), (1015.0, 659.0), (1015.0, 659.9), (1015.0, 659.3), (1015.0, 659.0), (1015.0, 659.9), (1015.0, 659.3), (1015.0, 659.0), (1015.0, 659.9), (1015.0, 659.3), (1015.0, 659.0)]",0,8.95
novice,meatboy,10,Stuck,16,0,93.01,0.807,"[(73.0, 653.0), (98.2, 659.3), (112.6, 652.2), (121.8, 601.1), (151.7, 568.9), (171.2, 555.6), (211.2, 561.1), (251.2, 563.0), (291.2, 563.9), (331.2, 571.2), (371.2, 598.3), (411.2, 644.3), (451.2, 659.9), (491.2, 659.3), (531.2, 659.0), (571.2, 659.9), (611.2, 659.3), (651.2, 659.0), (691.2, 659.9), (731.2, 659.3), (771.2, 659.0), (811.2, 659.9), (851.2, 659.3), (891.2, 659.0), (931.2, 659.9), (947.3, 624.3), (983.0, 608.8), (921.0, 557.0), (864.3, 527.0), (853.9, 529.4), (885.8, 550.6), (925.8, 590.6), (965.8, 649.6), (983.0, 636.8), (980.8, 590.4), (980.8, 562.9), (983.0, 554.3), (983.0, 564.5), (983.0, 593.5), (921.0, 551.6), (864.3, 521.6), (853.9, 524.0), (885.8, 545.2), (925.8, 585.3), (965.8, 644.2), (983.0, 636.8), (980.8, 590.4), (980.8, 562.9), (983.0, 554.3), (983.0, 564.5), (983.0, 593.5), (921.0, 551.6), (864.3, 521.6), (853.9, 524.0), (885.8, 545.2), (925.8, 585.3), (965.8, 644.2), (983.0, 636.8), (980.8, 590.4), (980.8, 562.9), (983.0, 554.3), (983.0, 564.5), (983.0, 593.5), (921.0, 551.6), (864.3, 521.6)]",0,8.63
novice,meatboy,10,Stuck,17,0,79.09,0.757,"[(73.0, 653.0), (91.0, 659.3), (73.2, 615.9), (93.0, 608.8), (133.0, 620.6), (173.0, 651.3), (191.8, 659.0), (198.2, 628.7), (235.8, 631.1), (275.8, 652.3), (315.8, 659.0), (355.8, 659.9), (395.8, 659.3), (435.8, 659.0), (475.8, 659.9), (515.8, 659.3), (555.8, 659.0), (570.3, 659.9), (568.4, 659.3), (587.7, 629.0), (627.7, 631.4), (667.7, 652.6), (707.7, 659.0), (747.7, 659.9), (787.7, 659.3), (827.7, 659.0), (867.7, 659.9), (907.7, 659.3), (941.9, 659.0), (963.6, 630.0), (943.0, 600.6), (847.2, 540.9), (795.4, 525.5), (789.8, 532.6), (824.4, 558.5), (864.4, 603.3), (904.4, 659.0), (938.6, 659.9), (960.2, 629.7), (943.0, 600.3), (847.2, 540.6), (795.4, 525.2), (789.8, 532.3), (824.4, 558.2), (864.4, 603.0), (904.4, 659.0), (938.6, 659.9), (960.2, 629.7), (943.0, 600.3), (847.2, 540.6), (795.4, 525.2), (789.8, 532.3), (824.4, 558.2), (864.4, 603.0), (904.4, 659.0), (938.6, 659.9), (960.2, 629.7), (943.0, 600.3), (847.2, 540.6), (795.4, 525.2), (789.8, 532.3), (824.4, 558.2), (864.4, 603.0), (904.4, 659.0), (938.6, 659.9), (960.2, 629.7), (943.0, 600.3), (847.2, 540.6)]",0,9.05
novice,meatboy,10,Stuck,10,0,68.2,0.961,"[(73.0, 653.0), (91.0, 659.3), (62.0, 635.4), (53.8, 628.4), (87.0, 640.2), (125.1, 659.9), (130.5, 637.1), (149.8, 627.7), (189.8, 637.1), (229.8, 659.3), (237.9, 659.0), (237.3, 659.9), (243.2, 659.3), (243.9, 659.0), (243.3, 659.9), (249.2, 659.3), (249.9, 659.0), (249.3, 659.9), (240.4, 637.1), (232.6, 625.4), (266.1, 647.8), (306.1, 659.9), (346.1, 659.3), (386.1, 659.0), (426.1, 659.9), (466.1, 659.3), (506.1, 659.0), (546.1, 659.9), (567.3, 659.3), (572.0, 659.0), (570.1, 659.9), (573.3, 659.3), (578.0, 659.0), (576.1, 659.9), (579.3, 659.3), (584.0, 659.0), (582.1, 659.9), (585.3, 659.3), (590.0, 659.0), (588.1, 659.9), (591.3, 659.3), (596.0, 659.0), (594.1, 659.9), (597.3, 659.3), (602.0, 659.0), (600.1, 659.9), (603.3, 659.3), (608.0, 659.0), (606.1, 659.9), (609.3, 659.3), (614.0, 659.0), (612.1, 659.9), (615.3, 659.3), (620.0, 659.0), (618.1, 659.9), (621.3, 659.3), (626.0, 659.0), (624.1, 659.9), (627.3, 659.3), (632.0, 659.0), (630.1, 659.9), (633.3, 659.3), (638.0, 659.0), (636.1, 659.9), (639.3, 659.3), (644.0, 659.0), (650.8, 631.9), (689.9, 629.6), (729.9, 646.1), (769.9, 659.3), (809.9, 659.0), (849.9, 659.9), (889.9, 659.3), (911.2, 644.2), (945.8, 627.8), (983.0, 634.9), (902.5, 568.2), (857.4, 534.8), (858.5, 534.8), (895.8, 553.7), (935.8, 591.4), (975.8, 648.0), (1015.8, 659.0), (1015.7, 659.9), (1015.7, 659.3), (1015.7, 659.0), (1015.7, 659.9), (1015.7, 659.3), (1015.7, 659.0), (1015.7, 659.9), (1015.7, 659.3), (1015.7, 659.0), (1015.7, 659.9), (1015.7, 659.3), (1015.7, 659.0), (1015.7, 659.9), (1015.7, 659.3), (1015.7, 659.0), (1015.7, 659.9), (1015.7, 659.3), (1015.7, 659.0), (1015.7, 659.9), (1015.7, 659.3), (1015.7, 659.0), (1015.7, 659.9), (1015.7, 659.3), (1015.7, 659.0), (1015.7, 659.9), (1015.7, 659.3), (1015.7, 659.0), (1015.7, 659.9), (1015.7, 659.3), (1015.7, 659.0), (1015.7, 659.9)]",0,15.12
novice,meatboy,10,Stuck,7,0,77.54,0.962,"[(73.0, 653.0), (91.0, 659.3), (94.6, 652.2), (124.1, 601.1), (130.3, 573.9), (54.9, 533.4), (51.8, 533.5), (91.2, 552.3), (130.3, 590.0), (155.3, 646.6), (191.2, 621.0), (231.2, 631.6), (271.2, 659.0), (311.2, 659.9), (351.2, 659.3), (391.2, 659.0), (431.2, 659.9), (471.2, 659.3), (511.2, 659.0), (551.2, 659.9), (575.6, 659.3), (581.5, 659.0), (582.3, 659.9), (581.6, 659.3), (587.5, 659.0), (588.3, 659.9), (587.6, 659.3), (593.5, 659.0), (594.3, 659.9), (593.6, 659.3), (599.5, 659.0), (600.3, 659.9), (599.6, 659.3), (605.5, 659.0), (606.3, 659.9), (605.6, 659.3), (611.5, 659.0), (612.3, 659.9), (611.6, 659.3), (617.5, 659.0), (618.3, 659.9), (617.6, 659.3), (623.5, 659.0), (624.3, 659.9), (623.6, 659.3), (629.5, 659.0), (630.3, 659.9), (629.6, 659.3), (635.5, 659.0), (636.3, 659.9), (635.6, 659.3), (641.5, 659.0), (642.3, 659.9), (641.6, 659.3), (660.5, 659.0), (679.4, 659.9), (694.4, 659.3), (705.5, 659.0), (745.1, 659.9), (785.1, 659.3), (825.1, 659.0), (865.1, 659.9), (903.2, 659.3), (920.9, 659.0), (934.8, 632.6), (974.3, 628.0), (983.0, 642.1), (990.2, 659.0), (1008.3, 659.9), (1015.0, 659.3), (1015.0, 659.0), (1015.0, 659.9), (1015.0, 659.3), (1015.0, 659.0), (1015.0, 659.9), (1015.0, 659.3), (1015.0, 659.0), (1015.0, 659.9), (1015.0, 659.3), (1015.0, 659.0), (1015.0, 659.9), (1015.0, 659.3), (1015.0, 659.0), (1015.0, 659.9), (1015.0, 659.3), (1015.0, 659.0), (1015.0, 659.9), (1015.0, 659.3), (1015.0, 659.0), (1015.0, 659.9), (1015.0, 659.3), (1015.0, 659.0), (1015.0, 659.9), (1015.0, 659.3), (1015.0, 659.0), (1015.0, 659.9), (1015.0, 659.3), (1015.0, 659.0), (1015.0, 659.9), (1015.0, 659.3)]",0,13.25
novice,meatboy,10,Saw,7,0,101.26,0.424,"[(73.0, 653.0), (91.0, 659.3), (62.0, 630.8), (53.8, 586.9), (87.0, 561.7), (127.0, 555.4), (167.0, 563.3), (175.1, 563.0), (174.4, 563.9), (180.3, 563.3), (181.1, 563.0), (180.4, 563.9), (186.3, 563.3), (187.1, 563.0), (186.4, 563.9), (177.6, 541.1), (169.8, 531.7), (203.2, 541.1), (243.2, 563.3), (231.6, 548.2), (211.8, 527.9), (237.3, 548.0), (277.3, 563.3), (317.3, 569.2), (357.3, 593.9), (397.3, 637.5), (421.7, 659.3), (425.2, 636.8)]",0,3.7
novice,meatboy,10,Stuck,1,0,133.31,0.961,"[(73.0, 653.0), (98.2, 659.3), (138.2, 659.0), (178.2, 659.9), (218.2, 659.3), (258.2, 659.0), (298.2, 659.9), (338.2, 659.3), (378.2, 659.0), (418.2, 659.9), (458.2, 659.3), (498.2, 659.0), (538.2, 659.9), (578.2, 659.3), (618.2, 659.0), (658.2, 659.9), (698.2, 659.3), (738.2, 659.0), (778.2, 659.9), (818.2, 659.3), (858.2, 659.0), (898.2, 659.9), (938.2, 659.3), (978.2, 659.0), (1015.0, 659.9), (1015.0, 659.3), (1015.0, 659.0), (1015.0, 659.9), (1015.0, 659.3), (1015.0, 659.0), (1015.0, 659.9), (1015.0, 659.3), (1015.0, 659.0), (1015.0, 659.9), (1015.0, 659.3), (1015.0, 659.0), (1015.0, 659.9), (1015.0, 659.3), (1015.0, 659.0), (1015.0, 659.9), (1015.0, 659.3), (1015.0, 659.0), (1015.0, 659.9), (1015.0, 659.3), (1015.0, 659.0), (1015.0, 659.9), (1015.0, 659.3), (1015.0, 659.0), (1015.0, 659.9), (1015.0, 659.3), (1015.0, 659.0), (1015.0, 659.9), (1015.0, 659.3), (1015.0, 659.0), (1015.0, 659.9), (1015.0, 659.3), (1015.0, 659.0), (1015.0, 659.9), (1015.0, 659.3)]",0,7.8
novice,meatboy,10,Stuck,1,0,133.31,0.961,"[(73.0, 653.0), (98.2, 659.3), (138.2, 659.0), (178.2, 659.9), (218.2, 659.3), (258.2, 659.0), (298.2, 659.9), (338.2, 659.3), (378.2, 659.0), (418.2, 659.9), (458.2, 659.3), (498.2, 659.0), (538.2, 659.9), (578.2, 659.3), (618.2, 659.0), (658.2, 659.9), (698.2, 659.3), (738.2, 659.0), (778.2, 659.9), (818.2, 659.3), (858.2, 659.0), (898.2, 659.9), (938.2, 659.3), (978.2, 659.0), (1015.0, 659.9), (1015.0, 659.3), (1015.0, 659.0), (1015.0, 659.9), (1015.0, 659.3), (1015.0, 659.0), (1015.0, 659.9), (1015.0, 659.3), (1015.0, 659.0), (1015.0, 659.9), (1015.0, 659.3), (1015.0, 659.0), (1015.0, 659.9), (1015.0, 659.3), (1015.0, 659.0), (1015.0, 659.9), (1015.0, 659.3), (1015.0, 659.0), (1015.0, 659.9), (1015.0, 659.3), (1015.0, 659.0), (1015.0, 659.9), (1015.0, 659.3), (1015.0, 659.0), (1015.0, 659.9), (1015.0, 659.3), (1015.0, 659.0), (1015.0, 659.9), (1015.0, 659.3), (1015.0, 659.0), (1015.0, 659.9), (1015.0, 659.3), (1015.0, 659.0), (1015.0, 659.9), (1015.0, 659.3)]",0,7.8
novice,meatboy,10,Stuck,1,0,-6.32,0.039,"[(73.0, 653.0), (91.0, 659.3), (61.3, 659.0), (41.0, 659.9), (41.0, 659.3), (41.0, 659.0), (41.0, 659.9), (41.0, 659.3), (41.0, 659.0), (41.0, 659.9), (41.0, 659.3), (41.0, 659.0), (41.0, 659.9), (41.0, 659.3), (41.0, 659.0), (41.0, 659.9), (41.0, 659.3), (41.0, 659.0), (41.0, 659.9), (41.0, 659.3), (41.0, 659.0), (41.0, 659.9), (41.0, 659.3), (41.0, 659.0), (41.0, 659.9), (41.0, 659.3), (41.0, 659.0), (41.0, 659.9), (41.0, 659.3), (41.0, 659.0), (41.0, 659.9), (41.0, 659.3), (41.0, 659.0), (41.0, 659.9), (41.0, 659.3), (41.0, 659.0), (41.0, 659.9), (41.0, 659.3)]",0,5.02
novice,meatboy,10,Stuck,1,0,4.49,0.09,"[(73.0, 653.0), (93.8, 659.3), (95.5, 659.0), (95.5, 659.9), (95.5, 659.3), (95.5, 659.0), (95.5, 659.9), (95.5, 659.3), (95.5, 659.0), (95.5, 659.9), (95.5, 659.3), (95.5, 659.0), (95.5, 659.9), (95.5, 659.3), (95.5, 659.0), (95.5, 659.9), (95.5, 659.3), (95.5, 659.0), (95.5, 659.9), (95.5, 659.3), (95.5, 659.0), (95.5, 659.9), (95.5, 659.3), (95.5, 659.0), (95.5, 659.9), (95.5, 659.3), (95.5, 659.0), (95.5, 659.9), (95.5, 659.3), (95.5, 659.0), (95.5, 659.9), (95.5, 659.3), (95.5, 659.0), (95.5, 659.9), (95.5, 659.3), (95.5, 659.0), (95.5, 659.9), (95.5, 659.3)]",0,5.02
novice,meatboy,10,Stuck,5,0,116.34,0.962,"[(73.0, 653.0), (98.2, 659.3), (122.6, 659.0), (141.5, 659.9), (160.4, 659.3), (175.4, 659.0), (186.5, 659.9), (201.1, 659.3), (240.9, 659.0), (280.9, 659.9), (320.9, 659.3), (360.9, 659.0), (400.9, 659.9), (440.9, 659.3), (480.9, 659.0), (520.9, 659.9), (560.9, 659.3), (600.9, 659.0), (640.9, 659.9), (680.9, 659.3), (720.9, 659.0), (760.9, 659.9), (800.9, 659.3), (840.9, 659.0), (880.9, 659.9), (920.9, 659.3), (938.0, 630.8), (976.7, 586.9), (980.8, 561.7), (972.7, 545.8), (905.7, 497.6), (935.2, 495.3), (975.2, 511.8), (983.0, 546.5), (983.0, 586.2), (983.0, 625.9), (985.2, 659.3), (1012.3, 659.0), (1015.0, 659.2), (1015.0, 659.3), (1015.0, 659.0), (1015.0, 659.9), (1015.0, 659.3), (1015.0, 659.0), (1015.0, 659.9), (1015.0, 659.3), (1015.0, 659.0), (1015.0, 659.9), (1015.0, 659.3), (1015.0, 659.0), (1015.0, 659.9), (1015.0, 659.3), (1015.0, 659.0), (1015.0, 659.9), (1015.0, 659.3), (1015.0, 659.0), (1015.0, 659.9), (1015.0, 659.3), (1015.0, 659.0), (1015.0, 659.9), (1015.0, 659.3), (1015.0, 659.0), (1015.0, 659.9), (1015.0, 659.3), (1015.0, 659.0), (1015.0, 659.9), (1015.0, 659.3), (1015.0, 659.0)]",0,8.95
novice,meatboy,10,Stuck,16,0,93.01,0.807,"[(73.0, 653.0), (98.2, 659.3), (112.6, 652.2), (121.8, 601.1), (151.7, 568.9), (171.2, 555.6), (211.2, 561.1), (251.2, 563.0), (291.2, 563.9), (331.2, 571.2), (371.2, 598.3), (411.2, 644.3), (451.2, 659.9), (491.2, 659.3), (531.2, 659.0), (571.2, 659.9), (611.2, 659.3), (651.2, 659.0), (691.2, 659.9), (731.2, 659.3), (771.2, 659.0), (811.2, 659.9), (851.2, 659.3), (891.2, 659.0), (931.2, 659.9), (947.3, 624.3), (983.0, 608.8), (921.0, 557.0), (864.3, 527.0), (853.9, 529.4), (885.8, 550.6), (925.8, 590.6), (965.8, 649.6), (983.0, 636.8), (980.8, 590.4), (980.8, 562.9), (983.0, 554.3), (983.0, 564.5), (983.0, 593.5), (921.0, 551.6), (864.3, 521.6), (853.9, 524.0), (885.8, 545.2), (925.8, 585.3), (965.8, 644.2), (983.0, 636.8), (980.8, 590.4), (980.8, 562.9), (983.0, 554.3), (983.0, 564.5), (983.0, 593.5), (921.0, 551.6), (864.3, 521.6), (853.9, 524.0), (885.8, 545.2), (925.8, 585.3), (965.8, 644.2), (983.0, 636.8), (980.8, 590.4), (980.8, 562.9), (983.0, 554.3), (983.0, 564.5), (983.0, 593.5), (921.0, 551.6), (864.3, 521.6)]",0,8.63
novice,meatboy,10,Stuck,10,0,68.2,0.961,"[(73.0, 653.0), (91.0, 659.3), (62.0, 635.4), (53.8, 628.4), (87.0, 640.2), (125.1, 659.9), (130.5, 637.1), (149.8, 627.7), (189.8, 637.1), (229.8, 659.3), (237.9, 659.0), (237.3, 659.9), (243.2, 659.3), (243.9, 659.0), (243.3, 659.9), (249.2, 659.3), (249.9, 659.0), (249.3, 659.9), (240.4, 637.1), (232.6, 625.4), (266.1, 647.8), (306.1, 659.9), (346.1, 659.3), (386.1, 659.0), (426.1, 659.9), (466.1, 659.3), (506.1, 659.0), (546.1, 659.9), (567.3, 659.3), (572.0, 659.0), (570.1, 659.9), (573.3, 659.3), (578.0, 659.0), (576.1, 659.9), (579.3, 659.3), (584.0, 659.0), (582.1, 659.9), (585.3, 659.3), (590.0, 659.0), (588.1, 659.9), (591.3, 659.3), (596.0, 659.0), (594.1, 659.9), (597.3, 659.3), (602.0, 659.0), (600.1, 659.9), (603.3, 659.3), (608.0, 659.0), (606.1, 659.9), (609.3, 659.3), (614.0, 659.0), (612.1, 659.9), (615.3, 659.3), (620.0, 659.0), (618.1, 659.9), (621.3, 659.3), (626.0, 659.0), (624.1, 659.9), (627.3, 659.3), (632.0, 659.0), (630.1, 659.9), (633.3, 659.3), (638.0, 659.0), (636.1, 659.9), (639.3, 659.3), (644.0, 659.0), (650.8, 631.9), (689.9, 629.6), (729.9, 646.1), (769.9, 659.3), (809.9, 659.0), (849.9, 659.9), (889.9, 659.3), (911.2, 644.2), (945.8, 627.8), (983.0, 634.9), (902.5, 568.2), (857.4, 534.8), (858.5, 534.8), (895.8, 553.7), (935.8, 591.4), (975.8, 648.0), (1015.8, 659.0), (1015.7, 659.9), (1015.7, 659.3), (1015.7, 659.0), (1015.7, 659.9), (1015.7, 659.3), (1015.7, 659.0), (1015.7, 659.9), (1015.7, 659.3), (1015.7, 659.0), (1015.7, 659.9), (1015.7, 659.3), (1015.7, 659.0), (1015.7, 659.9), (1015.7, 659.3), (1015.7, 659.0), (1015.7, 659.9), (1015.7, 659.3), (1015.7, 659.0), (1015.7, 659.9), (1015.7, 659.3), (1015.7, 659.0), (1015.7, 659.9), (1015.7, 659.3), (1015.7, 659.0), (1015.7, 659.9), (1015.7, 659.3), (1015.7, 659.0), (1015.7, 659.9), (1015.7, 659.3), (1015.7, 659.0), (1015.7, 659.9)]",0,15.12
novice,meatboy,10,Stuck,17,0,79.09,0.757,"[(73.0, 653.0), (91.0, 659.3), (73.2, 615.9), (93.0, 608.8), (133.0, 620.6), (173.0, 651.3), (191.8, 659.0), (198.2, 628.7), (235.8, 631.1), (275.8, 652.3), (315.8, 659.0), (355.8, 659.9), (395.8, 659.3), (435.8, 659.0), (475.8, 659.9), (515.8, 659.3), (555.8, 659.0), (570.3, 659.9), (568.4, 659.3), (587.7, 629.0), (627.7, 631.4), (667.7, 652.6), (707.7, 659.0), (747.7, 659.9), (787.7, 659.3), (827.7, 659.0), (867.7, 659.9), (907.7, 659.3), (941.9, 659.0), (963.6, 630.0), (943.0, 600.6), (847.2, 540.9), (795.4, 525.5), (789.8, 532.6), (824.4, 558.5), (864.4, 603.3), (904.4, 659.0), (938.6, 659.9), (960.2, 629.7), (943.0, 600.3), (847.2, 540.6), (795.4, 525.2), (789.8, 532.3), (824.4, 558.2), (864.4, 603.0), (904.4, 659.0), (938.6, 659.9), (960.2, 629.7), (943.0, 600.3), (847.2, 540.6), (795.4, 525.2), (789.8, 532.3), (824.4, 558.2), (864.4, 603.0), (904.4, 659.0), (938.6, 659.9), (960.2, 629.7), (943.0, 600.3), (847.2, 540.6), (795.4, 525.2), (789.8, 532.3), (824.4, 558.2), (864.4, 603.0), (904.4, 659.0), (938.6, 659.9), (960.2, 629.7), (943.0, 600.3), (847.2, 540.6)]",0,9.05
novice,meatboy,10,Stuck,1,0,-6.32,0.039,"[(73.0, 653.0), (91.0, 659.3), (61.3, 659.0), (41.0, 659.9), (41.0, 659.3), (41.0, 659.0), (41.0, 659.9), (41.0, 659.3), (41.0, 659.0), (41.0, 659.9), (41.0, 659.3), (41.0, 659.0), (41.0, 659.9), (41.0, 659.3), (41.0, 659.0), (41.0, 659.9), (41.0, 659.3), (41.0, 659.0), (41.0, 659.9), (41.0, 659.3), (41.0, 659.0), (41.0, 659.9), (41.0, 659.3), (41.0, 659.0), (41.0, 659.9), (41.0, 659.3), (41.0, 659.0), (41.0, 659.9), (41.0, 659.3), (41.0, 659.0), (41.0, 659.9), (41.0, 659.3), (41.0, 659.0), (41.0, 659.9), (41.0, 659.3), (41.0, 659.0), (41.0, 659.9), (41.0, 659.3)]",0,5.02
novice,meatboy,10,Stuck,10,0,102.13,0.961,"[(73.0, 653.0), (91.0, 659.3), (89.9, 630.8), (109.7, 586.9), (149.7, 577.5), (79.4, 523.6), (43.2, 516.5), (76.2, 528.3), (116.2, 559.0), (151.0, 606.2), (70.5, 539.5), (45.3, 494.3), (81.2, 487.3), (87.0, 499.1), (87.0, 529.7), (112.2, 579.2), (152.2, 647.6), (192.2, 621.0), (232.2, 631.6), (272.2, 659.0), (312.2, 659.9), (352.2, 659.3), (392.2, 659.0), (432.2, 659.9), (472.2, 659.3), (512.2, 659.0), (552.2, 659.9), (592.2, 659.3), (632.2, 659.0), (672.2, 659.9), (712.2, 659.3), (752.2, 659.0), (792.2, 659.9), (832.2, 659.3), (872.2, 659.0), (912.2, 659.9), (940.5, 659.3), (968.0, 629.0), (941.7, 592.1), (874.2, 534.8), (852.2, 525.4), (875.8, 534.8), (915.8, 563.1), (955.8, 610.2), (985.2, 659.3), (1015.0, 659.0), (1015.0, 659.9), (1015.0, 659.3), (1015.0, 659.0), (1015.0, 659.9), (1015.0, 659.3), (1015.0, 659.0), (1015.0, 659.9), (1015.0, 659.3), (1015.0, 659.0), (1015.0, 659.9), (1015.0, 659.3), (1015.0, 659.0), (1015.0, 659.9), (1015.0, 659.3), (1015.0, 659.0), (1015.0, 659.9), (1015.0, 659.3), (1015.0, 659.0), (1015.0, 659.9), (1015.0, 659.3), (1015.0, 659.0), (1015.0, 659.9), (1015.0, 659.3), (1015.0, 659.0), (1015.0, 659.9), (1015.0, 659.3), (1015.0, 659.0), (1015.0, 659.9), (1015.0, 659.3), (1015.0, 659.0)]",0,10.1
novice,meatboy,10,Stuck,1,0,4.49,0.09,"[(73.0, 653.0), (93.8, 659.3), (95.5, 659.0), (95.5, 659.9), (95.5, 659.3), (95.5, 659.0), (95.5, 659.9), (95.5, 659.3), (95.5, 659.0), (95.5, 659.9), (95.5, 659.3), (95.5, 659.0), (95.5, 659.9), (95.5, 659.3), (95.5, 659.0), (95.5, 659.9), (95.5, 659.3), (95.5, 659.0), (95.5, 659.9), (95.5, 659.3), (95.5, 659.0), (95.5, 659.9), (95.5, 659.3), (95.5, 659.0), (95.5, 659.9), (95.5, 659.3), (95.5, 659.0), (95.5, 659.9), (95.5, 659.3), (95.5, 659.0), (95.5, 659.9), (95.5, 659.3), (95.5, 659.0), (95.5, 659.9), (95.5, 659.3), (95.5, 659.0), (95.5, 659.9), (95.5, 659.3)]",0,5.02
novice,meatboy,10,Stuck,1,0,-6.32,0.039,"[(73.0, 653.0), (91.0, 659.3), (61.3, 659.0), (41.0, 659.9), (41.0, 659.3), (41.0, 659.0), (41.0, 659.9), (41.0, 659.3), (41.0, 659.0), (41.0, 659.9), (41.0, 659.3), (41.0, 659.0), (41.0, 659.9), (41.0, 659.3), (41.0, 659.0), (41.0, 659.9), (41.0, 659.3), (41.0, 659.0), (41.0, 659.9), (41.0, 659.3), (41.0, 659.0), (41.0, 659.9), (41.0, 659.3), (41.0, 659.0), (41.0, 659.9), (41.0, 659.3), (41.0, 659.0), (41.0, 659.9), (41.0, 659.3), (41.0, 659.0), (41.0, 659.9), (41.0, 659.3), (41.0, 659.0), (41.0, 659.9), (41.0, 659.3), (41.0, 659.0), (41.0, 659.9), (41.0, 659.3)]",0,5.02
novice,meatboy,10,Stuck,3,0,62.83,0.592,"[(73.0, 653.0), (91.0, 659.3), (62.0, 630.8), (53.8, 586.9), (87.0, 577.5), (127.0, 586.9), (151.7, 615.2), (171.2, 659.0), (185.6, 659.9), (183.7, 659.3), (186.9, 659.0), (191.6, 659.9), (189.7, 659.3), (192.9, 659.0), (179.9, 651.6), (187.7, 622.8), (226.9, 640.4), (266.9, 659.0), (306.9, 659.9), (346.9, 659.3), (386.9, 659.0), (426.9, 659.9), (466.9, 659.3), (506.9, 659.0), (546.9, 659.9), (568.2, 659.3), (572.8, 659.0), (570.9, 659.9), (574.2, 659.3), (578.8, 659.0), (576.9, 659.9), (580.2, 659.3), (584.8, 659.0), (582.9, 659.9), (586.2, 659.3), (590.8, 659.0), (588.9, 659.9), (592.2, 659.3), (596.8, 659.0), (594.9, 659.9), (598.2, 659.3), (602.8, 659.0), (600.9, 659.9), (604.2, 659.3), (608.8, 659.0), (606.9, 659.9), (610.2, 659.3), (614.8, 659.0), (612.9, 659.9), (616.2, 659.3), (620.8, 659.0), (618.9, 659.9), (622.2, 659.3), (626.8, 659.0), (624.9, 659.9), (628.2, 659.3), (632.8, 659.0), (630.9, 659.9), (634.2, 659.3), (638.8, 659.0), (636.9, 659.9), (640.2, 659.3), (644.8, 659.0), (629.9, 659.9), (628.1, 659.3), (625.9, 659.0)]",0,8.75
novice,meatboy,10,Stuck,1,0,126.22,0.961,"[(73.0, 653.0), (98.2, 659.3), (122.6, 659.0), (141.5, 659.9), (160.4, 659.3), (178.1, 659.0), (218.1, 659.9), (258.1, 659.3), (298.1, 659.0), (338.1, 659.9), (378.1, 659.3), (418.1, 659.0), (458.1, 659.9), (498.1, 659.3), (538.1, 659.0), (578.1, 659.9), (618.1, 659.3), (658.1, 659.0), (698.1, 659.9), (738.1, 659.3), (778.1, 659.0), (818.1, 659.9), (858.1, 659.3), (898.1, 659.0), (938.1, 659.9), (959.3, 659.3), (964.0, 659.0), (962.1, 659.9), (965.3, 659.3), (970.0, 659.0), (968.1, 659.9), (971.3, 659.3), (976.0, 659.0), (988.9, 659.9), (1015.0, 659.3), (1015.0, 659.0), (1015.0, 659.9), (1015.0, 659.3), (1015.0, 659.0), (1015.0, 659.9), (1015.0, 659.3), (1015.0, 659.0), (1015.0, 659.9), (1015.0, 659.3), (1015.0, 659.0), (1015.0, 659.9), (1015.0, 659.3), (1015.0, 659.0), (1015.0, 659.9), (1015.0, 659.3), (1015.0, 659.0), (1015.0, 659.9), (1015.0, 659.3), (1015.0, 659.0), (1015.0, 659.9), (1015.0, 659.3), (1015.0, 659.0), (1015.0, 659.9), (1015.0, 659.3), (1015.0, 659.0), (1015.0, 659.9)]",0,8.07
novice,meatboy,10,Stuck,5,0,116.34,0.962,"[(73.0, 653.0), (98.2, 659.3), (122.6, 659.0), (141.5, 659.9), (160.4, 659.3), (175.4, 659.0), (186.5, 659.9), (201.1, 659.3), (240.9, 659.0), (280.9, 659.9), (320.9, 659.3), (360.9, 659.0), (400.9, 659.9), (440.9, 659.3), (480.9, 659.0), (520.9, 659.9), (560.9, 659.3), (600.9, 659.0), (640.9, 659.9), (680.9, 659.3), (720.9, 659.0), (760.9, 659.9), (800.9, 659.3), (840.9, 659.0), (880.9, 659.9), (920.9, 659.3), (938.0, 630.8), (976.7, 586.9), (980.8, 561.7), (972.7, 545.8), (905.7, 497.6), (935.2, 495.3), (975.2, 511.8), (983.0, 546.5), (983.0, 586.2), (983.0, 625.9), (985.2, 659.3), (1012.3, 659.0), (1015.0, 659.2), (1015.0, 659.3), (1015.0, 659.0), (1015.0, 659.9), (1015.0, 659.3), (1015.0, 659.0), (1015.0, 659.9), (1015.0, 659.3), (1015.0, 659.0), (1015.0, 659.9), (1015.0, 659.3), (1015.0, 659.0), (1015.0, 659.9), (1015.0, 659.3), (1015.0, 659.0), (1015.0, 659.9), (1015.0, 659.3), (1015.0, 659.0), (1015.0, 659.9), (1015.0, 659.3), (1015.0, 659.0), (1015.0, 659.9), (1015.0, 659.3), (1015.0, 659.0), (1015.0, 659.9), (1015.0, 659.3), (1015.0, 659.0), (1015.0, 659.9), (1015.0, 659.3), (1015.0, 659.0)]",0,8.95
novice,meatboy,10,Stuck,16,0,93.01,0.807,"[(73.0, 653.0), (98.2, 659.3), (112.6, 652.2), (121.8, 601.1), (151.7, 568.9), (171.2, 555.6), (211.2, 561.1), (251.2, 563.0), (291.2, 563.9), (331.2, 571.2), (371.2, 598.3), (411.2, 644.3), (451.2, 659.9), (491.2, 659.3), (531.2, 659.0), (571.2, 659.9), (611.2, 659.3), (651.2, 659.0), (691.2, 659.9), (731.2, 659.3), (771.2, 659.0), (811.2, 659.9), (851.2, 659.3), (891.2, 659.0), (931.2, 659.9), (947.3, 624.3), (983.0, 608.8), (921.0, 557.0), (864.3, 527.0), (853.9, 529.4), (885.8, 550.6), (925.8, 590.6), (965.8, 649.6), (983.0, 636.8), (980.8, 590.4), (980.8, 562.9), (983.0, 554.3), (983.0, 564.5), (983.0, 593.5), (921.0, 551.6), (864.3, 521.6), (853.9, 524.0), (885.8, 545.2), (925.8, 585.3), (965.8, 644.2), (983.0, 636.8), (980.8, 590.4), (980.8, 562.9), (983.0, 554.3), (983.0, 564.5), (983.0, 593.5), (921.0, 551.6), (864.3, 521.6), (853.9, 524.0), (885.8, 545.2), (925.8, 585.3), (965.8, 644.2), (983.0, 636.8), (980.8, 590.4), (980.8, 562.9), (983.0, 554.3), (983.0, 564.5), (983.0, 593.5), (921.0, 551.6), (864.3, 521.6)]",0,8.63
novice,meatboy,10,Stuck,10,0,102.13,0.961,"[(73.0, 653.0), (91.0, 659.3), (89.9, 630.8), (109.7, 586.9), (149.7, 577.5), (79.4, 523.6), (43.2, 516.5), (76.2, 528.3), (116.2, 559.0), (151.0, 606.2), (70.5, 539.5), (45.3, 494.3), (81.2, 487.3), (87.0, 499.1), (87.0, 529.7), (112.2, 579.2), (152.2, 647.6), (192.2, 621.0), (232.2, 631.6), (272.2, 659.0), (312.2, 659.9), (352.2, 659.3), (392.2, 659.0), (432.2, 659.9), (472.2, 659.3), (512.2, 659.0), (552.2, 659.9), (592.2, 659.3), (632.2, 659.0), (672.2, 659.9), (712.2, 659.3), (752.2, 659.0), (792.2, 659.9), (832.2, 659.3), (872.2, 659.0), (912.2, 659.9), (940.5, 659.3), (968.0, 629.0), (941.7, 592.1), (874.2, 534.8), (852.2, 525.4), (875.8, 534.8), (915.8, 563.1), (955.8, 610.2), (985.2, 659.3), (1015.0, 659.0), (1015.0, 659.9), (1015.0, 659.3), (1015.0, 659.0), (1015.0, 659.9), (1015.0, 659.3), (1015.0, 659.0), (1015.0, 659.9), (1015.0, 659.3), (1015.0, 659.0), (1015.0, 659.9), (1015.0, 659.3), (1015.0, 659.0), (1015.0, 659.9), (1015.0, 659.3), (1015.0, 659.0), (1015.0, 659.9), (1015.0, 659.3), (1015.0, 659.0), (1015.0, 659.9), (1015.0, 659.3), (1015.0, 659.0), (1015.0, 659.9), (1015.0, 659.3), (1015.0, 659.0), (1015.0, 659.9), (1015.0, 659.3), (1015.0, 659.0), (1015.0, 659.9), (1015.0, 659.3), (1015.0, 659.0)]",0,10.1
novice,meatboy,10,Stuck,17,0,79.09,0.757,"[(73.0, 653.0), (91.0, 659.3), (73.2, 615.9), (93.0, 608.8), (133.0, 620.6), (173.0, 651.3), (191.8, 659.0), (198.2, 628.7), (235.8, 631.1), (275.8, 652.3), (315.8, 659.0), (355.8, 659.9), (395.8, 659.3), (435.8, 659.0), (475.8, 659.9), (515.8, 659.3), (555.8, 659.0), (570.3, 659.9), (568.4, 659.3), (587.7, 629.0), (627.7, 631.4), (667.7, 652.6), (707.7, 659.0), (747.7, 659.9), (787.7, 659.3), (827.7, 659.0), (867.7, 659.9), (907.7, 659.3), (941.9, 659.0), (963.6, 630.0), (943.0, 600.6), (847.2, 540.9), (795.4, 525.5), (789.8, 532.6), (824.4, 558.5), (864.4, 603.3), (904.4, 659.0), (938.6, 659.9), (960.2, 629.7), (943.0, 600.3), (847.2, 540.6), (795.4, 525.2), (789.8, 532.3), (824.4, 558.2), (864.4, 603.0), (904.4, 659.0), (938.6, 659.9), (960.2, 629.7), (943.0, 600.3), (847.2, 540.6), (795.4, 525.2), (789.8, 532.3), (824.4, 558.2), (864.4, 603.0), (904.4, 659.0), (938.6, 659.9), (960.2, 629.7), (943.0, 600.3), (847.2, 540.6), (795.4, 525.2), (789.8, 532.3), (824.4, 558.2), (864.4, 603.0), (904.4, 659.0), (938.6, 659.9), (960.2, 629.7), (943.0, 600.3), (847.2, 540.6)]",0,9.05
novice,meatboy,10,Saw,5,0,102.03,0.373,"[(73.0, 653.0), (91.0, 659.3), (62.0, 630.8), (53.8, 586.9), (87.0, 561.7), (127.0, 555.4), (167.0, 563.3), (175.1, 563.0), (174.4, 563.9), (180.3, 563.3), (181.1, 563.0), (180.4, 563.9), (186.3, 563.3), (187.1, 563.0), (186.4, 563.9), (177.6, 541.1), (169.8, 531.7), (203.2, 541.1), (243.2, 563.3), (235.9, 527.7), (249.4, 488.1), (289.4, 481.0), (329.4, 492.8), (369.4, 523.5)]",0,3.15
novice,meatboy,10,Stuck,1,0,127.6,0.962,"[(73.0, 653.0), (98.2, 659.3), (122.6, 659.0), (141.5, 659.9), (160.4, 659.3), (178.1, 659.0), (196.9, 659.9), (233.9, 659.3), (273.9, 659.0), (313.9, 659.9), (353.9, 659.3), (393.9, 659.0), (433.9, 659.9), (473.9, 659.3), (513.9, 659.0), (553.9, 659.9), (593.9, 659.3), (633.9, 659.0), (673.9, 659.9), (713.9, 659.3), (753.9, 659.0), (793.9, 659.9), (833.9, 659.3), (873.9, 659.0), (913.9, 659.9), (953.9, 659.3), (971.0, 659.0), (1009.7, 659.9), (1015.0, 659.3), (1015.0, 659.0), (1015.0, 659.9), (1015.0, 659.3), (1015.0, 659.0), (1015.0, 659.9), (1015.0, 659.3), (1015.0, 659.0), (1015.0, 659.9), (1015.0, 659.3), (1015.0, 659.0), (1015.0, 659.9), (1015.0, 659.3), (1015.0, 659.0), (1015.0, 659.9), (1015.0, 659.3), (1015.0, 659.0), (1015.0, 659.9), (1015.0, 659.3), (1015.0, 659.0), (1015.0, 659.9), (1015.0, 659.3), (1015.0, 659.0), (1015.0, 659.9), (1015.0, 659.3), (1015.0, 659.0), (1015.0, 659.9), (1015.0, 659.3), (1015.0, 659.0), (1015.0, 659.9), (1015.0, 659.3), (1015.0, 659.0), (1015.0, 659.9), (1015.0, 659.3)]",0,8.15
novice,meatboy,10,Stuck,4,0,119.55,0.962,"[(73.0, 653.0), (98.2, 659.3), (138.2, 659.0), (178.2, 659.9), (218.2, 659.3), (258.2, 659.0), (298.2, 659.9), (338.2, 659.3), (378.2, 659.0), (418.2, 659.9), (458.2, 659.3), (498.2, 659.0), (538.2, 659.9), (578.2, 659.3), (618.2, 659.0), (658.2, 659.9), (698.2, 659.3), (738.2, 659.0), (778.2, 659.9), (818.2, 659.3), (858.2, 659.0), (898.2, 659.9), (938.2, 659.3), (962.6, 652.2), (983.0, 601.1), (978.7, 568.9), (980.8, 555.6), (983.0, 561.1), (905.0, 505.1), (930.2, 500.4), (970.2, 514.6), (983.7, 547.4), (983.7, 587.1), (983.7, 626.8), (987.3, 659.3), (1015.7, 659.0), (1015.7, 659.9), (1015.7, 659.3), (1015.7, 659.0), (1015.7, 659.9), (1015.7, 659.3), (1015.7, 659.0), (1015.7, 659.9), (1015.7, 659.3), (1015.7, 659.0), (1015.7, 659.9), (1015.7, 659.3), (1015.7, 659.0), (1015.7, 659.9), (1015.7, 659.3), (1015.7, 659.0), (1015.7, 659.9), (1015.7, 659.3), (1015.7, 659.0), (1015.7, 659.9), (1015.7, 659.3), (1015.7, 659.0), (1015.7, 659.9), (1015.7, 659.3), (1015.7, 659.0), (1015.7, 659.9), (1015.7, 659.3), (1015.7, 659.0), (1015.7, 659.9), (1015.7, 659.3), (1015.7, 659.0)]",0,8.7
novice,meatboy,10,Stuck,1,0,-6.32,0.039,"[(73.0, 653.0), (91.0, 659.3), (61.3, 659.0), (41.0, 659.9), (41.0, 659.3), (41.0, 659.0), (41.0, 659.9), (41.0, 659.3), (41.0, 659.0), (41.0, 659.9), (41.0, 659.3), (41.0, 659.0), (41.0, 659.9), (41.0, 659.3), (41.0, 659.0), (41.0, 659.9), (41.0, 659.3), (41.0, 659.0), (41.0, 659.9), (41.0, 659.3), (41.0, 659.0), (41.0, 659.9), (41.0, 659.3), (41.0, 659.0), (41.0, 659.9), (41.0, 659.3), (41.0, 659.0), (41.0, 659.9), (41.0, 659.3), (41.0, 659.0), (41.0, 659.9), (41.0, 659.3), (41.0, 659.0), (41.0, 659.9), (41.0, 659.3), (41.0, 659.0), (41.0, 659.9), (41.0, 659.3)]",0,5.02
novice,meatboy,10,Stuck,1,0,-6.32,0.039,"[(73.0, 653.0), (91.0, 659.3), (61.3, 659.0), (41.0, 659.9), (41.0, 659.3), (41.0, 659.0), (41.0, 659.9), (41.0, 659.3), (41.0, 659.0), (41.0, 659.9), (41.0, 659.3), (41.0, 659.0), (41.0, 659.9), (41.0, 659.3), (41.0, 659.0), (41.0, 659.9), (41.0, 659.3), (41.0, 659.0), (41.0, 659.9), (41.0, 659.3), (41.0, 659.0), (41.0, 659.9), (41.0, 659.3), (41.0, 659.0), (41.0, 659.9), (41.0, 659.3), (41.0, 659.0), (41.0, 659.9), (41.0, 659.3), (41.0, 659.0), (41.0, 659.9), (41.0, 659.3), (41.0, 659.0), (41.0, 659.9), (41.0, 659.3), (41.0, 659.0), (41.0, 659.9), (41.0, 659.3)]",0,5.02
novice,meatboy,10,Stuck,1,0,-6.32,0.039,"[(73.0, 653.0), (91.0, 659.3), (61.3, 659.0), (41.0, 659.9), (41.0, 659.3), (41.0, 659.0), (41.0, 659.9), (41.0, 659.3), (41.0, 659.0), (41.0, 659.9), (41.0, 659.3), (41.0, 659.0), (41.0, 659.9), (41.0, 659.3), (41.0, 659.0), (41.0, 659.9), (41.0, 659.3), (41.0, 659.0), (41.0, 659.9), (41.0, 659.3), (41.0, 659.0), (41.0, 659.9), (41.0, 659.3), (41.0, 659.0), (41.0, 659.9), (41.0, 659.3), (41.0, 659.0), (41.0, 659.9), (41.0, 659.3), (41.0, 659.0), (41.0, 659.9), (41.0, 659.3), (41.0, 659.0), (41.0, 659.9), (41.0, 659.3), (41.0, 659.0), (41.0, 659.9), (41.0, 659.3)]",0,5.02
novice,meatboy,10,Stuck,4,0,119.55,0.962,"[(73.0, 653.0), (98.2, 659.3), (138.2, 659.0), (178.2, 659.9), (218.2, 659.3), (258.2, 659.0), (298.2, 659.9), (338.2, 659.3), (378.2, 659.0), (418.2, 659.9), (458.2, 659.3), (498.2, 659.0), (538.2, 659.9), (578.2, 659.3), (618.2, 659.0), (658.2, 659.9), (698.2, 659.3), (738.2, 659.0), (778.2, 659.9), (818.2, 659.3), (858.2, 659.0), (898.2, 659.9), (938.2, 659.3), (962.6, 652.2), (983.0, 601.1), (978.7, 568.9), (980.8, 555.6), (983.0, 561.1), (905.0, 505.1), (930.2, 500.4), (970.2, 514.6), (983.7, 547.4), (983.7, 587.1), (983.7, 626.8), (987.3, 659.3), (1015.7, 659.0), (1015.7, 659.9), (1015.7, 659.3), (1015.7, 659.0), (1015.7, 659.9), (1015.7, 659.3), (1015.7, 659.0), (1015.7, 659.9), (1015.7, 659.3), (1015.7, 659.0), (1015.7, 659.9), (1015.7, 659.3), (1015.7, 659.0), (1015.7, 659.9), (1015.7, 659.3), (1015.7, 659.0), (1015.7, 659.9), (1015.7, 659.3), (1015.7, 659.0), (1015.7, 659.9), (1015.7, 659.3), (1015.7, 659.0), (1015.7, 659.9), (1015.7, 659.3), (1015.7, 659.0), (1015.7, 659.9), (1015.7, 659.3), (1015.7, 659.0), (1015.7, 659.9), (1015.7, 659.3), (1015.7, 659.0)]",0,8.7
novice,meatboy,10,Stuck,5,0,116.34,0.962,"[(73.0, 653.0), (98.2, 659.3), (122.6, 659.0), (141.5, 659.9), (160.4, 659.3), (175.4, 659.0), (186.5, 659.9), (201.1, 659.3), (240.9, 659.0), (280.9, 659.9), (320.9, 659.3), (360.9, 659.0), (400.9, 659.9), (440.9, 659.3), (480.9, 659.0), (520.9, 659.9), (560.9, 659.3), (600.9, 659.0), (640.9, 659.9), (680.9, 659.3), (720.9, 659.0), (760.9, 659.9), (800.9, 659.3), (840.9, 659.0), (880.9, 659.9), (920.9, 659.3), (938.0, 630.8), (976.7, 586.9), (980.8, 561.7), (972.7, 545.8), (905.7, 497.6), (935.2, 495.3), (975.2, 511.8), (983.0, 546.5), (983.0, 586.2), (983.0, 625.9), (985.2, 659.3), (1012.3, 659.0), (1015.0, 659.2), (1015.0, 659.3), (1015.0, 659.0), (1015.0, 659.9), (1015.0, 659.3), (1015.0, 659.0), (1015.0, 659.9), (1015.0, 659.3), (1015.0, 659.0), (1015.0, 659.9), (1015.0, 659.3), (1015.0, 659.0), (1015.0, 659.9), (1015.0, 659.3), (1015.0, 659.0), (1015.0, 659.9), (1015.0, 659.3), (1015.0, 659.0), (1015.0, 659.9), (1015.0, 659.3), (1015.0, 659.0), (1015.0, 659.9), (1015.0, 659.3), (1015.0, 659.0), (1015.0, 659.9), (1015.0, 659.3), (1015.0, 659.0), (1015.0, 659.9), (1015.0, 659.3), (1015.0, 659.0)]",0,8.95
novice,meatboy,10,Stuck,16,0,93.01,0.807,"[(73.0, 653.0), (98.2, 659.3), (112.6, 652.2), (121.8, 601.1), (151.7, 568.9), (171.2, 555.6), (211.2, 561.1), (251.2, 563.0), (291.2, 563.9), (331.2, 571.2), (371.2, 598.3), (411.2, 644.3), (451.2, 659.9), (491.2, 659.3), (531.2, 659.0), (571.2, 659.9), (611.2, 659.3), (651.2, 659.0), (691.2, 659.9), (731.2, 659.3), (771.2, 659.0), (811.2, 659.9), (851.2, 659.3), (891.2, 659.0), (931.2, 659.9), (947.3, 624.3), (983.0, 608.8), (921.0, 557.0), (864.3, 527.0), (853.9, 529.4), (885.8, 550.6), (925.8, 590.6), (965.8, 649.6), (983.0, 636.8), (980.8, 590.4), (980.8, 562.9), (983.0, 554.3), (983.0, 564.5), (983.0, 593.5), (921.0, 551.6), (864.3, 521.6), (853.9, 524.0), (885.8, 545.2), (925.8, 585.3), (965.8, 644.2), (983.0, 636.8), (980.8, 590.4), (980.8, 562.9), (983.0, 554.3), (983.0, 564.5), (983.0, 593.5), (921.0, 551.6), (864.3, 521.6), (853.9, 524.0), (885.8, 545.2), (925.8, 585.3), (965.8, 644.2), (983.0, 636.8), (980.8, 590.4), (980.8, 562.9), (983.0, 554.3), (983.0, 564.5), (983.0, 593.5), (921.0, 551.6), (864.3, 521.6)]",0,8.63
novice,meatboy,10,Stuck,17,0,79.09,0.757,"[(73.0, 653.0), (91.0, 659.3), (73.2, 615.9), (93.0, 608.8), (133.0, 620.6), (173.0, 651.3), (191.8, 659.0), (198.2, 628.7), (235.8, 631.1), (275.8, 652.3), (315.8, 659.0), (355.8, 659.9), (395.8, 659.3), (435.8, 659.0), (475.8, 659.9), (515.8, 659.3), (555.8, 659.0), (570.3, 659.9), (568.4, 659.3), (587.7, 629.0), (627.7, 631.4), (667.7, 652.6), (707.7, 659.0), (747.7, 659.9), (787.7, 659.3), (827.7, 659.0), (867.7, 659.9), (907.7, 659.3), (941.9, 659.0), (963.6, 630.0), (943.0, 600.6), (847.2, 540.9), (795.4, 525.5), (789.8, 532.6), (824.4, 558.5), (864.4, 603.3), (904.4, 659.0), (938.6, 659.9), (960.2, 629.7), (943.0, 600.3), (847.2, 540.6), (795.4, 525.2), (789.8, 532.3), (824.4, 558.2), (864.4, 603.0), (904.4, 659.0), (938.6, 659.9), (960.2, 629.7), (943.0, 600.3), (847.2, 540.6), (795.4, 525.2), (789.8, 532.3), (824.4, 558.2), (864.4, 603.0), (904.4, 659.0), (938.6, 659.9), (960.2, 629.7), (943.0, 600.3), (847.2, 540.6), (795.4, 525.2), (789.8, 532.3), (824.4, 558.2), (864.4, 603.0), (904.4, 659.0), (938.6, 659.9), (960.2, 629.7), (943.0, 600.3), (847.2, 540.6)]",0,9.05
novice,meatboy,10,Stuck,1,0,133.31,0.961,"[(73.0, 653.0), (98.2, 659.3), (138.2, 659.0), (178.2, 659.9), (218.2, 659.3), (258.2, 659.0), (298.2, 659.9), (338.2, 659.3), (378.2, 659.0), (418.2, 659.9), (458.2, 659.3), (498.2, 659.0), (538.2, 659.9), (578.2, 659.3), (618.2, 659.0), (658.2, 659.9), (698.2, 659.3), (738.2, 659.0), (778.2, 659.9), (818.2, 659.3), (858.2, 659.0), (898.2, 659.9), (938.2, 659.3), (978.2, 659.0), (1015.0, 659.9), (1015.0, 659.3), (1015.0, 659.0), (1015.0, 659.9), (1015.0, 659.3), (1015.0, 659.0), (1015.0, 659.9), (1015.0, 659.3), (1015.0, 659.0), (1015.0, 659.9), (1015.0, 659.3), (1015.0, 659.0), (1015.0, 659.9), (1015.0, 659.3), (1015.0, 659.0), (1015.0, 659.9), (1015.0, 659.3), (1015.0, 659.0), (1015.0, 659.9), (1015.0, 659.3), (1015.0, 659.0), (1015.0, 659.9), (1015.0, 659.3), (1015.0, 659.0), (1015.0, 659.9), (1015.0, 659.3), (1015.0, 659.0), (1015.0, 659.9), (1015.0, 659.3), (1015.0, 659.0), (1015.0, 659.9), (1015.0, 659.3), (1015.0, 659.0), (1015.0, 659.9), (1015.0, 659.3)]",0,7.8
novice,meatboy,10,Stuck,1,0,133.31,0.961,"[(73.0, 653.0), (98.2, 659.3), (138.2, 659.0), (178.2, 659.9), (218.2, 659.3), (258.2, 659.0), (298.2, 659.9), (338.2, 659.3), (378.2, 659.0), (418.2, 659.9), (458.2, 659.3), (498.2, 659.0), (538.2, 659.9), (578.2, 659.3), (618.2, 659.0), (658.2, 659.9), (698.2, 659.3), (738.2, 659.0), (778.2, 659.9), (818.2, 659.3), (858.2, 659.0), (898.2, 659.9), (938.2, 659.3), (978.2, 659.0), (1015.0, 659.9), (1015.0, 659.3), (1015.0, 659.0), (1015.0, 659.9), (1015.0, 659.3), (1015.0, 659.0), (1015.0, 659.9), (1015.0, 659.3), (1015.0, 659.0), (1015.0, 659.9), (1015.0, 659.3), (1015.0, 659.0), (1015.0, 659.9), (1015.0, 659.3), (1015.0, 659.0), (1015.0, 659.9), (1015.0, 659.3), (1015.0, 659.0), (1015.0, 659.9), (1015.0, 659.3), (1015.0, 659.0), (1015.0, 659.9), (1015.0, 659.3), (1015.0, 659.0), (1015.0, 659.9), (1015.0, 659.3), (1015.0, 659.0), (1015.0, 659.9), (1015.0, 659.3), (1015.0, 659.0), (1015.0, 659.9), (1015.0, 659.3), (1015.0, 659.0), (1015.0, 659.9), (1015.0, 659.3)]",0,7.8
novice,meatboy,10,Stuck,1,0,133.31,0.961,"[(73.0, 653.0), (98.2, 659.3), (138.2, 659.0), (178.2, 659.9), (218.2, 659.3), (258.2, 659.0), (298.2, 659.9), (338.2, 659.3), (378.2, 659.0), (418.2, 659.9), (458.2, 659.3), (498.2, 659.0), (538.2, 659.9), (578.2, 659.3), (618.2, 659.0), (658.2, 659.9), (698.2, 659.3), (738.2, 659.0), (778.2, 659.9), (818.2, 659.3), (858.2, 659.0), (898.2, 659.9), (938.2, 659.3), (978.2, 659.0), (1015.0, 659.9), (1015.0, 659.3), (1015.0, 659.0), (1015.0, 659.9), (1015.0, 659.3), (1015.0, 659.0), (1015.0, 659.9), (1015.0, 659.3), (1015.0, 659.0), (1015.0, 659.9), (1015.0, 659.3), (1015.0, 659.0), (1015.0, 659.9), (1015.0, 659.3), (1015.0, 659.0), (1015.0, 659.9), (1015.0, 659.3), (1015.0, 659.0), (1015.0, 659.9), (1015.0, 659.3), (1015.0, 659.0), (1015.0, 659.9), (1015.0, 659.3), (1015.0, 659.0), (1015.0, 659.9), (1015.0, 659.3), (1015.0, 659.0), (1015.0, 659.9), (1015.0, 659.3), (1015.0, 659.0), (1015.0, 659.9), (1015.0, 659.3), (1015.0, 659.0), (1015.0, 659.9), (1015.0, 659.3)]",0,7.8
novice,meatboy,10,Stuck,2,0,124.97,0.961,"[(73.0, 653.0), (98.2, 659.3), (138.2, 659.0), (178.2, 659.9), (218.2, 659.3), (258.2, 659.0), (298.2, 659.9), (338.2, 659.3), (378.2, 659.0), (418.2, 659.9), (458.2, 659.3), (498.2, 659.0), (538.2, 659.9), (578.2, 659.3), (618.2, 659.0), (658.2, 659.9), (698.2, 659.3), (738.2, 659.0), (778.2, 659.9), (818.2, 659.3), (858.2, 659.0), (898.2, 659.9), (938.2, 659.3), (962.6, 652.2), (983.0, 601.1), (978.7, 568.9), (980.8, 555.6), (983.0, 561.1), (983.0, 585.4), (983.0, 624.2), (985.2, 659.0), (1015.0, 659.9), (1015.0, 659.3), (1015.0, 659.0), (1015.0, 659.9), (1015.0, 659.3), (1015.0, 659.0), (1015.0, 659.9), (1015.0, 659.3), (1015.0, 659.0), (1015.0, 659.9), (1015.0, 659.3), (1015.0, 659.0), (1015.0, 659.9), (1015.0, 659.3), (1015.0, 659.0), (1015.0, 659.9), (1015.0, 659.3), (1015.0, 659.0), (1015.0, 659.9), (1015.0, 659.3), (1015.0, 659.0), (1015.0, 659.9), (1015.0, 659.3), (1015.0, 659.0), (1015.0, 659.9), (1015.0, 659.3), (1015.0, 659.0), (1015.0, 659.9), (1015.0, 659.3), (1015.0, 659.0), (1015.0, 659.9), (1015.0, 659.3)]",0,8.3
novice,meatboy,10,Stuck,12,0,14.12,0.158,"[(73.0, 653.0), (91.0, 659.3), (62.0, 630.8), (53.8, 586.9), (87.0, 577.5), (127.0, 586.9), (151.7, 615.2), (171.2, 659.0), (168.9, 659.9), (152.0, 621.0), (180.5, 631.6), (220.5, 659.0), (227.0, 659.9), (188.8, 644.8), (169.1, 623.9), (194.6, 644.0), (228.7, 659.3), (202.9, 659.0), (167.2, 621.0), (170.6, 631.6), (208.6, 659.0), (215.1, 659.9), (179.1, 624.3), (176.7, 629.2), (212.7, 656.3), (227.2, 659.3), (191.0, 652.2), (166.2, 622.8), (186.7, 640.4), (224.8, 659.0), (205.1, 659.9), (175.9, 621.9), (190.8, 637.2), (230.8, 659.9), (219.1, 659.3), (179.8, 630.8), (171.6, 627.2), (204.8, 651.9), (226.6, 659.0), (193.2, 659.9), (164.0, 621.9), (178.9, 637.2), (218.9, 659.9), (207.2, 659.3), (174.4, 621.3), (183.6, 634.2), (222.9, 659.3), (220.7, 659.0), (181.3, 637.6)]",0,6.48
novice,meatboy,10,Stuck,1,0,-6.32,0.039,"[(73.0, 653.0), (91.0, 659.3), (61.3, 659.0), (41.0, 659.9), (41.0, 659.3), (41.0, 659.0), (41.0, 659.9), (41.0, 659.3), (41.0, 659.0), (41.0, 659.9), (41.0, 659.3), (41.0, 659.0), (41.0, 659.9), (41.0, 659.3), (41.0, 659.0), (41.0, 659.9), (41.0, 659.3), (41.0, 659.0), (41.0, 659.9), (41.0, 659.3), (41.0, 659.0), (41.0, 659.9), (41.0, 659.3), (41.0, 659.0), (41.0, 659.9), (41.0, 659.3), (41.0, 659.0), (41.0, 659.9), (41.0, 659.3), (41.0, 659.0), (41.0, 659.9), (41.0, 659.3), (41.0, 659.0), (41.0, 659.9), (41.0, 659.3), (41.0, 659.0), (41.0, 659.9), (41.0, 659.3)]",0,5.02
novice,meatboy,10,Stuck,5,0,116.34,0.962,"[(73.0, 653.0), (98.2, 659.3), (122.6, 659.0), (141.5, 659.9), (160.4, 659.3), (175.4, 659.0), (186.5, 659.9), (201.1, 659.3), (240.9, 659.0), (280.9, 659.9), (320.9, 659.3), (360.9, 659.0), (400.9, 659.9), (440.9, 659.3), (480.9, 659.0), (520.9, 659.9), (560.9, 659.3), (600.9, 659.0), (640.9, 659.9), (680.9, 659.3), (720.9, 659.0), (760.9, 659.9), (800.9, 659.3), (840.9, 659.0), (880.9, 659.9), (920.9, 659.3), (938.0, 630.8), (976.7, 586.9), (980.8, 561.7), (972.7, 545.8), (905.7, 497.6), (935.2, 495.3), (975.2, 511.8), (983.0, 546.5), (983.0, 586.2), (983.0, 625.9), (985.2, 659.3), (1012.3, 659.0), (1015.0, 659.2), (1015.0, 659.3), (1015.0, 659.0), (1015.0, 659.9), (1015.0, 659.3), (1015.0, 659.0), (1015.0, 659.9), (1015.0, 659.3), (1015.0, 659.0), (1015.0, 659.9), (1015.0, 659.3), (1015.0, 659.0), (1015.0, 659.9), (1015.0, 659.3), (1015.0, 659.0), (1015.0, 659.9), (1015.0, 659.3), (1015.0, 659.0), (1015.0, 659.9), (1015.0, 659.3), (1015.0, 659.0), (1015.0, 659.9), (1015.0, 659.3), (1015.0, 659.0), (1015.0, 659.9), (1015.0, 659.3), (1015.0, 659.0), (1015.0, 659.9), (1015.0, 659.3), (1015.0, 659.0)]",0,8.95
novice,meatboy,10,Stuck,4,0,119.55,0.962,"[(73.0, 653.0), (98.2, 659.3), (138.2, 659.0), (178.2, 659.9), (218.2, 659.3), (258.2, 659.0), (298.2, 659.9), (338.2, 659.3), (378.2, 659.0), (418.2, 659.9), (458.2, 659.3), (498.2, 659.0), (538.2, 659.9), (578.2, 659.3), (618.2, 659.0), (658.2, 659.9), (698.2, 659.3), (738.2, 659.0), (778.2, 659.9), (818.2, 659.3), (858.2, 659.0), (898.2, 659.9), (938.2, 659.3), (962.6, 652.2), (983.0, 601.1), (978.7, 568.9), (980.8, 555.6), (983.0, 561.1), (905.0, 505.1), (930.2, 500.4), (970.2, 514.6), (983.7, 547.4), (983.7, 587.1), (983.7, 626.8), (987.3, 659.3), (1015.7, 659.0), (1015.7, 659.9), (1015.7, 659.3), (1015.7, 659.0), (1015.7, 659.9), (1015.7, 659.3), (1015.7, 659.0), (1015.7, 659.9), (1015.7, 659.3), (1015.7, 659.0), (1015.7, 659.9), (1015.7, 659.3), (1015.7, 659.0), (1015.7, 659.9), (1015.7, 659.3), (1015.7, 659.0), (1015.7, 659.9), (1015.7, 659.3), (1015.7, 659.0), (1015.7, 659.9), (1015.7, 659.3), (1015.7, 659.0), (1015.7, 659.9), (1015.7, 659.3), (1015.7, 659.0), (1015.7, 659.9), (1015.7, 659.3), (1015.7, 659.0), (1015.7, 659.9), (1015.7, 659.3), (1015.7, 659.0)]",0,8.7
novice,meatboy,10,Stuck,16,0,93.01,0.807,"[(73.0, 653.0), (98.2, 659.3), (112.6, 652.2), (121.8, 601.1), (151.7, 568.9), (171.2, 555.6), (211.2, 561.1), (251.2, 563.0), (291.2, 563.9), (331.2, 571.2), (371.2, 598.3), (411.2, 644.3), (451.2, 659.9), (491.2, 659.3), (531.2, 659.0), (571.2, 659.9), (611.2, 659.3), (651.2, 659.0), (691.2, 659.9), (731.2, 659.3), (771.2, 659.0), (811.2, 659.9), (851.2, 659.3), (891.2, 659.0), (931.2, 659.9), (947.3, 624.3), (983.0, 608.8), (921.0, 557.0), (864.3, 527.0), (853.9, 529.4), (885.8, 550.6), (925.8, 590.6), (965.8, 649.6), (983.0, 636.8), (980.8, 590.4), (980.8, 562.9), (983.0, 554.3), (983.0, 564.5), (983.0, 593.5), (921.0, 551.6), (864.3, 521.6), (853.9, 524.0), (885.8, 545.2), (925.8, 585.3), (965.8, 644.2), (983.0, 636.8), (980.8, 590.4), (980.8, 562.9), (983.0, 554.3), (983.0, 564.5), (983.0, 593.5), (921.0, 551.6), (864.3, 521.6), (853.9, 524.0), (885.8, 545.2), (925.8, 585.3), (965.8, 644.2), (983.0, 636.8), (980.8, 590.4), (980.8, 562.9), (983.0, 554.3), (983.0, 564.5), (983.0, 593.5), (921.0, 551.6), (864.3, 521.6)]",0,8.63
novice,meatboy,10,Stuck,17,0,79.09,0.757,"[(73.0, 653.0), (91.0, 659.3), (73.2, 615.9), (93.0, 608.8), (133.0, 620.6), (173.0, 651.3), (191.8, 659.0), (198.2, 628.7), (235.8, 631.1), (275.8, 652.3), (315.8, 659.0), (355.8, 659.9), (395.8, 659.3), (435.8, 659.0), (475.8, 659.9), (515.8, 659.3), (555.8, 659.0), (570.3, 659.9), (568.4, 659.3), (587.7, 629.0), (627.7, 631.4), (667.7, 652.6), (707.7, 659.0), (747.7, 659.9), (787.7, 659.3), (827.7, 659.0), (867.7, 659.9), (907.7, 659.3), (941.9, 659.0), (963.6, 630.0), (943.0, 600.6), (847.2, 540.9), (795.4, 525.5), (789.8, 532.6), (824.4, 558.5), (864.4, 603.3), (904.4, 659.0), (938.6, 659.9), (960.2, 629.7), (943.0, 600.3), (847.2, 540.6), (795.4, 525.2), (789.8, 532.3), (824.4, 558.2), (864.4, 603.0), (904.4, 659.0), (938.6, 659.9), (960.2, 629.7), (943.0, 600.3), (847.2, 540.6), (795.4, 525.2), (789.8, 532.3), (824.4, 558.2), (864.4, 603.0), (904.4, 659.0), (938.6, 659.9), (960.2, 629.7), (943.0, 600.3), (847.2, 540.6), (795.4, 525.2), (789.8, 532.3), (824.4, 558.2), (864.4, 603.0), (904.4, 659.0), (938.6, 659.9), (960.2, 629.7), (943.0, 600.3), (847.2, 540.6)]",0,9.05
novice,meatboy,10,Stuck,1,0,133.31,0.961,"[(73.0, 653.0), (98.2, 659.3), (138.2, 659.0), (178.2, 659.9), (218.2, 659.3), (258.2, 659.0), (298.2, 659.9), (338.2, 659.3), (378.2, 659.0), (418.2, 659.9), (458.2, 659.3), (498.2, 659.0), (538.2, 659.9), (578.2, 659.3), (618.2, 659.0), (658.2, 659.9), (698.2, 659.3), (738.2, 659.0), (778.2, 659.9), (818.2, 659.3), (858.2, 659.0), (898.2, 659.9), (938.2, 659.3), (978.2, 659.0), (1015.0, 659.9), (1015.0, 659.3), (1015.0, 659.0), (1015.0, 659.9), (1015.0, 659.3), (1015.0, 659.0), (1015.0, 659.9), (1015.0, 659.3), (1015.0, 659.0), (1015.0, 659.9), (1015.0, 659.3), (1015.0, 659.0), (1015.0, 659.9), (1015.0, 659.3), (1015.0, 659.0), (1015.0, 659.9), (1015.0, 659.3), (1015.0, 659.0), (1015.0, 659.9), (1015.0, 659.3), (1015.0, 659.0), (1015.0, 659.9), (1015.0, 659.3), (1015.0, 659.0), (1015.0, 659.9), (1015.0, 659.3), (1015.0, 659.0), (1015.0, 659.9), (1015.0, 659.3), (1015.0, 659.0), (1015.0, 659.9), (1015.0, 659.3), (1015.0, 659.0), (1015.0, 659.9), (1015.0, 659.3)]",0,7.8
novice,meatboy,10,Stuck,0,0,133.23,0.962,"[(73.0, 653.0), (98.2, 659.3), (138.2, 659.0), (178.2, 659.9), (218.2, 659.3), (258.2, 659.0), (298.2, 659.9), (338.2, 659.3), (378.2, 659.0), (418.2, 659.9), (458.2, 659.3), (498.2, 659.0), (538.2, 659.9), (578.2, 659.3), (618.2, 659.0), (658.2, 659.9), (698.2, 659.3), (738.2, 659.0), (778.2, 659.9), (818.2, 659.3), (858.2, 659.0), (898.2, 659.9), (938.2, 659.3), (976.2, 659.0), (994.0, 659.9), (1015.7, 659.3), (1015.7, 659.0), (1015.7, 659.9), (1015.7, 659.3), (1015.7, 659.0), (1015.7, 659.9), (1015.7, 659.3), (1015.7, 659.0), (1015.7, 659.9), (1015.7, 659.3), (1015.7, 659.0), (1015.7, 659.9), (1015.7, 659.3), (1015.7, 659.0), (1015.7, 659.9), (1015.7, 659.3), (1015.7, 659.0), (1015.7, 659.9), (1015.7, 659.3), (1015.7, 659.0), (1015.7, 659.9), (1015.7, 659.3), (1015.7, 659.0), (1015.7, 659.9), (1015.7, 659.3), (1015.7, 659.0), (1015.7, 659.9), (1015.7, 659.3), (1015.7, 659.0), (1015.7, 659.9), (1015.7, 659.3), (1015.7, 659.0), (1015.7, 659.9), (1015.7, 659.3)]",0,7.8
novice,meatboy,10,Stuck,24,0,73.17,0.931,"[(73.0, 653.0), (91.0, 659.3), (107.8, 612.1), (147.8, 592.3), (151.7, 597.1), (140.7, 607.3), (62.3, 542.9), (48.2, 502.9), (86.2, 498.2), (87.7, 512.3), (97.8, 545.3), (137.2, 597.2), (161.8, 659.0), (174.2, 623.4), (213.7, 629.2), (253.7, 656.3), (293.7, 659.3), (333.7, 659.0), (373.7, 659.9), (413.7, 659.3), (453.7, 659.0), (493.7, 659.9), (533.7, 659.3), (573.7, 659.0), (613.7, 659.9), (653.7, 659.3), (693.7, 659.0), (733.7, 659.9), (773.7, 659.3), (813.7, 659.0), (853.7, 659.9), (893.7, 659.3), (933.7, 659.0), (952.6, 637.6), (983.7, 591.3), (983.7, 563.8), (983.7, 555.2), (983.7, 565.4), (972.7, 580.4), (894.3, 525.3), (855.0, 538.2), (861.9, 570.1), (900.8, 620.7), (940.8, 659.0), (957.9, 630.2), (983.0, 586.3), (983.0, 561.1), (983.0, 554.8), (983.0, 567.4), (962.3, 570.7), (886.9, 508.7), (883.8, 473.8), (923.2, 471.4), (963.2, 488.0), (983.0, 523.3), (902.5, 456.6), (857.4, 408.7), (858.5, 401.4), (895.8, 423.8), (935.8, 465.0), (975.8, 525.1), (962.3, 544.4), (886.9, 482.4), (853.3, 439.2), (866.0, 419.8), (905.8, 422.2), (945.8, 443.4), (983.0, 483.5), (972.7, 515.0), (894.3, 450.6), (855.0, 405.1), (861.9, 403.2), (900.8, 427.9), (940.8, 471.5), (980.8, 533.9), (952.0, 535.7), (880.2, 476.0), (852.4, 435.2), (870.8, 419.1), (910.8, 423.8), (950.8, 447.4), (983.7, 488.4), (962.3, 505.9), (886.9, 443.9), (853.3, 400.8), (866.0, 405.2), (905.8, 432.3), (945.8, 478.3), (983.0, 543.0), (941.7, 527.2), (874.2, 469.9), (852.2, 431.4), (875.8, 418.6), (915.8, 425.7), (955.8, 451.7)]",0,12.63
novice,meatboy,10,Stuck,1,0,120.66,0.96,"[(73.0, 653.0), (98.2, 659.3), (138.2, 659.0), (178.2, 659.9), (218.2, 659.3), (258.2, 659.0), (298.2, 659.9), (338.2, 659.3), (378.2, 659.0), (418.2, 659.9), (458.2, 659.3), (498.2, 659.0), (538.2, 659.9), (578.2, 659.3), (618.2, 659.0), (658.2, 659.9), (698.2, 659.3), (738.2, 659.0), (778.2, 659.9), (818.2, 659.3), (858.2, 659.0), (898.2, 659.9), (938.2, 659.3), (978.2, 659.0), (1007.5, 659.9), (1014.2, 659.3), (1014.2, 659.0), (1014.2, 659.9), (1014.2, 659.3), (1014.2, 659.0), (1014.2, 659.9), (1014.2, 659.3), (1014.2, 659.0), (1014.2, 659.9), (1014.2, 659.3), (1014.2, 659.0), (1014.2, 659.9), (1014.2, 659.3), (1014.2, 659.0), (1014.2, 659.9), (1014.2, 659.3), (1014.2, 659.0), (1014.2, 659.9), (1014.2, 659.3), (1014.2, 659.0), (1014.2, 659.9), (1014.2, 659.3), (1014.2, 659.0), (1014.2, 659.9), (1014.2, 659.3), (1014.2, 659.0), (1014.2, 659.9), (1014.2, 659.3), (1014.2, 659.0), (1014.2, 659.9), (1014.2, 659.3), (1014.2, 659.0), (1014.2, 659.9), (1014.2, 659.3)]",0,7.8
novice,meatboy,10,Stuck,4,0,116.32,0.962,"[(73.0, 653.0), (98.2, 659.3), (136.2, 659.0), (154.0, 659.9), (194.0, 659.3), (234.0, 659.0), (274.0, 659.9), (314.0, 659.3), (354.0, 659.0), (394.0, 659.9), (434.0, 659.3), (474.0, 659.0), (514.0, 659.9), (554.0, 659.3), (594.0, 659.0), (634.0, 659.9), (674.0, 659.3), (714.0, 659.0), (754.0, 659.9), (794.0, 659.3), (834.0, 659.0), (874.0, 659.9), (914.0, 659.3), (954.0, 659.0), (972.8, 659.9), (976.7, 624.3), (983.0, 582.7), (983.0, 559.9), (983.0, 556.0), (983.0, 570.9), (921.0, 525.7), (920.2, 495.7), (960.2, 498.1), (983.7, 519.3), (983.7, 556.8), (983.7, 596.5), (983.7, 636.2), (993.8, 659.0), (1015.7, 659.9), (1015.7, 659.3), (1015.7, 659.0), (1015.7, 659.9), (1015.7, 659.3), (1015.7, 659.0), (1015.7, 659.9), (1015.7, 659.3), (1015.7, 659.0), (1015.7, 659.9), (1015.7, 659.3), (1015.7, 659.0), (1015.7, 659.9), (1015.7, 659.3), (1015.7, 659.0), (1015.7, 659.9), (1015.7, 659.3), (1015.7, 659.0), (1015.7, 659.9), (1015.7, 659.3), (1015.7, 659.0), (1015.7, 659.9), (1015.7, 659.3), (1015.7, 659.0), (1015.7, 659.9), (1015.7, 659.3), (1015.7, 659.0), (1015.7, 659.9), (1015.7, 659.3), (1015.7, 659.0)]",0,9.03
novice,meatboy,10,Stuck,1,0,79.43,0.961,"[(73.0, 653.0), (98.2, 659.3), (122.6, 659.0), (128.5, 659.9), (129.3, 659.3), (128.6, 659.0), (134.5, 659.9), (135.3, 659.3), (134.6, 659.0), (140.5, 659.9), (141.3, 659.3), (140.6, 659.0), (146.5, 659.9), (147.3, 659.3), (146.6, 659.0), (152.5, 659.9), (153.3, 659.3), (152.6, 659.0), (158.5, 659.9), (159.3, 659.3), (158.6, 659.0), (164.5, 659.9), (165.3, 659.3), (164.6, 659.0), (170.5, 659.9), (171.3, 659.3), (170.6, 659.0), (176.5, 659.9), (177.3, 659.3), (176.6, 659.0), (182.5, 659.9), (183.3, 659.3), (182.6, 659.0), (188.5, 659.9), (189.3, 659.3), (188.6, 659.0), (194.5, 659.9), (195.3, 659.3), (194.6, 659.0), (226.0, 659.9), (266.0, 659.3), (306.0, 659.0), (346.0, 659.9), (386.0, 659.3), (426.0, 659.0), (466.0, 659.9), (506.0, 659.3), (546.0, 659.0), (586.0, 659.9), (626.0, 659.3), (666.0, 659.0), (706.0, 659.9), (746.0, 659.3), (786.0, 659.0), (826.0, 659.9), (866.0, 659.3), (906.0, 659.0), (934.3, 659.9), (938.8, 659.3), (943.4, 659.0), (941.6, 659.9), (944.8, 659.3), (949.4, 659.0), (947.6, 659.9), (950.8, 659.3), (955.4, 659.0), (953.6, 659.9), (956.8, 659.3), (961.4, 659.0), (959.6, 659.9), (962.8, 659.3), (967.4, 659.0), (965.6, 659.9), (968.8, 659.3), (973.4, 659.0), (971.6, 659.9), (974.8, 659.3), (1009.3, 659.0), (1015.0, 659.9), (1015.0, 659.3), (1015.0, 659.0), (1015.0, 659.9), (1015.0, 659.3), (1015.0, 659.0), (1015.0, 659.9), (1015.0, 659.3), (1015.0, 659.0), (1015.0, 659.9), (1015.0, 659.3), (1015.0, 659.0), (1015.0, 659.9), (1015.0, 659.3), (1015.0, 659.0), (1015.0, 659.9)]",0,12.43
novice,meatboy,10,Stuck,24,0,73.17,0.931,"[(73.0, 653.0), (91.0, 659.3), (107.8, 612.1), (147.8, 592.3), (151.7, 597.1), (140.7, 607.3), (62.3, 542.9), (48.2, 502.9), (86.2, 498.2), (87.7, 512.3), (97.8, 545.3), (137.2, 597.2), (161.8, 659.0), (174.2, 623.4), (213.7, 629.2), (253.7, 656.3), (293.7, 659.3), (333.7, 659.0), (373.7, 659.9), (413.7, 659.3), (453.7, 659.0), (493.7, 659.9), (533.7, 659.3), (573.7, 659.0), (613.7, 659.9), (653.7, 659.3), (693.7, 659.0), (733.7, 659.9), (773.7, 659.3), (813.7, 659.0), (853.7, 659.9), (893.7, 659.3), (933.7, 659.0), (952.6, 637.6), (983.7, 591.3), (983.7, 563.8), (983.7, 555.2), (983.7, 565.4), (972.7, 580.4), (894.3, 525.3), (855.0, 538.2), (861.9, 570.1), (900.8, 620.7), (940.8, 659.0), (957.9, 630.2), (983.0, 586.3), (983.0, 561.1), (983.0, 554.8), (983.0, 567.4), (962.3, 570.7), (886.9, 508.7), (883.8, 473.8), (923.2, 471.4), (963.2, 488.0), (983.0, 523.3), (902.5, 456.6), (857.4, 408.7), (858.5, 401.4), (895.8, 423.8), (935.8, 465.0), (975.8, 525.1), (962.3, 544.4), (886.9, 482.4), (853.3, 439.2), (866.0, 419.8), (905.8, 422.2), (945.8, 443.4), (983.0, 483.5), (972.7, 515.0), (894.3, 450.6), (855.0, 405.1), (861.9, 403.2), (900.8, 427.9), (940.8, 471.5), (980.8, 533.9), (952.0, 535.7), (880.2, 476.0), (852.4, 435.2), (870.8, 419.1), (910.8, 423.8), (950.8, 447.4), (983.7, 488.4), (962.3, 505.9), (886.9, 443.9), (853.3, 400.8), (866.0, 405.2), (905.8, 432.3), (945.8, 478.3), (983.0, 543.0), (941.7, 527.2), (874.2, 469.9), (852.2, 431.4), (875.8, 418.6), (915.8, 425.7), (955.8, 451.7)]",0,12.63
novice,meatboy,10,Stuck,4,0,116.32,0.962,"[(73.0, 653.0), (98.2, 659.3), (136.2, 659.0), (154.0, 659.9), (194.0, 659.3), (234.0, 659.0), (274.0, 659.9), (314.0, 659.3), (354.0, 659.0), (394.0, 659.9), (434.0, 659.3), (474.0, 659.0), (514.0, 659.9), (554.0, 659.3), (594.0, 659.0), (634.0, 659.9), (674.0, 659.3), (714.0, 659.0), (754.0, 659.9), (794.0, 659.3), (834.0, 659.0), (874.0, 659.9), (914.0, 659.3), (954.0, 659.0), (972.8, 659.9), (976.7, 624.3), (983.0, 582.7), (983.0, 559.9), (983.0, 556.0), (983.0, 570.9), (921.0, 525.7), (920.2, 495.7), (960.2, 498.1), (983.7, 519.3), (983.7, 556.8), (983.7, 596.5), (983.7, 636.2), (993.8, 659.0), (1015.7, 659.9), (1015.7, 659.3), (1015.7, 659.0), (1015.7, 659.9), (1015.7, 659.3), (1015.7, 659.0), (1015.7, 659.9), (1015.7, 659.3), (1015.7, 659.0), (1015.7, 659.9), (1015.7, 659.3), (1015.7, 659.0), (1015.7, 659.9), (1015.7, 659.3), (1015.7, 659.0), (1015.7, 659.9), (1015.7, 659.3), (1015.7, 659.0), (1015.7, 659.9), (1015.7, 659.3), (1015.7, 659.0), (1015.7, 659.9), (1015.7, 659.3), (1015.7, 659.0), (1015.7, 659.9), (1015.7, 659.3), (1015.7, 659.0), (1015.7, 659.9), (1015.7, 659.3), (1015.7, 659.0)]",0,9.03
novice,meatboy,10,Stuck,4,0,119.55,0.962,"[(73.0, 653.0), (98.2, 659.3), (138.2, 659.0), (178.2, 659.9), (218.2, 659.3), (258.2, 659.0), (298.2, 659.9), (338.2, 659.3), (378.2, 659.0), (418.2, 659.9), (458.2, 659.3), (498.2, 659.0), (538.2, 659.9), (578.2, 659.3), (618.2, 659.0), (658.2, 659.9), (698.2, 659.3), (738.2, 659.0), (778.2, 659.9), (818.2, 659.3), (858.2, 659.0), (898.2, 659.9), (938.2, 659.3), (962.6, 652.2), (983.0, 601.1), (978.7, 568.9), (980.8, 555.6), (983.0, 561.1), (905.0, 505.1), (930.2, 500.4), (970.2, 514.6), (983.7, 547.4), (983.7, 587.1), (983.7, 626.8), (987.3, 659.3), (1015.7, 659.0), (1015.7, 659.9), (1015.7, 659.3), (1015.7, 659.0), (1015.7, 659.9), (1015.7, 659.3), (1015.7, 659.0), (1015.7, 659.9), (1015.7, 659.3), (1015.7, 659.0), (1015.7, 659.9), (1015.7, 659.3), (1015.7, 659.0), (1015.7, 659.9), (1015.7, 659.3), (1015.7, 659.0), (1015.7, 659.9), (1015.7, 659.3), (1015.7, 659.0), (1015.7, 659.9), (1015.7, 659.3), (1015.7, 659.0), (1015.7, 659.9), (1015.7, 659.3), (1015.7, 659.0), (1015.7, 659.9), (1015.7, 659.3), (1015.7, 659.0), (1015.7, 659.9), (1015.7, 659.3), (1015.7, 659.0)]",0,8.7
novice,meatboy,10,Stuck,5,0,116.34,0.962,"[(73.0, 653.0), (98.2, 659.3), (122.6, 659.0), (141.5, 659.9), (160.4, 659.3), (175.4, 659.0), (186.5, 659.9), (201.1, 659.3), (240.9, 659.0), (280.9, 659.9), (320.9, 659.3), (360.9, 659.0), (400.9, 659.9), (440.9, 659.3), (480.9, 659.0), (520.9, 659.9), (560.9, 659.3), (600.9, 659.0), (640.9, 659.9), (680.9, 659.3), (720.9, 659.0), (760.9, 659.9), (800.9, 659.3), (840.9, 659.0), (880.9, 659.9), (920.9, 659.3), (938.0, 630.8), (976.7, 586.9), (980.8, 561.7), (972.7, 545.8), (905.7, 497.6), (935.2, 495.3), (975.2, 511.8), (983.0, 546.5), (983.0, 586.2), (983.0, 625.9), (985.2, 659.3), (1012.3, 659.0), (1015.0, 659.2), (1015.0, 659.3), (1015.0, 659.0), (1015.0, 659.9), (1015.0, 659.3), (1015.0, 659.0), (1015.0, 659.9), (1015.0, 659.3), (1015.0, 659.0), (1015.0, 659.9), (1015.0, 659.3), (1015.0, 659.0), (1015.0, 659.9), (1015.0, 659.3), (1015.0, 659.0), (1015.0, 659.9), (1015.0, 659.3), (1015.0, 659.0), (1015.0, 659.9), (1015.0, 659.3), (1015.0, 659.0), (1015.0, 659.9), (1015.0, 659.3), (1015.0, 659.0), (1015.0, 659.9), (1015.0, 659.3), (1015.0, 659.0), (1015.0, 659.9), (1015.0, 659.3), (1015.0, 659.0)]",0,8.95
novice,meatboy,10,Stuck,1,0,132.9,0.961,"[(73.0, 653.0), (98.2, 659.3), (138.2, 659.0), (178.2, 659.9), (218.2, 659.3), (258.2, 659.0), (298.2, 659.9), (338.2, 659.3), (378.2, 659.0), (418.2, 659.9), (458.2, 659.3), (498.2, 659.0), (538.2, 659.9), (578.2, 659.3), (618.2, 659.0), (658.2, 659.9), (698.2, 659.3), (738.2, 659.0), (778.2, 659.9), (818.2, 659.3), (858.2, 659.0), (898.2, 659.9), (938.2, 659.3), (976.2, 659.0), (984.1, 659.9), (1009.3, 659.3), (1015.0, 659.0), (1015.0, 659.9), (1015.0, 659.3), (1015.0, 659.0), (1015.0, 659.9), (1015.0, 659.3), (1015.0, 659.0), (1015.0, 659.9), (1015.0, 659.3), (1015.0, 659.0), (1015.0, 659.9), (1015.0, 659.3), (1015.0, 659.0), (1015.0, 659.9), (1015.0, 659.3), (1015.0, 659.0), (1015.0, 659.9), (1015.0, 659.3), (1015.0, 659.0), (1015.0, 659.9), (1015.0, 659.3), (1015.0, 659.0), (1015.0, 659.9), (1015.0, 659.3), (1015.0, 659.0), (1015.0, 659.9), (1015.0, 659.3), (1015.0, 659.0), (1015.0, 659.9), (1015.0, 659.3), (1015.0, 659.0), (1015.0, 659.9), (1015.0, 659.3)]",0,7.8
novice,meatboy,10,Stuck,11,0,67.38,0.931,"[(73.0, 653.0), (82.6, 659.3), (82.9, 659.0), (87.3, 659.9), (87.9, 659.3), (88.2, 659.0), (92.7, 659.9), (93.2, 659.3), (93.6, 659.0), (98.0, 659.9), (98.6, 659.3), (98.9, 659.0), (103.3, 659.9), (103.9, 659.3), (104.2, 659.0), (108.7, 659.9), (109.2, 659.3), (109.6, 659.0), (114.0, 659.9), (114.6, 659.3), (114.9, 659.0), (119.3, 659.9), (119.9, 659.3), (120.2, 659.0), (124.7, 659.9), (125.2, 659.3), (125.6, 659.0), (130.0, 659.9), (130.6, 659.3), (130.9, 659.0), (135.3, 659.9), (135.9, 659.3), (136.2, 659.0), (140.7, 659.9), (141.2, 659.3), (141.6, 659.0), (146.0, 659.9), (146.6, 659.3), (146.9, 659.0), (151.3, 659.9), (151.9, 659.3), (152.2, 659.0), (156.7, 659.9), (157.2, 659.3), (157.6, 659.0), (162.0, 637.6), (196.9, 625.4), (236.8, 647.8), (269.7, 659.9), (309.7, 659.3), (349.7, 659.0), (389.7, 659.9), (429.7, 659.3), (469.7, 659.0), (488.6, 637.6), (525.6, 591.3), (565.6, 563.8), (605.6, 555.2), (645.6, 563.0), (662.7, 534.2), (701.4, 490.3), (738.4, 480.9), (759.0, 490.3), (759.7, 518.6), (779.2, 564.4), (818.3, 628.8), (853.3, 659.3), (887.5, 659.0), (909.2, 611.5), (949.2, 574.6), (983.7, 556.6), (980.8, 557.3), (983.0, 577.0), (983.0, 613.7), (983.0, 653.4), (983.7, 636.8), (983.0, 590.4), (983.0, 562.9), (981.6, 554.3), (980.8, 564.5), (983.7, 593.5), (983.7, 633.2), (985.8, 659.9), (983.7, 611.2), (983.7, 574.3), (983.0, 556.3), (983.0, 557.0), (983.7, 576.7), (983.7, 613.4), (983.7, 653.1), (983.0, 636.8), (980.8, 590.4), (980.8, 562.9), (981.6, 554.3), (983.7, 564.5), (983.7, 593.5), (983.7, 633.2), (985.8, 659.9), (983.7, 611.2), (983.7, 574.3), (983.0, 556.3), (983.0, 557.0), (983.7, 576.7), (983.7, 613.4), (983.7, 653.1), (983.0, 636.8)]",0,14.08
novice,meatboy,10,Stuck,3,0,120.59,0.961,"[(73.0, 653.0), (98.2, 659.3), (138.2, 659.0), (178.2, 659.9), (218.2, 659.3), (258.2, 659.0), (298.2, 659.9), (338.2, 659.3), (378.2, 659.0), (418.2, 659.9), (458.2, 659.3), (498.2, 659.0), (538.2, 659.9), (578.2, 659.3), (618.2, 659.0), (658.2, 659.9), (698.2, 659.3), (738.2, 630.8), (778.2, 586.9), (818.2, 561.7), (858.2, 555.4), (898.2, 568.0), (938.2, 599.4), (978.2, 649.6), (997.0, 653.9), (1015.0, 659.0), (1015.0, 659.9), (1015.0, 659.3), (1015.0, 659.0), (1015.0, 659.9), (1015.0, 659.3), (1015.0, 659.0), (1015.0, 659.9), (1015.0, 659.3), (1015.0, 659.0), (1015.0, 659.9), (1015.0, 659.3), (1015.0, 659.0), (1015.0, 659.9), (1015.0, 659.3), (1015.0, 659.0), (1015.0, 659.9), (1015.0, 659.3), (1015.0, 659.0), (1015.0, 659.9), (1015.0, 659.3), (1015.0, 659.0), (1015.0, 659.9), (1015.0, 659.3), (1015.0, 659.0), (1015.0, 659.9), (1015.0, 659.3), (1015.0, 659.0), (1015.0, 659.9), (1015.0, 659.3), (1015.0, 659.0), (1015.0, 659.9), (1015.0, 659.3), (1015.0, 659.0)]",0,7.8
novice,meatboy,10,Stuck,2,0,121.82,0.962,"[(73.0, 653.0), (98.2, 659.3), (115.3, 659.0), (131.2, 659.9), (145.8, 659.3), (178.1, 659.0), (218.1, 659.9), (258.1, 659.3), (298.1, 659.0), (338.1, 659.9), (378.1, 659.3), (418.1, 659.0), (458.1, 659.9), (498.1, 659.3), (538.1, 659.0), (578.1, 659.9), (618.1, 659.3), (658.1, 659.0), (698.1, 659.9), (738.1, 659.3), (778.1, 659.0), (818.1, 659.9), (858.1, 659.3), (898.1, 659.0), (938.1, 659.9), (972.2, 659.3), (983.0, 612.1), (983.0, 575.2), (983.0, 557.1), (983.0, 557.9), (983.0, 577.6), (983.0, 614.3), (983.0, 654.0), (1008.2, 659.0), (1015.7, 659.9), (1015.7, 659.3), (1015.7, 659.0), (1015.7, 659.9), (1015.7, 659.3), (1015.7, 659.0), (1015.7, 659.9), (1015.7, 659.3), (1015.7, 659.0), (1015.7, 659.9), (1015.7, 659.3), (1015.7, 659.0), (1015.7, 659.9), (1015.7, 659.3), (1015.7, 659.0), (1015.7, 659.9), (1015.7, 659.3), (1015.7, 659.0), (1015.7, 659.9), (1015.7, 659.3), (1015.7, 659.0), (1015.7, 659.9), (1015.7, 659.3), (1015.7, 659.0), (1015.7, 659.9), (1015.7, 659.3), (1015.7, 659.0), (1015.7, 659.9), (1015.7, 659.3), (1015.7, 659.0), (1015.7, 659.9)]",0,8.6
novice,meatboy,10,Saw,7,0,89.84,0.373,"[(73.0, 653.0), (91.0, 659.3), (62.0, 630.8), (53.8, 586.9), (87.0, 561.7), (127.0, 555.4), (167.0, 563.3), (175.1, 563.0), (174.4, 563.9), (180.3, 563.3), (181.1, 563.0), (180.4, 563.9), (186.3, 563.3), (187.1, 563.0), (186.4, 563.9), (177.6, 541.1), (169.8, 529.4), (203.2, 551.8), (231.6, 563.9), (203.7, 528.3), (201.3, 533.2), (237.3, 560.3), (251.8, 548.8), (248.0, 500.1), (283.4, 482.0), (323.4, 486.8), (363.4, 510.3)]",0,3.57
novice,meatboy,10,Stuck,1,0,120.66,0.96,"[(73.0, 653.0), (98.2, 659.3), (138.2, 659.0), (178.2, 659.9), (218.2, 659.3), (258.2, 659.0), (298.2, 659.9), (338.2, 659.3), (378.2, 659.0), (418.2, 659.9), (458.2, 659.3), (498.2, 659.0), (538.2, 659.9), (578.2, 659.3), (618.2, 659.0), (658.2, 659.9), (698.2, 659.3), (738.2, 659.0), (778.2, 659.9), (818.2, 659.3), (858.2, 659.0), (898.2, 659.9), (938.2, 659.3), (978.2, 659.0), (1007.5, 659.9), (1014.2, 659.3), (1014.2, 659.0), (1014.2, 659.9), (1014.2, 659.3), (1014.2, 659.0), (1014.2, 659.9), (1014.2, 659.3), (1014.2, 659.0), (1014.2, 659.9), (1014.2, 659.3), (1014.2, 659.0), (1014.2, 659.9), (1014.2, 659.3), (1014.2, 659.0), (1014.2, 659.9), (1014.2, 659.3), (1014.2, 659.0), (1014.2, 659.9), (1014.2, 659.3), (1014.2, 659.0), (1014.2, 659.9), (1014.2, 659.3), (1014.2, 659.0), (1014.2, 659.9), (1014.2, 659.3), (1014.2, 659.0), (1014.2, 659.9), (1014.2, 659.3), (1014.2, 659.0), (1014.2, 659.9), (1014.2, 659.3), (1014.2, 659.0), (1014.2, 659.9), (1014.2, 659.3)]",0,7.8
novice,meatboy,10,Stuck,24,0,73.17,0.931,"[(73.0, 653.0), (91.0, 659.3), (107.8, 612.1), (147.8, 592.3), (151.7, 597.1), (140.7, 607.3), (62.3, 542.9), (48.2, 502.9), (86.2, 498.2), (87.7, 512.3), (97.8, 545.3), (137.2, 597.2), (161.8, 659.0), (174.2, 623.4), (213.7, 629.2), (253.7, 656.3), (293.7, 659.3), (333.7, 659.0), (373.7, 659.9), (413.7, 659.3), (453.7, 659.0), (493.7, 659.9), (533.7, 659.3), (573.7, 659.0), (613.7, 659.9), (653.7, 659.3), (693.7, 659.0), (733.7, 659.9), (773.7, 659.3), (813.7, 659.0), (853.7, 659.9), (893.7, 659.3), (933.7, 659.0), (952.6, 637.6), (983.7, 591.3), (983.7, 563.8), (983.7, 555.2), (983.7, 565.4), (972.7, 580.4), (894.3, 525.3), (855.0, 538.2), (861.9, 570.1), (900.8, 620.7), (940.8, 659.0), (957.9, 630.2), (983.0, 586.3), (983.0, 561.1), (983.0, 554.8), (983.0, 567.4), (962.3, 570.7), (886.9, 508.7), (883.8, 473.8), (923.2, 471.4), (963.2, 488.0), (983.0, 523.3), (902.5, 456.6), (857.4, 408.7), (858.5, 401.4), (895.8, 423.8), (935.8, 465.0), (975.8, 525.1), (962.3, 544.4), (886.9, 482.4), (853.3, 439.2), (866.0, 419.8), (905.8, 422.2), (945.8, 443.4), (983.0, 483.5), (972.7, 515.0), (894.3, 450.6), (855.0, 405.1), (861.9, 403.2), (900.8, 427.9), (940.8, 471.5), (980.8, 533.9), (952.0, 535.7), (880.2, 476.0), (852.4, 435.2), (870.8, 419.1), (910.8, 423.8), (950.8, 447.4), (983.7, 488.4), (962.3, 505.9), (886.9, 443.9), (853.3, 400.8), (866.0, 405.2), (905.8, 432.3), (945.8, 478.3), (983.0, 543.0), (941.7, 527.2), (874.2, 469.9), (852.2, 431.4), (875.8, 418.6), (915.8, 425.7), (955.8, 451.7)]",0,12.63
novice,meatboy,10,Stuck,5,0,116.34,0.962,"[(73.0, 653.0), (98.2, 659.3), (122.6, 659.0), (141.5, 659.9), (160.4, 659.3), (175.4, 659.0), (186.5, 659.9), (201.1, 659.3), (240.9, 659.0), (280.9, 659.9), (320.9, 659.3), (360.9, 659.0), (400.9, 659.9), (440.9, 659.3), (480.9, 659.0), (520.9, 659.9), (560.9, 659.3), (600.9, 659.0), (640.9, 659.9), (680.9, 659.3), (720.9, 659.0), (760.9, 659.9), (800.9, 659.3), (840.9, 659.0), (880.9, 659.9), (920.9, 659.3), (938.0, 630.8), (976.7, 586.9), (980.8, 561.7), (972.7, 545.8), (905.7, 497.6), (935.2, 495.3), (975.2, 511.8), (983.0, 546.5), (983.0, 586.2), (983.0, 625.9), (985.2, 659.3), (1012.3, 659.0), (1015.0, 659.2), (1015.0, 659.3), (1015.0, 659.0), (1015.0, 659.9), (1015.0, 659.3), (1015.0, 659.0), (1015.0, 659.9), (1015.0, 659.3), (1015.0, 659.0), (1015.0, 659.9), (1015.0, 659.3), (1015.0, 659.0), (1015.0, 659.9), (1015.0, 659.3), (1015.0, 659.0), (1015.0, 659.9), (1015.0, 659.3), (1015.0, 659.0), (1015.0, 659.9), (1015.0, 659.3), (1015.0, 659.0), (1015.0, 659.9), (1015.0, 659.3), (1015.0, 659.0), (1015.0, 659.9), (1015.0, 659.3), (1015.0, 659.0), (1015.0, 659.9), (1015.0, 659.3), (1015.0, 659.0)]",0,8.95
novice,meatboy,10,Stuck,4,0,119.55,0.962,"[(73.0, 653.0), (98.2, 659.3), (138.2, 659.0), (178.2, 659.9), (218.2, 659.3), (258.2, 659.0), (298.2, 659.9), (338.2, 659.3), (378.2, 659.0), (418.2, 659.9), (458.2, 659.3), (498.2, 659.0), (538.2, 659.9), (578.2, 659.3), (618.2, 659.0), (658.2, 659.9), (698.2, 659.3), (738.2, 659.0), (778.2, 659.9), (818.2, 659.3), (858.2, 659.0), (898.2, 659.9), (938.2, 659.3), (962.6, 652.2), (983.0, 601.1), (978.7, 568.9), (980.8, 555.6), (983.0, 561.1), (905.0, 505.1), (930.2, 500.4), (970.2, 514.6), (983.7, 547.4), (983.7, 587.1), (983.7, 626.8), (987.3, 659.3), (1015.7, 659.0), (1015.7, 659.9), (1015.7, 659.3), (1015.7, 659.0), (1015.7, 659.9), (1015.7, 659.3), (1015.7, 659.0), (1015.7, 659.9), (1015.7, 659.3), (1015.7, 659.0), (1015.7, 659.9), (1015.7, 659.3), (1015.7, 659.0), (1015.7, 659.9), (1015.7, 659.3), (1015.7, 659.0), (1015.7, 659.9), (1015.7, 659.3), (1015.7, 659.0), (1015.7, 659.9), (1015.7, 659.3), (1015.7, 659.0), (1015.7, 659.9), (1015.7, 659.3), (1015.7, 659.0), (1015.7, 659.9), (1015.7, 659.3), (1015.7, 659.0), (1015.7, 659.9), (1015.7, 659.3), (1015.7, 659.0)]",0,8.7
novice,meatboy,10,Stuck,4,0,116.32,0.962,"[(73.0, 653.0), (98.2, 659.3), (136.2, 659.0), (154.0, 659.9), (194.0, 659.3), (234.0, 659.0), (274.0, 659.9), (314.0, 659.3), (354.0, 659.0), (394.0, 659.9), (434.0, 659.3), (474.0, 659.0), (514.0, 659.9), (554.0, 659.3), (594.0, 659.0), (634.0, 659.9), (674.0, 659.3), (714.0, 659.0), (754.0, 659.9), (794.0, 659.3), (834.0, 659.0), (874.0, 659.9), (914.0, 659.3), (954.0, 659.0), (972.8, 659.9), (976.7, 624.3), (983.0, 582.7), (983.0, 559.9), (983.0, 556.0), (983.0, 570.9), (921.0, 525.7), (920.2, 495.7), (960.2, 498.1), (983.7, 519.3), (983.7, 556.8), (983.7, 596.5), (983.7, 636.2), (993.8, 659.0), (1015.7, 659.9), (1015.7, 659.3), (1015.7, 659.0), (1015.7, 659.9), (1015.7, 659.3), (1015.7, 659.0), (1015.7, 659.9), (1015.7, 659.3), (1015.7, 659.0), (1015.7, 659.9), (1015.7, 659.3), (1015.7, 659.0), (1015.7, 659.9), (1015.7, 659.3), (1015.7, 659.0), (1015.7, 659.9), (1015.7, 659.3), (1015.7, 659.0), (1015.7, 659.9), (1015.7, 659.3), (1015.7, 659.0), (1015.7, 659.9), (1015.7, 659.3), (1015.7, 659.0), (1015.7, 659.9), (1015.7, 659.3), (1015.7, 659.0), (1015.7, 659.9), (1015.7, 659.3), (1015.7, 659.0)]",0,9.03
novice,meatboy,10,Stuck,1,0,133.31,0.961,"[(73.0, 653.0), (98.2, 659.3), (138.2, 659.0), (178.2, 659.9), (218.2, 659.3), (258.2, 659.0), (298.2, 659.9), (338.2, 659.3), (378.2, 659.0), (418.2, 659.9), (458.2, 659.3), (498.2, 659.0), (538.2, 659.9), (578.2, 659.3), (618.2, 659.0), (658.2, 659.9), (698.2, 659.3), (738.2, 659.0), (778.2, 659.9), (818.2, 659.3), (858.2, 659.0), (898.2, 659.9), (938.2, 659.3), (978.2, 659.0), (1015.0, 659.9), (1015.0, 659.3), (1015.0, 659.0), (1015.0, 659.9), (1015.0, 659.3), (1015.0, 659.0), (1015.0, 659.9), (1015.0, 659.3), (1015.0, 659.0), (1015.0, 659.9), (1015.0, 659.3), (1015.0, 659.0), (1015.0, 659.9), (1015.0, 659.3), (1015.0, 659.0), (1015.0, 659.9), (1015.0, 659.3), (1015.0, 659.0), (1015.0, 659.9), (1015.0, 659.3), (1015.0, 659.0), (1015.0, 659.9), (1015.0, 659.3), (1015.0, 659.0), (1015.0, 659.9), (1015.0, 659.3), (1015.0, 659.0), (1015.0, 659.9), (1015.0, 659.3), (1015.0, 659.0), (1015.0, 659.9), (1015.0, 659.3), (1015.0, 659.0), (1015.0, 659.9), (1015.0, 659.3)]",0,7.8
novice,meatboy,10,Stuck,1,0,131.97,0.961,"[(73.0, 653.0), (93.8, 659.3), (121.7, 659.0), (151.9, 659.9), (191.9, 659.3), (231.9, 659.0), (271.9, 659.9), (311.9, 659.3), (351.9, 659.0), (391.9, 659.9), (431.9, 659.3), (471.9, 659.0), (511.9, 659.9), (551.9, 659.3), (591.9, 659.0), (631.9, 659.9), (671.9, 659.3), (711.9, 659.0), (751.9, 659.9), (791.9, 659.3), (831.9, 659.0), (871.9, 659.9), (911.9, 659.3), (951.9, 659.0), (985.9, 659.9), (1015.0, 659.3), (1015.7, 659.0), (1015.7, 659.9), (1015.7, 659.3), (1015.7, 659.0), (1015.7, 659.9), (1015.7, 659.3), (1015.7, 659.0), (1015.7, 659.9), (1015.7, 659.3), (1015.7, 659.0), (1015.7, 659.9), (1015.7, 659.3), (1015.7, 659.0), (1015.7, 659.9), (1015.7, 659.3), (1015.7, 659.0), (1015.7, 659.9), (1015.7, 659.3), (1015.7, 659.0), (1015.7, 659.9), (1015.7, 659.3), (1015.7, 659.0), (1015.7, 659.9), (1015.7, 659.3), (1015.7, 659.0), (1015.7, 659.9), (1015.7, 659.3), (1015.7, 659.0), (1015.7, 659.9), (1015.7, 659.3), (1015.7, 659.0), (1015.7, 659.9), (1015.7, 659.3), (1015.7, 659.0)]",0,7.88
novice,meatboy,10,Stuck,1,0,128.82,0.962,"[(73.0, 653.0), (98.2, 659.3), (122.6, 659.0), (141.5, 659.9), (160.4, 659.3), (178.1, 659.0), (218.1, 659.9), (258.1, 659.3), (298.1, 659.0), (338.1, 659.9), (378.1, 659.3), (418.1, 659.0), (458.1, 659.9), (498.1, 659.3), (538.1, 659.0), (578.1, 659.9), (618.1, 659.3), (658.1, 659.0), (698.1, 659.9), (738.1, 659.3), (778.1, 659.0), (818.1, 659.9), (858.1, 659.3), (898.1, 659.0), (938.1, 659.9), (972.2, 659.3), (993.9, 659.0), (1015.7, 659.9), (1015.7, 659.3), (1015.7, 659.0), (1015.7, 659.9), (1015.7, 659.3), (1015.7, 659.0), (1015.7, 659.9), (1015.7, 659.3), (1015.7, 659.0), (1015.7, 659.9), (1015.7, 659.3), (1015.7, 659.0), (1015.7, 659.9), (1015.7, 659.3), (1015.7, 659.0), (1015.7, 659.9), (1015.7, 659.3), (1015.7, 659.0), (1015.7, 659.9), (1015.7, 659.3), (1015.7, 659.0), (1015.7, 659.9), (1015.7, 659.3), (1015.7, 659.0), (1015.7, 659.9), (1015.7, 659.3), (1015.7, 659.0), (1015.7, 659.9), (1015.7, 659.3), (1015.7, 659.0), (1015.7, 659.9), (1015.7, 659.3), (1015.7, 659.0), (1015.7, 659.9)]",0,8.07
novice,meatboy,10,Stuck,1,0,133.23,0.962,"[(73.0, 653.0), (98.2, 659.3), (138.2, 659.0), (178.2, 659.9), (218.2, 659.3), (258.2, 659.0), (298.2, 659.9), (338.2, 659.3), (378.2, 659.0), (418.2, 659.9), (458.2, 659.3), (498.2, 659.0), (538.2, 659.9), (578.2, 659.3), (618.2, 659.0), (658.2, 659.9), (698.2, 659.3), (738.2, 659.0), (778.2, 659.9), (818.2, 659.3), (858.2, 659.0), (898.2, 659.9), (938.2, 659.3), (976.2, 659.0), (994.0, 659.9), (1015.7, 659.3), (1015.7, 659.0), (1015.7, 659.9), (1015.7, 659.3), (1015.7, 659.0), (1015.7, 659.9), (1015.7, 659.3), (1015.7, 659.0), (1015.7, 659.9), (1015.7, 659.3), (1015.7, 659.0), (1015.7, 659.9), (1015.7, 659.3), (1015.7, 659.0), (1015.7, 659.9), (1015.7, 659.3), (1015.7, 659.0), (1015.7, 659.9), (1015.7, 659.3), (1015.7, 659.0), (1015.7, 659.9), (1015.7, 659.3), (1015.7, 659.0), (1015.7, 659.9), (1015.7, 659.3), (1015.7, 659.0), (1015.7, 659.9), (1015.7, 659.3), (1015.7, 659.0), (1015.7, 659.9), (1015.7, 659.3), (1015.7, 659.0), (1015.7, 659.9), (1015.7, 659.3)]",0,7.8
novice,meatboy,10,Stuck,1,0,133.31,0.961,"[(73.0, 653.0), (98.2, 659.3), (138.2, 659.0), (178.2, 659.9), (218.2, 659.3), (258.2, 659.0), (298.2, 659.9), (338.2, 659.3), (378.2, 659.0), (418.2, 659.9), (458.2, 659.3), (498.2, 659.0), (538.2, 659.9), (578.2, 659.3), (618.2, 659.0), (658.2, 659.9), (698.2, 659.3), (738.2, 659.0), (778.2, 659.9), (818.2, 659.3), (858.2, 659.0), (898.2, 659.9), (938.2, 659.3), (978.2, 659.0), (1015.0, 659.9), (1015.0, 659.3), (1015.0, 659.0), (1015.0, 659.9), (1015.0, 659.3), (1015.0, 659.0), (1015.0, 659.9), (1015.0, 659.3), (1015.0, 659.0), (1015.0, 659.9), (1015.0, 659.3), (1015.0, 659.0), (1015.0, 659.9), (1015.0, 659.3), (1015.0, 659.0), (1015.0, 659.9), (1015.0, 659.3), (1015.0, 659.0), (1015.0, 659.9), (1015.0, 659.3), (1015.0, 659.0), (1015.0, 659.9), (1015.0, 659.3), (1015.0, 659.0), (1015.0, 659.9), (1015.0, 659.3), (1015.0, 659.0), (1015.0, 659.9), (1015.0, 659.3), (1015.0, 659.0), (1015.0, 659.9), (1015.0, 659.3), (1015.0, 659.0), (1015.0, 659.9), (1015.0, 659.3)]",0,7.8
novice,meatboy,10,Stuck,1,0,133.31,0.961,"[(73.0, 653.0), (98.2, 659.3), (138.2, 659.0), (178.2, 659.9), (218.2, 659.3), (258.2, 659.0), (298.2, 659.9), (338.2, 659.3), (378.2, 659.0), (418.2, 659.9), (458.2, 659.3), (498.2, 659.0), (538.2, 659.9), (578.2, 659.3), (618.2, 659.0), (658.2, 659.9), (698.2, 659.3), (738.2, 659.0), (778.2, 659.9), (818.2, 659.3), (858.2, 659.0), (898.2, 659.9), (938.2, 659.3), (978.2, 659.0), (1015.0, 659.9), (1015.0, 659.3), (1015.0, 659.0), (1015.0, 659.9), (1015.0, 659.3), (1015.0, 659.0), (1015.0, 659.9), (1015.0, 659.3), (1015.0, 659.0), (1015.0, 659.9), (1015.0, 659.3), (1015.0, 659.0), (1015.0, 659.9), (1015.0, 659.3), (1015.0, 659.0), (1015.0, 659.9), (1015.0, 659.3), (1015.0, 659.0), (1015.0, 659.9), (1015.0, 659.3), (1015.0, 659.0), (1015.0, 659.9), (1015.0, 659.3), (1015.0, 659.0), (1015.0, 659.9), (1015.0, 659.3), (1015.0, 659.0), (1015.0, 659.9), (1015.0, 659.3), (1015.0, 659.0), (1015.0, 659.9), (1015.0, 659.3), (1015.0, 659.0), (1015.0, 659.9), (1015.0, 659.3)]",0,7.8
novice,meatboy,10,Stuck,24,0,73.17,0.931,"[(73.0, 653.0), (91.0, 659.3), (107.8, 612.1), (147.8, 592.3), (151.7, 597.1), (140.7, 607.3), (62.3, 542.9), (48.2, 502.9), (86.2, 498.2), (87.7, 512.3), (97.8, 545.3), (137.2, 597.2), (161.8, 659.0), (174.2, 623.4), (213.7, 629.2), (253.7, 656.3), (293.7, 659.3), (333.7, 659.0), (373.7, 659.9), (413.7, 659.3), (453.7, 659.0), (493.7, 659.9), (533.7, 659.3), (573.7, 659.0), (613.7, 659.9), (653.7, 659.3), (693.7, 659.0), (733.7, 659.9), (773.7, 659.3), (813.7, 659.0), (853.7, 659.9), (893.7, 659.3), (933.7, 659.0), (952.6, 637.6), (983.7, 591.3), (983.7, 563.8), (983.7, 555.2), (983.7, 565.4), (972.7, 580.4), (894.3, 525.3), (855.0, 538.2), (861.9, 570.1), (900.8, 620.7), (940.8, 659.0), (957.9, 630.2), (983.0, 586.3), (983.0, 561.1), (983.0, 554.8), (983.0, 567.4), (962.3, 570.7), (886.9, 508.7), (883.8, 473.8), (923.2, 471.4), (963.2, 488.0), (983.0, 523.3), (902.5, 456.6), (857.4, 408.7), (858.5, 401.4), (895.8, 423.8), (935.8, 465.0), (975.8, 525.1), (962.3, 544.4), (886.9, 482.4), (853.3, 439.2), (866.0, 419.8), (905.8, 422.2), (945.8, 443.4), (983.0, 483.5), (972.7, 515.0), (894.3, 450.6), (855.0, 405.1), (861.9, 403.2), (900.8, 427.9), (940.8, 471.5), (980.8, 533.9), (952.0, 535.7), (880.2, 476.0), (852.4, 435.2), (870.8, 419.1), (910.8, 423.8), (950.8, 447.4), (983.7, 488.4), (962.3, 505.9), (886.9, 443.9), (853.3, 400.8), (866.0, 405.2), (905.8, 432.3), (945.8, 478.3), (983.0, 543.0), (941.7, 527.2), (874.2, 469.9), (852.2, 431.4), (875.8, 418.6), (915.8, 425.7), (955.8, 451.7)]",0,12.63
novice,meatboy,10,Stuck,4,0,116.32,0.962,"[(73.0, 653.0), (98.2, 659.3), (136.2, 659.0), (154.0, 659.9), (194.0, 659.3), (234.0, 659.0), (274.0, 659.9), (314.0, 659.3), (354.0, 659.0), (394.0, 659.9), (434.0, 659.3), (474.0, 659.0), (514.0, 659.9), (554.0, 659.3), (594.0, 659.0), (634.0, 659.9), (674.0, 659.3), (714.0, 659.0), (754.0, 659.9), (794.0, 659.3), (834.0, 659.0), (874.0, 659.9), (914.0, 659.3), (954.0, 659.0), (972.8, 659.9), (976.7, 624.3), (983.0, 582.7), (983.0, 559.9), (983.0, 556.0), (983.0, 570.9), (921.0, 525.7), (920.2, 495.7), (960.2, 498.1), (983.7, 519.3), (983.7, 556.8), (983.7, 596.5), (983.7, 636.2), (993.8, 659.0), (1015.7, 659.9), (1015.7, 659.3), (1015.7, 659.0), (1015.7, 659.9), (1015.7, 659.3), (1015.7, 659.0), (1015.7, 659.9), (1015.7, 659.3), (1015.7, 659.0), (1015.7, 659.9), (1015.7, 659.3), (1015.7, 659.0), (1015.7, 659.9), (1015.7, 659.3), (1015.7, 659.0), (1015.7, 659.9), (1015.7, 659.3), (1015.7, 659.0), (1015.7, 659.9), (1015.7, 659.3), (1015.7, 659.0), (1015.7, 659.9), (1015.7, 659.3), (1015.7, 659.0), (1015.7, 659.9), (1015.7, 659.3), (1015.7, 659.0), (1015.7, 659.9), (1015.7, 659.3), (1015.7, 659.0)]",0,9.03
novice,meatboy,10,Stuck,4,0,119.55,0.962,"[(73.0, 653.0), (98.2, 659.3), (138.2, 659.0), (178.2, 659.9), (218.2, 659.3), (258.2, 659.0), (298.2, 659.9), (338.2, 659.3), (378.2, 659.0), (418.2, 659.9), (458.2, 659.3), (498.2, 659.0), (538.2, 659.9), (578.2, 659.3), (618.2, 659.0), (658.2, 659.9), (698.2, 659.3), (738.2, 659.0), (778.2, 659.9), (818.2, 659.3), (858.2, 659.0), (898.2, 659.9), (938.2, 659.3), (962.6, 652.2), (983.0, 601.1), (978.7, 568.9), (980.8, 555.6), (983.0, 561.1), (905.0, 505.1), (930.2, 500.4), (970.2, 514.6), (983.7, 547.4), (983.7, 587.1), (983.7, 626.8), (987.3, 659.3), (1015.7, 659.0), (1015.7, 659.9), (1015.7, 659.3), (1015.7, 659.0), (1015.7, 659.9), (1015.7, 659.3), (1015.7, 659.0), (1015.7, 659.9), (1015.7, 659.3), (1015.7, 659.0), (1015.7, 659.9), (1015.7, 659.3), (1015.7, 659.0), (1015.7, 659.9), (1015.7, 659.3), (1015.7, 659.0), (1015.7, 659.9), (1015.7, 659.3), (1015.7, 659.0), (1015.7, 659.9), (1015.7, 659.3), (1015.7, 659.0), (1015.7, 659.9), (1015.7, 659.3), (1015.7, 659.0), (1015.7, 659.9), (1015.7, 659.3), (1015.7, 659.0), (1015.7, 659.9), (1015.7, 659.3), (1015.7, 659.0)]",0,8.7
novice,meatboy,10,Stuck,5,0,116.34,0.962,"[(73.0, 653.0), (98.2, 659.3), (122.6, 659.0), (141.5, 659.9), (160.4, 659.3), (175.4, 659.0), (186.5, 659.9), (201.1, 659.3), (240.9, 659.0), (280.9, 659.9), (320.9, 659.3), (360.9, 659.0), (400.9, 659.9), (440.9, 659.3), (480.9, 659.0), (520.9, 659.9), (560.9, 659.3), (600.9, 659.0), (640.9, 659.9), (680.9, 659.3), (720.9, 659.0), (760.9, 659.9), (800.9, 659.3), (840.9, 659.0), (880.9, 659.9), (920.9, 659.3), (938.0, 630.8), (976.7, 586.9), (980.8, 561.7), (972.7, 545.8), (905.7, 497.6), (935.2, 495.3), (975.2, 511.8), (983.0, 546.5), (983.0, 586.2), (983.0, 625.9), (985.2, 659.3), (1012.3, 659.0), (1015.0, 659.2), (1015.0, 659.3), (1015.0, 659.0), (1015.0, 659.9), (1015.0, 659.3), (1015.0, 659.0), (1015.0, 659.9), (1015.0, 659.3), (1015.0, 659.0), (1015.0, 659.9), (1015.0, 659.3), (1015.0, 659.0), (1015.0, 659.9), (1015.0, 659.3), (1015.0, 659.0), (1015.0, 659.9), (1015.0, 659.3), (1015.0, 659.0), (1015.0, 659.9), (1015.0, 659.3), (1015.0, 659.0), (1015.0, 659.9), (1015.0, 659.3), (1015.0, 659.0), (1015.0, 659.9), (1015.0, 659.3), (1015.0, 659.0), (1015.0, 659.9), (1015.0, 659.3), (1015.0, 659.0)]",0,8.95
novice,meatboy,10,Stuck,1,0,133.31,0.961,"[(73.0, 653.0), (98.2, 659.3), (138.2, 659.0), (178.2, 659.9), (218.2, 659.3), (258.2, 659.0), (298.2, 659.9), (338.2, 659.3), (378.2, 659.0), (418.2, 659.9), (458.2, 659.3), (498.2, 659.0), (538.2, 659.9), (578.2, 659.3), (618.2, 659.0), (658.2, 659.9), (698.2, 659.3), (738.2, 659.0), (778.2, 659.9), (818.2, 659.3), (858.2, 659.0), (898.2, 659.9), (938.2, 659.3), (978.2, 659.0), (1015.0, 659.9), (1015.0, 659.3), (1015.0, 659.0), (1015.0, 659.9), (1015.0, 659.3), (1015.0, 659.0), (1015.0, 659.9), (1015.0, 659.3), (1015.0, 659.0), (1015.0, 659.9), (1015.0, 659.3), (1015.0, 659.0), (1015.0, 659.9), (1015.0, 659.3), (1015.0, 659.0), (1015.0, 659.9), (1015.0, 659.3), (1015.0, 659.0), (1015.0, 659.9), (1015.0, 659.3), (1015.0, 659.0), (1015.0, 659.9), (1015.0, 659.3), (1015.0, 659.0), (1015.0, 659.9), (1015.0, 659.3), (1015.0, 659.0), (1015.0, 659.9), (1015.0, 659.3), (1015.0, 659.0), (1015.0, 659.9), (1015.0, 659.3), (1015.0, 659.0), (1015.0, 659.9), (1015.0, 659.3)]",0,7.8
novice,meatboy,10,Stuck,6,0,102.26,0.931,"[(73.0, 653.0), (93.8, 659.3), (103.8, 612.1), (142.1, 592.3), (151.0, 597.1), (151.0, 620.6), (166.2, 659.0), (176.9, 623.4), (215.8, 629.2), (255.8, 656.3), (295.8, 659.3), (335.8, 659.0), (375.8, 659.9), (415.8, 659.3), (455.8, 659.0), (495.8, 659.9), (535.8, 659.3), (574.8, 659.0), (596.6, 659.9), (628.3, 621.9), (668.3, 637.2), (708.3, 659.9), (748.3, 659.3), (788.3, 659.0), (828.3, 659.9), (868.3, 659.3), (907.3, 659.0), (929.1, 659.9), (938.6, 644.8), (971.3, 596.1), (983.7, 566.2), (983.7, 555.2), (983.7, 563.1), (983.0, 589.8), (983.0, 635.3), (983.0, 659.3), (983.0, 659.0), (983.0, 659.9), (983.0, 659.3), (983.0, 659.0), (983.0, 659.9), (983.0, 659.3), (983.0, 659.0), (983.0, 659.9), (983.0, 659.3), (983.0, 659.0), (983.0, 659.9), (983.0, 659.3), (983.0, 659.0), (983.0, 659.9), (983.0, 659.3), (983.0, 659.0), (983.0, 659.9), (983.0, 659.3), (983.0, 659.0), (983.0, 659.9), (983.0, 659.3), (983.0, 659.0), (983.0, 659.9), (983.0, 659.3), (983.0, 659.0), (983.0, 659.9), (983.0, 659.3), (983.0, 659.0), (983.0, 659.9), (983.0, 659.3), (983.0, 659.0), (983.0, 659.9)]",0,8.95
novice,meatboy,10,Stuck,5,0,69.78,0.961,"[(73.0, 653.0), (91.0, 659.3), (62.0, 630.8), (53.8, 586.9), (87.0, 561.7), (127.0, 555.4), (167.0, 563.3), (175.1, 563.0), (174.4, 563.9), (180.3, 563.3), (181.1, 563.0), (180.4, 563.9), (186.3, 563.3), (187.1, 563.0), (186.4, 555.6), (210.9, 526.8), (250.9, 544.4), (290.9, 563.0), (330.9, 573.6), (370.9, 603.0), (410.9, 651.3), (450.9, 659.0), (490.9, 659.9), (508.0, 659.3), (523.9, 659.0), (560.1, 659.9), (574.5, 659.3), (572.6, 659.0), (575.8, 659.9), (580.5, 659.3), (578.6, 659.0), (581.8, 659.9), (586.5, 659.3), (584.6, 659.0), (587.8, 659.9), (592.5, 659.3), (590.6, 659.0), (593.8, 659.9), (598.5, 659.3), (596.6, 659.0), (599.8, 659.9), (604.5, 659.3), (602.6, 659.0), (605.8, 659.9), (610.5, 659.3), (608.6, 659.0), (611.8, 659.9), (616.5, 659.3), (614.6, 659.0), (617.8, 659.9), (622.5, 659.3), (620.6, 659.0), (623.8, 659.9), (628.5, 659.3), (626.6, 659.0), (629.8, 659.9), (634.5, 659.3), (632.6, 659.0), (635.8, 659.9), (640.5, 659.3), (638.6, 659.0), (641.8, 659.9), (646.5, 659.3), (659.4, 659.0), (673.3, 659.9), (685.9, 659.3), (697.4, 659.0), (731.5, 659.9), (771.5, 659.3), (811.5, 659.0), (851.5, 659.9), (875.9, 659.3), (894.8, 659.0), (920.7, 605.6), (960.7, 571.0), (978.7, 555.3), (983.0, 558.5), (983.0, 580.4), (981.6, 621.3), (985.2, 659.0), (1015.0, 659.9), (1015.0, 659.3), (1015.0, 659.0), (1015.0, 659.9), (1015.0, 659.3), (1015.0, 659.0), (1015.0, 659.9), (1015.0, 659.3), (1015.0, 659.0), (1015.0, 659.9), (1015.0, 659.3), (1015.0, 659.0), (1015.0, 659.9), (1015.0, 659.3), (1015.0, 659.0), (1015.0, 659.9), (1015.0, 659.3), (1015.0, 659.0), (1015.0, 659.9), (1015.0, 659.3), (1015.0, 659.0), (1015.0, 659.9), (1015.0, 659.3), (1015.0, 659.0), (1015.0, 659.9), (1015.0, 659.3), (1015.0, 659.0), (1015.0, 659.9), (1015.0, 659.3), (1015.0, 659.0), (1015.0, 659.9)]",0,14.73
novice,meatboy,10,Stuck,1,0,7.55,0.107,"[(73.0, 653.0), (91.0, 659.3), (94.6, 659.0), (103.9, 659.9), (110.9, 659.3), (110.8, 659.0), (113.6, 659.9), (111.2, 659.3), (113.9, 659.0), (116.7, 659.9), (114.4, 659.3), (110.6, 659.0), (113.4, 659.9), (111.1, 659.3), (113.8, 659.0), (116.6, 659.9), (114.2, 659.3), (110.4, 659.0), (113.2, 659.9), (110.9, 659.3), (113.6, 659.0), (116.4, 659.9), (114.1, 659.3), (110.3, 659.0), (113.1, 659.9), (110.7, 659.3), (113.4, 659.0), (116.2, 659.9), (113.9, 659.3), (110.1, 659.0), (112.9, 659.9), (110.6, 659.3), (113.3, 659.0), (116.1, 659.9), (113.7, 659.3), (109.9, 659.0), (112.7, 659.9), (113.2, 659.3), (113.1, 659.0), (115.9, 659.9)]",0,5.28
novice,meatboy,10,Saw,3,0,220.88,0.372,"[(73.0, 653.0), (98.2, 659.3), (122.6, 659.0), (128.5, 618.1), (150.3, 578.8), (158.9, 558.4), (198.3, 556.8), (238.3, 563.0), (278.3, 563.9), (318.3, 543.7), (358.3, 534.3)]",0,1.45
novice,meatboy,10,Stuck,2,0,125.76,0.961,"[(73.0, 653.0), (98.2, 659.3), (138.2, 659.0), (178.2, 659.9), (218.2, 659.3), (258.2, 659.0), (298.2, 659.9), (338.2, 659.3), (378.2, 659.0), (418.2, 659.9), (458.2, 659.3), (498.2, 659.0), (538.2, 659.9), (578.2, 659.3), (618.2, 659.0), (658.2, 659.9), (698.2, 659.3), (738.2, 659.0), (778.2, 659.9), (818.2, 659.3), (858.2, 659.0), (898.2, 659.9), (938.2, 659.3), (962.6, 652.2), (983.0, 601.1), (983.0, 568.9), (983.0, 555.6), (983.0, 561.1), (983.0, 585.4), (983.0, 624.2), (985.2, 659.0), (1015.0, 659.9), (1015.0, 659.3), (1015.0, 659.0), (1015.0, 659.9), (1015.0, 659.3), (1015.0, 659.0), (1015.0, 659.9), (1015.0, 659.3), (1015.0, 659.0), (1015.0, 659.9), (1015.0, 659.3), (1015.0, 659.0), (1015.0, 659.9), (1015.0, 659.3), (1015.0, 659.0), (1015.0, 659.9), (1015.0, 659.3), (1015.0, 659.0), (1015.0, 659.9), (1015.0, 659.3), (1015.0, 659.0), (1015.0, 659.9), (1015.0, 659.3), (1015.0, 659.0), (1015.0, 659.9), (1015.0, 659.3), (1015.0, 659.0), (1015.0, 659.9), (1015.0, 659.3), (1015.0, 659.0), (1015.0, 659.9), (1015.0, 659.3)]",0,8.3
novice,meatboy,10,Stuck,24,0,73.17,0.931,"[(73.0, 653.0), (91.0, 659.3), (107.8, 612.1), (147.8, 592.3), (151.7, 597.1), (140.7, 607.3), (62.3, 542.9), (48.2, 502.9), (86.2, 498.2), (87.7, 512.3), (97.8, 545.3), (137.2, 597.2), (161.8, 659.0), (174.2, 623.4), (213.7, 629.2), (253.7, 656.3), (293.7, 659.3), (333.7, 659.0), (373.7, 659.9), (413.7, 659.3), (453.7, 659.0), (493.7, 659.9), (533.7, 659.3), (573.7, 659.0), (613.7, 659.9), (653.7, 659.3), (693.7, 659.0), (733.7, 659.9), (773.7, 659.3), (813.7, 659.0), (853.7, 659.9), (893.7, 659.3), (933.7, 659.0), (952.6, 637.6), (983.7, 591.3), (983.7, 563.8), (983.7, 555.2), (983.7, 565.4), (972.7, 580.4), (894.3, 525.3), (855.0, 538.2), (861.9, 570.1), (900.8, 620.7), (940.8, 659.0), (957.9, 630.2), (983.0, 586.3), (983.0, 561.1), (983.0, 554.8), (983.0, 567.4), (962.3, 570.7), (886.9, 508.7), (883.8, 473.8), (923.2, 471.4), (963.2, 488.0), (983.0, 523.3), (902.5, 456.6), (857.4, 408.7), (858.5, 401.4), (895.8, 423.8), (935.8, 465.0), (975.8, 525.1), (962.3, 544.4), (886.9, 482.4), (853.3, 439.2), (866.0, 419.8), (905.8, 422.2), (945.8, 443.4), (983.0, 483.5), (972.7, 515.0), (894.3, 450.6), (855.0, 405.1), (861.9, 403.2), (900.8, 427.9), (940.8, 471.5), (980.8, 533.9), (952.0, 535.7), (880.2, 476.0), (852.4, 435.2), (870.8, 419.1), (910.8, 423.8), (950.8, 447.4), (983.7, 488.4), (962.3, 505.9), (886.9, 443.9), (853.3, 400.8), (866.0, 405.2), (905.8, 432.3), (945.8, 478.3), (983.0, 543.0), (941.7, 527.2), (874.2, 469.9), (852.2, 431.4), (875.8, 418.6), (915.8, 425.7), (955.8, 451.7)]",0,12.63
novice,meatboy,10,Stuck,5,0,116.34,0.962,"[(73.0, 653.0), (98.2, 659.3), (122.6, 659.0), (141.5, 659.9), (160.4, 659.3), (175.4, 659.0), (186.5, 659.9), (201.1, 659.3), (240.9, 659.0), (280.9, 659.9), (320.9, 659.3), (360.9, 659.0), (400.9, 659.9), (440.9, 659.3), (480.9, 659.0), (520.9, 659.9), (560.9, 659.3), (600.9, 659.0), (640.9, 659.9), (680.9, 659.3), (720.9, 659.0), (760.9, 659.9), (800.9, 659.3), (840.9, 659.0), (880.9, 659.9), (920.9, 659.3), (938.0, 630.8), (976.7, 586.9), (980.8, 561.7), (972.7, 545.8), (905.7, 497.6), (935.2, 495.3), (975.2, 511.8), (983.0, 546.5), (983.0, 586.2), (983.0, 625.9), (985.2, 659.3), (1012.3, 659.0), (1015.0, 659.2), (1015.0, 659.3), (1015.0, 659.0), (1015.0, 659.9), (1015.0, 659.3), (1015.0, 659.0), (1015.0, 659.9), (1015.0, 659.3), (1015.0, 659.0), (1015.0, 659.9), (1015.0, 659.3), (1015.0, 659.0), (1015.0, 659.9), (1015.0, 659.3), (1015.0, 659.0), (1015.0, 659.9), (1015.0, 659.3), (1015.0, 659.0), (1015.0, 659.9), (1015.0, 659.3), (1015.0, 659.0), (1015.0, 659.9), (1015.0, 659.3), (1015.0, 659.0), (1015.0, 659.9), (1015.0, 659.3), (1015.0, 659.0), (1015.0, 659.9), (1015.0, 659.3), (1015.0, 659.0)]",0,8.95
novice,meatboy,10,Stuck,4,0,119.55,0.962,"[(73.0, 653.0), (98.2, 659.3), (138.2, 659.0), (178.2, 659.9), (218.2, 659.3), (258.2, 659.0), (298.2, 659.9), (338.2, 659.3), (378.2, 659.0), (418.2, 659.9), (458.2, 659.3), (498.2, 659.0), (538.2, 659.9), (578.2, 659.3), (618.2, 659.0), (658.2, 659.9), (698.2, 659.3), (738.2, 659.0), (778.2, 659.9), (818.2, 659.3), (858.2, 659.0), (898.2, 659.9), (938.2, 659.3), (962.6, 652.2), (983.0, 601.1), (978.7, 568.9), (980.8, 555.6), (983.0, 561.1), (905.0, 505.1), (930.2, 500.4), (970.2, 514.6), (983.7, 547.4), (983.7, 587.1), (983.7, 626.8), (987.3, 659.3), (1015.7, 659.0), (1015.7, 659.9), (1015.7, 659.3), (1015.7, 659.0), (1015.7, 659.9), (1015.7, 659.3), (1015.7, 659.0), (1015.7, 659.9), (1015.7, 659.3), (1015.7, 659.0), (1015.7, 659.9), (1015.7, 659.3), (1015.7, 659.0), (1015.7, 659.9), (1015.7, 659.3), (1015.7, 659.0), (1015.7, 659.9), (1015.7, 659.3), (1015.7, 659.0), (1015.7, 659.9), (1015.7, 659.3), (1015.7, 659.0), (1015.7, 659.9), (1015.7, 659.3), (1015.7, 659.0), (1015.7, 659.9), (1015.7, 659.3), (1015.7, 659.0), (1015.7, 659.9), (1015.7, 659.3), (1015.7, 659.0)]",0,8.7
novice,meatboy,10,Stuck,4,0,116.32,0.962,"[(73.0, 653.0), (98.2, 659.3), (136.2, 659.0), (154.0, 659.9), (194.0, 659.3), (234.0, 659.0), (274.0, 659.9), (314.0, 659.3), (354.0, 659.0), (394.0, 659.9), (434.0, 659.3), (474.0, 659.0), (514.0, 659.9), (554.0, 659.3), (594.0, 659.0), (634.0, 659.9), (674.0, 659.3), (714.0, 659.0), (754.0, 659.9), (794.0, 659.3), (834.0, 659.0), (874.0, 659.9), (914.0, 659.3), (954.0, 659.0), (972.8, 659.9), (976.7, 624.3), (983.0, 582.7), (983.0, 559.9), (983.0, 556.0), (983.0, 570.9), (921.0, 525.7), (920.2, 495.7), (960.2, 498.1), (983.7, 519.3), (983.7, 556.8), (983.7, 596.5), (983.7, 636.2), (993.8, 659.0), (1015.7, 659.9), (1015.7, 659.3), (1015.7, 659.0), (1015.7, 659.9), (1015.7, 659.3), (1015.7, 659.0), (1015.7, 659.9), (1015.7, 659.3), (1015.7, 659.0), (1015.7, 659.9), (1015.7, 659.3), (1015.7, 659.0), (1015.7, 659.9), (1015.7, 659.3), (1015.7, 659.0), (1015.7, 659.9), (1015.7, 659.3), (1015.7, 659.0), (1015.7, 659.9), (1015.7, 659.3), (1015.7, 659.0), (1015.7, 659.9), (1015.7, 659.3), (1015.7, 659.0), (1015.7, 659.9), (1015.7, 659.3), (1015.7, 659.0), (1015.7, 659.9), (1015.7, 659.3), (1015.7, 659.0)]",0,9.03
novice,meatboy,10,Stuck,5,0,132.93,0.962,"[(73.0, 653.0), (98.2, 659.3), (138.2, 659.0), (178.2, 659.9), (218.2, 659.3), (258.2, 659.0), (298.2, 659.9), (338.2, 659.3), (378.2, 659.0), (418.2, 659.9), (458.2, 659.3), (498.2, 659.0), (538.2, 637.6), (578.2, 591.3), (599.7, 563.8), (629.2, 555.2), (669.2, 563.0), (709.2, 563.9), (749.2, 563.3), (789.2, 525.9), (829.2, 541.2), (869.2, 575.4), (909.2, 628.4), (949.2, 659.3), (977.5, 659.0), (983.0, 605.6), (983.0, 571.0), (983.0, 555.3), (983.0, 558.5), (983.0, 580.4), (983.0, 618.3), (985.2, 658.3), (1015.0, 659.3), (1015.0, 659.0), (1015.0, 659.9), (1015.0, 659.3), (1015.0, 659.0), (1015.0, 659.9), (1015.0, 659.3), (1015.0, 659.0), (1015.0, 659.9), (1015.0, 659.3), (1015.0, 659.0), (1015.0, 659.9), (1015.0, 659.3), (1015.0, 659.0), (1015.0, 659.9), (1015.0, 659.3), (1015.0, 659.0), (1015.0, 659.9), (1015.0, 659.3), (1015.0, 659.0), (1015.0, 659.9), (1015.0, 659.3), (1015.0, 659.0), (1015.0, 659.9), (1015.0, 659.3), (1015.0, 659.0), (1015.0, 659.9)]",0,7.78
novice,meatboy,10,Saw,2,0,286.72,0.372,"[(73.0, 653.0), (98.2, 659.3), (138.2, 659.0), (178.2, 659.9), (218.2, 659.3), (258.2, 659.0), (298.2, 618.1), (338.2, 578.8), (378.2, 558.4)]",0,1.12
novice,meatboy,10,Stuck,1,0,8.28,0.052,"[(73.0, 653.0), (91.0, 659.3), (61.3, 659.0), (45.3, 659.9), (52.3, 659.3), (48.2, 659.0), (48.7, 659.9), (51.8, 659.3), (44.3, 659.0), (56.2, 659.9), (41.0, 659.3), (58.6, 659.0), (41.0, 659.9), (59.0, 659.3), (41.7, 659.0), (57.5, 659.9), (43.2, 659.3), (55.3, 659.0), (45.3, 659.9), (52.3, 659.3), (48.2, 659.0), (48.7, 659.9), (51.8, 659.3), (44.3, 659.0), (56.2, 659.9), (41.0, 659.3), (58.6, 659.0), (41.0, 659.9), (59.0, 659.3), (41.7, 659.0), (57.5, 659.9), (43.2, 659.3), (55.3, 659.0), (45.3, 659.9), (52.3, 659.3), (48.2, 659.0), (48.7, 659.9), (51.8, 659.3)]",0,5.02
novice,meatboy,10,Stuck,1,0,35.23,0.859,"[(73.0, 653.0), (91.0, 659.3), (91.1, 659.0), (95.3, 659.9), (95.7, 659.3), (95.8, 659.0), (100.0, 659.9), (100.3, 659.3), (100.4, 659.0), (104.7, 659.9), (105.0, 659.3), (105.1, 659.0), (109.3, 659.9), (109.7, 659.3), (109.8, 659.0), (114.0, 659.9), (114.3, 659.3), (114.4, 659.0), (118.7, 659.9), (119.0, 659.3), (119.1, 659.0), (123.3, 659.9), (123.7, 659.3), (123.8, 659.0), (128.0, 659.9), (128.3, 659.3), (128.4, 659.0), (132.7, 659.9), (133.0, 659.3), (133.1, 659.0), (137.3, 659.9), (137.7, 659.3), (137.8, 659.0), (142.0, 659.9), (142.3, 659.3), (142.4, 659.0), (146.7, 659.9), (147.0, 659.3), (147.1, 659.0), (151.3, 659.9), (151.7, 659.3), (151.8, 659.0), (156.0, 659.9), (156.3, 659.3), (156.4, 659.0), (160.7, 659.9), (161.0, 659.3), (161.1, 659.0), (165.3, 659.9), (165.7, 659.3), (165.8, 659.0), (170.0, 659.9), (170.3, 659.3), (170.4, 659.0), (174.7, 659.9), (175.0, 659.3), (175.1, 659.0), (179.3, 659.9), (179.7, 659.3), (179.8, 659.0), (184.0, 659.9), (184.3, 659.3), (184.4, 659.0), (188.7, 659.9), (189.0, 659.3), (189.1, 659.0), (193.3, 659.9), (193.7, 659.3), (193.8, 659.0), (198.0, 659.9), (204.6, 659.3), (210.9, 659.0), (220.2, 659.9), (227.2, 659.3), (233.6, 659.0), (242.9, 659.9), (249.9, 659.3), (256.3, 659.0), (277.7, 659.9), (293.7, 659.3), (319.8, 659.0), (340.4, 659.9), (355.6, 659.3), (379.1, 659.0), (390.4, 659.9), (411.2, 659.3), (426.6, 659.0), (452.1, 659.9), (472.1, 659.3), (493.2, 659.0), (512.1, 659.9), (530.9, 659.3), (545.9, 659.0), (557.1, 659.9), (577.9, 659.3), (582.6, 659.0), (580.7, 659.9), (583.9, 659.3), (588.6, 659.0), (586.7, 659.9), (589.9, 659.3), (594.6, 659.0), (592.7, 659.9), (595.9, 659.3), (600.6, 659.0), (598.7, 659.9), (601.9, 659.3), (606.6, 659.0), (604.7, 659.9), (607.9, 659.3), (612.6, 659.0), (610.7, 659.9), (613.9, 659.3), (618.6, 659.0), (616.7, 659.9), (619.9, 659.3), (624.6, 659.0), (622.7, 659.9), (625.9, 659.3), (630.6, 659.0), (628.7, 659.9), (631.9, 659.3), (636.6, 659.0), (634.7, 659.9), (637.9, 659.3), (642.6, 659.0), (640.7, 659.9), (643.9, 659.3), (669.1, 659.0), (688.8, 659.9), (703.1, 659.3), (725.7, 659.0), (746.3, 659.9), (770.1, 659.3), (783.3, 659.0), (806.5, 659.9), (824.3, 659.3), (844.6, 659.0), (863.4, 659.9), (882.3, 659.3), (897.3, 659.0), (896.1, 659.9), (897.6, 659.3), (899.2, 659.0), (896.8, 659.9), (898.2, 659.3), (899.9, 659.0), (897.4, 659.9), (898.9, 659.3), (900.6, 659.0), (898.1, 659.9), (899.6, 659.3), (901.2, 659.0), (898.8, 659.9), (900.2, 659.3), (901.9, 659.0), (899.4, 659.9), (900.9, 659.3), (902.6, 659.0), (900.1, 659.9), (901.6, 659.3), (903.2, 659.0), (900.8, 659.9), (902.2, 659.3), (903.9, 659.0), (901.4, 659.9), (902.9, 659.3), (904.6, 659.0), (902.1, 659.9), (903.6, 659.3), (905.2, 659.0), (902.8, 659.9), (904.2, 659.3), (905.9, 659.0), (903.4, 659.9), (904.9, 659.3), (906.6, 659.0), (904.1, 659.9)]",0,23.67
novice,meatboy,10,Stuck,5,0,117.77,0.962,"[(73.0, 653.0), (91.0, 659.3), (107.8, 630.8), (147.8, 586.9), (151.7, 561.7), (181.2, 555.4), (221.2, 563.3), (261.2, 563.0), (301.2, 563.9), (341.2, 579.2), (381.2, 613.4), (421.2, 659.0), (461.2, 659.9), (501.2, 659.3), (541.2, 659.0), (569.5, 659.9), (590.6, 659.3), (607.8, 659.0), (621.2, 659.9), (630.6, 624.3), (669.1, 629.2), (709.1, 656.3), (749.1, 659.3), (789.1, 659.0), (829.1, 659.9), (869.1, 659.3), (909.1, 659.0), (937.4, 659.9), (964.9, 606.5), (983.0, 571.9), (983.0, 556.2), (983.0, 559.4), (983.0, 581.3), (983.0, 619.2), (985.2, 659.2), (1015.0, 659.3), (1015.0, 659.0), (1015.0, 659.9), (1015.0, 659.3), (1015.0, 659.0), (1015.0, 659.9), (1015.0, 659.3), (1015.0, 659.0), (1015.0, 659.9), (1015.0, 659.3), (1015.0, 659.0), (1015.0, 659.9), (1015.0, 659.3), (1015.0, 659.0), (1015.0, 659.9), (1015.0, 659.3), (1015.0, 659.0), (1015.0, 659.9), (1015.0, 659.3), (1015.0, 659.0), (1015.0, 659.9), (1015.0, 659.3), (1015.0, 659.0), (1015.0, 659.9), (1015.0, 659.3), (1015.0, 659.0), (1015.0, 659.9), (1015.0, 659.3), (1015.0, 659.0), (1015.0, 659.9), (1015.0, 659.3), (1015.0, 659.0)]",0,8.85
novice,meatboy,10,Stuck,1,0,133.31,0.961,"[(73.0, 653.0), (98.2, 659.3), (138.2, 659.0), (178.2, 659.9), (218.2, 659.3), (258.2, 659.0), (298.2, 659.9), (338.2, 659.3), (378.2, 659.0), (418.2, 659.9), (458.2, 659.3), (498.2, 659.0), (538.2, 659.9), (578.2, 659.3), (618.2, 659.0), (658.2, 659.9), (698.2, 659.3), (738.2, 659.0), (778.2, 659.9), (818.2, 659.3), (858.2, 659.0), (898.2, 659.9), (938.2, 659.3), (978.2, 659.0), (1015.0, 659.9), (1015.0, 659.3), (1015.0, 659.0), (1015.0, 659.9), (1015.0, 659.3), (1015.0, 659.0), (1015.0, 659.9), (1015.0, 659.3), (1015.0, 659.0), (1015.0, 659.9), (1015.0, 659.3), (1015.0, 659.0), (1015.0, 659.9), (1015.0, 659.3), (1015.0, 659.0), (1015.0, 659.9), (1015.0, 659.3), (1015.0, 659.0), (1015.0, 659.9), (1015.0, 659.3), (1015.0, 659.0), (1015.0, 659.9), (1015.0, 659.3), (1015.0, 659.0), (1015.0, 659.9), (1015.0, 659.3), (1015.0, 659.0), (1015.0, 659.9), (1015.0, 659.3), (1015.0, 659.0), (1015.0, 659.9), (1015.0, 659.3), (1015.0, 659.0), (1015.0, 659.9), (1015.0, 659.3)]",0,7.8
novice,meatboy,10,Stuck,24,0,73.17,0.931,"[(73.0, 653.0), (91.0, 659.3), (107.8, 612.1), (147.8, 592.3), (151.7, 597.1), (140.7, 607.3), (62.3, 542.9), (48.2, 502.9), (86.2, 498.2), (87.7, 512.3), (97.8, 545.3), (137.2, 597.2), (161.8, 659.0), (174.2, 623.4), (213.7, 629.2), (253.7, 656.3), (293.7, 659.3), (333.7, 659.0), (373.7, 659.9), (413.7, 659.3), (453.7, 659.0), (493.7, 659.9), (533.7, 659.3), (573.7, 659.0), (613.7, 659.9), (653.7, 659.3), (693.7, 659.0), (733.7, 659.9), (773.7, 659.3), (813.7, 659.0), (853.7, 659.9), (893.7, 659.3), (933.7, 659.0), (952.6, 637.6), (983.7, 591.3), (983.7, 563.8), (983.7, 555.2), (983.7, 565.4), (972.7, 580.4), (894.3, 525.3), (855.0, 538.2), (861.9, 570.1), (900.8, 620.7), (940.8, 659.0), (957.9, 630.2), (983.0, 586.3), (983.0, 561.1), (983.0, 554.8), (983.0, 567.4), (962.3, 570.7), (886.9, 508.7), (883.8, 473.8), (923.2, 471.4), (963.2, 488.0), (983.0, 523.3), (902.5, 456.6), (857.4, 408.7), (858.5, 401.4), (895.8, 423.8), (935.8, 465.0), (975.8, 525.1), (962.3, 544.4), (886.9, 482.4), (853.3, 439.2), (866.0, 419.8), (905.8, 422.2), (945.8, 443.4), (983.0, 483.5), (972.7, 515.0), (894.3, 450.6), (855.0, 405.1), (861.9, 403.2), (900.8, 427.9), (940.8, 471.5), (980.8, 533.9), (952.0, 535.7), (880.2, 476.0), (852.4, 435.2), (870.8, 419.1), (910.8, 423.8), (950.8, 447.4), (983.7, 488.4), (962.3, 505.9), (886.9, 443.9), (853.3, 400.8), (866.0, 405.2), (905.8, 432.3), (945.8, 478.3), (983.0, 543.0), (941.7, 527.2), (874.2, 469.9), (852.2, 431.4), (875.8, 418.6), (915.8, 425.7), (955.8, 451.7)]",0,12.63
novice,meatboy,10,Stuck,4,0,116.32,0.962,"[(73.0, 653.0), (98.2, 659.3), (136.2, 659.0), (154.0, 659.9), (194.0, 659.3), (234.0, 659.0), (274.0, 659.9), (314.0, 659.3), (354.0, 659.0), (394.0, 659.9), (434.0, 659.3), (474.0, 659.0), (514.0, 659.9), (554.0, 659.3), (594.0, 659.0), (634.0, 659.9), (674.0, 659.3), (714.0, 659.0), (754.0, 659.9), (794.0, 659.3), (834.0, 659.0), (874.0, 659.9), (914.0, 659.3), (954.0, 659.0), (972.8, 659.9), (976.7, 624.3), (983.0, 582.7), (983.0, 559.9), (983.0, 556.0), (983.0, 570.9), (921.0, 525.7), (920.2, 495.7), (960.2, 498.1), (983.7, 519.3), (983.7, 556.8), (983.7, 596.5), (983.7, 636.2), (993.8, 659.0), (1015.7, 659.9), (1015.7, 659.3), (1015.7, 659.0), (1015.7, 659.9), (1015.7, 659.3), (1015.7, 659.0), (1015.7, 659.9), (1015.7, 659.3), (1015.7, 659.0), (1015.7, 659.9), (1015.7, 659.3), (1015.7, 659.0), (1015.7, 659.9), (1015.7, 659.3), (1015.7, 659.0), (1015.7, 659.9), (1015.7, 659.3), (1015.7, 659.0), (1015.7, 659.9), (1015.7, 659.3), (1015.7, 659.0), (1015.7, 659.9), (1015.7, 659.3), (1015.7, 659.0), (1015.7, 659.9), (1015.7, 659.3), (1015.7, 659.0), (1015.7, 659.9), (1015.7, 659.3), (1015.7, 659.0)]",0,9.03
novice,meatboy,10,Stuck,4,0,119.55,0.962,"[(73.0, 653.0), (98.2, 659.3), (138.2, 659.0), (178.2, 659.9), (218.2, 659.3), (258.2, 659.0), (298.2, 659.9), (338.2, 659.3), (378.2, 659.0), (418.2, 659.9), (458.2, 659.3), (498.2, 659.0), (538.2, 659.9), (578.2, 659.3), (618.2, 659.0), (658.2, 659.9), (698.2, 659.3), (738.2, 659.0), (778.2, 659.9), (818.2, 659.3), (858.2, 659.0), (898.2, 659.9), (938.2, 659.3), (962.6, 652.2), (983.0, 601.1), (978.7, 568.9), (980.8, 555.6), (983.0, 561.1), (905.0, 505.1), (930.2, 500.4), (970.2, 514.6), (983.7, 547.4), (983.7, 587.1), (983.7, 626.8), (987.3, 659.3), (1015.7, 659.0), (1015.7, 659.9), (1015.7, 659.3), (1015.7, 659.0), (1015.7, 659.9), (1015.7, 659.3), (1015.7, 659.0), (1015.7, 659.9), (1015.7, 659.3), (1015.7, 659.0), (1015.7, 659.9), (1015.7, 659.3), (1015.7, 659.0), (1015.7, 659.9), (1015.7, 659.3), (1015.7, 659.0), (1015.7, 659.9), (1015.7, 659.3), (1015.7, 659.0), (1015.7, 659.9), (1015.7, 659.3), (1015.7, 659.0), (1015.7, 659.9), (1015.7, 659.3), (1015.7, 659.0), (1015.7, 659.9), (1015.7, 659.3), (1015.7, 659.0), (1015.7, 659.9), (1015.7, 659.3), (1015.7, 659.0)]",0,8.7
novice,meatboy,10,Stuck,5,0,116.34,0.962,"[(73.0, 653.0), (98.2, 659.3), (122.6, 659.0), (141.5, 659.9), (160.4, 659.3), (175.4, 659.0), (186.5, 659.9), (201.1, 659.3), (240.9, 659.0), (280.9, 659.9), (320.9, 659.3), (360.9, 659.0), (400.9, 659.9), (440.9, 659.3), (480.9, 659.0), (520.9, 659.9), (560.9, 659.3), (600.9, 659.0), (640.9, 659.9), (680.9, 659.3), (720.9, 659.0), (760.9, 659.9), (800.9, 659.3), (840.9, 659.0), (880.9, 659.9), (920.9, 659.3), (938.0, 630.8), (976.7, 586.9), (980.8, 561.7), (972.7, 545.8), (905.7, 497.6), (935.2, 495.3), (975.2, 511.8), (983.0, 546.5), (983.0, 586.2), (983.0, 625.9), (985.2, 659.3), (1012.3, 659.0), (1015.0, 659.2), (1015.0, 659.3), (1015.0, 659.0), (1015.0, 659.9), (1015.0, 659.3), (1015.0, 659.0), (1015.0, 659.9), (1015.0, 659.3), (1015.0, 659.0), (1015.0, 659.9), (1015.0, 659.3), (1015.0, 659.0), (1015.0, 659.9), (1015.0, 659.3), (1015.0, 659.0), (1015.0, 659.9), (1015.0, 659.3), (1015.0, 659.0), (1015.0, 659.9), (1015.0, 659.3), (1015.0, 659.0), (1015.0, 659.9), (1015.0, 659.3), (1015.0, 659.0), (1015.0, 659.9), (1015.0, 659.3), (1015.0, 659.0), (1015.0, 659.9), (1015.0, 659.3), (1015.0, 659.0)]",0,8.95
novice,meatboy,10,Stuck,1,0,133.31,0.961,"[(73.0, 653.0), (98.2, 659.3), (138.2, 659.0), (178.2, 659.9), (218.2, 659.3), (258.2, 659.0), (298.2, 659.9), (338.2, 659.3), (378.2, 659.0), (418.2, 659.9), (458.2, 659.3), (498.2, 659.0), (538.2, 659.9), (578.2, 659.3), (618.2, 659.0), (658.2, 659.9), (698.2, 659.3), (738.2, 659.0), (778.2, 659.9), (818.2, 659.3), (858.2, 659.0), (898.2, 659.9), (938.2, 659.3), (978.2, 659.0), (1015.0, 659.9), (1015.0, 659.3), (1015.0, 659.0), (1015.0, 659.9), (1015.0, 659.3), (1015.0, 659.0), (1015.0, 659.9), (1015.0, 659.3), (1015.0, 659.0), (1015.0, 659.9), (1015.0, 659.3), (1015.0, 659.0), (1015.0, 659.9), (1015.0, 659.3), (1015.0, 659.0), (1015.0, 659.9), (1015.0, 659.3), (1015.0, 659.0), (1015.0, 659.9), (1015.0, 659.3), (1015.0, 659.0), (1015.0, 659.9), (1015.0, 659.3), (1015.0, 659.0), (1015.0, 659.9), (1015.0, 659.3), (1015.0, 659.0), (1015.0, 659.9), (1015.0, 659.3), (1015.0, 659.0), (1015.0, 659.9), (1015.0, 659.3), (1015.0, 659.0), (1015.0, 659.9), (1015.0, 659.3)]",0,7.8
novice,meatboy,10,Stuck,2,0,124.76,0.962,"[(73.0, 653.0), (98.2, 659.3), (138.2, 659.0), (178.2, 659.9), (218.2, 659.3), (258.2, 659.0), (298.2, 659.9), (338.2, 659.3), (378.2, 659.0), (418.2, 659.9), (458.2, 659.3), (498.2, 659.0), (538.2, 659.9), (578.2, 659.3), (618.2, 659.0), (658.2, 659.9), (698.2, 659.3), (738.2, 659.0), (778.2, 659.9), (818.2, 659.3), (858.2, 659.0), (898.2, 659.9), (938.2, 659.3), (976.2, 659.0), (983.0, 618.1), (978.7, 578.8), (980.8, 558.4), (983.0, 556.8), (983.0, 574.1), (983.0, 609.3), (983.0, 649.0), (1008.2, 659.9), (1015.0, 659.3), (1015.0, 659.0), (1015.0, 659.9), (1015.0, 659.3), (1015.0, 659.0), (1015.0, 659.9), (1015.0, 659.3), (1015.0, 659.0), (1015.0, 659.9), (1015.0, 659.3), (1015.0, 659.0), (1015.0, 659.9), (1015.0, 659.3), (1015.0, 659.0), (1015.0, 659.9), (1015.0, 659.3), (1015.0, 659.0), (1015.0, 659.9), (1015.0, 659.3), (1015.0, 659.0), (1015.0, 659.9), (1015.0, 659.3), (1015.0, 659.0), (1015.0, 659.9), (1015.0, 659.3), (1015.0, 659.0), (1015.0, 659.9), (1015.0, 659.3), (1015.0, 659.0), (1015.0, 659.9), (1015.0, 659.3)]",0,8.35
novice,meatboy,10,Stuck,2,0,125.54,0.962,"[(73.0, 653.0), (98.2, 659.3), (138.2, 659.0), (178.2, 659.9), (218.2, 659.3), (258.2, 659.0), (298.2, 659.9), (338.2, 659.3), (378.2, 659.0), (418.2, 659.9), (458.2, 659.3), (498.2, 659.0), (538.2, 659.9), (578.2, 659.3), (618.2, 659.0), (658.2, 659.9), (698.2, 659.3), (738.2, 659.0), (778.2, 659.9), (818.2, 659.3), (858.2, 659.0), (898.2, 659.9), (938.2, 659.3), (976.2, 659.0), (983.0, 618.1), (983.0, 578.8), (983.0, 558.4), (983.0, 556.8), (983.0, 574.1), (983.0, 609.3), (983.0, 649.0), (1008.2, 659.9), (1015.0, 659.3), (1015.0, 659.0), (1015.0, 659.9), (1015.0, 659.3), (1015.0, 659.0), (1015.0, 659.9), (1015.0, 659.3), (1015.0, 659.0), (1015.0, 659.9), (1015.0, 659.3), (1015.0, 659.0), (1015.0, 659.9), (1015.0, 659.3), (1015.0, 659.0), (1015.0, 659.9), (1015.0, 659.3), (1015.0, 659.0), (1015.0, 659.9), (1015.0, 659.3), (1015.0, 659.0), (1015.0, 659.9), (1015.0, 659.3), (1015.0, 659.0), (1015.0, 659.9), (1015.0, 659.3), (1015.0, 659.0), (1015.0, 659.9), (1015.0, 659.3), (1015.0, 659.0), (1015.0, 659.9), (1015.0, 659.3)]",0,8.35
novice,meatboy,10,Saw,9,0,113.81,0.444,"[(73.0, 653.0), (91.0, 659.3), (89.9, 630.8), (109.7, 586.9), (149.7, 577.5), (140.7, 575.3), (62.3, 527.1), (48.2, 524.8), (86.2, 541.3), (126.2, 576.7), (151.0, 623.2), (174.2, 659.3), (177.2, 659.0), (196.6, 621.9), (236.6, 637.2), (276.6, 659.9), (316.6, 659.3), (356.6, 659.0), (396.6, 659.9), (436.6, 659.3), (474.6, 659.0), (492.4, 618.1), (532.4, 593.0), (572.4, 595.4), (599.0, 616.6), (518.5, 549.9), (473.4, 533.6)]",0,3.5
novice,meatboy,10,Stuck,4,0,17.12,0.159,"[(73.0, 653.0), (91.0, 659.3), (61.3, 652.2), (45.3, 601.1), (81.2, 591.7), (121.2, 601.2), (151.7, 629.5), (175.3, 659.9), (168.8, 659.3), (165.4, 659.0), (166.0, 659.9), (166.8, 659.3), (163.4, 659.0), (152.8, 659.9), (123.1, 651.3), (98.2, 600.2), (118.8, 577.9), (151.7, 580.3), (146.7, 601.5), (155.3, 641.6), (179.1, 659.9), (185.0, 659.3), (185.8, 659.0), (185.1, 659.9), (191.0, 659.3), (191.8, 659.0), (191.1, 659.9), (182.2, 659.3), (179.1, 659.0), (179.9, 659.9), (176.6, 659.3), (177.1, 659.0), (177.9, 659.9), (174.6, 659.3), (175.1, 659.0), (175.9, 659.9), (172.6, 659.3), (173.1, 659.0), (173.9, 659.9), (170.6, 659.3), (171.1, 659.0), (171.9, 659.9), (168.6, 659.3)]",0,5.7
novice,meatboy,10,Stuck,2,0,14.47,0.148,"[(73.0, 653.0), (91.0, 659.3), (62.0, 630.8), (53.8, 586.9), (87.0, 561.7), (127.0, 555.4), (167.0, 563.3), (175.1, 563.0), (174.4, 563.9), (180.3, 563.3), (181.1, 563.0), (180.4, 563.9), (186.3, 563.3), (187.1, 563.0), (186.4, 563.9), (177.6, 563.3), (174.4, 563.0), (175.2, 563.9), (171.9, 563.3), (172.4, 563.0), (173.2, 563.9), (169.9, 563.3), (170.4, 563.0), (171.2, 563.9), (167.9, 563.3), (168.4, 563.0), (169.2, 563.9), (165.9, 563.3), (166.4, 563.0), (167.2, 563.9), (163.9, 563.3), (164.4, 563.0), (165.2, 563.9), (161.9, 563.3), (162.4, 563.0), (163.2, 563.9), (159.9, 563.3), (160.4, 563.0), (161.2, 563.9), (157.9, 563.3), (158.4, 563.0), (159.2, 563.9), (155.9, 563.3), (156.4, 563.0)]",0,5.78
novice,meatboy,10,Stuck,24,0,73.17,0.931,"[(73.0, 653.0), (91.0, 659.3), (107.8, 612.1), (147.8, 592.3), (151.7, 597.1), (140.7, 607.3), (62.3, 542.9), (48.2, 502.9), (86.2, 498.2), (87.7, 512.3), (97.8, 545.3), (137.2, 597.2), (161.8, 659.0), (174.2, 623.4), (213.7, 629.2), (253.7, 656.3), (293.7, 659.3), (333.7, 659.0), (373.7, 659.9), (413.7, 659.3), (453.7, 659.0), (493.7, 659.9), (533.7, 659.3), (573.7, 659.0), (613.7, 659.9), (653.7, 659.3), (693.7, 659.0), (733.7, 659.9), (773.7, 659.3), (813.7, 659.0), (853.7, 659.9), (893.7, 659.3), (933.7, 659.0), (952.6, 637.6), (983.7, 591.3), (983.7, 563.8), (983.7, 555.2), (983.7, 565.4), (972.7, 580.4), (894.3, 525.3), (855.0, 538.2), (861.9, 570.1), (900.8, 620.7), (940.8, 659.0), (957.9, 630.2), (983.0, 586.3), (983.0, 561.1), (983.0, 554.8), (983.0, 567.4), (962.3, 570.7), (886.9, 508.7), (883.8, 473.8), (923.2, 471.4), (963.2, 488.0), (983.0, 523.3), (902.5, 456.6), (857.4, 408.7), (858.5, 401.4), (895.8, 423.8), (935.8, 465.0), (975.8, 525.1), (962.3, 544.4), (886.9, 482.4), (853.3, 439.2), (866.0, 419.8), (905.8, 422.2), (945.8, 443.4), (983.0, 483.5), (972.7, 515.0), (894.3, 450.6), (855.0, 405.1), (861.9, 403.2), (900.8, 427.9), (940.8, 471.5), (980.8, 533.9), (952.0, 535.7), (880.2, 476.0), (852.4, 435.2), (870.8, 419.1), (910.8, 423.8), (950.8, 447.4), (983.7, 488.4), (962.3, 505.9), (886.9, 443.9), (853.3, 400.8), (866.0, 405.2), (905.8, 432.3), (945.8, 478.3), (983.0, 543.0), (941.7, 527.2), (874.2, 469.9), (852.2, 431.4), (875.8, 418.6), (915.8, 425.7), (955.8, 451.7)]",0,12.63
novice,meatboy,10,Stuck,5,0,116.34,0.962,"[(73.0, 653.0), (98.2, 659.3), (122.6, 659.0), (141.5, 659.9), (160.4, 659.3), (175.4, 659.0), (186.5, 659.9), (201.1, 659.3), (240.9, 659.0), (280.9, 659.9), (320.9, 659.3), (360.9, 659.0), (400.9, 659.9), (440.9, 659.3), (480.9, 659.0), (520.9, 659.9), (560.9, 659.3), (600.9, 659.0), (640.9, 659.9), (680.9, 659.3), (720.9, 659.0), (760.9, 659.9), (800.9, 659.3), (840.9, 659.0), (880.9, 659.9), (920.9, 659.3), (938.0, 630.8), (976.7, 586.9), (980.8, 561.7), (972.7, 545.8), (905.7, 497.6), (935.2, 495.3), (975.2, 511.8), (983.0, 546.5), (983.0, 586.2), (983.0, 625.9), (985.2, 659.3), (1012.3, 659.0), (1015.0, 659.2), (1015.0, 659.3), (1015.0, 659.0), (1015.0, 659.9), (1015.0, 659.3), (1015.0, 659.0), (1015.0, 659.9), (1015.0, 659.3), (1015.0, 659.0), (1015.0, 659.9), (1015.0, 659.3), (1015.0, 659.0), (1015.0, 659.9), (1015.0, 659.3), (1015.0, 659.0), (1015.0, 659.9), (1015.0, 659.3), (1015.0, 659.0), (1015.0, 659.9), (1015.0, 659.3), (1015.0, 659.0), (1015.0, 659.9), (1015.0, 659.3), (1015.0, 659.0), (1015.0, 659.9), (1015.0, 659.3), (1015.0, 659.0), (1015.0, 659.9), (1015.0, 659.3), (1015.0, 659.0)]",0,8.95
novice,meatboy,10,Stuck,4,0,119.55,0.962,"[(73.0, 653.0), (98.2, 659.3), (138.2, 659.0), (178.2, 659.9), (218.2, 659.3), (258.2, 659.0), (298.2, 659.9), (338.2, 659.3), (378.2, 659.0), (418.2, 659.9), (458.2, 659.3), (498.2, 659.0), (538.2, 659.9), (578.2, 659.3), (618.2, 659.0), (658.2, 659.9), (698.2, 659.3), (738.2, 659.0), (778.2, 659.9), (818.2, 659.3), (858.2, 659.0), (898.2, 659.9), (938.2, 659.3), (962.6, 652.2), (983.0, 601.1), (978.7, 568.9), (980.8, 555.6), (983.0, 561.1), (905.0, 505.1), (930.2, 500.4), (970.2, 514.6), (983.7, 547.4), (983.7, 587.1), (983.7, 626.8), (987.3, 659.3), (1015.7, 659.0), (1015.7, 659.9), (1015.7, 659.3), (1015.7, 659.0), (1015.7, 659.9), (1015.7, 659.3), (1015.7, 659.0), (1015.7, 659.9), (1015.7, 659.3), (1015.7, 659.0), (1015.7, 659.9), (1015.7, 659.3), (1015.7, 659.0), (1015.7, 659.9), (1015.7, 659.3), (1015.7, 659.0), (1015.7, 659.9), (1015.7, 659.3), (1015.7, 659.0), (1015.7, 659.9), (1015.7, 659.3), (1015.7, 659.0), (1015.7, 659.9), (1015.7, 659.3), (1015.7, 659.0), (1015.7, 659.9), (1015.7, 659.3), (1015.7, 659.0), (1015.7, 659.9), (1015.7, 659.3), (1015.7, 659.0)]",0,8.7
novice,meatboy,10,Stuck,4,0,116.32,0.962,"[(73.0, 653.0), (98.2, 659.3), (136.2, 659.0), (154.0, 659.9), (194.0, 659.3), (234.0, 659.0), (274.0, 659.9), (314.0, 659.3), (354.0, 659.0), (394.0, 659.9), (434.0, 659.3), (474.0, 659.0), (514.0, 659.9), (554.0, 659.3), (594.0, 659.0), (634.0, 659.9), (674.0, 659.3), (714.0, 659.0), (754.0, 659.9), (794.0, 659.3), (834.0, 659.0), (874.0, 659.9), (914.0, 659.3), (954.0, 659.0), (972.8, 659.9), (976.7, 624.3), (983.0, 582.7), (983.0, 559.9), (983.0, 556.0), (983.0, 570.9), (921.0, 525.7), (920.2, 495.7), (960.2, 498.1), (983.7, 519.3), (983.7, 556.8), (983.7, 596.5), (983.7, 636.2), (993.8, 659.0), (1015.7, 659.9), (1015.7, 659.3), (1015.7, 659.0), (1015.7, 659.9), (1015.7, 659.3), (1015.7, 659.0), (1015.7, 659.9), (1015.7, 659.3), (1015.7, 659.0), (1015.7, 659.9), (1015.7, 659.3), (1015.7, 659.0), (1015.7, 659.9), (1015.7, 659.3), (1015.7, 659.0), (1015.7, 659.9), (1015.7, 659.3), (1015.7, 659.0), (1015.7, 659.9), (1015.7, 659.3), (1015.7, 659.0), (1015.7, 659.9), (1015.7, 659.3), (1015.7, 659.0), (1015.7, 659.9), (1015.7, 659.3), (1015.7, 659.0), (1015.7, 659.9), (1015.7, 659.3), (1015.7, 659.0)]",0,9.03
novice,meatboy,10,Stuck,6,0,116.75,0.962,"[(73.0, 653.0), (93.8, 659.3), (122.7, 612.1), (151.0, 575.2), (158.2, 557.1), (196.2, 557.9), (236.2, 563.3), (276.2, 563.0), (316.2, 567.4), (356.2, 589.8), (396.2, 631.0), (436.2, 659.0), (476.2, 659.9), (516.2, 659.3), (556.2, 659.0), (596.2, 659.9), (636.2, 659.3), (676.2, 659.0), (716.2, 659.9), (756.2, 659.3), (796.2, 659.0), (836.2, 659.9), (876.2, 659.3), (916.2, 659.0), (956.2, 659.9), (972.3, 624.3), (983.7, 582.7), (983.7, 559.9), (983.7, 556.0), (972.7, 558.6), (905.7, 494.2), (935.2, 484.8), (975.2, 494.3), (983.0, 522.6), (983.0, 562.2), (983.0, 601.8), (983.0, 641.5), (993.0, 659.3), (1011.5, 659.0), (1015.7, 659.9), (1015.7, 659.3), (1015.7, 659.0), (1015.7, 659.9), (1015.7, 659.3), (1015.7, 659.0), (1015.7, 659.9), (1015.7, 659.3), (1015.7, 659.0), (1015.7, 659.9), (1015.7, 659.3), (1015.7, 659.0), (1015.7, 659.9), (1015.7, 659.3), (1015.7, 659.0), (1015.7, 659.9), (1015.7, 659.3), (1015.7, 659.0), (1015.7, 659.9), (1015.7, 659.3), (1015.7, 659.0), (1015.7, 659.9), (1015.7, 659.3), (1015.7, 659.0), (1015.7, 659.9), (1015.7, 659.3), (1015.7, 659.0), (1015.7, 659.9), (1015.7, 659.3)]",0,8.97
novice,meatboy,10,Stuck,1,0,133.31,0.961,"[(73.0, 653.0), (98.2, 659.3), (138.2, 659.0), (178.2, 659.9), (218.2, 659.3), (258.2, 659.0), (298.2, 659.9), (338.2, 659.3), (378.2, 659.0), (418.2, 659.9), (458.2, 659.3), (498.2, 659.0), (538.2, 659.9), (578.2, 659.3), (618.2, 659.0), (658.2, 659.9), (698.2, 659.3), (738.2, 659.0), (778.2, 659.9), (818.2, 659.3), (858.2, 659.0), (898.2, 659.9), (938.2, 659.3), (978.2, 659.0), (1015.0, 659.9), (1015.0, 659.3), (1015.0, 659.0), (1015.0, 659.9), (1015.0, 659.3), (1015.0, 659.0), (1015.0, 659.9), (1015.0, 659.3), (1015.0, 659.0), (1015.0, 659.9), (1015.0, 659.3), (1015.0, 659.0), (1015.0, 659.9), (1015.0, 659.3), (1015.0, 659.0), (1015.0, 659.9), (1015.0, 659.3), (1015.0, 659.0), (1015.0, 659.9), (1015.0, 659.3), (1015.0, 659.0), (1015.0, 659.9), (1015.0, 659.3), (1015.0, 659.0), (1015.0, 659.9), (1015.0, 659.3), (1015.0, 659.0), (1015.0, 659.9), (1015.0, 659.3), (1015.0, 659.0), (1015.0, 659.9), (1015.0, 659.3), (1015.0, 659.0), (1015.0, 659.9), (1015.0, 659.3)]",0,7.8
novice,meatboy,10,Stuck,1,0,133.48,0.962,"[(73.0, 653.0), (98.2, 659.3), (138.2, 659.0), (178.2, 659.9), (218.2, 659.3), (258.2, 659.0), (298.2, 659.9), (338.2, 659.3), (378.2, 659.0), (418.2, 659.9), (458.2, 659.3), (498.2, 659.0), (538.2, 659.9), (578.2, 659.3), (618.2, 659.0), (658.2, 659.9), (698.2, 659.3), (738.2, 659.0), (778.2, 659.9), (818.2, 659.3), (858.2, 659.0), (898.2, 659.9), (938.2, 659.3), (978.2, 659.0), (1007.5, 659.9), (1015.7, 659.3), (1015.7, 659.0), (1015.7, 659.9), (1015.7, 659.3), (1015.7, 659.0), (1015.7, 659.9), (1015.7, 659.3), (1015.7, 659.0), (1015.7, 659.9), (1015.7, 659.3), (1015.7, 659.0), (1015.7, 659.9), (1015.7, 659.3), (1015.7, 659.0), (1015.7, 659.9), (1015.7, 659.3), (1015.7, 659.0), (1015.7, 659.9), (1015.7, 659.3), (1015.7, 659.0), (1015.7, 659.9), (1015.7, 659.3), (1015.7, 659.0), (1015.7, 659.9), (1015.7, 659.3), (1015.7, 659.0), (1015.7, 659.9), (1015.7, 659.3), (1015.7, 659.0), (1015.7, 659.9), (1015.7, 659.3), (1015.7, 659.0), (1015.7, 659.9), (1015.7, 659.3)]",0,7.8
novice,meatboy,10,Stuck,1,0,129.86,0.961,"[(73.0, 653.0), (98.2, 659.3), (122.6, 659.0), (141.5, 659.9), (167.3, 659.3), (207.3, 659.0), (247.3, 659.9), (287.3, 659.3), (327.3, 659.0), (367.3, 659.9), (407.3, 659.3), (447.3, 659.0), (487.3, 659.9), (527.3, 659.3), (567.3, 659.0), (607.3, 659.9), (647.3, 659.3), (687.3, 659.0), (727.3, 659.9), (767.3, 659.3), (807.3, 659.0), (847.3, 659.9), (887.3, 659.3), (927.3, 659.0), (955.7, 659.9), (976.8, 659.3), (996.5, 659.0), (1015.0, 659.9), (1015.0, 659.3), (1015.0, 659.0), (1015.0, 659.9), (1015.0, 659.3), (1015.0, 659.0), (1015.0, 659.9), (1015.0, 659.3), (1015.0, 659.0), (1015.0, 659.9), (1015.0, 659.3), (1015.0, 659.0), (1015.0, 659.9), (1015.0, 659.3), (1015.0, 659.0), (1015.0, 659.9), (1015.0, 659.3), (1015.0, 659.0), (1015.0, 659.9), (1015.0, 659.3), (1015.0, 659.0), (1015.0, 659.9), (1015.0, 659.3), (1015.0, 659.0), (1015.0, 659.9), (1015.0, 659.3), (1015.0, 659.0), (1015.0, 659.9), (1015.0, 659.3), (1015.0, 659.0), (1015.0, 659.9), (1015.0, 659.3), (1015.0, 659.0)]",0,7.97
novice,meatboy,10,Stuck,2,0,124.32,0.961,"[(73.0, 653.0), (98.2, 659.3), (138.2, 659.0), (178.2, 659.9), (218.2, 659.3), (258.2, 659.0), (298.2, 659.9), (338.2, 659.3), (378.2, 659.0), (418.2, 659.9), (458.2, 659.3), (498.2, 659.0), (538.2, 659.9), (578.2, 659.3), (618.2, 659.0), (658.2, 659.9), (698.2, 659.3), (738.2, 659.0), (778.2, 659.9), (818.2, 659.3), (858.2, 659.0), (898.2, 659.9), (938.2, 659.3), (976.2, 659.0), (983.0, 618.1), (978.7, 578.8), (980.8, 558.4), (981.6, 556.8), (983.7, 574.1), (983.7, 609.3), (983.7, 649.0), (1003.2, 659.9), (1015.7, 659.3), (1015.7, 659.0), (1015.7, 659.9), (1015.7, 659.3), (1015.7, 659.0), (1015.7, 659.9), (1015.7, 659.3), (1015.7, 659.0), (1015.7, 659.9), (1015.7, 659.3), (1015.7, 659.0), (1015.7, 659.9), (1015.7, 659.3), (1015.7, 659.0), (1015.7, 659.9), (1015.7, 659.3), (1015.7, 659.0), (1015.7, 659.9), (1015.7, 659.3), (1015.7, 659.0), (1015.7, 659.9), (1015.7, 659.3), (1015.7, 659.0), (1015.7, 659.9), (1015.7, 659.3), (1015.7, 659.0), (1015.7, 659.9), (1015.7, 659.3), (1015.7, 659.0), (1015.7, 659.9), (1015.7, 659.3)]",0,8.35
novice,meatboy,10,Stuck,1,0,10.58,0.121,"[(73.0, 653.0), (93.8, 659.3), (121.7, 659.0), (127.7, 659.9), (127.7, 659.3), (127.7, 659.0), (127.7, 659.9), (127.7, 659.3), (127.7, 659.0), (127.7, 659.9), (127.7, 659.3), (127.7, 659.0), (127.7, 659.9), (127.7, 659.3), (127.7, 659.0), (127.7, 659.9), (127.7, 659.3), (127.7, 659.0), (127.7, 659.9), (127.7, 659.3), (127.7, 659.0), (127.7, 659.9), (127.7, 659.3), (127.7, 659.0), (127.7, 659.9), (127.7, 659.3), (127.7, 659.0), (127.7, 659.9), (127.7, 659.3), (127.7, 659.0), (127.7, 659.9), (127.7, 659.3), (127.7, 659.0), (127.7, 659.9), (127.7, 659.3), (127.7, 659.0), (127.7, 659.9), (127.7, 659.3), (127.7, 659.0)]",0,5.17
novice,meatboy,10,Stuck,24,0,73.17,0.931,"[(73.0, 653.0), (91.0, 659.3), (107.8, 612.1), (147.8, 592.3), (151.7, 597.1), (140.7, 607.3), (62.3, 542.9), (48.2, 502.9), (86.2, 498.2), (87.7, 512.3), (97.8, 545.3), (137.2, 597.2), (161.8, 659.0), (174.2, 623.4), (213.7, 629.2), (253.7, 656.3), (293.7, 659.3), (333.7, 659.0), (373.7, 659.9), (413.7, 659.3), (453.7, 659.0), (493.7, 659.9), (533.7, 659.3), (573.7, 659.0), (613.7, 659.9), (653.7, 659.3), (693.7, 659.0), (733.7, 659.9), (773.7, 659.3), (813.7, 659.0), (853.7, 659.9), (893.7, 659.3), (933.7, 659.0), (952.6, 637.6), (983.7, 591.3), (983.7, 563.8), (983.7, 555.2), (983.7, 565.4), (972.7, 580.4), (894.3, 525.3), (855.0, 538.2), (861.9, 570.1), (900.8, 620.7), (940.8, 659.0), (957.9, 630.2), (983.0, 586.3), (983.0, 561.1), (983.0, 554.8), (983.0, 567.4), (962.3, 570.7), (886.9, 508.7), (883.8, 473.8), (923.2, 471.4), (963.2, 488.0), (983.0, 523.3), (902.5, 456.6), (857.4, 408.7), (858.5, 401.4), (895.8, 423.8), (935.8, 465.0), (975.8, 525.1), (962.3, 544.4), (886.9, 482.4), (853.3, 439.2), (866.0, 419.8), (905.8, 422.2), (945.8, 443.4), (983.0, 483.5), (972.7, 515.0), (894.3, 450.6), (855.0, 405.1), (861.9, 403.2), (900.8, 427.9), (940.8, 471.5), (980.8, 533.9), (952.0, 535.7), (880.2, 476.0), (852.4, 435.2), (870.8, 419.1), (910.8, 423.8), (950.8, 447.4), (983.7, 488.4), (962.3, 505.9), (886.9, 443.9), (853.3, 400.8), (866.0, 405.2), (905.8, 432.3), (945.8, 478.3), (983.0, 543.0), (941.7, 527.2), (874.2, 469.9), (852.2, 431.4), (875.8, 418.6), (915.8, 425.7), (955.8, 451.7)]",0,12.63
novice,meatboy,10,Stuck,6,0,116.75,0.962,"[(73.0, 653.0), (93.8, 659.3), (122.7, 612.1), (151.0, 575.2), (158.2, 557.1), (196.2, 557.9), (236.2, 563.3), (276.2, 563.0), (316.2, 567.4), (356.2, 589.8), (396.2, 631.0), (436.2, 659.0), (476.2, 659.9), (516.2, 659.3), (556.2, 659.0), (596.2, 659.9), (636.2, 659.3), (676.2, 659.0), (716.2, 659.9), (756.2, 659.3), (796.2, 659.0), (836.2, 659.9), (876.2, 659.3), (916.2, 659.0), (956.2, 659.9), (972.3, 624.3), (983.7, 582.7), (983.7, 559.9), (983.7, 556.0), (972.7, 558.6), (905.7, 494.2), (935.2, 484.8), (975.2, 494.3), (983.0, 522.6), (983.0, 562.2), (983.0, 601.8), (983.0, 641.5), (993.0, 659.3), (1011.5, 659.0), (1015.7, 659.9), (1015.7, 659.3), (1015.7, 659.0), (1015.7, 659.9), (1015.7, 659.3), (1015.7, 659.0), (1015.7, 659.9), (1015.7, 659.3), (1015.7, 659.0), (1015.7, 659.9), (1015.7, 659.3), (1015.7, 659.0), (1015.7, 659.9), (1015.7, 659.3), (1015.7, 659.0), (1015.7, 659.9), (1015.7, 659.3), (1015.7, 659.0), (1015.7, 659.9), (1015.7, 659.3), (1015.7, 659.0), (1015.7, 659.9), (1015.7, 659.3), (1015.7, 659.0), (1015.7, 659.9), (1015.7, 659.3), (1015.7, 659.0), (1015.7, 659.9), (1015.7, 659.3)]",0,8.97
novice,meatboy,10,Stuck,4,0,116.32,0.962,"[(73.0, 653.0), (98.2, 659.3), (136.2, 659.0), (154.0, 659.9), (194.0, 659.3), (234.0, 659.0), (274.0, 659.9), (314.0, 659.3), (354.0, 659.0), (394.0, 659.9), (434.0, 659.3), (474.0, 659.0), (514.0, 659.9), (554.0, 659.3), (594.0, 659.0), (634.0, 659.9), (674.0, 659.3), (714.0, 659.0), (754.0, 659.9), (794.0, 659.3), (834.0, 659.0), (874.0, 659.9), (914.0, 659.3), (954.0, 659.0), (972.8, 659.9), (976.7, 624.3), (983.0, 582.7), (983.0, 559.9), (983.0, 556.0), (983.0, 570.9), (921.0, 525.7), (920.2, 495.7), (960.2, 498.1), (983.7, 519.3), (983.7, 556.8), (983.7, 596.5), (983.7, 636.2), (993.8, 659.0), (1015.7, 659.9), (1015.7, 659.3), (1015.7, 659.0), (1015.7, 659.9), (1015.7, 659.3), (1015.7, 659.0), (1015.7, 659.9), (1015.7, 659.3), (1015.7, 659.0), (1015.7, 659.9), (1015.7, 659.3), (1015.7, 659.0), (1015.7, 659.9), (1015.7, 659.3), (1015.7, 659.0), (1015.7, 659.9), (1015.7, 659.3), (1015.7, 659.0), (1015.7, 659.9), (1015.7, 659.3), (1015.7, 659.0), (1015.7, 659.9), (1015.7, 659.3), (1015.7, 659.0), (1015.7, 659.9), (1015.7, 659.3), (1015.7, 659.0), (1015.7, 659.9), (1015.7, 659.3), (1015.7, 659.0)]",0,9.03
novice,meatboy,10,Stuck,4,0,119.55,0.962,"[(73.0, 653.0), (98.2, 659.3), (138.2, 659.0), (178.2, 659.9), (218.2, 659.3), (258.2, 659.0), (298.2, 659.9), (338.2, 659.3), (378.2, 659.0), (418.2, 659.9), (458.2, 659.3), (498.2, 659.0), (538.2, 659.9), (578.2, 659.3), (618.2, 659.0), (658.2, 659.9), (698.2, 659.3), (738.2, 659.0), (778.2, 659.9), (818.2, 659.3), (858.2, 659.0), (898.2, 659.9), (938.2, 659.3), (962.6, 652.2), (983.0, 601.1), (978.7, 568.9), (980.8, 555.6), (983.0, 561.1), (905.0, 505.1), (930.2, 500.4), (970.2, 514.6), (983.7, 547.4), (983.7, 587.1), (983.7, 626.8), (987.3, 659.3), (1015.7, 659.0), (1015.7, 659.9), (1015.7, 659.3), (1015.7, 659.0), (1015.7, 659.9), (1015.7, 659.3), (1015.7, 659.0), (1015.7, 659.9), (1015.7, 659.3), (1015.7, 659.0), (1015.7, 659.9), (1015.7, 659.3), (1015.7, 659.0), (1015.7, 659.9), (1015.7, 659.3), (1015.7, 659.0), (1015.7, 659.9), (1015.7, 659.3), (1015.7, 659.0), (1015.7, 659.9), (1015.7, 659.3), (1015.7, 659.0), (1015.7, 659.9), (1015.7, 659.3), (1015.7, 659.0), (1015.7, 659.9), (1015.7, 659.3), (1015.7, 659.0), (1015.7, 659.9), (1015.7, 659.3), (1015.7, 659.0)]",0,8.7
novice,meatboy,10,Stuck,2,0,132.81,0.961,"[(73.0, 653.0), (98.2, 659.3), (138.2, 659.0), (178.2, 659.9), (218.2, 659.3), (258.2, 659.0), (298.2, 659.9), (338.2, 659.3), (378.2, 659.0), (418.2, 659.9), (458.2, 659.3), (498.2, 659.0), (538.2, 659.9), (578.2, 659.3), (618.2, 659.0), (658.2, 659.9), (698.2, 659.3), (738.2, 659.0), (778.2, 659.9), (818.2, 659.3), (858.2, 659.0), (898.2, 659.9), (938.2, 659.3), (976.2, 659.0), (983.0, 618.1), (983.0, 593.0), (983.0, 595.4), (983.0, 616.6), (983.0, 654.2), (1008.2, 659.0), (1015.0, 659.9), (1015.0, 659.3), (1015.0, 659.0), (1015.0, 659.9), (1015.0, 659.3), (1015.0, 659.0), (1015.0, 659.9), (1015.0, 659.3), (1015.0, 659.0), (1015.0, 659.9), (1015.0, 659.3), (1015.0, 659.0), (1015.0, 659.9), (1015.0, 659.3), (1015.0, 659.0), (1015.0, 659.9), (1015.0, 659.3), (1015.0, 659.0), (1015.0, 659.9), (1015.0, 659.3), (1015.0, 659.0), (1015.0, 659.9), (1015.0, 659.3), (1015.0, 659.0), (1015.0, 659.9), (1015.0, 659.3), (1015.0, 659.0), (1015.0, 659.9), (1015.0, 659.3)]",0,7.8
novice,meatboy,10,Stuck,1,0,2.24,0.08,"[(73.0, 653.0), (84.3, 659.3), (84.3, 659.0), (84.3, 659.9), (84.3, 659.3), (84.3, 659.0), (84.3, 659.9), (84.3, 659.3), (84.3, 659.0), (84.3, 659.9), (84.3, 659.3), (84.3, 659.0), (84.3, 659.9), (84.3, 659.3), (84.3, 659.0), (84.3, 659.9), (84.3, 659.3), (84.3, 659.0), (84.3, 659.9), (84.3, 659.3), (84.3, 659.0), (84.3, 659.9), (84.3, 659.3), (84.3, 659.0), (84.3, 659.9), (84.3, 659.3), (84.3, 659.0), (84.3, 659.9), (84.3, 659.3), (84.3, 659.0), (84.3, 659.9), (84.3, 659.3), (84.3, 659.0), (84.3, 659.9), (84.3, 659.3), (84.3, 659.0), (84.3, 659.9), (84.3, 659.3)]",0,5.02
novice,meatboy,10,Stuck,7,0,32.17,0.553,"[(73.0, 653.0), (91.0, 659.3), (61.3, 652.2), (45.3, 601.1), (81.2, 578.8), (121.2, 581.1), (151.7, 602.4), (99.3, 571.3), (41.0, 516.3), (66.2, 496.7), (87.7, 501.4), (87.0, 525.0), (112.2, 567.4), (151.0, 628.7), (159.1, 651.9), (185.6, 652.0), (219.8, 659.0), (221.6, 659.9), (227.4, 659.3), (228.2, 659.0), (227.6, 659.9), (233.4, 659.3), (234.2, 659.0), (233.6, 659.9), (239.4, 659.3), (240.2, 659.0), (239.6, 659.9), (245.4, 659.3), (246.2, 659.0), (245.6, 659.9), (251.4, 659.3), (252.2, 659.0), (234.9, 630.2), (259.3, 627.2), (299.3, 651.9), (339.3, 659.0), (379.3, 659.9), (419.3, 659.3), (459.3, 659.0), (487.7, 659.9), (492.1, 659.3), (496.8, 659.0), (494.9, 659.9), (498.1, 659.3), (502.8, 659.0), (500.9, 659.9), (504.1, 659.3), (508.8, 659.0), (506.9, 659.9), (510.1, 659.3), (514.8, 659.0), (512.9, 659.9), (516.1, 659.3), (523.4, 659.0), (539.3, 659.9), (554.0, 659.3), (567.4, 659.0), (570.3, 659.9), (569.3, 659.3), (568.1, 659.0), (571.0, 659.9), (570.0, 659.3), (568.8, 659.0), (571.7, 659.9), (570.7, 659.3), (569.4, 659.0), (572.3, 659.9), (571.3, 659.3), (570.1, 659.0), (573.0, 659.9), (572.0, 659.3), (570.8, 659.0), (573.7, 659.9), (572.7, 659.3), (571.4, 659.0), (574.3, 659.9), (573.3, 659.3), (572.1, 659.0), (575.0, 659.9), (574.0, 659.3), (572.8, 659.0), (575.7, 659.9), (574.7, 659.3), (573.4, 659.0), (576.3, 659.9), (575.3, 659.3), (574.1, 659.0), (577.0, 659.9), (576.0, 659.3), (574.8, 659.0), (577.7, 659.9), (576.7, 659.3), (575.4, 659.0), (578.3, 659.9), (577.3, 659.3), (576.1, 659.0), (579.0, 659.9), (578.0, 659.3), (576.8, 659.0), (579.7, 659.9), (578.7, 659.3), (577.4, 659.0), (580.3, 659.9), (579.3, 659.3), (578.1, 659.0), (581.0, 659.9), (580.0, 659.3), (578.8, 659.0), (581.7, 659.9), (580.7, 659.3), (579.4, 659.0), (582.3, 659.9), (581.3, 659.3), (580.1, 659.0), (583.0, 659.9), (582.0, 659.3), (580.8, 659.0), (583.7, 659.9), (582.7, 659.3), (581.4, 659.0), (584.3, 659.9)]",0,16.0
novice,meatboy,10,Stuck,1,0,2.24,0.08,"[(73.0, 653.0), (84.3, 659.3), (84.3, 659.0), (84.3, 659.9), (84.3, 659.3), (84.3, 659.0), (84.3, 659.9), (84.3, 659.3), (84.3, 659.0), (84.3, 659.9), (84.3, 659.3), (84.3, 659.0), (84.3, 659.9), (84.3, 659.3), (84.3, 659.0), (84.3, 659.9), (84.3, 659.3), (84.3, 659.0), (84.3, 659.9), (84.3, 659.3), (84.3, 659.0), (84.3, 659.9), (84.3, 659.3), (84.3, 659.0), (84.3, 659.9), (84.3, 659.3), (84.3, 659.0), (84.3, 659.9), (84.3, 659.3), (84.3, 659.0), (84.3, 659.9), (84.3, 659.3), (84.3, 659.0), (84.3, 659.9), (84.3, 659.3), (84.3, 659.0), (84.3, 659.9), (84.3, 659.3)]",0,5.02
novice,meatboy,10,Stuck,1,0,4.49,0.09,"[(73.0, 653.0), (93.8, 659.3), (95.5, 659.0), (95.5, 659.9), (95.5, 659.3), (95.5, 659.0), (95.5, 659.9), (95.5, 659.3), (95.5, 659.0), (95.5, 659.9), (95.5, 659.3), (95.5, 659.0), (95.5, 659.9), (95.5, 659.3), (95.5, 659.0), (95.5, 659.9), (95.5, 659.3), (95.5, 659.0), (95.5, 659.9), (95.5, 659.3), (95.5, 659.0), (95.5, 659.9), (95.5, 659.3), (95.5, 659.0), (95.5, 659.9), (95.5, 659.3), (95.5, 659.0), (95.5, 659.9), (95.5, 659.3), (95.5, 659.0), (95.5, 659.9), (95.5, 659.3), (95.5, 659.0), (95.5, 659.9), (95.5, 659.3), (95.5, 659.0), (95.5, 659.9), (95.5, 659.3)]",0,5.02
novice,meatboy,10,Stuck,7,0,114.89,0.962,"[(73.0, 653.0), (91.0, 659.3), (105.1, 659.0), (115.3, 659.9), (121.0, 659.3), (133.3, 612.1), (120.7, 568.2), (48.9, 535.5), (56.2, 537.9), (96.2, 559.1), (136.2, 599.2), (158.2, 646.8), (184.5, 659.9), (212.0, 659.3), (252.0, 659.0), (292.0, 659.9), (332.0, 659.3), (372.0, 659.0), (412.0, 659.9), (452.0, 659.3), (492.0, 659.0), (532.0, 659.9), (572.0, 659.3), (612.0, 659.0), (652.0, 659.9), (692.0, 659.3), (732.0, 659.0), (772.0, 659.9), (812.0, 659.3), (852.0, 659.0), (892.0, 659.9), (932.0, 659.3), (956.4, 652.2), (983.0, 612.3), (983.0, 610.0), (983.0, 626.5), (985.2, 659.0), (1012.3, 659.9), (1015.0, 659.2), (1015.0, 659.3), (1015.0, 659.0), (1015.0, 659.9), (1015.0, 659.3), (1015.0, 659.0), (1015.0, 659.9), (1015.0, 659.3), (1015.0, 659.0), (1015.0, 659.9), (1015.0, 659.3), (1015.0, 659.0), (1015.0, 659.9), (1015.0, 659.3), (1015.0, 659.0), (1015.0, 659.9), (1015.0, 659.3), (1015.0, 659.0), (1015.0, 659.9), (1015.0, 659.3), (1015.0, 659.0), (1015.0, 659.9), (1015.0, 659.3), (1015.0, 659.0), (1015.0, 659.9), (1015.0, 659.3), (1015.0, 659.0), (1015.0, 659.9), (1015.0, 659.3), (1015.0, 659.0)]",0,9.02
novice,meatboy,10,Stuck,24,0,73.17,0.931,"[(73.0, 653.0), (91.0, 659.3), (107.8, 612.1), (147.8, 592.3), (151.7, 597.1), (140.7, 607.3), (62.3, 542.9), (48.2, 502.9), (86.2, 498.2), (87.7, 512.3), (97.8, 545.3), (137.2, 597.2), (161.8, 659.0), (174.2, 623.4), (213.7, 629.2), (253.7, 656.3), (293.7, 659.3), (333.7, 659.0), (373.7, 659.9), (413.7, 659.3), (453.7, 659.0), (493.7, 659.9), (533.7, 659.3), (573.7, 659.0), (613.7, 659.9), (653.7, 659.3), (693.7, 659.0), (733.7, 659.9), (773.7, 659.3), (813.7, 659.0), (853.7, 659.9), (893.7, 659.3), (933.7, 659.0), (952.6, 637.6), (983.7, 591.3), (983.7, 563.8), (983.7, 555.2), (983.7, 565.4), (972.7, 580.4), (894.3, 525.3), (855.0, 538.2), (861.9, 570.1), (900.8, 620.7), (940.8, 659.0), (957.9, 630.2), (983.0, 586.3), (983.0, 561.1), (983.0, 554.8), (983.0, 567.4), (962.3, 570.7), (886.9, 508.7), (883.8, 473.8), (923.2, 471.4), (963.2, 488.0), (983.0, 523.3), (902.5, 456.6), (857.4, 408.7), (858.5, 401.4), (895.8, 423.8), (935.8, 465.0), (975.8, 525.1), (962.3, 544.4), (886.9, 482.4), (853.3, 439.2), (866.0, 419.8), (905.8, 422.2), (945.8, 443.4), (983.0, 483.5), (972.7, 515.0), (894.3, 450.6), (855.0, 405.1), (861.9, 403.2), (900.8, 427.9), (940.8, 471.5), (980.8, 533.9), (952.0, 535.7), (880.2, 476.0), (852.4, 435.2), (870.8, 419.1), (910.8, 423.8), (950.8, 447.4), (983.7, 488.4), (962.3, 505.9), (886.9, 443.9), (853.3, 400.8), (866.0, 405.2), (905.8, 432.3), (945.8, 478.3), (983.0, 543.0), (941.7, 527.2), (874.2, 469.9), (852.2, 431.4), (875.8, 418.6), (915.8, 425.7), (955.8, 451.7)]",0,12.63
novice,meatboy,10,Stuck,4,0,119.55,0.962,"[(73.0, 653.0), (98.2, 659.3), (138.2, 659.0), (178.2, 659.9), (218.2, 659.3), (258.2, 659.0), (298.2, 659.9), (338.2, 659.3), (378.2, 659.0), (418.2, 659.9), (458.2, 659.3), (498.2, 659.0), (538.2, 659.9), (578.2, 659.3), (618.2, 659.0), (658.2, 659.9), (698.2, 659.3), (738.2, 659.0), (778.2, 659.9), (818.2, 659.3), (858.2, 659.0), (898.2, 659.9), (938.2, 659.3), (962.6, 652.2), (983.0, 601.1), (978.7, 568.9), (980.8, 555.6), (983.0, 561.1), (905.0, 505.1), (930.2, 500.4), (970.2, 514.6), (983.7, 547.4), (983.7, 587.1), (983.7, 626.8), (987.3, 659.3), (1015.7, 659.0), (1015.7, 659.9), (1015.7, 659.3), (1015.7, 659.0), (1015.7, 659.9), (1015.7, 659.3), (1015.7, 659.0), (1015.7, 659.9), (1015.7, 659.3), (1015.7, 659.0), (1015.7, 659.9), (1015.7, 659.3), (1015.7, 659.0), (1015.7, 659.9), (1015.7, 659.3), (1015.7, 659.0), (1015.7, 659.9), (1015.7, 659.3), (1015.7, 659.0), (1015.7, 659.9), (1015.7, 659.3), (1015.7, 659.0), (1015.7, 659.9), (1015.7, 659.3), (1015.7, 659.0), (1015.7, 659.9), (1015.7, 659.3), (1015.7, 659.0), (1015.7, 659.9), (1015.7, 659.3), (1015.7, 659.0)]",0,8.7
novice,meatboy,10,Stuck,4,0,116.32,0.962,"[(73.0, 653.0), (98.2, 659.3), (136.2, 659.0), (154.0, 659.9), (194.0, 659.3), (234.0, 659.0), (274.0, 659.9), (314.0, 659.3), (354.0, 659.0), (394.0, 659.9), (434.0, 659.3), (474.0, 659.0), (514.0, 659.9), (554.0, 659.3), (594.0, 659.0), (634.0, 659.9), (674.0, 659.3), (714.0, 659.0), (754.0, 659.9), (794.0, 659.3), (834.0, 659.0), (874.0, 659.9), (914.0, 659.3), (954.0, 659.0), (972.8, 659.9), (976.7, 624.3), (983.0, 582.7), (983.0, 559.9), (983.0, 556.0), (983.0, 570.9), (921.0, 525.7), (920.2, 495.7), (960.2, 498.1), (983.7, 519.3), (983.7, 556.8), (983.7, 596.5), (983.7, 636.2), (993.8, 659.0), (1015.7, 659.9), (1015.7, 659.3), (1015.7, 659.0), (1015.7, 659.9), (1015.7, 659.3), (1015.7, 659.0), (1015.7, 659.9), (1015.7, 659.3), (1015.7, 659.0), (1015.7, 659.9), (1015.7, 659.3), (1015.7, 659.0), (1015.7, 659.9), (1015.7, 659.3), (1015.7, 659.0), (1015.7, 659.9), (1015.7, 659.3), (1015.7, 659.0), (1015.7, 659.9), (1015.7, 659.3), (1015.7, 659.0), (1015.7, 659.9), (1015.7, 659.3), (1015.7, 659.0), (1015.7, 659.9), (1015.7, 659.3), (1015.7, 659.0), (1015.7, 659.9), (1015.7, 659.3), (1015.7, 659.0)]",0,9.03
novice,meatboy,10,Stuck,6,0,116.75,0.962,"[(73.0, 653.0), (93.8, 659.3), (122.7, 612.1), (151.0, 575.2), (158.2, 557.1), (196.2, 557.9), (236.2, 563.3), (276.2, 563.0), (316.2, 567.4), (356.2, 589.8), (396.2, 631.0), (436.2, 659.0), (476.2, 659.9), (516.2, 659.3), (556.2, 659.0), (596.2, 659.9), (636.2, 659.3), (676.2, 659.0), (716.2, 659.9), (756.2, 659.3), (796.2, 659.0), (836.2, 659.9), (876.2, 659.3), (916.2, 659.0), (956.2, 659.9), (972.3, 624.3), (983.7, 582.7), (983.7, 559.9), (983.7, 556.0), (972.7, 558.6), (905.7, 494.2), (935.2, 484.8), (975.2, 494.3), (983.0, 522.6), (983.0, 562.2), (983.0, 601.8), (983.0, 641.5), (993.0, 659.3), (1011.5, 659.0), (1015.7, 659.9), (1015.7, 659.3), (1015.7, 659.0), (1015.7, 659.9), (1015.7, 659.3), (1015.7, 659.0), (1015.7, 659.9), (1015.7, 659.3), (1015.7, 659.0), (1015.7, 659.9), (1015.7, 659.3), (1015.7, 659.0), (1015.7, 659.9), (1015.7, 659.3), (1015.7, 659.0), (1015.7, 659.9), (1015.7, 659.3), (1015.7, 659.0), (1015.7, 659.9), (1015.7, 659.3), (1015.7, 659.0), (1015.7, 659.9), (1015.7, 659.3), (1015.7, 659.0), (1015.7, 659.9), (1015.7, 659.3), (1015.7, 659.0), (1015.7, 659.9), (1015.7, 659.3)]",0,8.97
novice,meatboy,10,Stuck,1,0,133.31,0.961,"[(73.0, 653.0), (98.2, 659.3), (138.2, 659.0), (178.2, 659.9), (218.2, 659.3), (258.2, 659.0), (298.2, 659.9), (338.2, 659.3), (378.2, 659.0), (418.2, 659.9), (458.2, 659.3), (498.2, 659.0), (538.2, 659.9), (578.2, 659.3), (618.2, 659.0), (658.2, 659.9), (698.2, 659.3), (738.2, 659.0), (778.2, 659.9), (818.2, 659.3), (858.2, 659.0), (898.2, 659.9), (938.2, 659.3), (978.2, 659.0), (1015.0, 659.9), (1015.0, 659.3), (1015.0, 659.0), (1015.0, 659.9), (1015.0, 659.3), (1015.0, 659.0), (1015.0, 659.9), (1015.0, 659.3), (1015.0, 659.0), (1015.0, 659.9), (1015.0, 659.3), (1015.0, 659.0), (1015.0, 659.9), (1015.0, 659.3), (1015.0, 659.0), (1015.0, 659.9), (1015.0, 659.3), (1015.0, 659.0), (1015.0, 659.9), (1015.0, 659.3), (1015.0, 659.0), (1015.0, 659.9), (1015.0, 659.3), (1015.0, 659.0), (1015.0, 659.9), (1015.0, 659.3), (1015.0, 659.0), (1015.0, 659.9), (1015.0, 659.3), (1015.0, 659.0), (1015.0, 659.9), (1015.0, 659.3), (1015.0, 659.0), (1015.0, 659.9), (1015.0, 659.3)]",0,7.8
novice,meatboy,10,Stuck,1,0,131.49,0.962,"[(73.0, 653.0), (93.8, 659.3), (121.7, 659.0), (151.9, 659.9), (191.9, 659.3), (231.9, 659.0), (271.9, 659.9), (311.9, 659.3), (351.9, 659.0), (391.9, 659.9), (431.9, 659.3), (471.9, 659.0), (511.9, 659.9), (551.9, 659.3), (591.9, 659.0), (631.9, 659.9), (671.9, 659.3), (711.9, 659.0), (751.9, 659.9), (791.9, 659.3), (831.9, 659.0), (871.9, 659.9), (911.9, 659.3), (951.9, 659.0), (985.9, 659.9), (997.7, 659.3), (1015.0, 659.0), (1015.0, 659.9), (1015.0, 659.3), (1015.0, 659.0), (1015.0, 659.9), (1015.0, 659.3), (1015.0, 659.0), (1015.0, 659.9), (1015.0, 659.3), (1015.0, 659.0), (1015.0, 659.9), (1015.0, 659.3), (1015.0, 659.0), (1015.0, 659.9), (1015.0, 659.3), (1015.0, 659.0), (1015.0, 659.9), (1015.0, 659.3), (1015.0, 659.0), (1015.0, 659.9), (1015.0, 659.3), (1015.0, 659.0), (1015.0, 659.9), (1015.0, 659.3), (1015.0, 659.0), (1015.0, 659.9), (1015.0, 659.3), (1015.0, 659.0), (1015.0, 659.9), (1015.0, 659.3), (1015.0, 659.0), (1015.0, 659.9), (1015.0, 659.3), (1015.0, 659.0)]",0,7.88
novice,meatboy,10,Stuck,1,0,38.95,0.57,"[(73.0, 653.0), (98.2, 659.3), (98.6, 659.0), (124.8, 659.9), (132.9, 659.3), (132.2, 659.0), (138.1, 659.9), (138.9, 659.3), (138.2, 659.0), (144.1, 659.9), (144.9, 659.3), (144.2, 659.0), (150.1, 659.9), (150.9, 659.3), (150.2, 659.0), (156.1, 659.9), (156.9, 659.3), (156.2, 659.0), (162.1, 659.9), (162.9, 659.3), (162.2, 659.0), (168.1, 659.9), (168.9, 659.3), (168.2, 659.0), (174.1, 659.9), (174.9, 659.3), (174.2, 659.0), (180.1, 659.9), (180.9, 659.3), (180.2, 659.0), (186.1, 659.9), (186.9, 659.3), (186.2, 659.0), (192.1, 659.9), (192.9, 659.3), (192.2, 659.0), (198.1, 659.9), (235.1, 659.3), (252.2, 659.0), (290.9, 659.9), (330.9, 659.3), (370.9, 659.0), (410.9, 659.9), (450.9, 659.3), (475.4, 659.0), (494.3, 659.9), (513.2, 659.3), (528.2, 659.0), (539.3, 659.9), (553.8, 659.3), (566.9, 659.0), (563.7, 659.9), (565.6, 659.3), (568.9, 659.0), (565.7, 659.9), (567.6, 659.3), (570.9, 659.0), (567.7, 659.9), (569.6, 659.3), (572.9, 659.0), (569.7, 659.9), (571.6, 659.3), (574.9, 659.0), (571.7, 659.9), (573.6, 659.3), (576.9, 659.0), (573.7, 659.9), (575.6, 659.3), (578.9, 659.0), (575.7, 659.9), (577.6, 659.3), (580.9, 659.0), (577.7, 659.9), (579.6, 659.3), (582.9, 659.0), (579.7, 659.9), (581.6, 659.3), (584.9, 659.0), (581.7, 659.9), (583.6, 659.3), (586.9, 659.0), (583.7, 659.9), (585.6, 659.3), (588.9, 659.0), (585.7, 659.9), (587.6, 659.3), (590.9, 659.0), (587.7, 659.9), (589.6, 659.3), (592.9, 659.0), (589.7, 659.9), (591.6, 659.3), (594.9, 659.0), (591.7, 659.9), (593.6, 659.3), (596.9, 659.0), (593.7, 659.9), (595.6, 659.3), (598.9, 659.0), (595.7, 659.9), (597.6, 659.3), (600.9, 659.0)]",0,13.57
novice,meatboy,10,Stuck,1,0,-6.32,0.039,"[(73.0, 653.0), (91.0, 659.3), (61.3, 659.0), (41.0, 659.9), (41.0, 659.3), (41.0, 659.0), (41.0, 659.9), (41.0, 659.3), (41.0, 659.0), (41.0, 659.9), (41.0, 659.3), (41.0, 659.0), (41.0, 659.9), (41.0, 659.3), (41.0, 659.0), (41.0, 659.9), (41.0, 659.3), (41.0, 659.0), (41.0, 659.9), (41.0, 659.3), (41.0, 659.0), (41.0, 659.9), (41.0, 659.3), (41.0, 659.0), (41.0, 659.9), (41.0, 659.3), (41.0, 659.0), (41.0, 659.9), (41.0, 659.3), (41.0, 659.0), (41.0, 659.9), (41.0, 659.3), (41.0, 659.0), (41.0, 659.9), (41.0, 659.3), (41.0, 659.0), (41.0, 659.9), (41.0, 659.3)]",0,5.02
novice,meatboy,10,Saw,2,0,286.72,0.372,"[(73.0, 653.0), (98.2, 659.3), (138.2, 659.0), (178.2, 659.9), (218.2, 659.3), (258.2, 659.0), (298.2, 618.1), (338.2, 578.8), (378.2, 558.4)]",0,1.12
novice,meatboy,10,Stuck,1,0,128.85,0.961,"[(73.0, 653.0), (98.2, 659.3), (138.2, 659.0), (178.2, 659.9), (218.2, 659.3), (258.2, 659.0), (298.2, 659.9), (338.2, 659.3), (378.2, 659.0), (418.2, 659.9), (458.2, 659.3), (498.2, 659.0), (538.2, 659.9), (578.2, 659.3), (618.2, 659.0), (658.2, 659.9), (698.2, 659.3), (738.2, 659.0), (778.2, 659.9), (818.2, 659.3), (858.2, 659.0), (898.2, 659.9), (938.2, 659.3), (952.6, 659.0), (950.7, 659.9), (953.9, 659.3), (958.6, 659.0), (956.7, 659.9), (959.9, 659.3), (964.6, 659.0), (962.7, 659.9), (965.9, 659.3), (970.6, 659.0), (968.7, 659.9), (971.9, 659.3), (979.3, 659.0), (1015.0, 659.9), (1015.0, 659.3), (1015.0, 659.0), (1015.0, 659.9), (1015.0, 659.3), (1015.0, 659.0), (1015.0, 659.9), (1015.0, 659.3), (1015.0, 659.0), (1015.0, 659.9), (1015.0, 659.3), (1015.0, 659.0), (1015.0, 659.9), (1015.0, 659.3), (1015.0, 659.0), (1015.0, 659.9), (1015.0, 659.3), (1015.0, 659.0), (1015.0, 659.9), (1015.0, 659.3), (1015.0, 659.0), (1015.0, 659.9), (1015.0, 659.3)]",0,7.8
novice,meatboy,10,Stuck,24,0,73.17,0.931,"[(73.0, 653.0), (91.0, 659.3), (107.8, 612.1), (147.8, 592.3), (151.7, 597.1), (140.7, 607.3), (62.3, 542.9), (48.2, 502.9), (86.2, 498.2), (87.7, 512.3), (97.8, 545.3), (137.2, 597.2), (161.8, 659.0), (174.2, 623.4), (213.7, 629.2), (253.7, 656.3), (293.7, 659.3), (333.7, 659.0), (373.7, 659.9), (413.7, 659.3), (453.7, 659.0), (493.7, 659.9), (533.7, 659.3), (573.7, 659.0), (613.7, 659.9), (653.7, 659.3), (693.7, 659.0), (733.7, 659.9), (773.7, 659.3), (813.7, 659.0), (853.7, 659.9), (893.7, 659.3), (933.7, 659.0), (952.6, 637.6), (983.7, 591.3), (983.7, 563.8), (983.7, 555.2), (983.7, 565.4), (972.7, 580.4), (894.3, 525.3), (855.0, 538.2), (861.9, 570.1), (900.8, 620.7), (940.8, 659.0), (957.9, 630.2), (983.0, 586.3), (983.0, 561.1), (983.0, 554.8), (983.0, 567.4), (962.3, 570.7), (886.9, 508.7), (883.8, 473.8), (923.2, 471.4), (963.2, 488.0), (983.0, 523.3), (902.5, 456.6), (857.4, 408.7), (858.5, 401.4), (895.8, 423.8), (935.8, 465.0), (975.8, 525.1), (962.3, 544.4), (886.9, 482.4), (853.3, 439.2), (866.0, 419.8), (905.8, 422.2), (945.8, 443.4), (983.0, 483.5), (972.7, 515.0), (894.3, 450.6), (855.0, 405.1), (861.9, 403.2), (900.8, 427.9), (940.8, 471.5), (980.8, 533.9), (952.0, 535.7), (880.2, 476.0), (852.4, 435.2), (870.8, 419.1), (910.8, 423.8), (950.8, 447.4), (983.7, 488.4), (962.3, 505.9), (886.9, 443.9), (853.3, 400.8), (866.0, 405.2), (905.8, 432.3), (945.8, 478.3), (983.0, 543.0), (941.7, 527.2), (874.2, 469.9), (852.2, 431.4), (875.8, 418.6), (915.8, 425.7), (955.8, 451.7)]",0,12.63
novice,meatboy,10,Stuck,6,0,116.75,0.962,"[(73.0, 653.0), (93.8, 659.3), (122.7, 612.1), (151.0, 575.2), (158.2, 557.1), (196.2, 557.9), (236.2, 563.3), (276.2, 563.0), (316.2, 567.4), (356.2, 589.8), (396.2, 631.0), (436.2, 659.0), (476.2, 659.9), (516.2, 659.3), (556.2, 659.0), (596.2, 659.9), (636.2, 659.3), (676.2, 659.0), (716.2, 659.9), (756.2, 659.3), (796.2, 659.0), (836.2, 659.9), (876.2, 659.3), (916.2, 659.0), (956.2, 659.9), (972.3, 624.3), (983.7, 582.7), (983.7, 559.9), (983.7, 556.0), (972.7, 558.6), (905.7, 494.2), (935.2, 484.8), (975.2, 494.3), (983.0, 522.6), (983.0, 562.2), (983.0, 601.8), (983.0, 641.5), (993.0, 659.3), (1011.5, 659.0), (1015.7, 659.9), (1015.7, 659.3), (1015.7, 659.0), (1015.7, 659.9), (1015.7, 659.3), (1015.7, 659.0), (1015.7, 659.9), (1015.7, 659.3), (1015.7, 659.0), (1015.7, 659.9), (1015.7, 659.3), (1015.7, 659.0), (1015.7, 659.9), (1015.7, 659.3), (1015.7, 659.0), (1015.7, 659.9), (1015.7, 659.3), (1015.7, 659.0), (1015.7, 659.9), (1015.7, 659.3), (1015.7, 659.0), (1015.7, 659.9), (1015.7, 659.3), (1015.7, 659.0), (1015.7, 659.9), (1015.7, 659.3), (1015.7, 659.0), (1015.7, 659.9), (1015.7, 659.3)]",0,8.97
novice,meatboy,10,Stuck,4,0,116.32,0.962,"[(73.0, 653.0), (98.2, 659.3), (136.2, 659.0), (154.0, 659.9), (194.0, 659.3), (234.0, 659.0), (274.0, 659.9), (314.0, 659.3), (354.0, 659.0), (394.0, 659.9), (434.0, 659.3), (474.0, 659.0), (514.0, 659.9), (554.0, 659.3), (594.0, 659.0), (634.0, 659.9), (674.0, 659.3), (714.0, 659.0), (754.0, 659.9), (794.0, 659.3), (834.0, 659.0), (874.0, 659.9), (914.0, 659.3), (954.0, 659.0), (972.8, 659.9), (976.7, 624.3), (983.0, 582.7), (983.0, 559.9), (983.0, 556.0), (983.0, 570.9), (921.0, 525.7), (920.2, 495.7), (960.2, 498.1), (983.7, 519.3), (983.7, 556.8), (983.7, 596.5), (983.7, 636.2), (993.8, 659.0), (1015.7, 659.9), (1015.7, 659.3), (1015.7, 659.0), (1015.7, 659.9), (1015.7, 659.3), (1015.7, 659.0), (1015.7, 659.9), (1015.7, 659.3), (1015.7, 659.0), (1015.7, 659.9), (1015.7, 659.3), (1015.7, 659.0), (1015.7, 659.9), (1015.7, 659.3), (1015.7, 659.0), (1015.7, 659.9), (1015.7, 659.3), (1015.7, 659.0), (1015.7, 659.9), (1015.7, 659.3), (1015.7, 659.0), (1015.7, 659.9), (1015.7, 659.3), (1015.7, 659.0), (1015.7, 659.9), (1015.7, 659.3), (1015.7, 659.0), (1015.7, 659.9), (1015.7, 659.3), (1015.7, 659.0)]",0,9.03
novice,meatboy,10,Stuck,4,0,119.55,0.962,"[(73.0, 653.0), (98.2, 659.3), (138.2, 659.0), (178.2, 659.9), (218.2, 659.3), (258.2, 659.0), (298.2, 659.9), (338.2, 659.3), (378.2, 659.0), (418.2, 659.9), (458.2, 659.3), (498.2, 659.0), (538.2, 659.9), (578.2, 659.3), (618.2, 659.0), (658.2, 659.9), (698.2, 659.3), (738.2, 659.0), (778.2, 659.9), (818.2, 659.3), (858.2, 659.0), (898.2, 659.9), (938.2, 659.3), (962.6, 652.2), (983.0, 601.1), (978.7, 568.9), (980.8, 555.6), (983.0, 561.1), (905.0, 505.1), (930.2, 500.4), (970.2, 514.6), (983.7, 547.4), (983.7, 587.1), (983.7, 626.8), (987.3, 659.3), (1015.7, 659.0), (1015.7, 659.9), (1015.7, 659.3), (1015.7, 659.0), (1015.7, 659.9), (1015.7, 659.3), (1015.7, 659.0), (1015.7, 659.9), (1015.7, 659.3), (1015.7, 659.0), (1015.7, 659.9), (1015.7, 659.3), (1015.7, 659.0), (1015.7, 659.9), (1015.7, 659.3), (1015.7, 659.0), (1015.7, 659.9), (1015.7, 659.3), (1015.7, 659.0), (1015.7, 659.9), (1015.7, 659.3), (1015.7, 659.0), (1015.7, 659.9), (1015.7, 659.3), (1015.7, 659.0), (1015.7, 659.9), (1015.7, 659.3), (1015.7, 659.0), (1015.7, 659.9), (1015.7, 659.3), (1015.7, 659.0)]",0,8.7
novice,meatboy,10,Stuck,6,0,81.22,0.961,"[(73.0, 653.0), (91.0, 659.3), (62.0, 630.8), (53.8, 586.9), (87.0, 561.7), (127.0, 555.4), (167.0, 563.3), (207.0, 563.0), (247.0, 563.9), (287.0, 563.3), (327.0, 576.2), (367.0, 608.1), (407.0, 658.7), (447.0, 659.3), (487.0, 659.0), (527.0, 659.9), (567.0, 659.3), (581.4, 659.0), (579.6, 659.9), (582.8, 659.3), (587.4, 659.0), (585.6, 659.9), (588.8, 659.3), (593.4, 659.0), (591.6, 659.9), (594.8, 659.3), (599.4, 659.0), (597.6, 659.9), (600.8, 659.3), (605.4, 659.0), (603.6, 659.9), (606.8, 659.3), (611.4, 659.0), (609.6, 659.9), (612.8, 659.3), (617.4, 659.0), (615.6, 659.9), (618.8, 659.3), (623.4, 659.0), (621.6, 659.9), (624.8, 659.3), (629.4, 659.0), (627.6, 659.9), (630.8, 659.3), (635.4, 659.0), (633.6, 659.9), (636.8, 659.3), (641.4, 659.0), (639.6, 659.9), (642.8, 659.3), (650.1, 659.0), (688.8, 659.9), (728.8, 659.3), (768.8, 659.0), (808.8, 659.9), (848.8, 659.3), (888.8, 659.0), (907.7, 659.9), (911.6, 624.3), (949.2, 608.8), (983.7, 615.9), (983.0, 641.8), (998.2, 659.3), (1015.0, 653.9), (1015.0, 659.0), (1015.0, 659.9), (1015.0, 659.3), (1015.0, 659.0), (1015.0, 659.9), (1015.0, 659.3), (1015.0, 659.0), (1015.0, 659.9), (1015.0, 659.3), (1015.0, 659.0), (1015.0, 659.9), (1015.0, 659.3), (1015.0, 659.0), (1015.0, 659.9), (1015.0, 659.3), (1015.0, 659.0), (1015.0, 659.9), (1015.0, 659.3), (1015.0, 659.0), (1015.0, 659.9), (1015.0, 659.3), (1015.0, 659.0), (1015.0, 659.9), (1015.0, 659.3), (1015.0, 659.0), (1015.0, 659.9), (1015.0, 659.3), (1015.0, 659.0), (1015.0, 659.9), (1015.0, 659.3), (1015.0, 659.0), (1015.0, 659.9)]",0,12.7
novice,meatboy,10,Stuck,3,0,132.41,0.962,"[(73.0, 653.0), (98.2, 659.3), (138.2, 659.0), (178.2, 659.9), (218.2, 659.3), (258.2, 659.0), (298.2, 659.9), (338.2, 659.3), (378.2, 659.0), (418.2, 659.9), (458.2, 659.3), (498.2, 659.0), (538.2, 659.9), (578.2, 659.3), (618.2, 659.0), (658.2, 659.9), (698.2, 659.3), (738.2, 659.0), (778.2, 659.9), (818.2, 659.3), (858.2, 659.0), (898.2, 659.9), (938.2, 659.3), (962.6, 652.2), (983.0, 628.8), (983.0, 633.6), (985.2, 657.1), (991.3, 653.9), (1015.7, 659.0), (1015.7, 659.9), (1015.7, 659.3), (1015.7, 659.0), (1015.7, 659.9), (1015.7, 659.3), (1015.7, 659.0), (1015.7, 659.9), (1015.7, 659.3), (1015.7, 659.0), (1015.7, 659.9), (1015.7, 659.3), (1015.7, 659.0), (1015.7, 659.9), (1015.7, 659.3), (1015.7, 659.0), (1015.7, 659.9), (1015.7, 659.3), (1015.7, 659.0), (1015.7, 659.9), (1015.7, 659.3), (1015.7, 659.0), (1015.7, 659.9), (1015.7, 659.3), (1015.7, 659.0), (1015.7, 659.9), (1015.7, 659.3), (1015.7, 659.0), (1015.7, 659.9), (1015.7, 659.3), (1015.7, 659.0)]",0,7.8
novice,meatboy,10,Stuck,7,0,113.45,0.962,"[(73.0, 653.0), (98.2, 659.3), (122.6, 659.0), (128.5, 659.9), (129.3, 659.3), (128.6, 659.0), (134.5, 659.9), (135.3, 659.3), (134.6, 659.0), (140.5, 659.9), (141.3, 659.3), (140.6, 659.0), (159.5, 659.9), (185.3, 621.9), (225.3, 637.2), (265.3, 659.9), (305.3, 659.3), (345.3, 659.0), (385.3, 659.9), (425.3, 659.3), (465.3, 659.0), (505.3, 659.9), (545.3, 624.3), (585.3, 582.7), (603.3, 559.9), (639.2, 556.0), (679.2, 563.9), (719.2, 563.3), (759.2, 548.2), (799.2, 531.8), (839.2, 538.9), (879.2, 564.8), (919.2, 609.6), (959.2, 659.3), (975.3, 623.7), (977.2, 582.1), (983.7, 559.3), (983.7, 555.4), (983.7, 570.3), (983.7, 603.8), (983.7, 643.4), (989.4, 659.3), (998.7, 659.0), (1012.4, 653.3), (1015.0, 659.9), (1015.0, 659.3), (1015.0, 659.0), (1015.0, 659.9), (1015.0, 659.3), (1015.0, 659.0), (1015.0, 659.9), (1015.0, 659.3), (1015.0, 659.0), (1015.0, 659.9), (1015.0, 659.3), (1015.0, 659.0), (1015.0, 659.9), (1015.0, 659.3), (1015.0, 659.0), (1015.0, 659.9), (1015.0, 659.3), (1015.0, 659.0), (1015.0, 659.9), (1015.0, 659.3), (1015.0, 659.0), (1015.0, 659.9), (1015.0, 659.3), (1015.0, 659.0)]",0,8.98
novice,meatboy,10,Stuck,4,0,62.07,0.961,"[(73.0, 653.0), (91.0, 659.3), (91.1, 659.0), (95.3, 659.9), (95.7, 659.3), (95.8, 659.0), (100.0, 659.9), (100.3, 659.3), (100.4, 659.0), (104.7, 659.9), (105.0, 659.3), (105.1, 659.0), (109.3, 659.9), (109.7, 659.3), (109.8, 659.0), (114.0, 659.9), (114.3, 659.3), (114.4, 659.0), (118.7, 659.9), (119.0, 659.3), (119.1, 659.0), (123.3, 659.9), (123.7, 659.3), (123.8, 659.0), (128.0, 659.9), (128.3, 659.3), (128.4, 659.0), (132.7, 659.9), (133.0, 659.3), (133.1, 659.0), (137.3, 659.9), (137.7, 659.3), (137.8, 659.0), (142.0, 659.9), (142.3, 659.3), (142.4, 659.0), (146.7, 659.9), (147.0, 659.3), (147.1, 659.0), (151.3, 659.9), (151.7, 659.3), (151.8, 659.0), (156.0, 659.9), (156.3, 659.3), (156.4, 659.0), (160.7, 659.9), (161.0, 659.3), (161.1, 659.0), (165.3, 659.9), (165.7, 659.3), (165.8, 659.0), (170.0, 659.9), (170.3, 659.3), (170.4, 659.0), (174.7, 659.9), (175.0, 659.3), (175.1, 659.0), (179.3, 659.9), (179.7, 659.3), (179.8, 659.0), (184.0, 659.9), (184.3, 659.3), (184.4, 659.0), (188.7, 659.9), (189.0, 659.3), (189.1, 659.0), (202.7, 659.9), (224.0, 659.3), (241.1, 659.0), (279.8, 659.9), (319.8, 659.3), (359.8, 659.0), (399.8, 659.9), (439.8, 659.3), (479.8, 659.0), (519.8, 659.9), (559.8, 659.3), (576.9, 659.0), (592.8, 659.9), (607.5, 659.3), (620.9, 659.0), (647.8, 659.9), (687.8, 659.3), (727.8, 659.0), (767.8, 659.9), (807.8, 659.3), (847.8, 659.0), (887.8, 659.9), (909.1, 644.8), (943.6, 628.4), (983.6, 635.5), (987.3, 659.0), (1015.7, 659.9), (1015.7, 659.3), (1015.7, 659.0), (1015.7, 659.9), (1015.7, 659.3), (1015.7, 659.0), (1015.7, 659.9), (1015.7, 659.3), (1015.7, 659.0), (1015.7, 659.9), (1015.7, 659.3), (1015.7, 659.0), (1015.7, 659.9), (1015.7, 659.3), (1015.7, 659.0), (1015.7, 659.9), (1015.7, 659.3), (1015.7, 659.0), (1015.7, 659.9), (1015.7, 659.3), (1015.7, 659.0), (1015.7, 659.9), (1015.7, 659.3), (1015.7, 659.0), (1015.7, 659.9), (1015.7, 659.3), (1015.7, 659.0), (1015.7, 659.9), (1015.7, 659.3), (1015.7, 659.0), (1015.7, 659.9), (1015.7, 659.3), (1015.7, 659.0), (1015.7, 659.9)]",0,16.75
novice,meatboy,10,Saw,3,0,216.29,0.373,"[(73.0, 653.0), (91.0, 659.3), (73.2, 612.1), (93.0, 575.2), (133.0, 557.1), (173.0, 557.9), (213.0, 563.3), (253.0, 563.0), (270.1, 538.9), (308.8, 531.8), (348.8, 543.6), (388.8, 574.3)]",0,1.48
novice,meatboy,10,Stuck,2,0,125.54,0.962,"[(73.0, 653.0), (98.2, 659.3), (138.2, 659.0), (178.2, 659.9), (218.2, 659.3), (258.2, 659.0), (298.2, 659.9), (338.2, 659.3), (378.2, 659.0), (418.2, 659.9), (458.2, 659.3), (498.2, 659.0), (538.2, 659.9), (578.2, 659.3), (618.2, 659.0), (658.2, 659.9), (698.2, 659.3), (738.2, 659.0), (778.2, 659.9), (818.2, 659.3), (858.2, 659.0), (898.2, 659.9), (938.2, 659.3), (976.2, 659.0), (983.0, 618.1), (983.0, 578.8), (983.0, 558.4), (983.0, 556.8), (983.0, 574.1), (983.0, 609.3), (983.0, 649.0), (1008.2, 659.9), (1015.0, 659.3), (1015.0, 659.0), (1015.0, 659.9), (1015.0, 659.3), (1015.0, 659.0), (1015.0, 659.9), (1015.0, 659.3), (1015.0, 659.0), (1015.0, 659.9), (1015.0, 659.3), (1015.0, 659.0), (1015.0, 659.9), (1015.0, 659.3), (1015.0, 659.0), (1015.0, 659.9), (1015.0, 659.3), (1015.0, 659.0), (1015.0, 659.9), (1015.0, 659.3), (1015.0, 659.0), (1015.0, 659.9), (1015.0, 659.3), (1015.0, 659.0), (1015.0, 659.9), (1015.0, 659.3), (1015.0, 659.0), (1015.0, 659.9), (1015.0, 659.3), (1015.0, 659.0), (1015.0, 659.9), (1015.0, 659.3)]",0,8.35
novice,meatboy,10,Stuck,24,0,73.17,0.931,"[(73.0, 653.0), (91.0, 659.3), (107.8, 612.1), (147.8, 592.3), (151.7, 597.1), (140.7, 607.3), (62.3, 542.9), (48.2, 502.9), (86.2, 498.2), (87.7, 512.3), (97.8, 545.3), (137.2, 597.2), (161.8, 659.0), (174.2, 623.4), (213.7, 629.2), (253.7, 656.3), (293.7, 659.3), (333.7, 659.0), (373.7, 659.9), (413.7, 659.3), (453.7, 659.0), (493.7, 659.9), (533.7, 659.3), (573.7, 659.0), (613.7, 659.9), (653.7, 659.3), (693.7, 659.0), (733.7, 659.9), (773.7, 659.3), (813.7, 659.0), (853.7, 659.9), (893.7, 659.3), (933.7, 659.0), (952.6, 637.6), (983.7, 591.3), (983.7, 563.8), (983.7, 555.2), (983.7, 565.4), (972.7, 580.4), (894.3, 525.3), (855.0, 538.2), (861.9, 570.1), (900.8, 620.7), (940.8, 659.0), (957.9, 630.2), (983.0, 586.3), (983.0, 561.1), (983.0, 554.8), (983.0, 567.4), (962.3, 570.7), (886.9, 508.7), (883.8, 473.8), (923.2, 471.4), (963.2, 488.0), (983.0, 523.3), (902.5, 456.6), (857.4, 408.7), (858.5, 401.4), (895.8, 423.8), (935.8, 465.0), (975.8, 525.1), (962.3, 544.4), (886.9, 482.4), (853.3, 439.2), (866.0, 419.8), (905.8, 422.2), (945.8, 443.4), (983.0, 483.5), (972.7, 515.0), (894.3, 450.6), (855.0, 405.1), (861.9, 403.2), (900.8, 427.9), (940.8, 471.5), (980.8, 533.9), (952.0, 535.7), (880.2, 476.0), (852.4, 435.2), (870.8, 419.1), (910.8, 423.8), (950.8, 447.4), (983.7, 488.4), (962.3, 505.9), (886.9, 443.9), (853.3, 400.8), (866.0, 405.2), (905.8, 432.3), (945.8, 478.3), (983.0, 543.0), (941.7, 527.2), (874.2, 469.9), (852.2, 431.4), (875.8, 418.6), (915.8, 425.7), (955.8, 451.7)]",0,12.63
novice,meatboy,10,Stuck,4,0,119.55,0.962,"[(73.0, 653.0), (98.2, 659.3), (138.2, 659.0), (178.2, 659.9), (218.2, 659.3), (258.2, 659.0), (298.2, 659.9), (338.2, 659.3), (378.2, 659.0), (418.2, 659.9), (458.2, 659.3), (498.2, 659.0), (538.2, 659.9), (578.2, 659.3), (618.2, 659.0), (658.2, 659.9), (698.2, 659.3), (738.2, 659.0), (778.2, 659.9), (818.2, 659.3), (858.2, 659.0), (898.2, 659.9), (938.2, 659.3), (962.6, 652.2), (983.0, 601.1), (978.7, 568.9), (980.8, 555.6), (983.0, 561.1), (905.0, 505.1), (930.2, 500.4), (970.2, 514.6), (983.7, 547.4), (983.7, 587.1), (983.7, 626.8), (987.3, 659.3), (1015.7, 659.0), (1015.7, 659.9), (1015.7, 659.3), (1015.7, 659.0), (1015.7, 659.9), (1015.7, 659.3), (1015.7, 659.0), (1015.7, 659.9), (1015.7, 659.3), (1015.7, 659.0), (1015.7, 659.9), (1015.7, 659.3), (1015.7, 659.0), (1015.7, 659.9), (1015.7, 659.3), (1015.7, 659.0), (1015.7, 659.9), (1015.7, 659.3), (1015.7, 659.0), (1015.7, 659.9), (1015.7, 659.3), (1015.7, 659.0), (1015.7, 659.9), (1015.7, 659.3), (1015.7, 659.0), (1015.7, 659.9), (1015.7, 659.3), (1015.7, 659.0), (1015.7, 659.9), (1015.7, 659.3), (1015.7, 659.0)]",0,8.7
novice,meatboy,10,Stuck,4,0,116.32,0.962,"[(73.0, 653.0), (98.2, 659.3), (136.2, 659.0), (154.0, 659.9), (194.0, 659.3), (234.0, 659.0), (274.0, 659.9), (314.0, 659.3), (354.0, 659.0), (394.0, 659.9), (434.0, 659.3), (474.0, 659.0), (514.0, 659.9), (554.0, 659.3), (594.0, 659.0), (634.0, 659.9), (674.0, 659.3), (714.0, 659.0), (754.0, 659.9), (794.0, 659.3), (834.0, 659.0), (874.0, 659.9), (914.0, 659.3), (954.0, 659.0), (972.8, 659.9), (976.7, 624.3), (983.0, 582.7), (983.0, 559.9), (983.0, 556.0), (983.0, 570.9), (921.0, 525.7), (920.2, 495.7), (960.2, 498.1), (983.7, 519.3), (983.7, 556.8), (983.7, 596.5), (983.7, 636.2), (993.8, 659.0), (1015.7, 659.9), (1015.7, 659.3), (1015.7, 659.0), (1015.7, 659.9), (1015.7, 659.3), (1015.7, 659.0), (1015.7, 659.9), (1015.7, 659.3), (1015.7, 659.0), (1015.7, 659.9), (1015.7, 659.3), (1015.7, 659.0), (1015.7, 659.9), (1015.7, 659.3), (1015.7, 659.0), (1015.7, 659.9), (1015.7, 659.3), (1015.7, 659.0), (1015.7, 659.9), (1015.7, 659.3), (1015.7, 659.0), (1015.7, 659.9), (1015.7, 659.3), (1015.7, 659.0), (1015.7, 659.9), (1015.7, 659.3), (1015.7, 659.0), (1015.7, 659.9), (1015.7, 659.3), (1015.7, 659.0)]",0,9.03
novice,meatboy,10,Stuck,6,0,116.75,0.962,"[(73.0, 653.0), (93.8, 659.3), (122.7, 612.1), (151.0, 575.2), (158.2, 557.1), (196.2, 557.9), (236.2, 563.3), (276.2, 563.0), (316.2, 567.4), (356.2, 589.8), (396.2, 631.0), (436.2, 659.0), (476.2, 659.9), (516.2, 659.3), (556.2, 659.0), (596.2, 659.9), (636.2, 659.3), (676.2, 659.0), (716.2, 659.9), (756.2, 659.3), (796.2, 659.0), (836.2, 659.9), (876.2, 659.3), (916.2, 659.0), (956.2, 659.9), (972.3, 624.3), (983.7, 582.7), (983.7, 559.9), (983.7, 556.0), (972.7, 558.6), (905.7, 494.2), (935.2, 484.8), (975.2, 494.3), (983.0, 522.6), (983.0, 562.2), (983.0, 601.8), (983.0, 641.5), (993.0, 659.3), (1011.5, 659.0), (1015.7, 659.9), (1015.7, 659.3), (1015.7, 659.0), (1015.7, 659.9), (1015.7, 659.3), (1015.7, 659.0), (1015.7, 659.9), (1015.7, 659.3), (1015.7, 659.0), (1015.7, 659.9), (1015.7, 659.3), (1015.7, 659.0), (1015.7, 659.9), (1015.7, 659.3), (1015.7, 659.0), (1015.7, 659.9), (1015.7, 659.3), (1015.7, 659.0), (1015.7, 659.9), (1015.7, 659.3), (1015.7, 659.0), (1015.7, 659.9), (1015.7, 659.3), (1015.7, 659.0), (1015.7, 659.9), (1015.7, 659.3), (1015.7, 659.0), (1015.7, 659.9), (1015.7, 659.3)]",0,8.97
novice,meatboy,10,Stuck,1,0,133.31,0.961,"[(73.0, 653.0), (98.2, 659.3), (138.2, 659.0), (178.2, 659.9), (218.2, 659.3), (258.2, 659.0), (298.2, 659.9), (338.2, 659.3), (378.2, 659.0), (418.2, 659.9), (458.2, 659.3), (498.2, 659.0), (538.2, 659.9), (578.2, 659.3), (618.2, 659.0), (658.2, 659.9), (698.2, 659.3), (738.2, 659.0), (778.2, 659.9), (818.2, 659.3), (858.2, 659.0), (898.2, 659.9), (938.2, 659.3), (978.2, 659.0), (1015.0, 659.9), (1015.0, 659.3), (1015.0, 659.0), (1015.0, 659.9), (1015.0, 659.3), (1015.0, 659.0), (1015.0, 659.9), (1015.0, 659.3), (1015.0, 659.0), (1015.0, 659.9), (1015.0, 659.3), (1015.0, 659.0), (1015.0, 659.9), (1015.0, 659.3), (1015.0, 659.0), (1015.0, 659.9), (1015.0, 659.3), (1015.0, 659.0), (1015.0, 659.9), (1015.0, 659.3), (1015.0, 659.0), (1015.0, 659.9), (1015.0, 659.3), (1015.0, 659.0), (1015.0, 659.9), (1015.0, 659.3), (1015.0, 659.0), (1015.0, 659.9), (1015.0, 659.3), (1015.0, 659.0), (1015.0, 659.9), (1015.0, 659.3), (1015.0, 659.0), (1015.0, 659.9), (1015.0, 659.3)]",0,7.8
novice,meatboy,10,Stuck,11,0,96.91,0.962,"[(73.0, 653.0), (93.8, 659.3), (122.7, 612.1), (151.0, 592.3), (70.5, 525.6), (45.3, 480.4), (81.2, 473.4), (87.0, 485.2), (87.0, 515.8), (102.2, 565.3), (142.2, 633.7), (182.2, 623.4), (222.2, 629.2), (262.2, 656.3), (302.2, 659.3), (342.2, 659.0), (382.2, 659.9), (422.2, 659.3), (462.2, 659.0), (502.2, 659.9), (542.2, 659.3), (582.2, 659.0), (622.2, 659.9), (662.2, 659.3), (702.2, 659.0), (742.2, 659.9), (782.2, 659.3), (822.2, 659.0), (862.2, 659.9), (902.2, 659.3), (942.2, 659.0), (958.3, 623.4), (983.0, 607.9), (921.0, 556.1), (864.3, 526.8), (853.9, 544.4), (885.8, 580.9), (925.8, 636.3), (950.3, 651.6), (981.7, 611.7), (931.3, 564.7), (868.9, 509.8), (852.7, 479.3), (880.8, 476.9), (920.8, 493.5), (960.8, 528.8), (983.7, 575.4), (983.7, 615.0), (983.7, 654.7), (995.2, 659.0), (1015.0, 659.9), (1015.0, 659.3), (1015.0, 659.0), (1015.0, 659.9), (1015.0, 659.3), (1015.0, 659.0), (1015.0, 659.9), (1015.0, 659.3), (1015.0, 659.0), (1015.0, 659.9), (1015.0, 659.3), (1015.0, 659.0), (1015.0, 659.9), (1015.0, 659.3), (1015.0, 659.0), (1015.0, 659.9), (1015.0, 659.3), (1015.0, 659.0), (1015.0, 659.9), (1015.0, 659.3), (1015.0, 659.0), (1015.0, 659.9), (1015.0, 659.3), (1015.0, 659.0), (1015.0, 659.9), (1015.0, 659.3), (1015.0, 659.0), (1015.0, 659.9), (1015.0, 659.3), (1015.0, 659.0), (1015.0, 659.9)]",0,10.68
novice,meatboy,10,Stuck,3,0,123.16,0.962,"[(73.0, 653.0), (98.2, 659.3), (138.2, 659.0), (178.2, 659.9), (218.2, 659.3), (258.2, 659.0), (298.2, 659.9), (338.2, 659.3), (378.2, 659.0), (418.2, 659.9), (458.2, 659.3), (498.2, 659.0), (538.2, 659.9), (578.2, 659.3), (618.2, 659.0), (658.2, 659.9), (698.2, 659.3), (738.2, 659.0), (778.2, 659.9), (818.2, 659.3), (858.2, 659.0), (898.2, 659.9), (938.2, 659.3), (962.6, 652.2), (983.0, 628.8), (902.5, 562.1), (857.4, 528.7), (858.5, 528.8), (895.8, 547.6), (935.8, 585.3), (975.8, 641.9), (998.2, 659.9), (1015.0, 659.3), (1015.0, 659.0), (1015.0, 659.9), (1015.0, 659.3), (1015.0, 659.0), (1015.0, 659.9), (1015.0, 659.3), (1015.0, 659.0), (1015.0, 659.9), (1015.0, 659.3), (1015.0, 659.0), (1015.0, 659.9), (1015.0, 659.3), (1015.0, 659.0), (1015.0, 659.9), (1015.0, 659.3), (1015.0, 659.0), (1015.0, 659.9), (1015.0, 659.3), (1015.0, 659.0), (1015.0, 659.9), (1015.0, 659.3), (1015.0, 659.0), (1015.0, 659.9), (1015.0, 659.3), (1015.0, 659.0), (1015.0, 659.9), (1015.0, 659.3), (1015.0, 659.0), (1015.0, 659.9), (1015.0, 659.3)]",0,8.32
novice,meatboy,10,Stuck,3,0,58.94,0.961,"[(73.0, 653.0), (91.0, 659.3), (91.1, 659.0), (95.3, 659.9), (95.7, 659.3), (95.8, 659.0), (100.0, 659.9), (100.3, 659.3), (100.4, 659.0), (104.7, 659.9), (105.0, 659.3), (105.1, 659.0), (109.3, 659.9), (109.7, 659.3), (109.8, 659.0), (114.0, 659.9), (114.3, 659.3), (114.4, 659.0), (118.7, 659.9), (119.0, 659.3), (119.1, 659.0), (123.3, 659.9), (123.7, 659.3), (123.8, 659.0), (128.0, 659.9), (128.3, 659.3), (128.4, 659.0), (132.7, 659.9), (133.0, 659.3), (133.1, 659.0), (137.3, 659.9), (137.7, 659.3), (137.8, 659.0), (142.0, 659.9), (142.3, 659.3), (142.4, 659.0), (146.7, 659.9), (147.0, 659.3), (147.1, 659.0), (151.3, 659.9), (151.7, 659.3), (151.8, 659.0), (156.0, 659.9), (156.3, 659.3), (156.4, 659.0), (160.7, 659.9), (161.0, 659.3), (161.1, 659.0), (165.3, 659.9), (165.7, 659.3), (165.8, 659.0), (170.0, 659.9), (170.3, 659.3), (170.4, 659.0), (174.7, 659.9), (175.0, 659.3), (175.1, 659.0), (179.3, 659.9), (179.7, 659.3), (179.8, 659.0), (184.0, 659.9), (184.3, 659.3), (184.4, 659.0), (188.7, 659.9), (189.0, 659.3), (189.1, 659.0), (193.3, 659.9), (193.7, 659.3), (193.8, 659.0), (198.0, 659.9), (232.8, 659.3), (272.8, 659.0), (312.8, 659.9), (352.8, 659.3), (392.8, 659.0), (432.8, 659.9), (472.8, 659.3), (512.8, 659.0), (552.8, 659.9), (586.9, 659.3), (606.4, 659.0), (621.9, 659.9), (643.2, 659.3), (677.8, 659.0), (717.8, 659.9), (757.8, 659.3), (797.8, 659.0), (837.8, 659.9), (877.8, 659.3), (917.8, 659.0), (946.1, 659.9), (949.3, 644.8), (978.2, 596.1), (983.0, 566.2), (983.0, 555.2), (983.0, 563.1), (921.0, 516.2), (920.2, 486.1), (960.2, 488.5), (983.7, 509.8), (983.7, 547.3), (983.7, 587.0), (983.7, 626.6), (987.3, 659.3), (1015.7, 659.0), (1015.7, 659.9), (1015.7, 659.3), (1015.7, 659.0), (1015.7, 659.9), (1015.7, 659.3), (1015.7, 659.0), (1015.7, 659.9), (1015.7, 659.3), (1015.7, 659.0), (1015.7, 659.9), (1015.7, 659.3), (1015.7, 659.0), (1015.7, 659.9), (1015.7, 659.3), (1015.7, 659.0), (1015.7, 659.9), (1015.7, 659.3), (1015.7, 659.0), (1015.7, 659.9), (1015.7, 659.3), (1015.7, 659.0), (1015.7, 659.9), (1015.7, 659.3), (1015.7, 659.0), (1015.7, 659.9), (1015.7, 659.3), (1015.7, 659.0), (1015.7, 659.9), (1015.7, 659.3)]",0,17.82
novice,meatboy,10,Stuck,1,0,133.31,0.961,"[(73.0, 653.0), (98.2, 659.3), (138.2, 659.0), (178.2, 659.9), (218.2, 659.3), (258.2, 659.0), (298.2, 659.9), (338.2, 659.3), (378.2, 659.0), (418.2, 659.9), (458.2, 659.3), (498.2, 659.0), (538.2, 659.9), (578.2, 659.3), (618.2, 659.0), (658.2, 659.9), (698.2, 659.3), (738.2, 659.0), (778.2, 659.9), (818.2, 659.3), (858.2, 659.0), (898.2, 659.9), (938.2, 659.3), (978.2, 659.0), (1015.0, 659.9), (1015.0, 659.3), (1015.0, 659.0), (1015.0, 659.9), (1015.0, 659.3), (1015.0, 659.0), (1015.0, 659.9), (1015.0, 659.3), (1015.0, 659.0), (1015.0, 659.9), (1015.0, 659.3), (1015.0, 659.0), (1015.0, 659.9), (1015.0, 659.3), (1015.0, 659.0), (1015.0, 659.9), (1015.0, 659.3), (1015.0, 659.0), (1015.0, 659.9), (1015.0, 659.3), (1015.0, 659.0), (1015.0, 659.9), (1015.0, 659.3), (1015.0, 659.0), (1015.0, 659.9), (1015.0, 659.3), (1015.0, 659.0), (1015.0, 659.9), (1015.0, 659.3), (1015.0, 659.0), (1015.0, 659.9), (1015.0, 659.3), (1015.0, 659.0), (1015.0, 659.9), (1015.0, 659.3)]",0,7.8
novice,meatboy,10,Stuck,4,0,119.33,0.961,"[(73.0, 653.0), (93.8, 659.3), (103.8, 612.1), (142.1, 575.2), (158.2, 557.1), (196.2, 557.9), (236.2, 563.3), (276.2, 563.0), (316.2, 567.4), (356.2, 589.8), (396.2, 631.0), (436.2, 659.0), (476.2, 659.9), (516.2, 659.3), (556.2, 659.0), (590.2, 659.9), (622.4, 659.3), (654.6, 659.0), (694.6, 659.9), (734.6, 659.3), (774.6, 659.0), (814.6, 659.9), (854.6, 659.3), (894.6, 659.0), (934.6, 659.9), (959.3, 659.3), (968.5, 652.2), (983.0, 601.1), (983.0, 568.9), (983.0, 555.6), (983.0, 561.1), (983.0, 585.4), (983.0, 624.2), (985.2, 659.0), (991.3, 659.9), (997.7, 659.3), (1015.0, 659.0), (1015.0, 659.9), (1015.0, 659.3), (1015.0, 659.0), (1015.0, 659.9), (1015.0, 659.3), (1015.0, 659.0), (1015.0, 659.9), (1015.0, 659.3), (1015.0, 659.0), (1015.0, 659.9), (1015.0, 659.3), (1015.0, 659.0), (1015.0, 659.9), (1015.0, 659.3), (1015.0, 659.0), (1015.0, 659.9), (1015.0, 659.3), (1015.0, 659.0), (1015.0, 659.9), (1015.0, 659.3), (1015.0, 659.0), (1015.0, 659.9), (1015.0, 659.3), (1015.0, 659.0), (1015.0, 659.9), (1015.0, 659.3), (1015.0, 659.0), (1015.0, 659.9), (1015.0, 659.3)]",0,8.7
novice,meatboy,10,Stuck,24,0,73.17,0.931,"[(73.0, 653.0), (91.0, 659.3), (107.8, 612.1), (147.8, 592.3), (151.7, 597.1), (140.7, 607.3), (62.3, 542.9), (48.2, 502.9), (86.2, 498.2), (87.7, 512.3), (97.8, 545.3), (137.2, 597.2), (161.8, 659.0), (174.2, 623.4), (213.7, 629.2), (253.7, 656.3), (293.7, 659.3), (333.7, 659.0), (373.7, 659.9), (413.7, 659.3), (453.7, 659.0), (493.7, 659.9), (533.7, 659.3), (573.7, 659.0), (613.7, 659.9), (653.7, 659.3), (693.7, 659.0), (733.7, 659.9), (773.7, 659.3), (813.7, 659.0), (853.7, 659.9), (893.7, 659.3), (933.7, 659.0), (952.6, 637.6), (983.7, 591.3), (983.7, 563.8), (983.7, 555.2), (983.7, 565.4), (972.7, 580.4), (894.3, 525.3), (855.0, 538.2), (861.9, 570.1), (900.8, 620.7), (940.8, 659.0), (957.9, 630.2), (983.0, 586.3), (983.0, 561.1), (983.0, 554.8), (983.0, 567.4), (962.3, 570.7), (886.9, 508.7), (883.8, 473.8), (923.2, 471.4), (963.2, 488.0), (983.0, 523.3), (902.5, 456.6), (857.4, 408.7), (858.5, 401.4), (895.8, 423.8), (935.8, 465.0), (975.8, 525.1), (962.3, 544.4), (886.9, 482.4), (853.3, 439.2), (866.0, 419.8), (905.8, 422.2), (945.8, 443.4), (983.0, 483.5), (972.7, 515.0), (894.3, 450.6), (855.0, 405.1), (861.9, 403.2), (900.8, 427.9), (940.8, 471.5), (980.8, 533.9), (952.0, 535.7), (880.2, 476.0), (852.4, 435.2), (870.8, 419.1), (910.8, 423.8), (950.8, 447.4), (983.7, 488.4), (962.3, 505.9), (886.9, 443.9), (853.3, 400.8), (866.0, 405.2), (905.8, 432.3), (945.8, 478.3), (983.0, 543.0), (941.7, 527.2), (874.2, 469.9), (852.2, 431.4), (875.8, 418.6), (915.8, 425.7), (955.8, 451.7)]",0,12.63
novice,meatboy,10,Stuck,3,0,58.94,0.961,"[(73.0, 653.0), (91.0, 659.3), (91.1, 659.0), (95.3, 659.9), (95.7, 659.3), (95.8, 659.0), (100.0, 659.9), (100.3, 659.3), (100.4, 659.0), (104.7, 659.9), (105.0, 659.3), (105.1, 659.0), (109.3, 659.9), (109.7, 659.3), (109.8, 659.0), (114.0, 659.9), (114.3, 659.3), (114.4, 659.0), (118.7, 659.9), (119.0, 659.3), (119.1, 659.0), (123.3, 659.9), (123.7, 659.3), (123.8, 659.0), (128.0, 659.9), (128.3, 659.3), (128.4, 659.0), (132.7, 659.9), (133.0, 659.3), (133.1, 659.0), (137.3, 659.9), (137.7, 659.3), (137.8, 659.0), (142.0, 659.9), (142.3, 659.3), (142.4, 659.0), (146.7, 659.9), (147.0, 659.3), (147.1, 659.0), (151.3, 659.9), (151.7, 659.3), (151.8, 659.0), (156.0, 659.9), (156.3, 659.3), (156.4, 659.0), (160.7, 659.9), (161.0, 659.3), (161.1, 659.0), (165.3, 659.9), (165.7, 659.3), (165.8, 659.0), (170.0, 659.9), (170.3, 659.3), (170.4, 659.0), (174.7, 659.9), (175.0, 659.3), (175.1, 659.0), (179.3, 659.9), (179.7, 659.3), (179.8, 659.0), (184.0, 659.9), (184.3, 659.3), (184.4, 659.0), (188.7, 659.9), (189.0, 659.3), (189.1, 659.0), (193.3, 659.9), (193.7, 659.3), (193.8, 659.0), (198.0, 659.9), (232.8, 659.3), (272.8, 659.0), (312.8, 659.9), (352.8, 659.3), (392.8, 659.0), (432.8, 659.9), (472.8, 659.3), (512.8, 659.0), (552.8, 659.9), (586.9, 659.3), (606.4, 659.0), (621.9, 659.9), (643.2, 659.3), (677.8, 659.0), (717.8, 659.9), (757.8, 659.3), (797.8, 659.0), (837.8, 659.9), (877.8, 659.3), (917.8, 659.0), (946.1, 659.9), (949.3, 644.8), (978.2, 596.1), (983.0, 566.2), (983.0, 555.2), (983.0, 563.1), (921.0, 516.2), (920.2, 486.1), (960.2, 488.5), (983.7, 509.8), (983.7, 547.3), (983.7, 587.0), (983.7, 626.6), (987.3, 659.3), (1015.7, 659.0), (1015.7, 659.9), (1015.7, 659.3), (1015.7, 659.0), (1015.7, 659.9), (1015.7, 659.3), (1015.7, 659.0), (1015.7, 659.9), (1015.7, 659.3), (1015.7, 659.0), (1015.7, 659.9), (1015.7, 659.3), (1015.7, 659.0), (1015.7, 659.9), (1015.7, 659.3), (1015.7, 659.0), (1015.7, 659.9), (1015.7, 659.3), (1015.7, 659.0), (1015.7, 659.9), (1015.7, 659.3), (1015.7, 659.0), (1015.7, 659.9), (1015.7, 659.3), (1015.7, 659.0), (1015.7, 659.9), (1015.7, 659.3), (1015.7, 659.0), (1015.7, 659.9), (1015.7, 659.3)]",0,17.82
novice,meatboy,10,Stuck,11,0,96.91,0.962,"[(73.0, 653.0), (93.8, 659.3), (122.7, 612.1), (151.0, 592.3), (70.5, 525.6), (45.3, 480.4), (81.2, 473.4), (87.0, 485.2), (87.0, 515.8), (102.2, 565.3), (142.2, 633.7), (182.2, 623.4), (222.2, 629.2), (262.2, 656.3), (302.2, 659.3), (342.2, 659.0), (382.2, 659.9), (422.2, 659.3), (462.2, 659.0), (502.2, 659.9), (542.2, 659.3), (582.2, 659.0), (622.2, 659.9), (662.2, 659.3), (702.2, 659.0), (742.2, 659.9), (782.2, 659.3), (822.2, 659.0), (862.2, 659.9), (902.2, 659.3), (942.2, 659.0), (958.3, 623.4), (983.0, 607.9), (921.0, 556.1), (864.3, 526.8), (853.9, 544.4), (885.8, 580.9), (925.8, 636.3), (950.3, 651.6), (981.7, 611.7), (931.3, 564.7), (868.9, 509.8), (852.7, 479.3), (880.8, 476.9), (920.8, 493.5), (960.8, 528.8), (983.7, 575.4), (983.7, 615.0), (983.7, 654.7), (995.2, 659.0), (1015.0, 659.9), (1015.0, 659.3), (1015.0, 659.0), (1015.0, 659.9), (1015.0, 659.3), (1015.0, 659.0), (1015.0, 659.9), (1015.0, 659.3), (1015.0, 659.0), (1015.0, 659.9), (1015.0, 659.3), (1015.0, 659.0), (1015.0, 659.9), (1015.0, 659.3), (1015.0, 659.0), (1015.0, 659.9), (1015.0, 659.3), (1015.0, 659.0), (1015.0, 659.9), (1015.0, 659.3), (1015.0, 659.0), (1015.0, 659.9), (1015.0, 659.3), (1015.0, 659.0), (1015.0, 659.9), (1015.0, 659.3), (1015.0, 659.0), (1015.0, 659.9), (1015.0, 659.3), (1015.0, 659.0), (1015.0, 659.9)]",0,10.68
novice,meatboy,10,Stuck,6,0,116.75,0.962,"[(73.0, 653.0), (93.8, 659.3), (122.7, 612.1), (151.0, 575.2), (158.2, 557.1), (196.2, 557.9), (236.2, 563.3), (276.2, 563.0), (316.2, 567.4), (356.2, 589.8), (396.2, 631.0), (436.2, 659.0), (476.2, 659.9), (516.2, 659.3), (556.2, 659.0), (596.2, 659.9), (636.2, 659.3), (676.2, 659.0), (716.2, 659.9), (756.2, 659.3), (796.2, 659.0), (836.2, 659.9), (876.2, 659.3), (916.2, 659.0), (956.2, 659.9), (972.3, 624.3), (983.7, 582.7), (983.7, 559.9), (983.7, 556.0), (972.7, 558.6), (905.7, 494.2), (935.2, 484.8), (975.2, 494.3), (983.0, 522.6), (983.0, 562.2), (983.0, 601.8), (983.0, 641.5), (993.0, 659.3), (1011.5, 659.0), (1015.7, 659.9), (1015.7, 659.3), (1015.7, 659.0), (1015.7, 659.9), (1015.7, 659.3), (1015.7, 659.0), (1015.7, 659.9), (1015.7, 659.3), (1015.7, 659.0), (1015.7, 659.9), (1015.7, 659.3), (1015.7, 659.0), (1015.7, 659.9), (1015.7, 659.3), (1015.7, 659.0), (1015.7, 659.9), (1015.7, 659.3), (1015.7, 659.0), (1015.7, 659.9), (1015.7, 659.3), (1015.7, 659.0), (1015.7, 659.9), (1015.7, 659.3), (1015.7, 659.0), (1015.7, 659.9), (1015.7, 659.3), (1015.7, 659.0), (1015.7, 659.9), (1015.7, 659.3)]",0,8.97
novice,meatboy,10,Saw,4,0,228.8,0.371,"[(73.0, 653.0), (91.0, 659.3), (107.8, 612.1), (147.8, 575.2), (161.8, 557.1), (201.2, 557.9), (229.5, 563.3), (257.0, 517.4), (297.0, 512.7), (337.0, 526.8), (377.0, 559.8)]",0,1.38
novice,meatboy,10,Stuck,1,0,61.18,0.961,"[(73.0, 653.0), (91.0, 659.3), (91.1, 659.0), (95.3, 659.9), (95.7, 659.3), (95.8, 659.0), (100.0, 659.9), (100.3, 659.3), (100.4, 659.0), (104.7, 659.9), (105.0, 659.3), (105.1, 659.0), (109.3, 659.9), (109.7, 659.3), (109.8, 659.0), (114.0, 659.9), (114.3, 659.3), (114.4, 659.0), (118.7, 659.9), (119.0, 659.3), (119.1, 659.0), (123.3, 659.9), (123.7, 659.3), (123.8, 659.0), (128.0, 659.9), (128.3, 659.3), (128.4, 659.0), (132.7, 659.9), (133.0, 659.3), (133.1, 659.0), (137.3, 659.9), (137.7, 659.3), (137.8, 659.0), (142.0, 659.9), (142.3, 659.3), (142.4, 659.0), (146.7, 659.9), (147.0, 659.3), (147.1, 659.0), (151.3, 659.9), (151.7, 659.3), (151.8, 659.0), (156.0, 659.9), (156.3, 659.3), (156.4, 659.0), (160.7, 659.9), (161.0, 659.3), (161.1, 659.0), (165.3, 659.9), (165.7, 659.3), (165.8, 659.0), (170.0, 659.9), (170.3, 659.3), (170.4, 659.0), (174.7, 659.9), (175.0, 659.3), (175.1, 659.0), (179.3, 659.9), (179.7, 659.3), (179.8, 659.0), (184.0, 659.9), (184.3, 659.3), (184.4, 659.0), (188.7, 659.9), (189.0, 659.3), (189.1, 659.0), (193.3, 659.9), (193.7, 659.3), (193.8, 659.0), (198.0, 659.9), (226.9, 659.3), (248.6, 659.0), (288.6, 659.9), (328.6, 659.3), (368.6, 659.0), (408.6, 659.9), (448.6, 659.3), (488.6, 659.0), (528.6, 659.9), (568.6, 659.3), (585.7, 659.0), (612.8, 659.9), (640.3, 659.3), (657.4, 659.0), (696.1, 659.9), (736.1, 659.3), (776.1, 659.0), (816.1, 659.9), (856.1, 659.3), (896.1, 659.0), (936.1, 659.9), (952.2, 659.3), (967.1, 659.0), (980.8, 659.9), (1015.0, 659.3), (1015.0, 659.0), (1015.0, 659.9), (1015.0, 659.3), (1015.0, 659.0), (1015.0, 659.9), (1015.0, 659.3), (1015.0, 659.0), (1015.0, 659.9), (1015.0, 659.3), (1015.0, 659.0), (1015.0, 659.9), (1015.0, 659.3), (1015.0, 659.0), (1015.0, 659.9), (1015.0, 659.3), (1015.0, 659.0), (1015.0, 659.9), (1015.0, 659.3), (1015.0, 659.0), (1015.0, 659.9), (1015.0, 659.3), (1015.0, 659.0), (1015.0, 659.9), (1015.0, 659.3), (1015.0, 659.0), (1015.0, 659.9), (1015.0, 659.3), (1015.0, 659.0), (1015.0, 659.9), (1015.0, 659.3), (1015.0, 659.0), (1015.0, 659.9)]",0,16.87
novice,meatboy,10,Stuck,1,0,33.69,0.87,"[(73.0, 653.0), (91.0, 659.3), (91.1, 659.0), (95.3, 659.9), (95.7, 659.3), (95.8, 659.0), (100.0, 659.9), (100.3, 659.3), (100.4, 659.0), (104.7, 659.9), (105.0, 659.3), (105.1, 659.0), (109.3, 659.9), (109.7, 659.3), (109.8, 659.0), (114.0, 659.9), (114.3, 659.3), (114.4, 659.0), (118.7, 659.9), (119.0, 659.3), (119.1, 659.0), (123.3, 659.9), (123.7, 659.3), (123.8, 659.0), (128.0, 659.9), (128.3, 659.3), (128.4, 659.0), (132.7, 659.9), (133.0, 659.3), (133.1, 659.0), (137.3, 659.9), (137.7, 659.3), (137.8, 659.0), (142.0, 659.9), (142.3, 659.3), (142.4, 659.0), (146.7, 659.9), (147.0, 659.3), (147.1, 659.0), (151.3, 659.9), (151.7, 659.3), (151.8, 659.0), (156.0, 659.9), (156.3, 659.3), (156.4, 659.0), (160.7, 659.9), (161.0, 659.3), (161.1, 659.0), (165.3, 659.9), (165.7, 659.3), (165.8, 659.0), (170.0, 659.9), (170.3, 659.3), (170.4, 659.0), (174.7, 659.9), (175.0, 659.3), (175.1, 659.0), (179.3, 659.9), (179.7, 659.3), (179.8, 659.0), (184.0, 659.9), (184.3, 659.3), (184.4, 659.0), (188.7, 659.9), (189.0, 659.3), (189.1, 659.0), (193.3, 659.9), (193.7, 659.3), (193.8, 659.0), (198.0, 659.9), (198.3, 659.3), (198.4, 659.0), (202.7, 659.9), (203.0, 659.3), (203.1, 659.0), (207.3, 659.9), (207.7, 659.3), (207.8, 659.0), (212.0, 659.9), (212.3, 659.3), (212.4, 659.0), (216.7, 659.9), (217.0, 659.3), (217.1, 659.0), (221.3, 659.9), (221.7, 659.3), (221.8, 659.0), (226.0, 659.9), (226.3, 659.3), (226.4, 659.0), (230.7, 659.9), (231.0, 659.3), (245.1, 659.0), (255.3, 659.9), (269.0, 659.3), (308.7, 659.0), (348.7, 659.9), (388.7, 659.3), (405.8, 659.0), (432.9, 659.9), (460.4, 659.3), (477.5, 659.0), (493.4, 659.9), (508.1, 659.3), (538.3, 659.0), (556.1, 659.9), (577.4, 659.3), (582.1, 659.0), (580.2, 659.9), (583.4, 659.3), (588.1, 659.0), (586.2, 659.9), (589.4, 659.3), (594.1, 659.0), (592.2, 659.9), (595.4, 659.3), (600.1, 659.0), (598.2, 659.9), (601.4, 659.3), (606.1, 659.0), (604.2, 659.9), (607.4, 659.3), (612.1, 659.0), (610.2, 659.9), (613.4, 659.3), (618.1, 659.0), (616.2, 659.9), (619.4, 659.3), (624.1, 659.0), (622.2, 659.9), (625.4, 659.3), (630.1, 659.0), (628.2, 659.9), (631.4, 659.3), (636.1, 659.0), (634.2, 659.9), (637.4, 659.3), (642.1, 659.0), (640.2, 659.9), (643.4, 659.3), (661.3, 659.0), (677.9, 659.9), (694.6, 659.3), (710.1, 659.0), (728.9, 659.9), (760.1, 659.3), (779.5, 659.0), (795.1, 659.9), (835.1, 659.3), (859.5, 659.0), (878.4, 659.9), (897.3, 659.3), (912.3, 659.0), (911.1, 659.9), (912.5, 659.3), (914.2, 659.0), (911.7, 659.9), (913.2, 659.3), (914.8, 659.0), (912.4, 659.9), (913.8, 659.3), (915.5, 659.0), (913.1, 659.9), (914.5, 659.3), (916.2, 659.0), (913.7, 659.9), (915.2, 659.3), (916.8, 659.0), (914.4, 659.9), (915.8, 659.3), (917.5, 659.0), (915.1, 659.9), (916.5, 659.3), (918.2, 659.0), (915.7, 659.9), (917.2, 659.3), (918.8, 659.0), (916.4, 659.9), (917.8, 659.3), (919.5, 659.0), (917.1, 659.9), (918.5, 659.3), (920.2, 659.0), (917.7, 659.9), (919.2, 659.3), (920.8, 659.0), (918.4, 659.9), (919.8, 659.3), (921.5, 659.0)]",0,25.12
novice,meatboy,10,Stuck,1,0,4.49,0.09,"[(73.0, 653.0), (93.8, 659.3), (95.5, 659.0), (95.5, 659.9), (95.5, 659.3), (95.5, 659.0), (95.5, 659.9), (95.5, 659.3), (95.5, 659.0), (95.5, 659.9), (95.5, 659.3), (95.5, 659.0), (95.5, 659.9), (95.5, 659.3), (95.5, 659.0), (95.5, 659.9), (95.5, 659.3), (95.5, 659.0), (95.5, 659.9), (95.5, 659.3), (95.5, 659.0), (95.5, 659.9), (95.5, 659.3), (95.5, 659.0), (95.5, 659.9), (95.5, 659.3), (95.5, 659.0), (95.5, 659.9), (95.5, 659.3), (95.5, 659.0), (95.5, 659.9), (95.5, 659.3), (95.5, 659.0), (95.5, 659.9), (95.5, 659.3), (95.5, 659.0), (95.5, 659.9), (95.5, 659.3)]",0,5.02
novice,meatboy,10,Stuck,4,0,136.55,0.962,"[(73.0, 653.0), (98.2, 659.3), (138.2, 659.0), (178.2, 659.9), (218.2, 659.3), (258.2, 659.0), (298.2, 659.9), (338.2, 659.3), (378.2, 659.0), (418.2, 659.9), (458.2, 659.3), (498.2, 652.2), (538.2, 601.1), (578.2, 568.9), (618.2, 555.6), (658.2, 561.1), (698.2, 563.0), (738.2, 563.9), (778.2, 535.3), (818.2, 533.0), (858.2, 549.5), (898.2, 584.9), (938.2, 639.1), (978.2, 659.9), (1015.0, 659.3), (1015.0, 659.0), (1015.0, 659.9), (1015.0, 659.3), (1015.0, 659.0), (1015.0, 659.9), (1015.0, 659.3), (1015.0, 659.0), (1015.0, 659.9), (1015.0, 659.3), (1015.0, 659.0), (1015.0, 659.9), (1015.0, 659.3), (1015.0, 659.0), (1015.0, 659.9), (1015.0, 659.3), (1015.0, 659.0), (1015.0, 659.9), (1015.0, 659.3), (1015.0, 659.0), (1015.0, 659.9), (1015.0, 659.3), (1015.0, 659.0), (1015.0, 659.9), (1015.0, 659.3), (1015.0, 659.0), (1015.0, 659.9), (1015.0, 659.3), (1015.0, 659.0), (1015.0, 659.9), (1015.0, 659.3), (1015.0, 659.0), (1015.0, 659.9)]",0,7.58
novice,meatboy,10,Stuck,1,0,133.31,0.961,"[(73.0, 653.0), (98.2, 659.3), (138.2, 659.0), (178.2, 659.9), (218.2, 659.3), (258.2, 659.0), (298.2, 659.9), (338.2, 659.3), (378.2, 659.0), (418.2, 659.9), (458.2, 659.3), (498.2, 659.0), (538.2, 659.9), (578.2, 659.3), (618.2, 659.0), (658.2, 659.9), (698.2, 659.3), (738.2, 659.0), (778.2, 659.9), (818.2, 659.3), (858.2, 659.0), (898.2, 659.9), (938.2, 659.3), (978.2, 659.0), (1015.0, 659.9), (1015.0, 659.3), (1015.0, 659.0), (1015.0, 659.9), (1015.0, 659.3), (1015.0, 659.0), (1015.0, 659.9), (1015.0, 659.3), (1015.0, 659.0), (1015.0, 659.9), (1015.0, 659.3), (1015.0, 659.0), (1015.0, 659.9), (1015.0, 659.3), (1015.0, 659.0), (1015.0, 659.9), (1015.0, 659.3), (1015.0, 659.0), (1015.0, 659.9), (1015.0, 659.3), (1015.0, 659.0), (1015.0, 659.9), (1015.0, 659.3), (1015.0, 659.0), (1015.0, 659.9), (1015.0, 659.3), (1015.0, 659.0), (1015.0, 659.9), (1015.0, 659.3), (1015.0, 659.0), (1015.0, 659.9), (1015.0, 659.3), (1015.0, 659.0), (1015.0, 659.9), (1015.0, 659.3)]",0,7.8
novice,meatboy,10,Stuck,24,0,73.17,0.931,"[(73.0, 653.0), (91.0, 659.3), (107.8, 612.1), (147.8, 592.3), (151.7, 597.1), (140.7, 607.3), (62.3, 542.9), (48.2, 502.9), (86.2, 498.2), (87.7, 512.3), (97.8, 545.3), (137.2, 597.2), (161.8, 659.0), (174.2, 623.4), (213.7, 629.2), (253.7, 656.3), (293.7, 659.3), (333.7, 659.0), (373.7, 659.9), (413.7, 659.3), (453.7, 659.0), (493.7, 659.9), (533.7, 659.3), (573.7, 659.0), (613.7, 659.9), (653.7, 659.3), (693.7, 659.0), (733.7, 659.9), (773.7, 659.3), (813.7, 659.0), (853.7, 659.9), (893.7, 659.3), (933.7, 659.0), (952.6, 637.6), (983.7, 591.3), (983.7, 563.8), (983.7, 555.2), (983.7, 565.4), (972.7, 580.4), (894.3, 525.3), (855.0, 538.2), (861.9, 570.1), (900.8, 620.7), (940.8, 659.0), (957.9, 630.2), (983.0, 586.3), (983.0, 561.1), (983.0, 554.8), (983.0, 567.4), (962.3, 570.7), (886.9, 508.7), (883.8, 473.8), (923.2, 471.4), (963.2, 488.0), (983.0, 523.3), (902.5, 456.6), (857.4, 408.7), (858.5, 401.4), (895.8, 423.8), (935.8, 465.0), (975.8, 525.1), (962.3, 544.4), (886.9, 482.4), (853.3, 439.2), (866.0, 419.8), (905.8, 422.2), (945.8, 443.4), (983.0, 483.5), (972.7, 515.0), (894.3, 450.6), (855.0, 405.1), (861.9, 403.2), (900.8, 427.9), (940.8, 471.5), (980.8, 533.9), (952.0, 535.7), (880.2, 476.0), (852.4, 435.2), (870.8, 419.1), (910.8, 423.8), (950.8, 447.4), (983.7, 488.4), (962.3, 505.9), (886.9, 443.9), (853.3, 400.8), (866.0, 405.2), (905.8, 432.3), (945.8, 478.3), (983.0, 543.0), (941.7, 527.2), (874.2, 469.9), (852.2, 431.4), (875.8, 418.6), (915.8, 425.7), (955.8, 451.7)]",0,12.63
novice,meatboy,10,Stuck,6,0,116.75,0.962,"[(73.0, 653.0), (93.8, 659.3), (122.7, 612.1), (151.0, 575.2), (158.2, 557.1), (196.2, 557.9), (236.2, 563.3), (276.2, 563.0), (316.2, 567.4), (356.2, 589.8), (396.2, 631.0), (436.2, 659.0), (476.2, 659.9), (516.2, 659.3), (556.2, 659.0), (596.2, 659.9), (636.2, 659.3), (676.2, 659.0), (716.2, 659.9), (756.2, 659.3), (796.2, 659.0), (836.2, 659.9), (876.2, 659.3), (916.2, 659.0), (956.2, 659.9), (972.3, 624.3), (983.7, 582.7), (983.7, 559.9), (983.7, 556.0), (972.7, 558.6), (905.7, 494.2), (935.2, 484.8), (975.2, 494.3), (983.0, 522.6), (983.0, 562.2), (983.0, 601.8), (983.0, 641.5), (993.0, 659.3), (1011.5, 659.0), (1015.7, 659.9), (1015.7, 659.3), (1015.7, 659.0), (1015.7, 659.9), (1015.7, 659.3), (1015.7, 659.0), (1015.7, 659.9), (1015.7, 659.3), (1015.7, 659.0), (1015.7, 659.9), (1015.7, 659.3), (1015.7, 659.0), (1015.7, 659.9), (1015.7, 659.3), (1015.7, 659.0), (1015.7, 659.9), (1015.7, 659.3), (1015.7, 659.0), (1015.7, 659.9), (1015.7, 659.3), (1015.7, 659.0), (1015.7, 659.9), (1015.7, 659.3), (1015.7, 659.0), (1015.7, 659.9), (1015.7, 659.3), (1015.7, 659.0), (1015.7, 659.9), (1015.7, 659.3)]",0,8.97
novice,meatboy,10,Stuck,11,0,96.91,0.962,"[(73.0, 653.0), (93.8, 659.3), (122.7, 612.1), (151.0, 592.3), (70.5, 525.6), (45.3, 480.4), (81.2, 473.4), (87.0, 485.2), (87.0, 515.8), (102.2, 565.3), (142.2, 633.7), (182.2, 623.4), (222.2, 629.2), (262.2, 656.3), (302.2, 659.3), (342.2, 659.0), (382.2, 659.9), (422.2, 659.3), (462.2, 659.0), (502.2, 659.9), (542.2, 659.3), (582.2, 659.0), (622.2, 659.9), (662.2, 659.3), (702.2, 659.0), (742.2, 659.9), (782.2, 659.3), (822.2, 659.0), (862.2, 659.9), (902.2, 659.3), (942.2, 659.0), (958.3, 623.4), (983.0, 607.9), (921.0, 556.1), (864.3, 526.8), (853.9, 544.4), (885.8, 580.9), (925.8, 636.3), (950.3, 651.6), (981.7, 611.7), (931.3, 564.7), (868.9, 509.8), (852.7, 479.3), (880.8, 476.9), (920.8, 493.5), (960.8, 528.8), (983.7, 575.4), (983.7, 615.0), (983.7, 654.7), (995.2, 659.0), (1015.0, 659.9), (1015.0, 659.3), (1015.0, 659.0), (1015.0, 659.9), (1015.0, 659.3), (1015.0, 659.0), (1015.0, 659.9), (1015.0, 659.3), (1015.0, 659.0), (1015.0, 659.9), (1015.0, 659.3), (1015.0, 659.0), (1015.0, 659.9), (1015.0, 659.3), (1015.0, 659.0), (1015.0, 659.9), (1015.0, 659.3), (1015.0, 659.0), (1015.0, 659.9), (1015.0, 659.3), (1015.0, 659.0), (1015.0, 659.9), (1015.0, 659.3), (1015.0, 659.0), (1015.0, 659.9), (1015.0, 659.3), (1015.0, 659.0), (1015.0, 659.9), (1015.0, 659.3), (1015.0, 659.0), (1015.0, 659.9)]",0,10.68
novice,meatboy,10,Stuck,3,0,58.94,0.961,"[(73.0, 653.0), (91.0, 659.3), (91.1, 659.0), (95.3, 659.9), (95.7, 659.3), (95.8, 659.0), (100.0, 659.9), (100.3, 659.3), (100.4, 659.0), (104.7, 659.9), (105.0, 659.3), (105.1, 659.0), (109.3, 659.9), (109.7, 659.3), (109.8, 659.0), (114.0, 659.9), (114.3, 659.3), (114.4, 659.0), (118.7, 659.9), (119.0, 659.3), (119.1, 659.0), (123.3, 659.9), (123.7, 659.3), (123.8, 659.0), (128.0, 659.9), (128.3, 659.3), (128.4, 659.0), (132.7, 659.9), (133.0, 659.3), (133.1, 659.0), (137.3, 659.9), (137.7, 659.3), (137.8, 659.0), (142.0, 659.9), (142.3, 659.3), (142.4, 659.0), (146.7, 659.9), (147.0, 659.3), (147.1, 659.0), (151.3, 659.9), (151.7, 659.3), (151.8, 659.0), (156.0, 659.9), (156.3, 659.3), (156.4, 659.0), (160.7, 659.9), (161.0, 659.3), (161.1, 659.0), (165.3, 659.9), (165.7, 659.3), (165.8, 659.0), (170.0, 659.9), (170.3, 659.3), (170.4, 659.0), (174.7, 659.9), (175.0, 659.3), (175.1, 659.0), (179.3, 659.9), (179.7, 659.3), (179.8, 659.0), (184.0, 659.9), (184.3, 659.3), (184.4, 659.0), (188.7, 659.9), (189.0, 659.3), (189.1, 659.0), (193.3, 659.9), (193.7, 659.3), (193.8, 659.0), (198.0, 659.9), (232.8, 659.3), (272.8, 659.0), (312.8, 659.9), (352.8, 659.3), (392.8, 659.0), (432.8, 659.9), (472.8, 659.3), (512.8, 659.0), (552.8, 659.9), (586.9, 659.3), (606.4, 659.0), (621.9, 659.9), (643.2, 659.3), (677.8, 659.0), (717.8, 659.9), (757.8, 659.3), (797.8, 659.0), (837.8, 659.9), (877.8, 659.3), (917.8, 659.0), (946.1, 659.9), (949.3, 644.8), (978.2, 596.1), (983.0, 566.2), (983.0, 555.2), (983.0, 563.1), (921.0, 516.2), (920.2, 486.1), (960.2, 488.5), (983.7, 509.8), (983.7, 547.3), (983.7, 587.0), (983.7, 626.6), (987.3, 659.3), (1015.7, 659.0), (1015.7, 659.9), (1015.7, 659.3), (1015.7, 659.0), (1015.7, 659.9), (1015.7, 659.3), (1015.7, 659.0), (1015.7, 659.9), (1015.7, 659.3), (1015.7, 659.0), (1015.7, 659.9), (1015.7, 659.3), (1015.7, 659.0), (1015.7, 659.9), (1015.7, 659.3), (1015.7, 659.0), (1015.7, 659.9), (1015.7, 659.3), (1015.7, 659.0), (1015.7, 659.9), (1015.7, 659.3), (1015.7, 659.0), (1015.7, 659.9), (1015.7, 659.3), (1015.7, 659.0), (1015.7, 659.9), (1015.7, 659.3), (1015.7, 659.0), (1015.7, 659.9), (1015.7, 659.3)]",0,17.82
novice,meatboy,10,Stuck,2,0,93.3,0.961,"[(73.0, 653.0), (91.0, 659.3), (105.1, 659.0), (115.3, 659.9), (121.0, 659.3), (120.3, 659.0), (126.2, 659.9), (127.0, 659.3), (126.3, 659.0), (132.2, 659.9), (133.0, 659.3), (132.3, 659.0), (138.2, 659.9), (139.0, 659.3), (138.3, 659.0), (144.2, 659.9), (145.0, 659.3), (144.3, 659.0), (150.2, 659.9), (151.0, 659.3), (150.3, 659.0), (156.2, 659.9), (157.0, 659.3), (156.3, 659.0), (162.2, 659.9), (163.0, 659.3), (162.3, 659.0), (168.2, 659.9), (185.1, 644.8), (218.6, 623.9), (258.6, 644.0), (298.6, 659.3), (338.6, 659.0), (378.6, 659.9), (418.6, 659.3), (458.6, 659.0), (498.6, 659.9), (538.6, 659.3), (578.6, 659.0), (618.6, 659.9), (658.6, 659.3), (698.6, 659.0), (738.6, 659.9), (778.6, 659.3), (818.6, 659.0), (858.6, 659.9), (898.6, 659.3), (938.6, 659.0), (978.6, 659.9), (1007.8, 659.3), (1015.0, 659.0), (1015.0, 659.9), (1015.0, 659.3), (1015.0, 659.0), (1015.0, 659.9), (1015.0, 659.3), (1015.0, 659.0), (1015.0, 659.9), (1015.0, 659.3), (1015.0, 659.0), (1015.0, 659.9), (1015.0, 659.3), (1015.0, 659.0), (1015.0, 659.9), (1015.0, 659.3), (1015.0, 659.0), (1015.0, 659.9), (1015.0, 659.3), (1015.0, 659.0), (1015.0, 659.9), (1015.0, 659.3), (1015.0, 659.0), (1015.0, 659.9), (1015.0, 659.3), (1015.0, 659.0), (1015.0, 659.9), (1015.0, 659.3), (1015.0, 659.0), (1015.0, 659.9), (1015.0, 659.3), (1015.0, 659.0), (1015.0, 659.9), (1015.0, 659.3), (1015.0, 659.0)]",0,11.13
novice,meatboy,10,Stuck,4,0,79.61,0.962,"[(73.0, 653.0), (93.8, 659.3), (109.2, 659.0), (113.6, 659.9), (125.2, 659.3), (128.6, 659.0), (125.3, 659.9), (127.2, 659.3), (130.6, 659.0), (127.3, 659.9), (129.2, 659.3), (132.6, 659.0), (129.3, 659.9), (131.2, 659.3), (134.6, 659.0), (131.3, 659.9), (133.2, 659.3), (136.6, 659.0), (133.3, 659.9), (135.2, 659.3), (138.6, 659.0), (135.3, 659.9), (137.2, 659.3), (140.6, 659.0), (137.3, 659.9), (139.2, 659.3), (142.6, 659.0), (139.3, 659.9), (141.2, 659.3), (144.6, 659.0), (141.3, 659.9), (143.2, 659.3), (146.6, 659.0), (143.3, 659.9), (145.2, 659.3), (148.6, 659.0), (145.3, 659.9), (147.2, 659.3), (150.6, 659.0), (147.3, 659.9), (149.2, 659.3), (151.6, 630.8), (186.3, 627.2), (226.3, 651.9), (266.3, 659.0), (306.3, 659.9), (346.3, 659.3), (386.3, 659.0), (426.3, 659.9), (466.3, 659.3), (506.3, 659.0), (546.3, 659.9), (586.3, 659.3), (626.3, 659.0), (666.3, 659.9), (706.3, 659.3), (746.3, 659.0), (786.3, 659.9), (826.3, 659.3), (866.3, 659.0), (906.3, 659.9), (940.5, 659.3), (962.2, 615.9), (983.7, 608.8), (983.7, 620.6), (983.7, 651.3), (988.1, 659.0), (983.0, 632.6), (983.0, 628.0), (983.0, 642.1), (985.6, 659.0), (1005.8, 659.9), (1015.7, 659.3), (1015.7, 659.0), (1015.7, 659.9), (1015.7, 659.3), (1015.7, 659.0), (1015.7, 659.9), (1015.7, 659.3), (1015.7, 659.0), (1015.7, 659.9), (1015.7, 659.3), (1015.7, 659.0), (1015.7, 659.9), (1015.7, 659.3), (1015.7, 659.0), (1015.7, 659.9), (1015.7, 659.3), (1015.7, 659.0), (1015.7, 659.9), (1015.7, 659.3), (1015.7, 659.0), (1015.7, 659.9), (1015.7, 659.3), (1015.7, 659.0), (1015.7, 659.9), (1015.7, 659.3), (1015.7, 659.0)]",0,12.97
novice,meatboy,10,Stuck,5,0,122.84,0.961,"[(73.0, 653.0), (91.0, 659.3), (107.8, 612.1), (147.8, 575.2), (161.8, 557.1), (201.2, 557.9), (241.2, 563.3), (281.2, 563.0), (321.2, 567.4), (361.2, 589.8), (401.2, 631.0), (441.2, 659.0), (481.2, 659.9), (521.2, 659.3), (561.2, 659.0), (601.2, 659.9), (641.2, 659.3), (681.2, 659.0), (721.2, 659.9), (761.2, 659.3), (801.2, 659.0), (841.2, 659.9), (881.2, 659.3), (921.2, 659.0), (961.2, 659.9), (977.3, 624.3), (983.0, 582.7), (983.0, 559.9), (983.0, 556.0), (983.0, 570.9), (983.0, 604.3), (983.0, 644.0), (998.2, 659.3), (1015.0, 653.9), (1015.0, 659.0), (1015.0, 659.9), (1015.0, 659.3), (1015.0, 659.0), (1015.0, 659.9), (1015.0, 659.3), (1015.0, 659.0), (1015.0, 659.9), (1015.0, 659.3), (1015.0, 659.0), (1015.0, 659.9), (1015.0, 659.3), (1015.0, 659.0), (1015.0, 659.9), (1015.0, 659.3), (1015.0, 659.0), (1015.0, 659.9), (1015.0, 659.3), (1015.0, 659.0), (1015.0, 659.9), (1015.0, 659.3), (1015.0, 659.0), (1015.0, 659.9), (1015.0, 659.3), (1015.0, 659.0), (1015.0, 659.9), (1015.0, 659.3), (1015.0, 659.0), (1015.0, 659.9), (1015.0, 659.3)]",0,8.5
novice,meatboy,10,Stuck,7,0,112.97,0.962,"[(73.0, 653.0), (91.0, 659.3), (107.8, 659.0), (126.6, 659.9), (127.4, 659.3), (126.7, 659.0), (132.6, 659.9), (133.4, 659.3), (132.7, 659.0), (138.6, 659.9), (139.4, 659.3), (138.7, 659.0), (144.6, 659.9), (161.5, 644.8), (194.9, 623.9), (234.9, 644.0), (274.9, 659.3), (314.9, 659.0), (354.9, 659.9), (394.9, 659.3), (434.9, 659.0), (474.9, 659.9), (514.9, 659.3), (554.9, 630.8), (594.9, 586.9), (601.2, 561.7), (634.2, 555.4), (674.2, 563.3), (714.2, 563.0), (754.2, 555.6), (794.2, 532.2), (834.2, 537.0), (874.2, 560.6), (914.2, 603.0), (954.2, 659.0), (971.3, 630.2), (983.7, 586.3), (983.7, 561.1), (983.7, 554.8), (983.7, 567.4), (983.7, 598.8), (983.7, 638.5), (993.8, 659.0), (1014.4, 653.3), (1015.7, 659.9), (1015.7, 659.3), (1015.7, 659.0), (1015.7, 659.9), (1015.7, 659.3), (1015.7, 659.0), (1015.7, 659.9), (1015.7, 659.3), (1015.7, 659.0), (1015.7, 659.9), (1015.7, 659.3), (1015.7, 659.0), (1015.7, 659.9), (1015.7, 659.3), (1015.7, 659.0), (1015.7, 659.9), (1015.7, 659.3), (1015.7, 659.0), (1015.7, 659.9), (1015.7, 659.3), (1015.7, 659.0), (1015.7, 659.9), (1015.7, 659.3), (1015.7, 659.0), (1015.7, 659.9)]",0,9.13
novice,meatboy,10,Saw,5,0,189.5,0.38,"[(73.0, 653.0), (93.8, 659.3), (103.8, 612.1), (142.1, 575.2), (153.2, 557.1), (186.2, 557.9), (220.2, 563.3), (223.3, 527.7), (256.3, 533.2), (296.3, 560.3), (336.3, 606.3), (375.3, 659.3), (381.3, 636.8)]",0,1.72
novice,meatboy,10,Stuck,1,0,133.31,0.961,"[(73.0, 653.0), (98.2, 659.3), (138.2, 659.0), (178.2, 659.9), (218.2, 659.3), (258.2, 659.0), (298.2, 659.9), (338.2, 659.3), (378.2, 659.0), (418.2, 659.9), (458.2, 659.3), (498.2, 659.0), (538.2, 659.9), (578.2, 659.3), (618.2, 659.0), (658.2, 659.9), (698.2, 659.3), (738.2, 659.0), (778.2, 659.9), (818.2, 659.3), (858.2, 659.0), (898.2, 659.9), (938.2, 659.3), (978.2, 659.0), (1015.0, 659.9), (1015.0, 659.3), (1015.0, 659.0), (1015.0, 659.9), (1015.0, 659.3), (1015.0, 659.0), (1015.0, 659.9), (1015.0, 659.3), (1015.0, 659.0), (1015.0, 659.9), (1015.0, 659.3), (1015.0, 659.0), (1015.0, 659.9), (1015.0, 659.3), (1015.0, 659.0), (1015.0, 659.9), (1015.0, 659.3), (1015.0, 659.0), (1015.0, 659.9), (1015.0, 659.3), (1015.0, 659.0), (1015.0, 659.9), (1015.0, 659.3), (1015.0, 659.0), (1015.0, 659.9), (1015.0, 659.3), (1015.0, 659.0), (1015.0, 659.9), (1015.0, 659.3), (1015.0, 659.0), (1015.0, 659.9), (1015.0, 659.3), (1015.0, 659.0), (1015.0, 659.9), (1015.0, 659.3)]",0,7.8
novice,meatboy,10,Stuck,24,0,73.17,0.931,"[(73.0, 653.0), (91.0, 659.3), (107.8, 612.1), (147.8, 592.3), (151.7, 597.1), (140.7, 607.3), (62.3, 542.9), (48.2, 502.9), (86.2, 498.2), (87.7, 512.3), (97.8, 545.3), (137.2, 597.2), (161.8, 659.0), (174.2, 623.4), (213.7, 629.2), (253.7, 656.3), (293.7, 659.3), (333.7, 659.0), (373.7, 659.9), (413.7, 659.3), (453.7, 659.0), (493.7, 659.9), (533.7, 659.3), (573.7, 659.0), (613.7, 659.9), (653.7, 659.3), (693.7, 659.0), (733.7, 659.9), (773.7, 659.3), (813.7, 659.0), (853.7, 659.9), (893.7, 659.3), (933.7, 659.0), (952.6, 637.6), (983.7, 591.3), (983.7, 563.8), (983.7, 555.2), (983.7, 565.4), (972.7, 580.4), (894.3, 525.3), (855.0, 538.2), (861.9, 570.1), (900.8, 620.7), (940.8, 659.0), (957.9, 630.2), (983.0, 586.3), (983.0, 561.1), (983.0, 554.8), (983.0, 567.4), (962.3, 570.7), (886.9, 508.7), (883.8, 473.8), (923.2, 471.4), (963.2, 488.0), (983.0, 523.3), (902.5, 456.6), (857.4, 408.7), (858.5, 401.4), (895.8, 423.8), (935.8, 465.0), (975.8, 525.1), (962.3, 544.4), (886.9, 482.4), (853.3, 439.2), (866.0, 419.8), (905.8, 422.2), (945.8, 443.4), (983.0, 483.5), (972.7, 515.0), (894.3, 450.6), (855.0, 405.1), (861.9, 403.2), (900.8, 427.9), (940.8, 471.5), (980.8, 533.9), (952.0, 535.7), (880.2, 476.0), (852.4, 435.2), (870.8, 419.1), (910.8, 423.8), (950.8, 447.4), (983.7, 488.4), (962.3, 505.9), (886.9, 443.9), (853.3, 400.8), (866.0, 405.2), (905.8, 432.3), (945.8, 478.3), (983.0, 543.0), (941.7, 527.2), (874.2, 469.9), (852.2, 431.4), (875.8, 418.6), (915.8, 425.7), (955.8, 451.7)]",0,12.63
novice,meatboy,10,Stuck,3,0,58.94,0.961,"[(73.0, 653.0), (91.0, 659.3), (91.1, 659.0), (95.3, 659.9), (95.7, 659.3), (95.8, 659.0), (100.0, 659.9), (100.3, 659.3), (100.4, 659.0), (104.7, 659.9), (105.0, 659.3), (105.1, 659.0), (109.3, 659.9), (109.7, 659.3), (109.8, 659.0), (114.0, 659.9), (114.3, 659.3), (114.4, 659.0), (118.7, 659.9), (119.0, 659.3), (119.1, 659.0), (123.3, 659.9), (123.7, 659.3), (123.8, 659.0), (128.0, 659.9), (128.3, 659.3), (128.4, 659.0), (132.7, 659.9), (133.0, 659.3), (133.1, 659.0), (137.3, 659.9), (137.7, 659.3), (137.8, 659.0), (142.0, 659.9), (142.3, 659.3), (142.4, 659.0), (146.7, 659.9), (147.0, 659.3), (147.1, 659.0), (151.3, 659.9), (151.7, 659.3), (151.8, 659.0), (156.0, 659.9), (156.3, 659.3), (156.4, 659.0), (160.7, 659.9), (161.0, 659.3), (161.1, 659.0), (165.3, 659.9), (165.7, 659.3), (165.8, 659.0), (170.0, 659.9), (170.3, 659.3), (170.4, 659.0), (174.7, 659.9), (175.0, 659.3), (175.1, 659.0), (179.3, 659.9), (179.7, 659.3), (179.8, 659.0), (184.0, 659.9), (184.3, 659.3), (184.4, 659.0), (188.7, 659.9), (189.0, 659.3), (189.1, 659.0), (193.3, 659.9), (193.7, 659.3), (193.8, 659.0), (198.0, 659.9), (232.8, 659.3), (272.8, 659.0), (312.8, 659.9), (352.8, 659.3), (392.8, 659.0), (432.8, 659.9), (472.8, 659.3), (512.8, 659.0), (552.8, 659.9), (586.9, 659.3), (606.4, 659.0), (621.9, 659.9), (643.2, 659.3), (677.8, 659.0), (717.8, 659.9), (757.8, 659.3), (797.8, 659.0), (837.8, 659.9), (877.8, 659.3), (917.8, 659.0), (946.1, 659.9), (949.3, 644.8), (978.2, 596.1), (983.0, 566.2), (983.0, 555.2), (983.0, 563.1), (921.0, 516.2), (920.2, 486.1), (960.2, 488.5), (983.7, 509.8), (983.7, 547.3), (983.7, 587.0), (983.7, 626.6), (987.3, 659.3), (1015.7, 659.0), (1015.7, 659.9), (1015.7, 659.3), (1015.7, 659.0), (1015.7, 659.9), (1015.7, 659.3), (1015.7, 659.0), (1015.7, 659.9), (1015.7, 659.3), (1015.7, 659.0), (1015.7, 659.9), (1015.7, 659.3), (1015.7, 659.0), (1015.7, 659.9), (1015.7, 659.3), (1015.7, 659.0), (1015.7, 659.9), (1015.7, 659.3), (1015.7, 659.0), (1015.7, 659.9), (1015.7, 659.3), (1015.7, 659.0), (1015.7, 659.9), (1015.7, 659.3), (1015.7, 659.0), (1015.7, 659.9), (1015.7, 659.3), (1015.7, 659.0), (1015.7, 659.9), (1015.7, 659.3)]",0,17.82
novice,meatboy,10,Stuck,11,0,96.91,0.962,"[(73.0, 653.0), (93.8, 659.3), (122.7, 612.1), (151.0, 592.3), (70.5, 525.6), (45.3, 480.4), (81.2, 473.4), (87.0, 485.2), (87.0, 515.8), (102.2, 565.3), (142.2, 633.7), (182.2, 623.4), (222.2, 629.2), (262.2, 656.3), (302.2, 659.3), (342.2, 659.0), (382.2, 659.9), (422.2, 659.3), (462.2, 659.0), (502.2, 659.9), (542.2, 659.3), (582.2, 659.0), (622.2, 659.9), (662.2, 659.3), (702.2, 659.0), (742.2, 659.9), (782.2, 659.3), (822.2, 659.0), (862.2, 659.9), (902.2, 659.3), (942.2, 659.0), (958.3, 623.4), (983.0, 607.9), (921.0, 556.1), (864.3, 526.8), (853.9, 544.4), (885.8, 580.9), (925.8, 636.3), (950.3, 651.6), (981.7, 611.7), (931.3, 564.7), (868.9, 509.8), (852.7, 479.3), (880.8, 476.9), (920.8, 493.5), (960.8, 528.8), (983.7, 575.4), (983.7, 615.0), (983.7, 654.7), (995.2, 659.0), (1015.0, 659.9), (1015.0, 659.3), (1015.0, 659.0), (1015.0, 659.9), (1015.0, 659.3), (1015.0, 659.0), (1015.0, 659.9), (1015.0, 659.3), (1015.0, 659.0), (1015.0, 659.9), (1015.0, 659.3), (1015.0, 659.0), (1015.0, 659.9), (1015.0, 659.3), (1015.0, 659.0), (1015.0, 659.9), (1015.0, 659.3), (1015.0, 659.0), (1015.0, 659.9), (1015.0, 659.3), (1015.0, 659.0), (1015.0, 659.9), (1015.0, 659.3), (1015.0, 659.0), (1015.0, 659.9), (1015.0, 659.3), (1015.0, 659.0), (1015.0, 659.9), (1015.0, 659.3), (1015.0, 659.0), (1015.0, 659.9)]",0,10.68
novice,meatboy,10,Stuck,6,0,116.75,0.962,"[(73.0, 653.0), (93.8, 659.3), (122.7, 612.1), (151.0, 575.2), (158.2, 557.1), (196.2, 557.9), (236.2, 563.3), (276.2, 563.0), (316.2, 567.4), (356.2, 589.8), (396.2, 631.0), (436.2, 659.0), (476.2, 659.9), (516.2, 659.3), (556.2, 659.0), (596.2, 659.9), (636.2, 659.3), (676.2, 659.0), (716.2, 659.9), (756.2, 659.3), (796.2, 659.0), (836.2, 659.9), (876.2, 659.3), (916.2, 659.0), (956.2, 659.9), (972.3, 624.3), (983.7, 582.7), (983.7, 559.9), (983.7, 556.0), (972.7, 558.6), (905.7, 494.2), (935.2, 484.8), (975.2, 494.3), (983.0, 522.6), (983.0, 562.2), (983.0, 601.8), (983.0, 641.5), (993.0, 659.3), (1011.5, 659.0), (1015.7, 659.9), (1015.7, 659.3), (1015.7, 659.0), (1015.7, 659.9), (1015.7, 659.3), (1015.7, 659.0), (1015.7, 659.9), (1015.7, 659.3), (1015.7, 659.0), (1015.7, 659.9), (1015.7, 659.3), (1015.7, 659.0), (1015.7, 659.9), (1015.7, 659.3), (1015.7, 659.0), (1015.7, 659.9), (1015.7, 659.3), (1015.7, 659.0), (1015.7, 659.9), (1015.7, 659.3), (1015.7, 659.0), (1015.7, 659.9), (1015.7, 659.3), (1015.7, 659.0), (1015.7, 659.9), (1015.7, 659.3), (1015.7, 659.0), (1015.7, 659.9), (1015.7, 659.3)]",0,8.97
novice,meatboy,10,Stuck,2,0,125.41,0.962,"[(73.0, 653.0), (98.2, 659.3), (138.2, 659.0), (178.2, 659.9), (218.2, 659.3), (258.2, 659.0), (298.2, 659.9), (338.2, 659.3), (378.2, 659.0), (418.2, 659.9), (458.2, 659.3), (498.2, 659.0), (538.2, 659.9), (578.2, 659.3), (618.2, 659.0), (658.2, 659.9), (698.2, 659.3), (738.2, 659.0), (778.2, 659.9), (818.2, 659.3), (858.2, 659.0), (898.2, 659.9), (938.2, 659.3), (962.6, 652.2), (983.0, 601.1), (978.7, 568.9), (983.7, 555.6), (983.7, 561.1), (983.7, 585.4), (983.7, 624.2), (987.3, 659.0), (1015.7, 659.9), (1015.7, 659.3), (1015.7, 659.0), (1015.7, 659.9), (1015.7, 659.3), (1015.7, 659.0), (1015.7, 659.9), (1015.7, 659.3), (1015.7, 659.0), (1015.7, 659.9), (1015.7, 659.3), (1015.7, 659.0), (1015.7, 659.9), (1015.7, 659.3), (1015.7, 659.0), (1015.7, 659.9), (1015.7, 659.3), (1015.7, 659.0), (1015.7, 659.9), (1015.7, 659.3), (1015.7, 659.0), (1015.7, 659.9), (1015.7, 659.3), (1015.7, 659.0), (1015.7, 659.9), (1015.7, 659.3), (1015.7, 659.0), (1015.7, 659.9), (1015.7, 659.3), (1015.7, 659.0), (1015.7, 659.9), (1015.7, 659.3)]",0,8.3
novice,meatboy,10,Saw,4,0,200.11,0.353,"[(73.0, 653.0), (91.0, 659.3), (107.8, 612.1), (147.8, 575.2), (161.8, 557.1), (201.2, 557.9), (229.5, 563.3), (218.5, 525.9), (247.3, 541.2), (287.3, 547.9), (327.3, 505.5), (367.3, 500.8)]",0,1.48
novice,meatboy,10,Stuck,4,0,129.58,0.961,"[(73.0, 653.0), (93.8, 659.3), (122.7, 612.1), (151.0, 575.2), (158.2, 557.1), (196.2, 557.9), (236.2, 563.3), (276.2, 563.0), (316.2, 567.4), (356.2, 589.8), (396.2, 631.0), (436.2, 659.0), (476.2, 659.9), (516.2, 659.3), (556.2, 659.0), (596.2, 659.9), (636.2, 659.3), (676.2, 659.0), (716.2, 659.9), (756.2, 659.3), (796.2, 659.0), (836.2, 659.9), (876.2, 659.3), (916.2, 659.0), (956.2, 659.9), (996.2, 659.3), (1015.0, 659.0), (1015.0, 659.9), (1015.0, 659.3), (1015.0, 659.0), (1015.0, 659.9), (1015.0, 659.3), (1015.0, 659.0), (1015.0, 659.9), (1015.0, 659.3), (1015.0, 659.0), (1015.0, 659.9), (1015.0, 659.3), (1015.0, 659.0), (1015.0, 659.9), (1015.0, 659.3), (1015.0, 659.0), (1015.0, 659.9), (1015.0, 659.3), (1015.0, 659.0), (1015.0, 659.9), (1015.0, 659.3), (1015.0, 659.0), (1015.0, 659.9), (1015.0, 659.3), (1015.0, 659.0), (1015.0, 659.9), (1015.0, 659.3), (1015.0, 659.0), (1015.0, 659.9), (1015.0, 659.3), (1015.0, 659.0), (1015.0, 659.9), (1015.0, 659.3), (1015.0, 659.0), (1015.0, 659.9)]",0,8.0
novice,meatboy,10,Stuck,9,0,58.31,0.932,"[(73.0, 653.0), (91.0, 659.3), (91.1, 659.0), (95.3, 659.9), (95.7, 659.3), (95.8, 659.0), (100.0, 659.9), (100.3, 659.3), (100.4, 659.0), (104.7, 659.9), (105.0, 659.3), (105.1, 659.0), (109.3, 659.9), (109.7, 659.3), (109.8, 659.0), (114.0, 659.9), (114.3, 659.3), (114.4, 659.0), (118.7, 659.9), (119.0, 659.3), (119.1, 659.0), (123.3, 659.9), (123.7, 659.3), (123.8, 659.0), (128.0, 659.9), (128.3, 659.3), (128.4, 659.0), (132.7, 659.9), (133.0, 659.3), (133.1, 659.0), (137.3, 659.9), (137.7, 659.3), (137.8, 659.0), (142.0, 659.9), (142.3, 659.3), (142.4, 659.0), (146.7, 659.9), (147.0, 659.3), (147.1, 659.0), (151.3, 659.9), (151.7, 659.3), (151.8, 659.0), (156.0, 659.9), (156.3, 659.3), (156.4, 659.0), (160.7, 659.9), (161.0, 659.3), (161.1, 659.0), (165.3, 659.9), (165.7, 659.3), (165.8, 659.0), (170.0, 659.9), (170.3, 659.3), (170.4, 659.0), (174.7, 659.9), (175.0, 659.3), (175.1, 659.0), (179.3, 659.9), (179.7, 659.3), (179.8, 659.0), (184.0, 659.9), (184.3, 659.3), (184.4, 659.0), (188.7, 659.9), (189.0, 659.3), (189.1, 659.0), (193.3, 659.9), (193.7, 659.3), (193.8, 659.0), (198.0, 659.9), (226.9, 659.3), (248.6, 659.0), (288.6, 621.0), (328.6, 631.6), (368.6, 659.0), (408.6, 659.9), (448.6, 659.3), (486.7, 652.2), (514.3, 601.1), (554.3, 568.9), (594.3, 555.6), (634.3, 561.1), (668.4, 563.0), (687.9, 563.9), (703.4, 563.3), (715.1, 563.0), (754.2, 563.9), (794.2, 579.2), (834.2, 613.4), (874.2, 659.0), (893.0, 637.6), (930.0, 591.3), (970.0, 563.8), (983.7, 555.2), (983.7, 565.4), (983.7, 594.4), (983.7, 634.1), (985.8, 659.9), (983.0, 611.2), (983.0, 574.3), (983.0, 556.3), (983.0, 557.0), (983.0, 576.7), (983.0, 613.4), (983.0, 653.1), (983.7, 636.8), (983.7, 590.4), (983.7, 562.9), (983.7, 554.3), (983.7, 564.5), (983.7, 593.5), (983.7, 633.2), (985.8, 659.9), (983.0, 611.2), (983.0, 574.3), (983.0, 556.3), (983.0, 557.0), (983.0, 576.7), (983.0, 613.4), (983.0, 653.1), (983.7, 636.8), (983.7, 590.4), (983.7, 562.9), (983.7, 554.3), (983.7, 564.5), (983.7, 593.5), (983.7, 633.2), (985.8, 659.9), (983.0, 611.2)]",0,17.08
novice,meatboy,10,Stuck,5,0,124.04,0.961,"[(73.0, 653.0), (91.0, 659.3), (107.8, 612.1), (147.8, 575.2), (161.8, 557.1), (201.2, 557.9), (241.2, 563.3), (281.2, 563.0), (321.2, 567.4), (361.2, 589.8), (401.2, 631.0), (441.2, 659.0), (481.2, 659.9), (521.2, 659.3), (561.2, 659.0), (601.2, 659.9), (641.2, 659.3), (681.2, 659.0), (721.2, 659.9), (761.2, 659.3), (801.2, 659.0), (841.2, 659.9), (881.2, 659.3), (921.2, 659.0), (940.0, 637.6), (977.0, 591.3), (983.0, 563.8), (983.0, 555.2), (983.0, 565.4), (983.0, 594.4), (983.0, 634.1), (990.2, 659.9), (1012.6, 653.0), (1015.0, 659.3), (1015.0, 659.0), (1015.0, 659.9), (1015.0, 659.3), (1015.0, 659.0), (1015.0, 659.9), (1015.0, 659.3), (1015.0, 659.0), (1015.0, 659.9), (1015.0, 659.3), (1015.0, 659.0), (1015.0, 659.9), (1015.0, 659.3), (1015.0, 659.0), (1015.0, 659.9), (1015.0, 659.3), (1015.0, 659.0), (1015.0, 659.9), (1015.0, 659.3), (1015.0, 659.0), (1015.0, 659.9), (1015.0, 659.3), (1015.0, 659.0), (1015.0, 659.9), (1015.0, 659.3), (1015.0, 659.0), (1015.0, 659.9), (1015.0, 659.3), (1015.0, 659.0), (1015.0, 659.9), (1015.0, 659.3)]",0,8.4
novice,meatboy,10,Stuck,8,0,118.12,0.962,"[(73.0, 653.0), (93.8, 659.3), (122.7, 612.1), (151.0, 575.2), (158.2, 557.1), (196.2, 557.9), (230.2, 563.3), (265.4, 563.0), (305.4, 563.9), (345.4, 579.2), (385.4, 613.4), (425.4, 659.0), (465.4, 659.9), (505.4, 659.3), (545.4, 659.0), (585.4, 659.9), (625.4, 659.3), (665.4, 659.0), (705.4, 659.9), (745.4, 659.3), (785.4, 659.0), (825.4, 659.9), (865.4, 659.3), (905.4, 659.0), (945.4, 659.9), (966.7, 644.8), (983.7, 596.1), (983.7, 566.2), (983.7, 555.2), (911.4, 501.2), (925.2, 494.1), (965.2, 505.9), (983.0, 536.6), (983.0, 576.3), (983.0, 615.9), (983.0, 655.6), (1008.2, 659.3), (1015.0, 655.9), (1015.0, 659.9), (1015.0, 659.3), (1015.0, 659.0), (1015.0, 659.9), (1015.0, 659.3), (1015.0, 659.0), (1015.0, 659.9), (1015.0, 659.3), (1015.0, 659.0), (1015.0, 659.9), (1015.0, 659.3), (1015.0, 659.0), (1015.0, 659.9), (1015.0, 659.3), (1015.0, 659.0), (1015.0, 659.9), (1015.0, 659.3), (1015.0, 659.0), (1015.0, 659.9), (1015.0, 659.3), (1015.0, 659.0), (1015.0, 659.9), (1015.0, 659.3), (1015.0, 659.0), (1015.0, 659.9), (1015.0, 659.3), (1015.0, 659.0), (1015.0, 659.9), (1015.0, 659.3)]",0,8.85
novice,meatboy,10,Stuck,24,0,73.17,0.931,"[(73.0, 653.0), (91.0, 659.3), (107.8, 612.1), (147.8, 592.3), (151.7, 597.1), (140.7, 607.3), (62.3, 542.9), (48.2, 502.9), (86.2, 498.2), (87.7, 512.3), (97.8, 545.3), (137.2, 597.2), (161.8, 659.0), (174.2, 623.4), (213.7, 629.2), (253.7, 656.3), (293.7, 659.3), (333.7, 659.0), (373.7, 659.9), (413.7, 659.3), (453.7, 659.0), (493.7, 659.9), (533.7, 659.3), (573.7, 659.0), (613.7, 659.9), (653.7, 659.3), (693.7, 659.0), (733.7, 659.9), (773.7, 659.3), (813.7, 659.0), (853.7, 659.9), (893.7, 659.3), (933.7, 659.0), (952.6, 637.6), (983.7, 591.3), (983.7, 563.8), (983.7, 555.2), (983.7, 565.4), (972.7, 580.4), (894.3, 525.3), (855.0, 538.2), (861.9, 570.1), (900.8, 620.7), (940.8, 659.0), (957.9, 630.2), (983.0, 586.3), (983.0, 561.1), (983.0, 554.8), (983.0, 567.4), (962.3, 570.7), (886.9, 508.7), (883.8, 473.8), (923.2, 471.4), (963.2, 488.0), (983.0, 523.3), (902.5, 456.6), (857.4, 408.7), (858.5, 401.4), (895.8, 423.8), (935.8, 465.0), (975.8, 525.1), (962.3, 544.4), (886.9, 482.4), (853.3, 439.2), (866.0, 419.8), (905.8, 422.2), (945.8, 443.4), (983.0, 483.5), (972.7, 515.0), (894.3, 450.6), (855.0, 405.1), (861.9, 403.2), (900.8, 427.9), (940.8, 471.5), (980.8, 533.9), (952.0, 535.7), (880.2, 476.0), (852.4, 435.2), (870.8, 419.1), (910.8, 423.8), (950.8, 447.4), (983.7, 488.4), (962.3, 505.9), (886.9, 443.9), (853.3, 400.8), (866.0, 405.2), (905.8, 432.3), (945.8, 478.3), (983.0, 543.0), (941.7, 527.2), (874.2, 469.9), (852.2, 431.4), (875.8, 418.6), (915.8, 425.7), (955.8, 451.7)]",0,12.63
novice,meatboy,10,Stuck,8,0,118.12,0.962,"[(73.0, 653.0), (93.8, 659.3), (122.7, 612.1), (151.0, 575.2), (158.2, 557.1), (196.2, 557.9), (230.2, 563.3), (265.4, 563.0), (305.4, 563.9), (345.4, 579.2), (385.4, 613.4), (425.4, 659.0), (465.4, 659.9), (505.4, 659.3), (545.4, 659.0), (585.4, 659.9), (625.4, 659.3), (665.4, 659.0), (705.4, 659.9), (745.4, 659.3), (785.4, 659.0), (825.4, 659.9), (865.4, 659.3), (905.4, 659.0), (945.4, 659.9), (966.7, 644.8), (983.7, 596.1), (983.7, 566.2), (983.7, 555.2), (911.4, 501.2), (925.2, 494.1), (965.2, 505.9), (983.0, 536.6), (983.0, 576.3), (983.0, 615.9), (983.0, 655.6), (1008.2, 659.3), (1015.0, 655.9), (1015.0, 659.9), (1015.0, 659.3), (1015.0, 659.0), (1015.0, 659.9), (1015.0, 659.3), (1015.0, 659.0), (1015.0, 659.9), (1015.0, 659.3), (1015.0, 659.0), (1015.0, 659.9), (1015.0, 659.3), (1015.0, 659.0), (1015.0, 659.9), (1015.0, 659.3), (1015.0, 659.0), (1015.0, 659.9), (1015.0, 659.3), (1015.0, 659.0), (1015.0, 659.9), (1015.0, 659.3), (1015.0, 659.0), (1015.0, 659.9), (1015.0, 659.3), (1015.0, 659.0), (1015.0, 659.9), (1015.0, 659.3), (1015.0, 659.0), (1015.0, 659.9), (1015.0, 659.3)]",0,8.85
novice,meatboy,10,Stuck,6,0,116.75,0.962,"[(73.0, 653.0), (93.8, 659.3), (122.7, 612.1), (151.0, 575.2), (158.2, 557.1), (196.2, 557.9), (236.2, 563.3), (276.2, 563.0), (316.2, 567.4), (356.2, 589.8), (396.2, 631.0), (436.2, 659.0), (476.2, 659.9), (516.2, 659.3), (556.2, 659.0), (596.2, 659.9), (636.2, 659.3), (676.2, 659.0), (716.2, 659.9), (756.2, 659.3), (796.2, 659.0), (836.2, 659.9), (876.2, 659.3), (916.2, 659.0), (956.2, 659.9), (972.3, 624.3), (983.7, 582.7), (983.7, 559.9), (983.7, 556.0), (972.7, 558.6), (905.7, 494.2), (935.2, 484.8), (975.2, 494.3), (983.0, 522.6), (983.0, 562.2), (983.0, 601.8), (983.0, 641.5), (993.0, 659.3), (1011.5, 659.0), (1015.7, 659.9), (1015.7, 659.3), (1015.7, 659.0), (1015.7, 659.9), (1015.7, 659.3), (1015.7, 659.0), (1015.7, 659.9), (1015.7, 659.3), (1015.7, 659.0), (1015.7, 659.9), (1015.7, 659.3), (1015.7, 659.0), (1015.7, 659.9), (1015.7, 659.3), (1015.7, 659.0), (1015.7, 659.9), (1015.7, 659.3), (1015.7, 659.0), (1015.7, 659.9), (1015.7, 659.3), (1015.7, 659.0), (1015.7, 659.9), (1015.7, 659.3), (1015.7, 659.0), (1015.7, 659.9), (1015.7, 659.3), (1015.7, 659.0), (1015.7, 659.9), (1015.7, 659.3)]",0,8.97
novice,meatboy,10,Stuck,11,0,96.91,0.962,"[(73.0, 653.0), (93.8, 659.3), (122.7, 612.1), (151.0, 592.3), (70.5, 525.6), (45.3, 480.4), (81.2, 473.4), (87.0, 485.2), (87.0, 515.8), (102.2, 565.3), (142.2, 633.7), (182.2, 623.4), (222.2, 629.2), (262.2, 656.3), (302.2, 659.3), (342.2, 659.0), (382.2, 659.9), (422.2, 659.3), (462.2, 659.0), (502.2, 659.9), (542.2, 659.3), (582.2, 659.0), (622.2, 659.9), (662.2, 659.3), (702.2, 659.0), (742.2, 659.9), (782.2, 659.3), (822.2, 659.0), (862.2, 659.9), (902.2, 659.3), (942.2, 659.0), (958.3, 623.4), (983.0, 607.9), (921.0, 556.1), (864.3, 526.8), (853.9, 544.4), (885.8, 580.9), (925.8, 636.3), (950.3, 651.6), (981.7, 611.7), (931.3, 564.7), (868.9, 509.8), (852.7, 479.3), (880.8, 476.9), (920.8, 493.5), (960.8, 528.8), (983.7, 575.4), (983.7, 615.0), (983.7, 654.7), (995.2, 659.0), (1015.0, 659.9), (1015.0, 659.3), (1015.0, 659.0), (1015.0, 659.9), (1015.0, 659.3), (1015.0, 659.0), (1015.0, 659.9), (1015.0, 659.3), (1015.0, 659.0), (1015.0, 659.9), (1015.0, 659.3), (1015.0, 659.0), (1015.0, 659.9), (1015.0, 659.3), (1015.0, 659.0), (1015.0, 659.9), (1015.0, 659.3), (1015.0, 659.0), (1015.0, 659.9), (1015.0, 659.3), (1015.0, 659.0), (1015.0, 659.9), (1015.0, 659.3), (1015.0, 659.0), (1015.0, 659.9), (1015.0, 659.3), (1015.0, 659.0), (1015.0, 659.9), (1015.0, 659.3), (1015.0, 659.0), (1015.0, 659.9)]",0,10.68
novice,meatboy,10,Stuck,1,0,133.31,0.961,"[(73.0, 653.0), (98.2, 659.3), (138.2, 659.0), (178.2, 659.9), (218.2, 659.3), (258.2, 659.0), (298.2, 659.9), (338.2, 659.3), (378.2, 659.0), (418.2, 659.9), (458.2, 659.3), (498.2, 659.0), (538.2, 659.9), (578.2, 659.3), (618.2, 659.0), (658.2, 659.9), (698.2, 659.3), (738.2, 659.0), (778.2, 659.9), (818.2, 659.3), (858.2, 659.0), (898.2, 659.9), (938.2, 659.3), (978.2, 659.0), (1015.0, 659.9), (1015.0, 659.3), (1015.0, 659.0), (1015.0, 659.9), (1015.0, 659.3), (1015.0, 659.0), (1015.0, 659.9), (1015.0, 659.3), (1015.0, 659.0), (1015.0, 659.9), (1015.0, 659.3), (1015.0, 659.0), (1015.0, 659.9), (1015.0, 659.3), (1015.0, 659.0), (1015.0, 659.9), (1015.0, 659.3), (1015.0, 659.0), (1015.0, 659.9), (1015.0, 659.3), (1015.0, 659.0), (1015.0, 659.9), (1015.0, 659.3), (1015.0, 659.0), (1015.0, 659.9), (1015.0, 659.3), (1015.0, 659.0), (1015.0, 659.9), (1015.0, 659.3), (1015.0, 659.0), (1015.0, 659.9), (1015.0, 659.3), (1015.0, 659.0), (1015.0, 659.9), (1015.0, 659.3)]",0,7.8
novice,meatboy,10,Stuck,1,0,133.31,0.961,"[(73.0, 653.0), (98.2, 659.3), (138.2, 659.0), (178.2, 659.9), (218.2, 659.3), (258.2, 659.0), (298.2, 659.9), (338.2, 659.3), (378.2, 659.0), (418.2, 659.9), (458.2, 659.3), (498.2, 659.0), (538.2, 659.9), (578.2, 659.3), (618.2, 659.0), (658.2, 659.9), (698.2, 659.3), (738.2, 659.0), (778.2, 659.9), (818.2, 659.3), (858.2, 659.0), (898.2, 659.9), (938.2, 659.3), (978.2, 659.0), (1015.0, 659.9), (1015.0, 659.3), (1015.0, 659.0), (1015.0, 659.9), (1015.0, 659.3), (1015.0, 659.0), (1015.0, 659.9), (1015.0, 659.3), (1015.0, 659.0), (1015.0, 659.9), (1015.0, 659.3), (1015.0, 659.0), (1015.0, 659.9), (1015.0, 659.3), (1015.0, 659.0), (1015.0, 659.9), (1015.0, 659.3), (1015.0, 659.0), (1015.0, 659.9), (1015.0, 659.3), (1015.0, 659.0), (1015.0, 659.9), (1015.0, 659.3), (1015.0, 659.0), (1015.0, 659.9), (1015.0, 659.3), (1015.0, 659.0), (1015.0, 659.9), (1015.0, 659.3), (1015.0, 659.0), (1015.0, 659.9), (1015.0, 659.3), (1015.0, 659.0), (1015.0, 659.9), (1015.0, 659.3)]",0,7.8
novice,meatboy,10,Stuck,1,0,133.48,0.962,"[(73.0, 653.0), (98.2, 659.3), (138.2, 659.0), (178.2, 659.9), (218.2, 659.3), (258.2, 659.0), (298.2, 659.9), (338.2, 659.3), (378.2, 659.0), (418.2, 659.9), (458.2, 659.3), (498.2, 659.0), (538.2, 659.9), (578.2, 659.3), (618.2, 659.0), (658.2, 659.9), (698.2, 659.3), (738.2, 659.0), (778.2, 659.9), (818.2, 659.3), (858.2, 659.0), (898.2, 659.9), (938.2, 659.3), (978.2, 659.0), (1007.5, 659.9), (1015.7, 659.3), (1015.7, 659.0), (1015.7, 659.9), (1015.7, 659.3), (1015.7, 659.0), (1015.7, 659.9), (1015.7, 659.3), (1015.7, 659.0), (1015.7, 659.9), (1015.7, 659.3), (1015.7, 659.0), (1015.7, 659.9), (1015.7, 659.3), (1015.7, 659.0), (1015.7, 659.9), (1015.7, 659.3), (1015.7, 659.0), (1015.7, 659.9), (1015.7, 659.3), (1015.7, 659.0), (1015.7, 659.9), (1015.7, 659.3), (1015.7, 659.0), (1015.7, 659.9), (1015.7, 659.3), (1015.7, 659.0), (1015.7, 659.9), (1015.7, 659.3), (1015.7, 659.0), (1015.7, 659.9), (1015.7, 659.3), (1015.7, 659.0), (1015.7, 659.9), (1015.7, 659.3)]",0,7.8
novice,meatboy,10,Stuck,1,0,19.8,0.545,"[(73.0, 653.0), (91.0, 659.3), (91.1, 659.0), (95.3, 659.9), (95.7, 659.3), (95.8, 659.0), (100.0, 659.9), (100.3, 659.3), (100.4, 659.0), (104.7, 659.9), (105.0, 659.3), (105.1, 659.0), (109.3, 659.9), (109.7, 659.3), (109.8, 659.0), (114.0, 659.9), (114.3, 659.3), (114.4, 659.0), (118.7, 659.9), (119.0, 659.3), (119.1, 659.0), (123.3, 659.9), (123.7, 659.3), (123.8, 659.0), (128.0, 659.9), (128.3, 659.3), (128.4, 659.0), (132.7, 659.9), (133.0, 659.3), (133.1, 659.0), (137.3, 659.9), (137.7, 659.3), (137.8, 659.0), (142.0, 659.9), (142.3, 659.3), (142.4, 659.0), (146.7, 659.9), (147.0, 659.3), (147.1, 659.0), (151.3, 659.9), (151.7, 659.3), (151.8, 659.0), (156.0, 659.9), (156.3, 659.3), (156.4, 659.0), (160.7, 659.9), (161.0, 659.3), (161.1, 659.0), (165.3, 659.9), (165.7, 659.3), (165.8, 659.0), (170.0, 659.9), (170.3, 659.3), (170.4, 659.0), (174.7, 659.9), (175.0, 659.3), (175.1, 659.0), (179.3, 659.9), (179.7, 659.3), (179.8, 659.0), (184.0, 659.9), (184.3, 659.3), (184.4, 659.0), (188.7, 659.9), (189.0, 659.3), (189.1, 659.0), (193.3, 659.9), (193.7, 659.3), (193.8, 659.0), (198.0, 659.9), (198.3, 659.3), (198.4, 659.0), (202.7, 659.9), (203.0, 659.3), (203.1, 659.0), (207.3, 659.9), (207.7, 659.3), (207.8, 659.0), (212.0, 659.9), (212.3, 659.3), (212.4, 659.0), (216.7, 659.9), (217.0, 659.3), (217.1, 659.0), (221.3, 659.9), (221.7, 659.3), (221.8, 659.0), (226.0, 659.9), (226.3, 659.3), (226.4, 659.0), (230.7, 659.9), (231.0, 659.3), (231.1, 659.0), (235.3, 659.9), (235.7, 659.3), (235.8, 659.0), (240.0, 659.9), (240.3, 659.3), (240.4, 659.0), (244.7, 659.9), (245.0, 659.3), (245.1, 659.0), (249.3, 659.9), (249.7, 659.3), (249.8, 659.0), (254.0, 659.9), (254.3, 659.3), (271.1, 659.0), (311.1, 659.9), (351.1, 659.3), (389.2, 659.0), (406.9, 659.9), (420.8, 659.3), (433.5, 659.0), (459.3, 659.9), (480.4, 659.3), (497.7, 659.0), (511.0, 659.9), (520.4, 659.3), (543.4, 659.0), (562.3, 659.9), (564.5, 659.3), (566.9, 659.0), (562.8, 659.9), (563.8, 659.3), (566.3, 659.0), (562.2, 659.9), (563.2, 659.3), (565.6, 659.0), (561.5, 659.9), (562.5, 659.3), (564.9, 659.0), (560.8, 659.9), (561.8, 659.3), (564.3, 659.0), (560.2, 659.9), (561.2, 659.3), (563.6, 659.0), (559.5, 659.9), (560.5, 659.3), (562.9, 659.0), (558.8, 659.9), (559.8, 659.3), (562.3, 659.0), (558.2, 659.9), (559.2, 659.3), (561.6, 659.0), (557.5, 659.9), (558.5, 659.3), (560.9, 659.0), (556.8, 659.9), (557.8, 659.3), (562.9, 659.0), (576.6, 659.9), (572.9, 659.3), (567.8, 659.0), (569.3, 659.9), (565.6, 659.3), (560.5, 659.0), (561.9, 659.9), (558.3, 659.3), (570.8, 659.0), (569.6, 659.9), (571.1, 659.3), (572.7, 659.0), (570.3, 659.9), (571.7, 659.3), (573.4, 659.0), (570.9, 659.9), (572.4, 659.3), (574.1, 659.0), (571.6, 659.9), (573.1, 659.3), (574.7, 659.0), (572.3, 659.9), (573.7, 659.3), (575.4, 659.0), (572.9, 659.9), (574.4, 659.3), (576.1, 659.0), (573.6, 659.9), (575.1, 659.3), (576.7, 659.0), (574.3, 659.9), (575.7, 659.3), (577.4, 659.0), (574.9, 659.9), (576.4, 659.3), (578.1, 659.0), (575.6, 659.9), (577.1, 659.3)]",0,25.4
novice,meatboy,10,Stuck,3,0,132.43,0.961,"[(73.0, 653.0), (98.2, 659.3), (138.2, 659.0), (178.2, 659.9), (218.2, 659.3), (258.2, 659.0), (298.2, 659.9), (338.2, 659.3), (378.2, 659.0), (418.2, 659.9), (458.2, 659.3), (498.2, 659.0), (538.2, 659.9), (578.2, 659.3), (618.2, 659.0), (658.2, 659.9), (698.2, 659.3), (738.2, 659.0), (778.2, 659.9), (818.2, 659.3), (858.2, 659.0), (898.2, 659.9), (938.2, 659.3), (962.6, 652.2), (983.0, 628.8), (983.0, 633.6), (985.2, 657.1), (1015.0, 659.3), (1015.0, 659.0), (1015.0, 659.9), (1015.0, 659.3), (1015.0, 659.0), (1015.0, 659.9), (1015.0, 659.3), (1015.0, 659.0), (1015.0, 659.9), (1015.0, 659.3), (1015.0, 659.0), (1015.0, 659.9), (1015.0, 659.3), (1015.0, 659.0), (1015.0, 659.9), (1015.0, 659.3), (1015.0, 659.0), (1015.0, 659.9), (1015.0, 659.3), (1015.0, 659.0), (1015.0, 659.9), (1015.0, 659.3), (1015.0, 659.0), (1015.0, 659.9), (1015.0, 659.3), (1015.0, 659.0), (1015.0, 659.9), (1015.0, 659.3), (1015.0, 659.0), (1015.0, 659.9), (1015.0, 659.3), (1015.0, 659.0)]",0,7.8
novice,meatboy,10,Stuck,7,0,122.66,0.961,"[(73.0, 653.0), (98.2, 659.3), (129.9, 652.2), (167.4, 622.8), (207.4, 640.4), (247.4, 659.0), (287.4, 659.9), (327.4, 659.3), (367.4, 659.0), (407.4, 659.9), (447.4, 659.3), (487.4, 659.0), (527.4, 659.9), (567.4, 659.3), (607.4, 659.0), (647.4, 659.9), (687.4, 659.3), (727.4, 659.0), (767.4, 659.9), (807.4, 659.3), (847.4, 659.0), (887.4, 659.9), (927.4, 659.3), (951.8, 652.2), (983.2, 612.3), (931.3, 565.3), (868.9, 525.9), (852.7, 541.2), (880.8, 575.4), (920.8, 628.4), (960.8, 645.6), (983.7, 643.2), (987.3, 659.7), (1011.5, 659.3), (1015.7, 659.0), (1015.7, 659.9), (1015.7, 659.3), (1015.7, 659.0), (1015.7, 659.9), (1015.7, 659.3), (1015.7, 659.0), (1015.7, 659.9), (1015.7, 659.3), (1015.7, 659.0), (1015.7, 659.9), (1015.7, 659.3), (1015.7, 659.0), (1015.7, 659.9), (1015.7, 659.3), (1015.7, 659.0), (1015.7, 659.9), (1015.7, 659.3), (1015.7, 659.0), (1015.7, 659.9), (1015.7, 659.3), (1015.7, 659.0), (1015.7, 659.9), (1015.7, 659.3), (1015.7, 659.0), (1015.7, 659.9), (1015.7, 659.3), (1015.7, 659.0), (1015.7, 659.9)]",0,8.38
novice,meatboy,10,Stuck,24,0,73.17,0.931,"[(73.0, 653.0), (91.0, 659.3), (107.8, 612.1), (147.8, 592.3), (151.7, 597.1), (140.7, 607.3), (62.3, 542.9), (48.2, 502.9), (86.2, 498.2), (87.7, 512.3), (97.8, 545.3), (137.2, 597.2), (161.8, 659.0), (174.2, 623.4), (213.7, 629.2), (253.7, 656.3), (293.7, 659.3), (333.7, 659.0), (373.7, 659.9), (413.7, 659.3), (453.7, 659.0), (493.7, 659.9), (533.7, 659.3), (573.7, 659.0), (613.7, 659.9), (653.7, 659.3), (693.7, 659.0), (733.7, 659.9), (773.7, 659.3), (813.7, 659.0), (853.7, 659.9), (893.7, 659.3), (933.7, 659.0), (952.6, 637.6), (983.7, 591.3), (983.7, 563.8), (983.7, 555.2), (983.7, 565.4), (972.7, 580.4), (894.3, 525.3), (855.0, 538.2), (861.9, 570.1), (900.8, 620.7), (940.8, 659.0), (957.9, 630.2), (983.0, 586.3), (983.0, 561.1), (983.0, 554.8), (983.0, 567.4), (962.3, 570.7), (886.9, 508.7), (883.8, 473.8), (923.2, 471.4), (963.2, 488.0), (983.0, 523.3), (902.5, 456.6), (857.4, 408.7), (858.5, 401.4), (895.8, 423.8), (935.8, 465.0), (975.8, 525.1), (962.3, 544.4), (886.9, 482.4), (853.3, 439.2), (866.0, 419.8), (905.8, 422.2), (945.8, 443.4), (983.0, 483.5), (972.7, 515.0), (894.3, 450.6), (855.0, 405.1), (861.9, 403.2), (900.8, 427.9), (940.8, 471.5), (980.8, 533.9), (952.0, 535.7), (880.2, 476.0), (852.4, 435.2), (870.8, 419.1), (910.8, 423.8), (950.8, 447.4), (983.7, 488.4), (962.3, 505.9), (886.9, 443.9), (853.3, 400.8), (866.0, 405.2), (905.8, 432.3), (945.8, 478.3), (983.0, 543.0), (941.7, 527.2), (874.2, 469.9), (852.2, 431.4), (875.8, 418.6), (915.8, 425.7), (955.8, 451.7)]",0,12.63
novice,meatboy,10,Stuck,11,0,96.91,0.962,"[(73.0, 653.0), (93.8, 659.3), (122.7, 612.1), (151.0, 592.3), (70.5, 525.6), (45.3, 480.4), (81.2, 473.4), (87.0, 485.2), (87.0, 515.8), (102.2, 565.3), (142.2, 633.7), (182.2, 623.4), (222.2, 629.2), (262.2, 656.3), (302.2, 659.3), (342.2, 659.0), (382.2, 659.9), (422.2, 659.3), (462.2, 659.0), (502.2, 659.9), (542.2, 659.3), (582.2, 659.0), (622.2, 659.9), (662.2, 659.3), (702.2, 659.0), (742.2, 659.9), (782.2, 659.3), (822.2, 659.0), (862.2, 659.9), (902.2, 659.3), (942.2, 659.0), (958.3, 623.4), (983.0, 607.9), (921.0, 556.1), (864.3, 526.8), (853.9, 544.4), (885.8, 580.9), (925.8, 636.3), (950.3, 651.6), (981.7, 611.7), (931.3, 564.7), (868.9, 509.8), (852.7, 479.3), (880.8, 476.9), (920.8, 493.5), (960.8, 528.8), (983.7, 575.4), (983.7, 615.0), (983.7, 654.7), (995.2, 659.0), (1015.0, 659.9), (1015.0, 659.3), (1015.0, 659.0), (1015.0, 659.9), (1015.0, 659.3), (1015.0, 659.0), (1015.0, 659.9), (1015.0, 659.3), (1015.0, 659.0), (1015.0, 659.9), (1015.0, 659.3), (1015.0, 659.0), (1015.0, 659.9), (1015.0, 659.3), (1015.0, 659.0), (1015.0, 659.9), (1015.0, 659.3), (1015.0, 659.0), (1015.0, 659.9), (1015.0, 659.3), (1015.0, 659.0), (1015.0, 659.9), (1015.0, 659.3), (1015.0, 659.0), (1015.0, 659.9), (1015.0, 659.3), (1015.0, 659.0), (1015.0, 659.9), (1015.0, 659.3), (1015.0, 659.0), (1015.0, 659.9)]",0,10.68
novice,meatboy,10,Stuck,6,0,116.75,0.962,"[(73.0, 653.0), (93.8, 659.3), (122.7, 612.1), (151.0, 575.2), (158.2, 557.1), (196.2, 557.9), (236.2, 563.3), (276.2, 563.0), (316.2, 567.4), (356.2, 589.8), (396.2, 631.0), (436.2, 659.0), (476.2, 659.9), (516.2, 659.3), (556.2, 659.0), (596.2, 659.9), (636.2, 659.3), (676.2, 659.0), (716.2, 659.9), (756.2, 659.3), (796.2, 659.0), (836.2, 659.9), (876.2, 659.3), (916.2, 659.0), (956.2, 659.9), (972.3, 624.3), (983.7, 582.7), (983.7, 559.9), (983.7, 556.0), (972.7, 558.6), (905.7, 494.2), (935.2, 484.8), (975.2, 494.3), (983.0, 522.6), (983.0, 562.2), (983.0, 601.8), (983.0, 641.5), (993.0, 659.3), (1011.5, 659.0), (1015.7, 659.9), (1015.7, 659.3), (1015.7, 659.0), (1015.7, 659.9), (1015.7, 659.3), (1015.7, 659.0), (1015.7, 659.9), (1015.7, 659.3), (1015.7, 659.0), (1015.7, 659.9), (1015.7, 659.3), (1015.7, 659.0), (1015.7, 659.9), (1015.7, 659.3), (1015.7, 659.0), (1015.7, 659.9), (1015.7, 659.3), (1015.7, 659.0), (1015.7, 659.9), (1015.7, 659.3), (1015.7, 659.0), (1015.7, 659.9), (1015.7, 659.3), (1015.7, 659.0), (1015.7, 659.9), (1015.7, 659.3), (1015.7, 659.0), (1015.7, 659.9), (1015.7, 659.3)]",0,8.97
novice,meatboy,10,Stuck,8,0,118.12,0.962,"[(73.0, 653.0), (93.8, 659.3), (122.7, 612.1), (151.0, 575.2), (158.2, 557.1), (196.2, 557.9), (230.2, 563.3), (265.4, 563.0), (305.4, 563.9), (345.4, 579.2), (385.4, 613.4), (425.4, 659.0), (465.4, 659.9), (505.4, 659.3), (545.4, 659.0), (585.4, 659.9), (625.4, 659.3), (665.4, 659.0), (705.4, 659.9), (745.4, 659.3), (785.4, 659.0), (825.4, 659.9), (865.4, 659.3), (905.4, 659.0), (945.4, 659.9), (966.7, 644.8), (983.7, 596.1), (983.7, 566.2), (983.7, 555.2), (911.4, 501.2), (925.2, 494.1), (965.2, 505.9), (983.0, 536.6), (983.0, 576.3), (983.0, 615.9), (983.0, 655.6), (1008.2, 659.3), (1015.0, 655.9), (1015.0, 659.9), (1015.0, 659.3), (1015.0, 659.0), (1015.0, 659.9), (1015.0, 659.3), (1015.0, 659.0), (1015.0, 659.9), (1015.0, 659.3), (1015.0, 659.0), (1015.0, 659.9), (1015.0, 659.3), (1015.0, 659.0), (1015.0, 659.9), (1015.0, 659.3), (1015.0, 659.0), (1015.0, 659.9), (1015.0, 659.3), (1015.0, 659.0), (1015.0, 659.9), (1015.0, 659.3), (1015.0, 659.0), (1015.0, 659.9), (1015.0, 659.3), (1015.0, 659.0), (1015.0, 659.9), (1015.0, 659.3), (1015.0, 659.0), (1015.0, 659.9), (1015.0, 659.3)]",0,8.85
novice,meatboy,10,Stuck,4,0,93.37,0.961,"[(73.0, 653.0), (91.0, 659.3), (105.1, 659.0), (115.3, 659.9), (121.0, 659.3), (120.3, 659.0), (126.2, 659.9), (127.0, 659.3), (126.3, 659.0), (132.2, 659.9), (133.0, 659.3), (132.3, 659.0), (138.2, 659.9), (139.0, 659.3), (138.3, 659.0), (144.2, 659.9), (145.0, 659.3), (144.3, 659.0), (150.2, 659.9), (151.0, 659.3), (150.3, 659.0), (156.2, 659.9), (157.0, 659.3), (156.3, 659.0), (175.2, 659.9), (194.1, 659.3), (211.8, 659.0), (251.8, 659.9), (291.8, 659.3), (331.8, 659.0), (371.8, 659.9), (411.8, 659.3), (451.8, 659.0), (491.8, 637.6), (531.8, 591.3), (571.8, 563.8), (611.8, 555.2), (651.8, 563.0), (691.8, 563.9), (731.8, 563.3), (771.8, 569.2), (811.8, 593.9), (851.8, 637.5), (891.8, 659.3), (931.8, 659.0), (950.6, 637.6), (983.0, 591.3), (983.0, 563.8), (983.0, 555.2), (983.0, 565.4), (983.0, 594.4), (983.0, 634.1), (990.2, 659.9), (1012.6, 653.0), (1015.0, 659.3), (1015.0, 659.0), (1015.0, 659.9), (1015.0, 659.3), (1015.0, 659.0), (1015.0, 659.9), (1015.0, 659.3), (1015.0, 659.0), (1015.0, 659.9), (1015.0, 659.3), (1015.0, 659.0), (1015.0, 659.9), (1015.0, 659.3), (1015.0, 659.0), (1015.0, 659.9), (1015.0, 659.3), (1015.0, 659.0), (1015.0, 659.9), (1015.0, 659.3), (1015.0, 659.0), (1015.0, 659.9), (1015.0, 659.3), (1015.0, 659.0), (1015.0, 659.9), (1015.0, 659.3), (1015.0, 659.0), (1015.0, 659.9), (1015.0, 659.3), (1015.0, 659.0), (1015.0, 659.9), (1015.0, 659.3)]",0,11.2
novice,meatboy,10,Stuck,1,0,133.31,0.961,"[(73.0, 653.0), (98.2, 659.3), (138.2, 659.0), (178.2, 659.9), (218.2, 659.3), (258.2, 659.0), (298.2, 659.9), (338.2, 659.3), (378.2, 659.0), (418.2, 659.9), (458.2, 659.3), (498.2, 659.0), (538.2, 659.9), (578.2, 659.3), (618.2, 659.0), (658.2, 659.9), (698.2, 659.3), (738.2, 659.0), (778.2, 659.9), (818.2, 659.3), (858.2, 659.0), (898.2, 659.9), (938.2, 659.3), (978.2, 659.0), (1015.0, 659.9), (1015.0, 659.3), (1015.0, 659.0), (1015.0, 659.9), (1015.0, 659.3), (1015.0, 659.0), (1015.0, 659.9), (1015.0, 659.3), (1015.0, 659.0), (1015.0, 659.9), (1015.0, 659.3), (1015.0, 659.0), (1015.0, 659.9), (1015.0, 659.3), (1015.0, 659.0), (1015.0, 659.9), (1015.0, 659.3), (1015.0, 659.0), (1015.0, 659.9), (1015.0, 659.3), (1015.0, 659.0), (1015.0, 659.9), (1015.0, 659.3), (1015.0, 659.0), (1015.0, 659.9), (1015.0, 659.3), (1015.0, 659.0), (1015.0, 659.9), (1015.0, 659.3), (1015.0, 659.0), (1015.0, 659.9), (1015.0, 659.3), (1015.0, 659.0), (1015.0, 659.9), (1015.0, 659.3)]",0,7.8
novice,meatboy,10,Stuck,1,0,133.31,0.961,"[(73.0, 653.0), (98.2, 659.3), (138.2, 659.0), (178.2, 659.9), (218.2, 659.3), (258.2, 659.0), (298.2, 659.9), (338.2, 659.3), (378.2, 659.0), (418.2, 659.9), (458.2, 659.3), (498.2, 659.0), (538.2, 659.9), (578.2, 659.3), (618.2, 659.0), (658.2, 659.9), (698.2, 659.3), (738.2, 659.0), (778.2, 659.9), (818.2, 659.3), (858.2, 659.0), (898.2, 659.9), (938.2, 659.3), (978.2, 659.0), (1015.0, 659.9), (1015.0, 659.3), (1015.0, 659.0), (1015.0, 659.9), (1015.0, 659.3), (1015.0, 659.0), (1015.0, 659.9), (1015.0, 659.3), (1015.0, 659.0), (1015.0, 659.9), (1015.0, 659.3), (1015.0, 659.0), (1015.0, 659.9), (1015.0, 659.3), (1015.0, 659.0), (1015.0, 659.9), (1015.0, 659.3), (1015.0, 659.0), (1015.0, 659.9), (1015.0, 659.3), (1015.0, 659.0), (1015.0, 659.9), (1015.0, 659.3), (1015.0, 659.0), (1015.0, 659.9), (1015.0, 659.3), (1015.0, 659.0), (1015.0, 659.9), (1015.0, 659.3), (1015.0, 659.0), (1015.0, 659.9), (1015.0, 659.3), (1015.0, 659.0), (1015.0, 659.9), (1015.0, 659.3)]",0,7.8
novice,meatboy,10,Stuck,1,0,133.31,0.961,"[(73.0, 653.0), (98.2, 659.3), (138.2, 659.0), (178.2, 659.9), (218.2, 659.3), (258.2, 659.0), (298.2, 659.9), (338.2, 659.3), (378.2, 659.0), (418.2, 659.9), (458.2, 659.3), (498.2, 659.0), (538.2, 659.9), (578.2, 659.3), (618.2, 659.0), (658.2, 659.9), (698.2, 659.3), (738.2, 659.0), (778.2, 659.9), (818.2, 659.3), (858.2, 659.0), (898.2, 659.9), (938.2, 659.3), (978.2, 659.0), (1015.0, 659.9), (1015.0, 659.3), (1015.0, 659.0), (1015.0, 659.9), (1015.0, 659.3), (1015.0, 659.0), (1015.0, 659.9), (1015.0, 659.3), (1015.0, 659.0), (1015.0, 659.9), (1015.0, 659.3), (1015.0, 659.0), (1015.0, 659.9), (1015.0, 659.3), (1015.0, 659.0), (1015.0, 659.9), (1015.0, 659.3), (1015.0, 659.0), (1015.0, 659.9), (1015.0, 659.3), (1015.0, 659.0), (1015.0, 659.9), (1015.0, 659.3), (1015.0, 659.0), (1015.0, 659.9), (1015.0, 659.3), (1015.0, 659.0), (1015.0, 659.9), (1015.0, 659.3), (1015.0, 659.0), (1015.0, 659.9), (1015.0, 659.3), (1015.0, 659.0), (1015.0, 659.9), (1015.0, 659.3)]",0,7.8
novice,meatboy,10,Stuck,5,0,120.84,0.961,"[(73.0, 653.0), (91.0, 659.3), (107.8, 612.1), (147.8, 592.3), (151.7, 597.1), (151.7, 620.6), (171.2, 659.0), (211.2, 659.9), (251.2, 659.3), (291.2, 659.0), (331.2, 659.9), (371.2, 659.3), (411.2, 659.0), (451.2, 659.9), (491.2, 659.3), (531.2, 659.0), (571.2, 659.9), (611.2, 659.3), (651.2, 659.0), (691.2, 659.9), (731.2, 659.3), (771.2, 659.0), (811.2, 659.9), (851.2, 659.3), (891.2, 659.0), (931.2, 659.9), (948.3, 629.9), (983.0, 586.0), (983.0, 560.8), (983.0, 554.5), (983.0, 567.1), (983.0, 598.5), (983.0, 638.2), (998.2, 659.0), (1014.6, 653.3), (1015.7, 659.9), (1015.7, 659.3), (1015.7, 659.0), (1015.7, 659.9), (1015.7, 659.3), (1015.7, 659.0), (1015.7, 659.9), (1015.7, 659.3), (1015.7, 659.0), (1015.7, 659.9), (1015.7, 659.3), (1015.7, 659.0), (1015.7, 659.9), (1015.7, 659.3), (1015.7, 659.0), (1015.7, 659.9), (1015.7, 659.3), (1015.7, 659.0), (1015.7, 659.9), (1015.7, 659.3), (1015.7, 659.0), (1015.7, 659.9), (1015.7, 659.3), (1015.7, 659.0), (1015.7, 659.9), (1015.7, 659.3), (1015.7, 659.0), (1015.7, 659.9), (1015.7, 659.3), (1015.7, 659.0)]",0,8.65
novice,meatboy,10,Stuck,1,0,4.16,0.089,"[(73.0, 653.0), (91.0, 659.3), (93.9, 659.0), (93.9, 659.9), (93.9, 659.3), (93.9, 659.0), (93.9, 659.9), (93.9, 659.3), (93.9, 659.0), (93.9, 659.9), (93.9, 659.3), (93.9, 659.0), (93.9, 659.9), (93.9, 659.3), (93.9, 659.0), (93.9, 659.9), (93.9, 659.3), (93.9, 659.0), (93.9, 659.9), (93.9, 659.3), (93.9, 659.0), (93.9, 659.9), (93.9, 659.3), (93.9, 659.0), (93.9, 659.9), (93.9, 659.3), (93.9, 659.0), (93.9, 659.9), (93.9, 659.3), (93.9, 659.0), (93.9, 659.9), (93.9, 659.3), (93.9, 659.0), (93.9, 659.9), (93.9, 659.3), (93.9, 659.0), (93.9, 659.9), (93.9, 659.3)]",0,5.02
novice,meatboy,10,Stuck,24,0,73.17,0.931,"[(73.0, 653.0), (91.0, 659.3), (107.8, 612.1), (147.8, 592.3), (151.7, 597.1), (140.7, 607.3), (62.3, 542.9), (48.2, 502.9), (86.2, 498.2), (87.7, 512.3), (97.8, 545.3), (137.2, 597.2), (161.8, 659.0), (174.2, 623.4), (213.7, 629.2), (253.7, 656.3), (293.7, 659.3), (333.7, 659.0), (373.7, 659.9), (413.7, 659.3), (453.7, 659.0), (493.7, 659.9), (533.7, 659.3), (573.7, 659.0), (613.7, 659.9), (653.7, 659.3), (693.7, 659.0), (733.7, 659.9), (773.7, 659.3), (813.7, 659.0), (853.7, 659.9), (893.7, 659.3), (933.7, 659.0), (952.6, 637.6), (983.7, 591.3), (983.7, 563.8), (983.7, 555.2), (983.7, 565.4), (972.7, 580.4), (894.3, 525.3), (855.0, 538.2), (861.9, 570.1), (900.8, 620.7), (940.8, 659.0), (957.9, 630.2), (983.0, 586.3), (983.0, 561.1), (983.0, 554.8), (983.0, 567.4), (962.3, 570.7), (886.9, 508.7), (883.8, 473.8), (923.2, 471.4), (963.2, 488.0), (983.0, 523.3), (902.5, 456.6), (857.4, 408.7), (858.5, 401.4), (895.8, 423.8), (935.8, 465.0), (975.8, 525.1), (962.3, 544.4), (886.9, 482.4), (853.3, 439.2), (866.0, 419.8), (905.8, 422.2), (945.8, 443.4), (983.0, 483.5), (972.7, 515.0), (894.3, 450.6), (855.0, 405.1), (861.9, 403.2), (900.8, 427.9), (940.8, 471.5), (980.8, 533.9), (952.0, 535.7), (880.2, 476.0), (852.4, 435.2), (870.8, 419.1), (910.8, 423.8), (950.8, 447.4), (983.7, 488.4), (962.3, 505.9), (886.9, 443.9), (853.3, 400.8), (866.0, 405.2), (905.8, 432.3), (945.8, 478.3), (983.0, 543.0), (941.7, 527.2), (874.2, 469.9), (852.2, 431.4), (875.8, 418.6), (915.8, 425.7), (955.8, 451.7)]",0,12.63
novice,meatboy,10,Stuck,8,0,118.12,0.962,"[(73.0, 653.0), (93.8, 659.3), (122.7, 612.1), (151.0, 575.2), (158.2, 557.1), (196.2, 557.9), (230.2, 563.3), (265.4, 563.0), (305.4, 563.9), (345.4, 579.2), (385.4, 613.4), (425.4, 659.0), (465.4, 659.9), (505.4, 659.3), (545.4, 659.0), (585.4, 659.9), (625.4, 659.3), (665.4, 659.0), (705.4, 659.9), (745.4, 659.3), (785.4, 659.0), (825.4, 659.9), (865.4, 659.3), (905.4, 659.0), (945.4, 659.9), (966.7, 644.8), (983.7, 596.1), (983.7, 566.2), (983.7, 555.2), (911.4, 501.2), (925.2, 494.1), (965.2, 505.9), (983.0, 536.6), (983.0, 576.3), (983.0, 615.9), (983.0, 655.6), (1008.2, 659.3), (1015.0, 655.9), (1015.0, 659.9), (1015.0, 659.3), (1015.0, 659.0), (1015.0, 659.9), (1015.0, 659.3), (1015.0, 659.0), (1015.0, 659.9), (1015.0, 659.3), (1015.0, 659.0), (1015.0, 659.9), (1015.0, 659.3), (1015.0, 659.0), (1015.0, 659.9), (1015.0, 659.3), (1015.0, 659.0), (1015.0, 659.9), (1015.0, 659.3), (1015.0, 659.0), (1015.0, 659.9), (1015.0, 659.3), (1015.0, 659.0), (1015.0, 659.9), (1015.0, 659.3), (1015.0, 659.0), (1015.0, 659.9), (1015.0, 659.3), (1015.0, 659.0), (1015.0, 659.9), (1015.0, 659.3)]",0,8.85
novice,meatboy,10,Stuck,6,0,116.75,0.962,"[(73.0, 653.0), (93.8, 659.3), (122.7, 612.1), (151.0, 575.2), (158.2, 557.1), (196.2, 557.9), (236.2, 563.3), (276.2, 563.0), (316.2, 567.4), (356.2, 589.8), (396.2, 631.0), (436.2, 659.0), (476.2, 659.9), (516.2, 659.3), (556.2, 659.0), (596.2, 659.9), (636.2, 659.3), (676.2, 659.0), (716.2, 659.9), (756.2, 659.3), (796.2, 659.0), (836.2, 659.9), (876.2, 659.3), (916.2, 659.0), (956.2, 659.9), (972.3, 624.3), (983.7, 582.7), (983.7, 559.9), (983.7, 556.0), (972.7, 558.6), (905.7, 494.2), (935.2, 484.8), (975.2, 494.3), (983.0, 522.6), (983.0, 562.2), (983.0, 601.8), (983.0, 641.5), (993.0, 659.3), (1011.5, 659.0), (1015.7, 659.9), (1015.7, 659.3), (1015.7, 659.0), (1015.7, 659.9), (1015.7, 659.3), (1015.7, 659.0), (1015.7, 659.9), (1015.7, 659.3), (1015.7, 659.0), (1015.7, 659.9), (1015.7, 659.3), (1015.7, 659.0), (1015.7, 659.9), (1015.7, 659.3), (1015.7, 659.0), (1015.7, 659.9), (1015.7, 659.3), (1015.7, 659.0), (1015.7, 659.9), (1015.7, 659.3), (1015.7, 659.0), (1015.7, 659.9), (1015.7, 659.3), (1015.7, 659.0), (1015.7, 659.9), (1015.7, 659.3), (1015.7, 659.0), (1015.7, 659.9), (1015.7, 659.3)]",0,8.97
novice,meatboy,10,Stuck,11,0,96.91,0.962,"[(73.0, 653.0), (93.8, 659.3), (122.7, 612.1), (151.0, 592.3), (70.5, 525.6), (45.3, 480.4), (81.2, 473.4), (87.0, 485.2), (87.0, 515.8), (102.2, 565.3), (142.2, 633.7), (182.2, 623.4), (222.2, 629.2), (262.2, 656.3), (302.2, 659.3), (342.2, 659.0), (382.2, 659.9), (422.2, 659.3), (462.2, 659.0), (502.2, 659.9), (542.2, 659.3), (582.2, 659.0), (622.2, 659.9), (662.2, 659.3), (702.2, 659.0), (742.2, 659.9), (782.2, 659.3), (822.2, 659.0), (862.2, 659.9), (902.2, 659.3), (942.2, 659.0), (958.3, 623.4), (983.0, 607.9), (921.0, 556.1), (864.3, 526.8), (853.9, 544.4), (885.8, 580.9), (925.8, 636.3), (950.3, 651.6), (981.7, 611.7), (931.3, 564.7), (868.9, 509.8), (852.7, 479.3), (880.8, 476.9), (920.8, 493.5), (960.8, 528.8), (983.7, 575.4), (983.7, 615.0), (983.7, 654.7), (995.2, 659.0), (1015.0, 659.9), (1015.0, 659.3), (1015.0, 659.0), (1015.0, 659.9), (1015.0, 659.3), (1015.0, 659.0), (1015.0, 659.9), (1015.0, 659.3), (1015.0, 659.0), (1015.0, 659.9), (1015.0, 659.3), (1015.0, 659.0), (1015.0, 659.9), (1015.0, 659.3), (1015.0, 659.0), (1015.0, 659.9), (1015.0, 659.3), (1015.0, 659.0), (1015.0, 659.9), (1015.0, 659.3), (1015.0, 659.0), (1015.0, 659.9), (1015.0, 659.3), (1015.0, 659.0), (1015.0, 659.9), (1015.0, 659.3), (1015.0, 659.0), (1015.0, 659.9), (1015.0, 659.3), (1015.0, 659.0), (1015.0, 659.9)]",0,10.68
novice,meatboy,10,Saw,2,0,177.28,0.374,"[(73.0, 653.0), (93.8, 659.3), (101.0, 659.0), (106.8, 659.9), (114.7, 659.3), (123.7, 659.0), (139.0, 659.9), (158.3, 659.3), (180.8, 659.0), (210.1, 659.9), (250.1, 659.3), (290.1, 630.8), (330.1, 586.9), (370.1, 561.7)]",0,1.82
novice,meatboy,10,Stuck,5,0,118.62,0.961,"[(73.0, 653.0), (93.8, 659.3), (103.8, 612.1), (142.1, 581.1), (130.3, 559.1), (54.9, 518.7), (51.8, 518.8), (91.2, 537.6), (130.3, 575.3), (151.7, 623.4), (178.2, 659.3), (210.4, 659.0), (250.4, 659.9), (290.4, 659.3), (330.4, 659.0), (370.4, 659.9), (410.4, 659.3), (450.4, 659.0), (490.4, 659.9), (530.4, 659.3), (570.4, 659.0), (610.4, 659.9), (650.4, 659.3), (690.4, 659.0), (730.4, 659.9), (770.4, 659.3), (810.4, 659.0), (850.4, 659.9), (890.4, 659.3), (930.4, 659.0), (970.4, 659.9), (1010.4, 659.3), (1015.0, 659.0), (1015.0, 659.9), (1015.0, 659.3), (1015.0, 659.0), (1015.0, 659.9), (1015.0, 659.3), (1015.0, 659.0), (1015.0, 659.9), (1015.0, 659.3), (1015.0, 659.0), (1015.0, 659.9), (1015.0, 659.3), (1015.0, 659.0), (1015.0, 659.9), (1015.0, 659.3), (1015.0, 659.0), (1015.0, 659.9), (1015.0, 659.3), (1015.0, 659.0), (1015.0, 659.9), (1015.0, 659.3), (1015.0, 659.0), (1015.0, 659.9), (1015.0, 659.3), (1015.0, 659.0), (1015.0, 659.9), (1015.0, 659.3), (1015.0, 659.0), (1015.0, 659.9), (1015.0, 659.3), (1015.0, 659.0), (1015.0, 659.9), (1015.0, 659.3), (1015.0, 659.0)]",0,8.77
novice,meatboy,10,Stuck,6,0,76.07,0.891,"[(73.0, 653.0), (93.8, 659.3), (103.8, 612.1), (142.1, 592.3), (100.1, 548.0), (41.0, 530.8), (66.2, 537.9), (106.2, 563.8), (144.4, 608.6), (166.2, 656.8), (206.2, 649.8), (245.2, 659.0), (255.5, 659.9), (267.7, 659.3), (291.6, 659.0), (320.8, 659.9), (350.9, 659.3), (381.7, 659.0), (403.6, 659.9), (432.6, 659.3), (455.2, 659.0), (484.3, 659.9), (502.3, 659.3), (523.4, 659.0), (542.6, 659.9), (569.6, 659.3), (578.1, 659.0), (583.9, 659.9), (591.8, 659.3), (600.8, 659.0), (606.6, 659.9), (614.4, 659.3), (623.4, 659.0), (629.3, 659.9), (637.1, 659.3), (646.1, 659.0), (661.4, 659.9), (680.8, 659.3), (703.3, 659.0), (723.8, 659.9), (751.6, 659.3), (772.3, 659.0), (801.1, 659.9), (822.4, 659.3), (851.3, 659.0), (873.3, 659.9), (884.6, 659.3), (891.0, 659.0), (900.3, 659.9), (907.3, 659.3), (913.7, 659.0), (922.9, 659.9), (929.9, 659.3), (936.3, 659.0), (941.3, 659.9), (941.3, 659.3), (941.3, 659.0), (941.3, 659.9), (941.3, 659.3), (941.3, 659.0), (941.3, 659.9), (941.3, 659.3), (941.3, 659.0), (941.3, 659.9), (941.3, 659.3), (941.3, 659.0), (941.3, 659.9), (941.3, 659.3), (941.3, 659.0), (941.3, 659.9), (941.3, 659.3), (941.3, 659.0), (941.3, 659.9), (941.3, 659.3), (941.3, 659.0), (941.3, 659.9), (941.3, 659.3), (941.3, 659.0), (941.3, 659.9), (941.3, 659.3), (941.3, 659.0), (941.3, 659.9), (941.3, 659.3), (941.3, 659.0), (941.3, 659.9), (941.3, 659.3)]",0,11.37
novice,meatboy,10,Saw,3,0,32.05,0.375,"[(73.0, 653.0), (91.0, 659.3), (91.1, 659.0), (95.3, 659.9), (95.7, 659.3), (95.8, 659.0), (100.0, 659.9), (100.3, 659.3), (100.4, 659.0), (104.7, 659.9), (105.0, 659.3), (105.1, 659.0), (109.3, 659.9), (109.7, 659.3), (109.8, 659.0), (114.0, 659.9), (114.3, 659.3), (114.4, 659.0), (118.7, 659.9), (119.0, 659.3), (119.1, 659.0), (123.3, 659.9), (123.7, 659.3), (123.8, 659.0), (128.0, 659.9), (128.3, 659.3), (128.4, 659.0), (132.7, 659.9), (133.0, 659.3), (133.1, 659.0), (137.3, 659.9), (137.7, 659.3), (137.8, 659.0), (142.0, 659.9), (142.3, 659.3), (142.4, 659.0), (146.7, 659.9), (147.0, 659.3), (147.1, 659.0), (151.3, 659.9), (151.7, 659.3), (151.8, 659.0), (156.0, 659.9), (156.3, 659.3), (156.4, 659.0), (160.7, 659.9), (161.0, 659.3), (161.1, 659.0), (165.3, 659.9), (165.7, 659.3), (165.8, 659.0), (170.0, 659.9), (170.3, 659.3), (170.4, 659.0), (174.7, 659.9), (175.0, 659.3), (175.1, 659.0), (179.3, 659.9), (179.7, 659.3), (179.8, 659.0), (184.0, 659.9), (184.3, 659.3), (184.4, 659.0), (188.7, 659.9), (189.0, 659.3), (189.1, 659.0), (193.3, 659.9), (193.7, 659.3), (193.8, 659.0), (198.0, 659.9), (209.6, 644.8), (239.8, 623.9), (279.8, 644.0), (314.0, 659.3), (335.7, 612.1), (375.7, 575.2)]",0,10.07
novice,meatboy,10,Stuck,11,0,114.74,0.925,"[(73.0, 653.0), (91.0, 659.3), (107.8, 612.1), (147.8, 575.2), (161.8, 557.1), (201.2, 557.9), (241.2, 563.3), (281.2, 563.0), (321.2, 567.4), (361.2, 589.8), (401.2, 631.0), (441.2, 659.0), (481.2, 659.9), (515.3, 659.3), (537.0, 612.1), (577.0, 575.2), (617.0, 557.1), (657.0, 557.9), (697.0, 563.3), (737.0, 563.0), (777.0, 573.6), (817.0, 603.0), (857.0, 651.3), (895.1, 659.0), (912.8, 618.1), (952.8, 578.8), (982.3, 558.4), (980.8, 556.8), (983.0, 574.1), (983.0, 609.3), (983.0, 649.0), (983.1, 643.9), (977.2, 595.2), (981.6, 565.4), (983.0, 554.4), (983.0, 562.2), (983.0, 588.9), (983.0, 628.3), (987.6, 659.3), (978.7, 617.2), (983.0, 577.9), (983.0, 557.5), (981.6, 555.9), (983.0, 573.2), (983.0, 608.4), (983.0, 648.1), (983.1, 643.9), (977.2, 595.2), (981.6, 565.4), (983.0, 554.4), (983.0, 562.2), (983.0, 588.9), (983.0, 628.3), (987.6, 659.3), (978.7, 617.2), (983.0, 577.9), (983.0, 557.5), (981.6, 555.9), (983.0, 573.2), (983.0, 608.4), (983.0, 648.1), (983.1, 643.9)]",0,8.23
novice,meatboy,10,Saw,5,0,58.27,0.446,"[(73.0, 653.0), (91.0, 659.3), (91.1, 659.0), (95.3, 659.9), (95.7, 659.3), (95.8, 659.0), (100.0, 659.9), (100.3, 659.3), (100.4, 659.0), (104.7, 659.9), (105.0, 659.3), (105.1, 659.0), (109.3, 659.9), (109.7, 659.3), (109.8, 659.0), (114.0, 659.9), (114.3, 659.3), (114.4, 659.0), (118.7, 659.9), (119.0, 659.3), (119.1, 659.0), (123.3, 659.9), (123.7, 659.3), (123.8, 659.0), (128.0, 659.9), (128.3, 659.3), (128.4, 659.0), (132.7, 659.9), (133.0, 659.3), (133.1, 659.0), (137.3, 659.9), (137.7, 659.3), (137.8, 659.0), (142.0, 659.9), (142.3, 659.3), (142.4, 659.0), (146.7, 659.9), (153.8, 624.3), (192.6, 629.2), (232.6, 656.3), (272.6, 659.3), (312.6, 659.0), (352.6, 659.9), (392.6, 659.3), (432.6, 659.0), (472.6, 659.9), (512.6, 659.3), (552.6, 659.0), (571.4, 637.6), (599.7, 597.0), (527.4, 541.4), (476.5, 534.3)]",0,6.83
