persona,game,world,cause_of_death,jump_count,coins_collected,avg_vx,progress_ratio,route,enemies_killed,bricks_destroyed,elapsed_time
experienced,bomberman,7,Bomb,1,0,14.78,0.136,"[(48.0, 48.0), (62.9, 44.3), (77.9, 51.7), (98.4, 51.7), (113.3, 57.3), (115.2, 61.1), (115.2, 64.8), (115.2, 62.9), (115.2, 61.1), (115.2, 64.8), (115.2, 62.9), (115.2, 61.1), (115.2, 64.8), (115.2, 62.9), (115.2, 61.1), (115.2, 64.8), (115.2, 62.9), (115.2, 61.1), (115.2, 64.8), (115.2, 62.9), (115.2, 61.1), (115.2, 64.8), (115.2, 62.9), (115.2, 61.1), (115.2, 64.8), (115.2, 62.9), (115.2, 61.1), (115.2, 64.8), (115.2, 62.9), (115.2, 61.1), (115.2, 64.8), (115.2, 62.9)]",0,0,4.17
experienced,bomberman,7,Stuck,0,0,-0.75,0.0,"[(48.0, 48.0), (44.3, 48.0), (44.3, 48.0), (44.3, 48.0), (44.3, 48.0), (44.3, 48.0), (44.3, 48.0), (44.3, 48.0), (44.3, 48.0), (44.3, 48.0), (44.3, 48.0), (44.3, 48.0), (44.3, 48.0), (44.3, 48.0), (44.3, 48.0), (44.3, 48.0), (44.3, 48.0), (44.3, 48.0), (44.3, 48.0), (44.3, 48.0), (44.3, 48.0), (44.3, 48.0), (44.3, 48.0), (44.3, 48.0), (44.3, 48.0), (44.3, 48.0), (44.3, 48.0), (44.3, 48.0), (44.3, 48.0), (44.3, 48.0), (44.3, 48.0), (44.3, 48.0), (44.3, 48.0), (44.3, 48.0), (44.3, 48.0), (44.3, 48.0), (44.3, 48.0), (44.3, 48.0)]",0,0,5.0
experienced,bomberman,7,Stuck,0,0,3.26,0.045,"[(48.0, 48.0), (62.9, 51.7), (62.9, 51.7), (62.9, 51.7), (62.9, 51.7), (62.9, 51.7), (62.9, 51.7), (62.9, 51.7), (62.9, 51.7), (62.9, 51.7), (62.9, 51.7), (62.9, 51.7), (62.9, 51.7), (62.9, 51.7), (62.9, 51.7), (62.9, 51.7), (62.9, 51.7), (62.9, 51.7), (62.9, 51.7), (62.9, 51.7), (62.9, 51.7), (62.9, 51.7), (62.9, 51.7), (62.9, 51.7), (62.9, 51.7), (62.9, 51.7), (62.9, 51.7), (62.9, 51.7), (62.9, 51.7), (62.9, 51.7), (62.9, 51.7), (62.9, 51.7), (62.9, 51.7), (62.9, 51.7), (62.9, 51.7), (62.9, 51.7), (62.9, 51.7), (62.9, 51.7), (62.9, 51.7)]",0,0,5.15
experienced,bomberman,7,Bomb,1,0,0.0,0.0,"[(48.0, 48.0), (48.0, 44.3), (48.0, 44.3), (48.0, 44.3), (48.0, 44.3), (48.0, 44.3), (48.0, 44.3), (48.0, 44.3), (48.0, 44.3), (48.0, 44.3), (48.0, 44.3), (48.0, 44.3), (48.0, 44.3), (48.0, 44.3), (48.0, 44.3), (48.0, 44.3), (48.0, 44.3), (48.0, 44.3), (48.0, 44.3), (48.0, 44.3), (48.0, 44.3), (48.0, 44.3), (48.0, 44.3), (48.0, 44.3), (48.0, 44.3), (48.0, 44.3), (48.0, 44.3), (48.0, 44.3), (48.0, 44.3), (48.0, 44.3), (48.0, 44.3)]",0,0,4.0
experienced,bomberman,7,Bomb,1,0,0.0,0.0,"[(48.0, 48.0), (48.0, 44.3), (48.0, 44.3), (48.0, 44.3), (48.0, 44.3), (48.0, 44.3), (48.0, 44.3), (48.0, 44.3), (48.0, 44.3), (48.0, 44.3), (48.0, 44.3), (48.0, 44.3), (48.0, 44.3), (48.0, 44.3), (48.0, 44.3), (48.0, 44.3), (48.0, 44.3), (48.0, 44.3), (48.0, 44.3), (48.0, 44.3), (48.0, 44.3), (48.0, 44.3), (48.0, 44.3), (48.0, 44.3), (48.0, 44.3), (48.0, 44.3), (48.0, 44.3), (48.0, 44.3), (48.0, 44.3), (48.0, 44.3), (48.0, 44.3)]",0,0,4.0
experienced,bomberman,7,Stuck,0,0,3.26,0.045,"[(48.0, 48.0), (62.9, 51.7), (62.9, 51.7), (62.9, 51.7), (62.9, 51.7), (62.9, 51.7), (62.9, 51.7), (62.9, 51.7), (62.9, 51.7), (62.9, 51.7), (62.9, 51.7), (62.9, 51.7), (62.9, 51.7), (62.9, 51.7), (62.9, 51.7), (62.9, 51.7), (62.9, 51.7), (62.9, 51.7), (62.9, 51.7), (62.9, 51.7), (62.9, 51.7), (62.9, 51.7), (62.9, 51.7), (62.9, 51.7), (62.9, 51.7), (62.9, 51.7), (62.9, 51.7), (62.9, 51.7), (62.9, 51.7), (62.9, 51.7), (62.9, 51.7), (62.9, 51.7), (62.9, 51.7), (62.9, 51.7), (62.9, 51.7), (62.9, 51.7), (62.9, 51.7), (62.9, 51.7), (62.9, 51.7)]",0,0,5.15
experienced,bomberman,7,Stuck,0,0,10.75,0.091,"[(48.0, 48.0), (62.9, 51.7), (77.9, 51.7), (94.7, 51.7), (94.7, 51.7), (94.7, 51.7), (94.7, 51.7), (94.7, 51.7), (94.7, 51.7), (94.7, 51.7), (94.7, 51.7), (94.7, 51.7), (94.7, 51.7), (94.7, 51.7), (94.7, 51.7), (94.7, 51.7), (94.7, 51.7), (94.7, 51.7), (94.7, 51.7), (94.7, 51.7), (94.7, 51.7), (94.7, 51.7), (94.7, 51.7), (94.7, 51.7), (94.7, 51.7), (94.7, 51.7), (94.7, 51.7), (94.7, 51.7), (94.7, 51.7), (94.7, 51.7), (94.7, 51.7), (94.7, 51.7), (94.7, 51.7), (94.7, 51.7), (94.7, 51.7), (94.7, 51.7), (94.7, 51.7), (94.7, 51.7), (94.7, 51.7), (94.7, 51.7), (105.9, 51.7)]",0,0,5.38
experienced,bomberman,7,Bomb,1,0,-0.93,0.0,"[(48.0, 48.0), (44.3, 44.3), (44.3, 44.3), (44.3, 44.3), (44.3, 44.3), (44.3, 44.3), (44.3, 44.3), (44.3, 44.3), (44.3, 44.3), (44.3, 44.3), (44.3, 44.3), (44.3, 44.3), (44.3, 44.3), (44.3, 44.3), (44.3, 44.3), (44.3, 44.3), (44.3, 44.3), (44.3, 44.3), (44.3, 44.3), (44.3, 44.3), (44.3, 44.3), (44.3, 44.3), (44.3, 44.3), (44.3, 44.3), (44.3, 44.3), (44.3, 44.3), (44.3, 44.3), (44.3, 44.3), (44.3, 44.3), (44.3, 44.3), (44.3, 44.3)]",0,0,4.0
experienced,bomberman,7,Enemy,4,0,112.0,0.409,"[(48.0, 48.0), (62.9, 44.3), (77.9, 44.3), (92.8, 44.3), (107.7, 44.3), (122.7, 44.3), (137.6, 44.3), (152.5, 44.3), (167.5, 44.3), (182.4, 44.3), (197.3, 44.3), (212.3, 44.3), (227.2, 44.3), (242.1, 44.3), (257.1, 44.3), (272.0, 44.3), (286.9, 44.3), (301.9, 44.3), (316.8, 44.3)]",0,0,2.52
experienced,bomberman,7,Stuck,0,0,0.0,0.0,"[(48.0, 48.0), (48.0, 44.3), (48.0, 44.3), (48.0, 44.3), (48.0, 44.3), (48.0, 44.3), (48.0, 44.3), (48.0, 44.3), (48.0, 44.3), (48.0, 44.3), (48.0, 44.3), (48.0, 44.3), (48.0, 44.3), (48.0, 44.3), (48.0, 44.3), (48.0, 44.3), (48.0, 44.3), (48.0, 44.3), (48.0, 44.3), (48.0, 44.3), (48.0, 44.3), (48.0, 44.3), (48.0, 44.3), (48.0, 44.3), (48.0, 44.3), (48.0, 44.3), (48.0, 44.3), (48.0, 44.3), (48.0, 44.3), (48.0, 44.3), (48.0, 44.3), (48.0, 44.3), (48.0, 44.3), (48.0, 44.3), (48.0, 44.3), (48.0, 44.3), (48.0, 44.3), (48.0, 44.3)]",0,0,5.0
experienced,bomberman,7,Enemy,4,0,112.0,0.409,"[(48.0, 48.0), (62.9, 44.3), (77.9, 44.3), (92.8, 44.3), (107.7, 44.3), (122.7, 44.3), (137.6, 44.3), (152.5, 44.3), (167.5, 44.3), (182.4, 44.3), (197.3, 44.3), (212.3, 44.3), (227.2, 44.3), (242.1, 44.3), (257.1, 44.3), (272.0, 44.3), (286.9, 44.3), (301.9, 44.3), (316.8, 44.3)]",0,0,2.52
experienced,bomberman,7,Bomb,1,0,14.78,0.136,"[(48.0, 48.0), (62.9, 44.3), (77.9, 51.7), (98.4, 51.7), (113.3, 57.3), (115.2, 61.1), (115.2, 64.8), (115.2, 62.9), (115.2, 61.1), (115.2, 64.8), (115.2, 62.9), (115.2, 61.1), (115.2, 64.8), (115.2, 62.9), (115.2, 61.1), (115.2, 64.8), (115.2, 62.9), (115.2, 61.1), (115.2, 64.8), (115.2, 62.9), (115.2, 61.1), (115.2, 64.8), (115.2, 62.9), (115.2, 61.1), (115.2, 64.8), (115.2, 62.9), (115.2, 61.1), (115.2, 64.8), (115.2, 62.9), (115.2, 61.1), (115.2, 64.8), (115.2, 62.9)]",0,0,4.17
experienced,bomberman,7,Stuck,0,0,10.75,0.091,"[(48.0, 48.0), (62.9, 51.7), (77.9, 51.7), (94.7, 51.7), (94.7, 51.7), (94.7, 51.7), (94.7, 51.7), (94.7, 51.7), (94.7, 51.7), (94.7, 51.7), (94.7, 51.7), (94.7, 51.7), (94.7, 51.7), (94.7, 51.7), (94.7, 51.7), (94.7, 51.7), (94.7, 51.7), (94.7, 51.7), (94.7, 51.7), (94.7, 51.7), (94.7, 51.7), (94.7, 51.7), (94.7, 51.7), (94.7, 51.7), (94.7, 51.7), (94.7, 51.7), (94.7, 51.7), (94.7, 51.7), (94.7, 51.7), (94.7, 51.7), (94.7, 51.7), (94.7, 51.7), (94.7, 51.7), (94.7, 51.7), (94.7, 51.7), (94.7, 51.7), (94.7, 51.7), (94.7, 51.7), (94.7, 51.7), (94.7, 51.7), (105.9, 51.7)]",0,0,5.38
experienced,bomberman,7,Stuck,0,0,3.26,0.045,"[(48.0, 48.0), (62.9, 51.7), (62.9, 51.7), (62.9, 51.7), (62.9, 51.7), (62.9, 51.7), (62.9, 51.7), (62.9, 51.7), (62.9, 51.7), (62.9, 51.7), (62.9, 51.7), (62.9, 51.7), (62.9, 51.7), (62.9, 51.7), (62.9, 51.7), (62.9, 51.7), (62.9, 51.7), (62.9, 51.7), (62.9, 51.7), (62.9, 51.7), (62.9, 51.7), (62.9, 51.7), (62.9, 51.7), (62.9, 51.7), (62.9, 51.7), (62.9, 51.7), (62.9, 51.7), (62.9, 51.7), (62.9, 51.7), (62.9, 51.7), (62.9, 51.7), (62.9, 51.7), (62.9, 51.7), (62.9, 51.7), (62.9, 51.7), (62.9, 51.7), (62.9, 51.7), (62.9, 51.7), (62.9, 51.7)]",0,0,5.15
experienced,bomberman,7,Stuck,17,0,8.37,0.455,"[(48.0, 48.0), (62.9, 44.3), (77.9, 51.7), (98.4, 51.7), (113.3, 57.3), (115.2, 61.1), (115.2, 64.8), (115.2, 62.9), (115.2, 61.1), (115.2, 64.8), (115.2, 62.9), (115.2, 61.1), (115.2, 64.8), (115.2, 62.9), (115.2, 61.1), (115.2, 64.8), (115.2, 62.9), (115.2, 61.1), (115.2, 64.8), (115.2, 62.9), (115.2, 61.1), (115.2, 64.8), (115.2, 62.9), (115.2, 61.1), (115.2, 64.8), (115.2, 62.9), (115.2, 61.1), (115.2, 64.8), (115.2, 53.6), (128.3, 44.3), (143.2, 51.7), (165.6, 51.7), (180.5, 61.1), (180.5, 76.0), (180.5, 96.5), (182.4, 111.5), (197.3, 115.2), (214.1, 115.2), (234.7, 115.2), (242.1, 128.3), (238.4, 128.3), (238.4, 128.3), (238.4, 128.3), (238.4, 128.3), (238.4, 128.3), (238.4, 128.3), (238.4, 128.3), (236.5, 128.3), (238.4, 128.3), (236.5, 126.4), (236.5, 128.3), (238.4, 128.3), (236.5, 126.4), (236.5, 128.3), (236.5, 126.4), (236.5, 126.4), (236.5, 126.4), (236.5, 126.4), (236.5, 126.4), (236.5, 128.3), (238.4, 128.3), (236.5, 126.4), (236.5, 128.3), (238.4, 128.3), (236.5, 126.4), (236.5, 128.3), (238.4, 128.3), (236.5, 126.4), (236.5, 126.4), (236.5, 126.4), (236.5, 126.4), (236.5, 126.4), (236.5, 126.4), (236.5, 126.4), (236.5, 126.4), (236.5, 128.3), (236.5, 128.3), (236.5, 128.3), (236.5, 128.3), (236.5, 128.3), (236.5, 128.3), (236.5, 128.3), (236.5, 128.3), (238.4, 126.4), (238.4, 126.4), (238.4, 126.4), (238.4, 126.4), (238.4, 126.4), (238.4, 126.4), (238.4, 126.4), (238.4, 141.3), (238.4, 156.3), (236.5, 171.2), (223.5, 180.5), (223.5, 180.5), (223.5, 180.5), (223.5, 180.5), (223.5, 180.5), (223.5, 180.5), (223.5, 180.5), (223.5, 180.5), (223.5, 180.5), (223.5, 180.5), (223.5, 180.5), (223.5, 180.5), (223.5, 180.5), (223.5, 180.5), (223.5, 180.5), (223.5, 180.5), (223.5, 180.5), (223.5, 180.5), (223.5, 180.5), (223.5, 180.5), (223.5, 180.5), (223.5, 180.5), (223.5, 180.5), (223.5, 180.5), (223.5, 180.5), (223.5, 180.5), (223.5, 180.5), (223.5, 180.5), (223.5, 180.5), (223.5, 180.5), (223.5, 180.5), (223.5, 180.5), (223.5, 180.5), (223.5, 180.5), (223.5, 180.5), (223.5, 180.5), (223.5, 180.5), (223.5, 180.5), (223.5, 180.5), (223.5, 180.5), (223.5, 180.5), (223.5, 180.5), (223.5, 180.5), (223.5, 180.5), (223.5, 180.5), (223.5, 180.5)]",0,0,18.5
experienced,bomberman,7,Bomb,16,0,11.62,0.091,"[(48.0, 48.0), (62.9, 51.7), (77.9, 44.3), (92.8, 44.3), (100.3, 51.7), (100.3, 51.7), (100.3, 51.7), (100.3, 51.7), (100.3, 51.7), (100.3, 51.7), (100.3, 51.7), (100.3, 51.7), (100.3, 51.7), (100.3, 51.7), (100.3, 51.7), (100.3, 51.7), (100.3, 51.7), (100.3, 51.7), (100.3, 51.7), (100.3, 51.7), (100.3, 51.7), (100.3, 51.7), (100.3, 51.7), (100.3, 51.7), (100.3, 51.7), (100.3, 51.7), (100.3, 51.7), (96.5, 51.7), (96.5, 51.7), (96.5, 51.7), (96.5, 51.7)]",0,0,4.02
experienced,bomberman,7,Stuck,0,0,3.26,0.045,"[(48.0, 48.0), (62.9, 51.7), (62.9, 51.7), (62.9, 51.7), (62.9, 51.7), (62.9, 51.7), (62.9, 51.7), (62.9, 51.7), (62.9, 51.7), (62.9, 51.7), (62.9, 51.7), (62.9, 51.7), (62.9, 51.7), (62.9, 51.7), (62.9, 51.7), (62.9, 51.7), (62.9, 51.7), (62.9, 51.7), (62.9, 51.7), (62.9, 51.7), (62.9, 51.7), (62.9, 51.7), (62.9, 51.7), (62.9, 51.7), (62.9, 51.7), (62.9, 51.7), (62.9, 51.7), (62.9, 51.7), (62.9, 51.7), (62.9, 51.7), (62.9, 51.7), (62.9, 51.7), (62.9, 51.7), (62.9, 51.7), (62.9, 51.7), (62.9, 51.7), (62.9, 51.7), (62.9, 51.7), (62.9, 51.7)]",0,0,5.15
experienced,bomberman,7,Bomb,120,0,-0.43,0.045,"[(48.0, 48.0), (62.9, 51.7), (51.7, 53.6), (46.1, 64.8), (46.1, 64.8), (46.1, 64.8), (46.1, 64.8), (46.1, 64.8), (46.1, 64.8), (46.1, 64.8), (46.1, 64.8), (46.1, 64.8), (46.1, 64.8), (46.1, 64.8), (46.1, 64.8), (46.1, 64.8), (46.1, 64.8), (46.1, 64.8), (46.1, 64.8), (46.1, 64.8), (46.1, 64.8), (46.1, 64.8), (46.1, 64.8), (46.1, 64.8), (46.1, 64.8), (46.1, 64.8), (46.1, 64.8), (46.1, 64.8), (46.1, 64.8), (46.1, 64.8), (46.1, 64.8), (46.1, 64.8), (46.1, 64.8)]",0,0,4.37
experienced,bomberman,7,Enemy,2,0,112.0,0.409,"[(48.0, 48.0), (62.9, 44.3), (77.9, 44.3), (92.8, 44.3), (107.7, 44.3), (122.7, 44.3), (137.6, 44.3), (152.5, 44.3), (167.5, 44.3), (182.4, 44.3), (197.3, 44.3), (212.3, 44.3), (227.2, 44.3), (242.1, 44.3), (257.1, 44.3), (272.0, 44.3), (286.9, 44.3), (301.9, 44.3), (316.8, 44.3)]",0,0,2.52
experienced,bomberman,7,Bomb,1,0,14.84,0.136,"[(48.0, 48.0), (62.9, 44.3), (77.9, 51.7), (98.4, 51.7), (113.3, 57.3), (115.2, 61.1), (115.2, 64.8), (115.2, 62.9), (115.2, 61.1), (115.2, 64.8), (115.2, 62.9), (115.2, 61.1), (115.2, 64.8), (115.2, 62.9), (115.2, 61.1), (115.2, 64.8), (115.2, 62.9), (115.2, 61.1), (115.2, 64.8), (115.2, 62.9), (115.2, 61.1), (115.2, 64.8), (115.2, 62.9), (115.2, 61.1), (115.2, 64.8), (115.2, 62.9), (115.2, 61.1), (115.2, 64.8), (115.2, 61.1), (115.2, 61.1), (115.2, 61.1), (115.2, 61.1)]",0,0,4.15
experienced,bomberman,7,Stuck,17,0,8.37,0.455,"[(48.0, 48.0), (62.9, 44.3), (77.9, 51.7), (98.4, 51.7), (113.3, 57.3), (115.2, 61.1), (115.2, 64.8), (115.2, 62.9), (115.2, 61.1), (115.2, 64.8), (115.2, 62.9), (115.2, 61.1), (115.2, 64.8), (115.2, 62.9), (115.2, 61.1), (115.2, 64.8), (115.2, 62.9), (115.2, 61.1), (115.2, 64.8), (115.2, 62.9), (115.2, 61.1), (115.2, 64.8), (115.2, 62.9), (115.2, 61.1), (115.2, 64.8), (115.2, 62.9), (115.2, 61.1), (115.2, 64.8), (115.2, 53.6), (128.3, 44.3), (143.2, 51.7), (165.6, 51.7), (180.5, 61.1), (180.5, 76.0), (180.5, 96.5), (182.4, 111.5), (197.3, 115.2), (214.1, 115.2), (234.7, 115.2), (242.1, 128.3), (238.4, 128.3), (238.4, 128.3), (238.4, 128.3), (238.4, 128.3), (238.4, 128.3), (238.4, 128.3), (238.4, 128.3), (236.5, 128.3), (238.4, 128.3), (236.5, 126.4), (236.5, 128.3), (238.4, 128.3), (236.5, 126.4), (236.5, 128.3), (236.5, 126.4), (236.5, 126.4), (236.5, 126.4), (236.5, 126.4), (236.5, 126.4), (236.5, 128.3), (238.4, 128.3), (236.5, 126.4), (236.5, 128.3), (238.4, 128.3), (236.5, 126.4), (236.5, 128.3), (238.4, 128.3), (236.5, 126.4), (236.5, 126.4), (236.5, 126.4), (236.5, 126.4), (236.5, 126.4), (236.5, 126.4), (236.5, 126.4), (236.5, 126.4), (236.5, 128.3), (236.5, 128.3), (236.5, 128.3), (236.5, 128.3), (236.5, 128.3), (236.5, 128.3), (236.5, 128.3), (236.5, 128.3), (238.4, 126.4), (238.4, 126.4), (238.4, 126.4), (238.4, 126.4), (238.4, 126.4), (238.4, 126.4), (238.4, 126.4), (238.4, 141.3), (238.4, 156.3), (236.5, 171.2), (223.5, 180.5), (223.5, 180.5), (223.5, 180.5), (223.5, 180.5), (223.5, 180.5), (223.5, 180.5), (223.5, 180.5), (223.5, 180.5), (223.5, 180.5), (223.5, 180.5), (223.5, 180.5), (223.5, 180.5), (223.5, 180.5), (223.5, 180.5), (223.5, 180.5), (223.5, 180.5), (223.5, 180.5), (223.5, 180.5), (223.5, 180.5), (223.5, 180.5), (223.5, 180.5), (223.5, 180.5), (223.5, 180.5), (223.5, 180.5), (223.5, 180.5), (223.5, 180.5), (223.5, 180.5), (223.5, 180.5), (223.5, 180.5), (223.5, 180.5), (223.5, 180.5), (223.5, 180.5), (223.5, 180.5), (223.5, 180.5), (223.5, 180.5), (223.5, 180.5), (223.5, 180.5), (223.5, 180.5), (223.5, 180.5), (223.5, 180.5), (223.5, 180.5), (223.5, 180.5), (223.5, 180.5), (223.5, 180.5), (223.5, 180.5), (223.5, 180.5)]",0,0,18.5
experienced,bomberman,7,Enemy,2,0,112.0,0.409,"[(48.0, 48.0), (62.9, 44.3), (77.9, 44.3), (92.8, 44.3), (107.7, 44.3), (122.7, 44.3), (137.6, 44.3), (152.5, 44.3), (167.5, 44.3), (182.4, 44.3), (197.3, 44.3), (212.3, 44.3), (227.2, 44.3), (242.1, 44.3), (257.1, 44.3), (272.0, 44.3), (286.9, 44.3), (301.9, 44.3), (316.8, 44.3)]",0,0,2.52
experienced,bomberman,7,Enemy,4,0,112.0,0.409,"[(48.0, 48.0), (62.9, 44.3), (77.9, 44.3), (92.8, 44.3), (107.7, 44.3), (122.7, 44.3), (137.6, 44.3), (152.5, 44.3), (167.5, 44.3), (182.4, 44.3), (197.3, 44.3), (212.3, 44.3), (227.2, 44.3), (242.1, 44.3), (257.1, 44.3), (272.0, 44.3), (286.9, 44.3), (301.9, 44.3), (316.8, 44.3)]",0,0,2.52
experienced,bomberman,7,Bomb,1,0,14.78,0.136,"[(48.0, 48.0), (62.9, 44.3), (77.9, 51.7), (98.4, 51.7), (113.3, 57.3), (115.2, 61.1), (115.2, 64.8), (115.2, 62.9), (115.2, 61.1), (115.2, 64.8), (115.2, 62.9), (115.2, 61.1), (115.2, 64.8), (115.2, 62.9), (115.2, 61.1), (115.2, 64.8), (115.2, 62.9), (115.2, 61.1), (115.2, 64.8), (115.2, 62.9), (115.2, 61.1), (115.2, 64.8), (115.2, 62.9), (115.2, 61.1), (115.2, 64.8), (115.2, 62.9), (115.2, 61.1), (115.2, 64.8), (115.2, 62.9), (115.2, 61.1), (115.2, 64.8), (115.2, 62.9)]",0,0,4.17
experienced,bomberman,7,Enemy,105,0,38.31,0.273,"[(48.0, 48.0), (62.9, 44.3), (62.9, 44.3), (62.9, 44.3), (62.9, 44.3), (62.9, 44.3), (62.9, 44.3), (62.9, 44.3), (62.9, 44.3), (62.9, 44.3), (62.9, 44.3), (62.9, 44.3), (62.9, 44.3), (62.9, 44.3), (62.9, 44.3), (62.9, 44.3), (62.9, 44.3), (62.9, 44.3), (62.9, 44.3), (62.9, 44.3), (62.9, 44.3), (62.9, 44.3), (62.9, 44.3), (62.9, 44.3), (62.9, 44.3), (62.9, 44.3), (62.9, 44.3), (74.1, 44.3), (89.1, 44.3), (104.0, 44.3), (118.9, 44.3), (133.9, 44.3), (148.8, 44.3), (163.7, 44.3), (178.7, 44.3), (193.6, 44.3), (208.5, 44.3), (223.5, 44.3), (238.4, 55.5)]",0,0,5.12
experienced,bomberman,7,Bomb,1,0,-0.93,0.0,"[(48.0, 48.0), (44.3, 44.3), (44.3, 44.3), (44.3, 44.3), (44.3, 44.3), (44.3, 44.3), (44.3, 44.3), (44.3, 44.3), (44.3, 44.3), (44.3, 44.3), (44.3, 44.3), (44.3, 44.3), (44.3, 44.3), (44.3, 44.3), (44.3, 44.3), (44.3, 44.3), (44.3, 44.3), (44.3, 44.3), (44.3, 44.3), (44.3, 44.3), (44.3, 44.3), (44.3, 44.3), (44.3, 44.3), (44.3, 44.3), (44.3, 44.3), (44.3, 44.3), (44.3, 44.3), (44.3, 44.3), (44.3, 44.3), (44.3, 44.3), (44.3, 44.3)]",0,0,4.0
experienced,bomberman,7,Stuck,0,0,-0.75,0.0,"[(48.0, 48.0), (44.3, 48.0), (44.3, 48.0), (44.3, 48.0), (44.3, 48.0), (44.3, 48.0), (44.3, 48.0), (44.3, 48.0), (44.3, 48.0), (44.3, 48.0), (44.3, 48.0), (44.3, 48.0), (44.3, 48.0), (44.3, 48.0), (44.3, 48.0), (44.3, 48.0), (44.3, 48.0), (44.3, 48.0), (44.3, 48.0), (44.3, 48.0), (44.3, 48.0), (44.3, 48.0), (44.3, 48.0), (44.3, 48.0), (44.3, 48.0), (44.3, 48.0), (44.3, 48.0), (44.3, 48.0), (44.3, 48.0), (44.3, 48.0), (44.3, 48.0), (44.3, 48.0), (44.3, 48.0), (44.3, 48.0), (44.3, 48.0), (44.3, 48.0), (44.3, 48.0), (44.3, 48.0)]",0,0,5.0
experienced,bomberman,7,Bomb,1,0,0.93,0.045,"[(48.0, 48.0), (48.0, 62.9), (51.7, 64.8), (51.7, 62.9), (51.7, 61.1), (51.7, 64.8), (51.7, 62.9), (51.7, 61.1), (51.7, 64.8), (51.7, 62.9), (51.7, 61.1), (51.7, 64.8), (51.7, 62.9), (51.7, 61.1), (51.7, 64.8), (51.7, 62.9), (51.7, 61.1), (51.7, 64.8), (51.7, 62.9), (51.7, 61.1), (51.7, 64.8), (51.7, 62.9), (51.7, 61.1), (51.7, 64.8), (51.7, 62.9), (51.7, 61.1), (51.7, 64.8), (51.7, 62.9), (51.7, 62.9), (51.7, 62.9), (51.7, 62.9)]",0,0,4.0
experienced,bomberman,7,Bomb,108,0,11.62,0.091,"[(48.0, 48.0), (62.9, 44.3), (77.9, 44.3), (92.8, 44.3), (96.5, 44.3), (96.5, 44.3), (96.5, 44.3), (96.5, 44.3), (96.5, 44.3), (96.5, 44.3), (96.5, 44.3), (96.5, 44.3), (96.5, 44.3), (96.5, 44.3), (96.5, 44.3), (96.5, 44.3), (96.5, 44.3), (96.5, 44.3), (96.5, 44.3), (96.5, 44.3), (96.5, 44.3), (96.5, 44.3), (96.5, 44.3), (96.5, 44.3), (96.5, 44.3), (96.5, 44.3), (96.5, 44.3), (96.5, 49.9), (96.5, 51.7), (96.5, 51.7), (96.5, 51.7)]",0,0,4.02
experienced,bomberman,7,Bomb,1,0,3.73,0.045,"[(48.0, 48.0), (62.9, 51.7), (62.9, 51.7), (62.9, 51.7), (62.9, 51.7), (62.9, 51.7), (62.9, 51.7), (62.9, 51.7), (62.9, 51.7), (62.9, 51.7), (62.9, 51.7), (62.9, 51.7), (62.9, 51.7), (62.9, 51.7), (62.9, 51.7), (62.9, 51.7), (62.9, 51.7), (62.9, 51.7), (62.9, 51.7), (62.9, 51.7), (62.9, 51.7), (62.9, 51.7), (62.9, 51.7), (62.9, 51.7), (62.9, 51.7), (62.9, 51.7), (62.9, 51.7), (62.9, 51.7), (62.9, 51.7), (62.9, 51.7), (62.9, 51.7)]",0,0,4.0
experienced,bomberman,7,Stuck,17,0,8.37,0.455,"[(48.0, 48.0), (62.9, 44.3), (77.9, 51.7), (98.4, 51.7), (113.3, 57.3), (115.2, 61.1), (115.2, 64.8), (115.2, 62.9), (115.2, 61.1), (115.2, 64.8), (115.2, 62.9), (115.2, 61.1), (115.2, 64.8), (115.2, 62.9), (115.2, 61.1), (115.2, 64.8), (115.2, 62.9), (115.2, 61.1), (115.2, 64.8), (115.2, 62.9), (115.2, 61.1), (115.2, 64.8), (115.2, 62.9), (115.2, 61.1), (115.2, 64.8), (115.2, 62.9), (115.2, 61.1), (115.2, 64.8), (115.2, 53.6), (128.3, 44.3), (143.2, 51.7), (165.6, 51.7), (180.5, 61.1), (180.5, 76.0), (180.5, 96.5), (182.4, 111.5), (197.3, 115.2), (214.1, 115.2), (234.7, 115.2), (242.1, 128.3), (238.4, 128.3), (238.4, 128.3), (238.4, 128.3), (238.4, 128.3), (238.4, 128.3), (238.4, 128.3), (238.4, 128.3), (236.5, 128.3), (238.4, 128.3), (236.5, 126.4), (236.5, 128.3), (238.4, 128.3), (236.5, 126.4), (236.5, 128.3), (236.5, 126.4), (236.5, 126.4), (236.5, 126.4), (236.5, 126.4), (236.5, 126.4), (236.5, 128.3), (238.4, 128.3), (236.5, 126.4), (236.5, 128.3), (238.4, 128.3), (236.5, 126.4), (236.5, 128.3), (238.4, 128.3), (236.5, 126.4), (236.5, 126.4), (236.5, 126.4), (236.5, 126.4), (236.5, 126.4), (236.5, 126.4), (236.5, 126.4), (236.5, 126.4), (236.5, 128.3), (236.5, 128.3), (236.5, 128.3), (236.5, 128.3), (236.5, 128.3), (236.5, 128.3), (236.5, 128.3), (236.5, 128.3), (238.4, 126.4), (238.4, 126.4), (238.4, 126.4), (238.4, 126.4), (238.4, 126.4), (238.4, 126.4), (238.4, 126.4), (238.4, 141.3), (238.4, 156.3), (236.5, 171.2), (223.5, 180.5), (223.5, 180.5), (223.5, 180.5), (223.5, 180.5), (223.5, 180.5), (223.5, 180.5), (223.5, 180.5), (223.5, 180.5), (223.5, 180.5), (223.5, 180.5), (223.5, 180.5), (223.5, 180.5), (223.5, 180.5), (223.5, 180.5), (223.5, 180.5), (223.5, 180.5), (223.5, 180.5), (223.5, 180.5), (223.5, 180.5), (223.5, 180.5), (223.5, 180.5), (223.5, 180.5), (223.5, 180.5), (223.5, 180.5), (223.5, 180.5), (223.5, 180.5), (223.5, 180.5), (223.5, 180.5), (223.5, 180.5), (223.5, 180.5), (223.5, 180.5), (223.5, 180.5), (223.5, 180.5), (223.5, 180.5), (223.5, 180.5), (223.5, 180.5), (223.5, 180.5), (223.5, 180.5), (223.5, 180.5), (223.5, 180.5), (223.5, 180.5), (223.5, 180.5), (223.5, 180.5), (223.5, 180.5), (223.5, 180.5), (223.5, 180.5)]",0,0,18.5
experienced,bomberman,7,Enemy,4,0,112.0,0.409,"[(48.0, 48.0), (62.9, 44.3), (77.9, 44.3), (92.8, 44.3), (107.7, 44.3), (122.7, 44.3), (137.6, 44.3), (152.5, 44.3), (167.5, 44.3), (182.4, 44.3), (197.3, 44.3), (212.3, 44.3), (227.2, 44.3), (242.1, 44.3), (257.1, 44.3), (272.0, 44.3), (286.9, 44.3), (301.9, 44.3), (316.8, 44.3)]",0,0,2.52
experienced,bomberman,7,Enemy,2,0,112.0,0.409,"[(48.0, 48.0), (62.9, 44.3), (77.9, 44.3), (92.8, 44.3), (107.7, 44.3), (122.7, 44.3), (137.6, 44.3), (152.5, 44.3), (167.5, 44.3), (182.4, 44.3), (197.3, 44.3), (212.3, 44.3), (227.2, 44.3), (242.1, 44.3), (257.1, 44.3), (272.0, 44.3), (286.9, 44.3), (301.9, 44.3), (316.8, 44.3)]",0,0,2.52
experienced,bomberman,7,Enemy,105,0,38.31,0.273,"[(48.0, 48.0), (62.9, 44.3), (62.9, 44.3), (62.9, 44.3), (62.9, 44.3), (62.9, 44.3), (62.9, 44.3), (62.9, 44.3), (62.9, 44.3), (62.9, 44.3), (62.9, 44.3), (62.9, 44.3), (62.9, 44.3), (62.9, 44.3), (62.9, 44.3), (62.9, 44.3), (62.9, 44.3), (62.9, 44.3), (62.9, 44.3), (62.9, 44.3), (62.9, 44.3), (62.9, 44.3), (62.9, 44.3), (62.9, 44.3), (62.9, 44.3), (62.9, 44.3), (62.9, 44.3), (74.1, 44.3), (89.1, 44.3), (104.0, 44.3), (118.9, 44.3), (133.9, 44.3), (148.8, 44.3), (163.7, 44.3), (178.7, 44.3), (193.6, 44.3), (208.5, 44.3), (223.5, 44.3), (238.4, 55.5)]",0,0,5.12
experienced,bomberman,7,Stuck,0,0,0.0,0.0,"[(48.0, 48.0), (48.0, 44.3), (48.0, 44.3), (48.0, 44.3), (48.0, 44.3), (48.0, 44.3), (48.0, 44.3), (48.0, 44.3), (48.0, 44.3), (48.0, 44.3), (48.0, 44.3), (48.0, 44.3), (48.0, 44.3), (48.0, 44.3), (48.0, 44.3), (48.0, 44.3), (48.0, 44.3), (48.0, 44.3), (48.0, 44.3), (48.0, 44.3), (48.0, 44.3), (48.0, 44.3), (48.0, 44.3), (48.0, 44.3), (48.0, 44.3), (48.0, 44.3), (48.0, 44.3), (48.0, 44.3), (48.0, 44.3), (48.0, 44.3), (48.0, 44.3), (48.0, 44.3), (48.0, 44.3), (48.0, 44.3), (48.0, 44.3), (48.0, 44.3), (48.0, 44.3), (48.0, 44.3)]",0,0,5.0
experienced,bomberman,7,Stuck,0,0,-0.72,0.045,"[(48.0, 48.0), (44.3, 62.9), (44.3, 62.9), (44.3, 62.9), (44.3, 62.9), (44.3, 62.9), (44.3, 62.9), (44.3, 62.9), (44.3, 62.9), (44.3, 62.9), (44.3, 62.9), (44.3, 62.9), (44.3, 62.9), (44.3, 62.9), (44.3, 62.9), (44.3, 62.9), (44.3, 62.9), (44.3, 62.9), (44.3, 62.9), (44.3, 62.9), (44.3, 62.9), (44.3, 62.9), (44.3, 62.9), (44.3, 62.9), (44.3, 62.9), (44.3, 62.9), (44.3, 62.9), (44.3, 62.9), (44.3, 62.9), (44.3, 62.9), (44.3, 62.9), (44.3, 62.9), (44.3, 62.9), (44.3, 62.9), (44.3, 62.9), (44.3, 62.9), (44.3, 62.9), (44.3, 62.9), (44.3, 62.9)]",0,0,5.15
experienced,bomberman,7,Enemy,5,0,90.49,0.364,"[(48.0, 48.0), (62.9, 44.3), (77.9, 44.3), (92.8, 44.3), (107.7, 44.3), (122.7, 44.3), (137.6, 44.3), (152.5, 44.3), (167.5, 44.3), (182.4, 44.3), (197.3, 44.3), (212.3, 44.3), (227.2, 44.3), (242.1, 44.3), (257.1, 44.3), (272.0, 44.3), (286.9, 44.3), (301.9, 44.3), (314.9, 44.3), (314.9, 44.3), (314.9, 44.3), (314.9, 44.3), (314.9, 44.3)]",0,0,2.95
experienced,bomberman,7,Enemy,2,0,112.0,0.409,"[(48.0, 48.0), (62.9, 44.3), (77.9, 44.3), (92.8, 44.3), (107.7, 44.3), (122.7, 44.3), (137.6, 44.3), (152.5, 44.3), (167.5, 44.3), (182.4, 44.3), (197.3, 44.3), (212.3, 44.3), (227.2, 44.3), (242.1, 44.3), (257.1, 44.3), (272.0, 44.3), (286.9, 44.3), (301.9, 44.3), (316.8, 44.3)]",0,0,2.52
experienced,bomberman,7,Enemy,1,0,112.0,0.409,"[(48.0, 48.0), (62.9, 44.3), (77.9, 44.3), (92.8, 44.3), (107.7, 44.3), (122.7, 44.3), (137.6, 44.3), (152.5, 44.3), (167.5, 44.3), (182.4, 44.3), (197.3, 44.3), (212.3, 44.3), (227.2, 44.3), (242.1, 44.3), (257.1, 44.3), (272.0, 44.3), (286.9, 44.3), (301.9, 44.3), (316.8, 44.3)]",0,0,2.52
experienced,bomberman,7,Bomb,19,0,12.89,0.409,"[(48.0, 48.0), (62.9, 44.3), (77.9, 51.7), (98.4, 51.7), (113.3, 57.3), (115.2, 61.1), (115.2, 64.8), (115.2, 62.9), (115.2, 61.1), (115.2, 64.8), (115.2, 62.9), (115.2, 61.1), (115.2, 64.8), (115.2, 62.9), (115.2, 61.1), (115.2, 64.8), (115.2, 62.9), (115.2, 61.1), (115.2, 64.8), (115.2, 62.9), (115.2, 61.1), (115.2, 64.8), (115.2, 62.9), (115.2, 61.1), (115.2, 64.8), (115.2, 62.9), (115.2, 61.1), (115.2, 64.8), (115.2, 53.6), (128.3, 44.3), (143.2, 51.7), (165.6, 51.7), (180.5, 61.1), (180.5, 76.0), (180.5, 96.5), (182.4, 111.5), (197.3, 115.2), (214.1, 115.2), (234.7, 115.2), (242.1, 128.3), (238.4, 128.3), (236.5, 126.4), (236.5, 128.3), (238.4, 128.3), (236.5, 126.4), (236.5, 128.3), (238.4, 128.3), (236.5, 126.4), (236.5, 128.3), (238.4, 128.3), (236.5, 126.4), (236.5, 128.3), (238.4, 128.3), (236.5, 126.4), (236.5, 128.3), (238.4, 128.3), (236.5, 126.4), (236.5, 128.3), (238.4, 128.3), (236.5, 126.4), (236.5, 128.3), (238.4, 128.3), (236.5, 126.4), (236.5, 128.3), (238.4, 128.3), (236.5, 126.4), (236.5, 128.3), (238.4, 128.3), (236.5, 126.4), (236.5, 126.4), (236.5, 126.4), (236.5, 126.4), (236.5, 126.4), (236.5, 126.4), (236.5, 126.4), (236.5, 126.4), (236.5, 128.3), (238.4, 128.3), (236.5, 126.4), (236.5, 128.3), (238.4, 128.3), (236.5, 126.4), (236.5, 128.3), (236.5, 128.3), (236.5, 128.3), (236.5, 128.3), (236.5, 128.3), (236.5, 128.3), (236.5, 128.3), (236.5, 128.3), (238.4, 128.3), (236.5, 126.4), (236.5, 128.3), (238.4, 128.3), (236.5, 126.4), (236.5, 126.4), (236.5, 126.4), (236.5, 126.4)]",0,0,13.03
experienced,bomberman,7,Stuck,17,0,8.37,0.455,"[(48.0, 48.0), (62.9, 44.3), (77.9, 51.7), (98.4, 51.7), (113.3, 57.3), (115.2, 61.1), (115.2, 64.8), (115.2, 62.9), (115.2, 61.1), (115.2, 64.8), (115.2, 62.9), (115.2, 61.1), (115.2, 64.8), (115.2, 62.9), (115.2, 61.1), (115.2, 64.8), (115.2, 62.9), (115.2, 61.1), (115.2, 64.8), (115.2, 62.9), (115.2, 61.1), (115.2, 64.8), (115.2, 62.9), (115.2, 61.1), (115.2, 64.8), (115.2, 62.9), (115.2, 61.1), (115.2, 64.8), (115.2, 53.6), (128.3, 44.3), (143.2, 51.7), (165.6, 51.7), (180.5, 61.1), (180.5, 76.0), (180.5, 96.5), (182.4, 111.5), (197.3, 115.2), (214.1, 115.2), (234.7, 115.2), (242.1, 128.3), (238.4, 128.3), (238.4, 128.3), (238.4, 128.3), (238.4, 128.3), (238.4, 128.3), (238.4, 128.3), (238.4, 128.3), (236.5, 128.3), (238.4, 128.3), (236.5, 126.4), (236.5, 128.3), (238.4, 128.3), (236.5, 126.4), (236.5, 128.3), (236.5, 126.4), (236.5, 126.4), (236.5, 126.4), (236.5, 126.4), (236.5, 126.4), (236.5, 128.3), (238.4, 128.3), (236.5, 126.4), (236.5, 128.3), (238.4, 128.3), (236.5, 126.4), (236.5, 128.3), (238.4, 128.3), (236.5, 126.4), (236.5, 126.4), (236.5, 126.4), (236.5, 126.4), (236.5, 126.4), (236.5, 126.4), (236.5, 126.4), (236.5, 126.4), (236.5, 128.3), (236.5, 128.3), (236.5, 128.3), (236.5, 128.3), (236.5, 128.3), (236.5, 128.3), (236.5, 128.3), (236.5, 128.3), (238.4, 126.4), (238.4, 126.4), (238.4, 126.4), (238.4, 126.4), (238.4, 126.4), (238.4, 126.4), (238.4, 126.4), (238.4, 141.3), (238.4, 156.3), (236.5, 171.2), (223.5, 180.5), (223.5, 180.5), (223.5, 180.5), (223.5, 180.5), (223.5, 180.5), (223.5, 180.5), (223.5, 180.5), (223.5, 180.5), (223.5, 180.5), (223.5, 180.5), (223.5, 180.5), (223.5, 180.5), (223.5, 180.5), (223.5, 180.5), (223.5, 180.5), (223.5, 180.5), (223.5, 180.5), (223.5, 180.5), (223.5, 180.5), (223.5, 180.5), (223.5, 180.5), (223.5, 180.5), (223.5, 180.5), (223.5, 180.5), (223.5, 180.5), (223.5, 180.5), (223.5, 180.5), (223.5, 180.5), (223.5, 180.5), (223.5, 180.5), (223.5, 180.5), (223.5, 180.5), (223.5, 180.5), (223.5, 180.5), (223.5, 180.5), (223.5, 180.5), (223.5, 180.5), (223.5, 180.5), (223.5, 180.5), (223.5, 180.5), (223.5, 180.5), (223.5, 180.5), (223.5, 180.5), (223.5, 180.5), (223.5, 180.5), (223.5, 180.5)]",0,0,18.5
experienced,bomberman,7,Bomb,19,0,12.89,0.409,"[(48.0, 48.0), (62.9, 44.3), (77.9, 51.7), (98.4, 51.7), (113.3, 57.3), (115.2, 61.1), (115.2, 64.8), (115.2, 62.9), (115.2, 61.1), (115.2, 64.8), (115.2, 62.9), (115.2, 61.1), (115.2, 64.8), (115.2, 62.9), (115.2, 61.1), (115.2, 64.8), (115.2, 62.9), (115.2, 61.1), (115.2, 64.8), (115.2, 62.9), (115.2, 61.1), (115.2, 64.8), (115.2, 62.9), (115.2, 61.1), (115.2, 64.8), (115.2, 62.9), (115.2, 61.1), (115.2, 64.8), (115.2, 53.6), (128.3, 44.3), (143.2, 51.7), (165.6, 51.7), (180.5, 61.1), (180.5, 76.0), (180.5, 96.5), (182.4, 111.5), (197.3, 115.2), (214.1, 115.2), (234.7, 115.2), (242.1, 128.3), (238.4, 128.3), (236.5, 126.4), (236.5, 128.3), (238.4, 128.3), (236.5, 126.4), (236.5, 128.3), (238.4, 128.3), (236.5, 126.4), (236.5, 128.3), (238.4, 128.3), (236.5, 126.4), (236.5, 128.3), (238.4, 128.3), (236.5, 126.4), (236.5, 128.3), (238.4, 128.3), (236.5, 126.4), (236.5, 128.3), (238.4, 128.3), (236.5, 126.4), (236.5, 128.3), (238.4, 128.3), (236.5, 126.4), (236.5, 128.3), (238.4, 128.3), (236.5, 126.4), (236.5, 128.3), (238.4, 128.3), (236.5, 126.4), (236.5, 126.4), (236.5, 126.4), (236.5, 126.4), (236.5, 126.4), (236.5, 126.4), (236.5, 126.4), (236.5, 126.4), (236.5, 128.3), (238.4, 128.3), (236.5, 126.4), (236.5, 128.3), (238.4, 128.3), (236.5, 126.4), (236.5, 128.3), (236.5, 128.3), (236.5, 128.3), (236.5, 128.3), (236.5, 128.3), (236.5, 128.3), (236.5, 128.3), (236.5, 128.3), (238.4, 128.3), (236.5, 126.4), (236.5, 128.3), (238.4, 128.3), (236.5, 126.4), (236.5, 126.4), (236.5, 126.4), (236.5, 126.4)]",0,0,13.03
experienced,bomberman,7,Enemy,1,0,112.0,0.409,"[(48.0, 48.0), (62.9, 44.3), (77.9, 44.3), (92.8, 44.3), (107.7, 44.3), (122.7, 44.3), (137.6, 44.3), (152.5, 44.3), (167.5, 44.3), (182.4, 44.3), (197.3, 44.3), (212.3, 44.3), (227.2, 44.3), (242.1, 44.3), (257.1, 44.3), (272.0, 44.3), (286.9, 44.3), (301.9, 44.3), (316.8, 44.3)]",0,0,2.52
experienced,bomberman,7,Enemy,2,0,112.0,0.409,"[(48.0, 48.0), (62.9, 44.3), (77.9, 44.3), (92.8, 44.3), (107.7, 44.3), (122.7, 44.3), (137.6, 44.3), (152.5, 44.3), (167.5, 44.3), (182.4, 44.3), (197.3, 44.3), (212.3, 44.3), (227.2, 44.3), (242.1, 44.3), (257.1, 44.3), (272.0, 44.3), (286.9, 44.3), (301.9, 44.3), (316.8, 44.3)]",0,0,2.52
experienced,bomberman,7,Bomb,17,0,13.03,0.409,"[(48.0, 48.0), (62.9, 44.3), (77.9, 51.7), (98.4, 51.7), (113.3, 57.3), (115.2, 61.1), (115.2, 64.8), (115.2, 62.9), (115.2, 61.1), (115.2, 64.8), (115.2, 62.9), (115.2, 61.1), (115.2, 64.8), (115.2, 62.9), (115.2, 61.1), (115.2, 64.8), (115.2, 62.9), (115.2, 61.1), (115.2, 64.8), (115.2, 62.9), (115.2, 61.1), (115.2, 64.8), (115.2, 62.9), (115.2, 61.1), (115.2, 64.8), (115.2, 62.9), (115.2, 61.1), (115.2, 64.8), (115.2, 53.6), (128.3, 49.9), (143.2, 51.7), (165.6, 51.7), (180.5, 61.1), (180.5, 76.0), (180.5, 96.5), (182.4, 111.5), (197.3, 115.2), (214.1, 115.2), (234.7, 115.2), (242.1, 126.4), (242.1, 126.4), (242.1, 126.4), (242.1, 126.4), (242.1, 126.4), (242.1, 126.4), (242.1, 126.4), (242.1, 126.4), (236.5, 128.3), (236.5, 128.3), (236.5, 128.3), (236.5, 128.3), (236.5, 128.3), (236.5, 128.3), (236.5, 128.3), (238.4, 126.4), (238.4, 126.4), (238.4, 126.4), (238.4, 126.4), (236.5, 128.3), (238.4, 128.3), (236.5, 126.4), (236.5, 128.3), (238.4, 128.3), (236.5, 126.4), (236.5, 128.3), (238.4, 128.3), (236.5, 126.4), (236.5, 128.3), (238.4, 128.3), (236.5, 126.4), (236.5, 128.3), (238.4, 128.3), (236.5, 126.4), (236.5, 128.3), (238.4, 128.3), (236.5, 126.4), (236.5, 128.3), (238.4, 128.3), (236.5, 126.4), (236.5, 128.3), (238.4, 128.3), (236.5, 126.4), (236.5, 128.3), (238.4, 128.3), (236.5, 126.4), (236.5, 128.3), (238.4, 128.3), (236.5, 126.4), (236.5, 128.3), (238.4, 128.3), (236.5, 126.4), (236.5, 128.3), (238.4, 128.3), (236.5, 126.4), (236.5, 128.3), (238.4, 126.4), (238.4, 126.4), (238.4, 126.4)]",0,0,13.03
experienced,bomberman,7,Bomb,1,0,14.78,0.136,"[(48.0, 48.0), (62.9, 44.3), (77.9, 51.7), (98.4, 51.7), (113.3, 57.3), (115.2, 61.1), (115.2, 64.8), (115.2, 62.9), (115.2, 61.1), (115.2, 64.8), (115.2, 62.9), (115.2, 61.1), (115.2, 64.8), (115.2, 62.9), (115.2, 61.1), (115.2, 64.8), (115.2, 62.9), (115.2, 61.1), (115.2, 64.8), (115.2, 62.9), (115.2, 61.1), (115.2, 64.8), (115.2, 62.9), (115.2, 61.1), (115.2, 64.8), (115.2, 62.9), (115.2, 61.1), (115.2, 64.8), (115.2, 62.9), (115.2, 61.1), (115.2, 64.8), (115.2, 62.9)]",0,0,4.17
experienced,bomberman,7,Bomb,107,0,13.57,0.409,"[(48.0, 48.0), (62.9, 44.3), (77.9, 51.7), (98.4, 51.7), (113.3, 57.3), (115.2, 61.1), (115.2, 64.8), (115.2, 62.9), (115.2, 61.1), (115.2, 64.8), (115.2, 62.9), (115.2, 61.1), (115.2, 64.8), (115.2, 62.9), (115.2, 61.1), (115.2, 64.8), (115.2, 62.9), (115.2, 61.1), (115.2, 64.8), (115.2, 62.9), (115.2, 61.1), (115.2, 64.8), (115.2, 62.9), (115.2, 61.1), (115.2, 64.8), (115.2, 62.9), (115.2, 61.1), (115.2, 64.8), (115.2, 62.9), (115.2, 61.1), (115.2, 64.8), (115.2, 62.9), (115.2, 62.9), (115.2, 62.9), (115.2, 61.1), (115.2, 64.8), (115.2, 62.9), (115.2, 61.1), (115.2, 64.8), (115.2, 62.9), (117.1, 49.9), (132.0, 48.0), (146.9, 51.7), (169.3, 51.7), (180.5, 64.8), (180.5, 79.7), (180.5, 100.3), (186.1, 115.2), (201.1, 115.2), (221.6, 115.2), (238.4, 118.9), (238.4, 128.3), (236.5, 126.4), (236.5, 128.3), (238.4, 128.3), (236.5, 126.4), (236.5, 128.3), (238.4, 128.3), (236.5, 126.4), (236.5, 128.3), (238.4, 128.3), (236.5, 126.4), (236.5, 128.3), (238.4, 128.3), (236.5, 126.4), (236.5, 128.3), (238.4, 128.3), (236.5, 126.4), (236.5, 128.3), (236.5, 124.5), (238.4, 126.4), (240.3, 128.3), (238.4, 128.3), (236.5, 126.4), (238.4, 128.3), (236.5, 126.4), (236.5, 126.4), (236.5, 126.4), (236.5, 126.4), (236.5, 126.4), (236.5, 126.4), (236.5, 126.4), (236.5, 126.4), (236.5, 128.3), (238.4, 128.3), (236.5, 126.4), (236.5, 128.3), (238.4, 128.3), (236.5, 126.4), (236.5, 128.3), (238.4, 128.3), (240.3, 128.3), (240.3, 128.3), (240.3, 128.3)]",0,0,12.52
experienced,bomberman,7,Bomb,4,0,13.54,0.409,"[(48.0, 48.0), (62.9, 44.3), (77.9, 46.1), (92.8, 46.1), (107.7, 51.7), (115.2, 61.1), (115.2, 64.8), (115.2, 62.9), (115.2, 61.1), (115.2, 64.8), (115.2, 62.9), (115.2, 61.1), (115.2, 64.8), (115.2, 62.9), (115.2, 61.1), (115.2, 64.8), (115.2, 62.9), (115.2, 61.1), (115.2, 64.8), (115.2, 62.9), (115.2, 61.1), (115.2, 64.8), (115.2, 62.9), (115.2, 61.1), (115.2, 64.8), (115.2, 62.9), (115.2, 61.1), (115.2, 64.8), (115.2, 53.6), (128.3, 49.9), (143.2, 51.7), (165.6, 51.7), (180.5, 61.1), (180.5, 76.0), (180.5, 96.5), (182.4, 111.5), (197.3, 115.2), (214.1, 115.2), (234.7, 115.2), (242.1, 128.3), (238.4, 128.3), (238.4, 128.3), (238.4, 128.3), (238.4, 128.3), (238.4, 128.3), (238.4, 128.3), (238.4, 128.3), (236.5, 128.3), (238.4, 128.3), (236.5, 126.4), (236.5, 128.3), (238.4, 128.3), (236.5, 126.4), (236.5, 128.3), (238.4, 128.3), (236.5, 126.4), (236.5, 128.3), (238.4, 128.3), (236.5, 126.4), (236.5, 128.3), (238.4, 128.3), (236.5, 126.4), (236.5, 128.3), (238.4, 128.3), (236.5, 126.4), (236.5, 128.3), (238.4, 128.3), (238.4, 128.3), (238.4, 128.3), (238.4, 128.3), (238.4, 128.3), (238.4, 128.3), (238.4, 128.3), (238.4, 128.3), (238.4, 128.3), (238.4, 128.3), (238.4, 128.3), (238.4, 128.3), (238.4, 128.3), (238.4, 128.3), (238.4, 128.3), (238.4, 128.3), (238.4, 128.3), (238.4, 128.3), (238.4, 128.3), (238.4, 128.3), (238.4, 128.3), (238.4, 128.3), (238.4, 128.3), (238.4, 128.3), (238.4, 128.3), (238.4, 128.3), (238.4, 128.3), (238.4, 128.3), (238.4, 128.3), (238.4, 128.3), (238.4, 128.3)]",0,0,12.82
experienced,bomberman,7,Stuck,2,0,12.34,0.409,"[(48.0, 48.0), (62.9, 44.3), (77.9, 51.7), (98.4, 51.7), (113.3, 57.3), (115.2, 61.1), (115.2, 64.8), (115.2, 62.9), (115.2, 61.1), (115.2, 64.8), (115.2, 62.9), (115.2, 61.1), (115.2, 64.8), (115.2, 62.9), (115.2, 61.1), (115.2, 64.8), (115.2, 62.9), (115.2, 61.1), (115.2, 64.8), (115.2, 62.9), (115.2, 61.1), (115.2, 64.8), (115.2, 62.9), (115.2, 61.1), (115.2, 64.8), (115.2, 62.9), (115.2, 61.1), (115.2, 64.8), (115.2, 53.6), (128.3, 44.3), (143.2, 51.7), (165.6, 51.7), (180.5, 61.1), (180.5, 76.0), (180.5, 96.5), (182.4, 111.5), (197.3, 115.2), (214.1, 115.2), (234.7, 115.2), (242.1, 126.4), (236.5, 126.4), (236.5, 128.3), (238.4, 128.3), (236.5, 126.4), (236.5, 128.3), (238.4, 128.3), (236.5, 126.4), (236.5, 128.3), (238.4, 128.3), (236.5, 126.4), (236.5, 128.3), (238.4, 128.3), (236.5, 126.4), (236.5, 128.3), (238.4, 128.3), (236.5, 126.4), (236.5, 128.3), (238.4, 128.3), (236.5, 126.4), (236.5, 128.3), (238.4, 128.3), (236.5, 126.4), (236.5, 128.3), (238.4, 128.3), (236.5, 126.4), (236.5, 128.3), (238.4, 128.3), (236.5, 126.4), (236.5, 128.3), (238.4, 128.3), (236.5, 126.4), (236.5, 128.3), (238.4, 128.3), (236.5, 126.4), (236.5, 128.3), (238.4, 128.3), (236.5, 126.4), (236.5, 128.3), (238.4, 128.3), (236.5, 126.4), (236.5, 128.3), (238.4, 128.3), (236.5, 126.4), (236.5, 128.3), (238.4, 128.3), (236.5, 126.4), (236.5, 128.3), (238.4, 128.3), (236.5, 126.4), (236.5, 128.3), (238.4, 128.3), (236.5, 126.4), (236.5, 128.3), (238.4, 128.3), (236.5, 126.4), (236.5, 128.3), (238.4, 128.3), (236.5, 126.4), (236.5, 128.3), (238.4, 128.3), (236.5, 126.4), (236.5, 128.3), (238.4, 128.3)]",0,0,13.62
experienced,bomberman,7,Bomb,1,0,14.84,0.136,"[(48.0, 48.0), (62.9, 44.3), (77.9, 51.7), (98.4, 51.7), (113.3, 57.3), (115.2, 61.1), (115.2, 64.8), (115.2, 62.9), (115.2, 61.1), (115.2, 64.8), (115.2, 62.9), (115.2, 61.1), (115.2, 64.8), (115.2, 62.9), (115.2, 61.1), (115.2, 64.8), (115.2, 62.9), (115.2, 61.1), (115.2, 64.8), (115.2, 62.9), (115.2, 61.1), (115.2, 64.8), (115.2, 62.9), (115.2, 61.1), (115.2, 64.8), (115.2, 62.9), (115.2, 61.1), (115.2, 64.8), (115.2, 61.1), (115.2, 61.1), (115.2, 61.1), (115.2, 61.1)]",0,0,4.15
experienced,bomberman,7,Bomb,4,0,13.54,0.409,"[(48.0, 48.0), (62.9, 44.3), (77.9, 46.1), (92.8, 46.1), (107.7, 51.7), (115.2, 61.1), (115.2, 64.8), (115.2, 62.9), (115.2, 61.1), (115.2, 64.8), (115.2, 62.9), (115.2, 61.1), (115.2, 64.8), (115.2, 62.9), (115.2, 61.1), (115.2, 64.8), (115.2, 62.9), (115.2, 61.1), (115.2, 64.8), (115.2, 62.9), (115.2, 61.1), (115.2, 64.8), (115.2, 62.9), (115.2, 61.1), (115.2, 64.8), (115.2, 62.9), (115.2, 61.1), (115.2, 64.8), (115.2, 53.6), (128.3, 49.9), (143.2, 51.7), (165.6, 51.7), (180.5, 61.1), (180.5, 76.0), (180.5, 96.5), (182.4, 111.5), (197.3, 115.2), (214.1, 115.2), (234.7, 115.2), (242.1, 128.3), (238.4, 128.3), (238.4, 128.3), (238.4, 128.3), (238.4, 128.3), (238.4, 128.3), (238.4, 128.3), (238.4, 128.3), (236.5, 128.3), (238.4, 128.3), (236.5, 126.4), (236.5, 128.3), (238.4, 128.3), (236.5, 126.4), (236.5, 128.3), (238.4, 128.3), (236.5, 126.4), (236.5, 128.3), (238.4, 128.3), (236.5, 126.4), (236.5, 128.3), (238.4, 128.3), (236.5, 126.4), (236.5, 128.3), (238.4, 128.3), (236.5, 126.4), (236.5, 128.3), (238.4, 128.3), (238.4, 128.3), (238.4, 128.3), (238.4, 128.3), (238.4, 128.3), (238.4, 128.3), (238.4, 128.3), (238.4, 128.3), (238.4, 128.3), (238.4, 128.3), (238.4, 128.3), (238.4, 128.3), (238.4, 128.3), (238.4, 128.3), (238.4, 128.3), (238.4, 128.3), (238.4, 128.3), (238.4, 128.3), (238.4, 128.3), (238.4, 128.3), (238.4, 128.3), (238.4, 128.3), (238.4, 128.3), (238.4, 128.3), (238.4, 128.3), (238.4, 128.3), (238.4, 128.3), (238.4, 128.3), (238.4, 128.3), (238.4, 128.3), (238.4, 128.3)]",0,0,12.82
experienced,bomberman,7,Bomb,107,0,13.57,0.409,"[(48.0, 48.0), (62.9, 44.3), (77.9, 51.7), (98.4, 51.7), (113.3, 57.3), (115.2, 61.1), (115.2, 64.8), (115.2, 62.9), (115.2, 61.1), (115.2, 64.8), (115.2, 62.9), (115.2, 61.1), (115.2, 64.8), (115.2, 62.9), (115.2, 61.1), (115.2, 64.8), (115.2, 62.9), (115.2, 61.1), (115.2, 64.8), (115.2, 62.9), (115.2, 61.1), (115.2, 64.8), (115.2, 62.9), (115.2, 61.1), (115.2, 64.8), (115.2, 62.9), (115.2, 61.1), (115.2, 64.8), (115.2, 62.9), (115.2, 61.1), (115.2, 64.8), (115.2, 62.9), (115.2, 62.9), (115.2, 62.9), (115.2, 61.1), (115.2, 64.8), (115.2, 62.9), (115.2, 61.1), (115.2, 64.8), (115.2, 62.9), (117.1, 49.9), (132.0, 48.0), (146.9, 51.7), (169.3, 51.7), (180.5, 64.8), (180.5, 79.7), (180.5, 100.3), (186.1, 115.2), (201.1, 115.2), (221.6, 115.2), (238.4, 118.9), (238.4, 128.3), (236.5, 126.4), (236.5, 128.3), (238.4, 128.3), (236.5, 126.4), (236.5, 128.3), (238.4, 128.3), (236.5, 126.4), (236.5, 128.3), (238.4, 128.3), (236.5, 126.4), (236.5, 128.3), (238.4, 128.3), (236.5, 126.4), (236.5, 128.3), (238.4, 128.3), (236.5, 126.4), (236.5, 128.3), (236.5, 124.5), (238.4, 126.4), (240.3, 128.3), (238.4, 128.3), (236.5, 126.4), (238.4, 128.3), (236.5, 126.4), (236.5, 126.4), (236.5, 126.4), (236.5, 126.4), (236.5, 126.4), (236.5, 126.4), (236.5, 126.4), (236.5, 126.4), (236.5, 128.3), (238.4, 128.3), (236.5, 126.4), (236.5, 128.3), (238.4, 128.3), (236.5, 126.4), (236.5, 128.3), (238.4, 128.3), (240.3, 128.3), (240.3, 128.3), (240.3, 128.3)]",0,0,12.52
experienced,bomberman,7,Stuck,17,0,8.37,0.455,"[(48.0, 48.0), (62.9, 44.3), (77.9, 51.7), (98.4, 51.7), (113.3, 57.3), (115.2, 61.1), (115.2, 64.8), (115.2, 62.9), (115.2, 61.1), (115.2, 64.8), (115.2, 62.9), (115.2, 61.1), (115.2, 64.8), (115.2, 62.9), (115.2, 61.1), (115.2, 64.8), (115.2, 62.9), (115.2, 61.1), (115.2, 64.8), (115.2, 62.9), (115.2, 61.1), (115.2, 64.8), (115.2, 62.9), (115.2, 61.1), (115.2, 64.8), (115.2, 62.9), (115.2, 61.1), (115.2, 64.8), (115.2, 53.6), (128.3, 44.3), (143.2, 51.7), (165.6, 51.7), (180.5, 61.1), (180.5, 76.0), (180.5, 96.5), (182.4, 111.5), (197.3, 115.2), (214.1, 115.2), (234.7, 115.2), (242.1, 128.3), (238.4, 128.3), (238.4, 128.3), (238.4, 128.3), (238.4, 128.3), (238.4, 128.3), (238.4, 128.3), (238.4, 128.3), (236.5, 128.3), (238.4, 128.3), (236.5, 126.4), (236.5, 128.3), (238.4, 128.3), (236.5, 126.4), (236.5, 128.3), (236.5, 126.4), (236.5, 126.4), (236.5, 126.4), (236.5, 126.4), (236.5, 126.4), (236.5, 128.3), (238.4, 128.3), (236.5, 126.4), (236.5, 128.3), (238.4, 128.3), (236.5, 126.4), (236.5, 128.3), (238.4, 128.3), (236.5, 126.4), (236.5, 126.4), (236.5, 126.4), (236.5, 126.4), (236.5, 126.4), (236.5, 126.4), (236.5, 126.4), (236.5, 126.4), (236.5, 128.3), (236.5, 128.3), (236.5, 128.3), (236.5, 128.3), (236.5, 128.3), (236.5, 128.3), (236.5, 128.3), (236.5, 128.3), (238.4, 126.4), (238.4, 126.4), (238.4, 126.4), (238.4, 126.4), (238.4, 126.4), (238.4, 126.4), (238.4, 126.4), (238.4, 141.3), (238.4, 156.3), (236.5, 171.2), (223.5, 180.5), (223.5, 180.5), (223.5, 180.5), (223.5, 180.5), (223.5, 180.5), (223.5, 180.5), (223.5, 180.5), (223.5, 180.5), (223.5, 180.5), (223.5, 180.5), (223.5, 180.5), (223.5, 180.5), (223.5, 180.5), (223.5, 180.5), (223.5, 180.5), (223.5, 180.5), (223.5, 180.5), (223.5, 180.5), (223.5, 180.5), (223.5, 180.5), (223.5, 180.5), (223.5, 180.5), (223.5, 180.5), (223.5, 180.5), (223.5, 180.5), (223.5, 180.5), (223.5, 180.5), (223.5, 180.5), (223.5, 180.5), (223.5, 180.5), (223.5, 180.5), (223.5, 180.5), (223.5, 180.5), (223.5, 180.5), (223.5, 180.5), (223.5, 180.5), (223.5, 180.5), (223.5, 180.5), (223.5, 180.5), (223.5, 180.5), (223.5, 180.5), (223.5, 180.5), (223.5, 180.5), (223.5, 180.5), (223.5, 180.5), (223.5, 180.5)]",0,0,18.5
experienced,bomberman,7,Stuck,2,0,12.34,0.409,"[(48.0, 48.0), (62.9, 44.3), (77.9, 51.7), (98.4, 51.7), (113.3, 57.3), (115.2, 61.1), (115.2, 64.8), (115.2, 62.9), (115.2, 61.1), (115.2, 64.8), (115.2, 62.9), (115.2, 61.1), (115.2, 64.8), (115.2, 62.9), (115.2, 61.1), (115.2, 64.8), (115.2, 62.9), (115.2, 61.1), (115.2, 64.8), (115.2, 62.9), (115.2, 61.1), (115.2, 64.8), (115.2, 62.9), (115.2, 61.1), (115.2, 64.8), (115.2, 62.9), (115.2, 61.1), (115.2, 64.8), (115.2, 53.6), (128.3, 44.3), (143.2, 51.7), (165.6, 51.7), (180.5, 61.1), (180.5, 76.0), (180.5, 96.5), (182.4, 111.5), (197.3, 115.2), (214.1, 115.2), (234.7, 115.2), (242.1, 126.4), (236.5, 126.4), (236.5, 128.3), (238.4, 128.3), (236.5, 126.4), (236.5, 128.3), (238.4, 128.3), (236.5, 126.4), (236.5, 128.3), (238.4, 128.3), (236.5, 126.4), (236.5, 128.3), (238.4, 128.3), (236.5, 126.4), (236.5, 128.3), (238.4, 128.3), (236.5, 126.4), (236.5, 128.3), (238.4, 128.3), (236.5, 126.4), (236.5, 128.3), (238.4, 128.3), (236.5, 126.4), (236.5, 128.3), (238.4, 128.3), (236.5, 126.4), (236.5, 128.3), (238.4, 128.3), (236.5, 126.4), (236.5, 128.3), (238.4, 128.3), (236.5, 126.4), (236.5, 128.3), (238.4, 128.3), (236.5, 126.4), (236.5, 128.3), (238.4, 128.3), (236.5, 126.4), (236.5, 128.3), (238.4, 128.3), (236.5, 126.4), (236.5, 128.3), (238.4, 128.3), (236.5, 126.4), (236.5, 128.3), (238.4, 128.3), (236.5, 126.4), (236.5, 128.3), (238.4, 128.3), (236.5, 126.4), (236.5, 128.3), (238.4, 128.3), (236.5, 126.4), (236.5, 128.3), (238.4, 128.3), (236.5, 126.4), (236.5, 128.3), (238.4, 128.3), (236.5, 126.4), (236.5, 128.3), (238.4, 128.3), (236.5, 126.4), (236.5, 128.3), (238.4, 128.3)]",0,0,13.62
experienced,bomberman,7,Bomb,31,0,19.2,0.455,"[(48.0, 48.0), (62.9, 44.3), (77.9, 51.7), (98.4, 49.9), (113.3, 44.3), (128.3, 44.3), (143.2, 51.7), (165.6, 51.7), (180.5, 61.1), (180.5, 76.0), (180.5, 96.5), (182.4, 111.5), (193.6, 115.2), (193.6, 115.2), (193.6, 115.2), (193.6, 115.2), (193.6, 115.2), (193.6, 115.2), (193.6, 115.2), (193.6, 115.2), (193.6, 115.2), (193.6, 115.2), (193.6, 115.2), (193.6, 115.2), (193.6, 115.2), (193.6, 115.2), (208.5, 115.2), (230.9, 115.2), (244.0, 126.4), (242.1, 126.4), (242.1, 126.4), (242.1, 126.4), (236.5, 141.3), (238.4, 126.4), (238.4, 126.4), (238.4, 128.3), (236.5, 126.4), (236.5, 128.3), (238.4, 128.3), (236.5, 126.4), (236.5, 139.5), (236.5, 160.0), (232.8, 176.8), (225.3, 180.5), (225.3, 180.5), (225.3, 180.5), (225.3, 180.5), (225.3, 180.5), (225.3, 180.5), (225.3, 180.5), (225.3, 180.5), (225.3, 180.5), (225.3, 180.5), (225.3, 180.5), (225.3, 180.5), (225.3, 180.5), (225.3, 180.5), (225.3, 180.5), (225.3, 180.5), (225.3, 180.5), (225.3, 180.5), (225.3, 180.5)]",0,0,8.17
experienced,bomberman,7,Bomb,67,0,13.69,0.318,"[(48.0, 48.0), (62.9, 44.3), (77.9, 51.7), (98.4, 51.7), (113.3, 57.3), (115.2, 72.3), (115.2, 89.1), (115.2, 107.7), (128.3, 115.2), (143.2, 115.2), (165.6, 115.2), (180.5, 124.5), (174.9, 128.3), (173.1, 126.4), (173.1, 128.3), (174.9, 128.3), (173.1, 126.4), (173.1, 128.3), (174.9, 128.3), (173.1, 126.4), (173.1, 128.3), (174.9, 128.3), (173.1, 126.4), (173.1, 128.3), (174.9, 128.3), (173.1, 126.4), (173.1, 128.3), (174.9, 128.3), (173.1, 126.4), (173.1, 128.3), (174.9, 128.3), (173.1, 126.4), (173.1, 128.3), (174.9, 128.3), (173.1, 126.4), (173.1, 128.3), (174.9, 128.3), (173.1, 126.4), (173.1, 128.3), (174.9, 128.3), (173.1, 126.4), (173.1, 128.3), (174.9, 128.3), (173.1, 126.4), (173.1, 128.3), (174.9, 128.3), (173.1, 126.4), (173.1, 128.3), (174.9, 128.3), (173.1, 126.4), (173.1, 128.3), (174.9, 128.3), (173.1, 126.4), (173.1, 128.3), (174.9, 128.3), (173.1, 126.4), (173.1, 128.3), (174.9, 128.3), (173.1, 126.4), (173.1, 128.3), (174.9, 128.3), (173.1, 126.4)]",0,0,8.18
experienced,bomberman,7,Bomb,1,0,14.78,0.136,"[(48.0, 48.0), (62.9, 44.3), (77.9, 51.7), (98.4, 51.7), (113.3, 57.3), (115.2, 61.1), (115.2, 64.8), (115.2, 62.9), (115.2, 61.1), (115.2, 64.8), (115.2, 62.9), (115.2, 61.1), (115.2, 64.8), (115.2, 62.9), (115.2, 61.1), (115.2, 64.8), (115.2, 62.9), (115.2, 61.1), (115.2, 64.8), (115.2, 62.9), (115.2, 61.1), (115.2, 64.8), (115.2, 62.9), (115.2, 61.1), (115.2, 64.8), (115.2, 62.9), (115.2, 61.1), (115.2, 64.8), (115.2, 62.9), (115.2, 61.1), (115.2, 64.8), (115.2, 62.9)]",0,0,4.17
experienced,bomberman,7,Bomb,1,0,-0.93,0.0,"[(48.0, 48.0), (44.3, 44.3), (44.3, 44.3), (44.3, 44.3), (44.3, 44.3), (44.3, 44.3), (44.3, 44.3), (44.3, 44.3), (44.3, 44.3), (44.3, 44.3), (44.3, 44.3), (44.3, 44.3), (44.3, 44.3), (44.3, 44.3), (44.3, 44.3), (44.3, 44.3), (44.3, 44.3), (44.3, 44.3), (44.3, 44.3), (44.3, 44.3), (44.3, 44.3), (44.3, 44.3), (44.3, 44.3), (44.3, 44.3), (44.3, 44.3), (44.3, 44.3), (44.3, 44.3), (44.3, 44.3), (44.3, 44.3), (44.3, 44.3), (44.3, 44.3)]",0,0,4.02
experienced,bomberman,7,Bomb,219,0,18.82,0.5,"[(48.0, 48.0), (62.9, 44.3), (77.9, 51.7), (98.4, 49.9), (113.3, 44.3), (128.3, 44.3), (143.2, 51.7), (165.6, 51.7), (180.5, 61.1), (180.5, 64.8), (180.5, 62.9), (180.5, 61.1), (180.5, 64.8), (180.5, 62.9), (180.5, 61.1), (180.5, 64.8), (180.5, 62.9), (180.5, 61.1), (180.5, 64.8), (180.5, 62.9), (180.5, 61.1), (180.5, 64.8), (180.5, 62.9), (180.5, 61.1), (180.5, 64.8), (180.5, 62.9), (184.3, 48.0), (199.2, 51.7), (217.9, 51.7), (236.5, 53.6), (244.0, 64.8), (244.0, 79.7), (244.0, 94.7), (244.0, 109.6), (255.2, 115.2), (255.2, 115.2), (255.2, 115.2), (255.2, 115.2), (255.2, 115.2), (255.2, 115.2), (266.4, 115.2), (286.9, 115.2), (301.9, 118.9), (305.6, 126.4), (305.6, 126.4), (305.6, 126.4), (305.6, 126.4), (305.6, 126.4), (305.6, 126.4), (305.6, 126.4), (305.6, 126.4), (305.6, 126.4), (305.6, 126.4), (305.6, 126.4), (305.6, 126.4), (305.6, 126.4), (305.6, 126.4), (307.5, 126.4), (307.5, 126.4), (307.5, 126.4), (307.5, 126.4), (307.5, 126.4), (307.5, 126.4), (307.5, 126.4), (307.5, 126.4), (307.5, 126.4), (307.5, 126.4), (307.5, 126.4), (307.5, 126.4), (307.5, 126.4), (307.5, 126.4), (307.5, 126.4), (307.5, 126.4), (307.5, 126.4), (307.5, 126.4), (307.5, 126.4), (307.5, 126.4), (307.5, 126.4), (307.5, 126.4), (307.5, 126.4), (307.5, 126.4), (307.5, 126.4), (307.5, 126.4), (307.5, 126.4), (307.5, 126.4), (307.5, 126.4), (307.5, 126.4), (301.9, 126.4), (300.0, 126.4), (300.0, 124.5), (300.0, 128.3)]",0,0,12.0
experienced,bomberman,7,Enemy,2,0,6.93,0.136,"[(48.0, 48.0), (62.9, 44.3), (77.9, 51.7), (98.4, 51.7), (113.3, 57.3), (115.2, 61.1), (115.2, 64.8), (115.2, 62.9), (115.2, 61.1), (115.2, 64.8), (115.2, 62.9), (115.2, 61.1), (115.2, 64.8), (115.2, 62.9), (115.2, 61.1), (115.2, 64.8), (115.2, 62.9), (115.2, 61.1), (115.2, 64.8), (115.2, 62.9), (115.2, 61.1), (115.2, 64.8), (115.2, 62.9), (115.2, 61.1), (115.2, 64.8), (115.2, 62.9), (115.2, 61.1), (115.2, 64.8), (115.2, 62.9), (115.2, 61.1), (115.2, 64.8), (115.2, 62.9), (115.2, 61.1), (115.2, 61.1), (115.2, 62.9), (115.2, 61.1), (115.2, 64.8), (115.2, 62.9), (115.2, 61.1), (115.2, 64.8), (115.2, 62.9), (115.2, 62.9), (115.2, 62.9), (115.2, 62.9), (115.2, 62.9), (115.2, 62.9), (115.2, 62.9), (115.2, 64.8), (115.2, 62.9), (115.2, 61.1), (115.2, 64.8), (115.2, 62.9), (115.2, 61.1), (115.2, 64.8), (115.2, 62.9), (115.2, 61.1), (115.2, 64.8), (115.2, 62.9), (115.2, 61.1), (115.2, 64.8), (115.2, 62.9), (115.2, 61.1), (115.2, 64.8), (115.2, 62.9), (115.2, 61.1), (115.2, 64.8), (115.2, 62.9)]",0,0,8.88
experienced,bomberman,7,Bomb,107,0,13.57,0.409,"[(48.0, 48.0), (62.9, 44.3), (77.9, 51.7), (98.4, 51.7), (113.3, 57.3), (115.2, 61.1), (115.2, 64.8), (115.2, 62.9), (115.2, 61.1), (115.2, 64.8), (115.2, 62.9), (115.2, 61.1), (115.2, 64.8), (115.2, 62.9), (115.2, 61.1), (115.2, 64.8), (115.2, 62.9), (115.2, 61.1), (115.2, 64.8), (115.2, 62.9), (115.2, 61.1), (115.2, 64.8), (115.2, 62.9), (115.2, 61.1), (115.2, 64.8), (115.2, 62.9), (115.2, 61.1), (115.2, 64.8), (115.2, 62.9), (115.2, 61.1), (115.2, 64.8), (115.2, 62.9), (115.2, 62.9), (115.2, 62.9), (115.2, 61.1), (115.2, 64.8), (115.2, 62.9), (115.2, 61.1), (115.2, 64.8), (115.2, 62.9), (117.1, 49.9), (132.0, 48.0), (146.9, 51.7), (169.3, 51.7), (180.5, 64.8), (180.5, 79.7), (180.5, 100.3), (186.1, 115.2), (201.1, 115.2), (221.6, 115.2), (238.4, 118.9), (238.4, 128.3), (236.5, 126.4), (236.5, 128.3), (238.4, 128.3), (236.5, 126.4), (236.5, 128.3), (238.4, 128.3), (236.5, 126.4), (236.5, 128.3), (238.4, 128.3), (236.5, 126.4), (236.5, 128.3), (238.4, 128.3), (236.5, 126.4), (236.5, 128.3), (238.4, 128.3), (236.5, 126.4), (236.5, 128.3), (236.5, 124.5), (238.4, 126.4), (240.3, 128.3), (238.4, 128.3), (236.5, 126.4), (238.4, 128.3), (236.5, 126.4), (236.5, 126.4), (236.5, 126.4), (236.5, 126.4), (236.5, 126.4), (236.5, 126.4), (236.5, 126.4), (236.5, 126.4), (236.5, 128.3), (238.4, 128.3), (236.5, 126.4), (236.5, 128.3), (238.4, 128.3), (236.5, 126.4), (236.5, 128.3), (238.4, 128.3), (240.3, 128.3), (240.3, 128.3), (240.3, 128.3)]",0,0,12.52
experienced,bomberman,7,Bomb,4,0,13.54,0.409,"[(48.0, 48.0), (62.9, 44.3), (77.9, 46.1), (92.8, 46.1), (107.7, 51.7), (115.2, 61.1), (115.2, 64.8), (115.2, 62.9), (115.2, 61.1), (115.2, 64.8), (115.2, 62.9), (115.2, 61.1), (115.2, 64.8), (115.2, 62.9), (115.2, 61.1), (115.2, 64.8), (115.2, 62.9), (115.2, 61.1), (115.2, 64.8), (115.2, 62.9), (115.2, 61.1), (115.2, 64.8), (115.2, 62.9), (115.2, 61.1), (115.2, 64.8), (115.2, 62.9), (115.2, 61.1), (115.2, 64.8), (115.2, 53.6), (128.3, 49.9), (143.2, 51.7), (165.6, 51.7), (180.5, 61.1), (180.5, 76.0), (180.5, 96.5), (182.4, 111.5), (197.3, 115.2), (214.1, 115.2), (234.7, 115.2), (242.1, 128.3), (238.4, 128.3), (238.4, 128.3), (238.4, 128.3), (238.4, 128.3), (238.4, 128.3), (238.4, 128.3), (238.4, 128.3), (236.5, 128.3), (238.4, 128.3), (236.5, 126.4), (236.5, 128.3), (238.4, 128.3), (236.5, 126.4), (236.5, 128.3), (238.4, 128.3), (236.5, 126.4), (236.5, 128.3), (238.4, 128.3), (236.5, 126.4), (236.5, 128.3), (238.4, 128.3), (236.5, 126.4), (236.5, 128.3), (238.4, 128.3), (236.5, 126.4), (236.5, 128.3), (238.4, 128.3), (238.4, 128.3), (238.4, 128.3), (238.4, 128.3), (238.4, 128.3), (238.4, 128.3), (238.4, 128.3), (238.4, 128.3), (238.4, 128.3), (238.4, 128.3), (238.4, 128.3), (238.4, 128.3), (238.4, 128.3), (238.4, 128.3), (238.4, 128.3), (238.4, 128.3), (238.4, 128.3), (238.4, 128.3), (238.4, 128.3), (238.4, 128.3), (238.4, 128.3), (238.4, 128.3), (238.4, 128.3), (238.4, 128.3), (238.4, 128.3), (238.4, 128.3), (238.4, 128.3), (238.4, 128.3), (238.4, 128.3), (238.4, 128.3), (238.4, 128.3)]",0,0,12.82
experienced,bomberman,7,Bomb,219,0,18.82,0.5,"[(48.0, 48.0), (62.9, 44.3), (77.9, 51.7), (98.4, 49.9), (113.3, 44.3), (128.3, 44.3), (143.2, 51.7), (165.6, 51.7), (180.5, 61.1), (180.5, 64.8), (180.5, 62.9), (180.5, 61.1), (180.5, 64.8), (180.5, 62.9), (180.5, 61.1), (180.5, 64.8), (180.5, 62.9), (180.5, 61.1), (180.5, 64.8), (180.5, 62.9), (180.5, 61.1), (180.5, 64.8), (180.5, 62.9), (180.5, 61.1), (180.5, 64.8), (180.5, 62.9), (184.3, 48.0), (199.2, 51.7), (217.9, 51.7), (236.5, 53.6), (244.0, 64.8), (244.0, 79.7), (244.0, 94.7), (244.0, 109.6), (255.2, 115.2), (255.2, 115.2), (255.2, 115.2), (255.2, 115.2), (255.2, 115.2), (255.2, 115.2), (266.4, 115.2), (286.9, 115.2), (301.9, 118.9), (305.6, 126.4), (305.6, 126.4), (305.6, 126.4), (305.6, 126.4), (305.6, 126.4), (305.6, 126.4), (305.6, 126.4), (305.6, 126.4), (305.6, 126.4), (305.6, 126.4), (305.6, 126.4), (305.6, 126.4), (305.6, 126.4), (305.6, 126.4), (307.5, 126.4), (307.5, 126.4), (307.5, 126.4), (307.5, 126.4), (307.5, 126.4), (307.5, 126.4), (307.5, 126.4), (307.5, 126.4), (307.5, 126.4), (307.5, 126.4), (307.5, 126.4), (307.5, 126.4), (307.5, 126.4), (307.5, 126.4), (307.5, 126.4), (307.5, 126.4), (307.5, 126.4), (307.5, 126.4), (307.5, 126.4), (307.5, 126.4), (307.5, 126.4), (307.5, 126.4), (307.5, 126.4), (307.5, 126.4), (307.5, 126.4), (307.5, 126.4), (307.5, 126.4), (307.5, 126.4), (307.5, 126.4), (307.5, 126.4), (301.9, 126.4), (300.0, 126.4), (300.0, 124.5), (300.0, 128.3)]",0,0,12.0
experienced,bomberman,7,Stuck,17,0,8.37,0.455,"[(48.0, 48.0), (62.9, 44.3), (77.9, 51.7), (98.4, 51.7), (113.3, 57.3), (115.2, 61.1), (115.2, 64.8), (115.2, 62.9), (115.2, 61.1), (115.2, 64.8), (115.2, 62.9), (115.2, 61.1), (115.2, 64.8), (115.2, 62.9), (115.2, 61.1), (115.2, 64.8), (115.2, 62.9), (115.2, 61.1), (115.2, 64.8), (115.2, 62.9), (115.2, 61.1), (115.2, 64.8), (115.2, 62.9), (115.2, 61.1), (115.2, 64.8), (115.2, 62.9), (115.2, 61.1), (115.2, 64.8), (115.2, 53.6), (128.3, 44.3), (143.2, 51.7), (165.6, 51.7), (180.5, 61.1), (180.5, 76.0), (180.5, 96.5), (182.4, 111.5), (197.3, 115.2), (214.1, 115.2), (234.7, 115.2), (242.1, 128.3), (238.4, 128.3), (238.4, 128.3), (238.4, 128.3), (238.4, 128.3), (238.4, 128.3), (238.4, 128.3), (238.4, 128.3), (236.5, 128.3), (238.4, 128.3), (236.5, 126.4), (236.5, 128.3), (238.4, 128.3), (236.5, 126.4), (236.5, 128.3), (236.5, 126.4), (236.5, 126.4), (236.5, 126.4), (236.5, 126.4), (236.5, 126.4), (236.5, 128.3), (238.4, 128.3), (236.5, 126.4), (236.5, 128.3), (238.4, 128.3), (236.5, 126.4), (236.5, 128.3), (238.4, 128.3), (236.5, 126.4), (236.5, 126.4), (236.5, 126.4), (236.5, 126.4), (236.5, 126.4), (236.5, 126.4), (236.5, 126.4), (236.5, 126.4), (236.5, 128.3), (236.5, 128.3), (236.5, 128.3), (236.5, 128.3), (236.5, 128.3), (236.5, 128.3), (236.5, 128.3), (236.5, 128.3), (238.4, 126.4), (238.4, 126.4), (238.4, 126.4), (238.4, 126.4), (238.4, 126.4), (238.4, 126.4), (238.4, 126.4), (238.4, 141.3), (238.4, 156.3), (236.5, 171.2), (223.5, 180.5), (223.5, 180.5), (223.5, 180.5), (223.5, 180.5), (223.5, 180.5), (223.5, 180.5), (223.5, 180.5), (223.5, 180.5), (223.5, 180.5), (223.5, 180.5), (223.5, 180.5), (223.5, 180.5), (223.5, 180.5), (223.5, 180.5), (223.5, 180.5), (223.5, 180.5), (223.5, 180.5), (223.5, 180.5), (223.5, 180.5), (223.5, 180.5), (223.5, 180.5), (223.5, 180.5), (223.5, 180.5), (223.5, 180.5), (223.5, 180.5), (223.5, 180.5), (223.5, 180.5), (223.5, 180.5), (223.5, 180.5), (223.5, 180.5), (223.5, 180.5), (223.5, 180.5), (223.5, 180.5), (223.5, 180.5), (223.5, 180.5), (223.5, 180.5), (223.5, 180.5), (223.5, 180.5), (223.5, 180.5), (223.5, 180.5), (223.5, 180.5), (223.5, 180.5), (223.5, 180.5), (223.5, 180.5), (223.5, 180.5), (223.5, 180.5)]",0,0,18.5
experienced,bomberman,7,Stuck,2,0,11.05,0.455,"[(48.0, 48.0), (62.9, 44.3), (77.9, 51.7), (98.4, 51.7), (113.3, 57.3), (115.2, 61.1), (115.2, 64.8), (115.2, 62.9), (115.2, 61.1), (115.2, 64.8), (115.2, 62.9), (115.2, 61.1), (115.2, 64.8), (115.2, 62.9), (115.2, 61.1), (115.2, 64.8), (115.2, 62.9), (115.2, 61.1), (115.2, 64.8), (115.2, 62.9), (115.2, 61.1), (115.2, 64.8), (115.2, 62.9), (115.2, 61.1), (115.2, 64.8), (115.2, 62.9), (115.2, 61.1), (115.2, 64.8), (115.2, 74.1), (115.2, 92.8), (115.2, 109.6), (130.1, 115.2), (145.1, 115.2), (167.5, 115.2), (180.5, 126.4), (173.1, 128.3), (174.9, 128.3), (173.1, 126.4), (173.1, 128.3), (174.9, 128.3), (173.1, 137.6), (173.1, 156.3), (182.4, 174.9), (197.3, 180.5), (212.3, 180.5), (223.5, 180.5), (223.5, 180.5), (223.5, 180.5), (223.5, 180.5), (223.5, 180.5), (223.5, 180.5), (223.5, 180.5), (223.5, 180.5), (223.5, 180.5), (223.5, 180.5), (223.5, 180.5), (223.5, 180.5), (223.5, 180.5), (223.5, 180.5), (223.5, 180.5), (223.5, 180.5), (223.5, 180.5), (223.5, 180.5), (223.5, 180.5), (223.5, 180.5), (223.5, 180.5), (223.5, 180.5), (223.5, 180.5), (223.5, 180.5), (223.5, 180.5), (223.5, 180.5), (223.5, 180.5), (223.5, 180.5), (223.5, 180.5), (223.5, 180.5), (223.5, 180.5), (223.5, 180.5), (223.5, 180.5), (223.5, 180.5), (223.5, 180.5), (223.5, 180.5), (223.5, 180.5), (223.5, 180.5), (223.5, 180.5), (223.5, 180.5), (223.5, 180.5), (223.5, 180.5), (223.5, 180.5), (223.5, 180.5), (223.5, 180.5), (223.5, 180.5), (223.5, 180.5), (223.5, 180.5), (223.5, 180.5), (223.5, 180.5), (223.5, 180.5), (223.5, 180.5), (223.5, 180.5), (223.5, 180.5), (223.5, 180.5), (223.5, 180.5), (223.5, 180.5), (223.5, 180.5), (223.5, 180.5), (223.5, 180.5), (223.5, 180.5), (223.5, 180.5), (223.5, 180.5), (223.5, 180.5), (223.5, 180.5), (223.5, 180.5)]",0,0,14.7
experienced,bomberman,7,Stuck,21,0,8.37,0.455,"[(48.0, 48.0), (62.9, 44.3), (77.9, 51.7), (98.4, 51.7), (113.3, 57.3), (115.2, 61.1), (115.2, 64.8), (115.2, 62.9), (115.2, 61.1), (115.2, 64.8), (115.2, 62.9), (115.2, 61.1), (115.2, 64.8), (115.2, 62.9), (115.2, 61.1), (115.2, 64.8), (115.2, 62.9), (115.2, 61.1), (115.2, 64.8), (115.2, 62.9), (115.2, 61.1), (115.2, 64.8), (115.2, 62.9), (115.2, 61.1), (115.2, 64.8), (115.2, 62.9), (115.2, 61.1), (115.2, 51.7), (130.1, 46.1), (145.1, 51.7), (167.5, 51.7), (180.5, 62.9), (180.5, 77.9), (180.5, 98.4), (184.3, 113.3), (199.2, 115.2), (217.9, 115.2), (236.5, 117.1), (244.0, 128.3), (244.0, 128.3), (244.0, 128.3), (244.0, 128.3), (244.0, 128.3), (244.0, 128.3), (244.0, 128.3), (244.0, 128.3), (244.0, 128.3), (244.0, 128.3), (244.0, 128.3), (244.0, 128.3), (244.0, 128.3), (244.0, 128.3), (244.0, 128.3), (244.0, 128.3), (244.0, 128.3), (244.0, 128.3), (244.0, 128.3), (244.0, 128.3), (244.0, 128.3), (244.0, 128.3), (244.0, 128.3), (244.0, 128.3), (244.0, 128.3), (244.0, 128.3), (244.0, 128.3), (244.0, 128.3), (244.0, 128.3), (244.0, 128.3), (244.0, 128.3), (244.0, 128.3), (244.0, 128.3), (244.0, 128.3), (244.0, 128.3), (244.0, 128.3), (244.0, 128.3), (244.0, 128.3), (244.0, 128.3), (244.0, 128.3), (244.0, 128.3), (244.0, 128.3), (244.0, 128.3), (244.0, 128.3), (244.0, 128.3), (244.0, 128.3), (244.0, 128.3), (244.0, 128.3), (244.0, 128.3), (244.0, 128.3), (244.0, 128.3), (244.0, 128.3), (244.0, 128.3), (244.0, 128.3), (244.0, 128.3), (244.0, 128.3), (244.0, 128.3), (236.5, 139.5), (236.5, 160.0), (232.8, 176.8), (225.3, 180.5), (225.3, 180.5), (225.3, 180.5), (225.3, 180.5), (225.3, 180.5), (225.3, 180.5), (225.3, 180.5), (225.3, 180.5), (225.3, 180.5), (225.3, 180.5), (225.3, 180.5), (225.3, 180.5), (225.3, 180.5), (225.3, 180.5), (225.3, 180.5), (225.3, 180.5), (225.3, 180.5), (225.3, 180.5), (225.3, 180.5), (225.3, 180.5), (225.3, 180.5), (225.3, 180.5), (225.3, 180.5), (225.3, 180.5), (225.3, 180.5), (225.3, 180.5), (225.3, 180.5), (225.3, 180.5), (225.3, 180.5), (225.3, 180.5), (225.3, 180.5), (225.3, 180.5), (225.3, 180.5), (225.3, 180.5), (225.3, 180.5), (225.3, 180.5), (225.3, 180.5), (225.3, 180.5), (225.3, 180.5), (225.3, 180.5), (225.3, 180.5)]",0,0,18.52
experienced,bomberman,7,Bomb,25,0,13.72,0.409,"[(48.0, 48.0), (62.9, 44.3), (77.9, 44.3), (92.8, 44.3), (107.7, 51.7), (115.2, 55.5), (126.4, 46.1), (141.3, 51.7), (163.7, 51.7), (178.7, 59.2), (180.5, 62.9), (180.5, 61.1), (180.5, 64.8), (180.5, 62.9), (180.5, 61.1), (180.5, 64.8), (180.5, 62.9), (180.5, 61.1), (180.5, 64.8), (180.5, 62.9), (180.5, 61.1), (180.5, 64.8), (180.5, 62.9), (180.5, 61.1), (180.5, 64.8), (180.5, 62.9), (180.5, 61.1), (180.5, 64.8), (180.5, 62.9), (180.5, 61.1), (180.5, 64.8), (180.5, 62.9), (180.5, 77.9), (180.5, 98.4), (184.3, 113.3), (199.2, 115.2), (217.9, 115.2), (236.5, 117.1), (244.0, 128.3), (244.0, 128.3), (244.0, 128.3), (244.0, 128.3), (244.0, 128.3), (244.0, 128.3), (244.0, 128.3), (244.0, 128.3), (244.0, 128.3), (240.3, 128.3), (238.4, 126.4), (240.3, 128.3), (238.4, 128.3), (236.5, 126.4), (238.4, 128.3), (236.5, 128.3), (236.5, 124.5), (238.4, 126.4), (240.3, 128.3), (238.4, 128.3), (238.4, 128.3), (236.5, 126.4), (236.5, 128.3), (238.4, 126.4), (238.4, 128.3), (236.5, 126.4), (236.5, 128.3), (238.4, 126.4), (238.4, 126.4), (238.4, 126.4), (238.4, 126.4), (238.4, 126.4), (238.4, 126.4), (238.4, 126.4), (238.4, 126.4), (238.4, 126.4), (238.4, 126.4), (238.4, 126.4), (238.4, 126.4), (238.4, 126.4), (238.4, 126.4), (238.4, 126.4), (238.4, 126.4), (238.4, 126.4), (238.4, 126.4), (238.4, 126.4), (238.4, 126.4), (238.4, 126.4), (238.4, 126.4), (238.4, 126.4), (238.4, 126.4), (238.4, 126.4), (238.4, 126.4), (238.4, 126.4), (236.5, 126.4), (236.5, 124.5), (236.5, 128.3)]",0,0,12.65
experienced,bomberman,7,Bomb,57,0,18.69,0.5,"[(48.0, 48.0), (62.9, 44.3), (77.9, 51.7), (98.4, 49.9), (113.3, 44.3), (128.3, 44.3), (143.2, 51.7), (165.6, 48.0), (180.5, 44.3), (195.5, 46.1), (210.4, 51.7), (232.8, 51.7), (244.0, 64.8), (244.0, 64.8), (244.0, 64.8), (244.0, 64.8), (244.0, 64.8), (244.0, 64.8), (244.0, 64.8), (244.0, 64.8), (244.0, 64.8), (244.0, 64.8), (244.0, 64.8), (244.0, 64.8), (244.0, 64.8), (244.0, 64.8), (244.0, 64.8), (244.0, 76.0), (244.0, 90.9), (244.0, 105.9), (255.2, 115.2), (255.2, 115.2), (255.2, 115.2), (255.2, 115.2), (255.2, 115.2), (255.2, 115.2), (255.2, 115.2), (255.2, 115.2), (255.2, 115.2), (255.2, 115.2), (266.4, 115.2), (286.9, 115.2), (301.9, 118.9), (305.6, 126.4), (305.6, 126.4), (305.6, 126.4), (305.6, 126.4), (305.6, 126.4), (305.6, 126.4), (305.6, 126.4), (305.6, 126.4), (305.6, 126.4), (305.6, 126.4), (305.6, 126.4), (305.6, 126.4), (305.6, 126.4), (305.6, 126.4), (305.6, 126.4), (305.6, 126.4), (305.6, 126.4), (305.6, 126.4), (305.6, 126.4), (305.6, 126.4), (305.6, 126.4), (305.6, 126.4), (305.6, 126.4), (305.6, 126.4), (305.6, 126.4), (305.6, 126.4), (305.6, 126.4), (305.6, 126.4), (305.6, 126.4), (305.6, 126.4), (305.6, 126.4), (305.6, 126.4), (305.6, 126.4), (305.6, 126.4), (305.6, 126.4), (305.6, 126.4), (305.6, 126.4), (305.6, 126.4), (305.6, 126.4), (305.6, 126.4), (305.6, 126.4), (305.6, 126.4), (305.6, 126.4), (305.6, 126.4), (305.6, 126.4), (305.6, 126.4), (305.6, 126.4), (305.6, 126.4), (305.6, 126.4), (305.6, 126.4), (305.6, 126.4)]",0,0,12.48
experienced,bomberman,7,Bomb,1,0,14.78,0.136,"[(48.0, 48.0), (62.9, 44.3), (77.9, 51.7), (98.4, 51.7), (113.3, 57.3), (115.2, 61.1), (115.2, 64.8), (115.2, 62.9), (115.2, 61.1), (115.2, 64.8), (115.2, 62.9), (115.2, 61.1), (115.2, 64.8), (115.2, 62.9), (115.2, 61.1), (115.2, 64.8), (115.2, 62.9), (115.2, 61.1), (115.2, 64.8), (115.2, 62.9), (115.2, 61.1), (115.2, 64.8), (115.2, 62.9), (115.2, 61.1), (115.2, 64.8), (115.2, 62.9), (115.2, 61.1), (115.2, 64.8), (115.2, 62.9), (115.2, 61.1), (115.2, 64.8), (115.2, 62.9)]",0,0,4.17
experienced,bomberman,7,Bomb,96,0,14.27,0.409,"[(48.0, 48.0), (62.9, 44.3), (64.8, 51.7), (64.8, 49.9), (62.9, 51.7), (64.8, 51.7), (64.8, 49.9), (62.9, 51.7), (64.8, 51.7), (64.8, 49.9), (62.9, 51.7), (64.8, 51.7), (64.8, 49.9), (62.9, 51.7), (64.8, 51.7), (64.8, 49.9), (62.9, 51.7), (64.8, 51.7), (64.8, 49.9), (62.9, 51.7), (64.8, 51.7), (64.8, 49.9), (62.9, 51.7), (64.8, 51.7), (64.8, 49.9), (62.9, 51.7), (64.8, 51.7), (76.0, 49.9), (90.9, 49.9), (105.9, 51.7), (115.2, 64.8), (115.2, 62.9), (115.2, 61.1), (115.2, 64.8), (115.2, 62.9), (115.2, 61.1), (115.2, 64.8), (115.2, 62.9), (115.2, 61.1), (115.2, 64.8), (115.2, 51.7), (130.1, 46.1), (145.1, 51.7), (167.5, 51.7), (180.5, 62.9), (180.5, 77.9), (180.5, 98.4), (184.3, 113.3), (191.7, 115.2), (191.7, 115.2), (191.7, 115.2), (191.7, 115.2), (191.7, 115.2), (191.7, 115.2), (191.7, 115.2), (191.7, 115.2), (191.7, 115.2), (191.7, 115.2), (191.7, 115.2), (199.2, 115.2), (217.9, 115.2), (236.5, 117.1), (240.3, 128.3), (238.4, 128.3), (236.5, 128.3), (236.5, 124.5), (238.4, 126.4), (238.4, 128.3), (236.5, 126.4), (236.5, 128.3), (238.4, 128.3), (236.5, 126.4), (236.5, 128.3), (238.4, 128.3), (236.5, 126.4), (236.5, 126.4), (236.5, 126.4), (236.5, 126.4), (236.5, 126.4), (236.5, 126.4), (236.5, 126.4), (236.5, 126.4), (236.5, 126.4), (236.5, 128.3), (238.4, 128.3), (236.5, 126.4), (236.5, 128.3), (238.4, 128.3), (236.5, 126.4), (238.4, 128.3), (238.4, 128.3), (238.4, 128.3), (238.4, 128.3)]",0,0,12.3
experienced,bomberman,7,Stuck,21,0,8.37,0.455,"[(48.0, 48.0), (62.9, 44.3), (77.9, 51.7), (98.4, 51.7), (113.3, 57.3), (115.2, 61.1), (115.2, 64.8), (115.2, 62.9), (115.2, 61.1), (115.2, 64.8), (115.2, 62.9), (115.2, 61.1), (115.2, 64.8), (115.2, 62.9), (115.2, 61.1), (115.2, 64.8), (115.2, 62.9), (115.2, 61.1), (115.2, 64.8), (115.2, 62.9), (115.2, 61.1), (115.2, 64.8), (115.2, 62.9), (115.2, 61.1), (115.2, 64.8), (115.2, 62.9), (115.2, 61.1), (115.2, 51.7), (130.1, 46.1), (145.1, 51.7), (167.5, 51.7), (180.5, 62.9), (180.5, 77.9), (180.5, 98.4), (184.3, 113.3), (199.2, 115.2), (217.9, 115.2), (236.5, 117.1), (244.0, 128.3), (244.0, 128.3), (244.0, 128.3), (244.0, 128.3), (244.0, 128.3), (244.0, 128.3), (244.0, 128.3), (244.0, 128.3), (244.0, 128.3), (244.0, 128.3), (244.0, 128.3), (244.0, 128.3), (244.0, 128.3), (244.0, 128.3), (244.0, 128.3), (244.0, 128.3), (244.0, 128.3), (244.0, 128.3), (244.0, 128.3), (244.0, 128.3), (244.0, 128.3), (244.0, 128.3), (244.0, 128.3), (244.0, 128.3), (244.0, 128.3), (244.0, 128.3), (244.0, 128.3), (244.0, 128.3), (244.0, 128.3), (244.0, 128.3), (244.0, 128.3), (244.0, 128.3), (244.0, 128.3), (244.0, 128.3), (244.0, 128.3), (244.0, 128.3), (244.0, 128.3), (244.0, 128.3), (244.0, 128.3), (244.0, 128.3), (244.0, 128.3), (244.0, 128.3), (244.0, 128.3), (244.0, 128.3), (244.0, 128.3), (244.0, 128.3), (244.0, 128.3), (244.0, 128.3), (244.0, 128.3), (244.0, 128.3), (244.0, 128.3), (244.0, 128.3), (244.0, 128.3), (244.0, 128.3), (244.0, 128.3), (244.0, 128.3), (244.0, 128.3), (236.5, 139.5), (236.5, 160.0), (232.8, 176.8), (225.3, 180.5), (225.3, 180.5), (225.3, 180.5), (225.3, 180.5), (225.3, 180.5), (225.3, 180.5), (225.3, 180.5), (225.3, 180.5), (225.3, 180.5), (225.3, 180.5), (225.3, 180.5), (225.3, 180.5), (225.3, 180.5), (225.3, 180.5), (225.3, 180.5), (225.3, 180.5), (225.3, 180.5), (225.3, 180.5), (225.3, 180.5), (225.3, 180.5), (225.3, 180.5), (225.3, 180.5), (225.3, 180.5), (225.3, 180.5), (225.3, 180.5), (225.3, 180.5), (225.3, 180.5), (225.3, 180.5), (225.3, 180.5), (225.3, 180.5), (225.3, 180.5), (225.3, 180.5), (225.3, 180.5), (225.3, 180.5), (225.3, 180.5), (225.3, 180.5), (225.3, 180.5), (225.3, 180.5), (225.3, 180.5), (225.3, 180.5), (225.3, 180.5)]",0,0,18.52
experienced,bomberman,7,Bomb,96,0,14.27,0.409,"[(48.0, 48.0), (62.9, 44.3), (64.8, 51.7), (64.8, 49.9), (62.9, 51.7), (64.8, 51.7), (64.8, 49.9), (62.9, 51.7), (64.8, 51.7), (64.8, 49.9), (62.9, 51.7), (64.8, 51.7), (64.8, 49.9), (62.9, 51.7), (64.8, 51.7), (64.8, 49.9), (62.9, 51.7), (64.8, 51.7), (64.8, 49.9), (62.9, 51.7), (64.8, 51.7), (64.8, 49.9), (62.9, 51.7), (64.8, 51.7), (64.8, 49.9), (62.9, 51.7), (64.8, 51.7), (76.0, 49.9), (90.9, 49.9), (105.9, 51.7), (115.2, 64.8), (115.2, 62.9), (115.2, 61.1), (115.2, 64.8), (115.2, 62.9), (115.2, 61.1), (115.2, 64.8), (115.2, 62.9), (115.2, 61.1), (115.2, 64.8), (115.2, 51.7), (130.1, 46.1), (145.1, 51.7), (167.5, 51.7), (180.5, 62.9), (180.5, 77.9), (180.5, 98.4), (184.3, 113.3), (191.7, 115.2), (191.7, 115.2), (191.7, 115.2), (191.7, 115.2), (191.7, 115.2), (191.7, 115.2), (191.7, 115.2), (191.7, 115.2), (191.7, 115.2), (191.7, 115.2), (191.7, 115.2), (199.2, 115.2), (217.9, 115.2), (236.5, 117.1), (240.3, 128.3), (238.4, 128.3), (236.5, 128.3), (236.5, 124.5), (238.4, 126.4), (238.4, 128.3), (236.5, 126.4), (236.5, 128.3), (238.4, 128.3), (236.5, 126.4), (236.5, 128.3), (238.4, 128.3), (236.5, 126.4), (236.5, 126.4), (236.5, 126.4), (236.5, 126.4), (236.5, 126.4), (236.5, 126.4), (236.5, 126.4), (236.5, 126.4), (236.5, 126.4), (236.5, 128.3), (238.4, 128.3), (236.5, 126.4), (236.5, 128.3), (238.4, 128.3), (236.5, 126.4), (238.4, 128.3), (238.4, 128.3), (238.4, 128.3), (238.4, 128.3)]",0,0,12.3
experienced,bomberman,7,Bomb,25,0,13.72,0.409,"[(48.0, 48.0), (62.9, 44.3), (77.9, 44.3), (92.8, 44.3), (107.7, 51.7), (115.2, 55.5), (126.4, 46.1), (141.3, 51.7), (163.7, 51.7), (178.7, 59.2), (180.5, 62.9), (180.5, 61.1), (180.5, 64.8), (180.5, 62.9), (180.5, 61.1), (180.5, 64.8), (180.5, 62.9), (180.5, 61.1), (180.5, 64.8), (180.5, 62.9), (180.5, 61.1), (180.5, 64.8), (180.5, 62.9), (180.5, 61.1), (180.5, 64.8), (180.5, 62.9), (180.5, 61.1), (180.5, 64.8), (180.5, 62.9), (180.5, 61.1), (180.5, 64.8), (180.5, 62.9), (180.5, 77.9), (180.5, 98.4), (184.3, 113.3), (199.2, 115.2), (217.9, 115.2), (236.5, 117.1), (244.0, 128.3), (244.0, 128.3), (244.0, 128.3), (244.0, 128.3), (244.0, 128.3), (244.0, 128.3), (244.0, 128.3), (244.0, 128.3), (244.0, 128.3), (240.3, 128.3), (238.4, 126.4), (240.3, 128.3), (238.4, 128.3), (236.5, 126.4), (238.4, 128.3), (236.5, 128.3), (236.5, 124.5), (238.4, 126.4), (240.3, 128.3), (238.4, 128.3), (238.4, 128.3), (236.5, 126.4), (236.5, 128.3), (238.4, 126.4), (238.4, 128.3), (236.5, 126.4), (236.5, 128.3), (238.4, 126.4), (238.4, 126.4), (238.4, 126.4), (238.4, 126.4), (238.4, 126.4), (238.4, 126.4), (238.4, 126.4), (238.4, 126.4), (238.4, 126.4), (238.4, 126.4), (238.4, 126.4), (238.4, 126.4), (238.4, 126.4), (238.4, 126.4), (238.4, 126.4), (238.4, 126.4), (238.4, 126.4), (238.4, 126.4), (238.4, 126.4), (238.4, 126.4), (238.4, 126.4), (238.4, 126.4), (238.4, 126.4), (238.4, 126.4), (238.4, 126.4), (238.4, 126.4), (238.4, 126.4), (236.5, 126.4), (236.5, 124.5), (236.5, 128.3)]",0,0,12.65
experienced,bomberman,7,Bomb,4,0,13.54,0.409,"[(48.0, 48.0), (62.9, 44.3), (77.9, 46.1), (92.8, 46.1), (107.7, 51.7), (115.2, 61.1), (115.2, 64.8), (115.2, 62.9), (115.2, 61.1), (115.2, 64.8), (115.2, 62.9), (115.2, 61.1), (115.2, 64.8), (115.2, 62.9), (115.2, 61.1), (115.2, 64.8), (115.2, 62.9), (115.2, 61.1), (115.2, 64.8), (115.2, 62.9), (115.2, 61.1), (115.2, 64.8), (115.2, 62.9), (115.2, 61.1), (115.2, 64.8), (115.2, 62.9), (115.2, 61.1), (115.2, 64.8), (115.2, 53.6), (128.3, 49.9), (143.2, 51.7), (165.6, 51.7), (180.5, 61.1), (180.5, 76.0), (180.5, 96.5), (182.4, 111.5), (197.3, 115.2), (214.1, 115.2), (234.7, 115.2), (242.1, 128.3), (238.4, 128.3), (238.4, 128.3), (238.4, 128.3), (238.4, 128.3), (238.4, 128.3), (238.4, 128.3), (238.4, 128.3), (236.5, 128.3), (238.4, 128.3), (236.5, 126.4), (236.5, 128.3), (238.4, 128.3), (236.5, 126.4), (236.5, 128.3), (238.4, 128.3), (236.5, 126.4), (236.5, 128.3), (238.4, 128.3), (236.5, 126.4), (236.5, 128.3), (238.4, 128.3), (236.5, 126.4), (236.5, 128.3), (238.4, 128.3), (236.5, 126.4), (236.5, 128.3), (238.4, 128.3), (238.4, 128.3), (238.4, 128.3), (238.4, 128.3), (238.4, 128.3), (238.4, 128.3), (238.4, 128.3), (238.4, 128.3), (238.4, 128.3), (238.4, 128.3), (238.4, 128.3), (238.4, 128.3), (238.4, 128.3), (238.4, 128.3), (238.4, 128.3), (238.4, 128.3), (238.4, 128.3), (238.4, 128.3), (238.4, 128.3), (238.4, 128.3), (238.4, 128.3), (238.4, 128.3), (238.4, 128.3), (238.4, 128.3), (238.4, 128.3), (238.4, 128.3), (238.4, 128.3), (238.4, 128.3), (238.4, 128.3), (238.4, 128.3), (238.4, 128.3)]",0,0,12.82
experienced,bomberman,7,Bomb,33,0,12.13,0.318,"[(48.0, 48.0), (62.9, 44.3), (77.9, 51.7), (98.4, 51.7), (113.3, 57.3), (115.2, 61.1), (115.2, 64.8), (115.2, 62.9), (115.2, 61.1), (115.2, 64.8), (115.2, 62.9), (115.2, 61.1), (115.2, 64.8), (115.2, 62.9), (115.2, 61.1), (115.2, 64.8), (115.2, 62.9), (115.2, 61.1), (115.2, 64.8), (115.2, 62.9), (115.2, 61.1), (115.2, 64.8), (115.2, 62.9), (115.2, 61.1), (115.2, 64.8), (115.2, 62.9), (115.2, 61.1), (115.2, 64.8), (115.2, 74.1), (115.2, 92.8), (115.2, 109.6), (130.1, 115.2), (145.1, 115.2), (167.5, 115.2), (180.5, 126.4), (173.1, 128.3), (174.9, 128.3), (173.1, 126.4), (173.1, 128.3), (174.9, 128.3), (173.1, 126.4), (173.1, 128.3), (174.9, 128.3), (173.1, 126.4), (173.1, 128.3), (174.9, 128.3), (173.1, 126.4), (173.1, 128.3), (174.9, 128.3), (173.1, 126.4), (173.1, 128.3), (174.9, 128.3), (173.1, 126.4), (173.1, 128.3), (174.9, 128.3), (173.1, 126.4), (173.1, 128.3), (174.9, 128.3), (173.1, 126.4), (173.1, 128.3), (174.9, 128.3), (173.1, 126.4), (173.1, 128.3), (174.9, 128.3), (173.1, 126.4), (173.1, 128.3), (174.9, 128.3), (173.1, 126.4), (173.1, 128.3), (174.9, 128.3)]",0,0,9.23
experienced,bomberman,7,Bomb,64,0,13.66,0.409,"[(48.0, 48.0), (62.9, 44.3), (77.9, 51.7), (98.4, 51.7), (113.3, 57.3), (115.2, 61.1), (115.2, 64.8), (115.2, 62.9), (115.2, 61.1), (115.2, 64.8), (115.2, 62.9), (115.2, 61.1), (115.2, 64.8), (115.2, 62.9), (115.2, 61.1), (115.2, 64.8), (115.2, 62.9), (115.2, 61.1), (115.2, 64.8), (115.2, 62.9), (115.2, 61.1), (115.2, 64.8), (115.2, 62.9), (115.2, 61.1), (115.2, 64.8), (115.2, 62.9), (115.2, 61.1), (115.2, 64.8), (115.2, 62.9), (115.2, 61.1), (115.2, 64.8), (115.2, 62.9), (115.2, 61.1), (115.2, 64.8), (115.2, 62.9), (115.2, 61.1), (115.2, 64.8), (115.2, 62.9), (115.2, 61.1), (115.2, 64.8), (115.2, 51.7), (130.1, 46.1), (145.1, 51.7), (167.5, 51.7), (180.5, 62.9), (173.1, 77.9), (174.9, 98.4), (184.3, 113.3), (191.7, 115.2), (191.7, 115.2), (191.7, 115.2), (191.7, 115.2), (191.7, 115.2), (191.7, 115.2), (199.2, 115.2), (217.9, 115.2), (236.5, 117.1), (240.3, 128.3), (236.5, 128.3), (238.4, 128.3), (236.5, 126.4), (240.3, 128.3), (240.3, 128.3), (240.3, 128.3), (240.3, 128.3), (240.3, 128.3), (240.3, 128.3), (240.3, 128.3), (240.3, 128.3), (240.3, 128.3), (240.3, 128.3), (240.3, 128.3), (240.3, 128.3), (240.3, 128.3), (240.3, 128.3), (240.3, 128.3), (240.3, 128.3), (240.3, 128.3), (240.3, 128.3), (240.3, 128.3), (240.3, 128.3), (240.3, 128.3), (240.3, 128.3), (240.3, 128.3), (240.3, 128.3), (240.3, 128.3), (240.3, 128.3), (240.3, 128.3), (240.3, 128.3), (236.5, 128.3), (236.5, 126.4), (236.5, 124.5), (236.5, 128.3)]",0,0,12.3
experienced,bomberman,7,Bomb,69,0,14.84,0.091,"[(48.0, 48.0), (62.9, 44.3), (64.8, 49.9), (62.9, 51.7), (64.8, 51.7), (64.8, 49.9), (62.9, 51.7), (64.8, 51.7), (64.8, 49.9), (62.9, 51.7), (64.8, 51.7), (64.8, 49.9), (62.9, 51.7), (64.8, 51.7), (64.8, 49.9), (62.9, 51.7), (64.8, 51.7), (64.8, 49.9), (62.9, 51.7), (64.8, 51.7), (64.8, 49.9), (62.9, 51.7), (64.8, 51.7), (64.8, 49.9), (62.9, 51.7), (64.8, 51.7), (64.8, 49.9), (62.9, 51.7), (72.3, 51.7), (90.9, 51.7), (107.7, 51.7), (115.2, 59.2)]",0,0,4.15
experienced,bomberman,7,Enemy,48,0,35.85,0.318,"[(48.0, 48.0), (62.9, 44.3), (77.9, 44.3), (92.8, 44.3), (107.7, 44.3), (122.7, 44.3), (137.6, 51.7), (158.1, 51.7), (174.9, 55.5), (180.5, 64.8), (180.5, 62.9), (180.5, 61.1), (180.5, 64.8), (180.5, 62.9), (180.5, 61.1), (180.5, 64.8), (180.5, 62.9), (180.5, 61.1), (180.5, 64.8), (180.5, 62.9), (180.5, 61.1), (180.5, 64.8), (180.5, 62.9), (180.5, 61.1), (180.5, 64.8), (180.5, 62.9), (180.5, 61.1), (180.5, 64.8), (180.5, 62.9), (180.5, 61.1), (180.5, 64.8), (180.5, 62.9), (182.4, 49.9), (197.3, 48.0), (214.1, 51.7), (234.7, 51.7), (242.1, 62.9), (242.1, 62.9)]",0,0,5.05
experienced,bomberman,7,Bomb,14,0,12.4,0.455,"[(48.0, 48.0), (62.9, 44.3), (77.9, 51.7), (98.4, 51.7), (113.3, 57.3), (115.2, 61.1), (115.2, 64.8), (115.2, 62.9), (115.2, 61.1), (115.2, 64.8), (115.2, 62.9), (115.2, 61.1), (115.2, 64.8), (115.2, 62.9), (115.2, 61.1), (115.2, 64.8), (115.2, 62.9), (115.2, 61.1), (115.2, 64.8), (115.2, 62.9), (115.2, 61.1), (115.2, 64.8), (115.2, 62.9), (115.2, 61.1), (115.2, 64.8), (115.2, 62.9), (115.2, 61.1), (115.2, 64.8), (115.2, 53.6), (128.3, 44.3), (143.2, 51.7), (165.6, 51.7), (180.5, 61.1), (180.5, 76.0), (180.5, 96.5), (182.4, 111.5), (197.3, 115.2), (214.1, 115.2), (234.7, 115.2), (242.1, 126.4), (242.1, 126.4), (242.1, 126.4), (242.1, 126.4), (242.1, 126.4), (242.1, 126.4), (242.1, 126.4), (242.1, 126.4), (236.5, 126.4), (236.5, 128.3), (238.4, 128.3), (236.5, 126.4), (236.5, 128.3), (238.4, 128.3), (236.5, 126.4), (238.4, 128.3), (238.4, 128.3), (238.4, 128.3), (238.4, 128.3), (236.5, 128.3), (238.4, 128.3), (236.5, 126.4), (236.5, 128.3), (238.4, 128.3), (236.5, 126.4), (236.5, 128.3), (238.4, 126.4), (238.4, 126.4), (238.4, 126.4), (238.4, 130.1), (238.4, 126.4), (236.5, 128.3), (240.3, 128.3), (236.5, 124.5), (238.4, 130.1), (238.4, 126.4), (236.5, 128.3), (238.4, 126.4), (238.4, 126.4), (238.4, 126.4), (238.4, 126.4), (238.4, 126.4), (238.4, 126.4), (238.4, 126.4), (238.4, 126.4), (238.4, 126.4), (238.4, 126.4), (238.4, 126.4), (238.4, 126.4), (238.4, 126.4), (238.4, 126.4), (236.5, 141.3), (236.5, 163.7), (230.9, 178.7), (223.5, 180.5), (223.5, 180.5)]",0,0,12.65
experienced,bomberman,7,Bomb,6,0,12.87,0.409,"[(48.0, 48.0), (62.9, 44.3), (77.9, 51.7), (98.4, 51.7), (113.3, 57.3), (115.2, 61.1), (115.2, 64.8), (115.2, 62.9), (115.2, 61.1), (115.2, 64.8), (115.2, 62.9), (115.2, 61.1), (115.2, 64.8), (115.2, 62.9), (115.2, 61.1), (115.2, 64.8), (115.2, 62.9), (115.2, 61.1), (115.2, 64.8), (115.2, 62.9), (115.2, 61.1), (115.2, 64.8), (115.2, 62.9), (115.2, 61.1), (115.2, 64.8), (115.2, 62.9), (115.2, 61.1), (115.2, 51.7), (130.1, 46.1), (145.1, 51.7), (167.5, 51.7), (169.3, 51.7), (169.3, 51.7), (180.5, 62.9), (180.5, 77.9), (180.5, 98.4), (184.3, 113.3), (199.2, 115.2), (217.9, 115.2), (236.5, 117.1), (244.0, 128.3), (244.0, 128.3), (244.0, 128.3), (244.0, 128.3), (244.0, 128.3), (244.0, 128.3), (244.0, 128.3), (244.0, 128.3), (244.0, 128.3), (244.0, 128.3), (244.0, 128.3), (244.0, 128.3), (244.0, 128.3), (244.0, 128.3), (244.0, 128.3), (244.0, 128.3), (244.0, 128.3), (244.0, 128.3), (244.0, 128.3), (244.0, 128.3), (244.0, 128.3), (244.0, 128.3), (244.0, 128.3), (244.0, 128.3), (244.0, 128.3), (244.0, 128.3), (244.0, 128.3), (244.0, 128.3), (244.0, 128.3), (244.0, 128.3), (244.0, 128.3), (244.0, 128.3), (244.0, 128.3), (244.0, 128.3), (244.0, 128.3), (244.0, 128.3), (244.0, 128.3), (244.0, 128.3), (244.0, 128.3), (244.0, 128.3), (244.0, 128.3), (244.0, 128.3), (244.0, 128.3), (244.0, 128.3), (244.0, 128.3), (244.0, 128.3), (244.0, 128.3), (244.0, 128.3), (244.0, 128.3), (244.0, 128.3), (244.0, 128.3), (244.0, 128.3), (244.0, 128.3), (244.0, 128.3), (244.0, 128.3), (236.5, 128.3), (236.5, 126.4), (236.5, 124.5)]",0,0,13.05
experienced,bomberman,7,Stuck,21,0,8.37,0.455,"[(48.0, 48.0), (62.9, 44.3), (77.9, 51.7), (98.4, 51.7), (113.3, 57.3), (115.2, 61.1), (115.2, 64.8), (115.2, 62.9), (115.2, 61.1), (115.2, 64.8), (115.2, 62.9), (115.2, 61.1), (115.2, 64.8), (115.2, 62.9), (115.2, 61.1), (115.2, 64.8), (115.2, 62.9), (115.2, 61.1), (115.2, 64.8), (115.2, 62.9), (115.2, 61.1), (115.2, 64.8), (115.2, 62.9), (115.2, 61.1), (115.2, 64.8), (115.2, 62.9), (115.2, 61.1), (115.2, 51.7), (130.1, 46.1), (145.1, 51.7), (167.5, 51.7), (180.5, 62.9), (180.5, 77.9), (180.5, 98.4), (184.3, 113.3), (199.2, 115.2), (217.9, 115.2), (236.5, 117.1), (244.0, 128.3), (244.0, 128.3), (244.0, 128.3), (244.0, 128.3), (244.0, 128.3), (244.0, 128.3), (244.0, 128.3), (244.0, 128.3), (244.0, 128.3), (244.0, 128.3), (244.0, 128.3), (244.0, 128.3), (244.0, 128.3), (244.0, 128.3), (244.0, 128.3), (244.0, 128.3), (244.0, 128.3), (244.0, 128.3), (244.0, 128.3), (244.0, 128.3), (244.0, 128.3), (244.0, 128.3), (244.0, 128.3), (244.0, 128.3), (244.0, 128.3), (244.0, 128.3), (244.0, 128.3), (244.0, 128.3), (244.0, 128.3), (244.0, 128.3), (244.0, 128.3), (244.0, 128.3), (244.0, 128.3), (244.0, 128.3), (244.0, 128.3), (244.0, 128.3), (244.0, 128.3), (244.0, 128.3), (244.0, 128.3), (244.0, 128.3), (244.0, 128.3), (244.0, 128.3), (244.0, 128.3), (244.0, 128.3), (244.0, 128.3), (244.0, 128.3), (244.0, 128.3), (244.0, 128.3), (244.0, 128.3), (244.0, 128.3), (244.0, 128.3), (244.0, 128.3), (244.0, 128.3), (244.0, 128.3), (244.0, 128.3), (244.0, 128.3), (244.0, 128.3), (236.5, 139.5), (236.5, 160.0), (232.8, 176.8), (225.3, 180.5), (225.3, 180.5), (225.3, 180.5), (225.3, 180.5), (225.3, 180.5), (225.3, 180.5), (225.3, 180.5), (225.3, 180.5), (225.3, 180.5), (225.3, 180.5), (225.3, 180.5), (225.3, 180.5), (225.3, 180.5), (225.3, 180.5), (225.3, 180.5), (225.3, 180.5), (225.3, 180.5), (225.3, 180.5), (225.3, 180.5), (225.3, 180.5), (225.3, 180.5), (225.3, 180.5), (225.3, 180.5), (225.3, 180.5), (225.3, 180.5), (225.3, 180.5), (225.3, 180.5), (225.3, 180.5), (225.3, 180.5), (225.3, 180.5), (225.3, 180.5), (225.3, 180.5), (225.3, 180.5), (225.3, 180.5), (225.3, 180.5), (225.3, 180.5), (225.3, 180.5), (225.3, 180.5), (225.3, 180.5), (225.3, 180.5), (225.3, 180.5)]",0,0,18.52
experienced,bomberman,7,Bomb,6,0,12.87,0.409,"[(48.0, 48.0), (62.9, 44.3), (77.9, 51.7), (98.4, 51.7), (113.3, 57.3), (115.2, 61.1), (115.2, 64.8), (115.2, 62.9), (115.2, 61.1), (115.2, 64.8), (115.2, 62.9), (115.2, 61.1), (115.2, 64.8), (115.2, 62.9), (115.2, 61.1), (115.2, 64.8), (115.2, 62.9), (115.2, 61.1), (115.2, 64.8), (115.2, 62.9), (115.2, 61.1), (115.2, 64.8), (115.2, 62.9), (115.2, 61.1), (115.2, 64.8), (115.2, 62.9), (115.2, 61.1), (115.2, 51.7), (130.1, 46.1), (145.1, 51.7), (167.5, 51.7), (169.3, 51.7), (169.3, 51.7), (180.5, 62.9), (180.5, 77.9), (180.5, 98.4), (184.3, 113.3), (199.2, 115.2), (217.9, 115.2), (236.5, 117.1), (244.0, 128.3), (244.0, 128.3), (244.0, 128.3), (244.0, 128.3), (244.0, 128.3), (244.0, 128.3), (244.0, 128.3), (244.0, 128.3), (244.0, 128.3), (244.0, 128.3), (244.0, 128.3), (244.0, 128.3), (244.0, 128.3), (244.0, 128.3), (244.0, 128.3), (244.0, 128.3), (244.0, 128.3), (244.0, 128.3), (244.0, 128.3), (244.0, 128.3), (244.0, 128.3), (244.0, 128.3), (244.0, 128.3), (244.0, 128.3), (244.0, 128.3), (244.0, 128.3), (244.0, 128.3), (244.0, 128.3), (244.0, 128.3), (244.0, 128.3), (244.0, 128.3), (244.0, 128.3), (244.0, 128.3), (244.0, 128.3), (244.0, 128.3), (244.0, 128.3), (244.0, 128.3), (244.0, 128.3), (244.0, 128.3), (244.0, 128.3), (244.0, 128.3), (244.0, 128.3), (244.0, 128.3), (244.0, 128.3), (244.0, 128.3), (244.0, 128.3), (244.0, 128.3), (244.0, 128.3), (244.0, 128.3), (244.0, 128.3), (244.0, 128.3), (244.0, 128.3), (244.0, 128.3), (244.0, 128.3), (244.0, 128.3), (236.5, 128.3), (236.5, 126.4), (236.5, 124.5)]",0,0,13.05
experienced,bomberman,7,Bomb,64,0,13.66,0.409,"[(48.0, 48.0), (62.9, 44.3), (77.9, 51.7), (98.4, 51.7), (113.3, 57.3), (115.2, 61.1), (115.2, 64.8), (115.2, 62.9), (115.2, 61.1), (115.2, 64.8), (115.2, 62.9), (115.2, 61.1), (115.2, 64.8), (115.2, 62.9), (115.2, 61.1), (115.2, 64.8), (115.2, 62.9), (115.2, 61.1), (115.2, 64.8), (115.2, 62.9), (115.2, 61.1), (115.2, 64.8), (115.2, 62.9), (115.2, 61.1), (115.2, 64.8), (115.2, 62.9), (115.2, 61.1), (115.2, 64.8), (115.2, 62.9), (115.2, 61.1), (115.2, 64.8), (115.2, 62.9), (115.2, 61.1), (115.2, 64.8), (115.2, 62.9), (115.2, 61.1), (115.2, 64.8), (115.2, 62.9), (115.2, 61.1), (115.2, 64.8), (115.2, 51.7), (130.1, 46.1), (145.1, 51.7), (167.5, 51.7), (180.5, 62.9), (173.1, 77.9), (174.9, 98.4), (184.3, 113.3), (191.7, 115.2), (191.7, 115.2), (191.7, 115.2), (191.7, 115.2), (191.7, 115.2), (191.7, 115.2), (199.2, 115.2), (217.9, 115.2), (236.5, 117.1), (240.3, 128.3), (236.5, 128.3), (238.4, 128.3), (236.5, 126.4), (240.3, 128.3), (240.3, 128.3), (240.3, 128.3), (240.3, 128.3), (240.3, 128.3), (240.3, 128.3), (240.3, 128.3), (240.3, 128.3), (240.3, 128.3), (240.3, 128.3), (240.3, 128.3), (240.3, 128.3), (240.3, 128.3), (240.3, 128.3), (240.3, 128.3), (240.3, 128.3), (240.3, 128.3), (240.3, 128.3), (240.3, 128.3), (240.3, 128.3), (240.3, 128.3), (240.3, 128.3), (240.3, 128.3), (240.3, 128.3), (240.3, 128.3), (240.3, 128.3), (240.3, 128.3), (240.3, 128.3), (236.5, 128.3), (236.5, 126.4), (236.5, 124.5), (236.5, 128.3)]",0,0,12.3
experienced,bomberman,7,Bomb,4,0,13.54,0.409,"[(48.0, 48.0), (62.9, 44.3), (77.9, 46.1), (92.8, 46.1), (107.7, 51.7), (115.2, 61.1), (115.2, 64.8), (115.2, 62.9), (115.2, 61.1), (115.2, 64.8), (115.2, 62.9), (115.2, 61.1), (115.2, 64.8), (115.2, 62.9), (115.2, 61.1), (115.2, 64.8), (115.2, 62.9), (115.2, 61.1), (115.2, 64.8), (115.2, 62.9), (115.2, 61.1), (115.2, 64.8), (115.2, 62.9), (115.2, 61.1), (115.2, 64.8), (115.2, 62.9), (115.2, 61.1), (115.2, 64.8), (115.2, 53.6), (128.3, 49.9), (143.2, 51.7), (165.6, 51.7), (180.5, 61.1), (180.5, 76.0), (180.5, 96.5), (182.4, 111.5), (197.3, 115.2), (214.1, 115.2), (234.7, 115.2), (242.1, 128.3), (238.4, 128.3), (238.4, 128.3), (238.4, 128.3), (238.4, 128.3), (238.4, 128.3), (238.4, 128.3), (238.4, 128.3), (236.5, 128.3), (238.4, 128.3), (236.5, 126.4), (236.5, 128.3), (238.4, 128.3), (236.5, 126.4), (236.5, 128.3), (238.4, 128.3), (236.5, 126.4), (236.5, 128.3), (238.4, 128.3), (236.5, 126.4), (236.5, 128.3), (238.4, 128.3), (236.5, 126.4), (236.5, 128.3), (238.4, 128.3), (236.5, 126.4), (236.5, 128.3), (238.4, 128.3), (238.4, 128.3), (238.4, 128.3), (238.4, 128.3), (238.4, 128.3), (238.4, 128.3), (238.4, 128.3), (238.4, 128.3), (238.4, 128.3), (238.4, 128.3), (238.4, 128.3), (238.4, 128.3), (238.4, 128.3), (238.4, 128.3), (238.4, 128.3), (238.4, 128.3), (238.4, 128.3), (238.4, 128.3), (238.4, 128.3), (238.4, 128.3), (238.4, 128.3), (238.4, 128.3), (238.4, 128.3), (238.4, 128.3), (238.4, 128.3), (238.4, 128.3), (238.4, 128.3), (238.4, 128.3), (238.4, 128.3), (238.4, 128.3), (238.4, 128.3)]",0,0,12.82
experienced,bomberman,7,Bomb,33,0,12.89,0.455,"[(48.0, 48.0), (62.9, 44.3), (77.9, 51.7), (98.4, 51.7), (113.3, 57.3), (115.2, 61.1), (115.2, 64.8), (115.2, 62.9), (115.2, 61.1), (115.2, 64.8), (115.2, 62.9), (115.2, 61.1), (115.2, 64.8), (115.2, 62.9), (115.2, 61.1), (115.2, 64.8), (115.2, 62.9), (115.2, 61.1), (115.2, 64.8), (115.2, 62.9), (115.2, 61.1), (115.2, 64.8), (115.2, 62.9), (115.2, 61.1), (115.2, 64.8), (115.2, 62.9), (115.2, 61.1), (115.2, 64.8), (115.2, 62.9), (115.2, 61.1), (115.2, 64.8), (118.9, 48.0), (133.9, 49.9), (150.7, 51.7), (167.5, 51.7), (173.1, 62.9), (180.5, 77.9), (180.5, 98.4), (184.3, 113.3), (199.2, 115.2), (217.9, 115.2), (236.5, 117.1), (244.0, 128.3), (244.0, 128.3), (244.0, 128.3), (244.0, 128.3), (244.0, 128.3), (244.0, 128.3), (244.0, 128.3), (244.0, 128.3), (244.0, 128.3), (244.0, 128.3), (244.0, 128.3), (244.0, 128.3), (236.5, 135.7), (236.5, 152.5), (236.5, 173.1), (225.3, 180.5), (225.3, 180.5), (225.3, 180.5), (225.3, 180.5), (223.5, 180.5), (223.5, 180.5), (223.5, 180.5), (223.5, 180.5), (223.5, 180.5), (223.5, 180.5), (223.5, 180.5), (223.5, 180.5), (225.3, 180.5), (223.5, 180.5), (223.5, 180.5), (225.3, 180.5), (223.5, 180.5), (223.5, 180.5), (223.5, 180.5), (223.5, 180.5), (223.5, 180.5), (223.5, 180.5), (223.5, 180.5), (223.5, 180.5), (223.5, 180.5), (223.5, 180.5), (223.5, 180.5), (223.5, 180.5), (223.5, 180.5), (223.5, 180.5), (223.5, 180.5), (223.5, 180.5), (223.5, 180.5), (223.5, 180.5)]",0,0,12.02
experienced,bomberman,7,Stuck,2,0,17.08,0.455,"[(48.0, 48.0), (62.9, 51.7), (77.9, 51.7), (98.4, 51.7), (113.3, 57.3), (115.2, 72.3), (115.2, 89.1), (115.2, 107.7), (128.3, 115.2), (143.2, 115.2), (165.6, 115.2), (180.5, 124.5), (173.1, 139.5), (173.1, 160.0), (184.3, 176.8), (199.2, 180.5), (214.1, 180.5), (225.3, 180.5), (223.5, 180.5), (223.5, 180.5), (223.5, 180.5), (223.5, 180.5), (223.5, 180.5), (223.5, 180.5), (223.5, 180.5), (223.5, 180.5), (223.5, 180.5), (225.3, 180.5), (223.5, 180.5), (223.5, 180.5), (223.5, 180.5), (223.5, 180.5), (223.5, 180.5), (223.5, 180.5), (223.5, 180.5), (223.5, 180.5), (225.3, 180.5), (223.5, 180.5), (223.5, 180.5), (225.3, 180.5), (223.5, 180.5), (223.5, 180.5), (223.5, 180.5), (223.5, 180.5), (223.5, 180.5), (223.5, 180.5), (223.5, 180.5), (223.5, 180.5), (223.5, 180.5), (223.5, 180.5), (223.5, 180.5), (223.5, 180.5), (223.5, 180.5), (223.5, 180.5), (223.5, 180.5), (223.5, 180.5), (223.5, 180.5), (223.5, 180.5), (223.5, 180.5), (223.5, 180.5), (223.5, 180.5), (223.5, 180.5), (223.5, 180.5), (223.5, 180.5), (223.5, 180.5), (223.5, 180.5), (223.5, 180.5), (223.5, 180.5), (223.5, 180.5), (223.5, 180.5), (223.5, 180.5), (223.5, 180.5), (223.5, 180.5)]",0,0,9.62
experienced,bomberman,7,Enemy,66,0,34.32,0.318,"[(48.0, 48.0), (62.9, 44.3), (77.9, 44.3), (92.8, 44.3), (107.7, 44.3), (122.7, 44.3), (137.6, 51.7), (158.1, 51.7), (174.9, 44.3), (189.9, 44.3), (204.8, 51.7), (225.3, 51.7), (225.3, 51.7), (225.3, 51.7), (225.3, 51.7), (225.3, 51.7), (225.3, 51.7), (225.3, 51.7), (227.2, 51.7), (238.4, 59.2), (240.3, 62.9), (240.3, 62.9), (240.3, 62.9), (240.3, 62.9), (240.3, 62.9), (240.3, 62.9), (240.3, 62.9), (240.3, 62.9), (240.3, 62.9), (240.3, 62.9), (240.3, 62.9), (238.4, 64.8), (236.5, 62.9), (236.5, 77.9), (236.5, 83.5), (236.5, 61.1), (240.3, 64.8), (240.3, 64.8), (240.3, 64.8)]",0,0,5.17
experienced,bomberman,7,Stuck,17,0,8.48,0.455,"[(48.0, 48.0), (62.9, 51.7), (77.9, 51.7), (98.4, 51.7), (113.3, 57.3), (115.2, 61.1), (115.2, 64.8), (115.2, 62.9), (115.2, 61.1), (115.2, 64.8), (115.2, 62.9), (115.2, 61.1), (115.2, 64.8), (115.2, 62.9), (115.2, 61.1), (115.2, 64.8), (115.2, 62.9), (115.2, 61.1), (115.2, 64.8), (115.2, 62.9), (115.2, 61.1), (115.2, 64.8), (115.2, 62.9), (115.2, 61.1), (115.2, 64.8), (115.2, 62.9), (115.2, 61.1), (115.2, 64.8), (115.2, 53.6), (128.3, 44.3), (143.2, 51.7), (165.6, 51.7), (180.5, 61.1), (180.5, 76.0), (180.5, 96.5), (182.4, 111.5), (197.3, 115.2), (214.1, 115.2), (234.7, 115.2), (242.1, 126.4), (242.1, 126.4), (242.1, 126.4), (242.1, 126.4), (242.1, 126.4), (242.1, 126.4), (242.1, 126.4), (242.1, 126.4), (242.1, 126.4), (242.1, 126.4), (242.1, 126.4), (242.1, 126.4), (242.1, 126.4), (242.1, 126.4), (242.1, 126.4), (242.1, 126.4), (242.1, 126.4), (242.1, 126.4), (242.1, 126.4), (242.1, 126.4), (242.1, 126.4), (242.1, 126.4), (242.1, 126.4), (242.1, 126.4), (242.1, 126.4), (242.1, 126.4), (242.1, 126.4), (242.1, 126.4), (242.1, 126.4), (242.1, 126.4), (242.1, 126.4), (242.1, 126.4), (242.1, 126.4), (242.1, 126.4), (242.1, 126.4), (242.1, 126.4), (242.1, 130.1), (238.4, 130.1), (240.3, 128.3), (238.4, 126.4), (236.5, 124.5), (236.5, 128.3), (236.5, 130.1), (238.4, 128.3), (238.4, 128.3), (238.4, 128.3), (238.4, 128.3), (238.4, 128.3), (238.4, 128.3), (238.4, 128.3), (238.4, 128.3), (236.5, 139.5), (236.5, 154.4), (236.5, 169.3), (225.3, 180.5), (225.3, 180.5), (225.3, 180.5), (225.3, 180.5), (225.3, 180.5), (225.3, 180.5), (225.3, 180.5), (225.3, 180.5), (225.3, 180.5), (225.3, 180.5), (225.3, 180.5), (225.3, 180.5), (225.3, 180.5), (225.3, 180.5), (225.3, 180.5), (225.3, 180.5), (225.3, 180.5), (225.3, 180.5), (225.3, 180.5), (225.3, 180.5), (225.3, 180.5), (225.3, 180.5), (225.3, 180.5), (225.3, 180.5), (225.3, 180.5), (225.3, 180.5), (225.3, 180.5), (225.3, 180.5), (225.3, 180.5), (225.3, 180.5), (225.3, 180.5), (225.3, 180.5), (225.3, 180.5), (225.3, 180.5), (225.3, 180.5), (225.3, 180.5), (225.3, 180.5), (225.3, 180.5), (225.3, 180.5), (225.3, 180.5), (225.3, 180.5), (225.3, 180.5), (225.3, 180.5), (225.3, 180.5), (225.3, 180.5), (225.3, 180.5)]",0,0,18.5
experienced,bomberman,7,Bomb,60,0,13.98,0.409,"[(48.0, 48.0), (62.9, 44.3), (77.9, 51.7), (98.4, 51.7), (113.3, 57.3), (115.2, 61.1), (115.2, 64.8), (115.2, 62.9), (115.2, 61.1), (115.2, 64.8), (115.2, 62.9), (115.2, 61.1), (115.2, 64.8), (115.2, 62.9), (115.2, 61.1), (115.2, 64.8), (115.2, 62.9), (115.2, 61.1), (115.2, 64.8), (115.2, 62.9), (115.2, 61.1), (115.2, 64.8), (115.2, 62.9), (115.2, 61.1), (115.2, 64.8), (115.2, 62.9), (115.2, 61.1), (115.2, 51.7), (130.1, 46.1), (145.1, 51.7), (167.5, 51.7), (180.5, 62.9), (180.5, 77.9), (180.5, 98.4), (184.3, 113.3), (199.2, 115.2), (217.9, 115.2), (236.5, 117.1), (244.0, 128.3), (244.0, 128.3), (244.0, 128.3), (244.0, 128.3), (244.0, 128.3), (244.0, 128.3), (244.0, 128.3), (244.0, 128.3), (244.0, 128.3), (244.0, 128.3), (244.0, 128.3), (244.0, 128.3), (244.0, 128.3), (244.0, 128.3), (244.0, 128.3), (244.0, 128.3), (244.0, 128.3), (244.0, 128.3), (244.0, 128.3), (244.0, 128.3), (244.0, 128.3), (244.0, 128.3), (244.0, 128.3), (244.0, 128.3), (244.0, 128.3), (244.0, 128.3), (244.0, 128.3), (244.0, 128.3), (244.0, 128.3), (244.0, 128.3), (244.0, 128.3), (244.0, 128.3), (244.0, 128.3), (244.0, 128.3), (244.0, 128.3), (244.0, 128.3), (244.0, 128.3), (244.0, 128.3), (244.0, 128.3), (244.0, 128.3), (244.0, 128.3), (244.0, 128.3), (244.0, 128.3), (244.0, 128.3), (244.0, 128.3), (244.0, 128.3), (244.0, 128.3), (244.0, 128.3), (244.0, 128.3), (244.0, 128.3), (244.0, 128.3), (244.0, 128.3), (236.5, 128.3)]",0,0,12.02
experienced,bomberman,7,Bomb,2,0,13.69,0.318,"[(48.0, 48.0), (62.9, 44.3), (77.9, 51.7), (98.4, 51.7), (113.3, 57.3), (115.2, 72.3), (115.2, 89.1), (115.2, 107.7), (128.3, 115.2), (143.2, 115.2), (165.6, 115.2), (180.5, 124.5), (174.9, 128.3), (173.1, 126.4), (173.1, 128.3), (174.9, 128.3), (173.1, 126.4), (173.1, 128.3), (174.9, 128.3), (173.1, 126.4), (173.1, 128.3), (174.9, 128.3), (173.1, 126.4), (173.1, 128.3), (174.9, 128.3), (173.1, 126.4), (173.1, 128.3), (174.9, 128.3), (173.1, 126.4), (173.1, 128.3), (174.9, 128.3), (173.1, 126.4), (173.1, 128.3), (174.9, 128.3), (173.1, 126.4), (173.1, 128.3), (174.9, 128.3), (173.1, 126.4), (173.1, 128.3), (174.9, 128.3), (173.1, 126.4), (173.1, 128.3), (174.9, 128.3), (173.1, 126.4), (173.1, 128.3), (174.9, 128.3), (173.1, 126.4), (173.1, 128.3), (174.9, 128.3), (173.1, 126.4), (173.1, 128.3), (174.9, 128.3), (173.1, 126.4), (173.1, 128.3), (174.9, 128.3), (173.1, 126.4), (173.1, 128.3), (174.9, 128.3), (173.1, 128.3), (173.1, 128.3), (173.1, 128.3), (173.1, 132.0)]",0,0,8.18
experienced,bomberman,7,Stuck,21,0,8.37,0.455,"[(48.0, 48.0), (62.9, 44.3), (77.9, 51.7), (98.4, 51.7), (113.3, 57.3), (115.2, 61.1), (115.2, 64.8), (115.2, 62.9), (115.2, 61.1), (115.2, 64.8), (115.2, 62.9), (115.2, 61.1), (115.2, 64.8), (115.2, 62.9), (115.2, 61.1), (115.2, 64.8), (115.2, 62.9), (115.2, 61.1), (115.2, 64.8), (115.2, 62.9), (115.2, 61.1), (115.2, 64.8), (115.2, 62.9), (115.2, 61.1), (115.2, 64.8), (115.2, 62.9), (115.2, 61.1), (115.2, 51.7), (130.1, 46.1), (145.1, 51.7), (167.5, 51.7), (180.5, 62.9), (180.5, 77.9), (180.5, 98.4), (184.3, 113.3), (199.2, 115.2), (217.9, 115.2), (236.5, 117.1), (244.0, 128.3), (244.0, 128.3), (244.0, 128.3), (244.0, 128.3), (244.0, 128.3), (244.0, 128.3), (244.0, 128.3), (244.0, 128.3), (244.0, 128.3), (244.0, 128.3), (244.0, 128.3), (244.0, 128.3), (244.0, 128.3), (244.0, 128.3), (244.0, 128.3), (244.0, 128.3), (244.0, 128.3), (244.0, 128.3), (244.0, 128.3), (244.0, 128.3), (244.0, 128.3), (244.0, 128.3), (244.0, 128.3), (244.0, 128.3), (244.0, 128.3), (244.0, 128.3), (244.0, 128.3), (244.0, 128.3), (244.0, 128.3), (244.0, 128.3), (244.0, 128.3), (244.0, 128.3), (244.0, 128.3), (244.0, 128.3), (244.0, 128.3), (244.0, 128.3), (244.0, 128.3), (244.0, 128.3), (244.0, 128.3), (244.0, 128.3), (244.0, 128.3), (244.0, 128.3), (244.0, 128.3), (244.0, 128.3), (244.0, 128.3), (244.0, 128.3), (244.0, 128.3), (244.0, 128.3), (244.0, 128.3), (244.0, 128.3), (244.0, 128.3), (244.0, 128.3), (244.0, 128.3), (244.0, 128.3), (244.0, 128.3), (244.0, 128.3), (244.0, 128.3), (236.5, 139.5), (236.5, 160.0), (232.8, 176.8), (225.3, 180.5), (225.3, 180.5), (225.3, 180.5), (225.3, 180.5), (225.3, 180.5), (225.3, 180.5), (225.3, 180.5), (225.3, 180.5), (225.3, 180.5), (225.3, 180.5), (225.3, 180.5), (225.3, 180.5), (225.3, 180.5), (225.3, 180.5), (225.3, 180.5), (225.3, 180.5), (225.3, 180.5), (225.3, 180.5), (225.3, 180.5), (225.3, 180.5), (225.3, 180.5), (225.3, 180.5), (225.3, 180.5), (225.3, 180.5), (225.3, 180.5), (225.3, 180.5), (225.3, 180.5), (225.3, 180.5), (225.3, 180.5), (225.3, 180.5), (225.3, 180.5), (225.3, 180.5), (225.3, 180.5), (225.3, 180.5), (225.3, 180.5), (225.3, 180.5), (225.3, 180.5), (225.3, 180.5), (225.3, 180.5), (225.3, 180.5), (225.3, 180.5)]",0,0,18.52
experienced,bomberman,7,Bomb,60,0,13.98,0.409,"[(48.0, 48.0), (62.9, 44.3), (77.9, 51.7), (98.4, 51.7), (113.3, 57.3), (115.2, 61.1), (115.2, 64.8), (115.2, 62.9), (115.2, 61.1), (115.2, 64.8), (115.2, 62.9), (115.2, 61.1), (115.2, 64.8), (115.2, 62.9), (115.2, 61.1), (115.2, 64.8), (115.2, 62.9), (115.2, 61.1), (115.2, 64.8), (115.2, 62.9), (115.2, 61.1), (115.2, 64.8), (115.2, 62.9), (115.2, 61.1), (115.2, 64.8), (115.2, 62.9), (115.2, 61.1), (115.2, 51.7), (130.1, 46.1), (145.1, 51.7), (167.5, 51.7), (180.5, 62.9), (180.5, 77.9), (180.5, 98.4), (184.3, 113.3), (199.2, 115.2), (217.9, 115.2), (236.5, 117.1), (244.0, 128.3), (244.0, 128.3), (244.0, 128.3), (244.0, 128.3), (244.0, 128.3), (244.0, 128.3), (244.0, 128.3), (244.0, 128.3), (244.0, 128.3), (244.0, 128.3), (244.0, 128.3), (244.0, 128.3), (244.0, 128.3), (244.0, 128.3), (244.0, 128.3), (244.0, 128.3), (244.0, 128.3), (244.0, 128.3), (244.0, 128.3), (244.0, 128.3), (244.0, 128.3), (244.0, 128.3), (244.0, 128.3), (244.0, 128.3), (244.0, 128.3), (244.0, 128.3), (244.0, 128.3), (244.0, 128.3), (244.0, 128.3), (244.0, 128.3), (244.0, 128.3), (244.0, 128.3), (244.0, 128.3), (244.0, 128.3), (244.0, 128.3), (244.0, 128.3), (244.0, 128.3), (244.0, 128.3), (244.0, 128.3), (244.0, 128.3), (244.0, 128.3), (244.0, 128.3), (244.0, 128.3), (244.0, 128.3), (244.0, 128.3), (244.0, 128.3), (244.0, 128.3), (244.0, 128.3), (244.0, 128.3), (244.0, 128.3), (244.0, 128.3), (244.0, 128.3), (236.5, 128.3)]",0,0,12.02
experienced,bomberman,7,Bomb,4,0,13.54,0.409,"[(48.0, 48.0), (62.9, 44.3), (77.9, 46.1), (92.8, 46.1), (107.7, 51.7), (115.2, 61.1), (115.2, 64.8), (115.2, 62.9), (115.2, 61.1), (115.2, 64.8), (115.2, 62.9), (115.2, 61.1), (115.2, 64.8), (115.2, 62.9), (115.2, 61.1), (115.2, 64.8), (115.2, 62.9), (115.2, 61.1), (115.2, 64.8), (115.2, 62.9), (115.2, 61.1), (115.2, 64.8), (115.2, 62.9), (115.2, 61.1), (115.2, 64.8), (115.2, 62.9), (115.2, 61.1), (115.2, 64.8), (115.2, 53.6), (128.3, 49.9), (143.2, 51.7), (165.6, 51.7), (180.5, 61.1), (180.5, 76.0), (180.5, 96.5), (182.4, 111.5), (197.3, 115.2), (214.1, 115.2), (234.7, 115.2), (242.1, 128.3), (238.4, 128.3), (238.4, 128.3), (238.4, 128.3), (238.4, 128.3), (238.4, 128.3), (238.4, 128.3), (238.4, 128.3), (236.5, 128.3), (238.4, 128.3), (236.5, 126.4), (236.5, 128.3), (238.4, 128.3), (236.5, 126.4), (236.5, 128.3), (238.4, 128.3), (236.5, 126.4), (236.5, 128.3), (238.4, 128.3), (236.5, 126.4), (236.5, 128.3), (238.4, 128.3), (236.5, 126.4), (236.5, 128.3), (238.4, 128.3), (236.5, 126.4), (236.5, 128.3), (238.4, 128.3), (238.4, 128.3), (238.4, 128.3), (238.4, 128.3), (238.4, 128.3), (238.4, 128.3), (238.4, 128.3), (238.4, 128.3), (238.4, 128.3), (238.4, 128.3), (238.4, 128.3), (238.4, 128.3), (238.4, 128.3), (238.4, 128.3), (238.4, 128.3), (238.4, 128.3), (238.4, 128.3), (238.4, 128.3), (238.4, 128.3), (238.4, 128.3), (238.4, 128.3), (238.4, 128.3), (238.4, 128.3), (238.4, 128.3), (238.4, 128.3), (238.4, 128.3), (238.4, 128.3), (238.4, 128.3), (238.4, 128.3), (238.4, 128.3), (238.4, 128.3)]",0,0,12.82
experienced,bomberman,7,Bomb,64,0,13.66,0.409,"[(48.0, 48.0), (62.9, 44.3), (77.9, 51.7), (98.4, 51.7), (113.3, 57.3), (115.2, 61.1), (115.2, 64.8), (115.2, 62.9), (115.2, 61.1), (115.2, 64.8), (115.2, 62.9), (115.2, 61.1), (115.2, 64.8), (115.2, 62.9), (115.2, 61.1), (115.2, 64.8), (115.2, 62.9), (115.2, 61.1), (115.2, 64.8), (115.2, 62.9), (115.2, 61.1), (115.2, 64.8), (115.2, 62.9), (115.2, 61.1), (115.2, 64.8), (115.2, 62.9), (115.2, 61.1), (115.2, 64.8), (115.2, 62.9), (115.2, 61.1), (115.2, 64.8), (115.2, 62.9), (115.2, 61.1), (115.2, 64.8), (115.2, 62.9), (115.2, 61.1), (115.2, 64.8), (115.2, 62.9), (115.2, 61.1), (115.2, 64.8), (115.2, 51.7), (130.1, 46.1), (145.1, 51.7), (167.5, 51.7), (180.5, 62.9), (173.1, 77.9), (174.9, 98.4), (184.3, 113.3), (191.7, 115.2), (191.7, 115.2), (191.7, 115.2), (191.7, 115.2), (191.7, 115.2), (191.7, 115.2), (199.2, 115.2), (217.9, 115.2), (236.5, 117.1), (240.3, 128.3), (236.5, 128.3), (238.4, 128.3), (236.5, 126.4), (240.3, 128.3), (240.3, 128.3), (240.3, 128.3), (240.3, 128.3), (240.3, 128.3), (240.3, 128.3), (240.3, 128.3), (240.3, 128.3), (240.3, 128.3), (240.3, 128.3), (240.3, 128.3), (240.3, 128.3), (240.3, 128.3), (240.3, 128.3), (240.3, 128.3), (240.3, 128.3), (240.3, 128.3), (240.3, 128.3), (240.3, 128.3), (240.3, 128.3), (240.3, 128.3), (240.3, 128.3), (240.3, 128.3), (240.3, 128.3), (240.3, 128.3), (240.3, 128.3), (240.3, 128.3), (240.3, 128.3), (236.5, 128.3), (236.5, 126.4), (236.5, 124.5), (236.5, 128.3)]",0,0,12.3
experienced,bomberman,7,Stuck,35,0,8.87,0.455,"[(48.0, 48.0), (62.9, 51.7), (77.9, 51.7), (98.4, 51.7), (113.3, 57.3), (115.2, 61.1), (115.2, 64.8), (115.2, 62.9), (115.2, 61.1), (115.2, 64.8), (115.2, 62.9), (115.2, 61.1), (115.2, 64.8), (115.2, 62.9), (115.2, 61.1), (115.2, 64.8), (115.2, 62.9), (115.2, 61.1), (115.2, 64.8), (115.2, 62.9), (115.2, 61.1), (115.2, 64.8), (115.2, 62.9), (115.2, 61.1), (115.2, 64.8), (115.2, 62.9), (115.2, 61.1), (115.2, 64.8), (115.2, 62.9), (115.2, 61.1), (115.2, 64.8), (118.9, 48.0), (133.9, 49.9), (150.7, 51.7), (171.2, 51.7), (180.5, 66.7), (180.5, 81.6), (180.5, 102.1), (188.0, 115.2), (202.9, 115.2), (225.3, 115.2), (240.3, 120.8), (244.0, 128.3), (244.0, 128.3), (244.0, 128.3), (244.0, 128.3), (244.0, 128.3), (244.0, 128.3), (244.0, 128.3), (244.0, 128.3), (244.0, 128.3), (244.0, 128.3), (244.0, 128.3), (244.0, 128.3), (244.0, 128.3), (244.0, 128.3), (244.0, 128.3), (244.0, 128.3), (244.0, 128.3), (244.0, 128.3), (244.0, 128.3), (244.0, 128.3), (244.0, 128.3), (244.0, 128.3), (244.0, 128.3), (244.0, 128.3), (244.0, 128.3), (244.0, 128.3), (244.0, 128.3), (244.0, 128.3), (244.0, 128.3), (244.0, 128.3), (244.0, 128.3), (244.0, 128.3), (244.0, 128.3), (244.0, 128.3), (244.0, 128.3), (244.0, 128.3), (244.0, 128.3), (244.0, 128.3), (244.0, 128.3), (244.0, 128.3), (244.0, 128.3), (244.0, 128.3), (244.0, 128.3), (244.0, 128.3), (244.0, 128.3), (244.0, 128.3), (244.0, 128.3), (244.0, 128.3), (236.5, 139.5), (236.5, 160.0), (232.8, 176.8), (225.3, 180.5), (225.3, 180.5), (225.3, 180.5), (225.3, 180.5), (225.3, 180.5), (225.3, 180.5), (225.3, 180.5), (225.3, 180.5), (225.3, 180.5), (225.3, 180.5), (225.3, 180.5), (225.3, 180.5), (225.3, 180.5), (225.3, 180.5), (225.3, 180.5), (225.3, 180.5), (225.3, 180.5), (225.3, 180.5), (225.3, 180.5), (225.3, 180.5), (225.3, 180.5), (225.3, 180.5), (225.3, 180.5), (225.3, 180.5), (225.3, 180.5), (223.5, 180.5), (225.3, 180.5), (223.5, 180.5), (223.5, 180.5), (225.3, 180.5), (223.5, 180.5), (223.5, 180.5), (223.5, 180.5), (223.5, 180.5), (223.5, 180.5), (223.5, 180.5), (223.5, 180.5), (223.5, 180.5), (223.5, 180.5), (223.5, 180.5)]",0,0,17.68
experienced,bomberman,7,Bomb,124,0,13.98,0.409,"[(48.0, 48.0), (62.9, 44.3), (77.9, 51.7), (98.4, 51.7), (113.3, 57.3), (115.2, 61.1), (115.2, 64.8), (115.2, 62.9), (115.2, 61.1), (115.2, 64.8), (115.2, 62.9), (115.2, 61.1), (115.2, 64.8), (115.2, 62.9), (115.2, 61.1), (115.2, 64.8), (115.2, 62.9), (115.2, 61.1), (115.2, 64.8), (115.2, 62.9), (115.2, 61.1), (115.2, 64.8), (115.2, 62.9), (115.2, 61.1), (115.2, 64.8), (115.2, 62.9), (115.2, 61.1), (115.2, 51.7), (130.1, 46.1), (145.1, 51.7), (167.5, 51.7), (180.5, 62.9), (180.5, 77.9), (180.5, 98.4), (184.3, 113.3), (199.2, 115.2), (217.9, 115.2), (236.5, 117.1), (244.0, 128.3), (244.0, 128.3), (244.0, 128.3), (244.0, 128.3), (244.0, 128.3), (244.0, 128.3), (244.0, 128.3), (244.0, 128.3), (244.0, 128.3), (244.0, 128.3), (244.0, 128.3), (244.0, 128.3), (244.0, 128.3), (244.0, 128.3), (244.0, 128.3), (244.0, 128.3), (244.0, 128.3), (244.0, 128.3), (244.0, 128.3), (244.0, 128.3), (244.0, 128.3), (244.0, 128.3), (244.0, 128.3), (240.3, 128.3), (236.5, 128.3), (238.4, 128.3), (238.4, 128.3), (238.4, 128.3), (238.4, 128.3), (238.4, 128.3), (238.4, 128.3), (238.4, 128.3), (238.4, 128.3), (238.4, 128.3), (238.4, 128.3), (238.4, 128.3), (238.4, 128.3), (238.4, 128.3), (238.4, 128.3), (238.4, 128.3), (238.4, 128.3), (238.4, 128.3), (238.4, 128.3), (238.4, 128.3), (238.4, 128.3), (238.4, 128.3), (238.4, 128.3), (238.4, 128.3), (238.4, 128.3), (238.4, 128.3), (238.4, 128.3), (238.4, 128.3), (238.4, 128.3)]",0,0,12.02
experienced,bomberman,7,Bomb,70,0,17.09,0.091,"[(48.0, 48.0), (62.9, 44.3), (64.8, 49.9), (62.9, 51.7), (64.8, 51.7), (64.8, 49.9), (62.9, 51.7), (64.8, 51.7), (64.8, 49.9), (62.9, 51.7), (64.8, 51.7), (64.8, 49.9), (62.9, 51.7), (64.8, 51.7), (64.8, 49.9), (62.9, 51.7), (64.8, 51.7), (64.8, 49.9), (62.9, 51.7), (64.8, 51.7), (64.8, 49.9), (62.9, 51.7), (64.8, 51.7), (64.8, 49.9), (62.9, 51.7), (64.8, 51.7), (64.8, 49.9), (62.9, 51.7), (72.3, 51.7), (90.9, 51.7), (107.7, 44.3), (122.7, 44.3)]",0,0,4.15
experienced,bomberman,7,Stuck,50,0,8.95,0.455,"[(48.0, 48.0), (62.9, 44.3), (77.9, 51.7), (98.4, 51.7), (113.3, 57.3), (115.2, 61.1), (115.2, 64.8), (115.2, 62.9), (115.2, 61.1), (115.2, 64.8), (115.2, 62.9), (115.2, 61.1), (115.2, 64.8), (115.2, 62.9), (115.2, 61.1), (115.2, 64.8), (115.2, 62.9), (115.2, 61.1), (115.2, 64.8), (115.2, 62.9), (115.2, 61.1), (115.2, 64.8), (115.2, 62.9), (115.2, 61.1), (115.2, 64.8), (115.2, 62.9), (115.2, 61.1), (115.2, 51.7), (130.1, 46.1), (145.1, 51.7), (167.5, 51.7), (180.5, 62.9), (180.5, 77.9), (180.5, 98.4), (184.3, 113.3), (199.2, 115.2), (217.9, 115.2), (236.5, 117.1), (244.0, 128.3), (244.0, 128.3), (244.0, 128.3), (244.0, 128.3), (244.0, 128.3), (244.0, 128.3), (244.0, 128.3), (244.0, 128.3), (244.0, 128.3), (244.0, 128.3), (244.0, 128.3), (244.0, 128.3), (244.0, 128.3), (244.0, 128.3), (244.0, 128.3), (244.0, 128.3), (244.0, 128.3), (244.0, 128.3), (244.0, 128.3), (244.0, 128.3), (244.0, 128.3), (244.0, 128.3), (244.0, 128.3), (244.0, 128.3), (244.0, 128.3), (244.0, 128.3), (244.0, 128.3), (244.0, 128.3), (244.0, 128.3), (244.0, 128.3), (244.0, 128.3), (244.0, 128.3), (244.0, 128.3), (244.0, 128.3), (244.0, 128.3), (244.0, 128.3), (244.0, 128.3), (244.0, 128.3), (236.5, 143.2), (236.5, 165.6), (229.1, 180.5), (225.3, 180.5), (225.3, 180.5), (225.3, 180.5), (225.3, 180.5), (225.3, 180.5), (225.3, 180.5), (225.3, 180.5), (225.3, 180.5), (225.3, 180.5), (225.3, 180.5), (225.3, 180.5), (225.3, 180.5), (225.3, 180.5), (225.3, 180.5), (225.3, 180.5), (225.3, 180.5), (225.3, 180.5), (225.3, 180.5), (225.3, 180.5), (225.3, 180.5), (225.3, 180.5), (225.3, 180.5), (225.3, 180.5), (225.3, 180.5), (225.3, 180.5), (225.3, 180.5), (223.5, 180.5), (223.5, 180.5), (225.3, 180.5), (223.5, 180.5), (223.5, 180.5), (225.3, 180.5), (223.5, 180.5), (223.5, 180.5), (223.5, 180.5), (223.5, 180.5), (223.5, 180.5), (223.5, 180.5), (223.5, 180.5), (223.5, 180.5), (223.5, 180.5), (223.5, 180.5), (223.5, 180.5), (223.5, 180.5), (223.5, 180.5), (223.5, 180.5), (223.5, 180.5), (223.5, 180.5), (223.5, 180.5), (223.5, 180.5), (223.5, 180.5), (223.5, 180.5), (223.5, 180.5)]",0,0,17.52
experienced,bomberman,7,Bomb,174,0,18.8,0.5,"[(48.0, 48.0), (62.9, 44.3), (77.9, 51.7), (98.4, 49.9), (113.3, 44.3), (128.3, 44.3), (143.2, 51.7), (165.6, 51.7), (180.5, 61.1), (180.5, 57.3), (189.9, 44.3), (204.8, 51.7), (227.2, 51.7), (242.1, 59.2), (242.1, 62.9), (242.1, 62.9), (242.1, 62.9), (242.1, 62.9), (242.1, 62.9), (242.1, 62.9), (242.1, 62.9), (242.1, 62.9), (242.1, 62.9), (242.1, 62.9), (242.1, 62.9), (242.1, 62.9), (242.1, 62.9), (242.1, 66.7), (242.1, 66.7), (242.1, 66.7), (242.1, 66.7), (242.1, 81.6), (242.1, 96.5), (245.9, 111.5), (260.8, 115.2), (275.7, 115.2), (296.3, 115.2), (307.5, 128.3), (307.5, 128.3), (307.5, 128.3), (307.5, 128.3), (307.5, 128.3), (307.5, 128.3), (307.5, 128.3), (307.5, 128.3), (307.5, 128.3), (307.5, 128.3), (307.5, 128.3), (307.5, 128.3), (307.5, 128.3), (307.5, 128.3), (307.5, 128.3), (307.5, 128.3), (307.5, 128.3), (307.5, 128.3), (307.5, 128.3), (307.5, 128.3), (307.5, 128.3), (307.5, 128.3), (307.5, 128.3), (307.5, 128.3), (307.5, 128.3), (307.5, 128.3), (307.5, 128.3), (307.5, 128.3), (307.5, 128.3), (307.5, 128.3), (307.5, 128.3), (307.5, 128.3), (307.5, 128.3), (307.5, 128.3), (307.5, 128.3), (307.5, 128.3), (307.5, 128.3), (307.5, 128.3), (307.5, 128.3), (307.5, 128.3), (307.5, 128.3), (307.5, 128.3), (307.5, 128.3), (307.5, 128.3), (307.5, 128.3), (307.5, 128.3), (307.5, 128.3), (307.5, 128.3), (307.5, 128.3), (307.5, 128.3), (301.9, 128.3), (300.0, 128.3), (300.0, 128.3), (300.0, 128.3)]",0,0,12.02
experienced,bomberman,7,Bomb,1,0,14.78,0.136,"[(48.0, 48.0), (62.9, 51.7), (77.9, 51.7), (98.4, 51.7), (113.3, 57.3), (115.2, 61.1), (115.2, 64.8), (115.2, 62.9), (115.2, 61.1), (115.2, 64.8), (115.2, 62.9), (115.2, 61.1), (115.2, 64.8), (115.2, 62.9), (115.2, 61.1), (115.2, 64.8), (115.2, 62.9), (115.2, 61.1), (115.2, 64.8), (115.2, 62.9), (115.2, 61.1), (115.2, 64.8), (115.2, 62.9), (115.2, 61.1), (115.2, 64.8), (115.2, 62.9), (115.2, 61.1), (115.2, 64.8), (115.2, 62.9), (115.2, 61.1), (115.2, 64.8), (115.2, 62.9)]",0,0,4.17
experienced,bomberman,7,Stuck,50,0,8.95,0.455,"[(48.0, 48.0), (62.9, 44.3), (77.9, 51.7), (98.4, 51.7), (113.3, 57.3), (115.2, 61.1), (115.2, 64.8), (115.2, 62.9), (115.2, 61.1), (115.2, 64.8), (115.2, 62.9), (115.2, 61.1), (115.2, 64.8), (115.2, 62.9), (115.2, 61.1), (115.2, 64.8), (115.2, 62.9), (115.2, 61.1), (115.2, 64.8), (115.2, 62.9), (115.2, 61.1), (115.2, 64.8), (115.2, 62.9), (115.2, 61.1), (115.2, 64.8), (115.2, 62.9), (115.2, 61.1), (115.2, 51.7), (130.1, 46.1), (145.1, 51.7), (167.5, 51.7), (180.5, 62.9), (180.5, 77.9), (180.5, 98.4), (184.3, 113.3), (199.2, 115.2), (217.9, 115.2), (236.5, 117.1), (244.0, 128.3), (244.0, 128.3), (244.0, 128.3), (244.0, 128.3), (244.0, 128.3), (244.0, 128.3), (244.0, 128.3), (244.0, 128.3), (244.0, 128.3), (244.0, 128.3), (244.0, 128.3), (244.0, 128.3), (244.0, 128.3), (244.0, 128.3), (244.0, 128.3), (244.0, 128.3), (244.0, 128.3), (244.0, 128.3), (244.0, 128.3), (244.0, 128.3), (244.0, 128.3), (244.0, 128.3), (244.0, 128.3), (244.0, 128.3), (244.0, 128.3), (244.0, 128.3), (244.0, 128.3), (244.0, 128.3), (244.0, 128.3), (244.0, 128.3), (244.0, 128.3), (244.0, 128.3), (244.0, 128.3), (244.0, 128.3), (244.0, 128.3), (244.0, 128.3), (244.0, 128.3), (244.0, 128.3), (236.5, 143.2), (236.5, 165.6), (229.1, 180.5), (225.3, 180.5), (225.3, 180.5), (225.3, 180.5), (225.3, 180.5), (225.3, 180.5), (225.3, 180.5), (225.3, 180.5), (225.3, 180.5), (225.3, 180.5), (225.3, 180.5), (225.3, 180.5), (225.3, 180.5), (225.3, 180.5), (225.3, 180.5), (225.3, 180.5), (225.3, 180.5), (225.3, 180.5), (225.3, 180.5), (225.3, 180.5), (225.3, 180.5), (225.3, 180.5), (225.3, 180.5), (225.3, 180.5), (225.3, 180.5), (225.3, 180.5), (225.3, 180.5), (223.5, 180.5), (223.5, 180.5), (225.3, 180.5), (223.5, 180.5), (223.5, 180.5), (225.3, 180.5), (223.5, 180.5), (223.5, 180.5), (223.5, 180.5), (223.5, 180.5), (223.5, 180.5), (223.5, 180.5), (223.5, 180.5), (223.5, 180.5), (223.5, 180.5), (223.5, 180.5), (223.5, 180.5), (223.5, 180.5), (223.5, 180.5), (223.5, 180.5), (223.5, 180.5), (223.5, 180.5), (223.5, 180.5), (223.5, 180.5), (223.5, 180.5), (223.5, 180.5), (223.5, 180.5)]",0,0,17.52
experienced,bomberman,7,Stuck,35,0,8.87,0.455,"[(48.0, 48.0), (62.9, 51.7), (77.9, 51.7), (98.4, 51.7), (113.3, 57.3), (115.2, 61.1), (115.2, 64.8), (115.2, 62.9), (115.2, 61.1), (115.2, 64.8), (115.2, 62.9), (115.2, 61.1), (115.2, 64.8), (115.2, 62.9), (115.2, 61.1), (115.2, 64.8), (115.2, 62.9), (115.2, 61.1), (115.2, 64.8), (115.2, 62.9), (115.2, 61.1), (115.2, 64.8), (115.2, 62.9), (115.2, 61.1), (115.2, 64.8), (115.2, 62.9), (115.2, 61.1), (115.2, 64.8), (115.2, 62.9), (115.2, 61.1), (115.2, 64.8), (118.9, 48.0), (133.9, 49.9), (150.7, 51.7), (171.2, 51.7), (180.5, 66.7), (180.5, 81.6), (180.5, 102.1), (188.0, 115.2), (202.9, 115.2), (225.3, 115.2), (240.3, 120.8), (244.0, 128.3), (244.0, 128.3), (244.0, 128.3), (244.0, 128.3), (244.0, 128.3), (244.0, 128.3), (244.0, 128.3), (244.0, 128.3), (244.0, 128.3), (244.0, 128.3), (244.0, 128.3), (244.0, 128.3), (244.0, 128.3), (244.0, 128.3), (244.0, 128.3), (244.0, 128.3), (244.0, 128.3), (244.0, 128.3), (244.0, 128.3), (244.0, 128.3), (244.0, 128.3), (244.0, 128.3), (244.0, 128.3), (244.0, 128.3), (244.0, 128.3), (244.0, 128.3), (244.0, 128.3), (244.0, 128.3), (244.0, 128.3), (244.0, 128.3), (244.0, 128.3), (244.0, 128.3), (244.0, 128.3), (244.0, 128.3), (244.0, 128.3), (244.0, 128.3), (244.0, 128.3), (244.0, 128.3), (244.0, 128.3), (244.0, 128.3), (244.0, 128.3), (244.0, 128.3), (244.0, 128.3), (244.0, 128.3), (244.0, 128.3), (244.0, 128.3), (244.0, 128.3), (244.0, 128.3), (236.5, 139.5), (236.5, 160.0), (232.8, 176.8), (225.3, 180.5), (225.3, 180.5), (225.3, 180.5), (225.3, 180.5), (225.3, 180.5), (225.3, 180.5), (225.3, 180.5), (225.3, 180.5), (225.3, 180.5), (225.3, 180.5), (225.3, 180.5), (225.3, 180.5), (225.3, 180.5), (225.3, 180.5), (225.3, 180.5), (225.3, 180.5), (225.3, 180.5), (225.3, 180.5), (225.3, 180.5), (225.3, 180.5), (225.3, 180.5), (225.3, 180.5), (225.3, 180.5), (225.3, 180.5), (225.3, 180.5), (223.5, 180.5), (225.3, 180.5), (223.5, 180.5), (223.5, 180.5), (225.3, 180.5), (223.5, 180.5), (223.5, 180.5), (223.5, 180.5), (223.5, 180.5), (223.5, 180.5), (223.5, 180.5), (223.5, 180.5), (223.5, 180.5), (223.5, 180.5), (223.5, 180.5)]",0,0,17.68
experienced,bomberman,7,Stuck,21,0,8.37,0.455,"[(48.0, 48.0), (62.9, 44.3), (77.9, 51.7), (98.4, 51.7), (113.3, 57.3), (115.2, 61.1), (115.2, 64.8), (115.2, 62.9), (115.2, 61.1), (115.2, 64.8), (115.2, 62.9), (115.2, 61.1), (115.2, 64.8), (115.2, 62.9), (115.2, 61.1), (115.2, 64.8), (115.2, 62.9), (115.2, 61.1), (115.2, 64.8), (115.2, 62.9), (115.2, 61.1), (115.2, 64.8), (115.2, 62.9), (115.2, 61.1), (115.2, 64.8), (115.2, 62.9), (115.2, 61.1), (115.2, 51.7), (130.1, 46.1), (145.1, 51.7), (167.5, 51.7), (180.5, 62.9), (180.5, 77.9), (180.5, 98.4), (184.3, 113.3), (199.2, 115.2), (217.9, 115.2), (236.5, 117.1), (244.0, 128.3), (244.0, 128.3), (244.0, 128.3), (244.0, 128.3), (244.0, 128.3), (244.0, 128.3), (244.0, 128.3), (244.0, 128.3), (244.0, 128.3), (244.0, 128.3), (244.0, 128.3), (244.0, 128.3), (244.0, 128.3), (244.0, 128.3), (244.0, 128.3), (244.0, 128.3), (244.0, 128.3), (244.0, 128.3), (244.0, 128.3), (244.0, 128.3), (244.0, 128.3), (244.0, 128.3), (244.0, 128.3), (244.0, 128.3), (244.0, 128.3), (244.0, 128.3), (244.0, 128.3), (244.0, 128.3), (244.0, 128.3), (244.0, 128.3), (244.0, 128.3), (244.0, 128.3), (244.0, 128.3), (244.0, 128.3), (244.0, 128.3), (244.0, 128.3), (244.0, 128.3), (244.0, 128.3), (244.0, 128.3), (244.0, 128.3), (244.0, 128.3), (244.0, 128.3), (244.0, 128.3), (244.0, 128.3), (244.0, 128.3), (244.0, 128.3), (244.0, 128.3), (244.0, 128.3), (244.0, 128.3), (244.0, 128.3), (244.0, 128.3), (244.0, 128.3), (244.0, 128.3), (244.0, 128.3), (244.0, 128.3), (244.0, 128.3), (244.0, 128.3), (236.5, 139.5), (236.5, 160.0), (232.8, 176.8), (225.3, 180.5), (225.3, 180.5), (225.3, 180.5), (225.3, 180.5), (225.3, 180.5), (225.3, 180.5), (225.3, 180.5), (225.3, 180.5), (225.3, 180.5), (225.3, 180.5), (225.3, 180.5), (225.3, 180.5), (225.3, 180.5), (225.3, 180.5), (225.3, 180.5), (225.3, 180.5), (225.3, 180.5), (225.3, 180.5), (225.3, 180.5), (225.3, 180.5), (225.3, 180.5), (225.3, 180.5), (225.3, 180.5), (225.3, 180.5), (225.3, 180.5), (225.3, 180.5), (225.3, 180.5), (225.3, 180.5), (225.3, 180.5), (225.3, 180.5), (225.3, 180.5), (225.3, 180.5), (225.3, 180.5), (225.3, 180.5), (225.3, 180.5), (225.3, 180.5), (225.3, 180.5), (225.3, 180.5), (225.3, 180.5), (225.3, 180.5), (225.3, 180.5)]",0,0,18.52
experienced,bomberman,7,Bomb,124,0,13.98,0.409,"[(48.0, 48.0), (62.9, 44.3), (77.9, 51.7), (98.4, 51.7), (113.3, 57.3), (115.2, 61.1), (115.2, 64.8), (115.2, 62.9), (115.2, 61.1), (115.2, 64.8), (115.2, 62.9), (115.2, 61.1), (115.2, 64.8), (115.2, 62.9), (115.2, 61.1), (115.2, 64.8), (115.2, 62.9), (115.2, 61.1), (115.2, 64.8), (115.2, 62.9), (115.2, 61.1), (115.2, 64.8), (115.2, 62.9), (115.2, 61.1), (115.2, 64.8), (115.2, 62.9), (115.2, 61.1), (115.2, 51.7), (130.1, 46.1), (145.1, 51.7), (167.5, 51.7), (180.5, 62.9), (180.5, 77.9), (180.5, 98.4), (184.3, 113.3), (199.2, 115.2), (217.9, 115.2), (236.5, 117.1), (244.0, 128.3), (244.0, 128.3), (244.0, 128.3), (244.0, 128.3), (244.0, 128.3), (244.0, 128.3), (244.0, 128.3), (244.0, 128.3), (244.0, 128.3), (244.0, 128.3), (244.0, 128.3), (244.0, 128.3), (244.0, 128.3), (244.0, 128.3), (244.0, 128.3), (244.0, 128.3), (244.0, 128.3), (244.0, 128.3), (244.0, 128.3), (244.0, 128.3), (244.0, 128.3), (244.0, 128.3), (244.0, 128.3), (240.3, 128.3), (236.5, 128.3), (238.4, 128.3), (238.4, 128.3), (238.4, 128.3), (238.4, 128.3), (238.4, 128.3), (238.4, 128.3), (238.4, 128.3), (238.4, 128.3), (238.4, 128.3), (238.4, 128.3), (238.4, 128.3), (238.4, 128.3), (238.4, 128.3), (238.4, 128.3), (238.4, 128.3), (238.4, 128.3), (238.4, 128.3), (238.4, 128.3), (238.4, 128.3), (238.4, 128.3), (238.4, 128.3), (238.4, 128.3), (238.4, 128.3), (238.4, 128.3), (238.4, 128.3), (238.4, 128.3), (238.4, 128.3), (238.4, 128.3)]",0,0,12.02
experienced,bomberman,7,Enemy,63,0,34.75,0.318,"[(48.0, 48.0), (62.9, 44.3), (77.9, 51.7), (98.4, 49.9), (113.3, 44.3), (128.3, 44.3), (143.2, 51.7), (165.6, 51.7), (180.5, 61.1), (180.5, 64.8), (180.5, 62.9), (180.5, 61.1), (180.5, 64.8), (180.5, 62.9), (180.5, 61.1), (180.5, 64.8), (180.5, 62.9), (180.5, 61.1), (180.5, 64.8), (180.5, 62.9), (180.5, 61.1), (180.5, 64.8), (180.5, 62.9), (180.5, 61.1), (180.5, 64.8), (180.5, 62.9), (182.4, 49.9), (197.3, 51.7), (214.1, 51.7), (234.7, 51.7), (244.0, 61.1), (244.0, 64.8), (244.0, 62.9), (244.0, 77.9), (244.0, 83.5), (244.0, 61.1), (244.0, 64.8), (244.0, 62.9)]",0,0,5.05
experienced,bomberman,7,Bomb,5,0,21.0,0.409,"[(48.0, 48.0), (62.9, 44.3), (77.9, 51.7), (98.4, 49.9), (113.3, 44.3), (128.3, 44.3), (143.2, 51.7), (165.6, 51.7), (180.5, 61.1), (180.5, 76.0), (180.5, 96.5), (182.4, 111.5), (197.3, 115.2), (214.1, 115.2), (234.7, 115.2), (242.1, 126.4), (242.1, 126.4), (242.1, 126.4), (242.1, 126.4), (242.1, 126.4), (242.1, 126.4), (242.1, 126.4), (242.1, 126.4), (242.1, 126.4), (242.1, 126.4), (242.1, 126.4), (242.1, 126.4), (242.1, 126.4), (242.1, 126.4), (242.1, 126.4), (242.1, 126.4), (242.1, 126.4), (242.1, 126.4), (244.0, 126.4), (244.0, 126.4), (244.0, 126.4), (244.0, 126.4), (244.0, 126.4), (244.0, 126.4), (244.0, 126.4), (242.1, 126.4), (242.1, 126.4), (242.1, 126.4), (242.1, 126.4), (242.1, 126.4), (242.1, 126.4), (242.1, 126.4), (244.0, 126.4), (244.0, 126.4), (244.0, 126.4), (244.0, 126.4), (244.0, 126.4), (244.0, 126.4), (244.0, 126.4), (242.1, 126.4), (242.1, 126.4), (242.1, 126.4), (236.5, 126.4), (236.5, 124.5), (236.5, 128.3), (236.5, 126.4)]",0,0,8.0
experienced,bomberman,7,Bomb,3,0,10.88,0.455,"[(48.0, 48.0), (62.9, 44.3), (77.9, 51.7), (98.4, 51.7), (113.3, 57.3), (115.2, 72.3), (115.2, 89.1), (115.2, 107.7), (128.3, 115.2), (143.2, 115.2), (165.6, 115.2), (180.5, 124.5), (173.1, 139.5), (173.1, 160.0), (174.9, 161.9), (174.9, 161.9), (174.9, 161.9), (174.9, 161.9), (174.9, 161.9), (174.9, 161.9), (174.9, 161.9), (174.9, 161.9), (174.9, 161.9), (174.9, 161.9), (174.9, 161.9), (174.9, 161.9), (174.9, 161.9), (174.9, 161.9), (173.1, 163.7), (174.9, 161.9), (176.8, 160.0), (174.9, 160.0), (174.9, 160.0), (173.1, 148.8), (173.1, 128.3), (174.9, 126.4), (174.9, 126.4), (174.9, 126.4), (174.9, 126.4), (174.9, 126.4), (173.1, 137.6), (173.1, 156.3), (182.4, 174.9), (197.3, 180.5), (212.3, 180.5), (223.5, 180.5), (223.5, 180.5), (223.5, 180.5), (223.5, 180.5), (223.5, 180.5), (223.5, 180.5), (223.5, 180.5), (223.5, 180.5), (223.5, 180.5), (223.5, 180.5), (223.5, 180.5), (223.5, 180.5), (223.5, 180.5), (223.5, 180.5), (223.5, 180.5), (223.5, 180.5), (223.5, 180.5), (223.5, 180.5), (223.5, 180.5), (223.5, 180.5), (223.5, 180.5), (223.5, 180.5), (223.5, 180.5), (223.5, 180.5), (223.5, 180.5), (223.5, 180.5), (223.5, 180.5), (223.5, 180.5), (223.5, 180.5), (223.5, 180.5), (223.5, 180.5), (223.5, 180.5), (223.5, 180.5), (223.5, 180.5), (223.5, 180.5), (223.5, 180.5), (223.5, 180.5), (223.5, 180.5), (223.5, 180.5), (223.5, 180.5), (223.5, 180.5), (223.5, 180.5), (223.5, 180.5), (223.5, 180.5), (223.5, 180.5), (225.3, 180.5), (223.5, 180.5), (223.5, 180.5), (225.3, 180.5), (223.5, 180.5), (223.5, 180.5), (225.3, 180.5), (223.5, 180.5), (223.5, 180.5), (223.5, 180.5), (223.5, 180.5), (223.5, 180.5), (223.5, 180.5), (223.5, 180.5), (223.5, 180.5), (223.5, 180.5), (223.5, 180.5), (223.5, 180.5), (223.5, 180.5), (223.5, 180.5), (223.5, 180.5), (223.5, 180.5), (223.5, 180.5)]",0,0,14.93
experienced,bomberman,7,Bomb,157,0,14.45,0.409,"[(48.0, 48.0), (62.9, 44.3), (77.9, 51.7), (98.4, 51.7), (113.3, 57.3), (115.2, 61.1), (115.2, 64.8), (115.2, 62.9), (115.2, 61.1), (115.2, 64.8), (115.2, 62.9), (115.2, 61.1), (115.2, 64.8), (115.2, 62.9), (115.2, 61.1), (115.2, 64.8), (115.2, 62.9), (115.2, 61.1), (115.2, 64.8), (115.2, 62.9), (115.2, 61.1), (115.2, 64.8), (115.2, 62.9), (115.2, 61.1), (115.2, 64.8), (115.2, 62.9), (115.2, 61.1), (115.2, 51.7), (130.1, 46.1), (145.1, 51.7), (167.5, 51.7), (180.5, 62.9), (180.5, 77.9), (180.5, 98.4), (184.3, 113.3), (199.2, 115.2), (217.9, 115.2), (236.5, 117.1), (244.0, 128.3), (244.0, 128.3), (244.0, 128.3), (244.0, 128.3), (244.0, 128.3), (244.0, 128.3), (244.0, 128.3), (244.0, 128.3), (244.0, 128.3), (244.0, 128.3), (244.0, 128.3), (244.0, 128.3), (244.0, 128.3), (244.0, 128.3), (244.0, 128.3), (244.0, 128.3), (244.0, 128.3), (244.0, 128.3), (244.0, 128.3), (244.0, 128.3), (244.0, 128.3), (244.0, 128.3), (244.0, 128.3), (244.0, 128.3), (244.0, 128.3), (244.0, 128.3), (244.0, 128.3), (244.0, 128.3), (244.0, 128.3), (244.0, 128.3), (244.0, 128.3), (244.0, 128.3), (244.0, 128.3), (244.0, 128.3), (244.0, 128.3), (244.0, 128.3), (244.0, 128.3), (244.0, 128.3), (244.0, 128.3), (244.0, 128.3), (244.0, 128.3), (244.0, 128.3), (244.0, 128.3), (244.0, 128.3), (244.0, 128.3), (244.0, 128.3), (244.0, 128.3), (244.0, 128.3), (244.0, 128.3), (244.0, 128.3), (244.0, 128.3), (244.0, 128.3), (244.0, 128.3)]",0,0,12.02
experienced,bomberman,7,Bomb,17,0,7.42,0.136,"[(48.0, 48.0), (62.9, 44.3), (77.9, 51.7), (98.4, 51.7), (113.3, 57.3), (115.2, 61.1), (115.2, 64.8), (115.2, 62.9), (115.2, 61.1), (115.2, 64.8), (115.2, 62.9), (115.2, 61.1), (115.2, 64.8), (115.2, 62.9), (115.2, 61.1), (115.2, 64.8), (115.2, 62.9), (115.2, 61.1), (115.2, 64.8), (115.2, 62.9), (115.2, 61.1), (115.2, 64.8), (115.2, 62.9), (115.2, 61.1), (115.2, 64.8), (115.2, 62.9), (115.2, 61.1), (115.2, 64.8), (115.2, 62.9), (115.2, 61.1), (115.2, 64.8), (115.2, 62.9), (115.2, 61.1), (115.2, 64.8), (115.2, 62.9), (115.2, 61.1), (115.2, 64.8), (115.2, 62.9), (115.2, 61.1), (115.2, 64.8), (115.2, 62.9), (115.2, 61.1), (115.2, 64.8), (115.2, 62.9), (115.2, 61.1), (115.2, 64.8), (115.2, 62.9), (115.2, 61.1), (115.2, 64.8), (115.2, 62.9), (115.2, 61.1), (115.2, 64.8), (115.2, 62.9), (115.2, 61.1), (115.2, 64.8), (115.2, 62.9), (115.2, 61.1), (115.2, 64.8), (115.2, 62.9), (115.2, 61.1), (115.2, 64.8), (115.2, 62.9), (115.2, 61.1)]",0,0,8.3
experienced,bomberman,7,Bomb,21,0,13.88,0.409,"[(48.0, 48.0), (62.9, 44.3), (77.9, 51.7), (98.4, 51.7), (113.3, 57.3), (115.2, 61.1), (115.2, 64.8), (115.2, 62.9), (115.2, 61.1), (115.2, 64.8), (115.2, 62.9), (115.2, 61.1), (115.2, 64.8), (115.2, 62.9), (115.2, 61.1), (115.2, 64.8), (115.2, 62.9), (115.2, 61.1), (115.2, 64.8), (115.2, 62.9), (115.2, 61.1), (115.2, 64.8), (115.2, 62.9), (115.2, 61.1), (115.2, 64.8), (115.2, 62.9), (115.2, 61.1), (115.2, 51.7), (130.1, 46.1), (145.1, 51.7), (167.5, 51.7), (167.5, 51.7), (167.5, 51.7), (167.5, 51.7), (173.1, 53.6), (180.5, 68.5), (180.5, 83.5), (180.5, 104.0), (189.9, 115.2), (204.8, 115.2), (227.2, 115.2), (242.1, 122.7), (242.1, 126.4), (242.1, 126.4), (242.1, 126.4), (242.1, 126.4), (242.1, 126.4), (242.1, 126.4), (242.1, 126.4), (242.1, 126.4), (242.1, 126.4), (242.1, 126.4), (242.1, 126.4), (242.1, 126.4), (242.1, 126.4), (242.1, 126.4), (242.1, 126.4), (242.1, 126.4), (242.1, 126.4), (242.1, 126.4), (242.1, 126.4), (242.1, 126.4), (242.1, 126.4), (242.1, 126.4), (242.1, 126.4), (242.1, 126.4), (242.1, 126.4), (242.1, 126.4), (242.1, 126.4), (242.1, 126.4), (242.1, 126.4), (242.1, 126.4), (242.1, 126.4), (242.1, 126.4), (242.1, 126.4), (242.1, 126.4), (242.1, 126.4), (242.1, 126.4), (242.1, 126.4), (242.1, 126.4), (242.1, 126.4), (242.1, 126.4), (242.1, 126.4), (242.1, 126.4), (242.1, 126.4), (242.1, 126.4), (242.1, 126.4), (242.1, 126.4), (236.5, 124.5), (238.4, 128.3), (236.5, 126.4)]",0,0,12.1
experienced,bomberman,7,Stuck,21,0,8.37,0.455,"[(48.0, 48.0), (62.9, 44.3), (77.9, 51.7), (98.4, 51.7), (113.3, 57.3), (115.2, 61.1), (115.2, 64.8), (115.2, 62.9), (115.2, 61.1), (115.2, 64.8), (115.2, 62.9), (115.2, 61.1), (115.2, 64.8), (115.2, 62.9), (115.2, 61.1), (115.2, 64.8), (115.2, 62.9), (115.2, 61.1), (115.2, 64.8), (115.2, 62.9), (115.2, 61.1), (115.2, 64.8), (115.2, 62.9), (115.2, 61.1), (115.2, 64.8), (115.2, 62.9), (115.2, 61.1), (115.2, 51.7), (130.1, 46.1), (145.1, 51.7), (167.5, 51.7), (180.5, 62.9), (180.5, 77.9), (180.5, 98.4), (184.3, 113.3), (199.2, 115.2), (217.9, 115.2), (236.5, 117.1), (244.0, 128.3), (244.0, 128.3), (244.0, 128.3), (244.0, 128.3), (244.0, 128.3), (244.0, 128.3), (244.0, 128.3), (244.0, 128.3), (244.0, 128.3), (244.0, 128.3), (244.0, 128.3), (244.0, 128.3), (244.0, 128.3), (244.0, 128.3), (244.0, 128.3), (244.0, 128.3), (244.0, 128.3), (244.0, 128.3), (244.0, 128.3), (244.0, 128.3), (244.0, 128.3), (244.0, 128.3), (244.0, 128.3), (244.0, 128.3), (244.0, 128.3), (244.0, 128.3), (244.0, 128.3), (244.0, 128.3), (244.0, 128.3), (244.0, 128.3), (244.0, 128.3), (244.0, 128.3), (244.0, 128.3), (244.0, 128.3), (244.0, 128.3), (244.0, 128.3), (244.0, 128.3), (244.0, 128.3), (244.0, 128.3), (244.0, 128.3), (244.0, 128.3), (244.0, 128.3), (244.0, 128.3), (244.0, 128.3), (244.0, 128.3), (244.0, 128.3), (244.0, 128.3), (244.0, 128.3), (244.0, 128.3), (244.0, 128.3), (244.0, 128.3), (244.0, 128.3), (244.0, 128.3), (244.0, 128.3), (244.0, 128.3), (244.0, 128.3), (244.0, 128.3), (236.5, 139.5), (236.5, 160.0), (232.8, 176.8), (225.3, 180.5), (225.3, 180.5), (225.3, 180.5), (225.3, 180.5), (225.3, 180.5), (225.3, 180.5), (225.3, 180.5), (225.3, 180.5), (225.3, 180.5), (225.3, 180.5), (225.3, 180.5), (225.3, 180.5), (225.3, 180.5), (225.3, 180.5), (225.3, 180.5), (225.3, 180.5), (225.3, 180.5), (225.3, 180.5), (225.3, 180.5), (225.3, 180.5), (225.3, 180.5), (225.3, 180.5), (225.3, 180.5), (225.3, 180.5), (225.3, 180.5), (225.3, 180.5), (225.3, 180.5), (225.3, 180.5), (225.3, 180.5), (225.3, 180.5), (225.3, 180.5), (225.3, 180.5), (225.3, 180.5), (225.3, 180.5), (225.3, 180.5), (225.3, 180.5), (225.3, 180.5), (225.3, 180.5), (225.3, 180.5), (225.3, 180.5), (225.3, 180.5)]",0,0,18.52
experienced,bomberman,7,Stuck,35,0,8.87,0.455,"[(48.0, 48.0), (62.9, 51.7), (77.9, 51.7), (98.4, 51.7), (113.3, 57.3), (115.2, 61.1), (115.2, 64.8), (115.2, 62.9), (115.2, 61.1), (115.2, 64.8), (115.2, 62.9), (115.2, 61.1), (115.2, 64.8), (115.2, 62.9), (115.2, 61.1), (115.2, 64.8), (115.2, 62.9), (115.2, 61.1), (115.2, 64.8), (115.2, 62.9), (115.2, 61.1), (115.2, 64.8), (115.2, 62.9), (115.2, 61.1), (115.2, 64.8), (115.2, 62.9), (115.2, 61.1), (115.2, 64.8), (115.2, 62.9), (115.2, 61.1), (115.2, 64.8), (118.9, 48.0), (133.9, 49.9), (150.7, 51.7), (171.2, 51.7), (180.5, 66.7), (180.5, 81.6), (180.5, 102.1), (188.0, 115.2), (202.9, 115.2), (225.3, 115.2), (240.3, 120.8), (244.0, 128.3), (244.0, 128.3), (244.0, 128.3), (244.0, 128.3), (244.0, 128.3), (244.0, 128.3), (244.0, 128.3), (244.0, 128.3), (244.0, 128.3), (244.0, 128.3), (244.0, 128.3), (244.0, 128.3), (244.0, 128.3), (244.0, 128.3), (244.0, 128.3), (244.0, 128.3), (244.0, 128.3), (244.0, 128.3), (244.0, 128.3), (244.0, 128.3), (244.0, 128.3), (244.0, 128.3), (244.0, 128.3), (244.0, 128.3), (244.0, 128.3), (244.0, 128.3), (244.0, 128.3), (244.0, 128.3), (244.0, 128.3), (244.0, 128.3), (244.0, 128.3), (244.0, 128.3), (244.0, 128.3), (244.0, 128.3), (244.0, 128.3), (244.0, 128.3), (244.0, 128.3), (244.0, 128.3), (244.0, 128.3), (244.0, 128.3), (244.0, 128.3), (244.0, 128.3), (244.0, 128.3), (244.0, 128.3), (244.0, 128.3), (244.0, 128.3), (244.0, 128.3), (244.0, 128.3), (236.5, 139.5), (236.5, 160.0), (232.8, 176.8), (225.3, 180.5), (225.3, 180.5), (225.3, 180.5), (225.3, 180.5), (225.3, 180.5), (225.3, 180.5), (225.3, 180.5), (225.3, 180.5), (225.3, 180.5), (225.3, 180.5), (225.3, 180.5), (225.3, 180.5), (225.3, 180.5), (225.3, 180.5), (225.3, 180.5), (225.3, 180.5), (225.3, 180.5), (225.3, 180.5), (225.3, 180.5), (225.3, 180.5), (225.3, 180.5), (225.3, 180.5), (225.3, 180.5), (225.3, 180.5), (225.3, 180.5), (223.5, 180.5), (225.3, 180.5), (223.5, 180.5), (223.5, 180.5), (225.3, 180.5), (223.5, 180.5), (223.5, 180.5), (223.5, 180.5), (223.5, 180.5), (223.5, 180.5), (223.5, 180.5), (223.5, 180.5), (223.5, 180.5), (223.5, 180.5), (223.5, 180.5)]",0,0,17.68
experienced,bomberman,7,Stuck,50,0,8.95,0.455,"[(48.0, 48.0), (62.9, 44.3), (77.9, 51.7), (98.4, 51.7), (113.3, 57.3), (115.2, 61.1), (115.2, 64.8), (115.2, 62.9), (115.2, 61.1), (115.2, 64.8), (115.2, 62.9), (115.2, 61.1), (115.2, 64.8), (115.2, 62.9), (115.2, 61.1), (115.2, 64.8), (115.2, 62.9), (115.2, 61.1), (115.2, 64.8), (115.2, 62.9), (115.2, 61.1), (115.2, 64.8), (115.2, 62.9), (115.2, 61.1), (115.2, 64.8), (115.2, 62.9), (115.2, 61.1), (115.2, 51.7), (130.1, 46.1), (145.1, 51.7), (167.5, 51.7), (180.5, 62.9), (180.5, 77.9), (180.5, 98.4), (184.3, 113.3), (199.2, 115.2), (217.9, 115.2), (236.5, 117.1), (244.0, 128.3), (244.0, 128.3), (244.0, 128.3), (244.0, 128.3), (244.0, 128.3), (244.0, 128.3), (244.0, 128.3), (244.0, 128.3), (244.0, 128.3), (244.0, 128.3), (244.0, 128.3), (244.0, 128.3), (244.0, 128.3), (244.0, 128.3), (244.0, 128.3), (244.0, 128.3), (244.0, 128.3), (244.0, 128.3), (244.0, 128.3), (244.0, 128.3), (244.0, 128.3), (244.0, 128.3), (244.0, 128.3), (244.0, 128.3), (244.0, 128.3), (244.0, 128.3), (244.0, 128.3), (244.0, 128.3), (244.0, 128.3), (244.0, 128.3), (244.0, 128.3), (244.0, 128.3), (244.0, 128.3), (244.0, 128.3), (244.0, 128.3), (244.0, 128.3), (244.0, 128.3), (244.0, 128.3), (236.5, 143.2), (236.5, 165.6), (229.1, 180.5), (225.3, 180.5), (225.3, 180.5), (225.3, 180.5), (225.3, 180.5), (225.3, 180.5), (225.3, 180.5), (225.3, 180.5), (225.3, 180.5), (225.3, 180.5), (225.3, 180.5), (225.3, 180.5), (225.3, 180.5), (225.3, 180.5), (225.3, 180.5), (225.3, 180.5), (225.3, 180.5), (225.3, 180.5), (225.3, 180.5), (225.3, 180.5), (225.3, 180.5), (225.3, 180.5), (225.3, 180.5), (225.3, 180.5), (225.3, 180.5), (225.3, 180.5), (225.3, 180.5), (223.5, 180.5), (223.5, 180.5), (225.3, 180.5), (223.5, 180.5), (223.5, 180.5), (225.3, 180.5), (223.5, 180.5), (223.5, 180.5), (223.5, 180.5), (223.5, 180.5), (223.5, 180.5), (223.5, 180.5), (223.5, 180.5), (223.5, 180.5), (223.5, 180.5), (223.5, 180.5), (223.5, 180.5), (223.5, 180.5), (223.5, 180.5), (223.5, 180.5), (223.5, 180.5), (223.5, 180.5), (223.5, 180.5), (223.5, 180.5), (223.5, 180.5), (223.5, 180.5), (223.5, 180.5)]",0,0,17.52
experienced,bomberman,7,Bomb,21,0,13.88,0.409,"[(48.0, 48.0), (62.9, 44.3), (77.9, 51.7), (98.4, 51.7), (113.3, 57.3), (115.2, 61.1), (115.2, 64.8), (115.2, 62.9), (115.2, 61.1), (115.2, 64.8), (115.2, 62.9), (115.2, 61.1), (115.2, 64.8), (115.2, 62.9), (115.2, 61.1), (115.2, 64.8), (115.2, 62.9), (115.2, 61.1), (115.2, 64.8), (115.2, 62.9), (115.2, 61.1), (115.2, 64.8), (115.2, 62.9), (115.2, 61.1), (115.2, 64.8), (115.2, 62.9), (115.2, 61.1), (115.2, 51.7), (130.1, 46.1), (145.1, 51.7), (167.5, 51.7), (167.5, 51.7), (167.5, 51.7), (167.5, 51.7), (173.1, 53.6), (180.5, 68.5), (180.5, 83.5), (180.5, 104.0), (189.9, 115.2), (204.8, 115.2), (227.2, 115.2), (242.1, 122.7), (242.1, 126.4), (242.1, 126.4), (242.1, 126.4), (242.1, 126.4), (242.1, 126.4), (242.1, 126.4), (242.1, 126.4), (242.1, 126.4), (242.1, 126.4), (242.1, 126.4), (242.1, 126.4), (242.1, 126.4), (242.1, 126.4), (242.1, 126.4), (242.1, 126.4), (242.1, 126.4), (242.1, 126.4), (242.1, 126.4), (242.1, 126.4), (242.1, 126.4), (242.1, 126.4), (242.1, 126.4), (242.1, 126.4), (242.1, 126.4), (242.1, 126.4), (242.1, 126.4), (242.1, 126.4), (242.1, 126.4), (242.1, 126.4), (242.1, 126.4), (242.1, 126.4), (242.1, 126.4), (242.1, 126.4), (242.1, 126.4), (242.1, 126.4), (242.1, 126.4), (242.1, 126.4), (242.1, 126.4), (242.1, 126.4), (242.1, 126.4), (242.1, 126.4), (242.1, 126.4), (242.1, 126.4), (242.1, 126.4), (242.1, 126.4), (242.1, 126.4), (236.5, 124.5), (238.4, 128.3), (236.5, 126.4)]",0,0,12.1
experienced,bomberman,7,Bomb,1,0,14.78,0.136,"[(48.0, 48.0), (62.9, 51.7), (77.9, 51.7), (98.4, 51.7), (113.3, 57.3), (115.2, 61.1), (115.2, 64.8), (115.2, 62.9), (115.2, 61.1), (115.2, 64.8), (115.2, 62.9), (115.2, 61.1), (115.2, 64.8), (115.2, 62.9), (115.2, 61.1), (115.2, 64.8), (115.2, 62.9), (115.2, 61.1), (115.2, 64.8), (115.2, 62.9), (115.2, 61.1), (115.2, 64.8), (115.2, 62.9), (115.2, 61.1), (115.2, 64.8), (115.2, 62.9), (115.2, 61.1), (115.2, 64.8), (115.2, 62.9), (115.2, 61.1), (115.2, 64.8), (115.2, 62.9)]",0,0,4.17
experienced,bomberman,7,Bomb,174,0,18.82,0.5,"[(48.0, 48.0), (62.9, 44.3), (77.9, 51.7), (98.4, 49.9), (113.3, 44.3), (128.3, 44.3), (143.2, 51.7), (165.6, 48.0), (180.5, 44.3), (195.5, 46.1), (210.4, 51.7), (232.8, 51.7), (244.0, 64.8), (244.0, 62.9), (244.0, 61.1), (244.0, 64.8), (244.0, 62.9), (244.0, 61.1), (244.0, 64.8), (244.0, 62.9), (244.0, 61.1), (244.0, 64.8), (244.0, 62.9), (244.0, 61.1), (244.0, 64.8), (244.0, 62.9), (244.0, 62.9), (244.0, 74.1), (244.0, 89.1), (244.0, 104.0), (253.3, 115.2), (257.1, 115.2), (257.1, 115.2), (257.1, 115.2), (257.1, 115.2), (257.1, 115.2), (257.1, 115.2), (257.1, 115.2), (257.1, 115.2), (257.1, 115.2), (257.1, 115.2), (257.1, 115.2), (257.1, 115.2), (257.1, 115.2), (257.1, 115.2), (257.1, 115.2), (257.1, 115.2), (257.1, 115.2), (257.1, 115.2), (257.1, 115.2), (257.1, 115.2), (257.1, 115.2), (257.1, 115.2), (257.1, 115.2), (257.1, 115.2), (257.1, 115.2), (257.1, 115.2), (268.3, 115.2), (288.8, 115.2), (303.7, 120.8), (307.5, 124.5), (307.5, 128.3), (307.5, 126.4), (307.5, 124.5), (307.5, 126.4), (307.5, 126.4), (307.5, 126.4), (307.5, 126.4), (307.5, 126.4), (307.5, 126.4), (307.5, 126.4), (307.5, 126.4), (307.5, 126.4), (307.5, 126.4), (307.5, 126.4), (307.5, 126.4), (307.5, 126.4), (307.5, 126.4), (307.5, 126.4), (307.5, 126.4), (307.5, 126.4), (307.5, 126.4), (307.5, 126.4), (307.5, 126.4), (307.5, 126.4), (307.5, 126.4), (307.5, 126.4), (301.9, 126.4), (300.0, 126.4), (300.0, 124.5), (300.0, 128.3)]",0,0,12.0
experienced,bomberman,7,Bomb,152,0,19.05,0.5,"[(48.0, 48.0), (62.9, 44.3), (77.9, 51.7), (98.4, 51.7), (113.3, 57.3), (115.2, 61.1), (115.2, 64.8), (115.2, 62.9), (115.2, 61.1), (115.2, 64.8), (115.2, 62.9), (115.2, 61.1), (115.2, 64.8), (115.2, 62.9), (115.2, 61.1), (115.2, 64.8), (115.2, 62.9), (115.2, 61.1), (115.2, 64.8), (115.2, 62.9), (115.2, 61.1), (115.2, 64.8), (115.2, 62.9), (115.2, 61.1), (115.2, 64.8), (115.2, 62.9), (115.2, 61.1), (115.2, 64.8), (115.2, 53.6), (128.3, 44.3), (143.2, 51.7), (165.6, 51.7), (180.5, 44.3), (195.5, 51.7), (210.4, 51.7), (232.8, 51.7), (244.0, 64.8), (244.0, 79.7), (244.0, 100.3), (249.6, 115.2), (264.5, 115.2), (283.2, 115.2), (300.0, 117.1), (307.5, 128.3), (307.5, 128.3), (307.5, 128.3), (307.5, 128.3), (307.5, 128.3), (307.5, 128.3), (307.5, 128.3), (307.5, 128.3), (307.5, 128.3), (307.5, 128.3), (307.5, 128.3), (307.5, 128.3), (307.5, 128.3), (307.5, 128.3), (307.5, 128.3), (307.5, 128.3), (307.5, 128.3), (307.5, 128.3), (307.5, 128.3), (307.5, 128.3), (307.5, 128.3), (307.5, 128.3), (307.5, 128.3), (307.5, 128.3), (307.5, 128.3), (307.5, 128.3), (307.5, 128.3), (307.5, 128.3), (307.5, 128.3), (307.5, 128.3), (307.5, 128.3), (307.5, 128.3), (307.5, 128.3), (307.5, 128.3), (307.5, 128.3), (307.5, 128.3), (307.5, 128.3), (307.5, 128.3), (307.5, 128.3), (307.5, 128.3), (307.5, 128.3), (307.5, 128.3), (307.5, 128.3), (307.5, 128.3), (307.5, 128.3), (307.5, 128.3), (307.5, 128.3), (307.5, 128.3), (307.5, 128.3)]",1,0,12.15
experienced,bomberman,7,Stuck,126,0,8.86,0.455,"[(48.0, 48.0), (62.9, 51.7), (77.9, 51.7), (98.4, 51.7), (113.3, 57.3), (115.2, 61.1), (115.2, 64.8), (115.2, 62.9), (115.2, 61.1), (115.2, 64.8), (115.2, 62.9), (115.2, 61.1), (115.2, 64.8), (115.2, 62.9), (115.2, 61.1), (115.2, 64.8), (115.2, 62.9), (115.2, 61.1), (115.2, 64.8), (115.2, 62.9), (115.2, 61.1), (115.2, 64.8), (115.2, 62.9), (115.2, 61.1), (115.2, 64.8), (115.2, 62.9), (115.2, 61.1), (115.2, 51.7), (130.1, 46.1), (145.1, 51.7), (167.5, 51.7), (173.1, 62.9), (180.5, 77.9), (180.5, 98.4), (184.3, 113.3), (199.2, 115.2), (217.9, 115.2), (236.5, 117.1), (244.0, 128.3), (244.0, 128.3), (244.0, 128.3), (244.0, 128.3), (244.0, 128.3), (244.0, 128.3), (244.0, 128.3), (244.0, 128.3), (244.0, 128.3), (244.0, 128.3), (244.0, 128.3), (244.0, 128.3), (244.0, 128.3), (244.0, 128.3), (244.0, 128.3), (244.0, 128.3), (244.0, 128.3), (244.0, 128.3), (244.0, 128.3), (244.0, 128.3), (244.0, 128.3), (244.0, 128.3), (244.0, 128.3), (240.3, 128.3), (240.3, 128.3), (240.3, 128.3), (240.3, 128.3), (240.3, 128.3), (240.3, 128.3), (240.3, 128.3), (240.3, 128.3), (240.3, 128.3), (240.3, 128.3), (240.3, 128.3), (240.3, 128.3), (240.3, 128.3), (240.3, 128.3), (240.3, 128.3), (240.3, 128.3), (240.3, 128.3), (240.3, 128.3), (240.3, 128.3), (240.3, 128.3), (240.3, 128.3), (240.3, 128.3), (240.3, 128.3), (240.3, 128.3), (240.3, 128.3), (240.3, 128.3), (236.5, 126.4), (236.5, 135.7), (236.5, 152.5), (236.5, 173.1), (225.3, 180.5), (225.3, 180.5), (225.3, 180.5), (225.3, 180.5), (225.3, 180.5), (225.3, 180.5), (225.3, 180.5), (225.3, 180.5), (225.3, 180.5), (225.3, 180.5), (225.3, 180.5), (225.3, 180.5), (225.3, 180.5), (225.3, 180.5), (225.3, 180.5), (225.3, 180.5), (225.3, 180.5), (225.3, 180.5), (225.3, 180.5), (225.3, 180.5), (225.3, 180.5), (225.3, 180.5), (225.3, 180.5), (225.3, 180.5), (225.3, 180.5), (225.3, 180.5), (225.3, 180.5), (225.3, 180.5), (225.3, 180.5), (225.3, 180.5), (225.3, 180.5), (225.3, 180.5), (225.3, 180.5), (225.3, 180.5), (225.3, 180.5), (225.3, 180.5), (225.3, 180.5), (225.3, 180.5), (225.3, 180.5), (225.3, 180.5), (225.3, 180.5)]",0,0,17.48
experienced,bomberman,7,Stuck,2,0,16.56,0.455,"[(48.0, 48.0), (62.9, 51.7), (77.9, 51.7), (98.4, 51.7), (113.3, 57.3), (115.2, 72.3), (115.2, 89.1), (115.2, 107.7), (128.3, 115.2), (143.2, 115.2), (165.6, 115.2), (180.5, 124.5), (180.5, 139.5), (180.5, 154.4), (180.5, 169.3), (191.7, 180.5), (206.7, 180.5), (225.3, 180.5), (225.3, 180.5), (225.3, 180.5), (225.3, 180.5), (225.3, 180.5), (225.3, 180.5), (225.3, 180.5), (225.3, 180.5), (225.3, 180.5), (225.3, 180.5), (225.3, 180.5), (225.3, 180.5), (225.3, 180.5), (225.3, 180.5), (223.5, 180.5), (223.5, 180.5), (223.5, 180.5), (225.3, 180.5), (225.3, 180.5), (225.3, 180.5), (225.3, 180.5), (225.3, 180.5), (225.3, 180.5), (225.3, 180.5), (225.3, 180.5), (225.3, 180.5), (225.3, 180.5), (225.3, 180.5), (225.3, 180.5), (225.3, 180.5), (225.3, 180.5), (225.3, 180.5), (225.3, 180.5), (225.3, 180.5), (225.3, 180.5), (225.3, 180.5), (225.3, 180.5), (225.3, 180.5), (225.3, 180.5), (225.3, 180.5), (225.3, 180.5), (225.3, 180.5), (225.3, 180.5), (225.3, 180.5), (225.3, 180.5), (225.3, 180.5), (225.3, 180.5), (225.3, 180.5), (225.3, 180.5), (225.3, 180.5), (225.3, 180.5), (225.3, 180.5), (225.3, 180.5), (225.3, 180.5), (225.3, 180.5)]",0,0,9.47
experienced,bomberman,7,Bomb,19,0,24.1,0.5,"[(48.0, 48.0), (62.9, 44.3), (77.9, 51.7), (98.4, 49.9), (113.3, 44.3), (128.3, 44.3), (143.2, 51.7), (165.6, 51.7), (180.5, 61.1), (180.5, 64.8), (180.5, 62.9), (180.5, 61.1), (180.5, 64.8), (180.5, 62.9), (180.5, 61.1), (180.5, 64.8), (180.5, 62.9), (180.5, 61.1), (180.5, 64.8), (180.5, 62.9), (180.5, 61.1), (180.5, 64.8), (180.5, 62.9), (180.5, 61.1), (180.5, 64.8), (180.5, 62.9), (184.3, 48.0), (199.2, 51.7), (217.9, 51.7), (236.5, 53.6), (244.0, 68.5), (244.0, 83.5), (244.0, 98.4), (247.7, 113.3), (255.2, 115.2), (255.2, 115.2), (255.2, 115.2), (255.2, 115.2), (255.2, 115.2), (255.2, 115.2), (266.4, 115.2), (286.9, 115.2), (301.9, 118.9), (305.6, 126.4), (305.6, 126.4), (305.6, 126.4), (305.6, 126.4), (305.6, 126.4), (305.6, 126.4), (305.6, 126.4), (305.6, 126.4), (305.6, 126.4), (305.6, 126.4), (305.6, 126.4), (305.6, 126.4), (305.6, 126.4), (305.6, 126.4), (305.6, 126.4), (305.6, 126.4), (305.6, 126.4), (305.6, 126.4), (305.6, 126.4), (305.6, 126.4), (305.6, 126.4), (305.6, 126.4), (305.6, 126.4), (305.6, 126.4), (305.6, 126.4), (305.6, 126.4), (305.6, 126.4), (305.6, 126.4), (305.6, 126.4), (305.6, 126.4)]",0,0,9.68
experienced,bomberman,7,Bomb,152,0,19.05,0.5,"[(48.0, 48.0), (62.9, 44.3), (77.9, 51.7), (98.4, 51.7), (113.3, 57.3), (115.2, 61.1), (115.2, 64.8), (115.2, 62.9), (115.2, 61.1), (115.2, 64.8), (115.2, 62.9), (115.2, 61.1), (115.2, 64.8), (115.2, 62.9), (115.2, 61.1), (115.2, 64.8), (115.2, 62.9), (115.2, 61.1), (115.2, 64.8), (115.2, 62.9), (115.2, 61.1), (115.2, 64.8), (115.2, 62.9), (115.2, 61.1), (115.2, 64.8), (115.2, 62.9), (115.2, 61.1), (115.2, 64.8), (115.2, 53.6), (128.3, 44.3), (143.2, 51.7), (165.6, 51.7), (180.5, 44.3), (195.5, 51.7), (210.4, 51.7), (232.8, 51.7), (244.0, 64.8), (244.0, 79.7), (244.0, 100.3), (249.6, 115.2), (264.5, 115.2), (283.2, 115.2), (300.0, 117.1), (307.5, 128.3), (307.5, 128.3), (307.5, 128.3), (307.5, 128.3), (307.5, 128.3), (307.5, 128.3), (307.5, 128.3), (307.5, 128.3), (307.5, 128.3), (307.5, 128.3), (307.5, 128.3), (307.5, 128.3), (307.5, 128.3), (307.5, 128.3), (307.5, 128.3), (307.5, 128.3), (307.5, 128.3), (307.5, 128.3), (307.5, 128.3), (307.5, 128.3), (307.5, 128.3), (307.5, 128.3), (307.5, 128.3), (307.5, 128.3), (307.5, 128.3), (307.5, 128.3), (307.5, 128.3), (307.5, 128.3), (307.5, 128.3), (307.5, 128.3), (307.5, 128.3), (307.5, 128.3), (307.5, 128.3), (307.5, 128.3), (307.5, 128.3), (307.5, 128.3), (307.5, 128.3), (307.5, 128.3), (307.5, 128.3), (307.5, 128.3), (307.5, 128.3), (307.5, 128.3), (307.5, 128.3), (307.5, 128.3), (307.5, 128.3), (307.5, 128.3), (307.5, 128.3), (307.5, 128.3), (307.5, 128.3)]",1,0,12.15
experienced,bomberman,7,Stuck,126,0,8.86,0.455,"[(48.0, 48.0), (62.9, 51.7), (77.9, 51.7), (98.4, 51.7), (113.3, 57.3), (115.2, 61.1), (115.2, 64.8), (115.2, 62.9), (115.2, 61.1), (115.2, 64.8), (115.2, 62.9), (115.2, 61.1), (115.2, 64.8), (115.2, 62.9), (115.2, 61.1), (115.2, 64.8), (115.2, 62.9), (115.2, 61.1), (115.2, 64.8), (115.2, 62.9), (115.2, 61.1), (115.2, 64.8), (115.2, 62.9), (115.2, 61.1), (115.2, 64.8), (115.2, 62.9), (115.2, 61.1), (115.2, 51.7), (130.1, 46.1), (145.1, 51.7), (167.5, 51.7), (173.1, 62.9), (180.5, 77.9), (180.5, 98.4), (184.3, 113.3), (199.2, 115.2), (217.9, 115.2), (236.5, 117.1), (244.0, 128.3), (244.0, 128.3), (244.0, 128.3), (244.0, 128.3), (244.0, 128.3), (244.0, 128.3), (244.0, 128.3), (244.0, 128.3), (244.0, 128.3), (244.0, 128.3), (244.0, 128.3), (244.0, 128.3), (244.0, 128.3), (244.0, 128.3), (244.0, 128.3), (244.0, 128.3), (244.0, 128.3), (244.0, 128.3), (244.0, 128.3), (244.0, 128.3), (244.0, 128.3), (244.0, 128.3), (244.0, 128.3), (240.3, 128.3), (240.3, 128.3), (240.3, 128.3), (240.3, 128.3), (240.3, 128.3), (240.3, 128.3), (240.3, 128.3), (240.3, 128.3), (240.3, 128.3), (240.3, 128.3), (240.3, 128.3), (240.3, 128.3), (240.3, 128.3), (240.3, 128.3), (240.3, 128.3), (240.3, 128.3), (240.3, 128.3), (240.3, 128.3), (240.3, 128.3), (240.3, 128.3), (240.3, 128.3), (240.3, 128.3), (240.3, 128.3), (240.3, 128.3), (240.3, 128.3), (240.3, 128.3), (236.5, 126.4), (236.5, 135.7), (236.5, 152.5), (236.5, 173.1), (225.3, 180.5), (225.3, 180.5), (225.3, 180.5), (225.3, 180.5), (225.3, 180.5), (225.3, 180.5), (225.3, 180.5), (225.3, 180.5), (225.3, 180.5), (225.3, 180.5), (225.3, 180.5), (225.3, 180.5), (225.3, 180.5), (225.3, 180.5), (225.3, 180.5), (225.3, 180.5), (225.3, 180.5), (225.3, 180.5), (225.3, 180.5), (225.3, 180.5), (225.3, 180.5), (225.3, 180.5), (225.3, 180.5), (225.3, 180.5), (225.3, 180.5), (225.3, 180.5), (225.3, 180.5), (225.3, 180.5), (225.3, 180.5), (225.3, 180.5), (225.3, 180.5), (225.3, 180.5), (225.3, 180.5), (225.3, 180.5), (225.3, 180.5), (225.3, 180.5), (225.3, 180.5), (225.3, 180.5), (225.3, 180.5), (225.3, 180.5), (225.3, 180.5)]",0,0,17.48
experienced,bomberman,7,Stuck,50,0,8.95,0.455,"[(48.0, 48.0), (62.9, 44.3), (77.9, 51.7), (98.4, 51.7), (113.3, 57.3), (115.2, 61.1), (115.2, 64.8), (115.2, 62.9), (115.2, 61.1), (115.2, 64.8), (115.2, 62.9), (115.2, 61.1), (115.2, 64.8), (115.2, 62.9), (115.2, 61.1), (115.2, 64.8), (115.2, 62.9), (115.2, 61.1), (115.2, 64.8), (115.2, 62.9), (115.2, 61.1), (115.2, 64.8), (115.2, 62.9), (115.2, 61.1), (115.2, 64.8), (115.2, 62.9), (115.2, 61.1), (115.2, 51.7), (130.1, 46.1), (145.1, 51.7), (167.5, 51.7), (180.5, 62.9), (180.5, 77.9), (180.5, 98.4), (184.3, 113.3), (199.2, 115.2), (217.9, 115.2), (236.5, 117.1), (244.0, 128.3), (244.0, 128.3), (244.0, 128.3), (244.0, 128.3), (244.0, 128.3), (244.0, 128.3), (244.0, 128.3), (244.0, 128.3), (244.0, 128.3), (244.0, 128.3), (244.0, 128.3), (244.0, 128.3), (244.0, 128.3), (244.0, 128.3), (244.0, 128.3), (244.0, 128.3), (244.0, 128.3), (244.0, 128.3), (244.0, 128.3), (244.0, 128.3), (244.0, 128.3), (244.0, 128.3), (244.0, 128.3), (244.0, 128.3), (244.0, 128.3), (244.0, 128.3), (244.0, 128.3), (244.0, 128.3), (244.0, 128.3), (244.0, 128.3), (244.0, 128.3), (244.0, 128.3), (244.0, 128.3), (244.0, 128.3), (244.0, 128.3), (244.0, 128.3), (244.0, 128.3), (244.0, 128.3), (236.5, 143.2), (236.5, 165.6), (229.1, 180.5), (225.3, 180.5), (225.3, 180.5), (225.3, 180.5), (225.3, 180.5), (225.3, 180.5), (225.3, 180.5), (225.3, 180.5), (225.3, 180.5), (225.3, 180.5), (225.3, 180.5), (225.3, 180.5), (225.3, 180.5), (225.3, 180.5), (225.3, 180.5), (225.3, 180.5), (225.3, 180.5), (225.3, 180.5), (225.3, 180.5), (225.3, 180.5), (225.3, 180.5), (225.3, 180.5), (225.3, 180.5), (225.3, 180.5), (225.3, 180.5), (225.3, 180.5), (225.3, 180.5), (223.5, 180.5), (223.5, 180.5), (225.3, 180.5), (223.5, 180.5), (223.5, 180.5), (225.3, 180.5), (223.5, 180.5), (223.5, 180.5), (223.5, 180.5), (223.5, 180.5), (223.5, 180.5), (223.5, 180.5), (223.5, 180.5), (223.5, 180.5), (223.5, 180.5), (223.5, 180.5), (223.5, 180.5), (223.5, 180.5), (223.5, 180.5), (223.5, 180.5), (223.5, 180.5), (223.5, 180.5), (223.5, 180.5), (223.5, 180.5), (223.5, 180.5), (223.5, 180.5), (223.5, 180.5)]",0,0,17.52
experienced,bomberman,7,Stuck,35,0,8.87,0.455,"[(48.0, 48.0), (62.9, 51.7), (77.9, 51.7), (98.4, 51.7), (113.3, 57.3), (115.2, 61.1), (115.2, 64.8), (115.2, 62.9), (115.2, 61.1), (115.2, 64.8), (115.2, 62.9), (115.2, 61.1), (115.2, 64.8), (115.2, 62.9), (115.2, 61.1), (115.2, 64.8), (115.2, 62.9), (115.2, 61.1), (115.2, 64.8), (115.2, 62.9), (115.2, 61.1), (115.2, 64.8), (115.2, 62.9), (115.2, 61.1), (115.2, 64.8), (115.2, 62.9), (115.2, 61.1), (115.2, 64.8), (115.2, 62.9), (115.2, 61.1), (115.2, 64.8), (118.9, 48.0), (133.9, 49.9), (150.7, 51.7), (171.2, 51.7), (180.5, 66.7), (180.5, 81.6), (180.5, 102.1), (188.0, 115.2), (202.9, 115.2), (225.3, 115.2), (240.3, 120.8), (244.0, 128.3), (244.0, 128.3), (244.0, 128.3), (244.0, 128.3), (244.0, 128.3), (244.0, 128.3), (244.0, 128.3), (244.0, 128.3), (244.0, 128.3), (244.0, 128.3), (244.0, 128.3), (244.0, 128.3), (244.0, 128.3), (244.0, 128.3), (244.0, 128.3), (244.0, 128.3), (244.0, 128.3), (244.0, 128.3), (244.0, 128.3), (244.0, 128.3), (244.0, 128.3), (244.0, 128.3), (244.0, 128.3), (244.0, 128.3), (244.0, 128.3), (244.0, 128.3), (244.0, 128.3), (244.0, 128.3), (244.0, 128.3), (244.0, 128.3), (244.0, 128.3), (244.0, 128.3), (244.0, 128.3), (244.0, 128.3), (244.0, 128.3), (244.0, 128.3), (244.0, 128.3), (244.0, 128.3), (244.0, 128.3), (244.0, 128.3), (244.0, 128.3), (244.0, 128.3), (244.0, 128.3), (244.0, 128.3), (244.0, 128.3), (244.0, 128.3), (244.0, 128.3), (244.0, 128.3), (236.5, 139.5), (236.5, 160.0), (232.8, 176.8), (225.3, 180.5), (225.3, 180.5), (225.3, 180.5), (225.3, 180.5), (225.3, 180.5), (225.3, 180.5), (225.3, 180.5), (225.3, 180.5), (225.3, 180.5), (225.3, 180.5), (225.3, 180.5), (225.3, 180.5), (225.3, 180.5), (225.3, 180.5), (225.3, 180.5), (225.3, 180.5), (225.3, 180.5), (225.3, 180.5), (225.3, 180.5), (225.3, 180.5), (225.3, 180.5), (225.3, 180.5), (225.3, 180.5), (225.3, 180.5), (225.3, 180.5), (223.5, 180.5), (225.3, 180.5), (223.5, 180.5), (223.5, 180.5), (225.3, 180.5), (223.5, 180.5), (223.5, 180.5), (223.5, 180.5), (223.5, 180.5), (223.5, 180.5), (223.5, 180.5), (223.5, 180.5), (223.5, 180.5), (223.5, 180.5), (223.5, 180.5)]",0,0,17.68
experienced,bomberman,7,Bomb,14,0,10.49,0.455,"[(48.0, 48.0), (62.9, 44.3), (77.9, 51.7), (98.4, 49.9), (113.3, 44.3), (128.3, 44.3), (143.2, 51.7), (165.6, 51.7), (180.5, 61.1), (180.5, 76.0), (180.5, 96.5), (182.4, 111.5), (197.3, 115.2), (214.1, 115.2), (234.7, 115.2), (242.1, 126.4), (242.1, 126.4), (242.1, 126.4), (242.1, 126.4), (242.1, 126.4), (242.1, 126.4), (242.1, 126.4), (242.1, 126.4), (242.1, 126.4), (242.1, 126.4), (242.1, 126.4), (242.1, 126.4), (242.1, 126.4), (242.1, 126.4), (242.1, 126.4), (242.1, 126.4), (242.1, 126.4), (242.1, 126.4), (242.1, 126.4), (242.1, 126.4), (242.1, 126.4), (242.1, 126.4), (242.1, 126.4), (242.1, 126.4), (242.1, 126.4), (242.1, 126.4), (242.1, 126.4), (242.1, 126.4), (242.1, 126.4), (242.1, 126.4), (242.1, 126.4), (242.1, 126.4), (242.1, 126.4), (242.1, 126.4), (242.1, 126.4), (242.1, 126.4), (242.1, 126.4), (242.1, 126.4), (242.1, 126.4), (242.1, 126.4), (242.1, 126.4), (242.1, 126.4), (238.4, 130.1), (236.5, 135.7), (236.5, 152.5), (236.5, 173.1), (225.3, 180.5), (225.3, 180.5), (225.3, 180.5), (225.3, 180.5), (225.3, 180.5), (225.3, 180.5), (225.3, 180.5), (225.3, 180.5), (225.3, 180.5), (225.3, 180.5), (225.3, 180.5), (225.3, 180.5), (225.3, 180.5), (225.3, 180.5), (225.3, 180.5), (225.3, 180.5), (225.3, 180.5), (225.3, 180.5), (225.3, 180.5), (225.3, 180.5), (225.3, 180.5), (225.3, 180.5), (223.5, 180.5), (223.5, 180.5), (223.5, 180.5), (223.5, 180.5), (223.5, 180.5), (223.5, 180.5), (223.5, 180.5), (225.3, 180.5), (223.5, 180.5), (223.5, 180.5), (225.3, 180.5), (223.5, 180.5), (223.5, 180.5), (225.3, 180.5), (223.5, 180.5), (223.5, 180.5), (223.5, 180.5), (223.5, 180.5), (223.5, 180.5), (223.5, 180.5), (223.5, 180.5), (223.5, 180.5), (223.5, 180.5), (223.5, 180.5), (223.5, 180.5), (223.5, 180.5), (223.5, 180.5), (223.5, 180.5), (223.5, 180.5), (223.5, 180.5)]",0,0,14.95
experienced,bomberman,7,Stuck,3,0,11.75,0.455,"[(48.0, 48.0), (62.9, 44.3), (77.9, 51.7), (98.4, 51.7), (113.3, 57.3), (115.2, 61.1), (115.2, 64.8), (115.2, 62.9), (115.2, 61.1), (115.2, 64.8), (115.2, 62.9), (115.2, 61.1), (115.2, 64.8), (115.2, 62.9), (115.2, 61.1), (115.2, 64.8), (115.2, 62.9), (115.2, 61.1), (115.2, 64.8), (115.2, 62.9), (115.2, 61.1), (115.2, 64.8), (115.2, 62.9), (115.2, 61.1), (115.2, 64.8), (115.2, 62.9), (115.2, 61.1), (115.2, 62.9), (115.2, 62.9), (115.2, 62.9), (115.2, 62.9), (115.2, 62.9), (115.2, 62.9), (115.2, 62.9), (115.2, 66.7), (115.2, 81.6), (115.2, 102.1), (122.7, 115.2), (137.6, 115.2), (158.1, 115.2), (174.9, 118.9), (174.9, 133.9), (173.1, 148.8), (180.5, 171.2), (193.6, 180.5), (208.5, 180.5), (223.5, 180.5), (223.5, 180.5), (223.5, 180.5), (223.5, 180.5), (223.5, 180.5), (223.5, 180.5), (223.5, 180.5), (223.5, 180.5), (223.5, 180.5), (223.5, 180.5), (223.5, 180.5), (223.5, 180.5), (223.5, 180.5), (223.5, 180.5), (223.5, 180.5), (223.5, 180.5), (223.5, 180.5), (223.5, 180.5), (225.3, 180.5), (225.3, 180.5), (225.3, 180.5), (225.3, 180.5), (225.3, 180.5), (225.3, 180.5), (225.3, 180.5), (225.3, 180.5), (225.3, 180.5), (225.3, 180.5), (225.3, 180.5), (225.3, 180.5), (225.3, 180.5), (225.3, 180.5), (225.3, 180.5), (225.3, 180.5), (225.3, 180.5), (225.3, 180.5), (225.3, 180.5), (223.5, 180.5), (223.5, 180.5), (225.3, 180.5), (223.5, 180.5), (223.5, 180.5), (225.3, 180.5), (223.5, 180.5), (223.5, 180.5), (223.5, 180.5), (223.5, 180.5), (223.5, 180.5), (223.5, 180.5), (223.5, 180.5), (223.5, 180.5), (223.5, 180.5), (223.5, 180.5), (223.5, 180.5), (223.5, 180.5), (223.5, 180.5), (223.5, 180.5), (223.5, 180.5), (223.5, 180.5)]",0,0,13.98
experienced,bomberman,7,Enemy,70,0,33.13,0.318,"[(48.0, 48.0), (62.9, 44.3), (77.9, 51.7), (98.4, 49.9), (113.3, 44.3), (128.3, 44.3), (143.2, 51.7), (165.6, 51.7), (180.5, 61.1), (180.5, 64.8), (180.5, 64.8), (180.5, 64.8), (180.5, 64.8), (180.5, 64.8), (180.5, 64.8), (180.5, 64.8), (180.5, 64.8), (180.5, 64.8), (180.5, 64.8), (180.5, 64.8), (180.5, 64.8), (180.5, 64.8), (180.5, 64.8), (180.5, 64.8), (180.5, 64.8), (180.5, 64.8), (182.4, 49.9), (197.3, 51.7), (214.1, 51.7), (234.7, 51.7), (242.1, 62.9), (242.1, 62.9), (242.1, 62.9), (244.0, 77.9), (238.4, 81.6), (238.4, 62.9), (238.4, 62.9), (238.4, 62.9), (238.4, 62.9)]",0,0,5.18
experienced,bomberman,7,Bomb,50,0,10.36,0.455,"[(48.0, 48.0), (62.9, 44.3), (77.9, 51.7), (98.4, 49.9), (113.3, 44.3), (128.3, 44.3), (143.2, 51.7), (165.6, 51.7), (180.5, 61.1), (180.5, 76.0), (180.5, 96.5), (182.4, 111.5), (197.3, 115.2), (214.1, 115.2), (234.7, 115.2), (242.1, 126.4), (236.5, 124.5), (238.4, 130.1), (238.4, 126.4), (238.4, 126.4), (238.4, 126.4), (238.4, 126.4), (238.4, 126.4), (238.4, 126.4), (238.4, 126.4), (238.4, 126.4), (238.4, 126.4), (238.4, 126.4), (238.4, 126.4), (238.4, 126.4), (238.4, 126.4), (238.4, 126.4), (238.4, 126.4), (238.4, 126.4), (236.5, 124.5), (238.4, 130.1), (238.4, 126.4), (236.5, 128.3), (240.3, 128.3), (236.5, 124.5), (236.5, 139.5), (236.5, 160.0), (232.8, 176.8), (225.3, 180.5), (225.3, 180.5), (225.3, 180.5), (225.3, 180.5), (225.3, 180.5), (225.3, 180.5), (225.3, 180.5), (225.3, 180.5), (225.3, 180.5), (225.3, 180.5), (225.3, 180.5), (225.3, 176.8), (225.3, 173.1), (225.3, 173.1), (225.3, 178.7), (225.3, 180.5), (225.3, 180.5), (225.3, 180.5), (225.3, 180.5), (225.3, 180.5), (225.3, 180.5), (225.3, 180.5), (225.3, 180.5), (225.3, 180.5), (225.3, 180.5), (225.3, 180.5), (225.3, 180.5), (225.3, 180.5), (225.3, 180.5), (225.3, 180.5), (225.3, 180.5), (225.3, 180.5), (225.3, 180.5), (225.3, 180.5), (225.3, 180.5), (225.3, 180.5), (225.3, 180.5), (225.3, 180.5), (225.3, 180.5), (225.3, 180.5), (223.5, 180.5), (223.5, 180.5), (223.5, 180.5), (223.5, 180.5), (223.5, 180.5), (223.5, 180.5), (223.5, 180.5), (225.3, 180.5), (225.3, 180.5), (225.3, 180.5), (225.3, 180.5), (225.3, 180.5), (225.3, 180.5), (225.3, 180.5), (225.3, 180.5), (225.3, 180.5), (225.3, 180.5), (225.3, 180.5), (225.3, 180.5), (225.3, 180.5), (225.3, 180.5), (225.3, 180.5), (225.3, 180.5), (225.3, 180.5), (225.3, 180.5), (225.3, 180.5), (225.3, 180.5), (225.3, 180.5), (225.3, 180.5), (225.3, 180.5)]",0,0,14.95
experienced,bomberman,7,Stuck,46,0,9.16,0.455,"[(48.0, 48.0), (62.9, 51.7), (62.9, 51.7), (64.8, 51.7), (64.8, 49.9), (62.9, 51.7), (64.8, 51.7), (64.8, 49.9), (62.9, 51.7), (64.8, 51.7), (64.8, 49.9), (62.9, 51.7), (64.8, 51.7), (64.8, 49.9), (62.9, 51.7), (64.8, 51.7), (64.8, 49.9), (62.9, 51.7), (64.8, 51.7), (64.8, 49.9), (62.9, 51.7), (64.8, 51.7), (64.8, 49.9), (62.9, 51.7), (64.8, 51.7), (64.8, 49.9), (62.9, 51.7), (76.0, 51.7), (90.9, 51.7), (105.9, 44.3), (120.8, 44.3), (135.7, 51.7), (154.4, 51.7), (173.1, 53.6), (176.8, 68.5), (180.5, 83.5), (180.5, 104.0), (189.9, 115.2), (193.6, 115.2), (193.6, 115.2), (204.8, 115.2), (227.2, 115.2), (242.1, 122.7), (242.1, 126.4), (242.1, 126.4), (242.1, 126.4), (242.1, 126.4), (242.1, 126.4), (242.1, 126.4), (242.1, 126.4), (242.1, 126.4), (242.1, 126.4), (242.1, 126.4), (242.1, 126.4), (242.1, 126.4), (242.1, 126.4), (242.1, 126.4), (242.1, 126.4), (242.1, 126.4), (242.1, 126.4), (242.1, 126.4), (242.1, 126.4), (242.1, 126.4), (242.1, 126.4), (242.1, 126.4), (242.1, 126.4), (242.1, 126.4), (242.1, 126.4), (242.1, 126.4), (242.1, 126.4), (242.1, 126.4), (242.1, 126.4), (242.1, 126.4), (242.1, 126.4), (242.1, 126.4), (242.1, 126.4), (242.1, 126.4), (242.1, 126.4), (242.1, 126.4), (242.1, 126.4), (242.1, 126.4), (242.1, 126.4), (242.1, 126.4), (242.1, 126.4), (242.1, 126.4), (242.1, 126.4), (242.1, 126.4), (240.3, 130.1), (236.5, 145.1), (236.5, 167.5), (227.2, 180.5), (225.3, 180.5), (223.5, 180.5), (223.5, 180.5), (225.3, 180.5), (223.5, 180.5), (223.5, 180.5), (223.5, 180.5), (223.5, 180.5), (223.5, 180.5), (223.5, 180.5), (223.5, 180.5), (223.5, 180.5), (223.5, 180.5), (223.5, 180.5), (223.5, 180.5), (223.5, 180.5), (223.5, 180.5), (223.5, 180.5), (223.5, 180.5), (223.5, 180.5), (223.5, 180.5), (223.5, 180.5), (223.5, 180.5), (223.5, 180.5), (223.5, 180.5), (223.5, 180.5), (223.5, 180.5), (223.5, 180.5), (223.5, 180.5), (223.5, 180.5), (223.5, 180.5), (223.5, 180.5), (223.5, 180.5), (223.5, 180.5), (223.5, 180.5), (223.5, 180.5), (223.5, 180.5), (223.5, 180.5), (223.5, 180.5), (223.5, 180.5), (223.5, 180.5)]",1,0,17.53
experienced,bomberman,7,Bomb,33,0,14.45,0.409,"[(48.0, 48.0), (62.9, 51.7), (77.9, 51.7), (98.4, 51.7), (113.3, 57.3), (115.2, 61.1), (115.2, 64.8), (115.2, 62.9), (115.2, 61.1), (115.2, 64.8), (115.2, 62.9), (115.2, 61.1), (115.2, 64.8), (115.2, 62.9), (115.2, 61.1), (115.2, 64.8), (115.2, 62.9), (115.2, 61.1), (115.2, 64.8), (115.2, 62.9), (115.2, 61.1), (115.2, 64.8), (115.2, 62.9), (115.2, 61.1), (115.2, 64.8), (115.2, 62.9), (115.2, 61.1), (115.2, 64.8), (115.2, 62.9), (115.2, 61.1), (115.2, 64.8), (118.9, 48.0), (133.9, 49.9), (150.7, 51.7), (171.2, 51.7), (180.5, 66.7), (180.5, 81.6), (180.5, 102.1), (188.0, 115.2), (191.7, 115.2), (191.7, 115.2), (191.7, 115.2), (191.7, 115.2), (191.7, 115.2), (191.7, 115.2), (191.7, 115.2), (191.7, 115.2), (191.7, 115.2), (191.7, 115.2), (191.7, 115.2), (191.7, 115.2), (191.7, 115.2), (191.7, 115.2), (191.7, 115.2), (191.7, 115.2), (191.7, 115.2), (191.7, 115.2), (202.9, 115.2), (225.3, 115.2), (240.3, 120.8), (244.0, 128.3), (244.0, 128.3), (244.0, 128.3), (244.0, 128.3), (244.0, 128.3), (244.0, 128.3), (244.0, 128.3), (244.0, 128.3), (244.0, 128.3), (244.0, 128.3), (244.0, 128.3), (244.0, 128.3), (244.0, 128.3), (244.0, 128.3), (244.0, 128.3), (244.0, 128.3), (244.0, 128.3), (244.0, 128.3), (244.0, 128.3), (244.0, 128.3), (244.0, 128.3), (244.0, 128.3), (244.0, 128.3), (244.0, 128.3), (244.0, 128.3), (244.0, 128.3), (244.0, 128.3), (244.0, 128.3), (244.0, 128.3), (244.0, 128.3), (244.0, 128.3)]",0,0,12.02
experienced,bomberman,7,Stuck,46,0,9.16,0.455,"[(48.0, 48.0), (62.9, 51.7), (62.9, 51.7), (64.8, 51.7), (64.8, 49.9), (62.9, 51.7), (64.8, 51.7), (64.8, 49.9), (62.9, 51.7), (64.8, 51.7), (64.8, 49.9), (62.9, 51.7), (64.8, 51.7), (64.8, 49.9), (62.9, 51.7), (64.8, 51.7), (64.8, 49.9), (62.9, 51.7), (64.8, 51.7), (64.8, 49.9), (62.9, 51.7), (64.8, 51.7), (64.8, 49.9), (62.9, 51.7), (64.8, 51.7), (64.8, 49.9), (62.9, 51.7), (76.0, 51.7), (90.9, 51.7), (105.9, 44.3), (120.8, 44.3), (135.7, 51.7), (154.4, 51.7), (173.1, 53.6), (176.8, 68.5), (180.5, 83.5), (180.5, 104.0), (189.9, 115.2), (193.6, 115.2), (193.6, 115.2), (204.8, 115.2), (227.2, 115.2), (242.1, 122.7), (242.1, 126.4), (242.1, 126.4), (242.1, 126.4), (242.1, 126.4), (242.1, 126.4), (242.1, 126.4), (242.1, 126.4), (242.1, 126.4), (242.1, 126.4), (242.1, 126.4), (242.1, 126.4), (242.1, 126.4), (242.1, 126.4), (242.1, 126.4), (242.1, 126.4), (242.1, 126.4), (242.1, 126.4), (242.1, 126.4), (242.1, 126.4), (242.1, 126.4), (242.1, 126.4), (242.1, 126.4), (242.1, 126.4), (242.1, 126.4), (242.1, 126.4), (242.1, 126.4), (242.1, 126.4), (242.1, 126.4), (242.1, 126.4), (242.1, 126.4), (242.1, 126.4), (242.1, 126.4), (242.1, 126.4), (242.1, 126.4), (242.1, 126.4), (242.1, 126.4), (242.1, 126.4), (242.1, 126.4), (242.1, 126.4), (242.1, 126.4), (242.1, 126.4), (242.1, 126.4), (242.1, 126.4), (242.1, 126.4), (240.3, 130.1), (236.5, 145.1), (236.5, 167.5), (227.2, 180.5), (225.3, 180.5), (223.5, 180.5), (223.5, 180.5), (225.3, 180.5), (223.5, 180.5), (223.5, 180.5), (223.5, 180.5), (223.5, 180.5), (223.5, 180.5), (223.5, 180.5), (223.5, 180.5), (223.5, 180.5), (223.5, 180.5), (223.5, 180.5), (223.5, 180.5), (223.5, 180.5), (223.5, 180.5), (223.5, 180.5), (223.5, 180.5), (223.5, 180.5), (223.5, 180.5), (223.5, 180.5), (223.5, 180.5), (223.5, 180.5), (223.5, 180.5), (223.5, 180.5), (223.5, 180.5), (223.5, 180.5), (223.5, 180.5), (223.5, 180.5), (223.5, 180.5), (223.5, 180.5), (223.5, 180.5), (223.5, 180.5), (223.5, 180.5), (223.5, 180.5), (223.5, 180.5), (223.5, 180.5), (223.5, 180.5), (223.5, 180.5), (223.5, 180.5)]",1,0,17.53
experienced,bomberman,7,Bomb,152,0,19.05,0.5,"[(48.0, 48.0), (62.9, 44.3), (77.9, 51.7), (98.4, 51.7), (113.3, 57.3), (115.2, 61.1), (115.2, 64.8), (115.2, 62.9), (115.2, 61.1), (115.2, 64.8), (115.2, 62.9), (115.2, 61.1), (115.2, 64.8), (115.2, 62.9), (115.2, 61.1), (115.2, 64.8), (115.2, 62.9), (115.2, 61.1), (115.2, 64.8), (115.2, 62.9), (115.2, 61.1), (115.2, 64.8), (115.2, 62.9), (115.2, 61.1), (115.2, 64.8), (115.2, 62.9), (115.2, 61.1), (115.2, 64.8), (115.2, 53.6), (128.3, 44.3), (143.2, 51.7), (165.6, 51.7), (180.5, 44.3), (195.5, 51.7), (210.4, 51.7), (232.8, 51.7), (244.0, 64.8), (244.0, 79.7), (244.0, 100.3), (249.6, 115.2), (264.5, 115.2), (283.2, 115.2), (300.0, 117.1), (307.5, 128.3), (307.5, 128.3), (307.5, 128.3), (307.5, 128.3), (307.5, 128.3), (307.5, 128.3), (307.5, 128.3), (307.5, 128.3), (307.5, 128.3), (307.5, 128.3), (307.5, 128.3), (307.5, 128.3), (307.5, 128.3), (307.5, 128.3), (307.5, 128.3), (307.5, 128.3), (307.5, 128.3), (307.5, 128.3), (307.5, 128.3), (307.5, 128.3), (307.5, 128.3), (307.5, 128.3), (307.5, 128.3), (307.5, 128.3), (307.5, 128.3), (307.5, 128.3), (307.5, 128.3), (307.5, 128.3), (307.5, 128.3), (307.5, 128.3), (307.5, 128.3), (307.5, 128.3), (307.5, 128.3), (307.5, 128.3), (307.5, 128.3), (307.5, 128.3), (307.5, 128.3), (307.5, 128.3), (307.5, 128.3), (307.5, 128.3), (307.5, 128.3), (307.5, 128.3), (307.5, 128.3), (307.5, 128.3), (307.5, 128.3), (307.5, 128.3), (307.5, 128.3), (307.5, 128.3), (307.5, 128.3)]",1,0,12.15
experienced,bomberman,7,Stuck,3,0,11.75,0.455,"[(48.0, 48.0), (62.9, 44.3), (77.9, 51.7), (98.4, 51.7), (113.3, 57.3), (115.2, 61.1), (115.2, 64.8), (115.2, 62.9), (115.2, 61.1), (115.2, 64.8), (115.2, 62.9), (115.2, 61.1), (115.2, 64.8), (115.2, 62.9), (115.2, 61.1), (115.2, 64.8), (115.2, 62.9), (115.2, 61.1), (115.2, 64.8), (115.2, 62.9), (115.2, 61.1), (115.2, 64.8), (115.2, 62.9), (115.2, 61.1), (115.2, 64.8), (115.2, 62.9), (115.2, 61.1), (115.2, 62.9), (115.2, 62.9), (115.2, 62.9), (115.2, 62.9), (115.2, 62.9), (115.2, 62.9), (115.2, 62.9), (115.2, 66.7), (115.2, 81.6), (115.2, 102.1), (122.7, 115.2), (137.6, 115.2), (158.1, 115.2), (174.9, 118.9), (174.9, 133.9), (173.1, 148.8), (180.5, 171.2), (193.6, 180.5), (208.5, 180.5), (223.5, 180.5), (223.5, 180.5), (223.5, 180.5), (223.5, 180.5), (223.5, 180.5), (223.5, 180.5), (223.5, 180.5), (223.5, 180.5), (223.5, 180.5), (223.5, 180.5), (223.5, 180.5), (223.5, 180.5), (223.5, 180.5), (223.5, 180.5), (223.5, 180.5), (223.5, 180.5), (223.5, 180.5), (223.5, 180.5), (225.3, 180.5), (225.3, 180.5), (225.3, 180.5), (225.3, 180.5), (225.3, 180.5), (225.3, 180.5), (225.3, 180.5), (225.3, 180.5), (225.3, 180.5), (225.3, 180.5), (225.3, 180.5), (225.3, 180.5), (225.3, 180.5), (225.3, 180.5), (225.3, 180.5), (225.3, 180.5), (225.3, 180.5), (225.3, 180.5), (225.3, 180.5), (223.5, 180.5), (223.5, 180.5), (225.3, 180.5), (223.5, 180.5), (223.5, 180.5), (225.3, 180.5), (223.5, 180.5), (223.5, 180.5), (223.5, 180.5), (223.5, 180.5), (223.5, 180.5), (223.5, 180.5), (223.5, 180.5), (223.5, 180.5), (223.5, 180.5), (223.5, 180.5), (223.5, 180.5), (223.5, 180.5), (223.5, 180.5), (223.5, 180.5), (223.5, 180.5), (223.5, 180.5)]",0,0,13.98
experienced,bomberman,7,Stuck,35,0,8.87,0.455,"[(48.0, 48.0), (62.9, 51.7), (77.9, 51.7), (98.4, 51.7), (113.3, 57.3), (115.2, 61.1), (115.2, 64.8), (115.2, 62.9), (115.2, 61.1), (115.2, 64.8), (115.2, 62.9), (115.2, 61.1), (115.2, 64.8), (115.2, 62.9), (115.2, 61.1), (115.2, 64.8), (115.2, 62.9), (115.2, 61.1), (115.2, 64.8), (115.2, 62.9), (115.2, 61.1), (115.2, 64.8), (115.2, 62.9), (115.2, 61.1), (115.2, 64.8), (115.2, 62.9), (115.2, 61.1), (115.2, 64.8), (115.2, 62.9), (115.2, 61.1), (115.2, 64.8), (118.9, 48.0), (133.9, 49.9), (150.7, 51.7), (171.2, 51.7), (180.5, 66.7), (180.5, 81.6), (180.5, 102.1), (188.0, 115.2), (202.9, 115.2), (225.3, 115.2), (240.3, 120.8), (244.0, 128.3), (244.0, 128.3), (244.0, 128.3), (244.0, 128.3), (244.0, 128.3), (244.0, 128.3), (244.0, 128.3), (244.0, 128.3), (244.0, 128.3), (244.0, 128.3), (244.0, 128.3), (244.0, 128.3), (244.0, 128.3), (244.0, 128.3), (244.0, 128.3), (244.0, 128.3), (244.0, 128.3), (244.0, 128.3), (244.0, 128.3), (244.0, 128.3), (244.0, 128.3), (244.0, 128.3), (244.0, 128.3), (244.0, 128.3), (244.0, 128.3), (244.0, 128.3), (244.0, 128.3), (244.0, 128.3), (244.0, 128.3), (244.0, 128.3), (244.0, 128.3), (244.0, 128.3), (244.0, 128.3), (244.0, 128.3), (244.0, 128.3), (244.0, 128.3), (244.0, 128.3), (244.0, 128.3), (244.0, 128.3), (244.0, 128.3), (244.0, 128.3), (244.0, 128.3), (244.0, 128.3), (244.0, 128.3), (244.0, 128.3), (244.0, 128.3), (244.0, 128.3), (244.0, 128.3), (236.5, 139.5), (236.5, 160.0), (232.8, 176.8), (225.3, 180.5), (225.3, 180.5), (225.3, 180.5), (225.3, 180.5), (225.3, 180.5), (225.3, 180.5), (225.3, 180.5), (225.3, 180.5), (225.3, 180.5), (225.3, 180.5), (225.3, 180.5), (225.3, 180.5), (225.3, 180.5), (225.3, 180.5), (225.3, 180.5), (225.3, 180.5), (225.3, 180.5), (225.3, 180.5), (225.3, 180.5), (225.3, 180.5), (225.3, 180.5), (225.3, 180.5), (225.3, 180.5), (225.3, 180.5), (225.3, 180.5), (223.5, 180.5), (225.3, 180.5), (223.5, 180.5), (223.5, 180.5), (225.3, 180.5), (223.5, 180.5), (223.5, 180.5), (223.5, 180.5), (223.5, 180.5), (223.5, 180.5), (223.5, 180.5), (223.5, 180.5), (223.5, 180.5), (223.5, 180.5), (223.5, 180.5)]",0,0,17.68
experienced,bomberman,7,Bomb,1,0,4.2,0.045,"[(48.0, 48.0), (62.9, 44.3), (64.8, 51.7), (64.8, 49.9), (62.9, 51.7), (64.8, 51.7), (64.8, 49.9), (62.9, 51.7), (64.8, 51.7), (64.8, 49.9), (62.9, 51.7), (64.8, 51.7), (64.8, 49.9), (62.9, 51.7), (64.8, 51.7), (64.8, 49.9), (62.9, 51.7), (64.8, 51.7), (64.8, 49.9), (62.9, 51.7), (64.8, 51.7), (64.8, 49.9), (62.9, 51.7), (64.8, 51.7), (64.8, 49.9), (62.9, 51.7), (64.8, 51.7), (64.8, 49.9), (62.9, 51.7), (64.8, 51.7), (64.8, 49.9)]",0,0,4.0
experienced,bomberman,7,Stuck,151,0,8.47,0.455,"[(48.0, 48.0), (62.9, 44.3), (77.9, 51.7), (98.4, 51.7), (113.3, 57.3), (115.2, 61.1), (115.2, 64.8), (115.2, 62.9), (115.2, 61.1), (115.2, 64.8), (115.2, 62.9), (115.2, 61.1), (115.2, 64.8), (115.2, 62.9), (115.2, 61.1), (115.2, 64.8), (115.2, 62.9), (115.2, 61.1), (115.2, 64.8), (115.2, 62.9), (115.2, 61.1), (115.2, 64.8), (115.2, 62.9), (115.2, 61.1), (115.2, 64.8), (115.2, 62.9), (115.2, 61.1), (115.2, 51.7), (130.1, 46.1), (145.1, 51.7), (167.5, 51.7), (180.5, 62.9), (180.5, 77.9), (180.5, 98.4), (184.3, 113.3), (199.2, 115.2), (217.9, 115.2), (236.5, 117.1), (244.0, 128.3), (244.0, 128.3), (244.0, 128.3), (244.0, 128.3), (244.0, 128.3), (244.0, 128.3), (244.0, 128.3), (244.0, 128.3), (244.0, 128.3), (244.0, 128.3), (244.0, 128.3), (244.0, 128.3), (244.0, 128.3), (244.0, 128.3), (244.0, 128.3), (244.0, 128.3), (244.0, 128.3), (244.0, 128.3), (244.0, 128.3), (244.0, 128.3), (244.0, 128.3), (244.0, 128.3), (244.0, 128.3), (244.0, 128.3), (244.0, 128.3), (244.0, 128.3), (244.0, 128.3), (244.0, 128.3), (244.0, 128.3), (244.0, 128.3), (244.0, 128.3), (244.0, 128.3), (244.0, 128.3), (244.0, 128.3), (244.0, 128.3), (244.0, 128.3), (244.0, 128.3), (244.0, 128.3), (244.0, 128.3), (244.0, 128.3), (244.0, 128.3), (244.0, 128.3), (244.0, 128.3), (244.0, 128.3), (244.0, 128.3), (244.0, 128.3), (244.0, 128.3), (244.0, 128.3), (244.0, 128.3), (244.0, 128.3), (244.0, 128.3), (244.0, 128.3), (240.3, 128.3), (236.5, 128.3), (236.5, 130.1), (238.4, 128.3), (236.5, 126.4), (236.5, 141.3), (236.5, 163.7), (230.9, 178.7), (223.5, 180.5), (223.5, 180.5), (223.5, 180.5), (223.5, 180.5), (223.5, 180.5), (223.5, 180.5), (223.5, 180.5), (223.5, 180.5), (223.5, 180.5), (223.5, 180.5), (223.5, 180.5), (223.5, 180.5), (223.5, 180.5), (223.5, 180.5), (223.5, 180.5), (223.5, 180.5), (223.5, 180.5), (223.5, 180.5), (223.5, 180.5), (223.5, 180.5), (223.5, 180.5), (223.5, 180.5), (223.5, 180.5), (223.5, 180.5), (223.5, 180.5), (223.5, 180.5), (223.5, 180.5), (223.5, 180.5), (223.5, 180.5), (223.5, 180.5), (223.5, 180.5), (223.5, 180.5), (223.5, 180.5), (223.5, 180.5), (223.5, 180.5), (223.5, 180.5), (223.5, 180.5), (223.5, 180.5), (223.5, 180.5), (223.5, 180.5), (223.5, 180.5)]",0,0,18.52
experienced,bomberman,7,Bomb,70,0,17.09,0.091,"[(48.0, 48.0), (62.9, 44.3), (64.8, 49.9), (62.9, 51.7), (64.8, 51.7), (64.8, 49.9), (62.9, 51.7), (64.8, 51.7), (64.8, 49.9), (62.9, 51.7), (64.8, 51.7), (64.8, 49.9), (62.9, 51.7), (64.8, 51.7), (64.8, 49.9), (62.9, 51.7), (64.8, 51.7), (64.8, 49.9), (62.9, 51.7), (64.8, 51.7), (64.8, 49.9), (62.9, 51.7), (64.8, 51.7), (64.8, 49.9), (62.9, 51.7), (64.8, 51.7), (64.8, 49.9), (62.9, 51.7), (72.3, 51.7), (90.9, 51.7), (107.7, 44.3), (122.7, 44.3)]",0,0,4.15
experienced,bomberman,7,Bomb,23,0,13.32,0.409,"[(48.0, 48.0), (62.9, 44.3), (77.9, 51.7), (98.4, 49.9), (113.3, 44.3), (128.3, 44.3), (143.2, 51.7), (161.9, 51.7), (161.9, 51.7), (161.9, 51.7), (161.9, 51.7), (161.9, 51.7), (161.9, 51.7), (161.9, 51.7), (161.9, 51.7), (161.9, 51.7), (161.9, 51.7), (161.9, 51.7), (163.7, 51.7), (178.7, 59.2), (180.5, 62.9), (180.5, 61.1), (180.5, 64.8), (180.5, 62.9), (180.5, 61.1), (180.5, 64.8), (180.5, 62.9), (180.5, 64.8), (180.5, 64.8), (180.5, 64.8), (180.5, 64.8), (180.5, 79.7), (180.5, 100.3), (186.1, 109.6), (193.6, 115.2), (193.6, 115.2), (193.6, 115.2), (193.6, 115.2), (193.6, 115.2), (193.6, 115.2), (193.6, 115.2), (193.6, 115.2), (193.6, 115.2), (193.6, 115.2), (193.6, 115.2), (193.6, 115.2), (193.6, 115.2), (193.6, 115.2), (193.6, 115.2), (193.6, 115.2), (193.6, 115.2), (193.6, 115.2), (193.6, 115.2), (193.6, 115.2), (193.6, 115.2), (193.6, 115.2), (193.6, 115.2), (193.6, 115.2), (193.6, 115.2), (208.5, 115.2), (230.9, 115.2), (244.0, 126.4), (242.1, 126.4), (242.1, 126.4), (242.1, 126.4), (242.1, 126.4), (242.1, 126.4), (242.1, 126.4), (242.1, 126.4), (242.1, 126.4), (242.1, 126.4), (242.1, 126.4), (242.1, 126.4), (242.1, 126.4), (242.1, 126.4), (242.1, 126.4), (242.1, 126.4), (242.1, 126.4), (242.1, 126.4), (242.1, 126.4), (242.1, 126.4), (242.1, 126.4), (242.1, 126.4), (242.1, 126.4), (242.1, 126.4), (242.1, 126.4), (242.1, 126.4), (242.1, 126.4), (242.1, 126.4), (242.1, 126.4), (242.1, 126.4), (242.1, 126.4), (242.1, 126.4), (242.1, 126.4), (242.1, 126.4), (242.1, 126.4), (242.1, 126.4), (242.1, 126.4)]",0,0,13.03
experienced,bomberman,7,Bomb,190,0,14.39,0.455,"[(48.0, 48.0), (62.9, 44.3), (64.8, 51.7), (64.8, 49.9), (62.9, 51.7), (64.8, 51.7), (64.8, 49.9), (62.9, 51.7), (64.8, 51.7), (64.8, 49.9), (62.9, 51.7), (64.8, 51.7), (64.8, 49.9), (62.9, 51.7), (64.8, 51.7), (64.8, 49.9), (62.9, 51.7), (64.8, 51.7), (64.8, 49.9), (62.9, 51.7), (64.8, 51.7), (64.8, 49.9), (62.9, 51.7), (64.8, 51.7), (64.8, 49.9), (62.9, 51.7), (64.8, 51.7), (76.0, 49.9), (90.9, 49.9), (105.9, 44.3), (120.8, 44.3), (135.7, 51.7), (154.4, 51.7), (173.1, 53.6), (180.5, 68.5), (180.5, 83.5), (180.5, 104.0), (189.9, 115.2), (204.8, 115.2), (227.2, 115.2), (242.1, 122.7), (242.1, 126.4), (242.1, 126.4), (242.1, 126.4), (242.1, 126.4), (242.1, 126.4), (242.1, 126.4), (242.1, 126.4), (242.1, 126.4), (242.1, 126.4), (242.1, 126.4), (242.1, 126.4), (242.1, 126.4), (242.1, 126.4), (242.1, 126.4), (242.1, 126.4), (242.1, 126.4), (242.1, 126.4), (242.1, 126.4), (242.1, 126.4), (242.1, 126.4), (242.1, 126.4), (242.1, 126.4), (242.1, 126.4), (242.1, 126.4), (242.1, 126.4), (242.1, 126.4), (242.1, 126.4), (242.1, 126.4), (242.1, 126.4), (242.1, 126.4), (242.1, 126.4), (242.1, 126.4), (242.1, 126.4), (242.1, 126.4), (242.1, 126.4), (242.1, 126.4), (242.1, 126.4), (242.1, 126.4), (242.1, 126.4), (242.1, 126.4), (242.1, 126.4), (242.1, 126.4), (242.1, 126.4), (242.1, 126.4), (242.1, 126.4), (242.1, 126.4), (242.1, 130.1), (236.5, 145.1), (236.5, 160.0), (236.5, 161.9)]",1,0,12.07
experienced,bomberman,7,Bomb,102,0,13.98,0.409,"[(48.0, 48.0), (62.9, 51.7), (62.9, 51.7), (64.8, 51.7), (64.8, 49.9), (62.9, 51.7), (64.8, 51.7), (64.8, 49.9), (62.9, 51.7), (64.8, 51.7), (64.8, 49.9), (62.9, 51.7), (64.8, 51.7), (64.8, 49.9), (62.9, 51.7), (64.8, 51.7), (64.8, 49.9), (62.9, 51.7), (64.8, 51.7), (64.8, 49.9), (62.9, 51.7), (64.8, 51.7), (64.8, 49.9), (62.9, 51.7), (64.8, 51.7), (64.8, 49.9), (62.9, 51.7), (76.0, 51.7), (96.5, 51.7), (111.5, 44.3), (126.4, 44.3), (141.3, 51.7), (163.7, 51.7), (178.7, 59.2), (180.5, 74.1), (180.5, 92.8), (180.5, 109.6), (195.5, 115.2), (210.4, 115.2), (232.8, 115.2), (244.0, 128.3), (244.0, 128.3), (244.0, 128.3), (244.0, 128.3), (244.0, 128.3), (244.0, 128.3), (244.0, 128.3), (244.0, 128.3), (244.0, 128.3), (244.0, 128.3), (244.0, 128.3), (244.0, 128.3), (244.0, 128.3), (244.0, 128.3), (244.0, 128.3), (244.0, 128.3), (244.0, 128.3), (244.0, 128.3), (244.0, 128.3), (244.0, 128.3), (244.0, 128.3), (244.0, 128.3), (244.0, 128.3), (244.0, 128.3), (244.0, 128.3), (244.0, 128.3), (244.0, 128.3), (244.0, 128.3), (244.0, 128.3), (244.0, 128.3), (244.0, 128.3), (244.0, 128.3), (244.0, 128.3), (244.0, 128.3), (244.0, 128.3), (244.0, 128.3), (244.0, 128.3), (244.0, 128.3), (244.0, 128.3), (244.0, 128.3), (244.0, 128.3), (244.0, 128.3), (244.0, 128.3), (244.0, 128.3), (244.0, 128.3), (244.0, 128.3), (244.0, 128.3), (238.4, 128.3), (236.5, 128.3), (236.5, 126.4), (236.5, 124.5)]",1,0,12.02
experienced,bomberman,7,Bomb,190,0,14.39,0.455,"[(48.0, 48.0), (62.9, 44.3), (64.8, 51.7), (64.8, 49.9), (62.9, 51.7), (64.8, 51.7), (64.8, 49.9), (62.9, 51.7), (64.8, 51.7), (64.8, 49.9), (62.9, 51.7), (64.8, 51.7), (64.8, 49.9), (62.9, 51.7), (64.8, 51.7), (64.8, 49.9), (62.9, 51.7), (64.8, 51.7), (64.8, 49.9), (62.9, 51.7), (64.8, 51.7), (64.8, 49.9), (62.9, 51.7), (64.8, 51.7), (64.8, 49.9), (62.9, 51.7), (64.8, 51.7), (76.0, 49.9), (90.9, 49.9), (105.9, 44.3), (120.8, 44.3), (135.7, 51.7), (154.4, 51.7), (173.1, 53.6), (180.5, 68.5), (180.5, 83.5), (180.5, 104.0), (189.9, 115.2), (204.8, 115.2), (227.2, 115.2), (242.1, 122.7), (242.1, 126.4), (242.1, 126.4), (242.1, 126.4), (242.1, 126.4), (242.1, 126.4), (242.1, 126.4), (242.1, 126.4), (242.1, 126.4), (242.1, 126.4), (242.1, 126.4), (242.1, 126.4), (242.1, 126.4), (242.1, 126.4), (242.1, 126.4), (242.1, 126.4), (242.1, 126.4), (242.1, 126.4), (242.1, 126.4), (242.1, 126.4), (242.1, 126.4), (242.1, 126.4), (242.1, 126.4), (242.1, 126.4), (242.1, 126.4), (242.1, 126.4), (242.1, 126.4), (242.1, 126.4), (242.1, 126.4), (242.1, 126.4), (242.1, 126.4), (242.1, 126.4), (242.1, 126.4), (242.1, 126.4), (242.1, 126.4), (242.1, 126.4), (242.1, 126.4), (242.1, 126.4), (242.1, 126.4), (242.1, 126.4), (242.1, 126.4), (242.1, 126.4), (242.1, 126.4), (242.1, 126.4), (242.1, 126.4), (242.1, 126.4), (242.1, 126.4), (242.1, 130.1), (236.5, 145.1), (236.5, 160.0), (236.5, 161.9)]",1,0,12.07
experienced,bomberman,7,Stuck,46,0,9.16,0.455,"[(48.0, 48.0), (62.9, 51.7), (62.9, 51.7), (64.8, 51.7), (64.8, 49.9), (62.9, 51.7), (64.8, 51.7), (64.8, 49.9), (62.9, 51.7), (64.8, 51.7), (64.8, 49.9), (62.9, 51.7), (64.8, 51.7), (64.8, 49.9), (62.9, 51.7), (64.8, 51.7), (64.8, 49.9), (62.9, 51.7), (64.8, 51.7), (64.8, 49.9), (62.9, 51.7), (64.8, 51.7), (64.8, 49.9), (62.9, 51.7), (64.8, 51.7), (64.8, 49.9), (62.9, 51.7), (76.0, 51.7), (90.9, 51.7), (105.9, 44.3), (120.8, 44.3), (135.7, 51.7), (154.4, 51.7), (173.1, 53.6), (176.8, 68.5), (180.5, 83.5), (180.5, 104.0), (189.9, 115.2), (193.6, 115.2), (193.6, 115.2), (204.8, 115.2), (227.2, 115.2), (242.1, 122.7), (242.1, 126.4), (242.1, 126.4), (242.1, 126.4), (242.1, 126.4), (242.1, 126.4), (242.1, 126.4), (242.1, 126.4), (242.1, 126.4), (242.1, 126.4), (242.1, 126.4), (242.1, 126.4), (242.1, 126.4), (242.1, 126.4), (242.1, 126.4), (242.1, 126.4), (242.1, 126.4), (242.1, 126.4), (242.1, 126.4), (242.1, 126.4), (242.1, 126.4), (242.1, 126.4), (242.1, 126.4), (242.1, 126.4), (242.1, 126.4), (242.1, 126.4), (242.1, 126.4), (242.1, 126.4), (242.1, 126.4), (242.1, 126.4), (242.1, 126.4), (242.1, 126.4), (242.1, 126.4), (242.1, 126.4), (242.1, 126.4), (242.1, 126.4), (242.1, 126.4), (242.1, 126.4), (242.1, 126.4), (242.1, 126.4), (242.1, 126.4), (242.1, 126.4), (242.1, 126.4), (242.1, 126.4), (242.1, 126.4), (240.3, 130.1), (236.5, 145.1), (236.5, 167.5), (227.2, 180.5), (225.3, 180.5), (223.5, 180.5), (223.5, 180.5), (225.3, 180.5), (223.5, 180.5), (223.5, 180.5), (223.5, 180.5), (223.5, 180.5), (223.5, 180.5), (223.5, 180.5), (223.5, 180.5), (223.5, 180.5), (223.5, 180.5), (223.5, 180.5), (223.5, 180.5), (223.5, 180.5), (223.5, 180.5), (223.5, 180.5), (223.5, 180.5), (223.5, 180.5), (223.5, 180.5), (223.5, 180.5), (223.5, 180.5), (223.5, 180.5), (223.5, 180.5), (223.5, 180.5), (223.5, 180.5), (223.5, 180.5), (223.5, 180.5), (223.5, 180.5), (223.5, 180.5), (223.5, 180.5), (223.5, 180.5), (223.5, 180.5), (223.5, 180.5), (223.5, 180.5), (223.5, 180.5), (223.5, 180.5), (223.5, 180.5), (223.5, 180.5), (223.5, 180.5)]",1,0,17.53
experienced,bomberman,7,Bomb,102,0,13.98,0.409,"[(48.0, 48.0), (62.9, 51.7), (62.9, 51.7), (64.8, 51.7), (64.8, 49.9), (62.9, 51.7), (64.8, 51.7), (64.8, 49.9), (62.9, 51.7), (64.8, 51.7), (64.8, 49.9), (62.9, 51.7), (64.8, 51.7), (64.8, 49.9), (62.9, 51.7), (64.8, 51.7), (64.8, 49.9), (62.9, 51.7), (64.8, 51.7), (64.8, 49.9), (62.9, 51.7), (64.8, 51.7), (64.8, 49.9), (62.9, 51.7), (64.8, 51.7), (64.8, 49.9), (62.9, 51.7), (76.0, 51.7), (96.5, 51.7), (111.5, 44.3), (126.4, 44.3), (141.3, 51.7), (163.7, 51.7), (178.7, 59.2), (180.5, 74.1), (180.5, 92.8), (180.5, 109.6), (195.5, 115.2), (210.4, 115.2), (232.8, 115.2), (244.0, 128.3), (244.0, 128.3), (244.0, 128.3), (244.0, 128.3), (244.0, 128.3), (244.0, 128.3), (244.0, 128.3), (244.0, 128.3), (244.0, 128.3), (244.0, 128.3), (244.0, 128.3), (244.0, 128.3), (244.0, 128.3), (244.0, 128.3), (244.0, 128.3), (244.0, 128.3), (244.0, 128.3), (244.0, 128.3), (244.0, 128.3), (244.0, 128.3), (244.0, 128.3), (244.0, 128.3), (244.0, 128.3), (244.0, 128.3), (244.0, 128.3), (244.0, 128.3), (244.0, 128.3), (244.0, 128.3), (244.0, 128.3), (244.0, 128.3), (244.0, 128.3), (244.0, 128.3), (244.0, 128.3), (244.0, 128.3), (244.0, 128.3), (244.0, 128.3), (244.0, 128.3), (244.0, 128.3), (244.0, 128.3), (244.0, 128.3), (244.0, 128.3), (244.0, 128.3), (244.0, 128.3), (244.0, 128.3), (244.0, 128.3), (244.0, 128.3), (244.0, 128.3), (238.4, 128.3), (236.5, 128.3), (236.5, 126.4), (236.5, 124.5)]",1,0,12.02
experienced,bomberman,7,Bomb,152,0,19.05,0.5,"[(48.0, 48.0), (62.9, 44.3), (77.9, 51.7), (98.4, 51.7), (113.3, 57.3), (115.2, 61.1), (115.2, 64.8), (115.2, 62.9), (115.2, 61.1), (115.2, 64.8), (115.2, 62.9), (115.2, 61.1), (115.2, 64.8), (115.2, 62.9), (115.2, 61.1), (115.2, 64.8), (115.2, 62.9), (115.2, 61.1), (115.2, 64.8), (115.2, 62.9), (115.2, 61.1), (115.2, 64.8), (115.2, 62.9), (115.2, 61.1), (115.2, 64.8), (115.2, 62.9), (115.2, 61.1), (115.2, 64.8), (115.2, 53.6), (128.3, 44.3), (143.2, 51.7), (165.6, 51.7), (180.5, 44.3), (195.5, 51.7), (210.4, 51.7), (232.8, 51.7), (244.0, 64.8), (244.0, 79.7), (244.0, 100.3), (249.6, 115.2), (264.5, 115.2), (283.2, 115.2), (300.0, 117.1), (307.5, 128.3), (307.5, 128.3), (307.5, 128.3), (307.5, 128.3), (307.5, 128.3), (307.5, 128.3), (307.5, 128.3), (307.5, 128.3), (307.5, 128.3), (307.5, 128.3), (307.5, 128.3), (307.5, 128.3), (307.5, 128.3), (307.5, 128.3), (307.5, 128.3), (307.5, 128.3), (307.5, 128.3), (307.5, 128.3), (307.5, 128.3), (307.5, 128.3), (307.5, 128.3), (307.5, 128.3), (307.5, 128.3), (307.5, 128.3), (307.5, 128.3), (307.5, 128.3), (307.5, 128.3), (307.5, 128.3), (307.5, 128.3), (307.5, 128.3), (307.5, 128.3), (307.5, 128.3), (307.5, 128.3), (307.5, 128.3), (307.5, 128.3), (307.5, 128.3), (307.5, 128.3), (307.5, 128.3), (307.5, 128.3), (307.5, 128.3), (307.5, 128.3), (307.5, 128.3), (307.5, 128.3), (307.5, 128.3), (307.5, 128.3), (307.5, 128.3), (307.5, 128.3), (307.5, 128.3), (307.5, 128.3)]",1,0,12.15
experienced,bomberman,7,Stuck,166,0,8.8,0.455,"[(48.0, 48.0), (62.9, 44.3), (77.9, 51.7), (98.4, 49.9), (113.3, 44.3), (128.3, 44.3), (126.4, 51.7), (128.3, 51.7), (128.3, 49.9), (126.4, 51.7), (128.3, 51.7), (128.3, 49.9), (126.4, 51.7), (128.3, 51.7), (128.3, 49.9), (126.4, 51.7), (128.3, 51.7), (128.3, 49.9), (126.4, 51.7), (128.3, 51.7), (128.3, 49.9), (126.4, 51.7), (128.3, 51.7), (128.3, 49.9), (126.4, 51.7), (128.3, 51.7), (139.5, 51.7), (161.9, 51.7), (176.8, 57.3), (180.5, 72.3), (180.5, 89.1), (180.5, 104.0), (189.9, 115.2), (193.6, 115.2), (193.6, 115.2), (193.6, 115.2), (193.6, 115.2), (193.6, 115.2), (193.6, 115.2), (193.6, 115.2), (193.6, 115.2), (193.6, 115.2), (193.6, 115.2), (193.6, 115.2), (193.6, 115.2), (193.6, 115.2), (193.6, 115.2), (193.6, 115.2), (193.6, 113.3), (191.7, 115.2), (193.6, 115.2), (193.6, 113.3), (191.7, 115.2), (193.6, 115.2), (191.7, 115.2), (191.7, 115.2), (191.7, 115.2), (195.5, 115.2), (210.4, 115.2), (232.8, 115.2), (244.0, 128.3), (238.4, 126.4), (238.4, 126.4), (238.4, 126.4), (238.4, 126.4), (238.4, 126.4), (238.4, 126.4), (238.4, 126.4), (238.4, 126.4), (238.4, 126.4), (238.4, 126.4), (238.4, 126.4), (238.4, 126.4), (238.4, 126.4), (238.4, 126.4), (238.4, 126.4), (238.4, 126.4), (238.4, 126.4), (238.4, 126.4), (238.4, 126.4), (238.4, 126.4), (238.4, 126.4), (238.4, 126.4), (238.4, 126.4), (238.4, 126.4), (238.4, 126.4), (238.4, 126.4), (238.4, 126.4), (236.5, 137.6), (236.5, 156.3), (234.7, 174.9), (223.5, 180.5), (223.5, 180.5), (223.5, 180.5), (223.5, 180.5), (223.5, 180.5), (223.5, 180.5), (223.5, 180.5), (223.5, 180.5), (223.5, 180.5), (223.5, 180.5), (223.5, 180.5), (223.5, 180.5), (223.5, 180.5), (223.5, 180.5), (223.5, 180.5), (223.5, 180.5), (223.5, 180.5), (223.5, 180.5), (223.5, 180.5), (223.5, 180.5), (223.5, 180.5), (223.5, 180.5), (223.5, 180.5), (223.5, 180.5), (223.5, 180.5), (223.5, 180.5), (223.5, 180.5), (223.5, 180.5), (223.5, 180.5), (223.5, 180.5), (223.5, 180.5), (223.5, 180.5), (223.5, 180.5), (223.5, 180.5), (223.5, 180.5), (223.5, 180.5), (223.5, 180.5), (223.5, 180.5), (223.5, 180.5), (223.5, 180.5), (223.5, 180.5), (223.5, 180.5)]",0,0,17.6
experienced,bomberman,7,Bomb,69,0,17.54,0.091,"[(48.0, 48.0), (62.9, 44.3), (62.9, 51.7), (64.8, 51.7), (64.8, 49.9), (62.9, 51.7), (64.8, 51.7), (64.8, 49.9), (62.9, 51.7), (64.8, 51.7), (64.8, 49.9), (62.9, 51.7), (64.8, 51.7), (64.8, 49.9), (62.9, 51.7), (64.8, 51.7), (64.8, 49.9), (62.9, 51.7), (64.8, 51.7), (64.8, 49.9), (62.9, 51.7), (64.8, 51.7), (64.8, 49.9), (62.9, 51.7), (64.8, 51.7), (64.8, 49.9), (62.9, 51.7), (64.8, 51.7), (74.1, 51.7), (94.7, 51.7), (109.6, 44.3), (124.5, 44.3)]",0,0,4.15
experienced,bomberman,7,Bomb,68,0,3.73,0.045,"[(48.0, 48.0), (62.9, 44.3), (64.8, 51.7), (64.8, 49.9), (62.9, 51.7), (64.8, 51.7), (64.8, 49.9), (62.9, 51.7), (64.8, 51.7), (64.8, 49.9), (62.9, 51.7), (64.8, 51.7), (64.8, 49.9), (62.9, 51.7), (64.8, 51.7), (64.8, 49.9), (62.9, 51.7), (64.8, 51.7), (64.8, 49.9), (62.9, 51.7), (64.8, 51.7), (64.8, 49.9), (62.9, 51.7), (64.8, 51.7), (64.8, 49.9), (62.9, 51.7), (64.8, 51.7), (62.9, 51.7), (62.9, 51.7), (62.9, 51.7), (62.9, 51.7)]",0,0,4.0
experienced,bomberman,7,Bomb,57,0,7.86,0.455,"[(48.0, 48.0), (62.9, 44.3), (77.9, 51.7), (98.4, 49.9), (113.3, 44.3), (128.3, 44.3), (143.2, 51.7), (165.6, 51.7), (180.5, 61.1), (180.5, 76.0), (180.5, 96.5), (182.4, 111.5), (197.3, 115.2), (214.1, 115.2), (234.7, 115.2), (242.1, 130.1), (240.3, 128.3), (236.5, 124.5), (238.4, 126.4), (238.4, 126.4), (238.4, 126.4), (238.4, 126.4), (238.4, 126.4), (238.4, 126.4), (238.4, 126.4), (238.4, 126.4), (236.5, 141.3), (236.5, 128.3), (238.4, 126.4), (238.4, 126.4), (238.4, 126.4), (236.5, 141.3), (236.5, 163.7), (230.9, 178.7), (223.5, 180.5), (223.5, 180.5), (223.5, 180.5), (223.5, 180.5), (223.5, 180.5), (223.5, 180.5), (223.5, 180.5), (223.5, 180.5), (223.5, 180.5), (223.5, 180.5), (223.5, 180.5), (223.5, 180.5), (223.5, 180.5), (223.5, 180.5), (223.5, 180.5), (225.3, 180.5), (223.5, 180.5), (223.5, 180.5), (225.3, 180.5), (223.5, 180.5), (223.5, 178.7), (223.5, 178.7), (223.5, 178.7), (223.5, 178.7), (223.5, 178.7), (223.5, 178.7), (223.5, 178.7), (225.3, 180.5), (225.3, 180.5), (225.3, 180.5), (225.3, 180.5), (225.3, 180.5), (225.3, 180.5), (225.3, 180.5), (221.6, 180.5), (206.7, 180.5), (186.1, 174.9), (173.1, 161.9), (173.1, 161.9), (173.1, 161.9), (173.1, 161.9), (173.1, 161.9), (173.1, 176.8), (173.1, 191.7), (173.1, 206.7), (173.1, 221.6), (173.1, 225.3), (173.1, 225.3), (173.1, 225.3), (173.1, 225.3), (173.1, 225.3), (173.1, 225.3), (173.1, 225.3), (173.1, 225.3), (173.1, 225.3), (173.1, 225.3), (173.1, 210.4), (173.1, 204.8), (173.1, 204.8), (173.1, 204.8), (173.1, 204.8), (173.1, 204.8), (173.1, 204.8), (173.1, 204.8), (173.1, 204.8), (173.1, 204.8), (173.1, 204.8), (173.1, 204.8), (173.1, 219.7), (173.1, 227.2), (173.1, 225.3), (173.1, 225.3)]",0,0,14.02
experienced,bomberman,7,Bomb,141,0,7.75,0.455,"[(48.0, 48.0), (62.9, 51.7), (62.9, 51.7), (62.9, 51.7), (62.9, 51.7), (62.9, 51.7), (62.9, 51.7), (62.9, 51.7), (62.9, 51.7), (62.9, 51.7), (62.9, 51.7), (62.9, 51.7), (62.9, 51.7), (62.9, 51.7), (62.9, 51.7), (62.9, 51.7), (62.9, 51.7), (62.9, 51.7), (62.9, 51.7), (62.9, 51.7), (62.9, 51.7), (62.9, 51.7), (62.9, 51.7), (62.9, 51.7), (62.9, 51.7), (62.9, 51.7), (62.9, 51.7), (74.1, 49.9), (89.1, 49.9), (104.0, 49.9), (118.9, 49.9), (133.9, 49.9), (150.7, 51.7), (171.2, 51.7), (180.5, 66.7), (180.5, 81.6), (180.5, 102.1), (188.0, 115.2), (202.9, 115.2), (225.3, 115.2), (240.3, 120.8), (244.0, 128.3), (244.0, 128.3), (244.0, 128.3), (244.0, 128.3), (244.0, 128.3), (244.0, 128.3), (244.0, 128.3), (244.0, 128.3), (244.0, 128.3), (244.0, 128.3), (244.0, 128.3), (244.0, 128.3), (244.0, 128.3), (244.0, 128.3), (244.0, 128.3), (244.0, 128.3), (244.0, 128.3), (244.0, 128.3), (244.0, 128.3), (244.0, 128.3), (240.3, 128.3), (238.4, 130.1), (238.4, 126.4), (236.5, 128.3), (236.5, 137.6), (236.5, 156.3), (234.7, 174.9), (223.5, 180.5), (223.5, 180.5), (223.5, 180.5), (223.5, 180.5), (223.5, 180.5), (223.5, 180.5), (223.5, 180.5), (223.5, 180.5), (223.5, 180.5), (223.5, 180.5), (223.5, 180.5), (223.5, 180.5), (223.5, 180.5), (223.5, 180.5), (223.5, 180.5), (223.5, 180.5), (223.5, 180.5), (223.5, 180.5), (223.5, 180.5), (223.5, 180.5), (223.5, 180.5), (223.5, 180.5), (223.5, 180.5), (223.5, 180.5), (223.5, 180.5), (223.5, 180.5), (223.5, 180.5), (223.5, 180.5), (223.5, 180.5), (223.5, 180.5), (223.5, 180.5), (223.5, 180.5), (223.5, 180.5), (223.5, 180.5), (223.5, 180.5), (223.5, 180.5), (225.3, 180.5), (225.3, 180.5), (225.3, 180.5), (225.3, 180.5), (225.3, 180.5), (225.3, 180.5), (225.3, 180.5), (223.5, 180.5), (223.5, 180.5), (223.5, 180.5), (223.5, 180.5), (223.5, 180.5), (223.5, 180.5), (223.5, 180.5), (223.5, 180.5), (223.5, 180.5), (223.5, 180.5), (223.5, 180.5), (223.5, 180.5), (217.9, 180.5), (202.9, 180.5), (191.7, 180.5), (191.7, 180.5)]",0,0,16.85
experienced,bomberman,7,Bomb,111,0,14.6,0.409,"[(48.0, 48.0), (62.9, 44.3), (64.8, 51.7), (64.8, 49.9), (62.9, 51.7), (64.8, 51.7), (64.8, 49.9), (62.9, 51.7), (64.8, 51.7), (64.8, 49.9), (62.9, 51.7), (64.8, 51.7), (64.8, 49.9), (62.9, 51.7), (64.8, 51.7), (64.8, 49.9), (62.9, 51.7), (64.8, 51.7), (64.8, 49.9), (62.9, 51.7), (64.8, 51.7), (64.8, 49.9), (62.9, 51.7), (64.8, 51.7), (64.8, 49.9), (62.9, 51.7), (64.8, 51.7), (76.0, 51.7), (96.5, 51.7), (111.5, 44.3), (126.4, 44.3), (141.3, 51.7), (161.9, 51.7), (161.9, 51.7), (161.9, 51.7), (161.9, 51.7), (161.9, 51.7), (161.9, 51.7), (161.9, 51.7), (161.9, 51.7), (173.1, 53.6), (176.8, 68.5), (180.5, 83.5), (180.5, 104.0), (189.9, 115.2), (204.8, 115.2), (227.2, 115.2), (242.1, 122.7), (242.1, 126.4), (242.1, 126.4), (242.1, 126.4), (242.1, 126.4), (242.1, 126.4), (242.1, 126.4), (242.1, 126.4), (242.1, 126.4), (242.1, 126.4), (242.1, 126.4), (242.1, 126.4), (242.1, 126.4), (242.1, 126.4), (242.1, 126.4), (242.1, 126.4), (242.1, 126.4), (242.1, 126.4), (242.1, 126.4), (242.1, 126.4), (242.1, 126.4), (242.1, 126.4), (242.1, 126.4), (242.1, 126.4), (242.1, 126.4), (242.1, 126.4), (242.1, 126.4), (242.1, 126.4), (242.1, 126.4), (242.1, 126.4), (242.1, 126.4), (242.1, 126.4), (242.1, 126.4), (242.1, 126.4), (242.1, 126.4), (242.1, 126.4), (242.1, 126.4), (242.1, 126.4), (242.1, 126.4), (242.1, 126.4), (242.1, 126.4), (242.1, 126.4), (242.1, 126.4), (242.1, 126.4)]",1,0,12.02
experienced,bomberman,7,Stuck,46,0,9.16,0.455,"[(48.0, 48.0), (62.9, 51.7), (62.9, 51.7), (64.8, 51.7), (64.8, 49.9), (62.9, 51.7), (64.8, 51.7), (64.8, 49.9), (62.9, 51.7), (64.8, 51.7), (64.8, 49.9), (62.9, 51.7), (64.8, 51.7), (64.8, 49.9), (62.9, 51.7), (64.8, 51.7), (64.8, 49.9), (62.9, 51.7), (64.8, 51.7), (64.8, 49.9), (62.9, 51.7), (64.8, 51.7), (64.8, 49.9), (62.9, 51.7), (64.8, 51.7), (64.8, 49.9), (62.9, 51.7), (76.0, 51.7), (90.9, 51.7), (105.9, 44.3), (120.8, 44.3), (135.7, 51.7), (154.4, 51.7), (173.1, 53.6), (176.8, 68.5), (180.5, 83.5), (180.5, 104.0), (189.9, 115.2), (193.6, 115.2), (193.6, 115.2), (204.8, 115.2), (227.2, 115.2), (242.1, 122.7), (242.1, 126.4), (242.1, 126.4), (242.1, 126.4), (242.1, 126.4), (242.1, 126.4), (242.1, 126.4), (242.1, 126.4), (242.1, 126.4), (242.1, 126.4), (242.1, 126.4), (242.1, 126.4), (242.1, 126.4), (242.1, 126.4), (242.1, 126.4), (242.1, 126.4), (242.1, 126.4), (242.1, 126.4), (242.1, 126.4), (242.1, 126.4), (242.1, 126.4), (242.1, 126.4), (242.1, 126.4), (242.1, 126.4), (242.1, 126.4), (242.1, 126.4), (242.1, 126.4), (242.1, 126.4), (242.1, 126.4), (242.1, 126.4), (242.1, 126.4), (242.1, 126.4), (242.1, 126.4), (242.1, 126.4), (242.1, 126.4), (242.1, 126.4), (242.1, 126.4), (242.1, 126.4), (242.1, 126.4), (242.1, 126.4), (242.1, 126.4), (242.1, 126.4), (242.1, 126.4), (242.1, 126.4), (242.1, 126.4), (240.3, 130.1), (236.5, 145.1), (236.5, 167.5), (227.2, 180.5), (225.3, 180.5), (223.5, 180.5), (223.5, 180.5), (225.3, 180.5), (223.5, 180.5), (223.5, 180.5), (223.5, 180.5), (223.5, 180.5), (223.5, 180.5), (223.5, 180.5), (223.5, 180.5), (223.5, 180.5), (223.5, 180.5), (223.5, 180.5), (223.5, 180.5), (223.5, 180.5), (223.5, 180.5), (223.5, 180.5), (223.5, 180.5), (223.5, 180.5), (223.5, 180.5), (223.5, 180.5), (223.5, 180.5), (223.5, 180.5), (223.5, 180.5), (223.5, 180.5), (223.5, 180.5), (223.5, 180.5), (223.5, 180.5), (223.5, 180.5), (223.5, 180.5), (223.5, 180.5), (223.5, 180.5), (223.5, 180.5), (223.5, 180.5), (223.5, 180.5), (223.5, 180.5), (223.5, 180.5), (223.5, 180.5), (223.5, 180.5), (223.5, 180.5)]",1,0,17.53
experienced,bomberman,7,Bomb,190,0,14.39,0.455,"[(48.0, 48.0), (62.9, 44.3), (64.8, 51.7), (64.8, 49.9), (62.9, 51.7), (64.8, 51.7), (64.8, 49.9), (62.9, 51.7), (64.8, 51.7), (64.8, 49.9), (62.9, 51.7), (64.8, 51.7), (64.8, 49.9), (62.9, 51.7), (64.8, 51.7), (64.8, 49.9), (62.9, 51.7), (64.8, 51.7), (64.8, 49.9), (62.9, 51.7), (64.8, 51.7), (64.8, 49.9), (62.9, 51.7), (64.8, 51.7), (64.8, 49.9), (62.9, 51.7), (64.8, 51.7), (76.0, 49.9), (90.9, 49.9), (105.9, 44.3), (120.8, 44.3), (135.7, 51.7), (154.4, 51.7), (173.1, 53.6), (180.5, 68.5), (180.5, 83.5), (180.5, 104.0), (189.9, 115.2), (204.8, 115.2), (227.2, 115.2), (242.1, 122.7), (242.1, 126.4), (242.1, 126.4), (242.1, 126.4), (242.1, 126.4), (242.1, 126.4), (242.1, 126.4), (242.1, 126.4), (242.1, 126.4), (242.1, 126.4), (242.1, 126.4), (242.1, 126.4), (242.1, 126.4), (242.1, 126.4), (242.1, 126.4), (242.1, 126.4), (242.1, 126.4), (242.1, 126.4), (242.1, 126.4), (242.1, 126.4), (242.1, 126.4), (242.1, 126.4), (242.1, 126.4), (242.1, 126.4), (242.1, 126.4), (242.1, 126.4), (242.1, 126.4), (242.1, 126.4), (242.1, 126.4), (242.1, 126.4), (242.1, 126.4), (242.1, 126.4), (242.1, 126.4), (242.1, 126.4), (242.1, 126.4), (242.1, 126.4), (242.1, 126.4), (242.1, 126.4), (242.1, 126.4), (242.1, 126.4), (242.1, 126.4), (242.1, 126.4), (242.1, 126.4), (242.1, 126.4), (242.1, 126.4), (242.1, 126.4), (242.1, 126.4), (242.1, 130.1), (236.5, 145.1), (236.5, 160.0), (236.5, 161.9)]",1,0,12.07
experienced,bomberman,7,Bomb,111,0,14.6,0.409,"[(48.0, 48.0), (62.9, 44.3), (64.8, 51.7), (64.8, 49.9), (62.9, 51.7), (64.8, 51.7), (64.8, 49.9), (62.9, 51.7), (64.8, 51.7), (64.8, 49.9), (62.9, 51.7), (64.8, 51.7), (64.8, 49.9), (62.9, 51.7), (64.8, 51.7), (64.8, 49.9), (62.9, 51.7), (64.8, 51.7), (64.8, 49.9), (62.9, 51.7), (64.8, 51.7), (64.8, 49.9), (62.9, 51.7), (64.8, 51.7), (64.8, 49.9), (62.9, 51.7), (64.8, 51.7), (76.0, 51.7), (96.5, 51.7), (111.5, 44.3), (126.4, 44.3), (141.3, 51.7), (161.9, 51.7), (161.9, 51.7), (161.9, 51.7), (161.9, 51.7), (161.9, 51.7), (161.9, 51.7), (161.9, 51.7), (161.9, 51.7), (173.1, 53.6), (176.8, 68.5), (180.5, 83.5), (180.5, 104.0), (189.9, 115.2), (204.8, 115.2), (227.2, 115.2), (242.1, 122.7), (242.1, 126.4), (242.1, 126.4), (242.1, 126.4), (242.1, 126.4), (242.1, 126.4), (242.1, 126.4), (242.1, 126.4), (242.1, 126.4), (242.1, 126.4), (242.1, 126.4), (242.1, 126.4), (242.1, 126.4), (242.1, 126.4), (242.1, 126.4), (242.1, 126.4), (242.1, 126.4), (242.1, 126.4), (242.1, 126.4), (242.1, 126.4), (242.1, 126.4), (242.1, 126.4), (242.1, 126.4), (242.1, 126.4), (242.1, 126.4), (242.1, 126.4), (242.1, 126.4), (242.1, 126.4), (242.1, 126.4), (242.1, 126.4), (242.1, 126.4), (242.1, 126.4), (242.1, 126.4), (242.1, 126.4), (242.1, 126.4), (242.1, 126.4), (242.1, 126.4), (242.1, 126.4), (242.1, 126.4), (242.1, 126.4), (242.1, 126.4), (242.1, 126.4), (242.1, 126.4), (242.1, 126.4)]",1,0,12.02
experienced,bomberman,7,Bomb,102,0,13.98,0.409,"[(48.0, 48.0), (62.9, 51.7), (62.9, 51.7), (64.8, 51.7), (64.8, 49.9), (62.9, 51.7), (64.8, 51.7), (64.8, 49.9), (62.9, 51.7), (64.8, 51.7), (64.8, 49.9), (62.9, 51.7), (64.8, 51.7), (64.8, 49.9), (62.9, 51.7), (64.8, 51.7), (64.8, 49.9), (62.9, 51.7), (64.8, 51.7), (64.8, 49.9), (62.9, 51.7), (64.8, 51.7), (64.8, 49.9), (62.9, 51.7), (64.8, 51.7), (64.8, 49.9), (62.9, 51.7), (76.0, 51.7), (96.5, 51.7), (111.5, 44.3), (126.4, 44.3), (141.3, 51.7), (163.7, 51.7), (178.7, 59.2), (180.5, 74.1), (180.5, 92.8), (180.5, 109.6), (195.5, 115.2), (210.4, 115.2), (232.8, 115.2), (244.0, 128.3), (244.0, 128.3), (244.0, 128.3), (244.0, 128.3), (244.0, 128.3), (244.0, 128.3), (244.0, 128.3), (244.0, 128.3), (244.0, 128.3), (244.0, 128.3), (244.0, 128.3), (244.0, 128.3), (244.0, 128.3), (244.0, 128.3), (244.0, 128.3), (244.0, 128.3), (244.0, 128.3), (244.0, 128.3), (244.0, 128.3), (244.0, 128.3), (244.0, 128.3), (244.0, 128.3), (244.0, 128.3), (244.0, 128.3), (244.0, 128.3), (244.0, 128.3), (244.0, 128.3), (244.0, 128.3), (244.0, 128.3), (244.0, 128.3), (244.0, 128.3), (244.0, 128.3), (244.0, 128.3), (244.0, 128.3), (244.0, 128.3), (244.0, 128.3), (244.0, 128.3), (244.0, 128.3), (244.0, 128.3), (244.0, 128.3), (244.0, 128.3), (244.0, 128.3), (244.0, 128.3), (244.0, 128.3), (244.0, 128.3), (244.0, 128.3), (244.0, 128.3), (238.4, 128.3), (236.5, 128.3), (236.5, 126.4), (236.5, 124.5)]",1,0,12.02
experienced,bomberman,7,Enemy,104,0,21.04,0.227,"[(48.0, 48.0), (62.9, 44.3), (64.8, 51.7), (64.8, 49.9), (62.9, 51.7), (64.8, 51.7), (64.8, 49.9), (62.9, 51.7), (64.8, 51.7), (64.8, 49.9), (62.9, 51.7), (64.8, 51.7), (64.8, 49.9), (62.9, 51.7), (64.8, 51.7), (64.8, 49.9), (62.9, 51.7), (64.8, 51.7), (64.8, 49.9), (62.9, 51.7), (64.8, 51.7), (64.8, 49.9), (62.9, 51.7), (64.8, 51.7), (64.8, 49.9), (62.9, 51.7), (64.8, 51.7), (76.0, 49.9), (90.9, 49.9), (105.9, 44.3), (120.8, 44.3), (135.7, 51.7), (154.4, 51.7), (173.1, 53.6), (180.5, 57.3), (189.9, 44.3), (193.6, 49.9), (193.6, 49.9), (193.6, 49.9), (193.6, 49.9), (193.6, 51.7), (193.6, 51.7), (193.6, 51.7), (193.6, 51.7), (193.6, 51.7), (193.6, 51.7), (193.6, 51.7), (193.6, 51.7), (193.6, 51.7), (193.6, 51.7)]",0,0,6.57
experienced,bomberman,7,Bomb,177,0,14.39,0.409,"[(48.0, 48.0), (62.9, 44.3), (64.8, 51.7), (64.8, 49.9), (62.9, 51.7), (64.8, 51.7), (64.8, 49.9), (62.9, 51.7), (64.8, 51.7), (64.8, 49.9), (62.9, 51.7), (64.8, 51.7), (64.8, 49.9), (62.9, 51.7), (64.8, 51.7), (64.8, 49.9), (62.9, 51.7), (64.8, 51.7), (64.8, 49.9), (62.9, 51.7), (64.8, 51.7), (64.8, 49.9), (62.9, 51.7), (64.8, 51.7), (64.8, 49.9), (62.9, 51.7), (64.8, 51.7), (76.0, 49.9), (90.9, 49.9), (105.9, 44.3), (120.8, 44.3), (135.7, 51.7), (154.4, 51.7), (173.1, 53.6), (180.5, 68.5), (180.5, 83.5), (180.5, 104.0), (189.9, 115.2), (204.8, 115.2), (227.2, 115.2), (242.1, 122.7), (242.1, 126.4), (242.1, 126.4), (242.1, 126.4), (242.1, 126.4), (242.1, 126.4), (242.1, 126.4), (242.1, 126.4), (242.1, 126.4), (242.1, 126.4), (242.1, 126.4), (242.1, 126.4), (242.1, 126.4), (242.1, 126.4), (242.1, 126.4), (242.1, 126.4), (242.1, 126.4), (242.1, 126.4), (242.1, 126.4), (242.1, 126.4), (242.1, 126.4), (242.1, 126.4), (242.1, 126.4), (242.1, 126.4), (242.1, 126.4), (242.1, 126.4), (242.1, 126.4), (242.1, 126.4), (242.1, 126.4), (242.1, 126.4), (242.1, 126.4), (242.1, 126.4), (242.1, 126.4), (242.1, 126.4), (242.1, 126.4), (242.1, 126.4), (242.1, 126.4), (242.1, 126.4), (242.1, 126.4), (242.1, 126.4), (242.1, 126.4), (242.1, 126.4), (242.1, 126.4), (242.1, 126.4), (242.1, 126.4), (242.1, 126.4), (242.1, 126.4), (240.3, 126.4), (236.5, 128.3), (236.5, 126.4), (236.5, 124.5)]",1,0,12.07
experienced,bomberman,7,Bomb,56,0,14.47,0.409,"[(48.0, 48.0), (62.9, 44.3), (64.8, 44.3), (64.8, 44.3), (64.8, 44.3), (64.8, 44.3), (64.8, 44.3), (64.8, 44.3), (64.8, 44.3), (64.8, 44.3), (64.8, 44.3), (64.8, 44.3), (64.8, 44.3), (64.8, 44.3), (64.8, 44.3), (64.8, 44.3), (64.8, 44.3), (64.8, 44.3), (64.8, 44.3), (64.8, 44.3), (64.8, 44.3), (64.8, 44.3), (64.8, 44.3), (64.8, 44.3), (64.8, 44.3), (64.8, 44.3), (64.8, 44.3), (76.0, 44.3), (90.9, 44.3), (105.9, 51.7), (115.2, 64.8), (118.9, 48.0), (133.9, 49.9), (150.7, 51.7), (171.2, 51.7), (180.5, 66.7), (180.5, 81.6), (180.5, 102.1), (188.0, 115.2), (191.7, 115.2), (191.7, 115.2), (191.7, 115.2), (191.7, 115.2), (191.7, 115.2), (191.7, 115.2), (191.7, 115.2), (191.7, 115.2), (191.7, 115.2), (191.7, 115.2), (191.7, 115.2), (191.7, 115.2), (191.7, 115.2), (191.7, 115.2), (191.7, 115.2), (191.7, 115.2), (191.7, 115.2), (191.7, 115.2), (202.9, 115.2), (225.3, 115.2), (240.3, 120.8), (236.5, 128.3), (238.4, 128.3), (238.4, 128.3), (238.4, 128.3), (236.5, 126.4), (236.5, 128.3), (238.4, 128.3), (236.5, 126.4), (236.5, 126.4), (236.5, 126.4), (236.5, 126.4), (236.5, 126.4), (236.5, 126.4), (236.5, 126.4), (236.5, 126.4), (236.5, 126.4), (236.5, 126.4), (236.5, 126.4), (236.5, 126.4), (236.5, 126.4), (236.5, 126.4), (236.5, 126.4), (236.5, 126.4), (236.5, 126.4), (236.5, 126.4), (236.5, 126.4), (236.5, 126.4), (238.4, 128.3), (236.5, 126.4), (238.4, 128.3), (236.5, 128.3)]",0,0,12.0
experienced,bomberman,7,Bomb,203,0,14.45,0.409,"[(48.0, 48.0), (62.9, 44.3), (64.8, 51.7), (64.8, 49.9), (62.9, 51.7), (64.8, 51.7), (64.8, 49.9), (62.9, 51.7), (64.8, 51.7), (64.8, 49.9), (62.9, 51.7), (64.8, 51.7), (64.8, 49.9), (62.9, 51.7), (64.8, 51.7), (64.8, 49.9), (62.9, 51.7), (64.8, 51.7), (64.8, 49.9), (62.9, 51.7), (64.8, 51.7), (64.8, 49.9), (62.9, 51.7), (64.8, 51.7), (64.8, 49.9), (62.9, 51.7), (64.8, 51.7), (76.0, 51.7), (96.5, 51.7), (111.5, 51.7), (126.4, 51.7), (141.3, 51.7), (163.7, 51.7), (178.7, 59.2), (180.5, 74.1), (180.5, 92.8), (180.5, 109.6), (195.5, 115.2), (210.4, 115.2), (232.8, 115.2), (244.0, 128.3), (244.0, 128.3), (244.0, 128.3), (244.0, 128.3), (244.0, 128.3), (244.0, 128.3), (244.0, 128.3), (244.0, 128.3), (244.0, 128.3), (244.0, 128.3), (244.0, 128.3), (244.0, 128.3), (244.0, 128.3), (244.0, 128.3), (244.0, 128.3), (244.0, 128.3), (244.0, 128.3), (244.0, 128.3), (244.0, 128.3), (244.0, 128.3), (244.0, 128.3), (244.0, 128.3), (244.0, 128.3), (244.0, 128.3), (244.0, 128.3), (244.0, 128.3), (244.0, 128.3), (244.0, 128.3), (244.0, 128.3), (244.0, 128.3), (244.0, 128.3), (244.0, 128.3), (244.0, 128.3), (244.0, 128.3), (244.0, 128.3), (244.0, 128.3), (244.0, 128.3), (244.0, 128.3), (244.0, 128.3), (244.0, 128.3), (244.0, 128.3), (244.0, 128.3), (244.0, 128.3), (244.0, 128.3), (244.0, 128.3), (244.0, 128.3), (244.0, 128.3), (244.0, 128.3), (244.0, 128.3), (244.0, 128.3), (244.0, 128.3)]",1,0,12.02
experienced,bomberman,7,Stuck,88,0,9.25,0.455,"[(48.0, 48.0), (62.9, 51.7), (62.9, 51.7), (64.8, 51.7), (64.8, 49.9), (62.9, 51.7), (64.8, 51.7), (64.8, 49.9), (62.9, 51.7), (64.8, 51.7), (64.8, 49.9), (62.9, 51.7), (64.8, 51.7), (64.8, 49.9), (62.9, 51.7), (64.8, 51.7), (64.8, 49.9), (62.9, 51.7), (64.8, 51.7), (64.8, 49.9), (62.9, 51.7), (64.8, 51.7), (64.8, 49.9), (62.9, 51.7), (64.8, 51.7), (64.8, 49.9), (62.9, 51.7), (76.0, 51.7), (90.9, 51.7), (105.9, 44.3), (120.8, 44.3), (135.7, 51.7), (154.4, 51.7), (173.1, 53.6), (180.5, 68.5), (180.5, 83.5), (180.5, 104.0), (189.9, 115.2), (204.8, 115.2), (227.2, 115.2), (242.1, 122.7), (242.1, 126.4), (242.1, 126.4), (242.1, 126.4), (242.1, 126.4), (242.1, 126.4), (242.1, 126.4), (236.5, 126.4), (236.5, 128.3), (238.4, 128.3), (236.5, 126.4), (236.5, 128.3), (238.4, 128.3), (236.5, 126.4), (238.4, 128.3), (238.4, 128.3), (238.4, 128.3), (238.4, 128.3), (238.4, 128.3), (238.4, 128.3), (238.4, 128.3), (236.5, 132.0), (236.5, 146.9), (236.5, 169.3), (225.3, 178.7), (223.5, 176.8), (223.5, 176.8), (223.5, 176.8), (223.5, 176.8), (223.5, 176.8), (223.5, 176.8), (223.5, 176.8), (223.5, 176.8), (223.5, 176.8), (223.5, 176.8), (223.5, 176.8), (223.5, 176.8), (223.5, 176.8), (223.5, 176.8), (223.5, 176.8), (223.5, 176.8), (223.5, 176.8), (223.5, 176.8), (223.5, 176.8), (223.5, 176.8), (223.5, 176.8), (223.5, 176.8), (223.5, 176.8), (223.5, 176.8), (223.5, 176.8), (223.5, 176.8), (223.5, 176.8), (223.5, 176.8), (223.5, 176.8), (223.5, 176.8), (223.5, 180.5), (223.5, 180.5), (223.5, 180.5), (223.5, 180.5), (223.5, 180.5), (223.5, 180.5), (223.5, 180.5), (223.5, 180.5), (223.5, 180.5), (223.5, 180.5), (223.5, 180.5), (223.5, 180.5), (223.5, 180.5), (223.5, 180.5), (223.5, 180.5), (223.5, 180.5), (223.5, 180.5), (223.5, 180.5), (223.5, 180.5), (223.5, 180.5), (223.5, 180.5), (223.5, 180.5), (223.5, 180.5), (223.5, 180.5), (223.5, 180.5), (223.5, 180.5), (223.5, 180.5), (223.5, 180.5), (223.5, 180.5), (223.5, 180.5), (223.5, 180.5), (223.5, 180.5), (223.5, 180.5), (223.5, 180.5), (223.5, 180.5), (223.5, 180.5), (223.5, 180.5)]",1,0,17.55
experienced,bomberman,7,Bomb,47,0,14.93,0.409,"[(48.0, 48.0), (62.9, 51.7), (62.9, 51.7), (62.9, 51.7), (62.9, 51.7), (62.9, 51.7), (62.9, 51.7), (62.9, 51.7), (62.9, 51.7), (62.9, 51.7), (62.9, 51.7), (62.9, 51.7), (62.9, 51.7), (62.9, 51.7), (62.9, 51.7), (62.9, 51.7), (62.9, 51.7), (62.9, 51.7), (62.9, 51.7), (62.9, 51.7), (62.9, 51.7), (62.9, 51.7), (62.9, 51.7), (62.9, 51.7), (62.9, 51.7), (62.9, 51.7), (62.9, 51.7), (74.1, 49.9), (89.1, 49.9), (104.0, 44.3), (118.9, 44.3), (133.9, 49.9), (150.7, 51.7), (167.5, 51.7), (180.5, 62.9), (180.5, 77.9), (180.5, 98.4), (184.3, 113.3), (191.7, 115.2), (191.7, 115.2), (191.7, 115.2), (191.7, 115.2), (191.7, 115.2), (191.7, 115.2), (191.7, 115.2), (191.7, 115.2), (191.7, 115.2), (191.7, 115.2), (191.7, 115.2), (191.7, 115.2), (191.7, 115.2), (191.7, 115.2), (191.7, 115.2), (191.7, 115.2), (191.7, 115.2), (191.7, 115.2), (191.7, 115.2), (202.9, 115.2), (225.3, 115.2), (240.3, 120.8), (236.5, 128.3), (238.4, 126.4), (238.4, 126.4), (238.4, 126.4), (238.4, 126.4), (238.4, 126.4), (238.4, 126.4), (238.4, 126.4), (238.4, 126.4), (238.4, 126.4), (238.4, 126.4), (238.4, 126.4), (238.4, 126.4), (238.4, 126.4), (238.4, 126.4), (238.4, 126.4), (238.4, 126.4), (238.4, 126.4), (238.4, 126.4), (238.4, 126.4), (238.4, 126.4), (238.4, 126.4), (238.4, 126.4), (238.4, 126.4), (238.4, 126.4), (238.4, 126.4), (238.4, 126.4), (238.4, 126.4), (238.4, 126.4), (238.4, 126.4), (238.4, 126.4)]",1,0,12.0
experienced,bomberman,7,Stuck,88,0,9.25,0.455,"[(48.0, 48.0), (62.9, 51.7), (62.9, 51.7), (64.8, 51.7), (64.8, 49.9), (62.9, 51.7), (64.8, 51.7), (64.8, 49.9), (62.9, 51.7), (64.8, 51.7), (64.8, 49.9), (62.9, 51.7), (64.8, 51.7), (64.8, 49.9), (62.9, 51.7), (64.8, 51.7), (64.8, 49.9), (62.9, 51.7), (64.8, 51.7), (64.8, 49.9), (62.9, 51.7), (64.8, 51.7), (64.8, 49.9), (62.9, 51.7), (64.8, 51.7), (64.8, 49.9), (62.9, 51.7), (76.0, 51.7), (90.9, 51.7), (105.9, 44.3), (120.8, 44.3), (135.7, 51.7), (154.4, 51.7), (173.1, 53.6), (180.5, 68.5), (180.5, 83.5), (180.5, 104.0), (189.9, 115.2), (204.8, 115.2), (227.2, 115.2), (242.1, 122.7), (242.1, 126.4), (242.1, 126.4), (242.1, 126.4), (242.1, 126.4), (242.1, 126.4), (242.1, 126.4), (236.5, 126.4), (236.5, 128.3), (238.4, 128.3), (236.5, 126.4), (236.5, 128.3), (238.4, 128.3), (236.5, 126.4), (238.4, 128.3), (238.4, 128.3), (238.4, 128.3), (238.4, 128.3), (238.4, 128.3), (238.4, 128.3), (238.4, 128.3), (236.5, 132.0), (236.5, 146.9), (236.5, 169.3), (225.3, 178.7), (223.5, 176.8), (223.5, 176.8), (223.5, 176.8), (223.5, 176.8), (223.5, 176.8), (223.5, 176.8), (223.5, 176.8), (223.5, 176.8), (223.5, 176.8), (223.5, 176.8), (223.5, 176.8), (223.5, 176.8), (223.5, 176.8), (223.5, 176.8), (223.5, 176.8), (223.5, 176.8), (223.5, 176.8), (223.5, 176.8), (223.5, 176.8), (223.5, 176.8), (223.5, 176.8), (223.5, 176.8), (223.5, 176.8), (223.5, 176.8), (223.5, 176.8), (223.5, 176.8), (223.5, 176.8), (223.5, 176.8), (223.5, 176.8), (223.5, 176.8), (223.5, 180.5), (223.5, 180.5), (223.5, 180.5), (223.5, 180.5), (223.5, 180.5), (223.5, 180.5), (223.5, 180.5), (223.5, 180.5), (223.5, 180.5), (223.5, 180.5), (223.5, 180.5), (223.5, 180.5), (223.5, 180.5), (223.5, 180.5), (223.5, 180.5), (223.5, 180.5), (223.5, 180.5), (223.5, 180.5), (223.5, 180.5), (223.5, 180.5), (223.5, 180.5), (223.5, 180.5), (223.5, 180.5), (223.5, 180.5), (223.5, 180.5), (223.5, 180.5), (223.5, 180.5), (223.5, 180.5), (223.5, 180.5), (223.5, 180.5), (223.5, 180.5), (223.5, 180.5), (223.5, 180.5), (223.5, 180.5), (223.5, 180.5), (223.5, 180.5), (223.5, 180.5)]",1,0,17.55
experienced,bomberman,7,Bomb,190,0,14.39,0.455,"[(48.0, 48.0), (62.9, 44.3), (64.8, 51.7), (64.8, 49.9), (62.9, 51.7), (64.8, 51.7), (64.8, 49.9), (62.9, 51.7), (64.8, 51.7), (64.8, 49.9), (62.9, 51.7), (64.8, 51.7), (64.8, 49.9), (62.9, 51.7), (64.8, 51.7), (64.8, 49.9), (62.9, 51.7), (64.8, 51.7), (64.8, 49.9), (62.9, 51.7), (64.8, 51.7), (64.8, 49.9), (62.9, 51.7), (64.8, 51.7), (64.8, 49.9), (62.9, 51.7), (64.8, 51.7), (76.0, 49.9), (90.9, 49.9), (105.9, 44.3), (120.8, 44.3), (135.7, 51.7), (154.4, 51.7), (173.1, 53.6), (180.5, 68.5), (180.5, 83.5), (180.5, 104.0), (189.9, 115.2), (204.8, 115.2), (227.2, 115.2), (242.1, 122.7), (242.1, 126.4), (242.1, 126.4), (242.1, 126.4), (242.1, 126.4), (242.1, 126.4), (242.1, 126.4), (242.1, 126.4), (242.1, 126.4), (242.1, 126.4), (242.1, 126.4), (242.1, 126.4), (242.1, 126.4), (242.1, 126.4), (242.1, 126.4), (242.1, 126.4), (242.1, 126.4), (242.1, 126.4), (242.1, 126.4), (242.1, 126.4), (242.1, 126.4), (242.1, 126.4), (242.1, 126.4), (242.1, 126.4), (242.1, 126.4), (242.1, 126.4), (242.1, 126.4), (242.1, 126.4), (242.1, 126.4), (242.1, 126.4), (242.1, 126.4), (242.1, 126.4), (242.1, 126.4), (242.1, 126.4), (242.1, 126.4), (242.1, 126.4), (242.1, 126.4), (242.1, 126.4), (242.1, 126.4), (242.1, 126.4), (242.1, 126.4), (242.1, 126.4), (242.1, 126.4), (242.1, 126.4), (242.1, 126.4), (242.1, 126.4), (242.1, 126.4), (242.1, 130.1), (236.5, 145.1), (236.5, 160.0), (236.5, 161.9)]",1,0,12.07
experienced,bomberman,7,Stuck,46,0,9.16,0.455,"[(48.0, 48.0), (62.9, 51.7), (62.9, 51.7), (64.8, 51.7), (64.8, 49.9), (62.9, 51.7), (64.8, 51.7), (64.8, 49.9), (62.9, 51.7), (64.8, 51.7), (64.8, 49.9), (62.9, 51.7), (64.8, 51.7), (64.8, 49.9), (62.9, 51.7), (64.8, 51.7), (64.8, 49.9), (62.9, 51.7), (64.8, 51.7), (64.8, 49.9), (62.9, 51.7), (64.8, 51.7), (64.8, 49.9), (62.9, 51.7), (64.8, 51.7), (64.8, 49.9), (62.9, 51.7), (76.0, 51.7), (90.9, 51.7), (105.9, 44.3), (120.8, 44.3), (135.7, 51.7), (154.4, 51.7), (173.1, 53.6), (176.8, 68.5), (180.5, 83.5), (180.5, 104.0), (189.9, 115.2), (193.6, 115.2), (193.6, 115.2), (204.8, 115.2), (227.2, 115.2), (242.1, 122.7), (242.1, 126.4), (242.1, 126.4), (242.1, 126.4), (242.1, 126.4), (242.1, 126.4), (242.1, 126.4), (242.1, 126.4), (242.1, 126.4), (242.1, 126.4), (242.1, 126.4), (242.1, 126.4), (242.1, 126.4), (242.1, 126.4), (242.1, 126.4), (242.1, 126.4), (242.1, 126.4), (242.1, 126.4), (242.1, 126.4), (242.1, 126.4), (242.1, 126.4), (242.1, 126.4), (242.1, 126.4), (242.1, 126.4), (242.1, 126.4), (242.1, 126.4), (242.1, 126.4), (242.1, 126.4), (242.1, 126.4), (242.1, 126.4), (242.1, 126.4), (242.1, 126.4), (242.1, 126.4), (242.1, 126.4), (242.1, 126.4), (242.1, 126.4), (242.1, 126.4), (242.1, 126.4), (242.1, 126.4), (242.1, 126.4), (242.1, 126.4), (242.1, 126.4), (242.1, 126.4), (242.1, 126.4), (242.1, 126.4), (240.3, 130.1), (236.5, 145.1), (236.5, 167.5), (227.2, 180.5), (225.3, 180.5), (223.5, 180.5), (223.5, 180.5), (225.3, 180.5), (223.5, 180.5), (223.5, 180.5), (223.5, 180.5), (223.5, 180.5), (223.5, 180.5), (223.5, 180.5), (223.5, 180.5), (223.5, 180.5), (223.5, 180.5), (223.5, 180.5), (223.5, 180.5), (223.5, 180.5), (223.5, 180.5), (223.5, 180.5), (223.5, 180.5), (223.5, 180.5), (223.5, 180.5), (223.5, 180.5), (223.5, 180.5), (223.5, 180.5), (223.5, 180.5), (223.5, 180.5), (223.5, 180.5), (223.5, 180.5), (223.5, 180.5), (223.5, 180.5), (223.5, 180.5), (223.5, 180.5), (223.5, 180.5), (223.5, 180.5), (223.5, 180.5), (223.5, 180.5), (223.5, 180.5), (223.5, 180.5), (223.5, 180.5), (223.5, 180.5), (223.5, 180.5)]",1,0,17.53
experienced,bomberman,7,Bomb,203,0,14.45,0.409,"[(48.0, 48.0), (62.9, 44.3), (64.8, 51.7), (64.8, 49.9), (62.9, 51.7), (64.8, 51.7), (64.8, 49.9), (62.9, 51.7), (64.8, 51.7), (64.8, 49.9), (62.9, 51.7), (64.8, 51.7), (64.8, 49.9), (62.9, 51.7), (64.8, 51.7), (64.8, 49.9), (62.9, 51.7), (64.8, 51.7), (64.8, 49.9), (62.9, 51.7), (64.8, 51.7), (64.8, 49.9), (62.9, 51.7), (64.8, 51.7), (64.8, 49.9), (62.9, 51.7), (64.8, 51.7), (76.0, 51.7), (96.5, 51.7), (111.5, 51.7), (126.4, 51.7), (141.3, 51.7), (163.7, 51.7), (178.7, 59.2), (180.5, 74.1), (180.5, 92.8), (180.5, 109.6), (195.5, 115.2), (210.4, 115.2), (232.8, 115.2), (244.0, 128.3), (244.0, 128.3), (244.0, 128.3), (244.0, 128.3), (244.0, 128.3), (244.0, 128.3), (244.0, 128.3), (244.0, 128.3), (244.0, 128.3), (244.0, 128.3), (244.0, 128.3), (244.0, 128.3), (244.0, 128.3), (244.0, 128.3), (244.0, 128.3), (244.0, 128.3), (244.0, 128.3), (244.0, 128.3), (244.0, 128.3), (244.0, 128.3), (244.0, 128.3), (244.0, 128.3), (244.0, 128.3), (244.0, 128.3), (244.0, 128.3), (244.0, 128.3), (244.0, 128.3), (244.0, 128.3), (244.0, 128.3), (244.0, 128.3), (244.0, 128.3), (244.0, 128.3), (244.0, 128.3), (244.0, 128.3), (244.0, 128.3), (244.0, 128.3), (244.0, 128.3), (244.0, 128.3), (244.0, 128.3), (244.0, 128.3), (244.0, 128.3), (244.0, 128.3), (244.0, 128.3), (244.0, 128.3), (244.0, 128.3), (244.0, 128.3), (244.0, 128.3), (244.0, 128.3), (244.0, 128.3), (244.0, 128.3), (244.0, 128.3)]",1,0,12.02
experienced,bomberman,7,Enemy,4,0,14.19,0.182,"[(48.0, 48.0), (62.9, 44.3), (64.8, 51.7), (64.8, 49.9), (62.9, 51.7), (64.8, 51.7), (64.8, 49.9), (62.9, 51.7), (64.8, 51.7), (64.8, 49.9), (62.9, 51.7), (64.8, 51.7), (64.8, 49.9), (62.9, 51.7), (64.8, 51.7), (64.8, 49.9), (62.9, 51.7), (64.8, 51.7), (64.8, 49.9), (62.9, 51.7), (64.8, 51.7), (64.8, 49.9), (62.9, 51.7), (64.8, 51.7), (64.8, 49.9), (62.9, 51.7), (64.8, 51.7), (76.0, 49.9), (90.9, 49.9), (105.9, 44.3), (120.8, 44.3), (135.7, 51.7), (154.4, 51.7), (161.9, 51.7), (161.9, 51.7), (161.9, 51.7), (161.9, 51.7), (161.9, 51.7), (161.9, 51.7), (161.9, 51.7), (161.9, 51.7), (161.9, 51.7), (161.9, 51.7), (161.9, 51.7), (161.9, 51.7), (161.9, 51.7), (161.9, 51.7), (161.9, 51.7), (161.9, 51.7), (161.9, 51.7), (161.9, 51.7), (161.9, 51.7), (161.9, 51.7), (161.9, 51.7), (161.9, 51.7), (161.9, 51.7), (161.9, 51.7)]",0,0,7.5
experienced,bomberman,7,Bomb,76,0,10.36,0.455,"[(48.0, 48.0), (62.9, 51.7), (77.9, 51.7), (98.4, 49.9), (113.3, 44.3), (128.3, 44.3), (143.2, 51.7), (165.6, 51.7), (180.5, 61.1), (180.5, 76.0), (180.5, 96.5), (182.4, 111.5), (197.3, 115.2), (214.1, 115.2), (234.7, 115.2), (242.1, 126.4), (242.1, 126.4), (242.1, 126.4), (242.1, 126.4), (242.1, 126.4), (242.1, 126.4), (242.1, 126.4), (242.1, 126.4), (242.1, 126.4), (242.1, 126.4), (242.1, 126.4), (236.5, 141.3), (236.5, 128.3), (238.4, 126.4), (238.4, 126.4), (238.4, 126.4), (244.0, 126.4), (244.0, 126.4), (244.0, 126.4), (244.0, 126.4), (244.0, 126.4), (244.0, 126.4), (244.0, 126.4), (244.0, 126.4), (244.0, 126.4), (238.4, 137.6), (236.5, 156.3), (234.7, 174.9), (223.5, 180.5), (223.5, 180.5), (223.5, 180.5), (223.5, 180.5), (223.5, 180.5), (223.5, 180.5), (223.5, 180.5), (223.5, 180.5), (223.5, 180.5), (223.5, 180.5), (223.5, 180.5), (223.5, 180.5), (223.5, 180.5), (223.5, 180.5), (223.5, 180.5), (223.5, 180.5), (223.5, 180.5), (223.5, 180.5), (225.3, 180.5), (225.3, 180.5), (225.3, 180.5), (225.3, 180.5), (225.3, 180.5), (225.3, 180.5), (225.3, 180.5), (225.3, 180.5), (225.3, 180.5), (225.3, 180.5), (225.3, 180.5), (225.3, 180.5), (225.3, 180.5), (225.3, 180.5), (225.3, 180.5), (225.3, 180.5), (225.3, 180.5), (225.3, 180.5), (225.3, 180.5), (225.3, 180.5), (225.3, 180.5), (225.3, 180.5), (223.5, 180.5), (223.5, 180.5), (223.5, 180.5), (223.5, 180.5), (223.5, 180.5), (223.5, 180.5), (223.5, 180.5), (225.3, 180.5), (225.3, 180.5), (225.3, 180.5), (225.3, 180.5), (225.3, 180.5), (225.3, 180.5), (225.3, 180.5), (225.3, 180.5), (225.3, 180.5), (225.3, 180.5), (225.3, 180.5), (225.3, 180.5), (225.3, 180.5), (225.3, 180.5), (225.3, 180.5), (225.3, 180.5), (225.3, 180.5), (225.3, 180.5), (225.3, 180.5), (225.3, 180.5), (225.3, 180.5), (225.3, 180.5), (225.3, 180.5)]",0,0,14.95
experienced,bomberman,7,Bomb,212,0,14.89,0.409,"[(48.0, 48.0), (62.9, 51.7), (62.9, 51.7), (62.9, 51.7), (62.9, 51.7), (62.9, 51.7), (62.9, 51.7), (62.9, 51.7), (62.9, 51.7), (62.9, 51.7), (62.9, 51.7), (62.9, 51.7), (62.9, 51.7), (62.9, 51.7), (62.9, 51.7), (62.9, 51.7), (62.9, 51.7), (62.9, 51.7), (62.9, 51.7), (62.9, 51.7), (62.9, 51.7), (62.9, 51.7), (62.9, 51.7), (62.9, 51.7), (62.9, 51.7), (62.9, 51.7), (62.9, 51.7), (74.1, 51.7), (94.7, 51.7), (109.6, 44.3), (124.5, 44.3), (126.4, 51.7), (126.4, 51.7), (141.3, 51.7), (160.0, 51.7), (174.9, 55.5), (180.5, 70.4), (180.5, 85.3), (180.5, 105.9), (191.7, 115.2), (191.7, 115.2), (191.7, 115.2), (191.7, 115.2), (191.7, 115.2), (191.7, 115.2), (191.7, 115.2), (191.7, 115.2), (191.7, 115.2), (191.7, 115.2), (191.7, 115.2), (191.7, 115.2), (191.7, 115.2), (191.7, 115.2), (191.7, 115.2), (191.7, 115.2), (191.7, 115.2), (191.7, 115.2), (199.2, 115.2), (217.9, 115.2), (236.5, 117.1), (244.0, 128.3), (244.0, 128.3), (244.0, 128.3), (244.0, 128.3), (244.0, 128.3), (244.0, 128.3), (244.0, 128.3), (244.0, 128.3), (244.0, 128.3), (244.0, 128.3), (244.0, 128.3), (244.0, 128.3), (244.0, 128.3), (244.0, 128.3), (244.0, 128.3), (244.0, 128.3), (244.0, 128.3), (244.0, 128.3), (244.0, 128.3), (244.0, 128.3), (244.0, 128.3), (244.0, 128.3), (244.0, 128.3), (244.0, 128.3), (244.0, 128.3), (244.0, 128.3), (244.0, 128.3), (244.0, 128.3), (244.0, 128.3), (244.0, 128.3), (244.0, 128.3)]",1,0,12.03
experienced,bomberman,7,Bomb,235,0,5.37,0.455,"[(48.0, 48.0), (62.9, 51.7), (77.9, 51.7), (98.4, 51.7), (113.3, 57.3), (115.2, 61.1), (115.2, 64.8), (115.2, 62.9), (115.2, 61.1), (115.2, 64.8), (115.2, 62.9), (115.2, 61.1), (115.2, 64.8), (115.2, 62.9), (115.2, 61.1), (115.2, 64.8), (115.2, 62.9), (115.2, 61.1), (115.2, 64.8), (115.2, 62.9), (115.2, 61.1), (115.2, 64.8), (115.2, 62.9), (115.2, 61.1), (115.2, 64.8), (115.2, 62.9), (115.2, 61.1), (115.2, 62.9), (115.2, 62.9), (115.2, 62.9), (115.2, 62.9), (118.9, 48.0), (133.9, 49.9), (150.7, 51.7), (171.2, 51.7), (180.5, 66.7), (180.5, 81.6), (180.5, 102.1), (188.0, 115.2), (202.9, 115.2), (206.7, 115.2), (206.7, 115.2), (206.7, 115.2), (206.7, 115.2), (206.7, 115.2), (206.7, 115.2), (206.7, 115.2), (206.7, 115.2), (206.7, 115.2), (206.7, 115.2), (206.7, 115.2), (206.7, 115.2), (206.7, 115.2), (206.7, 115.2), (217.9, 115.2), (236.5, 117.1), (240.3, 132.0), (238.4, 128.3), (236.5, 126.4), (236.5, 128.3), (238.4, 128.3), (236.5, 126.4), (236.5, 128.3), (238.4, 128.3), (236.5, 132.0), (236.5, 146.9), (236.5, 169.3), (225.3, 180.5), (225.3, 180.5), (225.3, 180.5), (225.3, 180.5), (225.3, 180.5), (225.3, 180.5), (225.3, 180.5), (225.3, 180.5), (225.3, 180.5), (225.3, 180.5), (225.3, 180.5), (225.3, 180.5), (225.3, 180.5), (225.3, 180.5), (225.3, 180.5), (225.3, 180.5), (225.3, 180.5), (225.3, 180.5), (225.3, 180.5), (225.3, 180.5), (214.1, 180.5), (193.6, 180.5), (193.6, 180.5), (193.6, 180.5), (193.6, 180.5), (193.6, 180.5), (193.6, 180.5), (193.6, 180.5), (193.6, 180.5), (193.6, 180.5), (193.6, 180.5), (193.6, 180.5), (193.6, 180.5), (193.6, 180.5), (193.6, 180.5), (193.6, 180.5), (193.6, 180.5), (193.6, 180.5), (193.6, 180.5), (193.6, 180.5), (193.6, 180.5), (193.6, 180.5), (193.6, 180.5), (193.6, 180.5), (193.6, 180.5), (193.6, 180.5), (193.6, 180.5), (193.6, 180.5), (193.6, 180.5), (193.6, 180.5), (182.4, 180.5), (173.1, 195.5), (173.1, 210.4), (178.7, 232.8), (178.7, 236.5), (178.7, 236.5), (178.7, 236.5), (180.5, 232.8), (178.7, 225.3), (178.7, 225.3), (178.7, 225.3), (178.7, 225.3), (178.7, 225.3), (178.7, 225.3), (178.7, 225.3), (178.7, 225.3), (178.7, 225.3), (178.7, 225.3), (178.7, 225.3), (178.7, 225.3), (178.7, 225.3), (178.7, 225.3), (178.7, 225.3), (178.7, 225.3), (178.7, 225.3), (178.7, 225.3), (178.7, 225.3), (178.7, 225.3), (178.7, 225.3), (178.7, 225.3), (178.7, 225.3), (178.7, 225.3), (178.7, 225.3), (178.7, 225.3), (173.1, 225.3), (173.1, 227.2), (173.1, 223.5)]",1,0,20.5
experienced,bomberman,7,Stuck,59,0,8.97,0.455,"[(48.0, 48.0), (62.9, 44.3), (77.9, 51.7), (98.4, 51.7), (113.3, 57.3), (115.2, 61.1), (115.2, 64.8), (115.2, 62.9), (115.2, 61.1), (115.2, 64.8), (115.2, 62.9), (115.2, 61.1), (115.2, 64.8), (115.2, 62.9), (115.2, 61.1), (115.2, 64.8), (115.2, 62.9), (115.2, 61.1), (115.2, 64.8), (115.2, 62.9), (115.2, 61.1), (115.2, 64.8), (115.2, 62.9), (115.2, 61.1), (115.2, 64.8), (115.2, 62.9), (115.2, 61.1), (115.2, 51.7), (130.1, 46.1), (145.1, 51.7), (167.5, 51.7), (180.5, 62.9), (180.5, 77.9), (180.5, 98.4), (184.3, 113.3), (191.7, 115.2), (191.7, 115.2), (191.7, 115.2), (191.7, 115.2), (191.7, 115.2), (202.9, 115.2), (225.3, 115.2), (240.3, 120.8), (244.0, 128.3), (244.0, 128.3), (244.0, 128.3), (244.0, 128.3), (240.3, 135.7), (236.5, 152.5), (236.5, 160.0), (236.5, 161.9), (236.5, 163.7), (236.5, 160.0), (236.5, 161.9), (236.5, 152.5), (236.5, 135.7), (238.4, 126.4), (236.5, 128.3), (238.4, 128.3), (236.5, 126.4), (236.5, 128.3), (236.5, 126.4), (236.5, 128.3), (238.4, 128.3), (238.4, 128.3), (238.4, 128.3), (238.4, 128.3), (238.4, 128.3), (238.4, 128.3), (238.4, 128.3), (238.4, 128.3), (238.4, 128.3), (238.4, 128.3), (238.4, 128.3), (238.4, 128.3), (238.4, 128.3), (238.4, 143.2), (238.4, 158.1), (236.5, 173.1), (223.5, 180.5), (223.5, 180.5), (223.5, 180.5), (223.5, 180.5), (223.5, 180.5), (223.5, 180.5), (223.5, 180.5), (223.5, 180.5), (223.5, 180.5), (223.5, 180.5), (223.5, 180.5), (223.5, 180.5), (223.5, 180.5), (223.5, 180.5), (223.5, 180.5), (223.5, 180.5), (223.5, 180.5), (223.5, 180.5), (223.5, 180.5), (223.5, 180.5), (223.5, 180.5), (223.5, 180.5), (223.5, 180.5), (223.5, 180.5), (223.5, 180.5), (223.5, 180.5), (223.5, 180.5), (223.5, 180.5), (223.5, 180.5), (223.5, 180.5), (223.5, 180.5), (223.5, 180.5), (225.3, 180.5), (223.5, 180.5), (223.5, 180.5), (225.3, 180.5), (223.5, 180.5), (223.5, 180.5), (225.3, 180.5), (223.5, 180.5), (223.5, 180.5), (223.5, 180.5), (223.5, 180.5), (223.5, 180.5), (223.5, 180.5), (223.5, 180.5), (223.5, 180.5), (223.5, 180.5), (223.5, 180.5), (223.5, 180.5), (223.5, 180.5), (223.5, 180.5), (223.5, 180.5)]",0,0,17.48
experienced,bomberman,7,Bomb,79,0,14.85,0.409,"[(48.0, 48.0), (62.9, 44.3), (64.8, 51.7), (64.8, 49.9), (62.9, 51.7), (64.8, 51.7), (64.8, 49.9), (62.9, 51.7), (64.8, 51.7), (64.8, 49.9), (62.9, 51.7), (64.8, 51.7), (64.8, 49.9), (62.9, 51.7), (64.8, 51.7), (64.8, 49.9), (62.9, 51.7), (64.8, 51.7), (64.8, 49.9), (62.9, 51.7), (64.8, 51.7), (64.8, 49.9), (62.9, 51.7), (64.8, 51.7), (64.8, 49.9), (62.9, 51.7), (64.8, 51.7), (76.0, 49.9), (90.9, 49.9), (105.9, 44.3), (120.8, 44.3), (135.7, 51.7), (154.4, 51.7), (173.1, 53.6), (180.5, 68.5), (180.5, 83.5), (180.5, 94.7), (180.5, 96.5), (180.5, 98.4), (180.5, 94.7), (180.5, 107.7), (193.6, 115.2), (208.5, 115.2), (230.9, 115.2), (244.0, 126.4), (242.1, 126.4), (242.1, 126.4), (242.1, 126.4), (242.1, 126.4), (242.1, 126.4), (242.1, 126.4), (242.1, 126.4), (242.1, 126.4), (242.1, 126.4), (242.1, 126.4), (242.1, 126.4), (242.1, 126.4), (242.1, 126.4), (242.1, 126.4), (242.1, 126.4), (242.1, 126.4), (242.1, 126.4), (242.1, 126.4), (242.1, 126.4), (242.1, 126.4), (242.1, 126.4), (242.1, 126.4), (242.1, 126.4), (242.1, 126.4), (242.1, 126.4), (242.1, 126.4), (242.1, 126.4), (242.1, 126.4), (242.1, 126.4), (242.1, 126.4), (242.1, 126.4), (242.1, 126.4), (242.1, 126.4), (242.1, 126.4), (242.1, 126.4), (242.1, 126.4), (242.1, 126.4), (242.1, 126.4), (242.1, 126.4), (242.1, 126.4), (242.1, 126.4), (242.1, 126.4), (242.1, 126.4), (242.1, 126.4), (242.1, 126.4), (242.1, 126.4)]",1,0,12.07
experienced,bomberman,7,Stuck,46,0,9.16,0.455,"[(48.0, 48.0), (62.9, 51.7), (62.9, 51.7), (64.8, 51.7), (64.8, 49.9), (62.9, 51.7), (64.8, 51.7), (64.8, 49.9), (62.9, 51.7), (64.8, 51.7), (64.8, 49.9), (62.9, 51.7), (64.8, 51.7), (64.8, 49.9), (62.9, 51.7), (64.8, 51.7), (64.8, 49.9), (62.9, 51.7), (64.8, 51.7), (64.8, 49.9), (62.9, 51.7), (64.8, 51.7), (64.8, 49.9), (62.9, 51.7), (64.8, 51.7), (64.8, 49.9), (62.9, 51.7), (76.0, 51.7), (90.9, 51.7), (105.9, 44.3), (120.8, 44.3), (135.7, 51.7), (154.4, 51.7), (173.1, 53.6), (176.8, 68.5), (180.5, 83.5), (180.5, 104.0), (189.9, 115.2), (193.6, 115.2), (193.6, 115.2), (204.8, 115.2), (227.2, 115.2), (242.1, 122.7), (242.1, 126.4), (242.1, 126.4), (242.1, 126.4), (242.1, 126.4), (242.1, 126.4), (242.1, 126.4), (242.1, 126.4), (242.1, 126.4), (242.1, 126.4), (242.1, 126.4), (242.1, 126.4), (242.1, 126.4), (242.1, 126.4), (242.1, 126.4), (242.1, 126.4), (242.1, 126.4), (242.1, 126.4), (242.1, 126.4), (242.1, 126.4), (242.1, 126.4), (242.1, 126.4), (242.1, 126.4), (242.1, 126.4), (242.1, 126.4), (242.1, 126.4), (242.1, 126.4), (242.1, 126.4), (242.1, 126.4), (242.1, 126.4), (242.1, 126.4), (242.1, 126.4), (242.1, 126.4), (242.1, 126.4), (242.1, 126.4), (242.1, 126.4), (242.1, 126.4), (242.1, 126.4), (242.1, 126.4), (242.1, 126.4), (242.1, 126.4), (242.1, 126.4), (242.1, 126.4), (242.1, 126.4), (242.1, 126.4), (240.3, 130.1), (236.5, 145.1), (236.5, 167.5), (227.2, 180.5), (225.3, 180.5), (223.5, 180.5), (223.5, 180.5), (225.3, 180.5), (223.5, 180.5), (223.5, 180.5), (223.5, 180.5), (223.5, 180.5), (223.5, 180.5), (223.5, 180.5), (223.5, 180.5), (223.5, 180.5), (223.5, 180.5), (223.5, 180.5), (223.5, 180.5), (223.5, 180.5), (223.5, 180.5), (223.5, 180.5), (223.5, 180.5), (223.5, 180.5), (223.5, 180.5), (223.5, 180.5), (223.5, 180.5), (223.5, 180.5), (223.5, 180.5), (223.5, 180.5), (223.5, 180.5), (223.5, 180.5), (223.5, 180.5), (223.5, 180.5), (223.5, 180.5), (223.5, 180.5), (223.5, 180.5), (223.5, 180.5), (223.5, 180.5), (223.5, 180.5), (223.5, 180.5), (223.5, 180.5), (223.5, 180.5), (223.5, 180.5), (223.5, 180.5)]",1,0,17.53
experienced,bomberman,7,Bomb,190,0,14.39,0.455,"[(48.0, 48.0), (62.9, 44.3), (64.8, 51.7), (64.8, 49.9), (62.9, 51.7), (64.8, 51.7), (64.8, 49.9), (62.9, 51.7), (64.8, 51.7), (64.8, 49.9), (62.9, 51.7), (64.8, 51.7), (64.8, 49.9), (62.9, 51.7), (64.8, 51.7), (64.8, 49.9), (62.9, 51.7), (64.8, 51.7), (64.8, 49.9), (62.9, 51.7), (64.8, 51.7), (64.8, 49.9), (62.9, 51.7), (64.8, 51.7), (64.8, 49.9), (62.9, 51.7), (64.8, 51.7), (76.0, 49.9), (90.9, 49.9), (105.9, 44.3), (120.8, 44.3), (135.7, 51.7), (154.4, 51.7), (173.1, 53.6), (180.5, 68.5), (180.5, 83.5), (180.5, 104.0), (189.9, 115.2), (204.8, 115.2), (227.2, 115.2), (242.1, 122.7), (242.1, 126.4), (242.1, 126.4), (242.1, 126.4), (242.1, 126.4), (242.1, 126.4), (242.1, 126.4), (242.1, 126.4), (242.1, 126.4), (242.1, 126.4), (242.1, 126.4), (242.1, 126.4), (242.1, 126.4), (242.1, 126.4), (242.1, 126.4), (242.1, 126.4), (242.1, 126.4), (242.1, 126.4), (242.1, 126.4), (242.1, 126.4), (242.1, 126.4), (242.1, 126.4), (242.1, 126.4), (242.1, 126.4), (242.1, 126.4), (242.1, 126.4), (242.1, 126.4), (242.1, 126.4), (242.1, 126.4), (242.1, 126.4), (242.1, 126.4), (242.1, 126.4), (242.1, 126.4), (242.1, 126.4), (242.1, 126.4), (242.1, 126.4), (242.1, 126.4), (242.1, 126.4), (242.1, 126.4), (242.1, 126.4), (242.1, 126.4), (242.1, 126.4), (242.1, 126.4), (242.1, 126.4), (242.1, 126.4), (242.1, 126.4), (242.1, 126.4), (242.1, 130.1), (236.5, 145.1), (236.5, 160.0), (236.5, 161.9)]",1,0,12.07
experienced,bomberman,7,Stuck,88,0,9.25,0.455,"[(48.0, 48.0), (62.9, 51.7), (62.9, 51.7), (64.8, 51.7), (64.8, 49.9), (62.9, 51.7), (64.8, 51.7), (64.8, 49.9), (62.9, 51.7), (64.8, 51.7), (64.8, 49.9), (62.9, 51.7), (64.8, 51.7), (64.8, 49.9), (62.9, 51.7), (64.8, 51.7), (64.8, 49.9), (62.9, 51.7), (64.8, 51.7), (64.8, 49.9), (62.9, 51.7), (64.8, 51.7), (64.8, 49.9), (62.9, 51.7), (64.8, 51.7), (64.8, 49.9), (62.9, 51.7), (76.0, 51.7), (90.9, 51.7), (105.9, 44.3), (120.8, 44.3), (135.7, 51.7), (154.4, 51.7), (173.1, 53.6), (180.5, 68.5), (180.5, 83.5), (180.5, 104.0), (189.9, 115.2), (204.8, 115.2), (227.2, 115.2), (242.1, 122.7), (242.1, 126.4), (242.1, 126.4), (242.1, 126.4), (242.1, 126.4), (242.1, 126.4), (242.1, 126.4), (236.5, 126.4), (236.5, 128.3), (238.4, 128.3), (236.5, 126.4), (236.5, 128.3), (238.4, 128.3), (236.5, 126.4), (238.4, 128.3), (238.4, 128.3), (238.4, 128.3), (238.4, 128.3), (238.4, 128.3), (238.4, 128.3), (238.4, 128.3), (236.5, 132.0), (236.5, 146.9), (236.5, 169.3), (225.3, 178.7), (223.5, 176.8), (223.5, 176.8), (223.5, 176.8), (223.5, 176.8), (223.5, 176.8), (223.5, 176.8), (223.5, 176.8), (223.5, 176.8), (223.5, 176.8), (223.5, 176.8), (223.5, 176.8), (223.5, 176.8), (223.5, 176.8), (223.5, 176.8), (223.5, 176.8), (223.5, 176.8), (223.5, 176.8), (223.5, 176.8), (223.5, 176.8), (223.5, 176.8), (223.5, 176.8), (223.5, 176.8), (223.5, 176.8), (223.5, 176.8), (223.5, 176.8), (223.5, 176.8), (223.5, 176.8), (223.5, 176.8), (223.5, 176.8), (223.5, 176.8), (223.5, 180.5), (223.5, 180.5), (223.5, 180.5), (223.5, 180.5), (223.5, 180.5), (223.5, 180.5), (223.5, 180.5), (223.5, 180.5), (223.5, 180.5), (223.5, 180.5), (223.5, 180.5), (223.5, 180.5), (223.5, 180.5), (223.5, 180.5), (223.5, 180.5), (223.5, 180.5), (223.5, 180.5), (223.5, 180.5), (223.5, 180.5), (223.5, 180.5), (223.5, 180.5), (223.5, 180.5), (223.5, 180.5), (223.5, 180.5), (223.5, 180.5), (223.5, 180.5), (223.5, 180.5), (223.5, 180.5), (223.5, 180.5), (223.5, 180.5), (223.5, 180.5), (223.5, 180.5), (223.5, 180.5), (223.5, 180.5), (223.5, 180.5), (223.5, 180.5), (223.5, 180.5)]",1,0,17.55
experienced,bomberman,7,Bomb,79,0,14.85,0.409,"[(48.0, 48.0), (62.9, 44.3), (64.8, 51.7), (64.8, 49.9), (62.9, 51.7), (64.8, 51.7), (64.8, 49.9), (62.9, 51.7), (64.8, 51.7), (64.8, 49.9), (62.9, 51.7), (64.8, 51.7), (64.8, 49.9), (62.9, 51.7), (64.8, 51.7), (64.8, 49.9), (62.9, 51.7), (64.8, 51.7), (64.8, 49.9), (62.9, 51.7), (64.8, 51.7), (64.8, 49.9), (62.9, 51.7), (64.8, 51.7), (64.8, 49.9), (62.9, 51.7), (64.8, 51.7), (76.0, 49.9), (90.9, 49.9), (105.9, 44.3), (120.8, 44.3), (135.7, 51.7), (154.4, 51.7), (173.1, 53.6), (180.5, 68.5), (180.5, 83.5), (180.5, 94.7), (180.5, 96.5), (180.5, 98.4), (180.5, 94.7), (180.5, 107.7), (193.6, 115.2), (208.5, 115.2), (230.9, 115.2), (244.0, 126.4), (242.1, 126.4), (242.1, 126.4), (242.1, 126.4), (242.1, 126.4), (242.1, 126.4), (242.1, 126.4), (242.1, 126.4), (242.1, 126.4), (242.1, 126.4), (242.1, 126.4), (242.1, 126.4), (242.1, 126.4), (242.1, 126.4), (242.1, 126.4), (242.1, 126.4), (242.1, 126.4), (242.1, 126.4), (242.1, 126.4), (242.1, 126.4), (242.1, 126.4), (242.1, 126.4), (242.1, 126.4), (242.1, 126.4), (242.1, 126.4), (242.1, 126.4), (242.1, 126.4), (242.1, 126.4), (242.1, 126.4), (242.1, 126.4), (242.1, 126.4), (242.1, 126.4), (242.1, 126.4), (242.1, 126.4), (242.1, 126.4), (242.1, 126.4), (242.1, 126.4), (242.1, 126.4), (242.1, 126.4), (242.1, 126.4), (242.1, 126.4), (242.1, 126.4), (242.1, 126.4), (242.1, 126.4), (242.1, 126.4), (242.1, 126.4), (242.1, 126.4)]",1,0,12.07
experienced,bomberman,7,Bomb,100,0,6.29,0.455,"[(48.0, 48.0), (62.9, 44.3), (77.9, 51.7), (98.4, 51.7), (113.3, 57.3), (117.1, 49.9), (132.0, 51.7), (146.9, 51.7), (169.3, 51.7), (180.5, 64.8), (173.1, 79.7), (173.1, 96.5), (173.1, 96.5), (173.1, 96.5), (173.1, 96.5), (173.1, 96.5), (173.1, 96.5), (173.1, 96.5), (173.1, 96.5), (173.1, 96.5), (173.1, 96.5), (173.1, 96.5), (173.1, 96.5), (173.1, 96.5), (173.1, 96.5), (173.1, 96.5), (182.4, 111.5), (197.3, 115.2), (214.1, 115.2), (234.7, 115.2), (242.1, 126.4), (238.4, 126.4), (236.5, 124.5), (240.3, 128.3), (240.3, 128.3), (240.3, 128.3), (240.3, 128.3), (240.3, 128.3), (240.3, 128.3), (240.3, 128.3), (238.4, 130.1), (238.4, 126.4), (236.5, 128.3), (240.3, 128.3), (236.5, 124.5), (238.4, 130.1), (238.4, 126.4), (236.5, 137.6), (236.5, 156.3), (234.7, 174.9), (225.3, 173.1), (223.5, 178.7), (223.5, 180.5), (225.3, 180.5), (223.5, 180.5), (223.5, 180.5), (223.5, 180.5), (223.5, 180.5), (223.5, 180.5), (223.5, 180.5), (223.5, 180.5), (223.5, 180.5), (223.5, 180.5), (223.5, 180.5), (223.5, 180.5), (223.5, 180.5), (223.5, 180.5), (223.5, 180.5), (223.5, 180.5), (225.3, 180.5), (223.5, 180.5), (223.5, 180.5), (225.3, 180.5), (223.5, 180.5), (223.5, 180.5), (221.6, 180.5), (214.1, 180.5), (206.7, 180.5), (199.2, 180.5), (191.7, 180.5), (191.7, 173.1), (191.7, 173.1), (191.7, 173.1), (193.6, 173.1), (193.6, 173.1), (193.6, 173.1), (193.6, 173.1), (182.4, 173.1), (173.1, 158.1), (173.1, 143.2), (173.1, 141.3), (173.1, 141.3), (173.1, 141.3), (173.1, 141.3), (173.1, 141.3), (173.1, 141.3), (173.1, 141.3), (174.9, 126.4), (173.1, 141.3), (173.1, 163.7), (176.8, 160.0), (176.8, 160.0), (176.8, 160.0), (176.8, 160.0), (174.9, 160.0), (173.1, 161.9), (173.1, 160.0), (174.9, 160.0), (173.1, 161.9), (173.1, 160.0), (174.9, 160.0), (174.9, 161.9), (174.9, 161.9), (174.9, 161.9), (174.9, 161.9), (174.9, 161.9), (174.9, 161.9), (174.9, 161.9), (173.1, 161.9), (173.1, 160.0), (174.9, 160.0), (173.1, 161.9), (173.1, 160.0), (174.9, 160.0), (173.1, 161.9), (173.1, 161.9), (173.1, 161.9)]",0,0,16.92
experienced,bomberman,7,Bomb,69,0,17.54,0.091,"[(48.0, 48.0), (62.9, 44.3), (64.8, 51.7), (64.8, 49.9), (62.9, 51.7), (64.8, 51.7), (64.8, 49.9), (62.9, 51.7), (64.8, 51.7), (64.8, 49.9), (62.9, 51.7), (64.8, 51.7), (64.8, 49.9), (62.9, 51.7), (64.8, 51.7), (64.8, 49.9), (62.9, 51.7), (64.8, 51.7), (64.8, 49.9), (62.9, 51.7), (64.8, 51.7), (64.8, 49.9), (62.9, 51.7), (64.8, 51.7), (64.8, 49.9), (62.9, 51.7), (64.8, 51.7), (64.8, 49.9), (74.1, 51.7), (94.7, 51.7), (109.6, 44.3), (124.5, 44.3)]",0,0,4.15
experienced,bomberman,7,Bomb,20,0,29.87,0.5,"[(48.0, 48.0), (62.9, 44.3), (77.9, 44.3), (92.8, 44.3), (107.7, 44.3), (122.7, 44.3), (137.6, 51.7), (158.1, 51.7), (174.9, 44.3), (189.9, 44.3), (204.8, 51.7), (227.2, 51.7), (242.1, 59.2), (244.0, 62.9), (244.0, 62.9), (244.0, 62.9), (244.0, 62.9), (244.0, 62.9), (244.0, 62.9), (236.5, 77.9), (238.4, 98.4), (247.7, 113.3), (262.7, 115.2), (279.5, 115.2), (298.1, 115.2), (307.5, 124.5), (307.5, 128.3), (307.5, 128.3), (307.5, 128.3), (307.5, 128.3), (307.5, 128.3), (307.5, 128.3), (307.5, 128.3), (307.5, 128.3), (307.5, 128.3), (307.5, 128.3), (307.5, 128.3), (307.5, 128.3), (307.5, 128.3), (307.5, 128.3), (307.5, 128.3), (307.5, 128.3), (307.5, 128.3), (307.5, 128.3), (307.5, 128.3), (307.5, 128.3), (307.5, 128.3), (307.5, 128.3), (307.5, 128.3), (307.5, 128.3), (307.5, 128.3), (307.5, 128.3), (307.5, 128.3), (307.5, 128.3), (307.5, 128.3), (307.5, 128.3), (307.5, 128.3), (307.5, 128.3), (307.5, 128.3), (307.5, 128.3), (307.5, 128.3)]",0,0,8.0
experienced,bomberman,7,Bomb,6,0,11.63,0.455,"[(48.0, 48.0), (62.9, 51.7), (77.9, 51.7), (98.4, 51.7), (113.3, 57.3), (115.2, 61.1), (115.2, 64.8), (115.2, 62.9), (115.2, 61.1), (115.2, 64.8), (115.2, 62.9), (115.2, 61.1), (115.2, 64.8), (115.2, 62.9), (115.2, 61.1), (115.2, 64.8), (115.2, 62.9), (115.2, 61.1), (115.2, 64.8), (115.2, 62.9), (115.2, 61.1), (115.2, 64.8), (115.2, 62.9), (115.2, 61.1), (115.2, 64.8), (115.2, 62.9), (115.2, 61.1), (115.2, 51.7), (130.1, 46.1), (145.1, 51.7), (167.5, 51.7), (180.5, 62.9), (180.5, 77.9), (180.5, 98.4), (184.3, 113.3), (199.2, 115.2), (217.9, 115.2), (236.5, 117.1), (244.0, 128.3), (244.0, 128.3), (244.0, 128.3), (244.0, 128.3), (244.0, 128.3), (244.0, 128.3), (244.0, 128.3), (244.0, 128.3), (244.0, 128.3), (244.0, 135.7), (244.0, 150.7), (240.3, 161.9), (236.5, 171.2), (223.5, 173.1), (223.5, 180.5), (223.5, 180.5), (223.5, 180.5), (223.5, 180.5), (225.3, 180.5), (223.5, 180.5), (223.5, 180.5), (223.5, 180.5), (223.5, 180.5), (223.5, 180.5), (223.5, 180.5), (223.5, 180.5), (223.5, 180.5), (223.5, 180.5), (223.5, 180.5), (223.5, 180.5), (219.7, 180.5), (204.8, 180.5), (193.6, 178.7), (193.6, 178.7), (193.6, 178.7), (193.6, 178.7), (193.6, 178.7), (193.6, 178.7), (191.7, 180.5), (193.6, 180.5), (193.6, 178.7), (191.7, 180.5), (193.6, 180.5), (193.6, 178.7), (191.7, 180.5), (191.7, 180.5), (191.7, 180.5), (191.7, 180.5), (191.7, 180.5), (191.7, 180.5), (191.7, 180.5), (191.7, 180.5), (191.7, 180.5), (191.7, 180.5), (191.7, 180.5), (191.7, 180.5), (191.7, 180.5), (191.7, 180.5), (191.7, 180.5), (206.7, 180.5), (221.6, 180.5), (225.3, 174.9)]",0,0,13.32
experienced,bomberman,7,Enemy,105,0,15.26,0.182,"[(48.0, 48.0), (62.9, 51.7), (62.9, 51.7), (62.9, 51.7), (62.9, 51.7), (62.9, 51.7), (62.9, 51.7), (62.9, 51.7), (62.9, 51.7), (62.9, 51.7), (62.9, 51.7), (62.9, 51.7), (62.9, 51.7), (62.9, 51.7), (62.9, 51.7), (62.9, 51.7), (62.9, 51.7), (62.9, 51.7), (62.9, 51.7), (62.9, 51.7), (62.9, 51.7), (62.9, 51.7), (62.9, 51.7), (62.9, 51.7), (62.9, 51.7), (62.9, 51.7), (62.9, 51.7), (74.1, 51.7), (94.7, 51.7), (109.6, 44.3), (124.5, 44.3), (139.5, 51.7), (161.9, 51.7), (161.9, 51.7), (161.9, 51.7), (161.9, 51.7), (161.9, 51.7), (161.9, 51.7), (161.9, 51.7), (161.9, 51.7), (161.9, 51.7), (161.9, 51.7), (161.9, 51.7), (161.9, 51.7), (161.9, 51.7), (161.9, 51.7), (161.9, 51.7), (161.9, 51.7), (161.9, 51.7), (161.9, 51.7), (161.9, 51.7), (161.9, 51.7), (161.9, 51.7), (161.9, 51.7), (169.3, 51.7)]",0,0,7.22
experienced,bomberman,7,Bomb,53,0,17.54,0.091,"[(48.0, 48.0), (62.9, 51.7), (62.9, 51.7), (62.9, 51.7), (62.9, 51.7), (62.9, 51.7), (62.9, 51.7), (62.9, 51.7), (62.9, 51.7), (62.9, 51.7), (62.9, 51.7), (62.9, 51.7), (62.9, 51.7), (62.9, 51.7), (62.9, 51.7), (62.9, 51.7), (62.9, 51.7), (62.9, 51.7), (62.9, 51.7), (62.9, 51.7), (62.9, 51.7), (62.9, 51.7), (62.9, 51.7), (62.9, 51.7), (62.9, 51.7), (62.9, 51.7), (62.9, 51.7), (62.9, 51.7), (74.1, 51.7), (94.7, 51.7), (109.6, 44.3), (124.5, 44.3)]",0,0,4.15
experienced,bomberman,7,Stuck,88,0,9.25,0.455,"[(48.0, 48.0), (62.9, 51.7), (62.9, 51.7), (64.8, 51.7), (64.8, 49.9), (62.9, 51.7), (64.8, 51.7), (64.8, 49.9), (62.9, 51.7), (64.8, 51.7), (64.8, 49.9), (62.9, 51.7), (64.8, 51.7), (64.8, 49.9), (62.9, 51.7), (64.8, 51.7), (64.8, 49.9), (62.9, 51.7), (64.8, 51.7), (64.8, 49.9), (62.9, 51.7), (64.8, 51.7), (64.8, 49.9), (62.9, 51.7), (64.8, 51.7), (64.8, 49.9), (62.9, 51.7), (76.0, 51.7), (90.9, 51.7), (105.9, 44.3), (120.8, 44.3), (135.7, 51.7), (154.4, 51.7), (173.1, 53.6), (180.5, 68.5), (180.5, 83.5), (180.5, 104.0), (189.9, 115.2), (204.8, 115.2), (227.2, 115.2), (242.1, 122.7), (242.1, 126.4), (242.1, 126.4), (242.1, 126.4), (242.1, 126.4), (242.1, 126.4), (242.1, 126.4), (236.5, 126.4), (236.5, 128.3), (238.4, 128.3), (236.5, 126.4), (236.5, 128.3), (238.4, 128.3), (236.5, 126.4), (238.4, 128.3), (238.4, 128.3), (238.4, 128.3), (238.4, 128.3), (238.4, 128.3), (238.4, 128.3), (238.4, 128.3), (236.5, 132.0), (236.5, 146.9), (236.5, 169.3), (225.3, 178.7), (223.5, 176.8), (223.5, 176.8), (223.5, 176.8), (223.5, 176.8), (223.5, 176.8), (223.5, 176.8), (223.5, 176.8), (223.5, 176.8), (223.5, 176.8), (223.5, 176.8), (223.5, 176.8), (223.5, 176.8), (223.5, 176.8), (223.5, 176.8), (223.5, 176.8), (223.5, 176.8), (223.5, 176.8), (223.5, 176.8), (223.5, 176.8), (223.5, 176.8), (223.5, 176.8), (223.5, 176.8), (223.5, 176.8), (223.5, 176.8), (223.5, 176.8), (223.5, 176.8), (223.5, 176.8), (223.5, 176.8), (223.5, 176.8), (223.5, 176.8), (223.5, 180.5), (223.5, 180.5), (223.5, 180.5), (223.5, 180.5), (223.5, 180.5), (223.5, 180.5), (223.5, 180.5), (223.5, 180.5), (223.5, 180.5), (223.5, 180.5), (223.5, 180.5), (223.5, 180.5), (223.5, 180.5), (223.5, 180.5), (223.5, 180.5), (223.5, 180.5), (223.5, 180.5), (223.5, 180.5), (223.5, 180.5), (223.5, 180.5), (223.5, 180.5), (223.5, 180.5), (223.5, 180.5), (223.5, 180.5), (223.5, 180.5), (223.5, 180.5), (223.5, 180.5), (223.5, 180.5), (223.5, 180.5), (223.5, 180.5), (223.5, 180.5), (223.5, 180.5), (223.5, 180.5), (223.5, 180.5), (223.5, 180.5), (223.5, 180.5), (223.5, 180.5)]",1,0,17.55
experienced,bomberman,7,Bomb,190,0,14.39,0.455,"[(48.0, 48.0), (62.9, 44.3), (64.8, 51.7), (64.8, 49.9), (62.9, 51.7), (64.8, 51.7), (64.8, 49.9), (62.9, 51.7), (64.8, 51.7), (64.8, 49.9), (62.9, 51.7), (64.8, 51.7), (64.8, 49.9), (62.9, 51.7), (64.8, 51.7), (64.8, 49.9), (62.9, 51.7), (64.8, 51.7), (64.8, 49.9), (62.9, 51.7), (64.8, 51.7), (64.8, 49.9), (62.9, 51.7), (64.8, 51.7), (64.8, 49.9), (62.9, 51.7), (64.8, 51.7), (76.0, 49.9), (90.9, 49.9), (105.9, 44.3), (120.8, 44.3), (135.7, 51.7), (154.4, 51.7), (173.1, 53.6), (180.5, 68.5), (180.5, 83.5), (180.5, 104.0), (189.9, 115.2), (204.8, 115.2), (227.2, 115.2), (242.1, 122.7), (242.1, 126.4), (242.1, 126.4), (242.1, 126.4), (242.1, 126.4), (242.1, 126.4), (242.1, 126.4), (242.1, 126.4), (242.1, 126.4), (242.1, 126.4), (242.1, 126.4), (242.1, 126.4), (242.1, 126.4), (242.1, 126.4), (242.1, 126.4), (242.1, 126.4), (242.1, 126.4), (242.1, 126.4), (242.1, 126.4), (242.1, 126.4), (242.1, 126.4), (242.1, 126.4), (242.1, 126.4), (242.1, 126.4), (242.1, 126.4), (242.1, 126.4), (242.1, 126.4), (242.1, 126.4), (242.1, 126.4), (242.1, 126.4), (242.1, 126.4), (242.1, 126.4), (242.1, 126.4), (242.1, 126.4), (242.1, 126.4), (242.1, 126.4), (242.1, 126.4), (242.1, 126.4), (242.1, 126.4), (242.1, 126.4), (242.1, 126.4), (242.1, 126.4), (242.1, 126.4), (242.1, 126.4), (242.1, 126.4), (242.1, 126.4), (242.1, 126.4), (242.1, 130.1), (236.5, 145.1), (236.5, 160.0), (236.5, 161.9)]",1,0,12.07
experienced,bomberman,7,Stuck,46,0,9.16,0.455,"[(48.0, 48.0), (62.9, 51.7), (62.9, 51.7), (64.8, 51.7), (64.8, 49.9), (62.9, 51.7), (64.8, 51.7), (64.8, 49.9), (62.9, 51.7), (64.8, 51.7), (64.8, 49.9), (62.9, 51.7), (64.8, 51.7), (64.8, 49.9), (62.9, 51.7), (64.8, 51.7), (64.8, 49.9), (62.9, 51.7), (64.8, 51.7), (64.8, 49.9), (62.9, 51.7), (64.8, 51.7), (64.8, 49.9), (62.9, 51.7), (64.8, 51.7), (64.8, 49.9), (62.9, 51.7), (76.0, 51.7), (90.9, 51.7), (105.9, 44.3), (120.8, 44.3), (135.7, 51.7), (154.4, 51.7), (173.1, 53.6), (176.8, 68.5), (180.5, 83.5), (180.5, 104.0), (189.9, 115.2), (193.6, 115.2), (193.6, 115.2), (204.8, 115.2), (227.2, 115.2), (242.1, 122.7), (242.1, 126.4), (242.1, 126.4), (242.1, 126.4), (242.1, 126.4), (242.1, 126.4), (242.1, 126.4), (242.1, 126.4), (242.1, 126.4), (242.1, 126.4), (242.1, 126.4), (242.1, 126.4), (242.1, 126.4), (242.1, 126.4), (242.1, 126.4), (242.1, 126.4), (242.1, 126.4), (242.1, 126.4), (242.1, 126.4), (242.1, 126.4), (242.1, 126.4), (242.1, 126.4), (242.1, 126.4), (242.1, 126.4), (242.1, 126.4), (242.1, 126.4), (242.1, 126.4), (242.1, 126.4), (242.1, 126.4), (242.1, 126.4), (242.1, 126.4), (242.1, 126.4), (242.1, 126.4), (242.1, 126.4), (242.1, 126.4), (242.1, 126.4), (242.1, 126.4), (242.1, 126.4), (242.1, 126.4), (242.1, 126.4), (242.1, 126.4), (242.1, 126.4), (242.1, 126.4), (242.1, 126.4), (242.1, 126.4), (240.3, 130.1), (236.5, 145.1), (236.5, 167.5), (227.2, 180.5), (225.3, 180.5), (223.5, 180.5), (223.5, 180.5), (225.3, 180.5), (223.5, 180.5), (223.5, 180.5), (223.5, 180.5), (223.5, 180.5), (223.5, 180.5), (223.5, 180.5), (223.5, 180.5), (223.5, 180.5), (223.5, 180.5), (223.5, 180.5), (223.5, 180.5), (223.5, 180.5), (223.5, 180.5), (223.5, 180.5), (223.5, 180.5), (223.5, 180.5), (223.5, 180.5), (223.5, 180.5), (223.5, 180.5), (223.5, 180.5), (223.5, 180.5), (223.5, 180.5), (223.5, 180.5), (223.5, 180.5), (223.5, 180.5), (223.5, 180.5), (223.5, 180.5), (223.5, 180.5), (223.5, 180.5), (223.5, 180.5), (223.5, 180.5), (223.5, 180.5), (223.5, 180.5), (223.5, 180.5), (223.5, 180.5), (223.5, 180.5), (223.5, 180.5)]",1,0,17.53
experienced,bomberman,7,Bomb,79,0,14.85,0.409,"[(48.0, 48.0), (62.9, 44.3), (64.8, 51.7), (64.8, 49.9), (62.9, 51.7), (64.8, 51.7), (64.8, 49.9), (62.9, 51.7), (64.8, 51.7), (64.8, 49.9), (62.9, 51.7), (64.8, 51.7), (64.8, 49.9), (62.9, 51.7), (64.8, 51.7), (64.8, 49.9), (62.9, 51.7), (64.8, 51.7), (64.8, 49.9), (62.9, 51.7), (64.8, 51.7), (64.8, 49.9), (62.9, 51.7), (64.8, 51.7), (64.8, 49.9), (62.9, 51.7), (64.8, 51.7), (76.0, 49.9), (90.9, 49.9), (105.9, 44.3), (120.8, 44.3), (135.7, 51.7), (154.4, 51.7), (173.1, 53.6), (180.5, 68.5), (180.5, 83.5), (180.5, 94.7), (180.5, 96.5), (180.5, 98.4), (180.5, 94.7), (180.5, 107.7), (193.6, 115.2), (208.5, 115.2), (230.9, 115.2), (244.0, 126.4), (242.1, 126.4), (242.1, 126.4), (242.1, 126.4), (242.1, 126.4), (242.1, 126.4), (242.1, 126.4), (242.1, 126.4), (242.1, 126.4), (242.1, 126.4), (242.1, 126.4), (242.1, 126.4), (242.1, 126.4), (242.1, 126.4), (242.1, 126.4), (242.1, 126.4), (242.1, 126.4), (242.1, 126.4), (242.1, 126.4), (242.1, 126.4), (242.1, 126.4), (242.1, 126.4), (242.1, 126.4), (242.1, 126.4), (242.1, 126.4), (242.1, 126.4), (242.1, 126.4), (242.1, 126.4), (242.1, 126.4), (242.1, 126.4), (242.1, 126.4), (242.1, 126.4), (242.1, 126.4), (242.1, 126.4), (242.1, 126.4), (242.1, 126.4), (242.1, 126.4), (242.1, 126.4), (242.1, 126.4), (242.1, 126.4), (242.1, 126.4), (242.1, 126.4), (242.1, 126.4), (242.1, 126.4), (242.1, 126.4), (242.1, 126.4), (242.1, 126.4)]",1,0,12.07
experienced,bomberman,7,Enemy,22,0,49.88,0.318,"[(48.0, 48.0), (62.9, 44.3), (77.9, 51.7), (98.4, 49.9), (113.3, 44.3), (128.3, 44.3), (143.2, 51.7), (165.6, 51.7), (180.5, 61.1), (180.5, 64.8), (180.5, 62.9), (180.5, 61.1), (180.5, 64.8), (180.5, 62.9), (180.5, 61.1), (180.5, 64.8), (180.5, 62.9), (180.5, 61.1), (180.5, 64.8), (180.5, 62.9), (180.5, 61.1), (180.5, 64.8), (180.5, 62.9), (180.5, 61.1), (180.5, 64.8), (180.5, 62.9), (184.3, 48.0), (199.2, 49.9), (217.9, 51.7), (236.5, 44.3), (251.5, 44.3), (266.4, 51.7), (286.9, 51.7)]",0,0,4.27
experienced,bomberman,7,Bomb,4,0,29.17,0.5,"[(48.0, 48.0), (62.9, 44.3), (77.9, 51.7), (98.4, 49.9), (113.3, 44.3), (128.3, 44.3), (143.2, 51.7), (165.6, 48.0), (180.5, 44.3), (195.5, 46.1), (210.4, 51.7), (232.8, 51.7), (244.0, 64.8), (244.0, 79.7), (244.0, 100.3), (249.6, 115.2), (264.5, 115.2), (283.2, 115.2), (300.0, 117.1), (307.5, 128.3), (307.5, 128.3), (307.5, 128.3), (307.5, 128.3), (307.5, 128.3), (307.5, 128.3), (307.5, 128.3), (307.5, 128.3), (307.5, 128.3), (307.5, 128.3), (307.5, 128.3), (307.5, 128.3), (307.5, 128.3), (307.5, 128.3), (307.5, 128.3), (307.5, 128.3), (307.5, 128.3), (307.5, 128.3), (307.5, 128.3), (307.5, 128.3), (307.5, 128.3), (307.5, 128.3), (307.5, 128.3), (307.5, 128.3), (307.5, 128.3), (307.5, 128.3), (307.5, 128.3), (307.5, 128.3), (307.5, 128.3), (307.5, 128.3), (307.5, 128.3), (307.5, 128.3), (307.5, 128.3), (307.5, 128.3), (307.5, 128.3), (307.5, 128.3), (307.5, 128.3), (307.5, 128.3), (307.5, 128.3), (307.5, 128.3), (307.5, 128.3), (307.5, 128.3)]",0,0,8.0
experienced,bomberman,7,Bomb,23,0,29.17,0.5,"[(48.0, 48.0), (62.9, 44.3), (77.9, 51.7), (98.4, 49.9), (113.3, 44.3), (128.3, 44.3), (143.2, 51.7), (165.6, 48.0), (180.5, 44.3), (195.5, 46.1), (210.4, 51.7), (232.8, 51.7), (244.0, 64.8), (244.0, 79.7), (244.0, 100.3), (249.6, 115.2), (264.5, 115.2), (283.2, 115.2), (300.0, 117.1), (307.5, 128.3), (307.5, 128.3), (307.5, 128.3), (307.5, 128.3), (307.5, 128.3), (307.5, 128.3), (307.5, 128.3), (307.5, 128.3), (307.5, 128.3), (307.5, 128.3), (307.5, 128.3), (307.5, 128.3), (307.5, 128.3), (307.5, 128.3), (307.5, 128.3), (307.5, 128.3), (307.5, 128.3), (307.5, 128.3), (307.5, 128.3), (307.5, 128.3), (307.5, 128.3), (307.5, 128.3), (307.5, 128.3), (307.5, 128.3), (307.5, 128.3), (307.5, 128.3), (307.5, 128.3), (307.5, 128.3), (307.5, 128.3), (307.5, 128.3), (307.5, 128.3), (307.5, 128.3), (307.5, 128.3), (307.5, 128.3), (307.5, 128.3), (307.5, 128.3), (307.5, 128.3), (307.5, 128.3), (307.5, 128.3), (307.5, 128.3), (307.5, 128.3), (307.5, 128.3)]",0,0,8.0
experienced,bomberman,7,Stuck,232,0,9.19,0.455,"[(48.0, 48.0), (62.9, 51.7), (62.9, 51.7), (64.8, 51.7), (64.8, 49.9), (62.9, 51.7), (64.8, 51.7), (64.8, 49.9), (62.9, 51.7), (64.8, 51.7), (64.8, 49.9), (62.9, 51.7), (64.8, 51.7), (64.8, 49.9), (62.9, 51.7), (64.8, 51.7), (64.8, 49.9), (62.9, 51.7), (64.8, 51.7), (64.8, 49.9), (62.9, 51.7), (64.8, 51.7), (64.8, 49.9), (62.9, 51.7), (64.8, 51.7), (64.8, 49.9), (62.9, 51.7), (76.0, 51.7), (90.9, 51.7), (105.9, 44.3), (120.8, 44.3), (135.7, 51.7), (154.4, 51.7), (173.1, 53.6), (180.5, 68.5), (180.5, 83.5), (180.5, 104.0), (189.9, 115.2), (193.6, 115.2), (193.6, 115.2), (193.6, 115.2), (193.6, 115.2), (193.6, 115.2), (193.6, 115.2), (193.6, 115.2), (193.6, 115.2), (193.6, 115.2), (193.6, 115.2), (193.6, 115.2), (193.6, 115.2), (193.6, 115.2), (193.6, 115.2), (193.6, 115.2), (193.6, 115.2), (193.6, 115.2), (193.6, 115.2), (193.6, 115.2), (204.8, 115.2), (227.2, 115.2), (242.1, 122.7), (242.1, 126.4), (242.1, 126.4), (242.1, 126.4), (242.1, 126.4), (242.1, 126.4), (242.1, 126.4), (242.1, 126.4), (242.1, 126.4), (242.1, 126.4), (242.1, 126.4), (242.1, 126.4), (242.1, 126.4), (242.1, 126.4), (242.1, 126.4), (242.1, 126.4), (242.1, 126.4), (242.1, 126.4), (242.1, 126.4), (242.1, 126.4), (242.1, 126.4), (242.1, 126.4), (242.1, 126.4), (242.1, 126.4), (242.1, 126.4), (242.1, 126.4), (242.1, 126.4), (242.1, 126.4), (236.5, 130.1), (236.5, 145.1), (236.5, 167.5), (227.2, 180.5), (223.5, 180.5), (225.3, 180.5), (223.5, 180.5), (223.5, 180.5), (223.5, 180.5), (223.5, 180.5), (223.5, 180.5), (223.5, 180.5), (223.5, 180.5), (223.5, 180.5), (223.5, 180.5), (223.5, 180.5), (223.5, 180.5), (223.5, 180.5), (223.5, 180.5), (223.5, 180.5), (223.5, 180.5), (223.5, 180.5), (223.5, 180.5), (223.5, 180.5), (223.5, 180.5), (223.5, 180.5), (223.5, 180.5), (223.5, 180.5), (223.5, 180.5), (223.5, 180.5), (223.5, 180.5), (223.5, 180.5), (223.5, 180.5), (223.5, 180.5), (223.5, 180.5), (223.5, 180.5), (223.5, 180.5), (223.5, 180.5), (223.5, 180.5), (223.5, 180.5), (223.5, 180.5), (223.5, 180.5), (223.5, 180.5), (223.5, 180.5), (223.5, 180.5)]",1,0,17.47
experienced,bomberman,7,Bomb,48,0,9.38,0.455,"[(48.0, 48.0), (62.9, 44.3), (66.7, 51.7), (66.7, 51.7), (66.7, 51.7), (66.7, 51.7), (66.7, 51.7), (66.7, 51.7), (66.7, 51.7), (66.7, 51.7), (66.7, 51.7), (66.7, 51.7), (66.7, 51.7), (66.7, 51.7), (66.7, 51.7), (66.7, 51.7), (66.7, 51.7), (66.7, 51.7), (66.7, 51.7), (66.7, 51.7), (66.7, 51.7), (66.7, 51.7), (66.7, 51.7), (66.7, 51.7), (66.7, 51.7), (66.7, 51.7), (66.7, 51.7), (74.1, 51.7), (94.7, 51.7), (109.6, 44.3), (124.5, 44.3), (139.5, 51.7), (161.9, 51.7), (176.8, 57.3), (180.5, 72.3), (180.5, 89.1), (180.5, 107.7), (193.6, 115.2), (208.5, 115.2), (230.9, 115.2), (244.0, 126.4), (242.1, 126.4), (242.1, 126.4), (242.1, 126.4), (242.1, 126.4), (242.1, 126.4), (242.1, 126.4), (242.1, 126.4), (242.1, 126.4), (242.1, 126.4), (242.1, 126.4), (242.1, 126.4), (242.1, 126.4), (242.1, 126.4), (242.1, 126.4), (242.1, 126.4), (242.1, 126.4), (242.1, 126.4), (242.1, 126.4), (242.1, 126.4), (242.1, 126.4), (242.1, 126.4), (242.1, 126.4), (242.1, 126.4), (242.1, 126.4), (242.1, 126.4), (242.1, 126.4), (242.1, 126.4), (242.1, 126.4), (242.1, 126.4), (242.1, 126.4), (242.1, 126.4), (242.1, 126.4), (242.1, 126.4), (242.1, 126.4), (242.1, 126.4), (242.1, 126.4), (242.1, 126.4), (242.1, 126.4), (242.1, 126.4), (242.1, 126.4), (242.1, 126.4), (242.1, 126.4), (242.1, 126.4), (242.1, 126.4), (242.1, 126.4), (242.1, 126.4), (238.4, 133.9), (236.5, 148.8), (236.5, 171.2), (223.5, 180.5), (223.5, 180.5), (223.5, 180.5), (223.5, 180.5), (223.5, 180.5), (223.5, 180.5), (223.5, 180.5), (223.5, 180.5), (223.5, 180.5), (223.5, 180.5), (223.5, 180.5), (223.5, 180.5), (223.5, 180.5), (223.5, 180.5), (223.5, 180.5), (223.5, 180.5), (223.5, 180.5), (223.5, 180.5), (223.5, 180.5), (223.5, 180.5), (223.5, 180.5), (223.5, 180.5), (223.5, 180.5), (223.5, 180.5), (223.5, 180.5), (223.5, 180.5), (223.5, 180.5), (223.5, 180.5), (223.5, 180.5), (223.5, 180.5), (223.5, 180.5), (225.3, 180.5), (225.3, 180.5), (225.3, 180.5)]",1,0,16.52
experienced,bomberman,7,Bomb,60,0,14.62,0.409,"[(48.0, 48.0), (62.9, 51.7), (62.9, 51.7), (64.8, 51.7), (64.8, 49.9), (62.9, 51.7), (64.8, 51.7), (64.8, 49.9), (62.9, 51.7), (64.8, 51.7), (64.8, 49.9), (62.9, 51.7), (64.8, 51.7), (64.8, 49.9), (62.9, 51.7), (64.8, 51.7), (64.8, 49.9), (62.9, 51.7), (64.8, 51.7), (64.8, 49.9), (62.9, 51.7), (64.8, 51.7), (64.8, 49.9), (62.9, 51.7), (64.8, 51.7), (64.8, 49.9), (62.9, 51.7), (76.0, 51.7), (90.9, 51.7), (105.9, 44.3), (120.8, 44.3), (135.7, 51.7), (154.4, 51.7), (171.2, 51.7), (180.5, 66.7), (180.5, 81.6), (180.5, 102.1), (188.0, 115.2), (191.7, 115.2), (191.7, 115.2), (191.7, 115.2), (191.7, 115.2), (191.7, 115.2), (191.7, 115.2), (191.7, 115.2), (191.7, 115.2), (191.7, 115.2), (191.7, 115.2), (191.7, 115.2), (191.7, 115.2), (191.7, 115.2), (191.7, 115.2), (191.7, 115.2), (191.7, 115.2), (191.7, 115.2), (191.7, 115.2), (191.7, 115.2), (202.9, 115.2), (225.3, 115.2), (240.3, 120.8), (236.5, 128.3), (240.3, 128.3), (240.3, 128.3), (240.3, 128.3), (236.5, 130.1), (236.5, 130.1), (236.5, 130.1), (236.5, 130.1), (236.5, 130.1), (236.5, 130.1), (236.5, 130.1), (236.5, 130.1), (236.5, 130.1), (236.5, 130.1), (236.5, 130.1), (236.5, 130.1), (236.5, 130.1), (236.5, 130.1), (236.5, 130.1), (236.5, 130.1), (236.5, 130.1), (236.5, 130.1), (236.5, 130.1), (236.5, 130.1), (236.5, 130.1), (236.5, 130.1), (236.5, 130.1), (236.5, 126.4), (236.5, 128.3), (238.4, 128.3), (236.5, 126.4)]",1,0,12.0
experienced,bomberman,7,Bomb,48,0,9.38,0.455,"[(48.0, 48.0), (62.9, 44.3), (66.7, 51.7), (66.7, 51.7), (66.7, 51.7), (66.7, 51.7), (66.7, 51.7), (66.7, 51.7), (66.7, 51.7), (66.7, 51.7), (66.7, 51.7), (66.7, 51.7), (66.7, 51.7), (66.7, 51.7), (66.7, 51.7), (66.7, 51.7), (66.7, 51.7), (66.7, 51.7), (66.7, 51.7), (66.7, 51.7), (66.7, 51.7), (66.7, 51.7), (66.7, 51.7), (66.7, 51.7), (66.7, 51.7), (66.7, 51.7), (66.7, 51.7), (74.1, 51.7), (94.7, 51.7), (109.6, 44.3), (124.5, 44.3), (139.5, 51.7), (161.9, 51.7), (176.8, 57.3), (180.5, 72.3), (180.5, 89.1), (180.5, 107.7), (193.6, 115.2), (208.5, 115.2), (230.9, 115.2), (244.0, 126.4), (242.1, 126.4), (242.1, 126.4), (242.1, 126.4), (242.1, 126.4), (242.1, 126.4), (242.1, 126.4), (242.1, 126.4), (242.1, 126.4), (242.1, 126.4), (242.1, 126.4), (242.1, 126.4), (242.1, 126.4), (242.1, 126.4), (242.1, 126.4), (242.1, 126.4), (242.1, 126.4), (242.1, 126.4), (242.1, 126.4), (242.1, 126.4), (242.1, 126.4), (242.1, 126.4), (242.1, 126.4), (242.1, 126.4), (242.1, 126.4), (242.1, 126.4), (242.1, 126.4), (242.1, 126.4), (242.1, 126.4), (242.1, 126.4), (242.1, 126.4), (242.1, 126.4), (242.1, 126.4), (242.1, 126.4), (242.1, 126.4), (242.1, 126.4), (242.1, 126.4), (242.1, 126.4), (242.1, 126.4), (242.1, 126.4), (242.1, 126.4), (242.1, 126.4), (242.1, 126.4), (242.1, 126.4), (242.1, 126.4), (242.1, 126.4), (242.1, 126.4), (238.4, 133.9), (236.5, 148.8), (236.5, 171.2), (223.5, 180.5), (223.5, 180.5), (223.5, 180.5), (223.5, 180.5), (223.5, 180.5), (223.5, 180.5), (223.5, 180.5), (223.5, 180.5), (223.5, 180.5), (223.5, 180.5), (223.5, 180.5), (223.5, 180.5), (223.5, 180.5), (223.5, 180.5), (223.5, 180.5), (223.5, 180.5), (223.5, 180.5), (223.5, 180.5), (223.5, 180.5), (223.5, 180.5), (223.5, 180.5), (223.5, 180.5), (223.5, 180.5), (223.5, 180.5), (223.5, 180.5), (223.5, 180.5), (223.5, 180.5), (223.5, 180.5), (223.5, 180.5), (223.5, 180.5), (223.5, 180.5), (225.3, 180.5), (225.3, 180.5), (225.3, 180.5)]",1,0,16.52
experienced,bomberman,7,Stuck,46,0,9.16,0.455,"[(48.0, 48.0), (62.9, 51.7), (62.9, 51.7), (64.8, 51.7), (64.8, 49.9), (62.9, 51.7), (64.8, 51.7), (64.8, 49.9), (62.9, 51.7), (64.8, 51.7), (64.8, 49.9), (62.9, 51.7), (64.8, 51.7), (64.8, 49.9), (62.9, 51.7), (64.8, 51.7), (64.8, 49.9), (62.9, 51.7), (64.8, 51.7), (64.8, 49.9), (62.9, 51.7), (64.8, 51.7), (64.8, 49.9), (62.9, 51.7), (64.8, 51.7), (64.8, 49.9), (62.9, 51.7), (76.0, 51.7), (90.9, 51.7), (105.9, 44.3), (120.8, 44.3), (135.7, 51.7), (154.4, 51.7), (173.1, 53.6), (176.8, 68.5), (180.5, 83.5), (180.5, 104.0), (189.9, 115.2), (193.6, 115.2), (193.6, 115.2), (204.8, 115.2), (227.2, 115.2), (242.1, 122.7), (242.1, 126.4), (242.1, 126.4), (242.1, 126.4), (242.1, 126.4), (242.1, 126.4), (242.1, 126.4), (242.1, 126.4), (242.1, 126.4), (242.1, 126.4), (242.1, 126.4), (242.1, 126.4), (242.1, 126.4), (242.1, 126.4), (242.1, 126.4), (242.1, 126.4), (242.1, 126.4), (242.1, 126.4), (242.1, 126.4), (242.1, 126.4), (242.1, 126.4), (242.1, 126.4), (242.1, 126.4), (242.1, 126.4), (242.1, 126.4), (242.1, 126.4), (242.1, 126.4), (242.1, 126.4), (242.1, 126.4), (242.1, 126.4), (242.1, 126.4), (242.1, 126.4), (242.1, 126.4), (242.1, 126.4), (242.1, 126.4), (242.1, 126.4), (242.1, 126.4), (242.1, 126.4), (242.1, 126.4), (242.1, 126.4), (242.1, 126.4), (242.1, 126.4), (242.1, 126.4), (242.1, 126.4), (242.1, 126.4), (240.3, 130.1), (236.5, 145.1), (236.5, 167.5), (227.2, 180.5), (225.3, 180.5), (223.5, 180.5), (223.5, 180.5), (225.3, 180.5), (223.5, 180.5), (223.5, 180.5), (223.5, 180.5), (223.5, 180.5), (223.5, 180.5), (223.5, 180.5), (223.5, 180.5), (223.5, 180.5), (223.5, 180.5), (223.5, 180.5), (223.5, 180.5), (223.5, 180.5), (223.5, 180.5), (223.5, 180.5), (223.5, 180.5), (223.5, 180.5), (223.5, 180.5), (223.5, 180.5), (223.5, 180.5), (223.5, 180.5), (223.5, 180.5), (223.5, 180.5), (223.5, 180.5), (223.5, 180.5), (223.5, 180.5), (223.5, 180.5), (223.5, 180.5), (223.5, 180.5), (223.5, 180.5), (223.5, 180.5), (223.5, 180.5), (223.5, 180.5), (223.5, 180.5), (223.5, 180.5), (223.5, 180.5), (223.5, 180.5), (223.5, 180.5)]",1,0,17.53
experienced,bomberman,7,Bomb,190,0,14.39,0.455,"[(48.0, 48.0), (62.9, 44.3), (64.8, 51.7), (64.8, 49.9), (62.9, 51.7), (64.8, 51.7), (64.8, 49.9), (62.9, 51.7), (64.8, 51.7), (64.8, 49.9), (62.9, 51.7), (64.8, 51.7), (64.8, 49.9), (62.9, 51.7), (64.8, 51.7), (64.8, 49.9), (62.9, 51.7), (64.8, 51.7), (64.8, 49.9), (62.9, 51.7), (64.8, 51.7), (64.8, 49.9), (62.9, 51.7), (64.8, 51.7), (64.8, 49.9), (62.9, 51.7), (64.8, 51.7), (76.0, 49.9), (90.9, 49.9), (105.9, 44.3), (120.8, 44.3), (135.7, 51.7), (154.4, 51.7), (173.1, 53.6), (180.5, 68.5), (180.5, 83.5), (180.5, 104.0), (189.9, 115.2), (204.8, 115.2), (227.2, 115.2), (242.1, 122.7), (242.1, 126.4), (242.1, 126.4), (242.1, 126.4), (242.1, 126.4), (242.1, 126.4), (242.1, 126.4), (242.1, 126.4), (242.1, 126.4), (242.1, 126.4), (242.1, 126.4), (242.1, 126.4), (242.1, 126.4), (242.1, 126.4), (242.1, 126.4), (242.1, 126.4), (242.1, 126.4), (242.1, 126.4), (242.1, 126.4), (242.1, 126.4), (242.1, 126.4), (242.1, 126.4), (242.1, 126.4), (242.1, 126.4), (242.1, 126.4), (242.1, 126.4), (242.1, 126.4), (242.1, 126.4), (242.1, 126.4), (242.1, 126.4), (242.1, 126.4), (242.1, 126.4), (242.1, 126.4), (242.1, 126.4), (242.1, 126.4), (242.1, 126.4), (242.1, 126.4), (242.1, 126.4), (242.1, 126.4), (242.1, 126.4), (242.1, 126.4), (242.1, 126.4), (242.1, 126.4), (242.1, 126.4), (242.1, 126.4), (242.1, 126.4), (242.1, 126.4), (242.1, 130.1), (236.5, 145.1), (236.5, 160.0), (236.5, 161.9)]",1,0,12.07
experienced,bomberman,7,Stuck,88,0,9.25,0.455,"[(48.0, 48.0), (62.9, 51.7), (62.9, 51.7), (64.8, 51.7), (64.8, 49.9), (62.9, 51.7), (64.8, 51.7), (64.8, 49.9), (62.9, 51.7), (64.8, 51.7), (64.8, 49.9), (62.9, 51.7), (64.8, 51.7), (64.8, 49.9), (62.9, 51.7), (64.8, 51.7), (64.8, 49.9), (62.9, 51.7), (64.8, 51.7), (64.8, 49.9), (62.9, 51.7), (64.8, 51.7), (64.8, 49.9), (62.9, 51.7), (64.8, 51.7), (64.8, 49.9), (62.9, 51.7), (76.0, 51.7), (90.9, 51.7), (105.9, 44.3), (120.8, 44.3), (135.7, 51.7), (154.4, 51.7), (173.1, 53.6), (180.5, 68.5), (180.5, 83.5), (180.5, 104.0), (189.9, 115.2), (204.8, 115.2), (227.2, 115.2), (242.1, 122.7), (242.1, 126.4), (242.1, 126.4), (242.1, 126.4), (242.1, 126.4), (242.1, 126.4), (242.1, 126.4), (236.5, 126.4), (236.5, 128.3), (238.4, 128.3), (236.5, 126.4), (236.5, 128.3), (238.4, 128.3), (236.5, 126.4), (238.4, 128.3), (238.4, 128.3), (238.4, 128.3), (238.4, 128.3), (238.4, 128.3), (238.4, 128.3), (238.4, 128.3), (236.5, 132.0), (236.5, 146.9), (236.5, 169.3), (225.3, 178.7), (223.5, 176.8), (223.5, 176.8), (223.5, 176.8), (223.5, 176.8), (223.5, 176.8), (223.5, 176.8), (223.5, 176.8), (223.5, 176.8), (223.5, 176.8), (223.5, 176.8), (223.5, 176.8), (223.5, 176.8), (223.5, 176.8), (223.5, 176.8), (223.5, 176.8), (223.5, 176.8), (223.5, 176.8), (223.5, 176.8), (223.5, 176.8), (223.5, 176.8), (223.5, 176.8), (223.5, 176.8), (223.5, 176.8), (223.5, 176.8), (223.5, 176.8), (223.5, 176.8), (223.5, 176.8), (223.5, 176.8), (223.5, 176.8), (223.5, 176.8), (223.5, 180.5), (223.5, 180.5), (223.5, 180.5), (223.5, 180.5), (223.5, 180.5), (223.5, 180.5), (223.5, 180.5), (223.5, 180.5), (223.5, 180.5), (223.5, 180.5), (223.5, 180.5), (223.5, 180.5), (223.5, 180.5), (223.5, 180.5), (223.5, 180.5), (223.5, 180.5), (223.5, 180.5), (223.5, 180.5), (223.5, 180.5), (223.5, 180.5), (223.5, 180.5), (223.5, 180.5), (223.5, 180.5), (223.5, 180.5), (223.5, 180.5), (223.5, 180.5), (223.5, 180.5), (223.5, 180.5), (223.5, 180.5), (223.5, 180.5), (223.5, 180.5), (223.5, 180.5), (223.5, 180.5), (223.5, 180.5), (223.5, 180.5), (223.5, 180.5), (223.5, 180.5)]",1,0,17.55
experienced,bomberman,7,Bomb,81,0,9.92,0.455,"[(48.0, 48.0), (62.9, 44.3), (64.8, 51.7), (64.8, 49.9), (62.9, 51.7), (64.8, 51.7), (64.8, 49.9), (62.9, 51.7), (64.8, 51.7), (64.8, 49.9), (62.9, 51.7), (64.8, 51.7), (64.8, 49.9), (62.9, 51.7), (64.8, 51.7), (64.8, 49.9), (62.9, 51.7), (64.8, 51.7), (64.8, 49.9), (62.9, 51.7), (64.8, 51.7), (64.8, 49.9), (62.9, 51.7), (64.8, 51.7), (64.8, 49.9), (62.9, 51.7), (64.8, 51.7), (76.0, 49.9), (90.9, 49.9), (105.9, 51.7), (115.2, 57.3), (124.5, 44.3), (139.5, 44.3), (154.4, 44.3), (169.3, 51.7), (180.5, 64.8), (180.5, 79.7), (180.5, 100.3), (186.1, 115.2), (201.1, 115.2), (221.6, 115.2), (238.4, 118.9), (242.1, 126.4), (242.1, 126.4), (242.1, 126.4), (242.1, 126.4), (242.1, 126.4), (242.1, 126.4), (242.1, 126.4), (242.1, 126.4), (242.1, 126.4), (242.1, 126.4), (242.1, 126.4), (242.1, 126.4), (242.1, 126.4), (242.1, 126.4), (242.1, 126.4), (242.1, 126.4), (242.1, 126.4), (242.1, 126.4), (242.1, 126.4), (242.1, 126.4), (238.4, 137.6), (236.5, 156.3), (236.5, 163.7), (236.5, 163.7), (230.9, 178.7), (223.5, 180.5), (223.5, 180.5), (223.5, 180.5), (223.5, 180.5), (223.5, 180.5), (223.5, 180.5), (223.5, 180.5), (223.5, 180.5), (223.5, 180.5), (223.5, 180.5), (223.5, 180.5), (223.5, 180.5), (223.5, 180.5), (223.5, 180.5), (223.5, 180.5), (223.5, 180.5), (223.5, 180.5), (223.5, 180.5), (223.5, 180.5), (223.5, 180.5), (223.5, 180.5), (223.5, 180.5), (223.5, 180.5), (223.5, 180.5), (223.5, 180.5), (223.5, 180.5), (223.5, 180.5), (225.3, 180.5), (221.6, 180.5), (206.7, 180.5), (191.7, 180.5), (191.7, 180.5), (191.7, 180.5), (191.7, 180.5), (191.7, 180.5), (191.7, 180.5), (191.7, 180.5), (202.9, 180.5), (217.9, 180.5), (225.3, 180.5), (225.3, 180.5), (225.3, 180.5), (225.3, 180.5), (225.3, 180.5), (225.3, 180.5), (225.3, 180.5), (225.3, 180.5), (225.3, 180.5), (225.3, 180.5), (225.3, 180.5), (225.3, 180.5), (223.5, 180.5), (223.5, 180.5), (223.5, 180.5), (223.5, 180.5), (223.5, 180.5), (223.5, 180.5), (223.5, 174.9), (223.5, 173.1), (223.5, 173.1), (223.5, 173.1)]",0,0,16.93
experienced,bomberman,7,Bomb,52,0,19.56,0.455,"[(48.0, 48.0), (62.9, 44.3), (77.9, 51.7), (98.4, 51.7), (113.3, 57.3), (115.2, 55.5), (126.4, 51.7), (141.3, 51.7), (163.7, 51.7), (178.7, 59.2), (180.5, 74.1), (180.5, 92.8), (180.5, 109.6), (191.7, 115.2), (193.6, 115.2), (193.6, 113.3), (191.7, 115.2), (193.6, 115.2), (193.6, 113.3), (191.7, 115.2), (193.6, 115.2), (193.6, 113.3), (191.7, 115.2), (193.6, 115.2), (193.6, 113.3), (191.7, 115.2), (206.7, 115.2), (229.1, 115.2), (244.0, 124.5), (244.0, 128.3), (244.0, 128.3), (244.0, 128.3), (244.0, 128.3), (244.0, 128.3), (240.3, 128.3), (236.5, 128.3), (238.4, 128.3), (236.5, 126.4), (236.5, 128.3), (238.4, 128.3), (236.5, 126.4), (236.5, 126.4), (236.5, 126.4), (236.5, 126.4), (236.5, 126.4), (236.5, 126.4), (236.5, 126.4), (236.5, 137.6), (236.5, 156.3), (234.7, 174.9), (223.5, 180.5), (223.5, 180.5), (223.5, 180.5), (223.5, 180.5), (223.5, 176.8), (223.5, 173.1), (223.5, 173.1), (223.5, 178.7), (223.5, 180.5), (223.5, 180.5), (223.5, 180.5)]",0,0,8.02
experienced,bomberman,7,Bomb,70,0,17.09,0.091,"[(48.0, 48.0), (62.9, 51.7), (64.8, 49.9), (62.9, 51.7), (64.8, 51.7), (64.8, 49.9), (62.9, 51.7), (64.8, 51.7), (64.8, 49.9), (62.9, 51.7), (64.8, 51.7), (64.8, 49.9), (62.9, 51.7), (64.8, 51.7), (64.8, 49.9), (62.9, 51.7), (64.8, 51.7), (64.8, 49.9), (62.9, 51.7), (64.8, 51.7), (64.8, 49.9), (62.9, 51.7), (64.8, 51.7), (64.8, 49.9), (62.9, 51.7), (64.8, 51.7), (64.8, 49.9), (62.9, 51.7), (72.3, 51.7), (90.9, 51.7), (107.7, 44.3), (122.7, 44.3)]",0,0,4.15
experienced,bomberman,7,Bomb,115,0,14.14,0.409,"[(48.0, 48.0), (62.9, 44.3), (64.8, 51.7), (64.8, 49.9), (62.9, 51.7), (64.8, 51.7), (64.8, 49.9), (62.9, 51.7), (64.8, 51.7), (64.8, 49.9), (62.9, 51.7), (64.8, 51.7), (64.8, 49.9), (62.9, 51.7), (64.8, 51.7), (64.8, 49.9), (62.9, 51.7), (64.8, 51.7), (64.8, 49.9), (62.9, 51.7), (64.8, 51.7), (64.8, 49.9), (62.9, 51.7), (64.8, 51.7), (64.8, 49.9), (62.9, 51.7), (64.8, 51.7), (76.0, 51.7), (96.5, 51.7), (111.5, 44.3), (126.4, 44.3), (141.3, 51.7), (163.7, 51.7), (178.7, 59.2), (180.5, 70.4), (180.5, 85.3), (180.5, 98.4), (180.5, 94.7), (180.5, 96.5), (180.5, 98.4), (180.5, 107.7), (193.6, 115.2), (208.5, 115.2), (230.9, 115.2), (244.0, 126.4), (242.1, 126.4), (242.1, 126.4), (242.1, 126.4), (242.1, 126.4), (242.1, 126.4), (242.1, 126.4), (242.1, 126.4), (242.1, 126.4), (242.1, 126.4), (242.1, 126.4), (242.1, 126.4), (242.1, 126.4), (242.1, 126.4), (242.1, 126.4), (242.1, 126.4), (242.1, 126.4), (242.1, 126.4), (242.1, 126.4), (242.1, 126.4), (242.1, 126.4), (242.1, 126.4), (242.1, 126.4), (242.1, 126.4), (242.1, 126.4), (242.1, 126.4), (242.1, 126.4), (242.1, 126.4), (242.1, 126.4), (242.1, 126.4), (242.1, 126.4), (242.1, 126.4), (242.1, 126.4), (242.1, 126.4), (242.1, 126.4), (242.1, 126.4), (242.1, 126.4), (242.1, 126.4), (242.1, 126.4), (242.1, 126.4), (242.1, 126.4), (242.1, 126.4), (242.1, 126.4), (238.4, 130.1), (238.4, 126.4), (236.5, 128.3), (240.3, 128.3)]",1,0,12.02
experienced,bomberman,7,Enemy,68,0,21.09,0.227,"[(48.0, 48.0), (62.9, 44.3), (64.8, 51.7), (64.8, 49.9), (62.9, 51.7), (64.8, 51.7), (64.8, 49.9), (62.9, 51.7), (64.8, 51.7), (64.8, 49.9), (62.9, 51.7), (64.8, 51.7), (64.8, 49.9), (62.9, 51.7), (64.8, 51.7), (64.8, 49.9), (62.9, 51.7), (64.8, 51.7), (64.8, 49.9), (62.9, 51.7), (64.8, 51.7), (64.8, 49.9), (62.9, 51.7), (64.8, 51.7), (64.8, 49.9), (62.9, 51.7), (64.8, 51.7), (76.0, 49.9), (90.9, 49.9), (105.9, 44.3), (120.8, 44.3), (135.7, 51.7), (154.4, 51.7), (173.1, 53.6), (180.5, 57.3), (189.9, 44.3), (193.6, 49.9), (191.7, 51.7), (193.6, 51.7), (193.6, 49.9), (191.7, 51.7), (191.7, 51.7), (191.7, 51.7), (191.7, 51.7), (191.7, 51.7), (191.7, 51.7), (191.7, 51.7), (191.7, 51.7), (191.7, 51.7), (191.7, 51.7)]",0,0,6.55
experienced,bomberman,7,Bomb,39,0,9.17,0.455,"[(48.0, 48.0), (62.9, 44.3), (77.9, 51.7), (98.4, 49.9), (113.3, 44.3), (128.3, 44.3), (143.2, 51.7), (165.6, 51.7), (180.5, 61.1), (180.5, 76.0), (180.5, 96.5), (182.4, 111.5), (197.3, 115.2), (214.1, 115.2), (234.7, 115.2), (242.1, 128.3), (238.4, 128.3), (236.5, 126.4), (236.5, 128.3), (238.4, 128.3), (236.5, 126.4), (236.5, 128.3), (238.4, 128.3), (236.5, 126.4), (236.5, 128.3), (238.4, 128.3), (236.5, 143.2), (236.5, 132.0), (240.3, 128.3), (240.3, 128.3), (240.3, 128.3), (240.3, 128.3), (240.3, 128.3), (240.3, 128.3), (236.5, 128.3), (238.4, 128.3), (236.5, 126.4), (236.5, 128.3), (238.4, 128.3), (236.5, 126.4), (236.5, 124.5), (238.4, 130.1), (238.4, 126.4), (236.5, 128.3), (240.3, 128.3), (236.5, 124.5), (238.4, 130.1), (236.5, 135.7), (236.5, 152.5), (236.5, 173.1), (225.3, 180.5), (225.3, 180.5), (225.3, 180.5), (225.3, 180.5), (225.3, 180.5), (225.3, 180.5), (225.3, 180.5), (214.1, 180.5), (193.6, 180.5), (193.6, 178.7), (193.6, 178.7), (193.6, 178.7), (193.6, 178.7), (193.6, 178.7), (193.6, 176.8), (193.6, 173.1), (193.6, 173.1), (193.6, 173.1), (189.9, 173.1), (174.9, 165.6), (173.1, 161.9), (173.1, 163.7), (173.1, 160.0), (173.1, 161.9), (173.1, 163.7), (174.9, 160.0), (174.9, 160.0), (174.9, 160.0), (174.9, 160.0), (174.9, 160.0), (174.9, 160.0), (174.9, 160.0), (174.9, 160.0), (174.9, 160.0), (174.9, 160.0), (174.9, 160.0), (174.9, 160.0), (173.1, 163.7), (173.1, 160.0), (173.1, 161.9), (173.1, 163.7)]",0,0,12.02
experienced,bomberman,7,Stuck,88,0,9.25,0.455,"[(48.0, 48.0), (62.9, 51.7), (62.9, 51.7), (64.8, 51.7), (64.8, 49.9), (62.9, 51.7), (64.8, 51.7), (64.8, 49.9), (62.9, 51.7), (64.8, 51.7), (64.8, 49.9), (62.9, 51.7), (64.8, 51.7), (64.8, 49.9), (62.9, 51.7), (64.8, 51.7), (64.8, 49.9), (62.9, 51.7), (64.8, 51.7), (64.8, 49.9), (62.9, 51.7), (64.8, 51.7), (64.8, 49.9), (62.9, 51.7), (64.8, 51.7), (64.8, 49.9), (62.9, 51.7), (76.0, 51.7), (90.9, 51.7), (105.9, 44.3), (120.8, 44.3), (135.7, 51.7), (154.4, 51.7), (173.1, 53.6), (180.5, 68.5), (180.5, 83.5), (180.5, 104.0), (189.9, 115.2), (204.8, 115.2), (227.2, 115.2), (242.1, 122.7), (242.1, 126.4), (242.1, 126.4), (242.1, 126.4), (242.1, 126.4), (242.1, 126.4), (242.1, 126.4), (236.5, 126.4), (236.5, 128.3), (238.4, 128.3), (236.5, 126.4), (236.5, 128.3), (238.4, 128.3), (236.5, 126.4), (238.4, 128.3), (238.4, 128.3), (238.4, 128.3), (238.4, 128.3), (238.4, 128.3), (238.4, 128.3), (238.4, 128.3), (236.5, 132.0), (236.5, 146.9), (236.5, 169.3), (225.3, 178.7), (223.5, 176.8), (223.5, 176.8), (223.5, 176.8), (223.5, 176.8), (223.5, 176.8), (223.5, 176.8), (223.5, 176.8), (223.5, 176.8), (223.5, 176.8), (223.5, 176.8), (223.5, 176.8), (223.5, 176.8), (223.5, 176.8), (223.5, 176.8), (223.5, 176.8), (223.5, 176.8), (223.5, 176.8), (223.5, 176.8), (223.5, 176.8), (223.5, 176.8), (223.5, 176.8), (223.5, 176.8), (223.5, 176.8), (223.5, 176.8), (223.5, 176.8), (223.5, 176.8), (223.5, 176.8), (223.5, 176.8), (223.5, 176.8), (223.5, 176.8), (223.5, 180.5), (223.5, 180.5), (223.5, 180.5), (223.5, 180.5), (223.5, 180.5), (223.5, 180.5), (223.5, 180.5), (223.5, 180.5), (223.5, 180.5), (223.5, 180.5), (223.5, 180.5), (223.5, 180.5), (223.5, 180.5), (223.5, 180.5), (223.5, 180.5), (223.5, 180.5), (223.5, 180.5), (223.5, 180.5), (223.5, 180.5), (223.5, 180.5), (223.5, 180.5), (223.5, 180.5), (223.5, 180.5), (223.5, 180.5), (223.5, 180.5), (223.5, 180.5), (223.5, 180.5), (223.5, 180.5), (223.5, 180.5), (223.5, 180.5), (223.5, 180.5), (223.5, 180.5), (223.5, 180.5), (223.5, 180.5), (223.5, 180.5), (223.5, 180.5), (223.5, 180.5)]",1,0,17.55
experienced,bomberman,7,Bomb,190,0,14.39,0.455,"[(48.0, 48.0), (62.9, 44.3), (64.8, 51.7), (64.8, 49.9), (62.9, 51.7), (64.8, 51.7), (64.8, 49.9), (62.9, 51.7), (64.8, 51.7), (64.8, 49.9), (62.9, 51.7), (64.8, 51.7), (64.8, 49.9), (62.9, 51.7), (64.8, 51.7), (64.8, 49.9), (62.9, 51.7), (64.8, 51.7), (64.8, 49.9), (62.9, 51.7), (64.8, 51.7), (64.8, 49.9), (62.9, 51.7), (64.8, 51.7), (64.8, 49.9), (62.9, 51.7), (64.8, 51.7), (76.0, 49.9), (90.9, 49.9), (105.9, 44.3), (120.8, 44.3), (135.7, 51.7), (154.4, 51.7), (173.1, 53.6), (180.5, 68.5), (180.5, 83.5), (180.5, 104.0), (189.9, 115.2), (204.8, 115.2), (227.2, 115.2), (242.1, 122.7), (242.1, 126.4), (242.1, 126.4), (242.1, 126.4), (242.1, 126.4), (242.1, 126.4), (242.1, 126.4), (242.1, 126.4), (242.1, 126.4), (242.1, 126.4), (242.1, 126.4), (242.1, 126.4), (242.1, 126.4), (242.1, 126.4), (242.1, 126.4), (242.1, 126.4), (242.1, 126.4), (242.1, 126.4), (242.1, 126.4), (242.1, 126.4), (242.1, 126.4), (242.1, 126.4), (242.1, 126.4), (242.1, 126.4), (242.1, 126.4), (242.1, 126.4), (242.1, 126.4), (242.1, 126.4), (242.1, 126.4), (242.1, 126.4), (242.1, 126.4), (242.1, 126.4), (242.1, 126.4), (242.1, 126.4), (242.1, 126.4), (242.1, 126.4), (242.1, 126.4), (242.1, 126.4), (242.1, 126.4), (242.1, 126.4), (242.1, 126.4), (242.1, 126.4), (242.1, 126.4), (242.1, 126.4), (242.1, 126.4), (242.1, 126.4), (242.1, 126.4), (242.1, 130.1), (236.5, 145.1), (236.5, 160.0), (236.5, 161.9)]",1,0,12.07
experienced,bomberman,7,Stuck,46,0,9.16,0.455,"[(48.0, 48.0), (62.9, 51.7), (62.9, 51.7), (64.8, 51.7), (64.8, 49.9), (62.9, 51.7), (64.8, 51.7), (64.8, 49.9), (62.9, 51.7), (64.8, 51.7), (64.8, 49.9), (62.9, 51.7), (64.8, 51.7), (64.8, 49.9), (62.9, 51.7), (64.8, 51.7), (64.8, 49.9), (62.9, 51.7), (64.8, 51.7), (64.8, 49.9), (62.9, 51.7), (64.8, 51.7), (64.8, 49.9), (62.9, 51.7), (64.8, 51.7), (64.8, 49.9), (62.9, 51.7), (76.0, 51.7), (90.9, 51.7), (105.9, 44.3), (120.8, 44.3), (135.7, 51.7), (154.4, 51.7), (173.1, 53.6), (176.8, 68.5), (180.5, 83.5), (180.5, 104.0), (189.9, 115.2), (193.6, 115.2), (193.6, 115.2), (204.8, 115.2), (227.2, 115.2), (242.1, 122.7), (242.1, 126.4), (242.1, 126.4), (242.1, 126.4), (242.1, 126.4), (242.1, 126.4), (242.1, 126.4), (242.1, 126.4), (242.1, 126.4), (242.1, 126.4), (242.1, 126.4), (242.1, 126.4), (242.1, 126.4), (242.1, 126.4), (242.1, 126.4), (242.1, 126.4), (242.1, 126.4), (242.1, 126.4), (242.1, 126.4), (242.1, 126.4), (242.1, 126.4), (242.1, 126.4), (242.1, 126.4), (242.1, 126.4), (242.1, 126.4), (242.1, 126.4), (242.1, 126.4), (242.1, 126.4), (242.1, 126.4), (242.1, 126.4), (242.1, 126.4), (242.1, 126.4), (242.1, 126.4), (242.1, 126.4), (242.1, 126.4), (242.1, 126.4), (242.1, 126.4), (242.1, 126.4), (242.1, 126.4), (242.1, 126.4), (242.1, 126.4), (242.1, 126.4), (242.1, 126.4), (242.1, 126.4), (242.1, 126.4), (240.3, 130.1), (236.5, 145.1), (236.5, 167.5), (227.2, 180.5), (225.3, 180.5), (223.5, 180.5), (223.5, 180.5), (225.3, 180.5), (223.5, 180.5), (223.5, 180.5), (223.5, 180.5), (223.5, 180.5), (223.5, 180.5), (223.5, 180.5), (223.5, 180.5), (223.5, 180.5), (223.5, 180.5), (223.5, 180.5), (223.5, 180.5), (223.5, 180.5), (223.5, 180.5), (223.5, 180.5), (223.5, 180.5), (223.5, 180.5), (223.5, 180.5), (223.5, 180.5), (223.5, 180.5), (223.5, 180.5), (223.5, 180.5), (223.5, 180.5), (223.5, 180.5), (223.5, 180.5), (223.5, 180.5), (223.5, 180.5), (223.5, 180.5), (223.5, 180.5), (223.5, 180.5), (223.5, 180.5), (223.5, 180.5), (223.5, 180.5), (223.5, 180.5), (223.5, 180.5), (223.5, 180.5), (223.5, 180.5), (223.5, 180.5)]",1,0,17.53
experienced,bomberman,7,Bomb,48,0,9.38,0.455,"[(48.0, 48.0), (62.9, 44.3), (66.7, 51.7), (66.7, 51.7), (66.7, 51.7), (66.7, 51.7), (66.7, 51.7), (66.7, 51.7), (66.7, 51.7), (66.7, 51.7), (66.7, 51.7), (66.7, 51.7), (66.7, 51.7), (66.7, 51.7), (66.7, 51.7), (66.7, 51.7), (66.7, 51.7), (66.7, 51.7), (66.7, 51.7), (66.7, 51.7), (66.7, 51.7), (66.7, 51.7), (66.7, 51.7), (66.7, 51.7), (66.7, 51.7), (66.7, 51.7), (66.7, 51.7), (74.1, 51.7), (94.7, 51.7), (109.6, 44.3), (124.5, 44.3), (139.5, 51.7), (161.9, 51.7), (176.8, 57.3), (180.5, 72.3), (180.5, 89.1), (180.5, 107.7), (193.6, 115.2), (208.5, 115.2), (230.9, 115.2), (244.0, 126.4), (242.1, 126.4), (242.1, 126.4), (242.1, 126.4), (242.1, 126.4), (242.1, 126.4), (242.1, 126.4), (242.1, 126.4), (242.1, 126.4), (242.1, 126.4), (242.1, 126.4), (242.1, 126.4), (242.1, 126.4), (242.1, 126.4), (242.1, 126.4), (242.1, 126.4), (242.1, 126.4), (242.1, 126.4), (242.1, 126.4), (242.1, 126.4), (242.1, 126.4), (242.1, 126.4), (242.1, 126.4), (242.1, 126.4), (242.1, 126.4), (242.1, 126.4), (242.1, 126.4), (242.1, 126.4), (242.1, 126.4), (242.1, 126.4), (242.1, 126.4), (242.1, 126.4), (242.1, 126.4), (242.1, 126.4), (242.1, 126.4), (242.1, 126.4), (242.1, 126.4), (242.1, 126.4), (242.1, 126.4), (242.1, 126.4), (242.1, 126.4), (242.1, 126.4), (242.1, 126.4), (242.1, 126.4), (242.1, 126.4), (242.1, 126.4), (242.1, 126.4), (238.4, 133.9), (236.5, 148.8), (236.5, 171.2), (223.5, 180.5), (223.5, 180.5), (223.5, 180.5), (223.5, 180.5), (223.5, 180.5), (223.5, 180.5), (223.5, 180.5), (223.5, 180.5), (223.5, 180.5), (223.5, 180.5), (223.5, 180.5), (223.5, 180.5), (223.5, 180.5), (223.5, 180.5), (223.5, 180.5), (223.5, 180.5), (223.5, 180.5), (223.5, 180.5), (223.5, 180.5), (223.5, 180.5), (223.5, 180.5), (223.5, 180.5), (223.5, 180.5), (223.5, 180.5), (223.5, 180.5), (223.5, 180.5), (223.5, 180.5), (223.5, 180.5), (223.5, 180.5), (223.5, 180.5), (223.5, 180.5), (225.3, 180.5), (225.3, 180.5), (225.3, 180.5)]",1,0,16.52
experienced,bomberman,7,Bomb,220,0,14.6,0.409,"[(48.0, 48.0), (62.9, 51.7), (62.9, 51.7), (64.8, 51.7), (64.8, 49.9), (62.9, 51.7), (64.8, 51.7), (64.8, 49.9), (62.9, 51.7), (64.8, 51.7), (64.8, 49.9), (62.9, 51.7), (64.8, 51.7), (64.8, 49.9), (62.9, 51.7), (64.8, 51.7), (64.8, 49.9), (62.9, 51.7), (64.8, 51.7), (64.8, 49.9), (62.9, 51.7), (64.8, 51.7), (64.8, 49.9), (62.9, 51.7), (64.8, 51.7), (64.8, 49.9), (62.9, 51.7), (76.0, 51.7), (96.5, 51.7), (111.5, 44.3), (126.4, 44.3), (141.3, 51.7), (163.7, 51.7), (178.7, 59.2), (180.5, 74.1), (180.5, 92.8), (180.5, 94.7), (180.5, 96.5), (180.5, 98.4), (180.5, 94.7), (180.5, 107.7), (193.6, 115.2), (208.5, 115.2), (230.9, 115.2), (244.0, 126.4), (242.1, 126.4), (242.1, 126.4), (242.1, 126.4), (242.1, 126.4), (242.1, 126.4), (242.1, 126.4), (242.1, 126.4), (242.1, 126.4), (242.1, 126.4), (242.1, 126.4), (242.1, 126.4), (242.1, 126.4), (242.1, 126.4), (242.1, 126.4), (242.1, 126.4), (242.1, 126.4), (242.1, 126.4), (242.1, 126.4), (242.1, 126.4), (242.1, 126.4), (242.1, 126.4), (242.1, 126.4), (242.1, 126.4), (242.1, 126.4), (242.1, 126.4), (242.1, 126.4), (242.1, 126.4), (242.1, 126.4), (242.1, 126.4), (242.1, 126.4), (242.1, 126.4), (242.1, 126.4), (242.1, 126.4), (242.1, 126.4), (242.1, 126.4), (242.1, 126.4), (242.1, 126.4), (242.1, 126.4), (242.1, 126.4), (242.1, 126.4), (242.1, 126.4), (242.1, 126.4), (242.1, 126.4), (242.1, 126.4), (242.1, 126.4), (242.1, 126.4)]",1,0,12.02
experienced,bomberman,7,Bomb,96,0,15.05,0.409,"[(48.0, 48.0), (62.9, 44.3), (77.9, 44.3), (92.8, 44.3), (107.7, 51.7), (115.2, 59.2), (115.2, 59.2), (115.2, 59.2), (115.2, 59.2), (115.2, 59.2), (115.2, 59.2), (115.2, 59.2), (115.2, 59.2), (115.2, 59.2), (115.2, 59.2), (115.2, 59.2), (115.2, 59.2), (115.2, 59.2), (115.2, 59.2), (115.2, 59.2), (115.2, 59.2), (115.2, 59.2), (115.2, 59.2), (115.2, 59.2), (115.2, 59.2), (115.2, 59.2), (115.2, 59.2), (118.9, 48.0), (133.9, 44.3), (148.8, 44.3), (163.7, 46.1), (178.7, 59.2), (180.5, 62.9), (180.5, 62.9), (180.5, 70.4), (180.5, 85.3), (180.5, 105.9), (191.7, 115.2), (206.7, 115.2), (229.1, 115.2), (244.0, 124.5), (244.0, 128.3), (244.0, 128.3), (244.0, 128.3), (244.0, 128.3), (244.0, 128.3), (244.0, 128.3), (240.3, 128.3), (238.4, 126.4), (240.3, 128.3), (238.4, 128.3), (236.5, 126.4), (238.4, 128.3), (236.5, 128.3), (238.4, 128.3), (238.4, 128.3), (238.4, 128.3), (238.4, 128.3), (236.5, 126.4), (236.5, 128.3), (238.4, 128.3), (236.5, 126.4), (236.5, 128.3), (238.4, 128.3), (236.5, 126.4), (236.5, 128.3), (238.4, 128.3), (236.5, 126.4), (236.5, 126.4), (236.5, 126.4), (236.5, 126.4), (236.5, 126.4), (236.5, 126.4), (236.5, 126.4), (236.5, 126.4), (236.5, 128.3), (236.5, 124.5), (238.4, 126.4), (240.3, 128.3), (238.4, 128.3), (236.5, 126.4), (238.4, 128.3), (236.5, 128.3), (238.4, 126.4), (238.4, 126.4), (238.4, 126.4), (238.4, 126.4), (238.4, 128.3), (236.5, 128.3), (236.5, 124.5), (236.5, 126.4)]",0,0,12.03
experienced,bomberman,7,Bomb,71,0,4.05,0.045,"[(48.0, 48.0), (62.9, 51.7), (62.9, 51.7), (64.8, 51.7), (64.8, 49.9), (62.9, 51.7), (64.8, 51.7), (64.8, 49.9), (62.9, 51.7), (64.8, 51.7), (64.8, 49.9), (62.9, 51.7), (64.8, 51.7), (64.8, 49.9), (62.9, 51.7), (64.8, 51.7), (64.8, 49.9), (62.9, 51.7), (64.8, 51.7), (64.8, 49.9), (62.9, 51.7), (64.8, 51.7), (64.8, 49.9), (62.9, 51.7), (64.8, 51.7), (64.8, 49.9), (62.9, 51.7), (64.8, 51.7), (64.8, 49.9), (62.9, 51.7), (64.8, 51.7), (64.8, 49.9)]",0,0,4.15
experienced,bomberman,7,Bomb,113,0,21.23,0.409,"[(48.0, 48.0), (62.9, 44.3), (77.9, 51.7), (98.4, 49.9), (113.3, 44.3), (128.3, 44.3), (143.2, 51.7), (165.6, 51.7), (180.5, 61.1), (180.5, 76.0), (180.5, 90.9), (180.5, 105.9), (191.7, 115.2), (191.7, 115.2), (191.7, 115.2), (191.7, 115.2), (191.7, 115.2), (191.7, 115.2), (191.7, 115.2), (191.7, 115.2), (191.7, 115.2), (191.7, 115.2), (191.7, 115.2), (191.7, 115.2), (191.7, 115.2), (191.7, 115.2), (206.7, 115.2), (229.1, 115.2), (244.0, 124.5), (244.0, 128.3), (244.0, 128.3), (244.0, 128.3), (244.0, 128.3), (244.0, 128.3), (244.0, 128.3), (244.0, 128.3), (244.0, 128.3), (244.0, 128.3), (244.0, 128.3), (244.0, 128.3), (244.0, 128.3), (244.0, 128.3), (244.0, 128.3), (244.0, 128.3), (244.0, 128.3), (244.0, 128.3), (244.0, 128.3), (240.3, 128.3), (236.5, 124.5), (238.4, 130.1), (238.4, 126.4), (236.5, 128.3), (240.3, 128.3), (236.5, 124.5), (238.4, 126.4), (238.4, 126.4), (238.4, 126.4), (238.4, 126.4), (238.4, 126.4), (238.4, 126.4), (238.4, 126.4)]",0,0,8.0
experienced,bomberman,7,Bomb,104,0,21.23,0.409,"[(48.0, 48.0), (62.9, 44.3), (77.9, 51.7), (98.4, 49.9), (113.3, 44.3), (128.3, 44.3), (143.2, 51.7), (165.6, 51.7), (180.5, 61.1), (180.5, 76.0), (180.5, 96.5), (182.4, 111.5), (193.6, 113.3), (191.7, 115.2), (193.6, 115.2), (193.6, 113.3), (191.7, 115.2), (193.6, 115.2), (193.6, 113.3), (191.7, 115.2), (193.6, 115.2), (193.6, 113.3), (191.7, 115.2), (193.6, 115.2), (193.6, 113.3), (191.7, 115.2), (206.7, 115.2), (229.1, 115.2), (244.0, 124.5), (244.0, 128.3), (244.0, 128.3), (244.0, 128.3), (244.0, 128.3), (244.0, 128.3), (244.0, 128.3), (244.0, 128.3), (244.0, 128.3), (244.0, 128.3), (244.0, 128.3), (244.0, 128.3), (244.0, 128.3), (244.0, 128.3), (244.0, 128.3), (244.0, 128.3), (244.0, 128.3), (244.0, 128.3), (244.0, 128.3), (240.3, 128.3), (236.5, 124.5), (238.4, 130.1), (238.4, 126.4), (236.5, 128.3), (240.3, 128.3), (236.5, 124.5), (238.4, 126.4), (238.4, 126.4), (238.4, 126.4), (238.4, 126.4), (238.4, 126.4), (238.4, 126.4), (238.4, 126.4)]",0,0,8.0
experienced,bomberman,7,Bomb,87,0,6.48,0.455,"[(48.0, 48.0), (62.9, 51.7), (62.9, 51.7), (64.8, 51.7), (64.8, 49.9), (62.9, 51.7), (64.8, 51.7), (64.8, 49.9), (62.9, 51.7), (64.8, 51.7), (64.8, 49.9), (62.9, 51.7), (64.8, 51.7), (64.8, 49.9), (62.9, 51.7), (64.8, 51.7), (64.8, 49.9), (62.9, 51.7), (64.8, 51.7), (64.8, 49.9), (62.9, 51.7), (64.8, 51.7), (64.8, 49.9), (62.9, 51.7), (64.8, 51.7), (64.8, 49.9), (62.9, 51.7), (76.0, 51.7), (96.5, 51.7), (111.5, 44.3), (126.4, 44.3), (141.3, 51.7), (163.7, 51.7), (178.7, 59.2), (180.5, 74.1), (180.5, 92.8), (180.5, 109.6), (195.5, 115.2), (210.4, 115.2), (232.8, 115.2), (244.0, 128.3), (244.0, 128.3), (244.0, 128.3), (244.0, 128.3), (244.0, 128.3), (244.0, 128.3), (244.0, 128.3), (240.3, 128.3), (238.4, 126.4), (240.3, 128.3), (238.4, 128.3), (236.5, 126.4), (238.4, 128.3), (236.5, 128.3), (238.4, 128.3), (238.4, 128.3), (238.4, 128.3), (238.4, 128.3), (238.4, 128.3), (238.4, 128.3), (238.4, 128.3), (236.5, 139.5), (236.5, 160.0), (236.5, 161.9), (236.5, 158.1), (236.5, 143.2), (236.5, 141.3), (236.5, 141.3), (236.5, 141.3), (236.5, 141.3), (236.5, 141.3), (236.5, 141.3), (236.5, 141.3), (236.5, 141.3), (236.5, 141.3), (236.5, 141.3), (236.5, 141.3), (236.5, 141.3), (236.5, 141.3), (236.5, 141.3), (236.5, 141.3), (236.5, 141.3), (236.5, 141.3), (236.5, 141.3), (236.5, 141.3), (236.5, 141.3), (236.5, 141.3), (236.5, 152.5), (236.5, 173.1), (221.6, 180.5), (206.7, 180.5), (191.7, 180.5), (191.7, 173.1), (191.7, 173.1), (191.7, 174.9), (191.7, 174.9), (191.7, 174.9), (191.7, 174.9), (191.7, 174.9), (191.7, 174.9), (191.7, 174.9), (191.7, 174.9), (191.7, 174.9), (191.7, 174.9), (191.7, 174.9), (191.7, 174.9), (191.7, 174.9), (191.7, 174.9), (191.7, 174.9), (191.7, 174.9), (191.7, 174.9), (191.7, 174.9), (191.7, 174.9), (191.7, 174.9), (191.7, 174.9), (191.7, 174.9), (191.7, 174.9), (191.7, 174.9), (180.5, 171.2), (173.1, 161.9), (173.1, 163.7), (173.1, 160.0)]",1,0,16.13
experienced,bomberman,7,Bomb,87,0,6.48,0.455,"[(48.0, 48.0), (62.9, 51.7), (62.9, 51.7), (64.8, 51.7), (64.8, 49.9), (62.9, 51.7), (64.8, 51.7), (64.8, 49.9), (62.9, 51.7), (64.8, 51.7), (64.8, 49.9), (62.9, 51.7), (64.8, 51.7), (64.8, 49.9), (62.9, 51.7), (64.8, 51.7), (64.8, 49.9), (62.9, 51.7), (64.8, 51.7), (64.8, 49.9), (62.9, 51.7), (64.8, 51.7), (64.8, 49.9), (62.9, 51.7), (64.8, 51.7), (64.8, 49.9), (62.9, 51.7), (76.0, 51.7), (96.5, 51.7), (111.5, 44.3), (126.4, 44.3), (141.3, 51.7), (163.7, 51.7), (178.7, 59.2), (180.5, 74.1), (180.5, 92.8), (180.5, 109.6), (195.5, 115.2), (210.4, 115.2), (232.8, 115.2), (244.0, 128.3), (244.0, 128.3), (244.0, 128.3), (244.0, 128.3), (244.0, 128.3), (244.0, 128.3), (244.0, 128.3), (240.3, 128.3), (238.4, 126.4), (240.3, 128.3), (238.4, 128.3), (236.5, 126.4), (238.4, 128.3), (236.5, 128.3), (238.4, 128.3), (238.4, 128.3), (238.4, 128.3), (238.4, 128.3), (238.4, 128.3), (238.4, 128.3), (238.4, 128.3), (236.5, 139.5), (236.5, 160.0), (236.5, 161.9), (236.5, 158.1), (236.5, 143.2), (236.5, 141.3), (236.5, 141.3), (236.5, 141.3), (236.5, 141.3), (236.5, 141.3), (236.5, 141.3), (236.5, 141.3), (236.5, 141.3), (236.5, 141.3), (236.5, 141.3), (236.5, 141.3), (236.5, 141.3), (236.5, 141.3), (236.5, 141.3), (236.5, 141.3), (236.5, 141.3), (236.5, 141.3), (236.5, 141.3), (236.5, 141.3), (236.5, 141.3), (236.5, 141.3), (236.5, 152.5), (236.5, 173.1), (221.6, 180.5), (206.7, 180.5), (191.7, 180.5), (191.7, 173.1), (191.7, 173.1), (191.7, 174.9), (191.7, 174.9), (191.7, 174.9), (191.7, 174.9), (191.7, 174.9), (191.7, 174.9), (191.7, 174.9), (191.7, 174.9), (191.7, 174.9), (191.7, 174.9), (191.7, 174.9), (191.7, 174.9), (191.7, 174.9), (191.7, 174.9), (191.7, 174.9), (191.7, 174.9), (191.7, 174.9), (191.7, 174.9), (191.7, 174.9), (191.7, 174.9), (191.7, 174.9), (191.7, 174.9), (191.7, 174.9), (191.7, 174.9), (180.5, 171.2), (173.1, 161.9), (173.1, 163.7), (173.1, 160.0)]",1,0,16.13
experienced,bomberman,7,Bomb,48,0,9.38,0.455,"[(48.0, 48.0), (62.9, 44.3), (66.7, 51.7), (66.7, 51.7), (66.7, 51.7), (66.7, 51.7), (66.7, 51.7), (66.7, 51.7), (66.7, 51.7), (66.7, 51.7), (66.7, 51.7), (66.7, 51.7), (66.7, 51.7), (66.7, 51.7), (66.7, 51.7), (66.7, 51.7), (66.7, 51.7), (66.7, 51.7), (66.7, 51.7), (66.7, 51.7), (66.7, 51.7), (66.7, 51.7), (66.7, 51.7), (66.7, 51.7), (66.7, 51.7), (66.7, 51.7), (66.7, 51.7), (74.1, 51.7), (94.7, 51.7), (109.6, 44.3), (124.5, 44.3), (139.5, 51.7), (161.9, 51.7), (176.8, 57.3), (180.5, 72.3), (180.5, 89.1), (180.5, 107.7), (193.6, 115.2), (208.5, 115.2), (230.9, 115.2), (244.0, 126.4), (242.1, 126.4), (242.1, 126.4), (242.1, 126.4), (242.1, 126.4), (242.1, 126.4), (242.1, 126.4), (242.1, 126.4), (242.1, 126.4), (242.1, 126.4), (242.1, 126.4), (242.1, 126.4), (242.1, 126.4), (242.1, 126.4), (242.1, 126.4), (242.1, 126.4), (242.1, 126.4), (242.1, 126.4), (242.1, 126.4), (242.1, 126.4), (242.1, 126.4), (242.1, 126.4), (242.1, 126.4), (242.1, 126.4), (242.1, 126.4), (242.1, 126.4), (242.1, 126.4), (242.1, 126.4), (242.1, 126.4), (242.1, 126.4), (242.1, 126.4), (242.1, 126.4), (242.1, 126.4), (242.1, 126.4), (242.1, 126.4), (242.1, 126.4), (242.1, 126.4), (242.1, 126.4), (242.1, 126.4), (242.1, 126.4), (242.1, 126.4), (242.1, 126.4), (242.1, 126.4), (242.1, 126.4), (242.1, 126.4), (242.1, 126.4), (242.1, 126.4), (238.4, 133.9), (236.5, 148.8), (236.5, 171.2), (223.5, 180.5), (223.5, 180.5), (223.5, 180.5), (223.5, 180.5), (223.5, 180.5), (223.5, 180.5), (223.5, 180.5), (223.5, 180.5), (223.5, 180.5), (223.5, 180.5), (223.5, 180.5), (223.5, 180.5), (223.5, 180.5), (223.5, 180.5), (223.5, 180.5), (223.5, 180.5), (223.5, 180.5), (223.5, 180.5), (223.5, 180.5), (223.5, 180.5), (223.5, 180.5), (223.5, 180.5), (223.5, 180.5), (223.5, 180.5), (223.5, 180.5), (223.5, 180.5), (223.5, 180.5), (223.5, 180.5), (223.5, 180.5), (223.5, 180.5), (223.5, 180.5), (225.3, 180.5), (225.3, 180.5), (225.3, 180.5)]",1,0,16.52
experienced,bomberman,7,Stuck,46,0,9.16,0.455,"[(48.0, 48.0), (62.9, 51.7), (62.9, 51.7), (64.8, 51.7), (64.8, 49.9), (62.9, 51.7), (64.8, 51.7), (64.8, 49.9), (62.9, 51.7), (64.8, 51.7), (64.8, 49.9), (62.9, 51.7), (64.8, 51.7), (64.8, 49.9), (62.9, 51.7), (64.8, 51.7), (64.8, 49.9), (62.9, 51.7), (64.8, 51.7), (64.8, 49.9), (62.9, 51.7), (64.8, 51.7), (64.8, 49.9), (62.9, 51.7), (64.8, 51.7), (64.8, 49.9), (62.9, 51.7), (76.0, 51.7), (90.9, 51.7), (105.9, 44.3), (120.8, 44.3), (135.7, 51.7), (154.4, 51.7), (173.1, 53.6), (176.8, 68.5), (180.5, 83.5), (180.5, 104.0), (189.9, 115.2), (193.6, 115.2), (193.6, 115.2), (204.8, 115.2), (227.2, 115.2), (242.1, 122.7), (242.1, 126.4), (242.1, 126.4), (242.1, 126.4), (242.1, 126.4), (242.1, 126.4), (242.1, 126.4), (242.1, 126.4), (242.1, 126.4), (242.1, 126.4), (242.1, 126.4), (242.1, 126.4), (242.1, 126.4), (242.1, 126.4), (242.1, 126.4), (242.1, 126.4), (242.1, 126.4), (242.1, 126.4), (242.1, 126.4), (242.1, 126.4), (242.1, 126.4), (242.1, 126.4), (242.1, 126.4), (242.1, 126.4), (242.1, 126.4), (242.1, 126.4), (242.1, 126.4), (242.1, 126.4), (242.1, 126.4), (242.1, 126.4), (242.1, 126.4), (242.1, 126.4), (242.1, 126.4), (242.1, 126.4), (242.1, 126.4), (242.1, 126.4), (242.1, 126.4), (242.1, 126.4), (242.1, 126.4), (242.1, 126.4), (242.1, 126.4), (242.1, 126.4), (242.1, 126.4), (242.1, 126.4), (242.1, 126.4), (240.3, 130.1), (236.5, 145.1), (236.5, 167.5), (227.2, 180.5), (225.3, 180.5), (223.5, 180.5), (223.5, 180.5), (225.3, 180.5), (223.5, 180.5), (223.5, 180.5), (223.5, 180.5), (223.5, 180.5), (223.5, 180.5), (223.5, 180.5), (223.5, 180.5), (223.5, 180.5), (223.5, 180.5), (223.5, 180.5), (223.5, 180.5), (223.5, 180.5), (223.5, 180.5), (223.5, 180.5), (223.5, 180.5), (223.5, 180.5), (223.5, 180.5), (223.5, 180.5), (223.5, 180.5), (223.5, 180.5), (223.5, 180.5), (223.5, 180.5), (223.5, 180.5), (223.5, 180.5), (223.5, 180.5), (223.5, 180.5), (223.5, 180.5), (223.5, 180.5), (223.5, 180.5), (223.5, 180.5), (223.5, 180.5), (223.5, 180.5), (223.5, 180.5), (223.5, 180.5), (223.5, 180.5), (223.5, 180.5), (223.5, 180.5)]",1,0,17.53
experienced,bomberman,7,Bomb,190,0,14.39,0.455,"[(48.0, 48.0), (62.9, 44.3), (64.8, 51.7), (64.8, 49.9), (62.9, 51.7), (64.8, 51.7), (64.8, 49.9), (62.9, 51.7), (64.8, 51.7), (64.8, 49.9), (62.9, 51.7), (64.8, 51.7), (64.8, 49.9), (62.9, 51.7), (64.8, 51.7), (64.8, 49.9), (62.9, 51.7), (64.8, 51.7), (64.8, 49.9), (62.9, 51.7), (64.8, 51.7), (64.8, 49.9), (62.9, 51.7), (64.8, 51.7), (64.8, 49.9), (62.9, 51.7), (64.8, 51.7), (76.0, 49.9), (90.9, 49.9), (105.9, 44.3), (120.8, 44.3), (135.7, 51.7), (154.4, 51.7), (173.1, 53.6), (180.5, 68.5), (180.5, 83.5), (180.5, 104.0), (189.9, 115.2), (204.8, 115.2), (227.2, 115.2), (242.1, 122.7), (242.1, 126.4), (242.1, 126.4), (242.1, 126.4), (242.1, 126.4), (242.1, 126.4), (242.1, 126.4), (242.1, 126.4), (242.1, 126.4), (242.1, 126.4), (242.1, 126.4), (242.1, 126.4), (242.1, 126.4), (242.1, 126.4), (242.1, 126.4), (242.1, 126.4), (242.1, 126.4), (242.1, 126.4), (242.1, 126.4), (242.1, 126.4), (242.1, 126.4), (242.1, 126.4), (242.1, 126.4), (242.1, 126.4), (242.1, 126.4), (242.1, 126.4), (242.1, 126.4), (242.1, 126.4), (242.1, 126.4), (242.1, 126.4), (242.1, 126.4), (242.1, 126.4), (242.1, 126.4), (242.1, 126.4), (242.1, 126.4), (242.1, 126.4), (242.1, 126.4), (242.1, 126.4), (242.1, 126.4), (242.1, 126.4), (242.1, 126.4), (242.1, 126.4), (242.1, 126.4), (242.1, 126.4), (242.1, 126.4), (242.1, 126.4), (242.1, 126.4), (242.1, 130.1), (236.5, 145.1), (236.5, 160.0), (236.5, 161.9)]",1,0,12.07
experienced,bomberman,7,Bomb,136,0,20.04,0.545,"[(48.0, 48.0), (62.9, 44.3), (77.9, 51.7), (98.4, 49.9), (113.3, 44.3), (128.3, 44.3), (126.4, 51.7), (128.3, 51.7), (128.3, 49.9), (126.4, 51.7), (128.3, 51.7), (128.3, 49.9), (126.4, 51.7), (128.3, 51.7), (128.3, 49.9), (126.4, 51.7), (128.3, 51.7), (128.3, 49.9), (126.4, 51.7), (128.3, 51.7), (128.3, 49.9), (126.4, 51.7), (128.3, 51.7), (128.3, 49.9), (126.4, 51.7), (128.3, 51.7), (143.2, 51.7), (158.1, 51.7), (173.1, 44.3), (188.0, 44.3), (202.9, 44.3), (217.9, 46.1), (232.8, 51.7), (244.0, 64.8), (242.1, 79.7), (244.0, 100.3), (249.6, 115.2), (257.1, 115.2), (257.1, 115.2), (257.1, 115.2), (268.3, 115.2), (288.8, 115.2), (303.7, 120.8), (307.5, 128.3), (307.5, 128.3), (307.5, 128.3), (307.5, 128.3), (307.5, 128.3), (307.5, 128.3), (307.5, 128.3), (307.5, 128.3), (307.5, 128.3), (307.5, 128.3), (307.5, 128.3), (307.5, 128.3), (307.5, 128.3), (307.5, 128.3), (307.5, 128.3), (307.5, 128.3), (307.5, 128.3), (307.5, 128.3), (300.0, 128.3), (301.9, 126.4), (301.9, 126.4), (307.5, 124.5), (307.5, 128.3), (307.5, 126.4), (307.5, 124.5), (307.5, 128.3), (307.5, 128.3), (307.5, 128.3), (307.5, 128.3), (307.5, 128.3), (307.5, 128.3), (307.5, 128.3), (307.5, 128.3), (307.5, 128.3), (307.5, 128.3), (307.5, 128.3), (307.5, 128.3), (307.5, 128.3), (307.5, 128.3), (307.5, 128.3), (307.5, 128.3), (307.5, 128.3), (307.5, 128.3), (307.5, 128.3), (307.5, 135.7), (307.5, 150.7), (305.6, 161.9), (300.0, 158.1)]",0,0,12.02
experienced,bomberman,7,Bomb,148,0,21.7,0.409,"[(48.0, 48.0), (62.9, 44.3), (77.9, 51.7), (98.4, 49.9), (113.3, 44.3), (128.3, 44.3), (143.2, 51.7), (165.6, 51.7), (180.5, 61.1), (174.9, 76.0), (173.1, 96.5), (182.4, 111.5), (193.6, 115.2), (193.6, 115.2), (193.6, 115.2), (193.6, 115.2), (193.6, 115.2), (193.6, 115.2), (193.6, 115.2), (193.6, 115.2), (193.6, 115.2), (193.6, 115.2), (193.6, 115.2), (193.6, 115.2), (193.6, 115.2), (193.6, 115.2), (208.5, 115.2), (230.9, 115.2), (244.0, 126.4), (242.1, 126.4), (242.1, 126.4), (242.1, 126.4), (242.1, 126.4), (242.1, 126.4), (242.1, 126.4), (242.1, 126.4), (242.1, 126.4), (242.1, 126.4), (242.1, 126.4), (242.1, 126.4), (242.1, 126.4), (242.1, 126.4), (242.1, 126.4), (242.1, 126.4), (242.1, 126.4), (242.1, 126.4), (242.1, 126.4), (242.1, 126.4), (242.1, 126.4), (242.1, 126.4), (242.1, 126.4), (242.1, 126.4), (242.1, 126.4), (242.1, 126.4), (242.1, 126.4), (242.1, 126.4), (242.1, 126.4), (242.1, 126.4), (242.1, 126.4), (242.1, 126.4), (242.1, 126.4)]",0,0,8.0
experienced,bomberman,7,Stuck,19,0,3.48,0.455,"[(48.0, 48.0), (62.9, 51.7), (62.9, 51.7), (62.9, 51.7), (62.9, 51.7), (62.9, 51.7), (62.9, 51.7), (62.9, 51.7), (62.9, 51.7), (62.9, 51.7), (62.9, 51.7), (62.9, 51.7), (62.9, 51.7), (62.9, 51.7), (62.9, 51.7), (62.9, 51.7), (62.9, 51.7), (62.9, 51.7), (62.9, 51.7), (62.9, 51.7), (62.9, 51.7), (62.9, 51.7), (62.9, 51.7), (62.9, 51.7), (62.9, 51.7), (62.9, 51.7), (62.9, 51.7), (74.1, 51.7), (94.7, 51.7), (109.6, 44.3), (124.5, 44.3), (139.5, 51.7), (161.9, 51.7), (163.7, 51.7), (169.3, 51.7), (180.5, 64.8), (173.1, 79.7), (176.8, 100.3), (186.1, 115.2), (193.6, 115.2), (193.6, 115.2), (193.6, 115.2), (193.6, 115.2), (193.6, 115.2), (193.6, 115.2), (193.6, 115.2), (193.6, 115.2), (193.6, 115.2), (193.6, 115.2), (193.6, 115.2), (193.6, 115.2), (193.6, 115.2), (193.6, 115.2), (193.6, 115.2), (193.6, 115.2), (193.6, 115.2), (193.6, 115.2), (193.6, 115.2), (193.6, 115.2), (193.6, 115.2), (193.6, 115.2), (193.6, 115.2), (193.6, 115.2), (193.6, 115.2), (193.6, 115.2), (193.6, 115.2), (193.6, 115.2), (193.6, 115.2), (193.6, 115.2), (193.6, 115.2), (193.6, 115.2), (193.6, 115.2), (193.6, 115.2), (193.6, 115.2), (193.6, 115.2), (193.6, 115.2), (193.6, 115.2), (193.6, 115.2), (193.6, 115.2), (193.6, 115.2), (193.6, 115.2), (193.6, 115.2), (193.6, 115.2), (193.6, 115.2), (193.6, 115.2), (193.6, 115.2), (193.6, 115.2), (193.6, 115.2), (193.6, 115.2), (193.6, 115.2), (193.6, 115.2), (201.1, 115.2), (221.6, 115.2), (238.4, 118.9), (244.0, 128.3), (242.1, 126.4), (242.1, 126.4), (242.1, 126.4), (242.1, 130.1), (236.5, 145.1), (236.5, 167.5), (227.2, 180.5), (217.9, 180.5), (210.4, 180.5), (202.9, 180.5), (195.5, 180.5), (184.3, 173.1), (173.1, 160.0), (173.1, 161.9), (173.1, 163.7), (173.1, 160.0), (173.1, 161.9), (173.1, 163.7), (173.1, 160.0), (173.1, 161.9), (173.1, 163.7), (173.1, 160.0), (173.1, 161.9), (173.1, 163.7), (173.1, 160.0), (173.1, 161.9), (173.1, 163.7), (173.1, 160.0), (173.1, 161.9), (173.1, 163.7), (173.1, 161.9), (173.1, 161.9), (173.1, 161.9), (173.1, 161.9), (173.1, 146.9), (173.1, 124.5), (173.1, 139.5), (173.1, 160.0), (173.1, 161.9), (173.1, 163.7), (173.1, 160.0), (173.1, 161.9), (173.1, 163.7), (173.1, 160.0), (173.1, 161.9), (173.1, 163.7), (173.1, 160.0), (173.1, 161.9), (173.1, 163.7), (173.1, 160.0), (173.1, 161.9), (173.1, 163.7), (173.1, 160.0), (173.1, 161.9), (173.1, 163.7), (173.1, 160.0), (173.1, 161.9), (173.1, 163.7), (173.1, 160.0), (173.1, 161.9), (173.1, 163.7), (173.1, 160.0), (173.1, 173.1), (161.9, 180.5), (161.9, 180.5), (161.9, 180.5), (161.9, 173.1), (161.9, 173.1), (161.9, 173.1), (161.9, 173.1), (161.9, 173.1), (161.9, 173.1), (161.9, 173.1), (161.9, 173.1), (161.9, 173.1), (161.9, 173.1), (161.9, 173.1), (161.9, 173.1), (161.9, 173.1), (161.9, 173.1), (161.9, 173.1), (161.9, 173.1), (161.9, 173.1), (161.9, 173.1), (161.9, 173.1), (161.9, 173.1), (161.9, 173.1), (161.9, 173.1), (161.9, 173.1), (161.9, 173.1), (161.9, 173.1), (161.9, 173.1), (161.9, 173.1), (161.9, 173.1), (161.9, 173.1), (161.9, 173.1), (161.9, 173.1), (161.9, 173.1), (161.9, 173.1), (161.9, 173.1), (161.9, 173.1), (161.9, 173.1), (161.9, 173.1), (161.9, 173.1), (161.9, 173.1), (161.9, 173.1), (161.9, 173.1)]",1,0,26.8
experienced,bomberman,7,Bomb,82,0,21.0,0.409,"[(48.0, 48.0), (62.9, 44.3), (77.9, 51.7), (98.4, 49.9), (113.3, 44.3), (128.3, 44.3), (143.2, 51.7), (165.6, 51.7), (180.5, 61.1), (180.5, 76.0), (180.5, 90.9), (180.5, 105.9), (191.7, 115.2), (191.7, 115.2), (191.7, 115.2), (191.7, 115.2), (191.7, 115.2), (191.7, 115.2), (191.7, 115.2), (193.6, 115.2), (193.6, 113.3), (191.7, 115.2), (193.6, 115.2), (193.6, 113.3), (191.7, 115.2), (193.6, 115.2), (204.8, 115.2), (227.2, 115.2), (242.1, 122.7), (242.1, 126.4), (242.1, 126.4), (242.1, 126.4), (242.1, 126.4), (242.1, 126.4), (242.1, 126.4), (242.1, 126.4), (242.1, 126.4), (242.1, 126.4), (242.1, 126.4), (242.1, 126.4), (242.1, 126.4), (242.1, 126.4), (242.1, 126.4), (242.1, 126.4), (242.1, 126.4), (242.1, 126.4), (242.1, 126.4), (240.3, 130.1), (236.5, 130.1), (238.4, 128.3), (236.5, 126.4), (238.4, 128.3), (238.4, 130.1), (240.3, 128.3), (238.4, 128.3), (238.4, 128.3), (238.4, 128.3), (236.5, 128.3), (236.5, 126.4), (236.5, 124.5), (236.5, 128.3)]",0,0,8.0
experienced,bomberman,7,Stuck,19,0,5.98,0.455,"[(48.0, 48.0), (62.9, 51.7), (62.9, 51.7), (62.9, 51.7), (62.9, 51.7), (62.9, 51.7), (62.9, 51.7), (62.9, 51.7), (62.9, 51.7), (62.9, 51.7), (62.9, 51.7), (62.9, 51.7), (62.9, 51.7), (62.9, 51.7), (62.9, 51.7), (62.9, 51.7), (62.9, 51.7), (62.9, 51.7), (62.9, 51.7), (62.9, 51.7), (62.9, 51.7), (62.9, 51.7), (62.9, 51.7), (62.9, 51.7), (62.9, 51.7), (62.9, 51.7), (62.9, 51.7), (74.1, 51.7), (94.7, 51.7), (109.6, 44.3), (124.5, 44.3), (139.5, 51.7), (161.9, 51.7), (176.8, 57.3), (180.5, 72.3), (180.5, 89.1), (180.5, 107.7), (193.6, 115.2), (193.6, 115.2), (193.6, 115.2), (193.6, 115.2), (193.6, 115.2), (193.6, 115.2), (193.6, 115.2), (193.6, 115.2), (193.6, 115.2), (193.6, 115.2), (193.6, 115.2), (193.6, 115.2), (193.6, 115.2), (193.6, 115.2), (193.6, 115.2), (193.6, 115.2), (193.6, 115.2), (193.6, 115.2), (193.6, 115.2), (193.6, 115.2), (204.8, 115.2), (227.2, 115.2), (242.1, 122.7), (236.5, 126.4), (236.5, 126.4), (236.5, 126.4), (236.5, 126.4), (236.5, 126.4), (236.5, 126.4), (236.5, 126.4), (236.5, 126.4), (236.5, 126.4), (236.5, 126.4), (236.5, 126.4), (236.5, 126.4), (236.5, 126.4), (236.5, 126.4), (236.5, 126.4), (236.5, 126.4), (236.5, 126.4), (236.5, 126.4), (236.5, 126.4), (236.5, 126.4), (236.5, 126.4), (236.5, 126.4), (236.5, 126.4), (236.5, 126.4), (236.5, 126.4), (236.5, 126.4), (236.5, 126.4), (236.5, 137.6), (236.5, 156.3), (234.7, 174.9), (219.7, 180.5), (204.8, 180.5), (189.9, 178.7), (174.9, 165.6), (173.1, 161.9), (173.1, 161.9), (173.1, 161.9), (173.1, 161.9), (173.1, 161.9), (173.1, 161.9), (173.1, 161.9), (173.1, 161.9), (173.1, 161.9), (173.1, 161.9), (173.1, 161.9), (173.1, 161.9), (173.1, 161.9), (173.1, 161.9), (173.1, 161.9), (173.1, 161.9), (173.1, 161.9), (173.1, 161.9), (173.1, 161.9), (173.1, 161.9), (173.1, 161.9), (173.1, 161.9), (173.1, 161.9), (173.1, 161.9), (173.1, 161.9), (173.1, 161.9), (173.1, 161.9), (173.1, 161.9), (173.1, 161.9), (173.1, 161.9), (173.1, 161.9), (173.1, 161.9), (173.1, 161.9), (173.1, 161.9), (173.1, 161.9), (173.1, 161.9), (173.1, 161.9), (173.1, 161.9)]",1,0,17.47
experienced,bomberman,7,Stuck,114,0,9.16,0.455,"[(48.0, 48.0), (62.9, 51.7), (62.9, 51.7), (64.8, 51.7), (64.8, 49.9), (62.9, 51.7), (64.8, 51.7), (64.8, 49.9), (62.9, 51.7), (64.8, 51.7), (64.8, 49.9), (62.9, 51.7), (64.8, 51.7), (64.8, 49.9), (62.9, 51.7), (64.8, 51.7), (64.8, 49.9), (62.9, 51.7), (64.8, 51.7), (64.8, 49.9), (62.9, 51.7), (64.8, 51.7), (64.8, 49.9), (62.9, 51.7), (64.8, 51.7), (64.8, 49.9), (62.9, 51.7), (76.0, 51.7), (90.9, 51.7), (105.9, 44.3), (120.8, 44.3), (135.7, 51.7), (154.4, 51.7), (173.1, 53.6), (180.5, 68.5), (180.5, 83.5), (180.5, 104.0), (189.9, 115.2), (204.8, 115.2), (227.2, 115.2), (242.1, 122.7), (242.1, 126.4), (242.1, 126.4), (242.1, 126.4), (242.1, 126.4), (242.1, 126.4), (242.1, 126.4), (236.5, 126.4), (236.5, 130.1), (238.4, 128.3), (236.5, 126.4), (236.5, 130.1), (238.4, 128.3), (236.5, 126.4), (236.5, 128.3), (238.4, 128.3), (236.5, 126.4), (236.5, 126.4), (236.5, 126.4), (236.5, 126.4), (236.5, 126.4), (236.5, 133.9), (236.5, 148.8), (236.5, 171.2), (223.5, 180.5), (223.5, 180.5), (223.5, 180.5), (223.5, 180.5), (223.5, 180.5), (223.5, 180.5), (223.5, 180.5), (223.5, 180.5), (223.5, 180.5), (223.5, 180.5), (223.5, 180.5), (223.5, 180.5), (223.5, 180.5), (223.5, 180.5), (223.5, 180.5), (223.5, 180.5), (223.5, 180.5), (223.5, 180.5), (223.5, 180.5), (223.5, 180.5), (223.5, 180.5), (223.5, 180.5), (223.5, 180.5), (223.5, 180.5), (223.5, 180.5), (223.5, 180.5), (223.5, 180.5), (223.5, 180.5), (223.5, 180.5), (223.5, 180.5), (223.5, 180.5), (223.5, 180.5), (223.5, 180.5), (223.5, 180.5), (223.5, 180.5), (223.5, 180.5), (223.5, 180.5), (223.5, 180.5), (223.5, 180.5), (223.5, 180.5), (223.5, 180.5), (223.5, 180.5), (223.5, 180.5), (223.5, 180.5), (223.5, 180.5), (223.5, 180.5), (223.5, 180.5), (223.5, 180.5), (223.5, 180.5), (223.5, 180.5), (223.5, 180.5), (223.5, 180.5), (223.5, 180.5), (223.5, 180.5), (223.5, 180.5), (223.5, 180.5), (223.5, 180.5), (223.5, 180.5), (223.5, 180.5), (223.5, 180.5), (223.5, 180.5), (223.5, 180.5), (223.5, 180.5), (223.5, 180.5), (223.5, 180.5), (223.5, 180.5), (223.5, 180.5), (223.5, 180.5)]",1,0,17.53
experienced,bomberman,7,Stuck,114,0,9.16,0.455,"[(48.0, 48.0), (62.9, 51.7), (62.9, 51.7), (64.8, 51.7), (64.8, 49.9), (62.9, 51.7), (64.8, 51.7), (64.8, 49.9), (62.9, 51.7), (64.8, 51.7), (64.8, 49.9), (62.9, 51.7), (64.8, 51.7), (64.8, 49.9), (62.9, 51.7), (64.8, 51.7), (64.8, 49.9), (62.9, 51.7), (64.8, 51.7), (64.8, 49.9), (62.9, 51.7), (64.8, 51.7), (64.8, 49.9), (62.9, 51.7), (64.8, 51.7), (64.8, 49.9), (62.9, 51.7), (76.0, 51.7), (90.9, 51.7), (105.9, 44.3), (120.8, 44.3), (135.7, 51.7), (154.4, 51.7), (173.1, 53.6), (180.5, 68.5), (180.5, 83.5), (180.5, 104.0), (189.9, 115.2), (204.8, 115.2), (227.2, 115.2), (242.1, 122.7), (242.1, 126.4), (242.1, 126.4), (242.1, 126.4), (242.1, 126.4), (242.1, 126.4), (242.1, 126.4), (236.5, 126.4), (236.5, 130.1), (238.4, 128.3), (236.5, 126.4), (236.5, 130.1), (238.4, 128.3), (236.5, 126.4), (236.5, 128.3), (238.4, 128.3), (236.5, 126.4), (236.5, 126.4), (236.5, 126.4), (236.5, 126.4), (236.5, 126.4), (236.5, 133.9), (236.5, 148.8), (236.5, 171.2), (223.5, 180.5), (223.5, 180.5), (223.5, 180.5), (223.5, 180.5), (223.5, 180.5), (223.5, 180.5), (223.5, 180.5), (223.5, 180.5), (223.5, 180.5), (223.5, 180.5), (223.5, 180.5), (223.5, 180.5), (223.5, 180.5), (223.5, 180.5), (223.5, 180.5), (223.5, 180.5), (223.5, 180.5), (223.5, 180.5), (223.5, 180.5), (223.5, 180.5), (223.5, 180.5), (223.5, 180.5), (223.5, 180.5), (223.5, 180.5), (223.5, 180.5), (223.5, 180.5), (223.5, 180.5), (223.5, 180.5), (223.5, 180.5), (223.5, 180.5), (223.5, 180.5), (223.5, 180.5), (223.5, 180.5), (223.5, 180.5), (223.5, 180.5), (223.5, 180.5), (223.5, 180.5), (223.5, 180.5), (223.5, 180.5), (223.5, 180.5), (223.5, 180.5), (223.5, 180.5), (223.5, 180.5), (223.5, 180.5), (223.5, 180.5), (223.5, 180.5), (223.5, 180.5), (223.5, 180.5), (223.5, 180.5), (223.5, 180.5), (223.5, 180.5), (223.5, 180.5), (223.5, 180.5), (223.5, 180.5), (223.5, 180.5), (223.5, 180.5), (223.5, 180.5), (223.5, 180.5), (223.5, 180.5), (223.5, 180.5), (223.5, 180.5), (223.5, 180.5), (223.5, 180.5), (223.5, 180.5), (223.5, 180.5), (223.5, 180.5), (223.5, 180.5), (223.5, 180.5)]",1,0,17.53
experienced,bomberman,7,Stuck,19,0,3.48,0.455,"[(48.0, 48.0), (62.9, 51.7), (62.9, 51.7), (62.9, 51.7), (62.9, 51.7), (62.9, 51.7), (62.9, 51.7), (62.9, 51.7), (62.9, 51.7), (62.9, 51.7), (62.9, 51.7), (62.9, 51.7), (62.9, 51.7), (62.9, 51.7), (62.9, 51.7), (62.9, 51.7), (62.9, 51.7), (62.9, 51.7), (62.9, 51.7), (62.9, 51.7), (62.9, 51.7), (62.9, 51.7), (62.9, 51.7), (62.9, 51.7), (62.9, 51.7), (62.9, 51.7), (62.9, 51.7), (74.1, 51.7), (94.7, 51.7), (109.6, 44.3), (124.5, 44.3), (139.5, 51.7), (161.9, 51.7), (163.7, 51.7), (169.3, 51.7), (180.5, 64.8), (173.1, 79.7), (176.8, 100.3), (186.1, 115.2), (193.6, 115.2), (193.6, 115.2), (193.6, 115.2), (193.6, 115.2), (193.6, 115.2), (193.6, 115.2), (193.6, 115.2), (193.6, 115.2), (193.6, 115.2), (193.6, 115.2), (193.6, 115.2), (193.6, 115.2), (193.6, 115.2), (193.6, 115.2), (193.6, 115.2), (193.6, 115.2), (193.6, 115.2), (193.6, 115.2), (193.6, 115.2), (193.6, 115.2), (193.6, 115.2), (193.6, 115.2), (193.6, 115.2), (193.6, 115.2), (193.6, 115.2), (193.6, 115.2), (193.6, 115.2), (193.6, 115.2), (193.6, 115.2), (193.6, 115.2), (193.6, 115.2), (193.6, 115.2), (193.6, 115.2), (193.6, 115.2), (193.6, 115.2), (193.6, 115.2), (193.6, 115.2), (193.6, 115.2), (193.6, 115.2), (193.6, 115.2), (193.6, 115.2), (193.6, 115.2), (193.6, 115.2), (193.6, 115.2), (193.6, 115.2), (193.6, 115.2), (193.6, 115.2), (193.6, 115.2), (193.6, 115.2), (193.6, 115.2), (193.6, 115.2), (193.6, 115.2), (201.1, 115.2), (221.6, 115.2), (238.4, 118.9), (244.0, 128.3), (242.1, 126.4), (242.1, 126.4), (242.1, 126.4), (242.1, 130.1), (236.5, 145.1), (236.5, 167.5), (227.2, 180.5), (217.9, 180.5), (210.4, 180.5), (202.9, 180.5), (195.5, 180.5), (184.3, 173.1), (173.1, 160.0), (173.1, 161.9), (173.1, 163.7), (173.1, 160.0), (173.1, 161.9), (173.1, 163.7), (173.1, 160.0), (173.1, 161.9), (173.1, 163.7), (173.1, 160.0), (173.1, 161.9), (173.1, 163.7), (173.1, 160.0), (173.1, 161.9), (173.1, 163.7), (173.1, 160.0), (173.1, 161.9), (173.1, 163.7), (173.1, 161.9), (173.1, 161.9), (173.1, 161.9), (173.1, 161.9), (173.1, 146.9), (173.1, 124.5), (173.1, 139.5), (173.1, 160.0), (173.1, 161.9), (173.1, 163.7), (173.1, 160.0), (173.1, 161.9), (173.1, 163.7), (173.1, 160.0), (173.1, 161.9), (173.1, 163.7), (173.1, 160.0), (173.1, 161.9), (173.1, 163.7), (173.1, 160.0), (173.1, 161.9), (173.1, 163.7), (173.1, 160.0), (173.1, 161.9), (173.1, 163.7), (173.1, 160.0), (173.1, 161.9), (173.1, 163.7), (173.1, 160.0), (173.1, 161.9), (173.1, 163.7), (173.1, 160.0), (173.1, 173.1), (161.9, 180.5), (161.9, 180.5), (161.9, 180.5), (161.9, 173.1), (161.9, 173.1), (161.9, 173.1), (161.9, 173.1), (161.9, 173.1), (161.9, 173.1), (161.9, 173.1), (161.9, 173.1), (161.9, 173.1), (161.9, 173.1), (161.9, 173.1), (161.9, 173.1), (161.9, 173.1), (161.9, 173.1), (161.9, 173.1), (161.9, 173.1), (161.9, 173.1), (161.9, 173.1), (161.9, 173.1), (161.9, 173.1), (161.9, 173.1), (161.9, 173.1), (161.9, 173.1), (161.9, 173.1), (161.9, 173.1), (161.9, 173.1), (161.9, 173.1), (161.9, 173.1), (161.9, 173.1), (161.9, 173.1), (161.9, 173.1), (161.9, 173.1), (161.9, 173.1), (161.9, 173.1), (161.9, 173.1), (161.9, 173.1), (161.9, 173.1), (161.9, 173.1), (161.9, 173.1), (161.9, 173.1), (161.9, 173.1)]",1,0,26.8
experienced,bomberman,7,Bomb,190,0,14.39,0.455,"[(48.0, 48.0), (62.9, 44.3), (64.8, 51.7), (64.8, 49.9), (62.9, 51.7), (64.8, 51.7), (64.8, 49.9), (62.9, 51.7), (64.8, 51.7), (64.8, 49.9), (62.9, 51.7), (64.8, 51.7), (64.8, 49.9), (62.9, 51.7), (64.8, 51.7), (64.8, 49.9), (62.9, 51.7), (64.8, 51.7), (64.8, 49.9), (62.9, 51.7), (64.8, 51.7), (64.8, 49.9), (62.9, 51.7), (64.8, 51.7), (64.8, 49.9), (62.9, 51.7), (64.8, 51.7), (76.0, 49.9), (90.9, 49.9), (105.9, 44.3), (120.8, 44.3), (135.7, 51.7), (154.4, 51.7), (173.1, 53.6), (180.5, 68.5), (180.5, 83.5), (180.5, 104.0), (189.9, 115.2), (204.8, 115.2), (227.2, 115.2), (242.1, 122.7), (242.1, 126.4), (242.1, 126.4), (242.1, 126.4), (242.1, 126.4), (242.1, 126.4), (242.1, 126.4), (242.1, 126.4), (242.1, 126.4), (242.1, 126.4), (242.1, 126.4), (242.1, 126.4), (242.1, 126.4), (242.1, 126.4), (242.1, 126.4), (242.1, 126.4), (242.1, 126.4), (242.1, 126.4), (242.1, 126.4), (242.1, 126.4), (242.1, 126.4), (242.1, 126.4), (242.1, 126.4), (242.1, 126.4), (242.1, 126.4), (242.1, 126.4), (242.1, 126.4), (242.1, 126.4), (242.1, 126.4), (242.1, 126.4), (242.1, 126.4), (242.1, 126.4), (242.1, 126.4), (242.1, 126.4), (242.1, 126.4), (242.1, 126.4), (242.1, 126.4), (242.1, 126.4), (242.1, 126.4), (242.1, 126.4), (242.1, 126.4), (242.1, 126.4), (242.1, 126.4), (242.1, 126.4), (242.1, 126.4), (242.1, 126.4), (242.1, 126.4), (242.1, 130.1), (236.5, 145.1), (236.5, 160.0), (236.5, 161.9)]",1,0,12.07
experienced,bomberman,7,Stuck,46,0,9.16,0.455,"[(48.0, 48.0), (62.9, 51.7), (62.9, 51.7), (64.8, 51.7), (64.8, 49.9), (62.9, 51.7), (64.8, 51.7), (64.8, 49.9), (62.9, 51.7), (64.8, 51.7), (64.8, 49.9), (62.9, 51.7), (64.8, 51.7), (64.8, 49.9), (62.9, 51.7), (64.8, 51.7), (64.8, 49.9), (62.9, 51.7), (64.8, 51.7), (64.8, 49.9), (62.9, 51.7), (64.8, 51.7), (64.8, 49.9), (62.9, 51.7), (64.8, 51.7), (64.8, 49.9), (62.9, 51.7), (76.0, 51.7), (90.9, 51.7), (105.9, 44.3), (120.8, 44.3), (135.7, 51.7), (154.4, 51.7), (173.1, 53.6), (176.8, 68.5), (180.5, 83.5), (180.5, 104.0), (189.9, 115.2), (193.6, 115.2), (193.6, 115.2), (204.8, 115.2), (227.2, 115.2), (242.1, 122.7), (242.1, 126.4), (242.1, 126.4), (242.1, 126.4), (242.1, 126.4), (242.1, 126.4), (242.1, 126.4), (242.1, 126.4), (242.1, 126.4), (242.1, 126.4), (242.1, 126.4), (242.1, 126.4), (242.1, 126.4), (242.1, 126.4), (242.1, 126.4), (242.1, 126.4), (242.1, 126.4), (242.1, 126.4), (242.1, 126.4), (242.1, 126.4), (242.1, 126.4), (242.1, 126.4), (242.1, 126.4), (242.1, 126.4), (242.1, 126.4), (242.1, 126.4), (242.1, 126.4), (242.1, 126.4), (242.1, 126.4), (242.1, 126.4), (242.1, 126.4), (242.1, 126.4), (242.1, 126.4), (242.1, 126.4), (242.1, 126.4), (242.1, 126.4), (242.1, 126.4), (242.1, 126.4), (242.1, 126.4), (242.1, 126.4), (242.1, 126.4), (242.1, 126.4), (242.1, 126.4), (242.1, 126.4), (242.1, 126.4), (240.3, 130.1), (236.5, 145.1), (236.5, 167.5), (227.2, 180.5), (225.3, 180.5), (223.5, 180.5), (223.5, 180.5), (225.3, 180.5), (223.5, 180.5), (223.5, 180.5), (223.5, 180.5), (223.5, 180.5), (223.5, 180.5), (223.5, 180.5), (223.5, 180.5), (223.5, 180.5), (223.5, 180.5), (223.5, 180.5), (223.5, 180.5), (223.5, 180.5), (223.5, 180.5), (223.5, 180.5), (223.5, 180.5), (223.5, 180.5), (223.5, 180.5), (223.5, 180.5), (223.5, 180.5), (223.5, 180.5), (223.5, 180.5), (223.5, 180.5), (223.5, 180.5), (223.5, 180.5), (223.5, 180.5), (223.5, 180.5), (223.5, 180.5), (223.5, 180.5), (223.5, 180.5), (223.5, 180.5), (223.5, 180.5), (223.5, 180.5), (223.5, 180.5), (223.5, 180.5), (223.5, 180.5), (223.5, 180.5), (223.5, 180.5)]",1,0,17.53
experienced,bomberman,7,Bomb,40,0,10.38,0.455,"[(48.0, 48.0), (62.9, 44.3), (77.9, 51.7), (98.4, 49.9), (113.3, 44.3), (128.3, 44.3), (143.2, 51.7), (165.6, 51.7), (180.5, 61.1), (180.5, 76.0), (180.5, 96.5), (182.4, 111.5), (193.6, 113.3), (191.7, 115.2), (193.6, 115.2), (193.6, 113.3), (191.7, 115.2), (193.6, 115.2), (193.6, 113.3), (191.7, 115.2), (193.6, 115.2), (193.6, 113.3), (191.7, 115.2), (193.6, 115.2), (193.6, 113.3), (191.7, 115.2), (191.7, 115.2), (191.7, 115.2), (202.9, 115.2), (225.3, 115.2), (240.3, 120.8), (244.0, 128.3), (244.0, 128.3), (244.0, 128.3), (244.0, 128.3), (244.0, 128.3), (244.0, 128.3), (244.0, 128.3), (244.0, 128.3), (244.0, 128.3), (244.0, 139.5), (244.0, 154.4), (236.5, 169.3), (225.3, 180.5), (223.5, 180.5), (223.5, 180.5), (223.5, 180.5), (223.5, 180.5), (223.5, 180.5), (223.5, 180.5), (223.5, 180.5), (223.5, 180.5), (223.5, 180.5), (223.5, 180.5), (225.3, 180.5), (223.5, 180.5), (223.5, 178.7), (225.3, 180.5), (223.5, 180.5), (223.5, 180.5), (223.5, 180.5), (223.5, 180.5), (223.5, 180.5), (223.5, 180.5), (223.5, 180.5), (223.5, 180.5), (223.5, 180.5), (223.5, 180.5), (223.5, 180.5), (223.5, 180.5), (223.5, 180.5), (223.5, 180.5), (223.5, 180.5), (223.5, 180.5), (223.5, 180.5), (223.5, 180.5), (223.5, 180.5), (223.5, 180.5), (223.5, 180.5), (223.5, 180.5), (223.5, 180.5), (223.5, 180.5), (223.5, 180.5), (223.5, 180.5), (223.5, 180.5), (223.5, 180.5), (223.5, 180.5), (223.5, 180.5), (223.5, 180.5), (223.5, 180.5), (223.5, 180.5), (223.5, 180.5), (223.5, 180.5), (223.5, 180.5), (223.5, 180.5), (223.5, 180.5), (223.5, 180.5), (223.5, 180.5), (223.5, 180.5), (223.5, 180.5), (223.5, 180.5), (223.5, 180.5), (223.5, 180.5), (223.5, 180.5), (223.5, 180.5), (223.5, 180.5), (223.5, 180.5), (223.5, 180.5), (223.5, 180.5), (223.5, 180.5), (223.5, 180.5), (223.5, 180.5), (223.5, 180.5)]",0,0,14.93
experienced,bomberman,7,Bomb,16,0,3.73,0.045,"[(48.0, 48.0), (62.9, 51.7), (62.9, 51.7), (62.9, 51.7), (62.9, 51.7), (62.9, 51.7), (62.9, 51.7), (62.9, 51.7), (62.9, 51.7), (62.9, 51.7), (62.9, 51.7), (62.9, 51.7), (62.9, 51.7), (62.9, 51.7), (62.9, 51.7), (62.9, 51.7), (62.9, 51.7), (62.9, 51.7), (62.9, 51.7), (62.9, 51.7), (62.9, 51.7), (62.9, 51.7), (62.9, 51.7), (62.9, 51.7), (62.9, 51.7), (62.9, 51.7), (62.9, 51.7), (62.9, 51.7), (62.9, 51.7), (62.9, 51.7), (62.9, 51.7)]",0,0,4.0
experienced,bomberman,7,Bomb,3,0,11.51,0.455,"[(48.0, 48.0), (62.9, 51.7), (77.9, 51.7), (98.4, 51.7), (113.3, 57.3), (115.2, 72.3), (115.2, 89.1), (115.2, 96.5), (115.2, 98.4), (115.2, 94.7), (115.2, 96.5), (115.2, 98.4), (115.2, 94.7), (115.2, 96.5), (115.2, 98.4), (115.2, 94.7), (115.2, 96.5), (115.2, 98.4), (115.2, 94.7), (115.2, 96.5), (115.2, 98.4), (115.2, 94.7), (115.2, 96.5), (115.2, 98.4), (115.2, 94.7), (115.2, 96.5), (115.2, 98.4), (115.2, 94.7), (115.2, 105.9), (126.4, 115.2), (141.3, 115.2), (163.7, 115.2), (178.7, 122.7), (173.1, 128.3), (173.1, 143.2), (174.9, 161.9), (173.1, 163.7), (173.1, 160.0), (174.9, 161.9), (173.1, 163.7), (180.5, 173.1), (195.5, 180.5), (210.4, 180.5), (225.3, 180.5), (225.3, 180.5), (225.3, 180.5), (225.3, 180.5), (225.3, 180.5), (225.3, 180.5), (225.3, 180.5), (225.3, 180.5), (225.3, 180.5), (225.3, 180.5), (225.3, 180.5), (225.3, 180.5), (225.3, 180.5), (225.3, 180.5), (225.3, 180.5), (225.3, 180.5), (225.3, 180.5), (225.3, 180.5), (225.3, 180.5), (210.4, 180.5), (193.6, 180.5), (193.6, 180.5), (193.6, 180.5), (193.6, 180.5), (193.6, 180.5), (197.3, 180.5), (214.1, 180.5), (223.5, 180.5), (223.5, 180.5), (223.5, 180.5), (223.5, 180.5), (223.5, 180.5), (223.5, 180.5), (208.5, 180.5), (204.8, 180.5), (204.8, 180.5), (204.8, 180.5), (204.8, 180.5), (204.8, 180.5), (204.8, 180.5), (204.8, 180.5), (204.8, 180.5), (204.8, 180.5), (204.8, 180.5), (204.8, 180.5), (204.8, 180.5), (204.8, 180.5), (204.8, 180.5), (204.8, 180.5), (225.3, 180.5), (225.3, 180.5), (225.3, 180.5)]",0,0,12.65
experienced,bomberman,7,Bomb,76,0,9.05,0.455,"[(48.0, 48.0), (62.9, 51.7), (77.9, 51.7), (98.4, 51.7), (113.3, 57.3), (115.2, 61.1), (115.2, 64.8), (115.2, 62.9), (115.2, 61.1), (115.2, 64.8), (115.2, 62.9), (115.2, 61.1), (115.2, 64.8), (115.2, 62.9), (115.2, 61.1), (115.2, 64.8), (115.2, 62.9), (115.2, 61.1), (115.2, 64.8), (115.2, 62.9), (115.2, 61.1), (115.2, 64.8), (115.2, 62.9), (115.2, 61.1), (115.2, 64.8), (115.2, 62.9), (115.2, 61.1), (115.2, 76.0), (115.2, 96.5), (117.1, 111.5), (132.0, 115.2), (146.9, 115.2), (161.9, 115.2), (176.8, 120.8), (173.1, 128.3), (174.9, 128.3), (173.1, 126.4), (173.1, 128.3), (174.9, 128.3), (173.1, 126.4), (173.1, 139.5), (173.1, 160.0), (184.3, 176.8), (191.7, 180.5), (191.7, 180.5), (191.7, 180.5), (191.7, 180.5), (202.9, 180.5), (225.3, 180.5), (225.3, 180.5), (225.3, 180.5), (225.3, 180.5), (225.3, 180.5), (225.3, 180.5), (223.5, 178.7), (225.3, 180.5), (223.5, 180.5), (223.5, 178.7), (225.3, 180.5), (223.5, 180.5), (223.5, 180.5), (223.5, 180.5), (223.5, 180.5), (223.5, 180.5), (223.5, 180.5), (223.5, 180.5), (219.7, 180.5), (204.8, 180.5), (188.0, 176.8), (173.1, 163.7), (173.1, 160.0), (173.1, 161.9), (173.1, 163.7), (173.1, 160.0), (173.1, 161.9), (173.1, 163.7), (186.1, 178.7), (193.6, 180.5), (193.6, 180.5), (193.6, 180.5), (193.6, 180.5), (193.6, 180.5), (193.6, 180.5), (178.7, 169.3), (173.1, 160.0), (173.1, 161.9), (173.1, 163.7), (173.1, 160.0), (173.1, 161.9), (173.1, 163.7), (174.9, 160.0), (174.9, 160.0), (174.9, 160.0), (174.9, 160.0), (173.1, 160.0), (173.1, 161.9), (173.1, 163.7), (173.1, 160.0)]",0,0,13.0
experienced,bomberman,7,Bomb,147,0,14.43,0.409,"[(48.0, 48.0), (62.9, 51.7), (66.7, 51.7), (66.7, 51.7), (66.7, 51.7), (66.7, 51.7), (66.7, 51.7), (66.7, 51.7), (66.7, 51.7), (66.7, 51.7), (66.7, 51.7), (66.7, 51.7), (66.7, 51.7), (66.7, 51.7), (66.7, 51.7), (66.7, 51.7), (66.7, 51.7), (66.7, 51.7), (66.7, 51.7), (66.7, 51.7), (66.7, 51.7), (66.7, 51.7), (66.7, 51.7), (66.7, 51.7), (66.7, 51.7), (66.7, 51.7), (66.7, 51.7), (74.1, 51.7), (94.7, 51.7), (109.6, 44.3), (124.5, 44.3), (139.5, 51.7), (161.9, 51.7), (176.8, 57.3), (180.5, 72.3), (180.5, 89.1), (180.5, 107.7), (193.6, 115.2), (193.6, 115.2), (193.6, 115.2), (193.6, 115.2), (193.6, 115.2), (193.6, 115.2), (193.6, 115.2), (193.6, 115.2), (193.6, 115.2), (193.6, 115.2), (193.6, 115.2), (193.6, 115.2), (193.6, 115.2), (193.6, 115.2), (193.6, 115.2), (193.6, 115.2), (193.6, 115.2), (201.1, 115.2), (221.6, 115.2), (238.4, 118.9), (242.1, 126.4), (242.1, 126.4), (242.1, 126.4), (242.1, 126.4), (242.1, 126.4), (242.1, 126.4), (242.1, 126.4), (242.1, 126.4), (242.1, 126.4), (242.1, 126.4), (242.1, 126.4), (242.1, 126.4), (242.1, 126.4), (242.1, 126.4), (242.1, 126.4), (242.1, 126.4), (242.1, 126.4), (242.1, 126.4), (242.1, 126.4), (242.1, 126.4), (242.1, 126.4), (242.1, 126.4), (242.1, 126.4), (242.1, 126.4), (242.1, 126.4), (242.1, 126.4), (242.1, 126.4), (242.1, 126.4), (242.1, 126.4), (242.1, 126.4), (242.1, 126.4), (242.1, 126.4), (242.1, 126.4), (242.1, 126.4)]",1,0,12.03
experienced,bomberman,7,Bomb,2,0,3.73,0.045,"[(48.0, 48.0), (62.9, 44.3), (62.9, 51.7), (62.9, 51.7), (62.9, 51.7), (62.9, 51.7), (62.9, 51.7), (62.9, 51.7), (62.9, 51.7), (62.9, 51.7), (62.9, 51.7), (62.9, 51.7), (62.9, 51.7), (62.9, 51.7), (62.9, 51.7), (62.9, 51.7), (62.9, 51.7), (62.9, 51.7), (62.9, 51.7), (62.9, 51.7), (62.9, 51.7), (62.9, 51.7), (62.9, 51.7), (62.9, 51.7), (62.9, 51.7), (62.9, 51.7), (62.9, 51.7), (62.9, 51.7), (62.9, 51.7), (62.9, 51.7), (62.9, 51.7)]",0,0,4.0
experienced,bomberman,7,Stuck,46,0,9.16,0.455,"[(48.0, 48.0), (62.9, 51.7), (62.9, 51.7), (64.8, 51.7), (64.8, 49.9), (62.9, 51.7), (64.8, 51.7), (64.8, 49.9), (62.9, 51.7), (64.8, 51.7), (64.8, 49.9), (62.9, 51.7), (64.8, 51.7), (64.8, 49.9), (62.9, 51.7), (64.8, 51.7), (64.8, 49.9), (62.9, 51.7), (64.8, 51.7), (64.8, 49.9), (62.9, 51.7), (64.8, 51.7), (64.8, 49.9), (62.9, 51.7), (64.8, 51.7), (64.8, 49.9), (62.9, 51.7), (76.0, 51.7), (90.9, 51.7), (105.9, 44.3), (120.8, 44.3), (135.7, 51.7), (154.4, 51.7), (173.1, 53.6), (176.8, 68.5), (180.5, 83.5), (180.5, 104.0), (189.9, 115.2), (193.6, 115.2), (193.6, 115.2), (204.8, 115.2), (227.2, 115.2), (242.1, 122.7), (242.1, 126.4), (242.1, 126.4), (242.1, 126.4), (242.1, 126.4), (242.1, 126.4), (242.1, 126.4), (242.1, 126.4), (242.1, 126.4), (242.1, 126.4), (242.1, 126.4), (242.1, 126.4), (242.1, 126.4), (242.1, 126.4), (242.1, 126.4), (242.1, 126.4), (242.1, 126.4), (242.1, 126.4), (242.1, 126.4), (242.1, 126.4), (242.1, 126.4), (242.1, 126.4), (242.1, 126.4), (242.1, 126.4), (242.1, 126.4), (242.1, 126.4), (242.1, 126.4), (242.1, 126.4), (242.1, 126.4), (242.1, 126.4), (242.1, 126.4), (242.1, 126.4), (242.1, 126.4), (242.1, 126.4), (242.1, 126.4), (242.1, 126.4), (242.1, 126.4), (242.1, 126.4), (242.1, 126.4), (242.1, 126.4), (242.1, 126.4), (242.1, 126.4), (242.1, 126.4), (242.1, 126.4), (242.1, 126.4), (240.3, 130.1), (236.5, 145.1), (236.5, 167.5), (227.2, 180.5), (225.3, 180.5), (223.5, 180.5), (223.5, 180.5), (225.3, 180.5), (223.5, 180.5), (223.5, 180.5), (223.5, 180.5), (223.5, 180.5), (223.5, 180.5), (223.5, 180.5), (223.5, 180.5), (223.5, 180.5), (223.5, 180.5), (223.5, 180.5), (223.5, 180.5), (223.5, 180.5), (223.5, 180.5), (223.5, 180.5), (223.5, 180.5), (223.5, 180.5), (223.5, 180.5), (223.5, 180.5), (223.5, 180.5), (223.5, 180.5), (223.5, 180.5), (223.5, 180.5), (223.5, 180.5), (223.5, 180.5), (223.5, 180.5), (223.5, 180.5), (223.5, 180.5), (223.5, 180.5), (223.5, 180.5), (223.5, 180.5), (223.5, 180.5), (223.5, 180.5), (223.5, 180.5), (223.5, 180.5), (223.5, 180.5), (223.5, 180.5), (223.5, 180.5)]",1,0,17.53
experienced,bomberman,7,Bomb,190,0,14.39,0.455,"[(48.0, 48.0), (62.9, 44.3), (64.8, 51.7), (64.8, 49.9), (62.9, 51.7), (64.8, 51.7), (64.8, 49.9), (62.9, 51.7), (64.8, 51.7), (64.8, 49.9), (62.9, 51.7), (64.8, 51.7), (64.8, 49.9), (62.9, 51.7), (64.8, 51.7), (64.8, 49.9), (62.9, 51.7), (64.8, 51.7), (64.8, 49.9), (62.9, 51.7), (64.8, 51.7), (64.8, 49.9), (62.9, 51.7), (64.8, 51.7), (64.8, 49.9), (62.9, 51.7), (64.8, 51.7), (76.0, 49.9), (90.9, 49.9), (105.9, 44.3), (120.8, 44.3), (135.7, 51.7), (154.4, 51.7), (173.1, 53.6), (180.5, 68.5), (180.5, 83.5), (180.5, 104.0), (189.9, 115.2), (204.8, 115.2), (227.2, 115.2), (242.1, 122.7), (242.1, 126.4), (242.1, 126.4), (242.1, 126.4), (242.1, 126.4), (242.1, 126.4), (242.1, 126.4), (242.1, 126.4), (242.1, 126.4), (242.1, 126.4), (242.1, 126.4), (242.1, 126.4), (242.1, 126.4), (242.1, 126.4), (242.1, 126.4), (242.1, 126.4), (242.1, 126.4), (242.1, 126.4), (242.1, 126.4), (242.1, 126.4), (242.1, 126.4), (242.1, 126.4), (242.1, 126.4), (242.1, 126.4), (242.1, 126.4), (242.1, 126.4), (242.1, 126.4), (242.1, 126.4), (242.1, 126.4), (242.1, 126.4), (242.1, 126.4), (242.1, 126.4), (242.1, 126.4), (242.1, 126.4), (242.1, 126.4), (242.1, 126.4), (242.1, 126.4), (242.1, 126.4), (242.1, 126.4), (242.1, 126.4), (242.1, 126.4), (242.1, 126.4), (242.1, 126.4), (242.1, 126.4), (242.1, 126.4), (242.1, 126.4), (242.1, 126.4), (242.1, 130.1), (236.5, 145.1), (236.5, 160.0), (236.5, 161.9)]",1,0,12.07
experienced,bomberman,7,Stuck,19,0,3.48,0.455,"[(48.0, 48.0), (62.9, 51.7), (62.9, 51.7), (62.9, 51.7), (62.9, 51.7), (62.9, 51.7), (62.9, 51.7), (62.9, 51.7), (62.9, 51.7), (62.9, 51.7), (62.9, 51.7), (62.9, 51.7), (62.9, 51.7), (62.9, 51.7), (62.9, 51.7), (62.9, 51.7), (62.9, 51.7), (62.9, 51.7), (62.9, 51.7), (62.9, 51.7), (62.9, 51.7), (62.9, 51.7), (62.9, 51.7), (62.9, 51.7), (62.9, 51.7), (62.9, 51.7), (62.9, 51.7), (74.1, 51.7), (94.7, 51.7), (109.6, 44.3), (124.5, 44.3), (139.5, 51.7), (161.9, 51.7), (163.7, 51.7), (169.3, 51.7), (180.5, 64.8), (173.1, 79.7), (176.8, 100.3), (186.1, 115.2), (193.6, 115.2), (193.6, 115.2), (193.6, 115.2), (193.6, 115.2), (193.6, 115.2), (193.6, 115.2), (193.6, 115.2), (193.6, 115.2), (193.6, 115.2), (193.6, 115.2), (193.6, 115.2), (193.6, 115.2), (193.6, 115.2), (193.6, 115.2), (193.6, 115.2), (193.6, 115.2), (193.6, 115.2), (193.6, 115.2), (193.6, 115.2), (193.6, 115.2), (193.6, 115.2), (193.6, 115.2), (193.6, 115.2), (193.6, 115.2), (193.6, 115.2), (193.6, 115.2), (193.6, 115.2), (193.6, 115.2), (193.6, 115.2), (193.6, 115.2), (193.6, 115.2), (193.6, 115.2), (193.6, 115.2), (193.6, 115.2), (193.6, 115.2), (193.6, 115.2), (193.6, 115.2), (193.6, 115.2), (193.6, 115.2), (193.6, 115.2), (193.6, 115.2), (193.6, 115.2), (193.6, 115.2), (193.6, 115.2), (193.6, 115.2), (193.6, 115.2), (193.6, 115.2), (193.6, 115.2), (193.6, 115.2), (193.6, 115.2), (193.6, 115.2), (193.6, 115.2), (201.1, 115.2), (221.6, 115.2), (238.4, 118.9), (244.0, 128.3), (242.1, 126.4), (242.1, 126.4), (242.1, 126.4), (242.1, 130.1), (236.5, 145.1), (236.5, 167.5), (227.2, 180.5), (217.9, 180.5), (210.4, 180.5), (202.9, 180.5), (195.5, 180.5), (184.3, 173.1), (173.1, 160.0), (173.1, 161.9), (173.1, 163.7), (173.1, 160.0), (173.1, 161.9), (173.1, 163.7), (173.1, 160.0), (173.1, 161.9), (173.1, 163.7), (173.1, 160.0), (173.1, 161.9), (173.1, 163.7), (173.1, 160.0), (173.1, 161.9), (173.1, 163.7), (173.1, 160.0), (173.1, 161.9), (173.1, 163.7), (173.1, 161.9), (173.1, 161.9), (173.1, 161.9), (173.1, 161.9), (173.1, 146.9), (173.1, 124.5), (173.1, 139.5), (173.1, 160.0), (173.1, 161.9), (173.1, 163.7), (173.1, 160.0), (173.1, 161.9), (173.1, 163.7), (173.1, 160.0), (173.1, 161.9), (173.1, 163.7), (173.1, 160.0), (173.1, 161.9), (173.1, 163.7), (173.1, 160.0), (173.1, 161.9), (173.1, 163.7), (173.1, 160.0), (173.1, 161.9), (173.1, 163.7), (173.1, 160.0), (173.1, 161.9), (173.1, 163.7), (173.1, 160.0), (173.1, 161.9), (173.1, 163.7), (173.1, 160.0), (173.1, 173.1), (161.9, 180.5), (161.9, 180.5), (161.9, 180.5), (161.9, 173.1), (161.9, 173.1), (161.9, 173.1), (161.9, 173.1), (161.9, 173.1), (161.9, 173.1), (161.9, 173.1), (161.9, 173.1), (161.9, 173.1), (161.9, 173.1), (161.9, 173.1), (161.9, 173.1), (161.9, 173.1), (161.9, 173.1), (161.9, 173.1), (161.9, 173.1), (161.9, 173.1), (161.9, 173.1), (161.9, 173.1), (161.9, 173.1), (161.9, 173.1), (161.9, 173.1), (161.9, 173.1), (161.9, 173.1), (161.9, 173.1), (161.9, 173.1), (161.9, 173.1), (161.9, 173.1), (161.9, 173.1), (161.9, 173.1), (161.9, 173.1), (161.9, 173.1), (161.9, 173.1), (161.9, 173.1), (161.9, 173.1), (161.9, 173.1), (161.9, 173.1), (161.9, 173.1), (161.9, 173.1), (161.9, 173.1), (161.9, 173.1)]",1,0,26.8
experienced,bomberman,7,Stuck,114,0,9.16,0.455,"[(48.0, 48.0), (62.9, 51.7), (62.9, 51.7), (64.8, 51.7), (64.8, 49.9), (62.9, 51.7), (64.8, 51.7), (64.8, 49.9), (62.9, 51.7), (64.8, 51.7), (64.8, 49.9), (62.9, 51.7), (64.8, 51.7), (64.8, 49.9), (62.9, 51.7), (64.8, 51.7), (64.8, 49.9), (62.9, 51.7), (64.8, 51.7), (64.8, 49.9), (62.9, 51.7), (64.8, 51.7), (64.8, 49.9), (62.9, 51.7), (64.8, 51.7), (64.8, 49.9), (62.9, 51.7), (76.0, 51.7), (90.9, 51.7), (105.9, 44.3), (120.8, 44.3), (135.7, 51.7), (154.4, 51.7), (173.1, 53.6), (180.5, 68.5), (180.5, 83.5), (180.5, 104.0), (189.9, 115.2), (204.8, 115.2), (227.2, 115.2), (242.1, 122.7), (242.1, 126.4), (242.1, 126.4), (242.1, 126.4), (242.1, 126.4), (242.1, 126.4), (242.1, 126.4), (236.5, 126.4), (236.5, 130.1), (238.4, 128.3), (236.5, 126.4), (236.5, 130.1), (238.4, 128.3), (236.5, 126.4), (236.5, 128.3), (238.4, 128.3), (236.5, 126.4), (236.5, 126.4), (236.5, 126.4), (236.5, 126.4), (236.5, 126.4), (236.5, 133.9), (236.5, 148.8), (236.5, 171.2), (223.5, 180.5), (223.5, 180.5), (223.5, 180.5), (223.5, 180.5), (223.5, 180.5), (223.5, 180.5), (223.5, 180.5), (223.5, 180.5), (223.5, 180.5), (223.5, 180.5), (223.5, 180.5), (223.5, 180.5), (223.5, 180.5), (223.5, 180.5), (223.5, 180.5), (223.5, 180.5), (223.5, 180.5), (223.5, 180.5), (223.5, 180.5), (223.5, 180.5), (223.5, 180.5), (223.5, 180.5), (223.5, 180.5), (223.5, 180.5), (223.5, 180.5), (223.5, 180.5), (223.5, 180.5), (223.5, 180.5), (223.5, 180.5), (223.5, 180.5), (223.5, 180.5), (223.5, 180.5), (223.5, 180.5), (223.5, 180.5), (223.5, 180.5), (223.5, 180.5), (223.5, 180.5), (223.5, 180.5), (223.5, 180.5), (223.5, 180.5), (223.5, 180.5), (223.5, 180.5), (223.5, 180.5), (223.5, 180.5), (223.5, 180.5), (223.5, 180.5), (223.5, 180.5), (223.5, 180.5), (223.5, 180.5), (223.5, 180.5), (223.5, 180.5), (223.5, 180.5), (223.5, 180.5), (223.5, 180.5), (223.5, 180.5), (223.5, 180.5), (223.5, 180.5), (223.5, 180.5), (223.5, 180.5), (223.5, 180.5), (223.5, 180.5), (223.5, 180.5), (223.5, 180.5), (223.5, 180.5), (223.5, 180.5), (223.5, 180.5), (223.5, 180.5), (223.5, 180.5)]",1,0,17.53
experienced,bomberman,7,Bomb,15,0,3.73,0.045,"[(48.0, 48.0), (62.9, 51.7), (62.9, 51.7), (62.9, 51.7), (62.9, 51.7), (62.9, 51.7), (62.9, 51.7), (62.9, 51.7), (62.9, 51.7), (62.9, 51.7), (62.9, 51.7), (62.9, 51.7), (62.9, 51.7), (62.9, 51.7), (62.9, 51.7), (62.9, 51.7), (62.9, 51.7), (62.9, 51.7), (62.9, 51.7), (62.9, 51.7), (62.9, 51.7), (62.9, 51.7), (62.9, 51.7), (62.9, 51.7), (62.9, 51.7), (62.9, 51.7), (62.9, 51.7), (62.9, 51.7), (62.9, 51.7), (62.9, 51.7), (62.9, 51.7)]",0,0,4.0
experienced,bomberman,7,Bomb,167,0,7.07,0.455,"[(48.0, 48.0), (62.9, 44.3), (77.9, 51.7), (98.4, 49.9), (113.3, 44.3), (128.3, 44.3), (130.1, 51.7), (130.1, 51.7), (130.1, 51.7), (130.1, 51.7), (130.1, 51.7), (130.1, 51.7), (130.1, 51.7), (130.1, 51.7), (130.1, 51.7), (130.1, 51.7), (130.1, 51.7), (130.1, 51.7), (130.1, 51.7), (130.1, 51.7), (130.1, 51.7), (130.1, 51.7), (130.1, 51.7), (130.1, 51.7), (130.1, 51.7), (130.1, 51.7), (145.1, 51.7), (161.9, 51.7), (176.8, 57.3), (173.1, 72.3), (173.1, 89.1), (180.5, 107.7), (193.6, 115.2), (193.6, 115.2), (193.6, 115.2), (193.6, 115.2), (193.6, 115.2), (193.6, 115.2), (193.6, 115.2), (193.6, 115.2), (193.6, 115.2), (193.6, 115.2), (193.6, 115.2), (193.6, 115.2), (193.6, 115.2), (193.6, 115.2), (193.6, 115.2), (193.6, 115.2), (193.6, 115.2), (193.6, 115.2), (193.6, 115.2), (193.6, 115.2), (193.6, 115.2), (193.6, 115.2), (193.6, 115.2), (193.6, 115.2), (193.6, 115.2), (201.1, 115.2), (221.6, 115.2), (238.4, 118.9), (242.1, 126.4), (242.1, 126.4), (242.1, 126.4), (242.1, 126.4), (242.1, 130.1), (240.3, 128.3), (236.5, 124.5), (238.4, 130.1), (236.5, 126.4), (236.5, 126.4), (236.5, 126.4), (236.5, 126.4), (236.5, 126.4), (236.5, 126.4), (236.5, 126.4), (236.5, 130.1), (236.5, 145.1), (236.5, 160.0), (236.5, 161.9), (236.5, 163.7), (236.5, 160.0), (236.5, 161.9), (236.5, 163.7), (236.5, 160.0), (236.5, 161.9), (236.5, 163.7), (236.5, 160.0), (236.5, 171.2), (223.5, 180.5), (216.0, 180.5), (202.9, 180.5), (188.0, 176.8), (173.1, 163.7), (173.1, 160.0), (173.1, 160.0), (173.1, 161.9), (173.1, 163.7), (173.1, 148.8), (173.1, 128.3), (174.9, 126.4), (174.9, 126.4), (174.9, 126.4), (174.9, 126.4), (174.9, 126.4), (173.1, 128.3), (174.9, 128.3), (173.1, 126.4), (173.1, 128.3), (174.9, 128.3), (173.1, 126.4), (173.1, 128.3), (173.1, 133.9), (173.1, 148.8), (173.1, 148.8), (173.1, 148.8), (173.1, 148.8), (173.1, 148.8), (173.1, 148.8), (173.1, 143.2), (176.8, 128.3), (176.8, 128.3)]",0,0,16.1
experienced,bomberman,7,Bomb,3,0,13.53,0.182,"[(48.0, 48.0), (62.9, 51.7), (77.9, 51.7), (98.4, 51.7), (113.3, 57.3), (115.2, 61.1), (115.2, 64.8), (115.2, 62.9), (115.2, 61.1), (115.2, 64.8), (115.2, 62.9), (115.2, 61.1), (115.2, 64.8), (115.2, 62.9), (115.2, 61.1), (115.2, 64.8), (115.2, 62.9), (115.2, 61.1), (115.2, 64.8), (115.2, 62.9), (115.2, 61.1), (115.2, 64.8), (115.2, 62.9), (115.2, 61.1), (115.2, 64.8), (115.2, 62.9), (115.2, 61.1), (115.2, 51.7), (130.1, 46.1), (145.1, 51.7), (167.5, 51.7), (169.3, 51.7), (169.3, 51.7), (169.3, 51.7), (169.3, 51.7), (169.3, 51.7), (169.3, 51.7), (169.3, 51.7), (169.3, 51.7), (169.3, 51.7), (169.3, 51.7), (169.3, 51.7), (169.3, 51.7), (169.3, 51.7), (169.3, 51.7), (169.3, 51.7), (169.3, 51.7), (169.3, 51.7), (169.3, 51.7), (169.3, 51.7), (169.3, 51.7), (169.3, 51.7), (169.3, 51.7), (169.3, 51.7), (169.3, 51.7), (169.3, 51.7), (169.3, 51.7), (169.3, 51.7), (169.3, 51.7), (169.3, 51.7), (169.3, 51.7)]",0,0,8.0
experienced,bomberman,7,Bomb,16,0,3.73,0.045,"[(48.0, 48.0), (62.9, 51.7), (62.9, 51.7), (62.9, 51.7), (62.9, 51.7), (62.9, 51.7), (62.9, 51.7), (62.9, 51.7), (62.9, 51.7), (62.9, 51.7), (62.9, 51.7), (62.9, 51.7), (62.9, 51.7), (62.9, 51.7), (62.9, 51.7), (62.9, 51.7), (62.9, 51.7), (62.9, 51.7), (62.9, 51.7), (62.9, 51.7), (62.9, 51.7), (62.9, 51.7), (62.9, 51.7), (62.9, 51.7), (62.9, 51.7), (62.9, 51.7), (62.9, 51.7), (62.9, 51.7), (62.9, 51.7), (62.9, 51.7), (62.9, 51.7)]",0,0,4.0
experienced,bomberman,7,Bomb,20,0,5.05,0.455,"[(48.0, 48.0), (62.9, 51.7), (62.9, 51.7), (62.9, 51.7), (62.9, 51.7), (62.9, 51.7), (62.9, 51.7), (62.9, 51.7), (62.9, 51.7), (62.9, 51.7), (62.9, 51.7), (62.9, 51.7), (62.9, 51.7), (62.9, 51.7), (62.9, 51.7), (62.9, 51.7), (62.9, 51.7), (62.9, 51.7), (62.9, 51.7), (62.9, 51.7), (62.9, 51.7), (62.9, 51.7), (62.9, 51.7), (62.9, 51.7), (62.9, 51.7), (62.9, 51.7), (62.9, 51.7), (74.1, 51.7), (94.7, 51.7), (109.6, 53.6), (115.2, 53.6), (128.3, 44.3), (143.2, 51.7), (165.6, 51.7), (180.5, 61.1), (173.1, 76.0), (173.1, 96.5), (182.4, 111.5), (193.6, 115.2), (193.6, 115.2), (193.6, 115.2), (193.6, 115.2), (193.6, 115.2), (193.6, 115.2), (193.6, 115.2), (193.6, 115.2), (193.6, 115.2), (193.6, 115.2), (193.6, 115.2), (193.6, 115.2), (193.6, 115.2), (193.6, 115.2), (193.6, 115.2), (193.6, 115.2), (193.6, 115.2), (193.6, 115.2), (193.6, 115.2), (193.6, 115.2), (193.6, 115.2), (193.6, 115.2), (193.6, 115.2), (193.6, 115.2), (193.6, 115.2), (193.6, 115.2), (193.6, 115.2), (193.6, 115.2), (197.3, 115.2), (214.1, 115.2), (234.7, 115.2), (244.0, 124.5), (242.1, 126.4), (242.1, 126.4), (242.1, 126.4), (242.1, 126.4), (236.5, 141.3), (236.5, 163.7), (230.9, 178.7), (216.0, 180.5), (201.1, 180.5), (186.1, 180.5), (173.1, 191.7), (173.1, 206.7), (173.1, 225.3), (173.1, 227.2), (173.1, 223.5), (173.1, 225.3), (173.1, 227.2), (173.1, 223.5), (173.1, 225.3), (173.1, 227.2), (173.1, 223.5), (173.1, 225.3), (173.1, 227.2), (173.1, 223.5), (173.1, 225.3), (173.1, 227.2), (173.1, 229.1), (173.1, 225.3), (173.1, 225.3), (173.1, 225.3), (173.1, 225.3), (173.1, 225.3), (173.1, 225.3), (173.1, 225.3), (173.1, 210.4), (173.1, 189.9), (167.5, 174.9), (160.0, 176.8), (160.0, 180.5), (160.0, 180.5), (160.0, 180.5), (160.0, 180.5), (160.0, 180.5), (160.0, 180.5), (160.0, 180.5), (160.0, 180.5), (160.0, 180.5), (160.0, 180.5), (160.0, 176.8), (160.0, 173.1), (160.0, 173.1), (160.0, 173.1), (160.0, 173.1), (160.0, 173.1), (160.0, 173.1), (160.0, 174.9), (160.0, 180.5), (160.0, 180.5), (160.0, 180.5), (160.0, 180.5), (160.0, 180.5), (160.0, 180.5), (160.0, 178.7), (160.0, 173.1), (160.0, 173.1), (160.0, 173.1)]",0,0,18.1
experienced,bomberman,7,Stuck,2,0,12.53,0.409,"[(48.0, 48.0), (62.9, 51.7), (77.9, 51.7), (98.4, 51.7), (113.3, 57.3), (115.2, 61.1), (115.2, 64.8), (115.2, 62.9), (115.2, 61.1), (115.2, 64.8), (115.2, 62.9), (115.2, 61.1), (115.2, 64.8), (115.2, 62.9), (115.2, 61.1), (115.2, 64.8), (115.2, 62.9), (115.2, 61.1), (115.2, 64.8), (115.2, 62.9), (115.2, 61.1), (115.2, 64.8), (115.2, 62.9), (115.2, 61.1), (115.2, 64.8), (115.2, 62.9), (115.2, 61.1), (115.2, 51.7), (130.1, 46.1), (145.1, 51.7), (167.5, 51.7), (180.5, 62.9), (180.5, 77.9), (180.5, 98.4), (184.3, 113.3), (191.7, 115.2), (191.7, 115.2), (191.7, 115.2), (191.7, 115.2), (191.7, 115.2), (202.9, 115.2), (225.3, 115.2), (240.3, 120.8), (244.0, 128.3), (244.0, 128.3), (244.0, 128.3), (244.0, 128.3), (244.0, 128.3), (244.0, 128.3), (244.0, 128.3), (244.0, 128.3), (244.0, 128.3), (244.0, 128.3), (244.0, 128.3), (244.0, 128.3), (244.0, 128.3), (244.0, 128.3), (244.0, 128.3), (244.0, 128.3), (244.0, 128.3), (244.0, 128.3), (244.0, 128.3), (244.0, 128.3), (244.0, 128.3), (244.0, 128.3), (244.0, 128.3), (244.0, 128.3), (244.0, 128.3), (244.0, 128.3), (244.0, 128.3), (244.0, 128.3), (244.0, 128.3), (244.0, 128.3), (244.0, 128.3), (244.0, 128.3), (244.0, 128.3), (244.0, 128.3), (244.0, 128.3), (244.0, 128.3), (244.0, 128.3), (244.0, 128.3), (244.0, 128.3), (244.0, 128.3), (244.0, 128.3), (244.0, 128.3), (244.0, 128.3), (244.0, 128.3), (244.0, 128.3), (244.0, 128.3), (244.0, 128.3), (244.0, 128.3), (244.0, 128.3), (244.0, 128.3), (244.0, 128.3), (244.0, 128.3), (244.0, 128.3), (244.0, 128.3), (244.0, 128.3), (244.0, 128.3), (244.0, 128.3), (244.0, 128.3), (244.0, 128.3), (244.0, 128.3), (244.0, 128.3)]",0,0,13.85
experienced,bomberman,7,Stuck,114,0,9.16,0.455,"[(48.0, 48.0), (62.9, 51.7), (62.9, 51.7), (64.8, 51.7), (64.8, 49.9), (62.9, 51.7), (64.8, 51.7), (64.8, 49.9), (62.9, 51.7), (64.8, 51.7), (64.8, 49.9), (62.9, 51.7), (64.8, 51.7), (64.8, 49.9), (62.9, 51.7), (64.8, 51.7), (64.8, 49.9), (62.9, 51.7), (64.8, 51.7), (64.8, 49.9), (62.9, 51.7), (64.8, 51.7), (64.8, 49.9), (62.9, 51.7), (64.8, 51.7), (64.8, 49.9), (62.9, 51.7), (76.0, 51.7), (90.9, 51.7), (105.9, 44.3), (120.8, 44.3), (135.7, 51.7), (154.4, 51.7), (173.1, 53.6), (180.5, 68.5), (180.5, 83.5), (180.5, 104.0), (189.9, 115.2), (204.8, 115.2), (227.2, 115.2), (242.1, 122.7), (242.1, 126.4), (242.1, 126.4), (242.1, 126.4), (242.1, 126.4), (242.1, 126.4), (242.1, 126.4), (236.5, 126.4), (236.5, 130.1), (238.4, 128.3), (236.5, 126.4), (236.5, 130.1), (238.4, 128.3), (236.5, 126.4), (236.5, 128.3), (238.4, 128.3), (236.5, 126.4), (236.5, 126.4), (236.5, 126.4), (236.5, 126.4), (236.5, 126.4), (236.5, 133.9), (236.5, 148.8), (236.5, 171.2), (223.5, 180.5), (223.5, 180.5), (223.5, 180.5), (223.5, 180.5), (223.5, 180.5), (223.5, 180.5), (223.5, 180.5), (223.5, 180.5), (223.5, 180.5), (223.5, 180.5), (223.5, 180.5), (223.5, 180.5), (223.5, 180.5), (223.5, 180.5), (223.5, 180.5), (223.5, 180.5), (223.5, 180.5), (223.5, 180.5), (223.5, 180.5), (223.5, 180.5), (223.5, 180.5), (223.5, 180.5), (223.5, 180.5), (223.5, 180.5), (223.5, 180.5), (223.5, 180.5), (223.5, 180.5), (223.5, 180.5), (223.5, 180.5), (223.5, 180.5), (223.5, 180.5), (223.5, 180.5), (223.5, 180.5), (223.5, 180.5), (223.5, 180.5), (223.5, 180.5), (223.5, 180.5), (223.5, 180.5), (223.5, 180.5), (223.5, 180.5), (223.5, 180.5), (223.5, 180.5), (223.5, 180.5), (223.5, 180.5), (223.5, 180.5), (223.5, 180.5), (223.5, 180.5), (223.5, 180.5), (223.5, 180.5), (223.5, 180.5), (223.5, 180.5), (223.5, 180.5), (223.5, 180.5), (223.5, 180.5), (223.5, 180.5), (223.5, 180.5), (223.5, 180.5), (223.5, 180.5), (223.5, 180.5), (223.5, 180.5), (223.5, 180.5), (223.5, 180.5), (223.5, 180.5), (223.5, 180.5), (223.5, 180.5), (223.5, 180.5), (223.5, 180.5), (223.5, 180.5)]",1,0,17.53
experienced,bomberman,7,Stuck,19,0,3.48,0.455,"[(48.0, 48.0), (62.9, 51.7), (62.9, 51.7), (62.9, 51.7), (62.9, 51.7), (62.9, 51.7), (62.9, 51.7), (62.9, 51.7), (62.9, 51.7), (62.9, 51.7), (62.9, 51.7), (62.9, 51.7), (62.9, 51.7), (62.9, 51.7), (62.9, 51.7), (62.9, 51.7), (62.9, 51.7), (62.9, 51.7), (62.9, 51.7), (62.9, 51.7), (62.9, 51.7), (62.9, 51.7), (62.9, 51.7), (62.9, 51.7), (62.9, 51.7), (62.9, 51.7), (62.9, 51.7), (74.1, 51.7), (94.7, 51.7), (109.6, 44.3), (124.5, 44.3), (139.5, 51.7), (161.9, 51.7), (163.7, 51.7), (169.3, 51.7), (180.5, 64.8), (173.1, 79.7), (176.8, 100.3), (186.1, 115.2), (193.6, 115.2), (193.6, 115.2), (193.6, 115.2), (193.6, 115.2), (193.6, 115.2), (193.6, 115.2), (193.6, 115.2), (193.6, 115.2), (193.6, 115.2), (193.6, 115.2), (193.6, 115.2), (193.6, 115.2), (193.6, 115.2), (193.6, 115.2), (193.6, 115.2), (193.6, 115.2), (193.6, 115.2), (193.6, 115.2), (193.6, 115.2), (193.6, 115.2), (193.6, 115.2), (193.6, 115.2), (193.6, 115.2), (193.6, 115.2), (193.6, 115.2), (193.6, 115.2), (193.6, 115.2), (193.6, 115.2), (193.6, 115.2), (193.6, 115.2), (193.6, 115.2), (193.6, 115.2), (193.6, 115.2), (193.6, 115.2), (193.6, 115.2), (193.6, 115.2), (193.6, 115.2), (193.6, 115.2), (193.6, 115.2), (193.6, 115.2), (193.6, 115.2), (193.6, 115.2), (193.6, 115.2), (193.6, 115.2), (193.6, 115.2), (193.6, 115.2), (193.6, 115.2), (193.6, 115.2), (193.6, 115.2), (193.6, 115.2), (193.6, 115.2), (193.6, 115.2), (201.1, 115.2), (221.6, 115.2), (238.4, 118.9), (244.0, 128.3), (242.1, 126.4), (242.1, 126.4), (242.1, 126.4), (242.1, 130.1), (236.5, 145.1), (236.5, 167.5), (227.2, 180.5), (217.9, 180.5), (210.4, 180.5), (202.9, 180.5), (195.5, 180.5), (184.3, 173.1), (173.1, 160.0), (173.1, 161.9), (173.1, 163.7), (173.1, 160.0), (173.1, 161.9), (173.1, 163.7), (173.1, 160.0), (173.1, 161.9), (173.1, 163.7), (173.1, 160.0), (173.1, 161.9), (173.1, 163.7), (173.1, 160.0), (173.1, 161.9), (173.1, 163.7), (173.1, 160.0), (173.1, 161.9), (173.1, 163.7), (173.1, 161.9), (173.1, 161.9), (173.1, 161.9), (173.1, 161.9), (173.1, 146.9), (173.1, 124.5), (173.1, 139.5), (173.1, 160.0), (173.1, 161.9), (173.1, 163.7), (173.1, 160.0), (173.1, 161.9), (173.1, 163.7), (173.1, 160.0), (173.1, 161.9), (173.1, 163.7), (173.1, 160.0), (173.1, 161.9), (173.1, 163.7), (173.1, 160.0), (173.1, 161.9), (173.1, 163.7), (173.1, 160.0), (173.1, 161.9), (173.1, 163.7), (173.1, 160.0), (173.1, 161.9), (173.1, 163.7), (173.1, 160.0), (173.1, 161.9), (173.1, 163.7), (173.1, 160.0), (173.1, 173.1), (161.9, 180.5), (161.9, 180.5), (161.9, 180.5), (161.9, 173.1), (161.9, 173.1), (161.9, 173.1), (161.9, 173.1), (161.9, 173.1), (161.9, 173.1), (161.9, 173.1), (161.9, 173.1), (161.9, 173.1), (161.9, 173.1), (161.9, 173.1), (161.9, 173.1), (161.9, 173.1), (161.9, 173.1), (161.9, 173.1), (161.9, 173.1), (161.9, 173.1), (161.9, 173.1), (161.9, 173.1), (161.9, 173.1), (161.9, 173.1), (161.9, 173.1), (161.9, 173.1), (161.9, 173.1), (161.9, 173.1), (161.9, 173.1), (161.9, 173.1), (161.9, 173.1), (161.9, 173.1), (161.9, 173.1), (161.9, 173.1), (161.9, 173.1), (161.9, 173.1), (161.9, 173.1), (161.9, 173.1), (161.9, 173.1), (161.9, 173.1), (161.9, 173.1), (161.9, 173.1), (161.9, 173.1), (161.9, 173.1)]",1,0,26.8
experienced,bomberman,7,Bomb,190,0,14.39,0.455,"[(48.0, 48.0), (62.9, 44.3), (64.8, 51.7), (64.8, 49.9), (62.9, 51.7), (64.8, 51.7), (64.8, 49.9), (62.9, 51.7), (64.8, 51.7), (64.8, 49.9), (62.9, 51.7), (64.8, 51.7), (64.8, 49.9), (62.9, 51.7), (64.8, 51.7), (64.8, 49.9), (62.9, 51.7), (64.8, 51.7), (64.8, 49.9), (62.9, 51.7), (64.8, 51.7), (64.8, 49.9), (62.9, 51.7), (64.8, 51.7), (64.8, 49.9), (62.9, 51.7), (64.8, 51.7), (76.0, 49.9), (90.9, 49.9), (105.9, 44.3), (120.8, 44.3), (135.7, 51.7), (154.4, 51.7), (173.1, 53.6), (180.5, 68.5), (180.5, 83.5), (180.5, 104.0), (189.9, 115.2), (204.8, 115.2), (227.2, 115.2), (242.1, 122.7), (242.1, 126.4), (242.1, 126.4), (242.1, 126.4), (242.1, 126.4), (242.1, 126.4), (242.1, 126.4), (242.1, 126.4), (242.1, 126.4), (242.1, 126.4), (242.1, 126.4), (242.1, 126.4), (242.1, 126.4), (242.1, 126.4), (242.1, 126.4), (242.1, 126.4), (242.1, 126.4), (242.1, 126.4), (242.1, 126.4), (242.1, 126.4), (242.1, 126.4), (242.1, 126.4), (242.1, 126.4), (242.1, 126.4), (242.1, 126.4), (242.1, 126.4), (242.1, 126.4), (242.1, 126.4), (242.1, 126.4), (242.1, 126.4), (242.1, 126.4), (242.1, 126.4), (242.1, 126.4), (242.1, 126.4), (242.1, 126.4), (242.1, 126.4), (242.1, 126.4), (242.1, 126.4), (242.1, 126.4), (242.1, 126.4), (242.1, 126.4), (242.1, 126.4), (242.1, 126.4), (242.1, 126.4), (242.1, 126.4), (242.1, 126.4), (242.1, 126.4), (242.1, 130.1), (236.5, 145.1), (236.5, 160.0), (236.5, 161.9)]",1,0,12.07
experienced,bomberman,7,Stuck,46,0,9.16,0.455,"[(48.0, 48.0), (62.9, 51.7), (62.9, 51.7), (64.8, 51.7), (64.8, 49.9), (62.9, 51.7), (64.8, 51.7), (64.8, 49.9), (62.9, 51.7), (64.8, 51.7), (64.8, 49.9), (62.9, 51.7), (64.8, 51.7), (64.8, 49.9), (62.9, 51.7), (64.8, 51.7), (64.8, 49.9), (62.9, 51.7), (64.8, 51.7), (64.8, 49.9), (62.9, 51.7), (64.8, 51.7), (64.8, 49.9), (62.9, 51.7), (64.8, 51.7), (64.8, 49.9), (62.9, 51.7), (76.0, 51.7), (90.9, 51.7), (105.9, 44.3), (120.8, 44.3), (135.7, 51.7), (154.4, 51.7), (173.1, 53.6), (176.8, 68.5), (180.5, 83.5), (180.5, 104.0), (189.9, 115.2), (193.6, 115.2), (193.6, 115.2), (204.8, 115.2), (227.2, 115.2), (242.1, 122.7), (242.1, 126.4), (242.1, 126.4), (242.1, 126.4), (242.1, 126.4), (242.1, 126.4), (242.1, 126.4), (242.1, 126.4), (242.1, 126.4), (242.1, 126.4), (242.1, 126.4), (242.1, 126.4), (242.1, 126.4), (242.1, 126.4), (242.1, 126.4), (242.1, 126.4), (242.1, 126.4), (242.1, 126.4), (242.1, 126.4), (242.1, 126.4), (242.1, 126.4), (242.1, 126.4), (242.1, 126.4), (242.1, 126.4), (242.1, 126.4), (242.1, 126.4), (242.1, 126.4), (242.1, 126.4), (242.1, 126.4), (242.1, 126.4), (242.1, 126.4), (242.1, 126.4), (242.1, 126.4), (242.1, 126.4), (242.1, 126.4), (242.1, 126.4), (242.1, 126.4), (242.1, 126.4), (242.1, 126.4), (242.1, 126.4), (242.1, 126.4), (242.1, 126.4), (242.1, 126.4), (242.1, 126.4), (242.1, 126.4), (240.3, 130.1), (236.5, 145.1), (236.5, 167.5), (227.2, 180.5), (225.3, 180.5), (223.5, 180.5), (223.5, 180.5), (225.3, 180.5), (223.5, 180.5), (223.5, 180.5), (223.5, 180.5), (223.5, 180.5), (223.5, 180.5), (223.5, 180.5), (223.5, 180.5), (223.5, 180.5), (223.5, 180.5), (223.5, 180.5), (223.5, 180.5), (223.5, 180.5), (223.5, 180.5), (223.5, 180.5), (223.5, 180.5), (223.5, 180.5), (223.5, 180.5), (223.5, 180.5), (223.5, 180.5), (223.5, 180.5), (223.5, 180.5), (223.5, 180.5), (223.5, 180.5), (223.5, 180.5), (223.5, 180.5), (223.5, 180.5), (223.5, 180.5), (223.5, 180.5), (223.5, 180.5), (223.5, 180.5), (223.5, 180.5), (223.5, 180.5), (223.5, 180.5), (223.5, 180.5), (223.5, 180.5), (223.5, 180.5), (223.5, 180.5)]",1,0,17.53
experienced,bomberman,7,Bomb,102,0,4.2,0.045,"[(48.0, 48.0), (62.9, 51.7), (62.9, 51.7), (62.9, 51.7), (62.9, 51.7), (62.9, 51.7), (62.9, 51.7), (62.9, 51.7), (62.9, 51.7), (62.9, 51.7), (62.9, 51.7), (62.9, 51.7), (62.9, 51.7), (62.9, 51.7), (62.9, 51.7), (62.9, 51.7), (62.9, 51.7), (62.9, 51.7), (62.9, 51.7), (62.9, 51.7), (62.9, 51.7), (62.9, 51.7), (62.9, 51.7), (62.9, 51.7), (62.9, 51.7), (62.9, 51.7), (62.9, 51.7), (64.8, 51.7), (64.8, 51.7), (64.8, 51.7), (64.8, 51.7)]",0,0,4.0
experienced,bomberman,7,Bomb,14,0,29.87,0.5,"[(48.0, 48.0), (62.9, 44.3), (77.9, 44.3), (92.8, 44.3), (107.7, 44.3), (122.7, 44.3), (137.6, 51.7), (158.1, 51.7), (174.9, 44.3), (189.9, 44.3), (204.8, 51.7), (227.2, 51.7), (242.1, 59.2), (244.0, 74.1), (244.0, 92.8), (244.0, 109.6), (258.9, 115.2), (273.9, 115.2), (294.4, 115.2), (307.5, 126.4), (307.5, 124.5), (307.5, 128.3), (307.5, 126.4), (307.5, 124.5), (307.5, 128.3), (307.5, 126.4), (305.6, 126.4), (305.6, 126.4), (305.6, 126.4), (305.6, 126.4), (305.6, 126.4), (307.5, 126.4), (307.5, 124.5), (307.5, 128.3), (307.5, 126.4), (307.5, 124.5), (307.5, 128.3), (307.5, 126.4), (307.5, 124.5), (307.5, 128.3), (307.5, 126.4), (307.5, 124.5), (307.5, 128.3), (307.5, 126.4), (307.5, 124.5), (307.5, 128.3), (307.5, 126.4), (307.5, 124.5), (307.5, 128.3), (307.5, 126.4), (307.5, 124.5), (307.5, 128.3), (307.5, 126.4), (307.5, 124.5), (307.5, 128.3), (307.5, 126.4), (307.5, 124.5), (307.5, 128.3), (307.5, 126.4), (307.5, 124.5), (307.5, 128.3)]",0,0,8.0
experienced,bomberman,7,Bomb,1,0,4.05,0.045,"[(48.0, 48.0), (62.9, 44.3), (64.8, 51.7), (64.8, 49.9), (62.9, 51.7), (64.8, 51.7), (64.8, 49.9), (62.9, 51.7), (64.8, 51.7), (64.8, 49.9), (62.9, 51.7), (64.8, 51.7), (64.8, 49.9), (62.9, 51.7), (64.8, 51.7), (64.8, 49.9), (62.9, 51.7), (64.8, 51.7), (64.8, 49.9), (62.9, 51.7), (64.8, 51.7), (64.8, 49.9), (62.9, 51.7), (64.8, 51.7), (64.8, 49.9), (62.9, 51.7), (64.8, 51.7), (64.8, 49.9), (62.9, 51.7), (64.8, 51.7), (64.8, 49.9), (62.9, 51.7)]",0,0,4.15
experienced,bomberman,7,Stuck,151,0,8.87,0.455,"[(48.0, 48.0), (62.9, 44.3), (64.8, 51.7), (64.8, 49.9), (62.9, 51.7), (64.8, 51.7), (64.8, 49.9), (62.9, 51.7), (64.8, 51.7), (64.8, 49.9), (62.9, 51.7), (64.8, 51.7), (64.8, 49.9), (62.9, 51.7), (64.8, 51.7), (64.8, 49.9), (62.9, 51.7), (64.8, 51.7), (64.8, 49.9), (62.9, 51.7), (64.8, 51.7), (64.8, 49.9), (62.9, 51.7), (64.8, 51.7), (64.8, 49.9), (62.9, 51.7), (64.8, 51.7), (76.0, 51.7), (96.5, 51.7), (111.5, 44.3), (126.4, 44.3), (141.3, 51.7), (163.7, 51.7), (178.7, 59.2), (180.5, 74.1), (180.5, 92.8), (180.5, 109.6), (191.7, 115.2), (191.7, 115.2), (191.7, 115.2), (191.7, 115.2), (191.7, 115.2), (191.7, 115.2), (191.7, 115.2), (191.7, 115.2), (191.7, 115.2), (191.7, 115.2), (193.6, 113.3), (191.7, 115.2), (193.6, 115.2), (193.6, 113.3), (191.7, 115.2), (193.6, 115.2), (193.6, 113.3), (193.6, 115.2), (193.6, 115.2), (193.6, 115.2), (204.8, 115.2), (227.2, 115.2), (242.1, 122.7), (242.1, 126.4), (242.1, 126.4), (242.1, 126.4), (242.1, 126.4), (238.4, 133.9), (236.5, 148.8), (236.5, 161.9), (236.5, 163.7), (236.5, 160.0), (236.5, 161.9), (236.5, 163.7), (236.5, 160.0), (236.5, 161.9), (236.5, 163.7), (236.5, 160.0), (236.5, 161.9), (236.5, 163.7), (236.5, 160.0), (236.5, 161.9), (236.5, 163.7), (236.5, 160.0), (236.5, 161.9), (236.5, 163.7), (236.5, 160.0), (236.5, 161.9), (236.5, 163.7), (236.5, 160.0), (236.5, 161.9), (236.5, 163.7), (236.5, 160.0), (236.5, 161.9), (232.8, 173.1), (223.5, 173.1), (223.5, 173.1), (223.5, 173.1), (223.5, 173.1), (223.5, 173.1), (223.5, 173.1), (223.5, 173.1), (223.5, 173.1), (223.5, 173.1), (223.5, 173.1), (223.5, 173.1), (223.5, 173.1), (223.5, 173.1), (223.5, 173.1), (223.5, 173.1), (223.5, 173.1), (223.5, 173.1), (223.5, 173.1), (223.5, 173.1), (223.5, 173.1), (223.5, 173.1), (223.5, 173.1), (223.5, 173.1), (223.5, 173.1), (223.5, 173.1), (223.5, 173.1), (223.5, 173.1), (223.5, 173.1), (223.5, 173.1), (223.5, 173.1), (223.5, 173.1), (223.5, 173.1), (223.5, 173.1), (223.5, 173.1), (223.5, 173.1), (223.5, 173.1), (223.5, 173.1), (223.5, 173.1), (223.5, 173.1), (223.5, 173.1)]",1,0,17.47
experienced,bomberman,7,Bomb,8,0,7.38,0.455,"[(48.0, 48.0), (62.9, 44.3), (77.9, 51.7), (98.4, 49.9), (113.3, 44.3), (128.3, 44.3), (143.2, 51.7), (165.6, 51.7), (180.5, 61.1), (180.5, 76.0), (180.5, 96.5), (182.4, 111.5), (193.6, 115.2), (193.6, 115.2), (193.6, 115.2), (193.6, 115.2), (193.6, 115.2), (193.6, 115.2), (193.6, 113.3), (191.7, 115.2), (193.6, 115.2), (193.6, 113.3), (191.7, 115.2), (193.6, 115.2), (193.6, 113.3), (191.7, 115.2), (191.7, 115.2), (202.9, 115.2), (225.3, 115.2), (240.3, 120.8), (244.0, 128.3), (238.4, 139.5), (236.5, 160.0), (232.8, 176.8), (223.5, 180.5), (223.5, 180.5), (223.5, 180.5), (223.5, 180.5), (223.5, 180.5), (223.5, 180.5), (223.5, 180.5), (223.5, 180.5), (223.5, 180.5), (223.5, 180.5), (223.5, 180.5), (223.5, 180.5), (223.5, 180.5), (223.5, 180.5), (223.5, 180.5), (223.5, 180.5), (223.5, 180.5), (223.5, 180.5), (223.5, 180.5), (223.5, 180.5), (223.5, 180.5), (223.5, 180.5), (223.5, 180.5), (223.5, 180.5), (223.5, 180.5), (223.5, 180.5), (223.5, 180.5), (223.5, 180.5), (223.5, 180.5), (223.5, 180.5), (223.5, 180.5), (223.5, 180.5), (223.5, 180.5), (223.5, 180.5), (223.5, 180.5), (223.5, 180.5), (223.5, 180.5), (223.5, 180.5), (223.5, 180.5), (223.5, 180.5), (223.5, 180.5), (223.5, 180.5), (223.5, 180.5), (223.5, 180.5), (223.5, 180.5), (223.5, 180.5), (223.5, 180.5), (223.5, 180.5), (223.5, 180.5), (223.5, 180.5), (223.5, 180.5), (223.5, 180.5), (223.5, 180.5), (223.5, 180.5), (223.5, 180.5), (223.5, 180.5), (225.3, 180.5), (223.5, 180.5), (223.5, 180.5), (225.3, 180.5), (223.5, 180.5), (223.5, 180.5), (225.3, 180.5), (223.5, 180.5), (223.5, 180.5), (223.5, 180.5), (223.5, 180.5), (223.5, 180.5), (223.5, 180.5), (223.5, 180.5), (223.5, 180.5), (223.5, 180.5), (223.5, 180.5), (223.5, 180.5), (223.5, 180.5), (212.3, 180.5), (191.7, 180.5), (176.8, 167.5), (173.1, 163.7)]",0,0,14.93
experienced,bomberman,7,Stuck,2,0,12.32,0.455,"[(48.0, 48.0), (62.9, 48.0), (62.9, 51.7), (64.8, 51.7), (64.8, 49.9), (62.9, 51.7), (64.8, 51.7), (64.8, 49.9), (62.9, 51.7), (64.8, 51.7), (64.8, 49.9), (62.9, 51.7), (64.8, 51.7), (64.8, 49.9), (62.9, 51.7), (64.8, 51.7), (64.8, 49.9), (62.9, 51.7), (64.8, 51.7), (64.8, 49.9), (62.9, 51.7), (64.8, 51.7), (64.8, 49.9), (62.9, 51.7), (64.8, 51.7), (64.8, 49.9), (62.9, 51.7), (76.0, 46.1), (90.9, 44.3), (105.9, 51.7), (115.2, 57.3), (124.5, 44.3), (139.5, 51.7), (161.9, 51.7), (176.8, 57.3), (180.5, 72.3), (180.5, 89.1), (180.5, 107.7), (193.6, 115.2), (208.5, 115.2), (225.3, 115.2), (240.3, 120.8), (236.5, 135.7), (236.5, 152.5), (236.5, 173.1), (225.3, 180.5), (225.3, 180.5), (225.3, 180.5), (225.3, 180.5), (225.3, 180.5), (225.3, 180.5), (225.3, 180.5), (225.3, 180.5), (225.3, 180.5), (225.3, 180.5), (225.3, 180.5), (225.3, 180.5), (225.3, 180.5), (225.3, 180.5), (225.3, 180.5), (225.3, 180.5), (225.3, 180.5), (225.3, 180.5), (225.3, 180.5), (225.3, 180.5), (225.3, 180.5), (225.3, 180.5), (225.3, 180.5), (225.3, 180.5), (225.3, 180.5), (225.3, 180.5), (225.3, 180.5), (225.3, 180.5), (225.3, 180.5), (225.3, 180.5), (225.3, 180.5), (225.3, 180.5), (225.3, 180.5), (225.3, 180.5), (225.3, 180.5), (225.3, 180.5), (225.3, 180.5), (225.3, 180.5), (225.3, 180.5), (225.3, 180.5), (225.3, 180.5), (225.3, 180.5), (225.3, 180.5), (225.3, 180.5), (225.3, 180.5), (225.3, 180.5), (225.3, 180.5), (225.3, 180.5), (225.3, 180.5), (225.3, 180.5), (225.3, 180.5), (225.3, 180.5), (225.3, 180.5), (225.3, 180.5), (225.3, 180.5), (225.3, 180.5), (225.3, 180.5), (225.3, 180.5)]",0,0,13.63
experienced,bomberman,7,Stuck,46,0,9.16,0.455,"[(48.0, 48.0), (62.9, 51.7), (62.9, 51.7), (64.8, 51.7), (64.8, 49.9), (62.9, 51.7), (64.8, 51.7), (64.8, 49.9), (62.9, 51.7), (64.8, 51.7), (64.8, 49.9), (62.9, 51.7), (64.8, 51.7), (64.8, 49.9), (62.9, 51.7), (64.8, 51.7), (64.8, 49.9), (62.9, 51.7), (64.8, 51.7), (64.8, 49.9), (62.9, 51.7), (64.8, 51.7), (64.8, 49.9), (62.9, 51.7), (64.8, 51.7), (64.8, 49.9), (62.9, 51.7), (76.0, 51.7), (90.9, 51.7), (105.9, 44.3), (120.8, 44.3), (135.7, 51.7), (154.4, 51.7), (173.1, 53.6), (176.8, 68.5), (180.5, 83.5), (180.5, 104.0), (189.9, 115.2), (193.6, 115.2), (193.6, 115.2), (204.8, 115.2), (227.2, 115.2), (242.1, 122.7), (242.1, 126.4), (242.1, 126.4), (242.1, 126.4), (242.1, 126.4), (242.1, 126.4), (242.1, 126.4), (242.1, 126.4), (242.1, 126.4), (242.1, 126.4), (242.1, 126.4), (242.1, 126.4), (242.1, 126.4), (242.1, 126.4), (242.1, 126.4), (242.1, 126.4), (242.1, 126.4), (242.1, 126.4), (242.1, 126.4), (242.1, 126.4), (242.1, 126.4), (242.1, 126.4), (242.1, 126.4), (242.1, 126.4), (242.1, 126.4), (242.1, 126.4), (242.1, 126.4), (242.1, 126.4), (242.1, 126.4), (242.1, 126.4), (242.1, 126.4), (242.1, 126.4), (242.1, 126.4), (242.1, 126.4), (242.1, 126.4), (242.1, 126.4), (242.1, 126.4), (242.1, 126.4), (242.1, 126.4), (242.1, 126.4), (242.1, 126.4), (242.1, 126.4), (242.1, 126.4), (242.1, 126.4), (242.1, 126.4), (240.3, 130.1), (236.5, 145.1), (236.5, 167.5), (227.2, 180.5), (225.3, 180.5), (223.5, 180.5), (223.5, 180.5), (225.3, 180.5), (223.5, 180.5), (223.5, 180.5), (223.5, 180.5), (223.5, 180.5), (223.5, 180.5), (223.5, 180.5), (223.5, 180.5), (223.5, 180.5), (223.5, 180.5), (223.5, 180.5), (223.5, 180.5), (223.5, 180.5), (223.5, 180.5), (223.5, 180.5), (223.5, 180.5), (223.5, 180.5), (223.5, 180.5), (223.5, 180.5), (223.5, 180.5), (223.5, 180.5), (223.5, 180.5), (223.5, 180.5), (223.5, 180.5), (223.5, 180.5), (223.5, 180.5), (223.5, 180.5), (223.5, 180.5), (223.5, 180.5), (223.5, 180.5), (223.5, 180.5), (223.5, 180.5), (223.5, 180.5), (223.5, 180.5), (223.5, 180.5), (223.5, 180.5), (223.5, 180.5), (223.5, 180.5)]",1,0,17.53
experienced,bomberman,7,Bomb,190,0,14.39,0.455,"[(48.0, 48.0), (62.9, 44.3), (64.8, 51.7), (64.8, 49.9), (62.9, 51.7), (64.8, 51.7), (64.8, 49.9), (62.9, 51.7), (64.8, 51.7), (64.8, 49.9), (62.9, 51.7), (64.8, 51.7), (64.8, 49.9), (62.9, 51.7), (64.8, 51.7), (64.8, 49.9), (62.9, 51.7), (64.8, 51.7), (64.8, 49.9), (62.9, 51.7), (64.8, 51.7), (64.8, 49.9), (62.9, 51.7), (64.8, 51.7), (64.8, 49.9), (62.9, 51.7), (64.8, 51.7), (76.0, 49.9), (90.9, 49.9), (105.9, 44.3), (120.8, 44.3), (135.7, 51.7), (154.4, 51.7), (173.1, 53.6), (180.5, 68.5), (180.5, 83.5), (180.5, 104.0), (189.9, 115.2), (204.8, 115.2), (227.2, 115.2), (242.1, 122.7), (242.1, 126.4), (242.1, 126.4), (242.1, 126.4), (242.1, 126.4), (242.1, 126.4), (242.1, 126.4), (242.1, 126.4), (242.1, 126.4), (242.1, 126.4), (242.1, 126.4), (242.1, 126.4), (242.1, 126.4), (242.1, 126.4), (242.1, 126.4), (242.1, 126.4), (242.1, 126.4), (242.1, 126.4), (242.1, 126.4), (242.1, 126.4), (242.1, 126.4), (242.1, 126.4), (242.1, 126.4), (242.1, 126.4), (242.1, 126.4), (242.1, 126.4), (242.1, 126.4), (242.1, 126.4), (242.1, 126.4), (242.1, 126.4), (242.1, 126.4), (242.1, 126.4), (242.1, 126.4), (242.1, 126.4), (242.1, 126.4), (242.1, 126.4), (242.1, 126.4), (242.1, 126.4), (242.1, 126.4), (242.1, 126.4), (242.1, 126.4), (242.1, 126.4), (242.1, 126.4), (242.1, 126.4), (242.1, 126.4), (242.1, 126.4), (242.1, 126.4), (242.1, 130.1), (236.5, 145.1), (236.5, 160.0), (236.5, 161.9)]",1,0,12.07
experienced,bomberman,7,Stuck,19,0,3.48,0.455,"[(48.0, 48.0), (62.9, 51.7), (62.9, 51.7), (62.9, 51.7), (62.9, 51.7), (62.9, 51.7), (62.9, 51.7), (62.9, 51.7), (62.9, 51.7), (62.9, 51.7), (62.9, 51.7), (62.9, 51.7), (62.9, 51.7), (62.9, 51.7), (62.9, 51.7), (62.9, 51.7), (62.9, 51.7), (62.9, 51.7), (62.9, 51.7), (62.9, 51.7), (62.9, 51.7), (62.9, 51.7), (62.9, 51.7), (62.9, 51.7), (62.9, 51.7), (62.9, 51.7), (62.9, 51.7), (74.1, 51.7), (94.7, 51.7), (109.6, 44.3), (124.5, 44.3), (139.5, 51.7), (161.9, 51.7), (163.7, 51.7), (169.3, 51.7), (180.5, 64.8), (173.1, 79.7), (176.8, 100.3), (186.1, 115.2), (193.6, 115.2), (193.6, 115.2), (193.6, 115.2), (193.6, 115.2), (193.6, 115.2), (193.6, 115.2), (193.6, 115.2), (193.6, 115.2), (193.6, 115.2), (193.6, 115.2), (193.6, 115.2), (193.6, 115.2), (193.6, 115.2), (193.6, 115.2), (193.6, 115.2), (193.6, 115.2), (193.6, 115.2), (193.6, 115.2), (193.6, 115.2), (193.6, 115.2), (193.6, 115.2), (193.6, 115.2), (193.6, 115.2), (193.6, 115.2), (193.6, 115.2), (193.6, 115.2), (193.6, 115.2), (193.6, 115.2), (193.6, 115.2), (193.6, 115.2), (193.6, 115.2), (193.6, 115.2), (193.6, 115.2), (193.6, 115.2), (193.6, 115.2), (193.6, 115.2), (193.6, 115.2), (193.6, 115.2), (193.6, 115.2), (193.6, 115.2), (193.6, 115.2), (193.6, 115.2), (193.6, 115.2), (193.6, 115.2), (193.6, 115.2), (193.6, 115.2), (193.6, 115.2), (193.6, 115.2), (193.6, 115.2), (193.6, 115.2), (193.6, 115.2), (193.6, 115.2), (201.1, 115.2), (221.6, 115.2), (238.4, 118.9), (244.0, 128.3), (242.1, 126.4), (242.1, 126.4), (242.1, 126.4), (242.1, 130.1), (236.5, 145.1), (236.5, 167.5), (227.2, 180.5), (217.9, 180.5), (210.4, 180.5), (202.9, 180.5), (195.5, 180.5), (184.3, 173.1), (173.1, 160.0), (173.1, 161.9), (173.1, 163.7), (173.1, 160.0), (173.1, 161.9), (173.1, 163.7), (173.1, 160.0), (173.1, 161.9), (173.1, 163.7), (173.1, 160.0), (173.1, 161.9), (173.1, 163.7), (173.1, 160.0), (173.1, 161.9), (173.1, 163.7), (173.1, 160.0), (173.1, 161.9), (173.1, 163.7), (173.1, 161.9), (173.1, 161.9), (173.1, 161.9), (173.1, 161.9), (173.1, 146.9), (173.1, 124.5), (173.1, 139.5), (173.1, 160.0), (173.1, 161.9), (173.1, 163.7), (173.1, 160.0), (173.1, 161.9), (173.1, 163.7), (173.1, 160.0), (173.1, 161.9), (173.1, 163.7), (173.1, 160.0), (173.1, 161.9), (173.1, 163.7), (173.1, 160.0), (173.1, 161.9), (173.1, 163.7), (173.1, 160.0), (173.1, 161.9), (173.1, 163.7), (173.1, 160.0), (173.1, 161.9), (173.1, 163.7), (173.1, 160.0), (173.1, 161.9), (173.1, 163.7), (173.1, 160.0), (173.1, 173.1), (161.9, 180.5), (161.9, 180.5), (161.9, 180.5), (161.9, 173.1), (161.9, 173.1), (161.9, 173.1), (161.9, 173.1), (161.9, 173.1), (161.9, 173.1), (161.9, 173.1), (161.9, 173.1), (161.9, 173.1), (161.9, 173.1), (161.9, 173.1), (161.9, 173.1), (161.9, 173.1), (161.9, 173.1), (161.9, 173.1), (161.9, 173.1), (161.9, 173.1), (161.9, 173.1), (161.9, 173.1), (161.9, 173.1), (161.9, 173.1), (161.9, 173.1), (161.9, 173.1), (161.9, 173.1), (161.9, 173.1), (161.9, 173.1), (161.9, 173.1), (161.9, 173.1), (161.9, 173.1), (161.9, 173.1), (161.9, 173.1), (161.9, 173.1), (161.9, 173.1), (161.9, 173.1), (161.9, 173.1), (161.9, 173.1), (161.9, 173.1), (161.9, 173.1), (161.9, 173.1), (161.9, 173.1), (161.9, 173.1)]",1,0,26.8
experienced,bomberman,7,Stuck,114,0,9.16,0.455,"[(48.0, 48.0), (62.9, 51.7), (62.9, 51.7), (64.8, 51.7), (64.8, 49.9), (62.9, 51.7), (64.8, 51.7), (64.8, 49.9), (62.9, 51.7), (64.8, 51.7), (64.8, 49.9), (62.9, 51.7), (64.8, 51.7), (64.8, 49.9), (62.9, 51.7), (64.8, 51.7), (64.8, 49.9), (62.9, 51.7), (64.8, 51.7), (64.8, 49.9), (62.9, 51.7), (64.8, 51.7), (64.8, 49.9), (62.9, 51.7), (64.8, 51.7), (64.8, 49.9), (62.9, 51.7), (76.0, 51.7), (90.9, 51.7), (105.9, 44.3), (120.8, 44.3), (135.7, 51.7), (154.4, 51.7), (173.1, 53.6), (180.5, 68.5), (180.5, 83.5), (180.5, 104.0), (189.9, 115.2), (204.8, 115.2), (227.2, 115.2), (242.1, 122.7), (242.1, 126.4), (242.1, 126.4), (242.1, 126.4), (242.1, 126.4), (242.1, 126.4), (242.1, 126.4), (236.5, 126.4), (236.5, 130.1), (238.4, 128.3), (236.5, 126.4), (236.5, 130.1), (238.4, 128.3), (236.5, 126.4), (236.5, 128.3), (238.4, 128.3), (236.5, 126.4), (236.5, 126.4), (236.5, 126.4), (236.5, 126.4), (236.5, 126.4), (236.5, 133.9), (236.5, 148.8), (236.5, 171.2), (223.5, 180.5), (223.5, 180.5), (223.5, 180.5), (223.5, 180.5), (223.5, 180.5), (223.5, 180.5), (223.5, 180.5), (223.5, 180.5), (223.5, 180.5), (223.5, 180.5), (223.5, 180.5), (223.5, 180.5), (223.5, 180.5), (223.5, 180.5), (223.5, 180.5), (223.5, 180.5), (223.5, 180.5), (223.5, 180.5), (223.5, 180.5), (223.5, 180.5), (223.5, 180.5), (223.5, 180.5), (223.5, 180.5), (223.5, 180.5), (223.5, 180.5), (223.5, 180.5), (223.5, 180.5), (223.5, 180.5), (223.5, 180.5), (223.5, 180.5), (223.5, 180.5), (223.5, 180.5), (223.5, 180.5), (223.5, 180.5), (223.5, 180.5), (223.5, 180.5), (223.5, 180.5), (223.5, 180.5), (223.5, 180.5), (223.5, 180.5), (223.5, 180.5), (223.5, 180.5), (223.5, 180.5), (223.5, 180.5), (223.5, 180.5), (223.5, 180.5), (223.5, 180.5), (223.5, 180.5), (223.5, 180.5), (223.5, 180.5), (223.5, 180.5), (223.5, 180.5), (223.5, 180.5), (223.5, 180.5), (223.5, 180.5), (223.5, 180.5), (223.5, 180.5), (223.5, 180.5), (223.5, 180.5), (223.5, 180.5), (223.5, 180.5), (223.5, 180.5), (223.5, 180.5), (223.5, 180.5), (223.5, 180.5), (223.5, 180.5), (223.5, 180.5), (223.5, 180.5)]",1,0,17.53
experienced,bomberman,7,Bomb,58,0,10.36,0.455,"[(48.0, 48.0), (62.9, 44.3), (77.9, 51.7), (98.4, 49.9), (113.3, 44.3), (128.3, 44.3), (143.2, 51.7), (165.6, 51.7), (180.5, 61.1), (180.5, 76.0), (180.5, 96.5), (182.4, 111.5), (197.3, 115.2), (214.1, 115.2), (234.7, 115.2), (242.1, 126.4), (238.4, 128.3), (236.5, 126.4), (238.4, 128.3), (236.5, 128.3), (236.5, 124.5), (238.4, 126.4), (240.3, 128.3), (238.4, 128.3), (236.5, 126.4), (238.4, 128.3), (238.4, 128.3), (238.4, 128.3), (238.4, 128.3), (238.4, 128.3), (238.4, 128.3), (238.4, 128.3), (238.4, 128.3), (238.4, 128.3), (238.4, 128.3), (238.4, 128.3), (238.4, 128.3), (238.4, 128.3), (238.4, 128.3), (238.4, 128.3), (238.4, 128.3), (238.4, 128.3), (238.4, 128.3), (238.4, 128.3), (238.4, 128.3), (238.4, 128.3), (238.4, 128.3), (236.5, 135.7), (236.5, 152.5), (236.5, 160.0), (236.5, 161.9), (236.5, 163.7), (236.5, 160.0), (236.5, 161.9), (236.5, 163.7), (236.5, 160.0), (236.5, 161.9), (236.5, 163.7), (236.5, 160.0), (236.5, 161.9), (236.5, 163.7), (236.5, 160.0), (232.8, 176.8), (225.3, 180.5), (225.3, 180.5), (225.3, 180.5), (225.3, 180.5), (225.3, 180.5), (225.3, 180.5), (225.3, 180.5), (225.3, 180.5), (225.3, 180.5), (225.3, 180.5), (225.3, 180.5), (225.3, 180.5), (225.3, 180.5), (225.3, 180.5), (225.3, 180.5), (225.3, 180.5), (225.3, 180.5), (225.3, 180.5), (225.3, 180.5), (225.3, 180.5), (223.5, 180.5), (223.5, 180.5), (223.5, 180.5), (223.5, 180.5), (223.5, 180.5), (223.5, 180.5), (223.5, 180.5), (225.3, 174.9), (225.3, 173.1), (225.3, 173.1), (225.3, 173.1), (225.3, 173.1), (225.3, 173.1), (225.3, 173.1), (225.3, 173.1), (225.3, 173.1), (225.3, 173.1), (225.3, 173.1), (225.3, 173.1), (225.3, 173.1), (225.3, 173.1), (225.3, 173.1), (225.3, 173.1), (225.3, 173.1), (225.3, 173.1), (225.3, 173.1), (225.3, 173.1), (225.3, 173.1), (225.3, 173.1), (225.3, 173.1)]",0,0,14.95
experienced,bomberman,7,Bomb,53,0,17.54,0.091,"[(48.0, 48.0), (62.9, 51.7), (62.9, 51.7), (62.9, 51.7), (62.9, 51.7), (62.9, 51.7), (62.9, 51.7), (62.9, 51.7), (62.9, 51.7), (62.9, 51.7), (62.9, 51.7), (62.9, 51.7), (62.9, 51.7), (62.9, 51.7), (62.9, 51.7), (62.9, 51.7), (62.9, 51.7), (62.9, 51.7), (62.9, 51.7), (62.9, 51.7), (62.9, 51.7), (62.9, 51.7), (62.9, 51.7), (62.9, 51.7), (62.9, 51.7), (62.9, 51.7), (62.9, 51.7), (62.9, 51.7), (74.1, 51.7), (94.7, 51.7), (109.6, 44.3), (124.5, 44.3)]",0,0,4.15
experienced,bomberman,7,Stuck,103,0,12.37,0.409,"[(48.0, 48.0), (62.9, 51.7), (62.9, 51.7), (62.9, 51.7), (62.9, 51.7), (62.9, 51.7), (62.9, 51.7), (62.9, 51.7), (62.9, 51.7), (62.9, 51.7), (62.9, 51.7), (62.9, 51.7), (62.9, 51.7), (62.9, 51.7), (62.9, 51.7), (62.9, 51.7), (62.9, 51.7), (62.9, 51.7), (62.9, 51.7), (62.9, 51.7), (62.9, 51.7), (62.9, 51.7), (62.9, 51.7), (62.9, 51.7), (62.9, 51.7), (62.9, 51.7), (62.9, 51.7), (74.1, 51.7), (94.7, 51.7), (109.6, 44.3), (124.5, 44.3), (139.5, 51.7), (161.9, 51.7), (176.8, 57.3), (173.1, 72.3), (173.1, 89.1), (180.5, 107.7), (193.6, 115.2), (193.6, 115.2), (193.6, 115.2), (193.6, 115.2), (193.6, 115.2), (193.6, 115.2), (193.6, 115.2), (193.6, 115.2), (193.6, 115.2), (193.6, 115.2), (193.6, 115.2), (193.6, 115.2), (193.6, 115.2), (193.6, 115.2), (193.6, 115.2), (193.6, 115.2), (193.6, 115.2), (193.6, 115.2), (193.6, 115.2), (193.6, 115.2), (193.6, 115.2), (193.6, 115.2), (193.6, 115.2), (193.6, 115.2), (193.6, 115.2), (197.3, 115.2), (214.1, 115.2), (234.7, 115.2), (242.1, 126.4), (242.1, 126.4), (242.1, 126.4), (242.1, 126.4), (242.1, 126.4), (242.1, 126.4), (242.1, 126.4), (242.1, 126.4), (242.1, 126.4), (242.1, 126.4), (242.1, 126.4), (242.1, 126.4), (242.1, 126.4), (242.1, 126.4), (242.1, 126.4), (242.1, 126.4), (242.1, 126.4), (242.1, 126.4), (242.1, 126.4), (242.1, 126.4), (242.1, 126.4), (242.1, 126.4), (242.1, 126.4), (242.1, 126.4), (242.1, 126.4), (242.1, 126.4), (242.1, 126.4), (242.1, 126.4), (242.1, 126.4), (242.1, 126.4), (242.1, 126.4), (242.1, 126.4), (242.1, 126.4), (242.1, 126.4), (242.1, 126.4), (242.1, 126.4), (242.1, 126.4), (242.1, 126.4), (242.1, 126.4), (242.1, 126.4), (242.1, 126.4), (242.1, 126.4)]",0,0,14.18
experienced,bomberman,7,Enemy,3,0,22.17,0.227,"[(48.0, 48.0), (62.9, 44.3), (64.8, 44.3), (64.8, 44.3), (64.8, 44.3), (64.8, 44.3), (64.8, 44.3), (64.8, 44.3), (64.8, 44.3), (64.8, 44.3), (64.8, 44.3), (64.8, 44.3), (64.8, 44.3), (64.8, 44.3), (64.8, 44.3), (64.8, 44.3), (64.8, 44.3), (64.8, 44.3), (64.8, 44.3), (64.8, 44.3), (64.8, 44.3), (64.8, 44.3), (64.8, 44.3), (64.8, 44.3), (64.8, 44.3), (64.8, 44.3), (64.8, 44.3), (76.0, 44.3), (90.9, 44.3), (105.9, 44.3), (120.8, 44.3), (135.7, 44.3), (150.7, 44.3), (165.6, 48.0), (180.5, 49.9), (193.6, 46.1), (193.6, 49.9), (191.7, 51.7), (193.6, 51.7), (193.6, 49.9), (191.7, 51.7), (193.6, 51.7), (193.6, 49.9), (191.7, 51.7), (193.6, 51.7), (193.6, 49.9), (191.7, 51.7), (193.6, 51.7), (193.6, 51.7), (193.6, 51.7)]",0,0,6.57
experienced,bomberman,7,Stuck,72,0,8.86,0.455,"[(48.0, 48.0), (62.9, 44.3), (64.8, 51.7), (64.8, 49.9), (62.9, 51.7), (64.8, 51.7), (64.8, 49.9), (62.9, 51.7), (64.8, 51.7), (64.8, 49.9), (62.9, 51.7), (64.8, 51.7), (64.8, 49.9), (62.9, 51.7), (64.8, 51.7), (64.8, 49.9), (62.9, 51.7), (64.8, 51.7), (64.8, 49.9), (62.9, 51.7), (64.8, 51.7), (64.8, 49.9), (62.9, 51.7), (64.8, 51.7), (64.8, 49.9), (62.9, 51.7), (64.8, 51.7), (76.0, 51.7), (96.5, 51.7), (111.5, 44.3), (126.4, 44.3), (141.3, 51.7), (163.7, 51.7), (173.1, 59.2), (180.5, 74.1), (180.5, 92.8), (180.5, 109.6), (191.7, 115.2), (191.7, 115.2), (191.7, 115.2), (191.7, 115.2), (191.7, 115.2), (191.7, 115.2), (191.7, 115.2), (191.7, 115.2), (191.7, 115.2), (191.7, 115.2), (191.7, 115.2), (191.7, 115.2), (191.7, 115.2), (191.7, 115.2), (191.7, 115.2), (191.7, 115.2), (191.7, 115.2), (191.7, 115.2), (191.7, 115.2), (191.7, 115.2), (202.9, 115.2), (225.3, 115.2), (240.3, 120.8), (244.0, 128.3), (236.5, 139.5), (236.5, 160.0), (236.5, 161.9), (236.5, 165.6), (229.1, 180.5), (223.5, 180.5), (223.5, 180.5), (223.5, 180.5), (223.5, 180.5), (223.5, 180.5), (223.5, 180.5), (223.5, 180.5), (223.5, 180.5), (223.5, 180.5), (223.5, 180.5), (223.5, 180.5), (223.5, 180.5), (223.5, 180.5), (223.5, 180.5), (223.5, 180.5), (223.5, 180.5), (223.5, 180.5), (223.5, 180.5), (223.5, 180.5), (223.5, 180.5), (223.5, 180.5), (223.5, 180.5), (223.5, 180.5), (223.5, 180.5), (223.5, 180.5), (223.5, 180.5), (223.5, 180.5), (223.5, 180.5), (223.5, 180.5), (223.5, 180.5), (223.5, 180.5), (223.5, 180.5), (223.5, 180.5), (223.5, 180.5), (223.5, 180.5), (223.5, 180.5), (223.5, 180.5), (223.5, 180.5), (223.5, 180.5), (223.5, 180.5), (223.5, 180.5), (223.5, 180.5), (223.5, 180.5), (223.5, 180.5), (223.5, 180.5), (223.5, 180.5), (223.5, 180.5), (223.5, 180.5), (223.5, 180.5), (223.5, 180.5), (223.5, 180.5), (223.5, 180.5), (223.5, 180.5), (223.5, 180.5), (223.5, 180.5), (223.5, 180.5), (223.5, 180.5), (223.5, 180.5), (223.5, 180.5), (223.5, 180.5), (223.5, 180.5), (223.5, 180.5), (223.5, 180.5), (223.5, 180.5), (223.5, 180.5), (223.5, 180.5)]",1,0,17.48
experienced,bomberman,7,Bomb,91,0,14.62,0.409,"[(48.0, 48.0), (62.9, 44.3), (77.9, 51.7), (98.4, 51.7), (113.3, 57.3), (115.2, 61.1), (115.2, 64.8), (115.2, 62.9), (115.2, 61.1), (115.2, 64.8), (115.2, 62.9), (115.2, 61.1), (115.2, 64.8), (115.2, 62.9), (115.2, 61.1), (115.2, 64.8), (115.2, 62.9), (115.2, 61.1), (115.2, 64.8), (115.2, 62.9), (115.2, 61.1), (115.2, 64.8), (115.2, 62.9), (115.2, 61.1), (115.2, 64.8), (115.2, 62.9), (115.2, 61.1), (115.2, 51.7), (130.1, 46.1), (145.1, 51.7), (167.5, 51.7), (180.5, 62.9), (180.5, 77.9), (180.5, 98.4), (184.3, 113.3), (191.7, 115.2), (191.7, 115.2), (191.7, 115.2), (191.7, 115.2), (191.7, 115.2), (191.7, 115.2), (191.7, 115.2), (191.7, 115.2), (191.7, 115.2), (191.7, 115.2), (191.7, 115.2), (191.7, 115.2), (191.7, 115.2), (191.7, 115.2), (191.7, 115.2), (191.7, 115.2), (191.7, 115.2), (191.7, 115.2), (191.7, 115.2), (191.7, 115.2), (191.7, 115.2), (191.7, 115.2), (202.9, 115.2), (225.3, 115.2), (240.3, 120.8), (244.0, 128.3), (244.0, 128.3), (244.0, 128.3), (244.0, 128.3), (244.0, 128.3), (244.0, 128.3), (244.0, 128.3), (244.0, 128.3), (244.0, 128.3), (244.0, 128.3), (244.0, 128.3), (244.0, 128.3), (244.0, 128.3), (244.0, 128.3), (244.0, 128.3), (244.0, 128.3), (244.0, 128.3), (244.0, 128.3), (244.0, 128.3), (244.0, 128.3), (244.0, 128.3), (244.0, 128.3), (244.0, 128.3), (244.0, 128.3), (244.0, 128.3), (244.0, 128.3), (244.0, 128.3), (244.0, 128.3), (244.0, 128.3), (244.0, 128.3), (244.0, 128.3)]",0,0,12.0
experienced,bomberman,7,Stuck,72,0,8.86,0.455,"[(48.0, 48.0), (62.9, 44.3), (64.8, 51.7), (64.8, 49.9), (62.9, 51.7), (64.8, 51.7), (64.8, 49.9), (62.9, 51.7), (64.8, 51.7), (64.8, 49.9), (62.9, 51.7), (64.8, 51.7), (64.8, 49.9), (62.9, 51.7), (64.8, 51.7), (64.8, 49.9), (62.9, 51.7), (64.8, 51.7), (64.8, 49.9), (62.9, 51.7), (64.8, 51.7), (64.8, 49.9), (62.9, 51.7), (64.8, 51.7), (64.8, 49.9), (62.9, 51.7), (64.8, 51.7), (76.0, 51.7), (96.5, 51.7), (111.5, 44.3), (126.4, 44.3), (141.3, 51.7), (163.7, 51.7), (173.1, 59.2), (180.5, 74.1), (180.5, 92.8), (180.5, 109.6), (191.7, 115.2), (191.7, 115.2), (191.7, 115.2), (191.7, 115.2), (191.7, 115.2), (191.7, 115.2), (191.7, 115.2), (191.7, 115.2), (191.7, 115.2), (191.7, 115.2), (191.7, 115.2), (191.7, 115.2), (191.7, 115.2), (191.7, 115.2), (191.7, 115.2), (191.7, 115.2), (191.7, 115.2), (191.7, 115.2), (191.7, 115.2), (191.7, 115.2), (202.9, 115.2), (225.3, 115.2), (240.3, 120.8), (244.0, 128.3), (236.5, 139.5), (236.5, 160.0), (236.5, 161.9), (236.5, 165.6), (229.1, 180.5), (223.5, 180.5), (223.5, 180.5), (223.5, 180.5), (223.5, 180.5), (223.5, 180.5), (223.5, 180.5), (223.5, 180.5), (223.5, 180.5), (223.5, 180.5), (223.5, 180.5), (223.5, 180.5), (223.5, 180.5), (223.5, 180.5), (223.5, 180.5), (223.5, 180.5), (223.5, 180.5), (223.5, 180.5), (223.5, 180.5), (223.5, 180.5), (223.5, 180.5), (223.5, 180.5), (223.5, 180.5), (223.5, 180.5), (223.5, 180.5), (223.5, 180.5), (223.5, 180.5), (223.5, 180.5), (223.5, 180.5), (223.5, 180.5), (223.5, 180.5), (223.5, 180.5), (223.5, 180.5), (223.5, 180.5), (223.5, 180.5), (223.5, 180.5), (223.5, 180.5), (223.5, 180.5), (223.5, 180.5), (223.5, 180.5), (223.5, 180.5), (223.5, 180.5), (223.5, 180.5), (223.5, 180.5), (223.5, 180.5), (223.5, 180.5), (223.5, 180.5), (223.5, 180.5), (223.5, 180.5), (223.5, 180.5), (223.5, 180.5), (223.5, 180.5), (223.5, 180.5), (223.5, 180.5), (223.5, 180.5), (223.5, 180.5), (223.5, 180.5), (223.5, 180.5), (223.5, 180.5), (223.5, 180.5), (223.5, 180.5), (223.5, 180.5), (223.5, 180.5), (223.5, 180.5), (223.5, 180.5), (223.5, 180.5), (223.5, 180.5)]",1,0,17.48
experienced,bomberman,7,Stuck,114,0,9.16,0.455,"[(48.0, 48.0), (62.9, 51.7), (62.9, 51.7), (64.8, 51.7), (64.8, 49.9), (62.9, 51.7), (64.8, 51.7), (64.8, 49.9), (62.9, 51.7), (64.8, 51.7), (64.8, 49.9), (62.9, 51.7), (64.8, 51.7), (64.8, 49.9), (62.9, 51.7), (64.8, 51.7), (64.8, 49.9), (62.9, 51.7), (64.8, 51.7), (64.8, 49.9), (62.9, 51.7), (64.8, 51.7), (64.8, 49.9), (62.9, 51.7), (64.8, 51.7), (64.8, 49.9), (62.9, 51.7), (76.0, 51.7), (90.9, 51.7), (105.9, 44.3), (120.8, 44.3), (135.7, 51.7), (154.4, 51.7), (173.1, 53.6), (180.5, 68.5), (180.5, 83.5), (180.5, 104.0), (189.9, 115.2), (204.8, 115.2), (227.2, 115.2), (242.1, 122.7), (242.1, 126.4), (242.1, 126.4), (242.1, 126.4), (242.1, 126.4), (242.1, 126.4), (242.1, 126.4), (236.5, 126.4), (236.5, 130.1), (238.4, 128.3), (236.5, 126.4), (236.5, 130.1), (238.4, 128.3), (236.5, 126.4), (236.5, 128.3), (238.4, 128.3), (236.5, 126.4), (236.5, 126.4), (236.5, 126.4), (236.5, 126.4), (236.5, 126.4), (236.5, 133.9), (236.5, 148.8), (236.5, 171.2), (223.5, 180.5), (223.5, 180.5), (223.5, 180.5), (223.5, 180.5), (223.5, 180.5), (223.5, 180.5), (223.5, 180.5), (223.5, 180.5), (223.5, 180.5), (223.5, 180.5), (223.5, 180.5), (223.5, 180.5), (223.5, 180.5), (223.5, 180.5), (223.5, 180.5), (223.5, 180.5), (223.5, 180.5), (223.5, 180.5), (223.5, 180.5), (223.5, 180.5), (223.5, 180.5), (223.5, 180.5), (223.5, 180.5), (223.5, 180.5), (223.5, 180.5), (223.5, 180.5), (223.5, 180.5), (223.5, 180.5), (223.5, 180.5), (223.5, 180.5), (223.5, 180.5), (223.5, 180.5), (223.5, 180.5), (223.5, 180.5), (223.5, 180.5), (223.5, 180.5), (223.5, 180.5), (223.5, 180.5), (223.5, 180.5), (223.5, 180.5), (223.5, 180.5), (223.5, 180.5), (223.5, 180.5), (223.5, 180.5), (223.5, 180.5), (223.5, 180.5), (223.5, 180.5), (223.5, 180.5), (223.5, 180.5), (223.5, 180.5), (223.5, 180.5), (223.5, 180.5), (223.5, 180.5), (223.5, 180.5), (223.5, 180.5), (223.5, 180.5), (223.5, 180.5), (223.5, 180.5), (223.5, 180.5), (223.5, 180.5), (223.5, 180.5), (223.5, 180.5), (223.5, 180.5), (223.5, 180.5), (223.5, 180.5), (223.5, 180.5), (223.5, 180.5), (223.5, 180.5)]",1,0,17.53
experienced,bomberman,7,Stuck,19,0,3.48,0.455,"[(48.0, 48.0), (62.9, 51.7), (62.9, 51.7), (62.9, 51.7), (62.9, 51.7), (62.9, 51.7), (62.9, 51.7), (62.9, 51.7), (62.9, 51.7), (62.9, 51.7), (62.9, 51.7), (62.9, 51.7), (62.9, 51.7), (62.9, 51.7), (62.9, 51.7), (62.9, 51.7), (62.9, 51.7), (62.9, 51.7), (62.9, 51.7), (62.9, 51.7), (62.9, 51.7), (62.9, 51.7), (62.9, 51.7), (62.9, 51.7), (62.9, 51.7), (62.9, 51.7), (62.9, 51.7), (74.1, 51.7), (94.7, 51.7), (109.6, 44.3), (124.5, 44.3), (139.5, 51.7), (161.9, 51.7), (163.7, 51.7), (169.3, 51.7), (180.5, 64.8), (173.1, 79.7), (176.8, 100.3), (186.1, 115.2), (193.6, 115.2), (193.6, 115.2), (193.6, 115.2), (193.6, 115.2), (193.6, 115.2), (193.6, 115.2), (193.6, 115.2), (193.6, 115.2), (193.6, 115.2), (193.6, 115.2), (193.6, 115.2), (193.6, 115.2), (193.6, 115.2), (193.6, 115.2), (193.6, 115.2), (193.6, 115.2), (193.6, 115.2), (193.6, 115.2), (193.6, 115.2), (193.6, 115.2), (193.6, 115.2), (193.6, 115.2), (193.6, 115.2), (193.6, 115.2), (193.6, 115.2), (193.6, 115.2), (193.6, 115.2), (193.6, 115.2), (193.6, 115.2), (193.6, 115.2), (193.6, 115.2), (193.6, 115.2), (193.6, 115.2), (193.6, 115.2), (193.6, 115.2), (193.6, 115.2), (193.6, 115.2), (193.6, 115.2), (193.6, 115.2), (193.6, 115.2), (193.6, 115.2), (193.6, 115.2), (193.6, 115.2), (193.6, 115.2), (193.6, 115.2), (193.6, 115.2), (193.6, 115.2), (193.6, 115.2), (193.6, 115.2), (193.6, 115.2), (193.6, 115.2), (193.6, 115.2), (201.1, 115.2), (221.6, 115.2), (238.4, 118.9), (244.0, 128.3), (242.1, 126.4), (242.1, 126.4), (242.1, 126.4), (242.1, 130.1), (236.5, 145.1), (236.5, 167.5), (227.2, 180.5), (217.9, 180.5), (210.4, 180.5), (202.9, 180.5), (195.5, 180.5), (184.3, 173.1), (173.1, 160.0), (173.1, 161.9), (173.1, 163.7), (173.1, 160.0), (173.1, 161.9), (173.1, 163.7), (173.1, 160.0), (173.1, 161.9), (173.1, 163.7), (173.1, 160.0), (173.1, 161.9), (173.1, 163.7), (173.1, 160.0), (173.1, 161.9), (173.1, 163.7), (173.1, 160.0), (173.1, 161.9), (173.1, 163.7), (173.1, 161.9), (173.1, 161.9), (173.1, 161.9), (173.1, 161.9), (173.1, 146.9), (173.1, 124.5), (173.1, 139.5), (173.1, 160.0), (173.1, 161.9), (173.1, 163.7), (173.1, 160.0), (173.1, 161.9), (173.1, 163.7), (173.1, 160.0), (173.1, 161.9), (173.1, 163.7), (173.1, 160.0), (173.1, 161.9), (173.1, 163.7), (173.1, 160.0), (173.1, 161.9), (173.1, 163.7), (173.1, 160.0), (173.1, 161.9), (173.1, 163.7), (173.1, 160.0), (173.1, 161.9), (173.1, 163.7), (173.1, 160.0), (173.1, 161.9), (173.1, 163.7), (173.1, 160.0), (173.1, 173.1), (161.9, 180.5), (161.9, 180.5), (161.9, 180.5), (161.9, 173.1), (161.9, 173.1), (161.9, 173.1), (161.9, 173.1), (161.9, 173.1), (161.9, 173.1), (161.9, 173.1), (161.9, 173.1), (161.9, 173.1), (161.9, 173.1), (161.9, 173.1), (161.9, 173.1), (161.9, 173.1), (161.9, 173.1), (161.9, 173.1), (161.9, 173.1), (161.9, 173.1), (161.9, 173.1), (161.9, 173.1), (161.9, 173.1), (161.9, 173.1), (161.9, 173.1), (161.9, 173.1), (161.9, 173.1), (161.9, 173.1), (161.9, 173.1), (161.9, 173.1), (161.9, 173.1), (161.9, 173.1), (161.9, 173.1), (161.9, 173.1), (161.9, 173.1), (161.9, 173.1), (161.9, 173.1), (161.9, 173.1), (161.9, 173.1), (161.9, 173.1), (161.9, 173.1), (161.9, 173.1), (161.9, 173.1), (161.9, 173.1)]",1,0,26.8
experienced,bomberman,7,Bomb,190,0,14.39,0.455,"[(48.0, 48.0), (62.9, 44.3), (64.8, 51.7), (64.8, 49.9), (62.9, 51.7), (64.8, 51.7), (64.8, 49.9), (62.9, 51.7), (64.8, 51.7), (64.8, 49.9), (62.9, 51.7), (64.8, 51.7), (64.8, 49.9), (62.9, 51.7), (64.8, 51.7), (64.8, 49.9), (62.9, 51.7), (64.8, 51.7), (64.8, 49.9), (62.9, 51.7), (64.8, 51.7), (64.8, 49.9), (62.9, 51.7), (64.8, 51.7), (64.8, 49.9), (62.9, 51.7), (64.8, 51.7), (76.0, 49.9), (90.9, 49.9), (105.9, 44.3), (120.8, 44.3), (135.7, 51.7), (154.4, 51.7), (173.1, 53.6), (180.5, 68.5), (180.5, 83.5), (180.5, 104.0), (189.9, 115.2), (204.8, 115.2), (227.2, 115.2), (242.1, 122.7), (242.1, 126.4), (242.1, 126.4), (242.1, 126.4), (242.1, 126.4), (242.1, 126.4), (242.1, 126.4), (242.1, 126.4), (242.1, 126.4), (242.1, 126.4), (242.1, 126.4), (242.1, 126.4), (242.1, 126.4), (242.1, 126.4), (242.1, 126.4), (242.1, 126.4), (242.1, 126.4), (242.1, 126.4), (242.1, 126.4), (242.1, 126.4), (242.1, 126.4), (242.1, 126.4), (242.1, 126.4), (242.1, 126.4), (242.1, 126.4), (242.1, 126.4), (242.1, 126.4), (242.1, 126.4), (242.1, 126.4), (242.1, 126.4), (242.1, 126.4), (242.1, 126.4), (242.1, 126.4), (242.1, 126.4), (242.1, 126.4), (242.1, 126.4), (242.1, 126.4), (242.1, 126.4), (242.1, 126.4), (242.1, 126.4), (242.1, 126.4), (242.1, 126.4), (242.1, 126.4), (242.1, 126.4), (242.1, 126.4), (242.1, 126.4), (242.1, 126.4), (242.1, 130.1), (236.5, 145.1), (236.5, 160.0), (236.5, 161.9)]",1,0,12.07
experienced,bomberman,7,Enemy,11,0,21.09,0.227,"[(48.0, 48.0), (62.9, 44.3), (64.8, 51.7), (64.8, 49.9), (62.9, 51.7), (64.8, 51.7), (64.8, 49.9), (62.9, 51.7), (64.8, 51.7), (64.8, 49.9), (62.9, 51.7), (64.8, 51.7), (64.8, 49.9), (62.9, 51.7), (64.8, 51.7), (64.8, 49.9), (62.9, 51.7), (64.8, 51.7), (64.8, 49.9), (62.9, 51.7), (64.8, 51.7), (64.8, 49.9), (62.9, 51.7), (64.8, 51.7), (64.8, 49.9), (62.9, 51.7), (64.8, 51.7), (76.0, 44.3), (90.9, 44.3), (105.9, 44.3), (120.8, 44.3), (135.7, 51.7), (154.4, 51.7), (173.1, 53.6), (180.5, 57.3), (189.9, 44.3), (193.6, 49.9), (191.7, 51.7), (193.6, 51.7), (193.6, 49.9), (191.7, 51.7), (191.7, 51.7), (191.7, 51.7), (191.7, 51.7), (191.7, 51.7), (191.7, 51.7), (191.7, 51.7), (191.7, 51.7), (191.7, 51.7), (191.7, 51.7)]",0,0,6.55
experienced,bomberman,7,Enemy,2,0,13.44,0.182,"[(48.0, 48.0), (62.9, 44.3), (64.8, 51.7), (64.8, 49.9), (62.9, 51.7), (64.8, 51.7), (64.8, 49.9), (62.9, 51.7), (64.8, 51.7), (64.8, 49.9), (62.9, 51.7), (64.8, 51.7), (64.8, 49.9), (62.9, 51.7), (64.8, 51.7), (64.8, 49.9), (62.9, 51.7), (64.8, 51.7), (64.8, 49.9), (62.9, 51.7), (64.8, 51.7), (64.8, 49.9), (62.9, 51.7), (64.8, 51.7), (64.8, 49.9), (62.9, 51.7), (64.8, 51.7), (76.0, 51.7), (96.5, 51.7), (111.5, 44.3), (126.4, 44.3), (141.3, 51.7), (161.9, 51.7), (161.9, 51.7), (161.9, 51.7), (161.9, 51.7), (161.9, 51.7), (161.9, 51.7), (161.9, 51.7), (161.9, 51.7), (161.9, 51.7), (161.9, 51.7), (161.9, 51.7), (161.9, 51.7), (161.9, 51.7), (161.9, 51.7), (161.9, 51.7), (161.9, 51.7), (161.9, 51.7), (161.9, 51.7), (161.9, 51.7), (161.9, 51.7), (161.9, 51.7), (161.9, 51.7), (161.9, 51.7), (161.9, 51.7), (161.9, 51.7)]",0,0,7.5
experienced,bomberman,7,Bomb,10,0,3.73,0.045,"[(48.0, 48.0), (62.9, 51.7), (62.9, 51.7), (62.9, 51.7), (62.9, 51.7), (62.9, 51.7), (62.9, 51.7), (62.9, 51.7), (62.9, 51.7), (62.9, 51.7), (62.9, 51.7), (62.9, 51.7), (62.9, 51.7), (62.9, 51.7), (62.9, 51.7), (62.9, 51.7), (62.9, 51.7), (62.9, 51.7), (62.9, 51.7), (62.9, 51.7), (62.9, 51.7), (62.9, 51.7), (62.9, 51.7), (62.9, 51.7), (62.9, 51.7), (62.9, 51.7), (62.9, 51.7), (62.9, 51.7), (64.8, 51.7), (64.8, 49.9), (62.9, 51.7)]",0,0,4.0
experienced,bomberman,7,Bomb,1,0,10.27,0.136,"[(48.0, 48.0), (62.9, 51.7), (77.9, 51.7), (98.4, 51.7), (113.3, 57.3), (115.2, 61.1), (115.2, 64.8), (115.2, 62.9), (115.2, 61.1), (115.2, 64.8), (115.2, 62.9), (115.2, 61.1), (115.2, 64.8), (115.2, 62.9), (115.2, 61.1), (115.2, 64.8), (115.2, 62.9), (115.2, 61.1), (115.2, 64.8), (115.2, 62.9), (115.2, 61.1), (115.2, 64.8), (115.2, 62.9), (115.2, 61.1), (115.2, 64.8), (115.2, 62.9), (115.2, 61.1), (109.6, 51.7), (94.7, 44.3), (94.7, 44.3), (94.7, 44.3)]",0,0,4.0
experienced,bomberman,7,Stuck,230,0,8.76,0.455,"[(48.0, 48.0), (62.9, 51.7), (62.9, 51.7), (62.9, 51.7), (62.9, 51.7), (62.9, 51.7), (62.9, 51.7), (62.9, 51.7), (62.9, 51.7), (62.9, 51.7), (62.9, 51.7), (62.9, 51.7), (62.9, 51.7), (62.9, 51.7), (62.9, 51.7), (62.9, 51.7), (62.9, 51.7), (62.9, 51.7), (62.9, 51.7), (62.9, 51.7), (62.9, 51.7), (62.9, 51.7), (62.9, 51.7), (62.9, 51.7), (62.9, 51.7), (62.9, 51.7), (62.9, 51.7), (74.1, 51.7), (94.7, 51.7), (109.6, 53.6), (115.2, 62.9), (118.9, 48.0), (133.9, 49.9), (150.7, 51.7), (171.2, 51.7), (180.5, 66.7), (180.5, 81.6), (180.5, 102.1), (188.0, 115.2), (191.7, 115.2), (191.7, 115.2), (191.7, 115.2), (191.7, 115.2), (191.7, 115.2), (191.7, 115.2), (191.7, 115.2), (191.7, 115.2), (191.7, 115.2), (191.7, 115.2), (191.7, 115.2), (191.7, 115.2), (191.7, 115.2), (191.7, 115.2), (191.7, 115.2), (191.7, 115.2), (191.7, 115.2), (191.7, 115.2), (191.7, 115.2), (195.5, 115.2), (210.4, 115.2), (232.8, 115.2), (244.0, 128.3), (240.3, 128.3), (236.5, 130.1), (238.4, 128.3), (236.5, 126.4), (236.5, 124.5), (236.5, 128.3), (238.4, 126.4), (238.4, 126.4), (238.4, 126.4), (238.4, 126.4), (238.4, 126.4), (238.4, 126.4), (238.4, 126.4), (238.4, 126.4), (238.4, 126.4), (238.4, 126.4), (238.4, 126.4), (238.4, 126.4), (238.4, 126.4), (238.4, 126.4), (238.4, 126.4), (238.4, 126.4), (238.4, 126.4), (238.4, 126.4), (238.4, 126.4), (238.4, 126.4), (238.4, 130.1), (236.5, 145.1), (236.5, 167.5), (227.2, 180.5), (225.3, 180.5), (225.3, 180.5), (225.3, 180.5), (225.3, 180.5), (225.3, 180.5), (225.3, 180.5), (225.3, 180.5), (225.3, 180.5), (225.3, 180.5), (225.3, 180.5), (225.3, 180.5), (225.3, 180.5), (225.3, 180.5), (225.3, 180.5), (225.3, 180.5), (225.3, 180.5), (225.3, 180.5), (225.3, 180.5), (225.3, 180.5), (225.3, 180.5), (225.3, 180.5), (225.3, 180.5), (225.3, 180.5), (225.3, 180.5), (225.3, 180.5), (225.3, 180.5), (225.3, 180.5), (225.3, 180.5), (225.3, 180.5), (225.3, 180.5), (225.3, 180.5), (225.3, 180.5), (225.3, 180.5), (225.3, 180.5), (225.3, 180.5), (225.3, 180.5), (225.3, 180.5), (225.3, 180.5), (225.3, 180.5), (225.3, 180.5), (225.3, 180.5)]",0,0,17.68
experienced,bomberman,7,Bomb,131,0,10.67,0.318,"[(48.0, 48.0), (62.9, 44.3), (64.8, 51.7), (64.8, 49.9), (62.9, 51.7), (64.8, 51.7), (64.8, 49.9), (62.9, 51.7), (64.8, 51.7), (64.8, 49.9), (62.9, 51.7), (64.8, 51.7), (64.8, 49.9), (62.9, 51.7), (64.8, 51.7), (64.8, 49.9), (62.9, 51.7), (64.8, 51.7), (64.8, 49.9), (62.9, 51.7), (64.8, 51.7), (64.8, 49.9), (62.9, 51.7), (64.8, 51.7), (64.8, 49.9), (62.9, 51.7), (64.8, 51.7), (76.0, 51.7), (96.5, 51.7), (111.5, 44.3), (126.4, 44.3), (141.3, 51.7), (163.7, 51.7), (178.7, 59.2), (180.5, 74.1), (180.5, 92.8), (180.5, 109.6), (191.7, 115.2), (191.7, 115.2), (191.7, 115.2), (191.7, 115.2), (191.7, 115.2), (191.7, 115.2), (191.7, 115.2), (191.7, 115.2), (191.7, 115.2), (191.7, 115.2), (191.7, 115.2), (191.7, 115.2), (191.7, 115.2), (191.7, 115.2), (191.7, 115.2), (191.7, 115.2), (191.7, 115.2), (191.7, 115.2), (191.7, 115.2), (191.7, 115.2), (191.7, 115.2), (191.7, 115.2), (191.7, 115.2), (191.7, 115.2), (191.7, 115.2), (191.7, 115.2), (191.7, 115.2), (191.7, 115.2), (191.7, 115.2), (191.7, 115.2), (191.7, 115.2), (191.7, 115.2), (191.7, 115.2), (191.7, 115.2), (191.7, 115.2), (191.7, 115.2), (191.7, 115.2), (191.7, 115.2), (191.7, 115.2), (191.7, 115.2), (191.7, 115.2), (191.7, 115.2), (191.7, 115.2), (191.7, 115.2), (191.7, 115.2), (191.7, 115.2), (191.7, 115.2), (191.7, 115.2), (191.7, 115.2), (191.7, 115.2), (191.7, 115.2), (191.7, 115.2), (191.7, 115.2), (193.6, 115.2), (193.6, 115.2)]",0,0,12.25
experienced,bomberman,7,Bomb,190,0,14.39,0.455,"[(48.0, 48.0), (62.9, 44.3), (64.8, 51.7), (64.8, 49.9), (62.9, 51.7), (64.8, 51.7), (64.8, 49.9), (62.9, 51.7), (64.8, 51.7), (64.8, 49.9), (62.9, 51.7), (64.8, 51.7), (64.8, 49.9), (62.9, 51.7), (64.8, 51.7), (64.8, 49.9), (62.9, 51.7), (64.8, 51.7), (64.8, 49.9), (62.9, 51.7), (64.8, 51.7), (64.8, 49.9), (62.9, 51.7), (64.8, 51.7), (64.8, 49.9), (62.9, 51.7), (64.8, 51.7), (76.0, 49.9), (90.9, 49.9), (105.9, 44.3), (120.8, 44.3), (135.7, 51.7), (154.4, 51.7), (173.1, 53.6), (180.5, 68.5), (180.5, 83.5), (180.5, 104.0), (189.9, 115.2), (204.8, 115.2), (227.2, 115.2), (242.1, 122.7), (242.1, 126.4), (242.1, 126.4), (242.1, 126.4), (242.1, 126.4), (242.1, 126.4), (242.1, 126.4), (242.1, 126.4), (242.1, 126.4), (242.1, 126.4), (242.1, 126.4), (242.1, 126.4), (242.1, 126.4), (242.1, 126.4), (242.1, 126.4), (242.1, 126.4), (242.1, 126.4), (242.1, 126.4), (242.1, 126.4), (242.1, 126.4), (242.1, 126.4), (242.1, 126.4), (242.1, 126.4), (242.1, 126.4), (242.1, 126.4), (242.1, 126.4), (242.1, 126.4), (242.1, 126.4), (242.1, 126.4), (242.1, 126.4), (242.1, 126.4), (242.1, 126.4), (242.1, 126.4), (242.1, 126.4), (242.1, 126.4), (242.1, 126.4), (242.1, 126.4), (242.1, 126.4), (242.1, 126.4), (242.1, 126.4), (242.1, 126.4), (242.1, 126.4), (242.1, 126.4), (242.1, 126.4), (242.1, 126.4), (242.1, 126.4), (242.1, 126.4), (242.1, 130.1), (236.5, 145.1), (236.5, 160.0), (236.5, 161.9)]",1,0,12.07
experienced,bomberman,7,Stuck,19,0,3.48,0.455,"[(48.0, 48.0), (62.9, 51.7), (62.9, 51.7), (62.9, 51.7), (62.9, 51.7), (62.9, 51.7), (62.9, 51.7), (62.9, 51.7), (62.9, 51.7), (62.9, 51.7), (62.9, 51.7), (62.9, 51.7), (62.9, 51.7), (62.9, 51.7), (62.9, 51.7), (62.9, 51.7), (62.9, 51.7), (62.9, 51.7), (62.9, 51.7), (62.9, 51.7), (62.9, 51.7), (62.9, 51.7), (62.9, 51.7), (62.9, 51.7), (62.9, 51.7), (62.9, 51.7), (62.9, 51.7), (74.1, 51.7), (94.7, 51.7), (109.6, 44.3), (124.5, 44.3), (139.5, 51.7), (161.9, 51.7), (163.7, 51.7), (169.3, 51.7), (180.5, 64.8), (173.1, 79.7), (176.8, 100.3), (186.1, 115.2), (193.6, 115.2), (193.6, 115.2), (193.6, 115.2), (193.6, 115.2), (193.6, 115.2), (193.6, 115.2), (193.6, 115.2), (193.6, 115.2), (193.6, 115.2), (193.6, 115.2), (193.6, 115.2), (193.6, 115.2), (193.6, 115.2), (193.6, 115.2), (193.6, 115.2), (193.6, 115.2), (193.6, 115.2), (193.6, 115.2), (193.6, 115.2), (193.6, 115.2), (193.6, 115.2), (193.6, 115.2), (193.6, 115.2), (193.6, 115.2), (193.6, 115.2), (193.6, 115.2), (193.6, 115.2), (193.6, 115.2), (193.6, 115.2), (193.6, 115.2), (193.6, 115.2), (193.6, 115.2), (193.6, 115.2), (193.6, 115.2), (193.6, 115.2), (193.6, 115.2), (193.6, 115.2), (193.6, 115.2), (193.6, 115.2), (193.6, 115.2), (193.6, 115.2), (193.6, 115.2), (193.6, 115.2), (193.6, 115.2), (193.6, 115.2), (193.6, 115.2), (193.6, 115.2), (193.6, 115.2), (193.6, 115.2), (193.6, 115.2), (193.6, 115.2), (193.6, 115.2), (201.1, 115.2), (221.6, 115.2), (238.4, 118.9), (244.0, 128.3), (242.1, 126.4), (242.1, 126.4), (242.1, 126.4), (242.1, 130.1), (236.5, 145.1), (236.5, 167.5), (227.2, 180.5), (217.9, 180.5), (210.4, 180.5), (202.9, 180.5), (195.5, 180.5), (184.3, 173.1), (173.1, 160.0), (173.1, 161.9), (173.1, 163.7), (173.1, 160.0), (173.1, 161.9), (173.1, 163.7), (173.1, 160.0), (173.1, 161.9), (173.1, 163.7), (173.1, 160.0), (173.1, 161.9), (173.1, 163.7), (173.1, 160.0), (173.1, 161.9), (173.1, 163.7), (173.1, 160.0), (173.1, 161.9), (173.1, 163.7), (173.1, 161.9), (173.1, 161.9), (173.1, 161.9), (173.1, 161.9), (173.1, 146.9), (173.1, 124.5), (173.1, 139.5), (173.1, 160.0), (173.1, 161.9), (173.1, 163.7), (173.1, 160.0), (173.1, 161.9), (173.1, 163.7), (173.1, 160.0), (173.1, 161.9), (173.1, 163.7), (173.1, 160.0), (173.1, 161.9), (173.1, 163.7), (173.1, 160.0), (173.1, 161.9), (173.1, 163.7), (173.1, 160.0), (173.1, 161.9), (173.1, 163.7), (173.1, 160.0), (173.1, 161.9), (173.1, 163.7), (173.1, 160.0), (173.1, 161.9), (173.1, 163.7), (173.1, 160.0), (173.1, 173.1), (161.9, 180.5), (161.9, 180.5), (161.9, 180.5), (161.9, 173.1), (161.9, 173.1), (161.9, 173.1), (161.9, 173.1), (161.9, 173.1), (161.9, 173.1), (161.9, 173.1), (161.9, 173.1), (161.9, 173.1), (161.9, 173.1), (161.9, 173.1), (161.9, 173.1), (161.9, 173.1), (161.9, 173.1), (161.9, 173.1), (161.9, 173.1), (161.9, 173.1), (161.9, 173.1), (161.9, 173.1), (161.9, 173.1), (161.9, 173.1), (161.9, 173.1), (161.9, 173.1), (161.9, 173.1), (161.9, 173.1), (161.9, 173.1), (161.9, 173.1), (161.9, 173.1), (161.9, 173.1), (161.9, 173.1), (161.9, 173.1), (161.9, 173.1), (161.9, 173.1), (161.9, 173.1), (161.9, 173.1), (161.9, 173.1), (161.9, 173.1), (161.9, 173.1), (161.9, 173.1), (161.9, 173.1), (161.9, 173.1)]",1,0,26.8
experienced,bomberman,7,Stuck,114,0,9.16,0.455,"[(48.0, 48.0), (62.9, 51.7), (62.9, 51.7), (64.8, 51.7), (64.8, 49.9), (62.9, 51.7), (64.8, 51.7), (64.8, 49.9), (62.9, 51.7), (64.8, 51.7), (64.8, 49.9), (62.9, 51.7), (64.8, 51.7), (64.8, 49.9), (62.9, 51.7), (64.8, 51.7), (64.8, 49.9), (62.9, 51.7), (64.8, 51.7), (64.8, 49.9), (62.9, 51.7), (64.8, 51.7), (64.8, 49.9), (62.9, 51.7), (64.8, 51.7), (64.8, 49.9), (62.9, 51.7), (76.0, 51.7), (90.9, 51.7), (105.9, 44.3), (120.8, 44.3), (135.7, 51.7), (154.4, 51.7), (173.1, 53.6), (180.5, 68.5), (180.5, 83.5), (180.5, 104.0), (189.9, 115.2), (204.8, 115.2), (227.2, 115.2), (242.1, 122.7), (242.1, 126.4), (242.1, 126.4), (242.1, 126.4), (242.1, 126.4), (242.1, 126.4), (242.1, 126.4), (236.5, 126.4), (236.5, 130.1), (238.4, 128.3), (236.5, 126.4), (236.5, 130.1), (238.4, 128.3), (236.5, 126.4), (236.5, 128.3), (238.4, 128.3), (236.5, 126.4), (236.5, 126.4), (236.5, 126.4), (236.5, 126.4), (236.5, 126.4), (236.5, 133.9), (236.5, 148.8), (236.5, 171.2), (223.5, 180.5), (223.5, 180.5), (223.5, 180.5), (223.5, 180.5), (223.5, 180.5), (223.5, 180.5), (223.5, 180.5), (223.5, 180.5), (223.5, 180.5), (223.5, 180.5), (223.5, 180.5), (223.5, 180.5), (223.5, 180.5), (223.5, 180.5), (223.5, 180.5), (223.5, 180.5), (223.5, 180.5), (223.5, 180.5), (223.5, 180.5), (223.5, 180.5), (223.5, 180.5), (223.5, 180.5), (223.5, 180.5), (223.5, 180.5), (223.5, 180.5), (223.5, 180.5), (223.5, 180.5), (223.5, 180.5), (223.5, 180.5), (223.5, 180.5), (223.5, 180.5), (223.5, 180.5), (223.5, 180.5), (223.5, 180.5), (223.5, 180.5), (223.5, 180.5), (223.5, 180.5), (223.5, 180.5), (223.5, 180.5), (223.5, 180.5), (223.5, 180.5), (223.5, 180.5), (223.5, 180.5), (223.5, 180.5), (223.5, 180.5), (223.5, 180.5), (223.5, 180.5), (223.5, 180.5), (223.5, 180.5), (223.5, 180.5), (223.5, 180.5), (223.5, 180.5), (223.5, 180.5), (223.5, 180.5), (223.5, 180.5), (223.5, 180.5), (223.5, 180.5), (223.5, 180.5), (223.5, 180.5), (223.5, 180.5), (223.5, 180.5), (223.5, 180.5), (223.5, 180.5), (223.5, 180.5), (223.5, 180.5), (223.5, 180.5), (223.5, 180.5), (223.5, 180.5)]",1,0,17.53
experienced,bomberman,7,Stuck,72,0,8.86,0.455,"[(48.0, 48.0), (62.9, 44.3), (64.8, 51.7), (64.8, 49.9), (62.9, 51.7), (64.8, 51.7), (64.8, 49.9), (62.9, 51.7), (64.8, 51.7), (64.8, 49.9), (62.9, 51.7), (64.8, 51.7), (64.8, 49.9), (62.9, 51.7), (64.8, 51.7), (64.8, 49.9), (62.9, 51.7), (64.8, 51.7), (64.8, 49.9), (62.9, 51.7), (64.8, 51.7), (64.8, 49.9), (62.9, 51.7), (64.8, 51.7), (64.8, 49.9), (62.9, 51.7), (64.8, 51.7), (76.0, 51.7), (96.5, 51.7), (111.5, 44.3), (126.4, 44.3), (141.3, 51.7), (163.7, 51.7), (173.1, 59.2), (180.5, 74.1), (180.5, 92.8), (180.5, 109.6), (191.7, 115.2), (191.7, 115.2), (191.7, 115.2), (191.7, 115.2), (191.7, 115.2), (191.7, 115.2), (191.7, 115.2), (191.7, 115.2), (191.7, 115.2), (191.7, 115.2), (191.7, 115.2), (191.7, 115.2), (191.7, 115.2), (191.7, 115.2), (191.7, 115.2), (191.7, 115.2), (191.7, 115.2), (191.7, 115.2), (191.7, 115.2), (191.7, 115.2), (202.9, 115.2), (225.3, 115.2), (240.3, 120.8), (244.0, 128.3), (236.5, 139.5), (236.5, 160.0), (236.5, 161.9), (236.5, 165.6), (229.1, 180.5), (223.5, 180.5), (223.5, 180.5), (223.5, 180.5), (223.5, 180.5), (223.5, 180.5), (223.5, 180.5), (223.5, 180.5), (223.5, 180.5), (223.5, 180.5), (223.5, 180.5), (223.5, 180.5), (223.5, 180.5), (223.5, 180.5), (223.5, 180.5), (223.5, 180.5), (223.5, 180.5), (223.5, 180.5), (223.5, 180.5), (223.5, 180.5), (223.5, 180.5), (223.5, 180.5), (223.5, 180.5), (223.5, 180.5), (223.5, 180.5), (223.5, 180.5), (223.5, 180.5), (223.5, 180.5), (223.5, 180.5), (223.5, 180.5), (223.5, 180.5), (223.5, 180.5), (223.5, 180.5), (223.5, 180.5), (223.5, 180.5), (223.5, 180.5), (223.5, 180.5), (223.5, 180.5), (223.5, 180.5), (223.5, 180.5), (223.5, 180.5), (223.5, 180.5), (223.5, 180.5), (223.5, 180.5), (223.5, 180.5), (223.5, 180.5), (223.5, 180.5), (223.5, 180.5), (223.5, 180.5), (223.5, 180.5), (223.5, 180.5), (223.5, 180.5), (223.5, 180.5), (223.5, 180.5), (223.5, 180.5), (223.5, 180.5), (223.5, 180.5), (223.5, 180.5), (223.5, 180.5), (223.5, 180.5), (223.5, 180.5), (223.5, 180.5), (223.5, 180.5), (223.5, 180.5), (223.5, 180.5), (223.5, 180.5), (223.5, 180.5)]",1,0,17.48
experienced,bomberman,7,Bomb,8,0,10.49,0.455,"[(48.0, 48.0), (62.9, 44.3), (77.9, 51.7), (98.4, 51.7), (113.3, 57.3), (115.2, 61.1), (115.2, 64.8), (115.2, 62.9), (115.2, 61.1), (115.2, 64.8), (115.2, 62.9), (115.2, 61.1), (115.2, 64.8), (115.2, 62.9), (115.2, 61.1), (115.2, 64.8), (115.2, 62.9), (115.2, 61.1), (115.2, 64.8), (115.2, 62.9), (115.2, 61.1), (115.2, 64.8), (115.2, 62.9), (115.2, 61.1), (115.2, 64.8), (115.2, 62.9), (115.2, 61.1), (115.2, 51.7), (130.1, 46.1), (145.1, 51.7), (167.5, 51.7), (180.5, 62.9), (180.5, 77.9), (180.5, 98.4), (184.3, 113.3), (199.2, 115.2), (217.9, 115.2), (236.5, 117.1), (240.3, 128.3), (238.4, 130.1), (236.5, 135.7), (236.5, 152.5), (236.5, 173.1), (225.3, 180.5), (225.3, 180.5), (225.3, 180.5), (225.3, 180.5), (225.3, 180.5), (225.3, 180.5), (225.3, 180.5), (225.3, 180.5), (225.3, 180.5), (225.3, 180.5), (225.3, 180.5), (225.3, 180.5), (225.3, 180.5), (225.3, 180.5), (225.3, 180.5), (225.3, 180.5), (225.3, 180.5), (225.3, 180.5), (225.3, 180.5), (225.3, 180.5), (225.3, 180.5), (225.3, 180.5), (225.3, 180.5), (225.3, 180.5), (225.3, 180.5), (225.3, 180.5), (225.3, 180.5), (225.3, 180.5), (225.3, 180.5), (225.3, 180.5), (225.3, 180.5), (225.3, 180.5), (225.3, 180.5), (225.3, 180.5), (225.3, 180.5), (225.3, 180.5), (225.3, 180.5), (225.3, 180.5), (225.3, 180.5), (225.3, 180.5), (223.5, 180.5), (223.5, 180.5), (223.5, 180.5), (223.5, 180.5), (223.5, 180.5), (223.5, 180.5), (223.5, 180.5), (225.3, 180.5), (223.5, 180.5), (223.5, 180.5), (225.3, 180.5), (223.5, 180.5), (223.5, 180.5), (225.3, 180.5), (223.5, 180.5), (223.5, 180.5), (223.5, 180.5), (223.5, 180.5), (223.5, 180.5), (223.5, 180.5), (223.5, 180.5), (223.5, 180.5), (223.5, 180.5), (223.5, 180.5), (223.5, 180.5), (223.5, 180.5), (223.5, 178.7), (223.5, 178.7), (223.5, 178.7), (223.5, 178.7)]",0,0,14.95
experienced,bomberman,7,Bomb,52,0,17.09,0.091,"[(48.0, 48.0), (62.9, 44.3), (64.8, 49.9), (64.8, 49.9), (64.8, 49.9), (64.8, 49.9), (64.8, 49.9), (64.8, 49.9), (64.8, 49.9), (64.8, 49.9), (64.8, 49.9), (64.8, 49.9), (64.8, 49.9), (64.8, 49.9), (64.8, 49.9), (64.8, 49.9), (64.8, 49.9), (64.8, 49.9), (64.8, 49.9), (64.8, 49.9), (64.8, 49.9), (64.8, 49.9), (64.8, 49.9), (64.8, 49.9), (64.8, 49.9), (64.8, 49.9), (64.8, 49.9), (64.8, 49.9), (72.3, 51.7), (90.9, 51.7), (107.7, 44.3), (122.7, 44.3)]",0,0,4.15
experienced,bomberman,7,Stuck,131,0,11.65,0.545,"[(48.0, 48.0), (62.9, 44.3), (77.9, 51.7), (98.4, 49.9), (113.3, 44.3), (128.3, 44.3), (126.4, 51.7), (128.3, 51.7), (128.3, 49.9), (126.4, 51.7), (128.3, 51.7), (128.3, 49.9), (126.4, 51.7), (128.3, 51.7), (128.3, 49.9), (126.4, 51.7), (128.3, 51.7), (128.3, 49.9), (126.4, 51.7), (128.3, 51.7), (128.3, 49.9), (126.4, 51.7), (128.3, 51.7), (128.3, 49.9), (126.4, 51.7), (128.3, 51.7), (128.3, 49.9), (137.6, 51.7), (158.1, 51.7), (174.9, 44.3), (189.9, 44.3), (204.8, 51.7), (227.2, 51.7), (242.1, 59.2), (244.0, 74.1), (244.0, 92.8), (244.0, 109.6), (255.2, 115.2), (255.2, 115.2), (255.2, 115.2), (255.2, 115.2), (255.2, 115.2), (255.2, 115.2), (255.2, 115.2), (255.2, 115.2), (255.2, 115.2), (255.2, 115.2), (255.2, 115.2), (255.2, 115.2), (255.2, 115.2), (255.2, 115.2), (255.2, 115.2), (255.2, 115.2), (255.2, 115.2), (255.2, 115.2), (255.2, 115.2), (255.2, 115.2), (266.4, 115.2), (286.9, 115.2), (301.9, 118.9), (307.5, 126.4), (305.6, 126.4), (305.6, 126.4), (305.6, 126.4), (307.5, 133.9), (307.5, 148.8), (305.6, 160.0), (301.9, 160.0), (300.0, 160.0), (300.0, 160.0), (300.0, 160.0), (300.0, 160.0), (300.0, 160.0), (300.0, 160.0), (300.0, 160.0), (300.0, 160.0), (300.0, 145.1), (300.0, 141.3), (300.0, 141.3), (300.0, 141.3), (300.0, 141.3), (300.0, 141.3), (300.0, 141.3), (300.0, 156.3), (300.0, 160.0), (300.0, 160.0), (300.0, 160.0), (300.0, 173.1), (286.9, 173.1), (286.9, 173.1), (286.9, 173.1), (286.9, 173.1), (286.9, 173.1), (286.9, 173.1), (281.3, 178.7), (277.6, 180.5), (277.6, 180.5), (277.6, 180.5), (277.6, 180.5), (277.6, 180.5), (277.6, 180.5), (277.6, 180.5), (277.6, 180.5), (277.6, 180.5), (277.6, 180.5), (277.6, 180.5), (277.6, 180.5), (277.6, 180.5), (277.6, 180.5), (277.6, 180.5), (277.6, 180.5), (277.6, 180.5), (277.6, 180.5), (277.6, 180.5), (277.6, 180.5), (277.6, 180.5), (277.6, 180.5), (277.6, 180.5), (277.6, 180.5), (277.6, 180.5), (277.6, 180.5), (277.6, 180.5), (277.6, 180.5), (277.6, 180.5), (277.6, 180.5), (277.6, 180.5), (277.6, 180.5), (277.6, 180.5), (277.6, 180.5), (277.6, 180.5), (277.6, 180.5), (277.6, 180.5)]",1,0,17.47
experienced,bomberman,7,Bomb,43,0,21.0,0.455,"[(48.0, 48.0), (62.9, 44.3), (77.9, 51.7), (98.4, 49.9), (113.3, 44.3), (128.3, 44.3), (143.2, 51.7), (165.6, 51.7), (180.5, 61.1), (180.5, 76.0), (180.5, 96.5), (182.4, 111.5), (193.6, 115.2), (193.6, 115.2), (193.6, 115.2), (193.6, 115.2), (193.6, 115.2), (193.6, 115.2), (193.6, 115.2), (193.6, 115.2), (193.6, 115.2), (193.6, 115.2), (193.6, 115.2), (193.6, 115.2), (193.6, 115.2), (193.6, 115.2), (208.5, 115.2), (230.9, 115.2), (244.0, 126.4), (242.1, 126.4), (242.1, 126.4), (242.1, 126.4), (242.1, 126.4), (242.1, 126.4), (242.1, 126.4), (242.1, 126.4), (242.1, 126.4), (242.1, 126.4), (242.1, 126.4), (242.1, 126.4), (242.1, 126.4), (242.1, 126.4), (242.1, 126.4), (242.1, 126.4), (242.1, 126.4), (242.1, 126.4), (242.1, 126.4), (236.5, 137.6), (236.5, 156.3), (236.5, 163.7), (236.5, 160.0), (236.5, 161.9), (236.5, 163.7), (236.5, 160.0), (236.5, 160.0), (236.5, 160.0), (236.5, 160.0), (236.5, 160.0), (236.5, 161.9), (236.5, 163.7), (236.5, 160.0)]",0,0,8.0
experienced,bomberman,7,Bomb,160,0,14.85,0.409,"[(48.0, 48.0), (62.9, 44.3), (64.8, 51.7), (64.8, 49.9), (62.9, 51.7), (64.8, 51.7), (64.8, 49.9), (62.9, 51.7), (64.8, 51.7), (64.8, 49.9), (62.9, 51.7), (64.8, 51.7), (64.8, 49.9), (62.9, 51.7), (64.8, 51.7), (64.8, 49.9), (62.9, 51.7), (64.8, 51.7), (64.8, 49.9), (62.9, 51.7), (64.8, 51.7), (64.8, 49.9), (62.9, 51.7), (64.8, 51.7), (64.8, 49.9), (62.9, 51.7), (64.8, 51.7), (76.0, 49.9), (90.9, 49.9), (105.9, 44.3), (120.8, 44.3), (135.7, 51.7), (154.4, 51.7), (173.1, 53.6), (180.5, 68.5), (180.5, 83.5), (180.5, 104.0), (189.9, 115.2), (193.6, 115.2), (193.6, 115.2), (193.6, 115.2), (193.6, 115.2), (193.6, 115.2), (193.6, 115.2), (193.6, 115.2), (193.6, 115.2), (193.6, 115.2), (193.6, 115.2), (193.6, 115.2), (193.6, 115.2), (193.6, 115.2), (193.6, 115.2), (193.6, 115.2), (193.6, 115.2), (201.1, 115.2), (221.6, 115.2), (238.4, 118.9), (242.1, 126.4), (242.1, 126.4), (242.1, 126.4), (242.1, 126.4), (242.1, 126.4), (242.1, 126.4), (242.1, 126.4), (242.1, 126.4), (242.1, 126.4), (242.1, 126.4), (242.1, 126.4), (242.1, 126.4), (242.1, 126.4), (242.1, 126.4), (242.1, 126.4), (242.1, 126.4), (242.1, 126.4), (242.1, 126.4), (242.1, 126.4), (242.1, 126.4), (242.1, 126.4), (242.1, 126.4), (242.1, 126.4), (242.1, 126.4), (242.1, 126.4), (242.1, 126.4), (242.1, 126.4), (242.1, 126.4), (242.1, 126.4), (242.1, 126.4), (242.1, 126.4), (242.1, 126.4), (242.1, 126.4), (242.1, 126.4)]",1,0,12.07
experienced,bomberman,7,Bomb,1,0,0.93,0.045,"[(48.0, 48.0), (62.9, 51.7), (62.9, 51.7), (62.9, 51.7), (62.9, 51.7), (62.9, 51.7), (62.9, 51.7), (62.9, 51.7), (62.9, 51.7), (62.9, 51.7), (62.9, 51.7), (62.9, 51.7), (62.9, 51.7), (62.9, 51.7), (62.9, 51.7), (62.9, 51.7), (62.9, 51.7), (62.9, 51.7), (62.9, 51.7), (62.9, 51.7), (62.9, 51.7), (62.9, 51.7), (62.9, 51.7), (62.9, 51.7), (62.9, 51.7), (62.9, 51.7), (62.9, 51.7), (57.3, 51.7), (51.7, 57.3), (51.7, 72.3), (51.7, 89.1)]",0,0,4.0
experienced,bomberman,7,Stuck,131,0,11.65,0.545,"[(48.0, 48.0), (62.9, 44.3), (77.9, 51.7), (98.4, 49.9), (113.3, 44.3), (128.3, 44.3), (126.4, 51.7), (128.3, 51.7), (128.3, 49.9), (126.4, 51.7), (128.3, 51.7), (128.3, 49.9), (126.4, 51.7), (128.3, 51.7), (128.3, 49.9), (126.4, 51.7), (128.3, 51.7), (128.3, 49.9), (126.4, 51.7), (128.3, 51.7), (128.3, 49.9), (126.4, 51.7), (128.3, 51.7), (128.3, 49.9), (126.4, 51.7), (128.3, 51.7), (128.3, 49.9), (137.6, 51.7), (158.1, 51.7), (174.9, 44.3), (189.9, 44.3), (204.8, 51.7), (227.2, 51.7), (242.1, 59.2), (244.0, 74.1), (244.0, 92.8), (244.0, 109.6), (255.2, 115.2), (255.2, 115.2), (255.2, 115.2), (255.2, 115.2), (255.2, 115.2), (255.2, 115.2), (255.2, 115.2), (255.2, 115.2), (255.2, 115.2), (255.2, 115.2), (255.2, 115.2), (255.2, 115.2), (255.2, 115.2), (255.2, 115.2), (255.2, 115.2), (255.2, 115.2), (255.2, 115.2), (255.2, 115.2), (255.2, 115.2), (255.2, 115.2), (266.4, 115.2), (286.9, 115.2), (301.9, 118.9), (307.5, 126.4), (305.6, 126.4), (305.6, 126.4), (305.6, 126.4), (307.5, 133.9), (307.5, 148.8), (305.6, 160.0), (301.9, 160.0), (300.0, 160.0), (300.0, 160.0), (300.0, 160.0), (300.0, 160.0), (300.0, 160.0), (300.0, 160.0), (300.0, 160.0), (300.0, 160.0), (300.0, 145.1), (300.0, 141.3), (300.0, 141.3), (300.0, 141.3), (300.0, 141.3), (300.0, 141.3), (300.0, 141.3), (300.0, 156.3), (300.0, 160.0), (300.0, 160.0), (300.0, 160.0), (300.0, 173.1), (286.9, 173.1), (286.9, 173.1), (286.9, 173.1), (286.9, 173.1), (286.9, 173.1), (286.9, 173.1), (281.3, 178.7), (277.6, 180.5), (277.6, 180.5), (277.6, 180.5), (277.6, 180.5), (277.6, 180.5), (277.6, 180.5), (277.6, 180.5), (277.6, 180.5), (277.6, 180.5), (277.6, 180.5), (277.6, 180.5), (277.6, 180.5), (277.6, 180.5), (277.6, 180.5), (277.6, 180.5), (277.6, 180.5), (277.6, 180.5), (277.6, 180.5), (277.6, 180.5), (277.6, 180.5), (277.6, 180.5), (277.6, 180.5), (277.6, 180.5), (277.6, 180.5), (277.6, 180.5), (277.6, 180.5), (277.6, 180.5), (277.6, 180.5), (277.6, 180.5), (277.6, 180.5), (277.6, 180.5), (277.6, 180.5), (277.6, 180.5), (277.6, 180.5), (277.6, 180.5), (277.6, 180.5), (277.6, 180.5)]",1,0,17.47
experienced,bomberman,7,Stuck,72,0,8.86,0.455,"[(48.0, 48.0), (62.9, 44.3), (64.8, 51.7), (64.8, 49.9), (62.9, 51.7), (64.8, 51.7), (64.8, 49.9), (62.9, 51.7), (64.8, 51.7), (64.8, 49.9), (62.9, 51.7), (64.8, 51.7), (64.8, 49.9), (62.9, 51.7), (64.8, 51.7), (64.8, 49.9), (62.9, 51.7), (64.8, 51.7), (64.8, 49.9), (62.9, 51.7), (64.8, 51.7), (64.8, 49.9), (62.9, 51.7), (64.8, 51.7), (64.8, 49.9), (62.9, 51.7), (64.8, 51.7), (76.0, 51.7), (96.5, 51.7), (111.5, 44.3), (126.4, 44.3), (141.3, 51.7), (163.7, 51.7), (173.1, 59.2), (180.5, 74.1), (180.5, 92.8), (180.5, 109.6), (191.7, 115.2), (191.7, 115.2), (191.7, 115.2), (191.7, 115.2), (191.7, 115.2), (191.7, 115.2), (191.7, 115.2), (191.7, 115.2), (191.7, 115.2), (191.7, 115.2), (191.7, 115.2), (191.7, 115.2), (191.7, 115.2), (191.7, 115.2), (191.7, 115.2), (191.7, 115.2), (191.7, 115.2), (191.7, 115.2), (191.7, 115.2), (191.7, 115.2), (202.9, 115.2), (225.3, 115.2), (240.3, 120.8), (244.0, 128.3), (236.5, 139.5), (236.5, 160.0), (236.5, 161.9), (236.5, 165.6), (229.1, 180.5), (223.5, 180.5), (223.5, 180.5), (223.5, 180.5), (223.5, 180.5), (223.5, 180.5), (223.5, 180.5), (223.5, 180.5), (223.5, 180.5), (223.5, 180.5), (223.5, 180.5), (223.5, 180.5), (223.5, 180.5), (223.5, 180.5), (223.5, 180.5), (223.5, 180.5), (223.5, 180.5), (223.5, 180.5), (223.5, 180.5), (223.5, 180.5), (223.5, 180.5), (223.5, 180.5), (223.5, 180.5), (223.5, 180.5), (223.5, 180.5), (223.5, 180.5), (223.5, 180.5), (223.5, 180.5), (223.5, 180.5), (223.5, 180.5), (223.5, 180.5), (223.5, 180.5), (223.5, 180.5), (223.5, 180.5), (223.5, 180.5), (223.5, 180.5), (223.5, 180.5), (223.5, 180.5), (223.5, 180.5), (223.5, 180.5), (223.5, 180.5), (223.5, 180.5), (223.5, 180.5), (223.5, 180.5), (223.5, 180.5), (223.5, 180.5), (223.5, 180.5), (223.5, 180.5), (223.5, 180.5), (223.5, 180.5), (223.5, 180.5), (223.5, 180.5), (223.5, 180.5), (223.5, 180.5), (223.5, 180.5), (223.5, 180.5), (223.5, 180.5), (223.5, 180.5), (223.5, 180.5), (223.5, 180.5), (223.5, 180.5), (223.5, 180.5), (223.5, 180.5), (223.5, 180.5), (223.5, 180.5), (223.5, 180.5), (223.5, 180.5)]",1,0,17.48
experienced,bomberman,7,Stuck,114,0,9.16,0.455,"[(48.0, 48.0), (62.9, 51.7), (62.9, 51.7), (64.8, 51.7), (64.8, 49.9), (62.9, 51.7), (64.8, 51.7), (64.8, 49.9), (62.9, 51.7), (64.8, 51.7), (64.8, 49.9), (62.9, 51.7), (64.8, 51.7), (64.8, 49.9), (62.9, 51.7), (64.8, 51.7), (64.8, 49.9), (62.9, 51.7), (64.8, 51.7), (64.8, 49.9), (62.9, 51.7), (64.8, 51.7), (64.8, 49.9), (62.9, 51.7), (64.8, 51.7), (64.8, 49.9), (62.9, 51.7), (76.0, 51.7), (90.9, 51.7), (105.9, 44.3), (120.8, 44.3), (135.7, 51.7), (154.4, 51.7), (173.1, 53.6), (180.5, 68.5), (180.5, 83.5), (180.5, 104.0), (189.9, 115.2), (204.8, 115.2), (227.2, 115.2), (242.1, 122.7), (242.1, 126.4), (242.1, 126.4), (242.1, 126.4), (242.1, 126.4), (242.1, 126.4), (242.1, 126.4), (236.5, 126.4), (236.5, 130.1), (238.4, 128.3), (236.5, 126.4), (236.5, 130.1), (238.4, 128.3), (236.5, 126.4), (236.5, 128.3), (238.4, 128.3), (236.5, 126.4), (236.5, 126.4), (236.5, 126.4), (236.5, 126.4), (236.5, 126.4), (236.5, 133.9), (236.5, 148.8), (236.5, 171.2), (223.5, 180.5), (223.5, 180.5), (223.5, 180.5), (223.5, 180.5), (223.5, 180.5), (223.5, 180.5), (223.5, 180.5), (223.5, 180.5), (223.5, 180.5), (223.5, 180.5), (223.5, 180.5), (223.5, 180.5), (223.5, 180.5), (223.5, 180.5), (223.5, 180.5), (223.5, 180.5), (223.5, 180.5), (223.5, 180.5), (223.5, 180.5), (223.5, 180.5), (223.5, 180.5), (223.5, 180.5), (223.5, 180.5), (223.5, 180.5), (223.5, 180.5), (223.5, 180.5), (223.5, 180.5), (223.5, 180.5), (223.5, 180.5), (223.5, 180.5), (223.5, 180.5), (223.5, 180.5), (223.5, 180.5), (223.5, 180.5), (223.5, 180.5), (223.5, 180.5), (223.5, 180.5), (223.5, 180.5), (223.5, 180.5), (223.5, 180.5), (223.5, 180.5), (223.5, 180.5), (223.5, 180.5), (223.5, 180.5), (223.5, 180.5), (223.5, 180.5), (223.5, 180.5), (223.5, 180.5), (223.5, 180.5), (223.5, 180.5), (223.5, 180.5), (223.5, 180.5), (223.5, 180.5), (223.5, 180.5), (223.5, 180.5), (223.5, 180.5), (223.5, 180.5), (223.5, 180.5), (223.5, 180.5), (223.5, 180.5), (223.5, 180.5), (223.5, 180.5), (223.5, 180.5), (223.5, 180.5), (223.5, 180.5), (223.5, 180.5), (223.5, 180.5), (223.5, 180.5)]",1,0,17.53
experienced,bomberman,7,Stuck,19,0,3.48,0.455,"[(48.0, 48.0), (62.9, 51.7), (62.9, 51.7), (62.9, 51.7), (62.9, 51.7), (62.9, 51.7), (62.9, 51.7), (62.9, 51.7), (62.9, 51.7), (62.9, 51.7), (62.9, 51.7), (62.9, 51.7), (62.9, 51.7), (62.9, 51.7), (62.9, 51.7), (62.9, 51.7), (62.9, 51.7), (62.9, 51.7), (62.9, 51.7), (62.9, 51.7), (62.9, 51.7), (62.9, 51.7), (62.9, 51.7), (62.9, 51.7), (62.9, 51.7), (62.9, 51.7), (62.9, 51.7), (74.1, 51.7), (94.7, 51.7), (109.6, 44.3), (124.5, 44.3), (139.5, 51.7), (161.9, 51.7), (163.7, 51.7), (169.3, 51.7), (180.5, 64.8), (173.1, 79.7), (176.8, 100.3), (186.1, 115.2), (193.6, 115.2), (193.6, 115.2), (193.6, 115.2), (193.6, 115.2), (193.6, 115.2), (193.6, 115.2), (193.6, 115.2), (193.6, 115.2), (193.6, 115.2), (193.6, 115.2), (193.6, 115.2), (193.6, 115.2), (193.6, 115.2), (193.6, 115.2), (193.6, 115.2), (193.6, 115.2), (193.6, 115.2), (193.6, 115.2), (193.6, 115.2), (193.6, 115.2), (193.6, 115.2), (193.6, 115.2), (193.6, 115.2), (193.6, 115.2), (193.6, 115.2), (193.6, 115.2), (193.6, 115.2), (193.6, 115.2), (193.6, 115.2), (193.6, 115.2), (193.6, 115.2), (193.6, 115.2), (193.6, 115.2), (193.6, 115.2), (193.6, 115.2), (193.6, 115.2), (193.6, 115.2), (193.6, 115.2), (193.6, 115.2), (193.6, 115.2), (193.6, 115.2), (193.6, 115.2), (193.6, 115.2), (193.6, 115.2), (193.6, 115.2), (193.6, 115.2), (193.6, 115.2), (193.6, 115.2), (193.6, 115.2), (193.6, 115.2), (193.6, 115.2), (193.6, 115.2), (201.1, 115.2), (221.6, 115.2), (238.4, 118.9), (244.0, 128.3), (242.1, 126.4), (242.1, 126.4), (242.1, 126.4), (242.1, 130.1), (236.5, 145.1), (236.5, 167.5), (227.2, 180.5), (217.9, 180.5), (210.4, 180.5), (202.9, 180.5), (195.5, 180.5), (184.3, 173.1), (173.1, 160.0), (173.1, 161.9), (173.1, 163.7), (173.1, 160.0), (173.1, 161.9), (173.1, 163.7), (173.1, 160.0), (173.1, 161.9), (173.1, 163.7), (173.1, 160.0), (173.1, 161.9), (173.1, 163.7), (173.1, 160.0), (173.1, 161.9), (173.1, 163.7), (173.1, 160.0), (173.1, 161.9), (173.1, 163.7), (173.1, 161.9), (173.1, 161.9), (173.1, 161.9), (173.1, 161.9), (173.1, 146.9), (173.1, 124.5), (173.1, 139.5), (173.1, 160.0), (173.1, 161.9), (173.1, 163.7), (173.1, 160.0), (173.1, 161.9), (173.1, 163.7), (173.1, 160.0), (173.1, 161.9), (173.1, 163.7), (173.1, 160.0), (173.1, 161.9), (173.1, 163.7), (173.1, 160.0), (173.1, 161.9), (173.1, 163.7), (173.1, 160.0), (173.1, 161.9), (173.1, 163.7), (173.1, 160.0), (173.1, 161.9), (173.1, 163.7), (173.1, 160.0), (173.1, 161.9), (173.1, 163.7), (173.1, 160.0), (173.1, 173.1), (161.9, 180.5), (161.9, 180.5), (161.9, 180.5), (161.9, 173.1), (161.9, 173.1), (161.9, 173.1), (161.9, 173.1), (161.9, 173.1), (161.9, 173.1), (161.9, 173.1), (161.9, 173.1), (161.9, 173.1), (161.9, 173.1), (161.9, 173.1), (161.9, 173.1), (161.9, 173.1), (161.9, 173.1), (161.9, 173.1), (161.9, 173.1), (161.9, 173.1), (161.9, 173.1), (161.9, 173.1), (161.9, 173.1), (161.9, 173.1), (161.9, 173.1), (161.9, 173.1), (161.9, 173.1), (161.9, 173.1), (161.9, 173.1), (161.9, 173.1), (161.9, 173.1), (161.9, 173.1), (161.9, 173.1), (161.9, 173.1), (161.9, 173.1), (161.9, 173.1), (161.9, 173.1), (161.9, 173.1), (161.9, 173.1), (161.9, 173.1), (161.9, 173.1), (161.9, 173.1), (161.9, 173.1), (161.9, 173.1)]",1,0,26.8
experienced,bomberman,7,Bomb,69,0,4.05,0.045,"[(48.0, 48.0), (62.9, 44.3), (64.8, 51.7), (64.8, 49.9), (62.9, 51.7), (64.8, 51.7), (64.8, 49.9), (62.9, 51.7), (64.8, 51.7), (64.8, 49.9), (62.9, 51.7), (64.8, 51.7), (64.8, 49.9), (62.9, 51.7), (64.8, 51.7), (64.8, 49.9), (62.9, 51.7), (64.8, 51.7), (64.8, 49.9), (62.9, 51.7), (64.8, 51.7), (64.8, 49.9), (62.9, 51.7), (64.8, 51.7), (64.8, 49.9), (62.9, 51.7), (64.8, 51.7), (64.8, 49.9), (62.9, 51.7), (64.8, 51.7), (64.8, 49.9), (62.9, 51.7)]",0,0,4.15
experienced,bomberman,7,Enemy,55,0,30.36,0.5,"[(48.0, 48.0), (62.9, 44.3), (77.9, 51.7), (98.4, 49.9), (113.3, 44.3), (128.3, 44.3), (143.2, 51.7), (165.6, 48.0), (180.5, 44.3), (195.5, 46.1), (210.4, 51.7), (232.8, 51.7), (244.0, 64.8), (236.5, 79.7), (240.3, 100.3), (249.6, 115.2), (264.5, 115.2), (283.2, 115.2), (300.0, 117.1), (307.5, 128.3), (307.5, 128.3), (307.5, 128.3), (307.5, 128.3), (307.5, 128.3), (307.5, 128.3), (307.5, 128.3), (307.5, 128.3), (307.5, 128.3), (307.5, 128.3), (307.5, 128.3), (307.5, 128.3), (307.5, 128.3), (307.5, 128.3), (300.0, 128.3), (303.7, 128.3), (300.0, 124.5), (301.9, 130.1), (301.9, 126.4), (300.0, 128.3), (303.7, 128.3), (300.0, 124.5), (301.9, 130.1), (301.9, 126.4), (301.9, 126.4), (301.9, 126.4), (301.9, 126.4), (301.9, 126.4), (303.7, 128.3), (300.0, 124.5), (301.9, 130.1), (301.9, 126.4), (300.0, 128.3), (303.7, 128.3), (300.0, 124.5), (301.9, 126.4), (301.9, 126.4), (301.9, 126.4)]",0,0,7.5
experienced,bomberman,7,Enemy,52,0,21.37,0.227,"[(48.0, 48.0), (62.9, 44.3), (64.8, 44.3), (64.8, 44.3), (64.8, 44.3), (64.8, 44.3), (64.8, 44.3), (64.8, 44.3), (64.8, 44.3), (64.8, 44.3), (64.8, 44.3), (64.8, 44.3), (64.8, 44.3), (64.8, 44.3), (64.8, 44.3), (64.8, 44.3), (64.8, 44.3), (64.8, 44.3), (64.8, 44.3), (64.8, 44.3), (64.8, 44.3), (64.8, 44.3), (64.8, 44.3), (64.8, 44.3), (64.8, 44.3), (64.8, 44.3), (64.8, 44.3), (76.0, 44.3), (90.9, 44.3), (105.9, 44.3), (120.8, 44.3), (135.7, 51.7), (154.4, 51.7), (171.2, 51.7), (178.7, 55.5), (191.7, 44.3), (193.6, 51.7), (193.6, 49.9), (191.7, 51.7), (193.6, 51.7), (191.7, 51.7), (191.7, 51.7), (191.7, 51.7), (191.7, 51.7), (191.7, 51.7), (191.7, 51.7), (191.7, 51.7), (191.7, 51.7), (191.7, 51.7), (191.7, 51.7)]",0,0,6.55
experienced,bomberman,7,Bomb,139,0,19.91,0.5,"[(48.0, 48.0), (62.9, 44.3), (77.9, 51.7), (98.4, 49.9), (113.3, 44.3), (128.3, 44.3), (126.4, 51.7), (128.3, 51.7), (128.3, 49.9), (126.4, 51.7), (128.3, 51.7), (128.3, 49.9), (126.4, 51.7), (128.3, 51.7), (128.3, 49.9), (126.4, 51.7), (128.3, 51.7), (128.3, 49.9), (126.4, 51.7), (128.3, 51.7), (128.3, 49.9), (126.4, 51.7), (128.3, 51.7), (128.3, 49.9), (126.4, 51.7), (128.3, 51.7), (128.3, 49.9), (137.6, 49.9), (152.5, 49.9), (167.5, 44.3), (182.4, 44.3), (197.3, 51.7), (214.1, 51.7), (234.7, 51.7), (244.0, 66.7), (244.0, 81.6), (244.0, 102.1), (251.5, 115.2), (255.2, 115.2), (255.2, 115.2), (255.2, 115.2), (255.2, 115.2), (255.2, 115.2), (255.2, 115.2), (255.2, 115.2), (255.2, 115.2), (255.2, 115.2), (255.2, 115.2), (255.2, 115.2), (255.2, 115.2), (255.2, 115.2), (255.2, 115.2), (255.2, 115.2), (255.2, 115.2), (255.2, 115.2), (255.2, 115.2), (255.2, 115.2), (266.4, 115.2), (286.9, 115.2), (301.9, 118.9), (307.5, 126.4), (305.6, 126.4), (305.6, 126.4), (305.6, 126.4), (305.6, 126.4), (305.6, 126.4), (305.6, 126.4), (305.6, 126.4), (307.5, 126.4), (307.5, 126.4), (307.5, 126.4), (307.5, 126.4), (307.5, 126.4), (307.5, 126.4), (307.5, 126.4), (305.6, 126.4), (305.6, 126.4), (305.6, 126.4), (305.6, 126.4), (305.6, 126.4), (305.6, 126.4), (305.6, 126.4), (305.6, 126.4), (307.5, 126.4), (307.5, 126.4), (307.5, 126.4), (307.5, 126.4), (305.6, 126.4), (305.6, 126.4), (305.6, 126.4), (305.6, 126.4)]",1,0,12.0
experienced,bomberman,7,Stuck,117,0,8.85,0.455,"[(48.0, 48.0), (62.9, 51.7), (62.9, 51.7), (62.9, 51.7), (62.9, 51.7), (62.9, 51.7), (62.9, 51.7), (62.9, 51.7), (62.9, 51.7), (62.9, 51.7), (62.9, 51.7), (62.9, 51.7), (62.9, 51.7), (62.9, 51.7), (62.9, 51.7), (62.9, 51.7), (62.9, 51.7), (62.9, 51.7), (62.9, 51.7), (62.9, 51.7), (62.9, 51.7), (62.9, 51.7), (62.9, 51.7), (62.9, 51.7), (62.9, 51.7), (62.9, 51.7), (62.9, 51.7), (74.1, 51.7), (94.7, 51.7), (109.6, 44.3), (124.5, 44.3), (139.5, 51.7), (161.9, 51.7), (161.9, 51.7), (161.9, 51.7), (161.9, 51.7), (161.9, 51.7), (161.9, 51.7), (161.9, 51.7), (161.9, 51.7), (173.1, 53.6), (180.5, 68.5), (180.5, 83.5), (180.5, 104.0), (189.9, 115.2), (193.6, 115.2), (193.6, 115.2), (193.6, 115.2), (193.6, 115.2), (193.6, 115.2), (193.6, 115.2), (193.6, 115.2), (193.6, 115.2), (193.6, 115.2), (193.6, 115.2), (193.6, 115.2), (193.6, 115.2), (201.1, 115.2), (221.6, 115.2), (238.4, 118.9), (242.1, 126.4), (242.1, 137.6), (242.1, 152.5), (236.5, 167.5), (227.2, 180.5), (223.5, 180.5), (223.5, 180.5), (223.5, 180.5), (223.5, 180.5), (223.5, 180.5), (223.5, 180.5), (223.5, 180.5), (223.5, 180.5), (223.5, 180.5), (223.5, 180.5), (223.5, 180.5), (223.5, 180.5), (223.5, 180.5), (223.5, 180.5), (223.5, 180.5), (223.5, 180.5), (223.5, 180.5), (223.5, 180.5), (223.5, 180.5), (223.5, 180.5), (223.5, 180.5), (223.5, 180.5), (223.5, 180.5), (223.5, 180.5), (223.5, 180.5), (223.5, 180.5), (223.5, 180.5), (223.5, 180.5), (223.5, 180.5), (223.5, 180.5), (223.5, 180.5), (223.5, 180.5), (223.5, 180.5), (223.5, 180.5), (223.5, 180.5), (223.5, 180.5), (223.5, 180.5), (223.5, 180.5), (223.5, 180.5), (223.5, 180.5), (223.5, 180.5), (223.5, 180.5), (223.5, 180.5), (223.5, 180.5), (223.5, 180.5), (223.5, 180.5), (223.5, 180.5), (223.5, 180.5), (223.5, 180.5), (223.5, 180.5), (223.5, 180.5), (223.5, 180.5), (223.5, 180.5), (223.5, 180.5), (223.5, 180.5), (223.5, 180.5), (223.5, 180.5), (223.5, 180.5), (223.5, 180.5), (223.5, 180.5), (223.5, 180.5), (223.5, 180.5), (223.5, 180.5), (223.5, 180.5), (223.5, 180.5), (223.5, 180.5), (223.5, 180.5)]",1,0,17.5
experienced,bomberman,7,Enemy,44,0,-1.71,0.455,"[(48.0, 48.0), (62.9, 51.7), (77.9, 51.7), (98.4, 49.9), (113.3, 44.3), (128.3, 44.3), (143.2, 51.7), (165.6, 51.7), (180.5, 61.1), (180.5, 76.0), (180.5, 90.9), (180.5, 105.9), (191.7, 115.2), (191.7, 115.2), (191.7, 115.2), (191.7, 115.2), (191.7, 115.2), (191.7, 115.2), (191.7, 115.2), (191.7, 115.2), (191.7, 115.2), (191.7, 115.2), (191.7, 115.2), (191.7, 115.2), (191.7, 115.2), (191.7, 115.2), (191.7, 115.2), (191.7, 115.2), (202.9, 115.2), (225.3, 115.2), (240.3, 120.8), (240.3, 128.3), (236.5, 139.5), (236.5, 141.3), (236.5, 141.3), (236.5, 141.3), (236.5, 141.3), (236.5, 141.3), (236.5, 141.3), (236.5, 141.3), (236.5, 156.3), (234.7, 174.9), (221.6, 180.5), (214.1, 180.5), (206.7, 180.5), (199.2, 180.5), (191.7, 180.5), (191.7, 176.8), (191.7, 173.1), (191.7, 173.1), (191.7, 173.1), (191.7, 173.1), (191.7, 173.1), (191.7, 173.1), (184.3, 180.5), (173.1, 193.6), (173.1, 191.7), (173.1, 189.9), (173.1, 180.5), (161.9, 173.1), (161.9, 173.1), (154.4, 173.1), (143.2, 173.1), (128.3, 173.1), (113.3, 169.3), (109.6, 161.9), (105.9, 176.8), (90.9, 180.5), (76.0, 180.5), (64.8, 178.7), (64.8, 173.1), (64.8, 173.1), (64.8, 173.1), (64.8, 173.1), (64.8, 173.1), (64.8, 173.1), (64.8, 173.1), (64.8, 173.1), (64.8, 173.1), (64.8, 173.1), (64.8, 173.1), (64.8, 173.1), (64.8, 173.1), (49.9, 169.3), (44.3, 161.9), (44.3, 161.9), (44.3, 161.9), (44.3, 161.9), (44.3, 161.9), (44.3, 161.9), (44.3, 161.9), (44.3, 161.9), (44.3, 161.9), (44.3, 161.9), (44.3, 161.9), (46.1, 161.9), (46.1, 158.1), (46.1, 146.9), (46.1, 132.0)]",0,0,13.13
experienced,bomberman,7,Stuck,131,0,11.65,0.545,"[(48.0, 48.0), (62.9, 44.3), (77.9, 51.7), (98.4, 49.9), (113.3, 44.3), (128.3, 44.3), (126.4, 51.7), (128.3, 51.7), (128.3, 49.9), (126.4, 51.7), (128.3, 51.7), (128.3, 49.9), (126.4, 51.7), (128.3, 51.7), (128.3, 49.9), (126.4, 51.7), (128.3, 51.7), (128.3, 49.9), (126.4, 51.7), (128.3, 51.7), (128.3, 49.9), (126.4, 51.7), (128.3, 51.7), (128.3, 49.9), (126.4, 51.7), (128.3, 51.7), (128.3, 49.9), (137.6, 51.7), (158.1, 51.7), (174.9, 44.3), (189.9, 44.3), (204.8, 51.7), (227.2, 51.7), (242.1, 59.2), (244.0, 74.1), (244.0, 92.8), (244.0, 109.6), (255.2, 115.2), (255.2, 115.2), (255.2, 115.2), (255.2, 115.2), (255.2, 115.2), (255.2, 115.2), (255.2, 115.2), (255.2, 115.2), (255.2, 115.2), (255.2, 115.2), (255.2, 115.2), (255.2, 115.2), (255.2, 115.2), (255.2, 115.2), (255.2, 115.2), (255.2, 115.2), (255.2, 115.2), (255.2, 115.2), (255.2, 115.2), (255.2, 115.2), (266.4, 115.2), (286.9, 115.2), (301.9, 118.9), (307.5, 126.4), (305.6, 126.4), (305.6, 126.4), (305.6, 126.4), (307.5, 133.9), (307.5, 148.8), (305.6, 160.0), (301.9, 160.0), (300.0, 160.0), (300.0, 160.0), (300.0, 160.0), (300.0, 160.0), (300.0, 160.0), (300.0, 160.0), (300.0, 160.0), (300.0, 160.0), (300.0, 145.1), (300.0, 141.3), (300.0, 141.3), (300.0, 141.3), (300.0, 141.3), (300.0, 141.3), (300.0, 141.3), (300.0, 156.3), (300.0, 160.0), (300.0, 160.0), (300.0, 160.0), (300.0, 173.1), (286.9, 173.1), (286.9, 173.1), (286.9, 173.1), (286.9, 173.1), (286.9, 173.1), (286.9, 173.1), (281.3, 178.7), (277.6, 180.5), (277.6, 180.5), (277.6, 180.5), (277.6, 180.5), (277.6, 180.5), (277.6, 180.5), (277.6, 180.5), (277.6, 180.5), (277.6, 180.5), (277.6, 180.5), (277.6, 180.5), (277.6, 180.5), (277.6, 180.5), (277.6, 180.5), (277.6, 180.5), (277.6, 180.5), (277.6, 180.5), (277.6, 180.5), (277.6, 180.5), (277.6, 180.5), (277.6, 180.5), (277.6, 180.5), (277.6, 180.5), (277.6, 180.5), (277.6, 180.5), (277.6, 180.5), (277.6, 180.5), (277.6, 180.5), (277.6, 180.5), (277.6, 180.5), (277.6, 180.5), (277.6, 180.5), (277.6, 180.5), (277.6, 180.5), (277.6, 180.5), (277.6, 180.5), (277.6, 180.5)]",1,0,17.47
experienced,bomberman,7,Bomb,139,0,19.91,0.5,"[(48.0, 48.0), (62.9, 44.3), (77.9, 51.7), (98.4, 49.9), (113.3, 44.3), (128.3, 44.3), (126.4, 51.7), (128.3, 51.7), (128.3, 49.9), (126.4, 51.7), (128.3, 51.7), (128.3, 49.9), (126.4, 51.7), (128.3, 51.7), (128.3, 49.9), (126.4, 51.7), (128.3, 51.7), (128.3, 49.9), (126.4, 51.7), (128.3, 51.7), (128.3, 49.9), (126.4, 51.7), (128.3, 51.7), (128.3, 49.9), (126.4, 51.7), (128.3, 51.7), (128.3, 49.9), (137.6, 49.9), (152.5, 49.9), (167.5, 44.3), (182.4, 44.3), (197.3, 51.7), (214.1, 51.7), (234.7, 51.7), (244.0, 66.7), (244.0, 81.6), (244.0, 102.1), (251.5, 115.2), (255.2, 115.2), (255.2, 115.2), (255.2, 115.2), (255.2, 115.2), (255.2, 115.2), (255.2, 115.2), (255.2, 115.2), (255.2, 115.2), (255.2, 115.2), (255.2, 115.2), (255.2, 115.2), (255.2, 115.2), (255.2, 115.2), (255.2, 115.2), (255.2, 115.2), (255.2, 115.2), (255.2, 115.2), (255.2, 115.2), (255.2, 115.2), (266.4, 115.2), (286.9, 115.2), (301.9, 118.9), (307.5, 126.4), (305.6, 126.4), (305.6, 126.4), (305.6, 126.4), (305.6, 126.4), (305.6, 126.4), (305.6, 126.4), (305.6, 126.4), (307.5, 126.4), (307.5, 126.4), (307.5, 126.4), (307.5, 126.4), (307.5, 126.4), (307.5, 126.4), (307.5, 126.4), (305.6, 126.4), (305.6, 126.4), (305.6, 126.4), (305.6, 126.4), (305.6, 126.4), (305.6, 126.4), (305.6, 126.4), (305.6, 126.4), (307.5, 126.4), (307.5, 126.4), (307.5, 126.4), (307.5, 126.4), (305.6, 126.4), (305.6, 126.4), (305.6, 126.4), (305.6, 126.4)]",1,0,12.0
experienced,bomberman,7,Stuck,117,0,8.85,0.455,"[(48.0, 48.0), (62.9, 51.7), (62.9, 51.7), (62.9, 51.7), (62.9, 51.7), (62.9, 51.7), (62.9, 51.7), (62.9, 51.7), (62.9, 51.7), (62.9, 51.7), (62.9, 51.7), (62.9, 51.7), (62.9, 51.7), (62.9, 51.7), (62.9, 51.7), (62.9, 51.7), (62.9, 51.7), (62.9, 51.7), (62.9, 51.7), (62.9, 51.7), (62.9, 51.7), (62.9, 51.7), (62.9, 51.7), (62.9, 51.7), (62.9, 51.7), (62.9, 51.7), (62.9, 51.7), (74.1, 51.7), (94.7, 51.7), (109.6, 44.3), (124.5, 44.3), (139.5, 51.7), (161.9, 51.7), (161.9, 51.7), (161.9, 51.7), (161.9, 51.7), (161.9, 51.7), (161.9, 51.7), (161.9, 51.7), (161.9, 51.7), (173.1, 53.6), (180.5, 68.5), (180.5, 83.5), (180.5, 104.0), (189.9, 115.2), (193.6, 115.2), (193.6, 115.2), (193.6, 115.2), (193.6, 115.2), (193.6, 115.2), (193.6, 115.2), (193.6, 115.2), (193.6, 115.2), (193.6, 115.2), (193.6, 115.2), (193.6, 115.2), (193.6, 115.2), (201.1, 115.2), (221.6, 115.2), (238.4, 118.9), (242.1, 126.4), (242.1, 137.6), (242.1, 152.5), (236.5, 167.5), (227.2, 180.5), (223.5, 180.5), (223.5, 180.5), (223.5, 180.5), (223.5, 180.5), (223.5, 180.5), (223.5, 180.5), (223.5, 180.5), (223.5, 180.5), (223.5, 180.5), (223.5, 180.5), (223.5, 180.5), (223.5, 180.5), (223.5, 180.5), (223.5, 180.5), (223.5, 180.5), (223.5, 180.5), (223.5, 180.5), (223.5, 180.5), (223.5, 180.5), (223.5, 180.5), (223.5, 180.5), (223.5, 180.5), (223.5, 180.5), (223.5, 180.5), (223.5, 180.5), (223.5, 180.5), (223.5, 180.5), (223.5, 180.5), (223.5, 180.5), (223.5, 180.5), (223.5, 180.5), (223.5, 180.5), (223.5, 180.5), (223.5, 180.5), (223.5, 180.5), (223.5, 180.5), (223.5, 180.5), (223.5, 180.5), (223.5, 180.5), (223.5, 180.5), (223.5, 180.5), (223.5, 180.5), (223.5, 180.5), (223.5, 180.5), (223.5, 180.5), (223.5, 180.5), (223.5, 180.5), (223.5, 180.5), (223.5, 180.5), (223.5, 180.5), (223.5, 180.5), (223.5, 180.5), (223.5, 180.5), (223.5, 180.5), (223.5, 180.5), (223.5, 180.5), (223.5, 180.5), (223.5, 180.5), (223.5, 180.5), (223.5, 180.5), (223.5, 180.5), (223.5, 180.5), (223.5, 180.5), (223.5, 180.5), (223.5, 180.5), (223.5, 180.5), (223.5, 180.5)]",1,0,17.5
experienced,bomberman,7,Stuck,19,0,3.48,0.455,"[(48.0, 48.0), (62.9, 51.7), (62.9, 51.7), (62.9, 51.7), (62.9, 51.7), (62.9, 51.7), (62.9, 51.7), (62.9, 51.7), (62.9, 51.7), (62.9, 51.7), (62.9, 51.7), (62.9, 51.7), (62.9, 51.7), (62.9, 51.7), (62.9, 51.7), (62.9, 51.7), (62.9, 51.7), (62.9, 51.7), (62.9, 51.7), (62.9, 51.7), (62.9, 51.7), (62.9, 51.7), (62.9, 51.7), (62.9, 51.7), (62.9, 51.7), (62.9, 51.7), (62.9, 51.7), (74.1, 51.7), (94.7, 51.7), (109.6, 44.3), (124.5, 44.3), (139.5, 51.7), (161.9, 51.7), (163.7, 51.7), (169.3, 51.7), (180.5, 64.8), (173.1, 79.7), (176.8, 100.3), (186.1, 115.2), (193.6, 115.2), (193.6, 115.2), (193.6, 115.2), (193.6, 115.2), (193.6, 115.2), (193.6, 115.2), (193.6, 115.2), (193.6, 115.2), (193.6, 115.2), (193.6, 115.2), (193.6, 115.2), (193.6, 115.2), (193.6, 115.2), (193.6, 115.2), (193.6, 115.2), (193.6, 115.2), (193.6, 115.2), (193.6, 115.2), (193.6, 115.2), (193.6, 115.2), (193.6, 115.2), (193.6, 115.2), (193.6, 115.2), (193.6, 115.2), (193.6, 115.2), (193.6, 115.2), (193.6, 115.2), (193.6, 115.2), (193.6, 115.2), (193.6, 115.2), (193.6, 115.2), (193.6, 115.2), (193.6, 115.2), (193.6, 115.2), (193.6, 115.2), (193.6, 115.2), (193.6, 115.2), (193.6, 115.2), (193.6, 115.2), (193.6, 115.2), (193.6, 115.2), (193.6, 115.2), (193.6, 115.2), (193.6, 115.2), (193.6, 115.2), (193.6, 115.2), (193.6, 115.2), (193.6, 115.2), (193.6, 115.2), (193.6, 115.2), (193.6, 115.2), (193.6, 115.2), (201.1, 115.2), (221.6, 115.2), (238.4, 118.9), (244.0, 128.3), (242.1, 126.4), (242.1, 126.4), (242.1, 126.4), (242.1, 130.1), (236.5, 145.1), (236.5, 167.5), (227.2, 180.5), (217.9, 180.5), (210.4, 180.5), (202.9, 180.5), (195.5, 180.5), (184.3, 173.1), (173.1, 160.0), (173.1, 161.9), (173.1, 163.7), (173.1, 160.0), (173.1, 161.9), (173.1, 163.7), (173.1, 160.0), (173.1, 161.9), (173.1, 163.7), (173.1, 160.0), (173.1, 161.9), (173.1, 163.7), (173.1, 160.0), (173.1, 161.9), (173.1, 163.7), (173.1, 160.0), (173.1, 161.9), (173.1, 163.7), (173.1, 161.9), (173.1, 161.9), (173.1, 161.9), (173.1, 161.9), (173.1, 146.9), (173.1, 124.5), (173.1, 139.5), (173.1, 160.0), (173.1, 161.9), (173.1, 163.7), (173.1, 160.0), (173.1, 161.9), (173.1, 163.7), (173.1, 160.0), (173.1, 161.9), (173.1, 163.7), (173.1, 160.0), (173.1, 161.9), (173.1, 163.7), (173.1, 160.0), (173.1, 161.9), (173.1, 163.7), (173.1, 160.0), (173.1, 161.9), (173.1, 163.7), (173.1, 160.0), (173.1, 161.9), (173.1, 163.7), (173.1, 160.0), (173.1, 161.9), (173.1, 163.7), (173.1, 160.0), (173.1, 173.1), (161.9, 180.5), (161.9, 180.5), (161.9, 180.5), (161.9, 173.1), (161.9, 173.1), (161.9, 173.1), (161.9, 173.1), (161.9, 173.1), (161.9, 173.1), (161.9, 173.1), (161.9, 173.1), (161.9, 173.1), (161.9, 173.1), (161.9, 173.1), (161.9, 173.1), (161.9, 173.1), (161.9, 173.1), (161.9, 173.1), (161.9, 173.1), (161.9, 173.1), (161.9, 173.1), (161.9, 173.1), (161.9, 173.1), (161.9, 173.1), (161.9, 173.1), (161.9, 173.1), (161.9, 173.1), (161.9, 173.1), (161.9, 173.1), (161.9, 173.1), (161.9, 173.1), (161.9, 173.1), (161.9, 173.1), (161.9, 173.1), (161.9, 173.1), (161.9, 173.1), (161.9, 173.1), (161.9, 173.1), (161.9, 173.1), (161.9, 173.1), (161.9, 173.1), (161.9, 173.1), (161.9, 173.1), (161.9, 173.1)]",1,0,26.8
experienced,bomberman,7,Bomb,78,0,14.65,0.409,"[(48.0, 48.0), (62.9, 44.3), (77.9, 51.7), (98.4, 51.7), (113.3, 57.3), (117.1, 49.9), (128.3, 49.9), (126.4, 51.7), (128.3, 51.7), (128.3, 49.9), (126.4, 51.7), (128.3, 51.7), (128.3, 49.9), (126.4, 51.7), (128.3, 51.7), (128.3, 49.9), (126.4, 51.7), (128.3, 51.7), (128.3, 49.9), (126.4, 51.7), (128.3, 51.7), (128.3, 49.9), (126.4, 51.7), (128.3, 51.7), (128.3, 49.9), (126.4, 51.7), (128.3, 51.7), (139.5, 49.9), (154.4, 49.9), (169.3, 51.7), (180.5, 64.8), (180.5, 79.7), (180.5, 100.3), (186.1, 115.2), (193.6, 115.2), (193.6, 115.2), (193.6, 115.2), (193.6, 115.2), (193.6, 115.2), (193.6, 115.2), (193.6, 115.2), (193.6, 115.2), (193.6, 115.2), (193.6, 115.2), (193.6, 115.2), (193.6, 115.2), (193.6, 115.2), (193.6, 115.2), (193.6, 113.3), (191.7, 115.2), (193.6, 115.2), (193.6, 113.3), (191.7, 115.2), (193.6, 115.2), (191.7, 115.2), (191.7, 115.2), (191.7, 115.2), (191.7, 115.2), (191.7, 115.2), (206.7, 115.2), (229.1, 115.2), (244.0, 124.5), (244.0, 128.3), (244.0, 128.3), (244.0, 128.3), (244.0, 128.3), (240.3, 126.4), (240.3, 126.4), (240.3, 126.4), (240.3, 126.4), (240.3, 126.4), (240.3, 126.4), (240.3, 126.4), (240.3, 126.4), (240.3, 126.4), (240.3, 126.4), (240.3, 126.4), (240.3, 126.4), (240.3, 126.4), (240.3, 126.4), (240.3, 126.4), (240.3, 126.4), (240.3, 126.4), (240.3, 126.4), (240.3, 126.4), (240.3, 126.4), (240.3, 126.4), (240.3, 126.4), (240.3, 126.4), (240.3, 126.4), (240.3, 126.4), (240.3, 126.4)]",0,0,12.23
experienced,bomberman,7,Bomb,15,0,3.73,0.045,"[(48.0, 48.0), (62.9, 44.3), (62.9, 51.7), (62.9, 51.7), (62.9, 51.7), (62.9, 51.7), (62.9, 51.7), (62.9, 51.7), (62.9, 51.7), (62.9, 51.7), (62.9, 51.7), (62.9, 51.7), (62.9, 51.7), (62.9, 51.7), (62.9, 51.7), (62.9, 51.7), (62.9, 51.7), (62.9, 51.7), (62.9, 51.7), (62.9, 51.7), (62.9, 51.7), (62.9, 51.7), (62.9, 51.7), (62.9, 51.7), (62.9, 51.7), (62.9, 51.7), (62.9, 51.7), (62.9, 51.7), (62.9, 51.7), (62.9, 51.7), (62.9, 51.7)]",0,0,4.0
experienced,bomberman,7,Bomb,169,0,14.6,0.409,"[(48.0, 48.0), (62.9, 44.3), (77.9, 51.7), (98.4, 51.7), (113.3, 57.3), (115.2, 61.1), (115.2, 64.8), (115.2, 62.9), (115.2, 61.1), (115.2, 64.8), (115.2, 62.9), (115.2, 61.1), (115.2, 64.8), (115.2, 62.9), (115.2, 61.1), (115.2, 64.8), (115.2, 62.9), (115.2, 61.1), (115.2, 64.8), (115.2, 62.9), (115.2, 61.1), (115.2, 64.8), (115.2, 62.9), (115.2, 61.1), (115.2, 64.8), (115.2, 62.9), (115.2, 61.1), (115.2, 51.7), (130.1, 44.3), (145.1, 44.3), (160.0, 44.3), (174.9, 55.5), (174.9, 70.4), (173.1, 85.3), (180.5, 105.9), (191.7, 115.2), (191.7, 115.2), (191.7, 115.2), (191.7, 115.2), (191.7, 115.2), (202.9, 115.2), (225.3, 115.2), (240.3, 120.8), (244.0, 128.3), (244.0, 128.3), (244.0, 128.3), (244.0, 128.3), (244.0, 128.3), (244.0, 128.3), (244.0, 128.3), (244.0, 128.3), (244.0, 128.3), (244.0, 128.3), (244.0, 128.3), (244.0, 128.3), (244.0, 128.3), (244.0, 128.3), (236.5, 128.3), (238.4, 128.3), (236.5, 126.4), (236.5, 128.3), (238.4, 128.3), (236.5, 126.4), (236.5, 128.3), (238.4, 126.4), (238.4, 126.4), (238.4, 126.4), (238.4, 126.4), (238.4, 126.4), (238.4, 126.4), (238.4, 126.4), (238.4, 126.4), (238.4, 126.4), (238.4, 126.4), (238.4, 126.4), (238.4, 126.4), (238.4, 126.4), (238.4, 126.4), (238.4, 126.4), (238.4, 126.4), (238.4, 126.4), (238.4, 126.4), (238.4, 126.4), (238.4, 126.4), (238.4, 126.4), (238.4, 126.4), (238.4, 126.4), (238.4, 126.4), (238.4, 126.4), (238.4, 126.4), (236.5, 141.3)]",0,0,12.02
experienced,bomberman,7,Bomb,238,0,19.91,0.5,"[(48.0, 48.0), (62.9, 44.3), (77.9, 51.7), (98.4, 49.9), (113.3, 44.3), (128.3, 44.3), (126.4, 51.7), (128.3, 51.7), (128.3, 49.9), (126.4, 51.7), (128.3, 51.7), (128.3, 49.9), (126.4, 51.7), (128.3, 51.7), (128.3, 49.9), (126.4, 51.7), (128.3, 51.7), (128.3, 49.9), (126.4, 51.7), (128.3, 51.7), (128.3, 49.9), (126.4, 51.7), (128.3, 51.7), (128.3, 49.9), (126.4, 51.7), (128.3, 51.7), (143.2, 51.7), (165.6, 48.0), (180.5, 44.3), (195.5, 46.1), (210.4, 51.7), (227.2, 51.7), (242.1, 59.2), (244.0, 74.1), (244.0, 92.8), (244.0, 109.6), (255.2, 115.2), (255.2, 115.2), (255.2, 115.2), (255.2, 115.2), (266.4, 115.2), (286.9, 115.2), (301.9, 118.9), (305.6, 126.4), (305.6, 126.4), (305.6, 126.4), (305.6, 126.4), (305.6, 126.4), (305.6, 126.4), (305.6, 126.4), (305.6, 126.4), (305.6, 126.4), (305.6, 126.4), (305.6, 126.4), (305.6, 126.4), (305.6, 126.4), (305.6, 126.4), (305.6, 126.4), (305.6, 126.4), (305.6, 126.4), (305.6, 126.4), (305.6, 126.4), (305.6, 126.4), (305.6, 126.4), (307.5, 128.3), (307.5, 126.4), (307.5, 124.5), (307.5, 128.3), (307.5, 128.3), (307.5, 128.3), (307.5, 128.3), (307.5, 128.3), (307.5, 128.3), (307.5, 128.3), (307.5, 128.3), (307.5, 128.3), (307.5, 128.3), (307.5, 128.3), (307.5, 128.3), (307.5, 128.3), (307.5, 128.3), (307.5, 128.3), (307.5, 128.3), (307.5, 128.3), (307.5, 128.3), (307.5, 128.3), (307.5, 128.3), (307.5, 128.3), (307.5, 126.4), (307.5, 124.5), (307.5, 128.3)]",0,0,12.0
experienced,bomberman,7,Bomb,21,0,8.96,0.409,"[(48.0, 48.0), (62.9, 51.7), (62.9, 51.7), (64.8, 51.7), (64.8, 49.9), (62.9, 51.7), (64.8, 51.7), (64.8, 49.9), (62.9, 51.7), (64.8, 51.7), (64.8, 49.9), (62.9, 51.7), (64.8, 51.7), (64.8, 49.9), (62.9, 51.7), (64.8, 51.7), (64.8, 49.9), (62.9, 51.7), (64.8, 51.7), (64.8, 49.9), (62.9, 51.7), (64.8, 51.7), (64.8, 49.9), (62.9, 51.7), (64.8, 51.7), (64.8, 49.9), (62.9, 51.7), (76.0, 51.7), (96.5, 51.7), (111.5, 55.5), (115.2, 70.4), (115.2, 79.7), (115.2, 100.3), (115.2, 94.7), (115.2, 96.5), (115.2, 98.4), (115.2, 94.7), (115.2, 96.5), (115.2, 98.4), (115.2, 94.7), (115.2, 107.7), (128.3, 115.2), (143.2, 115.2), (165.6, 115.2), (180.5, 124.5), (174.9, 139.5), (173.1, 160.0), (184.3, 176.8), (191.7, 180.5), (191.7, 180.5), (191.7, 180.5), (191.7, 180.5), (191.7, 180.5), (191.7, 180.5), (191.7, 180.5), (191.7, 180.5), (191.7, 180.5), (191.7, 180.5), (191.7, 180.5), (191.7, 180.5), (191.7, 180.5), (191.7, 180.5), (191.7, 180.5), (191.7, 180.5), (191.7, 180.5), (191.7, 180.5), (191.7, 180.5), (191.7, 180.5), (193.6, 180.5), (193.6, 180.5), (193.6, 180.5), (193.6, 180.5), (193.6, 180.5), (193.6, 180.5), (193.6, 180.5), (193.6, 180.5), (193.6, 180.5), (193.6, 180.5), (193.6, 180.5), (193.6, 180.5), (193.6, 180.5), (193.6, 180.5), (193.6, 180.5), (193.6, 180.5), (193.6, 180.5), (193.6, 180.5), (193.6, 180.5), (193.6, 180.5), (193.6, 180.5), (193.6, 180.5), (193.6, 180.5), (178.7, 169.3), (173.1, 160.0), (173.1, 161.9)]",0,0,12.5
experienced,bomberman,7,Bomb,64,0,17.86,0.591,"[(48.0, 48.0), (62.9, 44.3), (77.9, 51.7), (98.4, 49.9), (113.3, 44.3), (128.3, 44.3), (143.2, 51.7), (165.6, 51.7), (180.5, 61.1), (180.5, 76.0), (180.5, 96.5), (182.4, 111.5), (193.6, 115.2), (193.6, 115.2), (193.6, 115.2), (193.6, 115.2), (193.6, 115.2), (193.6, 115.2), (193.6, 113.3), (191.7, 115.2), (193.6, 115.2), (193.6, 113.3), (191.7, 115.2), (193.6, 115.2), (193.6, 113.3), (191.7, 115.2), (206.7, 115.2), (229.1, 115.2), (244.0, 124.5), (244.0, 139.5), (244.0, 154.4), (244.0, 169.3), (255.2, 180.5), (270.1, 180.5), (286.9, 178.7), (286.9, 178.7), (286.9, 178.7), (286.9, 178.7), (286.9, 178.7), (286.9, 178.7), (286.9, 178.7), (286.9, 178.7), (286.9, 178.7), (286.9, 178.7), (286.9, 178.7), (286.9, 178.7), (286.9, 178.7), (286.9, 178.7), (286.9, 178.7), (286.9, 178.7), (286.9, 178.7), (286.9, 178.7), (286.9, 178.7), (286.9, 178.7), (286.9, 178.7), (286.9, 178.7), (286.9, 178.7), (298.1, 180.5), (307.5, 189.9), (307.5, 193.6), (307.5, 191.7), (307.5, 191.7), (307.5, 189.9), (307.5, 193.6), (301.9, 186.1), (290.7, 173.1), (286.9, 173.1), (286.9, 173.1), (286.9, 173.1), (286.9, 173.1), (286.9, 173.1), (286.9, 173.1), (286.9, 173.1), (286.9, 173.1), (286.9, 173.1), (286.9, 173.1), (286.9, 173.1), (286.9, 173.1), (286.9, 173.1), (286.9, 173.1), (286.9, 173.1), (286.9, 173.1), (286.9, 173.1), (286.9, 173.1), (286.9, 173.1), (286.9, 173.1), (286.9, 173.1), (286.9, 173.1), (286.9, 173.1), (286.9, 173.1), (286.9, 173.1)]",0,0,12.02
experienced,bomberman,7,Stuck,131,0,11.65,0.545,"[(48.0, 48.0), (62.9, 44.3), (77.9, 51.7), (98.4, 49.9), (113.3, 44.3), (128.3, 44.3), (126.4, 51.7), (128.3, 51.7), (128.3, 49.9), (126.4, 51.7), (128.3, 51.7), (128.3, 49.9), (126.4, 51.7), (128.3, 51.7), (128.3, 49.9), (126.4, 51.7), (128.3, 51.7), (128.3, 49.9), (126.4, 51.7), (128.3, 51.7), (128.3, 49.9), (126.4, 51.7), (128.3, 51.7), (128.3, 49.9), (126.4, 51.7), (128.3, 51.7), (128.3, 49.9), (137.6, 51.7), (158.1, 51.7), (174.9, 44.3), (189.9, 44.3), (204.8, 51.7), (227.2, 51.7), (242.1, 59.2), (244.0, 74.1), (244.0, 92.8), (244.0, 109.6), (255.2, 115.2), (255.2, 115.2), (255.2, 115.2), (255.2, 115.2), (255.2, 115.2), (255.2, 115.2), (255.2, 115.2), (255.2, 115.2), (255.2, 115.2), (255.2, 115.2), (255.2, 115.2), (255.2, 115.2), (255.2, 115.2), (255.2, 115.2), (255.2, 115.2), (255.2, 115.2), (255.2, 115.2), (255.2, 115.2), (255.2, 115.2), (255.2, 115.2), (266.4, 115.2), (286.9, 115.2), (301.9, 118.9), (307.5, 126.4), (305.6, 126.4), (305.6, 126.4), (305.6, 126.4), (307.5, 133.9), (307.5, 148.8), (305.6, 160.0), (301.9, 160.0), (300.0, 160.0), (300.0, 160.0), (300.0, 160.0), (300.0, 160.0), (300.0, 160.0), (300.0, 160.0), (300.0, 160.0), (300.0, 160.0), (300.0, 145.1), (300.0, 141.3), (300.0, 141.3), (300.0, 141.3), (300.0, 141.3), (300.0, 141.3), (300.0, 141.3), (300.0, 156.3), (300.0, 160.0), (300.0, 160.0), (300.0, 160.0), (300.0, 173.1), (286.9, 173.1), (286.9, 173.1), (286.9, 173.1), (286.9, 173.1), (286.9, 173.1), (286.9, 173.1), (281.3, 178.7), (277.6, 180.5), (277.6, 180.5), (277.6, 180.5), (277.6, 180.5), (277.6, 180.5), (277.6, 180.5), (277.6, 180.5), (277.6, 180.5), (277.6, 180.5), (277.6, 180.5), (277.6, 180.5), (277.6, 180.5), (277.6, 180.5), (277.6, 180.5), (277.6, 180.5), (277.6, 180.5), (277.6, 180.5), (277.6, 180.5), (277.6, 180.5), (277.6, 180.5), (277.6, 180.5), (277.6, 180.5), (277.6, 180.5), (277.6, 180.5), (277.6, 180.5), (277.6, 180.5), (277.6, 180.5), (277.6, 180.5), (277.6, 180.5), (277.6, 180.5), (277.6, 180.5), (277.6, 180.5), (277.6, 180.5), (277.6, 180.5), (277.6, 180.5), (277.6, 180.5), (277.6, 180.5)]",1,0,17.47
experienced,bomberman,7,Bomb,139,0,19.91,0.5,"[(48.0, 48.0), (62.9, 44.3), (77.9, 51.7), (98.4, 49.9), (113.3, 44.3), (128.3, 44.3), (126.4, 51.7), (128.3, 51.7), (128.3, 49.9), (126.4, 51.7), (128.3, 51.7), (128.3, 49.9), (126.4, 51.7), (128.3, 51.7), (128.3, 49.9), (126.4, 51.7), (128.3, 51.7), (128.3, 49.9), (126.4, 51.7), (128.3, 51.7), (128.3, 49.9), (126.4, 51.7), (128.3, 51.7), (128.3, 49.9), (126.4, 51.7), (128.3, 51.7), (128.3, 49.9), (137.6, 49.9), (152.5, 49.9), (167.5, 44.3), (182.4, 44.3), (197.3, 51.7), (214.1, 51.7), (234.7, 51.7), (244.0, 66.7), (244.0, 81.6), (244.0, 102.1), (251.5, 115.2), (255.2, 115.2), (255.2, 115.2), (255.2, 115.2), (255.2, 115.2), (255.2, 115.2), (255.2, 115.2), (255.2, 115.2), (255.2, 115.2), (255.2, 115.2), (255.2, 115.2), (255.2, 115.2), (255.2, 115.2), (255.2, 115.2), (255.2, 115.2), (255.2, 115.2), (255.2, 115.2), (255.2, 115.2), (255.2, 115.2), (255.2, 115.2), (266.4, 115.2), (286.9, 115.2), (301.9, 118.9), (307.5, 126.4), (305.6, 126.4), (305.6, 126.4), (305.6, 126.4), (305.6, 126.4), (305.6, 126.4), (305.6, 126.4), (305.6, 126.4), (307.5, 126.4), (307.5, 126.4), (307.5, 126.4), (307.5, 126.4), (307.5, 126.4), (307.5, 126.4), (307.5, 126.4), (305.6, 126.4), (305.6, 126.4), (305.6, 126.4), (305.6, 126.4), (305.6, 126.4), (305.6, 126.4), (305.6, 126.4), (305.6, 126.4), (307.5, 126.4), (307.5, 126.4), (307.5, 126.4), (307.5, 126.4), (305.6, 126.4), (305.6, 126.4), (305.6, 126.4), (305.6, 126.4)]",1,0,12.0
experienced,bomberman,7,Stuck,19,0,3.48,0.455,"[(48.0, 48.0), (62.9, 51.7), (62.9, 51.7), (62.9, 51.7), (62.9, 51.7), (62.9, 51.7), (62.9, 51.7), (62.9, 51.7), (62.9, 51.7), (62.9, 51.7), (62.9, 51.7), (62.9, 51.7), (62.9, 51.7), (62.9, 51.7), (62.9, 51.7), (62.9, 51.7), (62.9, 51.7), (62.9, 51.7), (62.9, 51.7), (62.9, 51.7), (62.9, 51.7), (62.9, 51.7), (62.9, 51.7), (62.9, 51.7), (62.9, 51.7), (62.9, 51.7), (62.9, 51.7), (74.1, 51.7), (94.7, 51.7), (109.6, 44.3), (124.5, 44.3), (139.5, 51.7), (161.9, 51.7), (163.7, 51.7), (169.3, 51.7), (180.5, 64.8), (173.1, 79.7), (176.8, 100.3), (186.1, 115.2), (193.6, 115.2), (193.6, 115.2), (193.6, 115.2), (193.6, 115.2), (193.6, 115.2), (193.6, 115.2), (193.6, 115.2), (193.6, 115.2), (193.6, 115.2), (193.6, 115.2), (193.6, 115.2), (193.6, 115.2), (193.6, 115.2), (193.6, 115.2), (193.6, 115.2), (193.6, 115.2), (193.6, 115.2), (193.6, 115.2), (193.6, 115.2), (193.6, 115.2), (193.6, 115.2), (193.6, 115.2), (193.6, 115.2), (193.6, 115.2), (193.6, 115.2), (193.6, 115.2), (193.6, 115.2), (193.6, 115.2), (193.6, 115.2), (193.6, 115.2), (193.6, 115.2), (193.6, 115.2), (193.6, 115.2), (193.6, 115.2), (193.6, 115.2), (193.6, 115.2), (193.6, 115.2), (193.6, 115.2), (193.6, 115.2), (193.6, 115.2), (193.6, 115.2), (193.6, 115.2), (193.6, 115.2), (193.6, 115.2), (193.6, 115.2), (193.6, 115.2), (193.6, 115.2), (193.6, 115.2), (193.6, 115.2), (193.6, 115.2), (193.6, 115.2), (193.6, 115.2), (201.1, 115.2), (221.6, 115.2), (238.4, 118.9), (244.0, 128.3), (242.1, 126.4), (242.1, 126.4), (242.1, 126.4), (242.1, 130.1), (236.5, 145.1), (236.5, 167.5), (227.2, 180.5), (217.9, 180.5), (210.4, 180.5), (202.9, 180.5), (195.5, 180.5), (184.3, 173.1), (173.1, 160.0), (173.1, 161.9), (173.1, 163.7), (173.1, 160.0), (173.1, 161.9), (173.1, 163.7), (173.1, 160.0), (173.1, 161.9), (173.1, 163.7), (173.1, 160.0), (173.1, 161.9), (173.1, 163.7), (173.1, 160.0), (173.1, 161.9), (173.1, 163.7), (173.1, 160.0), (173.1, 161.9), (173.1, 163.7), (173.1, 161.9), (173.1, 161.9), (173.1, 161.9), (173.1, 161.9), (173.1, 146.9), (173.1, 124.5), (173.1, 139.5), (173.1, 160.0), (173.1, 161.9), (173.1, 163.7), (173.1, 160.0), (173.1, 161.9), (173.1, 163.7), (173.1, 160.0), (173.1, 161.9), (173.1, 163.7), (173.1, 160.0), (173.1, 161.9), (173.1, 163.7), (173.1, 160.0), (173.1, 161.9), (173.1, 163.7), (173.1, 160.0), (173.1, 161.9), (173.1, 163.7), (173.1, 160.0), (173.1, 161.9), (173.1, 163.7), (173.1, 160.0), (173.1, 161.9), (173.1, 163.7), (173.1, 160.0), (173.1, 173.1), (161.9, 180.5), (161.9, 180.5), (161.9, 180.5), (161.9, 173.1), (161.9, 173.1), (161.9, 173.1), (161.9, 173.1), (161.9, 173.1), (161.9, 173.1), (161.9, 173.1), (161.9, 173.1), (161.9, 173.1), (161.9, 173.1), (161.9, 173.1), (161.9, 173.1), (161.9, 173.1), (161.9, 173.1), (161.9, 173.1), (161.9, 173.1), (161.9, 173.1), (161.9, 173.1), (161.9, 173.1), (161.9, 173.1), (161.9, 173.1), (161.9, 173.1), (161.9, 173.1), (161.9, 173.1), (161.9, 173.1), (161.9, 173.1), (161.9, 173.1), (161.9, 173.1), (161.9, 173.1), (161.9, 173.1), (161.9, 173.1), (161.9, 173.1), (161.9, 173.1), (161.9, 173.1), (161.9, 173.1), (161.9, 173.1), (161.9, 173.1), (161.9, 173.1), (161.9, 173.1), (161.9, 173.1), (161.9, 173.1)]",1,0,26.8
experienced,bomberman,7,Stuck,117,0,8.85,0.455,"[(48.0, 48.0), (62.9, 51.7), (62.9, 51.7), (62.9, 51.7), (62.9, 51.7), (62.9, 51.7), (62.9, 51.7), (62.9, 51.7), (62.9, 51.7), (62.9, 51.7), (62.9, 51.7), (62.9, 51.7), (62.9, 51.7), (62.9, 51.7), (62.9, 51.7), (62.9, 51.7), (62.9, 51.7), (62.9, 51.7), (62.9, 51.7), (62.9, 51.7), (62.9, 51.7), (62.9, 51.7), (62.9, 51.7), (62.9, 51.7), (62.9, 51.7), (62.9, 51.7), (62.9, 51.7), (74.1, 51.7), (94.7, 51.7), (109.6, 44.3), (124.5, 44.3), (139.5, 51.7), (161.9, 51.7), (161.9, 51.7), (161.9, 51.7), (161.9, 51.7), (161.9, 51.7), (161.9, 51.7), (161.9, 51.7), (161.9, 51.7), (173.1, 53.6), (180.5, 68.5), (180.5, 83.5), (180.5, 104.0), (189.9, 115.2), (193.6, 115.2), (193.6, 115.2), (193.6, 115.2), (193.6, 115.2), (193.6, 115.2), (193.6, 115.2), (193.6, 115.2), (193.6, 115.2), (193.6, 115.2), (193.6, 115.2), (193.6, 115.2), (193.6, 115.2), (201.1, 115.2), (221.6, 115.2), (238.4, 118.9), (242.1, 126.4), (242.1, 137.6), (242.1, 152.5), (236.5, 167.5), (227.2, 180.5), (223.5, 180.5), (223.5, 180.5), (223.5, 180.5), (223.5, 180.5), (223.5, 180.5), (223.5, 180.5), (223.5, 180.5), (223.5, 180.5), (223.5, 180.5), (223.5, 180.5), (223.5, 180.5), (223.5, 180.5), (223.5, 180.5), (223.5, 180.5), (223.5, 180.5), (223.5, 180.5), (223.5, 180.5), (223.5, 180.5), (223.5, 180.5), (223.5, 180.5), (223.5, 180.5), (223.5, 180.5), (223.5, 180.5), (223.5, 180.5), (223.5, 180.5), (223.5, 180.5), (223.5, 180.5), (223.5, 180.5), (223.5, 180.5), (223.5, 180.5), (223.5, 180.5), (223.5, 180.5), (223.5, 180.5), (223.5, 180.5), (223.5, 180.5), (223.5, 180.5), (223.5, 180.5), (223.5, 180.5), (223.5, 180.5), (223.5, 180.5), (223.5, 180.5), (223.5, 180.5), (223.5, 180.5), (223.5, 180.5), (223.5, 180.5), (223.5, 180.5), (223.5, 180.5), (223.5, 180.5), (223.5, 180.5), (223.5, 180.5), (223.5, 180.5), (223.5, 180.5), (223.5, 180.5), (223.5, 180.5), (223.5, 180.5), (223.5, 180.5), (223.5, 180.5), (223.5, 180.5), (223.5, 180.5), (223.5, 180.5), (223.5, 180.5), (223.5, 180.5), (223.5, 180.5), (223.5, 180.5), (223.5, 180.5), (223.5, 180.5), (223.5, 180.5)]",1,0,17.5
experienced,bomberman,7,Bomb,1,0,3.73,0.045,"[(48.0, 48.0), (62.9, 44.3), (62.9, 44.3), (62.9, 44.3), (62.9, 44.3), (62.9, 44.3), (62.9, 44.3), (62.9, 44.3), (62.9, 44.3), (62.9, 44.3), (62.9, 44.3), (62.9, 44.3), (62.9, 44.3), (62.9, 44.3), (62.9, 44.3), (62.9, 44.3), (62.9, 44.3), (62.9, 44.3), (62.9, 44.3), (62.9, 44.3), (62.9, 44.3), (62.9, 44.3), (62.9, 44.3), (62.9, 44.3), (62.9, 44.3), (62.9, 44.3), (62.9, 44.3), (62.9, 44.3), (62.9, 44.3), (62.9, 44.3), (62.9, 44.3)]",0,0,4.0
experienced,bomberman,7,Enemy,1,0,6.93,0.136,"[(48.0, 48.0), (62.9, 44.3), (77.9, 51.7), (98.4, 51.7), (113.3, 57.3), (115.2, 61.1), (115.2, 64.8), (115.2, 62.9), (115.2, 61.1), (115.2, 64.8), (115.2, 62.9), (115.2, 61.1), (115.2, 64.8), (115.2, 62.9), (115.2, 61.1), (115.2, 64.8), (115.2, 62.9), (115.2, 61.1), (115.2, 64.8), (115.2, 62.9), (115.2, 61.1), (115.2, 64.8), (115.2, 62.9), (115.2, 61.1), (115.2, 64.8), (115.2, 62.9), (115.2, 61.1), (115.2, 64.8), (115.2, 62.9), (115.2, 61.1), (115.2, 64.8), (115.2, 62.9), (115.2, 61.1), (115.2, 64.8), (115.2, 62.9), (115.2, 61.1), (115.2, 64.8), (115.2, 62.9), (115.2, 61.1), (115.2, 64.8), (115.2, 62.9), (115.2, 61.1), (115.2, 64.8), (115.2, 62.9), (115.2, 61.1), (115.2, 64.8), (115.2, 62.9), (115.2, 61.1), (115.2, 64.8), (115.2, 62.9), (115.2, 61.1), (115.2, 64.8), (115.2, 62.9), (115.2, 61.1), (115.2, 64.8), (115.2, 62.9), (115.2, 61.1), (115.2, 64.8), (115.2, 62.9), (115.2, 61.1), (115.2, 64.8), (115.2, 62.9), (115.2, 61.1), (115.2, 64.8), (115.2, 62.9), (115.2, 61.1), (115.2, 64.8)]",0,0,8.88
experienced,bomberman,7,Stuck,7,0,9.7,0.455,"[(48.0, 48.0), (62.9, 44.3), (77.9, 51.7), (98.4, 51.7), (113.3, 57.3), (115.2, 61.1), (115.2, 64.8), (115.2, 62.9), (115.2, 61.1), (115.2, 64.8), (115.2, 62.9), (115.2, 61.1), (115.2, 64.8), (115.2, 62.9), (115.2, 61.1), (115.2, 64.8), (115.2, 62.9), (115.2, 61.1), (115.2, 64.8), (115.2, 62.9), (115.2, 61.1), (115.2, 64.8), (115.2, 62.9), (115.2, 61.1), (115.2, 64.8), (115.2, 62.9), (115.2, 61.1), (115.2, 51.7), (130.1, 46.1), (145.1, 51.7), (167.5, 51.7), (180.5, 62.9), (180.5, 77.9), (180.5, 98.4), (184.3, 113.3), (199.2, 115.2), (217.9, 115.2), (236.5, 117.1), (240.3, 128.3), (238.4, 128.3), (236.5, 139.5), (236.5, 160.0), (232.8, 176.8), (223.5, 180.5), (225.3, 180.5), (223.5, 180.5), (223.5, 180.5), (225.3, 180.5), (225.3, 180.5), (225.3, 180.5), (225.3, 180.5), (225.3, 180.5), (225.3, 180.5), (225.3, 180.5), (223.5, 180.5), (225.3, 180.5), (223.5, 180.5), (217.9, 180.5), (210.4, 180.5), (201.1, 180.5), (191.7, 180.5), (193.6, 180.5), (193.6, 180.5), (193.6, 180.5), (193.6, 180.5), (193.6, 180.5), (193.6, 180.5), (193.6, 180.5), (193.6, 178.7), (193.6, 173.1), (193.6, 173.1), (193.6, 173.1), (193.6, 173.1), (193.6, 173.1), (193.6, 173.1), (193.6, 173.1), (193.6, 173.1), (193.6, 173.1), (193.6, 173.1), (193.6, 173.1), (193.6, 173.1), (193.6, 173.1), (193.6, 173.1), (193.6, 180.5), (193.6, 180.5), (193.6, 180.5), (193.6, 180.5), (193.6, 180.5), (193.6, 180.5), (193.6, 180.5), (193.6, 180.5), (193.6, 180.5), (193.6, 180.5), (193.6, 180.5), (193.6, 180.5), (193.6, 180.5), (193.6, 180.5), (193.6, 180.5), (193.6, 180.5), (193.6, 180.5), (193.6, 180.5), (193.6, 180.5)]",0,0,13.47
experienced,bomberman,7,Bomb,143,0,19.76,0.5,"[(48.0, 48.0), (62.9, 44.3), (77.9, 51.7), (98.4, 49.9), (113.3, 44.3), (128.3, 44.3), (126.4, 51.7), (128.3, 51.7), (128.3, 49.9), (126.4, 51.7), (128.3, 51.7), (128.3, 49.9), (126.4, 51.7), (128.3, 51.7), (128.3, 49.9), (126.4, 51.7), (128.3, 51.7), (128.3, 49.9), (126.4, 51.7), (128.3, 51.7), (128.3, 49.9), (126.4, 51.7), (128.3, 51.7), (128.3, 49.9), (126.4, 51.7), (128.3, 51.7), (128.3, 51.7), (139.5, 49.9), (154.4, 49.9), (169.3, 44.3), (184.3, 44.3), (199.2, 51.7), (217.9, 51.7), (236.5, 53.6), (244.0, 68.5), (244.0, 83.5), (244.0, 104.0), (253.3, 115.2), (257.1, 115.2), (257.1, 115.2), (257.1, 115.2), (257.1, 115.2), (257.1, 115.2), (257.1, 115.2), (257.1, 115.2), (257.1, 115.2), (257.1, 115.2), (257.1, 115.2), (257.1, 115.2), (257.1, 115.2), (257.1, 115.2), (257.1, 115.2), (257.1, 115.2), (257.1, 115.2), (257.1, 115.2), (257.1, 115.2), (257.1, 115.2), (268.3, 115.2), (288.8, 115.2), (303.7, 120.8), (307.5, 124.5), (307.5, 128.3), (307.5, 128.3), (307.5, 128.3), (307.5, 128.3), (307.5, 128.3), (307.5, 128.3), (307.5, 128.3), (307.5, 128.3), (307.5, 128.3), (307.5, 128.3), (307.5, 128.3), (307.5, 128.3), (307.5, 128.3), (307.5, 128.3), (307.5, 128.3), (307.5, 128.3), (307.5, 128.3), (307.5, 128.3), (307.5, 128.3), (307.5, 128.3), (307.5, 128.3), (307.5, 128.3), (307.5, 128.3), (307.5, 128.3), (307.5, 128.3), (307.5, 128.3), (300.0, 128.3), (303.7, 128.3), (300.0, 124.5), (303.7, 128.3)]",1,0,12.0
experienced,bomberman,7,Bomb,66,0,28.41,0.5,"[(48.0, 48.0), (62.9, 44.3), (77.9, 51.7), (98.4, 51.7), (113.3, 57.3), (117.1, 49.9), (132.0, 51.7), (146.9, 51.7), (169.3, 44.3), (184.3, 44.3), (199.2, 49.9), (217.9, 51.7), (236.5, 53.6), (240.3, 68.5), (236.5, 83.5), (244.0, 104.0), (253.3, 115.2), (268.3, 115.2), (288.8, 115.2), (303.7, 120.8), (307.5, 128.3), (307.5, 128.3), (307.5, 128.3), (307.5, 128.3), (307.5, 128.3), (307.5, 128.3), (307.5, 128.3), (307.5, 128.3), (307.5, 128.3), (307.5, 128.3), (307.5, 128.3), (305.6, 143.2), (305.6, 158.1), (300.0, 146.9), (300.0, 124.5), (303.7, 128.3), (303.7, 128.3), (303.7, 128.3), (303.7, 128.3), (303.7, 128.3), (303.7, 128.3), (303.7, 128.3), (303.7, 128.3), (303.7, 128.3), (303.7, 128.3), (303.7, 128.3), (303.7, 128.3), (303.7, 128.3), (303.7, 128.3), (303.7, 128.3), (303.7, 128.3), (303.7, 128.3), (303.7, 128.3), (303.7, 128.3), (303.7, 128.3), (303.7, 128.3), (303.7, 128.3), (303.7, 128.3), (303.7, 128.3), (303.7, 128.3), (303.7, 128.3)]",0,0,8.02
experienced,bomberman,7,Enemy,142,0,21.04,0.227,"[(48.0, 48.0), (62.9, 44.3), (62.9, 44.3), (62.9, 44.3), (62.9, 44.3), (62.9, 44.3), (62.9, 44.3), (62.9, 44.3), (62.9, 44.3), (62.9, 44.3), (62.9, 44.3), (62.9, 44.3), (62.9, 44.3), (62.9, 44.3), (62.9, 44.3), (62.9, 44.3), (62.9, 44.3), (62.9, 44.3), (62.9, 44.3), (62.9, 44.3), (62.9, 44.3), (62.9, 44.3), (62.9, 44.3), (62.9, 44.3), (62.9, 44.3), (62.9, 44.3), (62.9, 44.3), (74.1, 44.3), (89.1, 44.3), (104.0, 51.7), (115.2, 62.9), (117.1, 49.9), (132.0, 51.7), (146.9, 51.7), (169.3, 46.1), (184.3, 44.3), (193.6, 49.9), (191.7, 51.7), (193.6, 51.7), (193.6, 49.9), (191.7, 51.7), (193.6, 51.7), (193.6, 49.9), (191.7, 51.7), (193.6, 51.7), (193.6, 49.9), (191.7, 51.7), (193.6, 51.7), (193.6, 51.7), (193.6, 51.7)]",0,0,6.57
experienced,bomberman,7,Stuck,131,0,11.65,0.545,"[(48.0, 48.0), (62.9, 44.3), (77.9, 51.7), (98.4, 49.9), (113.3, 44.3), (128.3, 44.3), (126.4, 51.7), (128.3, 51.7), (128.3, 49.9), (126.4, 51.7), (128.3, 51.7), (128.3, 49.9), (126.4, 51.7), (128.3, 51.7), (128.3, 49.9), (126.4, 51.7), (128.3, 51.7), (128.3, 49.9), (126.4, 51.7), (128.3, 51.7), (128.3, 49.9), (126.4, 51.7), (128.3, 51.7), (128.3, 49.9), (126.4, 51.7), (128.3, 51.7), (128.3, 49.9), (137.6, 51.7), (158.1, 51.7), (174.9, 44.3), (189.9, 44.3), (204.8, 51.7), (227.2, 51.7), (242.1, 59.2), (244.0, 74.1), (244.0, 92.8), (244.0, 109.6), (255.2, 115.2), (255.2, 115.2), (255.2, 115.2), (255.2, 115.2), (255.2, 115.2), (255.2, 115.2), (255.2, 115.2), (255.2, 115.2), (255.2, 115.2), (255.2, 115.2), (255.2, 115.2), (255.2, 115.2), (255.2, 115.2), (255.2, 115.2), (255.2, 115.2), (255.2, 115.2), (255.2, 115.2), (255.2, 115.2), (255.2, 115.2), (255.2, 115.2), (266.4, 115.2), (286.9, 115.2), (301.9, 118.9), (307.5, 126.4), (305.6, 126.4), (305.6, 126.4), (305.6, 126.4), (307.5, 133.9), (307.5, 148.8), (305.6, 160.0), (301.9, 160.0), (300.0, 160.0), (300.0, 160.0), (300.0, 160.0), (300.0, 160.0), (300.0, 160.0), (300.0, 160.0), (300.0, 160.0), (300.0, 160.0), (300.0, 145.1), (300.0, 141.3), (300.0, 141.3), (300.0, 141.3), (300.0, 141.3), (300.0, 141.3), (300.0, 141.3), (300.0, 156.3), (300.0, 160.0), (300.0, 160.0), (300.0, 160.0), (300.0, 173.1), (286.9, 173.1), (286.9, 173.1), (286.9, 173.1), (286.9, 173.1), (286.9, 173.1), (286.9, 173.1), (281.3, 178.7), (277.6, 180.5), (277.6, 180.5), (277.6, 180.5), (277.6, 180.5), (277.6, 180.5), (277.6, 180.5), (277.6, 180.5), (277.6, 180.5), (277.6, 180.5), (277.6, 180.5), (277.6, 180.5), (277.6, 180.5), (277.6, 180.5), (277.6, 180.5), (277.6, 180.5), (277.6, 180.5), (277.6, 180.5), (277.6, 180.5), (277.6, 180.5), (277.6, 180.5), (277.6, 180.5), (277.6, 180.5), (277.6, 180.5), (277.6, 180.5), (277.6, 180.5), (277.6, 180.5), (277.6, 180.5), (277.6, 180.5), (277.6, 180.5), (277.6, 180.5), (277.6, 180.5), (277.6, 180.5), (277.6, 180.5), (277.6, 180.5), (277.6, 180.5), (277.6, 180.5), (277.6, 180.5)]",1,0,17.47
experienced,bomberman,7,Bomb,143,0,19.76,0.5,"[(48.0, 48.0), (62.9, 44.3), (77.9, 51.7), (98.4, 49.9), (113.3, 44.3), (128.3, 44.3), (126.4, 51.7), (128.3, 51.7), (128.3, 49.9), (126.4, 51.7), (128.3, 51.7), (128.3, 49.9), (126.4, 51.7), (128.3, 51.7), (128.3, 49.9), (126.4, 51.7), (128.3, 51.7), (128.3, 49.9), (126.4, 51.7), (128.3, 51.7), (128.3, 49.9), (126.4, 51.7), (128.3, 51.7), (128.3, 49.9), (126.4, 51.7), (128.3, 51.7), (128.3, 51.7), (139.5, 49.9), (154.4, 49.9), (169.3, 44.3), (184.3, 44.3), (199.2, 51.7), (217.9, 51.7), (236.5, 53.6), (244.0, 68.5), (244.0, 83.5), (244.0, 104.0), (253.3, 115.2), (257.1, 115.2), (257.1, 115.2), (257.1, 115.2), (257.1, 115.2), (257.1, 115.2), (257.1, 115.2), (257.1, 115.2), (257.1, 115.2), (257.1, 115.2), (257.1, 115.2), (257.1, 115.2), (257.1, 115.2), (257.1, 115.2), (257.1, 115.2), (257.1, 115.2), (257.1, 115.2), (257.1, 115.2), (257.1, 115.2), (257.1, 115.2), (268.3, 115.2), (288.8, 115.2), (303.7, 120.8), (307.5, 124.5), (307.5, 128.3), (307.5, 128.3), (307.5, 128.3), (307.5, 128.3), (307.5, 128.3), (307.5, 128.3), (307.5, 128.3), (307.5, 128.3), (307.5, 128.3), (307.5, 128.3), (307.5, 128.3), (307.5, 128.3), (307.5, 128.3), (307.5, 128.3), (307.5, 128.3), (307.5, 128.3), (307.5, 128.3), (307.5, 128.3), (307.5, 128.3), (307.5, 128.3), (307.5, 128.3), (307.5, 128.3), (307.5, 128.3), (307.5, 128.3), (307.5, 128.3), (307.5, 128.3), (300.0, 128.3), (303.7, 128.3), (300.0, 124.5), (303.7, 128.3)]",1,0,12.0
experienced,bomberman,7,Bomb,139,0,19.91,0.5,"[(48.0, 48.0), (62.9, 44.3), (77.9, 51.7), (98.4, 49.9), (113.3, 44.3), (128.3, 44.3), (126.4, 51.7), (128.3, 51.7), (128.3, 49.9), (126.4, 51.7), (128.3, 51.7), (128.3, 49.9), (126.4, 51.7), (128.3, 51.7), (128.3, 49.9), (126.4, 51.7), (128.3, 51.7), (128.3, 49.9), (126.4, 51.7), (128.3, 51.7), (128.3, 49.9), (126.4, 51.7), (128.3, 51.7), (128.3, 49.9), (126.4, 51.7), (128.3, 51.7), (128.3, 49.9), (137.6, 49.9), (152.5, 49.9), (167.5, 44.3), (182.4, 44.3), (197.3, 51.7), (214.1, 51.7), (234.7, 51.7), (244.0, 66.7), (244.0, 81.6), (244.0, 102.1), (251.5, 115.2), (255.2, 115.2), (255.2, 115.2), (255.2, 115.2), (255.2, 115.2), (255.2, 115.2), (255.2, 115.2), (255.2, 115.2), (255.2, 115.2), (255.2, 115.2), (255.2, 115.2), (255.2, 115.2), (255.2, 115.2), (255.2, 115.2), (255.2, 115.2), (255.2, 115.2), (255.2, 115.2), (255.2, 115.2), (255.2, 115.2), (255.2, 115.2), (266.4, 115.2), (286.9, 115.2), (301.9, 118.9), (307.5, 126.4), (305.6, 126.4), (305.6, 126.4), (305.6, 126.4), (305.6, 126.4), (305.6, 126.4), (305.6, 126.4), (305.6, 126.4), (307.5, 126.4), (307.5, 126.4), (307.5, 126.4), (307.5, 126.4), (307.5, 126.4), (307.5, 126.4), (307.5, 126.4), (305.6, 126.4), (305.6, 126.4), (305.6, 126.4), (305.6, 126.4), (305.6, 126.4), (305.6, 126.4), (305.6, 126.4), (305.6, 126.4), (307.5, 126.4), (307.5, 126.4), (307.5, 126.4), (307.5, 126.4), (305.6, 126.4), (305.6, 126.4), (305.6, 126.4), (305.6, 126.4)]",1,0,12.0
experienced,bomberman,7,Stuck,117,0,8.85,0.455,"[(48.0, 48.0), (62.9, 51.7), (62.9, 51.7), (62.9, 51.7), (62.9, 51.7), (62.9, 51.7), (62.9, 51.7), (62.9, 51.7), (62.9, 51.7), (62.9, 51.7), (62.9, 51.7), (62.9, 51.7), (62.9, 51.7), (62.9, 51.7), (62.9, 51.7), (62.9, 51.7), (62.9, 51.7), (62.9, 51.7), (62.9, 51.7), (62.9, 51.7), (62.9, 51.7), (62.9, 51.7), (62.9, 51.7), (62.9, 51.7), (62.9, 51.7), (62.9, 51.7), (62.9, 51.7), (74.1, 51.7), (94.7, 51.7), (109.6, 44.3), (124.5, 44.3), (139.5, 51.7), (161.9, 51.7), (161.9, 51.7), (161.9, 51.7), (161.9, 51.7), (161.9, 51.7), (161.9, 51.7), (161.9, 51.7), (161.9, 51.7), (173.1, 53.6), (180.5, 68.5), (180.5, 83.5), (180.5, 104.0), (189.9, 115.2), (193.6, 115.2), (193.6, 115.2), (193.6, 115.2), (193.6, 115.2), (193.6, 115.2), (193.6, 115.2), (193.6, 115.2), (193.6, 115.2), (193.6, 115.2), (193.6, 115.2), (193.6, 115.2), (193.6, 115.2), (201.1, 115.2), (221.6, 115.2), (238.4, 118.9), (242.1, 126.4), (242.1, 137.6), (242.1, 152.5), (236.5, 167.5), (227.2, 180.5), (223.5, 180.5), (223.5, 180.5), (223.5, 180.5), (223.5, 180.5), (223.5, 180.5), (223.5, 180.5), (223.5, 180.5), (223.5, 180.5), (223.5, 180.5), (223.5, 180.5), (223.5, 180.5), (223.5, 180.5), (223.5, 180.5), (223.5, 180.5), (223.5, 180.5), (223.5, 180.5), (223.5, 180.5), (223.5, 180.5), (223.5, 180.5), (223.5, 180.5), (223.5, 180.5), (223.5, 180.5), (223.5, 180.5), (223.5, 180.5), (223.5, 180.5), (223.5, 180.5), (223.5, 180.5), (223.5, 180.5), (223.5, 180.5), (223.5, 180.5), (223.5, 180.5), (223.5, 180.5), (223.5, 180.5), (223.5, 180.5), (223.5, 180.5), (223.5, 180.5), (223.5, 180.5), (223.5, 180.5), (223.5, 180.5), (223.5, 180.5), (223.5, 180.5), (223.5, 180.5), (223.5, 180.5), (223.5, 180.5), (223.5, 180.5), (223.5, 180.5), (223.5, 180.5), (223.5, 180.5), (223.5, 180.5), (223.5, 180.5), (223.5, 180.5), (223.5, 180.5), (223.5, 180.5), (223.5, 180.5), (223.5, 180.5), (223.5, 180.5), (223.5, 180.5), (223.5, 180.5), (223.5, 180.5), (223.5, 180.5), (223.5, 180.5), (223.5, 180.5), (223.5, 180.5), (223.5, 180.5), (223.5, 180.5), (223.5, 180.5), (223.5, 180.5)]",1,0,17.5
experienced,bomberman,7,Bomb,32,0,10.53,0.455,"[(48.0, 48.0), (62.9, 44.3), (62.9, 46.1), (62.9, 46.1), (62.9, 46.1), (62.9, 46.1), (62.9, 46.1), (62.9, 46.1), (62.9, 46.1), (62.9, 46.1), (62.9, 46.1), (62.9, 46.1), (62.9, 46.1), (62.9, 46.1), (62.9, 46.1), (62.9, 46.1), (62.9, 46.1), (62.9, 46.1), (62.9, 46.1), (62.9, 46.1), (62.9, 46.1), (62.9, 46.1), (62.9, 46.1), (62.9, 46.1), (62.9, 46.1), (62.9, 46.1), (62.9, 46.1), (74.1, 44.3), (89.1, 44.3), (104.0, 44.3), (118.9, 44.3), (133.9, 49.9), (150.7, 51.7), (171.2, 51.7), (180.5, 59.2), (180.5, 59.2), (180.5, 59.2), (180.5, 59.2), (180.5, 59.2), (180.5, 59.2), (174.9, 70.4), (173.1, 85.3), (180.5, 105.9), (191.7, 115.2), (206.7, 115.2), (229.1, 115.2), (244.0, 124.5), (236.5, 139.5), (236.5, 160.0), (232.8, 176.8), (217.9, 180.5), (201.1, 180.5), (201.1, 180.5), (221.6, 180.5), (212.3, 180.5), (191.7, 180.5), (191.7, 180.5), (195.5, 180.5), (210.4, 180.5), (225.3, 180.5), (225.3, 180.5), (217.9, 180.5), (201.1, 180.5), (193.6, 178.7), (193.6, 178.7), (193.6, 178.7), (193.6, 178.7), (193.6, 178.7), (193.6, 178.7), (193.6, 178.7), (193.6, 178.7), (193.6, 178.7), (193.6, 178.7), (193.6, 178.7), (193.6, 178.7), (191.7, 180.5), (191.7, 180.5), (191.7, 180.5), (191.7, 180.5), (191.7, 180.5), (191.7, 180.5), (191.7, 180.5), (191.7, 180.5), (193.6, 178.7), (193.6, 178.7), (193.6, 178.7), (193.6, 178.7), (193.6, 178.7), (193.6, 178.7), (193.6, 178.7), (191.7, 180.5), (191.7, 176.8), (191.7, 173.1), (191.7, 173.1), (191.7, 173.1)]",0,0,12.58
experienced,bomberman,7,Bomb,19,0,29.4,0.5,"[(48.0, 48.0), (62.9, 44.3), (77.9, 44.3), (92.8, 44.3), (107.7, 44.3), (122.7, 44.3), (137.6, 51.7), (158.1, 51.7), (174.9, 44.3), (189.9, 44.3), (193.6, 44.3), (197.3, 48.0), (214.1, 51.7), (234.7, 51.7), (242.1, 62.9), (242.1, 62.9), (242.1, 62.9), (242.1, 62.9), (242.1, 66.7), (236.5, 81.6), (242.1, 102.1), (251.5, 115.2), (255.2, 115.2), (255.2, 115.2), (255.2, 115.2), (255.2, 115.2), (270.1, 115.2), (290.7, 115.2), (305.6, 122.7), (305.6, 126.4), (305.6, 126.4), (305.6, 126.4), (305.6, 126.4), (305.6, 126.4), (305.6, 126.4), (305.6, 126.4), (305.6, 126.4), (305.6, 126.4), (305.6, 126.4), (305.6, 126.4), (307.5, 126.4), (307.5, 126.4), (307.5, 126.4), (307.5, 126.4), (307.5, 126.4), (307.5, 126.4), (307.5, 126.4), (305.6, 126.4), (305.6, 126.4), (305.6, 126.4), (305.6, 126.4), (305.6, 126.4), (305.6, 126.4), (305.6, 126.4), (305.6, 126.4), (305.6, 126.4), (305.6, 126.4), (301.9, 130.1), (301.9, 126.4), (300.0, 128.3), (303.7, 128.3)]",0,0,8.0
experienced,bomberman,7,Stuck,3,0,8.85,0.455,"[(48.0, 48.0), (62.9, 44.3), (64.8, 51.7), (64.8, 49.9), (62.9, 51.7), (64.8, 51.7), (64.8, 49.9), (62.9, 51.7), (64.8, 51.7), (64.8, 49.9), (62.9, 51.7), (64.8, 51.7), (64.8, 49.9), (62.9, 51.7), (64.8, 51.7), (64.8, 49.9), (62.9, 51.7), (64.8, 51.7), (64.8, 49.9), (62.9, 51.7), (64.8, 51.7), (64.8, 49.9), (62.9, 51.7), (64.8, 51.7), (64.8, 49.9), (62.9, 51.7), (64.8, 51.7), (76.0, 51.7), (96.5, 51.7), (111.5, 44.3), (126.4, 44.3), (141.3, 51.7), (163.7, 51.7), (178.7, 59.2), (180.5, 74.1), (180.5, 92.8), (180.5, 109.6), (191.7, 115.2), (193.6, 115.2), (193.6, 113.3), (191.7, 115.2), (191.7, 115.2), (191.7, 115.2), (191.7, 115.2), (191.7, 115.2), (191.7, 115.2), (191.7, 115.2), (193.6, 113.3), (191.7, 115.2), (193.6, 115.2), (193.6, 113.3), (191.7, 115.2), (193.6, 115.2), (193.6, 113.3), (193.6, 115.2), (193.6, 115.2), (193.6, 115.2), (201.1, 115.2), (221.6, 115.2), (238.4, 118.9), (242.1, 126.4), (236.5, 137.6), (236.5, 156.3), (234.7, 174.9), (223.5, 180.5), (223.5, 180.5), (223.5, 180.5), (223.5, 180.5), (223.5, 180.5), (223.5, 180.5), (223.5, 180.5), (223.5, 180.5), (223.5, 180.5), (223.5, 180.5), (223.5, 180.5), (223.5, 180.5), (223.5, 180.5), (223.5, 180.5), (223.5, 180.5), (223.5, 180.5), (223.5, 180.5), (223.5, 180.5), (223.5, 180.5), (223.5, 180.5), (223.5, 180.5), (223.5, 180.5), (223.5, 180.5), (223.5, 180.5), (223.5, 180.5), (223.5, 180.5), (223.5, 180.5), (223.5, 180.5), (223.5, 180.5), (223.5, 180.5), (223.5, 180.5), (223.5, 180.5), (223.5, 180.5), (223.5, 180.5), (223.5, 180.5), (223.5, 180.5), (223.5, 180.5), (223.5, 180.5), (223.5, 180.5), (223.5, 180.5), (223.5, 180.5), (223.5, 180.5), (223.5, 180.5), (223.5, 180.5), (223.5, 180.5), (223.5, 180.5), (223.5, 180.5), (223.5, 180.5), (223.5, 180.5), (223.5, 180.5), (223.5, 180.5), (223.5, 180.5), (223.5, 180.5), (223.5, 180.5), (223.5, 180.5), (223.5, 180.5), (223.5, 180.5), (223.5, 180.5), (223.5, 180.5), (223.5, 180.5), (223.5, 180.5), (223.5, 180.5), (223.5, 180.5), (223.5, 180.5), (223.5, 180.5), (223.5, 180.5), (223.5, 180.5), (223.5, 180.5)]",1,0,17.5
experienced,bomberman,7,Bomb,28,0,12.36,0.409,"[(48.0, 48.0), (62.9, 44.3), (77.9, 51.7), (98.4, 51.7), (113.3, 57.3), (115.2, 61.1), (115.2, 64.8), (115.2, 62.9), (115.2, 61.1), (115.2, 64.8), (115.2, 62.9), (115.2, 61.1), (115.2, 64.8), (115.2, 62.9), (115.2, 61.1), (115.2, 64.8), (115.2, 62.9), (115.2, 61.1), (115.2, 64.8), (115.2, 62.9), (115.2, 61.1), (115.2, 64.8), (115.2, 62.9), (115.2, 61.1), (115.2, 64.8), (115.2, 62.9), (115.2, 61.1), (115.2, 64.8), (115.2, 62.9), (115.2, 61.1), (115.2, 64.8), (115.2, 62.9), (115.2, 61.1), (115.2, 76.0), (115.2, 79.7), (115.2, 64.8), (115.2, 62.9), (115.2, 61.1), (115.2, 64.8), (115.2, 62.9), (115.2, 61.1), (115.2, 61.1), (115.2, 61.1), (115.2, 61.1), (115.2, 61.1), (115.2, 61.1), (115.2, 61.1), (115.2, 55.5), (126.4, 44.3), (141.3, 51.7), (163.7, 51.7), (178.7, 59.2), (180.5, 74.1), (180.5, 92.8), (180.5, 109.6), (191.7, 115.2), (191.7, 115.2), (191.7, 115.2), (191.7, 115.2), (191.7, 115.2), (191.7, 115.2), (191.7, 115.2), (191.7, 115.2), (191.7, 115.2), (191.7, 115.2), (191.7, 115.2), (191.7, 115.2), (191.7, 115.2), (191.7, 115.2), (191.7, 115.2), (191.7, 115.2), (191.7, 115.2), (191.7, 115.2), (195.5, 115.2), (210.4, 115.2), (232.8, 115.2), (244.0, 128.3), (244.0, 128.3), (244.0, 128.3), (244.0, 128.3), (244.0, 128.3), (244.0, 128.3), (244.0, 128.3), (244.0, 128.3), (244.0, 128.3), (244.0, 128.3), (244.0, 128.3), (244.0, 128.3), (244.0, 128.3), (244.0, 128.3), (244.0, 128.3), (244.0, 128.3), (244.0, 128.3), (244.0, 128.3), (244.0, 128.3), (244.0, 128.3), (244.0, 128.3), (244.0, 128.3), (244.0, 128.3), (244.0, 128.3), (244.0, 128.3), (244.0, 128.3), (244.0, 128.3), (244.0, 128.3), (244.0, 128.3), (244.0, 128.3), (244.0, 128.3)]",0,0,14.2
experienced,bomberman,7,Bomb,2,0,9.62,0.091,"[(48.0, 48.0), (62.9, 51.7), (62.9, 51.7), (62.9, 51.7), (62.9, 51.7), (62.9, 51.7), (62.9, 51.7), (62.9, 51.7), (62.9, 51.7), (62.9, 51.7), (62.9, 51.7), (62.9, 51.7), (62.9, 51.7), (62.9, 51.7), (62.9, 51.7), (62.9, 51.7), (62.9, 51.7), (62.9, 51.7), (62.9, 51.7), (62.9, 51.7), (62.9, 51.7), (62.9, 51.7), (62.9, 51.7), (62.9, 51.7), (62.9, 51.7), (62.9, 51.7), (62.9, 51.7), (74.1, 51.7), (94.7, 51.7), (109.6, 44.3), (124.5, 44.3), (109.6, 44.3), (94.7, 44.3)]",0,0,4.27
experienced,bomberman,7,Bomb,76,0,9.46,0.455,"[(48.0, 48.0), (62.9, 44.3), (77.9, 51.7), (98.4, 49.9), (113.3, 44.3), (128.3, 44.3), (126.4, 51.7), (128.3, 51.7), (128.3, 49.9), (126.4, 51.7), (128.3, 51.7), (128.3, 49.9), (126.4, 51.7), (128.3, 51.7), (128.3, 49.9), (126.4, 51.7), (128.3, 51.7), (128.3, 49.9), (126.4, 51.7), (128.3, 51.7), (128.3, 49.9), (126.4, 51.7), (128.3, 51.7), (128.3, 49.9), (126.4, 51.7), (128.3, 51.7), (128.3, 49.9), (137.6, 51.7), (158.1, 51.7), (174.9, 55.5), (180.5, 70.4), (180.5, 85.3), (180.5, 105.9), (191.7, 115.2), (195.5, 115.2), (191.7, 115.2), (191.7, 115.2), (191.7, 115.2), (191.7, 115.2), (191.7, 115.2), (191.7, 115.2), (191.7, 115.2), (191.7, 115.2), (191.7, 115.2), (191.7, 115.2), (191.7, 115.2), (191.7, 115.2), (193.6, 113.3), (191.7, 115.2), (193.6, 115.2), (193.6, 113.3), (191.7, 115.2), (193.6, 115.2), (193.6, 113.3), (193.6, 115.2), (193.6, 115.2), (193.6, 115.2), (193.6, 115.2), (197.3, 115.2), (214.1, 115.2), (234.7, 115.2), (244.0, 126.4), (244.0, 126.4), (244.0, 126.4), (244.0, 126.4), (244.0, 126.4), (242.1, 126.4), (242.1, 126.4), (242.1, 126.4), (242.1, 126.4), (242.1, 126.4), (242.1, 126.4), (242.1, 126.4), (242.1, 126.4), (242.1, 126.4), (242.1, 126.4), (242.1, 126.4), (242.1, 126.4), (242.1, 126.4), (242.1, 126.4), (242.1, 126.4), (242.1, 126.4), (242.1, 126.4), (236.5, 141.3), (236.5, 163.7), (230.9, 178.7), (223.5, 180.5), (223.5, 180.5), (221.6, 180.5), (221.6, 180.5), (210.4, 180.5), (193.6, 178.7), (193.6, 178.7), (193.6, 178.7), (193.6, 178.7), (193.6, 178.7), (193.6, 178.7), (193.6, 178.7), (191.7, 180.5), (193.6, 180.5), (193.6, 178.7), (191.7, 180.5), (193.6, 180.5), (193.6, 178.7), (202.9, 180.5), (225.3, 180.5), (225.3, 180.5), (225.3, 180.5), (225.3, 180.5), (225.3, 180.5), (225.3, 180.5), (225.3, 180.5), (225.3, 180.5), (225.3, 180.5), (225.3, 180.5), (225.3, 180.5), (225.3, 180.5), (225.3, 180.5), (225.3, 180.5), (225.3, 180.5), (225.3, 180.5), (225.3, 180.5)]",0,0,16.18
experienced,bomberman,7,Stuck,131,0,11.65,0.545,"[(48.0, 48.0), (62.9, 44.3), (77.9, 51.7), (98.4, 49.9), (113.3, 44.3), (128.3, 44.3), (126.4, 51.7), (128.3, 51.7), (128.3, 49.9), (126.4, 51.7), (128.3, 51.7), (128.3, 49.9), (126.4, 51.7), (128.3, 51.7), (128.3, 49.9), (126.4, 51.7), (128.3, 51.7), (128.3, 49.9), (126.4, 51.7), (128.3, 51.7), (128.3, 49.9), (126.4, 51.7), (128.3, 51.7), (128.3, 49.9), (126.4, 51.7), (128.3, 51.7), (128.3, 49.9), (137.6, 51.7), (158.1, 51.7), (174.9, 44.3), (189.9, 44.3), (204.8, 51.7), (227.2, 51.7), (242.1, 59.2), (244.0, 74.1), (244.0, 92.8), (244.0, 109.6), (255.2, 115.2), (255.2, 115.2), (255.2, 115.2), (255.2, 115.2), (255.2, 115.2), (255.2, 115.2), (255.2, 115.2), (255.2, 115.2), (255.2, 115.2), (255.2, 115.2), (255.2, 115.2), (255.2, 115.2), (255.2, 115.2), (255.2, 115.2), (255.2, 115.2), (255.2, 115.2), (255.2, 115.2), (255.2, 115.2), (255.2, 115.2), (255.2, 115.2), (266.4, 115.2), (286.9, 115.2), (301.9, 118.9), (307.5, 126.4), (305.6, 126.4), (305.6, 126.4), (305.6, 126.4), (307.5, 133.9), (307.5, 148.8), (305.6, 160.0), (301.9, 160.0), (300.0, 160.0), (300.0, 160.0), (300.0, 160.0), (300.0, 160.0), (300.0, 160.0), (300.0, 160.0), (300.0, 160.0), (300.0, 160.0), (300.0, 145.1), (300.0, 141.3), (300.0, 141.3), (300.0, 141.3), (300.0, 141.3), (300.0, 141.3), (300.0, 141.3), (300.0, 156.3), (300.0, 160.0), (300.0, 160.0), (300.0, 160.0), (300.0, 173.1), (286.9, 173.1), (286.9, 173.1), (286.9, 173.1), (286.9, 173.1), (286.9, 173.1), (286.9, 173.1), (281.3, 178.7), (277.6, 180.5), (277.6, 180.5), (277.6, 180.5), (277.6, 180.5), (277.6, 180.5), (277.6, 180.5), (277.6, 180.5), (277.6, 180.5), (277.6, 180.5), (277.6, 180.5), (277.6, 180.5), (277.6, 180.5), (277.6, 180.5), (277.6, 180.5), (277.6, 180.5), (277.6, 180.5), (277.6, 180.5), (277.6, 180.5), (277.6, 180.5), (277.6, 180.5), (277.6, 180.5), (277.6, 180.5), (277.6, 180.5), (277.6, 180.5), (277.6, 180.5), (277.6, 180.5), (277.6, 180.5), (277.6, 180.5), (277.6, 180.5), (277.6, 180.5), (277.6, 180.5), (277.6, 180.5), (277.6, 180.5), (277.6, 180.5), (277.6, 180.5), (277.6, 180.5), (277.6, 180.5)]",1,0,17.47
experienced,bomberman,7,Bomb,139,0,19.91,0.5,"[(48.0, 48.0), (62.9, 44.3), (77.9, 51.7), (98.4, 49.9), (113.3, 44.3), (128.3, 44.3), (126.4, 51.7), (128.3, 51.7), (128.3, 49.9), (126.4, 51.7), (128.3, 51.7), (128.3, 49.9), (126.4, 51.7), (128.3, 51.7), (128.3, 49.9), (126.4, 51.7), (128.3, 51.7), (128.3, 49.9), (126.4, 51.7), (128.3, 51.7), (128.3, 49.9), (126.4, 51.7), (128.3, 51.7), (128.3, 49.9), (126.4, 51.7), (128.3, 51.7), (128.3, 49.9), (137.6, 49.9), (152.5, 49.9), (167.5, 44.3), (182.4, 44.3), (197.3, 51.7), (214.1, 51.7), (234.7, 51.7), (244.0, 66.7), (244.0, 81.6), (244.0, 102.1), (251.5, 115.2), (255.2, 115.2), (255.2, 115.2), (255.2, 115.2), (255.2, 115.2), (255.2, 115.2), (255.2, 115.2), (255.2, 115.2), (255.2, 115.2), (255.2, 115.2), (255.2, 115.2), (255.2, 115.2), (255.2, 115.2), (255.2, 115.2), (255.2, 115.2), (255.2, 115.2), (255.2, 115.2), (255.2, 115.2), (255.2, 115.2), (255.2, 115.2), (266.4, 115.2), (286.9, 115.2), (301.9, 118.9), (307.5, 126.4), (305.6, 126.4), (305.6, 126.4), (305.6, 126.4), (305.6, 126.4), (305.6, 126.4), (305.6, 126.4), (305.6, 126.4), (307.5, 126.4), (307.5, 126.4), (307.5, 126.4), (307.5, 126.4), (307.5, 126.4), (307.5, 126.4), (307.5, 126.4), (305.6, 126.4), (305.6, 126.4), (305.6, 126.4), (305.6, 126.4), (305.6, 126.4), (305.6, 126.4), (305.6, 126.4), (305.6, 126.4), (307.5, 126.4), (307.5, 126.4), (307.5, 126.4), (307.5, 126.4), (305.6, 126.4), (305.6, 126.4), (305.6, 126.4), (305.6, 126.4)]",1,0,12.0
experienced,bomberman,7,Bomb,143,0,19.76,0.5,"[(48.0, 48.0), (62.9, 44.3), (77.9, 51.7), (98.4, 49.9), (113.3, 44.3), (128.3, 44.3), (126.4, 51.7), (128.3, 51.7), (128.3, 49.9), (126.4, 51.7), (128.3, 51.7), (128.3, 49.9), (126.4, 51.7), (128.3, 51.7), (128.3, 49.9), (126.4, 51.7), (128.3, 51.7), (128.3, 49.9), (126.4, 51.7), (128.3, 51.7), (128.3, 49.9), (126.4, 51.7), (128.3, 51.7), (128.3, 49.9), (126.4, 51.7), (128.3, 51.7), (128.3, 51.7), (139.5, 49.9), (154.4, 49.9), (169.3, 44.3), (184.3, 44.3), (199.2, 51.7), (217.9, 51.7), (236.5, 53.6), (244.0, 68.5), (244.0, 83.5), (244.0, 104.0), (253.3, 115.2), (257.1, 115.2), (257.1, 115.2), (257.1, 115.2), (257.1, 115.2), (257.1, 115.2), (257.1, 115.2), (257.1, 115.2), (257.1, 115.2), (257.1, 115.2), (257.1, 115.2), (257.1, 115.2), (257.1, 115.2), (257.1, 115.2), (257.1, 115.2), (257.1, 115.2), (257.1, 115.2), (257.1, 115.2), (257.1, 115.2), (257.1, 115.2), (268.3, 115.2), (288.8, 115.2), (303.7, 120.8), (307.5, 124.5), (307.5, 128.3), (307.5, 128.3), (307.5, 128.3), (307.5, 128.3), (307.5, 128.3), (307.5, 128.3), (307.5, 128.3), (307.5, 128.3), (307.5, 128.3), (307.5, 128.3), (307.5, 128.3), (307.5, 128.3), (307.5, 128.3), (307.5, 128.3), (307.5, 128.3), (307.5, 128.3), (307.5, 128.3), (307.5, 128.3), (307.5, 128.3), (307.5, 128.3), (307.5, 128.3), (307.5, 128.3), (307.5, 128.3), (307.5, 128.3), (307.5, 128.3), (307.5, 128.3), (300.0, 128.3), (303.7, 128.3), (300.0, 124.5), (303.7, 128.3)]",1,0,12.0
experienced,bomberman,7,Stuck,3,0,8.85,0.455,"[(48.0, 48.0), (62.9, 44.3), (64.8, 51.7), (64.8, 49.9), (62.9, 51.7), (64.8, 51.7), (64.8, 49.9), (62.9, 51.7), (64.8, 51.7), (64.8, 49.9), (62.9, 51.7), (64.8, 51.7), (64.8, 49.9), (62.9, 51.7), (64.8, 51.7), (64.8, 49.9), (62.9, 51.7), (64.8, 51.7), (64.8, 49.9), (62.9, 51.7), (64.8, 51.7), (64.8, 49.9), (62.9, 51.7), (64.8, 51.7), (64.8, 49.9), (62.9, 51.7), (64.8, 51.7), (76.0, 51.7), (96.5, 51.7), (111.5, 44.3), (126.4, 44.3), (141.3, 51.7), (163.7, 51.7), (178.7, 59.2), (180.5, 74.1), (180.5, 92.8), (180.5, 109.6), (191.7, 115.2), (193.6, 115.2), (193.6, 113.3), (191.7, 115.2), (191.7, 115.2), (191.7, 115.2), (191.7, 115.2), (191.7, 115.2), (191.7, 115.2), (191.7, 115.2), (193.6, 113.3), (191.7, 115.2), (193.6, 115.2), (193.6, 113.3), (191.7, 115.2), (193.6, 115.2), (193.6, 113.3), (193.6, 115.2), (193.6, 115.2), (193.6, 115.2), (201.1, 115.2), (221.6, 115.2), (238.4, 118.9), (242.1, 126.4), (236.5, 137.6), (236.5, 156.3), (234.7, 174.9), (223.5, 180.5), (223.5, 180.5), (223.5, 180.5), (223.5, 180.5), (223.5, 180.5), (223.5, 180.5), (223.5, 180.5), (223.5, 180.5), (223.5, 180.5), (223.5, 180.5), (223.5, 180.5), (223.5, 180.5), (223.5, 180.5), (223.5, 180.5), (223.5, 180.5), (223.5, 180.5), (223.5, 180.5), (223.5, 180.5), (223.5, 180.5), (223.5, 180.5), (223.5, 180.5), (223.5, 180.5), (223.5, 180.5), (223.5, 180.5), (223.5, 180.5), (223.5, 180.5), (223.5, 180.5), (223.5, 180.5), (223.5, 180.5), (223.5, 180.5), (223.5, 180.5), (223.5, 180.5), (223.5, 180.5), (223.5, 180.5), (223.5, 180.5), (223.5, 180.5), (223.5, 180.5), (223.5, 180.5), (223.5, 180.5), (223.5, 180.5), (223.5, 180.5), (223.5, 180.5), (223.5, 180.5), (223.5, 180.5), (223.5, 180.5), (223.5, 180.5), (223.5, 180.5), (223.5, 180.5), (223.5, 180.5), (223.5, 180.5), (223.5, 180.5), (223.5, 180.5), (223.5, 180.5), (223.5, 180.5), (223.5, 180.5), (223.5, 180.5), (223.5, 180.5), (223.5, 180.5), (223.5, 180.5), (223.5, 180.5), (223.5, 180.5), (223.5, 180.5), (223.5, 180.5), (223.5, 180.5), (223.5, 180.5), (223.5, 180.5), (223.5, 180.5), (223.5, 180.5)]",1,0,17.5
experienced,bomberman,7,Bomb,22,0,9.87,0.545,"[(48.0, 48.0), (62.9, 44.3), (77.9, 51.7), (98.4, 49.9), (113.3, 49.9), (128.3, 49.9), (143.2, 51.7), (165.6, 48.0), (180.5, 44.3), (195.5, 46.1), (210.4, 51.7), (232.8, 51.7), (244.0, 64.8), (244.0, 79.7), (244.0, 100.3), (249.6, 115.2), (264.5, 115.2), (283.2, 115.2), (300.0, 117.1), (307.5, 126.4), (307.5, 124.5), (307.5, 128.3), (307.5, 126.4), (307.5, 124.5), (307.5, 128.3), (307.5, 126.4), (307.5, 141.3), (307.5, 156.3), (301.9, 160.0), (300.0, 160.0), (300.0, 160.0), (300.0, 160.0), (300.0, 160.0), (298.1, 174.9), (283.2, 180.5), (268.3, 180.5), (253.3, 180.5), (238.4, 188.0), (236.5, 191.7), (236.5, 189.9), (236.5, 193.6), (236.5, 191.7), (236.5, 189.9), (236.5, 193.6), (236.5, 191.7), (236.5, 189.9), (236.5, 193.6), (236.5, 191.7), (236.5, 189.9), (236.5, 193.6), (236.5, 191.7), (236.5, 189.9), (236.5, 193.6), (236.5, 191.7), (236.5, 184.3), (225.3, 173.1), (223.5, 178.7), (223.5, 178.7), (223.5, 178.7), (223.5, 178.7), (223.5, 178.7), (219.7, 178.7), (212.3, 178.7), (204.8, 178.7), (197.3, 178.7), (191.7, 176.8), (191.7, 173.1), (191.7, 173.1), (195.5, 174.9), (210.4, 180.5), (225.3, 180.5), (225.3, 180.5), (225.3, 180.5), (225.3, 180.5), (225.3, 180.5), (225.3, 180.5), (225.3, 180.5), (225.3, 180.5), (225.3, 180.5), (225.3, 180.5), (225.3, 180.5), (225.3, 180.5), (214.1, 180.5), (199.2, 180.5), (191.7, 176.8), (191.7, 173.1)]",0,0,11.35
experienced,bomberman,7,Bomb,6,0,14.16,0.409,"[(48.0, 48.0), (62.9, 44.3), (77.9, 51.7), (98.4, 51.7), (113.3, 57.3), (115.2, 61.1), (115.2, 64.8), (115.2, 62.9), (115.2, 61.1), (115.2, 64.8), (115.2, 62.9), (115.2, 61.1), (115.2, 64.8), (115.2, 62.9), (115.2, 61.1), (115.2, 64.8), (115.2, 62.9), (115.2, 61.1), (115.2, 64.8), (115.2, 62.9), (115.2, 61.1), (115.2, 64.8), (115.2, 62.9), (115.2, 61.1), (115.2, 64.8), (115.2, 62.9), (115.2, 61.1), (115.2, 64.8), (115.2, 62.9), (115.2, 61.1), (115.2, 64.8), (115.2, 62.9), (115.2, 61.1), (115.2, 64.8), (115.2, 62.9), (115.2, 61.1), (115.2, 64.8), (115.2, 62.9), (115.2, 61.1), (115.2, 64.8), (115.2, 51.7), (130.1, 46.1), (145.1, 51.7), (167.5, 51.7), (180.5, 62.9), (180.5, 77.9), (180.5, 98.4), (184.3, 113.3), (191.7, 115.2), (191.7, 115.2), (191.7, 115.2), (191.7, 115.2), (191.7, 115.2), (191.7, 115.2), (191.7, 115.2), (191.7, 115.2), (191.7, 115.2), (202.9, 115.2), (225.3, 115.2), (240.3, 120.8), (236.5, 135.7), (238.4, 126.4), (238.4, 126.4), (238.4, 126.4), (238.4, 126.4), (238.4, 126.4), (238.4, 126.4), (238.4, 126.4), (238.4, 126.4), (238.4, 126.4), (238.4, 126.4), (238.4, 126.4), (238.4, 126.4), (238.4, 126.4), (238.4, 126.4), (238.4, 126.4), (238.4, 126.4), (238.4, 126.4), (238.4, 126.4), (238.4, 126.4), (238.4, 126.4), (238.4, 126.4), (238.4, 126.4), (238.4, 126.4), (238.4, 126.4), (238.4, 126.4), (238.4, 126.4), (238.4, 126.4), (238.4, 126.4), (238.4, 126.4), (238.4, 126.4)]",0,0,12.0
experienced,bomberman,7,Bomb,34,0,29.17,0.5,"[(48.0, 48.0), (62.9, 44.3), (77.9, 51.7), (98.4, 49.9), (113.3, 44.3), (128.3, 44.3), (143.2, 51.7), (165.6, 48.0), (180.5, 44.3), (195.5, 46.1), (210.4, 51.7), (232.8, 51.7), (244.0, 64.8), (236.5, 66.7), (238.4, 64.8), (236.5, 62.9), (236.5, 66.7), (238.4, 64.8), (236.5, 68.5), (236.5, 83.5), (244.0, 104.0), (253.3, 115.2), (268.3, 115.2), (288.8, 115.2), (303.7, 120.8), (307.5, 124.5), (307.5, 128.3), (307.5, 128.3), (307.5, 128.3), (307.5, 128.3), (307.5, 128.3), (307.5, 128.3), (307.5, 128.3), (307.5, 128.3), (307.5, 128.3), (307.5, 128.3), (307.5, 128.3), (307.5, 128.3), (307.5, 128.3), (307.5, 128.3), (307.5, 128.3), (307.5, 128.3), (307.5, 128.3), (307.5, 128.3), (307.5, 128.3), (307.5, 128.3), (307.5, 128.3), (307.5, 128.3), (307.5, 128.3), (307.5, 128.3), (307.5, 128.3), (307.5, 128.3), (307.5, 128.3), (307.5, 128.3), (307.5, 128.3), (307.5, 128.3), (307.5, 128.3), (307.5, 128.3), (307.5, 128.3), (307.5, 128.3), (307.5, 128.3)]",0,0,8.0
experienced,bomberman,7,Enemy,4,0,112.0,0.409,"[(48.0, 48.0), (62.9, 44.3), (77.9, 44.3), (92.8, 44.3), (107.7, 44.3), (122.7, 44.3), (137.6, 51.7), (158.1, 51.7), (174.9, 44.3), (189.9, 44.3), (204.8, 51.7), (227.2, 49.9), (242.1, 44.3), (257.1, 44.3), (272.0, 51.7), (292.5, 48.0), (307.5, 44.3), (322.4, 46.1)]",0,0,2.38
experienced,bomberman,7,Bomb,109,0,29.11,0.545,"[(48.0, 48.0), (62.9, 44.3), (77.9, 51.7), (98.4, 49.9), (113.3, 44.3), (128.3, 44.3), (143.2, 51.7), (165.6, 48.0), (180.5, 44.3), (195.5, 46.1), (210.4, 51.7), (232.8, 51.7), (244.0, 64.8), (236.5, 79.7), (240.3, 100.3), (249.6, 115.2), (264.5, 115.2), (283.2, 115.2), (300.0, 117.1), (307.5, 128.3), (307.5, 128.3), (307.5, 128.3), (307.5, 128.3), (307.5, 128.3), (307.5, 128.3), (307.5, 128.3), (307.5, 143.2), (307.5, 158.1), (301.9, 161.9), (300.0, 161.9), (300.0, 161.9), (300.0, 161.9), (300.0, 161.9), (300.0, 161.9), (300.0, 161.9), (300.0, 161.9), (300.0, 161.9), (300.0, 161.9), (300.0, 161.9), (300.0, 161.9), (300.0, 161.9), (300.0, 161.9), (300.0, 161.9), (300.0, 161.9), (300.0, 161.9), (300.0, 161.9), (300.0, 161.9), (300.0, 150.7), (300.0, 135.7), (303.7, 128.3), (307.5, 128.3), (307.5, 128.3), (307.5, 128.3), (307.5, 128.3), (307.5, 135.7), (307.5, 150.7), (305.6, 161.9), (301.9, 150.7), (301.9, 135.7), (305.6, 128.3), (307.5, 128.3)]",0,0,8.02
experienced,bomberman,7,Bomb,220,0,20.38,0.5,"[(48.0, 48.0), (62.9, 44.3), (77.9, 44.3), (92.8, 44.3), (107.7, 44.3), (122.7, 44.3), (126.4, 51.7), (128.3, 51.7), (128.3, 49.9), (126.4, 51.7), (128.3, 51.7), (128.3, 49.9), (126.4, 51.7), (128.3, 51.7), (128.3, 49.9), (126.4, 51.7), (128.3, 51.7), (128.3, 49.9), (126.4, 51.7), (128.3, 51.7), (128.3, 49.9), (126.4, 51.7), (128.3, 51.7), (128.3, 49.9), (126.4, 51.7), (128.3, 51.7), (143.2, 51.7), (165.6, 48.0), (180.5, 44.3), (195.5, 44.3), (210.4, 44.3), (227.2, 51.7), (242.1, 59.2), (236.5, 74.1), (242.1, 89.1), (244.0, 107.7), (257.1, 115.2), (257.1, 115.2), (257.1, 115.2), (257.1, 115.2), (268.3, 115.2), (288.8, 115.2), (303.7, 120.8), (307.5, 128.3), (307.5, 128.3), (307.5, 128.3), (307.5, 128.3), (307.5, 128.3), (307.5, 128.3), (307.5, 128.3), (307.5, 128.3), (307.5, 128.3), (307.5, 128.3), (307.5, 128.3), (307.5, 128.3), (307.5, 128.3), (307.5, 128.3), (307.5, 128.3), (307.5, 128.3), (307.5, 128.3), (307.5, 128.3), (307.5, 128.3), (307.5, 128.3), (307.5, 128.3), (307.5, 128.3), (307.5, 128.3), (307.5, 128.3), (307.5, 128.3), (307.5, 128.3), (307.5, 128.3), (307.5, 128.3), (307.5, 128.3), (307.5, 128.3), (307.5, 128.3), (307.5, 128.3), (307.5, 128.3), (307.5, 128.3), (307.5, 128.3), (307.5, 128.3), (307.5, 128.3), (307.5, 128.3), (307.5, 128.3), (307.5, 128.3), (307.5, 128.3), (307.5, 128.3), (307.5, 128.3), (307.5, 128.3), (307.5, 128.3), (307.5, 128.3), (307.5, 128.3), (307.5, 128.3)]",0,0,12.0
experienced,bomberman,7,Stuck,131,0,11.65,0.545,"[(48.0, 48.0), (62.9, 44.3), (77.9, 51.7), (98.4, 49.9), (113.3, 44.3), (128.3, 44.3), (126.4, 51.7), (128.3, 51.7), (128.3, 49.9), (126.4, 51.7), (128.3, 51.7), (128.3, 49.9), (126.4, 51.7), (128.3, 51.7), (128.3, 49.9), (126.4, 51.7), (128.3, 51.7), (128.3, 49.9), (126.4, 51.7), (128.3, 51.7), (128.3, 49.9), (126.4, 51.7), (128.3, 51.7), (128.3, 49.9), (126.4, 51.7), (128.3, 51.7), (128.3, 49.9), (137.6, 51.7), (158.1, 51.7), (174.9, 44.3), (189.9, 44.3), (204.8, 51.7), (227.2, 51.7), (242.1, 59.2), (244.0, 74.1), (244.0, 92.8), (244.0, 109.6), (255.2, 115.2), (255.2, 115.2), (255.2, 115.2), (255.2, 115.2), (255.2, 115.2), (255.2, 115.2), (255.2, 115.2), (255.2, 115.2), (255.2, 115.2), (255.2, 115.2), (255.2, 115.2), (255.2, 115.2), (255.2, 115.2), (255.2, 115.2), (255.2, 115.2), (255.2, 115.2), (255.2, 115.2), (255.2, 115.2), (255.2, 115.2), (255.2, 115.2), (266.4, 115.2), (286.9, 115.2), (301.9, 118.9), (307.5, 126.4), (305.6, 126.4), (305.6, 126.4), (305.6, 126.4), (307.5, 133.9), (307.5, 148.8), (305.6, 160.0), (301.9, 160.0), (300.0, 160.0), (300.0, 160.0), (300.0, 160.0), (300.0, 160.0), (300.0, 160.0), (300.0, 160.0), (300.0, 160.0), (300.0, 160.0), (300.0, 145.1), (300.0, 141.3), (300.0, 141.3), (300.0, 141.3), (300.0, 141.3), (300.0, 141.3), (300.0, 141.3), (300.0, 156.3), (300.0, 160.0), (300.0, 160.0), (300.0, 160.0), (300.0, 173.1), (286.9, 173.1), (286.9, 173.1), (286.9, 173.1), (286.9, 173.1), (286.9, 173.1), (286.9, 173.1), (281.3, 178.7), (277.6, 180.5), (277.6, 180.5), (277.6, 180.5), (277.6, 180.5), (277.6, 180.5), (277.6, 180.5), (277.6, 180.5), (277.6, 180.5), (277.6, 180.5), (277.6, 180.5), (277.6, 180.5), (277.6, 180.5), (277.6, 180.5), (277.6, 180.5), (277.6, 180.5), (277.6, 180.5), (277.6, 180.5), (277.6, 180.5), (277.6, 180.5), (277.6, 180.5), (277.6, 180.5), (277.6, 180.5), (277.6, 180.5), (277.6, 180.5), (277.6, 180.5), (277.6, 180.5), (277.6, 180.5), (277.6, 180.5), (277.6, 180.5), (277.6, 180.5), (277.6, 180.5), (277.6, 180.5), (277.6, 180.5), (277.6, 180.5), (277.6, 180.5), (277.6, 180.5), (277.6, 180.5)]",1,0,17.47
experienced,bomberman,7,Bomb,143,0,19.76,0.5,"[(48.0, 48.0), (62.9, 44.3), (77.9, 51.7), (98.4, 49.9), (113.3, 44.3), (128.3, 44.3), (126.4, 51.7), (128.3, 51.7), (128.3, 49.9), (126.4, 51.7), (128.3, 51.7), (128.3, 49.9), (126.4, 51.7), (128.3, 51.7), (128.3, 49.9), (126.4, 51.7), (128.3, 51.7), (128.3, 49.9), (126.4, 51.7), (128.3, 51.7), (128.3, 49.9), (126.4, 51.7), (128.3, 51.7), (128.3, 49.9), (126.4, 51.7), (128.3, 51.7), (128.3, 51.7), (139.5, 49.9), (154.4, 49.9), (169.3, 44.3), (184.3, 44.3), (199.2, 51.7), (217.9, 51.7), (236.5, 53.6), (244.0, 68.5), (244.0, 83.5), (244.0, 104.0), (253.3, 115.2), (257.1, 115.2), (257.1, 115.2), (257.1, 115.2), (257.1, 115.2), (257.1, 115.2), (257.1, 115.2), (257.1, 115.2), (257.1, 115.2), (257.1, 115.2), (257.1, 115.2), (257.1, 115.2), (257.1, 115.2), (257.1, 115.2), (257.1, 115.2), (257.1, 115.2), (257.1, 115.2), (257.1, 115.2), (257.1, 115.2), (257.1, 115.2), (268.3, 115.2), (288.8, 115.2), (303.7, 120.8), (307.5, 124.5), (307.5, 128.3), (307.5, 128.3), (307.5, 128.3), (307.5, 128.3), (307.5, 128.3), (307.5, 128.3), (307.5, 128.3), (307.5, 128.3), (307.5, 128.3), (307.5, 128.3), (307.5, 128.3), (307.5, 128.3), (307.5, 128.3), (307.5, 128.3), (307.5, 128.3), (307.5, 128.3), (307.5, 128.3), (307.5, 128.3), (307.5, 128.3), (307.5, 128.3), (307.5, 128.3), (307.5, 128.3), (307.5, 128.3), (307.5, 128.3), (307.5, 128.3), (307.5, 128.3), (300.0, 128.3), (303.7, 128.3), (300.0, 124.5), (303.7, 128.3)]",1,0,12.0
experienced,bomberman,7,Bomb,139,0,19.91,0.5,"[(48.0, 48.0), (62.9, 44.3), (77.9, 51.7), (98.4, 49.9), (113.3, 44.3), (128.3, 44.3), (126.4, 51.7), (128.3, 51.7), (128.3, 49.9), (126.4, 51.7), (128.3, 51.7), (128.3, 49.9), (126.4, 51.7), (128.3, 51.7), (128.3, 49.9), (126.4, 51.7), (128.3, 51.7), (128.3, 49.9), (126.4, 51.7), (128.3, 51.7), (128.3, 49.9), (126.4, 51.7), (128.3, 51.7), (128.3, 49.9), (126.4, 51.7), (128.3, 51.7), (128.3, 49.9), (137.6, 49.9), (152.5, 49.9), (167.5, 44.3), (182.4, 44.3), (197.3, 51.7), (214.1, 51.7), (234.7, 51.7), (244.0, 66.7), (244.0, 81.6), (244.0, 102.1), (251.5, 115.2), (255.2, 115.2), (255.2, 115.2), (255.2, 115.2), (255.2, 115.2), (255.2, 115.2), (255.2, 115.2), (255.2, 115.2), (255.2, 115.2), (255.2, 115.2), (255.2, 115.2), (255.2, 115.2), (255.2, 115.2), (255.2, 115.2), (255.2, 115.2), (255.2, 115.2), (255.2, 115.2), (255.2, 115.2), (255.2, 115.2), (255.2, 115.2), (266.4, 115.2), (286.9, 115.2), (301.9, 118.9), (307.5, 126.4), (305.6, 126.4), (305.6, 126.4), (305.6, 126.4), (305.6, 126.4), (305.6, 126.4), (305.6, 126.4), (305.6, 126.4), (307.5, 126.4), (307.5, 126.4), (307.5, 126.4), (307.5, 126.4), (307.5, 126.4), (307.5, 126.4), (307.5, 126.4), (305.6, 126.4), (305.6, 126.4), (305.6, 126.4), (305.6, 126.4), (305.6, 126.4), (305.6, 126.4), (305.6, 126.4), (305.6, 126.4), (307.5, 126.4), (307.5, 126.4), (307.5, 126.4), (307.5, 126.4), (305.6, 126.4), (305.6, 126.4), (305.6, 126.4), (305.6, 126.4)]",1,0,12.0
experienced,bomberman,7,Stuck,3,0,8.85,0.455,"[(48.0, 48.0), (62.9, 44.3), (64.8, 51.7), (64.8, 49.9), (62.9, 51.7), (64.8, 51.7), (64.8, 49.9), (62.9, 51.7), (64.8, 51.7), (64.8, 49.9), (62.9, 51.7), (64.8, 51.7), (64.8, 49.9), (62.9, 51.7), (64.8, 51.7), (64.8, 49.9), (62.9, 51.7), (64.8, 51.7), (64.8, 49.9), (62.9, 51.7), (64.8, 51.7), (64.8, 49.9), (62.9, 51.7), (64.8, 51.7), (64.8, 49.9), (62.9, 51.7), (64.8, 51.7), (76.0, 51.7), (96.5, 51.7), (111.5, 44.3), (126.4, 44.3), (141.3, 51.7), (163.7, 51.7), (178.7, 59.2), (180.5, 74.1), (180.5, 92.8), (180.5, 109.6), (191.7, 115.2), (193.6, 115.2), (193.6, 113.3), (191.7, 115.2), (191.7, 115.2), (191.7, 115.2), (191.7, 115.2), (191.7, 115.2), (191.7, 115.2), (191.7, 115.2), (193.6, 113.3), (191.7, 115.2), (193.6, 115.2), (193.6, 113.3), (191.7, 115.2), (193.6, 115.2), (193.6, 113.3), (193.6, 115.2), (193.6, 115.2), (193.6, 115.2), (201.1, 115.2), (221.6, 115.2), (238.4, 118.9), (242.1, 126.4), (236.5, 137.6), (236.5, 156.3), (234.7, 174.9), (223.5, 180.5), (223.5, 180.5), (223.5, 180.5), (223.5, 180.5), (223.5, 180.5), (223.5, 180.5), (223.5, 180.5), (223.5, 180.5), (223.5, 180.5), (223.5, 180.5), (223.5, 180.5), (223.5, 180.5), (223.5, 180.5), (223.5, 180.5), (223.5, 180.5), (223.5, 180.5), (223.5, 180.5), (223.5, 180.5), (223.5, 180.5), (223.5, 180.5), (223.5, 180.5), (223.5, 180.5), (223.5, 180.5), (223.5, 180.5), (223.5, 180.5), (223.5, 180.5), (223.5, 180.5), (223.5, 180.5), (223.5, 180.5), (223.5, 180.5), (223.5, 180.5), (223.5, 180.5), (223.5, 180.5), (223.5, 180.5), (223.5, 180.5), (223.5, 180.5), (223.5, 180.5), (223.5, 180.5), (223.5, 180.5), (223.5, 180.5), (223.5, 180.5), (223.5, 180.5), (223.5, 180.5), (223.5, 180.5), (223.5, 180.5), (223.5, 180.5), (223.5, 180.5), (223.5, 180.5), (223.5, 180.5), (223.5, 180.5), (223.5, 180.5), (223.5, 180.5), (223.5, 180.5), (223.5, 180.5), (223.5, 180.5), (223.5, 180.5), (223.5, 180.5), (223.5, 180.5), (223.5, 180.5), (223.5, 180.5), (223.5, 180.5), (223.5, 180.5), (223.5, 180.5), (223.5, 180.5), (223.5, 180.5), (223.5, 180.5), (223.5, 180.5), (223.5, 180.5)]",1,0,17.5
experienced,bomberman,7,Bomb,61,0,19.76,0.5,"[(48.0, 48.0), (62.9, 44.3), (77.9, 51.7), (98.4, 49.9), (113.3, 44.3), (128.3, 44.3), (126.4, 51.7), (128.3, 51.7), (128.3, 49.9), (126.4, 51.7), (128.3, 51.7), (128.3, 49.9), (126.4, 51.7), (128.3, 51.7), (128.3, 49.9), (126.4, 51.7), (128.3, 51.7), (128.3, 49.9), (126.4, 51.7), (128.3, 51.7), (128.3, 49.9), (126.4, 51.7), (128.3, 51.7), (128.3, 49.9), (126.4, 51.7), (128.3, 51.7), (143.2, 51.7), (165.6, 48.0), (180.5, 44.3), (195.5, 44.3), (210.4, 44.3), (229.1, 51.7), (244.0, 61.1), (244.0, 76.0), (244.0, 96.5), (245.9, 111.5), (257.1, 115.2), (257.1, 115.2), (257.1, 115.2), (257.1, 115.2), (268.3, 115.2), (288.8, 115.2), (303.7, 120.8), (307.5, 128.3), (307.5, 128.3), (307.5, 128.3), (307.5, 128.3), (307.5, 128.3), (307.5, 128.3), (307.5, 128.3), (307.5, 128.3), (307.5, 128.3), (307.5, 128.3), (307.5, 128.3), (307.5, 128.3), (307.5, 128.3), (307.5, 128.3), (307.5, 128.3), (307.5, 128.3), (307.5, 128.3), (307.5, 128.3), (307.5, 128.3), (307.5, 128.3), (307.5, 128.3), (307.5, 126.4), (307.5, 124.5), (307.5, 128.3), (307.5, 126.4), (307.5, 126.4), (307.5, 126.4), (307.5, 126.4), (307.5, 126.4), (307.5, 126.4), (307.5, 126.4), (307.5, 126.4), (305.6, 126.4), (305.6, 126.4), (305.6, 126.4), (305.6, 126.4), (305.6, 126.4), (305.6, 126.4), (305.6, 126.4), (305.6, 126.4), (307.5, 126.4), (307.5, 126.4), (307.5, 126.4), (307.5, 126.4), (307.5, 126.4), (307.5, 124.5), (307.5, 128.3), (307.5, 126.4)]",0,0,12.0
experienced,bomberman,7,Bomb,101,0,12.15,0.545,"[(48.0, 48.0), (62.9, 44.3), (77.9, 44.3), (92.8, 44.3), (107.7, 44.3), (122.7, 44.3), (137.6, 51.7), (158.1, 51.7), (174.9, 44.3), (189.9, 44.3), (193.6, 44.3), (193.6, 44.3), (193.6, 44.3), (193.6, 44.3), (193.6, 44.3), (193.6, 44.3), (193.6, 44.3), (193.6, 44.3), (193.6, 44.3), (193.6, 44.3), (193.6, 44.3), (193.6, 44.3), (193.6, 44.3), (193.6, 44.3), (193.6, 44.3), (193.6, 44.3), (193.6, 44.3), (204.8, 44.3), (219.7, 44.3), (234.7, 51.7), (242.1, 66.7), (236.5, 81.6), (242.1, 102.1), (251.5, 115.2), (255.2, 115.2), (255.2, 115.2), (255.2, 115.2), (255.2, 115.2), (255.2, 115.2), (255.2, 115.2), (266.4, 115.2), (286.9, 115.2), (301.9, 118.9), (307.5, 133.9), (307.5, 148.8), (307.5, 160.0), (303.7, 160.0), (303.7, 154.4), (303.7, 139.5), (305.6, 128.3), (307.5, 128.3), (307.5, 128.3), (307.5, 128.3), (307.5, 128.3), (307.5, 124.5), (307.5, 128.3), (307.5, 126.4), (307.5, 135.7), (307.5, 152.5), (300.0, 173.1), (288.8, 180.5), (273.9, 180.5), (253.3, 180.5), (238.4, 188.0), (236.5, 193.6), (236.5, 191.7), (236.5, 189.9), (236.5, 193.6), (236.5, 191.7), (236.5, 189.9), (236.5, 193.6), (236.5, 191.7), (236.5, 189.9), (236.5, 193.6), (236.5, 191.7), (236.5, 189.9), (236.5, 193.6), (236.5, 191.7), (236.5, 189.9), (236.5, 193.6), (236.5, 191.7), (236.5, 189.9), (236.5, 193.6), (236.5, 191.7), (236.5, 189.9), (236.5, 193.6), (236.5, 191.7), (236.5, 189.9), (236.5, 193.6), (236.5, 191.7), (236.5, 189.9), (236.5, 193.6), (236.5, 191.7), (236.5, 189.9), (236.5, 193.6), (236.5, 191.7), (236.5, 189.9), (236.5, 193.6), (236.5, 191.7), (236.5, 189.9), (236.5, 193.6), (236.5, 191.7), (234.7, 178.7), (219.7, 173.1), (223.5, 180.5)]",0,0,13.98
experienced,bomberman,7,Bomb,33,0,29.17,0.5,"[(48.0, 48.0), (62.9, 44.3), (77.9, 51.7), (98.4, 49.9), (113.3, 44.3), (128.3, 44.3), (143.2, 51.7), (165.6, 48.0), (180.5, 44.3), (195.5, 46.1), (210.4, 51.7), (232.8, 51.7), (244.0, 64.8), (236.5, 79.7), (240.3, 100.3), (249.6, 115.2), (264.5, 115.2), (283.2, 115.2), (300.0, 117.1), (307.5, 128.3), (307.5, 128.3), (307.5, 128.3), (307.5, 128.3), (307.5, 128.3), (307.5, 128.3), (307.5, 128.3), (307.5, 128.3), (307.5, 128.3), (307.5, 128.3), (307.5, 128.3), (307.5, 128.3), (307.5, 128.3), (307.5, 128.3), (307.5, 128.3), (307.5, 128.3), (307.5, 128.3), (307.5, 128.3), (307.5, 128.3), (307.5, 128.3), (307.5, 128.3), (307.5, 128.3), (307.5, 128.3), (307.5, 128.3), (307.5, 128.3), (307.5, 128.3), (307.5, 128.3), (307.5, 128.3), (307.5, 128.3), (307.5, 128.3), (307.5, 128.3), (307.5, 128.3), (307.5, 128.3), (307.5, 128.3), (307.5, 128.3), (307.5, 128.3), (307.5, 128.3), (307.5, 128.3), (307.5, 128.3), (307.5, 128.3), (307.5, 128.3), (307.5, 128.3)]",0,0,8.0
experienced,bomberman,7,Stuck,18,0,7.36,0.455,"[(48.0, 48.0), (62.9, 44.3), (64.8, 51.7), (64.8, 49.9), (62.9, 51.7), (64.8, 51.7), (64.8, 49.9), (62.9, 51.7), (64.8, 51.7), (64.8, 49.9), (62.9, 51.7), (64.8, 51.7), (64.8, 49.9), (62.9, 51.7), (64.8, 51.7), (64.8, 49.9), (62.9, 51.7), (64.8, 51.7), (64.8, 49.9), (62.9, 51.7), (64.8, 51.7), (64.8, 49.9), (62.9, 51.7), (64.8, 51.7), (64.8, 49.9), (62.9, 51.7), (64.8, 51.7), (76.0, 51.7), (96.5, 51.7), (111.5, 44.3), (126.4, 44.3), (141.3, 51.7), (163.7, 51.7), (178.7, 59.2), (180.5, 74.1), (180.5, 92.8), (180.5, 109.6), (191.7, 115.2), (195.5, 115.2), (193.6, 113.3), (191.7, 115.2), (191.7, 115.2), (191.7, 115.2), (191.7, 115.2), (191.7, 115.2), (191.7, 115.2), (191.7, 115.2), (193.6, 113.3), (191.7, 115.2), (193.6, 115.2), (193.6, 113.3), (191.7, 115.2), (193.6, 115.2), (193.6, 113.3), (201.1, 115.2), (221.6, 115.2), (238.4, 118.9), (242.1, 126.4), (242.1, 126.4), (242.1, 126.4), (242.1, 126.4), (236.5, 137.6), (236.5, 156.3), (234.7, 174.9), (223.5, 180.5), (223.5, 180.5), (223.5, 180.5), (223.5, 180.5), (223.5, 180.5), (223.5, 180.5), (223.5, 180.5), (223.5, 180.5), (223.5, 180.5), (223.5, 180.5), (223.5, 180.5), (223.5, 180.5), (223.5, 180.5), (223.5, 180.5), (223.5, 180.5), (223.5, 180.5), (223.5, 180.5), (223.5, 180.5), (223.5, 180.5), (223.5, 180.5), (223.5, 180.5), (223.5, 180.5), (223.5, 180.5), (223.5, 180.5), (223.5, 180.5), (223.5, 180.5), (223.5, 180.5), (223.5, 180.5), (223.5, 180.5), (223.5, 180.5), (223.5, 180.5), (208.5, 180.5), (191.7, 180.5), (191.7, 180.5), (191.7, 180.5), (191.7, 180.5), (191.7, 180.5), (191.7, 180.5), (191.7, 180.5), (191.7, 180.5), (191.7, 180.5), (191.7, 180.5), (191.7, 180.5), (191.7, 180.5), (191.7, 180.5), (191.7, 180.5), (191.7, 180.5), (191.7, 180.5), (191.7, 180.5), (191.7, 180.5), (191.7, 180.5), (191.7, 180.5), (191.7, 180.5), (191.7, 180.5), (191.7, 180.5), (191.7, 180.5), (191.7, 180.5), (191.7, 180.5), (191.7, 180.5), (191.7, 180.5), (191.7, 180.5), (191.7, 180.5), (191.7, 180.5), (191.7, 180.5), (191.7, 180.5), (191.7, 180.5), (191.7, 180.5), (191.7, 180.5)]",1,0,17.5
experienced,bomberman,7,Bomb,47,0,29.17,0.5,"[(48.0, 48.0), (62.9, 44.3), (77.9, 51.7), (98.4, 49.9), (113.3, 44.3), (128.3, 44.3), (143.2, 51.7), (165.6, 48.0), (180.5, 44.3), (195.5, 46.1), (210.4, 51.7), (232.8, 51.7), (244.0, 64.8), (236.5, 72.3), (236.5, 89.1), (244.0, 107.7), (257.1, 115.2), (272.0, 115.2), (292.5, 115.2), (307.5, 124.5), (307.5, 128.3), (307.5, 126.4), (307.5, 124.5), (307.5, 128.3), (307.5, 126.4), (307.5, 124.5), (307.5, 128.3), (307.5, 128.3), (307.5, 128.3), (307.5, 128.3), (307.5, 128.3), (307.5, 128.3), (307.5, 128.3), (307.5, 128.3), (307.5, 128.3), (307.5, 128.3), (307.5, 128.3), (307.5, 128.3), (307.5, 128.3), (307.5, 128.3), (307.5, 128.3), (307.5, 128.3), (307.5, 128.3), (307.5, 128.3), (307.5, 128.3), (307.5, 128.3), (307.5, 128.3), (307.5, 128.3), (307.5, 128.3), (307.5, 128.3), (307.5, 128.3), (307.5, 128.3), (307.5, 128.3), (307.5, 128.3), (307.5, 128.3), (307.5, 128.3), (307.5, 128.3), (307.5, 128.3), (307.5, 128.3), (307.5, 128.3), (307.5, 128.3)]",0,0,8.0
experienced,bomberman,7,Bomb,112,0,28.12,0.545,"[(48.0, 48.0), (62.9, 44.3), (77.9, 51.7), (98.4, 49.9), (113.3, 44.3), (128.3, 44.3), (143.2, 51.7), (165.6, 48.0), (180.5, 44.3), (195.5, 46.1), (210.4, 51.7), (232.8, 51.7), (244.0, 64.8), (236.5, 79.7), (240.3, 100.3), (249.6, 115.2), (264.5, 115.2), (283.2, 115.2), (300.0, 117.1), (307.5, 128.3), (307.5, 128.3), (307.5, 128.3), (307.5, 128.3), (307.5, 128.3), (307.5, 128.3), (307.5, 128.3), (300.0, 128.3), (300.0, 143.2), (300.0, 158.1), (300.0, 161.9), (300.0, 163.7), (300.0, 161.9), (300.0, 161.9), (300.0, 161.9), (300.0, 161.9), (300.0, 161.9), (300.0, 161.9), (300.0, 161.9), (300.0, 161.9), (300.0, 161.9), (300.0, 161.9), (300.0, 161.9), (300.0, 161.9), (300.0, 161.9), (300.0, 161.9), (300.0, 161.9), (300.0, 161.9), (300.0, 150.7), (300.0, 135.7), (303.7, 128.3), (307.5, 128.3), (307.5, 128.3), (307.5, 128.3), (307.5, 128.3), (307.5, 135.7), (307.5, 150.7), (305.6, 161.9), (301.9, 161.9), (301.9, 161.9), (301.9, 161.9), (301.9, 161.9)]",0,0,8.03
experienced,bomberman,7,Stuck,131,0,11.65,0.545,"[(48.0, 48.0), (62.9, 44.3), (77.9, 51.7), (98.4, 49.9), (113.3, 44.3), (128.3, 44.3), (126.4, 51.7), (128.3, 51.7), (128.3, 49.9), (126.4, 51.7), (128.3, 51.7), (128.3, 49.9), (126.4, 51.7), (128.3, 51.7), (128.3, 49.9), (126.4, 51.7), (128.3, 51.7), (128.3, 49.9), (126.4, 51.7), (128.3, 51.7), (128.3, 49.9), (126.4, 51.7), (128.3, 51.7), (128.3, 49.9), (126.4, 51.7), (128.3, 51.7), (128.3, 49.9), (137.6, 51.7), (158.1, 51.7), (174.9, 44.3), (189.9, 44.3), (204.8, 51.7), (227.2, 51.7), (242.1, 59.2), (244.0, 74.1), (244.0, 92.8), (244.0, 109.6), (255.2, 115.2), (255.2, 115.2), (255.2, 115.2), (255.2, 115.2), (255.2, 115.2), (255.2, 115.2), (255.2, 115.2), (255.2, 115.2), (255.2, 115.2), (255.2, 115.2), (255.2, 115.2), (255.2, 115.2), (255.2, 115.2), (255.2, 115.2), (255.2, 115.2), (255.2, 115.2), (255.2, 115.2), (255.2, 115.2), (255.2, 115.2), (255.2, 115.2), (266.4, 115.2), (286.9, 115.2), (301.9, 118.9), (307.5, 126.4), (305.6, 126.4), (305.6, 126.4), (305.6, 126.4), (307.5, 133.9), (307.5, 148.8), (305.6, 160.0), (301.9, 160.0), (300.0, 160.0), (300.0, 160.0), (300.0, 160.0), (300.0, 160.0), (300.0, 160.0), (300.0, 160.0), (300.0, 160.0), (300.0, 160.0), (300.0, 145.1), (300.0, 141.3), (300.0, 141.3), (300.0, 141.3), (300.0, 141.3), (300.0, 141.3), (300.0, 141.3), (300.0, 156.3), (300.0, 160.0), (300.0, 160.0), (300.0, 160.0), (300.0, 173.1), (286.9, 173.1), (286.9, 173.1), (286.9, 173.1), (286.9, 173.1), (286.9, 173.1), (286.9, 173.1), (281.3, 178.7), (277.6, 180.5), (277.6, 180.5), (277.6, 180.5), (277.6, 180.5), (277.6, 180.5), (277.6, 180.5), (277.6, 180.5), (277.6, 180.5), (277.6, 180.5), (277.6, 180.5), (277.6, 180.5), (277.6, 180.5), (277.6, 180.5), (277.6, 180.5), (277.6, 180.5), (277.6, 180.5), (277.6, 180.5), (277.6, 180.5), (277.6, 180.5), (277.6, 180.5), (277.6, 180.5), (277.6, 180.5), (277.6, 180.5), (277.6, 180.5), (277.6, 180.5), (277.6, 180.5), (277.6, 180.5), (277.6, 180.5), (277.6, 180.5), (277.6, 180.5), (277.6, 180.5), (277.6, 180.5), (277.6, 180.5), (277.6, 180.5), (277.6, 180.5), (277.6, 180.5), (277.6, 180.5)]",1,0,17.47
experienced,bomberman,7,Bomb,139,0,19.91,0.5,"[(48.0, 48.0), (62.9, 44.3), (77.9, 51.7), (98.4, 49.9), (113.3, 44.3), (128.3, 44.3), (126.4, 51.7), (128.3, 51.7), (128.3, 49.9), (126.4, 51.7), (128.3, 51.7), (128.3, 49.9), (126.4, 51.7), (128.3, 51.7), (128.3, 49.9), (126.4, 51.7), (128.3, 51.7), (128.3, 49.9), (126.4, 51.7), (128.3, 51.7), (128.3, 49.9), (126.4, 51.7), (128.3, 51.7), (128.3, 49.9), (126.4, 51.7), (128.3, 51.7), (128.3, 49.9), (137.6, 49.9), (152.5, 49.9), (167.5, 44.3), (182.4, 44.3), (197.3, 51.7), (214.1, 51.7), (234.7, 51.7), (244.0, 66.7), (244.0, 81.6), (244.0, 102.1), (251.5, 115.2), (255.2, 115.2), (255.2, 115.2), (255.2, 115.2), (255.2, 115.2), (255.2, 115.2), (255.2, 115.2), (255.2, 115.2), (255.2, 115.2), (255.2, 115.2), (255.2, 115.2), (255.2, 115.2), (255.2, 115.2), (255.2, 115.2), (255.2, 115.2), (255.2, 115.2), (255.2, 115.2), (255.2, 115.2), (255.2, 115.2), (255.2, 115.2), (266.4, 115.2), (286.9, 115.2), (301.9, 118.9), (307.5, 126.4), (305.6, 126.4), (305.6, 126.4), (305.6, 126.4), (305.6, 126.4), (305.6, 126.4), (305.6, 126.4), (305.6, 126.4), (307.5, 126.4), (307.5, 126.4), (307.5, 126.4), (307.5, 126.4), (307.5, 126.4), (307.5, 126.4), (307.5, 126.4), (305.6, 126.4), (305.6, 126.4), (305.6, 126.4), (305.6, 126.4), (305.6, 126.4), (305.6, 126.4), (305.6, 126.4), (305.6, 126.4), (307.5, 126.4), (307.5, 126.4), (307.5, 126.4), (307.5, 126.4), (305.6, 126.4), (305.6, 126.4), (305.6, 126.4), (305.6, 126.4)]",1,0,12.0
experienced,bomberman,7,Bomb,143,0,19.76,0.5,"[(48.0, 48.0), (62.9, 44.3), (77.9, 51.7), (98.4, 49.9), (113.3, 44.3), (128.3, 44.3), (126.4, 51.7), (128.3, 51.7), (128.3, 49.9), (126.4, 51.7), (128.3, 51.7), (128.3, 49.9), (126.4, 51.7), (128.3, 51.7), (128.3, 49.9), (126.4, 51.7), (128.3, 51.7), (128.3, 49.9), (126.4, 51.7), (128.3, 51.7), (128.3, 49.9), (126.4, 51.7), (128.3, 51.7), (128.3, 49.9), (126.4, 51.7), (128.3, 51.7), (128.3, 51.7), (139.5, 49.9), (154.4, 49.9), (169.3, 44.3), (184.3, 44.3), (199.2, 51.7), (217.9, 51.7), (236.5, 53.6), (244.0, 68.5), (244.0, 83.5), (244.0, 104.0), (253.3, 115.2), (257.1, 115.2), (257.1, 115.2), (257.1, 115.2), (257.1, 115.2), (257.1, 115.2), (257.1, 115.2), (257.1, 115.2), (257.1, 115.2), (257.1, 115.2), (257.1, 115.2), (257.1, 115.2), (257.1, 115.2), (257.1, 115.2), (257.1, 115.2), (257.1, 115.2), (257.1, 115.2), (257.1, 115.2), (257.1, 115.2), (257.1, 115.2), (268.3, 115.2), (288.8, 115.2), (303.7, 120.8), (307.5, 124.5), (307.5, 128.3), (307.5, 128.3), (307.5, 128.3), (307.5, 128.3), (307.5, 128.3), (307.5, 128.3), (307.5, 128.3), (307.5, 128.3), (307.5, 128.3), (307.5, 128.3), (307.5, 128.3), (307.5, 128.3), (307.5, 128.3), (307.5, 128.3), (307.5, 128.3), (307.5, 128.3), (307.5, 128.3), (307.5, 128.3), (307.5, 128.3), (307.5, 128.3), (307.5, 128.3), (307.5, 128.3), (307.5, 128.3), (307.5, 128.3), (307.5, 128.3), (307.5, 128.3), (300.0, 128.3), (303.7, 128.3), (300.0, 124.5), (303.7, 128.3)]",1,0,12.0
experienced,bomberman,7,Stuck,18,0,7.36,0.455,"[(48.0, 48.0), (62.9, 44.3), (64.8, 51.7), (64.8, 49.9), (62.9, 51.7), (64.8, 51.7), (64.8, 49.9), (62.9, 51.7), (64.8, 51.7), (64.8, 49.9), (62.9, 51.7), (64.8, 51.7), (64.8, 49.9), (62.9, 51.7), (64.8, 51.7), (64.8, 49.9), (62.9, 51.7), (64.8, 51.7), (64.8, 49.9), (62.9, 51.7), (64.8, 51.7), (64.8, 49.9), (62.9, 51.7), (64.8, 51.7), (64.8, 49.9), (62.9, 51.7), (64.8, 51.7), (76.0, 51.7), (96.5, 51.7), (111.5, 44.3), (126.4, 44.3), (141.3, 51.7), (163.7, 51.7), (178.7, 59.2), (180.5, 74.1), (180.5, 92.8), (180.5, 109.6), (191.7, 115.2), (195.5, 115.2), (193.6, 113.3), (191.7, 115.2), (191.7, 115.2), (191.7, 115.2), (191.7, 115.2), (191.7, 115.2), (191.7, 115.2), (191.7, 115.2), (193.6, 113.3), (191.7, 115.2), (193.6, 115.2), (193.6, 113.3), (191.7, 115.2), (193.6, 115.2), (193.6, 113.3), (201.1, 115.2), (221.6, 115.2), (238.4, 118.9), (242.1, 126.4), (242.1, 126.4), (242.1, 126.4), (242.1, 126.4), (236.5, 137.6), (236.5, 156.3), (234.7, 174.9), (223.5, 180.5), (223.5, 180.5), (223.5, 180.5), (223.5, 180.5), (223.5, 180.5), (223.5, 180.5), (223.5, 180.5), (223.5, 180.5), (223.5, 180.5), (223.5, 180.5), (223.5, 180.5), (223.5, 180.5), (223.5, 180.5), (223.5, 180.5), (223.5, 180.5), (223.5, 180.5), (223.5, 180.5), (223.5, 180.5), (223.5, 180.5), (223.5, 180.5), (223.5, 180.5), (223.5, 180.5), (223.5, 180.5), (223.5, 180.5), (223.5, 180.5), (223.5, 180.5), (223.5, 180.5), (223.5, 180.5), (223.5, 180.5), (223.5, 180.5), (223.5, 180.5), (208.5, 180.5), (191.7, 180.5), (191.7, 180.5), (191.7, 180.5), (191.7, 180.5), (191.7, 180.5), (191.7, 180.5), (191.7, 180.5), (191.7, 180.5), (191.7, 180.5), (191.7, 180.5), (191.7, 180.5), (191.7, 180.5), (191.7, 180.5), (191.7, 180.5), (191.7, 180.5), (191.7, 180.5), (191.7, 180.5), (191.7, 180.5), (191.7, 180.5), (191.7, 180.5), (191.7, 180.5), (191.7, 180.5), (191.7, 180.5), (191.7, 180.5), (191.7, 180.5), (191.7, 180.5), (191.7, 180.5), (191.7, 180.5), (191.7, 180.5), (191.7, 180.5), (191.7, 180.5), (191.7, 180.5), (191.7, 180.5), (191.7, 180.5), (191.7, 180.5), (191.7, 180.5)]",1,0,17.5
experienced,bomberman,7,Bomb,16,0,3.73,0.045,"[(48.0, 48.0), (62.9, 44.3), (62.9, 44.3), (62.9, 44.3), (62.9, 44.3), (62.9, 44.3), (62.9, 44.3), (62.9, 44.3), (62.9, 44.3), (62.9, 44.3), (62.9, 44.3), (62.9, 44.3), (62.9, 44.3), (62.9, 44.3), (62.9, 44.3), (62.9, 44.3), (62.9, 44.3), (62.9, 44.3), (62.9, 44.3), (62.9, 44.3), (62.9, 44.3), (62.9, 44.3), (62.9, 44.3), (62.9, 44.3), (62.9, 44.3), (62.9, 44.3), (62.9, 44.3), (62.9, 44.3), (62.9, 44.3), (62.9, 44.3), (62.9, 44.3)]",0,0,4.0
experienced,bomberman,7,Enemy,13,0,22.23,0.227,"[(48.0, 48.0), (62.9, 44.3), (62.9, 44.3), (62.9, 44.3), (62.9, 44.3), (62.9, 44.3), (62.9, 44.3), (62.9, 44.3), (62.9, 44.3), (62.9, 44.3), (62.9, 44.3), (62.9, 44.3), (62.9, 44.3), (62.9, 44.3), (62.9, 44.3), (62.9, 44.3), (62.9, 44.3), (62.9, 44.3), (62.9, 44.3), (62.9, 44.3), (62.9, 44.3), (62.9, 44.3), (62.9, 44.3), (62.9, 44.3), (62.9, 44.3), (62.9, 44.3), (62.9, 44.3), (74.1, 44.3), (89.1, 44.3), (104.0, 44.3), (118.9, 44.3), (133.9, 44.3), (148.8, 44.3), (163.7, 46.1), (178.7, 48.0), (193.6, 44.3), (191.7, 51.7), (193.6, 51.7), (193.6, 49.9), (191.7, 51.7), (193.6, 51.7), (193.6, 49.9), (191.7, 51.7), (193.6, 51.7), (193.6, 49.9), (191.7, 51.7), (193.6, 51.7), (191.7, 51.7), (191.7, 51.7), (191.7, 51.7)]",0,0,6.55
experienced,bomberman,7,Enemy,9,0,103.16,0.409,"[(48.0, 48.0), (62.9, 44.3), (77.9, 44.3), (92.8, 44.3), (107.7, 44.3), (122.7, 44.3), (137.6, 51.7), (158.1, 51.7), (174.9, 44.3), (189.9, 44.3), (193.6, 44.3), (197.3, 48.0), (214.1, 51.7), (234.7, 44.3), (249.6, 44.3), (264.5, 51.7), (283.2, 51.7), (300.0, 44.3), (314.9, 46.1), (329.9, 51.7)]",0,0,2.53
experienced,bomberman,7,Bomb,23,0,7.74,0.455,"[(48.0, 48.0), (62.9, 44.3), (62.9, 44.3), (62.9, 44.3), (62.9, 44.3), (62.9, 44.3), (62.9, 44.3), (62.9, 44.3), (62.9, 44.3), (62.9, 44.3), (62.9, 44.3), (62.9, 44.3), (62.9, 44.3), (62.9, 44.3), (62.9, 44.3), (62.9, 44.3), (62.9, 44.3), (62.9, 44.3), (62.9, 44.3), (62.9, 44.3), (62.9, 44.3), (62.9, 44.3), (62.9, 44.3), (62.9, 44.3), (62.9, 44.3), (62.9, 44.3), (62.9, 44.3), (74.1, 44.3), (89.1, 44.3), (104.0, 51.7), (115.2, 62.9), (115.2, 61.1), (115.2, 64.8), (115.2, 62.9), (115.2, 61.1), (115.2, 64.8), (115.2, 62.9), (115.2, 61.1), (115.2, 64.8), (115.2, 62.9), (117.1, 49.9), (132.0, 48.0), (146.9, 51.7), (169.3, 51.7), (180.5, 64.8), (180.5, 62.9), (180.5, 61.1), (180.5, 70.4), (180.5, 85.3), (180.5, 98.4), (180.5, 94.7), (180.5, 96.5), (180.5, 98.4), (180.5, 94.7), (180.5, 105.9), (191.7, 115.2), (206.7, 115.2), (229.1, 115.2), (244.0, 124.5), (236.5, 139.5), (236.5, 160.0), (236.5, 165.6), (236.5, 150.7), (236.5, 132.0), (240.3, 128.3), (240.3, 128.3), (240.3, 128.3), (240.3, 128.3), (238.4, 132.0), (238.4, 146.9), (238.4, 161.9), (232.8, 176.8), (217.9, 180.5), (201.1, 180.5), (193.6, 180.5), (189.9, 178.7), (174.9, 165.6), (173.1, 161.9), (173.1, 163.7), (173.1, 160.0), (173.1, 161.9), (173.1, 163.7), (173.1, 160.0), (182.4, 174.9), (193.6, 180.5), (193.6, 180.5), (193.6, 180.5), (193.6, 180.5), (193.6, 180.5), (193.6, 180.5), (193.6, 178.7), (193.6, 178.7), (193.6, 178.7), (193.6, 178.7), (193.6, 178.7), (193.6, 178.7), (193.6, 178.7), (182.4, 173.1), (173.1, 163.7), (173.1, 160.0), (173.1, 161.9), (173.1, 163.7), (173.1, 160.0), (173.1, 161.9), (173.1, 163.7), (173.1, 160.0), (173.1, 161.9), (173.1, 163.7), (173.1, 160.0), (173.1, 161.9), (173.1, 163.7), (173.1, 160.0), (173.1, 161.9)]",0,0,14.95
experienced,bomberman,7,Enemy,101,0,21.37,0.227,"[(48.0, 48.0), (62.9, 44.3), (77.9, 51.7), (98.4, 49.9), (113.3, 44.3), (128.3, 44.3), (126.4, 51.7), (128.3, 51.7), (128.3, 49.9), (126.4, 51.7), (128.3, 51.7), (128.3, 49.9), (126.4, 51.7), (128.3, 51.7), (128.3, 49.9), (126.4, 51.7), (128.3, 51.7), (128.3, 49.9), (126.4, 51.7), (128.3, 51.7), (128.3, 49.9), (126.4, 51.7), (128.3, 51.7), (128.3, 49.9), (126.4, 51.7), (128.3, 51.7), (128.3, 49.9), (137.6, 49.9), (152.5, 49.9), (167.5, 44.3), (182.4, 44.3), (184.3, 44.3), (184.3, 44.3), (193.6, 48.0), (193.6, 51.7), (193.6, 49.9), (191.7, 51.7), (193.6, 51.7), (193.6, 49.9), (191.7, 51.7), (193.6, 51.7), (193.6, 49.9), (191.7, 51.7), (193.6, 51.7), (193.6, 49.9), (191.7, 51.7), (193.6, 51.7), (191.7, 51.7), (191.7, 51.7), (191.7, 51.7)]",0,0,6.55
experienced,bomberman,7,Bomb,90,0,7.97,0.455,"[(48.0, 48.0), (62.9, 44.3), (62.9, 46.1), (62.9, 46.1), (62.9, 46.1), (62.9, 46.1), (62.9, 46.1), (62.9, 46.1), (62.9, 46.1), (62.9, 46.1), (62.9, 46.1), (62.9, 46.1), (62.9, 46.1), (62.9, 46.1), (62.9, 46.1), (62.9, 46.1), (62.9, 46.1), (62.9, 46.1), (62.9, 46.1), (62.9, 46.1), (62.9, 46.1), (62.9, 46.1), (62.9, 46.1), (62.9, 46.1), (62.9, 46.1), (62.9, 46.1), (62.9, 46.1), (74.1, 44.3), (89.1, 44.3), (104.0, 44.3), (118.9, 44.3), (133.9, 44.3), (148.8, 44.3), (163.7, 46.1), (178.7, 59.2), (180.5, 74.1), (180.5, 92.8), (180.5, 94.7), (180.5, 96.5), (180.5, 98.4), (180.5, 107.7), (193.6, 115.2), (208.5, 115.2), (230.9, 115.2), (244.0, 126.4), (236.5, 126.4), (236.5, 130.1), (236.5, 126.4), (236.5, 126.4), (236.5, 126.4), (236.5, 126.4), (236.5, 126.4), (236.5, 126.4), (236.5, 126.4), (238.4, 128.3), (236.5, 126.4), (236.5, 130.1), (238.4, 128.3), (238.4, 128.3), (238.4, 128.3), (238.4, 128.3), (236.5, 128.3), (236.5, 143.2), (236.5, 165.6), (229.1, 180.5), (223.5, 180.5), (223.5, 180.5), (223.5, 180.5), (223.5, 180.5), (223.5, 180.5), (223.5, 180.5), (223.5, 180.5), (223.5, 180.5), (223.5, 180.5), (223.5, 180.5), (223.5, 180.5), (223.5, 180.5), (223.5, 180.5), (223.5, 180.5), (223.5, 180.5), (223.5, 180.5), (223.5, 180.5), (223.5, 180.5), (223.5, 180.5), (223.5, 180.5), (223.5, 180.5), (223.5, 180.5), (223.5, 180.5), (223.5, 180.5), (223.5, 180.5), (223.5, 180.5), (223.5, 180.5), (223.5, 180.5), (223.5, 180.5), (223.5, 180.5), (212.3, 180.5), (191.7, 180.5), (191.7, 180.5), (191.7, 180.5), (191.7, 180.5), (191.7, 180.5), (191.7, 180.5), (191.7, 180.5), (191.7, 180.5), (191.7, 176.8), (191.7, 173.1), (191.7, 173.1), (191.7, 173.1), (191.7, 173.1), (191.7, 173.1), (191.7, 173.1), (191.7, 174.9), (191.7, 174.9), (191.7, 174.9), (191.7, 174.9), (191.7, 174.9), (191.7, 174.9), (191.7, 174.9), (191.7, 174.9), (191.7, 174.9), (191.7, 174.9), (191.7, 174.9), (191.7, 174.9), (191.7, 174.9), (191.7, 174.9), (191.7, 173.1), (191.7, 173.1), (191.7, 173.1), (191.7, 173.1), (191.7, 173.1), (191.7, 173.1), (191.7, 173.1), (191.7, 173.1), (191.7, 173.1)]",0,0,17.8
experienced,bomberman,7,Stuck,131,0,11.65,0.545,"[(48.0, 48.0), (62.9, 44.3), (77.9, 51.7), (98.4, 49.9), (113.3, 44.3), (128.3, 44.3), (126.4, 51.7), (128.3, 51.7), (128.3, 49.9), (126.4, 51.7), (128.3, 51.7), (128.3, 49.9), (126.4, 51.7), (128.3, 51.7), (128.3, 49.9), (126.4, 51.7), (128.3, 51.7), (128.3, 49.9), (126.4, 51.7), (128.3, 51.7), (128.3, 49.9), (126.4, 51.7), (128.3, 51.7), (128.3, 49.9), (126.4, 51.7), (128.3, 51.7), (128.3, 49.9), (137.6, 51.7), (158.1, 51.7), (174.9, 44.3), (189.9, 44.3), (204.8, 51.7), (227.2, 51.7), (242.1, 59.2), (244.0, 74.1), (244.0, 92.8), (244.0, 109.6), (255.2, 115.2), (255.2, 115.2), (255.2, 115.2), (255.2, 115.2), (255.2, 115.2), (255.2, 115.2), (255.2, 115.2), (255.2, 115.2), (255.2, 115.2), (255.2, 115.2), (255.2, 115.2), (255.2, 115.2), (255.2, 115.2), (255.2, 115.2), (255.2, 115.2), (255.2, 115.2), (255.2, 115.2), (255.2, 115.2), (255.2, 115.2), (255.2, 115.2), (266.4, 115.2), (286.9, 115.2), (301.9, 118.9), (307.5, 126.4), (305.6, 126.4), (305.6, 126.4), (305.6, 126.4), (307.5, 133.9), (307.5, 148.8), (305.6, 160.0), (301.9, 160.0), (300.0, 160.0), (300.0, 160.0), (300.0, 160.0), (300.0, 160.0), (300.0, 160.0), (300.0, 160.0), (300.0, 160.0), (300.0, 160.0), (300.0, 145.1), (300.0, 141.3), (300.0, 141.3), (300.0, 141.3), (300.0, 141.3), (300.0, 141.3), (300.0, 141.3), (300.0, 156.3), (300.0, 160.0), (300.0, 160.0), (300.0, 160.0), (300.0, 173.1), (286.9, 173.1), (286.9, 173.1), (286.9, 173.1), (286.9, 173.1), (286.9, 173.1), (286.9, 173.1), (281.3, 178.7), (277.6, 180.5), (277.6, 180.5), (277.6, 180.5), (277.6, 180.5), (277.6, 180.5), (277.6, 180.5), (277.6, 180.5), (277.6, 180.5), (277.6, 180.5), (277.6, 180.5), (277.6, 180.5), (277.6, 180.5), (277.6, 180.5), (277.6, 180.5), (277.6, 180.5), (277.6, 180.5), (277.6, 180.5), (277.6, 180.5), (277.6, 180.5), (277.6, 180.5), (277.6, 180.5), (277.6, 180.5), (277.6, 180.5), (277.6, 180.5), (277.6, 180.5), (277.6, 180.5), (277.6, 180.5), (277.6, 180.5), (277.6, 180.5), (277.6, 180.5), (277.6, 180.5), (277.6, 180.5), (277.6, 180.5), (277.6, 180.5), (277.6, 180.5), (277.6, 180.5), (277.6, 180.5)]",1,0,17.47
experienced,bomberman,7,Bomb,143,0,19.76,0.5,"[(48.0, 48.0), (62.9, 44.3), (77.9, 51.7), (98.4, 49.9), (113.3, 44.3), (128.3, 44.3), (126.4, 51.7), (128.3, 51.7), (128.3, 49.9), (126.4, 51.7), (128.3, 51.7), (128.3, 49.9), (126.4, 51.7), (128.3, 51.7), (128.3, 49.9), (126.4, 51.7), (128.3, 51.7), (128.3, 49.9), (126.4, 51.7), (128.3, 51.7), (128.3, 49.9), (126.4, 51.7), (128.3, 51.7), (128.3, 49.9), (126.4, 51.7), (128.3, 51.7), (128.3, 51.7), (139.5, 49.9), (154.4, 49.9), (169.3, 44.3), (184.3, 44.3), (199.2, 51.7), (217.9, 51.7), (236.5, 53.6), (244.0, 68.5), (244.0, 83.5), (244.0, 104.0), (253.3, 115.2), (257.1, 115.2), (257.1, 115.2), (257.1, 115.2), (257.1, 115.2), (257.1, 115.2), (257.1, 115.2), (257.1, 115.2), (257.1, 115.2), (257.1, 115.2), (257.1, 115.2), (257.1, 115.2), (257.1, 115.2), (257.1, 115.2), (257.1, 115.2), (257.1, 115.2), (257.1, 115.2), (257.1, 115.2), (257.1, 115.2), (257.1, 115.2), (268.3, 115.2), (288.8, 115.2), (303.7, 120.8), (307.5, 124.5), (307.5, 128.3), (307.5, 128.3), (307.5, 128.3), (307.5, 128.3), (307.5, 128.3), (307.5, 128.3), (307.5, 128.3), (307.5, 128.3), (307.5, 128.3), (307.5, 128.3), (307.5, 128.3), (307.5, 128.3), (307.5, 128.3), (307.5, 128.3), (307.5, 128.3), (307.5, 128.3), (307.5, 128.3), (307.5, 128.3), (307.5, 128.3), (307.5, 128.3), (307.5, 128.3), (307.5, 128.3), (307.5, 128.3), (307.5, 128.3), (307.5, 128.3), (307.5, 128.3), (300.0, 128.3), (303.7, 128.3), (300.0, 124.5), (303.7, 128.3)]",1,0,12.0
experienced,bomberman,7,Bomb,139,0,19.91,0.5,"[(48.0, 48.0), (62.9, 44.3), (77.9, 51.7), (98.4, 49.9), (113.3, 44.3), (128.3, 44.3), (126.4, 51.7), (128.3, 51.7), (128.3, 49.9), (126.4, 51.7), (128.3, 51.7), (128.3, 49.9), (126.4, 51.7), (128.3, 51.7), (128.3, 49.9), (126.4, 51.7), (128.3, 51.7), (128.3, 49.9), (126.4, 51.7), (128.3, 51.7), (128.3, 49.9), (126.4, 51.7), (128.3, 51.7), (128.3, 49.9), (126.4, 51.7), (128.3, 51.7), (128.3, 49.9), (137.6, 49.9), (152.5, 49.9), (167.5, 44.3), (182.4, 44.3), (197.3, 51.7), (214.1, 51.7), (234.7, 51.7), (244.0, 66.7), (244.0, 81.6), (244.0, 102.1), (251.5, 115.2), (255.2, 115.2), (255.2, 115.2), (255.2, 115.2), (255.2, 115.2), (255.2, 115.2), (255.2, 115.2), (255.2, 115.2), (255.2, 115.2), (255.2, 115.2), (255.2, 115.2), (255.2, 115.2), (255.2, 115.2), (255.2, 115.2), (255.2, 115.2), (255.2, 115.2), (255.2, 115.2), (255.2, 115.2), (255.2, 115.2), (255.2, 115.2), (266.4, 115.2), (286.9, 115.2), (301.9, 118.9), (307.5, 126.4), (305.6, 126.4), (305.6, 126.4), (305.6, 126.4), (305.6, 126.4), (305.6, 126.4), (305.6, 126.4), (305.6, 126.4), (307.5, 126.4), (307.5, 126.4), (307.5, 126.4), (307.5, 126.4), (307.5, 126.4), (307.5, 126.4), (307.5, 126.4), (305.6, 126.4), (305.6, 126.4), (305.6, 126.4), (305.6, 126.4), (305.6, 126.4), (305.6, 126.4), (305.6, 126.4), (305.6, 126.4), (307.5, 126.4), (307.5, 126.4), (307.5, 126.4), (307.5, 126.4), (305.6, 126.4), (305.6, 126.4), (305.6, 126.4), (305.6, 126.4)]",1,0,12.0
experienced,bomberman,7,Stuck,18,0,7.36,0.455,"[(48.0, 48.0), (62.9, 44.3), (64.8, 51.7), (64.8, 49.9), (62.9, 51.7), (64.8, 51.7), (64.8, 49.9), (62.9, 51.7), (64.8, 51.7), (64.8, 49.9), (62.9, 51.7), (64.8, 51.7), (64.8, 49.9), (62.9, 51.7), (64.8, 51.7), (64.8, 49.9), (62.9, 51.7), (64.8, 51.7), (64.8, 49.9), (62.9, 51.7), (64.8, 51.7), (64.8, 49.9), (62.9, 51.7), (64.8, 51.7), (64.8, 49.9), (62.9, 51.7), (64.8, 51.7), (76.0, 51.7), (96.5, 51.7), (111.5, 44.3), (126.4, 44.3), (141.3, 51.7), (163.7, 51.7), (178.7, 59.2), (180.5, 74.1), (180.5, 92.8), (180.5, 109.6), (191.7, 115.2), (195.5, 115.2), (193.6, 113.3), (191.7, 115.2), (191.7, 115.2), (191.7, 115.2), (191.7, 115.2), (191.7, 115.2), (191.7, 115.2), (191.7, 115.2), (193.6, 113.3), (191.7, 115.2), (193.6, 115.2), (193.6, 113.3), (191.7, 115.2), (193.6, 115.2), (193.6, 113.3), (201.1, 115.2), (221.6, 115.2), (238.4, 118.9), (242.1, 126.4), (242.1, 126.4), (242.1, 126.4), (242.1, 126.4), (236.5, 137.6), (236.5, 156.3), (234.7, 174.9), (223.5, 180.5), (223.5, 180.5), (223.5, 180.5), (223.5, 180.5), (223.5, 180.5), (223.5, 180.5), (223.5, 180.5), (223.5, 180.5), (223.5, 180.5), (223.5, 180.5), (223.5, 180.5), (223.5, 180.5), (223.5, 180.5), (223.5, 180.5), (223.5, 180.5), (223.5, 180.5), (223.5, 180.5), (223.5, 180.5), (223.5, 180.5), (223.5, 180.5), (223.5, 180.5), (223.5, 180.5), (223.5, 180.5), (223.5, 180.5), (223.5, 180.5), (223.5, 180.5), (223.5, 180.5), (223.5, 180.5), (223.5, 180.5), (223.5, 180.5), (223.5, 180.5), (208.5, 180.5), (191.7, 180.5), (191.7, 180.5), (191.7, 180.5), (191.7, 180.5), (191.7, 180.5), (191.7, 180.5), (191.7, 180.5), (191.7, 180.5), (191.7, 180.5), (191.7, 180.5), (191.7, 180.5), (191.7, 180.5), (191.7, 180.5), (191.7, 180.5), (191.7, 180.5), (191.7, 180.5), (191.7, 180.5), (191.7, 180.5), (191.7, 180.5), (191.7, 180.5), (191.7, 180.5), (191.7, 180.5), (191.7, 180.5), (191.7, 180.5), (191.7, 180.5), (191.7, 180.5), (191.7, 180.5), (191.7, 180.5), (191.7, 180.5), (191.7, 180.5), (191.7, 180.5), (191.7, 180.5), (191.7, 180.5), (191.7, 180.5), (191.7, 180.5), (191.7, 180.5)]",1,0,17.5
experienced,bomberman,7,Enemy,3,0,36.36,0.273,"[(48.0, 48.0), (62.9, 44.3), (62.9, 46.1), (62.9, 46.1), (62.9, 46.1), (62.9, 46.1), (62.9, 46.1), (62.9, 46.1), (62.9, 46.1), (62.9, 46.1), (62.9, 46.1), (62.9, 46.1), (62.9, 46.1), (62.9, 46.1), (62.9, 46.1), (62.9, 46.1), (62.9, 46.1), (62.9, 46.1), (62.9, 46.1), (62.9, 46.1), (62.9, 46.1), (62.9, 46.1), (62.9, 46.1), (62.9, 46.1), (62.9, 46.1), (62.9, 46.1), (62.9, 46.1), (74.1, 44.3), (89.1, 44.3), (104.0, 51.7), (115.2, 59.2), (122.7, 44.3), (137.6, 51.7), (152.5, 51.7), (167.5, 46.1), (182.4, 44.3), (197.3, 48.0), (214.1, 51.7), (234.7, 51.7)]",0,0,5.13
experienced,bomberman,7,Bomb,1,0,3.73,0.045,"[(48.0, 48.0), (62.9, 44.3), (62.9, 46.1), (62.9, 46.1), (62.9, 46.1), (62.9, 46.1), (62.9, 46.1), (62.9, 46.1), (62.9, 46.1), (62.9, 46.1), (62.9, 46.1), (62.9, 46.1), (62.9, 46.1), (62.9, 46.1), (62.9, 46.1), (62.9, 46.1), (62.9, 46.1), (62.9, 46.1), (62.9, 46.1), (62.9, 46.1), (62.9, 46.1), (62.9, 46.1), (62.9, 46.1), (62.9, 46.1), (62.9, 46.1), (62.9, 46.1), (62.9, 46.1), (62.9, 44.3), (62.9, 44.3), (62.9, 44.3), (62.9, 44.3)]",0,0,4.0
experienced,bomberman,7,Bomb,15,0,3.73,0.045,"[(48.0, 48.0), (62.9, 44.3), (62.9, 46.1), (62.9, 46.1), (62.9, 46.1), (62.9, 46.1), (62.9, 46.1), (62.9, 46.1), (62.9, 46.1), (62.9, 46.1), (62.9, 46.1), (62.9, 46.1), (62.9, 46.1), (62.9, 46.1), (62.9, 46.1), (62.9, 46.1), (62.9, 46.1), (62.9, 46.1), (62.9, 46.1), (62.9, 46.1), (62.9, 46.1), (62.9, 46.1), (62.9, 46.1), (62.9, 46.1), (62.9, 46.1), (62.9, 46.1), (62.9, 46.1), (62.9, 46.1), (62.9, 46.1), (62.9, 46.1), (62.9, 46.1)]",0,0,4.0
experienced,bomberman,7,Enemy,106,0,36.59,0.273,"[(48.0, 48.0), (62.9, 44.3), (62.9, 46.1), (62.9, 46.1), (62.9, 46.1), (62.9, 46.1), (62.9, 46.1), (62.9, 46.1), (62.9, 46.1), (62.9, 46.1), (62.9, 46.1), (62.9, 46.1), (62.9, 46.1), (62.9, 46.1), (62.9, 46.1), (62.9, 46.1), (62.9, 46.1), (62.9, 46.1), (62.9, 46.1), (62.9, 46.1), (62.9, 46.1), (62.9, 46.1), (62.9, 46.1), (62.9, 46.1), (62.9, 46.1), (62.9, 46.1), (62.9, 46.1), (74.1, 44.3), (89.1, 44.3), (104.0, 44.3), (118.9, 44.3), (133.9, 48.0), (150.7, 51.7), (167.5, 51.7), (180.5, 51.7), (195.5, 46.1), (210.4, 51.7), (232.8, 51.7)]",0,0,5.05
experienced,bomberman,7,Bomb,195,0,19.42,0.5,"[(48.0, 48.0), (62.9, 44.3), (77.9, 51.7), (98.4, 49.9), (113.3, 44.3), (128.3, 44.3), (143.2, 51.7), (165.6, 48.0), (180.5, 44.3), (195.5, 46.1), (210.4, 51.7), (232.8, 51.7), (244.0, 64.8), (236.5, 79.7), (240.3, 100.3), (249.6, 115.2), (257.1, 115.2), (257.1, 115.2), (257.1, 115.2), (257.1, 115.2), (257.1, 115.2), (257.1, 115.2), (257.1, 115.2), (257.1, 115.2), (257.1, 115.2), (257.1, 115.2), (257.1, 115.2), (257.1, 115.2), (257.1, 115.2), (257.1, 115.2), (257.1, 115.2), (257.1, 115.2), (257.1, 115.2), (257.1, 115.2), (257.1, 115.2), (257.1, 115.2), (257.1, 115.2), (257.1, 115.2), (257.1, 115.2), (257.1, 115.2), (257.1, 115.2), (257.1, 115.2), (257.1, 115.2), (257.1, 115.2), (257.1, 115.2), (257.1, 115.2), (257.1, 115.2), (257.1, 115.2), (257.1, 115.2), (257.1, 115.2), (257.1, 115.2), (257.1, 115.2), (257.1, 115.2), (257.1, 115.2), (257.1, 115.2), (257.1, 115.2), (257.1, 115.2), (264.5, 115.2), (283.2, 115.2), (300.0, 117.1), (307.5, 126.4), (307.5, 128.3), (307.5, 126.4), (307.5, 124.5), (307.5, 128.3), (307.5, 128.3), (307.5, 128.3), (307.5, 128.3), (307.5, 128.3), (307.5, 128.3), (307.5, 128.3), (307.5, 128.3), (307.5, 128.3), (307.5, 128.3), (307.5, 128.3), (307.5, 128.3), (307.5, 128.3), (307.5, 128.3), (307.5, 128.3), (307.5, 128.3), (307.5, 128.3), (307.5, 128.3), (307.5, 128.3), (307.5, 128.3), (307.5, 128.3), (307.5, 128.3), (307.5, 128.3), (307.5, 128.3), (307.5, 128.3), (307.5, 128.3), (307.5, 128.3)]",0,0,12.02
experienced,bomberman,7,Enemy,3,0,36.11,0.273,"[(48.0, 48.0), (62.9, 44.3), (64.8, 51.7), (64.8, 49.9), (62.9, 51.7), (64.8, 51.7), (64.8, 49.9), (62.9, 51.7), (64.8, 51.7), (64.8, 49.9), (62.9, 51.7), (64.8, 51.7), (64.8, 49.9), (62.9, 51.7), (64.8, 51.7), (64.8, 49.9), (62.9, 51.7), (64.8, 51.7), (64.8, 49.9), (62.9, 51.7), (64.8, 51.7), (64.8, 49.9), (62.9, 51.7), (64.8, 51.7), (64.8, 49.9), (62.9, 51.7), (64.8, 51.7), (76.0, 44.3), (90.9, 44.3), (105.9, 44.3), (120.8, 44.3), (135.7, 49.9), (154.4, 51.7), (171.2, 51.7), (180.5, 55.5), (191.7, 44.3), (206.7, 51.7), (229.1, 51.7), (244.0, 61.1)]",0,0,5.07
experienced,bomberman,7,Stuck,131,0,11.65,0.545,"[(48.0, 48.0), (62.9, 44.3), (77.9, 51.7), (98.4, 49.9), (113.3, 44.3), (128.3, 44.3), (126.4, 51.7), (128.3, 51.7), (128.3, 49.9), (126.4, 51.7), (128.3, 51.7), (128.3, 49.9), (126.4, 51.7), (128.3, 51.7), (128.3, 49.9), (126.4, 51.7), (128.3, 51.7), (128.3, 49.9), (126.4, 51.7), (128.3, 51.7), (128.3, 49.9), (126.4, 51.7), (128.3, 51.7), (128.3, 49.9), (126.4, 51.7), (128.3, 51.7), (128.3, 49.9), (137.6, 51.7), (158.1, 51.7), (174.9, 44.3), (189.9, 44.3), (204.8, 51.7), (227.2, 51.7), (242.1, 59.2), (244.0, 74.1), (244.0, 92.8), (244.0, 109.6), (255.2, 115.2), (255.2, 115.2), (255.2, 115.2), (255.2, 115.2), (255.2, 115.2), (255.2, 115.2), (255.2, 115.2), (255.2, 115.2), (255.2, 115.2), (255.2, 115.2), (255.2, 115.2), (255.2, 115.2), (255.2, 115.2), (255.2, 115.2), (255.2, 115.2), (255.2, 115.2), (255.2, 115.2), (255.2, 115.2), (255.2, 115.2), (255.2, 115.2), (266.4, 115.2), (286.9, 115.2), (301.9, 118.9), (307.5, 126.4), (305.6, 126.4), (305.6, 126.4), (305.6, 126.4), (307.5, 133.9), (307.5, 148.8), (305.6, 160.0), (301.9, 160.0), (300.0, 160.0), (300.0, 160.0), (300.0, 160.0), (300.0, 160.0), (300.0, 160.0), (300.0, 160.0), (300.0, 160.0), (300.0, 160.0), (300.0, 145.1), (300.0, 141.3), (300.0, 141.3), (300.0, 141.3), (300.0, 141.3), (300.0, 141.3), (300.0, 141.3), (300.0, 156.3), (300.0, 160.0), (300.0, 160.0), (300.0, 160.0), (300.0, 173.1), (286.9, 173.1), (286.9, 173.1), (286.9, 173.1), (286.9, 173.1), (286.9, 173.1), (286.9, 173.1), (281.3, 178.7), (277.6, 180.5), (277.6, 180.5), (277.6, 180.5), (277.6, 180.5), (277.6, 180.5), (277.6, 180.5), (277.6, 180.5), (277.6, 180.5), (277.6, 180.5), (277.6, 180.5), (277.6, 180.5), (277.6, 180.5), (277.6, 180.5), (277.6, 180.5), (277.6, 180.5), (277.6, 180.5), (277.6, 180.5), (277.6, 180.5), (277.6, 180.5), (277.6, 180.5), (277.6, 180.5), (277.6, 180.5), (277.6, 180.5), (277.6, 180.5), (277.6, 180.5), (277.6, 180.5), (277.6, 180.5), (277.6, 180.5), (277.6, 180.5), (277.6, 180.5), (277.6, 180.5), (277.6, 180.5), (277.6, 180.5), (277.6, 180.5), (277.6, 180.5), (277.6, 180.5), (277.6, 180.5)]",1,0,17.47
experienced,bomberman,7,Bomb,139,0,19.91,0.5,"[(48.0, 48.0), (62.9, 44.3), (77.9, 51.7), (98.4, 49.9), (113.3, 44.3), (128.3, 44.3), (126.4, 51.7), (128.3, 51.7), (128.3, 49.9), (126.4, 51.7), (128.3, 51.7), (128.3, 49.9), (126.4, 51.7), (128.3, 51.7), (128.3, 49.9), (126.4, 51.7), (128.3, 51.7), (128.3, 49.9), (126.4, 51.7), (128.3, 51.7), (128.3, 49.9), (126.4, 51.7), (128.3, 51.7), (128.3, 49.9), (126.4, 51.7), (128.3, 51.7), (128.3, 49.9), (137.6, 49.9), (152.5, 49.9), (167.5, 44.3), (182.4, 44.3), (197.3, 51.7), (214.1, 51.7), (234.7, 51.7), (244.0, 66.7), (244.0, 81.6), (244.0, 102.1), (251.5, 115.2), (255.2, 115.2), (255.2, 115.2), (255.2, 115.2), (255.2, 115.2), (255.2, 115.2), (255.2, 115.2), (255.2, 115.2), (255.2, 115.2), (255.2, 115.2), (255.2, 115.2), (255.2, 115.2), (255.2, 115.2), (255.2, 115.2), (255.2, 115.2), (255.2, 115.2), (255.2, 115.2), (255.2, 115.2), (255.2, 115.2), (255.2, 115.2), (266.4, 115.2), (286.9, 115.2), (301.9, 118.9), (307.5, 126.4), (305.6, 126.4), (305.6, 126.4), (305.6, 126.4), (305.6, 126.4), (305.6, 126.4), (305.6, 126.4), (305.6, 126.4), (307.5, 126.4), (307.5, 126.4), (307.5, 126.4), (307.5, 126.4), (307.5, 126.4), (307.5, 126.4), (307.5, 126.4), (305.6, 126.4), (305.6, 126.4), (305.6, 126.4), (305.6, 126.4), (305.6, 126.4), (305.6, 126.4), (305.6, 126.4), (305.6, 126.4), (307.5, 126.4), (307.5, 126.4), (307.5, 126.4), (307.5, 126.4), (305.6, 126.4), (305.6, 126.4), (305.6, 126.4), (305.6, 126.4)]",1,0,12.0
experienced,bomberman,7,Bomb,143,0,19.76,0.5,"[(48.0, 48.0), (62.9, 44.3), (77.9, 51.7), (98.4, 49.9), (113.3, 44.3), (128.3, 44.3), (126.4, 51.7), (128.3, 51.7), (128.3, 49.9), (126.4, 51.7), (128.3, 51.7), (128.3, 49.9), (126.4, 51.7), (128.3, 51.7), (128.3, 49.9), (126.4, 51.7), (128.3, 51.7), (128.3, 49.9), (126.4, 51.7), (128.3, 51.7), (128.3, 49.9), (126.4, 51.7), (128.3, 51.7), (128.3, 49.9), (126.4, 51.7), (128.3, 51.7), (128.3, 51.7), (139.5, 49.9), (154.4, 49.9), (169.3, 44.3), (184.3, 44.3), (199.2, 51.7), (217.9, 51.7), (236.5, 53.6), (244.0, 68.5), (244.0, 83.5), (244.0, 104.0), (253.3, 115.2), (257.1, 115.2), (257.1, 115.2), (257.1, 115.2), (257.1, 115.2), (257.1, 115.2), (257.1, 115.2), (257.1, 115.2), (257.1, 115.2), (257.1, 115.2), (257.1, 115.2), (257.1, 115.2), (257.1, 115.2), (257.1, 115.2), (257.1, 115.2), (257.1, 115.2), (257.1, 115.2), (257.1, 115.2), (257.1, 115.2), (257.1, 115.2), (268.3, 115.2), (288.8, 115.2), (303.7, 120.8), (307.5, 124.5), (307.5, 128.3), (307.5, 128.3), (307.5, 128.3), (307.5, 128.3), (307.5, 128.3), (307.5, 128.3), (307.5, 128.3), (307.5, 128.3), (307.5, 128.3), (307.5, 128.3), (307.5, 128.3), (307.5, 128.3), (307.5, 128.3), (307.5, 128.3), (307.5, 128.3), (307.5, 128.3), (307.5, 128.3), (307.5, 128.3), (307.5, 128.3), (307.5, 128.3), (307.5, 128.3), (307.5, 128.3), (307.5, 128.3), (307.5, 128.3), (307.5, 128.3), (307.5, 128.3), (300.0, 128.3), (303.7, 128.3), (300.0, 124.5), (303.7, 128.3)]",1,0,12.0
experienced,bomberman,7,Stuck,18,0,7.36,0.455,"[(48.0, 48.0), (62.9, 44.3), (64.8, 51.7), (64.8, 49.9), (62.9, 51.7), (64.8, 51.7), (64.8, 49.9), (62.9, 51.7), (64.8, 51.7), (64.8, 49.9), (62.9, 51.7), (64.8, 51.7), (64.8, 49.9), (62.9, 51.7), (64.8, 51.7), (64.8, 49.9), (62.9, 51.7), (64.8, 51.7), (64.8, 49.9), (62.9, 51.7), (64.8, 51.7), (64.8, 49.9), (62.9, 51.7), (64.8, 51.7), (64.8, 49.9), (62.9, 51.7), (64.8, 51.7), (76.0, 51.7), (96.5, 51.7), (111.5, 44.3), (126.4, 44.3), (141.3, 51.7), (163.7, 51.7), (178.7, 59.2), (180.5, 74.1), (180.5, 92.8), (180.5, 109.6), (191.7, 115.2), (195.5, 115.2), (193.6, 113.3), (191.7, 115.2), (191.7, 115.2), (191.7, 115.2), (191.7, 115.2), (191.7, 115.2), (191.7, 115.2), (191.7, 115.2), (193.6, 113.3), (191.7, 115.2), (193.6, 115.2), (193.6, 113.3), (191.7, 115.2), (193.6, 115.2), (193.6, 113.3), (201.1, 115.2), (221.6, 115.2), (238.4, 118.9), (242.1, 126.4), (242.1, 126.4), (242.1, 126.4), (242.1, 126.4), (236.5, 137.6), (236.5, 156.3), (234.7, 174.9), (223.5, 180.5), (223.5, 180.5), (223.5, 180.5), (223.5, 180.5), (223.5, 180.5), (223.5, 180.5), (223.5, 180.5), (223.5, 180.5), (223.5, 180.5), (223.5, 180.5), (223.5, 180.5), (223.5, 180.5), (223.5, 180.5), (223.5, 180.5), (223.5, 180.5), (223.5, 180.5), (223.5, 180.5), (223.5, 180.5), (223.5, 180.5), (223.5, 180.5), (223.5, 180.5), (223.5, 180.5), (223.5, 180.5), (223.5, 180.5), (223.5, 180.5), (223.5, 180.5), (223.5, 180.5), (223.5, 180.5), (223.5, 180.5), (223.5, 180.5), (223.5, 180.5), (208.5, 180.5), (191.7, 180.5), (191.7, 180.5), (191.7, 180.5), (191.7, 180.5), (191.7, 180.5), (191.7, 180.5), (191.7, 180.5), (191.7, 180.5), (191.7, 180.5), (191.7, 180.5), (191.7, 180.5), (191.7, 180.5), (191.7, 180.5), (191.7, 180.5), (191.7, 180.5), (191.7, 180.5), (191.7, 180.5), (191.7, 180.5), (191.7, 180.5), (191.7, 180.5), (191.7, 180.5), (191.7, 180.5), (191.7, 180.5), (191.7, 180.5), (191.7, 180.5), (191.7, 180.5), (191.7, 180.5), (191.7, 180.5), (191.7, 180.5), (191.7, 180.5), (191.7, 180.5), (191.7, 180.5), (191.7, 180.5), (191.7, 180.5), (191.7, 180.5), (191.7, 180.5)]",1,0,17.5
experienced,bomberman,7,Bomb,1,0,3.73,0.045,"[(48.0, 48.0), (44.3, 44.3), (44.3, 44.3), (44.3, 44.3), (44.3, 44.3), (44.3, 44.3), (44.3, 44.3), (44.3, 44.3), (44.3, 44.3), (44.3, 44.3), (44.3, 44.3), (44.3, 44.3), (44.3, 44.3), (44.3, 44.3), (44.3, 44.3), (44.3, 44.3), (44.3, 44.3), (44.3, 44.3), (44.3, 44.3), (44.3, 44.3), (44.3, 44.3), (44.3, 44.3), (44.3, 44.3), (44.3, 44.3), (44.3, 44.3), (44.3, 44.3), (44.3, 44.3), (55.5, 44.3), (62.9, 44.3), (62.9, 44.3), (62.9, 44.3)]",0,0,4.0
experienced,bomberman,7,Bomb,3,0,8.63,0.409,"[(48.0, 48.0), (62.9, 51.7), (77.9, 51.7), (98.4, 51.7), (113.3, 57.3), (115.2, 61.1), (115.2, 64.8), (115.2, 62.9), (115.2, 61.1), (115.2, 64.8), (115.2, 62.9), (115.2, 61.1), (115.2, 64.8), (115.2, 62.9), (115.2, 61.1), (115.2, 64.8), (115.2, 62.9), (115.2, 61.1), (115.2, 64.8), (115.2, 62.9), (115.2, 61.1), (115.2, 64.8), (115.2, 62.9), (115.2, 61.1), (115.2, 64.8), (115.2, 62.9), (115.2, 61.1), (115.2, 76.0), (115.2, 96.5), (117.1, 111.5), (128.3, 115.2), (128.3, 115.2), (128.3, 115.2), (128.3, 115.2), (132.0, 115.2), (146.9, 115.2), (169.3, 115.2), (180.5, 128.3), (173.1, 143.2), (173.1, 161.9), (182.4, 174.9), (193.6, 178.7), (193.6, 178.7), (193.6, 178.7), (193.6, 178.7), (193.6, 178.7), (193.6, 178.7), (193.6, 178.7), (193.6, 178.7), (193.6, 178.7), (193.6, 178.7), (193.6, 178.7), (193.6, 178.7), (193.6, 178.7), (193.6, 178.7), (193.6, 178.7), (193.6, 178.7), (193.6, 178.7), (193.6, 178.7), (193.6, 178.7), (193.6, 180.5), (193.6, 180.5), (193.6, 180.5), (193.6, 180.5), (193.6, 180.5), (193.6, 180.5), (193.6, 180.5), (193.6, 180.5), (193.6, 178.7), (193.6, 178.7), (193.6, 178.7), (193.6, 178.7), (193.6, 178.7), (193.6, 178.7), (193.6, 178.7), (191.7, 178.7), (191.7, 178.7), (191.7, 178.7), (191.7, 178.7), (191.7, 178.7), (191.7, 178.7), (191.7, 178.7), (191.7, 178.7), (191.7, 173.1), (191.7, 173.1), (191.7, 173.1), (191.7, 173.1), (191.7, 173.1), (191.7, 173.1), (191.7, 173.1), (180.5, 171.2), (173.1, 161.9), (173.1, 163.7), (173.1, 160.0), (173.1, 161.9), (173.1, 163.7), (173.1, 160.0), (173.1, 161.9)]",0,0,12.98
experienced,bomberman,7,Enemy,61,0,27.36,0.273,"[(48.0, 48.0), (62.9, 44.3), (77.9, 51.7), (98.4, 49.9), (113.3, 44.3), (128.3, 44.3), (126.4, 51.7), (128.3, 51.7), (128.3, 49.9), (126.4, 51.7), (128.3, 51.7), (128.3, 49.9), (126.4, 51.7), (128.3, 51.7), (128.3, 49.9), (126.4, 51.7), (128.3, 51.7), (128.3, 49.9), (126.4, 51.7), (128.3, 51.7), (128.3, 49.9), (126.4, 51.7), (128.3, 51.7), (128.3, 49.9), (126.4, 51.7), (128.3, 51.7), (143.2, 51.7), (158.1, 51.7), (173.1, 53.6), (180.5, 68.5), (180.5, 83.5), (180.5, 61.1), (180.5, 64.8), (173.1, 74.1), (173.1, 92.8), (180.5, 94.7), (180.5, 94.7), (180.5, 98.4), (178.7, 96.5), (180.5, 96.5), (180.5, 85.3), (180.5, 64.8), (184.3, 48.0), (199.2, 49.9), (217.9, 51.7)]",0,0,5.87
experienced,bomberman,7,Stuck,72,0,8.17,0.455,"[(48.0, 48.0), (62.9, 44.3), (64.8, 51.7), (64.8, 49.9), (62.9, 51.7), (64.8, 51.7), (64.8, 49.9), (62.9, 51.7), (64.8, 51.7), (64.8, 49.9), (62.9, 51.7), (64.8, 51.7), (64.8, 49.9), (62.9, 51.7), (64.8, 51.7), (64.8, 49.9), (62.9, 51.7), (64.8, 51.7), (64.8, 49.9), (62.9, 51.7), (64.8, 51.7), (64.8, 49.9), (62.9, 51.7), (64.8, 51.7), (64.8, 49.9), (62.9, 51.7), (64.8, 51.7), (76.0, 51.7), (96.5, 51.7), (111.5, 44.3), (126.4, 44.3), (141.3, 51.7), (163.7, 51.7), (178.7, 59.2), (174.9, 74.1), (173.1, 92.8), (180.5, 109.6), (191.7, 115.2), (191.7, 115.2), (191.7, 115.2), (191.7, 115.2), (191.7, 115.2), (191.7, 115.2), (191.7, 115.2), (191.7, 115.2), (191.7, 115.2), (191.7, 115.2), (193.6, 113.3), (191.7, 115.2), (193.6, 115.2), (193.6, 113.3), (191.7, 115.2), (193.6, 115.2), (193.6, 113.3), (193.6, 115.2), (193.6, 115.2), (193.6, 115.2), (201.1, 115.2), (221.6, 115.2), (238.4, 118.9), (238.4, 133.9), (236.5, 148.8), (236.5, 171.2), (223.5, 180.5), (208.5, 180.5), (188.0, 180.5), (173.1, 189.9), (173.1, 204.8), (173.1, 227.2), (173.1, 223.5), (173.1, 225.3), (173.1, 227.2), (173.1, 223.5), (173.1, 225.3), (173.1, 227.2), (173.1, 223.5), (173.1, 225.3), (173.1, 227.2), (173.1, 223.5), (173.1, 225.3), (173.1, 227.2), (173.1, 223.5), (173.1, 225.3), (173.1, 227.2), (173.1, 223.5), (173.1, 225.3), (173.1, 227.2), (173.1, 223.5), (173.1, 225.3), (173.1, 227.2), (173.1, 223.5), (173.1, 225.3), (173.1, 227.2), (173.1, 223.5), (173.1, 225.3), (173.1, 227.2), (173.1, 223.5), (173.1, 225.3), (173.1, 227.2), (173.1, 223.5), (173.1, 225.3), (173.1, 227.2)]",1,0,13.48
experienced,bomberman,7,Bomb,16,0,3.73,0.045,"[(48.0, 48.0), (62.9, 44.3), (62.9, 46.1), (62.9, 46.1), (62.9, 46.1), (62.9, 46.1), (62.9, 46.1), (62.9, 46.1), (62.9, 46.1), (62.9, 46.1), (62.9, 46.1), (62.9, 46.1), (62.9, 46.1), (62.9, 46.1), (62.9, 46.1), (62.9, 46.1), (62.9, 46.1), (62.9, 46.1), (62.9, 46.1), (62.9, 46.1), (62.9, 46.1), (62.9, 46.1), (62.9, 46.1), (62.9, 46.1), (62.9, 46.1), (62.9, 46.1), (62.9, 46.1), (62.9, 44.3), (62.9, 44.3), (62.9, 44.3), (62.9, 44.3)]",0,0,4.0
experienced,bomberman,7,Bomb,1,0,3.73,0.045,"[(48.0, 48.0), (62.9, 44.3), (62.9, 46.1), (62.9, 46.1), (62.9, 46.1), (62.9, 46.1), (62.9, 46.1), (62.9, 46.1), (62.9, 46.1), (62.9, 46.1), (62.9, 46.1), (62.9, 46.1), (62.9, 46.1), (62.9, 46.1), (62.9, 46.1), (62.9, 46.1), (62.9, 46.1), (62.9, 46.1), (62.9, 46.1), (62.9, 46.1), (62.9, 46.1), (62.9, 46.1), (62.9, 46.1), (62.9, 46.1), (62.9, 46.1), (62.9, 46.1), (62.9, 46.1), (62.9, 44.3), (62.9, 44.3), (62.9, 44.3), (62.9, 44.3)]",0,0,4.0
experienced,bomberman,7,Stuck,131,0,11.65,0.545,"[(48.0, 48.0), (62.9, 44.3), (77.9, 51.7), (98.4, 49.9), (113.3, 44.3), (128.3, 44.3), (126.4, 51.7), (128.3, 51.7), (128.3, 49.9), (126.4, 51.7), (128.3, 51.7), (128.3, 49.9), (126.4, 51.7), (128.3, 51.7), (128.3, 49.9), (126.4, 51.7), (128.3, 51.7), (128.3, 49.9), (126.4, 51.7), (128.3, 51.7), (128.3, 49.9), (126.4, 51.7), (128.3, 51.7), (128.3, 49.9), (126.4, 51.7), (128.3, 51.7), (128.3, 49.9), (137.6, 51.7), (158.1, 51.7), (174.9, 44.3), (189.9, 44.3), (204.8, 51.7), (227.2, 51.7), (242.1, 59.2), (244.0, 74.1), (244.0, 92.8), (244.0, 109.6), (255.2, 115.2), (255.2, 115.2), (255.2, 115.2), (255.2, 115.2), (255.2, 115.2), (255.2, 115.2), (255.2, 115.2), (255.2, 115.2), (255.2, 115.2), (255.2, 115.2), (255.2, 115.2), (255.2, 115.2), (255.2, 115.2), (255.2, 115.2), (255.2, 115.2), (255.2, 115.2), (255.2, 115.2), (255.2, 115.2), (255.2, 115.2), (255.2, 115.2), (266.4, 115.2), (286.9, 115.2), (301.9, 118.9), (307.5, 126.4), (305.6, 126.4), (305.6, 126.4), (305.6, 126.4), (307.5, 133.9), (307.5, 148.8), (305.6, 160.0), (301.9, 160.0), (300.0, 160.0), (300.0, 160.0), (300.0, 160.0), (300.0, 160.0), (300.0, 160.0), (300.0, 160.0), (300.0, 160.0), (300.0, 160.0), (300.0, 145.1), (300.0, 141.3), (300.0, 141.3), (300.0, 141.3), (300.0, 141.3), (300.0, 141.3), (300.0, 141.3), (300.0, 156.3), (300.0, 160.0), (300.0, 160.0), (300.0, 160.0), (300.0, 173.1), (286.9, 173.1), (286.9, 173.1), (286.9, 173.1), (286.9, 173.1), (286.9, 173.1), (286.9, 173.1), (281.3, 178.7), (277.6, 180.5), (277.6, 180.5), (277.6, 180.5), (277.6, 180.5), (277.6, 180.5), (277.6, 180.5), (277.6, 180.5), (277.6, 180.5), (277.6, 180.5), (277.6, 180.5), (277.6, 180.5), (277.6, 180.5), (277.6, 180.5), (277.6, 180.5), (277.6, 180.5), (277.6, 180.5), (277.6, 180.5), (277.6, 180.5), (277.6, 180.5), (277.6, 180.5), (277.6, 180.5), (277.6, 180.5), (277.6, 180.5), (277.6, 180.5), (277.6, 180.5), (277.6, 180.5), (277.6, 180.5), (277.6, 180.5), (277.6, 180.5), (277.6, 180.5), (277.6, 180.5), (277.6, 180.5), (277.6, 180.5), (277.6, 180.5), (277.6, 180.5), (277.6, 180.5), (277.6, 180.5)]",1,0,17.47
experienced,bomberman,7,Bomb,143,0,19.76,0.5,"[(48.0, 48.0), (62.9, 44.3), (77.9, 51.7), (98.4, 49.9), (113.3, 44.3), (128.3, 44.3), (126.4, 51.7), (128.3, 51.7), (128.3, 49.9), (126.4, 51.7), (128.3, 51.7), (128.3, 49.9), (126.4, 51.7), (128.3, 51.7), (128.3, 49.9), (126.4, 51.7), (128.3, 51.7), (128.3, 49.9), (126.4, 51.7), (128.3, 51.7), (128.3, 49.9), (126.4, 51.7), (128.3, 51.7), (128.3, 49.9), (126.4, 51.7), (128.3, 51.7), (128.3, 51.7), (139.5, 49.9), (154.4, 49.9), (169.3, 44.3), (184.3, 44.3), (199.2, 51.7), (217.9, 51.7), (236.5, 53.6), (244.0, 68.5), (244.0, 83.5), (244.0, 104.0), (253.3, 115.2), (257.1, 115.2), (257.1, 115.2), (257.1, 115.2), (257.1, 115.2), (257.1, 115.2), (257.1, 115.2), (257.1, 115.2), (257.1, 115.2), (257.1, 115.2), (257.1, 115.2), (257.1, 115.2), (257.1, 115.2), (257.1, 115.2), (257.1, 115.2), (257.1, 115.2), (257.1, 115.2), (257.1, 115.2), (257.1, 115.2), (257.1, 115.2), (268.3, 115.2), (288.8, 115.2), (303.7, 120.8), (307.5, 124.5), (307.5, 128.3), (307.5, 128.3), (307.5, 128.3), (307.5, 128.3), (307.5, 128.3), (307.5, 128.3), (307.5, 128.3), (307.5, 128.3), (307.5, 128.3), (307.5, 128.3), (307.5, 128.3), (307.5, 128.3), (307.5, 128.3), (307.5, 128.3), (307.5, 128.3), (307.5, 128.3), (307.5, 128.3), (307.5, 128.3), (307.5, 128.3), (307.5, 128.3), (307.5, 128.3), (307.5, 128.3), (307.5, 128.3), (307.5, 128.3), (307.5, 128.3), (307.5, 128.3), (300.0, 128.3), (303.7, 128.3), (300.0, 124.5), (303.7, 128.3)]",1,0,12.0
experienced,bomberman,7,Bomb,139,0,19.91,0.5,"[(48.0, 48.0), (62.9, 44.3), (77.9, 51.7), (98.4, 49.9), (113.3, 44.3), (128.3, 44.3), (126.4, 51.7), (128.3, 51.7), (128.3, 49.9), (126.4, 51.7), (128.3, 51.7), (128.3, 49.9), (126.4, 51.7), (128.3, 51.7), (128.3, 49.9), (126.4, 51.7), (128.3, 51.7), (128.3, 49.9), (126.4, 51.7), (128.3, 51.7), (128.3, 49.9), (126.4, 51.7), (128.3, 51.7), (128.3, 49.9), (126.4, 51.7), (128.3, 51.7), (128.3, 49.9), (137.6, 49.9), (152.5, 49.9), (167.5, 44.3), (182.4, 44.3), (197.3, 51.7), (214.1, 51.7), (234.7, 51.7), (244.0, 66.7), (244.0, 81.6), (244.0, 102.1), (251.5, 115.2), (255.2, 115.2), (255.2, 115.2), (255.2, 115.2), (255.2, 115.2), (255.2, 115.2), (255.2, 115.2), (255.2, 115.2), (255.2, 115.2), (255.2, 115.2), (255.2, 115.2), (255.2, 115.2), (255.2, 115.2), (255.2, 115.2), (255.2, 115.2), (255.2, 115.2), (255.2, 115.2), (255.2, 115.2), (255.2, 115.2), (255.2, 115.2), (266.4, 115.2), (286.9, 115.2), (301.9, 118.9), (307.5, 126.4), (305.6, 126.4), (305.6, 126.4), (305.6, 126.4), (305.6, 126.4), (305.6, 126.4), (305.6, 126.4), (305.6, 126.4), (307.5, 126.4), (307.5, 126.4), (307.5, 126.4), (307.5, 126.4), (307.5, 126.4), (307.5, 126.4), (307.5, 126.4), (305.6, 126.4), (305.6, 126.4), (305.6, 126.4), (305.6, 126.4), (305.6, 126.4), (305.6, 126.4), (305.6, 126.4), (305.6, 126.4), (307.5, 126.4), (307.5, 126.4), (307.5, 126.4), (307.5, 126.4), (305.6, 126.4), (305.6, 126.4), (305.6, 126.4), (305.6, 126.4)]",1,0,12.0
experienced,bomberman,7,Stuck,72,0,8.17,0.455,"[(48.0, 48.0), (62.9, 44.3), (64.8, 51.7), (64.8, 49.9), (62.9, 51.7), (64.8, 51.7), (64.8, 49.9), (62.9, 51.7), (64.8, 51.7), (64.8, 49.9), (62.9, 51.7), (64.8, 51.7), (64.8, 49.9), (62.9, 51.7), (64.8, 51.7), (64.8, 49.9), (62.9, 51.7), (64.8, 51.7), (64.8, 49.9), (62.9, 51.7), (64.8, 51.7), (64.8, 49.9), (62.9, 51.7), (64.8, 51.7), (64.8, 49.9), (62.9, 51.7), (64.8, 51.7), (76.0, 51.7), (96.5, 51.7), (111.5, 44.3), (126.4, 44.3), (141.3, 51.7), (163.7, 51.7), (178.7, 59.2), (174.9, 74.1), (173.1, 92.8), (180.5, 109.6), (191.7, 115.2), (191.7, 115.2), (191.7, 115.2), (191.7, 115.2), (191.7, 115.2), (191.7, 115.2), (191.7, 115.2), (191.7, 115.2), (191.7, 115.2), (191.7, 115.2), (193.6, 113.3), (191.7, 115.2), (193.6, 115.2), (193.6, 113.3), (191.7, 115.2), (193.6, 115.2), (193.6, 113.3), (193.6, 115.2), (193.6, 115.2), (193.6, 115.2), (201.1, 115.2), (221.6, 115.2), (238.4, 118.9), (238.4, 133.9), (236.5, 148.8), (236.5, 171.2), (223.5, 180.5), (208.5, 180.5), (188.0, 180.5), (173.1, 189.9), (173.1, 204.8), (173.1, 227.2), (173.1, 223.5), (173.1, 225.3), (173.1, 227.2), (173.1, 223.5), (173.1, 225.3), (173.1, 227.2), (173.1, 223.5), (173.1, 225.3), (173.1, 227.2), (173.1, 223.5), (173.1, 225.3), (173.1, 227.2), (173.1, 223.5), (173.1, 225.3), (173.1, 227.2), (173.1, 223.5), (173.1, 225.3), (173.1, 227.2), (173.1, 223.5), (173.1, 225.3), (173.1, 227.2), (173.1, 223.5), (173.1, 225.3), (173.1, 227.2), (173.1, 223.5), (173.1, 225.3), (173.1, 227.2), (173.1, 223.5), (173.1, 225.3), (173.1, 227.2), (173.1, 223.5), (173.1, 225.3), (173.1, 227.2)]",1,0,13.48
experienced,bomberman,7,Bomb,4,0,8.92,0.455,"[(48.0, 48.0), (62.9, 44.3), (77.9, 51.7), (98.4, 51.7), (113.3, 57.3), (115.2, 61.1), (115.2, 64.8), (115.2, 62.9), (115.2, 61.1), (115.2, 64.8), (115.2, 62.9), (115.2, 61.1), (115.2, 64.8), (115.2, 62.9), (115.2, 61.1), (115.2, 64.8), (115.2, 62.9), (115.2, 61.1), (115.2, 64.8), (115.2, 62.9), (115.2, 61.1), (115.2, 64.8), (115.2, 62.9), (115.2, 61.1), (115.2, 64.8), (115.2, 62.9), (115.2, 61.1), (115.2, 51.7), (130.1, 46.1), (145.1, 51.7), (167.5, 51.7), (180.5, 62.9), (180.5, 77.9), (180.5, 98.4), (184.3, 113.3), (199.2, 115.2), (217.9, 115.2), (236.5, 117.1), (244.0, 128.3), (244.0, 128.3), (238.4, 139.5), (236.5, 160.0), (232.8, 176.8), (225.3, 180.5), (225.3, 180.5), (225.3, 180.5), (225.3, 180.5), (225.3, 180.5), (225.3, 180.5), (225.3, 180.5), (225.3, 180.5), (225.3, 180.5), (225.3, 180.5), (225.3, 180.5), (225.3, 180.5), (225.3, 180.5), (225.3, 180.5), (225.3, 180.5), (225.3, 180.5), (225.3, 180.5), (225.3, 180.5), (217.9, 180.5), (201.1, 180.5), (193.6, 178.7), (193.6, 178.7), (193.6, 178.7), (193.6, 178.7), (193.6, 178.7), (193.6, 178.7), (193.6, 178.7), (193.6, 178.7), (193.6, 178.7), (193.6, 178.7), (193.6, 178.7), (193.6, 178.7), (193.6, 178.7), (191.7, 180.5), (193.6, 180.5), (193.6, 178.7), (191.7, 180.5), (193.6, 180.5), (193.6, 178.7), (191.7, 180.5), (191.7, 180.5), (191.7, 180.5), (191.7, 180.5), (191.7, 180.5), (191.7, 180.5), (191.7, 180.5), (191.7, 180.5), (176.8, 167.5), (173.1, 163.7), (173.1, 160.0)]",0,0,12.35
experienced,bomberman,7,Bomb,98,0,11.45,0.318,"[(48.0, 48.0), (62.9, 44.3), (64.8, 51.7), (64.8, 49.9), (62.9, 51.7), (64.8, 51.7), (64.8, 49.9), (62.9, 51.7), (64.8, 51.7), (64.8, 49.9), (62.9, 51.7), (64.8, 51.7), (64.8, 49.9), (62.9, 51.7), (64.8, 51.7), (64.8, 49.9), (62.9, 51.7), (64.8, 51.7), (64.8, 49.9), (62.9, 51.7), (64.8, 51.7), (64.8, 49.9), (62.9, 51.7), (64.8, 51.7), (64.8, 49.9), (62.9, 51.7), (64.8, 51.7), (76.0, 44.3), (90.9, 44.3), (105.9, 44.3), (120.8, 44.3), (135.7, 51.7), (154.4, 51.7), (173.1, 53.6), (173.1, 68.5), (173.1, 83.5), (180.5, 104.0), (189.9, 115.2), (193.6, 115.2), (193.6, 113.3), (191.7, 115.2), (191.7, 115.2), (191.7, 115.2), (191.7, 115.2), (191.7, 115.2), (191.7, 115.2), (191.7, 115.2), (193.6, 113.3), (191.7, 115.2), (193.6, 115.2), (193.6, 113.3), (191.7, 115.2), (193.6, 115.2), (193.6, 113.3), (193.6, 115.2), (193.6, 115.2), (193.6, 115.2), (193.6, 115.2), (193.6, 115.2), (193.6, 115.2), (193.6, 115.2), (193.6, 115.2), (193.6, 115.2), (193.6, 115.2), (193.6, 115.2), (193.6, 113.3), (191.7, 115.2), (193.6, 115.2), (193.6, 113.3), (191.7, 115.2), (193.6, 115.2), (193.6, 113.3), (191.7, 115.2), (193.6, 115.2), (193.6, 113.3), (191.7, 115.2), (193.6, 115.2), (193.6, 113.3), (191.7, 115.2), (193.6, 115.2), (193.6, 113.3), (191.7, 115.2), (193.6, 115.2), (193.6, 113.3), (191.7, 115.2), (193.6, 115.2), (193.6, 113.3), (191.7, 115.2), (193.6, 115.2), (193.6, 113.3), (191.7, 115.2)]",1,0,12.07
experienced,bomberman,7,Bomb,82,0,4.2,0.045,"[(48.0, 48.0), (62.9, 44.3), (64.8, 51.7), (64.8, 49.9), (62.9, 51.7), (64.8, 51.7), (64.8, 49.9), (62.9, 51.7), (64.8, 51.7), (64.8, 49.9), (62.9, 51.7), (64.8, 51.7), (64.8, 49.9), (62.9, 51.7), (64.8, 51.7), (64.8, 49.9), (62.9, 51.7), (64.8, 51.7), (64.8, 49.9), (62.9, 51.7), (64.8, 51.7), (64.8, 49.9), (62.9, 51.7), (64.8, 51.7), (64.8, 49.9), (62.9, 51.7), (64.8, 51.7), (64.8, 44.3), (64.8, 44.3), (64.8, 44.3), (64.8, 44.3)]",0,0,4.0
experienced,bomberman,7,Bomb,34,0,7.22,0.455,"[(48.0, 48.0), (62.9, 44.3), (62.9, 51.7), (62.9, 51.7), (62.9, 51.7), (62.9, 51.7), (62.9, 51.7), (62.9, 51.7), (62.9, 51.7), (62.9, 51.7), (62.9, 51.7), (62.9, 51.7), (62.9, 51.7), (62.9, 51.7), (62.9, 51.7), (62.9, 51.7), (62.9, 51.7), (62.9, 51.7), (62.9, 51.7), (62.9, 51.7), (62.9, 51.7), (62.9, 51.7), (62.9, 51.7), (62.9, 51.7), (62.9, 51.7), (62.9, 51.7), (62.9, 51.7), (74.1, 49.9), (89.1, 49.9), (104.0, 51.7), (115.2, 62.9), (118.9, 48.0), (133.9, 49.9), (148.8, 51.7), (163.7, 51.7), (178.7, 59.2), (180.5, 74.1), (180.5, 92.8), (180.5, 94.7), (180.5, 96.5), (180.5, 109.6), (195.5, 115.2), (210.4, 115.2), (232.8, 115.2), (244.0, 128.3), (244.0, 128.3), (244.0, 128.3), (240.3, 128.3), (236.5, 124.5), (238.4, 130.1), (238.4, 126.4), (236.5, 128.3), (240.3, 128.3), (236.5, 124.5), (238.4, 126.4), (238.4, 126.4), (238.4, 126.4), (238.4, 126.4), (238.4, 126.4), (238.4, 126.4), (238.4, 126.4), (236.5, 124.5), (238.4, 130.1), (236.5, 145.1), (236.5, 167.5), (227.2, 180.5), (223.5, 180.5), (223.5, 180.5), (223.5, 180.5), (223.5, 180.5), (223.5, 180.5), (223.5, 180.5), (223.5, 180.5), (223.5, 180.5), (223.5, 180.5), (223.5, 180.5), (223.5, 180.5), (223.5, 180.5), (223.5, 180.5), (223.5, 180.5), (223.5, 180.5), (223.5, 180.5), (223.5, 180.5), (223.5, 180.5), (223.5, 180.5), (223.5, 180.5), (223.5, 180.5), (223.5, 180.5), (223.5, 180.5), (223.5, 180.5), (223.5, 180.5), (223.5, 180.5), (223.5, 180.5), (223.5, 180.5), (223.5, 180.5), (223.5, 180.5), (223.5, 180.5), (212.3, 180.5), (191.7, 180.5), (191.7, 180.5), (191.7, 180.5), (191.7, 180.5), (191.7, 180.5), (191.7, 180.5), (193.6, 180.5), (193.6, 180.5), (193.6, 180.5), (193.6, 180.5), (193.6, 180.5), (193.6, 180.5), (193.6, 180.5), (191.7, 180.5), (193.6, 180.5), (193.6, 178.7), (191.7, 180.5), (193.6, 180.5), (193.6, 178.7), (191.7, 180.5), (191.7, 180.5), (191.7, 180.5), (191.7, 180.5), (191.7, 180.5), (191.7, 180.5), (191.7, 180.5), (191.7, 180.5), (180.5, 171.2), (173.1, 160.0), (173.1, 160.0), (173.1, 160.0)]",0,0,17.07
experienced,bomberman,7,Enemy,3,0,35.74,0.273,"[(48.0, 48.0), (62.9, 44.3), (62.9, 46.1), (62.9, 46.1), (62.9, 46.1), (62.9, 46.1), (62.9, 46.1), (62.9, 46.1), (62.9, 46.1), (62.9, 46.1), (62.9, 46.1), (62.9, 46.1), (62.9, 46.1), (62.9, 46.1), (62.9, 46.1), (62.9, 46.1), (62.9, 46.1), (62.9, 46.1), (62.9, 46.1), (62.9, 46.1), (62.9, 46.1), (62.9, 46.1), (62.9, 46.1), (62.9, 46.1), (62.9, 46.1), (62.9, 46.1), (62.9, 46.1), (74.1, 44.3), (89.1, 44.3), (104.0, 44.3), (118.9, 44.3), (133.9, 49.9), (150.7, 51.7), (171.2, 51.7), (180.5, 55.5), (191.7, 44.3), (206.7, 51.7), (229.1, 51.7), (244.0, 61.1)]",0,0,5.07
experienced,bomberman,7,Bomb,202,0,16.13,0.409,"[(48.0, 48.0), (62.9, 44.3), (77.9, 51.7), (98.4, 49.9), (113.3, 44.3), (128.3, 44.3), (126.4, 51.7), (128.3, 51.7), (128.3, 49.9), (126.4, 51.7), (128.3, 51.7), (128.3, 49.9), (126.4, 51.7), (128.3, 51.7), (128.3, 49.9), (126.4, 51.7), (128.3, 51.7), (128.3, 49.9), (126.4, 51.7), (128.3, 51.7), (128.3, 49.9), (126.4, 51.7), (128.3, 51.7), (128.3, 49.9), (126.4, 51.7), (128.3, 51.7), (128.3, 49.9), (137.6, 49.9), (152.5, 49.9), (167.5, 44.3), (182.4, 44.3), (197.3, 51.7), (214.1, 51.7), (234.7, 51.7), (242.1, 66.7), (236.5, 81.6), (242.1, 102.1), (251.5, 115.2), (255.2, 115.2), (255.2, 115.2), (255.2, 115.2), (255.2, 115.2), (255.2, 115.2), (255.2, 115.2), (255.2, 115.2), (255.2, 115.2), (255.2, 115.2), (255.2, 115.2), (255.2, 115.2), (255.2, 115.2), (255.2, 115.2), (255.2, 115.2), (255.2, 115.2), (255.2, 115.2), (255.2, 115.2), (255.2, 115.2), (255.2, 115.2), (255.2, 115.2), (255.2, 115.2), (255.2, 115.2), (255.2, 115.2), (255.2, 115.2), (255.2, 115.2), (255.2, 115.2), (255.2, 115.2), (255.2, 115.2), (255.2, 115.2), (255.2, 115.2), (255.2, 115.2), (255.2, 115.2), (255.2, 115.2), (255.2, 115.2), (255.2, 115.2), (255.2, 115.2), (255.2, 115.2), (255.2, 115.2), (255.2, 115.2), (255.2, 115.2), (255.2, 115.2), (255.2, 115.2), (255.2, 115.2), (255.2, 115.2), (255.2, 115.2), (255.2, 115.2), (255.2, 115.2), (255.2, 115.2), (255.2, 115.2), (255.2, 115.2), (255.2, 115.2), (255.2, 115.2), (255.2, 115.2)]",0,0,12.03
experienced,bomberman,7,Stuck,131,0,11.65,0.545,"[(48.0, 48.0), (62.9, 44.3), (77.9, 51.7), (98.4, 49.9), (113.3, 44.3), (128.3, 44.3), (126.4, 51.7), (128.3, 51.7), (128.3, 49.9), (126.4, 51.7), (128.3, 51.7), (128.3, 49.9), (126.4, 51.7), (128.3, 51.7), (128.3, 49.9), (126.4, 51.7), (128.3, 51.7), (128.3, 49.9), (126.4, 51.7), (128.3, 51.7), (128.3, 49.9), (126.4, 51.7), (128.3, 51.7), (128.3, 49.9), (126.4, 51.7), (128.3, 51.7), (128.3, 49.9), (137.6, 51.7), (158.1, 51.7), (174.9, 44.3), (189.9, 44.3), (204.8, 51.7), (227.2, 51.7), (242.1, 59.2), (244.0, 74.1), (244.0, 92.8), (244.0, 109.6), (255.2, 115.2), (255.2, 115.2), (255.2, 115.2), (255.2, 115.2), (255.2, 115.2), (255.2, 115.2), (255.2, 115.2), (255.2, 115.2), (255.2, 115.2), (255.2, 115.2), (255.2, 115.2), (255.2, 115.2), (255.2, 115.2), (255.2, 115.2), (255.2, 115.2), (255.2, 115.2), (255.2, 115.2), (255.2, 115.2), (255.2, 115.2), (255.2, 115.2), (266.4, 115.2), (286.9, 115.2), (301.9, 118.9), (307.5, 126.4), (305.6, 126.4), (305.6, 126.4), (305.6, 126.4), (307.5, 133.9), (307.5, 148.8), (305.6, 160.0), (301.9, 160.0), (300.0, 160.0), (300.0, 160.0), (300.0, 160.0), (300.0, 160.0), (300.0, 160.0), (300.0, 160.0), (300.0, 160.0), (300.0, 160.0), (300.0, 145.1), (300.0, 141.3), (300.0, 141.3), (300.0, 141.3), (300.0, 141.3), (300.0, 141.3), (300.0, 141.3), (300.0, 156.3), (300.0, 160.0), (300.0, 160.0), (300.0, 160.0), (300.0, 173.1), (286.9, 173.1), (286.9, 173.1), (286.9, 173.1), (286.9, 173.1), (286.9, 173.1), (286.9, 173.1), (281.3, 178.7), (277.6, 180.5), (277.6, 180.5), (277.6, 180.5), (277.6, 180.5), (277.6, 180.5), (277.6, 180.5), (277.6, 180.5), (277.6, 180.5), (277.6, 180.5), (277.6, 180.5), (277.6, 180.5), (277.6, 180.5), (277.6, 180.5), (277.6, 180.5), (277.6, 180.5), (277.6, 180.5), (277.6, 180.5), (277.6, 180.5), (277.6, 180.5), (277.6, 180.5), (277.6, 180.5), (277.6, 180.5), (277.6, 180.5), (277.6, 180.5), (277.6, 180.5), (277.6, 180.5), (277.6, 180.5), (277.6, 180.5), (277.6, 180.5), (277.6, 180.5), (277.6, 180.5), (277.6, 180.5), (277.6, 180.5), (277.6, 180.5), (277.6, 180.5), (277.6, 180.5), (277.6, 180.5)]",1,0,17.47
experienced,bomberman,7,Bomb,139,0,19.91,0.5,"[(48.0, 48.0), (62.9, 44.3), (77.9, 51.7), (98.4, 49.9), (113.3, 44.3), (128.3, 44.3), (126.4, 51.7), (128.3, 51.7), (128.3, 49.9), (126.4, 51.7), (128.3, 51.7), (128.3, 49.9), (126.4, 51.7), (128.3, 51.7), (128.3, 49.9), (126.4, 51.7), (128.3, 51.7), (128.3, 49.9), (126.4, 51.7), (128.3, 51.7), (128.3, 49.9), (126.4, 51.7), (128.3, 51.7), (128.3, 49.9), (126.4, 51.7), (128.3, 51.7), (128.3, 49.9), (137.6, 49.9), (152.5, 49.9), (167.5, 44.3), (182.4, 44.3), (197.3, 51.7), (214.1, 51.7), (234.7, 51.7), (244.0, 66.7), (244.0, 81.6), (244.0, 102.1), (251.5, 115.2), (255.2, 115.2), (255.2, 115.2), (255.2, 115.2), (255.2, 115.2), (255.2, 115.2), (255.2, 115.2), (255.2, 115.2), (255.2, 115.2), (255.2, 115.2), (255.2, 115.2), (255.2, 115.2), (255.2, 115.2), (255.2, 115.2), (255.2, 115.2), (255.2, 115.2), (255.2, 115.2), (255.2, 115.2), (255.2, 115.2), (255.2, 115.2), (266.4, 115.2), (286.9, 115.2), (301.9, 118.9), (307.5, 126.4), (305.6, 126.4), (305.6, 126.4), (305.6, 126.4), (305.6, 126.4), (305.6, 126.4), (305.6, 126.4), (305.6, 126.4), (307.5, 126.4), (307.5, 126.4), (307.5, 126.4), (307.5, 126.4), (307.5, 126.4), (307.5, 126.4), (307.5, 126.4), (305.6, 126.4), (305.6, 126.4), (305.6, 126.4), (305.6, 126.4), (305.6, 126.4), (305.6, 126.4), (305.6, 126.4), (305.6, 126.4), (307.5, 126.4), (307.5, 126.4), (307.5, 126.4), (307.5, 126.4), (305.6, 126.4), (305.6, 126.4), (305.6, 126.4), (305.6, 126.4)]",1,0,12.0
experienced,bomberman,7,Bomb,143,0,19.76,0.5,"[(48.0, 48.0), (62.9, 44.3), (77.9, 51.7), (98.4, 49.9), (113.3, 44.3), (128.3, 44.3), (126.4, 51.7), (128.3, 51.7), (128.3, 49.9), (126.4, 51.7), (128.3, 51.7), (128.3, 49.9), (126.4, 51.7), (128.3, 51.7), (128.3, 49.9), (126.4, 51.7), (128.3, 51.7), (128.3, 49.9), (126.4, 51.7), (128.3, 51.7), (128.3, 49.9), (126.4, 51.7), (128.3, 51.7), (128.3, 49.9), (126.4, 51.7), (128.3, 51.7), (128.3, 51.7), (139.5, 49.9), (154.4, 49.9), (169.3, 44.3), (184.3, 44.3), (199.2, 51.7), (217.9, 51.7), (236.5, 53.6), (244.0, 68.5), (244.0, 83.5), (244.0, 104.0), (253.3, 115.2), (257.1, 115.2), (257.1, 115.2), (257.1, 115.2), (257.1, 115.2), (257.1, 115.2), (257.1, 115.2), (257.1, 115.2), (257.1, 115.2), (257.1, 115.2), (257.1, 115.2), (257.1, 115.2), (257.1, 115.2), (257.1, 115.2), (257.1, 115.2), (257.1, 115.2), (257.1, 115.2), (257.1, 115.2), (257.1, 115.2), (257.1, 115.2), (268.3, 115.2), (288.8, 115.2), (303.7, 120.8), (307.5, 124.5), (307.5, 128.3), (307.5, 128.3), (307.5, 128.3), (307.5, 128.3), (307.5, 128.3), (307.5, 128.3), (307.5, 128.3), (307.5, 128.3), (307.5, 128.3), (307.5, 128.3), (307.5, 128.3), (307.5, 128.3), (307.5, 128.3), (307.5, 128.3), (307.5, 128.3), (307.5, 128.3), (307.5, 128.3), (307.5, 128.3), (307.5, 128.3), (307.5, 128.3), (307.5, 128.3), (307.5, 128.3), (307.5, 128.3), (307.5, 128.3), (307.5, 128.3), (307.5, 128.3), (300.0, 128.3), (303.7, 128.3), (300.0, 124.5), (303.7, 128.3)]",1,0,12.0
experienced,bomberman,7,Stuck,72,0,8.17,0.455,"[(48.0, 48.0), (62.9, 44.3), (64.8, 51.7), (64.8, 49.9), (62.9, 51.7), (64.8, 51.7), (64.8, 49.9), (62.9, 51.7), (64.8, 51.7), (64.8, 49.9), (62.9, 51.7), (64.8, 51.7), (64.8, 49.9), (62.9, 51.7), (64.8, 51.7), (64.8, 49.9), (62.9, 51.7), (64.8, 51.7), (64.8, 49.9), (62.9, 51.7), (64.8, 51.7), (64.8, 49.9), (62.9, 51.7), (64.8, 51.7), (64.8, 49.9), (62.9, 51.7), (64.8, 51.7), (76.0, 51.7), (96.5, 51.7), (111.5, 44.3), (126.4, 44.3), (141.3, 51.7), (163.7, 51.7), (178.7, 59.2), (174.9, 74.1), (173.1, 92.8), (180.5, 109.6), (191.7, 115.2), (191.7, 115.2), (191.7, 115.2), (191.7, 115.2), (191.7, 115.2), (191.7, 115.2), (191.7, 115.2), (191.7, 115.2), (191.7, 115.2), (191.7, 115.2), (193.6, 113.3), (191.7, 115.2), (193.6, 115.2), (193.6, 113.3), (191.7, 115.2), (193.6, 115.2), (193.6, 113.3), (193.6, 115.2), (193.6, 115.2), (193.6, 115.2), (201.1, 115.2), (221.6, 115.2), (238.4, 118.9), (238.4, 133.9), (236.5, 148.8), (236.5, 171.2), (223.5, 180.5), (208.5, 180.5), (188.0, 180.5), (173.1, 189.9), (173.1, 204.8), (173.1, 227.2), (173.1, 223.5), (173.1, 225.3), (173.1, 227.2), (173.1, 223.5), (173.1, 225.3), (173.1, 227.2), (173.1, 223.5), (173.1, 225.3), (173.1, 227.2), (173.1, 223.5), (173.1, 225.3), (173.1, 227.2), (173.1, 223.5), (173.1, 225.3), (173.1, 227.2), (173.1, 223.5), (173.1, 225.3), (173.1, 227.2), (173.1, 223.5), (173.1, 225.3), (173.1, 227.2), (173.1, 223.5), (173.1, 225.3), (173.1, 227.2), (173.1, 223.5), (173.1, 225.3), (173.1, 227.2), (173.1, 223.5), (173.1, 225.3), (173.1, 227.2), (173.1, 223.5), (173.1, 225.3), (173.1, 227.2)]",1,0,13.48
experienced,bomberman,7,Bomb,10,0,3.73,0.045,"[(48.0, 48.0), (62.9, 44.3), (62.9, 51.7), (62.9, 51.7), (62.9, 51.7), (62.9, 51.7), (62.9, 51.7), (62.9, 51.7), (62.9, 51.7), (62.9, 51.7), (62.9, 51.7), (62.9, 51.7), (62.9, 51.7), (62.9, 51.7), (62.9, 51.7), (62.9, 51.7), (62.9, 51.7), (62.9, 51.7), (62.9, 51.7), (62.9, 51.7), (62.9, 51.7), (62.9, 51.7), (62.9, 51.7), (62.9, 51.7), (62.9, 51.7), (62.9, 51.7), (62.9, 51.7), (62.9, 46.1), (62.9, 46.1), (62.9, 46.1), (62.9, 46.1)]",0,0,4.0
experienced,bomberman,7,Bomb,1,0,3.73,0.045,"[(48.0, 48.0), (62.9, 44.3), (62.9, 44.3), (62.9, 44.3), (62.9, 44.3), (62.9, 44.3), (62.9, 44.3), (62.9, 44.3), (62.9, 44.3), (62.9, 44.3), (62.9, 44.3), (62.9, 44.3), (62.9, 44.3), (62.9, 44.3), (62.9, 44.3), (62.9, 44.3), (62.9, 44.3), (62.9, 44.3), (62.9, 44.3), (62.9, 44.3), (62.9, 44.3), (62.9, 44.3), (62.9, 44.3), (62.9, 44.3), (62.9, 44.3), (62.9, 44.3), (62.9, 44.3), (62.9, 44.3), (62.9, 44.3), (62.9, 44.3), (62.9, 44.3)]",0,0,4.0
experienced,bomberman,7,Bomb,156,0,8.04,0.455,"[(48.0, 48.0), (62.9, 44.3), (64.8, 51.7), (64.8, 49.9), (62.9, 51.7), (64.8, 51.7), (64.8, 49.9), (62.9, 51.7), (64.8, 51.7), (64.8, 49.9), (62.9, 51.7), (64.8, 51.7), (64.8, 49.9), (62.9, 51.7), (64.8, 51.7), (64.8, 49.9), (62.9, 51.7), (64.8, 51.7), (64.8, 49.9), (62.9, 51.7), (64.8, 51.7), (64.8, 49.9), (62.9, 51.7), (64.8, 51.7), (64.8, 49.9), (62.9, 51.7), (64.8, 51.7), (76.0, 51.7), (96.5, 51.7), (111.5, 44.3), (126.4, 44.3), (141.3, 51.7), (161.9, 51.7), (174.9, 55.5), (180.5, 70.4), (180.5, 85.3), (180.5, 105.9), (191.7, 115.2), (191.7, 115.2), (191.7, 115.2), (191.7, 115.2), (191.7, 115.2), (191.7, 115.2), (191.7, 115.2), (191.7, 115.2), (191.7, 115.2), (191.7, 115.2), (191.7, 115.2), (191.7, 115.2), (191.7, 115.2), (191.7, 115.2), (191.7, 115.2), (191.7, 115.2), (191.7, 115.2), (191.7, 115.2), (191.7, 115.2), (191.7, 115.2), (202.9, 115.2), (225.3, 115.2), (240.3, 120.8), (236.5, 135.7), (236.5, 152.5), (236.5, 173.1), (225.3, 180.5), (225.3, 180.5), (225.3, 180.5), (225.3, 180.5), (225.3, 180.5), (225.3, 180.5), (225.3, 180.5), (225.3, 180.5), (225.3, 180.5), (225.3, 180.5), (225.3, 180.5), (225.3, 180.5), (225.3, 180.5), (225.3, 180.5), (225.3, 180.5), (225.3, 180.5), (225.3, 180.5), (225.3, 180.5), (225.3, 180.5), (225.3, 180.5), (225.3, 180.5), (225.3, 180.5), (225.3, 180.5), (225.3, 180.5), (214.1, 180.5), (193.6, 180.5), (193.6, 178.7), (193.6, 178.7), (193.6, 178.7), (193.6, 178.7), (193.6, 178.7), (193.6, 178.7), (193.6, 178.7), (193.6, 178.7), (193.6, 178.7), (193.6, 178.7), (193.6, 178.7), (193.6, 178.7), (193.6, 178.7), (193.6, 178.7), (193.6, 178.7), (193.6, 178.7), (193.6, 178.7), (193.6, 178.7), (193.6, 178.7), (193.6, 178.7), (193.6, 178.7), (193.6, 178.7), (193.6, 178.7), (193.6, 178.7), (193.6, 178.7), (193.6, 178.7), (193.6, 178.7), (193.6, 178.7), (193.6, 178.7), (193.6, 178.7), (193.6, 178.7), (193.6, 178.7)]",1,0,16.02
experienced,bomberman,7,Enemy,55,0,32.9,0.273,"[(48.0, 48.0), (62.9, 44.3), (77.9, 51.7), (98.4, 49.9), (113.3, 44.3), (128.3, 44.3), (126.4, 51.7), (128.3, 51.7), (128.3, 49.9), (126.4, 51.7), (128.3, 51.7), (128.3, 49.9), (126.4, 51.7), (128.3, 51.7), (128.3, 49.9), (126.4, 51.7), (128.3, 51.7), (128.3, 49.9), (126.4, 51.7), (128.3, 51.7), (128.3, 49.9), (126.4, 51.7), (128.3, 51.7), (128.3, 49.9), (126.4, 51.7), (128.3, 51.7), (143.2, 51.7), (158.1, 51.7), (173.1, 44.3), (188.0, 44.3), (202.9, 44.3), (225.3, 51.7), (225.3, 51.7), (225.3, 51.7), (225.3, 51.7), (225.3, 51.7), (225.3, 51.7), (225.3, 51.7), (225.3, 51.7), (225.3, 51.7), (236.5, 53.6)]",0,0,5.33
experienced,bomberman,7,Bomb,207,0,12.31,0.409,"[(48.0, 48.0), (62.9, 44.3), (62.9, 46.1), (62.9, 46.1), (62.9, 46.1), (62.9, 46.1), (62.9, 46.1), (62.9, 46.1), (62.9, 46.1), (62.9, 46.1), (62.9, 46.1), (62.9, 46.1), (62.9, 46.1), (62.9, 46.1), (62.9, 46.1), (62.9, 46.1), (62.9, 46.1), (62.9, 46.1), (62.9, 46.1), (62.9, 46.1), (62.9, 46.1), (62.9, 46.1), (62.9, 46.1), (62.9, 46.1), (62.9, 46.1), (62.9, 46.1), (62.9, 46.1), (74.1, 44.3), (89.1, 44.3), (104.0, 51.7), (115.2, 59.2), (115.2, 59.2), (115.2, 59.2), (115.2, 62.9), (115.2, 61.1), (115.2, 64.8), (115.2, 62.9), (115.2, 61.1), (115.2, 64.8), (115.2, 62.9), (117.1, 49.9), (132.0, 48.0), (146.9, 51.7), (169.3, 51.7), (180.5, 64.8), (173.1, 79.7), (176.8, 100.3), (180.5, 96.5), (178.7, 96.5), (178.7, 96.5), (178.7, 96.5), (178.7, 96.5), (178.7, 96.5), (178.7, 96.5), (180.5, 104.0), (189.9, 115.2), (193.6, 115.2), (193.6, 115.2), (193.6, 115.2), (193.6, 115.2), (193.6, 115.2), (193.6, 115.2), (193.6, 115.2), (193.6, 115.2), (193.6, 115.2), (193.6, 115.2), (193.6, 115.2), (193.6, 115.2), (193.6, 113.3), (191.7, 115.2), (193.6, 115.2), (193.6, 113.3), (191.7, 115.2), (206.7, 115.2), (229.1, 115.2), (244.0, 124.5), (244.0, 128.3), (244.0, 128.3), (244.0, 128.3), (244.0, 128.3), (244.0, 128.3), (244.0, 128.3), (244.0, 128.3), (238.4, 128.3), (236.5, 126.4), (236.5, 130.1), (238.4, 128.3), (236.5, 126.4), (236.5, 130.1), (238.4, 128.3), (236.5, 126.4), (236.5, 130.1), (238.4, 128.3), (236.5, 126.4), (236.5, 130.1), (238.4, 128.3), (236.5, 126.4), (236.5, 130.1), (238.4, 128.3), (236.5, 126.4), (236.5, 130.1), (238.4, 128.3), (236.5, 126.4), (236.5, 126.4), (236.5, 126.4), (236.5, 126.4)]",0,0,14.1
experienced,bomberman,7,Stuck,2,0,10.06,0.455,"[(48.0, 48.0), (62.9, 44.3), (62.9, 46.1), (62.9, 46.1), (62.9, 46.1), (62.9, 46.1), (62.9, 46.1), (62.9, 46.1), (62.9, 46.1), (62.9, 46.1), (62.9, 46.1), (62.9, 46.1), (62.9, 46.1), (62.9, 46.1), (62.9, 46.1), (62.9, 46.1), (62.9, 46.1), (62.9, 46.1), (62.9, 46.1), (62.9, 46.1), (62.9, 46.1), (62.9, 46.1), (62.9, 46.1), (62.9, 46.1), (62.9, 46.1), (62.9, 46.1), (62.9, 46.1), (74.1, 44.3), (89.1, 44.3), (104.0, 44.3), (118.9, 44.3), (133.9, 51.7), (150.7, 51.7), (171.2, 51.7), (180.5, 66.7), (180.5, 81.6), (180.5, 96.5), (180.5, 98.4), (180.5, 94.7), (180.5, 96.5), (180.5, 109.6), (191.7, 115.2), (191.7, 115.2), (191.7, 115.2), (191.7, 115.2), (191.7, 115.2), (191.7, 115.2), (193.6, 113.3), (191.7, 115.2), (193.6, 115.2), (193.6, 113.3), (191.7, 115.2), (193.6, 115.2), (193.6, 113.3), (201.1, 115.2), (221.6, 115.2), (238.4, 118.9), (238.4, 133.9), (236.5, 148.8), (236.5, 171.2), (223.5, 180.5), (219.7, 180.5), (204.8, 180.5), (191.7, 180.5), (191.7, 180.5), (191.7, 180.5), (191.7, 180.5), (191.7, 180.5), (191.7, 180.5), (191.7, 180.5), (191.7, 180.5), (191.7, 180.5), (191.7, 180.5), (191.7, 180.5), (191.7, 180.5), (191.7, 180.5), (176.8, 167.5), (173.1, 163.7), (173.1, 160.0), (173.1, 161.9), (173.1, 163.7), (173.1, 160.0), (173.1, 161.9), (184.3, 176.8), (191.7, 180.5), (191.7, 180.5), (191.7, 180.5), (191.7, 180.5), (191.7, 180.5), (191.7, 180.5), (191.7, 180.5), (191.7, 180.5), (191.7, 180.5), (191.7, 180.5), (191.7, 180.5), (191.7, 180.5), (191.7, 180.5), (191.7, 180.5), (191.7, 180.5), (191.7, 180.5), (191.7, 180.5), (191.7, 180.5)]",0,0,13.55
experienced,bomberman,7,Stuck,131,0,11.65,0.545,"[(48.0, 48.0), (62.9, 44.3), (77.9, 51.7), (98.4, 49.9), (113.3, 44.3), (128.3, 44.3), (126.4, 51.7), (128.3, 51.7), (128.3, 49.9), (126.4, 51.7), (128.3, 51.7), (128.3, 49.9), (126.4, 51.7), (128.3, 51.7), (128.3, 49.9), (126.4, 51.7), (128.3, 51.7), (128.3, 49.9), (126.4, 51.7), (128.3, 51.7), (128.3, 49.9), (126.4, 51.7), (128.3, 51.7), (128.3, 49.9), (126.4, 51.7), (128.3, 51.7), (128.3, 49.9), (137.6, 51.7), (158.1, 51.7), (174.9, 44.3), (189.9, 44.3), (204.8, 51.7), (227.2, 51.7), (242.1, 59.2), (244.0, 74.1), (244.0, 92.8), (244.0, 109.6), (255.2, 115.2), (255.2, 115.2), (255.2, 115.2), (255.2, 115.2), (255.2, 115.2), (255.2, 115.2), (255.2, 115.2), (255.2, 115.2), (255.2, 115.2), (255.2, 115.2), (255.2, 115.2), (255.2, 115.2), (255.2, 115.2), (255.2, 115.2), (255.2, 115.2), (255.2, 115.2), (255.2, 115.2), (255.2, 115.2), (255.2, 115.2), (255.2, 115.2), (266.4, 115.2), (286.9, 115.2), (301.9, 118.9), (307.5, 126.4), (305.6, 126.4), (305.6, 126.4), (305.6, 126.4), (307.5, 133.9), (307.5, 148.8), (305.6, 160.0), (301.9, 160.0), (300.0, 160.0), (300.0, 160.0), (300.0, 160.0), (300.0, 160.0), (300.0, 160.0), (300.0, 160.0), (300.0, 160.0), (300.0, 160.0), (300.0, 145.1), (300.0, 141.3), (300.0, 141.3), (300.0, 141.3), (300.0, 141.3), (300.0, 141.3), (300.0, 141.3), (300.0, 156.3), (300.0, 160.0), (300.0, 160.0), (300.0, 160.0), (300.0, 173.1), (286.9, 173.1), (286.9, 173.1), (286.9, 173.1), (286.9, 173.1), (286.9, 173.1), (286.9, 173.1), (281.3, 178.7), (277.6, 180.5), (277.6, 180.5), (277.6, 180.5), (277.6, 180.5), (277.6, 180.5), (277.6, 180.5), (277.6, 180.5), (277.6, 180.5), (277.6, 180.5), (277.6, 180.5), (277.6, 180.5), (277.6, 180.5), (277.6, 180.5), (277.6, 180.5), (277.6, 180.5), (277.6, 180.5), (277.6, 180.5), (277.6, 180.5), (277.6, 180.5), (277.6, 180.5), (277.6, 180.5), (277.6, 180.5), (277.6, 180.5), (277.6, 180.5), (277.6, 180.5), (277.6, 180.5), (277.6, 180.5), (277.6, 180.5), (277.6, 180.5), (277.6, 180.5), (277.6, 180.5), (277.6, 180.5), (277.6, 180.5), (277.6, 180.5), (277.6, 180.5), (277.6, 180.5), (277.6, 180.5)]",1,0,17.47
experienced,bomberman,7,Bomb,143,0,19.76,0.5,"[(48.0, 48.0), (62.9, 44.3), (77.9, 51.7), (98.4, 49.9), (113.3, 44.3), (128.3, 44.3), (126.4, 51.7), (128.3, 51.7), (128.3, 49.9), (126.4, 51.7), (128.3, 51.7), (128.3, 49.9), (126.4, 51.7), (128.3, 51.7), (128.3, 49.9), (126.4, 51.7), (128.3, 51.7), (128.3, 49.9), (126.4, 51.7), (128.3, 51.7), (128.3, 49.9), (126.4, 51.7), (128.3, 51.7), (128.3, 49.9), (126.4, 51.7), (128.3, 51.7), (128.3, 51.7), (139.5, 49.9), (154.4, 49.9), (169.3, 44.3), (184.3, 44.3), (199.2, 51.7), (217.9, 51.7), (236.5, 53.6), (244.0, 68.5), (244.0, 83.5), (244.0, 104.0), (253.3, 115.2), (257.1, 115.2), (257.1, 115.2), (257.1, 115.2), (257.1, 115.2), (257.1, 115.2), (257.1, 115.2), (257.1, 115.2), (257.1, 115.2), (257.1, 115.2), (257.1, 115.2), (257.1, 115.2), (257.1, 115.2), (257.1, 115.2), (257.1, 115.2), (257.1, 115.2), (257.1, 115.2), (257.1, 115.2), (257.1, 115.2), (257.1, 115.2), (268.3, 115.2), (288.8, 115.2), (303.7, 120.8), (307.5, 124.5), (307.5, 128.3), (307.5, 128.3), (307.5, 128.3), (307.5, 128.3), (307.5, 128.3), (307.5, 128.3), (307.5, 128.3), (307.5, 128.3), (307.5, 128.3), (307.5, 128.3), (307.5, 128.3), (307.5, 128.3), (307.5, 128.3), (307.5, 128.3), (307.5, 128.3), (307.5, 128.3), (307.5, 128.3), (307.5, 128.3), (307.5, 128.3), (307.5, 128.3), (307.5, 128.3), (307.5, 128.3), (307.5, 128.3), (307.5, 128.3), (307.5, 128.3), (307.5, 128.3), (300.0, 128.3), (303.7, 128.3), (300.0, 124.5), (303.7, 128.3)]",1,0,12.0
experienced,bomberman,7,Bomb,139,0,19.91,0.5,"[(48.0, 48.0), (62.9, 44.3), (77.9, 51.7), (98.4, 49.9), (113.3, 44.3), (128.3, 44.3), (126.4, 51.7), (128.3, 51.7), (128.3, 49.9), (126.4, 51.7), (128.3, 51.7), (128.3, 49.9), (126.4, 51.7), (128.3, 51.7), (128.3, 49.9), (126.4, 51.7), (128.3, 51.7), (128.3, 49.9), (126.4, 51.7), (128.3, 51.7), (128.3, 49.9), (126.4, 51.7), (128.3, 51.7), (128.3, 49.9), (126.4, 51.7), (128.3, 51.7), (128.3, 49.9), (137.6, 49.9), (152.5, 49.9), (167.5, 44.3), (182.4, 44.3), (197.3, 51.7), (214.1, 51.7), (234.7, 51.7), (244.0, 66.7), (244.0, 81.6), (244.0, 102.1), (251.5, 115.2), (255.2, 115.2), (255.2, 115.2), (255.2, 115.2), (255.2, 115.2), (255.2, 115.2), (255.2, 115.2), (255.2, 115.2), (255.2, 115.2), (255.2, 115.2), (255.2, 115.2), (255.2, 115.2), (255.2, 115.2), (255.2, 115.2), (255.2, 115.2), (255.2, 115.2), (255.2, 115.2), (255.2, 115.2), (255.2, 115.2), (255.2, 115.2), (266.4, 115.2), (286.9, 115.2), (301.9, 118.9), (307.5, 126.4), (305.6, 126.4), (305.6, 126.4), (305.6, 126.4), (305.6, 126.4), (305.6, 126.4), (305.6, 126.4), (305.6, 126.4), (307.5, 126.4), (307.5, 126.4), (307.5, 126.4), (307.5, 126.4), (307.5, 126.4), (307.5, 126.4), (307.5, 126.4), (305.6, 126.4), (305.6, 126.4), (305.6, 126.4), (305.6, 126.4), (305.6, 126.4), (305.6, 126.4), (305.6, 126.4), (305.6, 126.4), (307.5, 126.4), (307.5, 126.4), (307.5, 126.4), (307.5, 126.4), (305.6, 126.4), (305.6, 126.4), (305.6, 126.4), (305.6, 126.4)]",1,0,12.0
experienced,bomberman,7,Bomb,156,0,8.04,0.455,"[(48.0, 48.0), (62.9, 44.3), (64.8, 51.7), (64.8, 49.9), (62.9, 51.7), (64.8, 51.7), (64.8, 49.9), (62.9, 51.7), (64.8, 51.7), (64.8, 49.9), (62.9, 51.7), (64.8, 51.7), (64.8, 49.9), (62.9, 51.7), (64.8, 51.7), (64.8, 49.9), (62.9, 51.7), (64.8, 51.7), (64.8, 49.9), (62.9, 51.7), (64.8, 51.7), (64.8, 49.9), (62.9, 51.7), (64.8, 51.7), (64.8, 49.9), (62.9, 51.7), (64.8, 51.7), (76.0, 51.7), (96.5, 51.7), (111.5, 44.3), (126.4, 44.3), (141.3, 51.7), (161.9, 51.7), (174.9, 55.5), (180.5, 70.4), (180.5, 85.3), (180.5, 105.9), (191.7, 115.2), (191.7, 115.2), (191.7, 115.2), (191.7, 115.2), (191.7, 115.2), (191.7, 115.2), (191.7, 115.2), (191.7, 115.2), (191.7, 115.2), (191.7, 115.2), (191.7, 115.2), (191.7, 115.2), (191.7, 115.2), (191.7, 115.2), (191.7, 115.2), (191.7, 115.2), (191.7, 115.2), (191.7, 115.2), (191.7, 115.2), (191.7, 115.2), (202.9, 115.2), (225.3, 115.2), (240.3, 120.8), (236.5, 135.7), (236.5, 152.5), (236.5, 173.1), (225.3, 180.5), (225.3, 180.5), (225.3, 180.5), (225.3, 180.5), (225.3, 180.5), (225.3, 180.5), (225.3, 180.5), (225.3, 180.5), (225.3, 180.5), (225.3, 180.5), (225.3, 180.5), (225.3, 180.5), (225.3, 180.5), (225.3, 180.5), (225.3, 180.5), (225.3, 180.5), (225.3, 180.5), (225.3, 180.5), (225.3, 180.5), (225.3, 180.5), (225.3, 180.5), (225.3, 180.5), (225.3, 180.5), (225.3, 180.5), (214.1, 180.5), (193.6, 180.5), (193.6, 178.7), (193.6, 178.7), (193.6, 178.7), (193.6, 178.7), (193.6, 178.7), (193.6, 178.7), (193.6, 178.7), (193.6, 178.7), (193.6, 178.7), (193.6, 178.7), (193.6, 178.7), (193.6, 178.7), (193.6, 178.7), (193.6, 178.7), (193.6, 178.7), (193.6, 178.7), (193.6, 178.7), (193.6, 178.7), (193.6, 178.7), (193.6, 178.7), (193.6, 178.7), (193.6, 178.7), (193.6, 178.7), (193.6, 178.7), (193.6, 178.7), (193.6, 178.7), (193.6, 178.7), (193.6, 178.7), (193.6, 178.7), (193.6, 178.7), (193.6, 178.7), (193.6, 178.7)]",1,0,16.02
experienced,bomberman,7,Bomb,206,0,7.32,0.545,"[(48.0, 48.0), (62.9, 44.3), (77.9, 51.7), (98.4, 49.9), (113.3, 44.3), (128.3, 44.3), (126.4, 51.7), (128.3, 51.7), (128.3, 49.9), (126.4, 51.7), (128.3, 51.7), (128.3, 49.9), (126.4, 51.7), (128.3, 51.7), (128.3, 49.9), (126.4, 51.7), (128.3, 51.7), (128.3, 49.9), (126.4, 51.7), (128.3, 51.7), (128.3, 49.9), (126.4, 51.7), (128.3, 51.7), (128.3, 49.9), (126.4, 51.7), (128.3, 51.7), (143.2, 51.7), (165.6, 48.0), (180.5, 44.3), (195.5, 46.1), (210.4, 51.7), (232.8, 51.7), (244.0, 64.8), (244.0, 79.7), (244.0, 94.7), (244.0, 109.6), (255.2, 115.2), (255.2, 115.2), (255.2, 115.2), (255.2, 115.2), (266.4, 115.2), (286.9, 115.2), (301.9, 118.9), (305.6, 126.4), (305.6, 126.4), (305.6, 126.4), (305.6, 126.4), (307.5, 126.4), (307.5, 126.4), (307.5, 126.4), (307.5, 126.4), (307.5, 126.4), (307.5, 126.4), (307.5, 126.4), (307.5, 126.4), (307.5, 126.4), (307.5, 126.4), (305.6, 126.4), (305.6, 126.4), (305.6, 126.4), (305.6, 126.4), (307.5, 126.4), (307.5, 126.4), (307.5, 126.4), (307.5, 126.4), (307.5, 126.4), (307.5, 126.4), (307.5, 126.4), (307.5, 126.4), (307.5, 126.4), (307.5, 126.4), (307.5, 126.4), (307.5, 126.4), (307.5, 126.4), (307.5, 126.4), (307.5, 126.4), (307.5, 126.4), (307.5, 126.4), (307.5, 126.4), (307.5, 126.4), (307.5, 126.4), (307.5, 126.4), (307.5, 126.4), (307.5, 126.4), (307.5, 126.4), (307.5, 126.4), (307.5, 126.4), (307.5, 137.6), (307.5, 152.5), (301.9, 160.0), (298.1, 174.9), (288.8, 180.5), (286.9, 180.5), (286.9, 180.5), (286.9, 180.5), (286.9, 180.5), (286.9, 180.5), (286.9, 180.5), (286.9, 178.7), (288.8, 180.5), (286.9, 180.5), (286.9, 178.7), (288.8, 180.5), (286.9, 180.5), (285.1, 180.5), (285.1, 180.5), (285.1, 180.5), (285.1, 180.5), (285.1, 180.5), (285.1, 180.5), (285.1, 180.5), (286.9, 180.5), (286.9, 178.7), (288.8, 180.5), (286.9, 180.5), (286.9, 178.7), (288.8, 180.5), (286.9, 180.5), (286.9, 180.5), (286.9, 180.5), (286.9, 180.5), (286.9, 180.5), (286.9, 180.5), (286.9, 180.5), (286.9, 180.5), (283.2, 180.5), (268.3, 180.5), (247.7, 180.5), (236.5, 193.6), (236.5, 191.7), (236.5, 189.9), (236.5, 193.6), (236.5, 188.0), (229.1, 173.1), (223.5, 180.5), (223.5, 180.5), (223.5, 180.5), (223.5, 180.5), (223.5, 180.5), (223.5, 180.5), (223.5, 180.5), (223.5, 180.5), (223.5, 180.5), (223.5, 180.5), (223.5, 180.5), (223.5, 180.5), (223.5, 180.5), (223.5, 180.5), (223.5, 180.5), (223.5, 180.5), (223.5, 180.5), (223.5, 180.5), (223.5, 180.5), (223.5, 180.5), (223.5, 180.5), (223.5, 180.5), (223.5, 178.7), (225.3, 180.5), (223.5, 180.5), (223.5, 180.5), (223.5, 180.5)]",0,0,21.42
experienced,bomberman,7,Enemy,85,0,34.21,0.318,"[(48.0, 48.0), (62.9, 44.3), (77.9, 44.3), (92.8, 44.3), (107.7, 44.3), (122.7, 44.3), (137.6, 51.7), (158.1, 51.7), (174.9, 44.3), (189.9, 44.3), (204.8, 51.7), (227.2, 51.7), (242.1, 59.2), (242.1, 62.9), (242.1, 62.9), (242.1, 62.9), (242.1, 62.9), (242.1, 62.9), (242.1, 62.9), (242.1, 62.9), (242.1, 62.9), (242.1, 62.9), (242.1, 62.9), (242.1, 62.9), (242.1, 62.9), (242.1, 62.9), (242.1, 62.9), (238.4, 66.7), (238.4, 62.9), (236.5, 64.8), (240.3, 64.8), (236.5, 61.1), (238.4, 66.7), (236.5, 77.9), (236.5, 81.6), (238.4, 62.9), (238.4, 62.9), (238.4, 62.9), (238.4, 62.9)]",0,0,5.18
experienced,bomberman,7,Enemy,3,0,21.37,0.227,"[(48.0, 48.0), (62.9, 44.3), (64.8, 51.7), (64.8, 49.9), (62.9, 51.7), (64.8, 51.7), (64.8, 49.9), (62.9, 51.7), (64.8, 51.7), (64.8, 49.9), (62.9, 51.7), (64.8, 51.7), (64.8, 49.9), (62.9, 51.7), (64.8, 51.7), (64.8, 49.9), (62.9, 51.7), (64.8, 51.7), (64.8, 49.9), (62.9, 51.7), (64.8, 51.7), (64.8, 49.9), (62.9, 51.7), (64.8, 51.7), (64.8, 49.9), (62.9, 51.7), (64.8, 51.7), (76.0, 44.3), (90.9, 44.3), (105.9, 44.3), (120.8, 44.3), (135.7, 51.7), (154.4, 51.7), (171.2, 44.3), (186.1, 44.3), (193.6, 51.7), (193.6, 49.9), (191.7, 51.7), (193.6, 51.7), (193.6, 49.9), (191.7, 51.7), (193.6, 51.7), (193.6, 49.9), (191.7, 51.7), (193.6, 51.7), (193.6, 49.9), (191.7, 51.7), (193.6, 51.7), (193.6, 49.9), (191.7, 51.7)]",0,0,6.55
experienced,bomberman,7,Bomb,161,0,19.91,0.5,"[(48.0, 48.0), (62.9, 44.3), (77.9, 44.3), (92.8, 44.3), (107.7, 44.3), (122.7, 44.3), (137.6, 51.7), (158.1, 51.7), (174.9, 44.3), (189.9, 44.3), (193.6, 49.9), (197.3, 51.7), (214.1, 51.7), (234.7, 51.7), (242.1, 66.7), (236.5, 81.6), (242.1, 102.1), (251.5, 115.2), (255.2, 115.2), (255.2, 115.2), (255.2, 115.2), (255.2, 115.2), (255.2, 115.2), (255.2, 115.2), (255.2, 115.2), (255.2, 115.2), (255.2, 115.2), (255.2, 115.2), (255.2, 115.2), (255.2, 115.2), (255.2, 115.2), (255.2, 115.2), (255.2, 115.2), (255.2, 115.2), (255.2, 115.2), (255.2, 115.2), (255.2, 115.2), (255.2, 115.2), (255.2, 115.2), (255.2, 115.2), (255.2, 115.2), (255.2, 115.2), (255.2, 115.2), (255.2, 115.2), (255.2, 115.2), (255.2, 115.2), (255.2, 115.2), (255.2, 115.2), (255.2, 115.2), (255.2, 115.2), (255.2, 115.2), (255.2, 115.2), (255.2, 115.2), (255.2, 115.2), (255.2, 115.2), (255.2, 115.2), (255.2, 115.2), (266.4, 115.2), (286.9, 115.2), (301.9, 118.9), (307.5, 128.3), (307.5, 126.4), (307.5, 124.5), (307.5, 128.3), (307.5, 128.3), (307.5, 128.3), (307.5, 128.3), (307.5, 128.3), (307.5, 128.3), (307.5, 128.3), (307.5, 128.3), (307.5, 128.3), (307.5, 128.3), (307.5, 128.3), (307.5, 128.3), (307.5, 128.3), (307.5, 128.3), (307.5, 128.3), (307.5, 128.3), (307.5, 128.3), (307.5, 128.3), (307.5, 128.3), (307.5, 128.3), (307.5, 128.3), (307.5, 128.3), (307.5, 128.3), (307.5, 128.3), (307.5, 128.3), (307.5, 126.4), (307.5, 124.5), (307.5, 128.3)]",0,0,12.0
experienced,bomberman,7,Enemy,3,0,36.59,0.273,"[(48.0, 48.0), (62.9, 44.3), (62.9, 44.3), (62.9, 44.3), (62.9, 44.3), (62.9, 44.3), (62.9, 44.3), (62.9, 44.3), (62.9, 44.3), (62.9, 44.3), (62.9, 44.3), (62.9, 44.3), (62.9, 44.3), (62.9, 44.3), (62.9, 44.3), (62.9, 44.3), (62.9, 44.3), (62.9, 44.3), (62.9, 44.3), (62.9, 44.3), (62.9, 44.3), (62.9, 44.3), (62.9, 44.3), (62.9, 44.3), (62.9, 44.3), (62.9, 44.3), (62.9, 44.3), (74.1, 44.3), (89.1, 44.3), (104.0, 44.3), (118.9, 44.3), (133.9, 49.9), (150.7, 51.7), (167.5, 51.7), (180.5, 51.7), (195.5, 46.1), (210.4, 51.7), (232.8, 51.7)]",0,0,5.05
experienced,bomberman,7,Stuck,53,0,5.97,0.455,"[(48.0, 48.0), (62.9, 44.3), (64.8, 51.7), (64.8, 49.9), (62.9, 51.7), (64.8, 51.7), (64.8, 49.9), (62.9, 51.7), (64.8, 51.7), (64.8, 49.9), (62.9, 51.7), (64.8, 51.7), (64.8, 49.9), (62.9, 51.7), (64.8, 51.7), (64.8, 49.9), (62.9, 51.7), (64.8, 51.7), (64.8, 49.9), (62.9, 51.7), (64.8, 51.7), (64.8, 49.9), (62.9, 51.7), (64.8, 51.7), (64.8, 49.9), (62.9, 51.7), (64.8, 51.7), (76.0, 51.7), (96.5, 51.7), (111.5, 44.3), (126.4, 44.3), (141.3, 51.7), (161.9, 51.7), (174.9, 55.5), (180.5, 70.4), (180.5, 85.3), (180.5, 94.7), (180.5, 94.7), (180.5, 94.7), (180.5, 94.7), (180.5, 105.9), (191.7, 115.2), (191.7, 115.2), (191.7, 115.2), (191.7, 115.2), (191.7, 115.2), (191.7, 115.2), (193.6, 113.3), (191.7, 115.2), (193.6, 115.2), (193.6, 113.3), (191.7, 115.2), (193.6, 115.2), (193.6, 113.3), (193.6, 115.2), (193.6, 115.2), (193.6, 115.2), (201.1, 115.2), (221.6, 115.2), (238.4, 118.9), (242.1, 126.4), (236.5, 137.6), (236.5, 156.3), (234.7, 174.9), (219.7, 180.5), (204.8, 180.5), (189.9, 178.7), (174.9, 165.6), (173.1, 161.9), (173.1, 163.7), (173.1, 160.0), (173.1, 161.9), (173.1, 163.7), (173.1, 160.0), (173.1, 161.9), (173.1, 163.7), (173.1, 160.0), (173.1, 161.9), (173.1, 163.7), (173.1, 160.0), (173.1, 161.9), (173.1, 163.7), (173.1, 160.0), (173.1, 161.9), (173.1, 163.7), (173.1, 160.0), (173.1, 161.9), (173.1, 163.7), (173.1, 160.0), (173.1, 161.9), (173.1, 163.7), (173.1, 160.0), (173.1, 160.0), (173.1, 160.0), (174.9, 163.7), (174.9, 178.7), (174.9, 193.6), (173.1, 208.5), (173.1, 223.5), (173.1, 225.3), (173.1, 227.2), (173.1, 223.5), (173.1, 225.3), (173.1, 227.2), (173.1, 223.5), (173.1, 225.3), (173.1, 227.2), (173.1, 223.5), (173.1, 225.3), (173.1, 227.2), (173.1, 223.5), (173.1, 225.3), (173.1, 227.2), (173.1, 223.5), (173.1, 225.3), (173.1, 227.2), (173.1, 223.5), (173.1, 225.3), (173.1, 227.2), (173.1, 223.5), (173.1, 225.3), (173.1, 227.2), (173.1, 223.5), (173.1, 225.3), (173.1, 227.2), (173.1, 223.5), (173.1, 225.3), (173.1, 227.2), (173.1, 223.5), (173.1, 225.3), (173.1, 227.2), (173.1, 223.5)]",1,0,17.5
