persona,game,world,cause_of_death,jump_count,coins_collected,avg_vx,progress_ratio,route,enemies_killed,bricks_destroyed,elapsed_time
novice,meatboy,1,Stuck,1,0,-11.99,0.114,"[(137.0, 749.0), (111.8, 755.3), (73.0, 755.0), (73.0, 755.9), (73.0, 755.3), (73.0, 755.0), (73.0, 755.9), (73.0, 755.3), (73.0, 755.0), (73.0, 755.9), (73.0, 755.3), (73.0, 755.0), (73.0, 755.9), (73.0, 755.3), (73.0, 755.0), (73.0, 755.9), (73.0, 755.3), (73.0, 755.0), (73.0, 755.9), (73.0, 755.3), (73.0, 755.0), (73.0, 755.9), (73.0, 755.3), (73.0, 755.0), (73.0, 755.9), (73.0, 755.3), (73.0, 755.0), (73.0, 755.9), (73.0, 755.3), (73.0, 755.0), (73.0, 755.9), (73.0, 755.3), (73.0, 755.0), (73.0, 755.9), (73.0, 755.3), (73.0, 755.0), (73.0, 755.9), (73.0, 755.3)]",0,0,5.02
novice,meatboy,1,Stuck,0,0,90.63,0.886,"[(137.0, 749.0), (162.2, 755.3), (202.2, 755.0), (242.2, 755.9), (282.2, 755.3), (322.2, 755.0), (362.2, 755.9), (402.2, 755.3), (442.2, 755.0), (482.2, 755.9), (522.2, 755.3), (562.2, 755.0), (567.0, 755.9), (567.0, 755.3), (567.0, 755.0), (567.0, 755.9), (567.0, 755.3), (567.0, 755.0), (567.0, 755.9), (567.0, 755.3), (567.0, 755.0), (567.0, 755.9), (567.0, 755.3), (567.0, 755.0), (567.0, 755.9), (567.0, 755.3), (567.0, 755.0), (567.0, 755.9), (567.0, 755.3), (567.0, 755.0), (567.0, 755.9), (567.0, 755.3), (567.0, 755.0), (567.0, 755.9), (567.0, 755.3), (567.0, 755.0), (567.0, 755.9), (567.0, 755.3), (567.0, 755.0), (567.0, 755.9), (567.0, 755.3), (567.0, 755.0), (567.0, 755.9), (567.0, 755.3)]",0,0,5.77
novice,meatboy,1,Stuck,1,0,0.56,0.226,"[(137.0, 749.0), (125.9, 755.3), (118.2, 755.0), (123.2, 755.9), (123.1, 755.3), (121.6, 755.0), (126.6, 755.9), (126.4, 755.3), (124.9, 755.0), (129.9, 755.9), (129.8, 755.3), (128.2, 755.0), (133.2, 755.9), (133.1, 755.3), (131.6, 755.0), (136.6, 755.9), (136.4, 755.3), (134.9, 755.0), (139.9, 755.9), (139.8, 755.3), (138.2, 755.0), (143.2, 755.9), (143.1, 755.3), (141.6, 755.0), (146.6, 755.9), (146.4, 755.3), (144.9, 755.0), (149.9, 755.9), (149.8, 755.3), (148.2, 755.0), (153.2, 755.9), (153.1, 755.3), (151.6, 755.0), (156.6, 755.9), (156.4, 755.3), (154.9, 755.0), (159.9, 755.9), (159.8, 755.3), (158.2, 755.0), (163.2, 755.9), (163.1, 755.3), (161.6, 755.0), (166.6, 755.9), (166.4, 755.3), (164.9, 755.0), (169.9, 755.9), (169.8, 755.3), (168.2, 755.0), (173.2, 755.9), (173.1, 755.3), (171.6, 755.0), (176.6, 755.9), (176.4, 755.3), (174.9, 755.0), (179.9, 755.9), (179.8, 755.3), (178.2, 755.0), (183.2, 755.9), (183.1, 755.3), (181.6, 755.0), (186.6, 755.9), (186.4, 755.3), (184.9, 755.0), (189.9, 755.9), (189.8, 755.3), (188.2, 755.0), (193.2, 755.9), (193.1, 755.3), (191.6, 755.0), (196.6, 755.9), (196.4, 755.3), (194.9, 755.0), (199.9, 755.9), (199.8, 755.3), (198.2, 755.0), (203.2, 755.9), (186.4, 755.3), (172.3, 755.0), (174.4, 755.9), (173.9, 755.3), (173.1, 755.0), (176.4, 755.9), (175.9, 755.3), (175.1, 755.0), (178.4, 755.9), (177.9, 755.3), (177.1, 755.0), (180.4, 755.9), (179.9, 755.3), (179.1, 755.0), (182.4, 755.9), (181.9, 755.3), (169.1, 755.0), (163.2, 755.9), (162.4, 755.3), (163.1, 755.0), (157.2, 755.9), (156.4, 755.3), (157.1, 755.0), (151.2, 755.9), (150.4, 755.3), (151.1, 755.0), (145.2, 755.9)]",0,0,13.62
novice,meatboy,1,Stuck,1,0,-12.54,0.114,"[(137.0, 749.0), (116.2, 755.3), (109.0, 755.0), (103.2, 755.9), (95.3, 755.3), (86.3, 755.0), (80.5, 755.9), (73.0, 755.3), (73.0, 755.0), (73.0, 755.9), (73.0, 755.3), (73.0, 755.0), (73.0, 755.9), (73.0, 755.3), (73.0, 755.0), (73.0, 755.9), (73.0, 755.3), (73.0, 755.0), (73.0, 755.9), (73.0, 755.3), (73.0, 755.0), (73.0, 755.9), (73.0, 755.3), (73.0, 755.0), (73.0, 755.9), (73.0, 755.3), (73.0, 755.0), (73.0, 755.9), (73.0, 755.3), (73.0, 755.0), (73.0, 755.9), (73.0, 755.3), (73.0, 755.0), (73.0, 755.9), (73.0, 755.3), (73.0, 755.0), (73.0, 755.9), (73.0, 755.3)]",0,0,5.02
novice,meatboy,1,Stuck,1,0,0.0,0.214,"[(137.0, 749.0), (137.0, 755.3), (137.0, 755.0), (137.0, 755.9), (137.0, 755.3), (137.0, 755.0), (137.0, 755.9), (137.0, 755.3), (137.0, 755.0), (137.0, 755.9), (137.0, 755.3), (137.0, 755.0), (137.0, 755.9), (137.0, 755.3), (137.0, 755.0), (137.0, 755.9), (137.0, 755.3), (137.0, 755.0), (137.0, 755.9), (137.0, 755.3), (137.0, 755.0), (137.0, 755.9), (137.0, 755.3), (137.0, 755.0), (137.0, 755.9), (137.0, 755.3), (137.0, 755.0), (137.0, 755.9), (137.0, 755.3), (137.0, 755.0), (137.0, 755.9), (137.0, 755.3), (137.0, 755.0), (137.0, 755.9), (137.0, 755.3), (137.0, 755.0), (137.0, 755.9), (137.0, 755.3)]",0,0,5.02
novice,meatboy,1,Stuck,12,0,0.0,0.214,"[(137.0, 749.0), (137.0, 740.1), (137.0, 723.7), (137.0, 730.8), (137.0, 755.0), (137.0, 726.0), (137.0, 726.0), (137.0, 744.9), (137.0, 730.9), (137.0, 723.8), (137.0, 735.6), (137.0, 747.6), (137.0, 724.2), (137.0, 729.0), (137.0, 752.6), (137.0, 727.3), (137.0, 725.0), (137.0, 741.5), (137.0, 733.1), (137.0, 723.7), (137.0, 733.1), (137.0, 755.3), (137.0, 725.0), (137.0, 727.4), (137.0, 748.6), (137.0, 728.9), (137.0, 724.3), (137.0, 738.4), (137.0, 740.2), (137.0, 723.8), (137.0, 730.9), (137.0, 755.0), (137.0, 726.0), (137.0, 726.0), (137.0, 744.9), (137.0, 730.9), (137.0, 723.8), (137.0, 735.6), (137.0, 747.6)]",0,0,5.15
novice,meatboy,1,Stuck,13,0,34.95,0.878,"[(137.0, 749.0), (130.4, 740.1), (134.6, 723.7), (133.5, 730.8), (124.9, 755.0), (124.8, 707.5), (140.0, 676.5), (180.0, 674.2), (212.8, 690.7), (203.7, 726.1), (164.3, 740.2), (144.5, 694.3), (170.0, 687.3), (199.2, 699.1), (184.3, 729.7), (147.5, 732.8), (140.4, 705.1), (135.2, 707.5), (127.1, 728.7), (120.4, 739.9), (125.9, 723.5), (125.1, 730.6), (123.9, 755.0), (123.9, 707.5), (139.0, 676.5), (179.0, 674.2), (211.8, 690.7), (202.7, 726.1), (163.3, 740.2), (143.5, 694.3), (169.0, 687.3), (198.2, 699.1), (183.3, 729.7), (146.6, 732.8), (139.5, 705.1), (134.2, 707.5), (126.1, 728.7), (119.4, 739.9), (124.9, 723.5), (124.1, 730.6), (122.9, 755.0), (122.9, 707.5), (138.1, 670.6), (178.1, 661.2), (218.1, 670.7), (253.7, 699.0), (250.4, 746.1), (212.4, 726.8), (189.5, 682.9), (211.8, 673.5), (251.8, 682.9), (291.8, 711.2), (331.8, 755.0), (346.8, 747.6), (362.0, 724.2), (402.0, 729.0), (441.2, 752.6), (447.0, 733.1), (472.2, 723.7), (512.2, 733.1), (552.2, 755.3), (562.2, 755.0), (562.2, 755.9), (562.2, 755.3), (562.2, 755.0), (562.2, 755.9), (562.2, 755.3), (562.2, 755.0), (562.2, 755.9), (562.2, 755.3), (562.2, 755.0), (562.2, 755.9), (562.2, 755.3), (562.2, 755.0), (562.2, 755.9), (562.2, 755.3), (562.2, 755.0), (562.2, 755.9), (562.2, 755.3), (562.2, 755.0), (562.2, 755.9), (562.2, 755.3), (562.2, 755.0), (562.2, 755.9), (562.2, 755.3), (562.2, 755.0), (562.2, 755.9), (562.2, 755.3), (562.2, 755.0), (562.2, 755.9), (562.2, 755.3), (562.2, 755.0)]",0,0,12.17
novice,meatboy,1,Stuck,1,0,0.0,0.214,"[(137.0, 749.0), (137.0, 755.3), (137.0, 755.0), (137.0, 755.9), (137.0, 755.3), (137.0, 755.0), (137.0, 755.9), (137.0, 755.3), (137.0, 755.0), (137.0, 755.9), (137.0, 755.3), (137.0, 755.0), (137.0, 755.9), (137.0, 755.3), (137.0, 755.0), (137.0, 755.9), (137.0, 755.3), (137.0, 755.0), (137.0, 755.9), (137.0, 755.3), (137.0, 755.0), (137.0, 755.9), (137.0, 755.3), (137.0, 755.0), (137.0, 755.9), (137.0, 755.3), (137.0, 755.0), (137.0, 755.9), (137.0, 755.3), (137.0, 755.0), (137.0, 755.9), (137.0, 755.3), (137.0, 755.0), (137.0, 755.9), (137.0, 755.3), (137.0, 755.0), (137.0, 755.9), (137.0, 755.3)]",0,0,5.02
novice,meatboy,1,Stuck,0,0,-11.99,0.114,"[(137.0, 749.0), (111.8, 755.3), (73.0, 755.0), (73.0, 755.9), (73.0, 755.3), (73.0, 755.0), (73.0, 755.9), (73.0, 755.3), (73.0, 755.0), (73.0, 755.9), (73.0, 755.3), (73.0, 755.0), (73.0, 755.9), (73.0, 755.3), (73.0, 755.0), (73.0, 755.9), (73.0, 755.3), (73.0, 755.0), (73.0, 755.9), (73.0, 755.3), (73.0, 755.0), (73.0, 755.9), (73.0, 755.3), (73.0, 755.0), (73.0, 755.9), (73.0, 755.3), (73.0, 755.0), (73.0, 755.9), (73.0, 755.3), (73.0, 755.0), (73.0, 755.9), (73.0, 755.3), (73.0, 755.0), (73.0, 755.9), (73.0, 755.3), (73.0, 755.0), (73.0, 755.9), (73.0, 755.3)]",0,0,5.02
novice,meatboy,1,Stuck,1,0,-11.99,0.114,"[(137.0, 749.0), (111.8, 755.3), (73.0, 755.0), (73.0, 755.9), (73.0, 755.3), (73.0, 755.0), (73.0, 755.9), (73.0, 755.3), (73.0, 755.0), (73.0, 755.9), (73.0, 755.3), (73.0, 755.0), (73.0, 755.9), (73.0, 755.3), (73.0, 755.0), (73.0, 755.9), (73.0, 755.3), (73.0, 755.0), (73.0, 755.9), (73.0, 755.3), (73.0, 755.0), (73.0, 755.9), (73.0, 755.3), (73.0, 755.0), (73.0, 755.9), (73.0, 755.3), (73.0, 755.0), (73.0, 755.9), (73.0, 755.3), (73.0, 755.0), (73.0, 755.9), (73.0, 755.3), (73.0, 755.0), (73.0, 755.9), (73.0, 755.3), (73.0, 755.0), (73.0, 755.9), (73.0, 755.3)]",0,0,5.02
novice,meatboy,1,Stuck,13,0,34.95,0.878,"[(137.0, 749.0), (130.4, 740.1), (134.6, 723.7), (133.5, 730.8), (124.9, 755.0), (124.8, 707.5), (140.0, 676.5), (180.0, 674.2), (212.8, 690.7), (203.7, 726.1), (164.3, 740.2), (144.5, 694.3), (170.0, 687.3), (199.2, 699.1), (184.3, 729.7), (147.5, 732.8), (140.4, 705.1), (135.2, 707.5), (127.1, 728.7), (120.4, 739.9), (125.9, 723.5), (125.1, 730.6), (123.9, 755.0), (123.9, 707.5), (139.0, 676.5), (179.0, 674.2), (211.8, 690.7), (202.7, 726.1), (163.3, 740.2), (143.5, 694.3), (169.0, 687.3), (198.2, 699.1), (183.3, 729.7), (146.6, 732.8), (139.5, 705.1), (134.2, 707.5), (126.1, 728.7), (119.4, 739.9), (124.9, 723.5), (124.1, 730.6), (122.9, 755.0), (122.9, 707.5), (138.1, 670.6), (178.1, 661.2), (218.1, 670.7), (253.7, 699.0), (250.4, 746.1), (212.4, 726.8), (189.5, 682.9), (211.8, 673.5), (251.8, 682.9), (291.8, 711.2), (331.8, 755.0), (346.8, 747.6), (362.0, 724.2), (402.0, 729.0), (441.2, 752.6), (447.0, 733.1), (472.2, 723.7), (512.2, 733.1), (552.2, 755.3), (562.2, 755.0), (562.2, 755.9), (562.2, 755.3), (562.2, 755.0), (562.2, 755.9), (562.2, 755.3), (562.2, 755.0), (562.2, 755.9), (562.2, 755.3), (562.2, 755.0), (562.2, 755.9), (562.2, 755.3), (562.2, 755.0), (562.2, 755.9), (562.2, 755.3), (562.2, 755.0), (562.2, 755.9), (562.2, 755.3), (562.2, 755.0), (562.2, 755.9), (562.2, 755.3), (562.2, 755.0), (562.2, 755.9), (562.2, 755.3), (562.2, 755.0), (562.2, 755.9), (562.2, 755.3), (562.2, 755.0), (562.2, 755.9), (562.2, 755.3), (562.2, 755.0)]",0,0,12.17
novice,meatboy,1,Stuck,0,0,84.36,0.886,"[(137.0, 749.0), (153.3, 755.3), (173.5, 755.0), (191.7, 755.9), (213.0, 755.3), (237.3, 755.0), (267.6, 755.9), (307.6, 755.3), (347.6, 755.0), (381.6, 755.9), (413.8, 755.3), (434.5, 755.0), (449.8, 755.9), (475.1, 755.3), (495.0, 755.0), (523.8, 755.9), (546.9, 755.3), (567.7, 755.0), (567.7, 755.9), (567.7, 755.3), (567.7, 755.0), (567.7, 755.9), (567.7, 755.3), (567.7, 755.0), (567.7, 755.9), (567.7, 755.3), (567.7, 755.0), (567.7, 755.9), (567.7, 755.3), (567.7, 755.0), (567.7, 755.9), (567.7, 755.3), (567.7, 755.0), (567.7, 755.9), (567.7, 755.3), (567.7, 755.0), (567.7, 755.9), (567.7, 755.3), (567.7, 755.0), (567.7, 755.9), (567.7, 755.3), (567.7, 755.0), (567.7, 755.9), (567.7, 755.3), (567.7, 755.0), (567.7, 755.9)]",0,0,6.08
novice,meatboy,1,Stuck,0,0,32.08,0.503,"[(137.0, 749.0), (162.2, 755.3), (202.2, 755.0), (242.2, 755.9), (282.2, 755.3), (322.2, 755.0), (362.2, 755.9), (402.2, 755.3), (442.2, 755.0), (482.2, 755.9), (522.2, 755.3), (562.2, 755.0), (551.8, 755.9), (511.8, 755.3), (471.8, 755.0), (431.8, 755.9), (391.8, 755.3), (351.8, 755.0), (311.8, 755.9), (271.8, 755.3), (231.8, 755.0), (191.8, 755.9), (151.8, 755.3), (111.8, 755.0), (73.0, 755.9), (98.2, 755.3), (138.2, 755.0), (178.2, 755.9), (218.2, 755.3), (258.2, 755.0), (298.2, 755.9), (338.2, 755.3), (378.2, 755.0), (418.2, 755.9), (458.2, 755.3), (498.2, 755.0), (538.2, 755.9), (564.8, 755.3), (531.8, 755.0), (491.8, 755.9), (451.8, 755.3), (411.8, 755.0), (371.8, 755.9), (331.8, 755.3)]",0,0,5.77
novice,meatboy,1,Stuck,0,0,90.63,0.886,"[(137.0, 749.0), (162.2, 755.3), (202.2, 755.0), (242.2, 755.9), (282.2, 755.3), (322.2, 755.0), (362.2, 755.9), (402.2, 755.3), (442.2, 755.0), (482.2, 755.9), (522.2, 755.3), (562.2, 755.0), (567.0, 755.9), (567.0, 755.3), (567.0, 755.0), (567.0, 755.9), (567.0, 755.3), (567.0, 755.0), (567.0, 755.9), (567.0, 755.3), (567.0, 755.0), (567.0, 755.9), (567.0, 755.3), (567.0, 755.0), (567.0, 755.9), (567.0, 755.3), (567.0, 755.0), (567.0, 755.9), (567.0, 755.3), (567.0, 755.0), (567.0, 755.9), (567.0, 755.3), (567.0, 755.0), (567.0, 755.9), (567.0, 755.3), (567.0, 755.0), (567.0, 755.9), (567.0, 755.3), (567.0, 755.0), (567.0, 755.9), (567.0, 755.3), (567.0, 755.0), (567.0, 755.9), (567.0, 755.3)]",0,0,5.77
novice,meatboy,1,Stuck,1,0,1.95,0.236,"[(137.0, 749.0), (141.3, 755.3), (139.8, 755.0), (144.8, 755.9), (144.7, 755.3), (143.1, 755.0), (148.1, 755.9), (148.0, 755.3), (146.4, 755.0), (151.4, 755.9), (151.3, 755.3), (149.8, 755.0), (154.8, 755.9), (154.7, 755.3), (153.1, 755.0), (158.1, 755.9), (158.0, 755.3), (156.4, 755.0), (161.4, 755.9), (161.3, 755.3), (159.8, 755.0), (164.8, 755.9), (164.7, 755.3), (163.1, 755.0), (168.1, 755.9), (168.0, 755.3), (166.4, 755.0), (171.4, 755.9), (171.3, 755.3), (169.8, 755.0), (174.8, 755.9), (174.7, 755.3), (173.1, 755.0), (178.1, 755.9), (178.0, 755.3), (176.4, 755.0), (181.4, 755.9), (181.3, 755.3), (179.8, 755.0), (184.8, 755.9), (184.7, 755.3), (183.1, 755.0), (173.3, 755.9), (169.3, 755.3), (169.2, 755.0), (165.0, 755.9), (164.7, 755.3), (164.6, 755.0), (160.3, 755.9), (160.0, 755.3), (159.9, 755.0), (155.7, 755.9), (155.3, 755.3), (155.2, 755.0), (151.0, 755.9)]",0,0,7.22
novice,meatboy,1,Stuck,3,0,39.89,0.633,"[(137.0, 749.0), (134.8, 740.1), (130.5, 723.7), (126.2, 730.8), (115.6, 755.0), (114.6, 707.5), (129.7, 676.5), (169.7, 674.2), (209.7, 690.7), (249.7, 726.1), (286.8, 755.0), (290.5, 730.9), (319.9, 723.8), (359.9, 735.6), (398.9, 755.9), (404.9, 755.3), (404.9, 755.0), (404.9, 755.9), (404.9, 755.3), (404.9, 755.0), (404.9, 755.9), (404.9, 755.3), (404.9, 755.0), (404.9, 755.9), (404.9, 755.3), (404.9, 755.0), (404.9, 755.9), (404.9, 755.3), (404.9, 755.0), (404.9, 755.9), (404.9, 755.3), (404.9, 755.0), (404.9, 755.9), (404.9, 755.3), (404.9, 755.0), (404.9, 755.9), (404.9, 755.3), (404.9, 755.0), (404.9, 755.9), (404.9, 755.3), (404.9, 755.0), (404.9, 755.9), (404.9, 755.3), (404.9, 755.0), (404.9, 755.9), (404.9, 755.3), (404.9, 755.0), (404.9, 755.9), (404.9, 755.3), (404.9, 755.0), (404.9, 755.9)]",0,0,6.72
novice,meatboy,1,Stuck,0,0,90.63,0.886,"[(137.0, 749.0), (162.2, 755.3), (202.2, 755.0), (242.2, 755.9), (282.2, 755.3), (322.2, 755.0), (362.2, 755.9), (402.2, 755.3), (442.2, 755.0), (482.2, 755.9), (522.2, 755.3), (562.2, 755.0), (567.0, 755.9), (567.0, 755.3), (567.0, 755.0), (567.0, 755.9), (567.0, 755.3), (567.0, 755.0), (567.0, 755.9), (567.0, 755.3), (567.0, 755.0), (567.0, 755.9), (567.0, 755.3), (567.0, 755.0), (567.0, 755.9), (567.0, 755.3), (567.0, 755.0), (567.0, 755.9), (567.0, 755.3), (567.0, 755.0), (567.0, 755.9), (567.0, 755.3), (567.0, 755.0), (567.0, 755.9), (567.0, 755.3), (567.0, 755.0), (567.0, 755.9), (567.0, 755.3), (567.0, 755.0), (567.0, 755.9), (567.0, 755.3), (567.0, 755.0), (567.0, 755.9), (567.0, 755.3)]",0,0,5.77
novice,meatboy,1,Stuck,1,0,90.63,0.886,"[(137.0, 749.0), (162.2, 755.3), (202.2, 755.0), (242.2, 755.9), (282.2, 755.3), (322.2, 755.0), (362.2, 755.9), (402.2, 755.3), (442.2, 755.0), (482.2, 755.9), (522.2, 755.3), (562.2, 755.0), (567.0, 755.9), (567.0, 755.3), (567.0, 755.0), (567.0, 755.9), (567.0, 755.3), (567.0, 755.0), (567.0, 755.9), (567.0, 755.3), (567.0, 755.0), (567.0, 755.9), (567.0, 755.3), (567.0, 755.0), (567.0, 755.9), (567.0, 755.3), (567.0, 755.0), (567.0, 755.9), (567.0, 755.3), (567.0, 755.0), (567.0, 755.9), (567.0, 755.3), (567.0, 755.0), (567.0, 755.9), (567.0, 755.3), (567.0, 755.0), (567.0, 755.9), (567.0, 755.3), (567.0, 755.0), (567.0, 755.9), (567.0, 755.3), (567.0, 755.0), (567.0, 755.9), (567.0, 755.3)]",0,0,5.77
novice,meatboy,1,Stuck,1,0,-11.99,0.114,"[(137.0, 749.0), (111.8, 755.3), (73.0, 755.0), (73.0, 755.9), (73.0, 755.3), (73.0, 755.0), (73.0, 755.9), (73.0, 755.3), (73.0, 755.0), (73.0, 755.9), (73.0, 755.3), (73.0, 755.0), (73.0, 755.9), (73.0, 755.3), (73.0, 755.0), (73.0, 755.9), (73.0, 755.3), (73.0, 755.0), (73.0, 755.9), (73.0, 755.3), (73.0, 755.0), (73.0, 755.9), (73.0, 755.3), (73.0, 755.0), (73.0, 755.9), (73.0, 755.3), (73.0, 755.0), (73.0, 755.9), (73.0, 755.3), (73.0, 755.0), (73.0, 755.9), (73.0, 755.3), (73.0, 755.0), (73.0, 755.9), (73.0, 755.3), (73.0, 755.0), (73.0, 755.9), (73.0, 755.3)]",0,0,5.02
novice,meatboy,1,Stuck,2,0,-10.84,0.114,"[(137.0, 749.0), (111.8, 755.3), (73.0, 755.0), (73.0, 714.1), (73.0, 674.8), (73.0, 654.4), (73.0, 652.8), (73.0, 670.1), (73.0, 705.3), (73.0, 745.0), (73.0, 755.9), (73.0, 755.3), (73.0, 755.0), (73.0, 755.9), (73.0, 755.3), (73.0, 755.0), (73.0, 755.9), (73.0, 755.3), (73.0, 755.0), (73.0, 755.9), (73.0, 755.3), (73.0, 755.0), (73.0, 755.9), (73.0, 755.3), (73.0, 755.0), (73.0, 755.9), (73.0, 755.3), (73.0, 755.0), (73.0, 755.9), (73.0, 755.3), (73.0, 755.0), (73.0, 755.9), (73.0, 755.3), (73.0, 755.0), (73.0, 755.9), (73.0, 755.3), (73.0, 755.0), (73.0, 755.9), (73.0, 755.3), (73.0, 755.0), (73.0, 755.9), (73.0, 755.3)]",0,0,5.55
novice,meatboy,1,Stuck,3,0,39.89,0.633,"[(137.0, 749.0), (134.8, 740.1), (130.5, 723.7), (126.2, 730.8), (115.6, 755.0), (114.6, 707.5), (129.7, 676.5), (169.7, 674.2), (209.7, 690.7), (249.7, 726.1), (286.8, 755.0), (290.5, 730.9), (319.9, 723.8), (359.9, 735.6), (398.9, 755.9), (404.9, 755.3), (404.9, 755.0), (404.9, 755.9), (404.9, 755.3), (404.9, 755.0), (404.9, 755.9), (404.9, 755.3), (404.9, 755.0), (404.9, 755.9), (404.9, 755.3), (404.9, 755.0), (404.9, 755.9), (404.9, 755.3), (404.9, 755.0), (404.9, 755.9), (404.9, 755.3), (404.9, 755.0), (404.9, 755.9), (404.9, 755.3), (404.9, 755.0), (404.9, 755.9), (404.9, 755.3), (404.9, 755.0), (404.9, 755.9), (404.9, 755.3), (404.9, 755.0), (404.9, 755.9), (404.9, 755.3), (404.9, 755.0), (404.9, 755.9), (404.9, 755.3), (404.9, 755.0), (404.9, 755.9), (404.9, 755.3), (404.9, 755.0), (404.9, 755.9)]",0,0,6.72
novice,meatboy,1,Stuck,12,0,-1.26,0.204,"[(137.0, 749.0), (134.8, 740.1), (130.5, 723.7), (130.5, 730.8), (130.5, 755.0), (130.5, 726.0), (130.5, 726.0), (130.5, 744.9), (130.5, 730.9), (130.5, 723.8), (130.5, 735.6), (130.5, 747.6), (130.5, 724.2), (130.5, 729.0), (130.5, 752.6), (130.5, 727.3), (130.5, 725.0), (130.5, 741.5), (130.5, 733.1), (130.5, 723.7), (130.5, 733.1), (130.5, 755.3), (130.5, 725.0), (130.5, 727.4), (130.5, 748.6), (130.5, 728.9), (130.5, 724.3), (130.5, 738.4), (130.5, 740.2), (130.5, 723.8), (130.5, 730.9), (130.5, 755.0), (130.5, 726.0), (130.5, 726.0), (130.5, 744.9), (130.5, 730.9), (130.5, 723.8), (130.5, 735.6), (130.5, 747.6)]",0,0,5.15
novice,meatboy,1,Pit,8,0,103.36,1.0,"[(137.0, 749.0), (162.2, 755.3), (202.2, 755.0), (242.2, 755.9), (282.2, 755.3), (322.2, 755.0), (362.2, 755.9), (402.2, 755.3), (442.2, 755.0), (482.2, 755.9), (522.2, 755.3), (562.2, 755.0), (567.0, 714.1), (567.0, 674.8), (567.0, 654.4), (567.0, 652.8), (546.3, 645.5), (470.9, 583.5), (467.8, 540.3), (507.2, 530.9), (547.2, 540.4), (536.0, 528.6), (464.2, 468.9), (472.2, 430.0), (512.2, 422.9), (552.2, 434.7), (525.7, 412.0), (458.2, 354.7), (477.2, 319.9), (517.2, 315.3), (557.2, 329.4), (515.3, 295.7), (457.0, 240.7), (482.2, 210.2), (522.2, 207.9), (562.2, 224.4), (505.0, 179.6), (448.3, 127.0), (437.9, 93.3), (469.8, 79.0), (509.8, 83.7), (549.8, 107.3), (567.0, 146.0), (486.5, 79.2), (441.4, 31.4), (442.5, 2.3), (479.8, -7.1), (519.8, 2.4), (559.8, 30.6), (546.3, 42.1), (470.9, -20.0), (437.3, -63.1), (450.0, -87.3), (489.8, -92.0), (529.8, -77.8), (569.8, -44.8), (609.8, -13.0), (649.8, -12.7), (689.8, 0.2), (729.8, 32.0), (769.8, 82.7), (809.8, 152.2), (849.8, 240.5), (889.8, 347.7), (929.8, 473.7), (969.8, 618.6), (1009.8, 782.3)]",0,0,8.9
novice,meatboy,1,Stuck,11,0,-10.43,0.114,"[(137.0, 749.0), (124.9, 740.1), (130.4, 723.7), (129.7, 730.8), (124.7, 755.0), (124.7, 707.5), (124.7, 670.6), (135.5, 652.6), (174.8, 653.3), (199.7, 673.0), (179.1, 711.4), (140.1, 747.3), (124.5, 707.4), (120.3, 705.1), (115.1, 721.6), (102.2, 755.0), (108.4, 724.7), (114.5, 727.1), (112.9, 748.3), (105.5, 728.9), (107.6, 724.3), (103.9, 738.4), (100.1, 740.2), (100.1, 691.5), (100.1, 661.6), (110.9, 650.6), (149.6, 658.5), (157.8, 685.2), (136.7, 730.7), (101.8, 725.9), (98.1, 704.4), (91.4, 709.1), (78.4, 732.7), (73.0, 732.8), (73.0, 686.4), (73.0, 658.9), (73.0, 650.3), (73.0, 660.5), (73.0, 689.5), (73.0, 729.2), (73.0, 755.9), (73.0, 755.3), (73.0, 755.0), (73.0, 755.9), (73.0, 755.3), (73.0, 755.0), (73.0, 755.9)]",0,0,6.13
novice,meatboy,1,Stuck,1,0,90.63,0.886,"[(137.0, 749.0), (162.2, 755.3), (202.2, 755.0), (242.2, 755.9), (282.2, 755.3), (322.2, 755.0), (362.2, 755.9), (402.2, 755.3), (442.2, 755.0), (482.2, 755.9), (522.2, 755.3), (562.2, 755.0), (567.0, 755.9), (567.0, 755.3), (567.0, 755.0), (567.0, 755.9), (567.0, 755.3), (567.0, 755.0), (567.0, 755.9), (567.0, 755.3), (567.0, 755.0), (567.0, 755.9), (567.0, 755.3), (567.0, 755.0), (567.0, 755.9), (567.0, 755.3), (567.0, 755.0), (567.0, 755.9), (567.0, 755.3), (567.0, 755.0), (567.0, 755.9), (567.0, 755.3), (567.0, 755.0), (567.0, 755.9), (567.0, 755.3), (567.0, 755.0), (567.0, 755.9), (567.0, 755.3), (567.0, 755.0), (567.0, 755.9), (567.0, 755.3), (567.0, 755.0), (567.0, 755.9), (567.0, 755.3)]",0,0,5.77
novice,meatboy,1,Stuck,1,0,-12.34,0.114,"[(137.0, 749.0), (116.2, 755.3), (113.9, 755.0), (115.8, 755.9), (112.6, 755.3), (107.9, 755.0), (109.8, 755.9), (106.6, 755.3), (101.9, 755.0), (103.8, 755.9), (100.6, 755.3), (95.9, 755.0), (97.8, 755.9), (94.6, 755.3), (89.9, 755.0), (91.8, 755.9), (88.6, 755.3), (83.9, 755.0), (85.8, 755.9), (82.6, 755.3), (77.9, 755.0), (79.8, 755.9), (76.6, 755.3), (73.0, 755.0), (73.0, 755.9), (73.0, 755.3), (73.0, 755.0), (73.0, 755.9), (73.0, 755.3), (73.0, 755.0), (73.0, 755.9), (73.0, 755.3), (73.0, 755.0), (73.0, 755.9), (73.0, 755.3), (73.0, 755.0), (73.0, 755.9), (73.0, 755.3)]",0,0,5.02
novice,meatboy,1,Stuck,1,0,88.89,0.887,"[(137.0, 749.0), (155.0, 755.3), (171.8, 755.0), (211.8, 755.9), (251.8, 755.3), (291.8, 755.0), (331.8, 755.9), (371.8, 755.3), (411.8, 755.0), (451.8, 755.9), (491.8, 755.3), (531.8, 755.0), (567.0, 755.9), (567.0, 755.3), (567.0, 755.0), (567.0, 755.9), (567.0, 755.3), (567.0, 755.0), (567.0, 755.9), (567.0, 755.3), (567.0, 755.0), (567.0, 755.9), (567.0, 755.3), (567.0, 755.0), (567.0, 755.9), (567.0, 755.3), (567.0, 755.0), (567.0, 755.9), (567.0, 755.3), (567.0, 755.0), (567.0, 755.9), (567.0, 755.3), (567.0, 755.0), (567.0, 755.9), (567.0, 755.3), (567.0, 755.0), (567.0, 755.9), (567.0, 755.3), (567.0, 755.0), (567.0, 755.9), (567.0, 755.3), (567.0, 755.0), (567.0, 755.9), (567.0, 755.3), (567.0, 755.0)]",0,0,5.88
novice,meatboy,1,Stuck,5,0,63.6,0.886,"[(137.0, 749.0), (134.8, 740.1), (130.5, 723.7), (126.2, 730.8), (111.8, 755.0), (111.3, 707.5), (126.5, 670.6), (166.5, 661.2), (206.5, 670.7), (246.5, 699.0), (286.5, 746.1), (316.5, 755.0), (320.8, 727.9), (356.7, 725.6), (396.7, 742.1), (430.7, 755.3), (431.7, 728.9), (443.8, 724.3), (455.5, 738.4), (460.1, 740.2), (480.3, 723.8), (520.2, 730.9), (560.2, 755.0), (567.0, 755.9), (567.0, 755.3), (567.0, 755.0), (567.0, 755.9), (567.0, 755.3), (567.0, 755.0), (567.0, 755.9), (567.0, 755.3), (567.0, 755.0), (567.0, 755.9), (567.0, 755.3), (567.0, 755.0), (567.0, 755.9), (567.0, 755.3), (567.0, 755.0), (567.0, 755.9), (567.0, 755.3), (567.0, 755.0), (567.0, 755.9), (567.0, 755.3), (567.0, 755.0), (567.0, 755.9), (567.0, 755.3), (567.0, 755.0), (567.0, 755.9), (567.0, 755.3), (567.0, 755.0), (567.0, 755.9)]",0,0,6.73
novice,meatboy,1,Stuck,8,0,70.76,0.867,"[(137.0, 749.0), (162.2, 740.1), (202.2, 723.7), (242.2, 730.8), (282.2, 755.0), (322.2, 755.9), (362.2, 755.3), (402.2, 755.0), (442.2, 755.9), (448.7, 733.1), (450.7, 721.4), (488.3, 743.8), (516.7, 755.9), (505.7, 702.5), (534.5, 687.9), (567.7, 695.0), (566.8, 720.9), (562.1, 755.3), (533.3, 713.2), (536.6, 677.9), (566.3, 673.2), (560.5, 687.3), (560.5, 720.3), (559.8, 755.9), (536.7, 713.5), (545.3, 678.1), (566.3, 673.5), (560.5, 687.6), (560.5, 720.6), (559.8, 755.9), (536.7, 713.5), (545.3, 678.1), (566.3, 673.5), (560.5, 687.6), (560.5, 720.6), (559.8, 755.9), (536.7, 713.5), (545.3, 678.1), (566.3, 673.5), (560.5, 687.6), (560.5, 720.6), (559.8, 755.9), (536.7, 713.5), (545.3, 678.1)]",0,0,5.77
novice,meatboy,1,Stuck,0,0,90.63,0.886,"[(137.0, 749.0), (162.2, 755.3), (202.2, 755.0), (242.2, 755.9), (282.2, 755.3), (322.2, 755.0), (362.2, 755.9), (402.2, 755.3), (442.2, 755.0), (482.2, 755.9), (522.2, 755.3), (562.2, 755.0), (567.0, 755.9), (567.0, 755.3), (567.0, 755.0), (567.0, 755.9), (567.0, 755.3), (567.0, 755.0), (567.0, 755.9), (567.0, 755.3), (567.0, 755.0), (567.0, 755.9), (567.0, 755.3), (567.0, 755.0), (567.0, 755.9), (567.0, 755.3), (567.0, 755.0), (567.0, 755.9), (567.0, 755.3), (567.0, 755.0), (567.0, 755.9), (567.0, 755.3), (567.0, 755.0), (567.0, 755.9), (567.0, 755.3), (567.0, 755.0), (567.0, 755.9), (567.0, 755.3), (567.0, 755.0), (567.0, 755.9), (567.0, 755.3), (567.0, 755.0), (567.0, 755.9), (567.0, 755.3)]",0,0,5.77
novice,meatboy,1,Pit,8,0,103.36,1.0,"[(137.0, 749.0), (162.2, 755.3), (202.2, 755.0), (242.2, 755.9), (282.2, 755.3), (322.2, 755.0), (362.2, 755.9), (402.2, 755.3), (442.2, 755.0), (482.2, 755.9), (522.2, 755.3), (562.2, 755.0), (567.0, 714.1), (567.0, 674.8), (567.0, 654.4), (567.0, 652.8), (546.3, 645.5), (470.9, 583.5), (467.8, 540.3), (507.2, 530.9), (547.2, 540.4), (536.0, 528.6), (464.2, 468.9), (472.2, 430.0), (512.2, 422.9), (552.2, 434.7), (525.7, 412.0), (458.2, 354.7), (477.2, 319.9), (517.2, 315.3), (557.2, 329.4), (515.3, 295.7), (457.0, 240.7), (482.2, 210.2), (522.2, 207.9), (562.2, 224.4), (505.0, 179.6), (448.3, 127.0), (437.9, 93.3), (469.8, 79.0), (509.8, 83.7), (549.8, 107.3), (567.0, 146.0), (486.5, 79.2), (441.4, 31.4), (442.5, 2.3), (479.8, -7.1), (519.8, 2.4), (559.8, 30.6), (546.3, 42.1), (470.9, -20.0), (437.3, -63.1), (450.0, -87.3), (489.8, -92.0), (529.8, -77.8), (569.8, -44.8), (609.8, -13.0), (649.8, -12.7), (689.8, 0.2), (729.8, 32.0), (769.8, 82.7), (809.8, 152.2), (849.8, 240.5), (889.8, 347.7), (929.8, 473.7), (969.8, 618.6), (1009.8, 782.3)]",0,0,8.9
novice,meatboy,1,Stuck,13,0,53.65,0.886,"[(137.0, 749.0), (134.8, 740.1), (130.5, 723.7), (126.2, 730.8), (111.8, 755.0), (111.3, 707.5), (126.5, 670.6), (166.5, 661.2), (206.5, 670.7), (246.5, 699.0), (286.5, 746.1), (316.5, 748.2), (338.2, 724.8), (378.2, 729.6), (418.2, 753.1), (435.2, 733.1), (450.1, 721.4), (490.1, 743.8), (524.1, 755.9), (527.3, 729.5), (560.3, 724.8), (505.0, 674.8), (457.0, 622.2), (457.0, 588.4), (457.0, 573.5), (457.0, 577.5), (457.0, 600.2), (457.0, 638.4), (457.0, 678.1), (457.0, 717.8), (452.7, 755.3), (461.0, 717.9), (499.9, 733.2), (539.9, 755.9), (549.9, 740.8), (567.0, 724.4), (505.0, 672.6), (457.0, 620.0), (457.0, 586.2), (457.0, 571.3), (457.0, 575.2), (457.0, 598.0), (457.0, 636.2), (457.0, 675.9), (457.0, 715.6), (458.4, 755.3), (469.3, 725.0), (508.6, 727.4), (548.6, 748.6), (567.0, 740.2), (567.0, 691.5), (567.0, 661.6), (567.0, 650.6), (567.0, 658.5), (567.0, 685.2), (567.0, 730.7), (567.0, 725.9), (567.0, 682.0), (567.0, 656.8), (567.0, 650.5), (567.0, 663.1), (567.0, 694.5)]",0,0,8.17
novice,meatboy,1,Stuck,1,0,90.63,0.886,"[(137.0, 749.0), (162.2, 755.3), (202.2, 755.0), (242.2, 755.9), (282.2, 755.3), (322.2, 755.0), (362.2, 755.9), (402.2, 755.3), (442.2, 755.0), (482.2, 755.9), (522.2, 755.3), (562.2, 755.0), (567.0, 755.9), (567.0, 755.3), (567.0, 755.0), (567.0, 755.9), (567.0, 755.3), (567.0, 755.0), (567.0, 755.9), (567.0, 755.3), (567.0, 755.0), (567.0, 755.9), (567.0, 755.3), (567.0, 755.0), (567.0, 755.9), (567.0, 755.3), (567.0, 755.0), (567.0, 755.9), (567.0, 755.3), (567.0, 755.0), (567.0, 755.9), (567.0, 755.3), (567.0, 755.0), (567.0, 755.9), (567.0, 755.3), (567.0, 755.0), (567.0, 755.9), (567.0, 755.3), (567.0, 755.0), (567.0, 755.9), (567.0, 755.3), (567.0, 755.0), (567.0, 755.9), (567.0, 755.3)]",0,0,5.77
novice,meatboy,1,Stuck,1,0,74.6,0.886,"[(137.0, 749.0), (162.2, 755.3), (202.2, 755.0), (242.2, 755.9), (282.2, 755.3), (322.2, 755.0), (362.2, 755.9), (402.2, 755.3), (442.2, 755.0), (482.2, 755.9), (522.2, 755.3), (562.2, 755.0), (567.0, 755.9), (567.0, 755.3), (567.0, 755.0), (567.0, 755.9), (567.0, 755.3), (567.0, 755.0), (567.0, 755.9), (567.0, 755.3), (567.0, 755.0), (567.0, 755.9), (567.0, 755.3), (567.0, 755.0), (567.0, 755.9), (567.0, 755.3), (567.0, 755.0), (567.0, 755.9), (567.0, 755.3), (567.0, 755.0), (567.0, 755.9), (567.0, 755.3), (567.0, 755.0), (567.0, 755.9), (567.0, 755.3), (567.0, 755.0), (567.0, 755.9), (567.0, 755.3), (567.0, 755.0), (567.0, 755.9), (567.0, 755.3), (567.0, 755.0), (567.0, 755.9), (567.0, 755.3)]",0,0,5.77
novice,meatboy,1,Stuck,3,0,90.63,0.886,"[(137.0, 749.0), (162.2, 740.1), (202.2, 723.7), (242.2, 730.8), (282.2, 755.0), (322.2, 755.9), (362.2, 755.3), (402.2, 755.0), (442.2, 755.9), (482.2, 755.3), (522.2, 755.0), (562.2, 755.9), (567.0, 713.5), (567.0, 674.2), (567.0, 653.8), (567.0, 652.2), (567.0, 669.5), (567.0, 704.7), (567.0, 744.4), (567.0, 755.9), (567.0, 755.3), (567.0, 755.0), (567.0, 755.9), (567.0, 755.3), (567.0, 755.0), (567.0, 755.9), (567.0, 755.3), (567.0, 755.0), (567.0, 755.9), (567.0, 755.3), (567.0, 755.0), (567.0, 755.9), (567.0, 755.3), (567.0, 755.0), (567.0, 755.9), (567.0, 755.3), (567.0, 755.0), (567.0, 755.9), (567.0, 755.3), (567.0, 755.0), (567.0, 755.9), (567.0, 755.3), (567.0, 755.0), (567.0, 755.9)]",0,0,5.77
novice,meatboy,1,Stuck,10,0,81.98,0.886,"[(137.0, 749.0), (162.2, 755.3), (202.2, 755.0), (242.2, 755.9), (282.2, 755.3), (322.2, 755.0), (362.2, 755.9), (402.2, 755.3), (442.2, 755.0), (482.2, 755.9), (522.2, 755.3), (562.2, 755.0), (567.7, 727.9), (567.7, 725.6), (567.0, 742.1), (567.0, 733.1), (567.0, 723.7), (567.0, 733.1), (567.0, 755.3), (567.7, 725.0), (567.0, 727.4), (567.0, 748.6), (567.0, 728.9), (567.0, 724.3), (567.0, 738.4), (567.0, 740.2), (567.7, 723.8), (567.0, 730.9), (567.0, 755.0), (567.0, 726.0), (567.0, 726.0), (567.0, 744.9), (567.7, 730.9), (567.7, 723.8), (567.0, 735.6), (567.0, 747.6), (567.0, 724.2), (567.0, 729.0), (567.0, 752.6), (567.7, 727.3), (567.7, 725.0), (567.0, 741.5), (567.0, 733.1), (567.0, 723.7)]",0,0,5.77
novice,meatboy,1,Stuck,13,0,-11.98,0.114,"[(137.0, 749.0), (130.5, 740.1), (124.7, 691.4), (117.5, 661.5), (108.8, 650.5), (98.7, 658.4), (91.5, 685.1), (82.8, 730.6), (77.8, 725.9), (75.2, 682.0), (78.1, 672.6), (82.4, 682.0), (83.8, 710.3), (86.7, 755.0), (84.6, 707.5), (79.6, 676.5), (73.1, 674.2), (73.0, 690.7), (73.0, 725.4), (73.0, 755.3), (73.0, 755.0), (73.0, 755.9), (73.0, 755.3), (73.0, 755.0), (73.0, 755.9), (73.0, 755.3), (73.0, 755.0), (73.0, 755.9), (73.0, 755.3), (73.0, 755.0), (73.0, 755.9), (73.0, 755.3), (73.0, 755.0), (73.0, 755.9), (73.0, 755.3), (73.0, 755.0), (73.0, 755.9), (73.0, 755.3), (73.0, 755.0), (73.0, 755.9)]",0,0,5.23
novice,meatboy,1,Stuck,18,0,26.73,0.68,"[(137.0, 749.0), (120.7, 740.1), (90.3, 691.4), (73.0, 673.3), (155.4, 606.6), (233.7, 590.3), (306.7, 597.4), (374.4, 623.3), (303.4, 568.5), (252.5, 518.2), (247.8, 488.8), (282.8, 484.1), (322.8, 498.3), (362.8, 531.3), (364.7, 560.8), (286.3, 496.4), (247.0, 450.8), (253.9, 428.1), (292.8, 428.1), (332.8, 447.0), (372.8, 484.7), (344.0, 485.1), (272.2, 425.4), (244.4, 384.6), (262.8, 368.5), (302.8, 373.3), (342.8, 396.8), (375.7, 437.9), (323.3, 410.6), (260.9, 355.7), (244.7, 319.6), (272.8, 310.2), (312.8, 319.6), (352.8, 347.9), (375.0, 390.9), (303.4, 337.3), (252.5, 287.1), (247.8, 257.7), (282.8, 253.0), (322.8, 267.1), (362.8, 300.1), (364.7, 329.6), (286.3, 265.2), (247.0, 219.7), (253.9, 196.9), (292.8, 197.0), (322.0, 215.8), (307.1, 253.5), (267.1, 310.1), (227.1, 385.5), (187.1, 479.7), (147.1, 592.8), (110.1, 724.8), (92.8, 731.4), (95.9, 724.4), (88.9, 736.2), (86.4, 747.6), (80.6, 724.2), (93.7, 707.6), (175.5, 689.5), (252.5, 696.6), (324.2, 722.6), (389.6, 755.3), (411.2, 755.0), (422.0, 724.7), (461.3, 727.1), (501.3, 748.3), (526.3, 755.0), (533.6, 726.0), (567.0, 726.0), (486.5, 659.3), (457.0, 611.4), (457.0, 582.4), (457.0, 572.2), (457.0, 580.8), (457.0, 608.3), (457.0, 647.8), (457.0, 687.5), (454.8, 728.0), (448.8, 740.2), (448.8, 723.8), (448.8, 730.9), (434.9, 755.0), (434.2, 726.0)]",0,0,11.12
novice,meatboy,1,Stuck,10,0,45.65,0.785,"[(137.0, 749.0), (134.8, 740.1), (131.2, 691.4), (160.7, 664.8), (200.7, 662.5), (240.7, 679.0), (280.7, 714.3), (320.7, 755.3), (335.7, 748.2), (350.8, 708.3), (354.3, 686.4), (273.1, 624.3), (224.3, 581.2), (221.6, 556.8), (257.5, 551.3), (297.5, 564.7), (337.5, 596.9), (375.0, 647.9), (313.0, 606.0), (256.3, 553.4), (245.9, 519.7), (277.8, 505.4), (317.8, 510.1), (357.8, 533.7), (375.0, 574.2), (375.0, 631.5), (364.7, 687.8), (282.5, 623.4), (227.8, 577.9), (219.4, 551.2), (252.5, 543.3), (292.5, 554.3), (332.5, 584.2), (372.5, 632.9), (323.3, 606.3), (260.9, 551.3), (244.7, 515.2), (272.8, 498.5), (312.8, 500.8), (352.8, 522.1), (375.0, 560.7), (375.0, 615.7), (375.0, 689.5), (375.0, 739.9), (395.2, 723.5), (435.2, 730.6), (473.9, 755.0), (483.0, 730.9), (512.4, 723.8), (552.4, 735.6), (525.7, 712.9), (457.0, 655.5), (457.0, 617.1), (457.0, 597.5), (457.0, 596.7), (457.0, 614.7), (457.0, 650.5), (457.0, 690.2), (457.0, 734.3), (457.7, 730.6), (487.2, 723.5)]",0,0,8.05
novice,meatboy,1,Stuck,3,0,75.72,0.886,"[(137.0, 749.0), (162.2, 755.3), (202.2, 755.0), (242.2, 755.9), (282.2, 755.3), (322.2, 755.0), (362.2, 755.9), (402.2, 755.3), (442.2, 731.4), (482.2, 724.4), (522.2, 736.2), (561.2, 755.9), (567.2, 733.1), (567.0, 686.7), (567.0, 659.2), (567.0, 650.6), (567.0, 660.8), (567.0, 689.8), (567.0, 737.7), (567.0, 755.9), (567.0, 755.3), (567.0, 755.0), (567.0, 755.9), (567.0, 755.3), (567.0, 755.0), (567.0, 755.9), (567.0, 755.3), (567.0, 755.0), (567.0, 755.9), (567.0, 755.3), (567.0, 755.0), (567.0, 755.9), (567.0, 755.3), (567.0, 755.0), (567.0, 755.9), (567.0, 755.3), (567.0, 755.0), (567.0, 755.9), (567.0, 755.3), (567.0, 755.0), (567.0, 755.9), (567.0, 755.3), (567.0, 755.0), (567.0, 755.9)]",0,0,5.77
novice,meatboy,1,Stuck,18,0,26.73,0.68,"[(137.0, 749.0), (120.7, 740.1), (90.3, 691.4), (73.0, 673.3), (155.4, 606.6), (233.7, 590.3), (306.7, 597.4), (374.4, 623.3), (303.4, 568.5), (252.5, 518.2), (247.8, 488.8), (282.8, 484.1), (322.8, 498.3), (362.8, 531.3), (364.7, 560.8), (286.3, 496.4), (247.0, 450.8), (253.9, 428.1), (292.8, 428.1), (332.8, 447.0), (372.8, 484.7), (344.0, 485.1), (272.2, 425.4), (244.4, 384.6), (262.8, 368.5), (302.8, 373.3), (342.8, 396.8), (375.7, 437.9), (323.3, 410.6), (260.9, 355.7), (244.7, 319.6), (272.8, 310.2), (312.8, 319.6), (352.8, 347.9), (375.0, 390.9), (303.4, 337.3), (252.5, 287.1), (247.8, 257.7), (282.8, 253.0), (322.8, 267.1), (362.8, 300.1), (364.7, 329.6), (286.3, 265.2), (247.0, 219.7), (253.9, 196.9), (292.8, 197.0), (322.0, 215.8), (307.1, 253.5), (267.1, 310.1), (227.1, 385.5), (187.1, 479.7), (147.1, 592.8), (110.1, 724.8), (92.8, 731.4), (95.9, 724.4), (88.9, 736.2), (86.4, 747.6), (80.6, 724.2), (93.7, 707.6), (175.5, 689.5), (252.5, 696.6), (324.2, 722.6), (389.6, 755.3), (411.2, 755.0), (422.0, 724.7), (461.3, 727.1), (501.3, 748.3), (526.3, 755.0), (533.6, 726.0), (567.0, 726.0), (486.5, 659.3), (457.0, 611.4), (457.0, 582.4), (457.0, 572.2), (457.0, 580.8), (457.0, 608.3), (457.0, 647.8), (457.0, 687.5), (454.8, 728.0), (448.8, 740.2), (448.8, 723.8), (448.8, 730.9), (434.9, 755.0), (434.2, 726.0)]",0,0,11.12
novice,meatboy,1,Stuck,8,0,69.24,0.887,"[(137.0, 749.0), (134.8, 740.1), (130.5, 691.4), (134.8, 661.5), (170.7, 650.5), (210.7, 658.4), (250.7, 685.1), (290.7, 730.6), (327.0, 730.6), (367.0, 723.5), (407.0, 735.3), (446.0, 747.6), (483.3, 724.2), (523.3, 729.0), (563.3, 752.6), (567.7, 713.5), (567.7, 674.2), (567.7, 653.8), (567.7, 652.2), (567.7, 669.5), (567.7, 705.6), (567.7, 755.0), (567.7, 701.6), (567.7, 667.0), (567.7, 651.3), (567.7, 654.5), (567.7, 676.4), (567.7, 717.3), (567.7, 739.9), (567.7, 691.2), (567.7, 661.4), (567.7, 650.4), (567.7, 658.2), (567.7, 684.9), (567.7, 730.4), (567.7, 725.9), (567.7, 682.0), (567.7, 656.8), (567.7, 650.5), (567.7, 663.1), (567.7, 694.5), (567.7, 744.7), (567.7, 713.2), (567.7, 673.9), (567.7, 653.5), (567.7, 651.9), (567.7, 669.2)]",0,0,6.17
novice,meatboy,1,Stuck,15,0,51.06,0.684,"[(137.0, 749.0), (120.7, 740.1), (90.3, 694.2), (73.0, 687.2), (155.4, 651.9), (233.7, 654.2), (306.7, 675.5), (374.4, 715.5), (375.0, 747.6), (390.2, 724.2), (430.2, 729.0), (449.9, 752.6), (449.8, 717.0), (461.4, 727.6), (457.9, 755.0), (451.4, 717.0), (451.4, 727.6), (439.2, 755.0), (428.1, 717.0), (426.9, 727.6), (420.5, 755.0), (423.7, 727.9), (454.9, 725.6), (483.2, 742.1), (498.2, 755.3), (491.7, 709.4), (491.7, 704.7), (491.7, 718.8), (491.7, 751.8), (485.2, 711.0), (485.2, 703.9), (485.2, 715.7), (485.2, 746.4), (478.7, 713.2), (478.7, 703.8), (466.6, 713.2), (454.9, 741.5), (451.9, 728.6), (451.9, 724.0), (447.6, 738.1), (437.2, 740.2), (437.2, 723.8), (437.2, 730.9), (423.3, 755.0), (429.8, 726.0)]",0,0,5.9
novice,meatboy,1,Success,15,0,39.11,0.65,"[(137.0, 749.0), (124.9, 740.1), (126.1, 723.7), (130.3, 730.8), (127.7, 755.0), (120.4, 726.0), (110.3, 726.0), (99.7, 744.9), (93.5, 726.2), (108.7, 682.3), (148.7, 662.5), (188.7, 664.9), (228.7, 686.1), (268.7, 726.2), (302.3, 748.2), (330.1, 724.8), (370.1, 729.6), (410.1, 753.1), (431.9, 733.1), (461.9, 723.7), (501.9, 733.1), (541.9, 755.3), (551.9, 740.2), (567.0, 723.8), (505.0, 672.0), (457.0, 619.4), (477.2, 586.6), (517.2, 579.6), (557.2, 591.4), (526.4, 568.6), (458.9, 511.3), (467.8, 472.8), (507.2, 460.1), (547.2, 467.2), (547.1, 466.4), (471.6, 404.4), (461.3, 361.2), (497.2, 341.8), (537.2, 344.2), (567.7, 365.4), (487.2, 298.7), (457.7, 250.8), (487.2, 224.7), (527.2, 222.4), (567.2, 238.9), (505.7, 194.1), (428.0, 141.5), (386.9, 107.8), (392.0, 92.9), (430.5, 96.8), (470.5, 119.6), (510.5, 161.2), (550.2, 221.7), (525.7, 223.2), (444.7, 165.9)]",0,0,7.25
novice,meatboy,1,Stuck,3,0,-12.24,0.114,"[(137.0, 749.0), (134.8, 740.1), (119.8, 723.7), (110.2, 730.8), (105.8, 755.0), (93.7, 726.0), (82.0, 726.0), (75.7, 744.9), (73.0, 726.2), (73.0, 682.3), (73.0, 657.1), (73.0, 650.8), (73.0, 663.4), (73.0, 694.8), (73.0, 734.5), (73.0, 755.0), (73.0, 755.9), (73.0, 755.3), (73.0, 755.0), (73.0, 755.9), (73.0, 755.3), (73.0, 755.0), (73.0, 755.9), (73.0, 755.3), (73.0, 755.0), (73.0, 755.9), (73.0, 755.3), (73.0, 755.0), (73.0, 755.9), (73.0, 755.3), (73.0, 755.0), (73.0, 755.9), (73.0, 755.3), (73.0, 755.0), (73.0, 755.9), (73.0, 755.3), (73.0, 755.0), (73.0, 755.9), (73.0, 755.3)]",0,0,5.15
novice,meatboy,1,Stuck,1,0,-12.21,0.114,"[(137.0, 749.0), (126.2, 740.1), (93.8, 691.4), (73.0, 661.5), (73.0, 650.5), (73.0, 658.4), (73.0, 685.1), (73.0, 724.5), (73.0, 755.3), (73.0, 755.0), (73.0, 755.9), (73.0, 755.3), (73.0, 755.0), (73.0, 755.9), (73.0, 755.3), (73.0, 755.0), (73.0, 755.9), (73.0, 755.3), (73.0, 755.0), (73.0, 755.9), (73.0, 755.3), (73.0, 755.0), (73.0, 755.9), (73.0, 755.3), (73.0, 755.0), (73.0, 755.9), (73.0, 755.3), (73.0, 755.0), (73.0, 755.9), (73.0, 755.3), (73.0, 755.0), (73.0, 755.9), (73.0, 755.3), (73.0, 755.0), (73.0, 755.9), (73.0, 755.3), (73.0, 755.0), (73.0, 755.9), (73.0, 755.3), (73.0, 755.0)]",0,0,5.23
novice,meatboy,1,Stuck,18,0,32.64,0.664,"[(137.0, 749.0), (120.7, 740.1), (90.3, 706.3), (73.0, 706.3), (155.4, 671.0), (233.1, 673.4), (278.0, 694.6), (284.3, 734.7), (254.7, 725.9), (218.4, 682.0), (187.4, 656.8), (161.7, 650.5), (141.4, 663.1), (126.4, 694.5), (116.7, 744.7), (115.1, 727.0), (106.7, 724.7), (93.7, 741.2), (84.9, 733.1), (74.3, 723.7), (145.2, 689.5), (210.8, 689.5), (230.8, 708.4), (205.5, 746.1), (166.0, 713.2), (131.0, 677.9), (101.3, 673.2), (77.0, 687.3), (124.7, 666.1), (205.0, 661.4), (280.0, 675.6), (349.7, 708.6), (414.0, 755.0), (427.5, 733.6), (435.5, 724.2), (450.7, 733.7), (456.1, 755.3), (449.6, 717.9), (442.4, 733.2), (430.1, 755.9), (425.7, 725.6), (448.9, 727.9), (439.2, 749.2), (422.7, 728.9), (403.7, 724.3), (374.9, 738.4), (334.9, 740.2), (297.3, 691.5), (264.9, 661.6), (235.5, 650.6), (195.5, 658.5), (155.5, 685.2), (118.5, 730.7), (91.2, 730.6), (86.9, 723.5), (78.4, 735.3), (114.3, 718.8), (181.8, 711.8), (203.8, 723.6), (180.2, 754.2), (140.7, 713.5), (105.7, 688.5), (76.0, 690.8), (135.0, 661.4), (214.7, 659.1), (289.0, 675.6), (358.0, 710.9), (420.7, 755.3), (426.0, 731.4)]",0,0,9.08
novice,meatboy,1,Stuck,12,0,12.08,0.434,"[(137.0, 749.0), (134.8, 740.1), (137.7, 691.4), (175.7, 673.3), (215.7, 678.1), (255.7, 701.6), (295.7, 744.1), (321.6, 740.2), (347.4, 706.4), (375.0, 706.4), (294.5, 639.7), (249.4, 591.8), (250.5, 562.8), (287.8, 552.6), (327.8, 561.2), (367.8, 588.7), (354.3, 601.7), (278.9, 539.7), (245.3, 496.5), (258.0, 472.2), (297.8, 466.7), (337.8, 480.0), (375.0, 512.2), (333.7, 498.1), (266.2, 440.8), (244.2, 402.3), (267.8, 382.7), (307.8, 381.9), (347.8, 400.0), (375.0, 436.1), (313.0, 395.7), (256.3, 343.1), (245.9, 309.4), (277.8, 294.4), (317.8, 298.4), (357.8, 321.2), (375.0, 361.2), (294.5, 294.5), (249.4, 246.6), (250.5, 217.6), (287.8, 207.4), (327.8, 216.0), (364.1, 243.5), (323.3, 214.7), (260.9, 159.8), (240.8, 123.7), (232.5, 106.4), (229.5, 108.0), (244.7, 128.4), (284.7, 167.7), (323.8, 225.8), (358.2, 302.7), (375.0, 398.5), (375.0, 513.2), (375.0, 646.7), (323.3, 657.7), (260.9, 602.7), (244.7, 566.6), (272.8, 549.3), (312.8, 550.9), (352.8, 571.3), (375.0, 609.4), (303.4, 555.9), (252.5, 505.6), (247.8, 474.2), (282.8, 461.7), (322.8, 467.9), (362.8, 493.1), (364.7, 519.6), (286.3, 455.2), (247.0, 409.7), (253.9, 383.0), (292.8, 375.2), (332.8, 386.2), (372.8, 416.0), (344.0, 415.4), (272.2, 355.8), (244.4, 314.9), (262.8, 293.0)]",0,0,10.45
novice,meatboy,1,Stuck,6,0,74.6,0.886,"[(137.0, 749.0), (162.2, 740.1), (202.2, 723.7), (242.2, 730.8), (282.2, 755.0), (322.2, 755.9), (362.2, 755.3), (402.2, 755.0), (442.2, 755.9), (482.2, 755.3), (522.2, 755.0), (561.2, 755.9), (567.0, 713.5), (567.0, 674.2), (567.0, 653.8), (567.0, 652.2), (567.0, 669.5), (567.0, 705.6), (567.0, 755.0), (567.0, 701.6), (567.0, 667.0), (567.0, 651.3), (567.0, 654.5), (567.0, 676.4), (567.0, 717.3), (567.0, 739.9), (567.0, 691.2), (567.0, 661.4), (567.0, 650.4), (567.0, 658.2), (567.0, 684.9), (567.0, 730.4), (567.0, 725.9), (567.0, 682.0), (567.0, 656.8), (567.0, 650.5), (567.0, 663.1), (567.0, 694.5), (567.0, 744.7), (567.0, 713.2), (567.0, 673.9), (567.0, 653.5), (567.0, 651.9), (567.0, 669.2)]",0,0,5.77
novice,meatboy,1,Stuck,13,0,34.94,0.682,"[(137.0, 749.0), (134.8, 740.1), (131.2, 691.4), (160.7, 664.8), (200.7, 662.5), (240.7, 679.0), (280.7, 714.3), (320.7, 755.3), (360.7, 755.0), (380.7, 755.9), (391.5, 725.6), (430.8, 727.9), (470.8, 749.2), (496.8, 740.2), (522.6, 723.8), (562.6, 730.9), (516.1, 694.5), (457.0, 639.5), (472.2, 603.4), (512.2, 594.0), (552.2, 603.5), (536.7, 591.7), (463.0, 532.0), (477.2, 493.1), (517.2, 486.0), (557.2, 497.8), (526.4, 475.1), (457.0, 417.8), (482.2, 383.0), (522.2, 378.4), (562.2, 392.5), (516.1, 358.8), (457.7, 303.8), (487.2, 273.3), (527.2, 271.0), (567.2, 287.5), (505.7, 242.7), (459.2, 190.1), (492.2, 175.6), (532.2, 182.7), (567.0, 208.6), (495.5, 153.8), (416.5, 103.5), (365.8, 72.1), (361.4, 59.6), (396.5, 65.9), (436.5, 91.0), (476.5, 135.0), (516.5, 197.8), (556.5, 279.5), (525.7, 291.7), (457.0, 234.3), (482.2, 199.6), (522.2, 194.9), (562.2, 209.1), (516.1, 175.3), (435.7, 120.4), (374.1, 84.3), (358.1, 67.0), (386.5, 68.6), (426.5, 89.0), (466.5, 128.3), (506.5, 186.4), (546.5, 263.3), (546.3, 315.0), (464.5, 252.9), (472.2, 209.8), (512.2, 200.4), (552.2, 209.8), (536.7, 198.0), (455.3, 138.4), (385.4, 97.6), (357.8, 75.6), (376.5, 72.4), (416.5, 88.2)]",0,0,9.93
novice,meatboy,1,Success,15,0,39.11,0.65,"[(137.0, 749.0), (124.9, 740.1), (126.1, 723.7), (130.3, 730.8), (127.7, 755.0), (120.4, 726.0), (110.3, 726.0), (99.7, 744.9), (93.5, 726.2), (108.7, 682.3), (148.7, 662.5), (188.7, 664.9), (228.7, 686.1), (268.7, 726.2), (302.3, 748.2), (330.1, 724.8), (370.1, 729.6), (410.1, 753.1), (431.9, 733.1), (461.9, 723.7), (501.9, 733.1), (541.9, 755.3), (551.9, 740.2), (567.0, 723.8), (505.0, 672.0), (457.0, 619.4), (477.2, 586.6), (517.2, 579.6), (557.2, 591.4), (526.4, 568.6), (458.9, 511.3), (467.8, 472.8), (507.2, 460.1), (547.2, 467.2), (547.1, 466.4), (471.6, 404.4), (461.3, 361.2), (497.2, 341.8), (537.2, 344.2), (567.7, 365.4), (487.2, 298.7), (457.7, 250.8), (487.2, 224.7), (527.2, 222.4), (567.2, 238.9), (505.7, 194.1), (428.0, 141.5), (386.9, 107.8), (392.0, 92.9), (430.5, 96.8), (470.5, 119.6), (510.5, 161.2), (550.2, 221.7), (525.7, 223.2), (444.7, 165.9)]",0,0,7.25
novice,meatboy,1,Stuck,15,0,30.07,0.682,"[(137.0, 749.0), (134.8, 740.1), (130.5, 723.7), (130.5, 730.8), (122.1, 755.0), (128.3, 707.5), (166.2, 687.7), (206.2, 692.5), (245.8, 716.0), (285.2, 755.0), (298.8, 728.6), (334.2, 724.0), (374.2, 738.1), (411.2, 755.0), (414.9, 730.9), (444.3, 723.8), (484.3, 735.6), (520.8, 755.9), (527.8, 727.3), (563.6, 725.0), (495.4, 666.6), (459.2, 616.4), (492.2, 586.9), (532.2, 582.2), (567.0, 596.4), (486.5, 529.7), (461.3, 481.8), (497.2, 455.7), (537.2, 453.3), (556.7, 457.4), (478.3, 393.0), (464.2, 347.5), (502.2, 324.7), (542.2, 324.7), (546.3, 318.7), (470.9, 256.7), (467.8, 213.5), (507.2, 194.1), (547.2, 196.4), (536.0, 180.3), (464.2, 120.6), (436.4, 79.8), (454.8, 58.1), (494.8, 55.8), (534.7, 72.3), (567.7, 107.1), (567.0, 157.4), (556.7, 207.5), (478.3, 143.1), (425.6, 97.6), (417.1, 70.9), (450.2, 63.1), (490.2, 74.1), (530.2, 103.9), (567.0, 152.6), (546.3, 183.0), (470.9, 121.0), (437.3, 77.8), (450.0, 53.7), (489.8, 49.0), (529.8, 63.2), (567.0, 96.2), (567.0, 144.1), (567.0, 210.9), (486.5, 144.2), (441.4, 96.3), (442.5, 67.2), (479.8, 57.8), (519.8, 67.3), (559.3, 95.6), (567.0, 139.8), (556.7, 183.7), (478.3, 119.3), (439.0, 73.7)]",0,0,9.77
novice,meatboy,1,Stuck,14,0,44.42,0.716,"[(137.0, 749.0), (134.8, 740.1), (131.2, 691.4), (160.7, 664.8), (200.7, 662.5), (240.7, 679.0), (280.7, 714.3), (320.7, 755.3), (360.7, 755.0), (380.7, 755.9), (391.5, 725.6), (430.8, 727.9), (470.8, 749.2), (496.8, 740.2), (522.6, 723.8), (562.6, 730.9), (516.1, 694.5), (457.0, 639.5), (457.0, 603.4), (457.0, 586.2), (457.0, 587.7), (457.0, 608.2), (457.0, 645.3), (457.0, 685.0), (456.3, 725.0), (458.4, 739.9), (458.4, 723.5), (458.4, 730.6), (458.4, 755.0), (458.4, 726.0), (458.4, 726.0), (458.4, 744.9), (458.4, 730.9), (458.4, 723.8), (458.4, 735.6), (458.4, 747.6), (458.4, 724.2), (458.4, 729.0), (458.4, 752.6), (458.4, 727.3), (458.4, 725.0), (458.4, 741.5), (458.4, 733.1), (458.4, 723.7), (458.4, 733.1), (458.4, 755.3), (458.4, 725.0), (458.4, 727.4), (458.4, 748.6), (458.4, 728.9), (458.4, 724.3), (458.4, 738.4), (458.4, 740.2), (458.4, 723.8), (458.4, 730.9), (458.4, 755.0)]",0,0,7.38
novice,meatboy,1,Stuck,17,0,43.45,0.747,"[(137.0, 749.0), (134.8, 740.1), (119.8, 723.7), (110.2, 730.8), (105.8, 755.0), (99.3, 726.0), (99.3, 726.0), (85.4, 744.9), (80.2, 726.2), (80.2, 682.3), (82.3, 657.1), (115.3, 650.8), (155.3, 663.4), (184.5, 694.8), (169.6, 745.0), (136.9, 713.2), (111.2, 677.9), (90.9, 673.2), (75.9, 687.3), (124.7, 666.1), (205.0, 661.4), (280.0, 675.6), (349.7, 708.6), (414.0, 755.0), (440.2, 755.9), (435.9, 717.9), (450.9, 733.2), (453.1, 755.9), (446.6, 717.9), (446.6, 733.2), (439.0, 755.9), (439.0, 725.6), (439.0, 727.9), (439.0, 749.2), (431.6, 728.9), (445.8, 724.3), (466.8, 738.4), (478.2, 740.2), (478.2, 723.8), (478.2, 730.9), (478.2, 755.0), (478.2, 726.0), (478.2, 726.0), (478.2, 744.9), (478.2, 730.9), (478.2, 723.8), (478.2, 735.6), (478.2, 747.6), (478.2, 724.2), (478.2, 729.0), (478.2, 752.6), (478.2, 727.3), (478.2, 725.0), (478.2, 741.5), (478.2, 733.1), (478.2, 723.7), (478.2, 733.1), (478.2, 755.3), (478.2, 725.0), (478.2, 727.4)]",0,0,7.88
novice,meatboy,1,Stuck,14,0,36.59,0.765,"[(137.0, 749.0), (134.8, 740.1), (137.7, 691.4), (175.7, 673.3), (215.7, 678.1), (255.7, 701.6), (295.7, 744.1), (335.7, 755.0), (374.7, 755.9), (380.7, 733.1), (405.8, 721.4), (445.8, 743.8), (479.8, 755.9), (497.6, 725.6), (537.6, 727.9), (567.7, 749.2), (487.2, 682.4), (457.7, 634.5), (487.2, 608.4), (527.2, 606.1), (567.2, 622.6), (505.7, 577.9), (457.0, 525.3), (477.2, 492.5), (517.2, 485.5), (557.2, 497.3), (526.4, 474.5), (458.9, 417.2), (467.8, 378.7), (507.2, 366.0), (547.2, 373.1), (547.1, 372.3), (471.6, 310.3), (461.3, 267.1), (497.2, 247.7), (537.2, 250.1), (567.7, 271.3), (485.3, 204.6), (464.2, 159.4), (502.2, 152.4), (542.2, 164.2), (557.4, 180.6), (479.1, 116.2), (439.7, 70.7), (446.6, 44.1), (485.6, 37.0), (525.6, 48.8), (565.6, 79.5), (536.0, 79.0), (464.2, 19.4), (436.4, -21.5), (454.8, -43.1), (494.8, -45.5), (534.8, -29.0), (567.7, 5.9), (566.8, 56.2), (567.0, 125.3), (567.0, 213.3), (486.5, 146.6), (441.4, 98.7), (442.5, 69.6), (479.8, 60.2), (519.8, 69.7), (559.8, 98.0), (546.3, 111.1), (470.9, 49.1), (437.3, 6.0), (450.0, -18.2), (489.8, -22.9), (529.8, -8.7), (567.0, 24.3), (525.7, 10.2), (458.2, -47.1), (436.2, -85.6), (459.8, -104.8)]",0,0,9.97
novice,meatboy,1,Stuck,19,0,29.63,0.714,"[(137.0, 749.0), (126.2, 740.1), (100.2, 694.2), (95.9, 687.2), (81.6, 699.0), (83.7, 715.4), (165.9, 688.7), (243.6, 693.5), (315.9, 717.0), (382.9, 755.0), (411.6, 755.9), (418.8, 725.7), (456.2, 725.7), (491.2, 744.6), (508.5, 747.6), (523.7, 724.2), (563.7, 729.0), (495.4, 671.5), (457.0, 621.2), (457.0, 589.8), (457.0, 577.3), (457.0, 583.6), (457.0, 608.7), (457.0, 647.7), (457.0, 687.4), (454.8, 727.9), (443.3, 748.2), (441.8, 718.8), (456.2, 736.4), (456.8, 748.2), (458.6, 718.8), (462.5, 736.4), (457.2, 748.2), (459.4, 718.8), (463.7, 736.4), (458.5, 748.2), (460.7, 697.1), (465.1, 664.9), (464.6, 651.6), (488.0, 625.6), (567.0, 616.2), (496.1, 556.9), (457.0, 506.6), (457.0, 475.2), (457.0, 462.7), (457.0, 469.0), (457.0, 494.1), (457.0, 533.1), (457.0, 572.8), (457.0, 612.5), (457.0, 652.2), (457.0, 691.9), (454.8, 732.4), (444.1, 725.9), (453.0, 723.2), (457.3, 747.9), (450.8, 726.8), (459.0, 723.2), (462.7, 747.9), (455.5, 726.8), (463.0, 682.9), (466.0, 657.7), (459.6, 651.4), (519.0, 619.8), (547.1, 597.9), (471.0, 535.8), (457.0, 492.7), (457.0, 468.3), (457.0, 462.8), (457.0, 476.2), (457.0, 508.3), (457.0, 548.0), (457.0, 587.7), (457.0, 627.4), (457.0, 667.1), (457.0, 706.8), (448.6, 750.9), (447.6, 717.3), (455.2, 730.2), (455.7, 755.3), (454.0, 717.3)]",0,0,10.72
novice,meatboy,1,Success,7,0,41.98,0.586,"[(137.0, 749.0), (134.8, 740.1), (137.7, 691.4), (175.7, 673.3), (215.7, 678.1), (255.7, 701.6), (295.7, 744.1), (321.6, 740.2), (347.4, 706.4), (375.0, 706.4), (294.5, 639.7), (249.4, 591.8), (250.5, 562.8), (287.8, 552.6), (327.8, 561.2), (367.8, 588.7), (324.1, 559.6), (261.6, 504.6), (245.4, 468.5), (273.6, 451.2), (313.6, 452.8), (353.6, 473.2), (355.1, 482.1), (279.6, 420.1), (246.1, 376.9), (258.7, 352.5), (298.6, 347.1), (338.6, 360.4), (375.0, 392.6), (304.1, 338.2), (253.2, 287.9), (248.6, 256.5), (283.6, 244.0), (323.6, 250.2), (363.6, 275.4), (334.4, 258.9), (266.9, 201.6), (244.9, 163.1), (268.6, 143.5), (308.6, 142.7), (348.6, 160.8)]",0,0,5.43
novice,meatboy,1,Stuck,13,0,60.44,0.886,"[(137.0, 749.0), (124.9, 740.1), (126.1, 723.7), (130.3, 730.8), (127.7, 755.0), (120.4, 726.0), (110.3, 726.0), (96.0, 744.9), (91.8, 726.2), (106.9, 682.3), (146.9, 662.5), (186.9, 664.9), (226.9, 686.1), (258.0, 726.2), (271.6, 748.2), (286.8, 724.8), (326.8, 729.6), (366.8, 753.1), (386.8, 755.3), (397.6, 725.0), (436.9, 727.4), (475.2, 748.6), (491.2, 740.2), (511.4, 723.8), (551.4, 730.9), (567.0, 755.0), (567.0, 707.5), (567.0, 670.6), (567.0, 652.6), (567.0, 653.3), (567.0, 673.0), (567.0, 711.4), (567.0, 747.3), (567.0, 696.2), (567.0, 664.1), (567.0, 650.7), (567.0, 656.2), (567.0, 680.5), (567.0, 723.7), (567.0, 732.8), (567.0, 686.4), (567.0, 658.9), (567.0, 650.3), (567.0, 660.5), (567.0, 689.5), (567.0, 737.4), (567.0, 719.4), (567.0, 677.8), (567.0, 655.0), (567.0, 651.1), (567.0, 666.0), (567.0, 699.8), (567.0, 752.4), (567.0, 707.2)]",0,0,7.12
novice,meatboy,1,Stuck,13,0,34.94,0.682,"[(137.0, 749.0), (134.8, 740.1), (131.2, 691.4), (160.7, 664.8), (200.7, 662.5), (240.7, 679.0), (280.7, 714.3), (320.7, 755.3), (360.7, 755.0), (380.7, 755.9), (391.5, 725.6), (430.8, 727.9), (470.8, 749.2), (496.8, 740.2), (522.6, 723.8), (562.6, 730.9), (516.1, 694.5), (457.0, 639.5), (472.2, 603.4), (512.2, 594.0), (552.2, 603.5), (536.7, 591.7), (463.0, 532.0), (477.2, 493.1), (517.2, 486.0), (557.2, 497.8), (526.4, 475.1), (457.0, 417.8), (482.2, 383.0), (522.2, 378.4), (562.2, 392.5), (516.1, 358.8), (457.7, 303.8), (487.2, 273.3), (527.2, 271.0), (567.2, 287.5), (505.7, 242.7), (459.2, 190.1), (492.2, 175.6), (532.2, 182.7), (567.0, 208.6), (495.5, 153.8), (416.5, 103.5), (365.8, 72.1), (361.4, 59.6), (396.5, 65.9), (436.5, 91.0), (476.5, 135.0), (516.5, 197.8), (556.5, 279.5), (525.7, 291.7), (457.0, 234.3), (482.2, 199.6), (522.2, 194.9), (562.2, 209.1), (516.1, 175.3), (435.7, 120.4), (374.1, 84.3), (358.1, 67.0), (386.5, 68.6), (426.5, 89.0), (466.5, 128.3), (506.5, 186.4), (546.5, 263.3), (546.3, 315.0), (464.5, 252.9), (472.2, 209.8), (512.2, 200.4), (552.2, 209.8), (536.7, 198.0), (455.3, 138.4), (385.4, 97.6), (357.8, 75.6), (376.5, 72.4), (416.5, 88.2)]",0,0,9.93
novice,meatboy,1,Stuck,18,0,24.52,0.708,"[(137.0, 749.0), (130.4, 740.1), (134.6, 723.7), (134.4, 730.8), (127.2, 755.0), (127.3, 707.5), (156.8, 687.7), (196.8, 692.5), (236.8, 716.0), (276.2, 755.0), (289.8, 728.6), (325.2, 724.0), (365.2, 738.1), (402.2, 755.0), (405.9, 730.9), (435.3, 723.8), (475.3, 735.6), (514.3, 755.9), (520.3, 733.1), (545.5, 723.7), (556.7, 721.5), (478.3, 657.1), (464.2, 611.6), (502.2, 598.0), (542.2, 605.1), (546.3, 604.3), (470.9, 542.3), (467.8, 499.1), (507.2, 489.7), (547.2, 499.2), (536.0, 487.4), (464.2, 427.7), (472.2, 388.8), (512.2, 381.7), (552.2, 393.5), (525.7, 370.8), (458.2, 313.5), (477.2, 278.7), (517.2, 274.0), (557.2, 288.2), (515.3, 254.4), (457.7, 199.5), (487.2, 179.9), (527.2, 184.6), (567.2, 208.2), (505.7, 165.2), (428.0, 112.6), (386.9, 78.9), (392.0, 63.9), (430.5, 67.9), (470.5, 90.7), (510.5, 132.3), (550.5, 192.7), (525.7, 194.3), (444.7, 137.0), (392.1, 98.5), (385.6, 78.9), (419.7, 78.1), (459.7, 96.2), (499.7, 133.1), (539.7, 188.9), (546.3, 224.6), (464.5, 162.6), (400.9, 119.4), (382.9, 95.1), (409.7, 89.6), (449.7, 102.9), (489.7, 135.1), (529.7, 186.2), (568.0, 256.1), (515.3, 243.2), (457.7, 188.3), (487.2, 168.7), (527.2, 173.4), (567.2, 197.0), (505.7, 154.0), (435.6, 101.4), (409.9, 67.6), (430.2, 53.3), (470.2, 58.1), (510.2, 81.6), (550.2, 124.1), (567.0, 173.1), (525.7, 162.5), (458.2, 105.2), (436.2, 66.7), (459.8, 54.0), (499.8, 61.1), (539.6, 87.0), (567.0, 129.0), (567.0, 181.7), (515.3, 162.4), (441.4, 107.4), (409.8, 71.3), (424.5, 54.5), (464.5, 56.9), (504.5, 78.1), (544.5, 118.2), (567.0, 168.0), (536.0, 171.4), (464.2, 111.8)]",0,0,13.37
novice,meatboy,1,Success,7,0,41.98,0.586,"[(137.0, 749.0), (134.8, 740.1), (137.7, 691.4), (175.7, 673.3), (215.7, 678.1), (255.7, 701.6), (295.7, 744.1), (321.6, 740.2), (347.4, 706.4), (375.0, 706.4), (294.5, 639.7), (249.4, 591.8), (250.5, 562.8), (287.8, 552.6), (327.8, 561.2), (367.8, 588.7), (324.1, 559.6), (261.6, 504.6), (245.4, 468.5), (273.6, 451.2), (313.6, 452.8), (353.6, 473.2), (355.1, 482.1), (279.6, 420.1), (246.1, 376.9), (258.7, 352.5), (298.6, 347.1), (338.6, 360.4), (375.0, 392.6), (304.1, 338.2), (253.2, 287.9), (248.6, 256.5), (283.6, 244.0), (323.6, 250.2), (363.6, 275.4), (334.4, 258.9), (266.9, 201.6), (244.9, 163.1), (268.6, 143.5), (308.6, 142.7), (348.6, 160.8)]",0,0,5.43
novice,meatboy,1,Stuck,6,0,-11.92,0.114,"[(137.0, 749.0), (124.9, 740.1), (126.1, 723.7), (126.4, 730.8), (123.0, 755.0), (119.4, 726.0), (118.6, 726.0), (113.6, 744.9), (107.3, 730.9), (96.3, 723.8), (83.9, 735.6), (77.4, 747.6), (73.0, 696.5), (73.0, 664.3), (73.0, 651.0), (73.0, 656.5), (73.0, 680.8), (73.0, 719.6), (73.0, 755.0), (73.0, 755.9), (73.0, 755.3), (73.0, 755.0), (73.0, 755.9), (73.0, 755.3), (73.0, 755.0), (73.0, 755.9), (73.0, 755.3), (73.0, 755.0), (73.0, 755.9), (73.0, 755.3), (73.0, 755.0), (73.0, 755.9), (73.0, 755.3), (73.0, 755.0), (73.0, 755.9), (73.0, 755.3), (73.0, 755.0), (73.0, 755.9), (73.0, 755.3), (73.0, 755.0)]",0,0,5.3
novice,meatboy,1,Stuck,1,0,-12.57,0.114,"[(137.0, 749.0), (134.8, 755.3), (125.8, 755.0), (120.0, 755.9), (112.2, 755.3), (103.2, 755.0), (97.3, 755.9), (89.5, 755.3), (80.5, 755.0), (74.7, 755.9), (73.0, 755.3), (73.0, 755.0), (73.0, 755.9), (73.0, 755.3), (73.0, 755.0), (73.0, 755.9), (73.0, 755.3), (73.0, 755.0), (73.0, 755.9), (73.0, 755.3), (73.0, 755.0), (73.0, 755.9), (73.0, 755.3), (73.0, 755.0), (73.0, 755.9), (73.0, 755.3), (73.0, 755.0), (73.0, 755.9), (73.0, 755.3), (73.0, 755.0), (73.0, 755.9), (73.0, 755.3), (73.0, 755.0), (73.0, 755.9), (73.0, 755.3), (73.0, 755.0), (73.0, 755.9), (73.0, 755.3)]",0,0,5.02
novice,meatboy,1,Pit,12,0,99.26,1.0,"[(137.0, 749.0), (134.8, 740.1), (137.7, 691.4), (175.7, 673.3), (215.7, 678.1), (255.7, 701.6), (295.7, 744.1), (335.7, 755.0), (374.7, 755.9), (380.7, 733.1), (405.8, 721.4), (445.8, 743.8), (473.1, 733.6), (507.3, 724.2), (547.3, 733.7), (536.0, 721.9), (464.2, 662.3), (464.2, 621.4), (502.2, 605.4), (542.2, 610.1), (557.4, 620.3), (479.1, 555.9), (459.2, 510.4), (492.2, 487.7), (532.2, 487.7), (567.0, 506.5), (496.1, 450.8), (457.0, 400.6), (482.2, 371.1), (522.2, 366.4), (562.2, 380.6), (516.1, 346.8), (457.0, 291.9), (472.2, 255.8), (512.2, 246.4), (552.2, 255.8), (536.7, 244.1), (457.0, 184.4), (477.2, 154.6), (517.2, 154.6), (557.2, 173.5), (556.7, 196.1), (478.3, 131.7), (439.0, 86.1), (445.9, 59.6), (484.8, 52.5), (524.8, 64.3), (564.8, 95.0), (536.0, 94.5), (464.2, 34.8), (436.4, -6.0), (454.8, -27.7), (494.8, -30.0), (534.8, -13.5), (567.0, 21.9), (486.5, -44.9), (441.4, -92.8), (442.5, -121.8), (479.8, -132.0), (519.8, -123.4), (559.8, -95.9), (599.8, -49.5), (639.8, -20.7), (679.8, -44.1), (719.8, -39.3), (759.8, -15.7), (799.8, 26.7), (839.8, 87.9), (879.8, 168.1), (919.8, 267.0), (959.8, 384.8), (999.8, 521.5), (1039.8, 676.9), (1079.8, 851.3)]",0,0,9.78
novice,meatboy,1,Stuck,17,0,30.79,0.714,"[(137.0, 749.0), (124.9, 740.1), (126.1, 723.7), (130.3, 730.8), (127.7, 755.0), (121.9, 707.5), (151.3, 676.5), (191.3, 674.2), (231.3, 690.7), (256.2, 726.1), (235.6, 740.2), (197.9, 691.5), (179.0, 661.6), (204.7, 650.6), (244.7, 658.5), (284.7, 685.2), (324.7, 730.7), (354.7, 747.3), (376.4, 723.9), (416.4, 728.7), (449.2, 752.3), (454.4, 727.3), (490.2, 725.0), (530.2, 741.5), (564.2, 755.3), (567.4, 728.9), (495.4, 667.9), (457.0, 617.7), (482.2, 588.2), (522.2, 583.5), (562.2, 597.7), (516.1, 563.9), (457.7, 509.0), (487.2, 472.9), (527.2, 463.5), (567.2, 472.9), (505.7, 426.4), (459.2, 373.8), (492.2, 341.0), (532.2, 334.0), (567.0, 345.8), (496.1, 289.2), (461.3, 238.9), (497.2, 209.5), (537.2, 204.8), (567.7, 219.0), (485.3, 152.2), (413.4, 104.3), (383.8, 75.3), (400.5, 65.1), (440.5, 73.7), (480.5, 101.2), (520.5, 147.6), (559.6, 212.7), (505.0, 180.2), (427.2, 127.6), (386.1, 93.8), (391.2, 78.9), (429.7, 82.8), (469.7, 105.6), (509.7, 147.2), (549.5, 207.7), (556.7, 266.7), (474.5, 202.3), (467.8, 162.3), (507.2, 157.6), (547.2, 171.7), (547.1, 176.3), (471.6, 114.3), (438.1, 71.1), (450.7, 46.9), (490.6, 42.3), (530.6, 56.4), (567.0, 89.4), (496.1, 35.0), (445.2, -15.3), (440.6, -46.7), (475.6, -58.5), (515.6, -51.5), (553.4, -25.5), (555.8, 19.3), (519.8, 82.9), (479.8, 165.3), (457.0, 257.9), (457.0, 297.6)]",0,0,11.27
novice,meatboy,1,Success,8,0,35.36,0.59,"[(137.0, 749.0), (134.8, 740.1), (137.7, 691.4), (175.7, 673.3), (215.7, 678.1), (255.7, 701.6), (295.7, 744.1), (321.6, 740.2), (347.4, 706.4), (375.0, 706.4), (294.5, 639.7), (249.4, 591.8), (250.5, 562.8), (287.8, 552.6), (327.8, 561.2), (367.8, 588.7), (354.3, 601.7), (278.9, 539.7), (245.3, 496.5), (258.0, 472.2), (297.8, 466.7), (337.8, 480.0), (375.0, 512.2), (333.7, 498.1), (266.2, 440.8), (244.2, 402.3), (267.8, 382.7), (307.8, 381.9), (347.8, 400.0), (375.0, 436.1), (313.0, 395.7), (256.3, 343.1), (245.9, 309.4), (277.8, 294.4), (317.8, 298.4), (357.8, 321.2), (375.0, 361.2), (294.5, 294.5), (249.4, 246.6), (250.5, 217.6), (287.8, 208.2), (327.8, 217.6), (367.3, 245.9), (354.3, 259.1), (278.9, 197.0), (245.3, 153.9), (258.0, 129.5), (297.8, 124.0), (337.8, 137.4), (377.6, 169.6)]",0,0,6.53
novice,meatboy,1,Stuck,10,0,28.15,0.633,"[(137.0, 749.0), (134.8, 740.1), (137.7, 691.4), (175.7, 673.3), (215.7, 678.1), (255.7, 701.6), (295.7, 744.1), (321.6, 740.2), (347.4, 706.4), (375.0, 706.4), (294.5, 639.7), (249.4, 591.8), (250.5, 562.8), (287.8, 553.4), (327.8, 562.8), (367.8, 591.1), (375.0, 635.3), (375.0, 697.4), (313.0, 664.0), (256.3, 611.4), (245.9, 577.7), (277.8, 563.4), (317.8, 568.1), (357.8, 591.7), (375.0, 632.1), (375.0, 689.5), (303.4, 638.6), (252.5, 588.3), (247.8, 556.9), (282.8, 545.1), (322.8, 552.1), (362.8, 578.1), (375.0, 620.4), (375.0, 680.1), (323.3, 663.5), (260.9, 608.5), (244.7, 572.4), (272.8, 555.6), (312.8, 558.0), (352.8, 579.2), (375.0, 617.8), (375.0, 672.8), (344.0, 689.5), (272.2, 629.9), (244.4, 589.0), (262.8, 567.4), (302.8, 565.0), (342.8, 581.5), (375.7, 616.4), (375.0, 666.7), (333.7, 663.2), (266.2, 605.9), (244.2, 567.4), (267.8, 548.2), (307.8, 548.2), (347.8, 567.1), (375.0, 603.8), (375.0, 656.5), (354.3, 689.9), (278.9, 627.8), (245.3, 584.7), (258.0, 560.5), (297.8, 555.8), (337.8, 570.0), (375.0, 603.0), (375.0, 650.9), (375.0, 717.7), (375.0, 740.8), (395.2, 719.9)]",0,0,9.1
novice,meatboy,1,Success,7,0,41.98,0.586,"[(137.0, 749.0), (134.8, 740.1), (137.7, 691.4), (175.7, 673.3), (215.7, 678.1), (255.7, 701.6), (295.7, 744.1), (321.6, 740.2), (347.4, 706.4), (375.0, 706.4), (294.5, 639.7), (249.4, 591.8), (250.5, 562.8), (287.8, 552.6), (327.8, 561.2), (367.8, 588.7), (324.1, 559.6), (261.6, 504.6), (245.4, 468.5), (273.6, 451.2), (313.6, 452.8), (353.6, 473.2), (355.1, 482.1), (279.6, 420.1), (246.1, 376.9), (258.7, 352.5), (298.6, 347.1), (338.6, 360.4), (375.0, 392.6), (304.1, 338.2), (253.2, 287.9), (248.6, 256.5), (283.6, 244.7), (323.6, 251.7), (363.6, 277.7), (334.4, 261.5), (266.9, 204.2), (244.9, 165.7), (268.6, 146.5), (308.6, 146.5), (348.6, 165.4)]",0,0,5.43
novice,meatboy,1,Stuck,21,0,29.22,0.741,"[(137.0, 749.0), (130.4, 740.1), (134.6, 723.7), (134.4, 730.8), (123.4, 755.0), (123.3, 707.5), (127.7, 670.6), (163.5, 653.6), (203.5, 655.9), (243.5, 677.2), (283.5, 717.2), (323.5, 755.9), (363.5, 755.3), (373.5, 740.2), (393.7, 723.8), (433.7, 730.9), (472.4, 755.0), (500.1, 726.0), (540.1, 726.0), (546.3, 720.0), (470.9, 657.9), (457.0, 614.8), (457.0, 590.4), (457.0, 584.9), (457.0, 598.3), (457.0, 630.4), (457.0, 670.1), (457.0, 709.8), (459.2, 755.6), (458.4, 725.7), (458.4, 725.7), (458.4, 744.6), (450.6, 726.2), (457.4, 723.2), (459.8, 747.9), (451.9, 726.8), (458.8, 723.2), (461.1, 747.9), (453.2, 726.8), (460.1, 723.2), (462.4, 747.9), (454.6, 726.8), (461.4, 723.2), (463.8, 747.9), (455.9, 726.8), (467.6, 682.9), (505.9, 673.5), (545.9, 682.9), (536.0, 671.1), (462.2, 611.5), (457.0, 570.6), (457.0, 548.7), (457.0, 545.5), (457.0, 561.2), (457.0, 595.3), (457.0, 635.0), (457.0, 674.7), (457.0, 714.4), (454.1, 755.0), (456.9, 717.3), (468.3, 730.2), (474.0, 755.3), (474.0, 726.6), (474.0, 726.6), (474.0, 745.5), (474.0, 730.9), (474.0, 723.8), (474.0, 735.6), (474.0, 747.6), (474.0, 724.2), (474.0, 729.0), (474.0, 752.6), (474.0, 727.3), (474.0, 725.0), (474.0, 741.5), (474.0, 733.1), (474.0, 723.7), (474.0, 733.1), (474.0, 755.3), (474.0, 725.0), (474.0, 727.4), (474.0, 748.6), (474.0, 728.9), (474.0, 724.3), (474.0, 738.4), (474.0, 740.2), (474.0, 723.8), (474.0, 730.9)]",0,0,11.65
novice,meatboy,1,Success,7,0,41.49,0.588,"[(137.0, 749.0), (134.8, 740.1), (137.7, 691.4), (175.7, 673.3), (215.7, 678.1), (254.9, 701.6), (276.6, 744.1), (284.6, 719.7), (317.6, 689.5), (357.6, 689.5), (354.3, 683.4), (278.9, 621.4), (245.3, 578.2), (258.0, 553.9), (297.8, 548.4), (337.8, 561.8), (375.0, 594.0), (304.1, 539.5), (253.2, 489.3), (248.6, 457.9), (283.6, 445.3), (323.6, 451.6), (363.6, 476.7), (334.4, 460.3), (266.9, 402.9), (244.9, 364.5), (268.6, 344.9), (308.6, 344.1), (348.6, 362.1), (365.4, 383.7), (287.1, 319.3), (247.7, 273.7), (254.6, 247.2), (293.6, 240.1), (333.6, 251.9), (373.1, 282.6), (313.7, 240.9), (257.1, 188.3), (246.6, 154.5), (278.6, 140.2), (318.6, 144.9), (357.7, 168.5)]",0,0,5.55
novice,meatboy,1,Success,7,0,41.49,0.588,"[(137.0, 749.0), (134.8, 740.1), (137.7, 691.4), (175.7, 673.3), (215.7, 678.1), (254.9, 701.6), (276.6, 744.1), (284.6, 719.7), (317.6, 689.5), (357.6, 689.5), (354.3, 683.4), (278.9, 621.4), (245.3, 578.2), (258.0, 553.9), (297.8, 548.4), (337.8, 561.8), (375.0, 594.0), (304.1, 539.5), (253.2, 489.3), (248.6, 457.9), (283.6, 445.3), (323.6, 451.6), (363.6, 476.7), (334.4, 460.3), (266.9, 402.9), (244.9, 364.5), (268.6, 344.9), (308.6, 344.1), (348.6, 362.1), (365.4, 383.7), (287.1, 319.3), (247.7, 273.7), (254.6, 247.2), (293.6, 240.1), (333.6, 251.9), (373.1, 282.6), (313.7, 240.9), (257.1, 188.3), (246.6, 154.5), (278.6, 140.2), (318.6, 144.9), (357.7, 168.5)]",0,0,5.55
novice,meatboy,1,Success,7,0,41.16,0.586,"[(137.0, 749.0), (134.8, 740.1), (137.7, 691.4), (175.7, 664.8), (215.7, 662.5), (255.7, 679.0), (295.7, 714.3), (335.7, 755.3), (354.0, 726.8), (375.0, 705.2), (294.5, 638.5), (249.4, 590.6), (250.5, 561.6), (287.8, 551.4), (327.8, 560.0), (367.8, 587.5), (323.3, 558.8), (260.9, 503.8), (244.7, 467.7), (272.8, 450.4), (312.8, 452.0), (352.8, 472.4), (354.3, 481.7), (278.9, 419.6), (245.3, 376.5), (258.0, 352.1), (297.8, 346.6), (337.8, 360.0), (375.0, 392.2), (303.4, 338.1), (252.5, 287.9), (247.8, 256.5), (282.8, 243.9), (322.8, 250.2), (362.3, 275.3), (333.7, 259.3), (266.2, 201.9), (244.2, 163.5), (267.8, 143.9), (307.8, 143.1), (347.8, 161.2)]",0,0,5.43
novice,meatboy,1,Success,8,0,35.06,0.587,"[(137.0, 749.0), (134.8, 740.1), (137.7, 691.4), (175.7, 673.3), (215.7, 678.1), (255.7, 701.6), (295.7, 744.1), (321.6, 740.2), (347.4, 706.4), (375.0, 706.4), (294.5, 639.7), (249.4, 591.8), (250.5, 562.8), (287.8, 552.6), (327.8, 561.2), (367.8, 588.7), (354.3, 601.7), (278.9, 539.7), (245.3, 496.5), (258.0, 472.2), (297.8, 466.7), (337.8, 480.0), (375.0, 512.2), (333.7, 498.1), (266.2, 440.8), (244.2, 402.3), (267.8, 382.7), (307.8, 381.9), (347.8, 400.0), (375.0, 436.1), (313.0, 395.7), (256.3, 343.1), (245.9, 309.4), (277.8, 294.4), (317.8, 298.4), (357.8, 321.2), (375.0, 361.2), (294.5, 294.5), (249.4, 246.6), (250.5, 217.6), (287.8, 208.2), (327.8, 217.6), (367.3, 245.9), (354.3, 259.1), (278.9, 197.0), (245.3, 153.9), (258.0, 129.5), (297.8, 124.0), (337.8, 137.4), (375.7, 169.6)]",0,0,6.53
novice,meatboy,1,Stuck,16,0,27.5,0.714,"[(137.0, 749.0), (134.8, 740.1), (137.7, 691.4), (175.7, 673.3), (215.7, 678.1), (248.4, 701.6), (248.9, 744.1), (214.9, 719.7), (185.7, 678.1), (198.8, 655.3), (238.7, 651.4), (278.7, 666.3), (318.7, 700.0), (358.7, 752.6), (377.0, 725.9), (410.4, 723.2), (450.2, 747.9), (451.1, 726.8), (452.0, 723.2), (453.8, 747.9), (443.6, 726.8), (442.9, 723.2), (440.8, 747.9), (436.1, 726.8), (463.0, 723.2), (492.7, 747.9), (504.1, 726.8), (533.9, 705.2), (567.7, 710.0), (495.4, 652.5), (457.0, 602.2), (482.2, 572.8), (522.2, 568.1), (562.2, 582.3), (516.1, 548.5), (457.0, 493.6), (472.2, 457.4), (512.2, 448.0), (552.2, 457.5), (536.7, 445.7), (464.9, 386.1), (464.2, 345.2), (502.2, 329.2), (542.2, 333.9), (557.4, 344.1), (479.1, 279.7), (459.2, 234.2), (492.2, 211.5), (532.2, 211.5), (567.0, 230.3), (496.1, 174.6), (435.6, 124.4), (415.6, 93.0), (441.0, 80.4), (481.0, 86.7), (521.0, 111.8), (560.1, 155.8), (505.0, 117.9), (448.3, 65.3), (437.9, 31.6), (469.8, 17.3), (509.6, 22.0), (545.2, 45.6), (567.0, 88.0), (486.5, 21.3), (441.4, -26.6), (442.5, -55.7), (479.8, -65.1), (519.8, -55.6), (558.1, -27.3), (500.6, -55.8), (414.1, -110.7), (373.9, -146.8), (379.9, -164.1), (418.6, -162.5), (458.6, -142.1), (498.6, -102.8), (537.9, -44.7), (546.1, 32.2), (512.9, 128.0), (472.9, 242.7), (457.0, 338.8), (457.0, 378.5), (457.0, 418.1), (457.0, 457.8), (457.0, 497.5), (457.0, 537.2), (457.0, 576.9)]",0,0,11.7
novice,meatboy,1,Pit,11,0,108.94,1.0,"[(137.0, 749.0), (134.8, 740.1), (137.7, 691.4), (175.7, 673.3), (215.7, 678.1), (255.7, 701.6), (295.7, 744.1), (335.7, 755.0), (374.7, 755.9), (380.7, 733.1), (405.8, 721.4), (445.8, 743.8), (471.1, 733.6), (504.3, 724.2), (544.3, 733.7), (536.0, 721.9), (464.2, 662.3), (464.2, 621.4), (502.2, 605.4), (542.2, 610.1), (557.4, 620.3), (479.1, 555.9), (467.8, 510.4), (507.2, 496.8), (547.2, 503.9), (547.1, 503.1), (471.0, 441.1), (472.2, 397.9), (512.2, 388.5), (552.2, 398.0), (536.7, 386.2), (463.0, 326.5), (477.2, 287.6), (517.2, 280.5), (557.2, 292.3), (526.4, 269.6), (457.0, 212.3), (482.2, 177.5), (522.2, 172.8), (562.2, 187.0), (516.1, 153.2), (453.6, 98.3), (437.4, 62.2), (465.6, 45.4), (505.6, 47.8), (545.6, 69.0), (547.1, 78.4), (471.6, 16.3), (438.1, -26.8), (450.7, -51.0), (490.6, -55.7), (530.6, -41.5), (570.3, -13.0), (580.4, -42.1), (609.8, -86.0), (649.8, -95.4), (689.8, -86.0), (729.8, -57.7), (769.8, -10.6), (809.8, 55.4), (849.8, 140.2), (889.8, 243.9), (929.8, 366.4), (969.8, 507.8), (1009.8, 668.0), (1049.8, 846.9)]",0,0,8.72
novice,meatboy,1,Stuck,1,0,-12.57,0.114,"[(137.0, 749.0), (134.8, 755.3), (125.8, 755.0), (120.0, 755.9), (112.2, 755.3), (103.2, 755.0), (97.3, 755.9), (89.5, 755.3), (80.5, 755.0), (74.7, 755.9), (73.0, 755.3), (73.0, 755.0), (73.0, 755.9), (73.0, 755.3), (73.0, 755.0), (73.0, 755.9), (73.0, 755.3), (73.0, 755.0), (73.0, 755.9), (73.0, 755.3), (73.0, 755.0), (73.0, 755.9), (73.0, 755.3), (73.0, 755.0), (73.0, 755.9), (73.0, 755.3), (73.0, 755.0), (73.0, 755.9), (73.0, 755.3), (73.0, 755.0), (73.0, 755.9), (73.0, 755.3), (73.0, 755.0), (73.0, 755.9), (73.0, 755.3), (73.0, 755.0), (73.0, 755.9), (73.0, 755.3)]",0,0,5.02
novice,meatboy,1,Stuck,15,0,29.69,0.695,"[(137.0, 749.0), (134.8, 740.1), (137.7, 691.4), (175.7, 673.3), (215.7, 678.1), (248.4, 701.6), (239.3, 744.1), (200.2, 719.7), (164.5, 678.1), (134.2, 655.3), (109.2, 651.4), (89.5, 666.3), (75.2, 700.0), (124.7, 686.2), (205.0, 681.5), (280.0, 695.7), (349.7, 728.7), (408.5, 755.0), (418.5, 733.6), (442.1, 724.2), (472.4, 733.7), (496.5, 755.3), (513.6, 725.0), (553.6, 727.4), (536.0, 711.2), (464.2, 651.5), (464.2, 610.7), (502.2, 594.6), (542.2, 599.3), (556.7, 609.6), (478.3, 545.2), (467.8, 499.7), (507.2, 486.0), (547.2, 493.1), (546.3, 492.4), (470.2, 430.3), (472.2, 387.2), (512.2, 377.8), (552.2, 387.2), (536.0, 375.4), (462.2, 315.8), (477.2, 276.8), (517.2, 269.8), (557.2, 281.6), (525.7, 258.8), (457.0, 201.5), (482.2, 176.8), (522.2, 179.2), (562.2, 200.4), (515.3, 169.3), (452.9, 114.3), (436.7, 78.2), (464.8, 61.5), (504.8, 63.8), (544.3, 85.1), (546.3, 94.9), (470.9, 32.9), (437.3, -10.3), (450.0, -34.4), (489.8, -39.1), (529.8, -25.0), (564.9, 8.0), (474.6, -45.9), (399.7, -96.2), (371.1, -127.6), (388.6, -140.1), (428.6, -133.9), (468.6, -108.7), (508.6, -64.7), (544.3, -1.9), (541.0, 79.7), (502.9, 180.3), (463.4, 299.6), (457.0, 374.0), (457.0, 413.7), (457.0, 453.4), (457.0, 493.1), (457.0, 532.8), (457.0, 572.5), (457.0, 612.2), (457.0, 651.9), (457.0, 691.5), (454.8, 732.1)]",0,0,11.03
novice,meatboy,1,Success,7,0,41.69,0.586,"[(137.0, 749.0), (134.8, 740.1), (137.7, 691.4), (175.7, 664.8), (215.7, 662.5), (255.7, 679.0), (295.7, 714.3), (335.7, 755.3), (365.7, 755.0), (370.0, 714.1), (324.1, 664.4), (261.6, 609.5), (245.4, 573.3), (273.6, 556.1), (313.6, 557.7), (353.6, 578.1), (355.1, 586.9), (279.6, 524.9), (246.1, 481.7), (258.7, 457.4), (298.6, 451.9), (338.6, 465.3), (375.0, 497.5), (304.1, 443.0), (253.2, 392.8), (248.6, 361.4), (283.6, 348.8), (323.6, 355.1), (363.6, 380.2), (334.4, 363.7), (266.9, 306.4), (244.9, 268.0), (268.6, 248.3), (308.6, 247.6), (348.6, 265.6), (365.4, 287.1), (287.1, 222.8), (247.7, 177.2), (254.6, 150.5), (293.6, 142.7), (333.6, 153.7), (373.5, 183.5)]",0,0,5.48
novice,meatboy,1,Pit,12,0,101.33,1.0,"[(137.0, 749.0), (134.8, 740.1), (137.7, 691.4), (175.7, 673.3), (215.7, 678.1), (255.7, 701.6), (295.7, 744.1), (335.7, 755.0), (374.7, 755.9), (380.7, 733.1), (405.8, 721.4), (445.8, 743.8), (468.7, 755.9), (479.5, 709.9), (518.8, 705.3), (558.8, 719.4), (516.1, 685.7), (457.0, 630.7), (472.2, 594.6), (512.2, 585.2), (552.2, 594.6), (536.7, 582.9), (463.0, 523.2), (477.2, 484.3), (517.2, 477.2), (557.2, 489.0), (526.4, 466.3), (457.0, 408.9), (482.2, 374.2), (522.2, 369.5), (562.2, 383.7), (516.1, 349.9), (457.7, 295.0), (487.2, 264.5), (527.2, 262.1), (567.2, 278.6), (505.7, 233.9), (459.2, 181.3), (492.2, 166.8), (532.2, 173.9), (567.0, 199.8), (496.1, 145.0), (445.2, 94.7), (440.6, 63.3), (475.6, 51.5), (515.6, 58.5), (555.6, 84.5), (556.7, 111.3), (478.3, 46.9), (439.0, 1.4), (445.9, -25.2), (484.8, -32.2), (524.8, -20.4), (564.1, 10.2), (505.0, -31.0), (448.3, -83.6), (437.9, -117.4), (469.8, -132.3), (509.8, -128.3), (549.8, -105.6), (589.8, -63.9), (629.8, -13.0), (669.8, -42.3), (709.8, -42.3), (749.8, -23.4), (789.8, 14.3), (829.8, 70.9), (869.8, 146.3), (909.8, 240.5), (949.8, 353.6), (989.8, 485.5), (1029.8, 636.3), (1069.8, 805.9)]",0,0,9.68
novice,meatboy,1,Success,8,0,35.36,0.59,"[(137.0, 749.0), (134.8, 740.1), (137.7, 691.4), (175.7, 673.3), (215.7, 678.1), (255.7, 701.6), (295.7, 744.1), (321.6, 740.2), (347.4, 706.4), (375.0, 706.4), (294.5, 639.7), (249.4, 591.8), (250.5, 562.8), (287.8, 553.4), (327.8, 562.8), (367.8, 591.1), (354.3, 604.3), (278.9, 542.3), (245.3, 499.1), (258.0, 475.0), (297.8, 470.3), (337.8, 484.4), (375.0, 517.4), (333.7, 503.3), (266.2, 446.0), (244.2, 407.5), (267.8, 388.3), (307.8, 388.3), (347.8, 407.2), (375.0, 443.9), (313.0, 403.5), (256.3, 350.9), (245.9, 317.2), (277.8, 302.8), (317.8, 307.6), (357.8, 331.2), (375.0, 371.6), (294.5, 304.9), (249.4, 257.0), (250.5, 228.0), (287.8, 218.6), (327.8, 228.0), (367.3, 256.3), (354.3, 269.5), (278.9, 207.4), (245.3, 164.3), (258.0, 140.1), (297.8, 135.4), (337.8, 149.6), (377.6, 179.0)]",0,0,6.53
novice,meatboy,1,Success,8,0,35.36,0.59,"[(137.0, 749.0), (134.8, 740.1), (137.7, 691.4), (175.7, 673.3), (215.7, 678.1), (255.7, 701.6), (295.7, 744.1), (321.6, 740.2), (347.4, 706.4), (375.0, 706.4), (294.5, 639.7), (249.4, 591.8), (250.5, 562.8), (287.8, 553.4), (327.8, 562.8), (367.8, 591.1), (354.3, 604.3), (278.9, 542.3), (245.3, 499.1), (258.0, 475.0), (297.8, 470.3), (337.8, 484.4), (375.0, 517.4), (333.7, 503.3), (266.2, 446.0), (244.2, 407.5), (267.8, 388.3), (307.8, 388.3), (347.8, 407.2), (375.0, 443.9), (313.0, 403.5), (256.3, 350.9), (245.9, 317.2), (277.8, 302.8), (317.8, 307.6), (357.8, 331.2), (375.0, 371.6), (294.5, 304.9), (249.4, 257.0), (250.5, 228.0), (287.8, 218.6), (327.8, 228.0), (367.3, 256.3), (354.3, 269.5), (278.9, 207.4), (245.3, 164.3), (258.0, 140.1), (297.8, 135.4), (337.8, 149.6), (377.6, 179.0)]",0,0,6.53
novice,meatboy,1,Stuck,13,0,34.7,0.716,"[(137.0, 749.0), (130.4, 740.1), (142.6, 694.2), (182.4, 687.2), (222.4, 699.0), (262.4, 729.6), (296.4, 755.0), (314.2, 724.7), (354.2, 727.1), (394.2, 748.3), (419.2, 755.0), (426.4, 726.0), (464.3, 726.0), (504.3, 744.9), (534.3, 755.9), (538.7, 727.3), (567.7, 725.0), (495.4, 666.6), (457.0, 616.4), (482.2, 586.9), (522.2, 582.2), (562.2, 596.4), (516.1, 562.6), (457.7, 507.7), (487.2, 477.2), (527.2, 474.8), (567.2, 491.4), (505.7, 446.6), (459.2, 394.0), (492.2, 367.7), (532.2, 367.7), (567.0, 386.6), (496.1, 330.9), (461.3, 280.6), (497.2, 258.6), (537.2, 260.9), (567.7, 282.2), (487.2, 215.4), (464.2, 170.3), (502.2, 163.2), (542.2, 175.0), (557.4, 191.5), (479.1, 127.1), (439.7, 81.5), (446.6, 55.0), (485.6, 47.9), (525.6, 59.7), (565.6, 90.4), (536.0, 89.9), (464.2, 30.2), (436.4, -10.6), (454.8, -32.3), (494.8, -34.6), (534.8, -18.1), (567.0, 17.3), (462.5, -49.5), (393.4, -97.4), (370.5, -126.4), (393.4, -136.6), (433.4, -128.0), (473.4, -100.5), (513.4, -54.1), (546.2, 11.0), (537.1, 95.1), (497.7, 197.9), (458.5, 319.6), (457.0, 382.8), (457.0, 422.5), (457.0, 462.1), (457.0, 501.8), (457.0, 541.5), (457.0, 581.2), (457.0, 620.9), (457.0, 660.6), (457.0, 700.3), (458.4, 742.9)]",0,0,10.0
novice,meatboy,1,Success,8,0,34.61,0.587,"[(137.0, 749.0), (126.2, 740.1), (111.7, 691.4), (141.2, 661.5), (181.2, 652.1), (221.2, 661.6), (261.2, 689.9), (301.2, 737.0), (331.2, 747.6), (352.9, 707.7), (355.1, 685.8), (279.6, 623.8), (246.1, 580.6), (258.7, 556.4), (298.6, 551.8), (338.6, 565.9), (375.0, 598.9), (333.7, 584.8), (266.2, 527.5), (244.2, 489.0), (267.8, 469.8), (307.8, 469.8), (347.8, 488.7), (375.0, 525.4), (313.0, 485.0), (256.3, 432.4), (245.9, 398.6), (277.8, 384.3), (317.8, 389.1), (357.8, 412.6), (375.0, 453.1), (294.5, 386.4), (249.4, 338.5), (250.5, 309.4), (287.8, 300.0), (327.8, 309.5), (367.8, 337.8), (354.3, 351.0), (278.9, 288.9), (245.3, 245.8), (258.0, 221.6), (297.8, 216.9), (337.8, 231.1), (375.0, 264.1), (333.7, 250.0), (266.2, 192.7), (244.2, 154.2), (267.8, 135.0), (307.8, 135.0), (347.8, 153.9)]",0,0,6.63
novice,meatboy,1,Success,8,0,34.97,0.587,"[(137.0, 749.0), (134.8, 740.1), (137.7, 691.4), (175.7, 664.8), (215.7, 662.5), (255.7, 679.0), (295.7, 714.3), (335.7, 755.3), (354.0, 726.8), (375.0, 705.2), (294.5, 638.5), (249.4, 590.6), (250.5, 561.6), (287.8, 551.4), (327.8, 560.0), (367.8, 587.5), (354.3, 600.5), (278.9, 538.5), (245.3, 495.3), (258.0, 471.0), (297.8, 465.5), (337.8, 478.8), (375.0, 511.0), (333.7, 496.9), (266.2, 439.6), (244.2, 401.1), (267.8, 381.5), (307.8, 380.7), (347.8, 398.8), (375.0, 434.9), (313.0, 394.5), (256.3, 341.9), (245.9, 308.2), (277.8, 293.2), (317.8, 297.2), (357.8, 320.0), (375.0, 360.0), (294.5, 293.3), (249.4, 245.4), (250.5, 216.4), (287.8, 206.2), (327.8, 214.8), (356.5, 242.3), (374.2, 288.6), (303.4, 236.3), (252.5, 186.1), (247.8, 154.7), (282.8, 142.1), (322.8, 148.4), (362.8, 173.5)]",0,0,6.58
novice,meatboy,1,Stuck,9,0,-6.24,0.114,"[(137.0, 749.0), (126.2, 740.1), (111.7, 691.4), (141.2, 664.8), (181.2, 662.5), (220.4, 679.0), (228.7, 714.3), (195.4, 747.3), (164.2, 696.2), (175.3, 664.1), (214.9, 654.7), (254.9, 664.1), (294.9, 692.4), (334.9, 739.5), (364.9, 755.9), (369.2, 713.5), (323.3, 663.8), (260.9, 608.9), (244.7, 572.8), (272.8, 556.0), (312.8, 558.4), (352.8, 579.6), (355.1, 588.9), (279.6, 526.9), (246.1, 483.7), (258.7, 459.6), (298.6, 454.9), (338.6, 469.1), (375.0, 502.1), (304.1, 447.6), (253.2, 397.4), (248.6, 366.0), (283.6, 354.1), (323.6, 361.2), (363.6, 387.1), (334.4, 371.0), (266.9, 313.6), (244.9, 275.2), (268.6, 256.0), (308.6, 256.0), (348.3, 274.8), (365.4, 297.0), (287.1, 232.6), (247.7, 187.0), (254.6, 160.5), (293.6, 153.4), (333.6, 165.2), (353.3, 195.9), (327.8, 245.3), (287.8, 313.7), (247.8, 400.9), (207.8, 506.9), (167.8, 631.7), (128.8, 755.3), (118.5, 755.0), (111.5, 755.9), (105.1, 755.3), (95.8, 755.0), (88.8, 755.9), (82.4, 755.3), (73.2, 755.0), (73.0, 755.9), (73.0, 755.3), (73.0, 755.0), (73.0, 755.9), (73.0, 755.3), (73.0, 755.0), (73.0, 755.9), (73.0, 755.3), (73.0, 755.0), (73.0, 755.9), (73.0, 755.3), (73.0, 755.0), (73.0, 755.9), (73.0, 755.3), (73.0, 755.0), (73.0, 755.9), (73.0, 755.3), (73.0, 755.0), (73.0, 755.9), (73.0, 755.3), (73.0, 755.0), (73.0, 755.9), (73.0, 755.3), (73.0, 755.0)]",0,0,11.23
novice,meatboy,1,Success,7,0,41.3,0.586,"[(137.0, 749.0), (134.8, 740.1), (137.7, 691.4), (175.7, 664.8), (215.7, 662.5), (255.7, 679.0), (295.7, 714.3), (335.7, 755.3), (354.0, 726.8), (375.0, 705.2), (294.5, 638.5), (249.4, 590.6), (250.5, 561.6), (287.8, 551.4), (327.8, 560.0), (367.8, 587.5), (323.3, 558.8), (260.9, 503.8), (244.7, 467.7), (272.8, 450.4), (312.8, 452.0), (352.8, 472.4), (354.3, 481.7), (278.9, 419.6), (245.3, 376.5), (258.0, 352.1), (297.8, 346.6), (337.8, 360.0), (375.0, 392.2), (303.4, 338.1), (252.5, 287.9), (247.8, 256.5), (282.8, 243.9), (322.8, 250.2), (362.3, 275.3), (333.7, 259.3), (266.2, 201.9), (244.2, 163.5), (267.8, 143.9), (307.8, 143.1), (347.8, 161.2)]",0,0,5.43
novice,meatboy,1,Success,7,0,42.24,0.587,"[(137.0, 749.0), (134.8, 740.1), (137.7, 691.4), (175.7, 673.3), (215.7, 678.1), (255.7, 701.6), (295.7, 744.1), (321.6, 740.2), (347.4, 706.4), (375.0, 706.4), (294.5, 639.7), (249.4, 591.8), (250.5, 562.8), (287.8, 552.6), (327.8, 561.2), (367.8, 588.7), (324.1, 559.6), (261.6, 504.6), (245.4, 468.5), (273.6, 451.2), (313.6, 452.8), (353.6, 473.2), (355.1, 482.1), (279.6, 420.1), (246.1, 376.9), (258.7, 352.5), (298.6, 347.1), (338.6, 360.4), (375.0, 392.6), (304.1, 338.2), (253.2, 287.9), (248.6, 256.5), (283.6, 244.7), (323.6, 251.7), (363.1, 277.7), (334.4, 261.5), (266.9, 204.2), (244.9, 165.7), (268.6, 146.1), (308.6, 145.3), (348.6, 163.4)]",0,0,5.43
novice,meatboy,1,Stuck,15,0,37.63,0.749,"[(137.0, 749.0), (134.8, 740.1), (137.7, 691.4), (175.7, 664.8), (215.7, 662.5), (255.7, 679.0), (295.7, 714.3), (335.7, 755.3), (374.7, 755.0), (389.2, 727.9), (427.4, 725.6), (467.4, 742.1), (501.4, 755.3), (519.2, 725.0), (559.2, 727.4), (505.0, 679.1), (457.0, 626.5), (477.2, 593.7), (517.2, 586.7), (557.2, 598.5), (526.4, 575.7), (457.0, 518.4), (482.2, 479.9), (522.2, 467.2), (562.2, 474.3), (516.1, 437.9), (457.7, 382.9), (487.2, 346.8), (527.2, 337.4), (567.2, 346.9), (505.7, 300.3), (459.2, 247.7), (492.2, 215.0), (532.2, 207.9), (567.0, 219.7), (496.1, 163.1), (445.2, 112.9), (440.6, 81.5), (475.6, 69.6), (515.6, 76.7), (555.6, 102.6), (526.4, 86.4), (458.9, 29.1), (436.9, -9.3), (460.6, -28.6), (500.6, -28.5), (540.6, -9.7), (566.3, 28.0), (567.0, 75.0), (567.0, 139.4), (566.3, 222.7), (536.8, 324.8), (496.8, 445.8), (457.7, 585.6), (457.0, 653.2), (457.0, 692.9), (454.1, 734.4), (451.6, 733.1), (474.9, 721.4), (514.9, 743.8), (548.9, 755.9), (566.6, 725.6), (495.4, 665.4), (457.0, 615.2), (482.2, 585.7), (522.2, 581.0), (562.2, 595.2), (516.1, 561.4), (457.7, 506.5), (487.2, 470.4), (527.2, 461.0), (567.2, 470.4), (505.7, 423.9)]",0,0,9.65
novice,meatboy,1,Stuck,8,0,-1.42,0.208,"[(137.0, 749.0), (134.8, 740.1), (137.7, 691.4), (175.7, 673.3), (215.7, 678.1), (254.9, 701.6), (276.6, 744.1), (284.6, 719.7), (317.6, 689.5), (357.6, 689.5), (354.3, 683.4), (278.9, 621.4), (245.3, 578.2), (258.0, 553.9), (297.8, 548.4), (337.8, 561.8), (375.0, 594.0), (303.4, 539.9), (252.5, 489.7), (247.8, 458.3), (282.8, 445.7), (322.8, 452.0), (362.8, 477.1), (333.7, 461.0), (266.2, 403.7), (244.2, 365.3), (267.8, 345.6), (307.8, 344.9), (347.8, 362.9), (364.7, 384.8), (286.3, 320.4), (247.0, 274.9), (253.9, 248.3), (292.8, 241.3), (332.8, 253.1), (372.3, 283.7), (313.0, 242.5), (256.3, 189.9), (245.9, 156.2), (277.8, 141.2), (317.8, 145.2), (356.4, 168.0), (362.6, 209.6), (328.4, 270.0), (288.4, 349.4), (248.4, 447.5), (208.4, 564.5), (168.4, 700.4), (134.4, 755.9), (133.4, 755.3), (133.4, 755.0), (133.4, 755.9), (133.4, 755.3), (133.4, 755.0), (133.4, 755.9), (133.4, 755.3), (133.4, 755.0), (133.4, 755.9), (133.4, 755.3), (133.4, 755.0), (133.4, 755.9), (133.4, 755.3), (133.4, 755.0), (133.4, 755.9), (133.4, 755.3), (133.4, 755.0), (133.4, 755.9), (133.4, 755.3), (133.4, 755.0), (133.4, 755.9), (133.4, 755.3), (133.4, 755.0), (133.4, 755.9), (133.4, 755.3), (133.4, 755.0), (133.4, 755.9), (133.4, 755.3), (133.4, 755.0), (133.4, 755.9)]",0,0,10.45
novice,meatboy,1,Success,8,0,38.26,0.59,"[(137.0, 749.0), (126.2, 740.1), (111.7, 691.4), (141.2, 661.5), (181.2, 650.5), (221.2, 658.4), (261.2, 685.1), (275.2, 730.6), (246.2, 725.9), (237.9, 682.0), (271.2, 657.2), (311.2, 652.5), (351.2, 666.7), (355.1, 671.2), (279.6, 609.2), (246.1, 566.0), (258.7, 541.7), (298.6, 536.2), (338.6, 549.6), (375.0, 581.8), (303.4, 527.7), (252.5, 477.4), (247.8, 446.0), (282.8, 433.5), (322.8, 439.8), (362.8, 464.9), (333.7, 448.8), (266.2, 391.5), (244.2, 353.1), (267.8, 333.4), (307.8, 332.7), (347.8, 350.7), (364.7, 372.6), (286.3, 308.2), (247.0, 262.7), (253.9, 236.0), (292.8, 228.2), (332.8, 239.2), (372.3, 269.0), (313.0, 227.6), (256.3, 175.0), (245.9, 141.2), (277.8, 126.3), (317.8, 130.3), (357.8, 153.0)]",0,0,5.95
novice,meatboy,1,Success,8,0,38.26,0.59,"[(137.0, 749.0), (126.2, 740.1), (111.7, 691.4), (141.2, 661.5), (181.2, 650.5), (221.2, 658.4), (261.2, 685.1), (275.2, 730.6), (246.2, 725.9), (237.9, 682.0), (271.2, 657.2), (311.2, 652.5), (351.2, 666.7), (355.1, 671.2), (279.6, 609.2), (246.1, 566.0), (258.7, 541.7), (298.6, 536.2), (338.6, 549.6), (375.0, 581.8), (303.4, 527.7), (252.5, 477.4), (247.8, 446.0), (282.8, 433.5), (322.8, 439.8), (362.8, 464.9), (333.7, 448.8), (266.2, 391.5), (244.2, 353.1), (267.8, 333.4), (307.8, 332.7), (347.8, 350.7), (364.7, 372.6), (286.3, 308.2), (247.0, 262.7), (253.9, 236.0), (292.8, 228.2), (332.8, 239.2), (372.3, 269.0), (313.0, 227.6), (256.3, 175.0), (245.9, 141.2), (277.8, 126.3), (317.8, 130.3), (357.8, 153.0)]",0,0,5.95
novice,meatboy,1,Success,8,0,34.52,0.586,"[(137.0, 749.0), (134.8, 740.1), (137.7, 691.4), (175.7, 664.8), (215.7, 662.5), (255.7, 679.0), (295.7, 714.3), (335.7, 755.3), (354.0, 726.8), (375.0, 705.2), (294.5, 638.5), (249.4, 590.6), (250.5, 561.6), (287.8, 551.4), (327.8, 560.0), (367.8, 587.5), (354.3, 600.5), (278.9, 538.5), (245.3, 495.3), (258.0, 471.0), (297.8, 465.5), (337.8, 478.8), (375.0, 511.0), (333.7, 496.9), (266.2, 439.6), (244.2, 401.1), (267.8, 381.5), (307.8, 380.7), (347.8, 398.8), (375.0, 434.9), (313.0, 394.5), (256.3, 341.9), (245.9, 308.2), (277.8, 293.2), (317.8, 297.2), (357.8, 320.0), (375.0, 360.0), (294.5, 293.3), (249.4, 245.4), (250.5, 216.4), (287.8, 206.2), (327.8, 214.8), (356.5, 242.3), (374.2, 288.6), (303.4, 236.3), (252.5, 186.1), (247.8, 154.7), (282.8, 142.1), (322.8, 148.4), (362.8, 173.5)]",0,0,6.58
novice,meatboy,1,Stuck,4,0,68.01,0.886,"[(137.0, 749.0), (120.7, 740.1), (108.2, 691.4), (138.9, 661.5), (178.9, 652.1), (218.9, 661.6), (258.9, 689.9), (298.9, 737.0), (338.9, 755.9), (372.9, 755.3), (376.1, 719.7), (409.1, 725.2), (448.6, 752.3), (460.3, 720.3), (489.8, 704.8), (529.8, 711.9), (567.0, 737.8), (567.0, 725.9), (567.0, 682.0), (567.0, 656.8), (567.0, 650.5), (567.0, 663.1), (567.0, 694.5), (567.0, 744.7), (567.0, 755.0), (567.0, 755.9), (567.0, 755.3), (567.0, 755.0), (567.0, 755.9), (567.0, 755.3), (567.0, 755.0), (567.0, 755.9), (567.0, 755.3), (567.0, 755.0), (567.0, 755.9), (567.0, 755.3), (567.0, 755.0), (567.0, 755.9), (567.0, 755.3), (567.0, 755.0), (567.0, 755.9), (567.0, 755.3), (567.0, 755.0), (567.0, 755.9), (567.0, 755.3), (567.0, 755.0), (567.0, 755.9), (567.0, 755.3)]",0,0,6.3
novice,meatboy,1,Stuck,1,0,-12.54,0.114,"[(137.0, 749.0), (126.2, 755.3), (113.8, 755.0), (104.5, 755.9), (97.5, 755.3), (91.1, 755.0), (81.8, 755.9), (74.8, 755.3), (73.0, 755.0), (73.0, 755.9), (73.0, 755.3), (73.0, 755.0), (73.0, 755.9), (73.0, 755.3), (73.0, 755.0), (73.0, 755.9), (73.0, 755.3), (73.0, 755.0), (73.0, 755.9), (73.0, 755.3), (73.0, 755.0), (73.0, 755.9), (73.0, 755.3), (73.0, 755.0), (73.0, 755.9), (73.0, 755.3), (73.0, 755.0), (73.0, 755.9), (73.0, 755.3), (73.0, 755.0), (73.0, 755.9), (73.0, 755.3), (73.0, 755.0), (73.0, 755.9), (73.0, 755.3), (73.0, 755.0), (73.0, 755.9), (73.0, 755.3)]",0,0,5.02
novice,meatboy,1,Success,7,0,41.16,0.586,"[(137.0, 749.0), (134.8, 740.1), (137.7, 691.4), (175.7, 664.8), (215.7, 662.5), (255.7, 679.0), (295.7, 714.3), (335.7, 755.3), (354.0, 726.8), (375.0, 705.2), (294.5, 638.5), (249.4, 590.6), (250.5, 561.6), (287.8, 551.4), (327.8, 560.0), (367.8, 587.5), (323.3, 558.8), (260.9, 503.8), (244.7, 467.7), (272.8, 450.4), (312.8, 452.0), (352.8, 472.4), (354.3, 481.7), (278.9, 419.6), (245.3, 376.5), (258.0, 352.1), (297.8, 346.6), (337.8, 360.0), (375.0, 392.2), (303.4, 338.1), (252.5, 287.9), (247.8, 256.5), (282.8, 243.9), (322.8, 250.2), (362.3, 275.3), (333.7, 259.3), (266.2, 201.9), (244.2, 163.5), (267.8, 143.9), (307.8, 143.1), (347.8, 161.2)]",0,0,5.43
novice,meatboy,1,Success,7,0,41.98,0.586,"[(137.0, 749.0), (134.8, 740.1), (137.7, 691.4), (175.7, 664.8), (215.7, 662.5), (255.7, 679.0), (295.7, 714.3), (335.7, 755.3), (354.0, 726.8), (375.0, 705.2), (294.5, 638.5), (249.4, 590.6), (250.5, 561.6), (287.8, 551.4), (327.8, 560.0), (367.8, 587.5), (324.1, 558.4), (261.6, 503.4), (245.4, 467.3), (273.6, 450.0), (313.6, 451.6), (353.6, 472.0), (355.1, 480.9), (279.6, 418.9), (246.1, 375.7), (258.7, 351.4), (298.6, 345.9), (338.6, 359.2), (375.0, 391.4), (304.1, 337.0), (253.2, 286.7), (248.6, 255.3), (283.6, 242.8), (323.6, 249.0), (363.6, 274.2), (334.4, 257.7), (266.9, 200.4), (244.9, 161.9), (268.6, 142.3), (308.6, 141.5), (348.6, 159.6)]",0,0,5.43
novice,meatboy,1,Success,7,0,41.52,0.586,"[(137.0, 749.0), (134.8, 740.1), (137.7, 691.4), (175.7, 664.8), (215.7, 662.5), (255.7, 679.0), (295.7, 714.3), (335.7, 755.3), (354.0, 726.8), (375.0, 705.2), (294.5, 638.5), (249.4, 590.6), (250.5, 561.6), (287.8, 551.4), (327.8, 560.0), (367.8, 587.5), (323.3, 558.8), (260.9, 503.8), (244.7, 467.7), (272.8, 450.4), (312.8, 452.0), (352.8, 472.4), (354.3, 481.7), (278.9, 419.6), (245.3, 376.5), (258.0, 352.1), (297.8, 346.6), (337.8, 360.0), (375.0, 392.2), (303.4, 338.1), (252.5, 287.9), (247.8, 256.5), (282.8, 243.9), (322.8, 250.2), (362.3, 275.3), (333.7, 259.3), (266.2, 201.9), (244.2, 163.5), (267.8, 143.9), (307.8, 143.1), (347.8, 161.2)]",0,0,5.45
novice,meatboy,1,Stuck,15,0,39.9,0.839,"[(137.0, 749.0), (126.2, 740.1), (111.7, 691.4), (141.2, 664.8), (181.2, 662.5), (221.2, 679.0), (256.8, 714.3), (253.5, 755.3), (222.7, 708.1), (231.8, 671.2), (271.2, 661.8), (311.2, 671.3), (351.2, 699.6), (391.2, 746.7), (410.8, 748.2), (425.9, 724.8), (465.9, 729.6), (505.9, 753.1), (525.9, 755.3), (536.8, 725.0), (556.7, 716.7), (478.3, 652.3), (459.2, 606.7), (492.2, 584.0), (532.2, 584.0), (567.0, 602.9), (495.4, 547.1), (461.3, 496.9), (497.2, 474.8), (537.2, 477.2), (567.0, 498.4), (486.5, 431.7), (464.2, 383.8), (502.2, 366.0), (542.2, 370.7), (556.7, 380.9), (478.3, 316.5), (467.8, 271.0), (507.2, 257.4), (547.2, 264.5), (546.3, 263.7), (470.2, 201.7), (472.2, 166.8), (512.2, 164.4), (552.2, 180.9), (536.7, 173.6), (464.9, 113.9), (437.1, 73.1), (455.6, 51.4), (495.6, 49.1), (535.5, 65.6), (567.0, 101.0), (486.5, 34.2), (441.4, -13.7), (442.5, -42.7), (479.8, -52.1), (519.8, -42.7), (559.8, -14.4), (556.2, 32.8), (516.8, 98.7), (476.8, 183.6), (457.0, 269.5), (457.0, 309.2), (457.0, 348.8), (457.0, 388.5), (457.0, 428.2), (457.0, 467.9), (457.0, 507.6), (457.0, 547.3), (457.0, 587.0), (457.0, 626.7), (457.0, 666.4), (457.0, 706.0), (448.6, 750.1), (448.4, 717.3), (484.1, 730.2), (523.0, 755.3), (529.4, 731.4), (558.9, 724.4)]",0,0,10.5
novice,meatboy,1,Stuck,9,0,-6.21,0.114,"[(137.0, 749.0), (134.8, 740.1), (137.7, 691.4), (175.7, 664.8), (215.7, 662.5), (255.7, 679.0), (295.7, 714.3), (335.7, 755.3), (354.0, 726.8), (375.0, 705.2), (294.5, 638.5), (249.4, 590.6), (250.5, 561.6), (287.8, 551.4), (327.8, 560.0), (367.8, 587.5), (354.3, 600.5), (278.9, 538.5), (245.3, 495.3), (258.0, 471.0), (297.8, 465.5), (337.8, 478.8), (375.0, 511.0), (333.7, 496.9), (266.2, 439.6), (244.2, 401.1), (267.8, 381.5), (307.8, 380.7), (347.8, 398.8), (375.0, 434.9), (313.0, 394.5), (256.3, 341.9), (245.9, 308.2), (277.8, 293.2), (317.8, 297.2), (357.8, 320.0), (375.0, 360.0), (294.5, 293.3), (249.4, 245.4), (250.5, 216.4), (287.8, 206.2), (327.8, 214.8), (356.5, 242.3), (374.2, 288.6), (303.4, 236.3), (252.5, 186.1), (247.8, 154.7), (282.8, 142.1), (322.8, 148.4), (360.7, 173.5), (363.1, 217.5), (327.1, 280.3), (287.1, 362.0), (247.1, 462.5), (207.1, 581.9), (167.1, 720.1), (137.1, 755.0), (131.4, 755.9), (123.6, 755.3), (114.6, 755.0), (108.8, 755.9), (100.9, 755.3), (91.9, 755.0), (86.1, 755.9), (78.3, 755.3), (73.0, 755.0), (73.0, 755.9), (73.0, 755.3), (73.0, 755.0), (73.0, 755.9), (73.0, 755.3), (73.0, 755.0), (73.0, 755.9), (73.0, 755.3), (73.0, 755.0), (73.0, 755.9), (73.0, 755.3), (73.0, 755.0), (73.0, 755.9), (73.0, 755.3), (73.0, 755.0), (73.0, 755.9), (73.0, 755.3), (73.0, 755.0), (73.0, 755.9), (73.0, 755.3), (73.0, 755.0)]",0,0,11.5
novice,meatboy,1,Pit,11,0,104.4,1.0,"[(137.0, 749.0), (134.8, 740.1), (137.7, 691.4), (175.7, 664.8), (215.7, 662.5), (255.7, 679.0), (295.7, 714.3), (335.7, 755.3), (365.7, 755.0), (370.0, 714.1), (375.0, 674.8), (375.0, 654.4), (375.0, 652.8), (375.0, 670.1), (375.0, 706.2), (390.2, 755.0), (400.4, 728.6), (434.1, 724.0), (474.1, 738.1), (511.1, 755.0), (526.4, 711.3), (565.8, 704.2), (515.3, 662.5), (457.0, 607.6), (472.2, 571.5), (512.2, 554.7), (552.2, 557.1), (536.7, 540.9), (464.9, 481.2), (464.2, 440.4), (502.2, 418.7), (542.2, 416.4), (557.4, 420.4), (479.1, 356.1), (459.2, 310.5), (492.2, 283.9), (532.2, 276.9), (567.0, 288.7), (496.1, 232.1), (461.3, 181.8), (497.2, 159.8), (537.2, 162.1), (567.7, 183.4), (487.2, 116.6), (442.1, 68.7), (443.2, 39.7), (480.6, 29.5), (520.6, 38.1), (560.1, 65.6), (546.3, 78.6), (470.9, 16.6), (437.3, -26.6), (450.0, -50.9), (489.8, -56.4), (529.8, -43.1), (569.8, -13.0), (581.2, -42.1), (601.7, -86.0), (641.7, -110.8), (681.7, -115.5), (721.7, -101.3), (761.7, -68.3), (801.7, -16.5), (841.7, 54.2), (881.7, 143.8), (921.7, 252.1), (961.7, 379.4), (1001.7, 525.4), (1041.7, 690.3), (1081.7, 873.0)]",0,0,9.23
novice,meatboy,1,Success,7,0,41.52,0.586,"[(137.0, 749.0), (134.8, 740.1), (137.7, 691.4), (175.7, 664.8), (215.7, 662.5), (255.7, 679.0), (295.7, 714.3), (335.7, 755.3), (354.0, 726.8), (375.0, 705.2), (294.5, 638.5), (249.4, 590.6), (250.5, 561.6), (287.8, 551.4), (327.8, 560.0), (367.8, 587.5), (323.3, 558.8), (260.9, 503.8), (244.7, 467.7), (272.8, 450.4), (312.8, 452.0), (352.8, 472.4), (354.3, 481.7), (278.9, 419.6), (245.3, 376.5), (258.0, 352.1), (297.8, 346.6), (337.8, 360.0), (375.0, 392.2), (303.4, 338.1), (252.5, 287.9), (247.8, 256.5), (282.8, 243.9), (322.8, 250.2), (362.3, 275.3), (333.7, 259.3), (266.2, 201.9), (244.2, 163.5), (267.8, 143.9), (307.8, 143.1), (347.8, 161.2)]",0,0,5.45
novice,meatboy,1,Stuck,16,0,77.73,1.0,"[(137.0, 749.0), (156.2, 740.1), (182.7, 694.2), (222.7, 687.2), (262.7, 699.0), (302.7, 729.6), (342.7, 755.0), (379.7, 755.9), (395.0, 717.3), (434.5, 730.2), (474.5, 755.3), (492.8, 731.4), (526.2, 724.4), (566.2, 736.2), (495.4, 679.6), (457.0, 629.3), (482.2, 597.9), (522.2, 586.1), (562.2, 593.2), (516.1, 556.8), (457.7, 501.8), (487.2, 465.7), (527.2, 456.3), (567.2, 465.7), (505.7, 419.2), (459.2, 366.6), (492.2, 333.9), (532.2, 326.8), (567.0, 338.6), (496.1, 282.0), (461.3, 231.7), (497.2, 202.3), (537.2, 197.6), (567.7, 211.8), (487.2, 145.0), (442.1, 97.2), (443.2, 68.1), (480.6, 58.7), (520.6, 68.2), (560.6, 96.4), (516.1, 67.5), (453.6, 12.6), (437.4, -23.6), (465.6, -40.3), (505.6, -37.9), (545.6, -16.7), (541.1, -7.4), (441.6, -69.4), (384.1, -112.6), (372.7, -136.9), (404.1, -142.4), (444.1, -129.0), (484.1, -96.8), (524.1, -45.8), (564.1, 24.1), (567.0, 112.8), (553.7, 196.6), (451.3, 132.2), (388.0, 86.6), (370.9, 60.0), (398.4, 52.1), (438.4, 63.1), (478.4, 93.0), (518.4, 141.6), (558.1, 209.2), (513.7, 214.3), (461.3, 157.0), (497.2, 132.3), (537.2, 134.6), (567.7, 155.9), (487.2, 89.1), (442.1, 41.2), (443.2, 12.2), (480.6, 2.8), (520.6, 12.2), (560.6, 40.5), (516.1, 11.6), (453.6, -43.4), (437.4, -79.5), (465.6, -96.7), (505.6, -95.2), (545.6, -74.7), (585.6, -35.5), (625.6, -20.7), (665.6, -71.7), (705.6, -103.9), (745.6, -115.9), (785.6, -108.8), (825.6, -82.9), (865.6, -38.1), (905.6, 25.5), (945.6, 108.0), (985.6, 209.3), (1025.6, 329.4), (1065.6, 468.4), (1105.6, 626.3)]",0,0,12.67
novice,meatboy,1,Success,8,0,38.6,0.59,"[(137.0, 749.0), (120.7, 740.1), (108.2, 691.4), (138.9, 661.5), (178.9, 650.5), (218.9, 658.4), (258.9, 685.1), (272.9, 730.6), (243.9, 725.9), (235.7, 682.0), (268.9, 657.2), (308.9, 652.5), (348.9, 666.7), (354.3, 671.2), (278.9, 609.2), (245.3, 566.0), (258.0, 541.7), (297.8, 536.2), (337.8, 549.6), (375.0, 581.8), (303.4, 527.7), (252.5, 477.4), (247.8, 446.0), (282.8, 433.5), (322.8, 439.8), (362.8, 464.9), (333.7, 448.8), (266.2, 391.5), (244.2, 353.1), (267.8, 333.4), (307.8, 332.7), (347.8, 350.7), (364.7, 372.6), (286.3, 308.2), (247.0, 262.7), (253.9, 236.0), (292.8, 228.2), (332.8, 239.2), (372.3, 269.0), (313.0, 227.6), (256.3, 175.0), (245.9, 141.2), (277.8, 126.3), (317.8, 130.3), (357.8, 153.0)]",0,0,5.95
novice,meatboy,1,Success,7,0,41.79,0.586,"[(137.0, 749.0), (134.8, 740.1), (137.7, 691.4), (175.7, 661.5), (215.7, 652.1), (255.7, 661.6), (295.7, 689.9), (335.7, 737.0), (365.7, 747.6), (375.0, 707.7), (294.5, 641.0), (249.4, 593.1), (250.5, 564.1), (287.8, 553.9), (327.8, 562.5), (367.8, 590.0), (324.1, 560.9), (261.6, 505.9), (245.4, 469.8), (273.6, 452.5), (313.6, 454.1), (353.6, 474.5), (354.3, 483.8), (278.9, 421.7), (245.3, 378.6), (258.0, 354.2), (297.8, 348.7), (337.8, 362.1), (375.0, 394.3), (304.1, 339.8), (253.2, 289.6), (248.6, 258.2), (283.6, 245.6), (323.6, 251.9), (363.1, 277.1), (333.7, 261.0), (266.2, 203.7), (244.2, 165.2), (267.8, 145.6), (307.8, 144.8), (347.8, 162.9)]",0,0,5.43
novice,meatboy,1,Stuck,17,0,32.07,0.789,"[(137.0, 749.0), (134.8, 740.1), (137.7, 691.4), (175.7, 664.8), (215.7, 662.5), (255.7, 679.0), (295.2, 714.3), (334.0, 755.3), (356.6, 726.6), (396.6, 726.6), (436.4, 745.5), (451.6, 726.2), (482.0, 723.2), (522.0, 747.9), (546.7, 731.4), (536.0, 697.6), (464.2, 637.9), (472.2, 597.1), (512.2, 581.0), (552.2, 585.8), (525.7, 559.5), (458.2, 502.2), (477.2, 463.7), (517.2, 451.0), (557.2, 458.0), (515.3, 421.6), (457.0, 366.7), (482.2, 330.6), (522.2, 321.2), (562.2, 330.6), (505.0, 284.1), (457.7, 231.5), (487.2, 198.7), (527.2, 191.7), (567.2, 203.5), (495.4, 146.9), (444.5, 96.6), (439.8, 65.2), (474.8, 53.4), (514.8, 60.5), (554.3, 86.4), (525.7, 70.7), (458.2, 13.4), (436.2, -25.1), (459.8, -44.3), (499.8, -44.3), (539.8, -25.4), (566.3, 12.3), (536.8, 68.9), (496.8, 144.3), (457.0, 238.5), (457.0, 278.2), (457.0, 317.9), (457.0, 357.6), (457.0, 397.3), (457.0, 437.0), (457.0, 476.6), (457.0, 516.3), (457.0, 556.0), (457.0, 595.7), (457.0, 635.4), (457.0, 675.1), (457.0, 714.8), (453.9, 755.0), (464.8, 709.1), (504.1, 704.4), (544.1, 718.5), (547.1, 723.1), (471.6, 661.0), (467.8, 617.9), (507.2, 598.4), (547.2, 600.8), (536.0, 584.6), (464.2, 525.0), (472.2, 484.2), (512.2, 468.1), (552.2, 472.8), (525.7, 446.5), (458.2, 389.2), (477.2, 350.7), (517.2, 338.0), (557.2, 345.1), (515.3, 308.7), (457.0, 253.7), (482.2, 217.6), (522.2, 208.2), (562.2, 217.7), (505.0, 171.2)]",0,0,11.6
novice,meatboy,1,Stuck,1,0,-12.57,0.114,"[(137.0, 749.0), (134.8, 755.3), (125.8, 755.0), (120.0, 755.9), (112.2, 755.3), (103.2, 755.0), (97.3, 755.9), (89.5, 755.3), (80.5, 755.0), (74.7, 755.9), (73.0, 755.3), (73.0, 755.0), (73.0, 755.9), (73.0, 755.3), (73.0, 755.0), (73.0, 755.9), (73.0, 755.3), (73.0, 755.0), (73.0, 755.9), (73.0, 755.3), (73.0, 755.0), (73.0, 755.9), (73.0, 755.3), (73.0, 755.0), (73.0, 755.9), (73.0, 755.3), (73.0, 755.0), (73.0, 755.9), (73.0, 755.3), (73.0, 755.0), (73.0, 755.9), (73.0, 755.3), (73.0, 755.0), (73.0, 755.9), (73.0, 755.3), (73.0, 755.0), (73.0, 755.9), (73.0, 755.3)]",0,0,5.02
novice,meatboy,1,Success,7,0,41.16,0.586,"[(137.0, 749.0), (134.8, 740.1), (137.7, 691.4), (175.7, 664.8), (215.7, 662.5), (255.7, 679.0), (295.7, 714.3), (335.7, 755.3), (354.0, 726.8), (375.0, 705.2), (294.5, 638.5), (249.4, 590.6), (250.5, 561.6), (287.8, 551.4), (327.8, 560.0), (367.8, 587.5), (323.3, 558.8), (260.9, 503.8), (244.7, 467.7), (272.8, 450.4), (312.8, 452.0), (352.8, 472.4), (354.3, 481.7), (278.9, 419.6), (245.3, 376.5), (258.0, 352.1), (297.8, 346.6), (337.8, 360.0), (375.0, 392.2), (303.4, 338.1), (252.5, 287.9), (247.8, 256.5), (282.8, 243.9), (322.8, 250.2), (362.3, 275.3), (333.7, 259.3), (266.2, 201.9), (244.2, 163.5), (267.8, 143.9), (307.8, 143.1), (347.8, 161.2)]",0,0,5.43
novice,meatboy,1,Success,7,0,41.3,0.586,"[(137.0, 749.0), (134.8, 740.1), (137.7, 691.4), (175.7, 664.8), (215.7, 662.5), (255.7, 679.0), (295.7, 714.3), (335.7, 755.3), (354.0, 726.8), (375.0, 705.2), (294.5, 638.5), (249.4, 590.6), (250.5, 561.6), (287.8, 551.4), (327.8, 560.0), (367.8, 587.5), (323.3, 558.8), (260.9, 503.8), (244.7, 467.7), (272.8, 450.4), (312.8, 452.0), (352.8, 472.4), (354.3, 481.7), (278.9, 419.6), (245.3, 376.5), (258.0, 352.1), (297.8, 346.6), (337.8, 360.0), (375.0, 392.2), (303.4, 338.1), (252.5, 287.9), (247.8, 256.5), (282.8, 243.9), (322.8, 250.2), (362.3, 275.3), (333.7, 259.3), (266.2, 201.9), (244.2, 163.5), (267.8, 143.9), (307.8, 143.1), (347.8, 161.2)]",0,0,5.43
novice,meatboy,1,Success,7,0,41.49,0.586,"[(137.0, 749.0), (134.8, 740.1), (137.7, 691.4), (175.7, 664.8), (215.7, 662.5), (255.7, 679.0), (295.7, 714.3), (334.5, 755.3), (357.1, 711.9), (344.7, 678.0), (272.9, 618.3), (245.1, 577.5), (263.6, 555.5), (303.6, 552.4), (343.6, 568.1), (375.0, 602.7), (294.5, 535.9), (249.4, 488.1), (250.5, 459.0), (287.8, 448.8), (327.8, 457.5), (367.8, 484.9), (323.3, 456.2), (260.9, 401.2), (244.7, 365.1), (272.8, 347.9), (312.8, 349.4), (352.8, 369.9), (354.3, 379.1), (278.9, 317.1), (245.3, 273.9), (258.0, 249.6), (297.8, 244.1), (337.8, 257.4), (375.0, 289.6), (303.4, 235.6), (252.5, 185.3), (247.8, 153.9), (282.8, 141.4), (322.8, 147.7), (362.6, 172.8)]",0,0,5.38
novice,meatboy,1,Success,8,0,34.52,0.586,"[(137.0, 749.0), (134.8, 740.1), (137.7, 691.4), (175.7, 664.8), (215.7, 662.5), (255.7, 679.0), (295.7, 714.3), (335.7, 755.3), (354.0, 726.8), (375.0, 705.2), (294.5, 638.5), (249.4, 590.6), (250.5, 561.6), (287.8, 551.4), (327.8, 560.0), (367.8, 587.5), (354.3, 600.5), (278.9, 538.5), (245.3, 495.3), (258.0, 471.0), (297.8, 465.5), (337.8, 478.8), (375.0, 511.0), (333.7, 496.9), (266.2, 439.6), (244.2, 401.1), (267.8, 381.5), (307.8, 380.7), (347.8, 398.8), (375.0, 434.9), (313.0, 394.5), (256.3, 341.9), (245.9, 308.2), (277.8, 293.2), (317.8, 297.2), (357.8, 320.0), (375.0, 360.0), (294.5, 293.3), (249.4, 245.4), (250.5, 216.4), (287.8, 206.2), (327.8, 214.8), (356.5, 242.3), (374.2, 288.6), (303.4, 236.3), (252.5, 186.1), (247.8, 154.7), (282.8, 142.1), (322.8, 148.4), (362.8, 173.5)]",0,0,6.58
novice,meatboy,1,Success,8,0,34.52,0.586,"[(137.0, 749.0), (134.8, 740.1), (137.7, 691.4), (175.7, 664.8), (215.7, 662.5), (255.7, 679.0), (295.7, 714.3), (335.7, 755.3), (354.0, 726.8), (375.0, 705.2), (294.5, 638.5), (249.4, 590.6), (250.5, 561.6), (287.8, 551.4), (327.8, 560.0), (367.8, 587.5), (354.3, 600.5), (278.9, 538.5), (245.3, 495.3), (258.0, 471.0), (297.8, 465.5), (337.8, 478.8), (375.0, 511.0), (333.7, 496.9), (266.2, 439.6), (244.2, 401.1), (267.8, 381.5), (307.8, 380.7), (347.8, 398.8), (375.0, 434.9), (313.0, 394.5), (256.3, 341.9), (245.9, 308.2), (277.8, 293.2), (317.8, 297.2), (357.8, 320.0), (375.0, 360.0), (294.5, 293.3), (249.4, 245.4), (250.5, 216.4), (287.8, 206.2), (327.8, 214.8), (356.5, 242.3), (374.2, 288.6), (303.4, 236.3), (252.5, 186.1), (247.8, 154.7), (282.8, 142.1), (322.8, 148.4), (362.8, 173.5)]",0,0,6.58
novice,meatboy,1,Success,7,0,41.62,0.586,"[(137.0, 749.0), (134.8, 740.1), (137.7, 691.4), (175.7, 673.3), (215.7, 678.1), (255.6, 701.6), (295.2, 744.1), (314.2, 740.2), (334.4, 706.4), (374.4, 706.4), (323.3, 667.4), (260.9, 612.4), (244.7, 576.3), (272.8, 559.1), (312.8, 560.6), (352.8, 581.1), (354.3, 590.3), (278.9, 528.3), (245.3, 485.1), (258.0, 460.8), (297.8, 455.3), (337.8, 468.6), (375.0, 500.8), (303.4, 446.8), (252.5, 396.5), (247.8, 365.1), (282.8, 352.6), (322.8, 358.8), (362.8, 384.0), (333.7, 367.9), (266.2, 310.6), (244.2, 272.1), (267.8, 252.9), (307.8, 252.9), (347.6, 271.8), (364.7, 294.4), (286.3, 230.0), (247.0, 184.5), (253.9, 157.9), (292.8, 150.8), (332.8, 162.6), (372.0, 193.3)]",0,0,5.48
novice,meatboy,1,Stuck,1,0,-12.67,0.114,"[(137.0, 749.0), (126.2, 755.3), (96.8, 755.0), (91.2, 755.9), (83.3, 755.3), (74.3, 755.0), (73.0, 755.9), (73.0, 755.3), (73.0, 755.0), (73.0, 755.9), (73.0, 755.3), (73.0, 755.0), (73.0, 755.9), (73.0, 755.3), (73.0, 755.0), (73.0, 755.9), (73.0, 755.3), (73.0, 755.0), (73.0, 755.9), (73.0, 755.3), (73.0, 755.0), (73.0, 755.9), (73.0, 755.3), (73.0, 755.0), (73.0, 755.9), (73.0, 755.3), (73.0, 755.0), (73.0, 755.9), (73.0, 755.3), (73.0, 755.0), (73.0, 755.9), (73.0, 755.3), (73.0, 755.0), (73.0, 755.9), (73.0, 755.3), (73.0, 755.0), (73.0, 755.9), (73.0, 755.3)]",0,0,5.02
novice,meatboy,1,Success,7,0,41.39,0.586,"[(137.0, 749.0), (134.8, 740.1), (137.7, 691.4), (175.7, 664.8), (215.7, 662.5), (255.7, 679.0), (295.7, 714.3), (335.7, 755.3), (354.0, 726.8), (375.0, 705.2), (294.5, 638.5), (249.4, 590.6), (250.5, 561.6), (287.8, 551.4), (327.8, 560.0), (367.8, 587.5), (323.3, 558.8), (260.9, 503.8), (244.7, 467.7), (272.8, 450.4), (312.8, 452.0), (352.8, 472.4), (354.3, 481.7), (278.9, 419.6), (245.3, 376.5), (258.0, 352.1), (297.8, 346.6), (337.8, 360.0), (375.0, 392.2), (303.4, 338.1), (252.5, 287.9), (247.8, 256.5), (282.8, 243.9), (322.8, 250.2), (362.8, 275.3), (333.7, 259.3), (266.2, 201.9), (244.2, 163.5), (267.8, 143.9), (307.8, 143.1), (347.8, 161.2)]",0,0,5.43
novice,meatboy,1,Stuck,26,0,23.51,0.774,"[(137.0, 749.0), (120.7, 740.1), (108.2, 691.4), (138.9, 661.5), (178.9, 650.5), (218.9, 658.4), (254.6, 685.1), (251.2, 730.6), (213.9, 725.9), (205.7, 682.0), (238.9, 656.8), (278.9, 650.5), (318.9, 663.1), (358.9, 694.5), (381.4, 744.7), (394.4, 717.0), (432.4, 727.6), (452.2, 755.0), (434.4, 717.0), (444.1, 727.6), (437.3, 755.0), (430.6, 717.0), (452.2, 727.6), (450.2, 755.0), (442.0, 717.0), (453.3, 727.6), (457.3, 755.0), (450.8, 717.0), (448.6, 727.6), (437.8, 755.0), (441.0, 717.0), (476.8, 727.6), (514.5, 755.0), (532.4, 727.9), (567.0, 725.6), (496.1, 667.2), (457.0, 616.9), (482.2, 585.5), (522.2, 573.7), (562.2, 580.8), (515.3, 544.4), (457.0, 489.4), (472.2, 453.3), (512.2, 436.5), (552.2, 438.9), (536.0, 422.7), (464.2, 363.1), (464.2, 322.3), (502.2, 300.6), (542.2, 298.2), (556.7, 302.3), (478.3, 237.9), (467.8, 192.4), (507.2, 178.8), (547.2, 185.8), (546.3, 185.1), (470.9, 123.1), (437.3, 79.9), (450.0, 55.8), (489.8, 51.1), (529.8, 65.2), (553.4, 98.2), (553.7, 133.2), (451.3, 68.8), (388.0, 23.3), (370.9, -3.4), (398.4, -11.3), (438.4, -0.3), (478.4, 29.6), (518.4, 78.3), (557.1, 145.8), (513.7, 150.9), (422.2, 93.6), (376.2, 55.1), (376.4, 35.5), (413.4, 34.7), (453.4, 52.8), (493.4, 89.7), (533.4, 145.5), (567.0, 220.1), (474.4, 171.3), (399.5, 121.1), (370.8, 89.7), (388.4, 77.1), (428.4, 83.4), (468.4, 108.5), (508.4, 152.5), (547.9, 215.3), (540.3, 256.4), (457.7, 194.3), (487.2, 159.4), (527.2, 157.1), (567.2, 173.6), (505.7, 128.8), (449.1, 76.2), (438.6, 42.5), (470.6, 28.2), (510.6, 32.9), (543.3, 56.5), (547.6, 98.9), (547.7, 160.2), (547.7, 240.3), (547.7, 339.2), (547.7, 457.0), (547.7, 593.7), (547.7, 749.2), (549.9, 729.5), (557.4, 715.0), (479.1, 650.6), (459.2, 605.1), (492.2, 578.5), (532.2, 571.5), (567.0, 583.3), (495.4, 526.7), (457.0, 476.4), (482.2, 445.0), (522.2, 433.2), (562.2, 440.2), (515.3, 403.8)]",0,0,15.77
novice,meatboy,1,Success,8,0,34.41,0.586,"[(137.0, 749.0), (134.8, 740.1), (137.7, 691.4), (175.7, 664.8), (215.7, 662.5), (255.7, 679.0), (295.7, 714.3), (335.7, 755.3), (354.0, 726.8), (375.0, 705.2), (294.5, 638.5), (249.4, 590.6), (250.5, 561.6), (287.8, 551.4), (327.8, 560.0), (367.8, 587.5), (354.3, 600.5), (278.9, 538.5), (245.3, 495.3), (258.0, 471.0), (297.8, 465.5), (337.8, 478.8), (375.0, 511.0), (333.7, 496.9), (266.2, 439.6), (244.2, 401.1), (267.8, 381.5), (307.8, 380.7), (347.8, 398.8), (375.0, 434.9), (313.0, 394.5), (256.3, 341.9), (245.9, 308.2), (277.8, 293.2), (317.8, 297.2), (357.8, 320.0), (375.0, 360.0), (294.5, 293.3), (249.4, 245.4), (250.5, 216.4), (287.8, 206.2), (327.8, 214.8), (356.5, 242.3), (374.2, 288.6), (303.4, 236.3), (252.5, 186.1), (247.8, 154.7), (282.8, 142.1), (322.8, 148.4), (362.6, 173.5)]",0,0,6.58
novice,meatboy,1,Stuck,17,0,34.21,0.832,"[(137.0, 749.0), (134.8, 740.1), (137.7, 691.4), (175.7, 664.8), (215.7, 662.5), (255.7, 679.0), (295.7, 714.3), (335.7, 755.3), (372.0, 726.6), (412.0, 726.6), (452.0, 745.5), (482.2, 730.9), (521.1, 723.8), (561.1, 735.6), (525.7, 712.9), (458.2, 655.5), (477.2, 617.1), (517.2, 604.3), (557.2, 611.4), (515.3, 575.0), (457.0, 520.1), (482.2, 484.0), (522.2, 474.6), (562.2, 484.0), (505.0, 437.5), (457.7, 384.9), (487.2, 352.1), (527.2, 345.1), (567.2, 356.9), (495.4, 300.3), (459.2, 250.0), (492.2, 220.6), (532.2, 215.9), (567.0, 230.0), (486.5, 163.3), (441.4, 115.4), (442.5, 86.4), (479.8, 76.2), (519.8, 84.8), (559.8, 112.3), (516.1, 83.2), (453.6, 28.2), (437.4, -7.9), (465.6, -24.7), (505.6, -22.3), (545.6, -1.1), (567.0, 39.0), (567.0, 86.9), (567.0, 153.7), (540.3, 197.7), (440.9, 135.7), (383.3, 92.5), (372.0, 68.2), (403.4, 62.7), (443.4, 76.1), (483.4, 108.3), (523.4, 159.3), (561.6, 229.2), (500.3, 216.3), (464.2, 161.4), (502.2, 141.8), (542.2, 146.5), (557.4, 156.7), (479.1, 92.4), (439.7, 46.8), (446.6, 20.1), (485.6, 12.3), (525.6, 23.3), (551.7, 53.1), (567.0, 101.8), (486.5, 35.1), (441.4, -12.8), (442.5, -41.8), (479.8, -51.2), (519.8, -41.8), (559.8, -13.5), (560.5, 33.6), (560.5, 99.6), (560.5, 184.4), (560.5, 288.1), (560.5, 410.6), (560.5, 552.0), (560.5, 712.2), (561.2, 730.9), (536.7, 697.0), (464.9, 637.3), (472.2, 596.5), (512.2, 580.4)]",0,0,11.67
novice,meatboy,1,Success,7,0,41.16,0.586,"[(137.0, 749.0), (134.8, 740.1), (137.7, 691.4), (175.7, 673.3), (215.7, 678.1), (255.7, 701.6), (295.7, 744.1), (321.6, 740.2), (347.4, 706.4), (375.0, 706.4), (294.5, 639.7), (249.4, 591.8), (250.5, 562.8), (287.8, 553.4), (327.8, 562.8), (367.8, 591.1), (323.3, 562.7), (260.9, 507.7), (244.7, 471.6), (272.8, 454.8), (312.8, 457.2), (352.8, 478.4), (354.3, 488.3), (278.9, 426.2), (245.3, 383.1), (258.0, 358.9), (297.8, 354.2), (337.8, 368.4), (375.0, 401.4), (303.4, 347.4), (252.5, 297.2), (247.8, 265.8), (282.8, 253.9), (322.8, 261.0), (362.3, 286.9), (333.7, 271.3), (266.2, 213.9), (244.2, 175.5), (267.8, 156.3), (307.8, 156.3), (347.8, 175.1)]",0,0,5.43
novice,meatboy,1,Pit,11,0,110.19,1.0,"[(137.0, 749.0), (134.8, 740.1), (137.7, 691.4), (175.7, 664.8), (215.7, 662.5), (255.7, 679.0), (295.2, 714.3), (334.0, 755.3), (356.6, 726.6), (396.6, 726.6), (436.4, 745.5), (458.7, 747.6), (473.9, 707.7), (513.9, 705.4), (553.9, 721.9), (536.0, 714.6), (464.2, 654.9), (464.2, 614.1), (502.2, 598.0), (542.2, 602.7), (556.7, 613.0), (478.3, 548.6), (459.2, 503.1), (492.2, 480.3), (532.2, 480.3), (567.0, 499.2), (495.4, 443.5), (457.0, 393.2), (482.2, 363.8), (522.2, 359.1), (562.2, 373.2), (515.3, 339.5), (457.0, 284.5), (472.2, 248.4), (512.2, 239.0), (552.2, 248.5), (536.0, 236.7), (457.0, 177.0), (477.2, 147.2), (517.2, 147.2), (557.2, 166.1), (525.7, 146.9), (458.2, 89.6), (436.2, 51.1), (459.8, 31.9), (499.8, 31.9), (539.6, 50.8), (556.7, 73.4), (478.3, 9.0), (439.0, -36.5), (445.9, -63.1), (484.8, -70.2), (524.8, -58.4), (564.0, -27.7), (587.3, -35.2), (619.4, -81.6), (659.4, -109.1), (699.4, -117.7), (739.4, -107.5), (779.4, -78.5), (819.4, -30.6), (859.4, 36.2), (899.4, 121.7), (939.4, 226.2), (979.4, 349.4), (1019.4, 491.5), (1059.4, 652.5), (1099.4, 832.1)]",0,0,9.0
novice,meatboy,1,Success,7,0,42.92,0.586,"[(137.0, 749.0), (137.0, 740.1), (157.2, 694.2), (197.2, 687.2), (237.2, 699.0), (277.2, 729.6), (311.2, 755.0), (328.9, 709.1), (368.9, 704.4), (313.0, 654.3), (256.3, 601.7), (245.9, 568.0), (277.8, 553.1), (317.8, 557.0), (357.8, 579.8), (344.7, 576.0), (272.9, 516.3), (245.1, 475.5), (263.6, 453.5), (303.6, 450.4), (343.6, 466.1), (375.7, 500.2), (295.2, 433.5), (250.1, 385.6), (251.2, 356.6), (288.6, 346.4), (328.6, 355.0), (368.6, 382.5), (324.1, 353.4), (261.6, 298.4), (245.4, 262.3), (273.6, 245.0), (313.6, 246.6), (353.6, 267.0), (355.1, 275.9), (279.6, 213.9), (246.1, 170.7), (258.7, 146.3), (298.6, 140.9), (338.6, 154.2), (375.0, 186.4)]",0,0,5.33
novice,meatboy,1,Success,7,0,42.92,0.586,"[(137.0, 749.0), (137.0, 740.1), (157.2, 694.2), (197.2, 687.2), (237.2, 699.0), (277.2, 729.6), (311.2, 755.0), (328.9, 709.1), (368.9, 704.4), (313.0, 654.3), (256.3, 601.7), (245.9, 568.0), (277.8, 553.1), (317.8, 557.0), (357.8, 579.8), (344.7, 576.0), (272.9, 516.3), (245.1, 475.5), (263.6, 453.5), (303.6, 450.4), (343.6, 466.1), (375.7, 500.2), (295.2, 433.5), (250.1, 385.6), (251.2, 356.6), (288.6, 346.4), (328.6, 355.0), (368.6, 382.5), (324.1, 353.4), (261.6, 298.4), (245.4, 262.3), (273.6, 245.0), (313.6, 246.6), (353.6, 267.0), (355.1, 275.9), (279.6, 213.9), (246.1, 170.7), (258.7, 146.3), (298.6, 140.9), (338.6, 154.2), (375.0, 186.4)]",0,0,5.33
novice,meatboy,1,Stuck,15,0,46.14,0.824,"[(137.0, 749.0), (134.8, 740.1), (137.7, 691.4), (175.7, 661.5), (215.7, 650.5), (255.7, 658.4), (295.7, 685.1), (335.2, 730.6), (371.5, 730.6), (411.5, 723.5), (451.5, 735.3), (486.4, 747.6), (517.9, 724.2), (557.9, 729.0), (526.4, 702.7), (458.9, 645.4), (467.8, 606.9), (507.2, 587.7), (547.2, 587.7), (546.3, 581.6), (470.2, 519.6), (472.2, 476.4), (512.2, 457.0), (552.2, 459.4), (536.0, 443.2), (462.2, 383.6), (477.2, 342.7), (517.2, 326.7), (557.2, 331.4), (525.7, 305.1), (457.0, 247.8), (482.2, 209.3), (522.2, 196.6), (562.2, 203.7), (515.3, 167.3), (452.9, 112.3), (436.7, 76.2), (464.8, 58.9), (504.8, 60.5), (544.3, 80.9), (546.3, 90.2), (470.9, 28.2), (437.3, -15.0), (450.0, -39.4), (489.8, -44.8), (529.8, -31.5), (567.0, 0.7), (560.5, 51.8), (560.5, 121.6), (560.5, 210.4), (560.5, 318.0), (560.5, 444.4), (560.5, 589.6), (560.5, 753.8), (564.8, 727.3), (516.1, 680.3), (457.0, 625.4), (472.2, 589.3), (512.2, 572.5), (552.2, 574.9), (536.0, 558.7), (462.2, 499.0), (477.2, 458.2), (517.2, 442.1), (557.2, 446.9), (525.7, 420.6), (457.0, 363.3), (482.2, 324.8), (522.2, 312.1)]",0,0,9.08
novice,meatboy,1,Stuck,9,0,61.7,0.886,"[(137.0, 749.0), (134.8, 740.1), (137.7, 691.4), (175.7, 673.3), (215.7, 678.1), (255.7, 701.6), (295.7, 744.1), (321.6, 740.2), (347.4, 706.4), (375.0, 706.4), (294.5, 639.7), (249.4, 591.8), (250.5, 562.8), (287.8, 552.6), (327.8, 561.2), (367.8, 588.7), (375.0, 632.7), (375.0, 694.8), (313.0, 661.4), (256.3, 608.8), (245.9, 575.1), (277.8, 560.2), (317.8, 564.1), (357.8, 586.9), (375.0, 626.9), (375.0, 684.3), (375.0, 755.0), (379.3, 717.0), (415.2, 727.6), (454.3, 755.0), (474.3, 727.9), (513.6, 725.6), (553.6, 742.1), (567.0, 733.1), (567.0, 686.7), (567.0, 659.2), (567.0, 650.6), (567.0, 660.8), (567.0, 689.8), (567.0, 737.7), (567.0, 719.4), (567.0, 677.8), (567.0, 655.0), (567.0, 651.1), (567.0, 666.0), (567.0, 699.8), (567.0, 752.4), (567.0, 707.2), (567.0, 670.3), (567.0, 652.3), (567.0, 653.0), (567.0, 672.7)]",0,0,6.85
novice,meatboy,1,Success,7,0,41.3,0.586,"[(137.0, 749.0), (134.8, 740.1), (137.7, 691.4), (175.7, 673.3), (215.7, 678.1), (255.7, 701.6), (295.7, 744.1), (321.6, 740.2), (347.4, 706.4), (375.0, 706.4), (294.5, 639.7), (249.4, 591.8), (250.5, 562.8), (287.8, 552.6), (327.8, 561.2), (367.8, 588.7), (323.3, 560.0), (260.9, 505.0), (244.7, 468.9), (272.8, 451.6), (312.8, 453.2), (352.8, 473.6), (354.3, 482.9), (278.9, 420.8), (245.3, 377.7), (258.0, 353.3), (297.8, 347.8), (337.8, 361.2), (375.0, 393.4), (303.4, 339.3), (252.5, 289.1), (247.8, 257.7), (282.8, 245.8), (322.8, 252.9), (362.3, 278.8), (333.7, 263.2), (266.2, 205.8), (244.2, 167.4), (267.8, 147.8), (307.8, 147.0), (347.8, 165.0)]",0,0,5.43
novice,meatboy,1,Success,8,0,35.36,0.59,"[(137.0, 749.0), (134.8, 740.1), (137.7, 691.4), (175.7, 673.3), (215.7, 678.1), (255.7, 701.6), (295.7, 744.1), (321.6, 740.2), (347.4, 706.4), (375.0, 706.4), (294.5, 639.7), (249.4, 591.8), (250.5, 562.8), (287.8, 552.6), (327.8, 561.2), (367.8, 588.7), (354.3, 601.7), (278.9, 539.7), (245.3, 496.5), (258.0, 472.2), (297.8, 466.7), (337.8, 480.0), (375.0, 512.2), (333.7, 498.1), (266.2, 440.8), (244.2, 402.3), (267.8, 382.7), (307.8, 381.9), (347.8, 400.0), (375.0, 436.1), (313.0, 395.7), (256.3, 343.1), (245.9, 309.4), (277.8, 294.4), (317.8, 298.4), (357.8, 321.2), (375.0, 361.2), (294.5, 294.5), (249.4, 246.6), (250.5, 217.6), (287.8, 208.2), (327.8, 217.6), (367.3, 245.9), (354.3, 259.1), (278.9, 197.0), (245.3, 153.9), (258.0, 129.7), (297.8, 125.0), (337.8, 139.2), (377.6, 172.2)]",0,0,6.53
novice,meatboy,1,Success,8,0,35.2,0.588,"[(137.0, 749.0), (134.8, 740.1), (137.7, 691.4), (175.7, 673.3), (215.7, 678.1), (255.7, 701.6), (295.7, 744.1), (321.6, 740.2), (347.4, 706.4), (375.0, 706.4), (294.5, 639.7), (249.4, 591.8), (250.5, 562.8), (287.8, 553.4), (327.8, 562.8), (367.8, 591.1), (354.3, 604.3), (278.9, 542.3), (245.3, 499.1), (258.0, 475.0), (297.8, 470.3), (337.8, 484.4), (375.0, 517.4), (333.7, 503.3), (266.2, 446.0), (244.2, 407.5), (267.8, 388.3), (307.8, 388.3), (347.8, 407.2), (375.0, 443.9), (313.0, 403.5), (256.3, 350.9), (245.9, 317.2), (277.8, 302.8), (317.8, 307.6), (357.8, 331.2), (375.0, 371.6), (294.5, 304.9), (249.4, 257.0), (250.5, 228.0), (287.8, 218.6), (327.8, 228.0), (367.3, 256.3), (354.3, 269.5), (278.9, 207.4), (245.3, 164.3), (258.0, 140.1), (297.8, 135.4), (337.8, 149.6), (376.6, 179.0)]",0,0,6.53
novice,meatboy,1,Stuck,15,0,40.24,0.777,"[(137.0, 749.0), (134.8, 740.1), (137.7, 691.4), (175.7, 673.3), (215.7, 678.1), (255.7, 701.6), (295.7, 744.1), (332.0, 728.9), (372.0, 724.3), (412.0, 738.4), (445.2, 755.0), (453.3, 717.3), (491.2, 730.2), (530.1, 755.3), (552.7, 726.6), (536.7, 697.2), (464.9, 637.5), (464.2, 596.7), (502.2, 575.0), (542.2, 572.7), (557.4, 576.7), (479.1, 512.3), (459.2, 466.8), (492.2, 440.2), (532.2, 433.2), (567.0, 445.0), (496.1, 388.3), (457.0, 338.1), (482.2, 306.7), (522.2, 294.8), (562.2, 301.9), (516.1, 265.5), (457.7, 210.6), (487.2, 180.1), (527.2, 177.7), (567.2, 194.2), (505.7, 149.5), (449.1, 96.9), (438.6, 63.1), (470.6, 48.8), (510.6, 53.6), (550.1, 77.1), (536.0, 74.2), (464.2, 14.5), (436.4, -26.3), (454.8, -48.0), (494.8, -50.3), (534.8, -33.8), (567.0, 1.6), (560.5, 55.8), (560.5, 128.8), (560.5, 220.7), (560.5, 331.4), (560.5, 461.0), (560.5, 609.4), (560.5, 755.0), (567.7, 726.0), (505.7, 672.4), (457.0, 619.8), (477.2, 586.1), (517.2, 571.8), (557.2, 576.5), (526.4, 550.2), (458.9, 492.9), (467.8, 454.4), (507.2, 435.2), (547.2, 435.2), (547.1, 429.2), (471.6, 367.1), (461.3, 324.0), (497.2, 299.8)]",0,0,9.33
novice,meatboy,1,Stuck,14,0,32.62,0.758,"[(137.0, 749.0), (134.8, 740.1), (137.7, 691.4), (175.7, 664.8), (215.7, 662.5), (255.7, 679.0), (295.7, 714.3), (335.7, 755.3), (354.0, 726.8), (375.0, 705.2), (294.5, 638.5), (249.4, 590.6), (250.5, 561.6), (287.8, 551.4), (327.8, 560.0), (367.8, 587.5), (354.3, 600.5), (278.9, 538.5), (245.3, 495.3), (258.0, 471.0), (297.8, 465.5), (337.8, 478.8), (375.0, 511.0), (333.7, 496.9), (266.2, 439.6), (244.2, 401.1), (267.8, 381.5), (307.8, 380.7), (347.8, 398.8), (375.0, 434.9), (313.0, 394.5), (256.3, 341.9), (245.9, 308.2), (277.8, 293.2), (317.8, 297.2), (357.8, 320.0), (375.0, 360.0), (294.5, 293.3), (249.4, 245.4), (250.5, 216.4), (287.8, 206.2), (327.8, 214.8), (356.5, 242.3), (374.2, 288.6), (375.0, 353.8), (375.0, 437.8), (375.0, 540.7), (375.0, 662.4), (375.0, 755.9), (385.8, 717.9), (425.2, 733.2), (460.7, 755.9), (465.2, 720.3), (498.2, 704.8), (538.2, 711.9), (546.3, 711.1), (470.9, 649.1), (467.8, 605.9), (507.2, 586.5), (547.2, 588.9), (536.0, 572.7), (464.2, 513.0), (472.2, 472.2), (512.2, 456.1), (552.2, 460.9), (525.7, 434.6), (458.2, 377.3), (477.2, 338.8), (517.2, 326.1), (557.2, 333.2), (515.3, 296.8), (457.0, 241.8), (482.2, 205.7), (522.2, 196.3), (562.2, 205.7), (505.0, 159.2), (448.3, 106.6), (437.9, 72.9), (469.8, 58.6)]",0,0,10.45
novice,meatboy,1,Stuck,1,0,-12.57,0.114,"[(137.0, 749.0), (134.8, 755.3), (125.8, 755.0), (120.0, 755.9), (112.2, 755.3), (103.2, 755.0), (97.3, 755.9), (89.5, 755.3), (80.5, 755.0), (74.7, 755.9), (73.0, 755.3), (73.0, 755.0), (73.0, 755.9), (73.0, 755.3), (73.0, 755.0), (73.0, 755.9), (73.0, 755.3), (73.0, 755.0), (73.0, 755.9), (73.0, 755.3), (73.0, 755.0), (73.0, 755.9), (73.0, 755.3), (73.0, 755.0), (73.0, 755.9), (73.0, 755.3), (73.0, 755.0), (73.0, 755.9), (73.0, 755.3), (73.0, 755.0), (73.0, 755.9), (73.0, 755.3), (73.0, 755.0), (73.0, 755.9), (73.0, 755.3), (73.0, 755.0), (73.0, 755.9), (73.0, 755.3)]",0,0,5.02
novice,meatboy,1,Stuck,17,0,37.74,0.808,"[(137.0, 749.0), (120.7, 740.1), (108.2, 691.4), (138.9, 661.5), (178.9, 650.5), (218.9, 658.4), (254.6, 685.1), (251.2, 730.6), (213.9, 725.9), (205.7, 682.0), (238.9, 656.8), (278.9, 650.5), (318.9, 663.1), (358.9, 694.5), (381.4, 744.7), (394.4, 727.0), (432.4, 724.7), (452.2, 741.2), (446.8, 733.1), (460.8, 721.4), (466.9, 743.8), (461.8, 733.6), (470.5, 687.3), (509.8, 664.2), (549.8, 664.2), (546.3, 658.1), (470.9, 596.1), (461.3, 552.9), (497.2, 528.8), (537.2, 524.1), (567.0, 538.2), (486.5, 471.5), (457.7, 423.6), (487.2, 394.6), (527.2, 385.2), (567.1, 394.6), (505.0, 348.1), (457.0, 295.5), (477.2, 261.8), (517.2, 247.5), (557.2, 252.2), (525.7, 225.9), (457.0, 168.6), (482.2, 143.9), (522.2, 146.2), (562.2, 167.5), (515.3, 136.4), (452.9, 81.4), (436.7, 45.3), (464.8, 28.5), (504.8, 30.9), (540.5, 52.1), (546.8, 92.2), (547.0, 151.1), (547.0, 228.9), (547.0, 325.5), (547.0, 440.9), (547.0, 575.2), (547.0, 728.3), (547.7, 731.4), (567.7, 724.4), (487.2, 657.7), (457.7, 609.8), (487.2, 580.7), (527.2, 571.3), (567.1, 580.8), (505.0, 534.3), (457.0, 481.7), (477.2, 447.9), (517.2, 433.6), (557.2, 438.3), (525.7, 412.0), (458.2, 354.7), (467.8, 316.3), (507.2, 297.0), (547.2, 297.1), (546.3, 291.0), (470.2, 229.0), (472.2, 185.8), (512.2, 176.4)]",0,0,10.55
novice,meatboy,1,Success,8,0,35.2,0.588,"[(137.0, 749.0), (134.8, 740.1), (137.7, 691.4), (175.7, 673.3), (215.7, 678.1), (255.7, 701.6), (295.7, 744.1), (321.6, 740.2), (347.4, 706.4), (375.0, 706.4), (294.5, 639.7), (249.4, 591.8), (250.5, 562.8), (287.8, 553.4), (327.8, 562.8), (367.8, 591.1), (354.3, 604.3), (278.9, 542.3), (245.3, 499.1), (258.0, 475.0), (297.8, 470.3), (337.8, 484.4), (375.0, 517.4), (333.7, 503.3), (266.2, 446.0), (244.2, 407.5), (267.8, 388.3), (307.8, 388.3), (347.8, 407.2), (375.0, 443.9), (313.0, 403.5), (256.3, 350.9), (245.9, 317.2), (277.8, 302.8), (317.8, 307.6), (357.8, 331.2), (375.0, 371.6), (294.5, 304.9), (249.4, 257.0), (250.5, 228.0), (287.8, 218.6), (327.8, 228.0), (367.3, 256.3), (354.3, 269.5), (278.9, 207.4), (245.3, 164.3), (258.0, 140.1), (297.8, 135.4), (337.8, 149.6), (376.6, 179.0)]",0,0,6.53
novice,meatboy,1,Success,7,0,42.92,0.586,"[(137.0, 749.0), (137.0, 740.1), (157.2, 694.2), (197.2, 687.2), (237.2, 699.0), (277.2, 729.6), (311.2, 755.0), (328.9, 709.1), (368.9, 704.4), (313.0, 654.3), (256.3, 601.7), (245.9, 568.0), (277.8, 553.1), (317.8, 557.0), (357.8, 579.8), (344.7, 576.0), (272.9, 516.3), (245.1, 475.5), (263.6, 453.5), (303.6, 450.4), (343.6, 466.1), (375.7, 500.2), (295.2, 433.5), (250.1, 385.6), (251.2, 356.6), (288.6, 346.4), (328.6, 355.0), (368.6, 382.5), (324.1, 353.4), (261.6, 298.4), (245.4, 262.3), (273.6, 245.0), (313.6, 246.6), (353.6, 267.0), (355.1, 275.9), (279.6, 213.9), (246.1, 170.7), (258.7, 146.3), (298.6, 140.9), (338.6, 154.2), (375.0, 186.4)]",0,0,5.33
novice,meatboy,1,Success,8,0,35.36,0.59,"[(137.0, 749.0), (134.8, 740.1), (137.7, 691.4), (175.7, 673.3), (215.7, 678.1), (255.7, 701.6), (295.7, 744.1), (321.6, 740.2), (347.4, 706.4), (375.0, 706.4), (294.5, 639.7), (249.4, 591.8), (250.5, 562.8), (287.8, 552.6), (327.8, 561.2), (367.8, 588.7), (354.3, 601.7), (278.9, 539.7), (245.3, 496.5), (258.0, 472.2), (297.8, 466.7), (337.8, 480.0), (375.0, 512.2), (333.7, 498.1), (266.2, 440.8), (244.2, 402.3), (267.8, 382.7), (307.8, 381.9), (347.8, 400.0), (375.0, 436.1), (313.0, 395.7), (256.3, 343.1), (245.9, 309.4), (277.8, 294.4), (317.8, 298.4), (357.8, 321.2), (375.0, 361.2), (294.5, 294.5), (249.4, 246.6), (250.5, 217.6), (287.8, 208.2), (327.8, 217.6), (367.3, 245.9), (354.3, 259.1), (278.9, 197.0), (245.3, 153.9), (258.0, 129.7), (297.8, 125.0), (337.8, 139.2), (377.6, 172.2)]",0,0,6.53
novice,meatboy,1,Stuck,14,0,29.43,0.697,"[(137.0, 749.0), (134.8, 740.1), (137.7, 691.4), (175.7, 673.3), (215.7, 678.1), (255.7, 701.6), (295.7, 744.1), (321.6, 740.2), (347.4, 706.4), (375.0, 706.4), (294.5, 639.7), (249.4, 591.8), (250.5, 562.8), (287.8, 552.6), (327.8, 561.2), (367.8, 588.7), (375.0, 635.0), (375.0, 700.2), (375.0, 755.9), (385.8, 717.9), (425.2, 733.2), (460.7, 755.9), (465.2, 720.3), (498.2, 704.8), (538.2, 711.9), (546.3, 711.1), (470.9, 649.1), (461.3, 605.9), (497.2, 586.5), (537.2, 588.9), (567.7, 610.1), (487.2, 543.4), (464.2, 495.5), (502.2, 469.4), (542.2, 467.1), (557.4, 471.1), (479.1, 406.7), (467.8, 361.2), (507.2, 338.4), (547.2, 338.5), (547.1, 332.4), (471.0, 270.4), (472.2, 227.2), (512.2, 207.8), (552.2, 210.2), (536.7, 194.0), (464.9, 134.3), (437.1, 93.5), (455.6, 71.8), (495.6, 69.5), (535.6, 86.0), (567.0, 121.3), (567.0, 175.5), (525.7, 174.0), (458.2, 116.7), (436.2, 78.2), (459.8, 59.0), (499.8, 59.0), (539.8, 77.9), (567.0, 115.6), (567.0, 172.1), (515.3, 154.3), (452.9, 99.3), (436.7, 63.2), (464.8, 46.5), (504.8, 48.8), (544.8, 70.1), (567.0, 110.1), (567.0, 169.0), (536.0, 188.2), (464.2, 128.5), (436.4, 87.7), (454.8, 66.0), (494.8, 63.7), (534.8, 80.2), (567.0, 115.6), (567.0, 169.8), (525.7, 168.2), (458.2, 110.9), (436.2, 72.4)]",0,0,10.62
novice,meatboy,1,Saw,8,0,11.46,0.332,"[(137.0, 749.0), (134.8, 740.1), (137.7, 691.4), (175.7, 673.3), (215.7, 678.1), (255.6, 701.6), (295.2, 744.1), (314.2, 740.2), (334.4, 706.4), (374.4, 706.4), (323.3, 667.4), (260.9, 612.4), (244.7, 576.3), (272.8, 559.6), (312.8, 561.9), (352.8, 583.2), (354.3, 593.0), (278.9, 531.0), (245.3, 487.8), (258.0, 463.7), (297.8, 459.0), (337.8, 473.1), (375.0, 506.1), (303.4, 452.2), (252.5, 401.9), (247.8, 370.5), (282.8, 358.7), (322.8, 365.7), (362.8, 391.7), (333.7, 376.0), (266.2, 318.7), (244.2, 280.2), (267.8, 261.0), (307.8, 261.0), (347.6, 279.9), (364.7, 302.5), (286.3, 238.1), (247.0, 192.6), (253.9, 166.0), (292.8, 158.9), (332.8, 170.7), (371.4, 201.4), (295.0, 160.2), (212.4, 107.6)]",0,0,5.73
novice,meatboy,1,Stuck,2,0,-11.19,0.114,"[(137.0, 749.0), (120.7, 740.1), (108.2, 691.4), (138.9, 661.5), (178.9, 650.5), (218.9, 658.4), (243.7, 685.1), (223.2, 730.6), (183.2, 755.3), (143.2, 755.0), (103.2, 755.9), (73.2, 755.3), (73.0, 755.0), (73.0, 755.9), (73.0, 755.3), (73.0, 755.0), (73.0, 755.9), (73.0, 755.3), (73.0, 755.0), (73.0, 755.9), (73.0, 755.3), (73.0, 755.0), (73.0, 755.9), (73.0, 755.3), (73.0, 755.0), (73.0, 755.9), (73.0, 755.3), (73.0, 755.0), (73.0, 755.9), (73.0, 755.3), (73.0, 755.0), (73.0, 755.9), (73.0, 755.3), (73.0, 755.0), (73.0, 755.9), (73.0, 755.3), (73.0, 755.0), (73.0, 755.9), (73.0, 755.3), (73.0, 755.0), (73.0, 755.9), (73.0, 755.3), (73.0, 755.0)]",0,0,5.7
novice,meatboy,1,Pit,13,0,93.13,1.0,"[(137.0, 749.0), (134.8, 740.1), (137.7, 691.4), (175.7, 673.3), (215.7, 678.1), (255.7, 701.6), (295.7, 744.1), (335.7, 728.9), (375.7, 724.3), (415.7, 738.4), (448.9, 755.0), (457.0, 726.0), (494.9, 726.0), (534.9, 744.9), (564.9, 755.9), (567.0, 727.3), (486.5, 660.6), (457.7, 612.7), (487.2, 586.6), (527.2, 584.3), (567.2, 600.8), (505.7, 556.0), (457.0, 503.4), (477.2, 470.7), (517.2, 463.6), (557.2, 475.4), (526.4, 452.7), (458.9, 395.4), (467.8, 356.9), (507.2, 344.2), (547.2, 351.2), (547.1, 350.5), (471.6, 288.5), (461.3, 245.3), (497.2, 225.9), (537.2, 228.2), (567.7, 249.5), (485.3, 182.7), (413.4, 134.8), (383.8, 105.8), (400.5, 95.6), (440.5, 104.2), (480.5, 131.7), (520.5, 178.1), (559.6, 243.2), (505.0, 210.7), (459.2, 158.1), (492.2, 143.6), (532.2, 150.6), (567.0, 176.6), (525.7, 160.9), (458.2, 103.6), (436.2, 65.1), (459.8, 45.9), (499.8, 45.9), (539.6, 64.8), (556.7, 87.4), (478.3, 23.0), (439.0, -22.5), (445.9, -49.1), (484.8, -56.2), (524.8, -44.4), (564.7, -13.7), (578.9, -35.2), (604.1, -81.6), (644.1, -95.3), (684.1, -88.2), (724.1, -62.3), (764.1, -17.5), (804.1, 46.1), (844.1, 128.6), (884.1, 229.9), (924.1, 350.1), (964.1, 489.1), (1004.1, 646.9), (1044.1, 823.6)]",0,0,10.07
novice,meatboy,1,Stuck,1,0,-1.13,0.205,"[(137.0, 749.0), (134.8, 755.3), (131.3, 755.0), (131.3, 755.9), (131.3, 755.3), (131.3, 755.0), (131.3, 755.9), (131.3, 755.3), (131.3, 755.0), (131.3, 755.9), (131.3, 755.3), (131.3, 755.0), (131.3, 755.9), (131.3, 755.3), (131.3, 755.0), (131.3, 755.9), (131.3, 755.3), (131.3, 755.0), (131.3, 755.9), (131.3, 755.3), (131.3, 755.0), (131.3, 755.9), (131.3, 755.3), (131.3, 755.0), (131.3, 755.9), (131.3, 755.3), (131.3, 755.0), (131.3, 755.9), (131.3, 755.3), (131.3, 755.0), (131.3, 755.9), (131.3, 755.3), (131.3, 755.0), (131.3, 755.9), (131.3, 755.3), (131.3, 755.0), (131.3, 755.9), (131.3, 755.3)]",0,0,5.02
novice,meatboy,1,Stuck,10,0,28.15,0.633,"[(137.0, 749.0), (134.8, 740.1), (137.7, 691.4), (175.7, 673.3), (215.7, 678.1), (255.7, 701.6), (295.7, 744.1), (321.6, 740.2), (347.4, 706.4), (375.0, 706.4), (294.5, 639.7), (249.4, 591.8), (250.5, 562.8), (287.8, 553.4), (327.8, 562.8), (367.8, 591.1), (375.0, 635.3), (375.0, 697.4), (313.0, 664.0), (256.3, 611.4), (245.9, 577.7), (277.8, 563.4), (317.8, 568.1), (357.8, 591.7), (375.0, 632.1), (375.0, 689.5), (303.4, 638.6), (252.5, 588.3), (247.8, 556.9), (282.8, 545.1), (322.8, 552.1), (362.8, 578.1), (375.0, 620.4), (375.0, 680.1), (323.3, 663.5), (260.9, 608.5), (244.7, 572.4), (272.8, 555.6), (312.8, 558.0), (352.8, 579.2), (375.0, 617.8), (375.0, 672.8), (344.0, 689.5), (272.2, 629.9), (244.4, 589.0), (262.8, 567.4), (302.8, 565.0), (342.8, 581.5), (375.7, 616.4), (375.0, 666.7), (333.7, 663.2), (266.2, 605.9), (244.2, 567.4), (267.8, 548.2), (307.8, 548.2), (347.8, 567.1), (375.0, 603.8), (375.0, 656.5), (354.3, 689.9), (278.9, 627.8), (245.3, 584.7), (258.0, 560.5), (297.8, 555.8), (337.8, 570.0), (375.0, 603.0), (375.0, 650.9), (375.0, 717.7), (375.0, 740.8), (395.2, 719.9)]",0,0,9.1
novice,meatboy,1,Success,7,0,41.22,0.586,"[(137.0, 749.0), (134.8, 740.1), (137.7, 691.4), (175.7, 673.3), (215.7, 678.1), (255.7, 701.6), (295.7, 744.1), (321.6, 740.2), (347.4, 706.4), (375.0, 706.4), (294.5, 639.7), (249.4, 591.8), (250.5, 562.8), (287.8, 552.6), (327.8, 561.2), (367.3, 588.7), (323.3, 560.0), (260.9, 505.0), (244.7, 468.9), (272.8, 451.6), (312.8, 453.2), (352.8, 473.6), (354.3, 482.9), (278.9, 420.8), (245.3, 377.7), (258.0, 353.3), (297.8, 347.8), (337.8, 361.2), (375.0, 393.4), (303.4, 339.3), (252.5, 289.1), (247.8, 257.7), (282.8, 245.8), (322.8, 252.9), (361.6, 278.8), (333.7, 263.2), (266.2, 205.8), (244.2, 167.4), (267.8, 147.8), (307.8, 147.0), (347.8, 165.0)]",0,0,5.43
novice,meatboy,1,Success,7,0,41.22,0.586,"[(137.0, 749.0), (134.8, 740.1), (137.7, 691.4), (175.7, 673.3), (215.7, 678.1), (255.7, 701.6), (295.7, 744.1), (321.6, 740.2), (347.4, 706.4), (375.0, 706.4), (294.5, 639.7), (249.4, 591.8), (250.5, 562.8), (287.8, 552.6), (327.8, 561.2), (367.3, 588.7), (323.3, 560.0), (260.9, 505.0), (244.7, 468.9), (272.8, 451.6), (312.8, 453.2), (352.8, 473.6), (354.3, 482.9), (278.9, 420.8), (245.3, 377.7), (258.0, 353.3), (297.8, 347.8), (337.8, 361.2), (375.0, 393.4), (303.4, 339.3), (252.5, 289.1), (247.8, 257.7), (282.8, 245.8), (322.8, 252.9), (361.6, 278.8), (333.7, 263.2), (266.2, 205.8), (244.2, 167.4), (267.8, 147.8), (307.8, 147.0), (347.8, 165.0)]",0,0,5.43
novice,meatboy,1,Success,10,0,44.76,0.65,"[(137.0, 749.0), (134.8, 740.1), (137.7, 691.4), (175.7, 673.3), (215.7, 678.1), (255.7, 701.6), (295.7, 744.1), (321.6, 740.2), (347.4, 723.8), (387.4, 730.9), (427.4, 755.0), (442.4, 747.6), (457.6, 724.2), (497.6, 729.0), (537.6, 752.6), (557.6, 755.3), (567.0, 725.0), (496.1, 664.8), (457.0, 614.6), (482.2, 585.1), (522.2, 580.5), (562.2, 594.6), (516.1, 560.9), (457.0, 505.9), (472.2, 469.8), (512.2, 460.4), (552.2, 469.8), (536.7, 458.1), (464.9, 398.4), (464.2, 357.6), (502.2, 341.5), (542.2, 346.2), (557.4, 356.5), (479.1, 292.1), (459.2, 246.6), (492.2, 223.8), (532.2, 223.8), (567.0, 242.7), (495.5, 187.0), (420.3, 136.7), (385.0, 105.3), (395.9, 92.8), (435.5, 99.0), (475.5, 124.2), (515.5, 168.2), (555.0, 231.0), (515.3, 215.5), (435.0, 160.5)]",0,0,6.3
novice,meatboy,1,Stuck,10,0,28.55,0.633,"[(137.0, 749.0), (137.0, 740.1), (157.2, 694.2), (197.2, 687.2), (237.2, 699.0), (277.2, 729.6), (311.2, 755.0), (328.9, 709.1), (368.9, 704.4), (313.0, 654.3), (256.3, 601.7), (245.9, 568.0), (277.8, 553.7), (317.8, 558.4), (357.8, 582.0), (375.0, 622.4), (375.0, 679.8), (333.7, 679.8), (266.2, 622.5), (244.2, 584.0), (267.8, 564.8), (307.8, 564.8), (347.8, 583.7), (375.0, 620.4), (375.0, 673.1), (323.3, 653.8), (260.9, 598.8), (244.7, 562.7), (272.8, 545.9), (312.8, 548.3), (352.8, 569.5), (375.0, 608.1), (375.0, 663.1), (344.0, 679.8), (272.2, 620.2), (244.4, 579.4), (262.8, 557.7), (302.8, 555.3), (342.8, 571.9), (375.7, 606.7), (375.0, 657.0), (364.7, 707.1), (286.3, 642.7), (247.0, 597.2), (253.9, 570.6), (292.8, 563.6), (332.8, 575.4), (372.8, 606.0), (375.0, 652.1), (354.3, 680.2), (278.9, 618.1), (245.3, 575.0), (258.0, 550.8), (297.8, 546.1), (337.8, 560.3), (375.0, 593.3), (375.0, 641.2), (375.0, 708.0), (294.5, 641.3), (249.4, 593.4), (250.5, 564.3), (287.8, 554.9), (327.8, 564.4), (367.8, 592.7), (375.0, 636.9), (375.0, 698.9), (375.0, 755.9), (385.8, 717.9)]",0,0,9.0
novice,meatboy,1,Stuck,10,0,28.15,0.633,"[(137.0, 749.0), (134.8, 740.1), (137.7, 691.4), (175.7, 673.3), (215.7, 678.1), (255.7, 701.6), (295.7, 744.1), (321.6, 740.2), (347.4, 706.4), (375.0, 706.4), (294.5, 639.7), (249.4, 591.8), (250.5, 562.8), (287.8, 553.4), (327.8, 562.8), (367.8, 591.1), (375.0, 635.3), (375.0, 697.4), (313.0, 664.0), (256.3, 611.4), (245.9, 577.7), (277.8, 563.4), (317.8, 568.1), (357.8, 591.7), (375.0, 632.1), (375.0, 689.5), (303.4, 638.6), (252.5, 588.3), (247.8, 556.9), (282.8, 545.1), (322.8, 552.1), (362.8, 578.1), (375.0, 620.4), (375.0, 680.1), (323.3, 663.5), (260.9, 608.5), (244.7, 572.4), (272.8, 555.6), (312.8, 558.0), (352.8, 579.2), (375.0, 617.8), (375.0, 672.8), (344.0, 689.5), (272.2, 629.9), (244.4, 589.0), (262.8, 567.4), (302.8, 565.0), (342.8, 581.5), (375.7, 616.4), (375.0, 666.7), (333.7, 663.2), (266.2, 605.9), (244.2, 567.4), (267.8, 548.2), (307.8, 548.2), (347.8, 567.1), (375.0, 603.8), (375.0, 656.5), (354.3, 689.9), (278.9, 627.8), (245.3, 584.7), (258.0, 560.5), (297.8, 555.8), (337.8, 570.0), (375.0, 603.0), (375.0, 650.9), (375.0, 717.7), (375.0, 740.8), (395.2, 719.9)]",0,0,9.1
novice,meatboy,1,Success,8,0,35.17,0.59,"[(137.0, 749.0), (134.8, 740.1), (137.7, 691.4), (175.7, 664.8), (215.7, 662.5), (255.7, 679.0), (295.7, 714.3), (335.7, 755.3), (354.0, 726.8), (375.0, 705.2), (294.5, 638.5), (249.4, 590.6), (250.5, 561.6), (287.8, 551.4), (327.8, 560.0), (367.8, 587.5), (354.3, 600.5), (278.9, 538.5), (245.3, 495.3), (258.0, 471.0), (297.8, 465.5), (337.8, 478.8), (375.0, 511.0), (333.7, 496.9), (266.2, 439.6), (244.2, 401.1), (267.8, 381.5), (307.8, 380.7), (347.8, 398.8), (375.0, 434.9), (313.0, 394.5), (256.3, 341.9), (245.9, 308.2), (277.8, 293.2), (317.8, 297.2), (357.8, 320.0), (375.0, 360.0), (294.5, 293.3), (249.4, 245.4), (250.5, 216.4), (287.8, 206.2), (327.8, 214.8), (366.1, 242.3), (354.3, 255.3), (278.9, 193.2), (245.3, 150.1), (258.0, 125.7), (297.8, 120.2), (337.8, 133.6), (377.6, 165.8)]",0,0,6.53
novice,meatboy,1,Success,7,0,41.22,0.586,"[(137.0, 749.0), (134.8, 740.1), (137.7, 691.4), (175.7, 673.3), (215.7, 678.1), (255.7, 701.6), (295.7, 744.1), (321.6, 740.2), (347.4, 706.4), (375.0, 706.4), (294.5, 639.7), (249.4, 591.8), (250.5, 562.8), (287.8, 552.6), (327.8, 561.2), (367.3, 588.7), (323.3, 560.0), (260.9, 505.0), (244.7, 468.9), (272.8, 451.6), (312.8, 453.2), (352.8, 473.6), (354.3, 482.9), (278.9, 420.8), (245.3, 377.7), (258.0, 353.3), (297.8, 347.8), (337.8, 361.2), (375.0, 393.4), (303.4, 339.3), (252.5, 289.1), (247.8, 257.7), (282.8, 245.8), (322.8, 252.9), (361.6, 278.8), (333.7, 263.2), (266.2, 205.8), (244.2, 167.4), (267.8, 148.2), (307.8, 148.2), (347.8, 167.0)]",0,0,5.43
novice,meatboy,1,Success,7,0,41.7,0.586,"[(137.0, 749.0), (134.8, 740.1), (137.7, 691.4), (175.7, 673.3), (215.7, 678.1), (255.7, 701.6), (295.7, 744.1), (321.6, 740.2), (347.4, 706.4), (375.0, 706.4), (294.5, 639.7), (249.4, 591.8), (250.5, 562.8), (287.8, 552.6), (327.8, 561.2), (367.8, 588.7), (324.1, 559.6), (261.6, 504.6), (245.4, 468.5), (273.6, 451.2), (313.6, 452.8), (353.6, 473.2), (355.1, 482.1), (279.6, 420.1), (246.1, 376.9), (258.7, 352.5), (298.6, 347.1), (338.6, 360.4), (375.0, 392.6), (304.1, 338.2), (253.2, 287.9), (248.6, 256.5), (283.6, 244.7), (323.6, 251.7), (363.6, 277.7), (333.7, 262.0), (266.2, 204.7), (244.2, 166.2), (267.8, 147.0), (307.8, 147.0), (347.8, 165.9)]",0,0,5.43
novice,meatboy,1,Success,8,0,36.03,0.59,"[(137.0, 749.0), (137.0, 740.1), (157.2, 694.2), (197.2, 687.2), (237.2, 699.0), (277.2, 729.6), (311.2, 755.0), (328.9, 709.1), (368.9, 704.4), (313.0, 654.3), (256.3, 601.7), (245.9, 568.0), (277.8, 553.1), (317.8, 557.0), (357.8, 579.8), (375.0, 619.8), (294.5, 553.1), (249.4, 505.2), (250.5, 476.2), (287.8, 466.0), (327.8, 474.6), (367.8, 502.1), (354.3, 515.1), (278.9, 453.1), (245.3, 409.9), (258.0, 385.6), (297.8, 380.1), (337.8, 393.4), (375.0, 425.6), (333.7, 411.5), (266.2, 354.2), (244.2, 315.7), (267.8, 296.1), (307.8, 295.3), (347.8, 313.4), (375.0, 349.5), (313.0, 309.1), (256.3, 256.5), (245.9, 222.8), (277.8, 208.4), (317.8, 213.2), (357.8, 236.8), (375.0, 277.2), (294.5, 210.5), (249.4, 162.6), (250.5, 133.6), (287.8, 124.2), (327.8, 133.6), (367.8, 161.9)]",0,0,6.43
novice,meatboy,1,Stuck,14,0,34.43,0.715,"[(137.0, 749.0), (134.8, 740.1), (137.7, 691.4), (175.7, 673.3), (215.7, 678.1), (255.6, 701.6), (294.7, 744.1), (322.0, 728.9), (361.6, 724.3), (401.6, 738.4), (434.8, 755.0), (442.9, 717.3), (480.8, 730.2), (516.9, 755.3), (521.9, 731.4), (551.3, 724.4), (546.3, 713.0), (470.9, 651.0), (461.3, 607.8), (497.2, 588.4), (537.2, 590.8), (567.0, 612.0), (486.5, 545.3), (464.2, 497.4), (502.2, 479.5), (542.2, 484.3), (556.7, 494.5), (478.3, 430.1), (467.8, 384.6), (507.2, 371.0), (547.2, 378.1), (546.3, 377.3), (470.2, 315.3), (472.2, 272.1), (512.2, 262.7), (552.2, 272.1), (536.0, 260.4), (462.2, 200.7), (477.2, 170.9), (517.2, 170.9), (557.2, 189.8), (525.7, 170.6), (458.2, 113.2), (436.2, 74.8), (459.8, 55.6), (499.8, 55.6), (539.6, 74.4), (556.7, 97.0), (478.3, 32.7), (439.0, -12.9), (445.9, -39.5), (484.8, -46.5), (524.8, -34.7), (564.0, -4.1), (551.8, 45.4), (511.8, 113.8), (471.8, 200.9), (457.0, 279.9), (457.0, 319.6), (457.0, 359.3), (457.0, 398.9), (457.0, 438.6), (457.0, 478.3), (457.0, 518.0), (457.0, 557.7), (457.0, 597.4), (457.0, 637.1), (457.0, 676.8), (457.0, 716.5), (453.9, 755.3), (464.8, 709.4), (504.1, 704.7), (544.1, 718.8), (546.3, 723.4), (470.9, 661.3)]",0,0,9.97
novice,meatboy,1,Success,7,0,41.85,0.586,"[(137.0, 749.0), (134.8, 740.1), (137.7, 691.4), (175.7, 664.8), (215.7, 662.5), (255.7, 679.0), (295.7, 714.3), (335.7, 755.3), (354.0, 726.8), (375.0, 705.2), (294.5, 638.5), (249.4, 590.6), (250.5, 561.6), (287.8, 551.4), (327.8, 560.0), (367.8, 587.5), (324.1, 558.4), (261.6, 503.4), (245.4, 467.3), (273.6, 450.0), (313.6, 451.6), (353.6, 472.0), (355.1, 480.9), (279.6, 418.9), (246.1, 375.7), (258.7, 351.4), (298.6, 345.9), (338.6, 359.2), (375.0, 391.4), (304.1, 337.0), (253.2, 286.7), (248.6, 255.3), (283.6, 242.8), (323.6, 249.0), (363.6, 274.2), (334.4, 257.7), (266.9, 200.4), (244.9, 161.9), (268.6, 142.3), (308.6, 141.5), (348.6, 159.6)]",0,0,5.43
