persona,game,world,cause_of_death,jump_count,coins_collected,avg_vx,progress_ratio,route,enemies_killed,elapsed_time
speedrunner,meatboy,10,Stuck,0,0,0.0,0.069,"[(73.0, 653.0), (73.0, 659.3), (73.0, 659.0), (73.0, 659.9), (73.0, 659.3), (73.0, 659.0), (73.0, 659.9), (73.0, 659.3), (73.0, 659.0), (73.0, 659.9), (73.0, 659.3), (73.0, 659.0), (73.0, 659.9), (73.0, 659.3), (73.0, 659.0), (73.0, 659.9), (73.0, 659.3), (73.0, 659.0), (73.0, 659.9), (73.0, 659.3), (73.0, 659.0), (73.0, 659.9), (73.0, 659.3), (73.0, 659.0), (73.0, 659.9), (73.0, 659.3), (73.0, 659.0), (73.0, 659.9), (73.0, 659.3), (73.0, 659.0), (73.0, 659.9), (73.0, 659.3), (73.0, 659.0), (73.0, 659.9), (73.0, 659.3), (73.0, 659.0), (73.0, 659.9), (73.0, 659.3)]",0,5.02
speedrunner,meatboy,10,Stuck,1,0,0.0,0.069,"[(73.0, 653.0), (73.0, 659.3), (73.0, 659.0), (73.0, 659.9), (73.0, 659.3), (73.0, 659.0), (73.0, 659.9), (73.0, 659.3), (73.0, 659.0), (73.0, 659.9), (73.0, 659.3), (73.0, 659.0), (73.0, 659.9), (73.0, 659.3), (73.0, 659.0), (73.0, 659.9), (73.0, 659.3), (73.0, 659.0), (73.0, 659.9), (73.0, 659.3), (73.0, 659.0), (73.0, 659.9), (73.0, 659.3), (73.0, 659.0), (73.0, 659.9), (73.0, 659.3), (73.0, 659.0), (73.0, 659.9), (73.0, 659.3), (73.0, 659.0), (73.0, 659.9), (73.0, 659.3), (73.0, 659.0), (73.0, 659.9), (73.0, 659.3), (73.0, 659.0), (73.0, 659.9), (73.0, 659.3)]",0,5.02
speedrunner,meatboy,10,Stuck,1,0,0.0,0.069,"[(73.0, 653.0), (73.0, 659.3), (73.0, 659.0), (73.0, 659.9), (73.0, 659.3), (73.0, 659.0), (73.0, 659.9), (73.0, 659.3), (73.0, 659.0), (73.0, 659.9), (73.0, 659.3), (73.0, 659.0), (73.0, 659.9), (73.0, 659.3), (73.0, 659.0), (73.0, 659.9), (73.0, 659.3), (73.0, 659.0), (73.0, 659.9), (73.0, 659.3), (73.0, 659.0), (73.0, 659.9), (73.0, 659.3), (73.0, 659.0), (73.0, 659.9), (73.0, 659.3), (73.0, 659.0), (73.0, 659.9), (73.0, 659.3), (73.0, 659.0), (73.0, 659.9), (73.0, 659.3), (73.0, 659.0), (73.0, 659.9), (73.0, 659.3), (73.0, 659.0), (73.0, 659.9), (73.0, 659.3)]",0,5.02
speedrunner,meatboy,10,Stuck,1,0,-5.58,0.039,"[(73.0, 653.0), (41.0, 659.3), (41.0, 659.0), (41.0, 659.9), (41.0, 659.3), (41.0, 659.0), (41.0, 659.9), (41.0, 659.3), (41.0, 659.0), (41.0, 659.9), (41.0, 659.3), (41.0, 659.0), (41.0, 659.9), (41.0, 659.3), (41.0, 659.0), (41.0, 659.9), (41.0, 659.3), (41.0, 659.0), (41.0, 659.9), (41.0, 659.3), (41.0, 659.0), (41.0, 659.9), (41.0, 659.3), (41.0, 659.0), (41.0, 659.9), (41.0, 659.3), (41.0, 659.0), (41.0, 659.9), (41.0, 659.3), (41.0, 659.0), (41.0, 659.9), (41.0, 659.3), (41.0, 659.0), (41.0, 659.9), (41.0, 659.3), (41.0, 659.0), (41.0, 659.9), (41.0, 659.3)]",0,5.02
speedrunner,meatboy,10,Stuck,0,0,145.7,0.961,"[(73.0, 653.0), (120.3, 659.3), (200.3, 659.0), (280.3, 659.9), (360.3, 659.3), (440.3, 659.0), (520.3, 659.9), (600.3, 659.3), (680.3, 659.0), (760.3, 659.9), (840.3, 659.3), (920.3, 659.0), (1000.3, 659.9), (1015.0, 659.3), (1015.0, 659.0), (1015.0, 659.9), (1015.0, 659.3), (1015.0, 659.0), (1015.0, 659.9), (1015.0, 659.3), (1015.0, 659.0), (1015.0, 659.9), (1015.0, 659.3), (1015.0, 659.0), (1015.0, 659.9), (1015.0, 659.3), (1015.0, 659.0), (1015.0, 659.9), (1015.0, 659.3), (1015.0, 659.0), (1015.0, 659.9), (1015.0, 659.3), (1015.0, 659.0), (1015.0, 659.9), (1015.0, 659.3), (1015.0, 659.0), (1015.0, 659.9), (1015.0, 659.3), (1015.0, 659.0), (1015.0, 659.9), (1015.0, 659.3), (1015.0, 659.0), (1015.0, 659.9), (1015.0, 659.3), (1015.0, 659.0), (1015.0, 659.9), (1015.0, 659.3), (1015.0, 659.0), (1015.0, 659.9)]",0,6.43
speedrunner,meatboy,10,Stuck,0,0,68.14,0.503,"[(73.0, 653.0), (114.0, 659.3), (137.7, 659.0), (169.7, 659.9), (221.7, 659.3), (291.7, 659.0), (315.3, 659.9), (335.7, 659.3), (357.3, 659.0), (375.7, 659.9), (409.3, 659.3), (449.0, 659.0), (485.3, 659.9), (520.7, 659.3), (530.7, 659.0), (530.7, 659.9), (530.7, 659.3), (530.7, 659.0), (530.7, 659.9), (530.7, 659.3), (530.7, 659.0), (530.7, 659.9), (530.7, 659.3), (530.7, 659.0), (530.7, 659.9), (530.7, 659.3), (530.7, 659.0), (530.7, 659.9), (530.7, 659.3), (530.7, 659.0), (530.7, 659.9), (530.7, 659.3), (530.7, 659.0), (530.7, 659.9), (530.7, 659.3), (530.7, 659.0), (530.7, 659.9), (530.7, 659.3), (530.7, 659.0), (530.7, 659.9), (530.7, 659.3), (530.7, 659.0), (530.7, 659.9), (530.7, 659.3), (530.7, 659.0), (530.7, 659.9), (530.7, 659.3), (530.7, 659.0), (530.7, 659.9), (530.7, 659.3), (530.7, 659.0)]",0,6.72
speedrunner,meatboy,10,Stuck,16,0,-5.58,0.039,"[(73.0, 653.0), (41.0, 649.3), (41.0, 642.2), (41.0, 654.0), (41.0, 644.1), (41.0, 646.5), (41.0, 649.1), (41.0, 642.0), (41.0, 653.8), (41.0, 644.0), (41.0, 646.3), (41.0, 649.1), (41.0, 642.0), (41.0, 653.8), (41.0, 644.0), (41.0, 646.3), (41.0, 649.1), (41.0, 642.0), (41.0, 653.8), (41.0, 644.0), (41.0, 646.3), (41.0, 649.1), (41.0, 642.0), (41.0, 653.8), (41.0, 644.0), (41.0, 646.3), (41.0, 649.1), (41.0, 642.0), (41.0, 653.8), (41.0, 644.0), (41.0, 646.3), (41.0, 649.1), (41.0, 642.0), (41.0, 653.8), (41.0, 644.0), (41.0, 646.3), (41.0, 649.1), (41.0, 642.0)]",0,5.02
speedrunner,meatboy,10,Stuck,1,0,-5.58,0.039,"[(73.0, 653.0), (41.0, 659.3), (41.0, 659.0), (41.0, 659.9), (41.0, 659.3), (41.0, 659.0), (41.0, 659.9), (41.0, 659.3), (41.0, 659.0), (41.0, 659.9), (41.0, 659.3), (41.0, 659.0), (41.0, 659.9), (41.0, 659.3), (41.0, 659.0), (41.0, 659.9), (41.0, 659.3), (41.0, 659.0), (41.0, 659.9), (41.0, 659.3), (41.0, 659.0), (41.0, 659.9), (41.0, 659.3), (41.0, 659.0), (41.0, 659.9), (41.0, 659.3), (41.0, 659.0), (41.0, 659.9), (41.0, 659.3), (41.0, 659.0), (41.0, 659.9), (41.0, 659.3), (41.0, 659.0), (41.0, 659.9), (41.0, 659.3), (41.0, 659.0), (41.0, 659.9), (41.0, 659.3)]",0,5.02
speedrunner,meatboy,10,Stuck,0,0,0.0,0.069,"[(73.0, 653.0), (73.0, 659.3), (73.0, 659.0), (73.0, 659.9), (73.0, 659.3), (73.0, 659.0), (73.0, 659.9), (73.0, 659.3), (73.0, 659.0), (73.0, 659.9), (73.0, 659.3), (73.0, 659.0), (73.0, 659.9), (73.0, 659.3), (73.0, 659.0), (73.0, 659.9), (73.0, 659.3), (73.0, 659.0), (73.0, 659.9), (73.0, 659.3), (73.0, 659.0), (73.0, 659.9), (73.0, 659.3), (73.0, 659.0), (73.0, 659.9), (73.0, 659.3), (73.0, 659.0), (73.0, 659.9), (73.0, 659.3), (73.0, 659.0), (73.0, 659.9), (73.0, 659.3), (73.0, 659.0), (73.0, 659.9), (73.0, 659.3), (73.0, 659.0), (73.0, 659.9), (73.0, 659.3)]",0,5.02
speedrunner,meatboy,10,Stuck,1,0,145.54,0.961,"[(73.0, 653.0), (120.3, 659.3), (200.3, 659.0), (280.3, 659.9), (360.3, 659.3), (440.3, 659.0), (520.3, 659.9), (600.3, 659.3), (680.3, 659.0), (760.3, 659.9), (840.3, 659.3), (920.3, 659.0), (1000.3, 659.9), (1015.0, 659.3), (1015.0, 659.0), (1015.0, 659.9), (1015.0, 659.3), (1015.0, 659.0), (1015.0, 659.9), (1015.0, 659.3), (1015.0, 659.0), (1015.0, 659.9), (1015.0, 659.3), (1015.0, 659.0), (1015.0, 659.9), (1015.0, 659.3), (1015.0, 659.0), (1015.0, 659.9), (1015.0, 659.3), (1015.0, 659.0), (1015.0, 659.9), (1015.0, 659.3), (1015.0, 659.0), (1015.0, 659.9), (1015.0, 659.3), (1015.0, 659.0), (1015.0, 659.9), (1015.0, 659.3), (1015.0, 659.0), (1015.0, 659.9), (1015.0, 659.3), (1015.0, 659.0), (1015.0, 659.9), (1015.0, 659.3), (1015.0, 659.0), (1015.0, 659.9), (1015.0, 659.3), (1015.0, 659.0), (1015.0, 659.9)]",0,6.43
speedrunner,meatboy,10,Stuck,1,0,145.54,0.961,"[(73.0, 653.0), (120.3, 659.3), (200.3, 659.0), (280.3, 659.9), (360.3, 659.3), (440.3, 659.0), (520.3, 659.9), (600.3, 659.3), (680.3, 659.0), (760.3, 659.9), (840.3, 659.3), (920.3, 659.0), (1000.3, 659.9), (1015.0, 659.3), (1015.0, 659.0), (1015.0, 659.9), (1015.0, 659.3), (1015.0, 659.0), (1015.0, 659.9), (1015.0, 659.3), (1015.0, 659.0), (1015.0, 659.9), (1015.0, 659.3), (1015.0, 659.0), (1015.0, 659.9), (1015.0, 659.3), (1015.0, 659.0), (1015.0, 659.9), (1015.0, 659.3), (1015.0, 659.0), (1015.0, 659.9), (1015.0, 659.3), (1015.0, 659.0), (1015.0, 659.9), (1015.0, 659.3), (1015.0, 659.0), (1015.0, 659.9), (1015.0, 659.3), (1015.0, 659.0), (1015.0, 659.9), (1015.0, 659.3), (1015.0, 659.0), (1015.0, 659.9), (1015.0, 659.3), (1015.0, 659.0), (1015.0, 659.9), (1015.0, 659.3), (1015.0, 659.0), (1015.0, 659.9)]",0,6.43
speedrunner,meatboy,10,Stuck,0,0,145.7,0.961,"[(73.0, 653.0), (120.3, 659.3), (200.3, 659.0), (280.3, 659.9), (360.3, 659.3), (440.3, 659.0), (520.3, 659.9), (600.3, 659.3), (680.3, 659.0), (760.3, 659.9), (840.3, 659.3), (920.3, 659.0), (1000.3, 659.9), (1015.0, 659.3), (1015.0, 659.0), (1015.0, 659.9), (1015.0, 659.3), (1015.0, 659.0), (1015.0, 659.9), (1015.0, 659.3), (1015.0, 659.0), (1015.0, 659.9), (1015.0, 659.3), (1015.0, 659.0), (1015.0, 659.9), (1015.0, 659.3), (1015.0, 659.0), (1015.0, 659.9), (1015.0, 659.3), (1015.0, 659.0), (1015.0, 659.9), (1015.0, 659.3), (1015.0, 659.0), (1015.0, 659.9), (1015.0, 659.3), (1015.0, 659.0), (1015.0, 659.9), (1015.0, 659.3), (1015.0, 659.0), (1015.0, 659.9), (1015.0, 659.3), (1015.0, 659.0), (1015.0, 659.9), (1015.0, 659.3), (1015.0, 659.0), (1015.0, 659.9), (1015.0, 659.3), (1015.0, 659.0), (1015.0, 659.9)]",0,6.43
speedrunner,meatboy,10,Stuck,0,0,68.14,0.503,"[(73.0, 653.0), (114.0, 659.3), (137.7, 659.0), (169.7, 659.9), (221.7, 659.3), (291.7, 659.0), (315.3, 659.9), (335.7, 659.3), (357.3, 659.0), (375.7, 659.9), (409.3, 659.3), (449.0, 659.0), (485.3, 659.9), (520.7, 659.3), (530.7, 659.0), (530.7, 659.9), (530.7, 659.3), (530.7, 659.0), (530.7, 659.9), (530.7, 659.3), (530.7, 659.0), (530.7, 659.9), (530.7, 659.3), (530.7, 659.0), (530.7, 659.9), (530.7, 659.3), (530.7, 659.0), (530.7, 659.9), (530.7, 659.3), (530.7, 659.0), (530.7, 659.9), (530.7, 659.3), (530.7, 659.0), (530.7, 659.9), (530.7, 659.3), (530.7, 659.0), (530.7, 659.9), (530.7, 659.3), (530.7, 659.0), (530.7, 659.9), (530.7, 659.3), (530.7, 659.0), (530.7, 659.9), (530.7, 659.3), (530.7, 659.0), (530.7, 659.9), (530.7, 659.3), (530.7, 659.0), (530.7, 659.9), (530.7, 659.3), (530.7, 659.0)]",0,6.72
speedrunner,meatboy,10,Stuck,0,0,0.0,0.069,"[(73.0, 653.0), (73.0, 659.3), (73.0, 659.0), (73.0, 659.9), (73.0, 659.3), (73.0, 659.0), (73.0, 659.9), (73.0, 659.3), (73.0, 659.0), (73.0, 659.9), (73.0, 659.3), (73.0, 659.0), (73.0, 659.9), (73.0, 659.3), (73.0, 659.0), (73.0, 659.9), (73.0, 659.3), (73.0, 659.0), (73.0, 659.9), (73.0, 659.3), (73.0, 659.0), (73.0, 659.9), (73.0, 659.3), (73.0, 659.0), (73.0, 659.9), (73.0, 659.3), (73.0, 659.0), (73.0, 659.9), (73.0, 659.3), (73.0, 659.0), (73.0, 659.9), (73.0, 659.3), (73.0, 659.0), (73.0, 659.9), (73.0, 659.3), (73.0, 659.0), (73.0, 659.9), (73.0, 659.3)]",0,5.02
speedrunner,meatboy,10,Stuck,0,0,145.7,0.961,"[(73.0, 653.0), (120.3, 659.3), (200.3, 659.0), (280.3, 659.9), (360.3, 659.3), (440.3, 659.0), (520.3, 659.9), (600.3, 659.3), (680.3, 659.0), (760.3, 659.9), (840.3, 659.3), (920.3, 659.0), (1000.3, 659.9), (1015.0, 659.3), (1015.0, 659.0), (1015.0, 659.9), (1015.0, 659.3), (1015.0, 659.0), (1015.0, 659.9), (1015.0, 659.3), (1015.0, 659.0), (1015.0, 659.9), (1015.0, 659.3), (1015.0, 659.0), (1015.0, 659.9), (1015.0, 659.3), (1015.0, 659.0), (1015.0, 659.9), (1015.0, 659.3), (1015.0, 659.0), (1015.0, 659.9), (1015.0, 659.3), (1015.0, 659.0), (1015.0, 659.9), (1015.0, 659.3), (1015.0, 659.0), (1015.0, 659.9), (1015.0, 659.3), (1015.0, 659.0), (1015.0, 659.9), (1015.0, 659.3), (1015.0, 659.0), (1015.0, 659.9), (1015.0, 659.3), (1015.0, 659.0), (1015.0, 659.9), (1015.0, 659.3), (1015.0, 659.0), (1015.0, 659.9)]",0,6.43
speedrunner,meatboy,10,Stuck,1,0,145.54,0.961,"[(73.0, 653.0), (120.3, 659.3), (200.3, 659.0), (280.3, 659.9), (360.3, 659.3), (440.3, 659.0), (520.3, 659.9), (600.3, 659.3), (680.3, 659.0), (760.3, 659.9), (840.3, 659.3), (920.3, 659.0), (1000.3, 659.9), (1015.0, 659.3), (1015.0, 659.0), (1015.0, 659.9), (1015.0, 659.3), (1015.0, 659.0), (1015.0, 659.9), (1015.0, 659.3), (1015.0, 659.0), (1015.0, 659.9), (1015.0, 659.3), (1015.0, 659.0), (1015.0, 659.9), (1015.0, 659.3), (1015.0, 659.0), (1015.0, 659.9), (1015.0, 659.3), (1015.0, 659.0), (1015.0, 659.9), (1015.0, 659.3), (1015.0, 659.0), (1015.0, 659.9), (1015.0, 659.3), (1015.0, 659.0), (1015.0, 659.9), (1015.0, 659.3), (1015.0, 659.0), (1015.0, 659.9), (1015.0, 659.3), (1015.0, 659.0), (1015.0, 659.9), (1015.0, 659.3), (1015.0, 659.0), (1015.0, 659.9), (1015.0, 659.3), (1015.0, 659.0), (1015.0, 659.9)]",0,6.43
speedrunner,meatboy,10,Stuck,0,0,-5.58,0.039,"[(73.0, 653.0), (41.0, 659.3), (41.0, 659.0), (41.0, 659.9), (41.0, 659.3), (41.0, 659.0), (41.0, 659.9), (41.0, 659.3), (41.0, 659.0), (41.0, 659.9), (41.0, 659.3), (41.0, 659.0), (41.0, 659.9), (41.0, 659.3), (41.0, 659.0), (41.0, 659.9), (41.0, 659.3), (41.0, 659.0), (41.0, 659.9), (41.0, 659.3), (41.0, 659.0), (41.0, 659.9), (41.0, 659.3), (41.0, 659.0), (41.0, 659.9), (41.0, 659.3), (41.0, 659.0), (41.0, 659.9), (41.0, 659.3), (41.0, 659.0), (41.0, 659.9), (41.0, 659.3), (41.0, 659.0), (41.0, 659.9), (41.0, 659.3), (41.0, 659.0), (41.0, 659.9), (41.0, 659.3)]",0,5.02
speedrunner,meatboy,10,Stuck,43,0,145.7,0.961,"[(73.0, 653.0), (120.3, 659.3), (200.3, 659.0), (280.3, 659.9), (360.3, 659.3), (440.3, 659.0), (520.3, 659.9), (600.3, 659.3), (680.3, 659.0), (760.3, 659.9), (840.3, 659.3), (920.3, 659.0), (1000.3, 659.9), (1015.0, 659.2), (1015.0, 653.0), (1015.0, 653.3), (1015.0, 653.9), (1015.0, 654.8), (1015.0, 655.9), (1015.0, 657.4), (1015.0, 659.2), (1015.0, 653.0), (1015.0, 653.3), (1015.0, 653.9), (1015.0, 654.8), (1015.0, 655.9), (1015.0, 657.4), (1015.0, 659.2), (1015.0, 653.0), (1015.0, 653.3), (1015.0, 653.9), (1015.0, 654.8), (1015.0, 655.9), (1015.0, 657.4), (1015.0, 659.2), (1015.0, 653.0), (1015.0, 653.3), (1015.0, 653.9), (1015.0, 654.8), (1015.0, 655.9), (1015.0, 657.4), (1015.0, 659.2), (1015.0, 653.0), (1015.0, 653.3), (1015.0, 653.9), (1015.0, 654.8), (1015.0, 655.9), (1015.0, 657.4), (1015.0, 659.2)]",0,6.43
speedrunner,meatboy,10,Stuck,0,0,145.7,0.961,"[(73.0, 653.0), (120.3, 659.3), (200.3, 659.0), (280.3, 659.9), (360.3, 659.3), (440.3, 659.0), (520.3, 659.9), (600.3, 659.3), (680.3, 659.0), (760.3, 659.9), (840.3, 659.3), (920.3, 659.0), (1000.3, 659.9), (1015.0, 659.3), (1015.0, 659.0), (1015.0, 659.9), (1015.0, 659.3), (1015.0, 659.0), (1015.0, 659.9), (1015.0, 659.3), (1015.0, 659.0), (1015.0, 659.9), (1015.0, 659.3), (1015.0, 659.0), (1015.0, 659.9), (1015.0, 659.3), (1015.0, 659.0), (1015.0, 659.9), (1015.0, 659.3), (1015.0, 659.0), (1015.0, 659.9), (1015.0, 659.3), (1015.0, 659.0), (1015.0, 659.9), (1015.0, 659.3), (1015.0, 659.0), (1015.0, 659.9), (1015.0, 659.3), (1015.0, 659.0), (1015.0, 659.9), (1015.0, 659.3), (1015.0, 659.0), (1015.0, 659.9), (1015.0, 659.3), (1015.0, 659.0), (1015.0, 659.9), (1015.0, 659.3), (1015.0, 659.0), (1015.0, 659.9)]",0,6.43
speedrunner,meatboy,10,Stuck,0,0,10.77,0.122,"[(73.0, 653.0), (114.0, 659.3), (129.0, 659.0), (129.0, 659.9), (129.0, 659.3), (129.0, 659.0), (129.0, 659.9), (129.0, 659.3), (129.0, 659.0), (129.0, 659.9), (129.0, 659.3), (129.0, 659.0), (129.0, 659.9), (129.0, 659.3), (129.0, 659.0), (129.0, 659.9), (129.0, 659.3), (129.0, 659.0), (129.0, 659.9), (129.0, 659.3), (129.0, 659.0), (129.0, 659.9), (129.0, 659.3), (129.0, 659.0), (129.0, 659.9), (129.0, 659.3), (129.0, 659.0), (129.0, 659.9), (129.0, 659.3), (129.0, 659.0), (129.0, 659.9), (129.0, 659.3), (129.0, 659.0), (129.0, 659.9), (129.0, 659.3), (129.0, 659.0), (129.0, 659.9), (129.0, 659.3), (129.0, 659.0), (129.0, 659.9)]",0,5.2
speedrunner,meatboy,10,Stuck,0,0,145.7,0.961,"[(73.0, 653.0), (120.3, 659.3), (200.3, 659.0), (280.3, 659.9), (360.3, 659.3), (440.3, 659.0), (520.3, 659.9), (600.3, 659.3), (680.3, 659.0), (760.3, 659.9), (840.3, 659.3), (920.3, 659.0), (1000.3, 659.9), (1015.0, 659.3), (1015.0, 659.0), (1015.0, 659.9), (1015.0, 659.3), (1015.0, 659.0), (1015.0, 659.9), (1015.0, 659.3), (1015.0, 659.0), (1015.0, 659.9), (1015.0, 659.3), (1015.0, 659.0), (1015.0, 659.9), (1015.0, 659.3), (1015.0, 659.0), (1015.0, 659.9), (1015.0, 659.3), (1015.0, 659.0), (1015.0, 659.9), (1015.0, 659.3), (1015.0, 659.0), (1015.0, 659.9), (1015.0, 659.3), (1015.0, 659.0), (1015.0, 659.9), (1015.0, 659.3), (1015.0, 659.0), (1015.0, 659.9), (1015.0, 659.3), (1015.0, 659.0), (1015.0, 659.9), (1015.0, 659.3), (1015.0, 659.0), (1015.0, 659.9), (1015.0, 659.3), (1015.0, 659.0), (1015.0, 659.9)]",0,6.43
speedrunner,meatboy,10,Stuck,43,0,145.7,0.961,"[(73.0, 653.0), (120.3, 659.3), (200.3, 659.0), (280.3, 659.9), (360.3, 659.3), (440.3, 659.0), (520.3, 659.9), (600.3, 659.3), (680.3, 659.0), (760.3, 659.9), (840.3, 659.3), (920.3, 659.0), (1000.3, 659.9), (1015.0, 659.2), (1015.0, 653.0), (1015.0, 653.3), (1015.0, 653.9), (1015.0, 654.8), (1015.0, 655.9), (1015.0, 657.4), (1015.0, 659.2), (1015.0, 653.0), (1015.0, 653.3), (1015.0, 653.9), (1015.0, 654.8), (1015.0, 655.9), (1015.0, 657.4), (1015.0, 659.2), (1015.0, 653.0), (1015.0, 653.3), (1015.0, 653.9), (1015.0, 654.8), (1015.0, 655.9), (1015.0, 657.4), (1015.0, 659.2), (1015.0, 653.0), (1015.0, 653.3), (1015.0, 653.9), (1015.0, 654.8), (1015.0, 655.9), (1015.0, 657.4), (1015.0, 659.2), (1015.0, 653.0), (1015.0, 653.3), (1015.0, 653.9), (1015.0, 654.8), (1015.0, 655.9), (1015.0, 657.4), (1015.0, 659.2)]",0,6.43
speedrunner,meatboy,10,Stuck,1,0,145.54,0.961,"[(73.0, 653.0), (120.3, 659.3), (200.3, 659.0), (280.3, 659.9), (360.3, 659.3), (440.3, 659.0), (520.3, 659.9), (600.3, 659.3), (680.3, 659.0), (760.3, 659.9), (840.3, 659.3), (920.3, 659.0), (1000.3, 659.9), (1015.0, 659.3), (1015.0, 659.0), (1015.0, 659.9), (1015.0, 659.3), (1015.0, 659.0), (1015.0, 659.9), (1015.0, 659.3), (1015.0, 659.0), (1015.0, 659.9), (1015.0, 659.3), (1015.0, 659.0), (1015.0, 659.9), (1015.0, 659.3), (1015.0, 659.0), (1015.0, 659.9), (1015.0, 659.3), (1015.0, 659.0), (1015.0, 659.9), (1015.0, 659.3), (1015.0, 659.0), (1015.0, 659.9), (1015.0, 659.3), (1015.0, 659.0), (1015.0, 659.9), (1015.0, 659.3), (1015.0, 659.0), (1015.0, 659.9), (1015.0, 659.3), (1015.0, 659.0), (1015.0, 659.9), (1015.0, 659.3), (1015.0, 659.0), (1015.0, 659.9), (1015.0, 659.3), (1015.0, 659.0), (1015.0, 659.9)]",0,6.43
speedrunner,meatboy,10,Stuck,0,0,145.7,0.961,"[(73.0, 653.0), (120.3, 659.3), (200.3, 659.0), (280.3, 659.9), (360.3, 659.3), (440.3, 659.0), (520.3, 659.9), (600.3, 659.3), (680.3, 659.0), (760.3, 659.9), (840.3, 659.3), (920.3, 659.0), (1000.3, 659.9), (1015.0, 659.3), (1015.0, 659.0), (1015.0, 659.9), (1015.0, 659.3), (1015.0, 659.0), (1015.0, 659.9), (1015.0, 659.3), (1015.0, 659.0), (1015.0, 659.9), (1015.0, 659.3), (1015.0, 659.0), (1015.0, 659.9), (1015.0, 659.3), (1015.0, 659.0), (1015.0, 659.9), (1015.0, 659.3), (1015.0, 659.0), (1015.0, 659.9), (1015.0, 659.3), (1015.0, 659.0), (1015.0, 659.9), (1015.0, 659.3), (1015.0, 659.0), (1015.0, 659.9), (1015.0, 659.3), (1015.0, 659.0), (1015.0, 659.9), (1015.0, 659.3), (1015.0, 659.0), (1015.0, 659.9), (1015.0, 659.3), (1015.0, 659.0), (1015.0, 659.9), (1015.0, 659.3), (1015.0, 659.0), (1015.0, 659.9)]",0,6.43
speedrunner,meatboy,10,Stuck,0,0,-5.85,0.039,"[(73.0, 653.0), (43.7, 659.3), (41.0, 659.0), (41.0, 659.9), (41.0, 659.3), (41.0, 659.0), (41.0, 659.9), (41.0, 659.3), (41.0, 659.0), (41.0, 659.9), (41.0, 659.3), (41.0, 659.0), (41.0, 659.9), (41.0, 659.3), (41.0, 659.0), (41.0, 659.9), (41.0, 659.3), (41.0, 659.0), (41.0, 659.9), (41.0, 659.3), (41.0, 659.0), (41.0, 659.9), (41.0, 659.3), (41.0, 659.0), (41.0, 659.9), (41.0, 659.3), (41.0, 659.0), (41.0, 659.9), (41.0, 659.3), (41.0, 659.0), (41.0, 659.9), (41.0, 659.3), (41.0, 659.0), (41.0, 659.9), (41.0, 659.3), (41.0, 659.0), (41.0, 659.9), (41.0, 659.3)]",0,5.02
speedrunner,meatboy,10,Stuck,0,0,145.7,0.961,"[(73.0, 653.0), (120.3, 659.3), (200.3, 659.0), (280.3, 659.9), (360.3, 659.3), (440.3, 659.0), (520.3, 659.9), (600.3, 659.3), (680.3, 659.0), (760.3, 659.9), (840.3, 659.3), (920.3, 659.0), (1000.3, 659.9), (1015.0, 659.3), (1015.0, 659.0), (1015.0, 659.9), (1015.0, 659.3), (1015.0, 659.0), (1015.0, 659.9), (1015.0, 659.3), (1015.0, 659.0), (1015.0, 659.9), (1015.0, 659.3), (1015.0, 659.0), (1015.0, 659.9), (1015.0, 659.3), (1015.0, 659.0), (1015.0, 659.9), (1015.0, 659.3), (1015.0, 659.0), (1015.0, 659.9), (1015.0, 659.3), (1015.0, 659.0), (1015.0, 659.9), (1015.0, 659.3), (1015.0, 659.0), (1015.0, 659.9), (1015.0, 659.3), (1015.0, 659.0), (1015.0, 659.9), (1015.0, 659.3), (1015.0, 659.0), (1015.0, 659.9), (1015.0, 659.3), (1015.0, 659.0), (1015.0, 659.9), (1015.0, 659.3), (1015.0, 659.0), (1015.0, 659.9)]",0,6.43
speedrunner,meatboy,10,Stuck,3,0,145.4,0.961,"[(73.0, 653.0), (120.3, 659.3), (200.3, 659.0), (280.3, 642.0), (360.3, 649.1), (440.3, 659.0), (520.3, 659.9), (600.3, 659.3), (680.3, 659.0), (760.3, 659.9), (840.3, 659.3), (920.3, 659.0), (1000.3, 659.9), (1015.0, 659.2), (1015.0, 659.3), (1015.0, 659.0), (1015.0, 659.9), (1015.0, 659.3), (1015.0, 659.0), (1015.0, 659.9), (1015.0, 659.3), (1015.0, 659.0), (1015.0, 659.9), (1015.0, 659.3), (1015.0, 659.0), (1015.0, 659.9), (1015.0, 659.3), (1015.0, 659.0), (1015.0, 659.9), (1015.0, 659.3), (1015.0, 659.0), (1015.0, 659.9), (1015.0, 659.3), (1015.0, 659.0), (1015.0, 659.9), (1015.0, 659.3), (1015.0, 659.0), (1015.0, 659.9), (1015.0, 659.3), (1015.0, 659.0), (1015.0, 659.9), (1015.0, 659.3), (1015.0, 659.0), (1015.0, 659.9), (1015.0, 659.3), (1015.0, 659.0), (1015.0, 659.9), (1015.0, 659.3), (1015.0, 659.0)]",0,6.43
speedrunner,meatboy,10,Stuck,43,0,145.7,0.961,"[(73.0, 653.0), (120.3, 659.3), (200.3, 659.0), (280.3, 659.9), (360.3, 659.3), (440.3, 659.0), (520.3, 659.9), (600.3, 659.3), (680.3, 659.0), (760.3, 659.9), (840.3, 659.3), (920.3, 659.0), (1000.3, 653.0), (1015.0, 653.3), (1015.0, 653.9), (1015.0, 654.8), (1015.0, 655.9), (1015.0, 657.4), (1015.0, 659.2), (1015.0, 653.0), (1015.0, 653.3), (1015.0, 653.9), (1015.0, 654.8), (1015.0, 655.9), (1015.0, 657.4), (1015.0, 659.2), (1015.0, 653.0), (1015.0, 653.3), (1015.0, 653.9), (1015.0, 654.8), (1015.0, 655.9), (1015.0, 657.4), (1015.0, 659.2), (1015.0, 653.0), (1015.0, 653.3), (1015.0, 653.9), (1015.0, 654.8), (1015.0, 655.9), (1015.0, 657.4), (1015.0, 659.2), (1015.0, 653.0), (1015.0, 653.3), (1015.0, 653.9), (1015.0, 654.8), (1015.0, 655.9), (1015.0, 657.4), (1015.0, 659.2), (1015.0, 653.0), (1015.0, 653.3)]",0,6.43
speedrunner,meatboy,10,Stuck,43,0,145.7,0.961,"[(73.0, 653.0), (120.3, 659.3), (200.3, 659.0), (280.3, 659.9), (360.3, 659.3), (440.3, 659.0), (520.3, 659.9), (600.3, 659.3), (680.3, 659.0), (760.3, 659.9), (840.3, 659.3), (920.3, 659.0), (1000.3, 659.9), (1015.0, 657.4), (1015.0, 659.2), (1015.0, 653.0), (1015.0, 653.3), (1015.0, 653.9), (1015.0, 654.8), (1015.0, 655.9), (1015.0, 657.4), (1015.0, 659.2), (1015.0, 653.0), (1015.0, 653.3), (1015.0, 653.9), (1015.0, 654.8), (1015.0, 655.9), (1015.0, 657.4), (1015.0, 659.2), (1015.0, 653.0), (1015.0, 653.3), (1015.0, 653.9), (1015.0, 654.8), (1015.0, 655.9), (1015.0, 657.4), (1015.0, 659.2), (1015.0, 653.0), (1015.0, 653.3), (1015.0, 653.9), (1015.0, 654.8), (1015.0, 655.9), (1015.0, 657.4), (1015.0, 659.2), (1015.0, 653.0), (1015.0, 653.3), (1015.0, 653.9), (1015.0, 654.8), (1015.0, 655.9), (1015.0, 657.4)]",0,6.43
speedrunner,meatboy,10,Stuck,3,0,145.69,0.961,"[(73.0, 653.0), (120.3, 659.3), (200.3, 659.0), (280.3, 645.9), (360.3, 643.5), (440.3, 659.0), (520.3, 659.9), (600.3, 659.3), (680.3, 659.0), (760.3, 659.9), (840.3, 659.3), (920.3, 659.0), (1000.2, 653.3), (1015.0, 659.9), (1015.0, 659.3), (1015.0, 659.0), (1015.0, 659.9), (1015.0, 659.3), (1015.0, 659.0), (1015.0, 659.9), (1015.0, 659.3), (1015.0, 659.0), (1015.0, 659.9), (1015.0, 659.3), (1015.0, 659.0), (1015.0, 659.9), (1015.0, 659.3), (1015.0, 659.0), (1015.0, 659.9), (1015.0, 659.3), (1015.0, 659.0), (1015.0, 659.9), (1015.0, 659.3), (1015.0, 659.0), (1015.0, 659.9), (1015.0, 659.3), (1015.0, 659.0), (1015.0, 659.9), (1015.0, 659.3), (1015.0, 659.0), (1015.0, 659.9), (1015.0, 659.3), (1015.0, 659.0), (1015.0, 659.9), (1015.0, 659.3), (1015.0, 659.0), (1015.0, 659.9), (1015.0, 659.3), (1015.0, 659.0)]",0,6.43
speedrunner,meatboy,10,Stuck,3,0,145.69,0.961,"[(73.0, 653.0), (120.3, 659.3), (200.3, 659.0), (280.3, 645.9), (360.3, 643.5), (440.3, 659.0), (520.3, 659.9), (600.3, 659.3), (680.3, 659.0), (760.3, 659.9), (840.3, 659.3), (920.3, 659.0), (1000.2, 653.3), (1015.0, 659.9), (1015.0, 659.3), (1015.0, 659.0), (1015.0, 659.9), (1015.0, 659.3), (1015.0, 659.0), (1015.0, 659.9), (1015.0, 659.3), (1015.0, 659.0), (1015.0, 659.9), (1015.0, 659.3), (1015.0, 659.0), (1015.0, 659.9), (1015.0, 659.3), (1015.0, 659.0), (1015.0, 659.9), (1015.0, 659.3), (1015.0, 659.0), (1015.0, 659.9), (1015.0, 659.3), (1015.0, 659.0), (1015.0, 659.9), (1015.0, 659.3), (1015.0, 659.0), (1015.0, 659.9), (1015.0, 659.3), (1015.0, 659.0), (1015.0, 659.9), (1015.0, 659.3), (1015.0, 659.0), (1015.0, 659.9), (1015.0, 659.3), (1015.0, 659.0), (1015.0, 659.9), (1015.0, 659.3), (1015.0, 659.0)]",0,6.43
speedrunner,meatboy,10,Stuck,43,0,145.7,0.961,"[(73.0, 653.0), (120.3, 659.3), (200.3, 659.0), (280.3, 659.9), (360.3, 659.3), (440.3, 659.0), (520.3, 659.9), (600.3, 659.3), (680.3, 659.0), (760.3, 659.9), (840.3, 659.3), (920.3, 659.0), (1000.3, 659.9), (1015.0, 657.4), (1015.0, 659.2), (1015.0, 653.0), (1015.0, 653.3), (1015.0, 653.9), (1015.0, 654.8), (1015.0, 655.9), (1015.0, 657.4), (1015.0, 659.2), (1015.0, 653.0), (1015.0, 653.3), (1015.0, 653.9), (1015.0, 654.8), (1015.0, 655.9), (1015.0, 657.4), (1015.0, 659.2), (1015.0, 653.0), (1015.0, 653.3), (1015.0, 653.9), (1015.0, 654.8), (1015.0, 655.9), (1015.0, 657.4), (1015.0, 659.2), (1015.0, 653.0), (1015.0, 653.3), (1015.0, 653.9), (1015.0, 654.8), (1015.0, 655.9), (1015.0, 657.4), (1015.0, 659.2), (1015.0, 653.0), (1015.0, 653.3), (1015.0, 653.9), (1015.0, 654.8), (1015.0, 655.9), (1015.0, 657.4)]",0,6.43
speedrunner,meatboy,10,Stuck,43,0,145.7,0.961,"[(73.0, 653.0), (120.3, 659.3), (200.3, 659.0), (280.3, 659.9), (360.3, 659.3), (440.3, 659.0), (520.3, 659.9), (600.3, 659.3), (680.3, 659.0), (760.3, 659.9), (840.3, 659.3), (920.3, 659.0), (1000.3, 653.0), (1015.0, 653.3), (1015.0, 653.9), (1015.0, 654.8), (1015.0, 655.9), (1015.0, 657.4), (1015.0, 659.2), (1015.0, 653.0), (1015.0, 653.3), (1015.0, 653.9), (1015.0, 654.8), (1015.0, 655.9), (1015.0, 657.4), (1015.0, 659.2), (1015.0, 653.0), (1015.0, 653.3), (1015.0, 653.9), (1015.0, 654.8), (1015.0, 655.9), (1015.0, 657.4), (1015.0, 659.2), (1015.0, 653.0), (1015.0, 653.3), (1015.0, 653.9), (1015.0, 654.8), (1015.0, 655.9), (1015.0, 657.4), (1015.0, 659.2), (1015.0, 653.0), (1015.0, 653.3), (1015.0, 653.9), (1015.0, 654.8), (1015.0, 655.9), (1015.0, 657.4), (1015.0, 659.2), (1015.0, 653.0), (1015.0, 653.3)]",0,6.43
speedrunner,meatboy,10,Stuck,3,0,145.4,0.961,"[(73.0, 653.0), (120.3, 659.3), (200.3, 659.0), (280.3, 642.0), (360.3, 649.1), (440.3, 659.0), (520.3, 659.9), (600.3, 659.3), (680.3, 659.0), (760.3, 659.9), (840.3, 659.3), (920.3, 659.0), (1000.3, 659.9), (1015.0, 659.2), (1015.0, 659.3), (1015.0, 659.0), (1015.0, 659.9), (1015.0, 659.3), (1015.0, 659.0), (1015.0, 659.9), (1015.0, 659.3), (1015.0, 659.0), (1015.0, 659.9), (1015.0, 659.3), (1015.0, 659.0), (1015.0, 659.9), (1015.0, 659.3), (1015.0, 659.0), (1015.0, 659.9), (1015.0, 659.3), (1015.0, 659.0), (1015.0, 659.9), (1015.0, 659.3), (1015.0, 659.0), (1015.0, 659.9), (1015.0, 659.3), (1015.0, 659.0), (1015.0, 659.9), (1015.0, 659.3), (1015.0, 659.0), (1015.0, 659.9), (1015.0, 659.3), (1015.0, 659.0), (1015.0, 659.9), (1015.0, 659.3), (1015.0, 659.0), (1015.0, 659.9), (1015.0, 659.3), (1015.0, 659.0)]",0,6.43
speedrunner,meatboy,10,Stuck,3,0,145.7,0.961,"[(73.0, 653.0), (120.3, 659.3), (200.3, 659.0), (280.3, 621.9), (360.3, 637.2), (440.3, 659.9), (520.3, 659.3), (600.3, 630.8), (680.3, 627.2), (760.3, 651.9), (840.3, 659.0), (920.3, 659.9), (1000.3, 653.0), (1015.0, 659.3), (1015.0, 659.0), (1015.0, 659.9), (1015.0, 659.3), (1015.0, 659.0), (1015.0, 659.9), (1015.0, 659.3), (1015.0, 659.0), (1015.0, 659.9), (1015.0, 659.3), (1015.0, 659.0), (1015.0, 659.9), (1015.0, 659.3), (1015.0, 659.0), (1015.0, 659.9), (1015.0, 659.3), (1015.0, 659.0), (1015.0, 659.9), (1015.0, 659.3), (1015.0, 659.0), (1015.0, 659.9), (1015.0, 659.3), (1015.0, 659.0), (1015.0, 659.9), (1015.0, 659.3), (1015.0, 659.0), (1015.0, 659.9), (1015.0, 659.3), (1015.0, 659.0), (1015.0, 659.9), (1015.0, 659.3), (1015.0, 659.0), (1015.0, 659.9), (1015.0, 659.3), (1015.0, 659.0), (1015.0, 659.9)]",0,6.43
speedrunner,meatboy,10,Stuck,0,0,138.74,0.961,"[(73.0, 653.0), (104.0, 659.3), (180.8, 659.0), (239.8, 659.9), (291.8, 659.3), (371.8, 659.0), (443.8, 659.9), (514.2, 659.3), (594.2, 659.0), (671.2, 659.9), (713.2, 659.3), (761.2, 659.0), (810.5, 659.9), (890.5, 659.3), (970.5, 659.0), (1015.0, 659.9), (1015.0, 659.3), (1015.0, 659.0), (1015.0, 659.9), (1015.0, 659.3), (1015.0, 659.0), (1015.0, 659.9), (1015.0, 659.3), (1015.0, 659.0), (1015.0, 659.9), (1015.0, 659.3), (1015.0, 659.0), (1015.0, 659.9), (1015.0, 659.3), (1015.0, 659.0), (1015.0, 659.9), (1015.0, 659.3), (1015.0, 659.0), (1015.0, 659.9), (1015.0, 659.3), (1015.0, 659.0), (1015.0, 659.9), (1015.0, 659.3), (1015.0, 659.0), (1015.0, 659.9), (1015.0, 659.3), (1015.0, 659.0), (1015.0, 659.9), (1015.0, 659.3), (1015.0, 659.0), (1015.0, 659.9), (1015.0, 659.3), (1015.0, 659.0), (1015.0, 659.9), (1015.0, 659.3), (1015.0, 659.0)]",0,6.75
speedrunner,meatboy,10,Stuck,0,0,145.31,0.961,"[(73.0, 653.0), (111.1, 659.3), (190.2, 659.0), (270.2, 659.9), (350.2, 659.3), (430.2, 659.0), (510.2, 659.9), (590.2, 659.3), (670.2, 659.0), (750.2, 659.9), (830.2, 659.3), (910.2, 659.0), (989.2, 659.9), (1015.0, 659.3), (1015.0, 659.0), (1015.0, 659.9), (1015.0, 659.3), (1015.0, 659.0), (1015.0, 659.9), (1015.0, 659.3), (1015.0, 659.0), (1015.0, 659.9), (1015.0, 659.3), (1015.0, 659.0), (1015.0, 659.9), (1015.0, 659.3), (1015.0, 659.0), (1015.0, 659.9), (1015.0, 659.3), (1015.0, 659.0), (1015.0, 659.9), (1015.0, 659.3), (1015.0, 659.0), (1015.0, 659.9), (1015.0, 659.3), (1015.0, 659.0), (1015.0, 659.9), (1015.0, 659.3), (1015.0, 659.0), (1015.0, 659.9), (1015.0, 659.3), (1015.0, 659.0), (1015.0, 659.9), (1015.0, 659.3), (1015.0, 659.0), (1015.0, 659.9), (1015.0, 659.3), (1015.0, 659.0), (1015.0, 659.9)]",0,6.45
speedrunner,meatboy,10,Stuck,43,0,145.7,0.961,"[(73.0, 653.0), (120.3, 659.3), (200.3, 659.0), (280.3, 659.9), (360.3, 659.3), (440.3, 659.0), (520.3, 659.9), (600.3, 659.3), (680.3, 659.0), (760.3, 659.9), (840.3, 659.3), (920.3, 659.0), (1000.3, 653.0), (1015.0, 653.3), (1015.0, 653.9), (1015.0, 654.8), (1015.0, 655.9), (1015.0, 657.4), (1015.0, 659.2), (1015.0, 653.0), (1015.0, 653.3), (1015.0, 653.9), (1015.0, 654.8), (1015.0, 655.9), (1015.0, 657.4), (1015.0, 659.2), (1015.0, 653.0), (1015.0, 653.3), (1015.0, 653.9), (1015.0, 654.8), (1015.0, 655.9), (1015.0, 657.4), (1015.0, 659.2), (1015.0, 653.0), (1015.0, 653.3), (1015.0, 653.9), (1015.0, 654.8), (1015.0, 655.9), (1015.0, 657.4), (1015.0, 659.2), (1015.0, 653.0), (1015.0, 653.3), (1015.0, 653.9), (1015.0, 654.8), (1015.0, 655.9), (1015.0, 657.4), (1015.0, 659.2), (1015.0, 653.0), (1015.0, 653.3)]",0,6.43
speedrunner,meatboy,10,Stuck,46,0,145.39,0.961,"[(73.0, 653.0), (120.3, 649.3), (200.3, 642.2), (280.3, 654.0), (360.3, 644.1), (440.3, 646.5), (520.3, 649.1), (600.3, 642.0), (680.3, 653.8), (760.3, 644.0), (840.3, 646.3), (920.3, 649.1), (983.0, 642.0), (983.0, 653.8), (1015.0, 653.0), (1015.0, 653.3), (1015.0, 653.9), (1015.0, 654.8), (1015.0, 655.9), (1015.0, 657.4), (1015.0, 659.2), (1015.0, 653.0), (1015.0, 653.3), (1015.0, 653.9), (1015.0, 654.8), (1015.0, 655.9), (1015.0, 657.4), (1015.0, 659.2), (1015.0, 653.0), (1015.0, 653.3), (1015.0, 653.9), (1015.0, 654.8), (1015.0, 655.9), (1015.0, 657.4), (1015.0, 659.2), (1015.0, 653.0), (1015.0, 653.3), (1015.0, 653.9), (1015.0, 654.8), (1015.0, 655.9), (1015.0, 657.4), (1015.0, 659.2), (1015.0, 653.0), (1015.0, 653.3), (1015.0, 653.9), (1015.0, 654.8), (1015.0, 655.9), (1015.0, 657.4), (1015.0, 659.2)]",0,6.43
speedrunner,meatboy,10,Stuck,1,0,145.54,0.961,"[(73.0, 653.0), (120.3, 659.3), (200.3, 659.0), (280.3, 659.9), (360.3, 659.3), (440.3, 659.0), (520.3, 659.9), (600.3, 659.3), (680.3, 659.0), (760.3, 659.9), (840.3, 659.3), (920.3, 659.0), (1000.3, 659.9), (1015.0, 659.3), (1015.0, 659.0), (1015.0, 659.9), (1015.0, 659.3), (1015.0, 659.0), (1015.0, 659.9), (1015.0, 659.3), (1015.0, 659.0), (1015.0, 659.9), (1015.0, 659.3), (1015.0, 659.0), (1015.0, 659.9), (1015.0, 659.3), (1015.0, 659.0), (1015.0, 659.9), (1015.0, 659.3), (1015.0, 659.0), (1015.0, 659.9), (1015.0, 659.3), (1015.0, 659.0), (1015.0, 659.9), (1015.0, 659.3), (1015.0, 659.0), (1015.0, 659.9), (1015.0, 659.3), (1015.0, 659.0), (1015.0, 659.9), (1015.0, 659.3), (1015.0, 659.0), (1015.0, 659.9), (1015.0, 659.3), (1015.0, 659.0), (1015.0, 659.9), (1015.0, 659.3), (1015.0, 659.0), (1015.0, 659.9)]",0,6.43
speedrunner,meatboy,10,Stuck,1,0,145.54,0.961,"[(73.0, 653.0), (120.3, 659.3), (200.3, 659.0), (280.3, 659.9), (360.3, 659.3), (440.3, 659.0), (520.3, 659.9), (600.3, 659.3), (680.3, 659.0), (760.3, 659.9), (840.3, 659.3), (920.3, 659.0), (1000.3, 659.9), (1015.0, 659.3), (1015.0, 659.0), (1015.0, 659.9), (1015.0, 659.3), (1015.0, 659.0), (1015.0, 659.9), (1015.0, 659.3), (1015.0, 659.0), (1015.0, 659.9), (1015.0, 659.3), (1015.0, 659.0), (1015.0, 659.9), (1015.0, 659.3), (1015.0, 659.0), (1015.0, 659.9), (1015.0, 659.3), (1015.0, 659.0), (1015.0, 659.9), (1015.0, 659.3), (1015.0, 659.0), (1015.0, 659.9), (1015.0, 659.3), (1015.0, 659.0), (1015.0, 659.9), (1015.0, 659.3), (1015.0, 659.0), (1015.0, 659.9), (1015.0, 659.3), (1015.0, 659.0), (1015.0, 659.9), (1015.0, 659.3), (1015.0, 659.0), (1015.0, 659.9), (1015.0, 659.3), (1015.0, 659.0), (1015.0, 659.9)]",0,6.43
speedrunner,meatboy,10,Stuck,46,0,145.39,0.961,"[(73.0, 653.0), (120.3, 649.3), (200.3, 642.2), (280.3, 654.0), (360.3, 644.1), (440.3, 646.5), (520.3, 649.1), (600.3, 642.0), (680.3, 653.8), (760.3, 644.0), (840.3, 646.3), (920.3, 649.1), (983.0, 642.0), (983.0, 653.8), (1015.0, 653.0), (1015.0, 653.3), (1015.0, 653.9), (1015.0, 654.8), (1015.0, 655.9), (1015.0, 657.4), (1015.0, 659.2), (1015.0, 653.0), (1015.0, 653.3), (1015.0, 653.9), (1015.0, 654.8), (1015.0, 655.9), (1015.0, 657.4), (1015.0, 659.2), (1015.0, 653.0), (1015.0, 653.3), (1015.0, 653.9), (1015.0, 654.8), (1015.0, 655.9), (1015.0, 657.4), (1015.0, 659.2), (1015.0, 653.0), (1015.0, 653.3), (1015.0, 653.9), (1015.0, 654.8), (1015.0, 655.9), (1015.0, 657.4), (1015.0, 659.2), (1015.0, 653.0), (1015.0, 653.3), (1015.0, 653.9), (1015.0, 654.8), (1015.0, 655.9), (1015.0, 657.4), (1015.0, 659.2)]",0,6.43
speedrunner,meatboy,10,Stuck,43,0,145.7,0.961,"[(73.0, 653.0), (120.3, 659.3), (200.3, 659.0), (280.3, 659.9), (360.3, 659.3), (440.3, 659.0), (520.3, 659.9), (600.3, 659.3), (680.3, 659.0), (760.3, 659.9), (840.3, 659.3), (920.3, 659.0), (1000.3, 653.0), (1015.0, 653.3), (1015.0, 653.9), (1015.0, 654.8), (1015.0, 655.9), (1015.0, 657.4), (1015.0, 659.2), (1015.0, 653.0), (1015.0, 653.3), (1015.0, 653.9), (1015.0, 654.8), (1015.0, 655.9), (1015.0, 657.4), (1015.0, 659.2), (1015.0, 653.0), (1015.0, 653.3), (1015.0, 653.9), (1015.0, 654.8), (1015.0, 655.9), (1015.0, 657.4), (1015.0, 659.2), (1015.0, 653.0), (1015.0, 653.3), (1015.0, 653.9), (1015.0, 654.8), (1015.0, 655.9), (1015.0, 657.4), (1015.0, 659.2), (1015.0, 653.0), (1015.0, 653.3), (1015.0, 653.9), (1015.0, 654.8), (1015.0, 655.9), (1015.0, 657.4), (1015.0, 659.2), (1015.0, 653.0), (1015.0, 653.3)]",0,6.43
speedrunner,meatboy,10,Stuck,0,0,145.31,0.961,"[(73.0, 653.0), (111.1, 659.3), (190.2, 659.0), (270.2, 659.9), (350.2, 659.3), (430.2, 659.0), (510.2, 659.9), (590.2, 659.3), (670.2, 659.0), (750.2, 659.9), (830.2, 659.3), (910.2, 659.0), (989.2, 659.9), (1015.0, 659.3), (1015.0, 659.0), (1015.0, 659.9), (1015.0, 659.3), (1015.0, 659.0), (1015.0, 659.9), (1015.0, 659.3), (1015.0, 659.0), (1015.0, 659.9), (1015.0, 659.3), (1015.0, 659.0), (1015.0, 659.9), (1015.0, 659.3), (1015.0, 659.0), (1015.0, 659.9), (1015.0, 659.3), (1015.0, 659.0), (1015.0, 659.9), (1015.0, 659.3), (1015.0, 659.0), (1015.0, 659.9), (1015.0, 659.3), (1015.0, 659.0), (1015.0, 659.9), (1015.0, 659.3), (1015.0, 659.0), (1015.0, 659.9), (1015.0, 659.3), (1015.0, 659.0), (1015.0, 659.9), (1015.0, 659.3), (1015.0, 659.0), (1015.0, 659.9), (1015.0, 659.3), (1015.0, 659.0), (1015.0, 659.9)]",0,6.45
speedrunner,meatboy,10,Stuck,43,0,145.7,0.961,"[(73.0, 653.0), (120.3, 659.3), (200.3, 659.0), (280.3, 659.9), (360.3, 659.3), (440.3, 659.0), (520.3, 659.9), (600.3, 659.3), (680.3, 659.0), (760.3, 659.9), (840.3, 659.3), (920.3, 659.0), (1000.3, 659.9), (1015.0, 659.2), (1015.0, 653.0), (1015.0, 653.3), (1015.0, 653.9), (1015.0, 654.8), (1015.0, 655.9), (1015.0, 657.4), (1015.0, 659.2), (1015.0, 653.0), (1015.0, 653.3), (1015.0, 653.9), (1015.0, 654.8), (1015.0, 655.9), (1015.0, 657.4), (1015.0, 659.2), (1015.0, 653.0), (1015.0, 653.3), (1015.0, 653.9), (1015.0, 654.8), (1015.0, 655.9), (1015.0, 657.4), (1015.0, 659.2), (1015.0, 653.0), (1015.0, 653.3), (1015.0, 653.9), (1015.0, 654.8), (1015.0, 655.9), (1015.0, 657.4), (1015.0, 659.2), (1015.0, 653.0), (1015.0, 653.3), (1015.0, 653.9), (1015.0, 654.8), (1015.0, 655.9), (1015.0, 657.4), (1015.0, 659.2)]",0,6.43
speedrunner,meatboy,10,Stuck,1,0,145.54,0.961,"[(73.0, 653.0), (120.3, 659.3), (200.3, 659.0), (280.3, 659.9), (360.3, 659.3), (440.3, 659.0), (520.3, 659.9), (600.3, 659.3), (680.3, 659.0), (760.3, 659.9), (840.3, 659.3), (920.3, 659.0), (1000.3, 659.9), (1015.0, 659.3), (1015.0, 659.0), (1015.0, 659.9), (1015.0, 659.3), (1015.0, 659.0), (1015.0, 659.9), (1015.0, 659.3), (1015.0, 659.0), (1015.0, 659.9), (1015.0, 659.3), (1015.0, 659.0), (1015.0, 659.9), (1015.0, 659.3), (1015.0, 659.0), (1015.0, 659.9), (1015.0, 659.3), (1015.0, 659.0), (1015.0, 659.9), (1015.0, 659.3), (1015.0, 659.0), (1015.0, 659.9), (1015.0, 659.3), (1015.0, 659.0), (1015.0, 659.9), (1015.0, 659.3), (1015.0, 659.0), (1015.0, 659.9), (1015.0, 659.3), (1015.0, 659.0), (1015.0, 659.9), (1015.0, 659.3), (1015.0, 659.0), (1015.0, 659.9), (1015.0, 659.3), (1015.0, 659.0), (1015.0, 659.9)]",0,6.43
speedrunner,meatboy,10,Stuck,1,0,10.77,0.122,"[(73.0, 653.0), (114.0, 659.3), (129.0, 659.0), (129.0, 659.9), (129.0, 659.3), (129.0, 659.0), (129.0, 659.9), (129.0, 659.3), (129.0, 659.0), (129.0, 659.9), (129.0, 659.3), (129.0, 659.0), (129.0, 659.9), (129.0, 659.3), (129.0, 659.0), (129.0, 659.9), (129.0, 659.3), (129.0, 659.0), (129.0, 659.9), (129.0, 659.3), (129.0, 659.0), (129.0, 659.9), (129.0, 659.3), (129.0, 659.0), (129.0, 659.9), (129.0, 659.3), (129.0, 659.0), (129.0, 659.9), (129.0, 659.3), (129.0, 659.0), (129.0, 659.9), (129.0, 659.3), (129.0, 659.0), (129.0, 659.9), (129.0, 659.3), (129.0, 659.0), (129.0, 659.9), (129.0, 659.3), (129.0, 659.0), (129.0, 659.9)]",0,5.2
speedrunner,meatboy,10,Stuck,0,0,113.19,0.961,"[(73.0, 653.0), (101.2, 659.3), (178.0, 659.0), (237.0, 659.9), (261.0, 659.3), (291.0, 659.0), (320.0, 659.9), (350.3, 659.3), (379.7, 659.0), (408.0, 659.9), (435.3, 659.3), (461.7, 659.0), (496.3, 659.9), (537.0, 659.3), (576.7, 659.0), (613.0, 659.9), (648.3, 659.3), (673.3, 659.0), (695.0, 659.9), (720.3, 659.3), (749.3, 659.0), (775.0, 659.9), (804.3, 659.3), (835.0, 659.0), (869.3, 659.9), (905.0, 659.3), (942.0, 659.0), (978.0, 659.9), (1010.7, 659.3), (1015.0, 659.0), (1015.0, 659.9), (1015.0, 659.3), (1015.0, 659.0), (1015.0, 659.9), (1015.0, 659.3), (1015.0, 659.0), (1015.0, 659.9), (1015.0, 659.3), (1015.0, 659.0), (1015.0, 659.9), (1015.0, 659.3), (1015.0, 659.0), (1015.0, 659.9), (1015.0, 659.3), (1015.0, 659.0), (1015.0, 659.9), (1015.0, 659.3), (1015.0, 659.0), (1015.0, 659.9), (1015.0, 659.3), (1015.0, 659.0), (1015.0, 659.9), (1015.0, 659.3), (1015.0, 659.0), (1015.0, 659.9), (1015.0, 659.3), (1015.0, 659.0), (1015.0, 659.9), (1015.0, 659.3), (1015.0, 659.0), (1015.0, 659.9), (1015.0, 659.3), (1015.0, 659.0)]",0,8.32
speedrunner,meatboy,10,Stuck,14,0,123.0,0.915,"[(73.0, 653.0), (120.3, 655.1), (200.3, 650.4), (280.3, 659.3), (360.3, 659.0), (440.3, 659.9), (520.3, 659.3), (600.3, 659.0), (680.3, 659.9), (760.3, 659.3), (840.3, 659.0), (900.9, 659.9), (924.1, 659.3), (947.3, 659.0), (967.4, 659.9), (983.0, 624.3), (983.0, 582.7), (983.0, 559.9), (983.0, 556.0), (983.0, 570.9), (983.0, 604.3), (983.0, 644.0), (904.3, 625.4), (891.0, 632.5), (956.0, 658.4), (983.0, 617.5), (983.0, 578.2), (983.0, 557.8), (983.0, 556.2), (983.0, 573.5), (983.0, 608.7), (972.7, 634.1), (898.0, 624.7), (895.3, 634.1), (966.0, 659.0), (983.0, 611.5), (983.0, 574.6), (983.0, 556.6), (983.0, 557.3), (983.0, 577.0), (983.0, 613.7), (962.3, 631.9), (893.0, 624.8), (901.0, 636.6), (974.1, 659.3), (983.0, 605.9), (983.0, 571.3), (983.0, 555.6), (983.0, 558.8), (983.0, 580.7), (983.0, 618.6), (952.0, 630.0), (889.3, 625.3), (908.0, 639.4)]",0,7.17
speedrunner,meatboy,10,Stuck,0,0,145.54,0.961,"[(73.0, 653.0), (120.3, 659.3), (200.3, 659.0), (280.3, 659.9), (360.3, 659.3), (440.3, 659.0), (520.3, 659.9), (600.3, 659.3), (680.3, 659.0), (760.3, 659.9), (840.3, 659.3), (920.3, 659.0), (1000.3, 659.9), (1015.0, 659.3), (1015.0, 659.0), (1015.0, 659.9), (1015.0, 659.3), (1015.0, 659.0), (1015.0, 659.9), (1015.0, 659.3), (1015.0, 659.0), (1015.0, 659.9), (1015.0, 659.3), (1015.0, 659.0), (1015.0, 659.9), (1015.0, 659.3), (1015.0, 659.0), (1015.0, 659.9), (1015.0, 659.3), (1015.0, 659.0), (1015.0, 659.9), (1015.0, 659.3), (1015.0, 659.0), (1015.0, 659.9), (1015.0, 659.3), (1015.0, 659.0), (1015.0, 659.9), (1015.0, 659.3), (1015.0, 659.0), (1015.0, 659.9), (1015.0, 659.3), (1015.0, 659.0), (1015.0, 659.9), (1015.0, 659.3), (1015.0, 659.0), (1015.0, 659.9), (1015.0, 659.3), (1015.0, 659.0), (1015.0, 659.9)]",0,6.43
speedrunner,meatboy,10,Stuck,14,0,123.0,0.915,"[(73.0, 653.0), (120.3, 655.1), (200.3, 650.4), (280.3, 659.3), (360.3, 659.0), (440.3, 659.9), (520.3, 659.3), (600.3, 659.0), (680.3, 659.9), (760.3, 659.3), (840.3, 659.0), (900.9, 659.9), (924.1, 659.3), (947.3, 659.0), (967.4, 659.9), (983.0, 624.3), (983.0, 582.7), (983.0, 559.9), (983.0, 556.0), (983.0, 570.9), (983.0, 604.3), (983.0, 644.0), (904.3, 625.4), (891.0, 632.5), (956.0, 658.4), (983.0, 617.5), (983.0, 578.2), (983.0, 557.8), (983.0, 556.2), (983.0, 573.5), (983.0, 608.7), (972.7, 634.1), (898.0, 624.7), (895.3, 634.1), (966.0, 659.0), (983.0, 611.5), (983.0, 574.6), (983.0, 556.6), (983.0, 557.3), (983.0, 577.0), (983.0, 613.7), (962.3, 631.9), (893.0, 624.8), (901.0, 636.6), (974.1, 659.3), (983.0, 605.9), (983.0, 571.3), (983.0, 555.6), (983.0, 558.8), (983.0, 580.7), (983.0, 618.6), (952.0, 630.0), (889.3, 625.3), (908.0, 639.4)]",0,7.17
speedrunner,meatboy,10,Stuck,0,0,145.54,0.961,"[(73.0, 653.0), (120.3, 659.3), (200.3, 659.0), (280.3, 659.9), (360.3, 659.3), (440.3, 659.0), (520.3, 659.9), (600.3, 659.3), (680.3, 659.0), (760.3, 659.9), (840.3, 659.3), (920.3, 659.0), (1000.3, 659.9), (1015.0, 659.3), (1015.0, 659.0), (1015.0, 659.9), (1015.0, 659.3), (1015.0, 659.0), (1015.0, 659.9), (1015.0, 659.3), (1015.0, 659.0), (1015.0, 659.9), (1015.0, 659.3), (1015.0, 659.0), (1015.0, 659.9), (1015.0, 659.3), (1015.0, 659.0), (1015.0, 659.9), (1015.0, 659.3), (1015.0, 659.0), (1015.0, 659.9), (1015.0, 659.3), (1015.0, 659.0), (1015.0, 659.9), (1015.0, 659.3), (1015.0, 659.0), (1015.0, 659.9), (1015.0, 659.3), (1015.0, 659.0), (1015.0, 659.9), (1015.0, 659.3), (1015.0, 659.0), (1015.0, 659.9), (1015.0, 659.3), (1015.0, 659.0), (1015.0, 659.9), (1015.0, 659.3), (1015.0, 659.0), (1015.0, 659.9)]",0,6.43
speedrunner,meatboy,10,Stuck,0,0,113.19,0.961,"[(73.0, 653.0), (101.2, 659.3), (178.0, 659.0), (237.0, 659.9), (261.0, 659.3), (291.0, 659.0), (320.0, 659.9), (350.3, 659.3), (379.7, 659.0), (408.0, 659.9), (435.3, 659.3), (461.7, 659.0), (496.3, 659.9), (537.0, 659.3), (576.7, 659.0), (613.0, 659.9), (648.3, 659.3), (673.3, 659.0), (695.0, 659.9), (720.3, 659.3), (749.3, 659.0), (775.0, 659.9), (804.3, 659.3), (835.0, 659.0), (869.3, 659.9), (905.0, 659.3), (942.0, 659.0), (978.0, 659.9), (1010.7, 659.3), (1015.0, 659.0), (1015.0, 659.9), (1015.0, 659.3), (1015.0, 659.0), (1015.0, 659.9), (1015.0, 659.3), (1015.0, 659.0), (1015.0, 659.9), (1015.0, 659.3), (1015.0, 659.0), (1015.0, 659.9), (1015.0, 659.3), (1015.0, 659.0), (1015.0, 659.9), (1015.0, 659.3), (1015.0, 659.0), (1015.0, 659.9), (1015.0, 659.3), (1015.0, 659.0), (1015.0, 659.9), (1015.0, 659.3), (1015.0, 659.0), (1015.0, 659.9), (1015.0, 659.3), (1015.0, 659.0), (1015.0, 659.9), (1015.0, 659.3), (1015.0, 659.0), (1015.0, 659.9), (1015.0, 659.3), (1015.0, 659.0), (1015.0, 659.9), (1015.0, 659.3), (1015.0, 659.0)]",0,8.32
speedrunner,meatboy,10,Stuck,1,0,145.54,0.961,"[(73.0, 653.0), (120.3, 659.3), (200.3, 659.0), (280.3, 659.9), (360.3, 659.3), (440.3, 659.0), (520.3, 659.9), (600.3, 659.3), (680.3, 659.0), (760.3, 659.9), (840.3, 659.3), (920.3, 659.0), (1000.3, 659.9), (1015.0, 659.3), (1015.0, 659.0), (1015.0, 659.9), (1015.0, 659.3), (1015.0, 659.0), (1015.0, 659.9), (1015.0, 659.3), (1015.0, 659.0), (1015.0, 659.9), (1015.0, 659.3), (1015.0, 659.0), (1015.0, 659.9), (1015.0, 659.3), (1015.0, 659.0), (1015.0, 659.9), (1015.0, 659.3), (1015.0, 659.0), (1015.0, 659.9), (1015.0, 659.3), (1015.0, 659.0), (1015.0, 659.9), (1015.0, 659.3), (1015.0, 659.0), (1015.0, 659.9), (1015.0, 659.3), (1015.0, 659.0), (1015.0, 659.9), (1015.0, 659.3), (1015.0, 659.0), (1015.0, 659.9), (1015.0, 659.3), (1015.0, 659.0), (1015.0, 659.9), (1015.0, 659.3), (1015.0, 659.0), (1015.0, 659.9)]",0,6.43
speedrunner,meatboy,10,Stuck,2,0,145.7,0.961,"[(73.0, 653.0), (120.3, 659.3), (200.3, 642.3), (280.3, 649.4), (360.3, 659.3), (440.3, 659.0), (520.3, 659.9), (600.3, 659.3), (680.3, 659.0), (760.3, 659.9), (840.3, 659.3), (920.3, 659.0), (1000.3, 659.9), (1015.0, 659.3), (1015.0, 659.0), (1015.0, 659.9), (1015.0, 659.3), (1015.0, 659.0), (1015.0, 659.9), (1015.0, 659.3), (1015.0, 659.0), (1015.0, 659.9), (1015.0, 659.3), (1015.0, 659.0), (1015.0, 659.9), (1015.0, 659.3), (1015.0, 659.0), (1015.0, 659.9), (1015.0, 659.3), (1015.0, 659.0), (1015.0, 659.9), (1015.0, 659.3), (1015.0, 659.0), (1015.0, 659.9), (1015.0, 659.3), (1015.0, 659.0), (1015.0, 659.9), (1015.0, 659.3), (1015.0, 659.0), (1015.0, 659.9), (1015.0, 659.3), (1015.0, 659.0), (1015.0, 659.9), (1015.0, 659.3), (1015.0, 659.0), (1015.0, 659.9), (1015.0, 659.3), (1015.0, 659.0), (1015.0, 659.9)]",0,6.43
speedrunner,meatboy,10,Stuck,0,0,-5.58,0.039,"[(73.0, 653.0), (41.0, 659.3), (41.0, 659.0), (41.0, 659.9), (41.0, 659.3), (41.0, 659.0), (41.0, 659.9), (41.0, 659.3), (41.0, 659.0), (41.0, 659.9), (41.0, 659.3), (41.0, 659.0), (41.0, 659.9), (41.0, 659.3), (41.0, 659.0), (41.0, 659.9), (41.0, 659.3), (41.0, 659.0), (41.0, 659.9), (41.0, 659.3), (41.0, 659.0), (41.0, 659.9), (41.0, 659.3), (41.0, 659.0), (41.0, 659.9), (41.0, 659.3), (41.0, 659.0), (41.0, 659.9), (41.0, 659.3), (41.0, 659.0), (41.0, 659.9), (41.0, 659.3), (41.0, 659.0), (41.0, 659.9), (41.0, 659.3), (41.0, 659.0), (41.0, 659.9), (41.0, 659.3)]",0,5.02
speedrunner,meatboy,10,Stuck,1,0,145.2,0.961,"[(73.0, 653.0), (120.3, 659.3), (200.3, 659.0), (280.3, 659.9), (360.3, 659.3), (440.3, 659.0), (520.3, 659.9), (600.3, 659.3), (680.3, 659.0), (760.3, 659.9), (840.3, 659.3), (920.3, 659.0), (965.6, 659.9), (1015.0, 654.8), (1015.0, 659.3), (1015.0, 659.0), (1015.0, 659.9), (1015.0, 659.3), (1015.0, 659.0), (1015.0, 659.9), (1015.0, 659.3), (1015.0, 659.0), (1015.0, 659.9), (1015.0, 659.3), (1015.0, 659.0), (1015.0, 659.9), (1015.0, 659.3), (1015.0, 659.0), (1015.0, 659.9), (1015.0, 659.3), (1015.0, 659.0), (1015.0, 659.9), (1015.0, 659.3), (1015.0, 659.0), (1015.0, 659.9), (1015.0, 659.3), (1015.0, 659.0), (1015.0, 659.9), (1015.0, 659.3), (1015.0, 659.0), (1015.0, 659.9), (1015.0, 659.3), (1015.0, 659.0), (1015.0, 659.9), (1015.0, 659.3), (1015.0, 659.0), (1015.0, 659.9), (1015.0, 659.3), (1015.0, 659.0)]",0,6.43
speedrunner,meatboy,10,Stuck,6,0,127.3,0.961,"[(73.0, 653.0), (120.3, 655.1), (200.3, 650.4), (280.3, 659.3), (360.3, 659.0), (440.3, 659.9), (520.3, 659.3), (600.3, 659.0), (680.3, 659.9), (760.3, 659.3), (840.3, 659.0), (889.3, 659.9), (910.9, 659.3), (932.6, 659.0), (947.8, 659.9), (963.1, 659.3), (978.6, 652.2), (983.0, 601.1), (983.0, 568.9), (983.0, 555.6), (983.0, 561.1), (983.0, 585.4), (983.0, 624.2), (941.7, 628.9), (887.0, 626.6), (916.3, 643.1), (987.6, 659.0), (1015.0, 657.4), (1015.0, 659.0), (1015.0, 659.9), (1015.0, 659.3), (1015.0, 659.0), (1015.0, 659.9), (1015.0, 659.3), (1015.0, 659.0), (1015.0, 659.9), (1015.0, 659.3), (1015.0, 659.0), (1015.0, 659.9), (1015.0, 659.3), (1015.0, 659.0), (1015.0, 659.9), (1015.0, 659.3), (1015.0, 659.0), (1015.0, 659.9), (1015.0, 659.3), (1015.0, 659.0), (1015.0, 659.9), (1015.0, 659.3), (1015.0, 659.0), (1015.0, 659.9), (1015.0, 659.3), (1015.0, 659.0), (1015.0, 659.9), (1015.0, 659.3), (1015.0, 659.0)]",0,7.37
speedrunner,meatboy,10,Stuck,0,0,-5.58,0.039,"[(73.0, 653.0), (69.0, 659.3), (41.0, 659.0), (41.0, 659.9), (41.0, 659.3), (41.0, 659.0), (41.0, 659.9), (41.0, 659.3), (41.0, 659.0), (41.0, 659.9), (41.0, 659.3), (41.0, 659.0), (41.0, 659.9), (41.0, 659.3), (41.0, 659.0), (41.0, 659.9), (41.0, 659.3), (41.0, 659.0), (41.0, 659.9), (41.0, 659.3), (41.0, 659.0), (41.0, 659.9), (41.0, 659.3), (41.0, 659.0), (41.0, 659.9), (41.0, 659.3), (41.0, 659.0), (41.0, 659.9), (41.0, 659.3), (41.0, 659.0), (41.0, 659.9), (41.0, 659.3), (41.0, 659.0), (41.0, 659.9), (41.0, 659.3), (41.0, 659.0), (41.0, 659.9), (41.0, 659.3)]",0,5.02
speedrunner,meatboy,10,Stuck,4,0,138.57,0.961,"[(73.0, 653.0), (120.3, 655.1), (200.3, 650.4), (280.3, 659.3), (360.3, 659.0), (440.3, 659.9), (520.3, 659.3), (600.3, 659.0), (680.3, 659.9), (760.3, 659.3), (840.3, 659.0), (920.3, 659.9), (983.0, 617.5), (983.0, 578.2), (983.0, 557.8), (983.0, 556.2), (983.0, 573.5), (983.0, 608.7), (983.0, 648.4), (1015.0, 655.9), (1015.0, 659.9), (1015.0, 659.3), (1015.0, 659.0), (1015.0, 659.9), (1015.0, 659.3), (1015.0, 659.0), (1015.0, 659.9), (1015.0, 659.3), (1015.0, 659.0), (1015.0, 659.9), (1015.0, 659.3), (1015.0, 659.0), (1015.0, 659.9), (1015.0, 659.3), (1015.0, 659.0), (1015.0, 659.9), (1015.0, 659.3), (1015.0, 659.0), (1015.0, 659.9), (1015.0, 659.3), (1015.0, 659.0), (1015.0, 659.9), (1015.0, 659.3), (1015.0, 659.0), (1015.0, 659.9), (1015.0, 659.3), (1015.0, 659.0), (1015.0, 659.9), (1015.0, 659.3), (1015.0, 659.0), (1015.0, 659.9)]",0,6.75
speedrunner,meatboy,10,Stuck,4,0,138.57,0.961,"[(73.0, 653.0), (120.3, 655.1), (200.3, 650.4), (280.3, 659.3), (360.3, 659.0), (440.3, 659.9), (520.3, 659.3), (600.3, 659.0), (680.3, 659.9), (760.3, 659.3), (840.3, 659.0), (920.3, 659.9), (983.0, 617.5), (983.0, 578.2), (983.0, 557.8), (983.0, 556.2), (983.0, 573.5), (983.0, 608.7), (983.0, 648.4), (1015.0, 655.9), (1015.0, 659.9), (1015.0, 659.3), (1015.0, 659.0), (1015.0, 659.9), (1015.0, 659.3), (1015.0, 659.0), (1015.0, 659.9), (1015.0, 659.3), (1015.0, 659.0), (1015.0, 659.9), (1015.0, 659.3), (1015.0, 659.0), (1015.0, 659.9), (1015.0, 659.3), (1015.0, 659.0), (1015.0, 659.9), (1015.0, 659.3), (1015.0, 659.0), (1015.0, 659.9), (1015.0, 659.3), (1015.0, 659.0), (1015.0, 659.9), (1015.0, 659.3), (1015.0, 659.0), (1015.0, 659.9), (1015.0, 659.3), (1015.0, 659.0), (1015.0, 659.9), (1015.0, 659.3), (1015.0, 659.0), (1015.0, 659.9)]",0,6.75
speedrunner,meatboy,10,Stuck,6,0,127.3,0.961,"[(73.0, 653.0), (120.3, 655.1), (200.3, 650.4), (280.3, 659.3), (360.3, 659.0), (440.3, 659.9), (520.3, 659.3), (600.3, 659.0), (680.3, 659.9), (760.3, 659.3), (840.3, 659.0), (889.3, 659.9), (910.9, 659.3), (932.6, 659.0), (947.8, 659.9), (963.1, 659.3), (978.6, 652.2), (983.0, 601.1), (983.0, 568.9), (983.0, 555.6), (983.0, 561.1), (983.0, 585.4), (983.0, 624.2), (941.7, 628.9), (887.0, 626.6), (916.3, 643.1), (987.6, 659.0), (1015.0, 657.4), (1015.0, 659.0), (1015.0, 659.9), (1015.0, 659.3), (1015.0, 659.0), (1015.0, 659.9), (1015.0, 659.3), (1015.0, 659.0), (1015.0, 659.9), (1015.0, 659.3), (1015.0, 659.0), (1015.0, 659.9), (1015.0, 659.3), (1015.0, 659.0), (1015.0, 659.9), (1015.0, 659.3), (1015.0, 659.0), (1015.0, 659.9), (1015.0, 659.3), (1015.0, 659.0), (1015.0, 659.9), (1015.0, 659.3), (1015.0, 659.0), (1015.0, 659.9), (1015.0, 659.3), (1015.0, 659.0), (1015.0, 659.9), (1015.0, 659.3), (1015.0, 659.0)]",0,7.37
speedrunner,meatboy,10,Stuck,14,0,123.0,0.915,"[(73.0, 653.0), (120.3, 655.1), (200.3, 650.4), (280.3, 659.3), (360.3, 659.0), (440.3, 659.9), (520.3, 659.3), (600.3, 659.0), (680.3, 659.9), (760.3, 659.3), (840.3, 659.0), (900.9, 659.9), (924.1, 659.3), (947.3, 659.0), (967.4, 659.9), (983.0, 624.3), (983.0, 582.7), (983.0, 559.9), (983.0, 556.0), (983.0, 570.9), (983.0, 604.3), (983.0, 644.0), (904.3, 625.4), (891.0, 632.5), (956.0, 658.4), (983.0, 617.5), (983.0, 578.2), (983.0, 557.8), (983.0, 556.2), (983.0, 573.5), (983.0, 608.7), (972.7, 634.1), (898.0, 624.7), (895.3, 634.1), (966.0, 659.0), (983.0, 611.5), (983.0, 574.6), (983.0, 556.6), (983.0, 557.3), (983.0, 577.0), (983.0, 613.7), (962.3, 631.9), (893.0, 624.8), (901.0, 636.6), (974.1, 659.3), (983.0, 605.9), (983.0, 571.3), (983.0, 555.6), (983.0, 558.8), (983.0, 580.7), (983.0, 618.6), (952.0, 630.0), (889.3, 625.3), (908.0, 639.4)]",0,7.17
speedrunner,meatboy,10,Stuck,1,0,145.2,0.961,"[(73.0, 653.0), (120.3, 659.3), (200.3, 659.0), (280.3, 659.9), (360.3, 659.3), (440.3, 659.0), (520.3, 659.9), (600.3, 659.3), (680.3, 659.0), (760.3, 659.9), (840.3, 659.3), (920.3, 659.0), (965.6, 659.9), (1015.0, 654.8), (1015.0, 659.3), (1015.0, 659.0), (1015.0, 659.9), (1015.0, 659.3), (1015.0, 659.0), (1015.0, 659.9), (1015.0, 659.3), (1015.0, 659.0), (1015.0, 659.9), (1015.0, 659.3), (1015.0, 659.0), (1015.0, 659.9), (1015.0, 659.3), (1015.0, 659.0), (1015.0, 659.9), (1015.0, 659.3), (1015.0, 659.0), (1015.0, 659.9), (1015.0, 659.3), (1015.0, 659.0), (1015.0, 659.9), (1015.0, 659.3), (1015.0, 659.0), (1015.0, 659.9), (1015.0, 659.3), (1015.0, 659.0), (1015.0, 659.9), (1015.0, 659.3), (1015.0, 659.0), (1015.0, 659.9), (1015.0, 659.3), (1015.0, 659.0), (1015.0, 659.9), (1015.0, 659.3), (1015.0, 659.0)]",0,6.43
speedrunner,meatboy,10,Stuck,1,0,122.18,0.961,"[(73.0, 653.0), (120.3, 659.3), (200.3, 659.0), (280.3, 659.9), (329.7, 659.3), (366.0, 659.0), (428.3, 659.9), (508.3, 659.3), (560.6, 659.0), (633.2, 659.9), (713.2, 659.3), (793.2, 659.0), (831.9, 659.9), (844.4, 659.3), (851.3, 659.0), (858.2, 659.9), (865.1, 659.3), (872.0, 659.0), (878.9, 659.9), (885.8, 659.3), (892.7, 659.0), (899.6, 659.9), (906.4, 659.3), (913.3, 659.0), (920.2, 659.9), (927.1, 659.3), (934.0, 659.0), (940.9, 659.9), (947.8, 659.3), (954.7, 659.0), (961.6, 659.9), (968.4, 659.3), (975.3, 659.0), (1008.7, 657.4), (1015.0, 659.0), (1015.0, 659.9), (1015.0, 659.3), (1015.0, 659.0), (1015.0, 659.9), (1015.0, 659.3), (1015.0, 659.0), (1015.0, 659.9), (1015.0, 659.3), (1015.0, 659.0), (1015.0, 659.9), (1015.0, 659.3), (1015.0, 659.0), (1015.0, 659.9), (1015.0, 659.3), (1015.0, 659.0), (1015.0, 659.9), (1015.0, 659.3), (1015.0, 659.0), (1015.0, 659.9), (1015.0, 659.3), (1015.0, 659.0), (1015.0, 659.9), (1015.0, 659.3)]",0,7.72
speedrunner,meatboy,10,Stuck,8,0,131.63,0.961,"[(73.0, 653.0), (120.3, 655.1), (200.3, 650.4), (280.3, 659.3), (360.3, 659.0), (440.3, 659.9), (520.3, 659.3), (600.3, 659.0), (680.3, 659.9), (760.3, 659.3), (840.3, 659.0), (882.3, 659.9), (907.9, 659.3), (930.4, 659.0), (953.1, 651.6), (983.0, 600.5), (983.0, 568.3), (983.0, 555.0), (983.0, 560.5), (983.0, 584.8), (983.0, 623.6), (941.7, 628.3), (887.0, 626.0), (903.0, 642.5), (955.3, 659.0), (978.3, 637.6), (983.0, 591.3), (983.0, 563.8), (983.0, 555.2), (983.0, 565.4), (983.0, 594.4), (983.0, 634.1), (921.0, 626.6), (886.3, 629.0), (936.0, 650.2), (1003.2, 659.9), (1015.0, 659.3), (1015.0, 659.0), (1015.0, 659.9), (1015.0, 659.3), (1015.0, 659.0), (1015.0, 659.9), (1015.0, 659.3), (1015.0, 659.0), (1015.0, 659.9), (1015.0, 659.3), (1015.0, 659.0), (1015.0, 659.9), (1015.0, 659.3), (1015.0, 659.0), (1015.0, 659.9), (1015.0, 659.3), (1015.0, 659.0), (1015.0, 659.9)]",0,7.1
speedrunner,meatboy,10,Stuck,5,0,138.91,0.961,"[(73.0, 653.0), (120.3, 655.1), (200.3, 650.4), (280.3, 659.3), (360.3, 659.0), (440.3, 659.9), (520.3, 659.3), (600.3, 644.2), (680.3, 623.9), (760.3, 644.0), (840.3, 659.3), (920.3, 659.0), (983.0, 611.5), (983.0, 574.6), (983.0, 556.6), (983.0, 557.3), (983.0, 577.0), (983.0, 613.7), (983.0, 653.4), (1015.0, 657.4), (1015.0, 659.0), (1015.0, 659.9), (1015.0, 659.3), (1015.0, 659.0), (1015.0, 659.9), (1015.0, 659.3), (1015.0, 659.0), (1015.0, 659.9), (1015.0, 659.3), (1015.0, 659.0), (1015.0, 659.9), (1015.0, 659.3), (1015.0, 659.0), (1015.0, 659.9), (1015.0, 659.3), (1015.0, 659.0), (1015.0, 659.9), (1015.0, 659.3), (1015.0, 659.0), (1015.0, 659.9), (1015.0, 659.3), (1015.0, 659.0), (1015.0, 659.9), (1015.0, 659.3), (1015.0, 659.0), (1015.0, 659.9), (1015.0, 659.3), (1015.0, 659.0), (1015.0, 659.9), (1015.0, 659.3), (1015.0, 659.0)]",0,6.73
speedrunner,meatboy,10,Stuck,5,0,138.62,0.961,"[(73.0, 653.0), (120.3, 655.1), (200.3, 650.4), (280.3, 659.3), (360.3, 659.0), (440.3, 659.9), (520.3, 659.3), (600.3, 659.0), (680.3, 659.9), (760.3, 659.3), (840.3, 659.0), (920.3, 659.9), (983.0, 629.9), (983.0, 586.0), (983.0, 560.8), (983.0, 554.5), (983.0, 567.1), (983.0, 598.5), (983.0, 638.2), (912.0, 625.0), (888.0, 629.7), (946.0, 653.3), (1015.0, 659.0), (1015.0, 659.9), (1015.0, 659.3), (1015.0, 659.0), (1015.0, 659.9), (1015.0, 659.3), (1015.0, 659.0), (1015.0, 659.9), (1015.0, 659.3), (1015.0, 659.0), (1015.0, 659.9), (1015.0, 659.3), (1015.0, 659.0), (1015.0, 659.9), (1015.0, 659.3), (1015.0, 659.0), (1015.0, 659.9), (1015.0, 659.3), (1015.0, 659.0), (1015.0, 659.9), (1015.0, 659.3), (1015.0, 659.0), (1015.0, 659.9), (1015.0, 659.3), (1015.0, 659.0), (1015.0, 659.9), (1015.0, 659.3), (1015.0, 659.0), (1015.0, 659.9)]",0,6.78
speedrunner,meatboy,10,Stuck,5,0,139.95,0.961,"[(73.0, 653.0), (120.3, 655.1), (200.3, 650.4), (280.3, 659.3), (360.3, 659.0), (440.3, 659.9), (520.3, 659.3), (600.3, 630.8), (680.3, 627.2), (760.3, 651.9), (840.3, 659.0), (920.3, 643.9), (983.0, 595.2), (983.0, 565.4), (983.0, 554.4), (983.0, 562.2), (983.0, 588.9), (983.0, 628.3), (991.0, 653.0), (1015.0, 659.3), (1015.0, 659.0), (1015.0, 659.9), (1015.0, 659.3), (1015.0, 659.0), (1015.0, 659.9), (1015.0, 659.3), (1015.0, 659.0), (1015.0, 659.9), (1015.0, 659.3), (1015.0, 659.0), (1015.0, 659.9), (1015.0, 659.3), (1015.0, 659.0), (1015.0, 659.9), (1015.0, 659.3), (1015.0, 659.0), (1015.0, 659.9), (1015.0, 659.3), (1015.0, 659.0), (1015.0, 659.9), (1015.0, 659.3), (1015.0, 659.0), (1015.0, 659.9), (1015.0, 659.3), (1015.0, 659.0), (1015.0, 659.9), (1015.0, 659.3), (1015.0, 659.0), (1015.0, 659.9), (1015.0, 659.3), (1015.0, 659.0)]",0,6.68
speedrunner,meatboy,10,Stuck,3,0,144.71,0.961,"[(73.0, 653.0), (120.3, 655.1), (200.3, 650.4), (280.3, 659.3), (360.3, 659.0), (440.3, 659.9), (520.3, 659.3), (600.3, 659.0), (680.3, 659.9), (760.3, 659.3), (840.3, 659.0), (894.4, 659.9), (915.2, 659.3), (932.7, 659.0), (950.4, 659.9), (961.6, 659.3), (976.2, 659.0), (1015.0, 657.4), (1015.0, 659.0), (1015.0, 659.9), (1015.0, 659.3), (1015.0, 659.0), (1015.0, 659.9), (1015.0, 659.3), (1015.0, 659.0), (1015.0, 659.9), (1015.0, 659.3), (1015.0, 659.0), (1015.0, 659.9), (1015.0, 659.3), (1015.0, 659.0), (1015.0, 659.9), (1015.0, 659.3), (1015.0, 659.0), (1015.0, 659.9), (1015.0, 659.3), (1015.0, 659.0), (1015.0, 659.9), (1015.0, 659.3), (1015.0, 659.0), (1015.0, 659.9), (1015.0, 659.3), (1015.0, 659.0), (1015.0, 659.9), (1015.0, 659.3), (1015.0, 659.0), (1015.0, 659.9), (1015.0, 659.3), (1015.0, 659.0)]",0,6.48
speedrunner,meatboy,10,Stuck,5,0,139.95,0.961,"[(73.0, 653.0), (120.3, 655.1), (200.3, 650.4), (280.3, 659.3), (360.3, 659.0), (440.3, 659.9), (520.3, 659.3), (600.3, 630.8), (680.3, 627.2), (760.3, 651.9), (840.3, 659.0), (920.3, 643.9), (983.0, 595.2), (983.0, 565.4), (983.0, 554.4), (983.0, 562.2), (983.0, 588.9), (983.0, 628.3), (991.0, 653.0), (1015.0, 659.3), (1015.0, 659.0), (1015.0, 659.9), (1015.0, 659.3), (1015.0, 659.0), (1015.0, 659.9), (1015.0, 659.3), (1015.0, 659.0), (1015.0, 659.9), (1015.0, 659.3), (1015.0, 659.0), (1015.0, 659.9), (1015.0, 659.3), (1015.0, 659.0), (1015.0, 659.9), (1015.0, 659.3), (1015.0, 659.0), (1015.0, 659.9), (1015.0, 659.3), (1015.0, 659.0), (1015.0, 659.9), (1015.0, 659.3), (1015.0, 659.0), (1015.0, 659.9), (1015.0, 659.3), (1015.0, 659.0), (1015.0, 659.9), (1015.0, 659.3), (1015.0, 659.0), (1015.0, 659.9), (1015.0, 659.3), (1015.0, 659.0)]",0,6.68
speedrunner,meatboy,10,Stuck,5,0,138.62,0.961,"[(73.0, 653.0), (120.3, 655.1), (200.3, 650.4), (280.3, 659.3), (360.3, 659.0), (440.3, 659.9), (520.3, 659.3), (600.3, 659.0), (680.3, 659.9), (760.3, 659.3), (840.3, 659.0), (920.3, 659.9), (983.0, 629.9), (983.0, 586.0), (983.0, 560.8), (983.0, 554.5), (983.0, 567.1), (983.0, 598.5), (983.0, 638.2), (912.0, 625.0), (888.0, 629.7), (946.0, 653.3), (1015.0, 659.0), (1015.0, 659.9), (1015.0, 659.3), (1015.0, 659.0), (1015.0, 659.9), (1015.0, 659.3), (1015.0, 659.0), (1015.0, 659.9), (1015.0, 659.3), (1015.0, 659.0), (1015.0, 659.9), (1015.0, 659.3), (1015.0, 659.0), (1015.0, 659.9), (1015.0, 659.3), (1015.0, 659.0), (1015.0, 659.9), (1015.0, 659.3), (1015.0, 659.0), (1015.0, 659.9), (1015.0, 659.3), (1015.0, 659.0), (1015.0, 659.9), (1015.0, 659.3), (1015.0, 659.0), (1015.0, 659.9), (1015.0, 659.3), (1015.0, 659.0), (1015.0, 659.9)]",0,6.78
speedrunner,meatboy,10,Stuck,5,0,138.91,0.961,"[(73.0, 653.0), (120.3, 655.1), (200.3, 650.4), (280.3, 659.3), (360.3, 659.0), (440.3, 659.9), (520.3, 659.3), (600.3, 644.2), (680.3, 623.9), (760.3, 644.0), (840.3, 659.3), (920.3, 659.0), (983.0, 611.5), (983.0, 574.6), (983.0, 556.6), (983.0, 557.3), (983.0, 577.0), (983.0, 613.7), (983.0, 653.4), (1015.0, 657.4), (1015.0, 659.0), (1015.0, 659.9), (1015.0, 659.3), (1015.0, 659.0), (1015.0, 659.9), (1015.0, 659.3), (1015.0, 659.0), (1015.0, 659.9), (1015.0, 659.3), (1015.0, 659.0), (1015.0, 659.9), (1015.0, 659.3), (1015.0, 659.0), (1015.0, 659.9), (1015.0, 659.3), (1015.0, 659.0), (1015.0, 659.9), (1015.0, 659.3), (1015.0, 659.0), (1015.0, 659.9), (1015.0, 659.3), (1015.0, 659.0), (1015.0, 659.9), (1015.0, 659.3), (1015.0, 659.0), (1015.0, 659.9), (1015.0, 659.3), (1015.0, 659.0), (1015.0, 659.9), (1015.0, 659.3), (1015.0, 659.0)]",0,6.73
speedrunner,meatboy,10,Stuck,8,0,131.63,0.961,"[(73.0, 653.0), (120.3, 655.1), (200.3, 650.4), (280.3, 659.3), (360.3, 659.0), (440.3, 659.9), (520.3, 659.3), (600.3, 659.0), (680.3, 659.9), (760.3, 659.3), (840.3, 659.0), (882.3, 659.9), (907.9, 659.3), (930.4, 659.0), (953.1, 651.6), (983.0, 600.5), (983.0, 568.3), (983.0, 555.0), (983.0, 560.5), (983.0, 584.8), (983.0, 623.6), (941.7, 628.3), (887.0, 626.0), (903.0, 642.5), (955.3, 659.0), (978.3, 637.6), (983.0, 591.3), (983.0, 563.8), (983.0, 555.2), (983.0, 565.4), (983.0, 594.4), (983.0, 634.1), (921.0, 626.6), (886.3, 629.0), (936.0, 650.2), (1003.2, 659.9), (1015.0, 659.3), (1015.0, 659.0), (1015.0, 659.9), (1015.0, 659.3), (1015.0, 659.0), (1015.0, 659.9), (1015.0, 659.3), (1015.0, 659.0), (1015.0, 659.9), (1015.0, 659.3), (1015.0, 659.0), (1015.0, 659.9), (1015.0, 659.3), (1015.0, 659.0), (1015.0, 659.9), (1015.0, 659.3), (1015.0, 659.0), (1015.0, 659.9)]",0,7.1
speedrunner,meatboy,10,Stuck,6,0,145.79,0.961,"[(73.0, 653.0), (120.3, 655.1), (200.3, 650.4), (280.3, 659.3), (360.3, 659.0), (440.3, 659.9), (520.3, 659.3), (600.3, 630.8), (680.3, 627.2), (760.3, 651.9), (840.3, 659.0), (920.3, 630.2), (983.0, 586.3), (983.0, 561.1), (983.0, 554.8), (983.0, 567.4), (983.0, 598.8), (983.0, 638.5), (912.0, 625.3), (888.0, 630.0), (946.0, 653.6), (1015.0, 659.0), (1015.0, 659.9), (1015.0, 659.3), (1015.0, 659.0), (1015.0, 659.9), (1015.0, 659.3), (1015.0, 659.0), (1015.0, 659.9), (1015.0, 659.3), (1015.0, 659.0), (1015.0, 659.9), (1015.0, 659.3), (1015.0, 659.0), (1015.0, 659.9), (1015.0, 659.3), (1015.0, 659.0), (1015.0, 659.9), (1015.0, 659.3), (1015.0, 659.0), (1015.0, 659.9), (1015.0, 659.3), (1015.0, 659.0), (1015.0, 659.9), (1015.0, 659.3), (1015.0, 659.0), (1015.0, 659.9), (1015.0, 659.3), (1015.0, 659.0)]",0,6.45
speedrunner,meatboy,10,Stuck,7,0,130.71,0.961,"[(73.0, 653.0), (120.3, 655.1), (200.3, 650.4), (280.3, 659.3), (360.3, 659.0), (440.3, 659.9), (520.3, 659.3), (600.3, 659.0), (680.3, 659.9), (760.3, 659.3), (840.3, 659.0), (900.9, 659.9), (927.3, 659.3), (953.9, 659.0), (970.7, 659.9), (983.0, 617.5), (983.0, 578.2), (983.0, 557.8), (983.0, 556.2), (983.0, 573.5), (983.0, 608.7), (972.7, 634.1), (898.0, 624.7), (887.3, 634.1), (911.3, 659.0), (979.6, 649.6), (991.0, 659.0), (1015.0, 659.0), (1015.0, 659.9), (1015.0, 659.3), (1015.0, 659.0), (1015.0, 659.9), (1015.0, 659.3), (1015.0, 659.0), (1015.0, 659.9), (1015.0, 659.3), (1015.0, 659.0), (1015.0, 659.9), (1015.0, 659.3), (1015.0, 659.0), (1015.0, 659.9), (1015.0, 659.3), (1015.0, 659.0), (1015.0, 659.9), (1015.0, 659.3), (1015.0, 659.0), (1015.0, 659.9), (1015.0, 659.3), (1015.0, 659.0), (1015.0, 659.9), (1015.0, 659.3), (1015.0, 659.0), (1015.0, 659.9), (1015.0, 659.3)]",0,7.15
speedrunner,meatboy,10,Stuck,9,0,124.33,0.961,"[(73.0, 653.0), (120.3, 655.1), (200.3, 650.4), (280.3, 659.3), (360.3, 659.0), (440.3, 659.9), (520.3, 624.3), (589.7, 582.7), (599.0, 566.4), (599.0, 571.1), (599.0, 594.7), (528.0, 580.8), (493.3, 585.5), (472.0, 609.1), (512.0, 651.5), (592.0, 644.2), (672.0, 623.9), (752.0, 644.0), (832.0, 659.3), (912.0, 636.8), (983.0, 590.4), (983.0, 562.9), (983.0, 554.3), (983.0, 564.5), (983.0, 593.5), (983.0, 633.2), (921.0, 625.7), (886.3, 628.1), (929.0, 649.3), (989.3, 659.9), (1015.0, 659.3), (1015.0, 659.0), (1015.0, 659.9), (1015.0, 659.3), (1015.0, 659.0), (1015.0, 659.9), (1015.0, 659.3), (1015.0, 659.0), (1015.0, 659.9), (1015.0, 659.3), (1015.0, 659.0), (1015.0, 659.9), (1015.0, 659.3), (1015.0, 659.0), (1015.0, 659.9), (1015.0, 659.3), (1015.0, 659.0), (1015.0, 659.9), (1015.0, 659.3), (1015.0, 659.0), (1015.0, 659.9), (1015.0, 659.3), (1015.0, 659.0), (1015.0, 659.9), (1015.0, 659.3), (1015.0, 659.0), (1015.0, 659.9)]",0,7.53
speedrunner,meatboy,10,Stuck,8,0,126.41,0.961,"[(73.0, 653.0), (120.3, 655.1), (200.3, 650.4), (280.3, 659.3), (360.3, 659.0), (440.3, 659.9), (520.3, 659.3), (600.3, 644.2), (680.3, 623.9), (760.3, 644.0), (840.3, 659.3), (879.0, 659.0), (901.4, 659.9), (920.6, 659.3), (936.7, 659.0), (952.8, 659.9), (969.1, 637.1), (983.0, 590.7), (983.0, 563.2), (983.0, 554.6), (983.0, 564.8), (983.0, 593.8), (983.0, 633.5), (921.0, 626.0), (886.3, 628.4), (889.0, 649.6), (944.2, 650.9), (983.0, 653.3), (1015.0, 655.9), (1015.0, 659.9), (1015.0, 659.3), (1015.0, 659.0), (1015.0, 659.9), (1015.0, 659.3), (1015.0, 659.0), (1015.0, 659.9), (1015.0, 659.3), (1015.0, 659.0), (1015.0, 659.9), (1015.0, 659.3), (1015.0, 659.0), (1015.0, 659.9), (1015.0, 659.3), (1015.0, 659.0), (1015.0, 659.9), (1015.0, 659.3), (1015.0, 659.0), (1015.0, 659.9), (1015.0, 659.3), (1015.0, 659.0), (1015.0, 659.9), (1015.0, 659.3), (1015.0, 659.0), (1015.0, 659.9), (1015.0, 659.3), (1015.0, 659.0)]",0,7.33
speedrunner,meatboy,10,Stuck,14,0,132.07,0.961,"[(73.0, 653.0), (120.3, 655.1), (200.3, 650.4), (280.3, 659.3), (360.3, 659.0), (440.3, 659.9), (520.3, 659.3), (600.3, 659.0), (680.3, 659.9), (760.3, 659.3), (840.3, 659.0), (918.4, 659.9), (948.9, 659.3), (969.7, 659.0), (983.0, 637.6), (983.0, 591.3), (983.0, 563.8), (983.0, 555.2), (983.0, 565.4), (983.0, 594.4), (983.0, 634.1), (921.0, 626.6), (886.3, 629.0), (905.0, 650.2), (952.4, 659.9), (970.5, 659.3), (983.0, 617.2), (983.0, 577.9), (983.0, 557.5), (983.0, 555.9), (983.0, 573.2), (983.0, 608.4), (972.7, 633.8), (898.0, 624.4), (887.3, 633.8), (911.3, 659.0), (979.6, 649.6), (991.0, 659.0), (1015.0, 659.0), (1015.0, 659.9), (1015.0, 659.3), (1015.0, 659.0), (1015.0, 659.9), (1015.0, 659.3), (1015.0, 659.0), (1015.0, 659.9), (1015.0, 659.3), (1015.0, 659.0), (1015.0, 659.9), (1015.0, 659.3), (1015.0, 659.0), (1015.0, 659.9), (1015.0, 659.3), (1015.0, 659.0)]",0,7.07
speedrunner,meatboy,10,Stuck,2,0,145.4,0.961,"[(73.0, 653.0), (120.3, 655.1), (200.3, 650.4), (280.3, 659.3), (360.3, 659.0), (440.3, 659.9), (520.3, 659.3), (600.3, 659.0), (680.3, 659.9), (760.3, 659.3), (840.3, 659.0), (920.3, 659.9), (1000.3, 659.3), (1015.0, 659.0), (1015.0, 659.9), (1015.0, 659.3), (1015.0, 659.0), (1015.0, 659.9), (1015.0, 659.3), (1015.0, 659.0), (1015.0, 659.9), (1015.0, 659.3), (1015.0, 659.0), (1015.0, 659.9), (1015.0, 659.3), (1015.0, 659.0), (1015.0, 659.9), (1015.0, 659.3), (1015.0, 659.0), (1015.0, 659.9), (1015.0, 659.3), (1015.0, 659.0), (1015.0, 659.9), (1015.0, 659.3), (1015.0, 659.0), (1015.0, 659.9), (1015.0, 659.3), (1015.0, 659.0), (1015.0, 659.9), (1015.0, 659.3), (1015.0, 659.0), (1015.0, 659.9), (1015.0, 659.3), (1015.0, 659.0), (1015.0, 659.9), (1015.0, 659.3), (1015.0, 659.0), (1015.0, 659.9), (1015.0, 659.3)]",0,6.43
speedrunner,meatboy,10,Stuck,14,0,132.07,0.961,"[(73.0, 653.0), (120.3, 655.1), (200.3, 650.4), (280.3, 659.3), (360.3, 659.0), (440.3, 659.9), (520.3, 659.3), (600.3, 659.0), (680.3, 659.9), (760.3, 659.3), (840.3, 659.0), (918.4, 659.9), (948.9, 659.3), (969.7, 659.0), (983.0, 637.6), (983.0, 591.3), (983.0, 563.8), (983.0, 555.2), (983.0, 565.4), (983.0, 594.4), (983.0, 634.1), (921.0, 626.6), (886.3, 629.0), (905.0, 650.2), (952.4, 659.9), (970.5, 659.3), (983.0, 617.2), (983.0, 577.9), (983.0, 557.5), (983.0, 555.9), (983.0, 573.2), (983.0, 608.4), (972.7, 633.8), (898.0, 624.4), (887.3, 633.8), (911.3, 659.0), (979.6, 649.6), (991.0, 659.0), (1015.0, 659.0), (1015.0, 659.9), (1015.0, 659.3), (1015.0, 659.0), (1015.0, 659.9), (1015.0, 659.3), (1015.0, 659.0), (1015.0, 659.9), (1015.0, 659.3), (1015.0, 659.0), (1015.0, 659.9), (1015.0, 659.3), (1015.0, 659.0), (1015.0, 659.9), (1015.0, 659.3), (1015.0, 659.0)]",0,7.07
speedrunner,meatboy,10,Stuck,8,0,126.41,0.961,"[(73.0, 653.0), (120.3, 655.1), (200.3, 650.4), (280.3, 659.3), (360.3, 659.0), (440.3, 659.9), (520.3, 659.3), (600.3, 644.2), (680.3, 623.9), (760.3, 644.0), (840.3, 659.3), (879.0, 659.0), (901.4, 659.9), (920.6, 659.3), (936.7, 659.0), (952.8, 659.9), (969.1, 637.1), (983.0, 590.7), (983.0, 563.2), (983.0, 554.6), (983.0, 564.8), (983.0, 593.8), (983.0, 633.5), (921.0, 626.0), (886.3, 628.4), (889.0, 649.6), (944.2, 650.9), (983.0, 653.3), (1015.0, 655.9), (1015.0, 659.9), (1015.0, 659.3), (1015.0, 659.0), (1015.0, 659.9), (1015.0, 659.3), (1015.0, 659.0), (1015.0, 659.9), (1015.0, 659.3), (1015.0, 659.0), (1015.0, 659.9), (1015.0, 659.3), (1015.0, 659.0), (1015.0, 659.9), (1015.0, 659.3), (1015.0, 659.0), (1015.0, 659.9), (1015.0, 659.3), (1015.0, 659.0), (1015.0, 659.9), (1015.0, 659.3), (1015.0, 659.0), (1015.0, 659.9), (1015.0, 659.3), (1015.0, 659.0), (1015.0, 659.9), (1015.0, 659.3), (1015.0, 659.0)]",0,7.33
speedrunner,meatboy,10,Stuck,9,0,124.33,0.961,"[(73.0, 653.0), (120.3, 655.1), (200.3, 650.4), (280.3, 659.3), (360.3, 659.0), (440.3, 659.9), (520.3, 624.3), (589.7, 582.7), (599.0, 566.4), (599.0, 571.1), (599.0, 594.7), (528.0, 580.8), (493.3, 585.5), (472.0, 609.1), (512.0, 651.5), (592.0, 644.2), (672.0, 623.9), (752.0, 644.0), (832.0, 659.3), (912.0, 636.8), (983.0, 590.4), (983.0, 562.9), (983.0, 554.3), (983.0, 564.5), (983.0, 593.5), (983.0, 633.2), (921.0, 625.7), (886.3, 628.1), (929.0, 649.3), (989.3, 659.9), (1015.0, 659.3), (1015.0, 659.0), (1015.0, 659.9), (1015.0, 659.3), (1015.0, 659.0), (1015.0, 659.9), (1015.0, 659.3), (1015.0, 659.0), (1015.0, 659.9), (1015.0, 659.3), (1015.0, 659.0), (1015.0, 659.9), (1015.0, 659.3), (1015.0, 659.0), (1015.0, 659.9), (1015.0, 659.3), (1015.0, 659.0), (1015.0, 659.9), (1015.0, 659.3), (1015.0, 659.0), (1015.0, 659.9), (1015.0, 659.3), (1015.0, 659.0), (1015.0, 659.9), (1015.0, 659.3), (1015.0, 659.0), (1015.0, 659.9)]",0,7.53
speedrunner,meatboy,10,Stuck,7,0,130.71,0.961,"[(73.0, 653.0), (120.3, 655.1), (200.3, 650.4), (280.3, 659.3), (360.3, 659.0), (440.3, 659.9), (520.3, 659.3), (600.3, 659.0), (680.3, 659.9), (760.3, 659.3), (840.3, 659.0), (900.9, 659.9), (927.3, 659.3), (953.9, 659.0), (970.7, 659.9), (983.0, 617.5), (983.0, 578.2), (983.0, 557.8), (983.0, 556.2), (983.0, 573.5), (983.0, 608.7), (972.7, 634.1), (898.0, 624.7), (887.3, 634.1), (911.3, 659.0), (979.6, 649.6), (991.0, 659.0), (1015.0, 659.0), (1015.0, 659.9), (1015.0, 659.3), (1015.0, 659.0), (1015.0, 659.9), (1015.0, 659.3), (1015.0, 659.0), (1015.0, 659.9), (1015.0, 659.3), (1015.0, 659.0), (1015.0, 659.9), (1015.0, 659.3), (1015.0, 659.0), (1015.0, 659.9), (1015.0, 659.3), (1015.0, 659.0), (1015.0, 659.9), (1015.0, 659.3), (1015.0, 659.0), (1015.0, 659.9), (1015.0, 659.3), (1015.0, 659.0), (1015.0, 659.9), (1015.0, 659.3), (1015.0, 659.0), (1015.0, 659.9), (1015.0, 659.3)]",0,7.15
speedrunner,meatboy,10,Stuck,7,0,125.45,0.961,"[(73.0, 653.0), (120.3, 655.1), (200.3, 650.4), (280.3, 659.3), (360.3, 659.0), (440.3, 659.9), (520.3, 659.3), (600.3, 630.8), (680.3, 627.2), (760.3, 651.9), (840.3, 659.0), (920.3, 659.9), (983.0, 611.2), (983.0, 574.3), (983.0, 556.3), (983.0, 557.0), (983.0, 576.7), (983.0, 613.4), (921.0, 605.9), (886.3, 608.2), (936.0, 629.5), (987.0, 659.3), (1015.0, 659.0), (1015.0, 659.9), (1015.0, 659.3), (1015.0, 659.0), (1015.0, 659.9), (1015.0, 659.3), (1015.0, 659.0), (1015.0, 659.9), (1015.0, 659.3), (1015.0, 659.0), (1015.0, 659.9), (1015.0, 659.3), (1015.0, 659.0), (1015.0, 659.9), (1015.0, 659.3), (1015.0, 659.0), (1015.0, 659.9), (1015.0, 659.3), (1015.0, 659.0), (1015.0, 659.9), (1015.0, 659.3), (1015.0, 659.0), (1015.0, 659.9), (1015.0, 659.3), (1015.0, 659.0), (1015.0, 659.9), (1015.0, 659.3), (1015.0, 659.0), (1015.0, 659.9), (1015.0, 659.3), (1015.0, 659.0), (1015.0, 659.9), (1015.0, 659.3), (1015.0, 659.0)]",0,7.4
speedrunner,meatboy,10,Saw,4,0,237.76,0.438,"[(73.0, 653.0), (120.3, 655.1), (200.3, 650.4), (280.3, 659.3), (360.3, 659.0), (440.3, 659.9), (520.3, 624.3), (599.0, 582.7), (599.0, 573.3), (599.0, 582.7), (568.0, 584.7), (505.3, 580.0), (462.1, 594.2)]",0,1.6
speedrunner,meatboy,10,Stuck,5,0,139.26,0.961,"[(73.0, 653.0), (120.3, 655.1), (200.3, 650.4), (280.3, 659.3), (360.3, 659.0), (440.3, 659.9), (520.3, 659.3), (600.3, 630.8), (680.3, 627.2), (760.3, 651.9), (840.3, 659.0), (920.3, 659.9), (983.0, 606.5), (983.0, 571.9), (983.0, 556.2), (983.0, 559.4), (983.0, 581.3), (983.0, 619.2), (984.3, 659.2), (1015.0, 659.0), (1015.0, 659.9), (1015.0, 659.3), (1015.0, 659.0), (1015.0, 659.9), (1015.0, 659.3), (1015.0, 659.0), (1015.0, 659.9), (1015.0, 659.3), (1015.0, 659.0), (1015.0, 659.9), (1015.0, 659.3), (1015.0, 659.0), (1015.0, 659.9), (1015.0, 659.3), (1015.0, 659.0), (1015.0, 659.9), (1015.0, 659.3), (1015.0, 659.0), (1015.0, 659.9), (1015.0, 659.3), (1015.0, 659.0), (1015.0, 659.9), (1015.0, 659.3), (1015.0, 659.0), (1015.0, 659.9), (1015.0, 659.3), (1015.0, 659.0), (1015.0, 659.9), (1015.0, 659.3), (1015.0, 659.0), (1015.0, 659.9)]",0,6.72
speedrunner,meatboy,10,Stuck,5,0,143.28,0.961,"[(73.0, 653.0), (120.3, 655.1), (200.3, 650.4), (280.3, 659.3), (360.3, 659.0), (440.3, 659.9), (520.3, 659.3), (600.3, 636.8), (680.3, 625.4), (760.3, 647.8), (840.3, 659.9), (908.7, 651.3), (976.3, 600.2), (983.0, 568.1), (983.0, 554.7), (983.0, 560.2), (983.0, 584.5), (983.0, 623.3), (987.0, 659.0), (1015.0, 659.0), (1015.0, 659.9), (1015.0, 659.3), (1015.0, 659.0), (1015.0, 659.9), (1015.0, 659.3), (1015.0, 659.0), (1015.0, 659.9), (1015.0, 659.3), (1015.0, 659.0), (1015.0, 659.9), (1015.0, 659.3), (1015.0, 659.0), (1015.0, 659.9), (1015.0, 659.3), (1015.0, 659.0), (1015.0, 659.9), (1015.0, 659.3), (1015.0, 659.0), (1015.0, 659.9), (1015.0, 659.3), (1015.0, 659.0), (1015.0, 659.9), (1015.0, 659.3), (1015.0, 659.0), (1015.0, 659.9), (1015.0, 659.3), (1015.0, 659.0), (1015.0, 659.9), (1015.0, 659.3)]",0,6.5
speedrunner,meatboy,10,Stuck,8,0,140.55,0.961,"[(73.0, 653.0), (120.3, 659.3), (200.3, 636.8), (280.3, 625.4), (360.3, 647.8), (440.3, 659.9), (520.3, 659.3), (600.3, 630.8), (680.3, 627.2), (760.3, 651.9), (840.3, 659.0), (920.3, 643.9), (983.0, 595.2), (983.0, 565.4), (983.0, 554.4), (983.0, 562.2), (983.0, 588.9), (983.0, 628.3), (985.7, 653.0), (993.7, 653.3), (999.0, 653.9), (1015.0, 659.0), (1015.0, 659.9), (1015.0, 659.3), (1015.0, 659.0), (1015.0, 659.9), (1015.0, 659.3), (1015.0, 659.0), (1015.0, 659.9), (1015.0, 659.3), (1015.0, 659.0), (1015.0, 659.9), (1015.0, 659.3), (1015.0, 659.0), (1015.0, 659.9), (1015.0, 659.3), (1015.0, 659.0), (1015.0, 659.9), (1015.0, 659.3), (1015.0, 659.0), (1015.0, 659.9), (1015.0, 659.3), (1015.0, 659.0), (1015.0, 659.9), (1015.0, 659.3), (1015.0, 659.0), (1015.0, 659.9), (1015.0, 659.3), (1015.0, 659.0), (1015.0, 659.9), (1015.0, 659.3)]",0,6.68
speedrunner,meatboy,10,Stuck,5,0,139.95,0.961,"[(73.0, 653.0), (120.3, 655.1), (200.3, 650.4), (280.3, 659.3), (360.3, 659.0), (440.3, 659.9), (520.3, 659.3), (600.3, 630.8), (680.3, 627.2), (760.3, 651.9), (840.3, 659.0), (920.3, 643.9), (983.0, 595.2), (983.0, 565.4), (983.0, 554.4), (983.0, 562.2), (983.0, 588.9), (983.0, 628.3), (991.0, 653.0), (1015.0, 659.3), (1015.0, 659.0), (1015.0, 659.9), (1015.0, 659.3), (1015.0, 659.0), (1015.0, 659.9), (1015.0, 659.3), (1015.0, 659.0), (1015.0, 659.9), (1015.0, 659.3), (1015.0, 659.0), (1015.0, 659.9), (1015.0, 659.3), (1015.0, 659.0), (1015.0, 659.9), (1015.0, 659.3), (1015.0, 659.0), (1015.0, 659.9), (1015.0, 659.3), (1015.0, 659.0), (1015.0, 659.9), (1015.0, 659.3), (1015.0, 659.0), (1015.0, 659.9), (1015.0, 659.3), (1015.0, 659.0), (1015.0, 659.9), (1015.0, 659.3), (1015.0, 659.0), (1015.0, 659.9), (1015.0, 659.3), (1015.0, 659.0)]",0,6.68
speedrunner,meatboy,10,Stuck,7,0,125.45,0.961,"[(73.0, 653.0), (120.3, 655.1), (200.3, 650.4), (280.3, 659.3), (360.3, 659.0), (440.3, 659.9), (520.3, 659.3), (600.3, 630.8), (680.3, 627.2), (760.3, 651.9), (840.3, 659.0), (920.3, 659.9), (983.0, 611.2), (983.0, 574.3), (983.0, 556.3), (983.0, 557.0), (983.0, 576.7), (983.0, 613.4), (921.0, 605.9), (886.3, 608.2), (936.0, 629.5), (987.0, 659.3), (1015.0, 659.0), (1015.0, 659.9), (1015.0, 659.3), (1015.0, 659.0), (1015.0, 659.9), (1015.0, 659.3), (1015.0, 659.0), (1015.0, 659.9), (1015.0, 659.3), (1015.0, 659.0), (1015.0, 659.9), (1015.0, 659.3), (1015.0, 659.0), (1015.0, 659.9), (1015.0, 659.3), (1015.0, 659.0), (1015.0, 659.9), (1015.0, 659.3), (1015.0, 659.0), (1015.0, 659.9), (1015.0, 659.3), (1015.0, 659.0), (1015.0, 659.9), (1015.0, 659.3), (1015.0, 659.0), (1015.0, 659.9), (1015.0, 659.3), (1015.0, 659.0), (1015.0, 659.9), (1015.0, 659.3), (1015.0, 659.0), (1015.0, 659.9), (1015.0, 659.3), (1015.0, 659.0)]",0,7.4
speedrunner,meatboy,10,Stuck,5,0,139.95,0.961,"[(73.0, 653.0), (120.3, 655.1), (200.3, 650.4), (280.3, 659.3), (360.3, 659.0), (440.3, 659.9), (520.3, 659.3), (600.3, 630.8), (680.3, 627.2), (760.3, 651.9), (840.3, 659.0), (920.3, 643.9), (983.0, 595.2), (983.0, 565.4), (983.0, 554.4), (983.0, 562.2), (983.0, 588.9), (983.0, 628.3), (991.0, 653.0), (1015.0, 659.3), (1015.0, 659.0), (1015.0, 659.9), (1015.0, 659.3), (1015.0, 659.0), (1015.0, 659.9), (1015.0, 659.3), (1015.0, 659.0), (1015.0, 659.9), (1015.0, 659.3), (1015.0, 659.0), (1015.0, 659.9), (1015.0, 659.3), (1015.0, 659.0), (1015.0, 659.9), (1015.0, 659.3), (1015.0, 659.0), (1015.0, 659.9), (1015.0, 659.3), (1015.0, 659.0), (1015.0, 659.9), (1015.0, 659.3), (1015.0, 659.0), (1015.0, 659.9), (1015.0, 659.3), (1015.0, 659.0), (1015.0, 659.9), (1015.0, 659.3), (1015.0, 659.0), (1015.0, 659.9), (1015.0, 659.3), (1015.0, 659.0)]",0,6.68
speedrunner,meatboy,10,Stuck,8,0,140.55,0.961,"[(73.0, 653.0), (120.3, 659.3), (200.3, 636.8), (280.3, 625.4), (360.3, 647.8), (440.3, 659.9), (520.3, 659.3), (600.3, 630.8), (680.3, 627.2), (760.3, 651.9), (840.3, 659.0), (920.3, 643.9), (983.0, 595.2), (983.0, 565.4), (983.0, 554.4), (983.0, 562.2), (983.0, 588.9), (983.0, 628.3), (985.7, 653.0), (993.7, 653.3), (999.0, 653.9), (1015.0, 659.0), (1015.0, 659.9), (1015.0, 659.3), (1015.0, 659.0), (1015.0, 659.9), (1015.0, 659.3), (1015.0, 659.0), (1015.0, 659.9), (1015.0, 659.3), (1015.0, 659.0), (1015.0, 659.9), (1015.0, 659.3), (1015.0, 659.0), (1015.0, 659.9), (1015.0, 659.3), (1015.0, 659.0), (1015.0, 659.9), (1015.0, 659.3), (1015.0, 659.0), (1015.0, 659.9), (1015.0, 659.3), (1015.0, 659.0), (1015.0, 659.9), (1015.0, 659.3), (1015.0, 659.0), (1015.0, 659.9), (1015.0, 659.3), (1015.0, 659.0), (1015.0, 659.9), (1015.0, 659.3)]",0,6.68
speedrunner,meatboy,10,Stuck,5,0,143.28,0.961,"[(73.0, 653.0), (120.3, 655.1), (200.3, 650.4), (280.3, 659.3), (360.3, 659.0), (440.3, 659.9), (520.3, 659.3), (600.3, 636.8), (680.3, 625.4), (760.3, 647.8), (840.3, 659.9), (908.7, 651.3), (976.3, 600.2), (983.0, 568.1), (983.0, 554.7), (983.0, 560.2), (983.0, 584.5), (983.0, 623.3), (987.0, 659.0), (1015.0, 659.0), (1015.0, 659.9), (1015.0, 659.3), (1015.0, 659.0), (1015.0, 659.9), (1015.0, 659.3), (1015.0, 659.0), (1015.0, 659.9), (1015.0, 659.3), (1015.0, 659.0), (1015.0, 659.9), (1015.0, 659.3), (1015.0, 659.0), (1015.0, 659.9), (1015.0, 659.3), (1015.0, 659.0), (1015.0, 659.9), (1015.0, 659.3), (1015.0, 659.0), (1015.0, 659.9), (1015.0, 659.3), (1015.0, 659.0), (1015.0, 659.9), (1015.0, 659.3), (1015.0, 659.0), (1015.0, 659.9), (1015.0, 659.3), (1015.0, 659.0), (1015.0, 659.9), (1015.0, 659.3)]",0,6.5
speedrunner,meatboy,10,Stuck,6,0,140.15,0.961,"[(73.0, 653.0), (120.3, 655.1), (200.3, 650.4), (280.3, 659.3), (360.3, 659.0), (440.3, 659.9), (520.3, 659.3), (600.3, 630.8), (680.3, 627.2), (760.3, 651.9), (840.3, 659.0), (920.3, 651.6), (983.0, 600.5), (983.0, 568.3), (983.0, 555.0), (983.0, 560.5), (983.0, 584.8), (983.0, 623.6), (941.7, 628.3), (887.0, 626.0), (916.3, 642.5), (996.0, 659.0), (1015.0, 659.9), (1015.0, 659.3), (1015.0, 659.0), (1015.0, 659.9), (1015.0, 659.3), (1015.0, 659.0), (1015.0, 659.9), (1015.0, 659.3), (1015.0, 659.0), (1015.0, 659.9), (1015.0, 659.3), (1015.0, 659.0), (1015.0, 659.9), (1015.0, 659.3), (1015.0, 659.0), (1015.0, 659.9), (1015.0, 659.3), (1015.0, 659.0), (1015.0, 659.9), (1015.0, 659.3), (1015.0, 659.0), (1015.0, 659.9), (1015.0, 659.3), (1015.0, 659.0), (1015.0, 659.9), (1015.0, 659.3), (1015.0, 659.0), (1015.0, 659.9), (1015.0, 659.3)]",0,6.7
speedrunner,meatboy,10,Stuck,5,0,143.87,0.961,"[(73.0, 653.0), (120.3, 655.1), (200.3, 650.4), (280.3, 659.3), (360.3, 659.0), (440.3, 659.9), (520.3, 659.3), (600.3, 630.8), (680.3, 627.2), (760.3, 651.9), (840.3, 659.0), (917.8, 643.9), (983.0, 595.2), (983.0, 565.4), (983.0, 554.4), (983.0, 562.2), (983.0, 588.9), (983.0, 628.3), (991.0, 653.0), (1015.0, 659.3), (1015.0, 659.0), (1015.0, 659.9), (1015.0, 659.3), (1015.0, 659.0), (1015.0, 659.9), (1015.0, 659.3), (1015.0, 659.0), (1015.0, 659.9), (1015.0, 659.3), (1015.0, 659.0), (1015.0, 659.9), (1015.0, 659.3), (1015.0, 659.0), (1015.0, 659.9), (1015.0, 659.3), (1015.0, 659.0), (1015.0, 659.9), (1015.0, 659.3), (1015.0, 659.0), (1015.0, 659.9), (1015.0, 659.3), (1015.0, 659.0), (1015.0, 659.9), (1015.0, 659.3), (1015.0, 659.0), (1015.0, 659.9), (1015.0, 659.3), (1015.0, 659.0), (1015.0, 659.9)]",0,6.48
speedrunner,meatboy,10,Stuck,5,0,139.95,0.961,"[(73.0, 653.0), (120.3, 655.1), (200.3, 650.4), (280.3, 659.3), (360.3, 659.0), (440.3, 659.9), (520.3, 659.3), (600.3, 630.8), (680.3, 627.2), (760.3, 651.9), (840.3, 659.0), (920.3, 643.9), (983.0, 595.2), (983.0, 565.4), (983.0, 554.4), (983.0, 562.2), (983.0, 588.9), (983.0, 628.3), (991.0, 653.0), (1015.0, 659.3), (1015.0, 659.0), (1015.0, 659.9), (1015.0, 659.3), (1015.0, 659.0), (1015.0, 659.9), (1015.0, 659.3), (1015.0, 659.0), (1015.0, 659.9), (1015.0, 659.3), (1015.0, 659.0), (1015.0, 659.9), (1015.0, 659.3), (1015.0, 659.0), (1015.0, 659.9), (1015.0, 659.3), (1015.0, 659.0), (1015.0, 659.9), (1015.0, 659.3), (1015.0, 659.0), (1015.0, 659.9), (1015.0, 659.3), (1015.0, 659.0), (1015.0, 659.9), (1015.0, 659.3), (1015.0, 659.0), (1015.0, 659.9), (1015.0, 659.3), (1015.0, 659.0), (1015.0, 659.9), (1015.0, 659.3), (1015.0, 659.0)]",0,6.68
speedrunner,meatboy,10,Stuck,5,0,139.4,0.961,"[(73.0, 653.0), (120.3, 655.1), (200.3, 650.4), (280.3, 659.3), (360.3, 659.0), (440.3, 659.9), (520.3, 659.3), (600.3, 630.8), (680.3, 627.2), (760.3, 651.9), (840.3, 659.0), (920.3, 651.6), (983.0, 600.5), (983.0, 568.3), (983.0, 555.0), (983.0, 560.5), (983.0, 584.8), (983.0, 623.6), (987.0, 659.0), (1015.0, 659.0), (1015.0, 659.9), (1015.0, 659.3), (1015.0, 659.0), (1015.0, 659.9), (1015.0, 659.3), (1015.0, 659.0), (1015.0, 659.9), (1015.0, 659.3), (1015.0, 659.0), (1015.0, 659.9), (1015.0, 659.3), (1015.0, 659.0), (1015.0, 659.9), (1015.0, 659.3), (1015.0, 659.0), (1015.0, 659.9), (1015.0, 659.3), (1015.0, 659.0), (1015.0, 659.9), (1015.0, 659.3), (1015.0, 659.0), (1015.0, 659.9), (1015.0, 659.3), (1015.0, 659.0), (1015.0, 659.9), (1015.0, 659.3), (1015.0, 659.0), (1015.0, 659.9), (1015.0, 659.3), (1015.0, 659.0), (1015.0, 659.9)]",0,6.7
speedrunner,meatboy,10,Stuck,2,0,95.7,0.827,"[(73.0, 653.0), (120.3, 655.1), (200.3, 650.4), (274.5, 659.3), (309.1, 659.0), (343.8, 659.9), (375.4, 659.3), (403.8, 659.0), (432.3, 659.9), (460.9, 659.3), (496.2, 659.0), (544.7, 659.9), (600.2, 659.3), (638.2, 659.0), (666.4, 659.9), (688.2, 659.3), (713.3, 659.0), (741.9, 659.9), (770.6, 659.3), (796.1, 659.0), (815.1, 659.9), (831.0, 659.3), (839.4, 659.0), (847.2, 659.9), (854.9, 659.3), (862.7, 659.0), (864.6, 659.9), (864.9, 659.3), (864.1, 659.0), (863.9, 659.9), (864.3, 659.3), (863.4, 659.0), (863.2, 659.9), (863.0, 659.3), (862.8, 659.0), (862.6, 659.9), (865.6, 659.3), (862.1, 659.0), (867.8, 659.9), (872.3, 659.3), (869.4, 659.0), (866.6, 659.9), (863.7, 659.3), (863.4, 659.0), (863.2, 659.9), (863.0, 659.3), (862.8, 659.0), (862.6, 659.9), (865.6, 659.3), (862.1, 659.0), (867.8, 659.9), (872.3, 659.3), (869.4, 659.0), (866.6, 659.9), (863.7, 659.3), (863.4, 659.0), (863.2, 659.9), (863.0, 659.3), (862.8, 659.0), (862.6, 659.9), (865.6, 659.3), (862.1, 659.0), (867.8, 659.9)]",0,8.37
speedrunner,meatboy,10,Stuck,5,0,133.97,0.961,"[(73.0, 653.0), (120.3, 655.1), (200.3, 650.4), (280.3, 659.3), (360.3, 659.0), (440.3, 659.9), (520.3, 659.3), (600.3, 630.8), (680.3, 627.2), (760.3, 651.9), (840.3, 659.0), (895.9, 659.9), (917.4, 659.3), (939.1, 644.2), (983.0, 595.5), (983.0, 565.6), (983.0, 554.6), (983.0, 562.5), (983.0, 589.2), (983.0, 628.6), (991.0, 653.0), (1015.0, 659.3), (1015.0, 659.0), (1015.0, 659.9), (1015.0, 659.3), (1015.0, 659.0), (1015.0, 659.9), (1015.0, 659.3), (1015.0, 659.0), (1015.0, 659.9), (1015.0, 659.3), (1015.0, 659.0), (1015.0, 659.9), (1015.0, 659.3), (1015.0, 659.0), (1015.0, 659.9), (1015.0, 659.3), (1015.0, 659.0), (1015.0, 659.9), (1015.0, 659.3), (1015.0, 659.0), (1015.0, 659.9), (1015.0, 659.3), (1015.0, 659.0), (1015.0, 659.9), (1015.0, 659.3), (1015.0, 659.0), (1015.0, 659.9), (1015.0, 659.3), (1015.0, 659.0), (1015.0, 659.9), (1015.0, 659.3), (1015.0, 659.0)]",0,6.95
speedrunner,meatboy,10,Stuck,7,0,125.45,0.961,"[(73.0, 653.0), (120.3, 655.1), (200.3, 650.4), (280.3, 659.3), (360.3, 659.0), (440.3, 659.9), (520.3, 659.3), (600.3, 630.8), (680.3, 627.2), (760.3, 651.9), (840.3, 659.0), (920.3, 659.9), (983.0, 611.2), (983.0, 574.3), (983.0, 556.3), (983.0, 557.0), (983.0, 576.7), (983.0, 613.4), (921.0, 605.9), (886.3, 608.2), (936.0, 629.5), (987.0, 659.3), (1015.0, 659.0), (1015.0, 659.9), (1015.0, 659.3), (1015.0, 659.0), (1015.0, 659.9), (1015.0, 659.3), (1015.0, 659.0), (1015.0, 659.9), (1015.0, 659.3), (1015.0, 659.0), (1015.0, 659.9), (1015.0, 659.3), (1015.0, 659.0), (1015.0, 659.9), (1015.0, 659.3), (1015.0, 659.0), (1015.0, 659.9), (1015.0, 659.3), (1015.0, 659.0), (1015.0, 659.9), (1015.0, 659.3), (1015.0, 659.0), (1015.0, 659.9), (1015.0, 659.3), (1015.0, 659.0), (1015.0, 659.9), (1015.0, 659.3), (1015.0, 659.0), (1015.0, 659.9), (1015.0, 659.3), (1015.0, 659.0), (1015.0, 659.9), (1015.0, 659.3), (1015.0, 659.0)]",0,7.4
speedrunner,meatboy,10,Stuck,5,0,133.97,0.961,"[(73.0, 653.0), (120.3, 655.1), (200.3, 650.4), (280.3, 659.3), (360.3, 659.0), (440.3, 659.9), (520.3, 659.3), (600.3, 630.8), (680.3, 627.2), (760.3, 651.9), (840.3, 659.0), (895.9, 659.9), (917.4, 659.3), (939.1, 644.2), (983.0, 595.5), (983.0, 565.6), (983.0, 554.6), (983.0, 562.5), (983.0, 589.2), (983.0, 628.6), (991.0, 653.0), (1015.0, 659.3), (1015.0, 659.0), (1015.0, 659.9), (1015.0, 659.3), (1015.0, 659.0), (1015.0, 659.9), (1015.0, 659.3), (1015.0, 659.0), (1015.0, 659.9), (1015.0, 659.3), (1015.0, 659.0), (1015.0, 659.9), (1015.0, 659.3), (1015.0, 659.0), (1015.0, 659.9), (1015.0, 659.3), (1015.0, 659.0), (1015.0, 659.9), (1015.0, 659.3), (1015.0, 659.0), (1015.0, 659.9), (1015.0, 659.3), (1015.0, 659.0), (1015.0, 659.9), (1015.0, 659.3), (1015.0, 659.0), (1015.0, 659.9), (1015.0, 659.3), (1015.0, 659.0), (1015.0, 659.9), (1015.0, 659.3), (1015.0, 659.0)]",0,6.95
speedrunner,meatboy,10,Stuck,5,0,139.4,0.961,"[(73.0, 653.0), (120.3, 655.1), (200.3, 650.4), (280.3, 659.3), (360.3, 659.0), (440.3, 659.9), (520.3, 659.3), (600.3, 630.8), (680.3, 627.2), (760.3, 651.9), (840.3, 659.0), (920.3, 651.6), (983.0, 600.5), (983.0, 568.3), (983.0, 555.0), (983.0, 560.5), (983.0, 584.8), (983.0, 623.6), (987.0, 659.0), (1015.0, 659.0), (1015.0, 659.9), (1015.0, 659.3), (1015.0, 659.0), (1015.0, 659.9), (1015.0, 659.3), (1015.0, 659.0), (1015.0, 659.9), (1015.0, 659.3), (1015.0, 659.0), (1015.0, 659.9), (1015.0, 659.3), (1015.0, 659.0), (1015.0, 659.9), (1015.0, 659.3), (1015.0, 659.0), (1015.0, 659.9), (1015.0, 659.3), (1015.0, 659.0), (1015.0, 659.9), (1015.0, 659.3), (1015.0, 659.0), (1015.0, 659.9), (1015.0, 659.3), (1015.0, 659.0), (1015.0, 659.9), (1015.0, 659.3), (1015.0, 659.0), (1015.0, 659.9), (1015.0, 659.3), (1015.0, 659.0), (1015.0, 659.9)]",0,6.7
speedrunner,meatboy,10,Stuck,5,0,139.95,0.961,"[(73.0, 653.0), (120.3, 655.1), (200.3, 650.4), (280.3, 659.3), (360.3, 659.0), (440.3, 659.9), (520.3, 659.3), (600.3, 630.8), (680.3, 627.2), (760.3, 651.9), (840.3, 659.0), (920.3, 643.9), (983.0, 595.2), (983.0, 565.4), (983.0, 554.4), (983.0, 562.2), (983.0, 588.9), (983.0, 628.3), (991.0, 653.0), (1015.0, 659.3), (1015.0, 659.0), (1015.0, 659.9), (1015.0, 659.3), (1015.0, 659.0), (1015.0, 659.9), (1015.0, 659.3), (1015.0, 659.0), (1015.0, 659.9), (1015.0, 659.3), (1015.0, 659.0), (1015.0, 659.9), (1015.0, 659.3), (1015.0, 659.0), (1015.0, 659.9), (1015.0, 659.3), (1015.0, 659.0), (1015.0, 659.9), (1015.0, 659.3), (1015.0, 659.0), (1015.0, 659.9), (1015.0, 659.3), (1015.0, 659.0), (1015.0, 659.9), (1015.0, 659.3), (1015.0, 659.0), (1015.0, 659.9), (1015.0, 659.3), (1015.0, 659.0), (1015.0, 659.9), (1015.0, 659.3), (1015.0, 659.0)]",0,6.68
speedrunner,meatboy,10,Stuck,4,0,137.13,0.961,"[(73.0, 653.0), (120.3, 655.1), (200.3, 650.4), (280.3, 659.3), (360.3, 659.0), (440.3, 659.9), (520.3, 659.3), (600.3, 659.0), (680.3, 659.9), (760.3, 659.3), (840.3, 659.0), (910.7, 659.9), (983.0, 629.9), (983.0, 586.0), (983.0, 560.8), (983.0, 554.5), (983.0, 567.1), (983.0, 598.5), (983.0, 638.2), (1003.0, 653.9), (1015.0, 659.0), (1015.0, 659.9), (1015.0, 659.3), (1015.0, 659.0), (1015.0, 659.9), (1015.0, 659.3), (1015.0, 659.0), (1015.0, 659.9), (1015.0, 659.3), (1015.0, 659.0), (1015.0, 659.9), (1015.0, 659.3), (1015.0, 659.0), (1015.0, 659.9), (1015.0, 659.3), (1015.0, 659.0), (1015.0, 659.9), (1015.0, 659.3), (1015.0, 659.0), (1015.0, 659.9), (1015.0, 659.3), (1015.0, 659.0), (1015.0, 659.9), (1015.0, 659.3), (1015.0, 659.0), (1015.0, 659.9), (1015.0, 659.3), (1015.0, 659.0), (1015.0, 659.9), (1015.0, 659.3), (1015.0, 659.0)]",0,6.78
speedrunner,meatboy,10,Stuck,6,0,102.71,0.738,"[(73.0, 653.0), (120.3, 659.3), (200.3, 659.0), (280.3, 659.9), (360.3, 659.3), (440.3, 659.0), (520.3, 659.9), (600.3, 659.3), (680.3, 659.0), (760.3, 659.9), (840.3, 659.3), (920.3, 659.0), (983.0, 623.4), (983.0, 581.8), (983.0, 559.0), (983.0, 555.1), (983.0, 570.0), (983.0, 603.5), (983.0, 643.2), (900.6, 624.5), (820.5, 631.6), (740.5, 657.5), (714.3, 659.3), (779.3, 659.0), (859.3, 659.9), (939.3, 659.3), (983.0, 617.2), (983.0, 577.9), (983.0, 557.5), (983.0, 555.9), (983.0, 573.2), (983.0, 608.4), (972.7, 633.8), (890.5, 624.4), (810.5, 633.8), (730.5, 659.0), (718.7, 659.9), (789.3, 659.3), (869.3, 659.0), (949.3, 659.9), (983.0, 611.2), (983.0, 574.3), (983.0, 556.3), (983.0, 557.0), (983.0, 576.7), (983.0, 613.4), (962.3, 631.6), (880.5, 624.5), (800.5, 636.3), (722.4, 659.3), (724.3, 659.0)]",0,6.77
speedrunner,meatboy,10,Stuck,5,0,139.95,0.961,"[(73.0, 653.0), (120.3, 659.3), (200.3, 636.8), (280.3, 625.4), (360.3, 647.8), (440.3, 659.9), (520.3, 659.3), (600.3, 630.8), (680.3, 627.2), (760.3, 651.9), (840.3, 659.0), (920.3, 643.9), (983.0, 595.2), (983.0, 565.4), (983.0, 554.4), (983.0, 562.2), (983.0, 588.9), (983.0, 628.3), (991.0, 653.0), (1015.0, 659.3), (1015.0, 659.0), (1015.0, 659.9), (1015.0, 659.3), (1015.0, 659.0), (1015.0, 659.9), (1015.0, 659.3), (1015.0, 659.0), (1015.0, 659.9), (1015.0, 659.3), (1015.0, 659.0), (1015.0, 659.9), (1015.0, 659.3), (1015.0, 659.0), (1015.0, 659.9), (1015.0, 659.3), (1015.0, 659.0), (1015.0, 659.9), (1015.0, 659.3), (1015.0, 659.0), (1015.0, 659.9), (1015.0, 659.3), (1015.0, 659.0), (1015.0, 659.9), (1015.0, 659.3), (1015.0, 659.0), (1015.0, 659.9), (1015.0, 659.3), (1015.0, 659.0), (1015.0, 659.9), (1015.0, 659.3), (1015.0, 659.0)]",0,6.68
speedrunner,meatboy,10,Stuck,5,0,81.34,0.961,"[(73.0, 653.0), (120.3, 655.1), (200.3, 650.4), (277.8, 659.3), (305.8, 659.0), (324.2, 659.9), (345.9, 659.3), (367.7, 659.0), (386.4, 659.9), (454.6, 659.3), (532.7, 659.0), (609.5, 630.2), (689.5, 627.2), (769.5, 651.9), (830.1, 659.0), (824.5, 659.9), (818.9, 659.3), (813.4, 659.0), (807.8, 659.9), (810.9, 659.3), (816.0, 659.0), (821.1, 659.9), (826.2, 659.3), (831.3, 659.0), (836.4, 659.9), (841.6, 659.3), (846.7, 659.0), (851.8, 659.9), (856.9, 659.3), (862.0, 659.0), (867.1, 659.9), (872.2, 659.3), (877.3, 659.0), (882.4, 659.9), (887.6, 659.3), (892.7, 659.0), (897.8, 659.9), (902.9, 659.3), (908.0, 659.0), (913.1, 659.9), (918.2, 659.3), (923.3, 659.0), (928.4, 659.9), (933.6, 659.3), (938.7, 659.0), (943.8, 659.9), (948.9, 659.3), (963.9, 644.2), (983.0, 595.5), (983.0, 565.6), (983.0, 554.6), (983.0, 562.5), (983.0, 589.2), (983.0, 628.6), (991.0, 653.0), (1015.0, 659.3), (1015.0, 659.0), (1015.0, 659.9), (1015.0, 659.3), (1015.0, 659.0), (1015.0, 659.9), (1015.0, 659.3), (1015.0, 659.0), (1015.0, 659.9), (1015.0, 659.3), (1015.0, 659.0), (1015.0, 659.9), (1015.0, 659.3), (1015.0, 659.0), (1015.0, 659.9), (1015.0, 659.3), (1015.0, 659.0), (1015.0, 659.9), (1015.0, 659.3), (1015.0, 659.0), (1015.0, 659.9), (1015.0, 659.3), (1015.0, 659.0), (1015.0, 659.9), (1015.0, 659.3), (1015.0, 659.0), (1015.0, 659.9), (1015.0, 659.3), (1015.0, 659.0), (1015.0, 659.9), (1015.0, 659.3), (1015.0, 659.0)]",0,11.48
speedrunner,meatboy,10,Stuck,3,0,146.77,0.961,"[(73.0, 653.0), (120.3, 655.1), (200.3, 650.4), (280.3, 659.3), (360.3, 659.0), (440.3, 623.4), (520.3, 581.8), (600.3, 559.0), (680.3, 555.1), (755.0, 563.9), (835.0, 579.2), (887.0, 613.4), (932.3, 659.0), (1012.3, 659.9), (1015.0, 659.3), (1015.0, 659.0), (1015.0, 659.9), (1015.0, 659.3), (1015.0, 659.0), (1015.0, 659.9), (1015.0, 659.3), (1015.0, 659.0), (1015.0, 659.9), (1015.0, 659.3), (1015.0, 659.0), (1015.0, 659.9), (1015.0, 659.3), (1015.0, 659.0), (1015.0, 659.9), (1015.0, 659.3), (1015.0, 659.0), (1015.0, 659.9), (1015.0, 659.3), (1015.0, 659.0), (1015.0, 659.9), (1015.0, 659.3), (1015.0, 659.0), (1015.0, 659.9), (1015.0, 659.3), (1015.0, 659.0), (1015.0, 659.9), (1015.0, 659.3), (1015.0, 659.0), (1015.0, 659.9), (1015.0, 659.3), (1015.0, 659.0), (1015.0, 659.9), (1015.0, 659.3), (1015.0, 659.0)]",0,6.4
speedrunner,meatboy,10,Stuck,7,0,127.35,0.961,"[(73.0, 653.0), (120.3, 655.1), (200.3, 650.4), (280.3, 659.3), (360.3, 659.0), (440.3, 659.9), (520.3, 659.3), (600.3, 636.8), (680.3, 625.4), (760.3, 647.8), (840.3, 659.9), (894.4, 659.3), (911.9, 659.0), (932.7, 659.9), (950.4, 659.3), (964.9, 659.0), (982.8, 651.6), (983.0, 600.5), (983.0, 568.3), (983.0, 555.0), (983.0, 560.5), (983.0, 584.8), (983.0, 623.6), (941.7, 628.3), (887.0, 626.0), (916.3, 642.5), (987.6, 659.0), (1015.0, 657.4), (1015.0, 659.0), (1015.0, 659.9), (1015.0, 659.3), (1015.0, 659.0), (1015.0, 659.9), (1015.0, 659.3), (1015.0, 659.0), (1015.0, 659.9), (1015.0, 659.3), (1015.0, 659.0), (1015.0, 659.9), (1015.0, 659.3), (1015.0, 659.0), (1015.0, 659.9), (1015.0, 659.3), (1015.0, 659.0), (1015.0, 659.9), (1015.0, 659.3), (1015.0, 659.0), (1015.0, 659.9), (1015.0, 659.3), (1015.0, 659.0), (1015.0, 659.9), (1015.0, 659.3), (1015.0, 659.0), (1015.0, 659.9), (1015.0, 659.3), (1015.0, 659.0)]",0,7.37
speedrunner,meatboy,10,Stuck,7,0,125.45,0.961,"[(73.0, 653.0), (120.3, 655.1), (200.3, 650.4), (280.3, 659.3), (360.3, 659.0), (440.3, 659.9), (520.3, 659.3), (600.3, 630.8), (680.3, 627.2), (760.3, 651.9), (840.3, 659.0), (920.3, 659.9), (983.0, 611.2), (983.0, 574.3), (983.0, 556.3), (983.0, 557.0), (983.0, 576.7), (983.0, 613.4), (921.0, 605.9), (886.3, 608.2), (936.0, 629.5), (987.0, 659.3), (1015.0, 659.0), (1015.0, 659.9), (1015.0, 659.3), (1015.0, 659.0), (1015.0, 659.9), (1015.0, 659.3), (1015.0, 659.0), (1015.0, 659.9), (1015.0, 659.3), (1015.0, 659.0), (1015.0, 659.9), (1015.0, 659.3), (1015.0, 659.0), (1015.0, 659.9), (1015.0, 659.3), (1015.0, 659.0), (1015.0, 659.9), (1015.0, 659.3), (1015.0, 659.0), (1015.0, 659.9), (1015.0, 659.3), (1015.0, 659.0), (1015.0, 659.9), (1015.0, 659.3), (1015.0, 659.0), (1015.0, 659.9), (1015.0, 659.3), (1015.0, 659.0), (1015.0, 659.9), (1015.0, 659.3), (1015.0, 659.0), (1015.0, 659.9), (1015.0, 659.3), (1015.0, 659.0)]",0,7.4
speedrunner,meatboy,10,Stuck,7,0,127.35,0.961,"[(73.0, 653.0), (120.3, 655.1), (200.3, 650.4), (280.3, 659.3), (360.3, 659.0), (440.3, 659.9), (520.3, 659.3), (600.3, 636.8), (680.3, 625.4), (760.3, 647.8), (840.3, 659.9), (894.4, 659.3), (911.9, 659.0), (932.7, 659.9), (950.4, 659.3), (964.9, 659.0), (982.8, 651.6), (983.0, 600.5), (983.0, 568.3), (983.0, 555.0), (983.0, 560.5), (983.0, 584.8), (983.0, 623.6), (941.7, 628.3), (887.0, 626.0), (916.3, 642.5), (987.6, 659.0), (1015.0, 657.4), (1015.0, 659.0), (1015.0, 659.9), (1015.0, 659.3), (1015.0, 659.0), (1015.0, 659.9), (1015.0, 659.3), (1015.0, 659.0), (1015.0, 659.9), (1015.0, 659.3), (1015.0, 659.0), (1015.0, 659.9), (1015.0, 659.3), (1015.0, 659.0), (1015.0, 659.9), (1015.0, 659.3), (1015.0, 659.0), (1015.0, 659.9), (1015.0, 659.3), (1015.0, 659.0), (1015.0, 659.9), (1015.0, 659.3), (1015.0, 659.0), (1015.0, 659.9), (1015.0, 659.3), (1015.0, 659.0), (1015.0, 659.9), (1015.0, 659.3), (1015.0, 659.0)]",0,7.37
speedrunner,meatboy,10,Stuck,3,0,146.77,0.961,"[(73.0, 653.0), (120.3, 655.1), (200.3, 650.4), (280.3, 659.3), (360.3, 659.0), (440.3, 623.4), (520.3, 581.8), (600.3, 559.0), (680.3, 555.1), (755.0, 563.9), (835.0, 579.2), (887.0, 613.4), (932.3, 659.0), (1012.3, 659.9), (1015.0, 659.3), (1015.0, 659.0), (1015.0, 659.9), (1015.0, 659.3), (1015.0, 659.0), (1015.0, 659.9), (1015.0, 659.3), (1015.0, 659.0), (1015.0, 659.9), (1015.0, 659.3), (1015.0, 659.0), (1015.0, 659.9), (1015.0, 659.3), (1015.0, 659.0), (1015.0, 659.9), (1015.0, 659.3), (1015.0, 659.0), (1015.0, 659.9), (1015.0, 659.3), (1015.0, 659.0), (1015.0, 659.9), (1015.0, 659.3), (1015.0, 659.0), (1015.0, 659.9), (1015.0, 659.3), (1015.0, 659.0), (1015.0, 659.9), (1015.0, 659.3), (1015.0, 659.0), (1015.0, 659.9), (1015.0, 659.3), (1015.0, 659.0), (1015.0, 659.9), (1015.0, 659.3), (1015.0, 659.0)]",0,6.4
speedrunner,meatboy,10,Stuck,5,0,81.34,0.961,"[(73.0, 653.0), (120.3, 655.1), (200.3, 650.4), (277.8, 659.3), (305.8, 659.0), (324.2, 659.9), (345.9, 659.3), (367.7, 659.0), (386.4, 659.9), (454.6, 659.3), (532.7, 659.0), (609.5, 630.2), (689.5, 627.2), (769.5, 651.9), (830.1, 659.0), (824.5, 659.9), (818.9, 659.3), (813.4, 659.0), (807.8, 659.9), (810.9, 659.3), (816.0, 659.0), (821.1, 659.9), (826.2, 659.3), (831.3, 659.0), (836.4, 659.9), (841.6, 659.3), (846.7, 659.0), (851.8, 659.9), (856.9, 659.3), (862.0, 659.0), (867.1, 659.9), (872.2, 659.3), (877.3, 659.0), (882.4, 659.9), (887.6, 659.3), (892.7, 659.0), (897.8, 659.9), (902.9, 659.3), (908.0, 659.0), (913.1, 659.9), (918.2, 659.3), (923.3, 659.0), (928.4, 659.9), (933.6, 659.3), (938.7, 659.0), (943.8, 659.9), (948.9, 659.3), (963.9, 644.2), (983.0, 595.5), (983.0, 565.6), (983.0, 554.6), (983.0, 562.5), (983.0, 589.2), (983.0, 628.6), (991.0, 653.0), (1015.0, 659.3), (1015.0, 659.0), (1015.0, 659.9), (1015.0, 659.3), (1015.0, 659.0), (1015.0, 659.9), (1015.0, 659.3), (1015.0, 659.0), (1015.0, 659.9), (1015.0, 659.3), (1015.0, 659.0), (1015.0, 659.9), (1015.0, 659.3), (1015.0, 659.0), (1015.0, 659.9), (1015.0, 659.3), (1015.0, 659.0), (1015.0, 659.9), (1015.0, 659.3), (1015.0, 659.0), (1015.0, 659.9), (1015.0, 659.3), (1015.0, 659.0), (1015.0, 659.9), (1015.0, 659.3), (1015.0, 659.0), (1015.0, 659.9), (1015.0, 659.3), (1015.0, 659.0), (1015.0, 659.9), (1015.0, 659.3), (1015.0, 659.0)]",0,11.48
speedrunner,meatboy,10,Stuck,7,0,126.7,0.961,"[(73.0, 653.0), (120.3, 655.1), (200.3, 650.4), (280.3, 659.3), (360.3, 659.0), (440.3, 659.9), (520.3, 651.3), (599.0, 600.2), (599.0, 574.7), (599.0, 574.8), (599.0, 593.6), (528.0, 579.1), (504.0, 583.9), (562.0, 607.4), (640.7, 649.9), (720.7, 659.0), (800.7, 659.9), (880.7, 659.3), (960.7, 605.9), (983.0, 571.3), (983.0, 555.6), (983.0, 558.8), (983.0, 580.7), (983.0, 618.6), (984.3, 658.6), (1015.0, 659.2), (1015.0, 659.3), (1015.0, 659.0), (1015.0, 659.9), (1015.0, 659.3), (1015.0, 659.0), (1015.0, 659.9), (1015.0, 659.3), (1015.0, 659.0), (1015.0, 659.9), (1015.0, 659.3), (1015.0, 659.0), (1015.0, 659.9), (1015.0, 659.3), (1015.0, 659.0), (1015.0, 659.9), (1015.0, 659.3), (1015.0, 659.0), (1015.0, 659.9), (1015.0, 659.3), (1015.0, 659.0), (1015.0, 659.9), (1015.0, 659.3), (1015.0, 659.0), (1015.0, 659.9), (1015.0, 659.3), (1015.0, 659.0), (1015.0, 659.9), (1015.0, 659.3), (1015.0, 659.0)]",0,7.32
speedrunner,meatboy,10,Stuck,3,0,139.26,0.961,"[(73.0, 653.0), (120.3, 659.3), (200.3, 659.0), (280.3, 659.9), (360.3, 659.3), (440.3, 659.0), (520.3, 659.9), (600.3, 659.3), (680.3, 659.0), (760.3, 659.9), (840.3, 659.3), (920.3, 659.0), (983.0, 605.6), (983.0, 571.0), (983.0, 555.3), (983.0, 558.5), (983.0, 580.4), (983.0, 618.3), (984.3, 658.3), (1015.0, 654.8), (1015.0, 659.3), (1015.0, 659.0), (1015.0, 659.9), (1015.0, 659.3), (1015.0, 659.0), (1015.0, 659.9), (1015.0, 659.3), (1015.0, 659.0), (1015.0, 659.9), (1015.0, 659.3), (1015.0, 659.0), (1015.0, 659.9), (1015.0, 659.3), (1015.0, 659.0), (1015.0, 659.9), (1015.0, 659.3), (1015.0, 659.0), (1015.0, 659.9), (1015.0, 659.3), (1015.0, 659.0), (1015.0, 659.9), (1015.0, 659.3), (1015.0, 659.0), (1015.0, 659.9), (1015.0, 659.3), (1015.0, 659.0), (1015.0, 659.9), (1015.0, 659.3), (1015.0, 659.0), (1015.0, 659.9), (1015.0, 659.3)]",0,6.72
speedrunner,meatboy,10,Stuck,6,0,139.65,0.961,"[(73.0, 653.0), (120.3, 655.1), (200.3, 650.4), (280.3, 659.3), (360.3, 659.0), (440.3, 659.9), (520.3, 659.3), (600.3, 636.8), (680.3, 625.4), (760.3, 647.8), (840.3, 659.9), (920.3, 659.3), (983.0, 612.1), (983.0, 575.2), (983.0, 557.1), (983.0, 557.9), (983.0, 577.6), (983.0, 614.3), (962.3, 632.5), (893.0, 625.4), (901.0, 637.2), (976.0, 659.3), (1015.0, 659.0), (1015.0, 659.9), (1015.0, 659.3), (1015.0, 659.0), (1015.0, 659.9), (1015.0, 659.3), (1015.0, 659.0), (1015.0, 659.9), (1015.0, 659.3), (1015.0, 659.0), (1015.0, 659.9), (1015.0, 659.3), (1015.0, 659.0), (1015.0, 659.9), (1015.0, 659.3), (1015.0, 659.0), (1015.0, 659.9), (1015.0, 659.3), (1015.0, 659.0), (1015.0, 659.9), (1015.0, 659.3), (1015.0, 659.0), (1015.0, 659.9), (1015.0, 659.3), (1015.0, 659.0), (1015.0, 659.9), (1015.0, 659.3), (1015.0, 659.0), (1015.0, 659.9)]",0,6.73
speedrunner,meatboy,10,Stuck,2,0,145.7,0.961,"[(73.0, 653.0), (120.3, 651.3), (200.3, 622.8), (280.3, 640.4), (360.3, 659.0), (440.3, 659.9), (520.3, 659.3), (600.3, 659.0), (680.3, 659.9), (760.3, 659.3), (840.3, 659.0), (920.3, 659.9), (1000.3, 659.3), (1015.0, 659.0), (1015.0, 659.9), (1015.0, 659.3), (1015.0, 659.0), (1015.0, 659.9), (1015.0, 659.3), (1015.0, 659.0), (1015.0, 659.9), (1015.0, 659.3), (1015.0, 659.0), (1015.0, 659.9), (1015.0, 659.3), (1015.0, 659.0), (1015.0, 659.9), (1015.0, 659.3), (1015.0, 659.0), (1015.0, 659.9), (1015.0, 659.3), (1015.0, 659.0), (1015.0, 659.9), (1015.0, 659.3), (1015.0, 659.0), (1015.0, 659.9), (1015.0, 659.3), (1015.0, 659.0), (1015.0, 659.9), (1015.0, 659.3), (1015.0, 659.0), (1015.0, 659.9), (1015.0, 659.3), (1015.0, 659.0), (1015.0, 659.9), (1015.0, 659.3), (1015.0, 659.0), (1015.0, 659.9), (1015.0, 659.3)]",0,6.43
speedrunner,meatboy,10,Stuck,3,0,110.55,0.961,"[(73.0, 653.0), (120.3, 655.1), (200.3, 650.4), (274.5, 659.3), (305.8, 659.0), (340.6, 659.9), (372.1, 659.3), (432.4, 659.0), (512.4, 659.9), (592.4, 659.3), (672.4, 659.0), (752.4, 659.9), (820.7, 659.3), (827.1, 659.0), (832.2, 659.9), (837.3, 659.3), (842.4, 659.0), (847.5, 659.9), (852.6, 659.3), (857.7, 659.0), (862.8, 659.9), (867.9, 659.3), (873.1, 659.0), (878.2, 659.9), (883.3, 659.3), (888.4, 659.0), (893.5, 659.9), (898.6, 659.3), (903.7, 659.0), (908.8, 659.9), (913.9, 659.3), (919.1, 659.0), (924.2, 659.9), (929.3, 659.3), (934.4, 659.0), (939.5, 659.9), (944.6, 659.3), (949.7, 659.0), (954.8, 659.9), (959.9, 659.3), (965.1, 659.0), (970.2, 659.9), (975.3, 659.3), (1015.0, 657.4), (1015.0, 659.0), (1015.0, 659.9), (1015.0, 659.3), (1015.0, 659.0), (1015.0, 659.9), (1015.0, 659.3), (1015.0, 659.0), (1015.0, 659.9), (1015.0, 659.3), (1015.0, 659.0), (1015.0, 659.9), (1015.0, 659.3), (1015.0, 659.0), (1015.0, 659.9), (1015.0, 659.3), (1015.0, 659.0), (1015.0, 659.9), (1015.0, 659.3), (1015.0, 659.0), (1015.0, 659.9)]",0,8.52
speedrunner,meatboy,10,Stuck,6,0,140.0,0.961,"[(73.0, 653.0), (120.3, 655.1), (200.3, 650.4), (280.3, 659.3), (360.3, 659.0), (440.3, 659.9), (520.3, 659.3), (600.3, 630.8), (680.3, 627.2), (760.3, 651.9), (840.3, 659.0), (920.3, 659.9), (983.0, 606.5), (983.0, 571.9), (983.0, 556.2), (983.0, 559.4), (983.0, 581.3), (983.0, 619.2), (952.0, 630.5), (889.3, 625.9), (908.0, 640.0), (986.0, 659.9), (1015.0, 659.3), (1015.0, 659.0), (1015.0, 659.9), (1015.0, 659.3), (1015.0, 659.0), (1015.0, 659.9), (1015.0, 659.3), (1015.0, 659.0), (1015.0, 659.9), (1015.0, 659.3), (1015.0, 659.0), (1015.0, 659.9), (1015.0, 659.3), (1015.0, 659.0), (1015.0, 659.9), (1015.0, 659.3), (1015.0, 659.0), (1015.0, 659.9), (1015.0, 659.3), (1015.0, 659.0), (1015.0, 659.9), (1015.0, 659.3), (1015.0, 659.0), (1015.0, 659.9), (1015.0, 659.3), (1015.0, 659.0), (1015.0, 659.9), (1015.0, 659.3), (1015.0, 659.0)]",0,6.72
speedrunner,meatboy,10,Stuck,7,0,125.45,0.961,"[(73.0, 653.0), (120.3, 655.1), (200.3, 650.4), (280.3, 659.3), (360.3, 659.0), (440.3, 659.9), (520.3, 659.3), (600.3, 630.8), (680.3, 627.2), (760.3, 651.9), (840.3, 659.0), (920.3, 659.9), (983.0, 611.2), (983.0, 574.3), (983.0, 556.3), (983.0, 557.0), (983.0, 576.7), (983.0, 613.4), (921.0, 605.9), (886.3, 608.2), (936.0, 629.5), (987.0, 659.3), (1015.0, 659.0), (1015.0, 659.9), (1015.0, 659.3), (1015.0, 659.0), (1015.0, 659.9), (1015.0, 659.3), (1015.0, 659.0), (1015.0, 659.9), (1015.0, 659.3), (1015.0, 659.0), (1015.0, 659.9), (1015.0, 659.3), (1015.0, 659.0), (1015.0, 659.9), (1015.0, 659.3), (1015.0, 659.0), (1015.0, 659.9), (1015.0, 659.3), (1015.0, 659.0), (1015.0, 659.9), (1015.0, 659.3), (1015.0, 659.0), (1015.0, 659.9), (1015.0, 659.3), (1015.0, 659.0), (1015.0, 659.9), (1015.0, 659.3), (1015.0, 659.0), (1015.0, 659.9), (1015.0, 659.3), (1015.0, 659.0), (1015.0, 659.9), (1015.0, 659.3), (1015.0, 659.0)]",0,7.4
speedrunner,meatboy,10,Stuck,6,0,140.0,0.961,"[(73.0, 653.0), (120.3, 655.1), (200.3, 650.4), (280.3, 659.3), (360.3, 659.0), (440.3, 659.9), (520.3, 659.3), (600.3, 630.8), (680.3, 627.2), (760.3, 651.9), (840.3, 659.0), (920.3, 659.9), (983.0, 606.5), (983.0, 571.9), (983.0, 556.2), (983.0, 559.4), (983.0, 581.3), (983.0, 619.2), (952.0, 630.5), (889.3, 625.9), (908.0, 640.0), (986.0, 659.9), (1015.0, 659.3), (1015.0, 659.0), (1015.0, 659.9), (1015.0, 659.3), (1015.0, 659.0), (1015.0, 659.9), (1015.0, 659.3), (1015.0, 659.0), (1015.0, 659.9), (1015.0, 659.3), (1015.0, 659.0), (1015.0, 659.9), (1015.0, 659.3), (1015.0, 659.0), (1015.0, 659.9), (1015.0, 659.3), (1015.0, 659.0), (1015.0, 659.9), (1015.0, 659.3), (1015.0, 659.0), (1015.0, 659.9), (1015.0, 659.3), (1015.0, 659.0), (1015.0, 659.9), (1015.0, 659.3), (1015.0, 659.0), (1015.0, 659.9), (1015.0, 659.3), (1015.0, 659.0)]",0,6.72
speedrunner,meatboy,10,Stuck,6,0,139.65,0.961,"[(73.0, 653.0), (120.3, 655.1), (200.3, 650.4), (280.3, 659.3), (360.3, 659.0), (440.3, 659.9), (520.3, 659.3), (600.3, 636.8), (680.3, 625.4), (760.3, 647.8), (840.3, 659.9), (920.3, 659.3), (983.0, 612.1), (983.0, 575.2), (983.0, 557.1), (983.0, 557.9), (983.0, 577.6), (983.0, 614.3), (962.3, 632.5), (893.0, 625.4), (901.0, 637.2), (976.0, 659.3), (1015.0, 659.0), (1015.0, 659.9), (1015.0, 659.3), (1015.0, 659.0), (1015.0, 659.9), (1015.0, 659.3), (1015.0, 659.0), (1015.0, 659.9), (1015.0, 659.3), (1015.0, 659.0), (1015.0, 659.9), (1015.0, 659.3), (1015.0, 659.0), (1015.0, 659.9), (1015.0, 659.3), (1015.0, 659.0), (1015.0, 659.9), (1015.0, 659.3), (1015.0, 659.0), (1015.0, 659.9), (1015.0, 659.3), (1015.0, 659.0), (1015.0, 659.9), (1015.0, 659.3), (1015.0, 659.0), (1015.0, 659.9), (1015.0, 659.3), (1015.0, 659.0), (1015.0, 659.9)]",0,6.73
speedrunner,meatboy,10,Stuck,3,0,139.26,0.961,"[(73.0, 653.0), (120.3, 659.3), (200.3, 659.0), (280.3, 659.9), (360.3, 659.3), (440.3, 659.0), (520.3, 659.9), (600.3, 659.3), (680.3, 659.0), (760.3, 659.9), (840.3, 659.3), (920.3, 659.0), (983.0, 605.6), (983.0, 571.0), (983.0, 555.3), (983.0, 558.5), (983.0, 580.4), (983.0, 618.3), (984.3, 658.3), (1015.0, 654.8), (1015.0, 659.3), (1015.0, 659.0), (1015.0, 659.9), (1015.0, 659.3), (1015.0, 659.0), (1015.0, 659.9), (1015.0, 659.3), (1015.0, 659.0), (1015.0, 659.9), (1015.0, 659.3), (1015.0, 659.0), (1015.0, 659.9), (1015.0, 659.3), (1015.0, 659.0), (1015.0, 659.9), (1015.0, 659.3), (1015.0, 659.0), (1015.0, 659.9), (1015.0, 659.3), (1015.0, 659.0), (1015.0, 659.9), (1015.0, 659.3), (1015.0, 659.0), (1015.0, 659.9), (1015.0, 659.3), (1015.0, 659.0), (1015.0, 659.9), (1015.0, 659.3), (1015.0, 659.0), (1015.0, 659.9), (1015.0, 659.3)]",0,6.72
speedrunner,meatboy,10,Stuck,6,0,138.03,0.961,"[(73.0, 653.0), (120.3, 655.1), (200.3, 650.4), (280.3, 659.3), (360.3, 659.0), (440.3, 659.9), (520.3, 659.3), (600.3, 644.2), (680.3, 623.9), (760.3, 644.0), (840.3, 659.3), (920.3, 659.0), (983.0, 623.4), (983.0, 581.8), (983.0, 559.0), (983.0, 555.1), (983.0, 570.0), (983.0, 603.5), (983.0, 643.2), (1011.0, 653.0), (1015.0, 659.3), (1015.0, 659.0), (1015.0, 659.9), (1015.0, 659.3), (1015.0, 659.0), (1015.0, 659.9), (1015.0, 659.3), (1015.0, 659.0), (1015.0, 659.9), (1015.0, 659.3), (1015.0, 659.0), (1015.0, 659.9), (1015.0, 659.3), (1015.0, 659.0), (1015.0, 659.9), (1015.0, 659.3), (1015.0, 659.0), (1015.0, 659.9), (1015.0, 659.3), (1015.0, 659.0), (1015.0, 659.9), (1015.0, 659.3), (1015.0, 659.0), (1015.0, 659.9), (1015.0, 659.3), (1015.0, 659.0), (1015.0, 659.9), (1015.0, 659.3), (1015.0, 659.0), (1015.0, 659.9), (1015.0, 659.3)]",0,6.77
speedrunner,meatboy,10,Stuck,5,0,70.36,0.961,"[(73.0, 653.0), (120.3, 655.1), (200.3, 650.4), (274.5, 659.3), (285.3, 659.0), (290.4, 659.9), (295.6, 659.3), (300.7, 659.0), (305.8, 659.9), (310.9, 659.3), (316.0, 659.0), (321.1, 659.9), (326.2, 659.3), (331.3, 659.0), (336.4, 659.9), (341.6, 659.3), (346.7, 659.0), (351.8, 659.9), (356.9, 659.3), (362.0, 659.0), (367.1, 659.9), (372.2, 659.3), (377.3, 659.0), (388.4, 659.9), (458.8, 659.3), (536.9, 659.0), (560.8, 659.9), (622.5, 621.0), (702.5, 631.6), (782.5, 659.0), (833.3, 659.9), (827.8, 659.3), (822.2, 659.0), (816.7, 659.9), (811.1, 659.3), (808.2, 659.0), (813.3, 659.9), (818.4, 659.3), (823.6, 659.0), (828.7, 659.9), (833.8, 659.3), (838.9, 659.0), (844.0, 659.9), (849.1, 659.3), (854.2, 659.0), (859.3, 659.9), (864.4, 659.3), (869.6, 659.0), (874.7, 659.9), (879.8, 659.3), (884.9, 659.0), (890.0, 659.9), (895.1, 659.3), (900.2, 659.0), (905.3, 659.9), (910.4, 659.3), (915.6, 659.0), (920.7, 659.9), (925.8, 659.3), (930.9, 659.0), (945.4, 659.9), (979.6, 617.5), (983.0, 578.2), (983.0, 557.8), (983.0, 556.2), (983.0, 573.5), (983.0, 608.7), (983.0, 648.4), (1015.0, 655.9), (1015.0, 659.9), (1015.0, 659.3), (1015.0, 659.0), (1015.0, 659.9), (1015.0, 659.3), (1015.0, 659.0), (1015.0, 659.9), (1015.0, 659.3), (1015.0, 659.0), (1015.0, 659.9), (1015.0, 659.3), (1015.0, 659.0), (1015.0, 659.9), (1015.0, 659.3), (1015.0, 659.0), (1015.0, 659.9), (1015.0, 659.3), (1015.0, 659.0), (1015.0, 659.9), (1015.0, 659.3), (1015.0, 659.0), (1015.0, 659.9), (1015.0, 659.3), (1015.0, 659.0), (1015.0, 659.9), (1015.0, 659.3), (1015.0, 659.0), (1015.0, 659.9), (1015.0, 659.3), (1015.0, 659.0), (1015.0, 659.9)]",0,13.28
speedrunner,meatboy,10,Stuck,7,0,125.91,0.961,"[(73.0, 653.0), (120.3, 655.1), (200.3, 650.4), (280.3, 659.3), (360.3, 659.0), (440.3, 659.9), (520.3, 659.3), (600.3, 636.8), (680.3, 625.4), (760.3, 647.8), (840.3, 659.9), (920.3, 659.3), (983.0, 612.1), (983.0, 575.2), (983.0, 557.1), (983.0, 557.9), (983.0, 577.6), (983.0, 614.3), (912.0, 601.0), (888.0, 605.8), (938.7, 629.4), (991.0, 653.0), (1015.0, 659.3), (1015.0, 659.0), (1015.0, 659.9), (1015.0, 659.3), (1015.0, 659.0), (1015.0, 659.9), (1015.0, 659.3), (1015.0, 659.0), (1015.0, 659.9), (1015.0, 659.3), (1015.0, 659.0), (1015.0, 659.9), (1015.0, 659.3), (1015.0, 659.0), (1015.0, 659.9), (1015.0, 659.3), (1015.0, 659.0), (1015.0, 659.9), (1015.0, 659.3), (1015.0, 659.0), (1015.0, 659.9), (1015.0, 659.3), (1015.0, 659.0), (1015.0, 659.9), (1015.0, 659.3), (1015.0, 659.0), (1015.0, 659.9), (1015.0, 659.3), (1015.0, 659.0), (1015.0, 659.9), (1015.0, 659.3), (1015.0, 659.0), (1015.0, 659.9), (1015.0, 659.3)]",0,7.38
speedrunner,meatboy,10,Stuck,1,0,145.7,0.961,"[(73.0, 653.0), (120.3, 659.3), (200.3, 659.0), (280.3, 659.9), (360.3, 659.3), (440.3, 659.0), (520.3, 659.9), (600.3, 659.3), (680.3, 659.0), (760.3, 659.9), (840.3, 659.3), (920.3, 659.0), (1000.3, 659.9), (1015.0, 659.2), (1015.0, 659.3), (1015.0, 659.0), (1015.0, 659.9), (1015.0, 659.3), (1015.0, 659.0), (1015.0, 659.9), (1015.0, 659.3), (1015.0, 659.0), (1015.0, 659.9), (1015.0, 659.3), (1015.0, 659.0), (1015.0, 659.9), (1015.0, 659.3), (1015.0, 659.0), (1015.0, 659.9), (1015.0, 659.3), (1015.0, 659.0), (1015.0, 659.9), (1015.0, 659.3), (1015.0, 659.0), (1015.0, 659.9), (1015.0, 659.3), (1015.0, 659.0), (1015.0, 659.9), (1015.0, 659.3), (1015.0, 659.0), (1015.0, 659.9), (1015.0, 659.3), (1015.0, 659.0), (1015.0, 659.9), (1015.0, 659.3), (1015.0, 659.0), (1015.0, 659.9), (1015.0, 659.3), (1015.0, 659.0)]",0,6.43
speedrunner,meatboy,10,Stuck,5,0,139.31,0.961,"[(73.0, 653.0), (120.3, 655.1), (200.3, 650.4), (280.3, 659.3), (360.3, 659.0), (440.3, 659.9), (520.3, 659.3), (600.3, 659.0), (680.3, 659.9), (760.3, 659.3), (840.3, 659.0), (920.3, 659.9), (983.0, 617.5), (983.0, 578.2), (983.0, 557.8), (983.0, 556.2), (983.0, 573.5), (983.0, 608.7), (972.7, 634.1), (898.0, 624.7), (895.3, 634.1), (966.0, 659.0), (1015.0, 659.9), (1015.0, 659.3), (1015.0, 659.0), (1015.0, 659.9), (1015.0, 659.3), (1015.0, 659.0), (1015.0, 659.9), (1015.0, 659.3), (1015.0, 659.0), (1015.0, 659.9), (1015.0, 659.3), (1015.0, 659.0), (1015.0, 659.9), (1015.0, 659.3), (1015.0, 659.0), (1015.0, 659.9), (1015.0, 659.3), (1015.0, 659.0), (1015.0, 659.9), (1015.0, 659.3), (1015.0, 659.0), (1015.0, 659.9), (1015.0, 659.3), (1015.0, 659.0), (1015.0, 659.9), (1015.0, 659.3), (1015.0, 659.0), (1015.0, 659.9), (1015.0, 659.3)]",0,6.75
speedrunner,meatboy,10,Stuck,3,0,145.7,0.961,"[(73.0, 653.0), (120.3, 655.1), (200.3, 650.4), (280.3, 659.3), (360.3, 659.0), (440.3, 659.9), (520.3, 659.3), (600.3, 659.0), (680.3, 659.9), (760.3, 659.3), (840.3, 659.0), (920.3, 659.9), (1000.3, 653.3), (1015.0, 659.9), (1015.0, 659.3), (1015.0, 659.0), (1015.0, 659.9), (1015.0, 659.3), (1015.0, 659.0), (1015.0, 659.9), (1015.0, 659.3), (1015.0, 659.0), (1015.0, 659.9), (1015.0, 659.3), (1015.0, 659.0), (1015.0, 659.9), (1015.0, 659.3), (1015.0, 659.0), (1015.0, 659.9), (1015.0, 659.3), (1015.0, 659.0), (1015.0, 659.9), (1015.0, 659.3), (1015.0, 659.0), (1015.0, 659.9), (1015.0, 659.3), (1015.0, 659.0), (1015.0, 659.9), (1015.0, 659.3), (1015.0, 659.0), (1015.0, 659.9), (1015.0, 659.3), (1015.0, 659.0), (1015.0, 659.9), (1015.0, 659.3), (1015.0, 659.0), (1015.0, 659.9), (1015.0, 659.3), (1015.0, 659.0)]",0,6.43
speedrunner,meatboy,10,Stuck,7,0,125.91,0.961,"[(73.0, 653.0), (120.3, 655.1), (200.3, 650.4), (280.3, 659.3), (360.3, 659.0), (440.3, 659.9), (520.3, 659.3), (600.3, 636.8), (680.3, 625.4), (760.3, 647.8), (840.3, 659.9), (920.3, 659.3), (983.0, 612.1), (983.0, 575.2), (983.0, 557.1), (983.0, 557.9), (983.0, 577.6), (983.0, 614.3), (912.0, 601.0), (888.0, 605.8), (938.7, 629.4), (991.0, 653.0), (1015.0, 659.3), (1015.0, 659.0), (1015.0, 659.9), (1015.0, 659.3), (1015.0, 659.0), (1015.0, 659.9), (1015.0, 659.3), (1015.0, 659.0), (1015.0, 659.9), (1015.0, 659.3), (1015.0, 659.0), (1015.0, 659.9), (1015.0, 659.3), (1015.0, 659.0), (1015.0, 659.9), (1015.0, 659.3), (1015.0, 659.0), (1015.0, 659.9), (1015.0, 659.3), (1015.0, 659.0), (1015.0, 659.9), (1015.0, 659.3), (1015.0, 659.0), (1015.0, 659.9), (1015.0, 659.3), (1015.0, 659.0), (1015.0, 659.9), (1015.0, 659.3), (1015.0, 659.0), (1015.0, 659.9), (1015.0, 659.3), (1015.0, 659.0), (1015.0, 659.9), (1015.0, 659.3)]",0,7.38
speedrunner,meatboy,10,Stuck,7,0,125.45,0.961,"[(73.0, 653.0), (120.3, 655.1), (200.3, 650.4), (280.3, 659.3), (360.3, 659.0), (440.3, 659.9), (520.3, 659.3), (600.3, 630.8), (680.3, 627.2), (760.3, 651.9), (840.3, 659.0), (920.3, 659.9), (983.0, 611.2), (983.0, 574.3), (983.0, 556.3), (983.0, 557.0), (983.0, 576.7), (983.0, 613.4), (921.0, 605.9), (886.3, 608.2), (936.0, 629.5), (987.0, 659.3), (1015.0, 659.0), (1015.0, 659.9), (1015.0, 659.3), (1015.0, 659.0), (1015.0, 659.9), (1015.0, 659.3), (1015.0, 659.0), (1015.0, 659.9), (1015.0, 659.3), (1015.0, 659.0), (1015.0, 659.9), (1015.0, 659.3), (1015.0, 659.0), (1015.0, 659.9), (1015.0, 659.3), (1015.0, 659.0), (1015.0, 659.9), (1015.0, 659.3), (1015.0, 659.0), (1015.0, 659.9), (1015.0, 659.3), (1015.0, 659.0), (1015.0, 659.9), (1015.0, 659.3), (1015.0, 659.0), (1015.0, 659.9), (1015.0, 659.3), (1015.0, 659.0), (1015.0, 659.9), (1015.0, 659.3), (1015.0, 659.0), (1015.0, 659.9), (1015.0, 659.3), (1015.0, 659.0)]",0,7.4
speedrunner,meatboy,10,Stuck,5,0,139.31,0.961,"[(73.0, 653.0), (120.3, 655.1), (200.3, 650.4), (280.3, 659.3), (360.3, 659.0), (440.3, 659.9), (520.3, 659.3), (600.3, 659.0), (680.3, 659.9), (760.3, 659.3), (840.3, 659.0), (920.3, 659.9), (983.0, 617.5), (983.0, 578.2), (983.0, 557.8), (983.0, 556.2), (983.0, 573.5), (983.0, 608.7), (972.7, 634.1), (898.0, 624.7), (895.3, 634.1), (966.0, 659.0), (1015.0, 659.9), (1015.0, 659.3), (1015.0, 659.0), (1015.0, 659.9), (1015.0, 659.3), (1015.0, 659.0), (1015.0, 659.9), (1015.0, 659.3), (1015.0, 659.0), (1015.0, 659.9), (1015.0, 659.3), (1015.0, 659.0), (1015.0, 659.9), (1015.0, 659.3), (1015.0, 659.0), (1015.0, 659.9), (1015.0, 659.3), (1015.0, 659.0), (1015.0, 659.9), (1015.0, 659.3), (1015.0, 659.0), (1015.0, 659.9), (1015.0, 659.3), (1015.0, 659.0), (1015.0, 659.9), (1015.0, 659.3), (1015.0, 659.0), (1015.0, 659.9), (1015.0, 659.3)]",0,6.75
speedrunner,meatboy,10,Stuck,5,0,70.36,0.961,"[(73.0, 653.0), (120.3, 655.1), (200.3, 650.4), (274.5, 659.3), (285.3, 659.0), (290.4, 659.9), (295.6, 659.3), (300.7, 659.0), (305.8, 659.9), (310.9, 659.3), (316.0, 659.0), (321.1, 659.9), (326.2, 659.3), (331.3, 659.0), (336.4, 659.9), (341.6, 659.3), (346.7, 659.0), (351.8, 659.9), (356.9, 659.3), (362.0, 659.0), (367.1, 659.9), (372.2, 659.3), (377.3, 659.0), (388.4, 659.9), (458.8, 659.3), (536.9, 659.0), (560.8, 659.9), (622.5, 621.0), (702.5, 631.6), (782.5, 659.0), (833.3, 659.9), (827.8, 659.3), (822.2, 659.0), (816.7, 659.9), (811.1, 659.3), (808.2, 659.0), (813.3, 659.9), (818.4, 659.3), (823.6, 659.0), (828.7, 659.9), (833.8, 659.3), (838.9, 659.0), (844.0, 659.9), (849.1, 659.3), (854.2, 659.0), (859.3, 659.9), (864.4, 659.3), (869.6, 659.0), (874.7, 659.9), (879.8, 659.3), (884.9, 659.0), (890.0, 659.9), (895.1, 659.3), (900.2, 659.0), (905.3, 659.9), (910.4, 659.3), (915.6, 659.0), (920.7, 659.9), (925.8, 659.3), (930.9, 659.0), (945.4, 659.9), (979.6, 617.5), (983.0, 578.2), (983.0, 557.8), (983.0, 556.2), (983.0, 573.5), (983.0, 608.7), (983.0, 648.4), (1015.0, 655.9), (1015.0, 659.9), (1015.0, 659.3), (1015.0, 659.0), (1015.0, 659.9), (1015.0, 659.3), (1015.0, 659.0), (1015.0, 659.9), (1015.0, 659.3), (1015.0, 659.0), (1015.0, 659.9), (1015.0, 659.3), (1015.0, 659.0), (1015.0, 659.9), (1015.0, 659.3), (1015.0, 659.0), (1015.0, 659.9), (1015.0, 659.3), (1015.0, 659.0), (1015.0, 659.9), (1015.0, 659.3), (1015.0, 659.0), (1015.0, 659.9), (1015.0, 659.3), (1015.0, 659.0), (1015.0, 659.9), (1015.0, 659.3), (1015.0, 659.0), (1015.0, 659.9), (1015.0, 659.3), (1015.0, 659.0), (1015.0, 659.9)]",0,13.28
speedrunner,meatboy,10,Saw,6,0,243.78,0.44,"[(73.0, 653.0), (120.3, 655.1), (200.3, 650.4), (280.3, 659.3), (360.3, 659.0), (440.3, 659.9), (520.3, 624.3), (599.0, 582.7), (599.0, 573.3), (596.3, 582.7), (568.0, 584.7), (501.6, 580.0)]",0,1.57
speedrunner,meatboy,10,Stuck,5,0,139.31,0.961,"[(73.0, 653.0), (120.3, 655.1), (200.3, 650.4), (280.3, 659.3), (360.3, 659.0), (440.3, 659.9), (520.3, 659.3), (600.3, 659.0), (680.3, 659.9), (760.3, 659.3), (840.3, 659.0), (920.3, 659.9), (983.0, 617.5), (983.0, 578.2), (983.0, 557.8), (983.0, 556.2), (983.0, 573.5), (983.0, 608.7), (972.7, 634.1), (898.0, 624.7), (895.3, 634.1), (966.0, 659.0), (1015.0, 659.9), (1015.0, 659.3), (1015.0, 659.0), (1015.0, 659.9), (1015.0, 659.3), (1015.0, 659.0), (1015.0, 659.9), (1015.0, 659.3), (1015.0, 659.0), (1015.0, 659.9), (1015.0, 659.3), (1015.0, 659.0), (1015.0, 659.9), (1015.0, 659.3), (1015.0, 659.0), (1015.0, 659.9), (1015.0, 659.3), (1015.0, 659.0), (1015.0, 659.9), (1015.0, 659.3), (1015.0, 659.0), (1015.0, 659.9), (1015.0, 659.3), (1015.0, 659.0), (1015.0, 659.9), (1015.0, 659.3), (1015.0, 659.0), (1015.0, 659.9), (1015.0, 659.3)]",0,6.75
speedrunner,meatboy,10,Stuck,7,0,115.43,0.961,"[(73.0, 653.0), (120.3, 655.1), (200.3, 650.4), (280.3, 659.3), (360.3, 659.0), (440.3, 659.9), (520.3, 659.3), (600.3, 644.2), (680.3, 623.9), (760.3, 644.0), (840.3, 659.3), (866.7, 659.0), (874.8, 659.9), (884.1, 659.3), (891.0, 659.0), (897.9, 659.9), (906.2, 659.3), (919.1, 659.0), (929.4, 659.9), (940.5, 659.3), (955.9, 659.0), (968.2, 659.9), (983.0, 637.1), (983.0, 590.7), (983.0, 563.2), (983.0, 554.6), (983.0, 564.8), (983.0, 593.8), (983.0, 633.5), (921.0, 626.0), (886.3, 628.4), (936.0, 649.6), (1003.2, 659.9), (1015.0, 659.0), (1015.0, 659.9), (1015.0, 659.3), (1015.0, 659.0), (1015.0, 659.9), (1015.0, 659.3), (1015.0, 659.0), (1015.0, 659.9), (1015.0, 659.3), (1015.0, 659.0), (1015.0, 659.9), (1015.0, 659.3), (1015.0, 659.0), (1015.0, 659.9), (1015.0, 659.3), (1015.0, 659.0), (1015.0, 659.9), (1015.0, 659.3), (1015.0, 659.0), (1015.0, 659.9), (1015.0, 659.3), (1015.0, 659.0), (1015.0, 659.9), (1015.0, 659.3), (1015.0, 659.0), (1015.0, 659.9), (1015.0, 659.3), (1015.0, 659.0), (1015.0, 659.9)]",0,8.13
speedrunner,meatboy,10,Stuck,6,0,138.57,0.961,"[(73.0, 653.0), (120.3, 655.1), (200.3, 650.4), (280.3, 659.3), (360.3, 659.0), (440.3, 659.9), (520.3, 659.3), (600.3, 644.2), (680.3, 623.9), (760.3, 644.0), (840.3, 659.3), (920.3, 659.0), (983.0, 618.1), (983.0, 578.8), (983.0, 558.4), (983.0, 556.8), (983.0, 574.1), (983.0, 609.3), (983.0, 649.0), (1015.0, 653.9), (1015.0, 659.0), (1015.0, 659.9), (1015.0, 659.3), (1015.0, 659.0), (1015.0, 659.9), (1015.0, 659.3), (1015.0, 659.0), (1015.0, 659.9), (1015.0, 659.3), (1015.0, 659.0), (1015.0, 659.9), (1015.0, 659.3), (1015.0, 659.0), (1015.0, 659.9), (1015.0, 659.3), (1015.0, 659.0), (1015.0, 659.9), (1015.0, 659.3), (1015.0, 659.0), (1015.0, 659.9), (1015.0, 659.3), (1015.0, 659.0), (1015.0, 659.9), (1015.0, 659.3), (1015.0, 659.0), (1015.0, 659.9), (1015.0, 659.3), (1015.0, 659.0), (1015.0, 659.9), (1015.0, 659.3), (1015.0, 659.0)]",0,6.75
speedrunner,meatboy,10,Stuck,3,0,145.7,0.961,"[(73.0, 653.0), (120.3, 655.1), (200.3, 650.4), (280.3, 659.3), (360.3, 659.0), (440.3, 659.9), (520.3, 659.3), (600.3, 659.0), (680.3, 659.9), (760.3, 659.3), (840.3, 659.0), (920.3, 659.9), (1000.3, 653.3), (1015.0, 659.9), (1015.0, 659.3), (1015.0, 659.0), (1015.0, 659.9), (1015.0, 659.3), (1015.0, 659.0), (1015.0, 659.9), (1015.0, 659.3), (1015.0, 659.0), (1015.0, 659.9), (1015.0, 659.3), (1015.0, 659.0), (1015.0, 659.9), (1015.0, 659.3), (1015.0, 659.0), (1015.0, 659.9), (1015.0, 659.3), (1015.0, 659.0), (1015.0, 659.9), (1015.0, 659.3), (1015.0, 659.0), (1015.0, 659.9), (1015.0, 659.3), (1015.0, 659.0), (1015.0, 659.9), (1015.0, 659.3), (1015.0, 659.0), (1015.0, 659.9), (1015.0, 659.3), (1015.0, 659.0), (1015.0, 659.9), (1015.0, 659.3), (1015.0, 659.0), (1015.0, 659.9), (1015.0, 659.3), (1015.0, 659.0)]",0,6.43
speedrunner,meatboy,10,Stuck,6,0,140.7,0.961,"[(73.0, 653.0), (120.3, 655.1), (200.3, 650.4), (280.3, 659.3), (360.3, 659.0), (440.3, 659.9), (520.3, 659.3), (600.3, 630.8), (680.3, 627.2), (760.3, 651.9), (840.3, 659.0), (920.3, 643.9), (983.0, 595.2), (983.0, 565.4), (983.0, 554.4), (983.0, 562.2), (983.0, 588.9), (983.0, 628.3), (931.3, 626.7), (886.0, 626.7), (926.0, 645.6), (1006.0, 659.3), (1015.0, 659.0), (1015.0, 659.9), (1015.0, 659.3), (1015.0, 659.0), (1015.0, 659.9), (1015.0, 659.3), (1015.0, 659.0), (1015.0, 659.9), (1015.0, 659.3), (1015.0, 659.0), (1015.0, 659.9), (1015.0, 659.3), (1015.0, 659.0), (1015.0, 659.9), (1015.0, 659.3), (1015.0, 659.0), (1015.0, 659.9), (1015.0, 659.3), (1015.0, 659.0), (1015.0, 659.9), (1015.0, 659.3), (1015.0, 659.0), (1015.0, 659.9), (1015.0, 659.3), (1015.0, 659.0), (1015.0, 659.9), (1015.0, 659.3), (1015.0, 659.0), (1015.0, 659.9)]",0,6.68
speedrunner,meatboy,10,Stuck,7,0,125.45,0.961,"[(73.0, 653.0), (120.3, 655.1), (200.3, 650.4), (280.3, 659.3), (360.3, 659.0), (440.3, 659.9), (520.3, 659.3), (600.3, 630.8), (680.3, 627.2), (760.3, 651.9), (840.3, 659.0), (920.3, 659.9), (983.0, 611.2), (983.0, 574.3), (983.0, 556.3), (983.0, 557.0), (983.0, 576.7), (983.0, 613.4), (921.0, 605.9), (886.3, 608.2), (936.0, 629.5), (987.0, 659.3), (1015.0, 659.0), (1015.0, 659.9), (1015.0, 659.3), (1015.0, 659.0), (1015.0, 659.9), (1015.0, 659.3), (1015.0, 659.0), (1015.0, 659.9), (1015.0, 659.3), (1015.0, 659.0), (1015.0, 659.9), (1015.0, 659.3), (1015.0, 659.0), (1015.0, 659.9), (1015.0, 659.3), (1015.0, 659.0), (1015.0, 659.9), (1015.0, 659.3), (1015.0, 659.0), (1015.0, 659.9), (1015.0, 659.3), (1015.0, 659.0), (1015.0, 659.9), (1015.0, 659.3), (1015.0, 659.0), (1015.0, 659.9), (1015.0, 659.3), (1015.0, 659.0), (1015.0, 659.9), (1015.0, 659.3), (1015.0, 659.0), (1015.0, 659.9), (1015.0, 659.3), (1015.0, 659.0)]",0,7.4
speedrunner,meatboy,10,Stuck,7,0,125.91,0.961,"[(73.0, 653.0), (120.3, 655.1), (200.3, 650.4), (280.3, 659.3), (360.3, 659.0), (440.3, 659.9), (520.3, 659.3), (600.3, 636.8), (680.3, 625.4), (760.3, 647.8), (840.3, 659.9), (920.3, 659.3), (983.0, 612.1), (983.0, 575.2), (983.0, 557.1), (983.0, 557.9), (983.0, 577.6), (983.0, 614.3), (912.0, 601.0), (888.0, 605.8), (938.7, 629.4), (991.0, 653.0), (1015.0, 659.3), (1015.0, 659.0), (1015.0, 659.9), (1015.0, 659.3), (1015.0, 659.0), (1015.0, 659.9), (1015.0, 659.3), (1015.0, 659.0), (1015.0, 659.9), (1015.0, 659.3), (1015.0, 659.0), (1015.0, 659.9), (1015.0, 659.3), (1015.0, 659.0), (1015.0, 659.9), (1015.0, 659.3), (1015.0, 659.0), (1015.0, 659.9), (1015.0, 659.3), (1015.0, 659.0), (1015.0, 659.9), (1015.0, 659.3), (1015.0, 659.0), (1015.0, 659.9), (1015.0, 659.3), (1015.0, 659.0), (1015.0, 659.9), (1015.0, 659.3), (1015.0, 659.0), (1015.0, 659.9), (1015.0, 659.3), (1015.0, 659.0), (1015.0, 659.9), (1015.0, 659.3)]",0,7.38
speedrunner,meatboy,10,Stuck,6,0,140.7,0.961,"[(73.0, 653.0), (120.3, 655.1), (200.3, 650.4), (280.3, 659.3), (360.3, 659.0), (440.3, 659.9), (520.3, 659.3), (600.3, 630.8), (680.3, 627.2), (760.3, 651.9), (840.3, 659.0), (920.3, 643.9), (983.0, 595.2), (983.0, 565.4), (983.0, 554.4), (983.0, 562.2), (983.0, 588.9), (983.0, 628.3), (931.3, 626.7), (886.0, 626.7), (926.0, 645.6), (1006.0, 659.3), (1015.0, 659.0), (1015.0, 659.9), (1015.0, 659.3), (1015.0, 659.0), (1015.0, 659.9), (1015.0, 659.3), (1015.0, 659.0), (1015.0, 659.9), (1015.0, 659.3), (1015.0, 659.0), (1015.0, 659.9), (1015.0, 659.3), (1015.0, 659.0), (1015.0, 659.9), (1015.0, 659.3), (1015.0, 659.0), (1015.0, 659.9), (1015.0, 659.3), (1015.0, 659.0), (1015.0, 659.9), (1015.0, 659.3), (1015.0, 659.0), (1015.0, 659.9), (1015.0, 659.3), (1015.0, 659.0), (1015.0, 659.9), (1015.0, 659.3), (1015.0, 659.0), (1015.0, 659.9)]",0,6.68
speedrunner,meatboy,10,Stuck,6,0,138.57,0.961,"[(73.0, 653.0), (120.3, 655.1), (200.3, 650.4), (280.3, 659.3), (360.3, 659.0), (440.3, 659.9), (520.3, 659.3), (600.3, 644.2), (680.3, 623.9), (760.3, 644.0), (840.3, 659.3), (920.3, 659.0), (983.0, 618.1), (983.0, 578.8), (983.0, 558.4), (983.0, 556.8), (983.0, 574.1), (983.0, 609.3), (983.0, 649.0), (1015.0, 653.9), (1015.0, 659.0), (1015.0, 659.9), (1015.0, 659.3), (1015.0, 659.0), (1015.0, 659.9), (1015.0, 659.3), (1015.0, 659.0), (1015.0, 659.9), (1015.0, 659.3), (1015.0, 659.0), (1015.0, 659.9), (1015.0, 659.3), (1015.0, 659.0), (1015.0, 659.9), (1015.0, 659.3), (1015.0, 659.0), (1015.0, 659.9), (1015.0, 659.3), (1015.0, 659.0), (1015.0, 659.9), (1015.0, 659.3), (1015.0, 659.0), (1015.0, 659.9), (1015.0, 659.3), (1015.0, 659.0), (1015.0, 659.9), (1015.0, 659.3), (1015.0, 659.0), (1015.0, 659.9), (1015.0, 659.3), (1015.0, 659.0)]",0,6.75
speedrunner,meatboy,10,Stuck,6,0,139.65,0.961,"[(73.0, 653.0), (120.3, 655.1), (200.3, 650.4), (280.3, 659.3), (360.3, 659.0), (440.3, 659.9), (520.3, 659.3), (600.3, 630.8), (680.3, 627.2), (760.3, 651.9), (840.3, 659.0), (920.3, 659.9), (983.0, 611.2), (983.0, 574.3), (983.0, 556.3), (983.0, 557.0), (983.0, 576.7), (983.0, 613.4), (962.3, 631.6), (893.0, 624.5), (901.0, 636.3), (976.0, 659.3), (1015.0, 659.0), (1015.0, 659.9), (1015.0, 659.3), (1015.0, 659.0), (1015.0, 659.9), (1015.0, 659.3), (1015.0, 659.0), (1015.0, 659.9), (1015.0, 659.3), (1015.0, 659.0), (1015.0, 659.9), (1015.0, 659.3), (1015.0, 659.0), (1015.0, 659.9), (1015.0, 659.3), (1015.0, 659.0), (1015.0, 659.9), (1015.0, 659.3), (1015.0, 659.0), (1015.0, 659.9), (1015.0, 659.3), (1015.0, 659.0), (1015.0, 659.9), (1015.0, 659.3), (1015.0, 659.0), (1015.0, 659.9), (1015.0, 659.3), (1015.0, 659.0), (1015.0, 659.9)]",0,6.73
speedrunner,meatboy,10,Stuck,5,0,139.95,0.961,"[(73.0, 653.0), (120.3, 655.1), (200.3, 650.4), (280.3, 659.3), (360.3, 659.0), (440.3, 659.9), (520.3, 659.3), (600.3, 630.8), (680.3, 627.2), (760.3, 651.9), (840.3, 659.0), (920.3, 643.9), (983.0, 595.2), (983.0, 565.4), (983.0, 554.4), (983.0, 562.2), (983.0, 588.9), (983.0, 628.3), (991.0, 653.0), (1015.0, 659.3), (1015.0, 659.0), (1015.0, 659.9), (1015.0, 659.3), (1015.0, 659.0), (1015.0, 659.9), (1015.0, 659.3), (1015.0, 659.0), (1015.0, 659.9), (1015.0, 659.3), (1015.0, 659.0), (1015.0, 659.9), (1015.0, 659.3), (1015.0, 659.0), (1015.0, 659.9), (1015.0, 659.3), (1015.0, 659.0), (1015.0, 659.9), (1015.0, 659.3), (1015.0, 659.0), (1015.0, 659.9), (1015.0, 659.3), (1015.0, 659.0), (1015.0, 659.9), (1015.0, 659.3), (1015.0, 659.0), (1015.0, 659.9), (1015.0, 659.3), (1015.0, 659.0), (1015.0, 659.9), (1015.0, 659.3), (1015.0, 659.0)]",0,6.68
speedrunner,meatboy,10,Stuck,6,0,140.0,0.961,"[(73.0, 653.0), (120.3, 655.1), (200.3, 650.4), (280.3, 659.3), (360.3, 659.0), (440.3, 659.9), (520.3, 659.3), (600.3, 636.8), (680.3, 625.4), (760.3, 647.8), (840.3, 659.9), (920.3, 659.3), (983.0, 605.9), (983.0, 571.3), (983.0, 555.6), (983.0, 558.8), (983.0, 580.7), (983.0, 618.6), (952.0, 630.0), (889.3, 625.3), (908.0, 639.4), (986.0, 659.9), (1015.0, 659.3), (1015.0, 659.0), (1015.0, 659.9), (1015.0, 659.3), (1015.0, 659.0), (1015.0, 659.9), (1015.0, 659.3), (1015.0, 659.0), (1015.0, 659.9), (1015.0, 659.3), (1015.0, 659.0), (1015.0, 659.9), (1015.0, 659.3), (1015.0, 659.0), (1015.0, 659.9), (1015.0, 659.3), (1015.0, 659.0), (1015.0, 659.9), (1015.0, 659.3), (1015.0, 659.0), (1015.0, 659.9), (1015.0, 659.3), (1015.0, 659.0), (1015.0, 659.9), (1015.0, 659.3), (1015.0, 659.0), (1015.0, 659.9), (1015.0, 659.3), (1015.0, 659.0)]",0,6.72
speedrunner,meatboy,10,Stuck,5,0,139.6,0.961,"[(73.0, 653.0), (120.3, 655.1), (200.3, 650.4), (280.3, 659.3), (360.3, 659.0), (440.3, 659.9), (520.3, 659.3), (600.3, 630.8), (680.3, 627.2), (760.3, 651.9), (840.3, 659.0), (920.3, 651.6), (983.0, 600.5), (983.0, 568.3), (983.0, 555.0), (983.0, 560.5), (983.0, 584.8), (983.0, 623.6), (987.0, 659.0), (1015.0, 659.0), (1015.0, 659.9), (1015.0, 659.3), (1015.0, 659.0), (1015.0, 659.9), (1015.0, 659.3), (1015.0, 659.0), (1015.0, 659.9), (1015.0, 659.3), (1015.0, 659.0), (1015.0, 659.9), (1015.0, 659.3), (1015.0, 659.0), (1015.0, 659.9), (1015.0, 659.3), (1015.0, 659.0), (1015.0, 659.9), (1015.0, 659.3), (1015.0, 659.0), (1015.0, 659.9), (1015.0, 659.3), (1015.0, 659.0), (1015.0, 659.9), (1015.0, 659.3), (1015.0, 659.0), (1015.0, 659.9), (1015.0, 659.3), (1015.0, 659.0), (1015.0, 659.9), (1015.0, 659.3), (1015.0, 659.0), (1015.0, 659.9)]",0,6.7
speedrunner,meatboy,10,Stuck,5,0,139.26,0.961,"[(73.0, 653.0), (120.3, 655.1), (200.3, 650.4), (280.3, 659.3), (360.3, 659.0), (440.3, 659.9), (520.3, 659.3), (600.3, 644.2), (680.3, 623.9), (760.3, 644.0), (840.3, 659.3), (920.3, 659.0), (983.0, 605.6), (983.0, 571.0), (983.0, 555.3), (983.0, 558.5), (983.0, 580.4), (983.0, 618.3), (984.3, 658.3), (1015.0, 659.2), (1015.0, 659.3), (1015.0, 659.0), (1015.0, 659.9), (1015.0, 659.3), (1015.0, 659.0), (1015.0, 659.9), (1015.0, 659.3), (1015.0, 659.0), (1015.0, 659.9), (1015.0, 659.3), (1015.0, 659.0), (1015.0, 659.9), (1015.0, 659.3), (1015.0, 659.0), (1015.0, 659.9), (1015.0, 659.3), (1015.0, 659.0), (1015.0, 659.9), (1015.0, 659.3), (1015.0, 659.0), (1015.0, 659.9), (1015.0, 659.3), (1015.0, 659.0), (1015.0, 659.9), (1015.0, 659.3), (1015.0, 659.0), (1015.0, 659.9), (1015.0, 659.3), (1015.0, 659.0), (1015.0, 659.9), (1015.0, 659.3)]",0,6.72
speedrunner,meatboy,10,Stuck,6,0,138.88,0.961,"[(73.0, 653.0), (120.3, 655.1), (200.3, 650.4), (280.3, 659.3), (360.3, 659.0), (440.3, 659.9), (520.3, 659.3), (600.3, 630.8), (680.3, 627.2), (760.3, 651.9), (840.3, 659.0), (920.3, 659.9), (983.0, 606.5), (983.0, 571.9), (983.0, 556.2), (983.0, 559.4), (983.0, 581.3), (983.0, 619.2), (984.3, 659.2), (1015.0, 655.9), (1015.0, 659.9), (1015.0, 659.3), (1015.0, 659.0), (1015.0, 659.9), (1015.0, 659.3), (1015.0, 659.0), (1015.0, 659.9), (1015.0, 659.3), (1015.0, 659.0), (1015.0, 659.9), (1015.0, 659.3), (1015.0, 659.0), (1015.0, 659.9), (1015.0, 659.3), (1015.0, 659.0), (1015.0, 659.9), (1015.0, 659.3), (1015.0, 659.0), (1015.0, 659.9), (1015.0, 659.3), (1015.0, 659.0), (1015.0, 659.9), (1015.0, 659.3), (1015.0, 659.0), (1015.0, 659.9), (1015.0, 659.3), (1015.0, 659.0), (1015.0, 659.9), (1015.0, 659.3), (1015.0, 659.0), (1015.0, 659.9)]",0,6.72
speedrunner,meatboy,10,Stuck,7,0,125.91,0.961,"[(73.0, 653.0), (120.3, 655.1), (200.3, 650.4), (280.3, 659.3), (360.3, 659.0), (440.3, 659.9), (520.3, 659.3), (600.3, 636.8), (680.3, 625.4), (760.3, 647.8), (840.3, 659.9), (920.3, 659.3), (983.0, 612.1), (983.0, 575.2), (983.0, 557.1), (983.0, 557.9), (983.0, 577.6), (983.0, 614.3), (912.0, 601.0), (888.0, 605.8), (938.7, 629.4), (991.0, 653.0), (1015.0, 659.3), (1015.0, 659.0), (1015.0, 659.9), (1015.0, 659.3), (1015.0, 659.0), (1015.0, 659.9), (1015.0, 659.3), (1015.0, 659.0), (1015.0, 659.9), (1015.0, 659.3), (1015.0, 659.0), (1015.0, 659.9), (1015.0, 659.3), (1015.0, 659.0), (1015.0, 659.9), (1015.0, 659.3), (1015.0, 659.0), (1015.0, 659.9), (1015.0, 659.3), (1015.0, 659.0), (1015.0, 659.9), (1015.0, 659.3), (1015.0, 659.0), (1015.0, 659.9), (1015.0, 659.3), (1015.0, 659.0), (1015.0, 659.9), (1015.0, 659.3), (1015.0, 659.0), (1015.0, 659.9), (1015.0, 659.3), (1015.0, 659.0), (1015.0, 659.9), (1015.0, 659.3)]",0,7.38
speedrunner,meatboy,10,Stuck,7,0,125.45,0.961,"[(73.0, 653.0), (120.3, 655.1), (200.3, 650.4), (280.3, 659.3), (360.3, 659.0), (440.3, 659.9), (520.3, 659.3), (600.3, 630.8), (680.3, 627.2), (760.3, 651.9), (840.3, 659.0), (920.3, 659.9), (983.0, 611.2), (983.0, 574.3), (983.0, 556.3), (983.0, 557.0), (983.0, 576.7), (983.0, 613.4), (921.0, 605.9), (886.3, 608.2), (936.0, 629.5), (987.0, 659.3), (1015.0, 659.0), (1015.0, 659.9), (1015.0, 659.3), (1015.0, 659.0), (1015.0, 659.9), (1015.0, 659.3), (1015.0, 659.0), (1015.0, 659.9), (1015.0, 659.3), (1015.0, 659.0), (1015.0, 659.9), (1015.0, 659.3), (1015.0, 659.0), (1015.0, 659.9), (1015.0, 659.3), (1015.0, 659.0), (1015.0, 659.9), (1015.0, 659.3), (1015.0, 659.0), (1015.0, 659.9), (1015.0, 659.3), (1015.0, 659.0), (1015.0, 659.9), (1015.0, 659.3), (1015.0, 659.0), (1015.0, 659.9), (1015.0, 659.3), (1015.0, 659.0), (1015.0, 659.9), (1015.0, 659.3), (1015.0, 659.0), (1015.0, 659.9), (1015.0, 659.3), (1015.0, 659.0)]",0,7.4
speedrunner,meatboy,10,Stuck,6,0,138.88,0.961,"[(73.0, 653.0), (120.3, 655.1), (200.3, 650.4), (280.3, 659.3), (360.3, 659.0), (440.3, 659.9), (520.3, 659.3), (600.3, 630.8), (680.3, 627.2), (760.3, 651.9), (840.3, 659.0), (920.3, 659.9), (983.0, 606.5), (983.0, 571.9), (983.0, 556.2), (983.0, 559.4), (983.0, 581.3), (983.0, 619.2), (984.3, 659.2), (1015.0, 655.9), (1015.0, 659.9), (1015.0, 659.3), (1015.0, 659.0), (1015.0, 659.9), (1015.0, 659.3), (1015.0, 659.0), (1015.0, 659.9), (1015.0, 659.3), (1015.0, 659.0), (1015.0, 659.9), (1015.0, 659.3), (1015.0, 659.0), (1015.0, 659.9), (1015.0, 659.3), (1015.0, 659.0), (1015.0, 659.9), (1015.0, 659.3), (1015.0, 659.0), (1015.0, 659.9), (1015.0, 659.3), (1015.0, 659.0), (1015.0, 659.9), (1015.0, 659.3), (1015.0, 659.0), (1015.0, 659.9), (1015.0, 659.3), (1015.0, 659.0), (1015.0, 659.9), (1015.0, 659.3), (1015.0, 659.0), (1015.0, 659.9)]",0,6.72
speedrunner,meatboy,10,Stuck,5,0,139.26,0.961,"[(73.0, 653.0), (120.3, 655.1), (200.3, 650.4), (280.3, 659.3), (360.3, 659.0), (440.3, 659.9), (520.3, 659.3), (600.3, 644.2), (680.3, 623.9), (760.3, 644.0), (840.3, 659.3), (920.3, 659.0), (983.0, 605.6), (983.0, 571.0), (983.0, 555.3), (983.0, 558.5), (983.0, 580.4), (983.0, 618.3), (984.3, 658.3), (1015.0, 659.2), (1015.0, 659.3), (1015.0, 659.0), (1015.0, 659.9), (1015.0, 659.3), (1015.0, 659.0), (1015.0, 659.9), (1015.0, 659.3), (1015.0, 659.0), (1015.0, 659.9), (1015.0, 659.3), (1015.0, 659.0), (1015.0, 659.9), (1015.0, 659.3), (1015.0, 659.0), (1015.0, 659.9), (1015.0, 659.3), (1015.0, 659.0), (1015.0, 659.9), (1015.0, 659.3), (1015.0, 659.0), (1015.0, 659.9), (1015.0, 659.3), (1015.0, 659.0), (1015.0, 659.9), (1015.0, 659.3), (1015.0, 659.0), (1015.0, 659.9), (1015.0, 659.3), (1015.0, 659.0), (1015.0, 659.9), (1015.0, 659.3)]",0,6.72
speedrunner,meatboy,10,Stuck,5,0,139.95,0.961,"[(73.0, 653.0), (120.3, 655.1), (200.3, 650.4), (280.3, 659.3), (360.3, 659.0), (440.3, 659.9), (520.3, 659.3), (600.3, 630.8), (680.3, 627.2), (760.3, 651.9), (840.3, 659.0), (920.3, 643.9), (983.0, 595.2), (983.0, 565.4), (983.0, 554.4), (983.0, 562.2), (983.0, 588.9), (983.0, 628.3), (991.0, 653.0), (1015.0, 659.3), (1015.0, 659.0), (1015.0, 659.9), (1015.0, 659.3), (1015.0, 659.0), (1015.0, 659.9), (1015.0, 659.3), (1015.0, 659.0), (1015.0, 659.9), (1015.0, 659.3), (1015.0, 659.0), (1015.0, 659.9), (1015.0, 659.3), (1015.0, 659.0), (1015.0, 659.9), (1015.0, 659.3), (1015.0, 659.0), (1015.0, 659.9), (1015.0, 659.3), (1015.0, 659.0), (1015.0, 659.9), (1015.0, 659.3), (1015.0, 659.0), (1015.0, 659.9), (1015.0, 659.3), (1015.0, 659.0), (1015.0, 659.9), (1015.0, 659.3), (1015.0, 659.0), (1015.0, 659.9), (1015.0, 659.3), (1015.0, 659.0)]",0,6.68
speedrunner,meatboy,10,Saw,4,0,259.44,0.442,"[(73.0, 653.0), (120.3, 659.3), (200.3, 621.0), (280.3, 631.6), (360.3, 659.0), (440.3, 659.9), (520.3, 637.1), (599.0, 590.7), (599.0, 573.3), (599.0, 578.0), (557.7, 572.3), (476.5, 570.0)]",0,1.48
speedrunner,meatboy,10,Stuck,5,0,139.95,0.961,"[(73.0, 653.0), (120.3, 655.1), (200.3, 650.4), (280.3, 659.3), (360.3, 659.0), (440.3, 659.9), (520.3, 659.3), (600.3, 630.8), (680.3, 627.2), (760.3, 651.9), (840.3, 659.0), (920.3, 643.9), (983.0, 595.2), (983.0, 565.4), (983.0, 554.4), (983.0, 562.2), (983.0, 588.9), (983.0, 628.3), (991.0, 653.0), (1015.0, 659.3), (1015.0, 659.0), (1015.0, 659.9), (1015.0, 659.3), (1015.0, 659.0), (1015.0, 659.9), (1015.0, 659.3), (1015.0, 659.0), (1015.0, 659.9), (1015.0, 659.3), (1015.0, 659.0), (1015.0, 659.9), (1015.0, 659.3), (1015.0, 659.0), (1015.0, 659.9), (1015.0, 659.3), (1015.0, 659.0), (1015.0, 659.9), (1015.0, 659.3), (1015.0, 659.0), (1015.0, 659.9), (1015.0, 659.3), (1015.0, 659.0), (1015.0, 659.9), (1015.0, 659.3), (1015.0, 659.0), (1015.0, 659.9), (1015.0, 659.3), (1015.0, 659.0), (1015.0, 659.9), (1015.0, 659.3), (1015.0, 659.0)]",0,6.68
speedrunner,meatboy,10,Stuck,1,0,145.7,0.961,"[(73.0, 653.0), (120.3, 659.3), (200.3, 659.0), (280.3, 659.9), (360.3, 659.3), (440.3, 659.0), (520.3, 659.9), (600.3, 659.3), (680.3, 659.0), (760.3, 659.9), (840.3, 659.3), (920.3, 659.0), (1000.3, 653.3), (1015.0, 659.9), (1015.0, 659.3), (1015.0, 659.0), (1015.0, 659.9), (1015.0, 659.3), (1015.0, 659.0), (1015.0, 659.9), (1015.0, 659.3), (1015.0, 659.0), (1015.0, 659.9), (1015.0, 659.3), (1015.0, 659.0), (1015.0, 659.9), (1015.0, 659.3), (1015.0, 659.0), (1015.0, 659.9), (1015.0, 659.3), (1015.0, 659.0), (1015.0, 659.9), (1015.0, 659.3), (1015.0, 659.0), (1015.0, 659.9), (1015.0, 659.3), (1015.0, 659.0), (1015.0, 659.9), (1015.0, 659.3), (1015.0, 659.0), (1015.0, 659.9), (1015.0, 659.3), (1015.0, 659.0), (1015.0, 659.9), (1015.0, 659.3), (1015.0, 659.0), (1015.0, 659.9), (1015.0, 659.3), (1015.0, 659.0)]",0,6.43
speedrunner,meatboy,10,Saw,4,0,257.11,0.443,"[(73.0, 653.0), (120.3, 655.1), (200.3, 650.4), (280.3, 659.3), (360.3, 659.0), (440.3, 659.9), (520.3, 651.3), (599.0, 600.2), (599.0, 585.9), (599.0, 593.0), (537.0, 580.3), (486.3, 582.7)]",0,1.5
speedrunner,meatboy,10,Stuck,7,0,126.3,0.961,"[(73.0, 653.0), (120.3, 655.1), (200.3, 650.4), (280.3, 659.3), (360.3, 659.0), (440.3, 659.9), (520.3, 659.3), (600.3, 630.8), (680.3, 627.2), (760.3, 651.9), (840.3, 659.0), (920.3, 643.9), (983.0, 595.2), (983.0, 565.4), (983.0, 554.4), (983.0, 562.2), (983.0, 588.9), (972.7, 613.9), (898.0, 604.5), (895.3, 614.0), (966.0, 642.3), (1003.0, 653.9), (1015.0, 659.0), (1015.0, 659.9), (1015.0, 659.3), (1015.0, 659.0), (1015.0, 659.9), (1015.0, 659.3), (1015.0, 659.0), (1015.0, 659.9), (1015.0, 659.3), (1015.0, 659.0), (1015.0, 659.9), (1015.0, 659.3), (1015.0, 659.0), (1015.0, 659.9), (1015.0, 659.3), (1015.0, 659.0), (1015.0, 659.9), (1015.0, 659.3), (1015.0, 659.0), (1015.0, 659.9), (1015.0, 659.3), (1015.0, 659.0), (1015.0, 659.9), (1015.0, 659.3), (1015.0, 659.0), (1015.0, 659.9), (1015.0, 659.3), (1015.0, 659.0), (1015.0, 659.9), (1015.0, 659.3), (1015.0, 659.0), (1015.0, 659.9), (1015.0, 659.3), (1015.0, 659.0)]",0,7.35
speedrunner,meatboy,10,Stuck,7,0,126.3,0.961,"[(73.0, 653.0), (120.3, 655.1), (200.3, 650.4), (280.3, 659.3), (360.3, 659.0), (440.3, 659.9), (520.3, 659.3), (600.3, 630.8), (680.3, 627.2), (760.3, 651.9), (840.3, 659.0), (920.3, 643.9), (983.0, 595.2), (983.0, 565.4), (983.0, 554.4), (983.0, 562.2), (983.0, 588.9), (972.7, 613.9), (898.0, 604.5), (895.3, 614.0), (966.0, 642.3), (1003.0, 653.9), (1015.0, 659.0), (1015.0, 659.9), (1015.0, 659.3), (1015.0, 659.0), (1015.0, 659.9), (1015.0, 659.3), (1015.0, 659.0), (1015.0, 659.9), (1015.0, 659.3), (1015.0, 659.0), (1015.0, 659.9), (1015.0, 659.3), (1015.0, 659.0), (1015.0, 659.9), (1015.0, 659.3), (1015.0, 659.0), (1015.0, 659.9), (1015.0, 659.3), (1015.0, 659.0), (1015.0, 659.9), (1015.0, 659.3), (1015.0, 659.0), (1015.0, 659.9), (1015.0, 659.3), (1015.0, 659.0), (1015.0, 659.9), (1015.0, 659.3), (1015.0, 659.0), (1015.0, 659.9), (1015.0, 659.3), (1015.0, 659.0), (1015.0, 659.9), (1015.0, 659.3), (1015.0, 659.0)]",0,7.35
speedrunner,meatboy,10,Stuck,7,0,125.45,0.961,"[(73.0, 653.0), (120.3, 655.1), (200.3, 650.4), (280.3, 659.3), (360.3, 659.0), (440.3, 659.9), (520.3, 659.3), (600.3, 630.8), (680.3, 627.2), (760.3, 651.9), (840.3, 659.0), (920.3, 659.9), (983.0, 611.2), (983.0, 574.3), (983.0, 556.3), (983.0, 557.0), (983.0, 576.7), (983.0, 613.4), (921.0, 605.9), (886.3, 608.2), (936.0, 629.5), (987.0, 659.3), (1015.0, 659.0), (1015.0, 659.9), (1015.0, 659.3), (1015.0, 659.0), (1015.0, 659.9), (1015.0, 659.3), (1015.0, 659.0), (1015.0, 659.9), (1015.0, 659.3), (1015.0, 659.0), (1015.0, 659.9), (1015.0, 659.3), (1015.0, 659.0), (1015.0, 659.9), (1015.0, 659.3), (1015.0, 659.0), (1015.0, 659.9), (1015.0, 659.3), (1015.0, 659.0), (1015.0, 659.9), (1015.0, 659.3), (1015.0, 659.0), (1015.0, 659.9), (1015.0, 659.3), (1015.0, 659.0), (1015.0, 659.9), (1015.0, 659.3), (1015.0, 659.0), (1015.0, 659.9), (1015.0, 659.3), (1015.0, 659.0), (1015.0, 659.9), (1015.0, 659.3), (1015.0, 659.0)]",0,7.4
speedrunner,meatboy,10,Stuck,7,0,125.91,0.961,"[(73.0, 653.0), (120.3, 655.1), (200.3, 650.4), (280.3, 659.3), (360.3, 659.0), (440.3, 659.9), (520.3, 659.3), (600.3, 636.8), (680.3, 625.4), (760.3, 647.8), (840.3, 659.9), (920.3, 659.3), (983.0, 612.1), (983.0, 575.2), (983.0, 557.1), (983.0, 557.9), (983.0, 577.6), (983.0, 614.3), (912.0, 601.0), (888.0, 605.8), (938.7, 629.4), (991.0, 653.0), (1015.0, 659.3), (1015.0, 659.0), (1015.0, 659.9), (1015.0, 659.3), (1015.0, 659.0), (1015.0, 659.9), (1015.0, 659.3), (1015.0, 659.0), (1015.0, 659.9), (1015.0, 659.3), (1015.0, 659.0), (1015.0, 659.9), (1015.0, 659.3), (1015.0, 659.0), (1015.0, 659.9), (1015.0, 659.3), (1015.0, 659.0), (1015.0, 659.9), (1015.0, 659.3), (1015.0, 659.0), (1015.0, 659.9), (1015.0, 659.3), (1015.0, 659.0), (1015.0, 659.9), (1015.0, 659.3), (1015.0, 659.0), (1015.0, 659.9), (1015.0, 659.3), (1015.0, 659.0), (1015.0, 659.9), (1015.0, 659.3), (1015.0, 659.0), (1015.0, 659.9), (1015.0, 659.3)]",0,7.38
speedrunner,meatboy,10,Stuck,5,0,139.95,0.961,"[(73.0, 653.0), (120.3, 655.1), (200.3, 650.4), (280.3, 659.3), (360.3, 659.0), (440.3, 659.9), (520.3, 659.3), (600.3, 630.8), (680.3, 627.2), (760.3, 651.9), (840.3, 659.0), (920.3, 643.9), (983.0, 595.2), (983.0, 565.4), (983.0, 554.4), (983.0, 562.2), (983.0, 588.9), (983.0, 628.3), (991.0, 653.0), (1015.0, 659.3), (1015.0, 659.0), (1015.0, 659.9), (1015.0, 659.3), (1015.0, 659.0), (1015.0, 659.9), (1015.0, 659.3), (1015.0, 659.0), (1015.0, 659.9), (1015.0, 659.3), (1015.0, 659.0), (1015.0, 659.9), (1015.0, 659.3), (1015.0, 659.0), (1015.0, 659.9), (1015.0, 659.3), (1015.0, 659.0), (1015.0, 659.9), (1015.0, 659.3), (1015.0, 659.0), (1015.0, 659.9), (1015.0, 659.3), (1015.0, 659.0), (1015.0, 659.9), (1015.0, 659.3), (1015.0, 659.0), (1015.0, 659.9), (1015.0, 659.3), (1015.0, 659.0), (1015.0, 659.9), (1015.0, 659.3), (1015.0, 659.0)]",0,6.68
speedrunner,meatboy,10,Stuck,7,0,126.3,0.961,"[(73.0, 653.0), (120.3, 655.1), (200.3, 650.4), (280.3, 659.3), (360.3, 659.0), (440.3, 659.9), (520.3, 624.3), (599.0, 582.7), (599.0, 573.3), (599.0, 582.7), (528.0, 567.0), (504.0, 571.8), (560.7, 595.4), (603.0, 637.8), (666.3, 659.3), (746.3, 659.0), (826.3, 637.6), (906.3, 591.3), (983.0, 563.8), (983.0, 555.2), (983.0, 565.4), (983.0, 594.4), (983.0, 634.1), (996.3, 653.9), (1015.0, 659.0), (1015.0, 659.9), (1015.0, 659.3), (1015.0, 659.0), (1015.0, 659.9), (1015.0, 659.3), (1015.0, 659.0), (1015.0, 659.9), (1015.0, 659.3), (1015.0, 659.0), (1015.0, 659.9), (1015.0, 659.3), (1015.0, 659.0), (1015.0, 659.9), (1015.0, 659.3), (1015.0, 659.0), (1015.0, 659.9), (1015.0, 659.3), (1015.0, 659.0), (1015.0, 659.9), (1015.0, 659.3), (1015.0, 659.0), (1015.0, 659.9), (1015.0, 659.3), (1015.0, 659.0), (1015.0, 659.9), (1015.0, 659.3), (1015.0, 659.0), (1015.0, 659.9), (1015.0, 659.3), (1015.0, 659.0)]",0,7.25
speedrunner,meatboy,10,Stuck,5,0,79.85,0.961,"[(73.0, 653.0), (120.3, 655.1), (200.3, 650.4), (274.5, 659.3), (292.7, 659.0), (307.8, 659.9), (326.2, 659.3), (344.8, 659.0), (356.9, 659.9), (375.7, 659.3), (410.9, 659.0), (490.9, 659.9), (570.9, 659.3), (650.9, 621.9), (730.9, 637.2), (809.0, 659.9), (819.0, 659.3), (813.4, 659.0), (818.6, 659.9), (823.7, 659.3), (828.8, 659.0), (833.9, 659.9), (839.0, 659.3), (844.1, 659.0), (849.2, 659.9), (854.3, 659.3), (859.4, 659.0), (864.6, 659.9), (869.7, 659.3), (874.8, 659.0), (879.9, 659.9), (885.0, 659.3), (890.1, 659.0), (895.2, 659.9), (900.3, 659.3), (905.4, 659.0), (910.6, 659.9), (915.7, 659.3), (920.8, 659.0), (925.9, 659.9), (931.0, 659.3), (936.1, 659.0), (941.2, 659.9), (946.3, 659.3), (951.4, 659.0), (956.6, 659.9), (961.7, 659.3), (966.8, 659.0), (971.9, 659.9), (983.0, 637.1), (983.0, 590.7), (983.0, 563.2), (983.0, 554.6), (983.0, 564.8), (983.0, 593.8), (983.0, 633.5), (989.7, 653.3), (1015.0, 659.9), (1015.0, 659.3), (1015.0, 659.0), (1015.0, 659.9), (1015.0, 659.3), (1015.0, 659.0), (1015.0, 659.9), (1015.0, 659.3), (1015.0, 659.0), (1015.0, 659.9), (1015.0, 659.3), (1015.0, 659.0), (1015.0, 659.9), (1015.0, 659.3), (1015.0, 659.0), (1015.0, 659.9), (1015.0, 659.3), (1015.0, 659.0), (1015.0, 659.9), (1015.0, 659.3), (1015.0, 659.0), (1015.0, 659.9), (1015.0, 659.3), (1015.0, 659.0), (1015.0, 659.9), (1015.0, 659.3), (1015.0, 659.0), (1015.0, 659.9), (1015.0, 659.3), (1015.0, 659.0), (1015.0, 659.9), (1015.0, 659.3)]",0,11.73
speedrunner,meatboy,10,Stuck,5,0,132.69,0.961,"[(73.0, 653.0), (120.3, 659.3), (200.3, 621.9), (280.3, 637.2), (360.3, 659.9), (440.3, 659.3), (520.3, 623.7), (589.7, 582.1), (599.0, 565.8), (599.0, 570.5), (585.7, 594.1), (591.0, 636.5), (665.0, 659.3), (745.0, 659.0), (825.0, 659.9), (905.0, 629.9), (983.0, 586.0), (983.0, 560.8), (983.0, 554.5), (983.0, 567.1), (983.0, 598.5), (983.0, 638.2), (999.7, 659.0), (1015.0, 659.9), (1015.0, 659.3), (1015.0, 659.0), (1015.0, 659.9), (1015.0, 659.3), (1015.0, 659.0), (1015.0, 659.9), (1015.0, 659.3), (1015.0, 659.0), (1015.0, 659.9), (1015.0, 659.3), (1015.0, 659.0), (1015.0, 659.9), (1015.0, 659.3), (1015.0, 659.0), (1015.0, 659.9), (1015.0, 659.3), (1015.0, 659.0), (1015.0, 659.9), (1015.0, 659.3), (1015.0, 659.0), (1015.0, 659.9), (1015.0, 659.3), (1015.0, 659.0), (1015.0, 659.9), (1015.0, 659.3), (1015.0, 659.0), (1015.0, 659.9), (1015.0, 659.3), (1015.0, 659.0)]",0,7.0
speedrunner,meatboy,10,Stuck,6,0,139.65,0.961,"[(73.0, 653.0), (120.3, 655.1), (200.3, 650.4), (280.3, 659.3), (360.3, 659.0), (440.3, 659.9), (520.3, 659.3), (600.3, 630.8), (680.3, 627.2), (760.3, 651.9), (840.3, 659.0), (920.3, 659.9), (983.0, 611.2), (983.0, 574.3), (983.0, 556.3), (983.0, 557.0), (983.0, 576.7), (983.0, 613.4), (962.3, 631.6), (893.0, 624.5), (901.0, 636.3), (976.0, 659.3), (1015.0, 659.0), (1015.0, 659.9), (1015.0, 659.3), (1015.0, 659.0), (1015.0, 659.9), (1015.0, 659.3), (1015.0, 659.0), (1015.0, 659.9), (1015.0, 659.3), (1015.0, 659.0), (1015.0, 659.9), (1015.0, 659.3), (1015.0, 659.0), (1015.0, 659.9), (1015.0, 659.3), (1015.0, 659.0), (1015.0, 659.9), (1015.0, 659.3), (1015.0, 659.0), (1015.0, 659.9), (1015.0, 659.3), (1015.0, 659.0), (1015.0, 659.9), (1015.0, 659.3), (1015.0, 659.0), (1015.0, 659.9), (1015.0, 659.3), (1015.0, 659.0), (1015.0, 659.9)]",0,6.73
speedrunner,meatboy,10,Stuck,6,0,138.57,0.961,"[(73.0, 653.0), (120.3, 655.1), (200.3, 650.4), (280.3, 659.3), (360.3, 659.0), (440.3, 659.9), (520.3, 659.3), (600.3, 636.8), (680.3, 625.4), (760.3, 647.8), (840.3, 659.9), (920.3, 659.3), (983.0, 617.2), (983.0, 577.9), (983.0, 557.5), (983.0, 555.9), (983.0, 573.2), (983.0, 608.4), (983.0, 648.1), (1015.0, 653.3), (1015.0, 659.9), (1015.0, 659.3), (1015.0, 659.0), (1015.0, 659.9), (1015.0, 659.3), (1015.0, 659.0), (1015.0, 659.9), (1015.0, 659.3), (1015.0, 659.0), (1015.0, 659.9), (1015.0, 659.3), (1015.0, 659.0), (1015.0, 659.9), (1015.0, 659.3), (1015.0, 659.0), (1015.0, 659.9), (1015.0, 659.3), (1015.0, 659.0), (1015.0, 659.9), (1015.0, 659.3), (1015.0, 659.0), (1015.0, 659.9), (1015.0, 659.3), (1015.0, 659.0), (1015.0, 659.9), (1015.0, 659.3), (1015.0, 659.0), (1015.0, 659.9), (1015.0, 659.3), (1015.0, 659.0), (1015.0, 659.9)]",0,6.75
speedrunner,meatboy,10,Stuck,3,0,144.36,0.961,"[(73.0, 653.0), (120.3, 655.1), (200.3, 650.4), (280.3, 659.3), (360.3, 659.0), (440.3, 659.9), (520.3, 659.3), (600.3, 659.0), (680.3, 659.9), (760.3, 659.3), (840.3, 659.0), (889.3, 659.9), (914.2, 659.3), (935.8, 659.0), (954.3, 659.9), (972.9, 659.3), (1011.3, 654.8), (1015.0, 659.3), (1015.0, 659.0), (1015.0, 659.9), (1015.0, 659.3), (1015.0, 659.0), (1015.0, 659.9), (1015.0, 659.3), (1015.0, 659.0), (1015.0, 659.9), (1015.0, 659.3), (1015.0, 659.0), (1015.0, 659.9), (1015.0, 659.3), (1015.0, 659.0), (1015.0, 659.9), (1015.0, 659.3), (1015.0, 659.0), (1015.0, 659.9), (1015.0, 659.3), (1015.0, 659.0), (1015.0, 659.9), (1015.0, 659.3), (1015.0, 659.0), (1015.0, 659.9), (1015.0, 659.3), (1015.0, 659.0), (1015.0, 659.9), (1015.0, 659.3), (1015.0, 659.0), (1015.0, 659.9), (1015.0, 659.3), (1015.0, 659.0)]",0,6.5
speedrunner,meatboy,10,Stuck,7,0,126.3,0.961,"[(73.0, 653.0), (120.3, 655.1), (200.3, 650.4), (280.3, 659.3), (360.3, 659.0), (440.3, 659.9), (520.3, 624.3), (599.0, 582.7), (599.0, 573.3), (599.0, 582.7), (528.0, 567.0), (504.0, 571.8), (560.7, 595.4), (603.0, 637.8), (666.3, 659.3), (746.3, 659.0), (826.3, 637.6), (906.3, 591.3), (983.0, 563.8), (983.0, 555.2), (983.0, 565.4), (983.0, 594.4), (983.0, 634.1), (996.3, 653.9), (1015.0, 659.0), (1015.0, 659.9), (1015.0, 659.3), (1015.0, 659.0), (1015.0, 659.9), (1015.0, 659.3), (1015.0, 659.0), (1015.0, 659.9), (1015.0, 659.3), (1015.0, 659.0), (1015.0, 659.9), (1015.0, 659.3), (1015.0, 659.0), (1015.0, 659.9), (1015.0, 659.3), (1015.0, 659.0), (1015.0, 659.9), (1015.0, 659.3), (1015.0, 659.0), (1015.0, 659.9), (1015.0, 659.3), (1015.0, 659.0), (1015.0, 659.9), (1015.0, 659.3), (1015.0, 659.0), (1015.0, 659.9), (1015.0, 659.3), (1015.0, 659.0), (1015.0, 659.9), (1015.0, 659.3), (1015.0, 659.0)]",0,7.25
speedrunner,meatboy,10,Stuck,7,0,125.91,0.961,"[(73.0, 653.0), (120.3, 655.1), (200.3, 650.4), (280.3, 659.3), (360.3, 659.0), (440.3, 659.9), (520.3, 659.3), (600.3, 636.8), (680.3, 625.4), (760.3, 647.8), (840.3, 659.9), (920.3, 659.3), (983.0, 612.1), (983.0, 575.2), (983.0, 557.1), (983.0, 557.9), (983.0, 577.6), (983.0, 614.3), (912.0, 601.0), (888.0, 605.8), (938.7, 629.4), (991.0, 653.0), (1015.0, 659.3), (1015.0, 659.0), (1015.0, 659.9), (1015.0, 659.3), (1015.0, 659.0), (1015.0, 659.9), (1015.0, 659.3), (1015.0, 659.0), (1015.0, 659.9), (1015.0, 659.3), (1015.0, 659.0), (1015.0, 659.9), (1015.0, 659.3), (1015.0, 659.0), (1015.0, 659.9), (1015.0, 659.3), (1015.0, 659.0), (1015.0, 659.9), (1015.0, 659.3), (1015.0, 659.0), (1015.0, 659.9), (1015.0, 659.3), (1015.0, 659.0), (1015.0, 659.9), (1015.0, 659.3), (1015.0, 659.0), (1015.0, 659.9), (1015.0, 659.3), (1015.0, 659.0), (1015.0, 659.9), (1015.0, 659.3), (1015.0, 659.0), (1015.0, 659.9), (1015.0, 659.3)]",0,7.38
speedrunner,meatboy,10,Stuck,7,0,125.45,0.961,"[(73.0, 653.0), (120.3, 655.1), (200.3, 650.4), (280.3, 659.3), (360.3, 659.0), (440.3, 659.9), (520.3, 659.3), (600.3, 630.8), (680.3, 627.2), (760.3, 651.9), (840.3, 659.0), (920.3, 659.9), (983.0, 611.2), (983.0, 574.3), (983.0, 556.3), (983.0, 557.0), (983.0, 576.7), (983.0, 613.4), (921.0, 605.9), (886.3, 608.2), (936.0, 629.5), (987.0, 659.3), (1015.0, 659.0), (1015.0, 659.9), (1015.0, 659.3), (1015.0, 659.0), (1015.0, 659.9), (1015.0, 659.3), (1015.0, 659.0), (1015.0, 659.9), (1015.0, 659.3), (1015.0, 659.0), (1015.0, 659.9), (1015.0, 659.3), (1015.0, 659.0), (1015.0, 659.9), (1015.0, 659.3), (1015.0, 659.0), (1015.0, 659.9), (1015.0, 659.3), (1015.0, 659.0), (1015.0, 659.9), (1015.0, 659.3), (1015.0, 659.0), (1015.0, 659.9), (1015.0, 659.3), (1015.0, 659.0), (1015.0, 659.9), (1015.0, 659.3), (1015.0, 659.0), (1015.0, 659.9), (1015.0, 659.3), (1015.0, 659.0), (1015.0, 659.9), (1015.0, 659.3), (1015.0, 659.0)]",0,7.4
speedrunner,meatboy,10,Stuck,7,0,126.3,0.961,"[(73.0, 653.0), (120.3, 655.1), (200.3, 650.4), (280.3, 659.3), (360.3, 659.0), (440.3, 659.9), (520.3, 659.3), (600.3, 630.8), (680.3, 627.2), (760.3, 651.9), (840.3, 659.0), (920.3, 643.9), (983.0, 595.2), (983.0, 565.4), (983.0, 554.4), (983.0, 562.2), (983.0, 588.9), (972.7, 613.9), (898.0, 604.5), (895.3, 614.0), (966.0, 642.3), (1003.0, 653.9), (1015.0, 659.0), (1015.0, 659.9), (1015.0, 659.3), (1015.0, 659.0), (1015.0, 659.9), (1015.0, 659.3), (1015.0, 659.0), (1015.0, 659.9), (1015.0, 659.3), (1015.0, 659.0), (1015.0, 659.9), (1015.0, 659.3), (1015.0, 659.0), (1015.0, 659.9), (1015.0, 659.3), (1015.0, 659.0), (1015.0, 659.9), (1015.0, 659.3), (1015.0, 659.0), (1015.0, 659.9), (1015.0, 659.3), (1015.0, 659.0), (1015.0, 659.9), (1015.0, 659.3), (1015.0, 659.0), (1015.0, 659.9), (1015.0, 659.3), (1015.0, 659.0), (1015.0, 659.9), (1015.0, 659.3), (1015.0, 659.0), (1015.0, 659.9), (1015.0, 659.3), (1015.0, 659.0)]",0,7.35
speedrunner,meatboy,10,Stuck,6,0,138.91,0.961,"[(73.0, 653.0), (120.3, 655.1), (200.3, 650.4), (280.3, 659.3), (360.3, 659.0), (440.3, 659.9), (520.3, 659.3), (600.3, 659.0), (680.3, 621.9), (760.3, 637.2), (840.3, 659.9), (920.3, 659.3), (983.0, 612.1), (983.0, 575.2), (983.0, 557.1), (983.0, 557.9), (983.0, 577.6), (983.0, 614.3), (983.0, 654.0), (1015.0, 654.8), (1015.0, 659.3), (1015.0, 659.0), (1015.0, 659.9), (1015.0, 659.3), (1015.0, 659.0), (1015.0, 659.9), (1015.0, 659.3), (1015.0, 659.0), (1015.0, 659.9), (1015.0, 659.3), (1015.0, 659.0), (1015.0, 659.9), (1015.0, 659.3), (1015.0, 659.0), (1015.0, 659.9), (1015.0, 659.3), (1015.0, 659.0), (1015.0, 659.9), (1015.0, 659.3), (1015.0, 659.0), (1015.0, 659.9), (1015.0, 659.3), (1015.0, 659.0), (1015.0, 659.9), (1015.0, 659.3), (1015.0, 659.0), (1015.0, 659.9), (1015.0, 659.3), (1015.0, 659.0), (1015.0, 659.9), (1015.0, 659.3)]",0,6.73
speedrunner,meatboy,10,Stuck,5,0,138.23,0.961,"[(73.0, 653.0), (120.3, 655.1), (200.3, 650.4), (280.3, 659.3), (360.3, 659.0), (440.3, 659.9), (520.3, 659.3), (600.3, 659.0), (680.3, 659.9), (760.3, 659.3), (840.3, 659.0), (920.3, 659.9), (983.0, 624.3), (983.0, 582.7), (983.0, 559.9), (983.0, 556.0), (983.0, 570.9), (983.0, 604.3), (983.0, 644.0), (1011.0, 653.3), (1015.0, 659.9), (1015.0, 659.3), (1015.0, 659.0), (1015.0, 659.9), (1015.0, 659.3), (1015.0, 659.0), (1015.0, 659.9), (1015.0, 659.3), (1015.0, 659.0), (1015.0, 659.9), (1015.0, 659.3), (1015.0, 659.0), (1015.0, 659.9), (1015.0, 659.3), (1015.0, 659.0), (1015.0, 659.9), (1015.0, 659.3), (1015.0, 659.0), (1015.0, 659.9), (1015.0, 659.3), (1015.0, 659.0), (1015.0, 659.9), (1015.0, 659.3), (1015.0, 659.0), (1015.0, 659.9), (1015.0, 659.3), (1015.0, 659.0), (1015.0, 659.9), (1015.0, 659.3), (1015.0, 659.0), (1015.0, 659.9)]",0,6.77
speedrunner,meatboy,10,Stuck,6,0,140.0,0.961,"[(73.0, 653.0), (120.3, 655.1), (200.3, 650.4), (280.3, 659.3), (360.3, 659.0), (440.3, 659.9), (520.3, 659.3), (600.3, 630.8), (680.3, 627.2), (760.3, 651.9), (840.3, 659.0), (920.3, 659.9), (983.0, 606.5), (983.0, 571.9), (983.0, 556.2), (983.0, 559.4), (983.0, 581.3), (983.0, 619.2), (952.0, 630.5), (889.3, 625.9), (908.0, 640.0), (986.0, 659.9), (1015.0, 659.3), (1015.0, 659.0), (1015.0, 659.9), (1015.0, 659.3), (1015.0, 659.0), (1015.0, 659.9), (1015.0, 659.3), (1015.0, 659.0), (1015.0, 659.9), (1015.0, 659.3), (1015.0, 659.0), (1015.0, 659.9), (1015.0, 659.3), (1015.0, 659.0), (1015.0, 659.9), (1015.0, 659.3), (1015.0, 659.0), (1015.0, 659.9), (1015.0, 659.3), (1015.0, 659.0), (1015.0, 659.9), (1015.0, 659.3), (1015.0, 659.0), (1015.0, 659.9), (1015.0, 659.3), (1015.0, 659.0), (1015.0, 659.9), (1015.0, 659.3), (1015.0, 659.0)]",0,6.72
speedrunner,meatboy,10,Saw,4,0,254.73,0.443,"[(73.0, 653.0), (120.3, 655.1), (200.3, 650.4), (280.3, 659.3), (360.3, 659.0), (440.3, 659.9), (520.3, 629.9), (599.0, 586.0), (599.0, 572.5), (599.0, 579.6), (578.3, 585.7), (498.0, 578.7)]",0,1.52
speedrunner,meatboy,10,Saw,2,0,525.41,0.376,"[(73.0, 653.0), (120.3, 659.3), (200.3, 659.0), (280.3, 637.6), (360.3, 591.3)]",0,0.62
speedrunner,meatboy,10,Stuck,5,0,139.26,0.961,"[(73.0, 653.0), (120.3, 655.1), (200.3, 650.4), (280.3, 659.3), (360.3, 659.0), (440.3, 659.9), (520.3, 659.3), (600.3, 630.8), (680.3, 627.2), (760.3, 651.9), (840.3, 659.0), (920.3, 659.9), (983.0, 606.5), (983.0, 571.9), (983.0, 556.2), (983.0, 559.4), (983.0, 581.3), (983.0, 619.2), (984.3, 659.2), (1015.0, 659.0), (1015.0, 659.9), (1015.0, 659.3), (1015.0, 659.0), (1015.0, 659.9), (1015.0, 659.3), (1015.0, 659.0), (1015.0, 659.9), (1015.0, 659.3), (1015.0, 659.0), (1015.0, 659.9), (1015.0, 659.3), (1015.0, 659.0), (1015.0, 659.9), (1015.0, 659.3), (1015.0, 659.0), (1015.0, 659.9), (1015.0, 659.3), (1015.0, 659.0), (1015.0, 659.9), (1015.0, 659.3), (1015.0, 659.0), (1015.0, 659.9), (1015.0, 659.3), (1015.0, 659.0), (1015.0, 659.9), (1015.0, 659.3), (1015.0, 659.0), (1015.0, 659.9), (1015.0, 659.3), (1015.0, 659.0), (1015.0, 659.9)]",0,6.72
speedrunner,meatboy,10,Stuck,7,0,126.3,0.961,"[(73.0, 653.0), (120.3, 655.1), (200.3, 650.4), (280.3, 659.3), (360.3, 659.0), (440.3, 659.9), (520.3, 659.3), (600.3, 630.8), (680.3, 627.2), (760.3, 651.9), (840.3, 659.0), (920.3, 643.9), (983.0, 595.2), (983.0, 565.4), (983.0, 554.4), (983.0, 562.2), (983.0, 588.9), (972.7, 613.9), (898.0, 604.5), (895.3, 614.0), (966.0, 642.3), (1003.0, 653.9), (1015.0, 659.0), (1015.0, 659.9), (1015.0, 659.3), (1015.0, 659.0), (1015.0, 659.9), (1015.0, 659.3), (1015.0, 659.0), (1015.0, 659.9), (1015.0, 659.3), (1015.0, 659.0), (1015.0, 659.9), (1015.0, 659.3), (1015.0, 659.0), (1015.0, 659.9), (1015.0, 659.3), (1015.0, 659.0), (1015.0, 659.9), (1015.0, 659.3), (1015.0, 659.0), (1015.0, 659.9), (1015.0, 659.3), (1015.0, 659.0), (1015.0, 659.9), (1015.0, 659.3), (1015.0, 659.0), (1015.0, 659.9), (1015.0, 659.3), (1015.0, 659.0), (1015.0, 659.9), (1015.0, 659.3), (1015.0, 659.0), (1015.0, 659.9), (1015.0, 659.3), (1015.0, 659.0)]",0,7.35
speedrunner,meatboy,10,Stuck,7,0,125.45,0.961,"[(73.0, 653.0), (120.3, 655.1), (200.3, 650.4), (280.3, 659.3), (360.3, 659.0), (440.3, 659.9), (520.3, 659.3), (600.3, 630.8), (680.3, 627.2), (760.3, 651.9), (840.3, 659.0), (920.3, 659.9), (983.0, 611.2), (983.0, 574.3), (983.0, 556.3), (983.0, 557.0), (983.0, 576.7), (983.0, 613.4), (921.0, 605.9), (886.3, 608.2), (936.0, 629.5), (987.0, 659.3), (1015.0, 659.0), (1015.0, 659.9), (1015.0, 659.3), (1015.0, 659.0), (1015.0, 659.9), (1015.0, 659.3), (1015.0, 659.0), (1015.0, 659.9), (1015.0, 659.3), (1015.0, 659.0), (1015.0, 659.9), (1015.0, 659.3), (1015.0, 659.0), (1015.0, 659.9), (1015.0, 659.3), (1015.0, 659.0), (1015.0, 659.9), (1015.0, 659.3), (1015.0, 659.0), (1015.0, 659.9), (1015.0, 659.3), (1015.0, 659.0), (1015.0, 659.9), (1015.0, 659.3), (1015.0, 659.0), (1015.0, 659.9), (1015.0, 659.3), (1015.0, 659.0), (1015.0, 659.9), (1015.0, 659.3), (1015.0, 659.0), (1015.0, 659.9), (1015.0, 659.3), (1015.0, 659.0)]",0,7.4
speedrunner,meatboy,10,Stuck,7,0,125.91,0.961,"[(73.0, 653.0), (120.3, 655.1), (200.3, 650.4), (280.3, 659.3), (360.3, 659.0), (440.3, 659.9), (520.3, 659.3), (600.3, 636.8), (680.3, 625.4), (760.3, 647.8), (840.3, 659.9), (920.3, 659.3), (983.0, 612.1), (983.0, 575.2), (983.0, 557.1), (983.0, 557.9), (983.0, 577.6), (983.0, 614.3), (912.0, 601.0), (888.0, 605.8), (938.7, 629.4), (991.0, 653.0), (1015.0, 659.3), (1015.0, 659.0), (1015.0, 659.9), (1015.0, 659.3), (1015.0, 659.0), (1015.0, 659.9), (1015.0, 659.3), (1015.0, 659.0), (1015.0, 659.9), (1015.0, 659.3), (1015.0, 659.0), (1015.0, 659.9), (1015.0, 659.3), (1015.0, 659.0), (1015.0, 659.9), (1015.0, 659.3), (1015.0, 659.0), (1015.0, 659.9), (1015.0, 659.3), (1015.0, 659.0), (1015.0, 659.9), (1015.0, 659.3), (1015.0, 659.0), (1015.0, 659.9), (1015.0, 659.3), (1015.0, 659.0), (1015.0, 659.9), (1015.0, 659.3), (1015.0, 659.0), (1015.0, 659.9), (1015.0, 659.3), (1015.0, 659.0), (1015.0, 659.9), (1015.0, 659.3)]",0,7.38
speedrunner,meatboy,10,Stuck,7,0,126.3,0.961,"[(73.0, 653.0), (120.3, 655.1), (200.3, 650.4), (280.3, 659.3), (360.3, 659.0), (440.3, 659.9), (520.3, 624.3), (599.0, 582.7), (599.0, 573.3), (599.0, 582.7), (528.0, 567.0), (504.0, 571.8), (560.7, 595.4), (603.0, 637.8), (666.3, 659.3), (746.3, 659.0), (826.3, 637.6), (906.3, 591.3), (983.0, 563.8), (983.0, 555.2), (983.0, 565.4), (983.0, 594.4), (983.0, 634.1), (996.3, 653.9), (1015.0, 659.0), (1015.0, 659.9), (1015.0, 659.3), (1015.0, 659.0), (1015.0, 659.9), (1015.0, 659.3), (1015.0, 659.0), (1015.0, 659.9), (1015.0, 659.3), (1015.0, 659.0), (1015.0, 659.9), (1015.0, 659.3), (1015.0, 659.0), (1015.0, 659.9), (1015.0, 659.3), (1015.0, 659.0), (1015.0, 659.9), (1015.0, 659.3), (1015.0, 659.0), (1015.0, 659.9), (1015.0, 659.3), (1015.0, 659.0), (1015.0, 659.9), (1015.0, 659.3), (1015.0, 659.0), (1015.0, 659.9), (1015.0, 659.3), (1015.0, 659.0), (1015.0, 659.9), (1015.0, 659.3), (1015.0, 659.0)]",0,7.25
speedrunner,meatboy,10,Stuck,4,0,137.89,0.961,"[(73.0, 653.0), (120.3, 655.1), (200.3, 650.4), (280.3, 659.3), (360.3, 659.0), (440.3, 659.9), (520.3, 659.3), (600.3, 659.0), (680.3, 659.9), (760.3, 659.3), (840.3, 659.0), (920.3, 659.9), (983.0, 629.9), (983.0, 586.0), (983.0, 560.8), (983.0, 554.5), (983.0, 567.1), (983.0, 598.5), (983.0, 638.2), (1003.0, 653.9), (1015.0, 659.0), (1015.0, 659.9), (1015.0, 659.3), (1015.0, 659.0), (1015.0, 659.9), (1015.0, 659.3), (1015.0, 659.0), (1015.0, 659.9), (1015.0, 659.3), (1015.0, 659.0), (1015.0, 659.9), (1015.0, 659.3), (1015.0, 659.0), (1015.0, 659.9), (1015.0, 659.3), (1015.0, 659.0), (1015.0, 659.9), (1015.0, 659.3), (1015.0, 659.0), (1015.0, 659.9), (1015.0, 659.3), (1015.0, 659.0), (1015.0, 659.9), (1015.0, 659.3), (1015.0, 659.0), (1015.0, 659.9), (1015.0, 659.3), (1015.0, 659.0), (1015.0, 659.9), (1015.0, 659.3), (1015.0, 659.0)]",0,6.78
speedrunner,meatboy,10,Stuck,4,0,119.67,0.961,"[(73.0, 653.0), (120.3, 655.1), (200.3, 650.4), (277.8, 659.3), (318.9, 659.0), (356.9, 659.9), (404.9, 659.3), (484.8, 659.0), (562.3, 659.9), (642.3, 621.3), (722.3, 634.2), (802.3, 659.3), (837.7, 659.0), (846.1, 659.9), (852.1, 659.3), (858.1, 659.0), (864.1, 659.9), (870.1, 659.3), (876.1, 659.0), (882.1, 659.9), (888.1, 659.3), (894.1, 659.0), (900.1, 659.9), (906.1, 659.3), (912.1, 659.0), (918.1, 659.9), (924.1, 659.3), (930.1, 659.0), (936.1, 659.9), (942.1, 659.3), (948.1, 659.0), (954.1, 659.9), (960.1, 659.3), (966.1, 659.0), (972.1, 659.9), (984.1, 653.0), (1015.0, 659.3), (1015.0, 659.0), (1015.0, 659.9), (1015.0, 659.3), (1015.0, 659.0), (1015.0, 659.9), (1015.0, 659.3), (1015.0, 659.0), (1015.0, 659.9), (1015.0, 659.3), (1015.0, 659.0), (1015.0, 659.9), (1015.0, 659.3), (1015.0, 659.0), (1015.0, 659.9), (1015.0, 659.3), (1015.0, 659.0), (1015.0, 659.9), (1015.0, 659.3), (1015.0, 659.0), (1015.0, 659.9), (1015.0, 659.3), (1015.0, 659.0), (1015.0, 659.9)]",0,7.87
speedrunner,meatboy,10,Stuck,5,0,138.91,0.961,"[(73.0, 653.0), (120.3, 655.1), (200.3, 650.4), (280.3, 659.3), (360.3, 659.0), (440.3, 659.9), (520.3, 659.3), (600.3, 630.8), (680.3, 627.2), (760.3, 651.9), (840.3, 659.0), (920.3, 659.9), (983.0, 611.2), (983.0, 574.3), (983.0, 556.3), (983.0, 557.0), (983.0, 576.7), (983.0, 613.4), (983.0, 653.1), (1015.0, 657.4), (1015.0, 659.0), (1015.0, 659.9), (1015.0, 659.3), (1015.0, 659.0), (1015.0, 659.9), (1015.0, 659.3), (1015.0, 659.0), (1015.0, 659.9), (1015.0, 659.3), (1015.0, 659.0), (1015.0, 659.9), (1015.0, 659.3), (1015.0, 659.0), (1015.0, 659.9), (1015.0, 659.3), (1015.0, 659.0), (1015.0, 659.9), (1015.0, 659.3), (1015.0, 659.0), (1015.0, 659.9), (1015.0, 659.3), (1015.0, 659.0), (1015.0, 659.9), (1015.0, 659.3), (1015.0, 659.0), (1015.0, 659.9), (1015.0, 659.3), (1015.0, 659.0), (1015.0, 659.9), (1015.0, 659.3), (1015.0, 659.0)]",0,6.73
speedrunner,meatboy,10,Stuck,6,0,140.15,0.961,"[(73.0, 653.0), (120.3, 655.1), (200.3, 650.4), (280.3, 659.3), (360.3, 659.0), (440.3, 659.9), (520.3, 659.3), (600.3, 630.8), (680.3, 627.2), (760.3, 651.9), (840.3, 659.0), (920.3, 651.6), (983.0, 600.5), (983.0, 568.3), (983.0, 555.0), (983.0, 560.5), (983.0, 584.8), (983.0, 623.6), (941.7, 628.3), (887.0, 626.0), (916.3, 642.5), (996.0, 659.0), (1015.0, 659.9), (1015.0, 659.3), (1015.0, 659.0), (1015.0, 659.9), (1015.0, 659.3), (1015.0, 659.0), (1015.0, 659.9), (1015.0, 659.3), (1015.0, 659.0), (1015.0, 659.9), (1015.0, 659.3), (1015.0, 659.0), (1015.0, 659.9), (1015.0, 659.3), (1015.0, 659.0), (1015.0, 659.9), (1015.0, 659.3), (1015.0, 659.0), (1015.0, 659.9), (1015.0, 659.3), (1015.0, 659.0), (1015.0, 659.9), (1015.0, 659.3), (1015.0, 659.0), (1015.0, 659.9), (1015.0, 659.3), (1015.0, 659.0), (1015.0, 659.9), (1015.0, 659.3)]",0,6.7
speedrunner,meatboy,10,Stuck,7,0,128.16,0.961,"[(73.0, 653.0), (120.3, 655.1), (200.3, 650.4), (280.3, 659.3), (360.3, 659.0), (440.3, 659.9), (520.3, 624.3), (599.0, 582.7), (599.0, 573.3), (599.0, 582.7), (537.0, 570.6), (502.3, 573.0), (552.0, 594.2), (610.7, 634.2), (690.7, 659.3), (770.7, 659.0), (850.7, 659.9), (930.7, 624.3), (983.0, 582.7), (983.0, 559.9), (983.0, 556.0), (983.0, 570.9), (983.0, 604.3), (983.0, 644.0), (1011.0, 655.9), (1015.0, 659.9), (1015.0, 659.3), (1015.0, 659.0), (1015.0, 659.9), (1015.0, 659.3), (1015.0, 659.0), (1015.0, 659.9), (1015.0, 659.3), (1015.0, 659.0), (1015.0, 659.9), (1015.0, 659.3), (1015.0, 659.0), (1015.0, 659.9), (1015.0, 659.3), (1015.0, 659.0), (1015.0, 659.9), (1015.0, 659.3), (1015.0, 659.0), (1015.0, 659.9), (1015.0, 659.3), (1015.0, 659.0), (1015.0, 659.9), (1015.0, 659.3), (1015.0, 659.0), (1015.0, 659.9), (1015.0, 659.3), (1015.0, 659.0), (1015.0, 659.9), (1015.0, 659.3), (1015.0, 659.0)]",0,7.23
speedrunner,meatboy,10,Stuck,6,0,140.15,0.961,"[(73.0, 653.0), (120.3, 655.1), (200.3, 650.4), (280.3, 659.3), (360.3, 659.0), (440.3, 659.9), (520.3, 659.3), (600.3, 630.8), (680.3, 627.2), (760.3, 651.9), (840.3, 659.0), (920.3, 651.6), (983.0, 600.5), (983.0, 568.3), (983.0, 555.0), (983.0, 560.5), (983.0, 584.8), (983.0, 623.6), (941.7, 628.3), (887.0, 626.0), (916.3, 642.5), (996.0, 659.0), (1015.0, 659.9), (1015.0, 659.3), (1015.0, 659.0), (1015.0, 659.9), (1015.0, 659.3), (1015.0, 659.0), (1015.0, 659.9), (1015.0, 659.3), (1015.0, 659.0), (1015.0, 659.9), (1015.0, 659.3), (1015.0, 659.0), (1015.0, 659.9), (1015.0, 659.3), (1015.0, 659.0), (1015.0, 659.9), (1015.0, 659.3), (1015.0, 659.0), (1015.0, 659.9), (1015.0, 659.3), (1015.0, 659.0), (1015.0, 659.9), (1015.0, 659.3), (1015.0, 659.0), (1015.0, 659.9), (1015.0, 659.3), (1015.0, 659.0), (1015.0, 659.9), (1015.0, 659.3)]",0,6.7
speedrunner,meatboy,10,Stuck,7,0,126.3,0.961,"[(73.0, 653.0), (120.3, 655.1), (200.3, 650.4), (280.3, 659.3), (360.3, 659.0), (440.3, 659.9), (520.3, 624.3), (599.0, 582.7), (599.0, 573.3), (599.0, 582.7), (528.0, 567.0), (504.0, 571.8), (560.7, 595.4), (603.0, 637.8), (666.3, 659.3), (746.3, 659.0), (826.3, 637.6), (906.3, 591.3), (983.0, 563.8), (983.0, 555.2), (983.0, 565.4), (983.0, 594.4), (983.0, 634.1), (996.3, 653.9), (1015.0, 659.0), (1015.0, 659.9), (1015.0, 659.3), (1015.0, 659.0), (1015.0, 659.9), (1015.0, 659.3), (1015.0, 659.0), (1015.0, 659.9), (1015.0, 659.3), (1015.0, 659.0), (1015.0, 659.9), (1015.0, 659.3), (1015.0, 659.0), (1015.0, 659.9), (1015.0, 659.3), (1015.0, 659.0), (1015.0, 659.9), (1015.0, 659.3), (1015.0, 659.0), (1015.0, 659.9), (1015.0, 659.3), (1015.0, 659.0), (1015.0, 659.9), (1015.0, 659.3), (1015.0, 659.0), (1015.0, 659.9), (1015.0, 659.3), (1015.0, 659.0), (1015.0, 659.9), (1015.0, 659.3), (1015.0, 659.0)]",0,7.25
speedrunner,meatboy,10,Stuck,7,0,125.91,0.961,"[(73.0, 653.0), (120.3, 655.1), (200.3, 650.4), (280.3, 659.3), (360.3, 659.0), (440.3, 659.9), (520.3, 659.3), (600.3, 636.8), (680.3, 625.4), (760.3, 647.8), (840.3, 659.9), (920.3, 659.3), (983.0, 612.1), (983.0, 575.2), (983.0, 557.1), (983.0, 557.9), (983.0, 577.6), (983.0, 614.3), (912.0, 601.0), (888.0, 605.8), (938.7, 629.4), (991.0, 653.0), (1015.0, 659.3), (1015.0, 659.0), (1015.0, 659.9), (1015.0, 659.3), (1015.0, 659.0), (1015.0, 659.9), (1015.0, 659.3), (1015.0, 659.0), (1015.0, 659.9), (1015.0, 659.3), (1015.0, 659.0), (1015.0, 659.9), (1015.0, 659.3), (1015.0, 659.0), (1015.0, 659.9), (1015.0, 659.3), (1015.0, 659.0), (1015.0, 659.9), (1015.0, 659.3), (1015.0, 659.0), (1015.0, 659.9), (1015.0, 659.3), (1015.0, 659.0), (1015.0, 659.9), (1015.0, 659.3), (1015.0, 659.0), (1015.0, 659.9), (1015.0, 659.3), (1015.0, 659.0), (1015.0, 659.9), (1015.0, 659.3), (1015.0, 659.0), (1015.0, 659.9), (1015.0, 659.3)]",0,7.38
speedrunner,meatboy,10,Stuck,7,0,125.45,0.961,"[(73.0, 653.0), (120.3, 655.1), (200.3, 650.4), (280.3, 659.3), (360.3, 659.0), (440.3, 659.9), (520.3, 659.3), (600.3, 630.8), (680.3, 627.2), (760.3, 651.9), (840.3, 659.0), (920.3, 659.9), (983.0, 611.2), (983.0, 574.3), (983.0, 556.3), (983.0, 557.0), (983.0, 576.7), (983.0, 613.4), (921.0, 605.9), (886.3, 608.2), (936.0, 629.5), (987.0, 659.3), (1015.0, 659.0), (1015.0, 659.9), (1015.0, 659.3), (1015.0, 659.0), (1015.0, 659.9), (1015.0, 659.3), (1015.0, 659.0), (1015.0, 659.9), (1015.0, 659.3), (1015.0, 659.0), (1015.0, 659.9), (1015.0, 659.3), (1015.0, 659.0), (1015.0, 659.9), (1015.0, 659.3), (1015.0, 659.0), (1015.0, 659.9), (1015.0, 659.3), (1015.0, 659.0), (1015.0, 659.9), (1015.0, 659.3), (1015.0, 659.0), (1015.0, 659.9), (1015.0, 659.3), (1015.0, 659.0), (1015.0, 659.9), (1015.0, 659.3), (1015.0, 659.0), (1015.0, 659.9), (1015.0, 659.3), (1015.0, 659.0), (1015.0, 659.9), (1015.0, 659.3), (1015.0, 659.0)]",0,7.4
speedrunner,meatboy,10,Stuck,7,0,126.3,0.961,"[(73.0, 653.0), (120.3, 655.1), (200.3, 650.4), (280.3, 659.3), (360.3, 659.0), (440.3, 659.9), (520.3, 659.3), (600.3, 630.8), (680.3, 627.2), (760.3, 651.9), (840.3, 659.0), (920.3, 643.9), (983.0, 595.2), (983.0, 565.4), (983.0, 554.4), (983.0, 562.2), (983.0, 588.9), (972.7, 613.9), (898.0, 604.5), (895.3, 614.0), (966.0, 642.3), (1003.0, 653.9), (1015.0, 659.0), (1015.0, 659.9), (1015.0, 659.3), (1015.0, 659.0), (1015.0, 659.9), (1015.0, 659.3), (1015.0, 659.0), (1015.0, 659.9), (1015.0, 659.3), (1015.0, 659.0), (1015.0, 659.9), (1015.0, 659.3), (1015.0, 659.0), (1015.0, 659.9), (1015.0, 659.3), (1015.0, 659.0), (1015.0, 659.9), (1015.0, 659.3), (1015.0, 659.0), (1015.0, 659.9), (1015.0, 659.3), (1015.0, 659.0), (1015.0, 659.9), (1015.0, 659.3), (1015.0, 659.0), (1015.0, 659.9), (1015.0, 659.3), (1015.0, 659.0), (1015.0, 659.9), (1015.0, 659.3), (1015.0, 659.0), (1015.0, 659.9), (1015.0, 659.3), (1015.0, 659.0)]",0,7.35
speedrunner,meatboy,10,Stuck,6,0,138.57,0.961,"[(73.0, 653.0), (120.3, 655.1), (200.3, 650.4), (280.3, 659.3), (360.3, 659.0), (440.3, 659.9), (520.3, 659.3), (600.3, 659.0), (680.3, 621.9), (760.3, 637.2), (840.3, 659.9), (920.3, 659.3), (983.0, 617.2), (983.0, 577.9), (983.0, 557.5), (983.0, 555.9), (983.0, 573.2), (983.0, 608.4), (983.0, 648.1), (1015.0, 653.3), (1015.0, 659.9), (1015.0, 659.3), (1015.0, 659.0), (1015.0, 659.9), (1015.0, 659.3), (1015.0, 659.0), (1015.0, 659.9), (1015.0, 659.3), (1015.0, 659.0), (1015.0, 659.9), (1015.0, 659.3), (1015.0, 659.0), (1015.0, 659.9), (1015.0, 659.3), (1015.0, 659.0), (1015.0, 659.9), (1015.0, 659.3), (1015.0, 659.0), (1015.0, 659.9), (1015.0, 659.3), (1015.0, 659.0), (1015.0, 659.9), (1015.0, 659.3), (1015.0, 659.0), (1015.0, 659.9), (1015.0, 659.3), (1015.0, 659.0), (1015.0, 659.9), (1015.0, 659.3), (1015.0, 659.0), (1015.0, 659.9)]",0,6.75
speedrunner,meatboy,10,Stuck,3,0,137.67,0.961,"[(73.0, 653.0), (120.3, 655.1), (200.3, 650.4), (280.3, 659.3), (360.3, 659.0), (440.3, 659.9), (520.3, 659.3), (600.3, 659.0), (680.3, 659.9), (760.3, 659.3), (840.3, 659.0), (882.8, 659.9), (887.9, 659.3), (893.0, 659.0), (898.1, 659.9), (903.2, 659.3), (908.3, 659.0), (913.4, 659.9), (918.6, 659.3), (923.7, 659.0), (928.8, 659.9), (933.9, 659.3), (939.0, 659.0), (944.1, 659.9), (949.2, 659.3), (954.3, 659.0), (959.4, 659.9), (964.6, 659.3), (969.7, 659.0), (974.8, 659.9), (1013.7, 654.8), (1015.0, 659.3), (1015.0, 659.0), (1015.0, 659.9), (1015.0, 659.3), (1015.0, 659.0), (1015.0, 659.9), (1015.0, 659.3), (1015.0, 659.0), (1015.0, 659.9), (1015.0, 659.3), (1015.0, 659.0), (1015.0, 659.9), (1015.0, 659.3), (1015.0, 659.0), (1015.0, 659.9), (1015.0, 659.3), (1015.0, 659.0), (1015.0, 659.9), (1015.0, 659.3), (1015.0, 659.0), (1015.0, 659.9)]",0,6.83
speedrunner,meatboy,10,Stuck,4,0,145.7,0.961,"[(73.0, 653.0), (120.3, 655.1), (200.3, 650.4), (280.3, 659.3), (360.3, 659.0), (440.3, 659.9), (520.3, 659.3), (600.3, 630.8), (680.3, 627.2), (760.3, 651.9), (840.3, 659.0), (920.3, 659.9), (1000.3, 653.3), (1015.0, 659.9), (1015.0, 659.3), (1015.0, 659.0), (1015.0, 659.9), (1015.0, 659.3), (1015.0, 659.0), (1015.0, 659.9), (1015.0, 659.3), (1015.0, 659.0), (1015.0, 659.9), (1015.0, 659.3), (1015.0, 659.0), (1015.0, 659.9), (1015.0, 659.3), (1015.0, 659.0), (1015.0, 659.9), (1015.0, 659.3), (1015.0, 659.0), (1015.0, 659.9), (1015.0, 659.3), (1015.0, 659.0), (1015.0, 659.9), (1015.0, 659.3), (1015.0, 659.0), (1015.0, 659.9), (1015.0, 659.3), (1015.0, 659.0), (1015.0, 659.9), (1015.0, 659.3), (1015.0, 659.0), (1015.0, 659.9), (1015.0, 659.3), (1015.0, 659.0), (1015.0, 659.9), (1015.0, 659.3), (1015.0, 659.0)]",0,6.43
speedrunner,meatboy,10,Saw,4,0,257.56,0.443,"[(73.0, 653.0), (120.3, 655.1), (200.3, 650.4), (280.3, 659.3), (360.3, 659.0), (440.3, 659.9), (520.3, 624.3), (599.0, 582.7), (599.0, 573.3), (599.0, 582.7), (568.0, 584.7), (488.0, 580.0)]",0,1.5
speedrunner,meatboy,10,Saw,4,0,238.56,0.443,"[(73.0, 653.0), (120.3, 655.1), (200.3, 650.4), (280.3, 659.3), (360.3, 659.0), (440.3, 659.9), (520.3, 651.3), (599.0, 600.2), (599.0, 574.7), (599.0, 574.8), (599.0, 593.6), (528.0, 579.1), (477.3, 583.9)]",0,1.62
speedrunner,meatboy,10,Stuck,5,0,139.95,0.961,"[(73.0, 653.0), (120.3, 655.1), (200.3, 650.4), (280.3, 659.3), (360.3, 659.0), (440.3, 659.9), (520.3, 659.3), (600.3, 630.8), (680.3, 627.2), (760.3, 651.9), (840.3, 659.0), (920.3, 643.9), (983.0, 595.2), (983.0, 565.4), (983.0, 554.4), (983.0, 562.2), (983.0, 588.9), (983.0, 628.3), (991.0, 653.0), (1015.0, 659.3), (1015.0, 659.0), (1015.0, 659.9), (1015.0, 659.3), (1015.0, 659.0), (1015.0, 659.9), (1015.0, 659.3), (1015.0, 659.0), (1015.0, 659.9), (1015.0, 659.3), (1015.0, 659.0), (1015.0, 659.9), (1015.0, 659.3), (1015.0, 659.0), (1015.0, 659.9), (1015.0, 659.3), (1015.0, 659.0), (1015.0, 659.9), (1015.0, 659.3), (1015.0, 659.0), (1015.0, 659.9), (1015.0, 659.3), (1015.0, 659.0), (1015.0, 659.9), (1015.0, 659.3), (1015.0, 659.0), (1015.0, 659.9), (1015.0, 659.3), (1015.0, 659.0), (1015.0, 659.9), (1015.0, 659.3), (1015.0, 659.0)]",0,6.68
speedrunner,meatboy,10,Stuck,7,0,126.3,0.961,"[(73.0, 653.0), (120.3, 655.1), (200.3, 650.4), (280.3, 659.3), (360.3, 659.0), (440.3, 659.9), (520.3, 659.3), (600.3, 630.8), (680.3, 627.2), (760.3, 651.9), (840.3, 659.0), (920.3, 643.9), (983.0, 595.2), (983.0, 565.4), (983.0, 554.4), (983.0, 562.2), (983.0, 588.9), (972.7, 613.9), (898.0, 604.5), (895.3, 614.0), (966.0, 642.3), (1003.0, 653.9), (1015.0, 659.0), (1015.0, 659.9), (1015.0, 659.3), (1015.0, 659.0), (1015.0, 659.9), (1015.0, 659.3), (1015.0, 659.0), (1015.0, 659.9), (1015.0, 659.3), (1015.0, 659.0), (1015.0, 659.9), (1015.0, 659.3), (1015.0, 659.0), (1015.0, 659.9), (1015.0, 659.3), (1015.0, 659.0), (1015.0, 659.9), (1015.0, 659.3), (1015.0, 659.0), (1015.0, 659.9), (1015.0, 659.3), (1015.0, 659.0), (1015.0, 659.9), (1015.0, 659.3), (1015.0, 659.0), (1015.0, 659.9), (1015.0, 659.3), (1015.0, 659.0), (1015.0, 659.9), (1015.0, 659.3), (1015.0, 659.0), (1015.0, 659.9), (1015.0, 659.3), (1015.0, 659.0)]",0,7.35
speedrunner,meatboy,10,Stuck,7,0,125.45,0.961,"[(73.0, 653.0), (120.3, 655.1), (200.3, 650.4), (280.3, 659.3), (360.3, 659.0), (440.3, 659.9), (520.3, 659.3), (600.3, 630.8), (680.3, 627.2), (760.3, 651.9), (840.3, 659.0), (920.3, 659.9), (983.0, 611.2), (983.0, 574.3), (983.0, 556.3), (983.0, 557.0), (983.0, 576.7), (983.0, 613.4), (921.0, 605.9), (886.3, 608.2), (936.0, 629.5), (987.0, 659.3), (1015.0, 659.0), (1015.0, 659.9), (1015.0, 659.3), (1015.0, 659.0), (1015.0, 659.9), (1015.0, 659.3), (1015.0, 659.0), (1015.0, 659.9), (1015.0, 659.3), (1015.0, 659.0), (1015.0, 659.9), (1015.0, 659.3), (1015.0, 659.0), (1015.0, 659.9), (1015.0, 659.3), (1015.0, 659.0), (1015.0, 659.9), (1015.0, 659.3), (1015.0, 659.0), (1015.0, 659.9), (1015.0, 659.3), (1015.0, 659.0), (1015.0, 659.9), (1015.0, 659.3), (1015.0, 659.0), (1015.0, 659.9), (1015.0, 659.3), (1015.0, 659.0), (1015.0, 659.9), (1015.0, 659.3), (1015.0, 659.0), (1015.0, 659.9), (1015.0, 659.3), (1015.0, 659.0)]",0,7.4
speedrunner,meatboy,10,Stuck,7,0,125.91,0.961,"[(73.0, 653.0), (120.3, 655.1), (200.3, 650.4), (280.3, 659.3), (360.3, 659.0), (440.3, 659.9), (520.3, 659.3), (600.3, 636.8), (680.3, 625.4), (760.3, 647.8), (840.3, 659.9), (920.3, 659.3), (983.0, 612.1), (983.0, 575.2), (983.0, 557.1), (983.0, 557.9), (983.0, 577.6), (983.0, 614.3), (912.0, 601.0), (888.0, 605.8), (938.7, 629.4), (991.0, 653.0), (1015.0, 659.3), (1015.0, 659.0), (1015.0, 659.9), (1015.0, 659.3), (1015.0, 659.0), (1015.0, 659.9), (1015.0, 659.3), (1015.0, 659.0), (1015.0, 659.9), (1015.0, 659.3), (1015.0, 659.0), (1015.0, 659.9), (1015.0, 659.3), (1015.0, 659.0), (1015.0, 659.9), (1015.0, 659.3), (1015.0, 659.0), (1015.0, 659.9), (1015.0, 659.3), (1015.0, 659.0), (1015.0, 659.9), (1015.0, 659.3), (1015.0, 659.0), (1015.0, 659.9), (1015.0, 659.3), (1015.0, 659.0), (1015.0, 659.9), (1015.0, 659.3), (1015.0, 659.0), (1015.0, 659.9), (1015.0, 659.3), (1015.0, 659.0), (1015.0, 659.9), (1015.0, 659.3)]",0,7.38
speedrunner,meatboy,10,Stuck,7,0,126.3,0.961,"[(73.0, 653.0), (120.3, 655.1), (200.3, 650.4), (280.3, 659.3), (360.3, 659.0), (440.3, 659.9), (520.3, 624.3), (599.0, 582.7), (599.0, 573.3), (599.0, 582.7), (528.0, 567.0), (504.0, 571.8), (560.7, 595.4), (603.0, 637.8), (666.3, 659.3), (746.3, 659.0), (826.3, 637.6), (906.3, 591.3), (983.0, 563.8), (983.0, 555.2), (983.0, 565.4), (983.0, 594.4), (983.0, 634.1), (996.3, 653.9), (1015.0, 659.0), (1015.0, 659.9), (1015.0, 659.3), (1015.0, 659.0), (1015.0, 659.9), (1015.0, 659.3), (1015.0, 659.0), (1015.0, 659.9), (1015.0, 659.3), (1015.0, 659.0), (1015.0, 659.9), (1015.0, 659.3), (1015.0, 659.0), (1015.0, 659.9), (1015.0, 659.3), (1015.0, 659.0), (1015.0, 659.9), (1015.0, 659.3), (1015.0, 659.0), (1015.0, 659.9), (1015.0, 659.3), (1015.0, 659.0), (1015.0, 659.9), (1015.0, 659.3), (1015.0, 659.0), (1015.0, 659.9), (1015.0, 659.3), (1015.0, 659.0), (1015.0, 659.9), (1015.0, 659.3), (1015.0, 659.0)]",0,7.25
speedrunner,meatboy,10,Stuck,3,0,148.01,0.961,"[(73.0, 653.0), (120.3, 659.3), (200.3, 621.9), (280.3, 637.2), (360.3, 659.9), (440.3, 629.9), (520.3, 586.0), (600.3, 560.8), (680.3, 554.5), (760.3, 567.1), (840.3, 598.5), (885.7, 648.7), (952.3, 659.0), (1015.0, 659.9), (1015.0, 659.3), (1015.0, 659.0), (1015.0, 659.9), (1015.0, 659.3), (1015.0, 659.0), (1015.0, 659.9), (1015.0, 659.3), (1015.0, 659.0), (1015.0, 659.9), (1015.0, 659.3), (1015.0, 659.0), (1015.0, 659.9), (1015.0, 659.3), (1015.0, 659.0), (1015.0, 659.9), (1015.0, 659.3), (1015.0, 659.0), (1015.0, 659.9), (1015.0, 659.3), (1015.0, 659.0), (1015.0, 659.9), (1015.0, 659.3), (1015.0, 659.0), (1015.0, 659.9), (1015.0, 659.3), (1015.0, 659.0), (1015.0, 659.9), (1015.0, 659.3), (1015.0, 659.0), (1015.0, 659.9), (1015.0, 659.3), (1015.0, 659.0), (1015.0, 659.9), (1015.0, 659.3)]",0,6.33
speedrunner,meatboy,10,Stuck,7,0,126.29,0.961,"[(73.0, 653.0), (120.3, 655.1), (200.3, 650.4), (280.3, 659.3), (360.3, 659.0), (440.3, 659.9), (520.3, 659.3), (600.3, 630.8), (680.3, 627.2), (760.3, 651.9), (840.3, 659.0), (920.3, 659.9), (983.0, 606.5), (983.0, 571.9), (983.0, 556.2), (983.0, 559.4), (983.0, 581.3), (983.0, 619.2), (904.3, 600.6), (891.0, 607.7), (956.0, 633.6), (996.3, 653.3), (1015.0, 659.9), (1015.0, 659.3), (1015.0, 659.0), (1015.0, 659.9), (1015.0, 659.3), (1015.0, 659.0), (1015.0, 659.9), (1015.0, 659.3), (1015.0, 659.0), (1015.0, 659.9), (1015.0, 659.3), (1015.0, 659.0), (1015.0, 659.9), (1015.0, 659.3), (1015.0, 659.0), (1015.0, 659.9), (1015.0, 659.3), (1015.0, 659.0), (1015.0, 659.9), (1015.0, 659.3), (1015.0, 659.0), (1015.0, 659.9), (1015.0, 659.3), (1015.0, 659.0), (1015.0, 659.9), (1015.0, 659.3), (1015.0, 659.0), (1015.0, 659.9), (1015.0, 659.3), (1015.0, 659.0), (1015.0, 659.9), (1015.0, 659.3), (1015.0, 659.0), (1015.0, 659.9)]",0,7.37
speedrunner,meatboy,10,Stuck,7,0,126.56,0.961,"[(73.0, 653.0), (120.3, 655.1), (200.3, 650.4), (280.3, 659.3), (360.3, 659.0), (440.3, 659.9), (520.3, 659.3), (600.3, 644.2), (680.3, 623.9), (760.3, 644.0), (840.3, 659.3), (920.3, 659.0), (983.0, 618.1), (983.0, 578.8), (983.0, 558.4), (983.0, 556.8), (983.0, 574.1), (983.0, 609.3), (904.3, 590.7), (885.7, 597.8), (935.3, 623.7), (987.0, 659.3), (1015.0, 659.0), (1015.0, 659.9), (1015.0, 659.3), (1015.0, 659.0), (1015.0, 659.9), (1015.0, 659.3), (1015.0, 659.0), (1015.0, 659.9), (1015.0, 659.3), (1015.0, 659.0), (1015.0, 659.9), (1015.0, 659.3), (1015.0, 659.0), (1015.0, 659.9), (1015.0, 659.3), (1015.0, 659.0), (1015.0, 659.9), (1015.0, 659.3), (1015.0, 659.0), (1015.0, 659.9), (1015.0, 659.3), (1015.0, 659.0), (1015.0, 659.9), (1015.0, 659.3), (1015.0, 659.0), (1015.0, 659.9), (1015.0, 659.3), (1015.0, 659.0), (1015.0, 659.9), (1015.0, 659.3), (1015.0, 659.0), (1015.0, 659.9), (1015.0, 659.3), (1015.0, 659.0)]",0,7.37
speedrunner,meatboy,10,Stuck,2,0,145.7,0.961,"[(73.0, 653.0), (120.3, 651.3), (200.3, 622.8), (280.3, 640.4), (360.3, 659.0), (440.3, 659.9), (520.3, 659.3), (600.3, 659.0), (680.3, 659.9), (760.3, 659.3), (840.3, 659.0), (920.3, 659.9), (1000.3, 659.3), (1015.0, 659.0), (1015.0, 659.9), (1015.0, 659.3), (1015.0, 659.0), (1015.0, 659.9), (1015.0, 659.3), (1015.0, 659.0), (1015.0, 659.9), (1015.0, 659.3), (1015.0, 659.0), (1015.0, 659.9), (1015.0, 659.3), (1015.0, 659.0), (1015.0, 659.9), (1015.0, 659.3), (1015.0, 659.0), (1015.0, 659.9), (1015.0, 659.3), (1015.0, 659.0), (1015.0, 659.9), (1015.0, 659.3), (1015.0, 659.0), (1015.0, 659.9), (1015.0, 659.3), (1015.0, 659.0), (1015.0, 659.9), (1015.0, 659.3), (1015.0, 659.0), (1015.0, 659.9), (1015.0, 659.3), (1015.0, 659.0), (1015.0, 659.9), (1015.0, 659.3), (1015.0, 659.0), (1015.0, 659.9), (1015.0, 659.3)]",0,6.43
speedrunner,meatboy,10,Stuck,6,0,127.95,0.961,"[(73.0, 653.0), (120.3, 655.1), (200.3, 650.4), (280.3, 659.3), (360.3, 659.0), (440.3, 659.9), (520.3, 659.3), (600.3, 630.8), (680.3, 627.2), (760.3, 651.9), (840.3, 659.0), (920.3, 659.9), (983.0, 606.5), (983.0, 571.9), (983.0, 556.2), (983.0, 559.4), (983.0, 581.3), (962.3, 597.7), (893.0, 590.7), (885.0, 602.5), (914.3, 633.1), (994.0, 659.0), (1015.0, 659.9), (1015.0, 659.3), (1015.0, 659.0), (1015.0, 659.9), (1015.0, 659.3), (1015.0, 659.0), (1015.0, 659.9), (1015.0, 659.3), (1015.0, 659.0), (1015.0, 659.9), (1015.0, 659.3), (1015.0, 659.0), (1015.0, 659.9), (1015.0, 659.3), (1015.0, 659.0), (1015.0, 659.9), (1015.0, 659.3), (1015.0, 659.0), (1015.0, 659.9), (1015.0, 659.3), (1015.0, 659.0), (1015.0, 659.9), (1015.0, 659.3), (1015.0, 659.0), (1015.0, 659.9), (1015.0, 659.3), (1015.0, 659.0), (1015.0, 659.9), (1015.0, 659.3), (1015.0, 659.0), (1015.0, 659.9), (1015.0, 659.3), (1015.0, 659.0), (1015.0, 659.9)]",0,7.33
speedrunner,meatboy,10,Stuck,5,0,139.95,0.961,"[(73.0, 653.0), (120.3, 655.1), (200.3, 650.4), (280.3, 659.3), (360.3, 659.0), (440.3, 659.9), (520.3, 659.3), (600.3, 630.8), (680.3, 627.2), (760.3, 651.9), (840.3, 659.0), (920.3, 643.9), (983.0, 595.2), (983.0, 565.4), (983.0, 554.4), (983.0, 562.2), (983.0, 588.9), (983.0, 628.3), (991.0, 653.0), (1015.0, 659.3), (1015.0, 659.0), (1015.0, 659.9), (1015.0, 659.3), (1015.0, 659.0), (1015.0, 659.9), (1015.0, 659.3), (1015.0, 659.0), (1015.0, 659.9), (1015.0, 659.3), (1015.0, 659.0), (1015.0, 659.9), (1015.0, 659.3), (1015.0, 659.0), (1015.0, 659.9), (1015.0, 659.3), (1015.0, 659.0), (1015.0, 659.9), (1015.0, 659.3), (1015.0, 659.0), (1015.0, 659.9), (1015.0, 659.3), (1015.0, 659.0), (1015.0, 659.9), (1015.0, 659.3), (1015.0, 659.0), (1015.0, 659.9), (1015.0, 659.3), (1015.0, 659.0), (1015.0, 659.9), (1015.0, 659.3), (1015.0, 659.0)]",0,6.68
speedrunner,meatboy,10,Stuck,6,0,127.95,0.961,"[(73.0, 653.0), (120.3, 655.1), (200.3, 650.4), (280.3, 659.3), (360.3, 659.0), (440.3, 659.9), (520.3, 659.3), (600.3, 630.8), (680.3, 627.2), (760.3, 651.9), (840.3, 659.0), (920.3, 659.9), (983.0, 606.5), (983.0, 571.9), (983.0, 556.2), (983.0, 559.4), (983.0, 581.3), (962.3, 597.7), (893.0, 590.7), (885.0, 602.5), (914.3, 633.1), (994.0, 659.0), (1015.0, 659.9), (1015.0, 659.3), (1015.0, 659.0), (1015.0, 659.9), (1015.0, 659.3), (1015.0, 659.0), (1015.0, 659.9), (1015.0, 659.3), (1015.0, 659.0), (1015.0, 659.9), (1015.0, 659.3), (1015.0, 659.0), (1015.0, 659.9), (1015.0, 659.3), (1015.0, 659.0), (1015.0, 659.9), (1015.0, 659.3), (1015.0, 659.0), (1015.0, 659.9), (1015.0, 659.3), (1015.0, 659.0), (1015.0, 659.9), (1015.0, 659.3), (1015.0, 659.0), (1015.0, 659.9), (1015.0, 659.3), (1015.0, 659.0), (1015.0, 659.9), (1015.0, 659.3), (1015.0, 659.0), (1015.0, 659.9), (1015.0, 659.3), (1015.0, 659.0), (1015.0, 659.9)]",0,7.33
speedrunner,meatboy,10,Stuck,7,0,126.56,0.961,"[(73.0, 653.0), (120.3, 655.1), (200.3, 650.4), (280.3, 659.3), (360.3, 659.0), (440.3, 659.9), (520.3, 659.3), (600.3, 644.2), (680.3, 623.9), (760.3, 644.0), (840.3, 659.3), (920.3, 659.0), (983.0, 618.1), (983.0, 578.8), (983.0, 558.4), (983.0, 556.8), (983.0, 574.1), (983.0, 609.3), (904.3, 590.7), (885.7, 597.8), (935.3, 623.7), (987.0, 659.3), (1015.0, 659.0), (1015.0, 659.9), (1015.0, 659.3), (1015.0, 659.0), (1015.0, 659.9), (1015.0, 659.3), (1015.0, 659.0), (1015.0, 659.9), (1015.0, 659.3), (1015.0, 659.0), (1015.0, 659.9), (1015.0, 659.3), (1015.0, 659.0), (1015.0, 659.9), (1015.0, 659.3), (1015.0, 659.0), (1015.0, 659.9), (1015.0, 659.3), (1015.0, 659.0), (1015.0, 659.9), (1015.0, 659.3), (1015.0, 659.0), (1015.0, 659.9), (1015.0, 659.3), (1015.0, 659.0), (1015.0, 659.9), (1015.0, 659.3), (1015.0, 659.0), (1015.0, 659.9), (1015.0, 659.3), (1015.0, 659.0), (1015.0, 659.9), (1015.0, 659.3), (1015.0, 659.0)]",0,7.37
speedrunner,meatboy,10,Stuck,7,0,126.29,0.961,"[(73.0, 653.0), (120.3, 655.1), (200.3, 650.4), (280.3, 659.3), (360.3, 659.0), (440.3, 659.9), (520.3, 659.3), (600.3, 630.8), (680.3, 627.2), (760.3, 651.9), (840.3, 659.0), (920.3, 659.9), (983.0, 606.5), (983.0, 571.9), (983.0, 556.2), (983.0, 559.4), (983.0, 581.3), (983.0, 619.2), (904.3, 600.6), (891.0, 607.7), (956.0, 633.6), (996.3, 653.3), (1015.0, 659.9), (1015.0, 659.3), (1015.0, 659.0), (1015.0, 659.9), (1015.0, 659.3), (1015.0, 659.0), (1015.0, 659.9), (1015.0, 659.3), (1015.0, 659.0), (1015.0, 659.9), (1015.0, 659.3), (1015.0, 659.0), (1015.0, 659.9), (1015.0, 659.3), (1015.0, 659.0), (1015.0, 659.9), (1015.0, 659.3), (1015.0, 659.0), (1015.0, 659.9), (1015.0, 659.3), (1015.0, 659.0), (1015.0, 659.9), (1015.0, 659.3), (1015.0, 659.0), (1015.0, 659.9), (1015.0, 659.3), (1015.0, 659.0), (1015.0, 659.9), (1015.0, 659.3), (1015.0, 659.0), (1015.0, 659.9), (1015.0, 659.3), (1015.0, 659.0), (1015.0, 659.9)]",0,7.37
speedrunner,meatboy,10,Stuck,7,0,126.3,0.961,"[(73.0, 653.0), (120.3, 655.1), (200.3, 650.4), (280.3, 659.3), (360.3, 659.0), (440.3, 659.9), (520.3, 624.3), (599.0, 582.7), (599.0, 573.3), (599.0, 582.7), (528.0, 567.0), (504.0, 571.8), (560.7, 595.4), (603.0, 637.8), (666.3, 659.3), (746.3, 659.0), (826.3, 637.6), (906.3, 591.3), (983.0, 563.8), (983.0, 555.2), (983.0, 565.4), (983.0, 594.4), (983.0, 634.1), (996.3, 653.9), (1015.0, 659.0), (1015.0, 659.9), (1015.0, 659.3), (1015.0, 659.0), (1015.0, 659.9), (1015.0, 659.3), (1015.0, 659.0), (1015.0, 659.9), (1015.0, 659.3), (1015.0, 659.0), (1015.0, 659.9), (1015.0, 659.3), (1015.0, 659.0), (1015.0, 659.9), (1015.0, 659.3), (1015.0, 659.0), (1015.0, 659.9), (1015.0, 659.3), (1015.0, 659.0), (1015.0, 659.9), (1015.0, 659.3), (1015.0, 659.0), (1015.0, 659.9), (1015.0, 659.3), (1015.0, 659.0), (1015.0, 659.9), (1015.0, 659.3), (1015.0, 659.0), (1015.0, 659.9), (1015.0, 659.3), (1015.0, 659.0)]",0,7.25
speedrunner,meatboy,10,Stuck,5,0,137.89,0.961,"[(73.0, 653.0), (120.3, 655.1), (200.3, 650.4), (280.3, 659.3), (360.3, 659.0), (440.3, 659.9), (520.3, 659.3), (600.3, 659.0), (680.3, 659.9), (760.3, 659.3), (840.3, 659.0), (920.3, 659.9), (983.0, 629.9), (983.0, 586.0), (983.0, 560.8), (983.0, 554.5), (983.0, 567.1), (983.0, 598.5), (983.0, 638.2), (1003.0, 653.3), (1015.0, 659.0), (1015.0, 659.9), (1015.0, 659.3), (1015.0, 659.0), (1015.0, 659.9), (1015.0, 659.3), (1015.0, 659.0), (1015.0, 659.9), (1015.0, 659.3), (1015.0, 659.0), (1015.0, 659.9), (1015.0, 659.3), (1015.0, 659.0), (1015.0, 659.9), (1015.0, 659.3), (1015.0, 659.0), (1015.0, 659.9), (1015.0, 659.3), (1015.0, 659.0), (1015.0, 659.9), (1015.0, 659.3), (1015.0, 659.0), (1015.0, 659.9), (1015.0, 659.3), (1015.0, 659.0), (1015.0, 659.9), (1015.0, 659.3), (1015.0, 659.0), (1015.0, 659.9), (1015.0, 659.3), (1015.0, 659.0)]",0,6.78
speedrunner,meatboy,10,Stuck,10,0,123.81,0.961,"[(73.0, 653.0), (120.3, 655.1), (200.3, 650.4), (280.3, 659.3), (360.3, 659.0), (440.3, 659.9), (520.3, 637.1), (599.0, 590.7), (599.0, 573.3), (597.7, 578.0), (588.7, 588.2), (514.0, 578.8), (476.3, 588.3), (470.2, 616.6), (538.6, 659.0), (618.6, 623.4), (698.6, 629.2), (778.6, 656.3), (858.6, 659.3), (938.6, 623.7), (983.0, 582.1), (983.0, 559.3), (983.0, 555.4), (983.0, 570.3), (983.0, 603.8), (983.0, 643.4), (904.3, 624.8), (891.0, 631.9), (956.0, 657.8), (1015.0, 659.3), (1015.0, 659.0), (1015.0, 659.9), (1015.0, 659.3), (1015.0, 659.0), (1015.0, 659.9), (1015.0, 659.3), (1015.0, 659.0), (1015.0, 659.9), (1015.0, 659.3), (1015.0, 659.0), (1015.0, 659.9), (1015.0, 659.3), (1015.0, 659.0), (1015.0, 659.9), (1015.0, 659.3), (1015.0, 659.0), (1015.0, 659.9), (1015.0, 659.3), (1015.0, 659.0), (1015.0, 659.9), (1015.0, 659.3), (1015.0, 659.0), (1015.0, 659.9), (1015.0, 659.3), (1015.0, 659.0), (1015.0, 659.9), (1015.0, 659.3)]",0,7.5
speedrunner,meatboy,10,Stuck,6,0,139.65,0.961,"[(73.0, 653.0), (120.3, 659.3), (200.3, 621.3), (280.3, 634.2), (360.3, 659.3), (440.3, 659.0), (520.3, 659.9), (600.3, 637.1), (680.3, 625.4), (760.3, 647.8), (840.3, 659.9), (920.3, 659.3), (983.0, 612.1), (983.0, 575.2), (983.0, 557.1), (983.0, 557.9), (983.0, 577.6), (983.0, 614.3), (962.3, 632.5), (893.0, 625.4), (901.0, 637.2), (976.0, 659.3), (1015.0, 659.0), (1015.0, 659.9), (1015.0, 659.3), (1015.0, 659.0), (1015.0, 659.9), (1015.0, 659.3), (1015.0, 659.0), (1015.0, 659.9), (1015.0, 659.3), (1015.0, 659.0), (1015.0, 659.9), (1015.0, 659.3), (1015.0, 659.0), (1015.0, 659.9), (1015.0, 659.3), (1015.0, 659.0), (1015.0, 659.9), (1015.0, 659.3), (1015.0, 659.0), (1015.0, 659.9), (1015.0, 659.3), (1015.0, 659.0), (1015.0, 659.9), (1015.0, 659.3), (1015.0, 659.0), (1015.0, 659.9), (1015.0, 659.3), (1015.0, 659.0), (1015.0, 659.9)]",0,6.73
speedrunner,meatboy,10,Stuck,4,0,145.39,0.961,"[(73.0, 653.0), (120.3, 655.1), (200.3, 650.4), (280.3, 659.3), (360.3, 659.0), (440.3, 618.1), (520.3, 578.8), (600.3, 558.4), (680.3, 556.8), (760.3, 556.2), (840.3, 526.8), (920.3, 544.4), (983.0, 580.3), (983.0, 620.0), (984.3, 660.0), (1015.0, 659.3), (1015.0, 659.0), (1015.0, 659.9), (1015.0, 659.3), (1015.0, 659.0), (1015.0, 659.9), (1015.0, 659.3), (1015.0, 659.0), (1015.0, 659.9), (1015.0, 659.3), (1015.0, 659.0), (1015.0, 659.9), (1015.0, 659.3), (1015.0, 659.0), (1015.0, 659.9), (1015.0, 659.3), (1015.0, 659.0), (1015.0, 659.9), (1015.0, 659.3), (1015.0, 659.0), (1015.0, 659.9), (1015.0, 659.3), (1015.0, 659.0), (1015.0, 659.9), (1015.0, 659.3), (1015.0, 659.0), (1015.0, 659.9), (1015.0, 659.3), (1015.0, 659.0), (1015.0, 659.9), (1015.0, 659.3), (1015.0, 659.0), (1015.0, 659.9), (1015.0, 659.3)]",0,6.43
speedrunner,meatboy,10,Stuck,6,0,139.31,0.961,"[(73.0, 653.0), (120.3, 655.1), (200.3, 650.4), (280.3, 659.3), (360.3, 659.0), (440.3, 659.9), (520.3, 659.3), (600.3, 636.8), (680.3, 625.4), (760.3, 647.8), (840.3, 659.9), (920.3, 659.3), (983.0, 617.2), (983.0, 577.9), (983.0, 557.5), (983.0, 555.9), (983.0, 573.2), (983.0, 608.4), (972.7, 633.8), (898.0, 624.4), (895.3, 633.8), (966.0, 659.0), (1015.0, 659.9), (1015.0, 659.3), (1015.0, 659.0), (1015.0, 659.9), (1015.0, 659.3), (1015.0, 659.0), (1015.0, 659.9), (1015.0, 659.3), (1015.0, 659.0), (1015.0, 659.9), (1015.0, 659.3), (1015.0, 659.0), (1015.0, 659.9), (1015.0, 659.3), (1015.0, 659.0), (1015.0, 659.9), (1015.0, 659.3), (1015.0, 659.0), (1015.0, 659.9), (1015.0, 659.3), (1015.0, 659.0), (1015.0, 659.9), (1015.0, 659.3), (1015.0, 659.0), (1015.0, 659.9), (1015.0, 659.3), (1015.0, 659.0), (1015.0, 659.9), (1015.0, 659.3)]",0,6.75
speedrunner,meatboy,10,Stuck,3,0,145.7,0.961,"[(73.0, 653.0), (120.3, 655.1), (200.3, 650.4), (280.3, 659.3), (360.3, 659.0), (440.3, 659.9), (520.3, 659.3), (600.3, 659.0), (680.3, 659.9), (760.3, 659.3), (840.3, 659.0), (920.3, 659.9), (1000.3, 653.3), (1015.0, 659.9), (1015.0, 659.3), (1015.0, 659.0), (1015.0, 659.9), (1015.0, 659.3), (1015.0, 659.0), (1015.0, 659.9), (1015.0, 659.3), (1015.0, 659.0), (1015.0, 659.9), (1015.0, 659.3), (1015.0, 659.0), (1015.0, 659.9), (1015.0, 659.3), (1015.0, 659.0), (1015.0, 659.9), (1015.0, 659.3), (1015.0, 659.0), (1015.0, 659.9), (1015.0, 659.3), (1015.0, 659.0), (1015.0, 659.9), (1015.0, 659.3), (1015.0, 659.0), (1015.0, 659.9), (1015.0, 659.3), (1015.0, 659.0), (1015.0, 659.9), (1015.0, 659.3), (1015.0, 659.0), (1015.0, 659.9), (1015.0, 659.3), (1015.0, 659.0), (1015.0, 659.9), (1015.0, 659.3), (1015.0, 659.0)]",0,6.43
speedrunner,meatboy,10,Stuck,4,0,145.39,0.961,"[(73.0, 653.0), (120.3, 655.1), (200.3, 650.4), (280.3, 659.3), (360.3, 659.0), (440.3, 618.1), (520.3, 578.8), (600.3, 558.4), (680.3, 556.8), (760.3, 556.2), (840.3, 526.8), (920.3, 544.4), (983.0, 580.3), (983.0, 620.0), (984.3, 660.0), (1015.0, 659.3), (1015.0, 659.0), (1015.0, 659.9), (1015.0, 659.3), (1015.0, 659.0), (1015.0, 659.9), (1015.0, 659.3), (1015.0, 659.0), (1015.0, 659.9), (1015.0, 659.3), (1015.0, 659.0), (1015.0, 659.9), (1015.0, 659.3), (1015.0, 659.0), (1015.0, 659.9), (1015.0, 659.3), (1015.0, 659.0), (1015.0, 659.9), (1015.0, 659.3), (1015.0, 659.0), (1015.0, 659.9), (1015.0, 659.3), (1015.0, 659.0), (1015.0, 659.9), (1015.0, 659.3), (1015.0, 659.0), (1015.0, 659.9), (1015.0, 659.3), (1015.0, 659.0), (1015.0, 659.9), (1015.0, 659.3), (1015.0, 659.0), (1015.0, 659.9), (1015.0, 659.3)]",0,6.43
speedrunner,meatboy,10,Stuck,7,0,126.3,0.961,"[(73.0, 653.0), (120.3, 655.1), (200.3, 650.4), (280.3, 659.3), (360.3, 659.0), (440.3, 659.9), (520.3, 624.3), (599.0, 582.7), (599.0, 573.3), (599.0, 582.7), (528.0, 567.0), (504.0, 571.8), (560.7, 595.4), (603.0, 637.8), (666.3, 659.3), (746.3, 659.0), (826.3, 637.6), (906.3, 591.3), (983.0, 563.8), (983.0, 555.2), (983.0, 565.4), (983.0, 594.4), (983.0, 634.1), (996.3, 653.9), (1015.0, 659.0), (1015.0, 659.9), (1015.0, 659.3), (1015.0, 659.0), (1015.0, 659.9), (1015.0, 659.3), (1015.0, 659.0), (1015.0, 659.9), (1015.0, 659.3), (1015.0, 659.0), (1015.0, 659.9), (1015.0, 659.3), (1015.0, 659.0), (1015.0, 659.9), (1015.0, 659.3), (1015.0, 659.0), (1015.0, 659.9), (1015.0, 659.3), (1015.0, 659.0), (1015.0, 659.9), (1015.0, 659.3), (1015.0, 659.0), (1015.0, 659.9), (1015.0, 659.3), (1015.0, 659.0), (1015.0, 659.9), (1015.0, 659.3), (1015.0, 659.0), (1015.0, 659.9), (1015.0, 659.3), (1015.0, 659.0)]",0,7.25
speedrunner,meatboy,10,Stuck,7,0,126.29,0.961,"[(73.0, 653.0), (120.3, 655.1), (200.3, 650.4), (280.3, 659.3), (360.3, 659.0), (440.3, 659.9), (520.3, 659.3), (600.3, 630.8), (680.3, 627.2), (760.3, 651.9), (840.3, 659.0), (920.3, 659.9), (983.0, 606.5), (983.0, 571.9), (983.0, 556.2), (983.0, 559.4), (983.0, 581.3), (983.0, 619.2), (904.3, 600.6), (891.0, 607.7), (956.0, 633.6), (996.3, 653.3), (1015.0, 659.9), (1015.0, 659.3), (1015.0, 659.0), (1015.0, 659.9), (1015.0, 659.3), (1015.0, 659.0), (1015.0, 659.9), (1015.0, 659.3), (1015.0, 659.0), (1015.0, 659.9), (1015.0, 659.3), (1015.0, 659.0), (1015.0, 659.9), (1015.0, 659.3), (1015.0, 659.0), (1015.0, 659.9), (1015.0, 659.3), (1015.0, 659.0), (1015.0, 659.9), (1015.0, 659.3), (1015.0, 659.0), (1015.0, 659.9), (1015.0, 659.3), (1015.0, 659.0), (1015.0, 659.9), (1015.0, 659.3), (1015.0, 659.0), (1015.0, 659.9), (1015.0, 659.3), (1015.0, 659.0), (1015.0, 659.9), (1015.0, 659.3), (1015.0, 659.0), (1015.0, 659.9)]",0,7.37
speedrunner,meatboy,10,Stuck,7,0,126.56,0.961,"[(73.0, 653.0), (120.3, 655.1), (200.3, 650.4), (280.3, 659.3), (360.3, 659.0), (440.3, 659.9), (520.3, 659.3), (600.3, 644.2), (680.3, 623.9), (760.3, 644.0), (840.3, 659.3), (920.3, 659.0), (983.0, 618.1), (983.0, 578.8), (983.0, 558.4), (983.0, 556.8), (983.0, 574.1), (983.0, 609.3), (904.3, 590.7), (885.7, 597.8), (935.3, 623.7), (987.0, 659.3), (1015.0, 659.0), (1015.0, 659.9), (1015.0, 659.3), (1015.0, 659.0), (1015.0, 659.9), (1015.0, 659.3), (1015.0, 659.0), (1015.0, 659.9), (1015.0, 659.3), (1015.0, 659.0), (1015.0, 659.9), (1015.0, 659.3), (1015.0, 659.0), (1015.0, 659.9), (1015.0, 659.3), (1015.0, 659.0), (1015.0, 659.9), (1015.0, 659.3), (1015.0, 659.0), (1015.0, 659.9), (1015.0, 659.3), (1015.0, 659.0), (1015.0, 659.9), (1015.0, 659.3), (1015.0, 659.0), (1015.0, 659.9), (1015.0, 659.3), (1015.0, 659.0), (1015.0, 659.9), (1015.0, 659.3), (1015.0, 659.0), (1015.0, 659.9), (1015.0, 659.3), (1015.0, 659.0)]",0,7.37
speedrunner,meatboy,10,Stuck,6,0,144.99,0.961,"[(73.0, 653.0), (120.3, 655.1), (200.3, 650.4), (280.3, 659.3), (360.3, 659.0), (440.3, 618.1), (520.3, 578.8), (600.3, 558.4), (680.3, 556.8), (757.8, 556.2), (837.8, 526.8), (917.8, 544.4), (983.0, 580.3), (983.0, 620.0), (984.3, 660.0), (1015.0, 655.9), (1015.0, 659.9), (1015.0, 659.3), (1015.0, 659.0), (1015.0, 659.9), (1015.0, 659.3), (1015.0, 659.0), (1015.0, 659.9), (1015.0, 659.3), (1015.0, 659.0), (1015.0, 659.9), (1015.0, 659.3), (1015.0, 659.0), (1015.0, 659.9), (1015.0, 659.3), (1015.0, 659.0), (1015.0, 659.9), (1015.0, 659.3), (1015.0, 659.0), (1015.0, 659.9), (1015.0, 659.3), (1015.0, 659.0), (1015.0, 659.9), (1015.0, 659.3), (1015.0, 659.0), (1015.0, 659.9), (1015.0, 659.3), (1015.0, 659.0), (1015.0, 659.9), (1015.0, 659.3), (1015.0, 659.0), (1015.0, 659.9), (1015.0, 659.3), (1015.0, 659.0)]",0,6.43
speedrunner,meatboy,10,Stuck,4,0,145.39,0.961,"[(73.0, 653.0), (120.3, 655.1), (200.3, 650.4), (280.3, 659.3), (360.3, 659.0), (440.3, 618.1), (520.3, 578.8), (600.3, 558.4), (680.3, 556.8), (760.3, 556.2), (840.3, 526.8), (920.3, 544.4), (983.0, 580.3), (983.0, 620.0), (984.3, 660.0), (1015.0, 659.3), (1015.0, 659.0), (1015.0, 659.9), (1015.0, 659.3), (1015.0, 659.0), (1015.0, 659.9), (1015.0, 659.3), (1015.0, 659.0), (1015.0, 659.9), (1015.0, 659.3), (1015.0, 659.0), (1015.0, 659.9), (1015.0, 659.3), (1015.0, 659.0), (1015.0, 659.9), (1015.0, 659.3), (1015.0, 659.0), (1015.0, 659.9), (1015.0, 659.3), (1015.0, 659.0), (1015.0, 659.9), (1015.0, 659.3), (1015.0, 659.0), (1015.0, 659.9), (1015.0, 659.3), (1015.0, 659.0), (1015.0, 659.9), (1015.0, 659.3), (1015.0, 659.0), (1015.0, 659.9), (1015.0, 659.3), (1015.0, 659.0), (1015.0, 659.9), (1015.0, 659.3)]",0,6.43
speedrunner,meatboy,10,Stuck,5,0,139.4,0.961,"[(73.0, 653.0), (120.3, 655.1), (200.3, 650.4), (280.3, 659.3), (360.3, 659.0), (440.3, 659.9), (520.3, 659.3), (600.3, 630.8), (680.3, 627.2), (760.3, 651.9), (840.3, 659.0), (920.3, 651.6), (983.0, 600.5), (983.0, 568.3), (983.0, 555.0), (983.0, 560.5), (983.0, 584.8), (983.0, 623.6), (987.0, 659.0), (1015.0, 659.0), (1015.0, 659.9), (1015.0, 659.3), (1015.0, 659.0), (1015.0, 659.9), (1015.0, 659.3), (1015.0, 659.0), (1015.0, 659.9), (1015.0, 659.3), (1015.0, 659.0), (1015.0, 659.9), (1015.0, 659.3), (1015.0, 659.0), (1015.0, 659.9), (1015.0, 659.3), (1015.0, 659.0), (1015.0, 659.9), (1015.0, 659.3), (1015.0, 659.0), (1015.0, 659.9), (1015.0, 659.3), (1015.0, 659.0), (1015.0, 659.9), (1015.0, 659.3), (1015.0, 659.0), (1015.0, 659.9), (1015.0, 659.3), (1015.0, 659.0), (1015.0, 659.9), (1015.0, 659.3), (1015.0, 659.0), (1015.0, 659.9)]",0,6.7
speedrunner,meatboy,10,Saw,4,0,257.36,0.447,"[(73.0, 653.0), (120.3, 655.1), (200.3, 650.4), (280.3, 659.3), (360.3, 659.0), (440.3, 659.9), (520.3, 624.3), (599.0, 582.7), (599.0, 573.3), (599.0, 582.7), (528.0, 567.0), (485.2, 571.8)]",0,1.52
speedrunner,meatboy,10,Stuck,4,0,145.39,0.961,"[(73.0, 653.0), (120.3, 655.1), (200.3, 650.4), (280.3, 659.3), (360.3, 659.0), (440.3, 623.4), (520.3, 581.8), (600.3, 559.0), (680.3, 555.1), (760.3, 555.6), (840.3, 526.8), (920.3, 544.4), (983.0, 580.3), (983.0, 620.0), (984.3, 660.0), (1015.0, 659.3), (1015.0, 659.0), (1015.0, 659.9), (1015.0, 659.3), (1015.0, 659.0), (1015.0, 659.9), (1015.0, 659.3), (1015.0, 659.0), (1015.0, 659.9), (1015.0, 659.3), (1015.0, 659.0), (1015.0, 659.9), (1015.0, 659.3), (1015.0, 659.0), (1015.0, 659.9), (1015.0, 659.3), (1015.0, 659.0), (1015.0, 659.9), (1015.0, 659.3), (1015.0, 659.0), (1015.0, 659.9), (1015.0, 659.3), (1015.0, 659.0), (1015.0, 659.9), (1015.0, 659.3), (1015.0, 659.0), (1015.0, 659.9), (1015.0, 659.3), (1015.0, 659.0), (1015.0, 659.9), (1015.0, 659.3), (1015.0, 659.0), (1015.0, 659.9), (1015.0, 659.3)]",0,6.43
speedrunner,meatboy,10,Stuck,4,0,145.39,0.961,"[(73.0, 653.0), (120.3, 659.3), (200.3, 659.0), (280.3, 659.9), (360.3, 659.3), (440.3, 659.0), (520.3, 659.9), (600.3, 637.1), (680.3, 625.4), (760.3, 647.8), (840.3, 659.9), (920.3, 651.3), (983.0, 621.9), (983.0, 624.2), (983.0, 645.5), (1011.0, 654.8), (1015.0, 659.3), (1015.0, 659.0), (1015.0, 659.9), (1015.0, 659.3), (1015.0, 659.0), (1015.0, 659.9), (1015.0, 659.3), (1015.0, 659.0), (1015.0, 659.9), (1015.0, 659.3), (1015.0, 659.0), (1015.0, 659.9), (1015.0, 659.3), (1015.0, 659.0), (1015.0, 659.9), (1015.0, 659.3), (1015.0, 659.0), (1015.0, 659.9), (1015.0, 659.3), (1015.0, 659.0), (1015.0, 659.9), (1015.0, 659.3), (1015.0, 659.0), (1015.0, 659.9), (1015.0, 659.3), (1015.0, 659.0), (1015.0, 659.9), (1015.0, 659.3), (1015.0, 659.0), (1015.0, 659.9), (1015.0, 659.3), (1015.0, 659.0), (1015.0, 659.9)]",0,6.43
speedrunner,meatboy,10,Stuck,4,0,145.39,0.961,"[(73.0, 653.0), (120.3, 655.1), (200.3, 650.4), (280.3, 659.3), (360.3, 659.0), (440.3, 623.4), (520.3, 581.8), (600.3, 559.0), (680.3, 555.1), (760.3, 555.6), (840.3, 526.8), (920.3, 544.4), (983.0, 580.3), (983.0, 620.0), (984.3, 660.0), (1015.0, 659.3), (1015.0, 659.0), (1015.0, 659.9), (1015.0, 659.3), (1015.0, 659.0), (1015.0, 659.9), (1015.0, 659.3), (1015.0, 659.0), (1015.0, 659.9), (1015.0, 659.3), (1015.0, 659.0), (1015.0, 659.9), (1015.0, 659.3), (1015.0, 659.0), (1015.0, 659.9), (1015.0, 659.3), (1015.0, 659.0), (1015.0, 659.9), (1015.0, 659.3), (1015.0, 659.0), (1015.0, 659.9), (1015.0, 659.3), (1015.0, 659.0), (1015.0, 659.9), (1015.0, 659.3), (1015.0, 659.0), (1015.0, 659.9), (1015.0, 659.3), (1015.0, 659.0), (1015.0, 659.9), (1015.0, 659.3), (1015.0, 659.0), (1015.0, 659.9), (1015.0, 659.3)]",0,6.43
speedrunner,meatboy,10,Stuck,4,0,145.39,0.961,"[(73.0, 653.0), (120.3, 655.1), (200.3, 650.4), (280.3, 659.3), (360.3, 659.0), (440.3, 618.1), (520.3, 578.8), (600.3, 558.4), (680.3, 556.8), (760.3, 556.2), (840.3, 526.8), (920.3, 544.4), (983.0, 580.3), (983.0, 620.0), (984.3, 660.0), (1015.0, 659.3), (1015.0, 659.0), (1015.0, 659.9), (1015.0, 659.3), (1015.0, 659.0), (1015.0, 659.9), (1015.0, 659.3), (1015.0, 659.0), (1015.0, 659.9), (1015.0, 659.3), (1015.0, 659.0), (1015.0, 659.9), (1015.0, 659.3), (1015.0, 659.0), (1015.0, 659.9), (1015.0, 659.3), (1015.0, 659.0), (1015.0, 659.9), (1015.0, 659.3), (1015.0, 659.0), (1015.0, 659.9), (1015.0, 659.3), (1015.0, 659.0), (1015.0, 659.9), (1015.0, 659.3), (1015.0, 659.0), (1015.0, 659.9), (1015.0, 659.3), (1015.0, 659.0), (1015.0, 659.9), (1015.0, 659.3), (1015.0, 659.0), (1015.0, 659.9), (1015.0, 659.3)]",0,6.43
speedrunner,meatboy,10,Stuck,6,0,144.99,0.961,"[(73.0, 653.0), (120.3, 655.1), (200.3, 650.4), (280.3, 659.3), (360.3, 659.0), (440.3, 618.1), (520.3, 578.8), (600.3, 558.4), (680.3, 556.8), (757.8, 556.2), (837.8, 526.8), (917.8, 544.4), (983.0, 580.3), (983.0, 620.0), (984.3, 660.0), (1015.0, 655.9), (1015.0, 659.9), (1015.0, 659.3), (1015.0, 659.0), (1015.0, 659.9), (1015.0, 659.3), (1015.0, 659.0), (1015.0, 659.9), (1015.0, 659.3), (1015.0, 659.0), (1015.0, 659.9), (1015.0, 659.3), (1015.0, 659.0), (1015.0, 659.9), (1015.0, 659.3), (1015.0, 659.0), (1015.0, 659.9), (1015.0, 659.3), (1015.0, 659.0), (1015.0, 659.9), (1015.0, 659.3), (1015.0, 659.0), (1015.0, 659.9), (1015.0, 659.3), (1015.0, 659.0), (1015.0, 659.9), (1015.0, 659.3), (1015.0, 659.0), (1015.0, 659.9), (1015.0, 659.3), (1015.0, 659.0), (1015.0, 659.9), (1015.0, 659.3), (1015.0, 659.0)]",0,6.43
speedrunner,meatboy,10,Stuck,4,0,145.39,0.961,"[(73.0, 653.0), (120.3, 655.1), (200.3, 650.4), (280.3, 659.3), (360.3, 659.0), (440.3, 618.1), (520.3, 578.8), (600.3, 558.4), (680.3, 556.8), (760.3, 556.2), (840.3, 526.8), (920.3, 544.4), (983.0, 580.3), (983.0, 620.0), (984.3, 660.0), (1015.0, 659.3), (1015.0, 659.0), (1015.0, 659.9), (1015.0, 659.3), (1015.0, 659.0), (1015.0, 659.9), (1015.0, 659.3), (1015.0, 659.0), (1015.0, 659.9), (1015.0, 659.3), (1015.0, 659.0), (1015.0, 659.9), (1015.0, 659.3), (1015.0, 659.0), (1015.0, 659.9), (1015.0, 659.3), (1015.0, 659.0), (1015.0, 659.9), (1015.0, 659.3), (1015.0, 659.0), (1015.0, 659.9), (1015.0, 659.3), (1015.0, 659.0), (1015.0, 659.9), (1015.0, 659.3), (1015.0, 659.0), (1015.0, 659.9), (1015.0, 659.3), (1015.0, 659.0), (1015.0, 659.9), (1015.0, 659.3), (1015.0, 659.0), (1015.0, 659.9), (1015.0, 659.3)]",0,6.43
speedrunner,meatboy,10,Saw,4,0,268.84,0.442,"[(73.0, 653.0), (120.3, 655.1), (200.3, 650.4), (280.3, 659.3), (360.3, 659.0), (440.3, 659.9), (520.3, 624.3), (599.0, 582.7), (599.0, 573.3), (599.0, 582.7), (526.7, 567.0)]",0,1.43
speedrunner,meatboy,10,Saw,4,0,254.29,0.443,"[(73.0, 653.0), (120.3, 655.1), (200.3, 650.4), (280.3, 659.3), (360.3, 659.0), (440.3, 659.9), (520.3, 624.3), (599.0, 582.7), (599.0, 573.3), (599.0, 582.7), (568.0, 584.7), (492.8, 580.0)]",0,1.52
speedrunner,meatboy,10,Stuck,3,0,147.47,0.961,"[(73.0, 653.0), (120.3, 655.1), (200.3, 650.4), (280.3, 659.3), (360.3, 659.0), (440.3, 630.2), (520.3, 586.3), (600.3, 561.1), (680.3, 554.8), (760.3, 567.4), (840.3, 598.8), (891.0, 649.0), (967.0, 659.0), (1015.0, 659.9), (1015.0, 659.3), (1015.0, 659.0), (1015.0, 659.9), (1015.0, 659.3), (1015.0, 659.0), (1015.0, 659.9), (1015.0, 659.3), (1015.0, 659.0), (1015.0, 659.9), (1015.0, 659.3), (1015.0, 659.0), (1015.0, 659.9), (1015.0, 659.3), (1015.0, 659.0), (1015.0, 659.9), (1015.0, 659.3), (1015.0, 659.0), (1015.0, 659.9), (1015.0, 659.3), (1015.0, 659.0), (1015.0, 659.9), (1015.0, 659.3), (1015.0, 659.0), (1015.0, 659.9), (1015.0, 659.3), (1015.0, 659.0), (1015.0, 659.9), (1015.0, 659.3), (1015.0, 659.0), (1015.0, 659.9), (1015.0, 659.3), (1015.0, 659.0), (1015.0, 659.9), (1015.0, 659.3)]",0,6.33
speedrunner,meatboy,10,Stuck,5,0,141.95,0.961,"[(73.0, 653.0), (120.3, 655.1), (200.3, 650.4), (280.3, 659.3), (360.3, 659.0), (440.3, 643.9), (520.3, 595.2), (599.0, 565.4), (636.3, 556.0), (716.3, 563.0), (796.3, 529.2), (876.3, 533.2), (956.3, 560.3), (983.0, 600.2), (983.0, 639.8), (1003.0, 659.0), (1015.0, 659.9), (1015.0, 659.3), (1015.0, 659.0), (1015.0, 659.9), (1015.0, 659.3), (1015.0, 659.0), (1015.0, 659.9), (1015.0, 659.3), (1015.0, 659.0), (1015.0, 659.9), (1015.0, 659.3), (1015.0, 659.0), (1015.0, 659.9), (1015.0, 659.3), (1015.0, 659.0), (1015.0, 659.9), (1015.0, 659.3), (1015.0, 659.0), (1015.0, 659.9), (1015.0, 659.3), (1015.0, 659.0), (1015.0, 659.9), (1015.0, 659.3), (1015.0, 659.0), (1015.0, 659.9), (1015.0, 659.3), (1015.0, 659.0), (1015.0, 659.9), (1015.0, 659.3), (1015.0, 659.0), (1015.0, 659.9), (1015.0, 659.3), (1015.0, 659.0)]",0,6.5
speedrunner,meatboy,10,Stuck,4,0,145.39,0.961,"[(73.0, 653.0), (120.3, 655.1), (200.3, 650.4), (280.3, 659.3), (360.3, 659.0), (440.3, 618.1), (520.3, 578.8), (600.3, 558.4), (680.3, 556.8), (760.3, 556.2), (840.3, 526.8), (920.3, 544.4), (983.0, 580.3), (983.0, 620.0), (984.3, 660.0), (1015.0, 659.3), (1015.0, 659.0), (1015.0, 659.9), (1015.0, 659.3), (1015.0, 659.0), (1015.0, 659.9), (1015.0, 659.3), (1015.0, 659.0), (1015.0, 659.9), (1015.0, 659.3), (1015.0, 659.0), (1015.0, 659.9), (1015.0, 659.3), (1015.0, 659.0), (1015.0, 659.9), (1015.0, 659.3), (1015.0, 659.0), (1015.0, 659.9), (1015.0, 659.3), (1015.0, 659.0), (1015.0, 659.9), (1015.0, 659.3), (1015.0, 659.0), (1015.0, 659.9), (1015.0, 659.3), (1015.0, 659.0), (1015.0, 659.9), (1015.0, 659.3), (1015.0, 659.0), (1015.0, 659.9), (1015.0, 659.3), (1015.0, 659.0), (1015.0, 659.9), (1015.0, 659.3)]",0,6.43
speedrunner,meatboy,10,Saw,3,0,545.56,0.379,"[(73.0, 653.0), (120.3, 655.1), (200.3, 650.4), (280.3, 651.3), (360.3, 600.2)]",0,0.6
speedrunner,meatboy,10,Stuck,4,0,145.39,0.961,"[(73.0, 653.0), (120.3, 655.1), (200.3, 650.4), (280.3, 659.3), (360.3, 659.0), (440.3, 618.1), (520.3, 578.8), (600.3, 558.4), (680.3, 556.8), (760.3, 556.2), (840.3, 526.8), (920.3, 544.4), (983.0, 580.3), (983.0, 620.0), (984.3, 660.0), (1015.0, 659.3), (1015.0, 659.0), (1015.0, 659.9), (1015.0, 659.3), (1015.0, 659.0), (1015.0, 659.9), (1015.0, 659.3), (1015.0, 659.0), (1015.0, 659.9), (1015.0, 659.3), (1015.0, 659.0), (1015.0, 659.9), (1015.0, 659.3), (1015.0, 659.0), (1015.0, 659.9), (1015.0, 659.3), (1015.0, 659.0), (1015.0, 659.9), (1015.0, 659.3), (1015.0, 659.0), (1015.0, 659.9), (1015.0, 659.3), (1015.0, 659.0), (1015.0, 659.9), (1015.0, 659.3), (1015.0, 659.0), (1015.0, 659.9), (1015.0, 659.3), (1015.0, 659.0), (1015.0, 659.9), (1015.0, 659.3), (1015.0, 659.0), (1015.0, 659.9), (1015.0, 659.3)]",0,6.43
speedrunner,meatboy,10,Stuck,5,0,141.95,0.961,"[(73.0, 653.0), (120.3, 655.1), (200.3, 650.4), (280.3, 659.3), (360.3, 659.0), (440.3, 643.9), (520.3, 595.2), (599.0, 565.4), (636.3, 556.0), (716.3, 563.0), (796.3, 529.2), (876.3, 533.2), (956.3, 560.3), (983.0, 600.2), (983.0, 639.8), (1003.0, 659.0), (1015.0, 659.9), (1015.0, 659.3), (1015.0, 659.0), (1015.0, 659.9), (1015.0, 659.3), (1015.0, 659.0), (1015.0, 659.9), (1015.0, 659.3), (1015.0, 659.0), (1015.0, 659.9), (1015.0, 659.3), (1015.0, 659.0), (1015.0, 659.9), (1015.0, 659.3), (1015.0, 659.0), (1015.0, 659.9), (1015.0, 659.3), (1015.0, 659.0), (1015.0, 659.9), (1015.0, 659.3), (1015.0, 659.0), (1015.0, 659.9), (1015.0, 659.3), (1015.0, 659.0), (1015.0, 659.9), (1015.0, 659.3), (1015.0, 659.0), (1015.0, 659.9), (1015.0, 659.3), (1015.0, 659.0), (1015.0, 659.9), (1015.0, 659.3), (1015.0, 659.0)]",0,6.5
speedrunner,meatboy,10,Stuck,4,0,145.39,0.961,"[(73.0, 653.0), (120.3, 655.1), (200.3, 650.4), (280.3, 659.3), (360.3, 659.0), (440.3, 618.1), (520.3, 578.8), (600.3, 558.4), (680.3, 556.8), (760.3, 556.2), (840.3, 526.8), (920.3, 544.4), (983.0, 580.3), (983.0, 620.0), (984.3, 660.0), (1015.0, 659.3), (1015.0, 659.0), (1015.0, 659.9), (1015.0, 659.3), (1015.0, 659.0), (1015.0, 659.9), (1015.0, 659.3), (1015.0, 659.0), (1015.0, 659.9), (1015.0, 659.3), (1015.0, 659.0), (1015.0, 659.9), (1015.0, 659.3), (1015.0, 659.0), (1015.0, 659.9), (1015.0, 659.3), (1015.0, 659.0), (1015.0, 659.9), (1015.0, 659.3), (1015.0, 659.0), (1015.0, 659.9), (1015.0, 659.3), (1015.0, 659.0), (1015.0, 659.9), (1015.0, 659.3), (1015.0, 659.0), (1015.0, 659.9), (1015.0, 659.3), (1015.0, 659.0), (1015.0, 659.9), (1015.0, 659.3), (1015.0, 659.0), (1015.0, 659.9), (1015.0, 659.3)]",0,6.43
speedrunner,meatboy,10,Stuck,6,0,144.99,0.961,"[(73.0, 653.0), (120.3, 655.1), (200.3, 650.4), (280.3, 659.3), (360.3, 659.0), (440.3, 618.1), (520.3, 578.8), (600.3, 558.4), (680.3, 556.8), (757.8, 556.2), (837.8, 526.8), (917.8, 544.4), (983.0, 580.3), (983.0, 620.0), (984.3, 660.0), (1015.0, 655.9), (1015.0, 659.9), (1015.0, 659.3), (1015.0, 659.0), (1015.0, 659.9), (1015.0, 659.3), (1015.0, 659.0), (1015.0, 659.9), (1015.0, 659.3), (1015.0, 659.0), (1015.0, 659.9), (1015.0, 659.3), (1015.0, 659.0), (1015.0, 659.9), (1015.0, 659.3), (1015.0, 659.0), (1015.0, 659.9), (1015.0, 659.3), (1015.0, 659.0), (1015.0, 659.9), (1015.0, 659.3), (1015.0, 659.0), (1015.0, 659.9), (1015.0, 659.3), (1015.0, 659.0), (1015.0, 659.9), (1015.0, 659.3), (1015.0, 659.0), (1015.0, 659.9), (1015.0, 659.3), (1015.0, 659.0), (1015.0, 659.9), (1015.0, 659.3), (1015.0, 659.0)]",0,6.43
speedrunner,meatboy,10,Stuck,4,0,139.95,0.961,"[(73.0, 653.0), (120.3, 655.1), (200.3, 650.4), (280.3, 659.3), (360.3, 659.0), (440.3, 659.9), (520.3, 659.3), (600.3, 630.8), (680.3, 627.2), (760.3, 651.9), (840.3, 659.0), (920.3, 643.9), (983.0, 595.2), (983.0, 565.4), (983.0, 554.4), (983.0, 562.2), (983.0, 588.9), (983.0, 628.3), (991.0, 659.3), (1015.0, 659.0), (1015.0, 659.9), (1015.0, 659.3), (1015.0, 659.0), (1015.0, 659.9), (1015.0, 659.3), (1015.0, 659.0), (1015.0, 659.9), (1015.0, 659.3), (1015.0, 659.0), (1015.0, 659.9), (1015.0, 659.3), (1015.0, 659.0), (1015.0, 659.9), (1015.0, 659.3), (1015.0, 659.0), (1015.0, 659.9), (1015.0, 659.3), (1015.0, 659.0), (1015.0, 659.9), (1015.0, 659.3), (1015.0, 659.0), (1015.0, 659.9), (1015.0, 659.3), (1015.0, 659.0), (1015.0, 659.9), (1015.0, 659.3), (1015.0, 659.0), (1015.0, 659.9), (1015.0, 659.3), (1015.0, 659.0), (1015.0, 659.9)]",0,6.68
speedrunner,meatboy,10,Stuck,5,0,139.6,0.961,"[(73.0, 653.0), (120.3, 655.1), (200.3, 650.4), (280.3, 659.3), (360.3, 659.0), (440.3, 659.9), (520.3, 659.3), (600.3, 630.8), (680.3, 627.2), (760.3, 651.9), (840.3, 659.0), (920.3, 651.6), (983.0, 600.5), (983.0, 568.3), (983.0, 555.0), (983.0, 560.5), (983.0, 584.8), (983.0, 623.6), (987.0, 659.0), (1015.0, 659.0), (1015.0, 659.9), (1015.0, 659.3), (1015.0, 659.0), (1015.0, 659.9), (1015.0, 659.3), (1015.0, 659.0), (1015.0, 659.9), (1015.0, 659.3), (1015.0, 659.0), (1015.0, 659.9), (1015.0, 659.3), (1015.0, 659.0), (1015.0, 659.9), (1015.0, 659.3), (1015.0, 659.0), (1015.0, 659.9), (1015.0, 659.3), (1015.0, 659.0), (1015.0, 659.9), (1015.0, 659.3), (1015.0, 659.0), (1015.0, 659.9), (1015.0, 659.3), (1015.0, 659.0), (1015.0, 659.9), (1015.0, 659.3), (1015.0, 659.0), (1015.0, 659.9), (1015.0, 659.3), (1015.0, 659.0), (1015.0, 659.9)]",0,6.7
speedrunner,meatboy,10,Stuck,6,0,141.95,0.961,"[(73.0, 653.0), (120.3, 655.1), (200.3, 650.4), (280.3, 659.3), (360.3, 659.0), (440.3, 643.9), (520.3, 595.2), (599.0, 565.4), (636.3, 556.0), (716.3, 563.0), (796.3, 529.2), (876.3, 533.2), (956.3, 560.3), (983.0, 600.2), (983.0, 639.8), (1003.0, 654.8), (1015.0, 659.3), (1015.0, 659.0), (1015.0, 659.9), (1015.0, 659.3), (1015.0, 659.0), (1015.0, 659.9), (1015.0, 659.3), (1015.0, 659.0), (1015.0, 659.9), (1015.0, 659.3), (1015.0, 659.0), (1015.0, 659.9), (1015.0, 659.3), (1015.0, 659.0), (1015.0, 659.9), (1015.0, 659.3), (1015.0, 659.0), (1015.0, 659.9), (1015.0, 659.3), (1015.0, 659.0), (1015.0, 659.9), (1015.0, 659.3), (1015.0, 659.0), (1015.0, 659.9), (1015.0, 659.3), (1015.0, 659.0), (1015.0, 659.9), (1015.0, 659.3), (1015.0, 659.0), (1015.0, 659.9), (1015.0, 659.3), (1015.0, 659.0), (1015.0, 659.9)]",0,6.5
speedrunner,meatboy,10,Stuck,4,0,145.39,0.961,"[(73.0, 653.0), (120.3, 655.1), (200.3, 650.4), (280.3, 659.3), (360.3, 659.0), (440.3, 618.1), (520.3, 578.8), (600.3, 558.4), (680.3, 556.8), (760.3, 556.2), (840.3, 526.8), (920.3, 544.4), (983.0, 580.3), (983.0, 620.0), (984.3, 660.0), (1015.0, 659.3), (1015.0, 659.0), (1015.0, 659.9), (1015.0, 659.3), (1015.0, 659.0), (1015.0, 659.9), (1015.0, 659.3), (1015.0, 659.0), (1015.0, 659.9), (1015.0, 659.3), (1015.0, 659.0), (1015.0, 659.9), (1015.0, 659.3), (1015.0, 659.0), (1015.0, 659.9), (1015.0, 659.3), (1015.0, 659.0), (1015.0, 659.9), (1015.0, 659.3), (1015.0, 659.0), (1015.0, 659.9), (1015.0, 659.3), (1015.0, 659.0), (1015.0, 659.9), (1015.0, 659.3), (1015.0, 659.0), (1015.0, 659.9), (1015.0, 659.3), (1015.0, 659.0), (1015.0, 659.9), (1015.0, 659.3), (1015.0, 659.0), (1015.0, 659.9), (1015.0, 659.3)]",0,6.43
speedrunner,meatboy,10,Stuck,1,0,145.7,0.961,"[(73.0, 653.0), (120.3, 659.3), (200.3, 659.0), (280.3, 659.9), (360.3, 659.3), (440.3, 659.0), (520.3, 659.9), (600.3, 659.3), (680.3, 659.0), (760.3, 659.9), (840.3, 659.3), (920.3, 659.0), (1000.3, 659.9), (1015.0, 659.3), (1015.0, 659.0), (1015.0, 659.9), (1015.0, 659.3), (1015.0, 659.0), (1015.0, 659.9), (1015.0, 659.3), (1015.0, 659.0), (1015.0, 659.9), (1015.0, 659.3), (1015.0, 659.0), (1015.0, 659.9), (1015.0, 659.3), (1015.0, 659.0), (1015.0, 659.9), (1015.0, 659.3), (1015.0, 659.0), (1015.0, 659.9), (1015.0, 659.3), (1015.0, 659.0), (1015.0, 659.9), (1015.0, 659.3), (1015.0, 659.0), (1015.0, 659.9), (1015.0, 659.3), (1015.0, 659.0), (1015.0, 659.9), (1015.0, 659.3), (1015.0, 659.0), (1015.0, 659.9), (1015.0, 659.3), (1015.0, 659.0), (1015.0, 659.9), (1015.0, 659.3), (1015.0, 659.0), (1015.0, 659.9)]",0,6.43
speedrunner,meatboy,10,Stuck,5,0,145.39,0.961,"[(73.0, 653.0), (120.3, 655.1), (200.3, 650.4), (280.3, 659.3), (360.3, 659.0), (440.3, 618.1), (520.3, 578.8), (600.3, 558.4), (680.3, 556.8), (760.3, 556.2), (840.3, 526.8), (920.3, 544.4), (983.0, 580.3), (983.0, 620.0), (984.3, 660.0), (1015.0, 659.0), (1015.0, 659.9), (1015.0, 659.3), (1015.0, 659.0), (1015.0, 659.9), (1015.0, 659.3), (1015.0, 659.0), (1015.0, 659.9), (1015.0, 659.3), (1015.0, 659.0), (1015.0, 659.9), (1015.0, 659.3), (1015.0, 659.0), (1015.0, 659.9), (1015.0, 659.3), (1015.0, 659.0), (1015.0, 659.9), (1015.0, 659.3), (1015.0, 659.0), (1015.0, 659.9), (1015.0, 659.3), (1015.0, 659.0), (1015.0, 659.9), (1015.0, 659.3), (1015.0, 659.0), (1015.0, 659.9), (1015.0, 659.3), (1015.0, 659.0), (1015.0, 659.9), (1015.0, 659.3), (1015.0, 659.0), (1015.0, 659.9), (1015.0, 659.3), (1015.0, 659.0)]",0,6.43
speedrunner,meatboy,10,Stuck,5,0,145.39,0.961,"[(73.0, 653.0), (120.3, 655.1), (200.3, 650.4), (280.3, 659.3), (360.3, 659.0), (440.3, 618.1), (520.3, 578.8), (600.3, 558.4), (680.3, 556.8), (760.3, 556.2), (840.3, 526.8), (920.3, 544.4), (983.0, 580.3), (983.0, 620.0), (984.3, 660.0), (1015.0, 659.0), (1015.0, 659.9), (1015.0, 659.3), (1015.0, 659.0), (1015.0, 659.9), (1015.0, 659.3), (1015.0, 659.0), (1015.0, 659.9), (1015.0, 659.3), (1015.0, 659.0), (1015.0, 659.9), (1015.0, 659.3), (1015.0, 659.0), (1015.0, 659.9), (1015.0, 659.3), (1015.0, 659.0), (1015.0, 659.9), (1015.0, 659.3), (1015.0, 659.0), (1015.0, 659.9), (1015.0, 659.3), (1015.0, 659.0), (1015.0, 659.9), (1015.0, 659.3), (1015.0, 659.0), (1015.0, 659.9), (1015.0, 659.3), (1015.0, 659.0), (1015.0, 659.9), (1015.0, 659.3), (1015.0, 659.0), (1015.0, 659.9), (1015.0, 659.3), (1015.0, 659.0)]",0,6.43
speedrunner,meatboy,10,Stuck,4,0,145.39,0.961,"[(73.0, 653.0), (120.3, 655.1), (200.3, 650.4), (280.3, 659.3), (360.3, 659.0), (440.3, 618.1), (520.3, 578.8), (600.3, 558.4), (680.3, 556.8), (760.3, 556.2), (840.3, 526.8), (920.3, 544.4), (983.0, 580.3), (983.0, 620.0), (984.3, 660.0), (1015.0, 659.3), (1015.0, 659.0), (1015.0, 659.9), (1015.0, 659.3), (1015.0, 659.0), (1015.0, 659.9), (1015.0, 659.3), (1015.0, 659.0), (1015.0, 659.9), (1015.0, 659.3), (1015.0, 659.0), (1015.0, 659.9), (1015.0, 659.3), (1015.0, 659.0), (1015.0, 659.9), (1015.0, 659.3), (1015.0, 659.0), (1015.0, 659.9), (1015.0, 659.3), (1015.0, 659.0), (1015.0, 659.9), (1015.0, 659.3), (1015.0, 659.0), (1015.0, 659.9), (1015.0, 659.3), (1015.0, 659.0), (1015.0, 659.9), (1015.0, 659.3), (1015.0, 659.0), (1015.0, 659.9), (1015.0, 659.3), (1015.0, 659.0), (1015.0, 659.9), (1015.0, 659.3)]",0,6.43
speedrunner,meatboy,10,Stuck,6,0,141.95,0.961,"[(73.0, 653.0), (120.3, 655.1), (200.3, 650.4), (280.3, 659.3), (360.3, 659.0), (440.3, 643.9), (520.3, 595.2), (599.0, 565.4), (636.3, 556.0), (716.3, 563.0), (796.3, 529.2), (876.3, 533.2), (956.3, 560.3), (983.0, 600.2), (983.0, 639.8), (1003.0, 654.8), (1015.0, 659.3), (1015.0, 659.0), (1015.0, 659.9), (1015.0, 659.3), (1015.0, 659.0), (1015.0, 659.9), (1015.0, 659.3), (1015.0, 659.0), (1015.0, 659.9), (1015.0, 659.3), (1015.0, 659.0), (1015.0, 659.9), (1015.0, 659.3), (1015.0, 659.0), (1015.0, 659.9), (1015.0, 659.3), (1015.0, 659.0), (1015.0, 659.9), (1015.0, 659.3), (1015.0, 659.0), (1015.0, 659.9), (1015.0, 659.3), (1015.0, 659.0), (1015.0, 659.9), (1015.0, 659.3), (1015.0, 659.0), (1015.0, 659.9), (1015.0, 659.3), (1015.0, 659.0), (1015.0, 659.9), (1015.0, 659.3), (1015.0, 659.0), (1015.0, 659.9)]",0,6.5
speedrunner,meatboy,10,Stuck,6,0,144.99,0.961,"[(73.0, 653.0), (120.3, 655.1), (200.3, 650.4), (280.3, 659.3), (360.3, 659.0), (440.3, 618.1), (520.3, 578.8), (600.3, 558.4), (680.3, 556.8), (757.8, 556.2), (837.8, 526.8), (917.8, 544.4), (983.0, 580.3), (983.0, 620.0), (984.3, 660.0), (1015.0, 655.9), (1015.0, 659.9), (1015.0, 659.3), (1015.0, 659.0), (1015.0, 659.9), (1015.0, 659.3), (1015.0, 659.0), (1015.0, 659.9), (1015.0, 659.3), (1015.0, 659.0), (1015.0, 659.9), (1015.0, 659.3), (1015.0, 659.0), (1015.0, 659.9), (1015.0, 659.3), (1015.0, 659.0), (1015.0, 659.9), (1015.0, 659.3), (1015.0, 659.0), (1015.0, 659.9), (1015.0, 659.3), (1015.0, 659.0), (1015.0, 659.9), (1015.0, 659.3), (1015.0, 659.0), (1015.0, 659.9), (1015.0, 659.3), (1015.0, 659.0), (1015.0, 659.9), (1015.0, 659.3), (1015.0, 659.0), (1015.0, 659.9), (1015.0, 659.3), (1015.0, 659.0)]",0,6.43
speedrunner,meatboy,10,Saw,4,0,257.36,0.447,"[(73.0, 653.0), (120.3, 655.1), (200.3, 650.4), (280.3, 659.3), (360.3, 659.0), (440.3, 659.9), (520.3, 624.3), (599.0, 582.7), (599.0, 573.3), (599.0, 582.7), (528.0, 567.0), (485.2, 571.8)]",0,1.52
speedrunner,meatboy,10,Stuck,8,0,83.04,0.567,"[(73.0, 653.0), (120.3, 655.1), (200.3, 650.4), (280.3, 659.3), (360.3, 659.0), (440.3, 659.9), (520.3, 624.3), (589.7, 582.7), (599.0, 566.4), (599.0, 571.1), (579.0, 594.7), (507.0, 637.1), (446.4, 659.3), (485.8, 652.2), (565.8, 601.1), (599.0, 575.6), (599.0, 575.6), (561.7, 594.5), (481.7, 632.2), (433.3, 659.0), (483.8, 651.6), (563.8, 600.5), (599.0, 572.5), (599.0, 570.1), (585.7, 586.7), (511.7, 622.0), (441.5, 659.9), (464.1, 659.3), (543.2, 612.1), (599.0, 576.6), (599.0, 569.6), (595.0, 581.4), (531.7, 612.0), (453.0, 659.0), (450.0, 659.9), (523.2, 624.3), (592.5, 582.7), (599.0, 569.5), (599.0, 576.6), (551.7, 602.6), (471.7, 647.3), (441.2, 659.0), (503.2, 637.6), (579.2, 591.3), (599.0, 570.7)]",0,5.97
speedrunner,meatboy,10,Stuck,5,0,139.26,0.961,"[(73.0, 653.0), (120.3, 655.1), (200.3, 650.4), (280.3, 659.3), (360.3, 659.0), (440.3, 659.9), (520.3, 659.3), (600.3, 630.8), (680.3, 627.2), (760.3, 651.9), (840.3, 659.0), (920.3, 659.9), (983.0, 606.5), (983.0, 571.9), (983.0, 556.2), (983.0, 559.4), (983.0, 581.3), (983.0, 619.2), (984.3, 659.2), (1015.0, 659.0), (1015.0, 659.9), (1015.0, 659.3), (1015.0, 659.0), (1015.0, 659.9), (1015.0, 659.3), (1015.0, 659.0), (1015.0, 659.9), (1015.0, 659.3), (1015.0, 659.0), (1015.0, 659.9), (1015.0, 659.3), (1015.0, 659.0), (1015.0, 659.9), (1015.0, 659.3), (1015.0, 659.0), (1015.0, 659.9), (1015.0, 659.3), (1015.0, 659.0), (1015.0, 659.9), (1015.0, 659.3), (1015.0, 659.0), (1015.0, 659.9), (1015.0, 659.3), (1015.0, 659.0), (1015.0, 659.9), (1015.0, 659.3), (1015.0, 659.0), (1015.0, 659.9), (1015.0, 659.3), (1015.0, 659.0), (1015.0, 659.9)]",0,6.72
speedrunner,meatboy,10,Stuck,2,0,145.7,0.961,"[(73.0, 653.0), (120.3, 655.1), (200.3, 650.4), (280.3, 659.3), (360.3, 659.0), (440.3, 659.9), (520.3, 659.3), (600.3, 659.0), (680.3, 659.9), (760.3, 659.3), (840.3, 659.0), (920.3, 659.9), (1000.3, 659.3), (1015.0, 659.0), (1015.0, 659.9), (1015.0, 659.3), (1015.0, 659.0), (1015.0, 659.9), (1015.0, 659.3), (1015.0, 659.0), (1015.0, 659.9), (1015.0, 659.3), (1015.0, 659.0), (1015.0, 659.9), (1015.0, 659.3), (1015.0, 659.0), (1015.0, 659.9), (1015.0, 659.3), (1015.0, 659.0), (1015.0, 659.9), (1015.0, 659.3), (1015.0, 659.0), (1015.0, 659.9), (1015.0, 659.3), (1015.0, 659.0), (1015.0, 659.9), (1015.0, 659.3), (1015.0, 659.0), (1015.0, 659.9), (1015.0, 659.3), (1015.0, 659.0), (1015.0, 659.9), (1015.0, 659.3), (1015.0, 659.0), (1015.0, 659.9), (1015.0, 659.3), (1015.0, 659.0), (1015.0, 659.9), (1015.0, 659.3)]",0,6.43
speedrunner,meatboy,10,Saw,4,0,275.24,0.442,"[(73.0, 653.0), (120.3, 655.1), (200.3, 650.4), (280.3, 659.3), (360.3, 659.0), (440.3, 659.9), (520.3, 624.3), (599.0, 582.7), (599.0, 573.3), (588.7, 571.1), (506.5, 561.7)]",0,1.4
speedrunner,meatboy,10,Stuck,2,0,145.7,0.961,"[(73.0, 653.0), (120.3, 655.1), (200.3, 650.4), (280.3, 659.3), (360.3, 659.0), (440.3, 659.9), (520.3, 659.3), (600.3, 659.0), (680.3, 659.9), (760.3, 659.3), (840.3, 659.0), (920.3, 659.9), (1000.3, 659.3), (1015.0, 659.0), (1015.0, 659.9), (1015.0, 659.3), (1015.0, 659.0), (1015.0, 659.9), (1015.0, 659.3), (1015.0, 659.0), (1015.0, 659.9), (1015.0, 659.3), (1015.0, 659.0), (1015.0, 659.9), (1015.0, 659.3), (1015.0, 659.0), (1015.0, 659.9), (1015.0, 659.3), (1015.0, 659.0), (1015.0, 659.9), (1015.0, 659.3), (1015.0, 659.0), (1015.0, 659.9), (1015.0, 659.3), (1015.0, 659.0), (1015.0, 659.9), (1015.0, 659.3), (1015.0, 659.0), (1015.0, 659.9), (1015.0, 659.3), (1015.0, 659.0), (1015.0, 659.9), (1015.0, 659.3), (1015.0, 659.0), (1015.0, 659.9), (1015.0, 659.3), (1015.0, 659.0), (1015.0, 659.9), (1015.0, 659.3)]",0,6.43
speedrunner,meatboy,10,Stuck,6,0,144.99,0.961,"[(73.0, 653.0), (120.3, 655.1), (200.3, 650.4), (280.3, 659.3), (360.3, 659.0), (440.3, 618.1), (520.3, 578.8), (600.3, 558.4), (680.3, 556.8), (757.8, 556.2), (837.8, 526.8), (917.8, 544.4), (983.0, 580.3), (983.0, 620.0), (984.3, 660.0), (1015.0, 655.9), (1015.0, 659.9), (1015.0, 659.3), (1015.0, 659.0), (1015.0, 659.9), (1015.0, 659.3), (1015.0, 659.0), (1015.0, 659.9), (1015.0, 659.3), (1015.0, 659.0), (1015.0, 659.9), (1015.0, 659.3), (1015.0, 659.0), (1015.0, 659.9), (1015.0, 659.3), (1015.0, 659.0), (1015.0, 659.9), (1015.0, 659.3), (1015.0, 659.0), (1015.0, 659.9), (1015.0, 659.3), (1015.0, 659.0), (1015.0, 659.9), (1015.0, 659.3), (1015.0, 659.0), (1015.0, 659.9), (1015.0, 659.3), (1015.0, 659.0), (1015.0, 659.9), (1015.0, 659.3), (1015.0, 659.0), (1015.0, 659.9), (1015.0, 659.3), (1015.0, 659.0)]",0,6.43
speedrunner,meatboy,10,Stuck,6,0,141.95,0.961,"[(73.0, 653.0), (120.3, 655.1), (200.3, 650.4), (280.3, 659.3), (360.3, 659.0), (440.3, 643.9), (520.3, 595.2), (599.0, 565.4), (636.3, 556.0), (716.3, 563.0), (796.3, 529.2), (876.3, 533.2), (956.3, 560.3), (983.0, 600.2), (983.0, 639.8), (1003.0, 654.8), (1015.0, 659.3), (1015.0, 659.0), (1015.0, 659.9), (1015.0, 659.3), (1015.0, 659.0), (1015.0, 659.9), (1015.0, 659.3), (1015.0, 659.0), (1015.0, 659.9), (1015.0, 659.3), (1015.0, 659.0), (1015.0, 659.9), (1015.0, 659.3), (1015.0, 659.0), (1015.0, 659.9), (1015.0, 659.3), (1015.0, 659.0), (1015.0, 659.9), (1015.0, 659.3), (1015.0, 659.0), (1015.0, 659.9), (1015.0, 659.3), (1015.0, 659.0), (1015.0, 659.9), (1015.0, 659.3), (1015.0, 659.0), (1015.0, 659.9), (1015.0, 659.3), (1015.0, 659.0), (1015.0, 659.9), (1015.0, 659.3), (1015.0, 659.0), (1015.0, 659.9)]",0,6.5
speedrunner,meatboy,10,Stuck,4,0,145.39,0.961,"[(73.0, 653.0), (120.3, 655.1), (200.3, 650.4), (280.3, 659.3), (360.3, 659.0), (440.3, 618.1), (520.3, 578.8), (600.3, 558.4), (680.3, 556.8), (760.3, 556.2), (840.3, 526.8), (920.3, 544.4), (983.0, 580.3), (983.0, 620.0), (984.3, 660.0), (1015.0, 659.3), (1015.0, 659.0), (1015.0, 659.9), (1015.0, 659.3), (1015.0, 659.0), (1015.0, 659.9), (1015.0, 659.3), (1015.0, 659.0), (1015.0, 659.9), (1015.0, 659.3), (1015.0, 659.0), (1015.0, 659.9), (1015.0, 659.3), (1015.0, 659.0), (1015.0, 659.9), (1015.0, 659.3), (1015.0, 659.0), (1015.0, 659.9), (1015.0, 659.3), (1015.0, 659.0), (1015.0, 659.9), (1015.0, 659.3), (1015.0, 659.0), (1015.0, 659.9), (1015.0, 659.3), (1015.0, 659.0), (1015.0, 659.9), (1015.0, 659.3), (1015.0, 659.0), (1015.0, 659.9), (1015.0, 659.3), (1015.0, 659.0), (1015.0, 659.9), (1015.0, 659.3)]",0,6.43
speedrunner,meatboy,10,Stuck,5,0,145.39,0.961,"[(73.0, 653.0), (120.3, 655.1), (200.3, 650.4), (280.3, 659.3), (360.3, 659.0), (440.3, 618.1), (520.3, 578.8), (600.3, 558.4), (680.3, 556.8), (760.3, 556.2), (840.3, 526.8), (920.3, 544.4), (983.0, 580.3), (983.0, 620.0), (984.3, 660.0), (1015.0, 659.0), (1015.0, 659.9), (1015.0, 659.3), (1015.0, 659.0), (1015.0, 659.9), (1015.0, 659.3), (1015.0, 659.0), (1015.0, 659.9), (1015.0, 659.3), (1015.0, 659.0), (1015.0, 659.9), (1015.0, 659.3), (1015.0, 659.0), (1015.0, 659.9), (1015.0, 659.3), (1015.0, 659.0), (1015.0, 659.9), (1015.0, 659.3), (1015.0, 659.0), (1015.0, 659.9), (1015.0, 659.3), (1015.0, 659.0), (1015.0, 659.9), (1015.0, 659.3), (1015.0, 659.0), (1015.0, 659.9), (1015.0, 659.3), (1015.0, 659.0), (1015.0, 659.9), (1015.0, 659.3), (1015.0, 659.0), (1015.0, 659.9), (1015.0, 659.3), (1015.0, 659.0)]",0,6.43
speedrunner,meatboy,10,Stuck,7,0,129.84,0.961,"[(73.0, 653.0), (120.3, 655.1), (200.3, 650.4), (280.3, 659.3), (360.3, 659.0), (440.3, 659.9), (520.3, 651.3), (599.0, 600.2), (528.0, 579.9), (504.0, 584.6), (562.0, 608.2), (642.0, 650.6), (722.0, 659.0), (802.0, 659.9), (882.0, 659.3), (962.0, 617.2), (983.0, 577.9), (983.0, 557.5), (983.0, 555.9), (983.0, 573.2), (983.0, 608.4), (983.0, 648.1), (1015.0, 655.9), (1015.0, 659.9), (1015.0, 659.3), (1015.0, 659.0), (1015.0, 659.9), (1015.0, 659.3), (1015.0, 659.0), (1015.0, 659.9), (1015.0, 659.3), (1015.0, 659.0), (1015.0, 659.9), (1015.0, 659.3), (1015.0, 659.0), (1015.0, 659.9), (1015.0, 659.3), (1015.0, 659.0), (1015.0, 659.9), (1015.0, 659.3), (1015.0, 659.0), (1015.0, 659.9), (1015.0, 659.3), (1015.0, 659.0), (1015.0, 659.9), (1015.0, 659.3), (1015.0, 659.0), (1015.0, 659.9), (1015.0, 659.3), (1015.0, 659.0), (1015.0, 659.9), (1015.0, 659.3), (1015.0, 659.0), (1015.0, 659.9)]",0,7.15
speedrunner,meatboy,10,Stuck,32,0,145.39,0.961,"[(73.0, 653.0), (120.3, 655.1), (200.3, 650.4), (280.3, 659.3), (360.3, 659.0), (440.3, 618.1), (520.3, 578.8), (600.3, 558.4), (680.3, 556.8), (760.3, 556.2), (840.3, 526.8), (920.3, 544.4), (983.0, 580.3), (983.0, 620.0), (984.3, 660.0), (1015.0, 659.0), (1015.0, 657.4), (1015.0, 654.8), (1015.0, 653.3), (1015.0, 659.9), (1015.0, 659.0), (1015.0, 657.4), (1015.0, 654.8), (1015.0, 653.3), (1015.0, 659.9), (1015.0, 659.0), (1015.0, 657.4), (1015.0, 654.8), (1015.0, 653.3), (1015.0, 659.9), (1015.0, 659.0), (1015.0, 657.4), (1015.0, 654.8), (1015.0, 653.3), (1015.0, 659.9), (1015.0, 659.0), (1015.0, 657.4), (1015.0, 654.8), (1015.0, 653.3), (1015.0, 659.9), (1015.0, 659.0), (1015.0, 657.4), (1015.0, 654.8), (1015.0, 653.3), (1015.0, 659.9), (1015.0, 659.0), (1015.0, 657.4), (1015.0, 654.8), (1015.0, 653.3)]",0,6.43
speedrunner,meatboy,10,Saw,3,0,543.33,0.378,"[(73.0, 653.0), (120.3, 655.1), (200.3, 650.4), (280.3, 651.3), (360.3, 600.2)]",0,0.6
speedrunner,meatboy,10,Stuck,5,0,146.53,0.961,"[(73.0, 653.0), (120.3, 655.1), (200.3, 650.4), (280.3, 659.3), (360.3, 659.0), (440.3, 618.1), (520.3, 578.8), (600.3, 558.4), (680.3, 556.8), (760.3, 540.8), (840.3, 529.4), (920.3, 551.8), (983.0, 591.8), (983.0, 631.5), (991.0, 653.3), (1015.0, 659.9), (1015.0, 659.3), (1015.0, 659.0), (1015.0, 659.9), (1015.0, 659.3), (1015.0, 659.0), (1015.0, 659.9), (1015.0, 659.3), (1015.0, 659.0), (1015.0, 659.9), (1015.0, 659.3), (1015.0, 659.0), (1015.0, 659.9), (1015.0, 659.3), (1015.0, 659.0), (1015.0, 659.9), (1015.0, 659.3), (1015.0, 659.0), (1015.0, 659.9), (1015.0, 659.3), (1015.0, 659.0), (1015.0, 659.9), (1015.0, 659.3), (1015.0, 659.0), (1015.0, 659.9), (1015.0, 659.3), (1015.0, 659.0), (1015.0, 659.9), (1015.0, 659.3), (1015.0, 659.0), (1015.0, 659.9), (1015.0, 659.3), (1015.0, 659.0)]",0,6.38
speedrunner,meatboy,10,Stuck,4,0,145.39,0.961,"[(73.0, 653.0), (120.3, 659.3), (200.3, 621.9), (280.3, 637.2), (360.3, 659.9), (440.3, 624.3), (520.3, 582.7), (600.3, 559.9), (680.3, 556.0), (760.3, 547.9), (840.3, 527.9), (920.3, 548.0), (983.0, 585.9), (983.0, 625.6), (987.0, 659.3), (1015.0, 659.0), (1015.0, 659.9), (1015.0, 659.3), (1015.0, 659.0), (1015.0, 659.9), (1015.0, 659.3), (1015.0, 659.0), (1015.0, 659.9), (1015.0, 659.3), (1015.0, 659.0), (1015.0, 659.9), (1015.0, 659.3), (1015.0, 659.0), (1015.0, 659.9), (1015.0, 659.3), (1015.0, 659.0), (1015.0, 659.9), (1015.0, 659.3), (1015.0, 659.0), (1015.0, 659.9), (1015.0, 659.3), (1015.0, 659.0), (1015.0, 659.9), (1015.0, 659.3), (1015.0, 659.0), (1015.0, 659.9), (1015.0, 659.3), (1015.0, 659.0), (1015.0, 659.9), (1015.0, 659.3), (1015.0, 659.0), (1015.0, 659.9), (1015.0, 659.3), (1015.0, 659.0)]",0,6.43
speedrunner,meatboy,10,Stuck,2,0,145.7,0.961,"[(73.0, 653.0), (120.3, 655.1), (200.3, 650.4), (280.3, 659.3), (360.3, 659.0), (440.3, 659.9), (520.3, 659.3), (600.3, 659.0), (680.3, 659.9), (760.3, 659.3), (840.3, 659.0), (920.3, 659.9), (1000.3, 659.3), (1015.0, 659.0), (1015.0, 659.9), (1015.0, 659.3), (1015.0, 659.0), (1015.0, 659.9), (1015.0, 659.3), (1015.0, 659.0), (1015.0, 659.9), (1015.0, 659.3), (1015.0, 659.0), (1015.0, 659.9), (1015.0, 659.3), (1015.0, 659.0), (1015.0, 659.9), (1015.0, 659.3), (1015.0, 659.0), (1015.0, 659.9), (1015.0, 659.3), (1015.0, 659.0), (1015.0, 659.9), (1015.0, 659.3), (1015.0, 659.0), (1015.0, 659.9), (1015.0, 659.3), (1015.0, 659.0), (1015.0, 659.9), (1015.0, 659.3), (1015.0, 659.0), (1015.0, 659.9), (1015.0, 659.3), (1015.0, 659.0), (1015.0, 659.9), (1015.0, 659.3), (1015.0, 659.0), (1015.0, 659.9), (1015.0, 659.3)]",0,6.43
speedrunner,meatboy,10,Stuck,4,0,145.39,0.961,"[(73.0, 653.0), (120.3, 659.3), (200.3, 621.9), (280.3, 637.2), (360.3, 659.9), (440.3, 624.3), (520.3, 582.7), (600.3, 559.9), (680.3, 556.0), (760.3, 547.9), (840.3, 527.9), (920.3, 548.0), (983.0, 585.9), (983.0, 625.6), (987.0, 659.3), (1015.0, 659.0), (1015.0, 659.9), (1015.0, 659.3), (1015.0, 659.0), (1015.0, 659.9), (1015.0, 659.3), (1015.0, 659.0), (1015.0, 659.9), (1015.0, 659.3), (1015.0, 659.0), (1015.0, 659.9), (1015.0, 659.3), (1015.0, 659.0), (1015.0, 659.9), (1015.0, 659.3), (1015.0, 659.0), (1015.0, 659.9), (1015.0, 659.3), (1015.0, 659.0), (1015.0, 659.9), (1015.0, 659.3), (1015.0, 659.0), (1015.0, 659.9), (1015.0, 659.3), (1015.0, 659.0), (1015.0, 659.9), (1015.0, 659.3), (1015.0, 659.0), (1015.0, 659.9), (1015.0, 659.3), (1015.0, 659.0), (1015.0, 659.9), (1015.0, 659.3), (1015.0, 659.0)]",0,6.43
speedrunner,meatboy,10,Stuck,32,0,145.39,0.961,"[(73.0, 653.0), (120.3, 655.1), (200.3, 650.4), (280.3, 659.3), (360.3, 659.0), (440.3, 618.1), (520.3, 578.8), (600.3, 558.4), (680.3, 556.8), (760.3, 556.2), (840.3, 526.8), (920.3, 544.4), (983.0, 580.3), (983.0, 620.0), (984.3, 660.0), (1015.0, 659.0), (1015.0, 657.4), (1015.0, 654.8), (1015.0, 653.3), (1015.0, 659.9), (1015.0, 659.0), (1015.0, 657.4), (1015.0, 654.8), (1015.0, 653.3), (1015.0, 659.9), (1015.0, 659.0), (1015.0, 657.4), (1015.0, 654.8), (1015.0, 653.3), (1015.0, 659.9), (1015.0, 659.0), (1015.0, 657.4), (1015.0, 654.8), (1015.0, 653.3), (1015.0, 659.9), (1015.0, 659.0), (1015.0, 657.4), (1015.0, 654.8), (1015.0, 653.3), (1015.0, 659.9), (1015.0, 659.0), (1015.0, 657.4), (1015.0, 654.8), (1015.0, 653.3), (1015.0, 659.9), (1015.0, 659.0), (1015.0, 657.4), (1015.0, 654.8), (1015.0, 653.3)]",0,6.43
speedrunner,meatboy,10,Stuck,5,0,145.39,0.961,"[(73.0, 653.0), (120.3, 655.1), (200.3, 650.4), (280.3, 659.3), (360.3, 659.0), (440.3, 618.1), (520.3, 578.8), (600.3, 558.4), (680.3, 556.8), (760.3, 556.2), (840.3, 526.8), (920.3, 544.4), (983.0, 580.3), (983.0, 620.0), (984.3, 660.0), (1015.0, 659.0), (1015.0, 659.9), (1015.0, 659.3), (1015.0, 659.0), (1015.0, 659.9), (1015.0, 659.3), (1015.0, 659.0), (1015.0, 659.9), (1015.0, 659.3), (1015.0, 659.0), (1015.0, 659.9), (1015.0, 659.3), (1015.0, 659.0), (1015.0, 659.9), (1015.0, 659.3), (1015.0, 659.0), (1015.0, 659.9), (1015.0, 659.3), (1015.0, 659.0), (1015.0, 659.9), (1015.0, 659.3), (1015.0, 659.0), (1015.0, 659.9), (1015.0, 659.3), (1015.0, 659.0), (1015.0, 659.9), (1015.0, 659.3), (1015.0, 659.0), (1015.0, 659.9), (1015.0, 659.3), (1015.0, 659.0), (1015.0, 659.9), (1015.0, 659.3), (1015.0, 659.0)]",0,6.43
speedrunner,meatboy,10,Stuck,4,0,145.39,0.961,"[(73.0, 653.0), (120.3, 655.1), (200.3, 650.4), (280.3, 659.3), (360.3, 659.0), (440.3, 618.1), (520.3, 578.8), (600.3, 558.4), (680.3, 556.8), (760.3, 556.2), (840.3, 526.8), (920.3, 544.4), (983.0, 580.3), (983.0, 620.0), (984.3, 660.0), (1015.0, 659.3), (1015.0, 659.0), (1015.0, 659.9), (1015.0, 659.3), (1015.0, 659.0), (1015.0, 659.9), (1015.0, 659.3), (1015.0, 659.0), (1015.0, 659.9), (1015.0, 659.3), (1015.0, 659.0), (1015.0, 659.9), (1015.0, 659.3), (1015.0, 659.0), (1015.0, 659.9), (1015.0, 659.3), (1015.0, 659.0), (1015.0, 659.9), (1015.0, 659.3), (1015.0, 659.0), (1015.0, 659.9), (1015.0, 659.3), (1015.0, 659.0), (1015.0, 659.9), (1015.0, 659.3), (1015.0, 659.0), (1015.0, 659.9), (1015.0, 659.3), (1015.0, 659.0), (1015.0, 659.9), (1015.0, 659.3), (1015.0, 659.0), (1015.0, 659.9), (1015.0, 659.3)]",0,6.43
speedrunner,meatboy,10,Stuck,9,0,130.1,0.961,"[(73.0, 653.0), (120.3, 655.1), (200.3, 650.4), (280.3, 659.3), (360.3, 659.0), (440.3, 659.9), (520.3, 624.3), (599.0, 582.7), (599.0, 573.3), (599.0, 582.7), (561.7, 611.0), (535.0, 658.1), (591.0, 649.7), (671.0, 656.8), (751.0, 659.0), (831.0, 659.9), (911.0, 629.9), (983.0, 586.0), (983.0, 560.8), (983.0, 554.5), (983.0, 567.1), (983.0, 598.5), (983.0, 638.2), (999.7, 659.0), (1006.8, 653.0), (1015.0, 659.3), (1015.0, 659.0), (1015.0, 659.9), (1015.0, 659.3), (1015.0, 659.0), (1015.0, 659.9), (1015.0, 659.3), (1015.0, 659.0), (1015.0, 659.9), (1015.0, 659.3), (1015.0, 659.0), (1015.0, 659.9), (1015.0, 659.3), (1015.0, 659.0), (1015.0, 659.9), (1015.0, 659.3), (1015.0, 659.0), (1015.0, 659.9), (1015.0, 659.3), (1015.0, 659.0), (1015.0, 659.9), (1015.0, 659.3), (1015.0, 659.0), (1015.0, 659.9), (1015.0, 659.3), (1015.0, 659.0), (1015.0, 659.9), (1015.0, 659.3), (1015.0, 659.0)]",0,7.12
speedrunner,meatboy,10,Stuck,2,0,145.4,0.961,"[(73.0, 653.0), (120.3, 651.3), (200.3, 622.8), (280.3, 640.4), (360.3, 659.0), (440.3, 659.9), (520.3, 659.3), (600.3, 659.0), (680.3, 659.9), (760.3, 659.3), (840.3, 659.0), (920.3, 659.9), (1000.3, 659.3), (1015.0, 659.0), (1015.0, 659.9), (1015.0, 659.3), (1015.0, 659.0), (1015.0, 659.9), (1015.0, 659.3), (1015.0, 659.0), (1015.0, 659.9), (1015.0, 659.3), (1015.0, 659.0), (1015.0, 659.9), (1015.0, 659.3), (1015.0, 659.0), (1015.0, 659.9), (1015.0, 659.3), (1015.0, 659.0), (1015.0, 659.9), (1015.0, 659.3), (1015.0, 659.0), (1015.0, 659.9), (1015.0, 659.3), (1015.0, 659.0), (1015.0, 659.9), (1015.0, 659.3), (1015.0, 659.0), (1015.0, 659.9), (1015.0, 659.3), (1015.0, 659.0), (1015.0, 659.9), (1015.0, 659.3), (1015.0, 659.0), (1015.0, 659.9), (1015.0, 659.3), (1015.0, 659.0), (1015.0, 659.9), (1015.0, 659.3)]",0,6.43
speedrunner,meatboy,10,Stuck,5,0,145.7,0.961,"[(73.0, 653.0), (120.3, 655.1), (200.3, 650.4), (280.3, 659.3), (360.3, 659.0), (440.3, 630.2), (520.3, 586.3), (600.3, 561.1), (680.3, 554.8), (760.3, 567.4), (840.3, 598.8), (920.3, 649.0), (1000.3, 659.0), (1015.0, 659.9), (1015.0, 659.3), (1015.0, 659.0), (1015.0, 659.9), (1015.0, 659.3), (1015.0, 659.0), (1015.0, 659.9), (1015.0, 659.3), (1015.0, 659.0), (1015.0, 659.9), (1015.0, 659.3), (1015.0, 659.0), (1015.0, 659.9), (1015.0, 659.3), (1015.0, 659.0), (1015.0, 659.9), (1015.0, 659.3), (1015.0, 659.0), (1015.0, 659.9), (1015.0, 659.3), (1015.0, 659.0), (1015.0, 659.9), (1015.0, 659.3), (1015.0, 659.0), (1015.0, 659.9), (1015.0, 659.3), (1015.0, 659.0), (1015.0, 659.9), (1015.0, 659.3), (1015.0, 659.0), (1015.0, 659.9), (1015.0, 659.3), (1015.0, 659.0), (1015.0, 659.9), (1015.0, 659.3), (1015.0, 659.0)]",0,6.43
speedrunner,meatboy,10,Stuck,8,0,132.57,0.961,"[(73.0, 653.0), (120.3, 655.1), (200.3, 650.4), (280.3, 659.3), (360.3, 659.0), (440.3, 659.9), (520.3, 624.3), (599.0, 582.7), (599.0, 573.3), (596.3, 582.7), (597.7, 611.0), (619.0, 655.0), (696.3, 659.3), (776.3, 659.0), (856.3, 659.9), (936.3, 617.5), (983.0, 578.2), (983.0, 557.8), (983.0, 556.2), (983.0, 573.5), (983.0, 608.7), (983.0, 648.4), (1015.0, 655.9), (1015.0, 659.9), (1015.0, 659.3), (1015.0, 659.0), (1015.0, 659.9), (1015.0, 659.3), (1015.0, 659.0), (1015.0, 659.9), (1015.0, 659.3), (1015.0, 659.0), (1015.0, 659.9), (1015.0, 659.3), (1015.0, 659.0), (1015.0, 659.9), (1015.0, 659.3), (1015.0, 659.0), (1015.0, 659.9), (1015.0, 659.3), (1015.0, 659.0), (1015.0, 659.9), (1015.0, 659.3), (1015.0, 659.0), (1015.0, 659.9), (1015.0, 659.3), (1015.0, 659.0), (1015.0, 659.9), (1015.0, 659.3), (1015.0, 659.0), (1015.0, 659.9), (1015.0, 659.3), (1015.0, 659.0)]",0,6.95
speedrunner,meatboy,10,Stuck,1,0,145.4,0.961,"[(73.0, 653.0), (120.3, 644.1), (200.3, 623.9), (280.3, 644.0), (360.3, 659.3), (440.3, 659.0), (520.3, 659.9), (600.3, 659.3), (680.3, 659.0), (760.3, 659.9), (840.3, 659.3), (920.3, 659.0), (1000.3, 659.9), (1015.0, 659.3), (1015.0, 659.0), (1015.0, 659.9), (1015.0, 659.3), (1015.0, 659.0), (1015.0, 659.9), (1015.0, 659.3), (1015.0, 659.0), (1015.0, 659.9), (1015.0, 659.3), (1015.0, 659.0), (1015.0, 659.9), (1015.0, 659.3), (1015.0, 659.0), (1015.0, 659.9), (1015.0, 659.3), (1015.0, 659.0), (1015.0, 659.9), (1015.0, 659.3), (1015.0, 659.0), (1015.0, 659.9), (1015.0, 659.3), (1015.0, 659.0), (1015.0, 659.9), (1015.0, 659.3), (1015.0, 659.0), (1015.0, 659.9), (1015.0, 659.3), (1015.0, 659.0), (1015.0, 659.9), (1015.0, 659.3), (1015.0, 659.0), (1015.0, 659.9), (1015.0, 659.3), (1015.0, 659.0), (1015.0, 659.9)]",0,6.43
speedrunner,meatboy,10,Stuck,7,0,138.28,0.961,"[(73.0, 653.0), (120.3, 655.1), (200.3, 650.4), (280.3, 659.3), (360.3, 659.0), (440.3, 659.9), (520.3, 659.3), (600.3, 636.8), (680.3, 625.4), (760.3, 647.8), (840.3, 659.9), (920.3, 659.3), (983.0, 636.8), (983.0, 590.4), (983.0, 562.9), (983.0, 554.3), (983.0, 564.5), (983.0, 593.5), (983.0, 633.2), (921.0, 625.7), (886.3, 628.1), (936.0, 649.3), (1016.0, 653.9), (1015.0, 659.0), (1015.0, 659.9), (1015.0, 659.3), (1015.0, 659.0), (1015.0, 659.9), (1015.0, 659.3), (1015.0, 659.0), (1015.0, 659.9), (1015.0, 659.3), (1015.0, 659.0), (1015.0, 659.9), (1015.0, 659.3), (1015.0, 659.0), (1015.0, 659.9), (1015.0, 659.3), (1015.0, 659.0), (1015.0, 659.9), (1015.0, 659.3), (1015.0, 659.0), (1015.0, 659.9), (1015.0, 659.3), (1015.0, 659.0), (1015.0, 659.9), (1015.0, 659.3), (1015.0, 659.0), (1015.0, 659.9), (1015.0, 659.3), (1015.0, 659.0), (1015.0, 659.9)]",0,6.8
speedrunner,meatboy,10,Stuck,4,0,145.39,0.961,"[(73.0, 653.0), (120.3, 655.1), (200.3, 650.4), (280.3, 659.3), (360.3, 659.0), (440.3, 618.1), (520.3, 578.8), (600.3, 558.4), (680.3, 556.8), (760.3, 556.2), (840.3, 526.8), (920.3, 544.4), (983.0, 580.3), (983.0, 620.0), (984.3, 660.0), (1015.0, 659.3), (1015.0, 659.0), (1015.0, 659.9), (1015.0, 659.3), (1015.0, 659.0), (1015.0, 659.9), (1015.0, 659.3), (1015.0, 659.0), (1015.0, 659.9), (1015.0, 659.3), (1015.0, 659.0), (1015.0, 659.9), (1015.0, 659.3), (1015.0, 659.0), (1015.0, 659.9), (1015.0, 659.3), (1015.0, 659.0), (1015.0, 659.9), (1015.0, 659.3), (1015.0, 659.0), (1015.0, 659.9), (1015.0, 659.3), (1015.0, 659.0), (1015.0, 659.9), (1015.0, 659.3), (1015.0, 659.0), (1015.0, 659.9), (1015.0, 659.3), (1015.0, 659.0), (1015.0, 659.9), (1015.0, 659.3), (1015.0, 659.0), (1015.0, 659.9), (1015.0, 659.3)]",0,6.43
speedrunner,meatboy,10,Stuck,5,0,145.39,0.961,"[(73.0, 653.0), (120.3, 655.1), (200.3, 650.4), (280.3, 659.3), (360.3, 659.0), (440.3, 618.1), (520.3, 578.8), (600.3, 558.4), (680.3, 556.8), (760.3, 556.2), (840.3, 526.8), (920.3, 544.4), (983.0, 580.3), (983.0, 620.0), (984.3, 660.0), (1015.0, 659.0), (1015.0, 659.9), (1015.0, 659.3), (1015.0, 659.0), (1015.0, 659.9), (1015.0, 659.3), (1015.0, 659.0), (1015.0, 659.9), (1015.0, 659.3), (1015.0, 659.0), (1015.0, 659.9), (1015.0, 659.3), (1015.0, 659.0), (1015.0, 659.9), (1015.0, 659.3), (1015.0, 659.0), (1015.0, 659.9), (1015.0, 659.3), (1015.0, 659.0), (1015.0, 659.9), (1015.0, 659.3), (1015.0, 659.0), (1015.0, 659.9), (1015.0, 659.3), (1015.0, 659.0), (1015.0, 659.9), (1015.0, 659.3), (1015.0, 659.0), (1015.0, 659.9), (1015.0, 659.3), (1015.0, 659.0), (1015.0, 659.9), (1015.0, 659.3), (1015.0, 659.0)]",0,6.43
speedrunner,meatboy,10,Stuck,32,0,145.39,0.961,"[(73.0, 653.0), (120.3, 655.1), (200.3, 650.4), (280.3, 659.3), (360.3, 659.0), (440.3, 618.1), (520.3, 578.8), (600.3, 558.4), (680.3, 556.8), (760.3, 556.2), (840.3, 526.8), (920.3, 544.4), (983.0, 580.3), (983.0, 620.0), (984.3, 660.0), (1015.0, 659.0), (1015.0, 657.4), (1015.0, 654.8), (1015.0, 653.3), (1015.0, 659.9), (1015.0, 659.0), (1015.0, 657.4), (1015.0, 654.8), (1015.0, 653.3), (1015.0, 659.9), (1015.0, 659.0), (1015.0, 657.4), (1015.0, 654.8), (1015.0, 653.3), (1015.0, 659.9), (1015.0, 659.0), (1015.0, 657.4), (1015.0, 654.8), (1015.0, 653.3), (1015.0, 659.9), (1015.0, 659.0), (1015.0, 657.4), (1015.0, 654.8), (1015.0, 653.3), (1015.0, 659.9), (1015.0, 659.0), (1015.0, 657.4), (1015.0, 654.8), (1015.0, 653.3), (1015.0, 659.9), (1015.0, 659.0), (1015.0, 657.4), (1015.0, 654.8), (1015.0, 653.3)]",0,6.43
speedrunner,meatboy,10,Stuck,4,0,145.39,0.961,"[(73.0, 653.0), (120.3, 659.3), (200.3, 621.9), (280.3, 637.2), (360.3, 659.9), (440.3, 624.3), (520.3, 582.7), (600.3, 559.9), (680.3, 556.0), (760.3, 547.9), (840.3, 527.9), (920.3, 548.0), (983.0, 585.9), (983.0, 625.6), (987.0, 659.3), (1015.0, 659.0), (1015.0, 659.9), (1015.0, 659.3), (1015.0, 659.0), (1015.0, 659.9), (1015.0, 659.3), (1015.0, 659.0), (1015.0, 659.9), (1015.0, 659.3), (1015.0, 659.0), (1015.0, 659.9), (1015.0, 659.3), (1015.0, 659.0), (1015.0, 659.9), (1015.0, 659.3), (1015.0, 659.0), (1015.0, 659.9), (1015.0, 659.3), (1015.0, 659.0), (1015.0, 659.9), (1015.0, 659.3), (1015.0, 659.0), (1015.0, 659.9), (1015.0, 659.3), (1015.0, 659.0), (1015.0, 659.9), (1015.0, 659.3), (1015.0, 659.0), (1015.0, 659.9), (1015.0, 659.3), (1015.0, 659.0), (1015.0, 659.9), (1015.0, 659.3), (1015.0, 659.0)]",0,6.43
speedrunner,meatboy,10,Stuck,7,0,126.76,0.961,"[(73.0, 653.0), (120.3, 655.1), (200.3, 650.4), (280.3, 659.3), (360.3, 659.0), (440.3, 659.9), (520.3, 651.3), (599.0, 600.2), (599.0, 574.7), (599.0, 574.8), (570.2, 593.6), (510.2, 631.3), (520.9, 653.3), (596.9, 650.9), (676.9, 659.9), (756.9, 659.3), (836.9, 659.0), (916.9, 643.9), (983.0, 595.2), (983.0, 565.4), (983.0, 554.4), (983.0, 562.2), (983.0, 588.9), (983.0, 628.3), (991.0, 653.0), (1015.0, 659.3), (1015.0, 659.0), (1015.0, 659.9), (1015.0, 659.3), (1015.0, 659.0), (1015.0, 659.9), (1015.0, 659.3), (1015.0, 659.0), (1015.0, 659.9), (1015.0, 659.3), (1015.0, 659.0), (1015.0, 659.9), (1015.0, 659.3), (1015.0, 659.0), (1015.0, 659.9), (1015.0, 659.3), (1015.0, 659.0), (1015.0, 659.9), (1015.0, 659.3), (1015.0, 659.0), (1015.0, 659.9), (1015.0, 659.3), (1015.0, 659.0), (1015.0, 659.9), (1015.0, 659.3), (1015.0, 659.0), (1015.0, 659.9), (1015.0, 659.3), (1015.0, 659.0), (1015.0, 659.9)]",0,7.28
speedrunner,meatboy,10,Saw,4,0,265.75,0.442,"[(73.0, 653.0), (120.3, 655.1), (200.3, 650.4), (280.3, 659.3), (360.3, 659.0), (440.3, 659.9), (520.3, 651.3), (599.0, 600.2), (599.0, 585.9), (599.0, 593.0), (537.0, 580.3)]",0,1.45
speedrunner,meatboy,10,Stuck,5,0,144.19,0.961,"[(73.0, 653.0), (120.3, 655.1), (200.3, 650.4), (280.3, 659.3), (360.3, 659.0), (440.3, 623.4), (520.3, 581.8), (600.3, 559.0), (680.3, 555.1), (755.0, 563.9), (835.0, 525.9), (915.0, 541.2), (983.0, 575.0), (983.0, 614.7), (983.0, 654.4), (1015.0, 659.2), (1015.0, 659.3), (1015.0, 659.0), (1015.0, 659.9), (1015.0, 659.3), (1015.0, 659.0), (1015.0, 659.9), (1015.0, 659.3), (1015.0, 659.0), (1015.0, 659.9), (1015.0, 659.3), (1015.0, 659.0), (1015.0, 659.9), (1015.0, 659.3), (1015.0, 659.0), (1015.0, 659.9), (1015.0, 659.3), (1015.0, 659.0), (1015.0, 659.9), (1015.0, 659.3), (1015.0, 659.0), (1015.0, 659.9), (1015.0, 659.3), (1015.0, 659.0), (1015.0, 659.9), (1015.0, 659.3), (1015.0, 659.0), (1015.0, 659.9), (1015.0, 659.3), (1015.0, 659.0), (1015.0, 659.9), (1015.0, 659.3), (1015.0, 659.0), (1015.0, 659.9)]",0,6.45
speedrunner,meatboy,10,Stuck,8,0,145.54,0.961,"[(73.0, 653.0), (120.3, 655.1), (200.3, 650.4), (280.3, 659.3), (360.3, 659.0), (440.3, 623.4), (520.3, 581.8), (600.3, 559.0), (680.3, 555.1), (760.3, 555.6), (840.3, 526.8), (920.3, 544.4), (983.0, 580.3), (962.3, 598.5), (882.0, 591.5), (802.0, 603.3), (750.0, 633.9), (782.0, 653.3), (862.0, 650.9), (942.0, 659.9), (1015.0, 659.3), (1015.0, 659.0), (1015.0, 659.9), (1015.0, 659.3), (1015.0, 659.0), (1015.0, 659.9), (1015.0, 659.3), (1015.0, 659.0), (1015.0, 659.9), (1015.0, 659.3), (1015.0, 659.0), (1015.0, 659.9), (1015.0, 659.3), (1015.0, 659.0), (1015.0, 659.9), (1015.0, 659.3), (1015.0, 659.0), (1015.0, 659.9), (1015.0, 659.3), (1015.0, 659.0), (1015.0, 659.9), (1015.0, 659.3), (1015.0, 659.0), (1015.0, 659.9), (1015.0, 659.3), (1015.0, 659.0), (1015.0, 659.9), (1015.0, 659.3), (1015.0, 659.0)]",0,6.43
speedrunner,meatboy,10,Stuck,1,0,145.7,0.961,"[(73.0, 653.0), (120.3, 659.3), (200.3, 659.0), (280.3, 659.9), (360.3, 659.3), (440.3, 659.0), (520.3, 659.9), (600.3, 659.3), (680.3, 659.0), (760.3, 659.9), (840.3, 659.3), (920.3, 659.0), (1000.3, 659.9), (1015.0, 659.3), (1015.0, 659.0), (1015.0, 659.9), (1015.0, 659.3), (1015.0, 659.0), (1015.0, 659.9), (1015.0, 659.3), (1015.0, 659.0), (1015.0, 659.9), (1015.0, 659.3), (1015.0, 659.0), (1015.0, 659.9), (1015.0, 659.3), (1015.0, 659.0), (1015.0, 659.9), (1015.0, 659.3), (1015.0, 659.0), (1015.0, 659.9), (1015.0, 659.3), (1015.0, 659.0), (1015.0, 659.9), (1015.0, 659.3), (1015.0, 659.0), (1015.0, 659.9), (1015.0, 659.3), (1015.0, 659.0), (1015.0, 659.9), (1015.0, 659.3), (1015.0, 659.0), (1015.0, 659.9), (1015.0, 659.3), (1015.0, 659.0), (1015.0, 659.9), (1015.0, 659.3), (1015.0, 659.0), (1015.0, 659.9)]",0,6.43
speedrunner,meatboy,10,Stuck,2,0,145.7,0.961,"[(73.0, 653.0), (120.3, 655.1), (200.3, 650.4), (280.3, 659.3), (360.3, 659.0), (440.3, 659.9), (520.3, 659.3), (600.3, 659.0), (680.3, 659.9), (760.3, 659.3), (840.3, 659.0), (920.3, 659.9), (1000.3, 659.3), (1015.0, 659.0), (1015.0, 659.9), (1015.0, 659.3), (1015.0, 659.0), (1015.0, 659.9), (1015.0, 659.3), (1015.0, 659.0), (1015.0, 659.9), (1015.0, 659.3), (1015.0, 659.0), (1015.0, 659.9), (1015.0, 659.3), (1015.0, 659.0), (1015.0, 659.9), (1015.0, 659.3), (1015.0, 659.0), (1015.0, 659.9), (1015.0, 659.3), (1015.0, 659.0), (1015.0, 659.9), (1015.0, 659.3), (1015.0, 659.0), (1015.0, 659.9), (1015.0, 659.3), (1015.0, 659.0), (1015.0, 659.9), (1015.0, 659.3), (1015.0, 659.0), (1015.0, 659.9), (1015.0, 659.3), (1015.0, 659.0), (1015.0, 659.9), (1015.0, 659.3), (1015.0, 659.0), (1015.0, 659.9), (1015.0, 659.3)]",0,6.43
speedrunner,meatboy,10,Stuck,8,0,145.54,0.961,"[(73.0, 653.0), (120.3, 655.1), (200.3, 650.4), (280.3, 659.3), (360.3, 659.0), (440.3, 623.4), (520.3, 581.8), (600.3, 559.0), (680.3, 555.1), (760.3, 555.6), (840.3, 526.8), (920.3, 544.4), (983.0, 580.3), (962.3, 598.5), (882.0, 591.5), (802.0, 603.3), (750.0, 633.9), (782.0, 653.3), (862.0, 650.9), (942.0, 659.9), (1015.0, 659.3), (1015.0, 659.0), (1015.0, 659.9), (1015.0, 659.3), (1015.0, 659.0), (1015.0, 659.9), (1015.0, 659.3), (1015.0, 659.0), (1015.0, 659.9), (1015.0, 659.3), (1015.0, 659.0), (1015.0, 659.9), (1015.0, 659.3), (1015.0, 659.0), (1015.0, 659.9), (1015.0, 659.3), (1015.0, 659.0), (1015.0, 659.9), (1015.0, 659.3), (1015.0, 659.0), (1015.0, 659.9), (1015.0, 659.3), (1015.0, 659.0), (1015.0, 659.9), (1015.0, 659.3), (1015.0, 659.0), (1015.0, 659.9), (1015.0, 659.3), (1015.0, 659.0)]",0,6.43
speedrunner,meatboy,10,Stuck,5,0,144.19,0.961,"[(73.0, 653.0), (120.3, 655.1), (200.3, 650.4), (280.3, 659.3), (360.3, 659.0), (440.3, 623.4), (520.3, 581.8), (600.3, 559.0), (680.3, 555.1), (755.0, 563.9), (835.0, 525.9), (915.0, 541.2), (983.0, 575.0), (983.0, 614.7), (983.0, 654.4), (1015.0, 659.2), (1015.0, 659.3), (1015.0, 659.0), (1015.0, 659.9), (1015.0, 659.3), (1015.0, 659.0), (1015.0, 659.9), (1015.0, 659.3), (1015.0, 659.0), (1015.0, 659.9), (1015.0, 659.3), (1015.0, 659.0), (1015.0, 659.9), (1015.0, 659.3), (1015.0, 659.0), (1015.0, 659.9), (1015.0, 659.3), (1015.0, 659.0), (1015.0, 659.9), (1015.0, 659.3), (1015.0, 659.0), (1015.0, 659.9), (1015.0, 659.3), (1015.0, 659.0), (1015.0, 659.9), (1015.0, 659.3), (1015.0, 659.0), (1015.0, 659.9), (1015.0, 659.3), (1015.0, 659.0), (1015.0, 659.9), (1015.0, 659.3), (1015.0, 659.0), (1015.0, 659.9)]",0,6.45
speedrunner,meatboy,10,Stuck,4,0,145.39,0.961,"[(73.0, 653.0), (120.3, 659.3), (200.3, 621.9), (280.3, 637.2), (360.3, 659.9), (440.3, 624.3), (520.3, 582.7), (600.3, 559.9), (680.3, 556.0), (760.3, 547.9), (840.3, 527.9), (920.3, 548.0), (983.0, 585.9), (983.0, 625.6), (987.0, 659.3), (1015.0, 659.0), (1015.0, 659.9), (1015.0, 659.3), (1015.0, 659.0), (1015.0, 659.9), (1015.0, 659.3), (1015.0, 659.0), (1015.0, 659.9), (1015.0, 659.3), (1015.0, 659.0), (1015.0, 659.9), (1015.0, 659.3), (1015.0, 659.0), (1015.0, 659.9), (1015.0, 659.3), (1015.0, 659.0), (1015.0, 659.9), (1015.0, 659.3), (1015.0, 659.0), (1015.0, 659.9), (1015.0, 659.3), (1015.0, 659.0), (1015.0, 659.9), (1015.0, 659.3), (1015.0, 659.0), (1015.0, 659.9), (1015.0, 659.3), (1015.0, 659.0), (1015.0, 659.9), (1015.0, 659.3), (1015.0, 659.0), (1015.0, 659.9), (1015.0, 659.3), (1015.0, 659.0)]",0,6.43
speedrunner,meatboy,10,Stuck,32,0,145.39,0.961,"[(73.0, 653.0), (120.3, 655.1), (200.3, 650.4), (280.3, 659.3), (360.3, 659.0), (440.3, 618.1), (520.3, 578.8), (600.3, 558.4), (680.3, 556.8), (760.3, 556.2), (840.3, 526.8), (920.3, 544.4), (983.0, 580.3), (983.0, 620.0), (984.3, 660.0), (1015.0, 659.0), (1015.0, 657.4), (1015.0, 654.8), (1015.0, 653.3), (1015.0, 659.9), (1015.0, 659.0), (1015.0, 657.4), (1015.0, 654.8), (1015.0, 653.3), (1015.0, 659.9), (1015.0, 659.0), (1015.0, 657.4), (1015.0, 654.8), (1015.0, 653.3), (1015.0, 659.9), (1015.0, 659.0), (1015.0, 657.4), (1015.0, 654.8), (1015.0, 653.3), (1015.0, 659.9), (1015.0, 659.0), (1015.0, 657.4), (1015.0, 654.8), (1015.0, 653.3), (1015.0, 659.9), (1015.0, 659.0), (1015.0, 657.4), (1015.0, 654.8), (1015.0, 653.3), (1015.0, 659.9), (1015.0, 659.0), (1015.0, 657.4), (1015.0, 654.8), (1015.0, 653.3)]",0,6.43
speedrunner,meatboy,10,Stuck,3,0,147.47,0.961,"[(73.0, 653.0), (120.3, 659.3), (200.3, 621.9), (280.3, 637.2), (360.3, 659.9), (440.3, 629.9), (520.3, 586.0), (600.3, 560.8), (680.3, 554.5), (760.3, 567.1), (840.3, 598.5), (891.0, 648.7), (967.0, 659.0), (1015.0, 659.9), (1015.0, 659.3), (1015.0, 659.0), (1015.0, 659.9), (1015.0, 659.3), (1015.0, 659.0), (1015.0, 659.9), (1015.0, 659.3), (1015.0, 659.0), (1015.0, 659.9), (1015.0, 659.3), (1015.0, 659.0), (1015.0, 659.9), (1015.0, 659.3), (1015.0, 659.0), (1015.0, 659.9), (1015.0, 659.3), (1015.0, 659.0), (1015.0, 659.9), (1015.0, 659.3), (1015.0, 659.0), (1015.0, 659.9), (1015.0, 659.3), (1015.0, 659.0), (1015.0, 659.9), (1015.0, 659.3), (1015.0, 659.0), (1015.0, 659.9), (1015.0, 659.3), (1015.0, 659.0), (1015.0, 659.9), (1015.0, 659.3), (1015.0, 659.0), (1015.0, 659.9), (1015.0, 659.3)]",0,6.33
speedrunner,meatboy,10,Stuck,6,0,138.37,0.961,"[(73.0, 653.0), (120.3, 659.3), (200.3, 659.0), (280.3, 623.4), (360.3, 629.2), (440.3, 656.3), (520.3, 659.3), (600.3, 636.8), (680.3, 625.4), (760.3, 647.8), (840.3, 659.9), (920.3, 659.3), (983.0, 621.2), (921.0, 600.2), (886.3, 602.6), (936.0, 623.8), (984.3, 659.0), (1015.0, 653.9), (1015.0, 659.0), (1015.0, 659.9), (1015.0, 659.3), (1015.0, 659.0), (1015.0, 659.9), (1015.0, 659.3), (1015.0, 659.0), (1015.0, 659.9), (1015.0, 659.3), (1015.0, 659.0), (1015.0, 659.9), (1015.0, 659.3), (1015.0, 659.0), (1015.0, 659.9), (1015.0, 659.3), (1015.0, 659.0), (1015.0, 659.9), (1015.0, 659.3), (1015.0, 659.0), (1015.0, 659.9), (1015.0, 659.3), (1015.0, 659.0), (1015.0, 659.9), (1015.0, 659.3), (1015.0, 659.0), (1015.0, 659.9), (1015.0, 659.3), (1015.0, 659.0), (1015.0, 659.9), (1015.0, 659.3), (1015.0, 659.0), (1015.0, 659.9), (1015.0, 659.3)]",0,6.73
speedrunner,meatboy,10,Stuck,2,0,145.7,0.961,"[(73.0, 653.0), (120.3, 655.1), (200.3, 650.4), (280.3, 659.3), (360.3, 659.0), (440.3, 659.9), (520.3, 659.3), (600.3, 659.0), (680.3, 659.9), (760.3, 659.3), (840.3, 659.0), (920.3, 659.9), (1000.3, 659.3), (1015.0, 659.0), (1015.0, 659.9), (1015.0, 659.3), (1015.0, 659.0), (1015.0, 659.9), (1015.0, 659.3), (1015.0, 659.0), (1015.0, 659.9), (1015.0, 659.3), (1015.0, 659.0), (1015.0, 659.9), (1015.0, 659.3), (1015.0, 659.0), (1015.0, 659.9), (1015.0, 659.3), (1015.0, 659.0), (1015.0, 659.9), (1015.0, 659.3), (1015.0, 659.0), (1015.0, 659.9), (1015.0, 659.3), (1015.0, 659.0), (1015.0, 659.9), (1015.0, 659.3), (1015.0, 659.0), (1015.0, 659.9), (1015.0, 659.3), (1015.0, 659.0), (1015.0, 659.9), (1015.0, 659.3), (1015.0, 659.0), (1015.0, 659.9), (1015.0, 659.3), (1015.0, 659.0), (1015.0, 659.9), (1015.0, 659.3)]",0,6.43
speedrunner,meatboy,10,Stuck,4,0,145.01,0.961,"[(73.0, 653.0), (120.3, 659.3), (200.3, 659.0), (280.3, 621.0), (360.3, 631.6), (440.3, 659.0), (520.3, 659.9), (600.3, 659.3), (680.3, 659.0), (760.3, 659.9), (840.3, 651.3), (920.3, 603.4), (983.0, 596.4), (983.0, 608.2), (983.0, 638.8), (1003.0, 653.9), (1015.0, 659.0), (1015.0, 659.9), (1015.0, 659.3), (1015.0, 659.0), (1015.0, 659.9), (1015.0, 659.3), (1015.0, 659.0), (1015.0, 659.9), (1015.0, 659.3), (1015.0, 659.0), (1015.0, 659.9), (1015.0, 659.3), (1015.0, 659.0), (1015.0, 659.9), (1015.0, 659.3), (1015.0, 659.0), (1015.0, 659.9), (1015.0, 659.3), (1015.0, 659.0), (1015.0, 659.9), (1015.0, 659.3), (1015.0, 659.0), (1015.0, 659.9), (1015.0, 659.3), (1015.0, 659.0), (1015.0, 659.9), (1015.0, 659.3), (1015.0, 659.0), (1015.0, 659.9), (1015.0, 659.3), (1015.0, 659.0), (1015.0, 659.9), (1015.0, 659.3)]",0,6.45
speedrunner,meatboy,10,Saw,4,0,250.87,0.442,"[(73.0, 653.0), (120.3, 655.1), (200.3, 650.4), (280.3, 659.3), (360.3, 659.0), (440.3, 659.9), (520.3, 637.1), (599.0, 590.7), (599.0, 581.3), (599.0, 590.8), (547.3, 582.7), (489.5, 582.8)]",0,1.53
speedrunner,meatboy,10,Stuck,5,0,145.7,0.961,"[(73.0, 653.0), (120.3, 655.1), (200.3, 650.4), (280.3, 659.3), (360.3, 659.0), (440.3, 630.2), (520.3, 586.3), (600.3, 561.1), (680.3, 554.8), (760.3, 567.4), (840.3, 598.8), (920.3, 649.0), (1000.3, 659.0), (1015.0, 659.9), (1015.0, 659.3), (1015.0, 659.0), (1015.0, 659.9), (1015.0, 659.3), (1015.0, 659.0), (1015.0, 659.9), (1015.0, 659.3), (1015.0, 659.0), (1015.0, 659.9), (1015.0, 659.3), (1015.0, 659.0), (1015.0, 659.9), (1015.0, 659.3), (1015.0, 659.0), (1015.0, 659.9), (1015.0, 659.3), (1015.0, 659.0), (1015.0, 659.9), (1015.0, 659.3), (1015.0, 659.0), (1015.0, 659.9), (1015.0, 659.3), (1015.0, 659.0), (1015.0, 659.9), (1015.0, 659.3), (1015.0, 659.0), (1015.0, 659.9), (1015.0, 659.3), (1015.0, 659.0), (1015.0, 659.9), (1015.0, 659.3), (1015.0, 659.0), (1015.0, 659.9), (1015.0, 659.3), (1015.0, 659.0)]",0,6.43
speedrunner,meatboy,10,Stuck,32,0,145.39,0.961,"[(73.0, 653.0), (120.3, 655.1), (200.3, 650.4), (280.3, 659.3), (360.3, 659.0), (440.3, 618.1), (520.3, 578.8), (600.3, 558.4), (680.3, 556.8), (760.3, 556.2), (840.3, 526.8), (920.3, 544.4), (983.0, 580.3), (983.0, 620.0), (984.3, 660.0), (1015.0, 659.0), (1015.0, 657.4), (1015.0, 654.8), (1015.0, 653.3), (1015.0, 659.9), (1015.0, 659.0), (1015.0, 657.4), (1015.0, 654.8), (1015.0, 653.3), (1015.0, 659.9), (1015.0, 659.0), (1015.0, 657.4), (1015.0, 654.8), (1015.0, 653.3), (1015.0, 659.9), (1015.0, 659.0), (1015.0, 657.4), (1015.0, 654.8), (1015.0, 653.3), (1015.0, 659.9), (1015.0, 659.0), (1015.0, 657.4), (1015.0, 654.8), (1015.0, 653.3), (1015.0, 659.9), (1015.0, 659.0), (1015.0, 657.4), (1015.0, 654.8), (1015.0, 653.3), (1015.0, 659.9), (1015.0, 659.0), (1015.0, 657.4), (1015.0, 654.8), (1015.0, 653.3)]",0,6.43
speedrunner,meatboy,10,Stuck,4,0,145.39,0.961,"[(73.0, 653.0), (120.3, 659.3), (200.3, 621.9), (280.3, 637.2), (360.3, 659.9), (440.3, 624.3), (520.3, 582.7), (600.3, 559.9), (680.3, 556.0), (760.3, 547.9), (840.3, 527.9), (920.3, 548.0), (983.0, 585.9), (983.0, 625.6), (987.0, 659.3), (1015.0, 659.0), (1015.0, 659.9), (1015.0, 659.3), (1015.0, 659.0), (1015.0, 659.9), (1015.0, 659.3), (1015.0, 659.0), (1015.0, 659.9), (1015.0, 659.3), (1015.0, 659.0), (1015.0, 659.9), (1015.0, 659.3), (1015.0, 659.0), (1015.0, 659.9), (1015.0, 659.3), (1015.0, 659.0), (1015.0, 659.9), (1015.0, 659.3), (1015.0, 659.0), (1015.0, 659.9), (1015.0, 659.3), (1015.0, 659.0), (1015.0, 659.9), (1015.0, 659.3), (1015.0, 659.0), (1015.0, 659.9), (1015.0, 659.3), (1015.0, 659.0), (1015.0, 659.9), (1015.0, 659.3), (1015.0, 659.0), (1015.0, 659.9), (1015.0, 659.3), (1015.0, 659.0)]",0,6.43
speedrunner,meatboy,10,Stuck,5,0,144.19,0.961,"[(73.0, 653.0), (120.3, 655.1), (200.3, 650.4), (280.3, 659.3), (360.3, 659.0), (440.3, 623.4), (520.3, 581.8), (600.3, 559.0), (680.3, 555.1), (755.0, 563.9), (835.0, 525.9), (915.0, 541.2), (983.0, 575.0), (983.0, 614.7), (983.0, 654.4), (1015.0, 659.2), (1015.0, 659.3), (1015.0, 659.0), (1015.0, 659.9), (1015.0, 659.3), (1015.0, 659.0), (1015.0, 659.9), (1015.0, 659.3), (1015.0, 659.0), (1015.0, 659.9), (1015.0, 659.3), (1015.0, 659.0), (1015.0, 659.9), (1015.0, 659.3), (1015.0, 659.0), (1015.0, 659.9), (1015.0, 659.3), (1015.0, 659.0), (1015.0, 659.9), (1015.0, 659.3), (1015.0, 659.0), (1015.0, 659.9), (1015.0, 659.3), (1015.0, 659.0), (1015.0, 659.9), (1015.0, 659.3), (1015.0, 659.0), (1015.0, 659.9), (1015.0, 659.3), (1015.0, 659.0), (1015.0, 659.9), (1015.0, 659.3), (1015.0, 659.0), (1015.0, 659.9)]",0,6.45
speedrunner,meatboy,10,Stuck,8,0,145.54,0.961,"[(73.0, 653.0), (120.3, 655.1), (200.3, 650.4), (280.3, 659.3), (360.3, 659.0), (440.3, 623.4), (520.3, 581.8), (600.3, 559.0), (680.3, 555.1), (760.3, 555.6), (840.3, 526.8), (920.3, 544.4), (983.0, 580.3), (962.3, 598.5), (882.0, 591.5), (802.0, 603.3), (750.0, 633.9), (782.0, 653.3), (862.0, 650.9), (942.0, 659.9), (1015.0, 659.3), (1015.0, 659.0), (1015.0, 659.9), (1015.0, 659.3), (1015.0, 659.0), (1015.0, 659.9), (1015.0, 659.3), (1015.0, 659.0), (1015.0, 659.9), (1015.0, 659.3), (1015.0, 659.0), (1015.0, 659.9), (1015.0, 659.3), (1015.0, 659.0), (1015.0, 659.9), (1015.0, 659.3), (1015.0, 659.0), (1015.0, 659.9), (1015.0, 659.3), (1015.0, 659.0), (1015.0, 659.9), (1015.0, 659.3), (1015.0, 659.0), (1015.0, 659.9), (1015.0, 659.3), (1015.0, 659.0), (1015.0, 659.9), (1015.0, 659.3), (1015.0, 659.0)]",0,6.43
speedrunner,meatboy,10,Stuck,2,0,145.7,0.961,"[(73.0, 653.0), (120.3, 655.1), (200.3, 650.4), (280.3, 659.3), (360.3, 659.0), (440.3, 659.9), (520.3, 659.3), (600.3, 659.0), (680.3, 659.9), (760.3, 659.3), (840.3, 659.0), (920.3, 659.9), (1000.3, 659.3), (1015.0, 659.0), (1015.0, 659.9), (1015.0, 659.3), (1015.0, 659.0), (1015.0, 659.9), (1015.0, 659.3), (1015.0, 659.0), (1015.0, 659.9), (1015.0, 659.3), (1015.0, 659.0), (1015.0, 659.9), (1015.0, 659.3), (1015.0, 659.0), (1015.0, 659.9), (1015.0, 659.3), (1015.0, 659.0), (1015.0, 659.9), (1015.0, 659.3), (1015.0, 659.0), (1015.0, 659.9), (1015.0, 659.3), (1015.0, 659.0), (1015.0, 659.9), (1015.0, 659.3), (1015.0, 659.0), (1015.0, 659.9), (1015.0, 659.3), (1015.0, 659.0), (1015.0, 659.9), (1015.0, 659.3), (1015.0, 659.0), (1015.0, 659.9), (1015.0, 659.3), (1015.0, 659.0), (1015.0, 659.9), (1015.0, 659.3)]",0,6.43
speedrunner,meatboy,10,Stuck,17,0,110.41,0.773,"[(73.0, 653.0), (120.3, 655.1), (200.3, 650.4), (280.3, 659.3), (360.3, 659.0), (440.3, 618.1), (520.3, 578.8), (600.3, 558.4), (680.3, 556.8), (760.3, 556.2), (840.3, 526.8), (920.3, 544.4), (983.0, 580.3), (983.0, 620.0), (952.0, 631.3), (875.3, 626.6), (803.3, 640.8), (803.3, 659.9), (875.3, 606.5), (955.3, 587.3), (983.0, 592.0), (983.0, 615.6), (962.3, 632.6), (885.3, 625.5), (809.3, 637.3), (798.7, 659.3), (865.3, 612.1), (945.3, 588.0), (983.0, 590.4), (983.0, 611.6), (972.7, 634.8), (895.3, 625.4), (816.7, 634.8), (795.3, 659.0), (855.3, 618.1), (935.3, 589.0), (983.0, 589.0), (983.0, 607.9), (983.0, 644.2), (904.3, 625.5), (825.3, 632.6), (793.3, 658.5), (845.3, 624.3), (925.3, 590.3), (983.0, 588.0), (983.0, 604.5), (983.0, 639.2), (912.0, 626.0), (835.3, 630.7)]",0,6.43
speedrunner,meatboy,10,Stuck,1,0,145.4,0.961,"[(73.0, 653.0), (120.3, 659.3), (200.3, 659.0), (280.3, 659.9), (360.3, 659.3), (440.3, 659.0), (520.3, 659.9), (600.3, 659.3), (680.3, 659.0), (760.3, 659.9), (840.3, 659.3), (920.3, 659.0), (1000.3, 659.9), (1015.0, 659.3), (1015.0, 659.0), (1015.0, 659.9), (1015.0, 659.3), (1015.0, 659.0), (1015.0, 659.9), (1015.0, 659.3), (1015.0, 659.0), (1015.0, 659.9), (1015.0, 659.3), (1015.0, 659.0), (1015.0, 659.9), (1015.0, 659.3), (1015.0, 659.0), (1015.0, 659.9), (1015.0, 659.3), (1015.0, 659.0), (1015.0, 659.9), (1015.0, 659.3), (1015.0, 659.0), (1015.0, 659.9), (1015.0, 659.3), (1015.0, 659.0), (1015.0, 659.9), (1015.0, 659.3), (1015.0, 659.0), (1015.0, 659.9), (1015.0, 659.3), (1015.0, 659.0), (1015.0, 659.9), (1015.0, 659.3), (1015.0, 659.0), (1015.0, 659.9), (1015.0, 659.3), (1015.0, 659.0), (1015.0, 659.9)]",0,6.43
speedrunner,meatboy,10,Stuck,4,0,144.99,0.961,"[(73.0, 653.0), (120.3, 655.1), (200.3, 650.4), (280.3, 659.3), (360.3, 659.0), (440.3, 618.1), (520.3, 578.8), (600.3, 558.4), (680.3, 556.8), (757.8, 548.2), (837.8, 527.9), (917.8, 548.0), (983.0, 585.9), (983.0, 625.6), (987.0, 659.3), (1015.0, 659.0), (1015.0, 659.9), (1015.0, 659.3), (1015.0, 659.0), (1015.0, 659.9), (1015.0, 659.3), (1015.0, 659.0), (1015.0, 659.9), (1015.0, 659.3), (1015.0, 659.0), (1015.0, 659.9), (1015.0, 659.3), (1015.0, 659.0), (1015.0, 659.9), (1015.0, 659.3), (1015.0, 659.0), (1015.0, 659.9), (1015.0, 659.3), (1015.0, 659.0), (1015.0, 659.9), (1015.0, 659.3), (1015.0, 659.0), (1015.0, 659.9), (1015.0, 659.3), (1015.0, 659.0), (1015.0, 659.9), (1015.0, 659.3), (1015.0, 659.0), (1015.0, 659.9), (1015.0, 659.3), (1015.0, 659.0), (1015.0, 659.9), (1015.0, 659.3), (1015.0, 659.0)]",0,6.43
speedrunner,meatboy,10,Stuck,8,0,131.93,0.961,"[(73.0, 653.0), (120.3, 655.1), (200.3, 650.4), (280.3, 659.3), (360.3, 659.0), (440.3, 659.9), (520.3, 624.3), (599.0, 582.7), (599.0, 573.3), (596.3, 582.7), (597.7, 611.0), (619.0, 655.0), (696.3, 659.3), (776.3, 659.0), (856.3, 659.9), (936.3, 629.9), (983.0, 586.0), (983.0, 560.8), (983.0, 554.5), (983.0, 567.1), (983.0, 598.5), (983.0, 638.2), (1003.0, 653.9), (1015.0, 659.0), (1015.0, 659.9), (1015.0, 659.3), (1015.0, 659.0), (1015.0, 659.9), (1015.0, 659.3), (1015.0, 659.0), (1015.0, 659.9), (1015.0, 659.3), (1015.0, 659.0), (1015.0, 659.9), (1015.0, 659.3), (1015.0, 659.0), (1015.0, 659.9), (1015.0, 659.3), (1015.0, 659.0), (1015.0, 659.9), (1015.0, 659.3), (1015.0, 659.0), (1015.0, 659.9), (1015.0, 659.3), (1015.0, 659.0), (1015.0, 659.9), (1015.0, 659.3), (1015.0, 659.0), (1015.0, 659.9), (1015.0, 659.3), (1015.0, 659.0), (1015.0, 659.9), (1015.0, 659.3)]",0,6.98
speedrunner,meatboy,10,Stuck,13,0,77.81,0.567,"[(73.0, 653.0), (120.3, 655.1), (200.3, 650.4), (280.3, 659.3), (360.3, 659.0), (440.3, 659.9), (520.3, 629.9), (599.0, 586.0), (599.0, 572.5), (595.0, 579.6), (531.7, 605.6), (451.7, 650.3), (412.5, 659.0), (470.5, 659.9), (550.5, 611.2), (597.7, 577.7), (599.0, 573.0), (579.0, 587.1), (501.7, 620.1), (423.6, 659.3), (425.5, 659.0), (500.5, 643.9), (580.5, 595.2), (596.3, 573.7), (599.0, 576.1), (551.7, 597.3), (471.7, 637.4), (411.1, 659.3), (450.5, 659.0), (530.5, 623.4), (599.0, 581.8), (599.0, 572.4), (591.0, 581.8), (521.7, 610.1), (441.7, 657.3), (415.5, 659.3), (480.5, 659.0), (560.5, 605.6), (597.7, 576.1), (599.0, 573.7), (571.0, 590.2), (491.7, 625.6), (417.5, 659.9), (432.5, 659.3), (510.5, 636.8), (590.5, 590.4)]",0,6.02
speedrunner,meatboy,10,Stuck,4,0,144.99,0.961,"[(73.0, 653.0), (120.3, 655.1), (200.3, 650.4), (280.3, 659.3), (360.3, 659.0), (440.3, 618.1), (520.3, 578.8), (600.3, 558.4), (680.3, 556.8), (757.8, 548.2), (837.8, 527.9), (917.8, 548.0), (983.0, 585.9), (983.0, 625.6), (987.0, 659.3), (1015.0, 659.0), (1015.0, 659.9), (1015.0, 659.3), (1015.0, 659.0), (1015.0, 659.9), (1015.0, 659.3), (1015.0, 659.0), (1015.0, 659.9), (1015.0, 659.3), (1015.0, 659.0), (1015.0, 659.9), (1015.0, 659.3), (1015.0, 659.0), (1015.0, 659.9), (1015.0, 659.3), (1015.0, 659.0), (1015.0, 659.9), (1015.0, 659.3), (1015.0, 659.0), (1015.0, 659.9), (1015.0, 659.3), (1015.0, 659.0), (1015.0, 659.9), (1015.0, 659.3), (1015.0, 659.0), (1015.0, 659.9), (1015.0, 659.3), (1015.0, 659.0), (1015.0, 659.9), (1015.0, 659.3), (1015.0, 659.0), (1015.0, 659.9), (1015.0, 659.3), (1015.0, 659.0)]",0,6.43
speedrunner,meatboy,10,Stuck,17,0,110.41,0.773,"[(73.0, 653.0), (120.3, 655.1), (200.3, 650.4), (280.3, 659.3), (360.3, 659.0), (440.3, 618.1), (520.3, 578.8), (600.3, 558.4), (680.3, 556.8), (760.3, 556.2), (840.3, 526.8), (920.3, 544.4), (983.0, 580.3), (983.0, 620.0), (952.0, 631.3), (875.3, 626.6), (803.3, 640.8), (803.3, 659.9), (875.3, 606.5), (955.3, 587.3), (983.0, 592.0), (983.0, 615.6), (962.3, 632.6), (885.3, 625.5), (809.3, 637.3), (798.7, 659.3), (865.3, 612.1), (945.3, 588.0), (983.0, 590.4), (983.0, 611.6), (972.7, 634.8), (895.3, 625.4), (816.7, 634.8), (795.3, 659.0), (855.3, 618.1), (935.3, 589.0), (983.0, 589.0), (983.0, 607.9), (983.0, 644.2), (904.3, 625.5), (825.3, 632.6), (793.3, 658.5), (845.3, 624.3), (925.3, 590.3), (983.0, 588.0), (983.0, 604.5), (983.0, 639.2), (912.0, 626.0), (835.3, 630.7)]",0,6.43
speedrunner,meatboy,10,Stuck,8,0,145.54,0.961,"[(73.0, 653.0), (120.3, 655.1), (200.3, 650.4), (280.3, 659.3), (360.3, 659.0), (440.3, 623.4), (520.3, 581.8), (600.3, 559.0), (680.3, 555.1), (760.3, 555.6), (840.3, 526.8), (920.3, 544.4), (983.0, 580.3), (962.3, 598.5), (882.0, 591.5), (802.0, 603.3), (750.0, 633.9), (782.0, 653.3), (862.0, 650.9), (942.0, 659.9), (1015.0, 659.3), (1015.0, 659.0), (1015.0, 659.9), (1015.0, 659.3), (1015.0, 659.0), (1015.0, 659.9), (1015.0, 659.3), (1015.0, 659.0), (1015.0, 659.9), (1015.0, 659.3), (1015.0, 659.0), (1015.0, 659.9), (1015.0, 659.3), (1015.0, 659.0), (1015.0, 659.9), (1015.0, 659.3), (1015.0, 659.0), (1015.0, 659.9), (1015.0, 659.3), (1015.0, 659.0), (1015.0, 659.9), (1015.0, 659.3), (1015.0, 659.0), (1015.0, 659.9), (1015.0, 659.3), (1015.0, 659.0), (1015.0, 659.9), (1015.0, 659.3), (1015.0, 659.0)]",0,6.43
speedrunner,meatboy,10,Stuck,5,0,144.19,0.961,"[(73.0, 653.0), (120.3, 655.1), (200.3, 650.4), (280.3, 659.3), (360.3, 659.0), (440.3, 623.4), (520.3, 581.8), (600.3, 559.0), (680.3, 555.1), (755.0, 563.9), (835.0, 525.9), (915.0, 541.2), (983.0, 575.0), (983.0, 614.7), (983.0, 654.4), (1015.0, 659.2), (1015.0, 659.3), (1015.0, 659.0), (1015.0, 659.9), (1015.0, 659.3), (1015.0, 659.0), (1015.0, 659.9), (1015.0, 659.3), (1015.0, 659.0), (1015.0, 659.9), (1015.0, 659.3), (1015.0, 659.0), (1015.0, 659.9), (1015.0, 659.3), (1015.0, 659.0), (1015.0, 659.9), (1015.0, 659.3), (1015.0, 659.0), (1015.0, 659.9), (1015.0, 659.3), (1015.0, 659.0), (1015.0, 659.9), (1015.0, 659.3), (1015.0, 659.0), (1015.0, 659.9), (1015.0, 659.3), (1015.0, 659.0), (1015.0, 659.9), (1015.0, 659.3), (1015.0, 659.0), (1015.0, 659.9), (1015.0, 659.3), (1015.0, 659.0), (1015.0, 659.9)]",0,6.45
speedrunner,meatboy,10,Stuck,5,0,145.39,0.961,"[(73.0, 653.0), (120.3, 655.1), (200.3, 650.4), (280.3, 659.3), (360.3, 659.0), (440.3, 618.1), (520.3, 578.8), (600.3, 558.4), (680.3, 556.8), (760.3, 556.2), (840.3, 526.8), (920.3, 544.4), (983.0, 580.3), (983.0, 620.0), (984.3, 660.0), (1015.0, 659.0), (1015.0, 659.9), (1015.0, 659.3), (1015.0, 659.0), (1015.0, 659.9), (1015.0, 659.3), (1015.0, 659.0), (1015.0, 659.9), (1015.0, 659.3), (1015.0, 659.0), (1015.0, 659.9), (1015.0, 659.3), (1015.0, 659.0), (1015.0, 659.9), (1015.0, 659.3), (1015.0, 659.0), (1015.0, 659.9), (1015.0, 659.3), (1015.0, 659.0), (1015.0, 659.9), (1015.0, 659.3), (1015.0, 659.0), (1015.0, 659.9), (1015.0, 659.3), (1015.0, 659.0), (1015.0, 659.9), (1015.0, 659.3), (1015.0, 659.0), (1015.0, 659.9), (1015.0, 659.3), (1015.0, 659.0), (1015.0, 659.9), (1015.0, 659.3), (1015.0, 659.0)]",0,6.43
speedrunner,meatboy,10,Stuck,7,0,133.48,0.961,"[(73.0, 653.0), (120.3, 659.3), (200.3, 636.8), (280.3, 625.4), (360.3, 647.8), (440.3, 659.9), (520.3, 637.1), (599.0, 590.7), (599.0, 581.3), (599.0, 590.8), (599.0, 619.1), (636.3, 651.6), (716.3, 622.8), (796.3, 640.4), (876.3, 659.0), (956.3, 618.1), (983.0, 578.8), (983.0, 558.4), (983.0, 556.8), (983.0, 574.1), (983.0, 609.3), (972.7, 634.7), (898.0, 625.3), (895.3, 634.7), (966.0, 659.0), (1015.0, 659.9), (1015.0, 659.3), (1015.0, 659.0), (1015.0, 659.9), (1015.0, 659.3), (1015.0, 659.0), (1015.0, 659.9), (1015.0, 659.3), (1015.0, 659.0), (1015.0, 659.9), (1015.0, 659.3), (1015.0, 659.0), (1015.0, 659.9), (1015.0, 659.3), (1015.0, 659.0), (1015.0, 659.9), (1015.0, 659.3), (1015.0, 659.0), (1015.0, 659.9), (1015.0, 659.3), (1015.0, 659.0), (1015.0, 659.9), (1015.0, 659.3), (1015.0, 659.0), (1015.0, 659.9), (1015.0, 659.3), (1015.0, 659.0), (1015.0, 659.9)]",0,6.95
speedrunner,meatboy,10,Saw,4,0,268.49,0.442,"[(73.0, 653.0), (120.3, 655.1), (200.3, 650.4), (280.3, 659.3), (360.3, 659.0), (440.3, 659.9), (520.3, 624.3), (599.0, 582.7), (599.0, 573.3), (599.0, 582.7), (526.7, 567.0)]",0,1.43
speedrunner,meatboy,10,Stuck,6,0,140.0,0.961,"[(73.0, 653.0), (120.3, 655.1), (200.3, 650.4), (280.3, 659.3), (360.3, 659.0), (440.3, 659.9), (520.3, 659.3), (600.3, 630.8), (680.3, 627.2), (760.3, 651.9), (840.3, 659.0), (920.3, 659.9), (983.0, 606.5), (983.0, 571.9), (983.0, 556.2), (983.0, 559.4), (983.0, 581.3), (983.0, 619.2), (952.0, 630.5), (889.3, 625.9), (908.0, 640.0), (986.0, 659.9), (1015.0, 659.3), (1015.0, 659.0), (1015.0, 659.9), (1015.0, 659.3), (1015.0, 659.0), (1015.0, 659.9), (1015.0, 659.3), (1015.0, 659.0), (1015.0, 659.9), (1015.0, 659.3), (1015.0, 659.0), (1015.0, 659.9), (1015.0, 659.3), (1015.0, 659.0), (1015.0, 659.9), (1015.0, 659.3), (1015.0, 659.0), (1015.0, 659.9), (1015.0, 659.3), (1015.0, 659.0), (1015.0, 659.9), (1015.0, 659.3), (1015.0, 659.0), (1015.0, 659.9), (1015.0, 659.3), (1015.0, 659.0), (1015.0, 659.9), (1015.0, 659.3), (1015.0, 659.0)]",0,6.72
speedrunner,meatboy,10,Saw,4,0,330.29,0.442,"[(73.0, 653.0), (120.3, 655.1), (200.3, 650.4), (280.3, 659.3), (360.3, 659.0), (440.3, 659.9), (520.3, 651.3), (599.0, 600.2), (526.7, 579.9)]",0,1.17
speedrunner,meatboy,10,Stuck,2,0,145.7,0.961,"[(73.0, 653.0), (120.3, 655.1), (200.3, 650.4), (280.3, 659.3), (360.3, 659.0), (440.3, 659.9), (520.3, 659.3), (600.3, 659.0), (680.3, 659.9), (760.3, 659.3), (840.3, 659.0), (920.3, 659.9), (1000.3, 659.3), (1015.0, 659.0), (1015.0, 659.9), (1015.0, 659.3), (1015.0, 659.0), (1015.0, 659.9), (1015.0, 659.3), (1015.0, 659.0), (1015.0, 659.9), (1015.0, 659.3), (1015.0, 659.0), (1015.0, 659.9), (1015.0, 659.3), (1015.0, 659.0), (1015.0, 659.9), (1015.0, 659.3), (1015.0, 659.0), (1015.0, 659.9), (1015.0, 659.3), (1015.0, 659.0), (1015.0, 659.9), (1015.0, 659.3), (1015.0, 659.0), (1015.0, 659.9), (1015.0, 659.3), (1015.0, 659.0), (1015.0, 659.9), (1015.0, 659.3), (1015.0, 659.0), (1015.0, 659.9), (1015.0, 659.3), (1015.0, 659.0), (1015.0, 659.9), (1015.0, 659.3), (1015.0, 659.0), (1015.0, 659.9), (1015.0, 659.3)]",0,6.43
speedrunner,meatboy,10,Stuck,5,0,145.39,0.961,"[(73.0, 653.0), (120.3, 655.1), (200.3, 650.4), (280.3, 659.3), (360.3, 659.0), (440.3, 618.1), (520.3, 578.8), (600.3, 558.4), (680.3, 556.8), (760.3, 556.2), (840.3, 526.8), (920.3, 544.4), (983.0, 580.3), (983.0, 620.0), (984.3, 660.0), (1015.0, 659.0), (1015.0, 659.9), (1015.0, 659.3), (1015.0, 659.0), (1015.0, 659.9), (1015.0, 659.3), (1015.0, 659.0), (1015.0, 659.9), (1015.0, 659.3), (1015.0, 659.0), (1015.0, 659.9), (1015.0, 659.3), (1015.0, 659.0), (1015.0, 659.9), (1015.0, 659.3), (1015.0, 659.0), (1015.0, 659.9), (1015.0, 659.3), (1015.0, 659.0), (1015.0, 659.9), (1015.0, 659.3), (1015.0, 659.0), (1015.0, 659.9), (1015.0, 659.3), (1015.0, 659.0), (1015.0, 659.9), (1015.0, 659.3), (1015.0, 659.0), (1015.0, 659.9), (1015.0, 659.3), (1015.0, 659.0), (1015.0, 659.9), (1015.0, 659.3), (1015.0, 659.0)]",0,6.43
speedrunner,meatboy,10,Stuck,5,0,144.19,0.961,"[(73.0, 653.0), (120.3, 655.1), (200.3, 650.4), (280.3, 659.3), (360.3, 659.0), (440.3, 623.4), (520.3, 581.8), (600.3, 559.0), (680.3, 555.1), (755.0, 563.9), (835.0, 525.9), (915.0, 541.2), (983.0, 575.0), (983.0, 614.7), (983.0, 654.4), (1015.0, 659.2), (1015.0, 659.3), (1015.0, 659.0), (1015.0, 659.9), (1015.0, 659.3), (1015.0, 659.0), (1015.0, 659.9), (1015.0, 659.3), (1015.0, 659.0), (1015.0, 659.9), (1015.0, 659.3), (1015.0, 659.0), (1015.0, 659.9), (1015.0, 659.3), (1015.0, 659.0), (1015.0, 659.9), (1015.0, 659.3), (1015.0, 659.0), (1015.0, 659.9), (1015.0, 659.3), (1015.0, 659.0), (1015.0, 659.9), (1015.0, 659.3), (1015.0, 659.0), (1015.0, 659.9), (1015.0, 659.3), (1015.0, 659.0), (1015.0, 659.9), (1015.0, 659.3), (1015.0, 659.0), (1015.0, 659.9), (1015.0, 659.3), (1015.0, 659.0), (1015.0, 659.9)]",0,6.45
speedrunner,meatboy,10,Stuck,8,0,145.54,0.961,"[(73.0, 653.0), (120.3, 655.1), (200.3, 650.4), (280.3, 659.3), (360.3, 659.0), (440.3, 623.4), (520.3, 581.8), (600.3, 559.0), (680.3, 555.1), (760.3, 555.6), (840.3, 526.8), (920.3, 544.4), (983.0, 580.3), (962.3, 598.5), (882.0, 591.5), (802.0, 603.3), (750.0, 633.9), (782.0, 653.3), (862.0, 650.9), (942.0, 659.9), (1015.0, 659.3), (1015.0, 659.0), (1015.0, 659.9), (1015.0, 659.3), (1015.0, 659.0), (1015.0, 659.9), (1015.0, 659.3), (1015.0, 659.0), (1015.0, 659.9), (1015.0, 659.3), (1015.0, 659.0), (1015.0, 659.9), (1015.0, 659.3), (1015.0, 659.0), (1015.0, 659.9), (1015.0, 659.3), (1015.0, 659.0), (1015.0, 659.9), (1015.0, 659.3), (1015.0, 659.0), (1015.0, 659.9), (1015.0, 659.3), (1015.0, 659.0), (1015.0, 659.9), (1015.0, 659.3), (1015.0, 659.0), (1015.0, 659.9), (1015.0, 659.3), (1015.0, 659.0)]",0,6.43
speedrunner,meatboy,10,Stuck,17,0,110.41,0.773,"[(73.0, 653.0), (120.3, 655.1), (200.3, 650.4), (280.3, 659.3), (360.3, 659.0), (440.3, 618.1), (520.3, 578.8), (600.3, 558.4), (680.3, 556.8), (760.3, 556.2), (840.3, 526.8), (920.3, 544.4), (983.0, 580.3), (983.0, 620.0), (952.0, 631.3), (875.3, 626.6), (803.3, 640.8), (803.3, 659.9), (875.3, 606.5), (955.3, 587.3), (983.0, 592.0), (983.0, 615.6), (962.3, 632.6), (885.3, 625.5), (809.3, 637.3), (798.7, 659.3), (865.3, 612.1), (945.3, 588.0), (983.0, 590.4), (983.0, 611.6), (972.7, 634.8), (895.3, 625.4), (816.7, 634.8), (795.3, 659.0), (855.3, 618.1), (935.3, 589.0), (983.0, 589.0), (983.0, 607.9), (983.0, 644.2), (904.3, 625.5), (825.3, 632.6), (793.3, 658.5), (845.3, 624.3), (925.3, 590.3), (983.0, 588.0), (983.0, 604.5), (983.0, 639.2), (912.0, 626.0), (835.3, 630.7)]",0,6.43
speedrunner,meatboy,10,Stuck,2,0,145.7,0.961,"[(73.0, 653.0), (120.3, 659.3), (200.3, 659.0), (280.3, 659.9), (360.3, 659.3), (440.3, 659.0), (520.3, 659.9), (600.3, 637.1), (680.3, 625.4), (760.3, 647.8), (840.3, 659.9), (920.3, 659.3), (1000.3, 653.3), (1015.0, 659.9), (1015.0, 659.3), (1015.0, 659.0), (1015.0, 659.9), (1015.0, 659.3), (1015.0, 659.0), (1015.0, 659.9), (1015.0, 659.3), (1015.0, 659.0), (1015.0, 659.9), (1015.0, 659.3), (1015.0, 659.0), (1015.0, 659.9), (1015.0, 659.3), (1015.0, 659.0), (1015.0, 659.9), (1015.0, 659.3), (1015.0, 659.0), (1015.0, 659.9), (1015.0, 659.3), (1015.0, 659.0), (1015.0, 659.9), (1015.0, 659.3), (1015.0, 659.0), (1015.0, 659.9), (1015.0, 659.3), (1015.0, 659.0), (1015.0, 659.9), (1015.0, 659.3), (1015.0, 659.0), (1015.0, 659.9), (1015.0, 659.3), (1015.0, 659.0), (1015.0, 659.9), (1015.0, 659.3), (1015.0, 659.0)]",0,6.43
speedrunner,meatboy,10,Stuck,2,0,145.4,0.961,"[(73.0, 653.0), (120.3, 655.1), (200.3, 650.4), (280.3, 659.3), (360.3, 659.0), (440.3, 659.9), (520.3, 659.3), (600.3, 659.0), (680.3, 659.9), (760.3, 659.3), (840.3, 659.0), (920.3, 659.9), (1000.3, 659.3), (1015.0, 659.0), (1015.0, 659.9), (1015.0, 659.3), (1015.0, 659.0), (1015.0, 659.9), (1015.0, 659.3), (1015.0, 659.0), (1015.0, 659.9), (1015.0, 659.3), (1015.0, 659.0), (1015.0, 659.9), (1015.0, 659.3), (1015.0, 659.0), (1015.0, 659.9), (1015.0, 659.3), (1015.0, 659.0), (1015.0, 659.9), (1015.0, 659.3), (1015.0, 659.0), (1015.0, 659.9), (1015.0, 659.3), (1015.0, 659.0), (1015.0, 659.9), (1015.0, 659.3), (1015.0, 659.0), (1015.0, 659.9), (1015.0, 659.3), (1015.0, 659.0), (1015.0, 659.9), (1015.0, 659.3), (1015.0, 659.0), (1015.0, 659.9), (1015.0, 659.3), (1015.0, 659.0), (1015.0, 659.9), (1015.0, 659.3)]",0,6.43
speedrunner,meatboy,10,Stuck,3,0,145.7,0.961,"[(73.0, 653.0), (120.3, 655.1), (200.3, 650.4), (280.3, 659.3), (360.3, 659.0), (440.3, 659.9), (520.3, 659.3), (600.3, 659.0), (680.3, 659.9), (760.3, 659.3), (840.3, 659.0), (920.3, 659.9), (1000.3, 659.3), (1015.0, 659.2), (1015.0, 659.3), (1015.0, 659.0), (1015.0, 659.9), (1015.0, 659.3), (1015.0, 659.0), (1015.0, 659.9), (1015.0, 659.3), (1015.0, 659.0), (1015.0, 659.9), (1015.0, 659.3), (1015.0, 659.0), (1015.0, 659.9), (1015.0, 659.3), (1015.0, 659.0), (1015.0, 659.9), (1015.0, 659.3), (1015.0, 659.0), (1015.0, 659.9), (1015.0, 659.3), (1015.0, 659.0), (1015.0, 659.9), (1015.0, 659.3), (1015.0, 659.0), (1015.0, 659.9), (1015.0, 659.3), (1015.0, 659.0), (1015.0, 659.9), (1015.0, 659.3), (1015.0, 659.0), (1015.0, 659.9), (1015.0, 659.3), (1015.0, 659.0), (1015.0, 659.9), (1015.0, 659.3), (1015.0, 659.0)]",0,6.43
speedrunner,meatboy,10,Stuck,2,0,145.7,0.961,"[(73.0, 653.0), (120.3, 655.1), (200.3, 650.4), (280.3, 659.3), (360.3, 659.0), (440.3, 659.9), (520.3, 659.3), (600.3, 659.0), (680.3, 659.9), (760.3, 659.3), (840.3, 659.0), (920.3, 659.9), (1000.3, 659.3), (1015.0, 659.0), (1015.0, 659.9), (1015.0, 659.3), (1015.0, 659.0), (1015.0, 659.9), (1015.0, 659.3), (1015.0, 659.0), (1015.0, 659.9), (1015.0, 659.3), (1015.0, 659.0), (1015.0, 659.9), (1015.0, 659.3), (1015.0, 659.0), (1015.0, 659.9), (1015.0, 659.3), (1015.0, 659.0), (1015.0, 659.9), (1015.0, 659.3), (1015.0, 659.0), (1015.0, 659.9), (1015.0, 659.3), (1015.0, 659.0), (1015.0, 659.9), (1015.0, 659.3), (1015.0, 659.0), (1015.0, 659.9), (1015.0, 659.3), (1015.0, 659.0), (1015.0, 659.9), (1015.0, 659.3), (1015.0, 659.0), (1015.0, 659.9), (1015.0, 659.3), (1015.0, 659.0), (1015.0, 659.9), (1015.0, 659.3)]",0,6.43
speedrunner,meatboy,10,Stuck,1,0,145.7,0.961,"[(73.0, 653.0), (120.3, 644.1), (200.3, 623.9), (280.3, 644.0), (360.3, 659.3), (440.3, 659.0), (520.3, 659.9), (600.3, 659.3), (680.3, 659.0), (760.3, 659.9), (840.3, 659.3), (920.3, 659.0), (1000.3, 659.9), (1015.0, 659.3), (1015.0, 659.0), (1015.0, 659.9), (1015.0, 659.3), (1015.0, 659.0), (1015.0, 659.9), (1015.0, 659.3), (1015.0, 659.0), (1015.0, 659.9), (1015.0, 659.3), (1015.0, 659.0), (1015.0, 659.9), (1015.0, 659.3), (1015.0, 659.0), (1015.0, 659.9), (1015.0, 659.3), (1015.0, 659.0), (1015.0, 659.9), (1015.0, 659.3), (1015.0, 659.0), (1015.0, 659.9), (1015.0, 659.3), (1015.0, 659.0), (1015.0, 659.9), (1015.0, 659.3), (1015.0, 659.0), (1015.0, 659.9), (1015.0, 659.3), (1015.0, 659.0), (1015.0, 659.9), (1015.0, 659.3), (1015.0, 659.0), (1015.0, 659.9), (1015.0, 659.3), (1015.0, 659.0), (1015.0, 659.9)]",0,6.43
speedrunner,meatboy,10,Stuck,1,0,145.7,0.961,"[(73.0, 653.0), (120.3, 644.1), (200.3, 623.9), (280.3, 644.0), (360.3, 659.3), (440.3, 659.0), (520.3, 659.9), (600.3, 659.3), (680.3, 659.0), (760.3, 659.9), (840.3, 659.3), (920.3, 659.0), (1000.3, 659.9), (1015.0, 659.3), (1015.0, 659.0), (1015.0, 659.9), (1015.0, 659.3), (1015.0, 659.0), (1015.0, 659.9), (1015.0, 659.3), (1015.0, 659.0), (1015.0, 659.9), (1015.0, 659.3), (1015.0, 659.0), (1015.0, 659.9), (1015.0, 659.3), (1015.0, 659.0), (1015.0, 659.9), (1015.0, 659.3), (1015.0, 659.0), (1015.0, 659.9), (1015.0, 659.3), (1015.0, 659.0), (1015.0, 659.9), (1015.0, 659.3), (1015.0, 659.0), (1015.0, 659.9), (1015.0, 659.3), (1015.0, 659.0), (1015.0, 659.9), (1015.0, 659.3), (1015.0, 659.0), (1015.0, 659.9), (1015.0, 659.3), (1015.0, 659.0), (1015.0, 659.9), (1015.0, 659.3), (1015.0, 659.0), (1015.0, 659.9)]",0,6.43
speedrunner,meatboy,10,Stuck,17,0,110.41,0.773,"[(73.0, 653.0), (120.3, 655.1), (200.3, 650.4), (280.3, 659.3), (360.3, 659.0), (440.3, 618.1), (520.3, 578.8), (600.3, 558.4), (680.3, 556.8), (760.3, 556.2), (840.3, 526.8), (920.3, 544.4), (983.0, 580.3), (983.0, 620.0), (952.0, 631.3), (875.3, 626.6), (803.3, 640.8), (803.3, 659.9), (875.3, 606.5), (955.3, 587.3), (983.0, 592.0), (983.0, 615.6), (962.3, 632.6), (885.3, 625.5), (809.3, 637.3), (798.7, 659.3), (865.3, 612.1), (945.3, 588.0), (983.0, 590.4), (983.0, 611.6), (972.7, 634.8), (895.3, 625.4), (816.7, 634.8), (795.3, 659.0), (855.3, 618.1), (935.3, 589.0), (983.0, 589.0), (983.0, 607.9), (983.0, 644.2), (904.3, 625.5), (825.3, 632.6), (793.3, 658.5), (845.3, 624.3), (925.3, 590.3), (983.0, 588.0), (983.0, 604.5), (983.0, 639.2), (912.0, 626.0), (835.3, 630.7)]",0,6.43
speedrunner,meatboy,10,Stuck,8,0,145.54,0.961,"[(73.0, 653.0), (120.3, 655.1), (200.3, 650.4), (280.3, 659.3), (360.3, 659.0), (440.3, 623.4), (520.3, 581.8), (600.3, 559.0), (680.3, 555.1), (760.3, 555.6), (840.3, 526.8), (920.3, 544.4), (983.0, 580.3), (962.3, 598.5), (882.0, 591.5), (802.0, 603.3), (750.0, 633.9), (782.0, 653.3), (862.0, 650.9), (942.0, 659.9), (1015.0, 659.3), (1015.0, 659.0), (1015.0, 659.9), (1015.0, 659.3), (1015.0, 659.0), (1015.0, 659.9), (1015.0, 659.3), (1015.0, 659.0), (1015.0, 659.9), (1015.0, 659.3), (1015.0, 659.0), (1015.0, 659.9), (1015.0, 659.3), (1015.0, 659.0), (1015.0, 659.9), (1015.0, 659.3), (1015.0, 659.0), (1015.0, 659.9), (1015.0, 659.3), (1015.0, 659.0), (1015.0, 659.9), (1015.0, 659.3), (1015.0, 659.0), (1015.0, 659.9), (1015.0, 659.3), (1015.0, 659.0), (1015.0, 659.9), (1015.0, 659.3), (1015.0, 659.0)]",0,6.43
speedrunner,meatboy,10,Stuck,5,0,144.19,0.961,"[(73.0, 653.0), (120.3, 655.1), (200.3, 650.4), (280.3, 659.3), (360.3, 659.0), (440.3, 623.4), (520.3, 581.8), (600.3, 559.0), (680.3, 555.1), (755.0, 563.9), (835.0, 525.9), (915.0, 541.2), (983.0, 575.0), (983.0, 614.7), (983.0, 654.4), (1015.0, 659.2), (1015.0, 659.3), (1015.0, 659.0), (1015.0, 659.9), (1015.0, 659.3), (1015.0, 659.0), (1015.0, 659.9), (1015.0, 659.3), (1015.0, 659.0), (1015.0, 659.9), (1015.0, 659.3), (1015.0, 659.0), (1015.0, 659.9), (1015.0, 659.3), (1015.0, 659.0), (1015.0, 659.9), (1015.0, 659.3), (1015.0, 659.0), (1015.0, 659.9), (1015.0, 659.3), (1015.0, 659.0), (1015.0, 659.9), (1015.0, 659.3), (1015.0, 659.0), (1015.0, 659.9), (1015.0, 659.3), (1015.0, 659.0), (1015.0, 659.9), (1015.0, 659.3), (1015.0, 659.0), (1015.0, 659.9), (1015.0, 659.3), (1015.0, 659.0), (1015.0, 659.9)]",0,6.45
speedrunner,meatboy,10,Stuck,5,0,145.39,0.961,"[(73.0, 653.0), (120.3, 655.1), (200.3, 650.4), (280.3, 659.3), (360.3, 659.0), (440.3, 618.1), (520.3, 578.8), (600.3, 558.4), (680.3, 556.8), (760.3, 556.2), (840.3, 526.8), (920.3, 544.4), (983.0, 580.3), (983.0, 620.0), (984.3, 660.0), (1015.0, 659.0), (1015.0, 659.9), (1015.0, 659.3), (1015.0, 659.0), (1015.0, 659.9), (1015.0, 659.3), (1015.0, 659.0), (1015.0, 659.9), (1015.0, 659.3), (1015.0, 659.0), (1015.0, 659.9), (1015.0, 659.3), (1015.0, 659.0), (1015.0, 659.9), (1015.0, 659.3), (1015.0, 659.0), (1015.0, 659.9), (1015.0, 659.3), (1015.0, 659.0), (1015.0, 659.9), (1015.0, 659.3), (1015.0, 659.0), (1015.0, 659.9), (1015.0, 659.3), (1015.0, 659.0), (1015.0, 659.9), (1015.0, 659.3), (1015.0, 659.0), (1015.0, 659.9), (1015.0, 659.3), (1015.0, 659.0), (1015.0, 659.9), (1015.0, 659.3), (1015.0, 659.0)]",0,6.43
speedrunner,meatboy,10,Stuck,6,0,140.0,0.961,"[(73.0, 653.0), (120.3, 655.1), (200.3, 650.4), (280.3, 659.3), (360.3, 659.0), (440.3, 659.9), (520.3, 659.3), (600.3, 630.8), (680.3, 627.2), (760.3, 651.9), (840.3, 659.0), (920.3, 659.9), (983.0, 606.5), (983.0, 571.9), (983.0, 556.2), (983.0, 559.4), (983.0, 581.3), (983.0, 619.2), (952.0, 630.5), (889.3, 625.9), (908.0, 640.0), (986.0, 659.9), (1015.0, 659.3), (1015.0, 659.0), (1015.0, 659.9), (1015.0, 659.3), (1015.0, 659.0), (1015.0, 659.9), (1015.0, 659.3), (1015.0, 659.0), (1015.0, 659.9), (1015.0, 659.3), (1015.0, 659.0), (1015.0, 659.9), (1015.0, 659.3), (1015.0, 659.0), (1015.0, 659.9), (1015.0, 659.3), (1015.0, 659.0), (1015.0, 659.9), (1015.0, 659.3), (1015.0, 659.0), (1015.0, 659.9), (1015.0, 659.3), (1015.0, 659.0), (1015.0, 659.9), (1015.0, 659.3), (1015.0, 659.0), (1015.0, 659.9), (1015.0, 659.3), (1015.0, 659.0)]",0,6.72
speedrunner,meatboy,10,Stuck,5,0,145.39,0.961,"[(73.0, 653.0), (120.3, 655.1), (200.3, 650.4), (280.3, 659.3), (360.3, 659.0), (440.3, 618.1), (520.3, 578.8), (600.3, 558.4), (680.3, 556.8), (760.3, 556.2), (840.3, 526.8), (920.3, 544.4), (983.0, 580.3), (983.0, 620.0), (984.3, 660.0), (1015.0, 659.0), (1015.0, 659.9), (1015.0, 659.3), (1015.0, 659.0), (1015.0, 659.9), (1015.0, 659.3), (1015.0, 659.0), (1015.0, 659.9), (1015.0, 659.3), (1015.0, 659.0), (1015.0, 659.9), (1015.0, 659.3), (1015.0, 659.0), (1015.0, 659.9), (1015.0, 659.3), (1015.0, 659.0), (1015.0, 659.9), (1015.0, 659.3), (1015.0, 659.0), (1015.0, 659.9), (1015.0, 659.3), (1015.0, 659.0), (1015.0, 659.9), (1015.0, 659.3), (1015.0, 659.0), (1015.0, 659.9), (1015.0, 659.3), (1015.0, 659.0), (1015.0, 659.9), (1015.0, 659.3), (1015.0, 659.0), (1015.0, 659.9), (1015.0, 659.3), (1015.0, 659.0)]",0,6.43
speedrunner,meatboy,10,Stuck,5,0,144.99,0.961,"[(73.0, 653.0), (120.3, 655.1), (200.3, 650.4), (280.3, 659.3), (360.3, 659.0), (440.3, 618.1), (520.3, 578.8), (600.3, 558.4), (680.3, 556.8), (757.8, 556.2), (837.8, 526.8), (917.8, 544.4), (983.0, 580.3), (983.0, 620.0), (984.3, 660.0), (1015.0, 659.0), (1015.0, 659.9), (1015.0, 659.3), (1015.0, 659.0), (1015.0, 659.9), (1015.0, 659.3), (1015.0, 659.0), (1015.0, 659.9), (1015.0, 659.3), (1015.0, 659.0), (1015.0, 659.9), (1015.0, 659.3), (1015.0, 659.0), (1015.0, 659.9), (1015.0, 659.3), (1015.0, 659.0), (1015.0, 659.9), (1015.0, 659.3), (1015.0, 659.0), (1015.0, 659.9), (1015.0, 659.3), (1015.0, 659.0), (1015.0, 659.9), (1015.0, 659.3), (1015.0, 659.0), (1015.0, 659.9), (1015.0, 659.3), (1015.0, 659.0), (1015.0, 659.9), (1015.0, 659.3), (1015.0, 659.0), (1015.0, 659.9), (1015.0, 659.3), (1015.0, 659.0)]",0,6.43
speedrunner,meatboy,10,Stuck,6,0,145.41,0.961,"[(73.0, 653.0), (120.3, 655.1), (200.3, 650.4), (280.3, 659.3), (360.3, 659.0), (440.3, 659.9), (520.3, 659.3), (600.3, 630.8), (680.3, 627.2), (760.3, 651.9), (840.3, 659.0), (920.3, 637.6), (983.0, 591.3), (983.0, 563.8), (983.0, 555.2), (983.0, 565.4), (983.0, 594.4), (983.0, 634.1), (921.0, 626.6), (886.3, 629.0), (936.0, 650.2), (1016.0, 659.9), (1015.0, 659.3), (1015.0, 659.0), (1015.0, 659.9), (1015.0, 659.3), (1015.0, 659.0), (1015.0, 659.9), (1015.0, 659.3), (1015.0, 659.0), (1015.0, 659.9), (1015.0, 659.3), (1015.0, 659.0), (1015.0, 659.9), (1015.0, 659.3), (1015.0, 659.0), (1015.0, 659.9), (1015.0, 659.3), (1015.0, 659.0), (1015.0, 659.9), (1015.0, 659.3), (1015.0, 659.0), (1015.0, 659.9), (1015.0, 659.3), (1015.0, 659.0), (1015.0, 659.9), (1015.0, 659.3), (1015.0, 659.0), (1015.0, 659.9)]",0,6.47
speedrunner,meatboy,10,Stuck,1,0,145.7,0.961,"[(73.0, 653.0), (120.3, 659.3), (200.3, 659.0), (280.3, 659.9), (360.3, 659.3), (440.3, 659.0), (520.3, 659.9), (600.3, 659.3), (680.3, 659.0), (760.3, 659.9), (840.3, 659.3), (920.3, 659.0), (1000.3, 653.3), (1015.0, 659.9), (1015.0, 659.3), (1015.0, 659.0), (1015.0, 659.9), (1015.0, 659.3), (1015.0, 659.0), (1015.0, 659.9), (1015.0, 659.3), (1015.0, 659.0), (1015.0, 659.9), (1015.0, 659.3), (1015.0, 659.0), (1015.0, 659.9), (1015.0, 659.3), (1015.0, 659.0), (1015.0, 659.9), (1015.0, 659.3), (1015.0, 659.0), (1015.0, 659.9), (1015.0, 659.3), (1015.0, 659.0), (1015.0, 659.9), (1015.0, 659.3), (1015.0, 659.0), (1015.0, 659.9), (1015.0, 659.3), (1015.0, 659.0), (1015.0, 659.9), (1015.0, 659.3), (1015.0, 659.0), (1015.0, 659.9), (1015.0, 659.3), (1015.0, 659.0), (1015.0, 659.9), (1015.0, 659.3), (1015.0, 659.0)]",0,6.43
speedrunner,meatboy,10,Stuck,1,0,145.7,0.961,"[(73.0, 653.0), (120.3, 644.1), (200.3, 623.9), (280.3, 644.0), (360.3, 659.3), (440.3, 659.0), (520.3, 659.9), (600.3, 659.3), (680.3, 659.0), (760.3, 659.9), (840.3, 659.3), (920.3, 659.0), (1000.3, 659.9), (1015.0, 659.3), (1015.0, 659.0), (1015.0, 659.9), (1015.0, 659.3), (1015.0, 659.0), (1015.0, 659.9), (1015.0, 659.3), (1015.0, 659.0), (1015.0, 659.9), (1015.0, 659.3), (1015.0, 659.0), (1015.0, 659.9), (1015.0, 659.3), (1015.0, 659.0), (1015.0, 659.9), (1015.0, 659.3), (1015.0, 659.0), (1015.0, 659.9), (1015.0, 659.3), (1015.0, 659.0), (1015.0, 659.9), (1015.0, 659.3), (1015.0, 659.0), (1015.0, 659.9), (1015.0, 659.3), (1015.0, 659.0), (1015.0, 659.9), (1015.0, 659.3), (1015.0, 659.0), (1015.0, 659.9), (1015.0, 659.3), (1015.0, 659.0), (1015.0, 659.9), (1015.0, 659.3), (1015.0, 659.0), (1015.0, 659.9)]",0,6.43
speedrunner,meatboy,10,Stuck,5,0,144.99,0.961,"[(73.0, 653.0), (120.3, 655.1), (200.3, 650.4), (280.3, 659.3), (360.3, 659.0), (440.3, 618.1), (520.3, 578.8), (600.3, 558.4), (680.3, 556.8), (757.8, 556.2), (837.8, 526.8), (917.8, 544.4), (983.0, 580.3), (983.0, 620.0), (984.3, 660.0), (1015.0, 659.0), (1015.0, 659.9), (1015.0, 659.3), (1015.0, 659.0), (1015.0, 659.9), (1015.0, 659.3), (1015.0, 659.0), (1015.0, 659.9), (1015.0, 659.3), (1015.0, 659.0), (1015.0, 659.9), (1015.0, 659.3), (1015.0, 659.0), (1015.0, 659.9), (1015.0, 659.3), (1015.0, 659.0), (1015.0, 659.9), (1015.0, 659.3), (1015.0, 659.0), (1015.0, 659.9), (1015.0, 659.3), (1015.0, 659.0), (1015.0, 659.9), (1015.0, 659.3), (1015.0, 659.0), (1015.0, 659.9), (1015.0, 659.3), (1015.0, 659.0), (1015.0, 659.9), (1015.0, 659.3), (1015.0, 659.0), (1015.0, 659.9), (1015.0, 659.3), (1015.0, 659.0)]",0,6.43
speedrunner,meatboy,10,Stuck,5,0,145.39,0.961,"[(73.0, 653.0), (120.3, 655.1), (200.3, 650.4), (280.3, 659.3), (360.3, 659.0), (440.3, 618.1), (520.3, 578.8), (600.3, 558.4), (680.3, 556.8), (760.3, 556.2), (840.3, 526.8), (920.3, 544.4), (983.0, 580.3), (983.0, 620.0), (984.3, 660.0), (1015.0, 659.0), (1015.0, 659.9), (1015.0, 659.3), (1015.0, 659.0), (1015.0, 659.9), (1015.0, 659.3), (1015.0, 659.0), (1015.0, 659.9), (1015.0, 659.3), (1015.0, 659.0), (1015.0, 659.9), (1015.0, 659.3), (1015.0, 659.0), (1015.0, 659.9), (1015.0, 659.3), (1015.0, 659.0), (1015.0, 659.9), (1015.0, 659.3), (1015.0, 659.0), (1015.0, 659.9), (1015.0, 659.3), (1015.0, 659.0), (1015.0, 659.9), (1015.0, 659.3), (1015.0, 659.0), (1015.0, 659.9), (1015.0, 659.3), (1015.0, 659.0), (1015.0, 659.9), (1015.0, 659.3), (1015.0, 659.0), (1015.0, 659.9), (1015.0, 659.3), (1015.0, 659.0)]",0,6.43
speedrunner,meatboy,10,Stuck,5,0,145.39,0.961,"[(73.0, 653.0), (120.3, 655.1), (200.3, 650.4), (280.3, 659.3), (360.3, 659.0), (440.3, 618.1), (520.3, 578.8), (600.3, 558.4), (680.3, 556.8), (760.3, 556.2), (840.3, 526.8), (920.3, 544.4), (983.0, 580.3), (983.0, 620.0), (984.3, 660.0), (1015.0, 659.0), (1015.0, 659.9), (1015.0, 659.3), (1015.0, 659.0), (1015.0, 659.9), (1015.0, 659.3), (1015.0, 659.0), (1015.0, 659.9), (1015.0, 659.3), (1015.0, 659.0), (1015.0, 659.9), (1015.0, 659.3), (1015.0, 659.0), (1015.0, 659.9), (1015.0, 659.3), (1015.0, 659.0), (1015.0, 659.9), (1015.0, 659.3), (1015.0, 659.0), (1015.0, 659.9), (1015.0, 659.3), (1015.0, 659.0), (1015.0, 659.9), (1015.0, 659.3), (1015.0, 659.0), (1015.0, 659.9), (1015.0, 659.3), (1015.0, 659.0), (1015.0, 659.9), (1015.0, 659.3), (1015.0, 659.0), (1015.0, 659.9), (1015.0, 659.3), (1015.0, 659.0)]",0,6.43
speedrunner,meatboy,10,Stuck,5,0,144.19,0.961,"[(73.0, 653.0), (120.3, 655.1), (200.3, 650.4), (280.3, 659.3), (360.3, 659.0), (440.3, 623.4), (520.3, 581.8), (600.3, 559.0), (680.3, 555.1), (755.0, 563.9), (835.0, 525.9), (915.0, 541.2), (983.0, 575.0), (983.0, 614.7), (983.0, 654.4), (1015.0, 659.2), (1015.0, 659.3), (1015.0, 659.0), (1015.0, 659.9), (1015.0, 659.3), (1015.0, 659.0), (1015.0, 659.9), (1015.0, 659.3), (1015.0, 659.0), (1015.0, 659.9), (1015.0, 659.3), (1015.0, 659.0), (1015.0, 659.9), (1015.0, 659.3), (1015.0, 659.0), (1015.0, 659.9), (1015.0, 659.3), (1015.0, 659.0), (1015.0, 659.9), (1015.0, 659.3), (1015.0, 659.0), (1015.0, 659.9), (1015.0, 659.3), (1015.0, 659.0), (1015.0, 659.9), (1015.0, 659.3), (1015.0, 659.0), (1015.0, 659.9), (1015.0, 659.3), (1015.0, 659.0), (1015.0, 659.9), (1015.0, 659.3), (1015.0, 659.0), (1015.0, 659.9)]",0,6.45
speedrunner,meatboy,10,Stuck,2,0,145.7,0.961,"[(73.0, 653.0), (120.3, 655.1), (200.3, 650.4), (280.3, 659.3), (360.3, 659.0), (440.3, 659.9), (520.3, 659.3), (600.3, 659.0), (680.3, 659.9), (760.3, 659.3), (840.3, 659.0), (920.3, 659.9), (1000.3, 659.3), (1015.0, 659.0), (1015.0, 659.9), (1015.0, 659.3), (1015.0, 659.0), (1015.0, 659.9), (1015.0, 659.3), (1015.0, 659.0), (1015.0, 659.9), (1015.0, 659.3), (1015.0, 659.0), (1015.0, 659.9), (1015.0, 659.3), (1015.0, 659.0), (1015.0, 659.9), (1015.0, 659.3), (1015.0, 659.0), (1015.0, 659.9), (1015.0, 659.3), (1015.0, 659.0), (1015.0, 659.9), (1015.0, 659.3), (1015.0, 659.0), (1015.0, 659.9), (1015.0, 659.3), (1015.0, 659.0), (1015.0, 659.9), (1015.0, 659.3), (1015.0, 659.0), (1015.0, 659.9), (1015.0, 659.3), (1015.0, 659.0), (1015.0, 659.9), (1015.0, 659.3), (1015.0, 659.0), (1015.0, 659.9), (1015.0, 659.3)]",0,6.43
speedrunner,meatboy,10,Stuck,7,0,131.93,0.961,"[(73.0, 653.0), (120.3, 655.1), (200.3, 650.4), (280.3, 659.3), (360.3, 659.0), (440.3, 659.9), (520.3, 659.3), (600.3, 630.8), (680.3, 627.2), (760.3, 651.9), (840.3, 659.0), (920.3, 659.9), (983.0, 615.0), (983.0, 607.9), (983.0, 619.7), (962.3, 629.4), (893.0, 622.3), (885.0, 634.1), (885.6, 657.7), (939.3, 650.7), (1015.0, 659.0), (1015.0, 659.9), (1015.0, 659.3), (1015.0, 659.0), (1015.0, 659.9), (1015.0, 659.3), (1015.0, 659.0), (1015.0, 659.9), (1015.0, 659.3), (1015.0, 659.0), (1015.0, 659.9), (1015.0, 659.3), (1015.0, 659.0), (1015.0, 659.9), (1015.0, 659.3), (1015.0, 659.0), (1015.0, 659.9), (1015.0, 659.3), (1015.0, 659.0), (1015.0, 659.9), (1015.0, 659.3), (1015.0, 659.0), (1015.0, 659.9), (1015.0, 659.3), (1015.0, 659.0), (1015.0, 659.9), (1015.0, 659.3), (1015.0, 659.0), (1015.0, 659.9), (1015.0, 659.3), (1015.0, 659.0), (1015.0, 659.9), (1015.0, 659.3), (1015.0, 659.0)]",0,7.07
speedrunner,meatboy,10,Stuck,5,0,146.13,0.961,"[(73.0, 653.0), (120.3, 655.1), (200.3, 650.4), (280.3, 659.3), (360.3, 659.0), (440.3, 618.1), (520.3, 578.8), (600.3, 558.4), (680.3, 556.8), (757.8, 540.8), (837.8, 529.4), (917.8, 551.8), (983.0, 591.8), (983.0, 631.5), (991.0, 653.3), (1015.0, 659.9), (1015.0, 659.3), (1015.0, 659.0), (1015.0, 659.9), (1015.0, 659.3), (1015.0, 659.0), (1015.0, 659.9), (1015.0, 659.3), (1015.0, 659.0), (1015.0, 659.9), (1015.0, 659.3), (1015.0, 659.0), (1015.0, 659.9), (1015.0, 659.3), (1015.0, 659.0), (1015.0, 659.9), (1015.0, 659.3), (1015.0, 659.0), (1015.0, 659.9), (1015.0, 659.3), (1015.0, 659.0), (1015.0, 659.9), (1015.0, 659.3), (1015.0, 659.0), (1015.0, 659.9), (1015.0, 659.3), (1015.0, 659.0), (1015.0, 659.9), (1015.0, 659.3), (1015.0, 659.0), (1015.0, 659.9), (1015.0, 659.3), (1015.0, 659.0)]",0,6.38
speedrunner,meatboy,10,Stuck,2,0,145.7,0.961,"[(73.0, 653.0), (120.3, 655.1), (200.3, 650.4), (280.3, 659.3), (360.3, 659.0), (440.3, 659.9), (520.3, 659.3), (600.3, 659.0), (680.3, 659.9), (760.3, 659.3), (840.3, 659.0), (920.3, 659.9), (1000.3, 659.3), (1015.0, 659.0), (1015.0, 659.9), (1015.0, 659.3), (1015.0, 659.0), (1015.0, 659.9), (1015.0, 659.3), (1015.0, 659.0), (1015.0, 659.9), (1015.0, 659.3), (1015.0, 659.0), (1015.0, 659.9), (1015.0, 659.3), (1015.0, 659.0), (1015.0, 659.9), (1015.0, 659.3), (1015.0, 659.0), (1015.0, 659.9), (1015.0, 659.3), (1015.0, 659.0), (1015.0, 659.9), (1015.0, 659.3), (1015.0, 659.0), (1015.0, 659.9), (1015.0, 659.3), (1015.0, 659.0), (1015.0, 659.9), (1015.0, 659.3), (1015.0, 659.0), (1015.0, 659.9), (1015.0, 659.3), (1015.0, 659.0), (1015.0, 659.9), (1015.0, 659.3), (1015.0, 659.0), (1015.0, 659.9), (1015.0, 659.3)]",0,6.43
speedrunner,meatboy,10,Stuck,11,0,108.24,0.749,"[(73.0, 653.0), (120.3, 655.1), (200.3, 650.4), (280.3, 659.3), (360.3, 659.0), (440.3, 618.1), (520.3, 578.8), (600.3, 558.4), (680.3, 556.8), (753.2, 564.8), (833.2, 525.9), (913.2, 541.2), (983.0, 575.0), (983.0, 614.7), (962.3, 632.9), (880.5, 625.8), (800.5, 637.6), (741.1, 659.3), (776.5, 652.2), (856.5, 601.1), (936.5, 568.9), (983.0, 555.6), (983.0, 561.1), (983.0, 585.4), (983.0, 624.2), (941.7, 628.9), (860.5, 626.6), (780.5, 643.1), (741.5, 659.0), (796.5, 637.6), (876.5, 591.3), (956.5, 563.8), (983.0, 555.2), (983.0, 565.4), (983.0, 594.4), (983.0, 634.1), (921.0, 626.6), (840.5, 629.0), (761.8, 650.2), (747.8, 659.9), (816.5, 624.3), (896.5, 582.7), (976.5, 559.9), (983.0, 556.0), (983.0, 570.9), (983.0, 604.3), (983.0, 644.0), (900.6, 625.4), (820.5, 632.5)]",0,6.45
speedrunner,meatboy,10,Stuck,2,0,145.7,0.961,"[(73.0, 653.0), (120.3, 659.3), (200.3, 659.0), (280.3, 621.9), (360.3, 637.2), (440.3, 659.9), (520.3, 659.3), (600.3, 659.0), (680.3, 659.9), (760.3, 659.3), (840.3, 659.0), (920.3, 659.9), (1000.3, 659.3), (1015.0, 659.2), (1015.0, 659.3), (1015.0, 659.0), (1015.0, 659.9), (1015.0, 659.3), (1015.0, 659.0), (1015.0, 659.9), (1015.0, 659.3), (1015.0, 659.0), (1015.0, 659.9), (1015.0, 659.3), (1015.0, 659.0), (1015.0, 659.9), (1015.0, 659.3), (1015.0, 659.0), (1015.0, 659.9), (1015.0, 659.3), (1015.0, 659.0), (1015.0, 659.9), (1015.0, 659.3), (1015.0, 659.0), (1015.0, 659.9), (1015.0, 659.3), (1015.0, 659.0), (1015.0, 659.9), (1015.0, 659.3), (1015.0, 659.0), (1015.0, 659.9), (1015.0, 659.3), (1015.0, 659.0), (1015.0, 659.9), (1015.0, 659.3), (1015.0, 659.0), (1015.0, 659.9), (1015.0, 659.3), (1015.0, 659.0)]",0,6.43
speedrunner,meatboy,10,Stuck,11,0,108.24,0.749,"[(73.0, 653.0), (120.3, 655.1), (200.3, 650.4), (280.3, 659.3), (360.3, 659.0), (440.3, 618.1), (520.3, 578.8), (600.3, 558.4), (680.3, 556.8), (753.2, 564.8), (833.2, 525.9), (913.2, 541.2), (983.0, 575.0), (983.0, 614.7), (962.3, 632.9), (880.5, 625.8), (800.5, 637.6), (741.1, 659.3), (776.5, 652.2), (856.5, 601.1), (936.5, 568.9), (983.0, 555.6), (983.0, 561.1), (983.0, 585.4), (983.0, 624.2), (941.7, 628.9), (860.5, 626.6), (780.5, 643.1), (741.5, 659.0), (796.5, 637.6), (876.5, 591.3), (956.5, 563.8), (983.0, 555.2), (983.0, 565.4), (983.0, 594.4), (983.0, 634.1), (921.0, 626.6), (840.5, 629.0), (761.8, 650.2), (747.8, 659.9), (816.5, 624.3), (896.5, 582.7), (976.5, 559.9), (983.0, 556.0), (983.0, 570.9), (983.0, 604.3), (983.0, 644.0), (900.6, 625.4), (820.5, 632.5)]",0,6.45
speedrunner,meatboy,10,Stuck,5,0,144.19,0.961,"[(73.0, 653.0), (120.3, 655.1), (200.3, 650.4), (280.3, 659.3), (360.3, 659.0), (440.3, 623.4), (520.3, 581.8), (600.3, 559.0), (680.3, 555.1), (755.0, 563.9), (835.0, 525.9), (915.0, 541.2), (983.0, 575.0), (983.0, 614.7), (983.0, 654.4), (1015.0, 659.2), (1015.0, 659.3), (1015.0, 659.0), (1015.0, 659.9), (1015.0, 659.3), (1015.0, 659.0), (1015.0, 659.9), (1015.0, 659.3), (1015.0, 659.0), (1015.0, 659.9), (1015.0, 659.3), (1015.0, 659.0), (1015.0, 659.9), (1015.0, 659.3), (1015.0, 659.0), (1015.0, 659.9), (1015.0, 659.3), (1015.0, 659.0), (1015.0, 659.9), (1015.0, 659.3), (1015.0, 659.0), (1015.0, 659.9), (1015.0, 659.3), (1015.0, 659.0), (1015.0, 659.9), (1015.0, 659.3), (1015.0, 659.0), (1015.0, 659.9), (1015.0, 659.3), (1015.0, 659.0), (1015.0, 659.9), (1015.0, 659.3), (1015.0, 659.0), (1015.0, 659.9)]",0,6.45
speedrunner,meatboy,10,Stuck,5,0,145.39,0.961,"[(73.0, 653.0), (120.3, 655.1), (200.3, 650.4), (280.3, 659.3), (360.3, 659.0), (440.3, 618.1), (520.3, 578.8), (600.3, 558.4), (680.3, 556.8), (760.3, 556.2), (840.3, 526.8), (920.3, 544.4), (983.0, 580.3), (983.0, 620.0), (984.3, 660.0), (1015.0, 659.0), (1015.0, 659.9), (1015.0, 659.3), (1015.0, 659.0), (1015.0, 659.9), (1015.0, 659.3), (1015.0, 659.0), (1015.0, 659.9), (1015.0, 659.3), (1015.0, 659.0), (1015.0, 659.9), (1015.0, 659.3), (1015.0, 659.0), (1015.0, 659.9), (1015.0, 659.3), (1015.0, 659.0), (1015.0, 659.9), (1015.0, 659.3), (1015.0, 659.0), (1015.0, 659.9), (1015.0, 659.3), (1015.0, 659.0), (1015.0, 659.9), (1015.0, 659.3), (1015.0, 659.0), (1015.0, 659.9), (1015.0, 659.3), (1015.0, 659.0), (1015.0, 659.9), (1015.0, 659.3), (1015.0, 659.0), (1015.0, 659.9), (1015.0, 659.3), (1015.0, 659.0)]",0,6.43
speedrunner,meatboy,10,Stuck,5,0,145.39,0.961,"[(73.0, 653.0), (120.3, 655.1), (200.3, 650.4), (280.3, 659.3), (360.3, 659.0), (440.3, 618.1), (520.3, 578.8), (600.3, 558.4), (680.3, 556.8), (760.3, 556.2), (840.3, 526.8), (920.3, 544.4), (983.0, 580.3), (983.0, 620.0), (984.3, 660.0), (1015.0, 659.0), (1015.0, 659.9), (1015.0, 659.3), (1015.0, 659.0), (1015.0, 659.9), (1015.0, 659.3), (1015.0, 659.0), (1015.0, 659.9), (1015.0, 659.3), (1015.0, 659.0), (1015.0, 659.9), (1015.0, 659.3), (1015.0, 659.0), (1015.0, 659.9), (1015.0, 659.3), (1015.0, 659.0), (1015.0, 659.9), (1015.0, 659.3), (1015.0, 659.0), (1015.0, 659.9), (1015.0, 659.3), (1015.0, 659.0), (1015.0, 659.9), (1015.0, 659.3), (1015.0, 659.0), (1015.0, 659.9), (1015.0, 659.3), (1015.0, 659.0), (1015.0, 659.9), (1015.0, 659.3), (1015.0, 659.0), (1015.0, 659.9), (1015.0, 659.3), (1015.0, 659.0)]",0,6.43
speedrunner,meatboy,10,Stuck,1,0,145.7,0.961,"[(73.0, 653.0), (120.3, 659.3), (200.3, 659.0), (280.3, 659.9), (360.3, 659.3), (440.3, 659.0), (520.3, 659.9), (600.3, 659.3), (680.3, 659.0), (760.3, 659.9), (840.3, 659.3), (920.3, 659.0), (1000.3, 653.3), (1015.0, 659.9), (1015.0, 659.3), (1015.0, 659.0), (1015.0, 659.9), (1015.0, 659.3), (1015.0, 659.0), (1015.0, 659.9), (1015.0, 659.3), (1015.0, 659.0), (1015.0, 659.9), (1015.0, 659.3), (1015.0, 659.0), (1015.0, 659.9), (1015.0, 659.3), (1015.0, 659.0), (1015.0, 659.9), (1015.0, 659.3), (1015.0, 659.0), (1015.0, 659.9), (1015.0, 659.3), (1015.0, 659.0), (1015.0, 659.9), (1015.0, 659.3), (1015.0, 659.0), (1015.0, 659.9), (1015.0, 659.3), (1015.0, 659.0), (1015.0, 659.9), (1015.0, 659.3), (1015.0, 659.0), (1015.0, 659.9), (1015.0, 659.3), (1015.0, 659.0), (1015.0, 659.9), (1015.0, 659.3), (1015.0, 659.0)]",0,6.43
speedrunner,meatboy,10,Saw,3,0,543.33,0.378,"[(73.0, 653.0), (120.3, 655.1), (200.3, 650.4), (280.3, 659.3), (360.3, 605.9)]",0,0.6
speedrunner,meatboy,10,Stuck,7,0,132.57,0.961,"[(73.0, 653.0), (120.3, 655.1), (200.3, 650.4), (280.3, 659.3), (360.3, 659.0), (440.3, 659.9), (520.3, 624.3), (599.0, 582.7), (599.0, 573.3), (596.3, 582.7), (599.0, 611.0), (619.0, 655.0), (696.3, 621.3), (776.3, 634.2), (856.3, 659.3), (936.3, 617.2), (983.0, 579.6), (983.0, 572.5), (983.0, 584.3), (983.0, 615.0), (983.0, 654.7), (1015.0, 654.8), (1015.0, 659.3), (1015.0, 659.0), (1015.0, 659.9), (1015.0, 659.3), (1015.0, 659.0), (1015.0, 659.9), (1015.0, 659.3), (1015.0, 659.0), (1015.0, 659.9), (1015.0, 659.3), (1015.0, 659.0), (1015.0, 659.9), (1015.0, 659.3), (1015.0, 659.0), (1015.0, 659.9), (1015.0, 659.3), (1015.0, 659.0), (1015.0, 659.9), (1015.0, 659.3), (1015.0, 659.0), (1015.0, 659.9), (1015.0, 659.3), (1015.0, 659.0), (1015.0, 659.9), (1015.0, 659.3), (1015.0, 659.0), (1015.0, 659.9), (1015.0, 659.3), (1015.0, 659.0), (1015.0, 659.9), (1015.0, 659.3)]",0,6.95
speedrunner,meatboy,10,Stuck,5,0,144.64,0.961,"[(73.0, 653.0), (120.3, 655.1), (200.3, 650.4), (280.3, 659.3), (360.3, 659.0), (440.3, 659.9), (520.3, 659.3), (600.3, 630.8), (680.3, 627.2), (760.3, 651.9), (840.3, 659.0), (920.3, 637.6), (983.0, 591.3), (983.0, 563.8), (983.0, 555.2), (983.0, 565.4), (983.0, 594.4), (983.0, 634.1), (996.3, 653.9), (1015.0, 659.0), (1015.0, 659.9), (1015.0, 659.3), (1015.0, 659.0), (1015.0, 659.9), (1015.0, 659.3), (1015.0, 659.0), (1015.0, 659.9), (1015.0, 659.3), (1015.0, 659.0), (1015.0, 659.9), (1015.0, 659.3), (1015.0, 659.0), (1015.0, 659.9), (1015.0, 659.3), (1015.0, 659.0), (1015.0, 659.9), (1015.0, 659.3), (1015.0, 659.0), (1015.0, 659.9), (1015.0, 659.3), (1015.0, 659.0), (1015.0, 659.9), (1015.0, 659.3), (1015.0, 659.0), (1015.0, 659.9), (1015.0, 659.3), (1015.0, 659.0), (1015.0, 659.9), (1015.0, 659.3)]",0,6.47
speedrunner,meatboy,10,Stuck,1,0,145.7,0.961,"[(73.0, 653.0), (120.3, 659.3), (200.3, 659.0), (280.3, 659.9), (360.3, 659.3), (440.3, 659.0), (520.3, 659.9), (600.3, 659.3), (680.3, 659.0), (760.3, 659.9), (840.3, 659.3), (920.3, 659.0), (1000.3, 659.9), (1015.0, 659.3), (1015.0, 659.0), (1015.0, 659.9), (1015.0, 659.3), (1015.0, 659.0), (1015.0, 659.9), (1015.0, 659.3), (1015.0, 659.0), (1015.0, 659.9), (1015.0, 659.3), (1015.0, 659.0), (1015.0, 659.9), (1015.0, 659.3), (1015.0, 659.0), (1015.0, 659.9), (1015.0, 659.3), (1015.0, 659.0), (1015.0, 659.9), (1015.0, 659.3), (1015.0, 659.0), (1015.0, 659.9), (1015.0, 659.3), (1015.0, 659.0), (1015.0, 659.9), (1015.0, 659.3), (1015.0, 659.0), (1015.0, 659.9), (1015.0, 659.3), (1015.0, 659.0), (1015.0, 659.9), (1015.0, 659.3), (1015.0, 659.0), (1015.0, 659.9), (1015.0, 659.3), (1015.0, 659.0), (1015.0, 659.9)]",0,6.43
speedrunner,meatboy,10,Stuck,4,0,145.39,0.961,"[(73.0, 653.0), (120.3, 655.1), (200.3, 650.4), (280.3, 659.3), (360.3, 659.0), (440.3, 623.4), (520.3, 581.8), (600.3, 559.0), (680.3, 555.1), (760.3, 555.6), (840.3, 526.8), (920.3, 544.4), (983.0, 580.3), (983.0, 620.0), (984.3, 660.0), (1015.0, 659.3), (1015.0, 659.0), (1015.0, 659.9), (1015.0, 659.3), (1015.0, 659.0), (1015.0, 659.9), (1015.0, 659.3), (1015.0, 659.0), (1015.0, 659.9), (1015.0, 659.3), (1015.0, 659.0), (1015.0, 659.9), (1015.0, 659.3), (1015.0, 659.0), (1015.0, 659.9), (1015.0, 659.3), (1015.0, 659.0), (1015.0, 659.9), (1015.0, 659.3), (1015.0, 659.0), (1015.0, 659.9), (1015.0, 659.3), (1015.0, 659.0), (1015.0, 659.9), (1015.0, 659.3), (1015.0, 659.0), (1015.0, 659.9), (1015.0, 659.3), (1015.0, 659.0), (1015.0, 659.9), (1015.0, 659.3), (1015.0, 659.0), (1015.0, 659.9), (1015.0, 659.3)]",0,6.43
speedrunner,meatboy,10,Stuck,4,0,145.39,0.961,"[(73.0, 653.0), (120.3, 655.1), (200.3, 650.4), (280.3, 659.3), (360.3, 659.0), (440.3, 623.4), (520.3, 581.8), (600.3, 559.0), (680.3, 555.1), (760.3, 555.6), (840.3, 526.8), (920.3, 544.4), (983.0, 580.3), (983.0, 620.0), (984.3, 660.0), (1015.0, 659.3), (1015.0, 659.0), (1015.0, 659.9), (1015.0, 659.3), (1015.0, 659.0), (1015.0, 659.9), (1015.0, 659.3), (1015.0, 659.0), (1015.0, 659.9), (1015.0, 659.3), (1015.0, 659.0), (1015.0, 659.9), (1015.0, 659.3), (1015.0, 659.0), (1015.0, 659.9), (1015.0, 659.3), (1015.0, 659.0), (1015.0, 659.9), (1015.0, 659.3), (1015.0, 659.0), (1015.0, 659.9), (1015.0, 659.3), (1015.0, 659.0), (1015.0, 659.9), (1015.0, 659.3), (1015.0, 659.0), (1015.0, 659.9), (1015.0, 659.3), (1015.0, 659.0), (1015.0, 659.9), (1015.0, 659.3), (1015.0, 659.0), (1015.0, 659.9), (1015.0, 659.3)]",0,6.43
speedrunner,meatboy,10,Stuck,5,0,145.39,0.961,"[(73.0, 653.0), (120.3, 655.1), (200.3, 650.4), (280.3, 659.3), (360.3, 659.0), (440.3, 618.1), (520.3, 578.8), (600.3, 558.4), (680.3, 556.8), (760.3, 556.2), (840.3, 526.8), (920.3, 544.4), (983.0, 580.3), (983.0, 620.0), (984.3, 660.0), (1015.0, 659.0), (1015.0, 659.9), (1015.0, 659.3), (1015.0, 659.0), (1015.0, 659.9), (1015.0, 659.3), (1015.0, 659.0), (1015.0, 659.9), (1015.0, 659.3), (1015.0, 659.0), (1015.0, 659.9), (1015.0, 659.3), (1015.0, 659.0), (1015.0, 659.9), (1015.0, 659.3), (1015.0, 659.0), (1015.0, 659.9), (1015.0, 659.3), (1015.0, 659.0), (1015.0, 659.9), (1015.0, 659.3), (1015.0, 659.0), (1015.0, 659.9), (1015.0, 659.3), (1015.0, 659.0), (1015.0, 659.9), (1015.0, 659.3), (1015.0, 659.0), (1015.0, 659.9), (1015.0, 659.3), (1015.0, 659.0), (1015.0, 659.9), (1015.0, 659.3), (1015.0, 659.0)]",0,6.43
speedrunner,meatboy,10,Stuck,5,0,145.39,0.961,"[(73.0, 653.0), (120.3, 655.1), (200.3, 650.4), (280.3, 659.3), (360.3, 659.0), (440.3, 618.1), (520.3, 578.8), (600.3, 558.4), (680.3, 556.8), (760.3, 556.2), (840.3, 526.8), (920.3, 544.4), (983.0, 580.3), (983.0, 620.0), (984.3, 660.0), (1015.0, 659.0), (1015.0, 659.9), (1015.0, 659.3), (1015.0, 659.0), (1015.0, 659.9), (1015.0, 659.3), (1015.0, 659.0), (1015.0, 659.9), (1015.0, 659.3), (1015.0, 659.0), (1015.0, 659.9), (1015.0, 659.3), (1015.0, 659.0), (1015.0, 659.9), (1015.0, 659.3), (1015.0, 659.0), (1015.0, 659.9), (1015.0, 659.3), (1015.0, 659.0), (1015.0, 659.9), (1015.0, 659.3), (1015.0, 659.0), (1015.0, 659.9), (1015.0, 659.3), (1015.0, 659.0), (1015.0, 659.9), (1015.0, 659.3), (1015.0, 659.0), (1015.0, 659.9), (1015.0, 659.3), (1015.0, 659.0), (1015.0, 659.9), (1015.0, 659.3), (1015.0, 659.0)]",0,6.43
speedrunner,meatboy,10,Stuck,5,0,144.19,0.961,"[(73.0, 653.0), (120.3, 655.1), (200.3, 650.4), (280.3, 659.3), (360.3, 659.0), (440.3, 623.4), (520.3, 581.8), (600.3, 559.0), (680.3, 555.1), (755.0, 563.9), (835.0, 525.9), (915.0, 541.2), (983.0, 575.0), (983.0, 614.7), (983.0, 654.4), (1015.0, 659.2), (1015.0, 659.3), (1015.0, 659.0), (1015.0, 659.9), (1015.0, 659.3), (1015.0, 659.0), (1015.0, 659.9), (1015.0, 659.3), (1015.0, 659.0), (1015.0, 659.9), (1015.0, 659.3), (1015.0, 659.0), (1015.0, 659.9), (1015.0, 659.3), (1015.0, 659.0), (1015.0, 659.9), (1015.0, 659.3), (1015.0, 659.0), (1015.0, 659.9), (1015.0, 659.3), (1015.0, 659.0), (1015.0, 659.9), (1015.0, 659.3), (1015.0, 659.0), (1015.0, 659.9), (1015.0, 659.3), (1015.0, 659.0), (1015.0, 659.9), (1015.0, 659.3), (1015.0, 659.0), (1015.0, 659.9), (1015.0, 659.3), (1015.0, 659.0), (1015.0, 659.9)]",0,6.45
speedrunner,meatboy,10,Stuck,6,0,138.37,0.961,"[(73.0, 653.0), (120.3, 659.3), (200.3, 659.0), (280.3, 659.9), (360.3, 659.3), (440.3, 659.0), (520.3, 659.9), (600.3, 637.1), (680.3, 625.4), (760.3, 647.8), (840.3, 659.9), (920.3, 659.3), (983.0, 623.7), (983.0, 582.1), (983.0, 559.3), (983.0, 555.4), (983.0, 570.3), (983.0, 603.8), (983.0, 643.4), (904.3, 624.8), (885.7, 631.9), (899.0, 657.8), (974.0, 649.7), (987.0, 656.8), (1015.0, 659.2), (1015.0, 659.3), (1015.0, 659.0), (1015.0, 659.9), (1015.0, 659.3), (1015.0, 659.0), (1015.0, 659.9), (1015.0, 659.3), (1015.0, 659.0), (1015.0, 659.9), (1015.0, 659.3), (1015.0, 659.0), (1015.0, 659.9), (1015.0, 659.3), (1015.0, 659.0), (1015.0, 659.9), (1015.0, 659.3), (1015.0, 659.0), (1015.0, 659.9), (1015.0, 659.3), (1015.0, 659.0), (1015.0, 659.9), (1015.0, 659.3), (1015.0, 659.0), (1015.0, 659.9), (1015.0, 659.3), (1015.0, 659.0)]",0,6.77
speedrunner,meatboy,10,Stuck,4,0,145.7,0.961,"[(73.0, 653.0), (120.3, 655.1), (200.3, 650.4), (280.3, 659.3), (360.3, 659.0), (440.3, 659.9), (520.3, 659.3), (600.3, 644.2), (680.3, 623.9), (760.3, 644.0), (840.3, 659.3), (920.3, 659.0), (1000.3, 653.3), (1015.0, 659.9), (1015.0, 659.3), (1015.0, 659.0), (1015.0, 659.9), (1015.0, 659.3), (1015.0, 659.0), (1015.0, 659.9), (1015.0, 659.3), (1015.0, 659.0), (1015.0, 659.9), (1015.0, 659.3), (1015.0, 659.0), (1015.0, 659.9), (1015.0, 659.3), (1015.0, 659.0), (1015.0, 659.9), (1015.0, 659.3), (1015.0, 659.0), (1015.0, 659.9), (1015.0, 659.3), (1015.0, 659.0), (1015.0, 659.9), (1015.0, 659.3), (1015.0, 659.0), (1015.0, 659.9), (1015.0, 659.3), (1015.0, 659.0), (1015.0, 659.9), (1015.0, 659.3), (1015.0, 659.0), (1015.0, 659.9), (1015.0, 659.3), (1015.0, 659.0), (1015.0, 659.9), (1015.0, 659.3), (1015.0, 659.0)]",0,6.43
speedrunner,meatboy,10,Stuck,5,0,145.27,0.961,"[(73.0, 653.0), (120.3, 655.1), (200.3, 650.4), (280.3, 659.3), (360.3, 659.0), (440.3, 618.1), (520.3, 578.8), (600.3, 558.4), (680.3, 556.8), (753.2, 564.8), (833.2, 525.9), (913.2, 541.2), (955.8, 575.4), (913.2, 628.4), (852.6, 659.3), (892.0, 636.8), (972.0, 590.4), (983.0, 562.9), (983.0, 554.3), (983.0, 564.5), (983.0, 593.5), (983.0, 633.2), (996.3, 659.9), (1015.0, 659.3), (1015.0, 659.0), (1015.0, 659.9), (1015.0, 659.3), (1015.0, 659.0), (1015.0, 659.9), (1015.0, 659.3), (1015.0, 659.0), (1015.0, 659.9), (1015.0, 659.3), (1015.0, 659.0), (1015.0, 659.9), (1015.0, 659.3), (1015.0, 659.0), (1015.0, 659.9), (1015.0, 659.3), (1015.0, 659.0), (1015.0, 659.9), (1015.0, 659.3), (1015.0, 659.0), (1015.0, 659.9), (1015.0, 659.3), (1015.0, 659.0), (1015.0, 659.9), (1015.0, 659.3), (1015.0, 659.0)]",0,6.45
speedrunner,meatboy,10,Stuck,32,0,145.39,0.961,"[(73.0, 653.0), (120.3, 655.1), (200.3, 650.4), (280.3, 659.3), (360.3, 659.0), (440.3, 618.1), (520.3, 578.8), (600.3, 558.4), (680.3, 556.8), (760.3, 556.2), (840.3, 526.8), (920.3, 544.4), (983.0, 580.3), (983.0, 620.0), (984.3, 660.0), (1015.0, 659.0), (1015.0, 657.4), (1015.0, 654.8), (1015.0, 653.3), (1015.0, 659.9), (1015.0, 659.0), (1015.0, 657.4), (1015.0, 654.8), (1015.0, 653.3), (1015.0, 659.9), (1015.0, 659.0), (1015.0, 657.4), (1015.0, 654.8), (1015.0, 653.3), (1015.0, 659.9), (1015.0, 659.0), (1015.0, 657.4), (1015.0, 654.8), (1015.0, 653.3), (1015.0, 659.9), (1015.0, 659.0), (1015.0, 657.4), (1015.0, 654.8), (1015.0, 653.3), (1015.0, 659.9), (1015.0, 659.0), (1015.0, 657.4), (1015.0, 654.8), (1015.0, 653.3), (1015.0, 659.9), (1015.0, 659.0), (1015.0, 657.4), (1015.0, 654.8), (1015.0, 653.3)]",0,6.43
speedrunner,meatboy,10,Stuck,2,0,145.7,0.961,"[(73.0, 653.0), (120.3, 655.1), (200.3, 650.4), (280.3, 659.3), (360.3, 659.0), (440.3, 659.9), (520.3, 659.3), (600.3, 659.0), (680.3, 659.9), (760.3, 659.3), (840.3, 659.0), (920.3, 659.9), (1000.3, 659.3), (1015.0, 659.0), (1015.0, 659.9), (1015.0, 659.3), (1015.0, 659.0), (1015.0, 659.9), (1015.0, 659.3), (1015.0, 659.0), (1015.0, 659.9), (1015.0, 659.3), (1015.0, 659.0), (1015.0, 659.9), (1015.0, 659.3), (1015.0, 659.0), (1015.0, 659.9), (1015.0, 659.3), (1015.0, 659.0), (1015.0, 659.9), (1015.0, 659.3), (1015.0, 659.0), (1015.0, 659.9), (1015.0, 659.3), (1015.0, 659.0), (1015.0, 659.9), (1015.0, 659.3), (1015.0, 659.0), (1015.0, 659.9), (1015.0, 659.3), (1015.0, 659.0), (1015.0, 659.9), (1015.0, 659.3), (1015.0, 659.0), (1015.0, 659.9), (1015.0, 659.3), (1015.0, 659.0), (1015.0, 659.9), (1015.0, 659.3)]",0,6.43
speedrunner,meatboy,10,Stuck,9,0,132.1,0.961,"[(73.0, 653.0), (120.3, 655.1), (200.3, 650.4), (280.3, 659.3), (360.3, 659.0), (440.3, 659.9), (520.3, 624.3), (587.0, 594.1), (585.7, 594.1), (511.7, 613.0), (469.0, 650.7), (511.7, 650.2), (591.7, 654.9), (671.7, 659.9), (751.7, 659.3), (831.7, 630.8), (898.3, 599.4), (898.3, 599.5), (831.7, 618.3), (779.7, 656.0), (815.9, 649.7), (895.9, 656.8), (975.9, 659.0), (1015.0, 659.9), (1015.0, 659.3), (1015.0, 659.0), (1015.0, 659.9), (1015.0, 659.3), (1015.0, 659.0), (1015.0, 659.9), (1015.0, 659.3), (1015.0, 659.0), (1015.0, 659.9), (1015.0, 659.3), (1015.0, 659.0), (1015.0, 659.9), (1015.0, 659.3), (1015.0, 659.0), (1015.0, 659.9), (1015.0, 659.3), (1015.0, 659.0), (1015.0, 659.9), (1015.0, 659.3), (1015.0, 659.0), (1015.0, 659.9), (1015.0, 659.3), (1015.0, 659.0), (1015.0, 659.9), (1015.0, 659.3), (1015.0, 659.0), (1015.0, 659.9), (1015.0, 659.3), (1015.0, 659.0), (1015.0, 659.9)]",0,7.13
speedrunner,meatboy,10,Stuck,32,0,145.39,0.961,"[(73.0, 653.0), (120.3, 655.1), (200.3, 650.4), (280.3, 659.3), (360.3, 659.0), (440.3, 618.1), (520.3, 578.8), (600.3, 558.4), (680.3, 556.8), (760.3, 556.2), (840.3, 526.8), (920.3, 544.4), (983.0, 580.3), (983.0, 620.0), (984.3, 660.0), (1015.0, 659.0), (1015.0, 657.4), (1015.0, 654.8), (1015.0, 653.3), (1015.0, 659.9), (1015.0, 659.0), (1015.0, 657.4), (1015.0, 654.8), (1015.0, 653.3), (1015.0, 659.9), (1015.0, 659.0), (1015.0, 657.4), (1015.0, 654.8), (1015.0, 653.3), (1015.0, 659.9), (1015.0, 659.0), (1015.0, 657.4), (1015.0, 654.8), (1015.0, 653.3), (1015.0, 659.9), (1015.0, 659.0), (1015.0, 657.4), (1015.0, 654.8), (1015.0, 653.3), (1015.0, 659.9), (1015.0, 659.0), (1015.0, 657.4), (1015.0, 654.8), (1015.0, 653.3), (1015.0, 659.9), (1015.0, 659.0), (1015.0, 657.4), (1015.0, 654.8), (1015.0, 653.3)]",0,6.43
speedrunner,meatboy,10,Stuck,5,0,145.27,0.961,"[(73.0, 653.0), (120.3, 655.1), (200.3, 650.4), (280.3, 659.3), (360.3, 659.0), (440.3, 618.1), (520.3, 578.8), (600.3, 558.4), (680.3, 556.8), (753.2, 564.8), (833.2, 525.9), (913.2, 541.2), (955.8, 575.4), (913.2, 628.4), (852.6, 659.3), (892.0, 636.8), (972.0, 590.4), (983.0, 562.9), (983.0, 554.3), (983.0, 564.5), (983.0, 593.5), (983.0, 633.2), (996.3, 659.9), (1015.0, 659.3), (1015.0, 659.0), (1015.0, 659.9), (1015.0, 659.3), (1015.0, 659.0), (1015.0, 659.9), (1015.0, 659.3), (1015.0, 659.0), (1015.0, 659.9), (1015.0, 659.3), (1015.0, 659.0), (1015.0, 659.9), (1015.0, 659.3), (1015.0, 659.0), (1015.0, 659.9), (1015.0, 659.3), (1015.0, 659.0), (1015.0, 659.9), (1015.0, 659.3), (1015.0, 659.0), (1015.0, 659.9), (1015.0, 659.3), (1015.0, 659.0), (1015.0, 659.9), (1015.0, 659.3), (1015.0, 659.0)]",0,6.45
speedrunner,meatboy,10,Stuck,5,0,144.19,0.961,"[(73.0, 653.0), (120.3, 655.1), (200.3, 650.4), (280.3, 659.3), (360.3, 659.0), (440.3, 623.4), (520.3, 581.8), (600.3, 559.0), (680.3, 555.1), (755.0, 563.9), (835.0, 525.9), (915.0, 541.2), (983.0, 575.0), (983.0, 614.7), (983.0, 654.4), (1015.0, 659.2), (1015.0, 659.3), (1015.0, 659.0), (1015.0, 659.9), (1015.0, 659.3), (1015.0, 659.0), (1015.0, 659.9), (1015.0, 659.3), (1015.0, 659.0), (1015.0, 659.9), (1015.0, 659.3), (1015.0, 659.0), (1015.0, 659.9), (1015.0, 659.3), (1015.0, 659.0), (1015.0, 659.9), (1015.0, 659.3), (1015.0, 659.0), (1015.0, 659.9), (1015.0, 659.3), (1015.0, 659.0), (1015.0, 659.9), (1015.0, 659.3), (1015.0, 659.0), (1015.0, 659.9), (1015.0, 659.3), (1015.0, 659.0), (1015.0, 659.9), (1015.0, 659.3), (1015.0, 659.0), (1015.0, 659.9), (1015.0, 659.3), (1015.0, 659.0), (1015.0, 659.9)]",0,6.45
speedrunner,meatboy,10,Stuck,5,0,145.39,0.961,"[(73.0, 653.0), (120.3, 655.1), (200.3, 650.4), (280.3, 659.3), (360.3, 659.0), (440.3, 618.1), (520.3, 578.8), (600.3, 558.4), (680.3, 556.8), (760.3, 556.2), (840.3, 526.8), (920.3, 544.4), (983.0, 580.3), (983.0, 620.0), (984.3, 660.0), (1015.0, 659.0), (1015.0, 659.9), (1015.0, 659.3), (1015.0, 659.0), (1015.0, 659.9), (1015.0, 659.3), (1015.0, 659.0), (1015.0, 659.9), (1015.0, 659.3), (1015.0, 659.0), (1015.0, 659.9), (1015.0, 659.3), (1015.0, 659.0), (1015.0, 659.9), (1015.0, 659.3), (1015.0, 659.0), (1015.0, 659.9), (1015.0, 659.3), (1015.0, 659.0), (1015.0, 659.9), (1015.0, 659.3), (1015.0, 659.0), (1015.0, 659.9), (1015.0, 659.3), (1015.0, 659.0), (1015.0, 659.9), (1015.0, 659.3), (1015.0, 659.0), (1015.0, 659.9), (1015.0, 659.3), (1015.0, 659.0), (1015.0, 659.9), (1015.0, 659.3), (1015.0, 659.0)]",0,6.43
speedrunner,meatboy,10,Stuck,2,0,145.7,0.961,"[(73.0, 653.0), (120.3, 655.1), (200.3, 650.4), (280.3, 659.3), (360.3, 659.0), (440.3, 659.9), (520.3, 659.3), (600.3, 659.0), (680.3, 659.9), (760.3, 659.3), (840.3, 659.0), (920.3, 659.9), (1000.3, 659.3), (1015.0, 659.0), (1015.0, 659.9), (1015.0, 659.3), (1015.0, 659.0), (1015.0, 659.9), (1015.0, 659.3), (1015.0, 659.0), (1015.0, 659.9), (1015.0, 659.3), (1015.0, 659.0), (1015.0, 659.9), (1015.0, 659.3), (1015.0, 659.0), (1015.0, 659.9), (1015.0, 659.3), (1015.0, 659.0), (1015.0, 659.9), (1015.0, 659.3), (1015.0, 659.0), (1015.0, 659.9), (1015.0, 659.3), (1015.0, 659.0), (1015.0, 659.9), (1015.0, 659.3), (1015.0, 659.0), (1015.0, 659.9), (1015.0, 659.3), (1015.0, 659.0), (1015.0, 659.9), (1015.0, 659.3), (1015.0, 659.0), (1015.0, 659.9), (1015.0, 659.3), (1015.0, 659.0), (1015.0, 659.9), (1015.0, 659.3)]",0,6.43
speedrunner,meatboy,10,Stuck,2,0,145.7,0.961,"[(73.0, 653.0), (120.3, 655.1), (200.3, 650.4), (280.3, 659.3), (360.3, 659.0), (440.3, 659.9), (520.3, 659.3), (600.3, 659.0), (680.3, 659.9), (760.3, 659.3), (840.3, 659.0), (920.3, 659.9), (1000.3, 659.3), (1015.0, 659.0), (1015.0, 659.9), (1015.0, 659.3), (1015.0, 659.0), (1015.0, 659.9), (1015.0, 659.3), (1015.0, 659.0), (1015.0, 659.9), (1015.0, 659.3), (1015.0, 659.0), (1015.0, 659.9), (1015.0, 659.3), (1015.0, 659.0), (1015.0, 659.9), (1015.0, 659.3), (1015.0, 659.0), (1015.0, 659.9), (1015.0, 659.3), (1015.0, 659.0), (1015.0, 659.9), (1015.0, 659.3), (1015.0, 659.0), (1015.0, 659.9), (1015.0, 659.3), (1015.0, 659.0), (1015.0, 659.9), (1015.0, 659.3), (1015.0, 659.0), (1015.0, 659.9), (1015.0, 659.3), (1015.0, 659.0), (1015.0, 659.9), (1015.0, 659.3), (1015.0, 659.0), (1015.0, 659.9), (1015.0, 659.3)]",0,6.43
speedrunner,meatboy,10,Stuck,11,0,133.69,0.961,"[(73.0, 653.0), (120.3, 655.1), (200.3, 650.4), (280.3, 659.3), (360.3, 659.0), (440.3, 659.9), (520.3, 624.3), (599.0, 582.7), (599.0, 573.3), (596.3, 582.7), (591.0, 611.0), (628.3, 658.1), (708.3, 659.3), (788.3, 659.0), (868.3, 605.6), (948.3, 586.4), (983.0, 591.1), (983.0, 614.7), (983.0, 653.2), (1015.0, 657.4), (1015.0, 659.0), (1015.0, 659.9), (1015.0, 659.3), (1015.0, 659.0), (1015.0, 659.9), (1015.0, 659.3), (1015.0, 659.0), (1015.0, 659.9), (1015.0, 659.3), (1015.0, 659.0), (1015.0, 659.9), (1015.0, 659.3), (1015.0, 659.0), (1015.0, 659.9), (1015.0, 659.3), (1015.0, 659.0), (1015.0, 659.9), (1015.0, 659.3), (1015.0, 659.0), (1015.0, 659.9), (1015.0, 659.3), (1015.0, 659.0), (1015.0, 659.9), (1015.0, 659.3), (1015.0, 659.0), (1015.0, 659.9), (1015.0, 659.3), (1015.0, 659.0), (1015.0, 659.9), (1015.0, 659.3), (1015.0, 659.0), (1015.0, 659.9)]",0,6.92
speedrunner,meatboy,10,Stuck,2,0,145.7,0.961,"[(73.0, 653.0), (120.3, 655.1), (200.3, 650.4), (280.3, 659.3), (360.3, 659.0), (440.3, 659.9), (520.3, 659.3), (600.3, 659.0), (680.3, 659.9), (760.3, 659.3), (840.3, 659.0), (920.3, 659.9), (1000.3, 659.3), (1015.0, 659.0), (1015.0, 659.9), (1015.0, 659.3), (1015.0, 659.0), (1015.0, 659.9), (1015.0, 659.3), (1015.0, 659.0), (1015.0, 659.9), (1015.0, 659.3), (1015.0, 659.0), (1015.0, 659.9), (1015.0, 659.3), (1015.0, 659.0), (1015.0, 659.9), (1015.0, 659.3), (1015.0, 659.0), (1015.0, 659.9), (1015.0, 659.3), (1015.0, 659.0), (1015.0, 659.9), (1015.0, 659.3), (1015.0, 659.0), (1015.0, 659.9), (1015.0, 659.3), (1015.0, 659.0), (1015.0, 659.9), (1015.0, 659.3), (1015.0, 659.0), (1015.0, 659.9), (1015.0, 659.3), (1015.0, 659.0), (1015.0, 659.9), (1015.0, 659.3), (1015.0, 659.0), (1015.0, 659.9), (1015.0, 659.3)]",0,6.43
speedrunner,meatboy,10,Stuck,8,0,87.63,0.567,"[(73.0, 653.0), (120.3, 655.1), (200.3, 650.4), (280.3, 659.3), (360.3, 659.0), (440.3, 659.9), (520.3, 624.3), (589.7, 582.7), (599.0, 566.4), (599.0, 571.1), (579.0, 594.7), (501.7, 637.1), (441.1, 659.3), (480.5, 652.2), (560.5, 601.1), (599.0, 571.1), (599.0, 566.4), (597.7, 580.6), (541.7, 613.6), (461.7, 659.0), (449.8, 659.9), (520.5, 624.3), (589.8, 582.7), (599.0, 566.4), (599.0, 571.1), (579.0, 594.7), (501.7, 637.1), (441.1, 659.3), (480.5, 652.2), (560.5, 601.1), (599.0, 571.1), (599.0, 566.4), (597.7, 580.6), (541.7, 613.6), (461.7, 659.0), (449.8, 659.9), (520.5, 624.3), (589.8, 582.7), (599.0, 566.4), (599.0, 571.1), (579.0, 594.7), (501.7, 637.1), (441.1, 659.3), (480.5, 652.2), (560.5, 601.1)]",0,5.97
speedrunner,meatboy,10,Stuck,4,0,145.39,0.961,"[(73.0, 653.0), (120.3, 655.1), (200.3, 650.4), (280.3, 659.3), (360.3, 659.0), (440.3, 618.1), (520.3, 578.8), (600.3, 558.4), (680.3, 556.8), (760.3, 556.2), (840.3, 526.8), (920.3, 544.4), (983.0, 580.3), (983.0, 620.0), (984.3, 660.0), (1015.0, 659.3), (1015.0, 659.0), (1015.0, 659.9), (1015.0, 659.3), (1015.0, 659.0), (1015.0, 659.9), (1015.0, 659.3), (1015.0, 659.0), (1015.0, 659.9), (1015.0, 659.3), (1015.0, 659.0), (1015.0, 659.9), (1015.0, 659.3), (1015.0, 659.0), (1015.0, 659.9), (1015.0, 659.3), (1015.0, 659.0), (1015.0, 659.9), (1015.0, 659.3), (1015.0, 659.0), (1015.0, 659.9), (1015.0, 659.3), (1015.0, 659.0), (1015.0, 659.9), (1015.0, 659.3), (1015.0, 659.0), (1015.0, 659.9), (1015.0, 659.3), (1015.0, 659.0), (1015.0, 659.9), (1015.0, 659.3), (1015.0, 659.0), (1015.0, 659.9), (1015.0, 659.3)]",0,6.43
speedrunner,meatboy,10,Stuck,4,0,145.39,0.961,"[(73.0, 653.0), (120.3, 655.1), (200.3, 650.4), (280.3, 659.3), (360.3, 659.0), (440.3, 618.1), (520.3, 578.8), (600.3, 558.4), (680.3, 556.8), (760.3, 556.2), (840.3, 526.8), (920.3, 544.4), (983.0, 580.3), (983.0, 620.0), (984.3, 660.0), (1015.0, 659.3), (1015.0, 659.0), (1015.0, 659.9), (1015.0, 659.3), (1015.0, 659.0), (1015.0, 659.9), (1015.0, 659.3), (1015.0, 659.0), (1015.0, 659.9), (1015.0, 659.3), (1015.0, 659.0), (1015.0, 659.9), (1015.0, 659.3), (1015.0, 659.0), (1015.0, 659.9), (1015.0, 659.3), (1015.0, 659.0), (1015.0, 659.9), (1015.0, 659.3), (1015.0, 659.0), (1015.0, 659.9), (1015.0, 659.3), (1015.0, 659.0), (1015.0, 659.9), (1015.0, 659.3), (1015.0, 659.0), (1015.0, 659.9), (1015.0, 659.3), (1015.0, 659.0), (1015.0, 659.9), (1015.0, 659.3), (1015.0, 659.0), (1015.0, 659.9), (1015.0, 659.3)]",0,6.43
speedrunner,meatboy,10,Stuck,5,0,145.39,0.961,"[(73.0, 653.0), (120.3, 655.1), (200.3, 650.4), (280.3, 659.3), (360.3, 659.0), (440.3, 618.1), (520.3, 578.8), (600.3, 558.4), (680.3, 556.8), (760.3, 556.2), (840.3, 526.8), (920.3, 544.4), (983.0, 580.3), (983.0, 620.0), (984.3, 660.0), (1015.0, 659.0), (1015.0, 659.9), (1015.0, 659.3), (1015.0, 659.0), (1015.0, 659.9), (1015.0, 659.3), (1015.0, 659.0), (1015.0, 659.9), (1015.0, 659.3), (1015.0, 659.0), (1015.0, 659.9), (1015.0, 659.3), (1015.0, 659.0), (1015.0, 659.9), (1015.0, 659.3), (1015.0, 659.0), (1015.0, 659.9), (1015.0, 659.3), (1015.0, 659.0), (1015.0, 659.9), (1015.0, 659.3), (1015.0, 659.0), (1015.0, 659.9), (1015.0, 659.3), (1015.0, 659.0), (1015.0, 659.9), (1015.0, 659.3), (1015.0, 659.0), (1015.0, 659.9), (1015.0, 659.3), (1015.0, 659.0), (1015.0, 659.9), (1015.0, 659.3), (1015.0, 659.0)]",0,6.43
speedrunner,meatboy,10,Stuck,5,0,144.19,0.961,"[(73.0, 653.0), (120.3, 655.1), (200.3, 650.4), (280.3, 659.3), (360.3, 659.0), (440.3, 623.4), (520.3, 581.8), (600.3, 559.0), (680.3, 555.1), (755.0, 563.9), (835.0, 525.9), (915.0, 541.2), (983.0, 575.0), (983.0, 614.7), (983.0, 654.4), (1015.0, 659.2), (1015.0, 659.3), (1015.0, 659.0), (1015.0, 659.9), (1015.0, 659.3), (1015.0, 659.0), (1015.0, 659.9), (1015.0, 659.3), (1015.0, 659.0), (1015.0, 659.9), (1015.0, 659.3), (1015.0, 659.0), (1015.0, 659.9), (1015.0, 659.3), (1015.0, 659.0), (1015.0, 659.9), (1015.0, 659.3), (1015.0, 659.0), (1015.0, 659.9), (1015.0, 659.3), (1015.0, 659.0), (1015.0, 659.9), (1015.0, 659.3), (1015.0, 659.0), (1015.0, 659.9), (1015.0, 659.3), (1015.0, 659.0), (1015.0, 659.9), (1015.0, 659.3), (1015.0, 659.0), (1015.0, 659.9), (1015.0, 659.3), (1015.0, 659.0), (1015.0, 659.9)]",0,6.45
speedrunner,meatboy,10,Stuck,5,0,145.27,0.961,"[(73.0, 653.0), (120.3, 655.1), (200.3, 650.4), (280.3, 659.3), (360.3, 659.0), (440.3, 618.1), (520.3, 578.8), (600.3, 558.4), (680.3, 556.8), (753.2, 564.8), (833.2, 525.9), (913.2, 541.2), (955.8, 575.4), (913.2, 628.4), (852.6, 659.3), (892.0, 636.8), (972.0, 590.4), (983.0, 562.9), (983.0, 554.3), (983.0, 564.5), (983.0, 593.5), (983.0, 633.2), (996.3, 659.9), (1015.0, 659.3), (1015.0, 659.0), (1015.0, 659.9), (1015.0, 659.3), (1015.0, 659.0), (1015.0, 659.9), (1015.0, 659.3), (1015.0, 659.0), (1015.0, 659.9), (1015.0, 659.3), (1015.0, 659.0), (1015.0, 659.9), (1015.0, 659.3), (1015.0, 659.0), (1015.0, 659.9), (1015.0, 659.3), (1015.0, 659.0), (1015.0, 659.9), (1015.0, 659.3), (1015.0, 659.0), (1015.0, 659.9), (1015.0, 659.3), (1015.0, 659.0), (1015.0, 659.9), (1015.0, 659.3), (1015.0, 659.0)]",0,6.45
speedrunner,meatboy,10,Saw,4,0,329.86,0.442,"[(73.0, 653.0), (120.3, 655.1), (200.3, 650.4), (280.3, 659.3), (360.3, 659.0), (440.3, 659.9), (520.3, 651.3), (599.0, 600.2), (526.7, 579.9)]",0,1.17
speedrunner,meatboy,10,Stuck,6,0,140.0,0.961,"[(73.0, 653.0), (120.3, 655.1), (200.3, 650.4), (280.3, 659.3), (360.3, 659.0), (440.3, 659.9), (520.3, 659.3), (600.3, 636.8), (680.3, 625.4), (760.3, 647.8), (840.3, 659.9), (920.3, 659.3), (983.0, 605.9), (983.0, 571.3), (983.0, 555.6), (983.0, 558.8), (983.0, 580.7), (983.0, 618.6), (952.0, 630.0), (889.3, 625.3), (908.0, 639.4), (986.0, 659.9), (1015.0, 659.3), (1015.0, 659.0), (1015.0, 659.9), (1015.0, 659.3), (1015.0, 659.0), (1015.0, 659.9), (1015.0, 659.3), (1015.0, 659.0), (1015.0, 659.9), (1015.0, 659.3), (1015.0, 659.0), (1015.0, 659.9), (1015.0, 659.3), (1015.0, 659.0), (1015.0, 659.9), (1015.0, 659.3), (1015.0, 659.0), (1015.0, 659.9), (1015.0, 659.3), (1015.0, 659.0), (1015.0, 659.9), (1015.0, 659.3), (1015.0, 659.0), (1015.0, 659.9), (1015.0, 659.3), (1015.0, 659.0), (1015.0, 659.9), (1015.0, 659.3), (1015.0, 659.0)]",0,6.72
speedrunner,meatboy,10,Stuck,3,0,139.31,0.961,"[(73.0, 653.0), (120.3, 659.3), (200.3, 659.0), (280.3, 659.9), (360.3, 659.3), (440.3, 659.0), (520.3, 659.9), (600.3, 659.3), (680.3, 659.0), (760.3, 659.9), (840.3, 659.3), (920.3, 659.0), (983.0, 618.1), (983.0, 578.8), (983.0, 558.4), (983.0, 556.8), (983.0, 574.1), (983.0, 609.3), (972.7, 634.7), (898.0, 625.3), (895.3, 634.7), (966.0, 659.0), (1015.0, 659.9), (1015.0, 659.3), (1015.0, 659.0), (1015.0, 659.9), (1015.0, 659.3), (1015.0, 659.0), (1015.0, 659.9), (1015.0, 659.3), (1015.0, 659.0), (1015.0, 659.9), (1015.0, 659.3), (1015.0, 659.0), (1015.0, 659.9), (1015.0, 659.3), (1015.0, 659.0), (1015.0, 659.9), (1015.0, 659.3), (1015.0, 659.0), (1015.0, 659.9), (1015.0, 659.3), (1015.0, 659.0), (1015.0, 659.9), (1015.0, 659.3), (1015.0, 659.0), (1015.0, 659.9), (1015.0, 659.3), (1015.0, 659.0), (1015.0, 659.9), (1015.0, 659.3)]",0,6.75
speedrunner,meatboy,10,Stuck,9,0,83.17,0.567,"[(73.0, 653.0), (120.3, 655.1), (200.3, 650.4), (280.3, 659.3), (360.3, 659.0), (440.3, 659.9), (520.3, 624.3), (599.0, 582.7), (599.0, 573.3), (591.0, 582.7), (521.7, 611.0), (469.7, 658.1), (505.9, 637.1), (585.9, 590.7), (599.0, 573.3), (597.7, 578.0), (541.7, 601.6), (475.0, 644.0), (488.7, 651.6), (565.9, 600.5), (599.0, 575.0), (599.0, 575.1), (561.7, 593.9), (485.7, 631.6), (476.8, 659.0), (545.9, 611.5), (599.0, 578.0), (599.0, 573.3), (579.0, 587.4), (501.7, 620.4), (470.3, 659.3), (525.9, 623.7), (599.0, 582.1), (599.0, 572.7), (591.0, 582.1), (521.7, 610.4), (469.7, 657.6), (505.9, 637.1), (585.9, 590.7), (599.0, 573.3), (597.7, 578.0), (541.7, 601.6), (475.0, 644.0), (488.7, 651.6), (565.9, 600.5), (599.0, 575.0)]",0,6.0
speedrunner,meatboy,10,Stuck,7,0,133.38,0.961,"[(73.0, 653.0), (120.3, 655.1), (200.3, 650.4), (280.3, 659.3), (360.3, 659.0), (440.3, 659.9), (520.3, 659.3), (600.3, 636.8), (680.3, 625.4), (760.3, 647.8), (840.3, 659.9), (920.3, 659.3), (983.0, 621.2), (983.0, 614.2), (983.0, 626.0), (952.0, 629.4), (889.3, 624.7), (908.0, 638.9), (986.0, 659.9), (1015.0, 657.4), (1015.0, 659.0), (1015.0, 659.9), (1015.0, 659.3), (1015.0, 659.0), (1015.0, 659.9), (1015.0, 659.3), (1015.0, 659.0), (1015.0, 659.9), (1015.0, 659.3), (1015.0, 659.0), (1015.0, 659.9), (1015.0, 659.3), (1015.0, 659.0), (1015.0, 659.9), (1015.0, 659.3), (1015.0, 659.0), (1015.0, 659.9), (1015.0, 659.3), (1015.0, 659.0), (1015.0, 659.9), (1015.0, 659.3), (1015.0, 659.0), (1015.0, 659.9), (1015.0, 659.3), (1015.0, 659.0), (1015.0, 659.9), (1015.0, 659.3), (1015.0, 659.0), (1015.0, 659.9), (1015.0, 659.3), (1015.0, 659.0), (1015.0, 659.9), (1015.0, 659.3)]",0,7.05
speedrunner,meatboy,10,Saw,3,0,543.33,0.378,"[(73.0, 653.0), (120.3, 655.1), (200.3, 650.4), (280.3, 659.3), (360.3, 605.9)]",0,0.6
speedrunner,meatboy,10,Stuck,5,0,145.27,0.961,"[(73.0, 653.0), (120.3, 655.1), (200.3, 650.4), (280.3, 659.3), (360.3, 659.0), (440.3, 618.1), (520.3, 578.8), (600.3, 558.4), (680.3, 556.8), (753.2, 564.8), (833.2, 525.9), (913.2, 541.2), (955.8, 575.4), (913.2, 628.4), (852.6, 659.3), (892.0, 636.8), (972.0, 590.4), (983.0, 562.9), (983.0, 554.3), (983.0, 564.5), (983.0, 593.5), (983.0, 633.2), (996.3, 659.9), (1015.0, 659.3), (1015.0, 659.0), (1015.0, 659.9), (1015.0, 659.3), (1015.0, 659.0), (1015.0, 659.9), (1015.0, 659.3), (1015.0, 659.0), (1015.0, 659.9), (1015.0, 659.3), (1015.0, 659.0), (1015.0, 659.9), (1015.0, 659.3), (1015.0, 659.0), (1015.0, 659.9), (1015.0, 659.3), (1015.0, 659.0), (1015.0, 659.9), (1015.0, 659.3), (1015.0, 659.0), (1015.0, 659.9), (1015.0, 659.3), (1015.0, 659.0), (1015.0, 659.9), (1015.0, 659.3), (1015.0, 659.0)]",0,6.45
speedrunner,meatboy,10,Stuck,5,0,144.19,0.961,"[(73.0, 653.0), (120.3, 655.1), (200.3, 650.4), (280.3, 659.3), (360.3, 659.0), (440.3, 623.4), (520.3, 581.8), (600.3, 559.0), (680.3, 555.1), (755.0, 563.9), (835.0, 525.9), (915.0, 541.2), (983.0, 575.0), (983.0, 614.7), (983.0, 654.4), (1015.0, 659.2), (1015.0, 659.3), (1015.0, 659.0), (1015.0, 659.9), (1015.0, 659.3), (1015.0, 659.0), (1015.0, 659.9), (1015.0, 659.3), (1015.0, 659.0), (1015.0, 659.9), (1015.0, 659.3), (1015.0, 659.0), (1015.0, 659.9), (1015.0, 659.3), (1015.0, 659.0), (1015.0, 659.9), (1015.0, 659.3), (1015.0, 659.0), (1015.0, 659.9), (1015.0, 659.3), (1015.0, 659.0), (1015.0, 659.9), (1015.0, 659.3), (1015.0, 659.0), (1015.0, 659.9), (1015.0, 659.3), (1015.0, 659.0), (1015.0, 659.9), (1015.0, 659.3), (1015.0, 659.0), (1015.0, 659.9), (1015.0, 659.3), (1015.0, 659.0), (1015.0, 659.9)]",0,6.45
speedrunner,meatboy,10,Stuck,5,0,145.39,0.961,"[(73.0, 653.0), (120.3, 655.1), (200.3, 650.4), (280.3, 659.3), (360.3, 659.0), (440.3, 618.1), (520.3, 578.8), (600.3, 558.4), (680.3, 556.8), (760.3, 556.2), (840.3, 526.8), (920.3, 544.4), (983.0, 580.3), (983.0, 620.0), (984.3, 660.0), (1015.0, 659.0), (1015.0, 659.9), (1015.0, 659.3), (1015.0, 659.0), (1015.0, 659.9), (1015.0, 659.3), (1015.0, 659.0), (1015.0, 659.9), (1015.0, 659.3), (1015.0, 659.0), (1015.0, 659.9), (1015.0, 659.3), (1015.0, 659.0), (1015.0, 659.9), (1015.0, 659.3), (1015.0, 659.0), (1015.0, 659.9), (1015.0, 659.3), (1015.0, 659.0), (1015.0, 659.9), (1015.0, 659.3), (1015.0, 659.0), (1015.0, 659.9), (1015.0, 659.3), (1015.0, 659.0), (1015.0, 659.9), (1015.0, 659.3), (1015.0, 659.0), (1015.0, 659.9), (1015.0, 659.3), (1015.0, 659.0), (1015.0, 659.9), (1015.0, 659.3), (1015.0, 659.0)]",0,6.43
speedrunner,meatboy,10,Stuck,4,0,145.39,0.961,"[(73.0, 653.0), (120.3, 655.1), (200.3, 650.4), (280.3, 659.3), (360.3, 659.0), (440.3, 618.1), (520.3, 578.8), (600.3, 558.4), (680.3, 556.8), (760.3, 556.2), (840.3, 526.8), (920.3, 544.4), (983.0, 580.3), (983.0, 620.0), (984.3, 660.0), (1015.0, 659.3), (1015.0, 659.0), (1015.0, 659.9), (1015.0, 659.3), (1015.0, 659.0), (1015.0, 659.9), (1015.0, 659.3), (1015.0, 659.0), (1015.0, 659.9), (1015.0, 659.3), (1015.0, 659.0), (1015.0, 659.9), (1015.0, 659.3), (1015.0, 659.0), (1015.0, 659.9), (1015.0, 659.3), (1015.0, 659.0), (1015.0, 659.9), (1015.0, 659.3), (1015.0, 659.0), (1015.0, 659.9), (1015.0, 659.3), (1015.0, 659.0), (1015.0, 659.9), (1015.0, 659.3), (1015.0, 659.0), (1015.0, 659.9), (1015.0, 659.3), (1015.0, 659.0), (1015.0, 659.9), (1015.0, 659.3), (1015.0, 659.0), (1015.0, 659.9), (1015.0, 659.3)]",0,6.43
speedrunner,meatboy,10,Stuck,21,0,101.3,0.838,"[(73.0, 653.0), (120.3, 655.1), (200.3, 650.4), (280.3, 659.3), (360.3, 659.0), (440.3, 659.9), (520.3, 637.1), (592.3, 590.7), (597.7, 573.3), (597.7, 578.0), (576.3, 601.6), (531.0, 644.0), (568.3, 650.9), (648.3, 653.3), (728.3, 659.3), (808.3, 659.0), (888.3, 659.9), (967.0, 617.5), (931.3, 587.3), (886.0, 587.3), (878.0, 606.2), (864.7, 643.9), (886.0, 659.9), (964.0, 617.5), (931.3, 587.3), (886.0, 587.3), (878.0, 606.2), (864.7, 643.9), (886.0, 659.9), (964.0, 617.5), (931.3, 587.3), (886.0, 587.3), (878.0, 606.2), (864.7, 643.9), (886.0, 659.9), (964.0, 617.5), (931.3, 587.3), (886.0, 587.3), (878.0, 606.2), (864.7, 643.9), (886.0, 659.9), (964.0, 617.5), (931.3, 587.3), (886.0, 587.3), (878.0, 606.2), (864.7, 643.9), (886.0, 659.9), (964.0, 617.5), (931.3, 587.3), (886.0, 587.3), (878.0, 606.2), (864.7, 643.9), (886.0, 659.9), (964.0, 617.5), (931.3, 587.3), (886.0, 587.3)]",0,7.42
speedrunner,meatboy,10,Stuck,1,0,145.7,0.961,"[(73.0, 653.0), (120.3, 659.3), (200.3, 659.0), (280.3, 659.9), (360.3, 659.3), (440.3, 659.0), (520.3, 659.9), (600.3, 659.3), (680.3, 659.0), (760.3, 659.9), (840.3, 659.3), (920.3, 659.0), (1000.3, 659.9), (1015.0, 659.3), (1015.0, 659.0), (1015.0, 659.9), (1015.0, 659.3), (1015.0, 659.0), (1015.0, 659.9), (1015.0, 659.3), (1015.0, 659.0), (1015.0, 659.9), (1015.0, 659.3), (1015.0, 659.0), (1015.0, 659.9), (1015.0, 659.3), (1015.0, 659.0), (1015.0, 659.9), (1015.0, 659.3), (1015.0, 659.0), (1015.0, 659.9), (1015.0, 659.3), (1015.0, 659.0), (1015.0, 659.9), (1015.0, 659.3), (1015.0, 659.0), (1015.0, 659.9), (1015.0, 659.3), (1015.0, 659.0), (1015.0, 659.9), (1015.0, 659.3), (1015.0, 659.0), (1015.0, 659.9), (1015.0, 659.3), (1015.0, 659.0), (1015.0, 659.9), (1015.0, 659.3), (1015.0, 659.0), (1015.0, 659.9)]",0,6.43
speedrunner,meatboy,10,Stuck,2,0,145.4,0.961,"[(73.0, 653.0), (120.3, 659.3), (200.3, 621.9), (280.3, 637.2), (360.3, 659.9), (440.3, 659.3), (520.3, 659.0), (600.3, 659.9), (680.3, 659.3), (760.3, 659.0), (840.3, 659.9), (920.3, 659.3), (1000.3, 659.0), (1015.0, 659.9), (1015.0, 659.3), (1015.0, 659.0), (1015.0, 659.9), (1015.0, 659.3), (1015.0, 659.0), (1015.0, 659.9), (1015.0, 659.3), (1015.0, 659.0), (1015.0, 659.9), (1015.0, 659.3), (1015.0, 659.0), (1015.0, 659.9), (1015.0, 659.3), (1015.0, 659.0), (1015.0, 659.9), (1015.0, 659.3), (1015.0, 659.0), (1015.0, 659.9), (1015.0, 659.3), (1015.0, 659.0), (1015.0, 659.9), (1015.0, 659.3), (1015.0, 659.0), (1015.0, 659.9), (1015.0, 659.3), (1015.0, 659.0), (1015.0, 659.9), (1015.0, 659.3), (1015.0, 659.0), (1015.0, 659.9), (1015.0, 659.3), (1015.0, 659.0), (1015.0, 659.9), (1015.0, 659.3), (1015.0, 659.0)]",0,6.43
speedrunner,meatboy,10,Saw,6,0,291.85,0.442,"[(73.0, 653.0), (120.3, 655.1), (200.3, 650.4), (280.3, 659.3), (360.3, 659.0), (440.3, 659.9), (520.3, 624.3), (599.0, 590.3), (599.0, 588.0), (557.7, 578.8), (476.7, 576.5)]",0,1.35
speedrunner,meatboy,10,Stuck,4,0,145.39,0.961,"[(73.0, 653.0), (120.3, 655.1), (200.3, 650.4), (280.3, 659.3), (360.3, 659.0), (440.3, 618.1), (520.3, 578.8), (600.3, 558.4), (680.3, 556.8), (760.3, 556.2), (840.3, 526.8), (920.3, 544.4), (983.0, 580.3), (983.0, 620.0), (984.3, 660.0), (1015.0, 659.3), (1015.0, 659.0), (1015.0, 659.9), (1015.0, 659.3), (1015.0, 659.0), (1015.0, 659.9), (1015.0, 659.3), (1015.0, 659.0), (1015.0, 659.9), (1015.0, 659.3), (1015.0, 659.0), (1015.0, 659.9), (1015.0, 659.3), (1015.0, 659.0), (1015.0, 659.9), (1015.0, 659.3), (1015.0, 659.0), (1015.0, 659.9), (1015.0, 659.3), (1015.0, 659.0), (1015.0, 659.9), (1015.0, 659.3), (1015.0, 659.0), (1015.0, 659.9), (1015.0, 659.3), (1015.0, 659.0), (1015.0, 659.9), (1015.0, 659.3), (1015.0, 659.0), (1015.0, 659.9), (1015.0, 659.3), (1015.0, 659.0), (1015.0, 659.9), (1015.0, 659.3)]",0,6.43
speedrunner,meatboy,10,Stuck,7,0,144.51,0.961,"[(73.0, 653.0), (120.3, 659.3), (200.3, 659.0), (280.3, 621.0), (360.3, 631.6), (440.3, 659.0), (520.3, 659.9), (600.3, 659.3), (680.3, 659.0), (760.3, 659.9), (840.3, 659.3), (920.3, 605.9), (983.0, 571.3), (983.0, 555.6), (983.0, 558.8), (983.0, 580.7), (983.0, 618.6), (952.0, 630.0), (889.3, 625.3), (884.0, 639.4), (892.0, 654.9), (962.7, 650.2), (999.7, 659.3), (1015.0, 659.2), (1015.0, 659.3), (1015.0, 659.0), (1015.0, 659.9), (1015.0, 659.3), (1015.0, 659.0), (1015.0, 659.9), (1015.0, 659.3), (1015.0, 659.0), (1015.0, 659.9), (1015.0, 659.3), (1015.0, 659.0), (1015.0, 659.9), (1015.0, 659.3), (1015.0, 659.0), (1015.0, 659.9), (1015.0, 659.3), (1015.0, 659.0), (1015.0, 659.9), (1015.0, 659.3), (1015.0, 659.0), (1015.0, 659.9), (1015.0, 659.3), (1015.0, 659.0), (1015.0, 659.9), (1015.0, 659.3)]",0,6.47
